crl_rank,category,category_rank
1,GEN,
2,GEN,
3,GEN,
4,GEN,
5,GEN,
6,GEN,
7,GEN,
8,GEN,
9,GEN,
10,GEN,
11,GEN,
12,GEN,
13,GEN,
14,GEN,
15,GEN,
16,GEN,
17,GEN,
18,OBC-NCL,1
19,GEN-EWS,1
20,GEN-EWS,2
21,OBC-NCL,2
22,GEN,
23,GEN,
24,OBC-NCL,3
25,GEN,
26,OBC-NCL,4
27,GEN,
28,GEN,
29,GEN,
30,GEN,
31,GEN,
32,GEN,
33,GEN-EWS,3
34,GEN,
35,GEN,
36,GEN,
37,GEN,
38,GEN,
39,GEN,
40,GEN,
41,GEN,
42,GEN,
43,GEN,
44,GEN,
45,GEN,
46,GEN,
47,GEN,
48,GEN,
49,GEN,
50,GEN,
51,GEN-EWS,4
52,GEN,
53,GEN,
54,GEN,
55,ST,1
56,GEN,
57,GEN,
58,GEN,
59,GEN,
60,OBC-NCL,5
61,GEN,
62,GEN,
63,GEN,
64,GEN,
65,GEN,
66,GEN,
67,GEN,
68,SC,1
69,GEN,
70,OBC-NCL,6
71,GEN,
72,OBC-NCL,7
73,GEN,
74,GEN,
75,GEN,
76,GEN,
77,GEN,
78,OBC-NCL,8
79,GEN,
80,OBC-NCL,9
81,GEN,
82,GEN-EWS,5
83,OBC-NCL,10
84,GEN,
85,GEN-EWS,6
86,GEN,
87,GEN,
88,GEN,
89,GEN,
90,GEN,
91,GEN,
92,GEN,
93,GEN,
94,GEN,
95,GEN,
96,GEN,
97,GEN,
98,GEN-EWS,7
99,GEN,
100,GEN,
101,GEN,
102,GEN,
103,GEN,
104,GEN,
105,GEN,
106,GEN,
107,GEN,
108,OBC-NCL,11
109,OBC-NCL,12
110,GEN,
111,GEN,
112,GEN,
113,GEN-EWS,8
114,OBC-NCL,13
115,OBC-NCL,14
116,OBC-NCL,15
117,OBC-NCL,16
118,OBC-NCL,17
119,GEN,
120,GEN,
121,GEN,
122,GEN,
123,GEN,
124,GEN,
125,GEN,
126,GEN,
127,GEN,
128,GEN-EWS,9
129,GEN,
130,GEN-EWS,10
131,GEN,
132,OBC-NCL,18
133,GEN-EWS,11
134,GEN,
135,GEN,
136,GEN,
137,GEN,
138,GEN,
139,OBC-NCL,19
140,GEN,
141,GEN,
142,GEN,
143,GEN,
144,GEN,
145,OBC-NCL,20
146,OBC-NCL,21
147,GEN,
148,GEN,
149,GEN,
150,GEN,
151,OBC-NCL,22
152,GEN,
153,GEN,
154,GEN,
155,GEN,
156,GEN,
157,GEN,
158,GEN,
159,GEN,
160,GEN,
161,GEN,
162,OBC-NCL,23
163,GEN,
164,GEN,
165,GEN-EWS,12
166,GEN,
167,GEN,
168,GEN,
169,OBC-NCL,24
170,GEN,
171,GEN,
172,GEN-EWS,13
173,GEN,
174,OBC-NCL,25
175,GEN,
176,GEN,
177,GEN,
178,OBC-NCL,26
179,GEN,
180,GEN,
181,GEN,
182,GEN,
183,GEN,
184,GEN,
185,GEN,
186,GEN,
187,GEN,
188,GEN,
189,GEN,
190,OBC-NCL,27
191,GEN,
192,GEN,
193,GEN,
194,GEN,
195,OBC-NCL,28
196,GEN,
197,GEN,
198,GEN,
199,OBC-NCL,29
200,GEN,
201,GEN,
202,GEN,
203,GEN,
204,GEN,
205,GEN,
206,GEN,
207,GEN,
208,GEN,
209,GEN,
210,GEN,
211,GEN,
212,GEN,
213,GEN,
214,GEN,
215,GEN,
216,OBC-NCL,30
217,GEN,
218,GEN,
219,GEN,
220,GEN-EWS,14
221,GEN,
222,OBC-NCL,31
223,OBC-NCL,32
224,GEN,
225,OBC-NCL,33
226,GEN,
227,GEN,
228,GEN,
229,GEN,
230,GEN,
231,GEN-EWS,15
232,GEN,
233,OBC-NCL,34
234,GEN,
235,GEN,
236,GEN,
237,GEN,
238,GEN,
239,GEN,
240,GEN,
241,GEN,
242,GEN,
243,GEN,
244,GEN,
245,GEN,
246,GEN,
247,GEN,
248,GEN,
249,GEN,
250,GEN,
251,OBC-NCL,35
252,GEN,
253,GEN,
254,GEN,
255,GEN,
256,GEN,
257,GEN-EWS,16
258,GEN,
259,GEN,
260,GEN,
261,GEN,
262,GEN,
263,GEN,
264,GEN,
265,GEN,
266,GEN,
267,OBC-NCL,36
268,GEN-EWS,17
269,OBC-NCL,37
270,GEN,
271,GEN,
272,GEN,
273,GEN,
274,OBC-NCL,38
275,GEN,
276,GEN,
277,GEN,
278,OBC-NCL,39
279,GEN,
280,GEN,
281,GEN,
282,GEN,
283,GEN,
284,OBC-NCL,40
285,GEN,
286,OBC-NCL,41
287,GEN,
288,GEN,
289,GEN,
290,OBC-NCL,42
291,GEN,
292,GEN,
293,GEN,
294,OBC-NCL,43
295,GEN,
296,GEN,
297,GEN,
298,GEN,
299,GEN,
300,GEN,
301,GEN,
302,GEN,
303,GEN,
304,OBC-NCL,44
305,GEN,
306,GEN,
307,GEN,
308,GEN-EWS,18
309,GEN,
310,GEN,
311,SC,2
312,GEN,
313,GEN,
314,OBC-NCL,45
315,GEN,
316,GEN,
317,GEN,
318,GEN,
319,GEN,
320,OBC-NCL,46
321,GEN,
322,OBC-NCL,47
323,GEN,
324,GEN,
325,GEN,
326,GEN,
327,GEN,
328,GEN-EWS,19
329,OBC-NCL,48
330,ST,2
331,OBC-NCL,49
332,GEN,
333,GEN,
334,OBC-NCL,50
335,GEN,
336,GEN,
337,GEN,
338,GEN,
339,GEN,
340,GEN,
341,GEN,
342,GEN,
343,GEN,
344,GEN,
345,GEN,
346,GEN,
347,GEN,
348,GEN,
349,GEN,
350,GEN,
351,GEN,
352,GEN-EWS,20
353,GEN,
354,GEN,
355,GEN,
356,GEN,
357,GEN,
358,GEN,
359,OBC-NCL,51
360,GEN,
361,GEN,
362,SC,3
363,GEN,
364,GEN,
365,GEN,
366,GEN,
367,GEN,
368,GEN,
369,GEN,
370,GEN,
371,GEN,
372,GEN,
373,GEN,
374,GEN,
375,GEN,
376,GEN,
377,GEN,
378,GEN,
379,GEN,
380,OBC-NCL,52
381,GEN,
382,GEN,
383,OBC-NCL,53
384,GEN,
385,GEN,
386,GEN-EWS,21
387,OBC-NCL,54
388,GEN,
389,GEN,
390,GEN,
391,GEN,
392,GEN-EWS,22
393,GEN,
394,GEN,
395,GEN,
396,GEN-EWS,23
397,GEN,
398,GEN,
399,GEN,
400,GEN-EWS,24
401,GEN,
402,GEN,
403,GEN,
404,GEN,
405,OBC-NCL,55
406,GEN,
407,GEN,
408,GEN,
409,GEN,
410,OBC-NCL,56
411,GEN,
412,GEN,
413,GEN,
414,SC,4
415,GEN-EWS,25
416,GEN,
417,GEN,
418,GEN,
419,GEN,
420,GEN,
421,GEN,
422,GEN,
423,GEN,
424,GEN,
425,GEN,
426,GEN,
427,GEN,
428,GEN,
429,OBC-NCL,57
430,GEN,
431,GEN,
432,GEN,
433,GEN,
434,GEN,
435,OBC-NCL,58
436,GEN,
437,OBC-NCL,59
438,GEN-EWS,26
439,GEN,
440,GEN,
441,GEN,
442,GEN,
443,OBC-NCL,60
444,GEN-EWS,27
445,GEN,
446,GEN-EWS,28
447,GEN-EWS,29
448,GEN,
449,GEN,
450,GEN,
451,GEN,
452,GEN,
453,GEN,
454,GEN,
455,GEN,
456,GEN,
457,GEN,
458,GEN,
459,GEN,
460,GEN,
461,GEN,
462,GEN,
463,GEN-EWS,30
464,GEN,
465,GEN,
466,GEN,
467,GEN,
468,OBC-NCL,61
469,GEN,
470,GEN,
471,OBC-NCL,62
472,GEN,
473,OBC-NCL,63
474,GEN-EWS,31
475,GEN,
476,GEN,
477,GEN,
478,GEN,
479,OBC-NCL,64
480,GEN,
481,OBC-NCL,65
482,GEN,
483,GEN,
484,GEN,
485,GEN,
486,GEN,
487,GEN,
488,GEN,
489,SC,5
490,GEN,
491,GEN,
492,GEN-EWS,32
493,OBC-NCL,66
494,GEN,
495,GEN,
496,GEN,
497,GEN,
498,GEN,
499,GEN,
500,GEN,
501,OBC-NCL,67
502,GEN,
503,GEN,
504,GEN,
505,GEN,
506,GEN,
507,GEN,
508,GEN,
509,GEN,
510,GEN,
511,GEN,
512,GEN,
513,GEN,
514,OBC-NCL,68
515,GEN,
516,OBC-NCL,69
517,OBC-NCL,70
518,GEN,
519,GEN,
520,GEN,
521,OBC-NCL,71
522,GEN,
523,GEN,
524,GEN,
525,GEN,
526,OBC-NCL,72
527,GEN,
528,GEN,
529,GEN,
530,GEN,
531,GEN,
532,OBC-NCL,73
533,GEN,
534,GEN,
535,GEN,
536,GEN,
537,GEN-EWS,33
538,OBC-NCL,74
539,GEN,
540,GEN-EWS,34
541,GEN,
542,OBC-NCL,75
543,OBC-NCL,76
544,GEN-EWS,35
545,GEN,
546,GEN,
547,OBC-NCL,77
548,GEN,
549,GEN,
550,OBC-NCL,78
551,OBC-NCL,79
552,GEN,
553,GEN,
554,OBC-NCL,80
555,GEN,
556,GEN,
557,GEN,
558,OBC-NCL,81
559,OBC-NCL,82
560,GEN,
561,GEN,
562,GEN,
563,GEN,
564,GEN,
565,GEN-EWS,36
566,GEN,
567,GEN,
568,OBC-NCL,83
569,GEN,
570,OBC-NCL,84
571,OBC-NCL,85
572,GEN,
573,GEN,
574,GEN,
575,GEN,
576,OBC-NCL,86
577,GEN,
578,GEN,
579,OBC-NCL,87
580,GEN,
581,GEN,
582,GEN,
583,GEN,
584,GEN,
585,GEN,
586,OBC-NCL,88
587,GEN,
588,GEN,
589,GEN,
590,GEN-EWS,37
591,GEN,
592,GEN,
593,GEN,
594,OBC-NCL,89
595,GEN,
596,GEN,
597,GEN,
598,GEN,
599,GEN,
600,GEN-EWS,38
601,GEN-EWS,39
602,GEN,
603,OBC-NCL,90
604,OBC-NCL,91
605,GEN,
606,GEN,
607,GEN,
608,OBC-NCL,92
609,GEN,
610,GEN,
611,GEN,
612,GEN,
613,GEN,
614,GEN,
615,OBC-NCL,93
616,GEN,
617,OBC-NCL,94
618,GEN-EWS,40
619,GEN,
620,OBC-NCL,95
621,GEN,
622,GEN-EWS,41
623,OBC-NCL,96
624,GEN,
625,GEN,
626,GEN,
627,OBC-NCL,97
628,GEN,
629,GEN,
630,GEN,
631,GEN-EWS,42
632,GEN,
633,OBC-NCL,98
634,GEN,
635,OBC-NCL,99
636,GEN,
637,GEN,
638,GEN,
639,GEN,
640,GEN,
641,GEN-EWS,43
642,GEN,
643,OBC-NCL,100
644,GEN,
645,OBC-NCL,101
646,GEN,
647,OBC-NCL,102
648,GEN,
649,GEN,
650,GEN,
651,GEN,
652,GEN,
653,GEN,
654,GEN,
655,SC,6
656,GEN,
657,GEN,
658,GEN,
659,GEN,
660,GEN-EWS,44
661,GEN,
662,GEN,
663,GEN,
664,GEN,
665,GEN-EWS,45
666,GEN,
667,GEN,
668,GEN,
669,GEN,
670,GEN,
671,GEN,
672,OBC-NCL,103
673,GEN,
674,OBC-NCL,104
675,GEN,
676,OBC-NCL,105
677,GEN,
678,OBC-NCL,106
679,GEN,
680,OBC-NCL,107
681,OBC-NCL,108
682,GEN,
683,GEN,
684,GEN,
685,GEN,
686,GEN-EWS,46
687,GEN-EWS,47
688,GEN,
689,GEN,
690,GEN,
691,GEN,
692,OBC-NCL,109
693,GEN-EWS,48
694,GEN,
695,GEN,
696,GEN,
697,GEN,
698,GEN,
699,GEN,
700,OBC-NCL,110
701,OBC-NCL,111
702,GEN,
703,GEN,
704,GEN,
705,GEN-EWS,49
706,OBC-NCL,112
707,GEN,
708,GEN,
709,GEN,
710,GEN,
711,GEN-EWS,50
712,GEN,
713,GEN-EWS,51
714,GEN,
715,GEN,
716,GEN-EWS,52
717,OBC-NCL,113
718,GEN,
719,GEN,
720,GEN,
721,GEN-EWS,53
722,GEN,
723,SC,7
724,GEN,
725,GEN,
726,GEN,
727,OBC-NCL,114
728,SC,8
729,GEN,
730,SC,9
731,GEN,
732,GEN,
733,GEN,
734,GEN,
735,GEN,
736,GEN,
737,GEN,
738,GEN,
739,GEN,
740,GEN,
741,GEN,
742,OBC-NCL,115
743,GEN,
744,GEN-EWS,54
745,GEN,
746,GEN,
747,GEN,
748,GEN,
749,GEN,
750,OBC-NCL,116
751,GEN,
752,GEN,
753,GEN,
754,GEN,
755,GEN,
756,GEN,
757,GEN-EWS,55
758,GEN,
759,GEN-EWS,56
760,OBC-NCL,117
761,GEN,
762,GEN,
763,OBC-NCL,118
764,GEN,
765,GEN,
766,GEN,
767,GEN,
768,OBC-NCL,119
769,GEN,
770,GEN,
771,GEN,
772,GEN,
773,GEN,
774,GEN,
775,GEN,
776,GEN,
777,GEN,
778,GEN,
779,GEN,
780,GEN,
781,GEN,
782,GEN,
783,GEN,
784,OBC-NCL,120
785,GEN,
786,GEN,
787,GEN,
788,GEN,
789,SC,10
790,GEN,
791,GEN,
792,GEN,
793,GEN,
794,GEN-EWS,57
795,OBC-NCL,121
796,GEN,
797,OBC-NCL,122
798,GEN,
799,OBC-NCL,123
800,GEN,
801,GEN,
802,GEN,
803,GEN,
804,GEN,
805,GEN,
806,GEN,
807,OBC-NCL,124
808,GEN,
809,GEN,
810,GEN,
811,OBC-NCL,125
812,GEN,
813,GEN,
814,GEN,
815,GEN,
816,OBC-NCL,126
817,GEN,
818,GEN-EWS,58
819,GEN,
820,OBC-NCL,127
821,GEN,
822,GEN,
823,GEN,
824,OBC-NCL,128
825,GEN,
826,GEN,
827,GEN,
828,GEN,
829,GEN,
830,OBC-NCL,129
831,GEN,
832,GEN,
833,GEN,
834,OBC-NCL,130
835,GEN,
836,GEN,
837,GEN,
838,GEN-EWS,59
839,GEN,
840,GEN-EWS,60
841,GEN,
842,GEN,
843,OBC-NCL,131
844,OBC-NCL,132
845,GEN,
846,OBC-NCL,133
847,GEN-EWS,61
848,GEN,
849,GEN,
850,OBC-NCL,134
851,GEN,
852,GEN,
853,GEN,
854,OBC-NCL,135
855,GEN-EWS,62
856,GEN,
857,GEN,
858,GEN,
859,GEN-EWS,63
860,GEN,
861,GEN,
862,GEN,
863,OBC-NCL,136
864,GEN,
865,GEN,
866,GEN,
867,GEN,
868,GEN,
869,GEN,
870,GEN,
871,GEN-EWS,64
872,GEN,
873,GEN,
874,OBC-NCL,137
875,GEN,
876,GEN,
877,OBC-NCL,138
878,GEN,
879,GEN,
880,GEN,
881,GEN,
882,OBC-NCL,139
883,OBC-NCL,140
884,GEN,
885,GEN,
886,OBC-NCL,141
887,GEN,
888,OBC-NCL,142
889,OBC-NCL,143
890,GEN,
891,GEN,
892,GEN,
893,GEN-EWS,65
894,OBC-NCL,144
895,GEN,
896,GEN,
897,GEN,
898,GEN,
899,GEN,
900,SC,11
901,OBC-NCL,145
902,GEN,
903,GEN-EWS,66
904,GEN,
905,GEN,
906,GEN-EWS,67
907,GEN,
908,GEN,
909,GEN,
910,GEN,
911,GEN-EWS,68
912,GEN,
913,OBC-NCL,146
914,GEN,
915,OBC-NCL,147
916,GEN,
917,GEN,
918,GEN,
919,GEN,
920,GEN,
921,GEN,
922,GEN-EWS,69
923,GEN,
924,GEN,
925,OBC-NCL,148
926,GEN,
927,GEN,
928,GEN,
929,GEN,
930,OBC-NCL,149
931,GEN,
932,GEN,
933,OBC-NCL,150
934,SC,12
935,GEN,
936,OBC-NCL,151
937,GEN,
938,OBC-NCL,152
939,OBC-NCL,153
940,GEN,
941,GEN,
942,GEN,
943,GEN,
944,GEN,
945,GEN,
946,OBC-NCL,154
947,OBC-NCL,155
948,GEN,
949,GEN,
950,GEN,
951,GEN,
952,GEN,
953,GEN,
954,GEN,
955,GEN,
956,GEN,
957,GEN,
958,GEN,
959,GEN,
960,GEN,
961,SC,13
962,GEN,
963,OBC-NCL,156
964,GEN,
965,GEN,
966,GEN,
967,GEN,
968,GEN-EWS,70
969,GEN,
970,GEN-EWS,71
971,OBC-NCL,157
972,GEN,
973,GEN,
974,GEN,
975,GEN,
976,SC,14
977,GEN,
978,GEN,
979,OBC-NCL,158
980,ST,3
981,GEN,
982,GEN,
983,OBC-NCL,159
984,GEN-EWS,72
985,GEN,
986,GEN,
987,OBC-NCL,160
988,OBC-NCL,161
989,GEN,
990,ST,4
991,GEN,
992,GEN,
993,GEN,
994,GEN,
995,OBC-NCL,162
996,GEN,
997,GEN,
998,OBC-NCL,163
999,GEN,
1000,GEN,
1001,GEN,
1002,GEN,
1003,GEN,
1004,GEN,
1005,GEN,
1006,GEN,
1007,SC,15
1008,OBC-NCL,164
1009,OBC-NCL,165
1010,OBC-NCL,166
1011,OBC-NCL,167
1012,GEN,
1013,GEN,
1014,OBC-NCL,168
1015,GEN,
1016,GEN,
1017,GEN,
1018,GEN,
1019,GEN,
1020,OBC-NCL,169
1021,GEN,
1022,GEN,
1023,GEN,
1024,GEN,
1025,GEN,
1026,GEN,
1027,GEN,
1028,GEN-EWS,73
1029,GEN,
1030,GEN,
1031,OBC-NCL,170
1032,GEN,
1033,GEN,
1034,GEN,
1035,GEN,
1036,GEN,
1037,GEN,
1038,GEN,
1039,OBC-NCL,171
1040,GEN,
1041,GEN,
1042,GEN,
1043,GEN-EWS,74
1044,GEN,
1045,OBC-NCL,172
1046,GEN,
1047,GEN,
1048,GEN,
1049,GEN,
1050,GEN,
1051,GEN,
1052,GEN,
1053,GEN-EWS,75
1054,GEN,
1055,GEN,
1056,GEN,
1057,GEN,
1058,OBC-NCL,173
1059,OBC-NCL,174
1060,GEN,
1061,GEN,
1062,GEN-EWS,76
1063,GEN,
1064,OBC-NCL,175
1065,GEN,
1066,GEN,
1067,GEN,
1068,GEN-EWS,77
1069,GEN,
1070,GEN,
1071,OBC-NCL,176
1072,GEN,
1073,GEN,
1074,GEN,
1075,GEN,
1076,GEN,
1077,GEN,
1078,GEN,
1079,GEN,
1080,OBC-NCL,177
1081,OBC-NCL,178
1082,GEN,
1083,GEN,
1084,GEN,
1085,GEN,
1086,GEN,
1087,GEN,
1088,GEN,
1089,GEN,
1090,GEN,
1091,GEN,
1092,GEN,
1093,OBC-NCL,179
1094,GEN-EWS,78
1095,OBC-NCL,180
1096,OBC-NCL,181
1097,GEN,
1098,GEN,
1099,GEN,
1100,OBC-NCL,182
1101,GEN,
1102,OBC-NCL,183
1103,GEN,
1104,GEN-EWS,79
1105,GEN,
1106,GEN,
1107,GEN,
1108,GEN-EWS,80
1109,GEN,
1110,GEN,
1111,GEN,
1112,GEN,
1113,GEN,
1114,GEN,
1115,OBC-NCL,184
1116,GEN,
1117,GEN,
1118,GEN,
1119,GEN,
1120,GEN-EWS,81
1121,GEN,
1122,OBC-NCL,185
1123,GEN,
1124,GEN,
1125,OBC-NCL,186
1126,GEN-EWS,82
1127,GEN,
1128,OBC-NCL,187
1129,GEN,
1130,GEN,
1131,GEN-EWS,83
1132,GEN,
1133,GEN,
1134,GEN,
1135,OBC-NCL,188
1136,GEN,
1137,GEN,
1138,GEN,
1139,GEN,
1140,GEN,
1141,GEN,
1142,GEN-EWS,84
1143,GEN,
1144,GEN,
1145,GEN,
1146,GEN,
1147,GEN,
1148,OBC-NCL,189
1149,GEN,
1150,GEN,
1151,GEN,
1152,OBC-NCL,190
1153,GEN,
1154,GEN,
1155,OBC-NCL,191
1156,GEN,
1157,GEN,
1158,GEN,
1159,GEN,
1160,OBC-NCL,192
1161,GEN,
1162,GEN-EWS,85
1163,GEN,
1164,GEN,
1165,OBC-NCL,193
1166,GEN,
1167,GEN,
1168,OBC-NCL,194
1169,GEN-EWS,86
1170,OBC-NCL,195
1171,GEN,
1172,GEN,
1173,GEN,
1174,GEN,
1175,GEN,
1176,GEN,
1177,GEN,
1178,GEN,
1179,GEN,
1180,GEN,
1181,OBC-NCL,196
1182,GEN,
1183,SC,16
1184,GEN,
1185,GEN,
1186,GEN,
1187,OBC-NCL,197
1188,OBC-NCL,198
1189,OBC-NCL,199
1190,GEN,
1191,OBC-NCL,200
1192,GEN,
1193,GEN,
1194,GEN-EWS,87
1195,GEN,
1196,GEN,
1197,OBC-NCL,201
1198,GEN-EWS,88
1199,GEN,
1200,GEN-EWS,89
1201,OBC-NCL,202
1202,GEN,
1203,GEN,
1204,OBC-NCL,203
1205,GEN,
1206,GEN,
1207,GEN-EWS,90
1208,OBC-NCL,204
1209,GEN,
1210,GEN,
1211,GEN,
1212,OBC-NCL,205
1213,GEN,
1214,OBC-NCL,206
1215,GEN,
1216,GEN,
1217,GEN,
1218,GEN,
1219,GEN,
1220,GEN,
1221,GEN-EWS,91
1222,GEN,
1223,GEN,
1224,GEN,
1225,GEN,
1226,GEN,
1227,GEN-EWS,92
1228,GEN,
1229,GEN,
1230,OBC-NCL,207
1231,GEN,
1232,OBC-NCL,208
1233,GEN,
1234,GEN,
1235,GEN,
1236,OBC-NCL,209
1237,OBC-NCL,210
1238,SC,17
1239,GEN,
1240,GEN,
1241,GEN-EWS,93
1242,GEN,
1243,GEN-EWS,94
1244,GEN,
1245,GEN,
1246,GEN,
1247,GEN,
1248,GEN,
1249,GEN,
1250,GEN,
1251,GEN,
1252,GEN-EWS,95
1253,OBC-NCL,211
1254,GEN,
1255,GEN,
1256,GEN,
1257,GEN,
1258,GEN,
1259,GEN,
1260,GEN,
1261,GEN,
1262,GEN,
1263,GEN,
1264,GEN,
1265,GEN,
1266,GEN,
1267,OBC-NCL,212
1268,GEN,
1269,GEN-EWS,96
1270,GEN,
1271,GEN,
1272,GEN,
1273,GEN,
1274,OBC-NCL,213
1275,GEN-EWS,97
1276,GEN,
1277,SC,18
1278,GEN-EWS,98
1279,GEN,
1280,GEN,
1281,OBC-NCL,214
1282,GEN,
1283,SC,19
1284,GEN,
1285,GEN,
1286,GEN,
1287,GEN-EWS,99
1288,GEN,
1289,GEN,
1290,GEN,
1291,GEN,
1292,GEN,
1293,GEN-EWS,100
1294,GEN,
1295,GEN-EWS,101
1296,GEN,
1297,OBC-NCL,215
1298,GEN,
1299,GEN,
1300,GEN,
1301,OBC-NCL,216
1302,GEN,
1303,SC,20
1304,GEN,
1305,GEN,
1306,GEN,
1307,GEN,
1308,GEN,
1309,GEN,
1310,GEN,
1311,GEN,
1312,OBC-NCL,217
1313,GEN,
1314,SC,21
1315,GEN-EWS,102
1316,GEN,
1317,GEN,
1318,GEN,
1319,GEN,
1320,GEN,
1320,OBC-NCL,218
1322,GEN,
1323,GEN-EWS,103
1324,OBC-NCL,219
1325,GEN-EWS,104
1326,GEN,
1327,GEN,
1328,SC,22
1329,GEN-EWS,105
1330,GEN,
1331,GEN,
1332,GEN,
1333,GEN-EWS,106
1334,GEN,
1335,GEN,
1336,GEN,
1337,GEN,
1338,GEN,
1339,GEN,
1340,OBC-NCL,220
1341,GEN,
1342,OBC-NCL,221
1343,GEN,
1344,OBC-NCL,222
1345,GEN,
1346,GEN,
1347,GEN,
1348,GEN,
1349,GEN,
1350,GEN,
1351,GEN,
1352,GEN,
1353,ST,5
1354,GEN-EWS,107
1355,OBC-NCL,223
1356,GEN,
1357,GEN-EWS,108
1358,GEN,
1359,GEN,
1360,GEN,
1361,GEN-EWS,109
1362,GEN,
1363,GEN,
1364,GEN,
1365,GEN-EWS,110
1366,GEN,
1367,GEN,
1368,GEN,
1369,OBC-NCL,224
1370,GEN,
1371,GEN,
1372,GEN,
1373,GEN-EWS,111
1374,GEN,
1375,GEN,
1376,GEN,
1377,GEN,
1378,SC,23
1379,GEN,
1380,GEN,
1381,GEN,
1382,GEN-EWS,112
1383,GEN-EWS,113
1384,GEN,
1385,OBC-NCL,225
1386,GEN,
1387,GEN-EWS,114
1388,GEN,
1389,GEN,
1390,OBC-NCL,226
1391,OBC-NCL,227
1392,GEN-EWS,115
1393,GEN,
1394,OBC-NCL,228
1395,GEN-EWS,116
1396,GEN,
1397,SC,24
1398,GEN,
1399,GEN,
1400,GEN,
1401,OBC-NCL,229
1402,GEN,
1403,GEN,
1404,GEN,
1405,OBC-NCL,230
1406,GEN-EWS,117
1407,GEN,
1408,GEN,
1409,GEN,
1410,GEN,
1411,GEN,
1412,GEN,
1413,GEN,
1414,GEN,
1415,OBC-NCL,231
1416,GEN,
1417,GEN-EWS,118
1418,GEN,
1419,OBC-NCL,232
1420,GEN-EWS,119
1421,GEN,
1422,OBC-NCL,233
1423,OBC-NCL,234
1424,GEN,
1425,GEN,
1426,GEN,
1427,GEN,
1428,GEN,
1429,OBC-NCL,235
1430,GEN,
1431,GEN,
1432,GEN-EWS,120
1433,OBC-NCL,236
1434,GEN,
1435,SC,25
1436,OBC-NCL,237
1437,GEN-EWS,121
1438,GEN,
1439,GEN-EWS,122
1440,GEN,
1441,GEN,
1442,OBC-NCL,238
1443,GEN-EWS,123
1444,OBC-NCL,239
1445,GEN-EWS,124
1446,GEN,
1447,GEN,
1448,GEN-EWS,125
1449,OBC-NCL,240
1450,GEN,
1451,OBC-NCL,241
1452,OBC-NCL,242
1453,GEN,
1454,GEN,
1455,GEN,
1456,GEN,
1457,GEN,
1458,GEN,
1459,OBC-NCL,243
1460,GEN,
1461,GEN,
1462,GEN,
1463,GEN,
1464,GEN,
1465,OBC-NCL,244
1466,GEN,
1467,GEN,
1468,OBC-NCL,245
1469,GEN,
1470,GEN,
1471,GEN,
1472,GEN,
1473,OBC-NCL,246
1474,GEN-EWS,126
1475,GEN-EWS,127
1476,GEN-EWS,128
1477,GEN,
1478,GEN,
1479,GEN,
1480,GEN,
1481,GEN,
1482,GEN,
1483,GEN,
1484,GEN,
1485,GEN,
1486,GEN,
1487,GEN,
1488,GEN-EWS,129
1489,GEN,
1490,GEN,
1491,GEN-EWS,130
1492,GEN,
1493,GEN,
1494,GEN,
1495,OBC-NCL,247
1496,GEN-EWS,131
1497,GEN,
1498,GEN,
1499,GEN,
1500,GEN,
1501,OBC-NCL,248
1502,GEN,
1503,GEN-EWS,132
1504,GEN,
1505,GEN,
1506,GEN,
1507,OBC-NCL,249
1508,GEN,
1509,OBC-NCL,250
1510,GEN,
1511,GEN,
1512,GEN,
1513,GEN,
1514,GEN,
1515,GEN,
1516,GEN,
1517,GEN,
1518,GEN-EWS,133
1519,OBC-NCL,251
1520,GEN,
1521,GEN,
1522,GEN,
1523,OBC-NCL,252
1524,GEN,
1525,OBC-NCL,253
1526,OBC-NCL,254
1527,GEN,
1528,GEN-EWS,134
1529,GEN,
1530,OBC-NCL,255
1531,GEN,
1532,OBC-NCL,256
1533,GEN-EWS,135
1534,GEN,
1535,GEN,
1536,GEN,
1537,GEN,
1538,GEN,
1539,GEN,
1540,GEN,
1541,GEN,
1541,GEN-EWS,136
1543,GEN,
1544,GEN,
1545,GEN,
1546,GEN,
1547,GEN,
1548,GEN,
1549,GEN,
1550,OBC-NCL,257
1551,GEN,
1552,OBC-NCL,258
1553,GEN,
1554,OBC-NCL,259
1555,GEN,
1556,GEN,
1557,GEN,
1558,GEN,
1559,OBC-NCL,260
1560,GEN,
1561,GEN,
1562,GEN,
1563,OBC-NCL,261
1564,GEN,
1565,OBC-NCL,262
1566,GEN,
1567,OBC-NCL,263
1568,GEN,
1569,GEN,
1570,GEN,
1571,GEN,
1572,GEN,
1573,GEN,
1574,GEN,
1575,OBC-NCL,264
1576,GEN,
1577,GEN,
1578,GEN,
1579,GEN,
1580,GEN,
1581,GEN,
1582,GEN,
1583,OBC-NCL,265
1584,OBC-NCL,266
1585,GEN,
1586,GEN,
1587,GEN,
1588,OBC-NCL,267
1589,GEN,
1590,GEN,
1591,OBC-NCL,268
1592,OBC-NCL,269
1593,GEN,
1594,GEN,
1595,GEN,
1596,OBC-NCL,270
1597,OBC-NCL,271
1598,GEN,
1599,GEN,
1600,GEN,
1601,OBC-NCL,272
1602,GEN,
1603,GEN,
1604,OBC-NCL,273
1605,GEN-EWS,137
1606,OBC-NCL,274
1607,OBC-NCL,275
1608,GEN,
1609,GEN,
1610,GEN,
1611,GEN-EWS,138
1612,GEN,
1613,OBC-NCL,276
1614,GEN,
1615,GEN,
1616,GEN,
1617,GEN,
1618,OBC-NCL,277
1619,OBC-NCL,278
1620,GEN,
1621,OBC-NCL,279
1622,GEN-EWS,139
1623,GEN,
1624,GEN-EWS,140
1625,GEN,
1626,OBC-NCL,280
1627,GEN,
1628,GEN,
1629,GEN,
1630,OBC-NCL,281
1631,GEN,
1632,OBC-NCL,282
1633,OBC-NCL,283
1634,GEN-EWS,141
1635,GEN,
1636,GEN,
1637,OBC-NCL,284
1638,GEN,
1639,GEN,
1640,OBC-NCL,285
1641,GEN-EWS,142
1642,GEN,
1643,GEN-EWS,143
1644,GEN,
1645,GEN,
1646,GEN-EWS,144
1647,GEN,
1648,GEN,
1649,GEN,
1650,OBC-NCL,286
1651,GEN,
1652,OBC-NCL,287
1653,GEN,
1654,GEN,
1655,GEN-EWS,145
1656,GEN,
1657,GEN,
1658,GEN,
1659,OBC-NCL,288
1660,GEN,
1661,GEN,
1662,GEN,
1662,GEN,
1664,GEN-EWS,146
1665,GEN,
1666,GEN,
1667,GEN,
1668,GEN,
1669,GEN,
1670,GEN,
1671,GEN,
1672,OBC-NCL,289
1673,OBC-NCL,290
1674,GEN-EWS,147
1675,GEN,
1676,GEN,
1677,GEN,
1678,GEN,
1679,GEN-EWS,148
1680,GEN,
1681,GEN,
1682,GEN,
1683,GEN-EWS,149
1684,GEN,
1685,OBC-NCL,291
1686,GEN,
1687,GEN,
1688,GEN,
1689,OBC-NCL,292
1690,GEN,
1691,GEN,
1692,OBC-NCL,293
1693,GEN,
1694,OBC-NCL,294
1695,OBC-NCL,295
1696,GEN,
1697,GEN,
1698,GEN-EWS,150
1699,GEN,
1700,GEN,
1701,GEN,
1702,GEN,
1703,SC,26
1704,SC,27
1705,GEN,
1706,GEN,
1707,GEN,
1708,GEN,
1709,GEN-EWS,151
1710,GEN,
1711,OBC-NCL,296
1712,OBC-NCL,297
1713,GEN,
1714,GEN,
1715,GEN-EWS,152
1716,OBC-NCL,298
1717,OBC-NCL,299
1718,GEN,
1719,OBC-NCL,300
1720,GEN-EWS,153
1721,GEN,
1722,GEN,
1723,GEN-EWS,154
1724,GEN,
1725,GEN,
1726,OBC-NCL,301
1727,GEN,
1728,GEN,
1729,GEN-EWS,155
1730,GEN,
1731,GEN-EWS,156
1732,GEN-EWS,157
1733,GEN-EWS,158
1734,GEN,
1735,GEN,
1736,OBC-NCL,302
1737,GEN,
1738,GEN,
1739,GEN,
1740,GEN,
1741,GEN,
1742,GEN,
1743,ST,6
1744,GEN,
1745,GEN,
1746,OBC-NCL,303
1747,GEN,
1748,GEN,
1749,GEN-EWS,159
1750,GEN,
1751,GEN,
1752,GEN,
1753,GEN,
1754,GEN-EWS,160
1755,GEN,
1756,GEN,
1757,OBC-NCL,304
1758,GEN,
1759,GEN,
1760,OBC-NCL,305
1761,GEN,
1762,ST,7
1763,OBC-NCL,306
1764,GEN,
1765,GEN,
1766,GEN,
1767,SC,28
1768,OBC-NCL,307
1769,GEN,
1770,GEN,
1771,GEN,
1772,GEN,
1773,OBC-NCL,308
1774,OBC-NCL,309
1775,GEN,
1776,OBC-NCL,310
1777,GEN-EWS,161
1778,GEN,
1779,OBC-NCL,311
1780,GEN-EWS,162
1781,GEN,
1782,GEN,
1783,GEN,
1784,GEN,
1785,GEN,
1786,OBC-NCL,312
1787,GEN,
1788,GEN,
1789,GEN,
1790,GEN,
1791,OBC-NCL,313
1792,GEN,
1793,GEN,
1794,GEN,
1795,GEN,
1796,GEN,
1797,GEN,
1798,GEN,
1799,GEN,
1800,GEN-EWS,163
1801,GEN,
1802,GEN,
1803,GEN,
1804,GEN-EWS,164
1805,GEN-EWS,165
1806,OBC-NCL,314
1807,GEN,
1808,GEN,
1809,GEN,
1810,GEN,
1811,GEN,
1812,GEN,
1813,OBC-NCL,315
1814,GEN-EWS,166
1815,GEN,
1816,GEN,
1817,OBC-NCL,316
1818,GEN,
1819,GEN,
1820,GEN,
1821,OBC-NCL,317
1822,GEN,
1823,OBC-NCL,318
1824,GEN,
1825,GEN,
1826,GEN,
1827,GEN,
1828,GEN,
1829,GEN,
1830,OBC-NCL,319
1831,OBC-NCL,320
1832,OBC-NCL,321
1833,OBC-NCL,322
1834,GEN,
1835,GEN,
1836,GEN-EWS,167
1837,GEN-EWS,168
1838,GEN,
1839,GEN,
1840,OBC-NCL,323
1841,GEN,
1842,GEN,
1843,GEN,
1844,GEN,
1845,OBC-NCL,324
1846,GEN-EWS,169
1847,GEN,
1848,GEN,
1849,OBC-NCL,325
1850,GEN,
1851,GEN,
1852,GEN,
1853,GEN,
1854,GEN,
1855,GEN,
1856,GEN,
1857,GEN,
1858,GEN,
1859,OBC-NCL,326
1860,GEN-EWS,170
1861,OBC-NCL,327
1862,GEN,
1863,OBC-NCL,328
1864,OBC-NCL,329
1865,GEN,
1866,GEN,
1867,OBC-NCL,330
1868,GEN,
1869,GEN,
1870,GEN,
1871,OBC-NCL,331
1872,GEN,
1873,GEN,
1874,OBC-NCL,332
1875,OBC-NCL,333
1876,GEN,
1877,GEN,
1878,GEN,
1879,GEN,
1880,GEN,
1881,GEN,
1882,OBC-NCL,334
1883,GEN,
1884,GEN,
1885,GEN,
1886,GEN,
1887,GEN,
1888,GEN-EWS,171
1889,OBC-NCL,335
1890,GEN,
1891,GEN,
1892,OBC-NCL,336
1893,GEN,
1894,GEN,
1895,GEN,
1896,GEN,
1897,GEN,
1898,GEN,
1899,GEN,
1900,GEN,
1901,OBC-NCL,337
1902,GEN,
1903,OBC-NCL,338
1904,GEN,
1905,GEN,
1906,GEN-EWS,172
1907,GEN,
1908,GEN,
1909,OBC-NCL,339
1910,GEN-EWS,173
1911,GEN,
1912,GEN,
1913,GEN,
1914,GEN,
1915,GEN,
1916,GEN,
1917,GEN,
1918,GEN,
1919,GEN,
1920,GEN,
1921,GEN-EWS,174
1922,GEN,
1923,GEN,
1924,GEN,
1925,GEN,
1926,GEN-EWS,175
1927,OBC-NCL,340
1928,GEN,
1929,GEN,
1930,SC,29
1931,GEN-EWS,176
1932,GEN,
1933,GEN,
1934,GEN,
1935,GEN-EWS,177
1936,GEN,
1937,GEN,
1938,GEN,
1939,OBC-NCL,341
1940,GEN,
1941,GEN,
1942,OBC-NCL,342
1943,GEN,
1944,GEN,
1945,GEN,
1946,GEN,
1947,GEN,
1948,OBC-NCL,343
1949,GEN,
1950,GEN-EWS,178
1951,OBC-NCL,344
1952,GEN,
1953,GEN,
1954,GEN,
1955,OBC-NCL,345
1956,GEN,
1957,GEN-EWS,179
1958,GEN,
1959,GEN,
1960,GEN,
1961,GEN,
1962,GEN,
1963,GEN,
1964,OBC-NCL,346
1965,GEN,
1966,GEN,
1967,OBC-NCL,347
1968,OBC-NCL,348
1969,GEN,
1970,GEN,
1971,GEN,
1972,GEN,
1973,GEN,
1974,GEN,
1975,GEN,
1976,GEN,
1977,OBC-NCL,349
1978,GEN,
1979,GEN-EWS,180
1980,OBC-NCL,350
1981,GEN,
1982,GEN,
1983,GEN,
1984,SC,30
1985,GEN,
1986,GEN,
1987,GEN,
1988,GEN,
1989,GEN,
1990,GEN,
1991,GEN,
1992,GEN,
1993,GEN,
1994,GEN-EWS,181
1995,GEN,
1996,GEN,
1997,GEN,
1998,GEN,
1999,GEN,
2000,OBC-NCL,351
2001,GEN,
2002,GEN,
2003,GEN,
2004,GEN-EWS,182
2005,GEN,
2006,GEN,
2007,GEN,
2008,GEN,
2009,OBC-NCL,352
2010,GEN,
2011,GEN,
2012,GEN,
2013,GEN,
2014,GEN,
2015,GEN,
2016,GEN,
2017,GEN,
2018,GEN,
2019,GEN,
2020,GEN,
2021,GEN,
2022,OBC-NCL,353
2023,GEN,
2024,GEN,
2025,GEN,
2026,GEN-EWS,183
2027,GEN,
2028,OBC-NCL,354
2029,OBC-NCL,355
2030,GEN-EWS,184
2031,GEN,
2032,GEN,
2033,SC,31
2034,GEN-EWS,185
2035,GEN,
2036,OBC-NCL,356
2037,GEN,
2038,GEN,
2039,GEN,
2040,GEN-EWS,186
2041,OBC-NCL,357
2042,GEN,
2043,GEN,
2044,GEN,
2045,GEN,
2046,GEN,
2047,GEN,
2048,OBC-NCL,358
2049,GEN,
2050,GEN,
2051,GEN,
2052,GEN,
2053,GEN,
2054,GEN,
2055,GEN,
2056,GEN,
2057,GEN-EWS,187
2058,GEN-EWS,188
2059,GEN,
2060,GEN,
2061,GEN,
2062,OBC-NCL,359
2063,GEN,
2064,GEN,
2065,GEN,
2066,OBC-NCL,360
2067,GEN,
2068,GEN,
2069,GEN,
2070,OBC-NCL,361
2071,OBC-NCL,362
2072,GEN,
2073,GEN,
2074,GEN,
2075,GEN,
2076,GEN,
2077,GEN,
2078,OBC-NCL,363
2079,GEN,
2080,OBC-NCL,364
2081,GEN,
2082,OBC-NCL,365
2083,GEN,
2084,GEN-EWS,189
2085,GEN,
2086,OBC-NCL,366
2087,GEN,
2088,GEN,
2089,GEN,
2090,OBC-NCL,367
2091,GEN,
2092,OBC-NCL,368
2093,OBC-NCL,369
2094,GEN,
2095,GEN,
2096,GEN,
2097,OBC-NCL,370
2098,OBC-NCL,371
2099,GEN,
2100,GEN,
2101,GEN,
2102,GEN-EWS,190
2103,GEN,
2104,GEN,
2105,OBC-NCL,372
2106,OBC-NCL,373
2107,GEN,
2108,GEN,
2109,GEN-EWS,191
2110,GEN-EWS,192
2111,OBC-NCL,374
2112,GEN,
2113,GEN,
2114,GEN-EWS,193
2115,GEN-EWS,194
2116,GEN,
2117,GEN,
2118,OBC-NCL,375
2119,OBC-NCL,376
2120,GEN,
2121,GEN,
2122,GEN,
2123,GEN-EWS,195
2124,GEN-EWS,196
2125,GEN,
2126,GEN,
2127,GEN-EWS,197
2128,GEN,
2129,GEN-EWS,198
2130,GEN,
2131,GEN,
2132,OBC-NCL,377
2133,GEN,
2134,GEN,
2135,GEN,
2136,GEN,
2137,GEN,
2138,GEN,
2139,GEN-EWS,199
2140,GEN,
2141,GEN,
2142,GEN,
2143,GEN,
2144,GEN,
2145,GEN,
2146,GEN,
2147,OBC-NCL,378
2148,OBC-NCL,379
2149,GEN-EWS,200
2150,GEN,
2151,OBC-NCL,380
2152,GEN,
2153,GEN,
2154,GEN,
2155,GEN,
2156,GEN-EWS,201
2157,GEN-EWS,202
2158,GEN,
2159,GEN,
2160,GEN,
2161,SC,32
2162,OBC-NCL,381
2163,GEN-EWS,203
2164,GEN,
2165,GEN,
2166,GEN,
2167,OBC-NCL,382
2168,GEN-EWS,204
2169,OBC-NCL,383
2170,GEN-EWS,205
2171,GEN,
2172,GEN,
2173,GEN,
2174,GEN,
2175,GEN,
2176,GEN-EWS,206
2177,OBC-NCL,384
2178,SC,33
2179,GEN-EWS,207
2180,OBC-NCL,385
2181,GEN-EWS,208
2182,GEN,
2183,OBC-NCL,386
2184,GEN,
2185,GEN-EWS,209
2186,GEN,
2187,GEN,
2188,GEN,
2189,GEN,
2190,GEN,
2191,GEN,
2192,GEN,
2193,GEN,
2194,GEN,
2195,GEN,
2196,GEN,
2197,GEN,
2198,OBC-NCL,387
2199,GEN,
2200,GEN,
2201,GEN,
2202,GEN,
2203,GEN,
2204,OBC-NCL,388
2205,GEN,
2206,GEN,
2207,GEN-EWS,210
2208,GEN,
2209,OBC-NCL,389
2210,GEN,
2211,GEN,
2212,GEN,
2213,GEN,
2214,GEN,
2215,GEN,
2216,GEN,
2217,GEN,
2218,GEN,
2219,GEN,
2220,GEN,
2221,OBC-NCL,390
2222,OBC-NCL,391
2223,OBC-NCL,392
2224,GEN,
2225,GEN,
2226,GEN,
2227,OBC-NCL,393
2228,GEN-EWS,211
2229,OBC-NCL,394
2230,OBC-NCL,395
2231,GEN-EWS,212
2232,GEN,
2233,GEN,
2234,GEN,
2235,GEN,
2236,GEN,
2237,GEN,
2238,GEN-EWS,213
2239,OBC-NCL,396
2240,GEN,
2241,OBC-NCL,397
2242,OBC-NCL,398
2243,GEN,
2244,GEN,
2245,GEN,
2246,GEN,
2247,GEN,
2248,GEN,
2249,GEN,
2250,GEN,
2251,OBC-NCL,399
2252,GEN,
2253,GEN,
2254,GEN,
2255,GEN,
2256,GEN-EWS,214
2257,GEN,
2258,GEN,
2259,GEN-EWS,215
2260,GEN,
2261,GEN-EWS,216
2262,OBC-NCL,400
2263,GEN,
2264,GEN,
2265,GEN,
2266,GEN,
2267,GEN,
2268,GEN,
2269,GEN,
2270,GEN,
2271,OBC-NCL,401
2272,OBC-NCL,402
2273,GEN-EWS,217
2274,OBC-NCL,403
2275,GEN,
2276,GEN,
2277,GEN,
2278,GEN,
2279,GEN,
2280,OBC-NCL,404
2281,GEN,
2282,GEN,
2283,GEN,
2284,GEN-EWS,218
2285,OBC-NCL,405
2286,GEN,
2287,OBC-NCL,406
2288,GEN,
2289,GEN,
2290,OBC-NCL,407
2291,GEN,
2292,GEN,
2293,GEN,
2294,GEN,
2295,GEN,
2296,GEN,
2297,OBC-NCL,408
2298,GEN,
2299,GEN,
2300,OBC-NCL,409
2301,GEN,
2302,GEN,
2303,GEN,
2304,GEN,
2305,GEN,
2306,GEN,
2307,GEN,
2308,GEN,
2309,GEN,
2310,GEN,
2311,GEN,
2312,GEN,
2313,GEN,
2314,OBC-NCL,410
2315,GEN,
2316,GEN,
2317,GEN,
2318,GEN,
2319,OBC-NCL,411
2320,GEN-EWS,219
2321,GEN,
2322,GEN,
2323,OBC-NCL,412
2324,GEN-EWS,220
2325,OBC-NCL,413
2326,OBC-NCL,414
2327,GEN,
2328,GEN,
2329,GEN,
2330,GEN,
2331,GEN,
2332,GEN-EWS,221
2333,GEN,
2334,GEN-EWS,222
2335,ST,8
2336,OBC-NCL,415
2337,GEN,
2338,GEN-EWS,223
2339,GEN,
2340,GEN,
2341,GEN-EWS,224
2342,GEN-EWS,225
2343,GEN,
2344,GEN,
2345,GEN,
2346,GEN,
2347,GEN,
2348,GEN,
2349,OBC-NCL,416
2350,OBC-NCL,417
2351,OBC-NCL,418
2352,GEN,
2353,GEN,
2354,GEN,
2355,GEN,
2356,OBC-NCL,419
2357,GEN,
2358,GEN,
2359,GEN,
2360,OBC-NCL,420
2361,GEN,
2362,GEN,
2363,OBC-NCL,421
2364,GEN,
2365,GEN,
2366,GEN,
2367,GEN,
2368,OBC-NCL,422
2369,OBC-NCL,423
2370,GEN,
2371,GEN,
2372,GEN,
2373,GEN,
2374,GEN,
2375,GEN,
2376,GEN,
2377,GEN-EWS,226
2378,OBC-NCL,424
2379,GEN,
2380,GEN,
2381,GEN,
2382,OBC-NCL,425
2383,OBC-NCL,426
2384,GEN,
2385,GEN,
2386,GEN,
2387,GEN-EWS,227
2388,GEN,
2389,GEN,
2390,GEN,
2391,GEN,
2392,GEN,
2393,GEN,
2394,GEN,
2395,GEN,
2396,GEN,
2397,GEN,
2398,GEN,
2399,OBC-NCL,427
2400,GEN,
2401,GEN,
2402,OBC-NCL,428
2403,OBC-NCL,429
2404,GEN,
2405,GEN,
2406,GEN,
2407,GEN,
2408,GEN,
2409,GEN,
2410,OBC-NCL,430
2411,GEN-EWS,228
2412,GEN,
2413,GEN,
2414,GEN,
2415,GEN,
2416,GEN,
2417,GEN,
2418,GEN,
2419,GEN,
2420,GEN,
2421,GEN,
2422,OBC-NCL,431
2423,GEN,
2424,SC,34
2425,GEN,
2426,OBC-NCL,432
2427,GEN,
2428,GEN,
2429,GEN,
2430,OBC-NCL,433
2431,GEN,
2432,GEN,
2433,OBC-NCL,434
2434,OBC-NCL,435
2435,OBC-NCL,436
2436,OBC-NCL,437
2437,OBC-NCL,438
2438,GEN,
2439,OBC-NCL,439
2440,GEN,
2441,GEN,
2442,GEN-EWS,229
2443,GEN-EWS,230
2444,GEN,
2445,OBC-NCL,440
2446,GEN,
2447,GEN,
2448,OBC-NCL,441
2449,GEN,
2450,GEN,
2451,GEN,
2452,GEN,
2453,GEN,
2454,GEN,
2455,GEN,
2456,OBC-NCL,442
2457,OBC-NCL,443
2458,OBC-NCL,444
2459,GEN,
2460,GEN,
2461,GEN-EWS,231
2462,GEN,
2463,GEN,
2464,GEN,
2465,GEN,
2466,GEN,
2467,OBC-NCL,445
2468,GEN,
2469,GEN,
2470,GEN,
2471,GEN,
2472,GEN,
2473,GEN,
2474,OBC-NCL,446
2475,GEN,
2476,GEN,
2477,GEN,
2478,SC,35
2479,OBC-NCL,447
2480,GEN,
2481,SC,36
2482,GEN,
2483,GEN,
2484,SC,37
2485,OBC-NCL,448
2486,GEN,
2487,GEN,
2488,OBC-NCL,449
2489,GEN,
2490,GEN,
2491,GEN,
2492,GEN,
2493,SC,38
2494,GEN,
2495,GEN,
2496,GEN,
2497,GEN,
2498,GEN,
2499,GEN,
2500,GEN,
2501,OBC-NCL,450
2502,GEN,
2503,GEN,
2504,GEN,
2505,OBC-NCL,451
2506,GEN,
2507,GEN,
2508,GEN-EWS,232
2509,GEN,
2510,GEN,
2511,GEN,
2512,GEN,
2513,OBC-NCL,452
2514,OBC-NCL,453
2515,GEN,
2516,OBC-NCL,454
2517,OBC-NCL,455
2518,OBC-NCL,456
2519,GEN,
2520,GEN,
2521,OBC-NCL,457
2522,OBC-NCL,458
2523,GEN,
2524,OBC-NCL,459
2525,OBC-NCL,460
2526,GEN,
2527,GEN-EWS,233
2528,GEN,
2529,OBC-NCL,461
2530,OBC-NCL,462
2531,GEN,
2532,GEN,
2533,OBC-NCL,463
2534,OBC-NCL,464
2535,GEN,
2536,GEN,
2537,GEN,
2538,GEN,
2539,GEN,
2540,GEN,
2541,OBC-NCL,465
2542,GEN,
2543,GEN,
2544,GEN,
2545,ST,9
2546,GEN-EWS,234
2547,GEN,
2548,GEN,
2549,GEN-EWS,235
2550,OBC-NCL,466
2551,GEN,
2552,GEN-EWS,236
2553,GEN,
2554,GEN,
2555,OBC-NCL,467
2556,GEN,
2557,GEN,
2558,GEN,
2559,GEN,
2560,GEN,
2561,GEN,
2562,OBC-NCL,468
2563,GEN,
2564,GEN,
2565,GEN,
2566,GEN,
2567,GEN-EWS,237
2568,GEN-EWS,238
2569,GEN,
2570,GEN,
2571,OBC-NCL,469
2572,SC,39
2573,OBC-NCL,470
2574,GEN,
2575,GEN,
2576,GEN,
2577,GEN,
2578,GEN-EWS,239
2579,GEN,
2580,GEN,
2581,GEN,
2582,GEN,
2583,GEN-EWS,240
2584,GEN,
2585,GEN,
2586,GEN-EWS,241
2587,GEN,
2588,OBC-NCL,471
2589,OBC-NCL,472
2590,GEN,
2591,GEN,
2592,GEN-EWS,242
2593,GEN,
2594,OBC-NCL,473
2595,OBC-NCL,474
2596,GEN,
2597,GEN,
2598,OBC-NCL,475
2599,OBC-NCL,476
2600,GEN,
2601,GEN,
2602,GEN,
2603,SC,40
2604,GEN,
2605,ST,10
2606,OBC-NCL,477
2607,GEN,
2608,GEN,
2609,GEN,
2610,OBC-NCL,478
2611,OBC-NCL,479
2612,GEN,
2613,GEN-EWS,243
2614,GEN,
2615,GEN,
2616,GEN,
2617,GEN,
2618,OBC-NCL,480
2619,GEN,
2620,GEN,
2621,OBC-NCL,481
2622,GEN,
2623,GEN,
2624,GEN,
2625,GEN,
2626,GEN,
2627,GEN,
2628,GEN-EWS,244
2629,GEN,
2630,GEN,
2631,GEN,
2632,GEN,
2633,GEN,
2634,GEN,
2635,GEN,
2636,GEN-EWS,245
2637,GEN-EWS,246
2638,GEN,
2639,GEN,
2640,OBC-NCL,482
2641,OBC-NCL,483
2642,GEN,
2643,GEN,
2644,GEN,
2645,GEN,
2646,GEN,
2647,GEN,
2648,GEN,
2649,GEN,
2650,GEN-EWS,247
2651,GEN-EWS,248
2652,GEN,
2653,GEN,
2654,OBC-NCL,484
2655,GEN,
2656,GEN-EWS,249
2657,GEN,
2658,GEN,
2659,GEN,
2660,SC,41
2661,GEN-EWS,250
2662,GEN,
2663,GEN,
2664,GEN,
2665,SC,42
2666,GEN,
2667,OBC-NCL,485
2668,GEN,
2669,GEN,
2670,OBC-NCL,486
2671,OBC-NCL,487
2672,OBC-NCL,488
2673,GEN,
2674,GEN,
2675,GEN-EWS,251
2676,OBC-NCL,489
2677,GEN,
2678,OBC-NCL,490
2679,GEN,
2680,GEN-EWS,252
2681,GEN,
2682,GEN,
2683,GEN,
2684,GEN,
2685,OBC-NCL,491
2686,GEN,
2687,OBC-NCL,492
2688,GEN-EWS,253
2689,GEN,
2690,GEN,
2691,GEN,
2692,GEN,
2693,GEN,
2694,GEN,
2695,GEN,
2696,GEN-EWS,254
2697,GEN,
2698,GEN,
2699,GEN-EWS,255
2700,GEN,
2701,OBC-NCL,493
2702,GEN,
2703,GEN-EWS,256
2704,OBC-NCL,494
2705,GEN,
2706,OBC-NCL,495
2707,SC,43
2708,GEN,
2709,GEN-EWS,257
2710,GEN,
2711,GEN,
2712,GEN,
2713,GEN,
2714,GEN,
2715,GEN,
2716,OBC-NCL,496
2717,SC,44
2718,GEN,
2719,GEN,
2720,GEN,
2721,GEN,
2722,GEN,
2723,GEN-EWS,258
2724,GEN,
2725,GEN,
2726,GEN-EWS,259
2727,GEN,
2728,GEN-EWS,260
2729,GEN,
2730,GEN,
2731,GEN,
2732,GEN,
2733,GEN,
2734,GEN,
2735,GEN,
2736,GEN,
2737,GEN,
2738,GEN,
2739,OBC-NCL,497
2740,GEN,
2741,GEN,
2742,GEN,
2743,OBC-NCL,498
2744,OBC-NCL,499
2745,GEN-EWS,261
2746,GEN,
2747,GEN,
2748,GEN,
2749,GEN,
2750,GEN,
2751,GEN-EWS,262
2752,GEN,
2753,GEN,
2754,GEN,
2755,GEN,
2756,OBC-NCL,500
2757,OBC-NCL,501
2758,GEN,
2759,OBC-NCL,502
2760,GEN,
2761,OBC-NCL,503
2762,OBC-NCL,504
2763,GEN,
2764,OBC-NCL,505
2765,GEN,
2766,OBC-NCL,506
2767,OBC-NCL,507
2768,GEN,
2769,OBC-NCL,508
2770,GEN,
2771,GEN,
2772,GEN,
2773,GEN,
2774,GEN,
2775,GEN,
2776,GEN,
2777,GEN,
2778,OBC-NCL,509
2779,GEN,
2780,OBC-NCL,510
2781,GEN,
2782,GEN,
2783,GEN,
2784,GEN-EWS,263
2785,GEN,
2786,OBC-NCL,511
2787,ST,11
2788,OBC-NCL,512
2789,GEN,
2790,OBC-NCL,513
2791,GEN,
2792,GEN,
2793,OBC-NCL,514
2794,GEN,
2795,GEN,
2796,GEN-EWS,264
2797,GEN,
2798,GEN,
2799,GEN-EWS,265
2800,OBC-NCL,515
2801,GEN,
2802,GEN,
2803,GEN,
2804,GEN,
2805,GEN,
2806,GEN,
2807,GEN-EWS,266
2808,GEN,
2809,OBC-NCL,516
2810,OBC-NCL,517
2811,GEN,
2812,OBC-NCL,518
2813,GEN-EWS,267
2814,GEN,
2815,GEN,
2816,GEN,
2817,OBC-NCL,519
2818,OBC-NCL,520
2819,GEN,
2820,GEN,
2821,GEN,
2822,GEN,
2823,OBC-NCL,521
2824,GEN,
2825,GEN,
2826,OBC-NCL,522
2827,OBC-NCL,523
2828,OBC-NCL,524
2829,GEN,
2830,OBC-NCL,525
2831,OBC-NCL,526
2832,GEN,
2833,GEN,
2834,GEN,
2835,GEN-EWS,268
2836,GEN,
2837,GEN,
2838,OBC-NCL,527
2839,GEN,
2840,GEN,
2841,OBC-NCL,528
2842,GEN-EWS,269
2843,GEN,
2844,GEN,
2845,OBC-NCL,529
2846,GEN,
2847,GEN,
2848,GEN,
2849,GEN,
2850,GEN,
2851,GEN,
2852,GEN,
2853,GEN,
2854,GEN,
2855,GEN,
2856,ST,12
2857,OBC-NCL,530
2858,GEN,
2859,GEN-EWS,270
2860,GEN,
2861,GEN,
2862,GEN,
2863,GEN,
2864,GEN,
2865,OBC-NCL,531
2866,GEN,
2867,GEN,
2868,OBC-NCL,532
2869,GEN,
2870,GEN,
2871,GEN-EWS,271
2872,OBC-NCL,533
2873,GEN,
2874,GEN-EWS,272
2875,OBC-NCL,534
2876,GEN,
2877,GEN,
2878,GEN-EWS,273
2879,GEN,
2880,OBC-NCL,535
2881,GEN,
2882,OBC-NCL,536
2883,GEN,
2884,GEN,
2885,GEN-EWS,274
2886,GEN,
2887,GEN,
2888,GEN,
2889,GEN,
2890,GEN,
2891,GEN,
2892,GEN,
2893,OBC-NCL,537
2894,OBC-NCL,538
2895,GEN,
2896,GEN,
2897,GEN,
2898,GEN,
2899,GEN,
2900,GEN,
2901,GEN-EWS,275
2902,GEN,
2903,OBC-NCL,539
2904,OBC-NCL,540
2905,GEN,
2906,GEN,
2907,GEN,
2908,GEN,
2909,GEN,
2910,GEN,
2911,GEN,
2912,GEN,
2913,GEN,
2914,GEN,
2915,GEN-EWS,276
2916,GEN,
2917,GEN,
2918,GEN,
2919,GEN,
2920,GEN-EWS,277
2921,OBC-NCL,541
2922,GEN-EWS,278
2923,GEN,
2924,GEN,
2925,GEN,
2926,GEN-EWS,279
2927,GEN,
2928,GEN,
2929,OBC-NCL,542
2930,OBC-NCL,543
2931,GEN,
2932,OBC-NCL,544
2933,GEN,
2934,SC,45
2935,GEN,
2936,GEN,
2937,SC,46
2938,GEN,
2939,OBC-NCL,545
2940,GEN,
2941,GEN,
2942,GEN,
2943,GEN-EWS,280
2944,GEN,
2945,OBC-NCL,546
2946,GEN,
2947,GEN-EWS,281
2948,GEN,
2949,GEN,
2950,GEN,
2951,GEN,
2952,GEN,
2953,GEN-EWS,282
2954,GEN,
2955,OBC-NCL,547
2956,GEN,
2957,GEN,
2958,GEN,
2959,GEN,
2960,GEN,
2961,OBC-NCL,548
2962,GEN,
2963,GEN-EWS,283
2964,GEN,
2965,OBC-NCL,549
2966,GEN,
2967,GEN,
2968,GEN,
2969,OBC-NCL,550
2970,GEN-EWS,284
2971,GEN,
2972,OBC-NCL,551
2973,GEN,
2974,OBC-NCL,552
2975,OBC-NCL,553
2976,GEN,
2977,GEN,
2978,GEN,
2979,OBC-NCL,554
2980,GEN-EWS,285
2981,GEN-EWS,286
2982,GEN-EWS,287
2983,GEN,
2984,GEN,
2985,GEN,
2986,OBC-NCL,555
2987,GEN,
2988,OBC-NCL,556
2989,GEN,
2990,OBC-NCL,557
2991,GEN,
2992,GEN,
2993,OBC-NCL,558
2994,GEN,
2995,GEN,
2996,GEN,
2997,SC,47
2998,GEN-EWS,288
2999,GEN,
3000,GEN,
3001,GEN,
3002,OBC-NCL,559
3003,GEN,
3004,GEN,
3005,GEN,
3006,GEN,
3007,GEN,
3008,GEN,
3009,GEN,
3010,OBC-NCL,560
3011,GEN,
3012,GEN,
3013,GEN,
3014,GEN,
3015,GEN,
3016,GEN,
3017,GEN,
3018,GEN,
3019,OBC-NCL,561
3020,GEN,
3021,GEN,
3022,GEN,
3023,OBC-NCL,562
3024,GEN,
3025,GEN,
3026,GEN,
3027,GEN,
3028,OBC-NCL,563
3029,GEN,
3030,GEN,
3031,OBC-NCL,564
3032,GEN,
3033,GEN,
3034,GEN,
3035,GEN,
3036,GEN,
3037,GEN,
3038,OBC-NCL,565
3039,ST,13
3040,GEN,
3041,GEN,
3042,GEN,
3043,GEN,
3044,GEN,
3045,GEN,
3046,OBC-NCL,566
3047,GEN,
3048,GEN,
3049,GEN,
3050,OBC-NCL,567
3051,GEN,
3052,GEN,
3053,OBC-NCL,568
3054,GEN,
3055,GEN,
3056,OBC-NCL,569
3057,OBC-NCL,570
3058,GEN,
3059,GEN,
3060,GEN-EWS,289
3061,OBC-NCL,571
3062,ST,14
3063,GEN,
3064,GEN,
3065,GEN,
3066,SC,48
3067,GEN,
3068,OBC-NCL,572
3069,GEN,
3070,GEN,
3071,GEN,
3072,OBC-NCL,573
3073,OBC-NCL,574
3074,OBC-NCL,575
3075,GEN-EWS,290
3076,GEN,
3077,GEN,
3078,GEN,
3079,GEN,
3080,OBC-NCL,576
3081,GEN,
3082,GEN,
3083,GEN,
3084,GEN,
3085,OBC-NCL,577
3086,GEN,
3087,GEN,
3088,GEN,
3089,GEN,
3090,GEN,
3091,GEN-EWS,291
3092,GEN,
3093,GEN,
3094,GEN,
3095,GEN,
3096,GEN,
3097,GEN,
3098,GEN,
3099,GEN,
3100,GEN,
3101,GEN-EWS,292
3102,OBC-NCL,578
3103,OBC-NCL,579
3104,GEN,
3105,GEN,
3106,GEN,
3107,GEN,
3108,GEN,
3109,SC,49
3110,GEN,
3111,OBC-NCL,580
3112,GEN,
3113,GEN,
3114,GEN,
3115,GEN,
3116,GEN,
3117,GEN,
3118,SC,50
3119,GEN,
3120,GEN,
3121,GEN,
3122,GEN,
3123,GEN,
3124,GEN,
3125,GEN,
3126,GEN,
3127,GEN,
3128,GEN,
3129,GEN-EWS,293
3130,GEN,
3131,GEN,
3132,SC,51
3133,GEN,
3134,GEN,
3135,OBC-NCL,581
3136,GEN-EWS,294
3137,OBC-NCL,582
3138,ST,15
3139,GEN,
3140,GEN,
3141,GEN,
3142,GEN,
3143,GEN,
3144,OBC-NCL,583
3145,GEN,
3146,GEN,
3147,GEN,
3148,GEN,
3149,GEN,
3150,GEN,
3151,GEN-EWS,295
3152,OBC-NCL,584
3153,OBC-NCL,585
3154,GEN,
3155,GEN,
3156,GEN,
3157,GEN,
3158,GEN-EWS,296
3159,GEN-EWS,297
3160,OBC-NCL,586
3161,GEN,
3162,GEN,
3163,OBC-NCL,587
3164,OBC-NCL,588
3165,GEN,
3166,GEN,
3167,GEN,
3168,OBC-NCL,589
3169,GEN,
3170,OBC-NCL,590
3171,OBC-NCL,591
3172,GEN,
3173,GEN,
3174,GEN,
3175,OBC-NCL,592
3176,GEN,
3177,GEN,
3178,GEN,
3179,GEN,
3180,SC,52
3181,GEN,
3182,GEN,
3183,GEN-EWS,298
3184,GEN,
3185,GEN,
3186,GEN,
3187,GEN-EWS,299
3188,OBC-NCL,593
3189,OBC-NCL,594
3190,ST,16
3191,GEN,
3192,GEN,
3193,ST,17
3194,GEN,
3195,GEN,
3196,GEN-EWS,300
3197,GEN,
3198,OBC-NCL,595
3199,GEN,
3200,GEN,
3201,OBC-NCL,596
3202,GEN,
3203,GEN,
3204,GEN,
3205,GEN,
3206,GEN,
3207,GEN-EWS,301
3208,GEN,
3209,SC,53
3210,GEN,
3211,GEN,
3212,GEN,
3213,GEN,
3214,GEN,
3215,GEN,
3216,GEN,
3217,SC,54
3218,GEN,
3219,GEN,
3220,OBC-NCL,597
3221,GEN,
3222,GEN,
3223,GEN,
3224,GEN,
3225,OBC-NCL,598
3226,GEN,
3227,OBC-NCL,599
3228,GEN,
3229,GEN,
3230,GEN,
3231,GEN,
3232,GEN,
3233,GEN,
3234,GEN,
3235,GEN,
3236,GEN,
3237,GEN,
3238,GEN,
3239,GEN,
3240,GEN-EWS,302
3241,OBC-NCL,600
3242,GEN,
3243,GEN,
3244,GEN,
3245,GEN,
3246,GEN,
3247,GEN,
3248,GEN,
3249,ST,18
3250,GEN,
3251,OBC-NCL,601
3252,GEN,
3253,GEN,
3254,GEN,
3255,GEN,
3256,GEN,
3257,GEN,
3258,GEN,
3259,GEN,
3260,OBC-NCL,602
3261,GEN,
3262,OBC-NCL,603
3263,GEN,
3264,GEN,
3265,SC,55
3266,GEN,
3267,SC,56
3268,GEN,
3269,GEN-EWS,303
3270,GEN,
3271,GEN,
3272,GEN-EWS,304
3273,SC,57
3274,GEN,
3275,GEN,
3276,GEN,
3277,GEN,
3278,OBC-NCL,604
3279,GEN,
3280,GEN,
3281,OBC-NCL,605
3282,GEN,
3283,OBC-NCL,606
3284,GEN,
3285,GEN,
3286,GEN,
3287,OBC-NCL,607
3288,GEN-EWS,305
3289,GEN,
3290,GEN,
3291,OBC-NCL,608
3292,GEN,
3293,GEN,
3294,GEN,
3295,OBC-NCL,609
3296,SC,58
3297,OBC-NCL,610
3298,GEN,
3299,GEN,
3300,OBC-NCL,611
3301,GEN,
3302,GEN,
3303,GEN-EWS,306
3304,OBC-NCL,612
3305,GEN,
3306,GEN,
3307,GEN,
3308,GEN,
3309,GEN,
3310,GEN,
3311,GEN,
3312,GEN,
3313,GEN-EWS,307
3314,GEN,
3315,GEN,
3316,OBC-NCL,613
3317,GEN-EWS,308
3318,GEN,
3319,GEN,
3320,GEN-EWS,309
3321,GEN,
3322,GEN,
3323,GEN,
3324,GEN,
3325,OBC-NCL,614
3326,GEN,
3327,GEN,
3328,GEN,
3329,GEN,
3330,GEN,
3331,OBC-NCL,615
3332,GEN,
3333,OBC-NCL,616
3334,OBC-NCL,617
3335,OBC-NCL,618
3336,OBC-NCL,619
3337,GEN,
3338,OBC-NCL,620
3339,OBC-NCL,621
3340,GEN,
3341,GEN,
3342,SC,59
3343,GEN-EWS,310
3344,GEN-EWS,311
3345,GEN-EWS,312
3346,GEN,
3347,GEN-EWS,313
3348,OBC-NCL,622
3349,GEN,
3350,GEN,
3351,GEN,
3352,GEN-EWS,314
3353,GEN,
3354,GEN,
3355,GEN,
3356,GEN,
3357,OBC-NCL,623
3358,SC,60
3359,GEN,
3360,GEN,
3361,GEN,
3362,OBC-NCL,624
3363,OBC-NCL,625
3364,GEN,
3365,OBC-NCL,626
3366,GEN-EWS,315
3367,GEN,
3368,GEN-EWS,316
3369,GEN,
3370,OBC-NCL,627
3371,GEN,
3372,GEN,
3373,GEN-EWS,317
3374,OBC-NCL,628
3375,GEN,
3376,GEN,
3377,GEN,
3378,OBC-NCL,629
3379,GEN,
3380,GEN,
3381,OBC-NCL,630
3382,GEN-EWS,318
3383,GEN,
3384,GEN,
3385,OBC-NCL,631
3386,GEN,
3387,GEN,
3388,GEN,
3389,GEN,
3390,GEN,
3391,GEN,
3392,OBC-NCL,632
3393,GEN,
3394,OBC-NCL,633
3395,GEN,
3396,OBC-NCL,634
3397,GEN,
3398,GEN-EWS,319
3399,OBC-NCL,635
3400,GEN,
3401,GEN,
3402,GEN,
3402,OBC-NCL,636
3404,GEN-EWS,320
3405,GEN,
3406,GEN,
3407,GEN,
3408,GEN,
3409,GEN,
3410,GEN,
3411,GEN-EWS,321
3412,GEN,
3413,GEN,
3414,GEN,
3415,GEN-EWS,322
3416,OBC-NCL,637
3417,GEN,
3418,OBC-NCL,638
3419,GEN,
3420,OBC-NCL,639
3421,GEN,
3422,GEN,
3423,GEN,
3424,GEN,
3425,GEN-EWS,323
3426,GEN,
3427,GEN,
3428,GEN,
3429,GEN,
3430,GEN,
3431,SC,61
3432,GEN,
3433,GEN,
3434,GEN,
3435,GEN,
3436,GEN,
3437,GEN,
3438,GEN,
3439,OBC-NCL,640
3440,GEN,
3441,GEN,
3442,GEN,
3443,GEN,
3444,GEN,
3445,OBC-NCL,641
3446,OBC-NCL,642
3447,GEN,
3448,GEN,
3449,GEN-EWS,324
3450,OBC-NCL,643
3451,GEN-EWS,325
3452,GEN,
3453,GEN,
3454,GEN,
3455,GEN,
3456,GEN-EWS,326
3457,OBC-NCL,644
3458,GEN,
3459,GEN,
3460,OBC-NCL,645
3461,GEN-EWS,327
3462,GEN-EWS,328
3463,ST,19
3464,GEN,
3465,SC,62
3466,OBC-NCL,646
3467,GEN,
3468,GEN,
3469,GEN,
3470,GEN,
3471,GEN,
3472,OBC-NCL,647
3473,GEN-EWS,329
3474,GEN,
3475,GEN,
3476,GEN-EWS,330
3477,GEN-EWS,331
3478,GEN,
3479,GEN-EWS,332
3480,GEN,
3481,GEN,
3482,SC,63
3483,GEN,
3484,GEN,
3485,GEN,
3486,GEN,
3487,OBC-NCL,648
3488,OBC-NCL,649
3489,GEN-EWS,333
3490,GEN,
3491,GEN,
3492,GEN,
3493,GEN,
3494,OBC-NCL,650
3495,GEN,
3496,GEN,
3497,GEN-EWS,334
3498,GEN,
3499,GEN,
3500,GEN,
3501,GEN,
3502,GEN,
3503,SC,64
3504,GEN,
3505,GEN,
3506,GEN-EWS,335
3507,GEN,
3508,GEN,
3509,GEN,
3510,OBC-NCL,651
3511,GEN,
3512,GEN,
3513,OBC-NCL,652
3514,GEN,
3515,GEN,
3516,GEN-EWS,336
3517,GEN,
3518,GEN-EWS,337
3519,GEN-EWS,338
3520,OBC-NCL,653
3521,GEN,
3522,OBC-NCL,654
3523,GEN-EWS,339
3524,OBC-NCL,655
3525,OBC-NCL,656
3526,GEN,
3527,GEN,
3528,GEN,
3529,SC,65
3530,SC,66
3531,GEN,
3532,OBC-NCL,657
3533,GEN,
3534,GEN-EWS,340
3535,GEN,
3536,GEN,
3537,GEN,
3538,GEN,
3539,GEN,
3540,GEN,
3541,GEN-EWS,341
3542,GEN-EWS,342
3543,GEN,
3544,SC,67
3545,GEN-EWS,343
3546,GEN,
3547,SC,68
3548,OBC-NCL,658
3549,GEN-EWS,344
3550,GEN,
3551,OBC-NCL,659
3552,GEN,
3553,GEN,
3554,OBC-NCL,660
3555,GEN,
3556,OBC-NCL,661
3557,GEN,
3558,GEN,
3559,GEN,
3560,GEN,
3561,GEN-EWS,345
3562,GEN,
3563,GEN,
3564,GEN,
3565,GEN,
3566,GEN,
3567,GEN,
3568,GEN-EWS,346
3569,GEN,
3570,OBC-NCL,662
3571,GEN,
3572,GEN,
3573,GEN,
3574,GEN,
3575,OBC-NCL,663
3576,OBC-NCL,664
3577,GEN,
3578,GEN,
3579,OBC-NCL,665
3580,OBC-NCL,666
3581,GEN,
3582,OBC-NCL,667
3583,GEN,
3584,GEN,
3585,GEN,
3586,GEN,
3587,GEN,
3588,GEN,
3589,GEN,
3590,GEN-EWS,347
3591,GEN,
3592,SC,69
3593,GEN-EWS,348
3594,GEN,
3595,GEN,
3596,SC,70
3597,GEN,
3598,GEN,
3599,GEN,
3600,GEN,
3601,GEN,
3602,GEN-EWS,349
3603,OBC-NCL,668
3604,GEN-EWS,350
3605,GEN,
3606,GEN,
3607,GEN-EWS,351
3608,GEN-EWS,352
3609,GEN,
3610,GEN-EWS,353
3611,GEN-EWS,354
3612,GEN,
3613,OBC-NCL,669
3614,GEN,
3615,GEN-EWS,355
3616,GEN,
3617,GEN,
3618,OBC-NCL,670
3619,GEN-EWS,356
3620,GEN,
3621,OBC-NCL,671
3622,GEN,
3623,GEN,
3624,GEN,
3625,OBC-NCL,672
3626,GEN-EWS,357
3627,OBC-NCL,673
3628,GEN-EWS,358
3629,GEN,
3630,GEN,
3631,GEN,
3632,GEN,
3633,OBC-NCL,674
3634,GEN,
3635,OBC-NCL,675
3636,GEN,
3637,GEN-EWS,359
3638,GEN,
3639,GEN,
3640,GEN,
3641,GEN,
3642,GEN,
3643,GEN-EWS,360
3644,OBC-NCL,676
3645,GEN,
3646,GEN,
3647,GEN,
3648,GEN,
3649,GEN,
3650,GEN-EWS,361
3651,GEN,
3652,GEN,
3653,GEN,
3654,GEN-EWS,362
3655,GEN,
3656,GEN,
3657,GEN-EWS,363
3658,GEN,
3659,GEN,
3660,OBC-NCL,677
3661,GEN,
3662,GEN-EWS,364
3663,OBC-NCL,678
3664,GEN,
3665,GEN-EWS,365
3666,GEN,
3667,OBC-NCL,679
3668,OBC-NCL,680
3669,GEN,
3670,OBC-NCL,681
3671,GEN,
3672,GEN,
3673,GEN,
3674,GEN-EWS,366
3675,GEN,
3676,GEN,
3677,OBC-NCL,682
3678,OBC-NCL,683
3679,GEN,
3680,OBC-NCL,684
3681,GEN,
3682,GEN,
3683,GEN,
3684,GEN,
3685,GEN,
3686,OBC-NCL,685
3687,GEN,
3688,OBC-NCL,686
3689,GEN,
3690,GEN,
3691,GEN,
3692,GEN,
3693,GEN,
3694,GEN,
3695,GEN,
3696,GEN,
3697,GEN,
3698,GEN,
3699,GEN,
3700,GEN,
3701,ST,20
3702,GEN,
3703,GEN,
3704,GEN,
3705,GEN,
3706,GEN,
3707,GEN,
3708,GEN,
3709,OBC-NCL,687
3710,GEN-EWS,367
3711,GEN,
3712,GEN,
3713,GEN,
3714,OBC-NCL,688
3715,GEN-EWS,368
3716,OBC-NCL,689
3717,GEN-EWS,369
3718,GEN,
3719,GEN,
3720,GEN,
3721,SC,71
3722,GEN-EWS,370
3723,GEN,
3724,GEN,
3725,OBC-NCL,690
3726,GEN,
3727,GEN-EWS,371
3728,GEN,
3729,OBC-NCL,691
3730,GEN-EWS,372
3731,GEN,
3732,GEN,
3733,GEN,
3734,GEN,
3735,GEN,
3736,GEN,
3737,GEN,
3738,GEN,
3739,GEN-EWS,373
3740,GEN,
3741,OBC-NCL,692
3742,GEN,
3743,GEN,
3744,GEN,
3745,GEN,
3746,OBC-NCL,693
3747,GEN,
3748,GEN-EWS,374
3749,GEN,
3750,OBC-NCL,694
3751,OBC-NCL,695
3752,GEN,
3753,GEN,
3754,GEN,
3755,GEN-EWS,375
3756,GEN,
3757,GEN,
3758,GEN,
3759,GEN,
3760,GEN,
3761,SC,72
3762,GEN,
3763,GEN,
3764,GEN,
3765,GEN,
3766,OBC-NCL,696
3767,GEN,
3768,GEN,
3769,OBC-NCL,697
3770,GEN-EWS,376
3771,OBC-NCL,698
3772,OBC-NCL,699
3773,GEN,
3774,GEN,
3775,GEN,
3776,GEN,
3777,OBC-NCL,700
3778,GEN,
3779,GEN,
3780,OBC-NCL,701
3781,GEN,
3782,GEN,
3783,GEN,
3784,GEN,
3785,GEN,
3786,GEN-EWS,377
3787,OBC-NCL,702
3788,GEN,
3789,GEN-EWS,378
3790,GEN,
3791,OBC-NCL,703
3792,GEN,
3793,OBC-NCL,704
3794,GEN,
3795,GEN-EWS,379
3796,GEN,
3797,GEN,
3798,GEN-EWS,380
3799,OBC-NCL,705
3800,GEN,
3801,GEN,
3802,OBC-NCL,706
3803,GEN,
3804,GEN,
3805,GEN,
3806,GEN,
3807,GEN-EWS,381
3808,GEN,
3809,GEN,
3810,GEN,
3811,GEN,
3812,GEN,
3813,GEN,
3814,GEN,
3815,GEN,
3816,GEN,
3817,GEN,
3818,GEN,
3819,GEN,
3820,GEN,
3821,OBC-NCL,707
3822,GEN,
3823,OBC-NCL,708
3824,GEN-EWS,382
3825,OBC-NCL,709
3826,GEN,
3827,GEN,
3828,GEN-EWS,383
3829,GEN,
3830,GEN,
3831,GEN,
3832,GEN,
3833,OBC-NCL,710
3834,GEN,
3835,GEN,
3836,OBC-NCL,711
3837,GEN,
3838,GEN,
3839,GEN,
3840,GEN,
3841,GEN,
3842,GEN-EWS,384
3843,ST,21
3844,GEN,
3845,GEN,
3846,GEN,
3847,GEN,
3848,OBC-NCL,712
3849,GEN,
3850,GEN,
3851,SC,73
3852,GEN,
3853,GEN,
3854,GEN,
3855,GEN,
3856,GEN-EWS,385
3857,GEN,
3858,GEN,
3859,GEN,
3860,GEN,
3861,GEN,
3862,GEN,
3863,GEN,
3864,GEN,
3865,GEN,
3866,GEN-EWS,386
3867,GEN-EWS,387
3868,GEN,
3869,GEN,
3870,OBC-NCL,713
3871,GEN,
3872,GEN,
3873,GEN,
3874,GEN,
3875,GEN,
3876,GEN,
3877,OBC-NCL,714
3878,GEN,
3879,GEN,
3880,OBC-NCL,715
3881,GEN,
3882,GEN,
3883,GEN-EWS,388
3884,GEN,
3885,GEN,
3886,GEN,
3887,GEN,
3888,OBC-NCL,716
3889,GEN,
3890,GEN,
3891,GEN-EWS,389
3892,GEN-EWS,390
3893,GEN,
3894,OBC-NCL,717
3895,OBC-NCL,718
3896,GEN-EWS,391
3897,GEN,
3898,GEN,
3899,OBC-NCL,719
3900,GEN,
3901,OBC-NCL,720
3902,OBC-NCL,721
3903,GEN,
3904,OBC-NCL,722
3905,OBC-NCL,723
3906,GEN-EWS,392
3907,OBC-NCL,724
3908,GEN-EWS,393
3909,GEN,
3910,GEN,
3911,GEN-EWS,394
3912,GEN,
3913,OBC-NCL,725
3914,GEN,
3915,GEN,
3916,GEN,
3917,GEN-EWS,395
3918,GEN,
3919,OBC-NCL,726
3920,GEN,
3921,OBC-NCL,727
3922,GEN,
3923,OBC-NCL,728
3924,GEN,
3925,GEN-EWS,396
3926,SC,74
3927,GEN-EWS,397
3928,GEN,
3929,GEN,
3930,GEN,
3931,GEN,
3932,OBC-NCL,729
3933,GEN,
3934,GEN,
3935,OBC-NCL,730
3936,GEN,
3937,OBC-NCL,731
3938,GEN,
3939,OBC-NCL,732
3940,GEN,
3941,GEN,
3942,GEN,
3943,OBC-NCL,733
3944,OBC-NCL,734
3945,GEN,
3946,OBC-NCL,735
3947,GEN,
3948,GEN,
3949,OBC-NCL,736
3950,GEN,
3951,SC,75
3952,GEN,
3953,GEN,
3954,GEN,
3955,GEN,
3956,GEN,
3957,GEN,
3958,SC,76
3959,GEN,
3960,GEN,
3961,GEN,
3962,OBC-NCL,737
3963,GEN,
3964,GEN,
3965,GEN-EWS,398
3966,GEN,
3967,GEN,
3968,OBC-NCL,738
3969,GEN,
3970,GEN,
3971,GEN-EWS,399
3972,GEN,
3973,GEN,
3974,GEN,
3975,GEN,
3976,GEN,
3977,OBC-NCL,739
3978,GEN,
3979,GEN,
3980,GEN,
3981,GEN-EWS,400
3982,GEN,
3983,GEN,
3984,GEN,
3985,GEN,
3986,OBC-NCL,740
3987,GEN,
3988,GEN,
3989,OBC-NCL,741
3990,GEN,
3991,GEN,
3992,GEN,
3993,OBC-NCL,742
3994,OBC-NCL,743
3995,GEN-EWS,401
3996,GEN-EWS,402
3997,OBC-NCL,744
3998,OBC-NCL,745
3999,OBC-NCL,746
4000,OBC-NCL,747
4001,GEN,
4002,GEN,
4003,GEN,
4004,GEN,
4005,GEN,
4006,GEN-EWS,403
4007,OBC-NCL,748
4008,GEN,
4009,OBC-NCL,749
4010,GEN,
4011,GEN,
4012,OBC-NCL,750
4013,OBC-NCL,751
4014,GEN,
4015,GEN,
4016,GEN,
4017,GEN,
4018,GEN,
4019,OBC-NCL,752
4020,GEN,
4021,OBC-NCL,753
4022,GEN,
4023,OBC-NCL,754
4024,OBC-NCL,755
4025,GEN,
4026,OBC-NCL,756
4027,GEN-EWS,404
4028,GEN,
4029,GEN,
4030,OBC-NCL,757
4031,GEN,
4032,GEN,
4033,GEN,
4034,GEN,
4035,GEN,
4036,OBC-NCL,758
4037,GEN,
4038,GEN,
4039,GEN-EWS,405
4040,OBC-NCL,759
4041,OBC-NCL,760
4042,GEN-EWS,406
4043,GEN,
4044,GEN,
4045,GEN,
4046,GEN,
4047,GEN,
4048,OBC-NCL,761
4049,GEN,
4050,GEN,
4051,GEN,
4052,OBC-NCL,762
4053,GEN,
4054,GEN,
4055,GEN,
4056,GEN-EWS,407
4057,OBC-NCL,763
4058,GEN,
4059,OBC-NCL,764
4060,OBC-NCL,765
4061,GEN,
4062,GEN,
4063,GEN,
4064,GEN-EWS,408
4065,GEN,
4066,GEN,
4067,GEN-EWS,409
4068,GEN,
4069,OBC-NCL,766
4070,GEN,
4071,GEN,
4072,GEN,
4073,GEN-EWS,410
4074,GEN,
4075,GEN,
4076,GEN-EWS,411
4077,GEN-EWS,412
4078,OBC-NCL,767
4079,GEN,
4080,OBC-NCL,768
4081,GEN,
4082,GEN,
4083,GEN-EWS,413
4084,OBC-NCL,769
4085,OBC-NCL,770
4086,GEN,
4087,GEN,
4088,OBC-NCL,771
4089,GEN,
4090,OBC-NCL,772
4091,GEN,
4092,GEN,
4093,OBC-NCL,773
4094,GEN,
4095,GEN,
4096,GEN,
4097,GEN,
4098,GEN-EWS,414
4099,GEN,
4100,OBC-NCL,774
4101,GEN,
4102,GEN-EWS,415
4103,GEN,
4104,GEN,
4105,OBC-NCL,775
4106,GEN,
4107,OBC-NCL,776
4108,OBC-NCL,777
4109,GEN,
4110,GEN,
4111,GEN,
4112,GEN,
4113,GEN,
4114,OBC-NCL,778
4115,SC,77
4116,GEN,
4117,GEN,
4118,GEN,
4119,GEN,
4120,SC,78
4121,GEN-EWS,416
4122,SC,79
4123,GEN,
4124,OBC-NCL,779
4125,GEN,
4126,GEN,
4127,OBC-NCL,780
4128,GEN,
4129,GEN-EWS,417
4130,GEN,
4131,GEN,
4132,SC,80
4133,GEN,
4134,OBC-NCL,781
4135,OBC-NCL,782
4136,GEN,
4137,GEN,
4138,GEN,
4139,GEN-EWS,418
4140,OBC-NCL,783
4141,OBC-NCL,784
4142,GEN,
4143,GEN,
4144,OBC-NCL,785
4145,GEN,
4146,OBC-NCL,786
4147,GEN,
4148,GEN,
4149,OBC-NCL,787
4150,GEN,
4151,OBC-NCL,788
4152,GEN,
4153,GEN,
4154,OBC-NCL,789
4155,GEN-EWS,419
4156,GEN-EWS,420
4157,GEN-EWS,421
4158,GEN,
4159,ST,22
4160,OBC-NCL,790
4161,GEN,
4162,GEN-EWS,422
4163,GEN,
4164,GEN,
4165,OBC-NCL,791
4166,GEN,
4167,GEN,
4168,GEN,
4169,OBC-NCL,792
4170,OBC-NCL,793
4171,GEN,
4172,GEN,
4173,OBC-NCL,794
4174,GEN-EWS,423
4175,GEN-EWS,424
4176,GEN,
4177,GEN-EWS,425
4178,GEN,
4179,GEN-EWS,426
4180,GEN,
4181,GEN,
4182,GEN-EWS,427
4183,OBC-NCL,795
4184,GEN,
4185,OBC-NCL,796
4186,GEN-EWS,428
4187,OBC-NCL,797
4188,GEN,
4189,GEN,
4190,OBC-NCL,798
4191,GEN,
4192,GEN,
4193,GEN,
4194,GEN,
4195,GEN-EWS,429
4196,GEN,
4197,GEN,
4198,GEN-EWS,430
4199,GEN,
4200,GEN,
4201,GEN,
4202,GEN,
4203,GEN,
4204,GEN,
4205,OBC-NCL,799
4206,GEN,
4207,OBC-NCL,800
4208,GEN,
4209,GEN,
4210,GEN,
4211,OBC-NCL,801
4212,GEN,
4213,GEN,
4214,GEN,
4215,GEN-EWS,431
4216,GEN,
4217,OBC-NCL,802
4218,GEN,
4219,GEN,
4220,GEN,
4221,GEN,
4222,OBC-NCL,803
4223,GEN,
4224,GEN,
4225,GEN,
4226,GEN,
4227,GEN,
4228,GEN,
4229,GEN,
4229,GEN-EWS,432
4229,GEN-EWS,432
4232,OBC-NCL,804
4233,SC,81
4234,GEN,
4235,GEN,
4236,GEN,
4237,OBC-NCL,805
4238,OBC-NCL,806
4239,GEN,
4240,OBC-NCL,807
4241,GEN,
4242,GEN-EWS,434
4243,OBC-NCL,808
4244,OBC-NCL,809
4245,GEN,
4246,GEN,
4247,GEN-EWS,435
4248,OBC-NCL,810
4249,GEN,
4250,GEN,
4251,GEN-EWS,436
4252,GEN,
4253,OBC-NCL,811
4254,OBC-NCL,812
4255,OBC-NCL,813
4256,GEN,
4257,GEN,
4258,GEN,
4259,SC,82
4260,GEN,
4261,GEN,
4262,GEN,
4263,OBC-NCL,814
4264,GEN,
4265,OBC-NCL,815
4266,GEN-EWS,437
4267,GEN,
4268,OBC-NCL,816
4269,GEN,
4270,GEN,
4271,GEN,
4272,GEN,
4273,GEN,
4274,GEN,
4275,GEN,
4276,GEN,
4277,GEN,
4278,GEN-EWS,438
4279,GEN,
4280,GEN,
4281,GEN,
4282,SC,83
4283,GEN,
4284,GEN,
4285,GEN,
4286,GEN-EWS,439
4287,GEN,
4288,GEN,
4289,GEN,
4290,GEN,
4291,GEN-EWS,440
4292,GEN,
4293,GEN,
4294,GEN,
4295,GEN,
4296,OBC-NCL,817
4297,GEN,
4298,GEN,
4299,GEN,
4300,GEN-EWS,441
4301,GEN,
4302,GEN,
4303,OBC-NCL,818
4304,GEN,
4305,GEN,
4306,GEN,
4307,OBC-NCL,819
4308,GEN,
4309,SC,84
4310,GEN-EWS,442
4311,GEN,
4312,GEN,
4313,OBC-NCL,820
4314,GEN,
4315,OBC-NCL,821
4316,GEN-EWS,443
4317,GEN-EWS,444
4318,SC,85
4319,GEN-EWS,445
4320,OBC-NCL,822
4321,OBC-NCL,823
4322,OBC-NCL,824
4323,GEN,
4324,OBC-NCL,825
4325,GEN,
4326,OBC-NCL,826
4327,GEN-EWS,446
4328,GEN,
4329,GEN,
4330,GEN,
4331,GEN,
4332,GEN,
4333,GEN-EWS,447
4334,GEN,
4335,GEN,
4336,OBC-NCL,827
4337,OBC-NCL,828
4338,GEN,
4339,GEN,
4340,GEN,
4341,OBC-NCL,829
4342,GEN,
4343,GEN,
4344,SC,86
4345,GEN,
4346,GEN-EWS,448
4347,GEN,
4348,GEN-EWS,449
4349,GEN-EWS,450
4350,GEN,
4351,GEN,
4352,GEN-EWS,451
4353,OBC-NCL,830
4354,GEN,
4355,OBC-NCL,831
4356,GEN,
4357,GEN,
4358,SC,87
4359,OBC-NCL,832
4360,GEN,
4361,GEN,
4362,GEN,
4363,GEN,
4364,GEN,
4365,GEN,
4366,GEN,
4367,GEN,
4368,GEN,
4369,GEN,
4370,GEN,
4371,GEN-EWS,452
4372,OBC-NCL,833
4373,GEN,
4374,OBC-NCL,834
4375,OBC-NCL,835
4376,GEN,
4377,GEN,
4378,GEN,
4379,GEN,
4380,GEN,
4381,GEN,
4382,OBC-NCL,836
4383,GEN,
4384,GEN-EWS,453
4385,GEN,
4386,GEN,
4387,OBC-NCL,837
4388,GEN-EWS,454
4389,OBC-NCL,838
4390,GEN,
4391,GEN,
4392,GEN,
4393,GEN,
4394,OBC-NCL,839
4395,SC,88
4396,OBC-NCL,840
4397,GEN,
4398,GEN,
4399,GEN,
4400,GEN,
4401,GEN-EWS,455
4402,GEN,
4403,GEN,
4404,OBC-NCL,841
4405,OBC-NCL,842
4406,GEN,
4407,SC,89
4408,GEN,
4409,GEN,
4410,OBC-NCL,843
4411,GEN,
4412,OBC-NCL,844
4413,GEN,
4414,GEN-EWS,456
4415,GEN-EWS,457
4416,GEN,
4417,GEN,
4418,GEN,
4419,GEN,
4420,GEN,
4421,OBC-NCL,845
4422,OBC-NCL,846
4423,SC,90
4424,GEN,
4425,GEN,
4426,GEN-EWS,458
4427,GEN-EWS,459
4428,OBC-NCL,847
4429,GEN,
4430,GEN,
4431,GEN,
4432,GEN,
4433,GEN,
4434,GEN,
4435,GEN,
4436,GEN,
4437,GEN,
4438,OBC-NCL,848
4439,GEN,
4440,GEN,
4441,GEN-EWS,460
4442,SC,91
4443,GEN,
4444,OBC-NCL,849
4445,GEN,
4446,OBC-NCL,850
4447,GEN,
4448,GEN-EWS,461
4449,GEN,
4450,GEN,
4451,GEN,
4452,GEN,
4453,GEN,
4454,GEN,
4455,GEN,
4456,GEN,
4457,GEN,
4458,GEN,
4459,GEN,
4460,GEN,
4461,OBC-NCL,851
4462,GEN,
4463,GEN,
4464,GEN,
4465,GEN,
4466,GEN,
4467,OBC-NCL,852
4468,GEN,
4469,GEN,
4470,GEN-EWS,462
4471,GEN,
4472,GEN,
4473,GEN-EWS,463
4474,SC,92
4475,OBC-NCL,853
4476,OBC-NCL,854
4477,OBC-NCL,855
4478,GEN-EWS,464
4479,GEN,
4480,GEN,
4481,GEN,
4482,OBC-NCL,856
4483,OBC-NCL,857
4484,OBC-NCL,858
4485,GEN,
4486,GEN,
4487,GEN,
4488,GEN,
4489,GEN,
4490,GEN,
4491,GEN-EWS,465
4492,OBC-NCL,859
4493,OBC-NCL,860
4494,GEN,
4495,GEN,
4496,GEN-EWS,466
4497,GEN,
4498,GEN-EWS,467
4499,OBC-NCL,861
4500,OBC-NCL,862
4501,GEN,
4502,GEN-EWS,468
4503,SC,93
4504,GEN,
4505,OBC-NCL,863
4506,GEN,
4507,GEN,
4508,GEN,
4509,GEN,
4510,GEN,
4511,GEN,
4512,GEN,
4513,GEN,
4514,GEN,
4515,OBC-NCL,864
4516,OBC-NCL,865
4517,SC,94
4518,GEN-EWS,469
4519,OBC-NCL,866
4520,GEN,
4521,GEN,
4522,GEN,
4523,GEN,
4524,GEN-EWS,470
4525,GEN,
4526,GEN,
4527,GEN-EWS,471
4528,GEN,
4529,GEN,
4530,GEN,
4531,GEN,
4532,OBC-NCL,867
4533,GEN,
4534,GEN-EWS,472
4535,GEN,
4536,GEN,
4537,GEN-EWS,473
4538,GEN,
4539,GEN,
4540,GEN,
4541,GEN,
4542,GEN,
4543,OBC-NCL,868
4544,GEN,
4545,OBC-NCL,869
4546,GEN,
4547,OBC-NCL,870
4548,GEN-EWS,474
4549,OBC-NCL,871
4550,GEN,
4551,GEN-EWS,475
4552,SC,95
4553,GEN,
4554,OBC-NCL,872
4555,GEN,
4556,GEN,
4557,GEN,
4558,OBC-NCL,873
4559,GEN,
4560,GEN,
4561,GEN,
4562,GEN,
4563,GEN,
4564,GEN,
4565,OBC-NCL,874
4566,GEN-EWS,476
4567,GEN,
4568,GEN,
4569,SC,96
4570,GEN-EWS,477
4571,OBC-NCL,875
4572,GEN,
4573,SC,97
4574,GEN,
4575,GEN,
4576,GEN,
4577,OBC-NCL,876
4578,GEN,
4579,GEN,
4580,OBC-NCL,877
4581,GEN,
4582,SC,98
4583,GEN,
4584,GEN,
4585,GEN,
4586,GEN,
4587,GEN,
4588,GEN,
4589,GEN,
4590,SC,99
4591,OBC-NCL,878
4592,GEN,
4593,GEN,
4594,GEN,
4595,GEN,
4596,SC,100
4597,GEN,
4598,OBC-NCL,879
4599,OBC-NCL,880
4600,GEN,
4601,OBC-NCL,881
4602,GEN-EWS,478
4603,GEN-EWS,479
4604,GEN-EWS,480
4605,GEN,
4606,GEN,
4607,GEN,
4608,GEN,
4609,GEN,
4610,GEN,
4611,GEN,
4612,GEN,
4613,GEN-EWS,481
4614,GEN,
4615,GEN,
4616,GEN,
4617,OBC-NCL,882
4618,GEN,
4619,GEN,
4620,GEN,
4621,GEN,
4622,GEN,
4623,OBC-NCL,883
4624,GEN,
4625,OBC-NCL,884
4626,GEN,
4627,GEN-EWS,482
4628,GEN,
4629,GEN,
4630,OBC-NCL,885
4631,GEN,
4632,GEN,
4633,GEN,
4634,GEN,
4635,GEN,
4636,GEN,
4637,GEN,
4638,OBC-NCL,886
4639,OBC-NCL,887
4640,GEN,
4641,GEN,
4642,GEN,
4643,OBC-NCL,888
4644,GEN-EWS,483
4645,GEN,
4646,GEN,
4647,GEN,
4648,GEN,
4649,OBC-NCL,889
4650,GEN,
4651,OBC-NCL,890
4652,GEN,
4653,GEN,
4654,GEN-EWS,484
4655,OBC-NCL,891
4656,GEN,
4657,GEN,
4658,GEN,
4659,OBC-NCL,892
4660,OBC-NCL,893
4661,GEN,
4662,GEN,
4663,OBC-NCL,894
4664,GEN-EWS,485
4665,GEN,
4666,OBC-NCL,895
4667,OBC-NCL,896
4668,GEN-EWS,486
4669,GEN,
4670,GEN,
4671,GEN,
4672,GEN,
4673,OBC-NCL,897
4674,OBC-NCL,898
4675,GEN-EWS,487
4676,GEN-EWS,488
4677,GEN,
4678,GEN,
4679,GEN,
4680,SC,101
4681,OBC-NCL,899
4682,OBC-NCL,900
4683,GEN,
4684,GEN,
4685,GEN-EWS,489
4686,GEN,
4687,OBC-NCL,901
4688,GEN,
4689,GEN,
4690,GEN,
4691,SC,102
4692,GEN-EWS,490
4693,GEN,
4694,SC,103
4695,OBC-NCL,902
4696,GEN,
4697,GEN,
4698,OBC-NCL,903
4699,GEN,
4700,GEN-EWS,491
4701,GEN,
4702,GEN,
4703,OBC-NCL,904
4704,GEN,
4705,SC,104
4706,OBC-NCL,905
4707,SC,105
4708,GEN,
4709,OBC-NCL,906
4710,GEN-EWS,492
4711,GEN-EWS,493
4712,GEN,
4713,GEN-EWS,494
4714,GEN-EWS,495
4715,GEN,
4716,GEN,
4717,GEN,
4718,GEN,
4719,GEN-EWS,496
4720,OBC-NCL,907
4721,GEN,
4722,GEN,
4723,GEN,
4724,GEN,
4725,OBC-NCL,908
4726,GEN,
4727,GEN,
4728,GEN,
4729,OBC-NCL,909
4730,GEN,
4731,GEN,
4732,GEN,
4733,GEN-EWS,497
4734,GEN,
4735,GEN,
4736,GEN,
4737,GEN-EWS,498
4738,OBC-NCL,910
4739,GEN-EWS,499
4740,OBC-NCL,911
4741,GEN,
4742,GEN,
4743,OBC-NCL,912
4744,GEN,
4745,GEN,
4746,OBC-NCL,913
4747,ST,23
4748,GEN,
4749,OBC-NCL,914
4750,GEN-EWS,500
4751,GEN,
4752,GEN-EWS,501
4753,GEN,
4754,OBC-NCL,915
4755,OBC-NCL,916
4756,GEN,
4757,OBC-NCL,917
4758,GEN,
4759,GEN,
4760,GEN,
4761,GEN,
4762,GEN,
4763,OBC-NCL,918
4764,OBC-NCL,919
4765,GEN,
4766,OBC-NCL,920
4767,GEN,
4768,GEN,
4769,GEN,
4770,GEN,
4771,OBC-NCL,921
4772,GEN,
4773,OBC-NCL,922
4774,GEN,
4775,GEN-EWS,502
4776,GEN,
4777,GEN,
4778,GEN,
4779,GEN,
4780,OBC-NCL,923
4781,OBC-NCL,924
4782,OBC-NCL,925
4783,GEN,
4784,OBC-NCL,926
4785,GEN,
4786,GEN,
4787,GEN,
4788,GEN,
4789,OBC-NCL,927
4790,GEN,
4791,GEN-EWS,503
4792,GEN,
4793,OBC-NCL,928
4794,OBC-NCL,929
4795,GEN-EWS,504
4796,GEN,
4797,OBC-NCL,930
4798,SC,106
4799,OBC-NCL,931
4800,GEN,
4801,SC,107
4802,GEN,
4803,GEN,
4804,GEN-EWS,505
4805,GEN,
4806,SC,108
4807,GEN,
4808,OBC-NCL,932
4809,OBC-NCL,933
4810,OBC-NCL,934
4811,GEN,
4812,GEN,
4813,GEN,
4814,GEN,
4815,ST,24
4816,GEN,
4817,GEN,
4818,GEN,
4819,GEN,
4820,GEN,
4821,GEN-EWS,506
4822,GEN,
4823,GEN,
4824,GEN,
4825,GEN,
4826,GEN,
4827,GEN,
4828,GEN,
4829,GEN,
4830,GEN,
4831,GEN,
4832,GEN-EWS,507
4833,GEN,
4834,GEN,
4835,GEN,
4836,GEN,
4837,OBC-NCL,935
4838,GEN,
4839,OBC-NCL,936
4840,GEN,
4841,OBC-NCL,937
4842,GEN,
4843,GEN,
4844,GEN,
4845,GEN-EWS,508
4846,OBC-NCL,938
4847,GEN,
4848,GEN,
4849,GEN,
4850,GEN,
4851,GEN,
4852,GEN,
4853,OBC-NCL,939
4854,GEN-EWS,509
4855,GEN,
4856,OBC-NCL,940
4857,OBC-NCL,941
4858,GEN,
4859,OBC-NCL,942
4860,GEN,
4861,GEN-EWS,510
4862,GEN,
4863,GEN,
4864,OBC-NCL,943
4865,GEN,
4866,OBC-NCL,944
4867,GEN,
4868,GEN,
4869,GEN-EWS,511
4870,OBC-NCL,945
4871,GEN-EWS,512
4872,GEN,
4873,OBC-NCL,946
4874,OBC-NCL,947
4875,GEN,
4876,GEN,
4877,GEN-EWS,513
4878,GEN,
4879,OBC-NCL,948
4880,GEN,
4881,OBC-NCL,949
4882,GEN,
4883,GEN-EWS,514
4884,SC,109
4885,GEN,
4886,GEN,
4887,OBC-NCL,950
4888,OBC-NCL,951
4889,OBC-NCL,952
4890,GEN,
4891,GEN,
4892,GEN,
4893,GEN-EWS,515
4894,GEN,
4895,GEN,
4896,ST,25
4897,GEN-EWS,516
4898,GEN,
4899,GEN,
4900,GEN,
4901,OBC-NCL,953
4902,GEN,
4903,GEN,
4904,OBC-NCL,954
4905,GEN,
4906,OBC-NCL,955
4907,GEN,
4908,GEN,
4909,GEN,
4910,GEN,
4911,OBC-NCL,956
4912,GEN,
4913,OBC-NCL,957
4914,GEN,
4915,OBC-NCL,958
4916,GEN,
4917,GEN,
4918,GEN,
4919,GEN,
4920,OBC-NCL,959
4921,OBC-NCL,960
4922,GEN,
4923,GEN,
4924,GEN,
4925,OBC-NCL,961
4926,GEN,
4927,GEN,
4928,GEN,
4929,GEN,
4930,GEN,
4931,GEN,
4932,GEN,
4933,GEN-EWS,517
4934,GEN-EWS,518
4935,GEN,
4936,GEN,
4937,OBC-NCL,962
4938,GEN,
4939,GEN,
4940,GEN-EWS,519
4941,GEN,
4942,GEN,
4943,GEN,
4944,GEN,
4945,GEN,
4946,GEN-EWS,520
4947,GEN,
4948,GEN,
4949,GEN-EWS,521
4950,GEN,
4951,GEN,
4952,GEN-EWS,522
4953,GEN,
4954,GEN,
4955,GEN-EWS,523
4956,GEN,
4957,GEN,
4958,GEN,
4959,OBC-NCL,963
4960,GEN,
4961,GEN,
4962,OBC-NCL,964
4963,GEN,
4964,GEN,
4965,GEN-EWS,524
4966,GEN,
4967,GEN-EWS,525
4968,GEN,
4969,GEN,
4970,OBC-NCL,965
4971,GEN-EWS,526
4972,GEN,
4973,OBC-NCL,966
4974,GEN,
4975,GEN,
4976,GEN,
4977,GEN,
4978,GEN-EWS,527
4979,GEN,
4980,SC,110
4981,GEN,
4982,GEN,
4983,GEN,
4984,GEN,
4985,GEN,
4986,GEN-EWS,528
4987,GEN,
4988,GEN-EWS,529
4989,GEN,
4990,GEN,
4991,OBC-NCL,967
4992,GEN-EWS,530
4993,OBC-NCL,968
4994,GEN,
4995,OBC-NCL,969
4996,GEN,
4997,GEN,
4998,GEN,
4999,GEN,
5000,GEN,
5001,GEN,
5002,GEN,
5003,GEN,
5004,GEN,
5005,OBC-NCL,970
5006,GEN,
5007,GEN,
5008,GEN,
5009,GEN,
5010,GEN,
5011,GEN,
5012,GEN,
5013,GEN-EWS,531
5014,OBC-NCL,971
5015,GEN,
5016,GEN,
5017,GEN,
5018,GEN,
5019,GEN,
5020,GEN,
5021,GEN-EWS,532
5022,SC,111
5023,OBC-NCL,972
5024,GEN-EWS,533
5025,GEN,
5026,OBC-NCL,973
5027,GEN,
5028,GEN,
5029,GEN,
5030,GEN,
5031,OBC-NCL,974
5032,GEN,
5033,OBC-NCL,975
5034,GEN,
5035,OBC-NCL,976
5036,GEN,
5037,GEN,
5038,OBC-NCL,977
5039,OBC-NCL,978
5040,OBC-NCL,979
5041,GEN,
5042,GEN,
5043,GEN,
5044,GEN,
5045,GEN,
5046,GEN,
5047,GEN,
5048,GEN,
5049,GEN,
5050,GEN,
5051,GEN,
5052,GEN,
5053,GEN,
5054,OBC-NCL,980
5055,GEN-EWS,534
5056,GEN,
5057,GEN,
5058,OBC-NCL,981
5059,GEN,
5060,GEN-EWS,535
5061,OBC-NCL,982
5062,GEN,
5063,GEN,
5064,GEN,
5065,GEN,
5066,GEN-EWS,536
5067,GEN,
5068,OBC-NCL,983
5069,GEN,
5070,GEN,
5071,OBC-NCL,984
5072,GEN-EWS,537
5073,GEN,
5074,OBC-NCL,985
5075,GEN,
5076,GEN,
5077,OBC-NCL,986
5078,GEN-EWS,538
5079,GEN,
5080,GEN,
5081,GEN,
5082,GEN,
5083,GEN,
5084,GEN,
5085,GEN,
5086,OBC-NCL,987
5087,GEN,
5088,OBC-NCL,988
5089,GEN,
5090,GEN,
5091,GEN,
5092,GEN,
5093,GEN-EWS,539
5094,GEN,
5095,GEN-EWS,540
5096,GEN,
5097,OBC-NCL,989
5098,GEN,
5099,ST,26
5100,OBC-NCL,990
5101,OBC-NCL,991
5102,OBC-NCL,992
5103,GEN,
5104,GEN-EWS,541
5105,GEN,
5106,GEN-EWS,542
5107,GEN,
5108,GEN,
5109,GEN-EWS,543
5110,GEN,
5111,GEN,
5112,OBC-NCL,993
5113,GEN,
5114,GEN,
5115,GEN,
5116,GEN-EWS,544
5117,GEN,
5118,GEN,
5119,GEN,
5120,GEN,
5121,GEN,
5122,GEN,
5123,GEN,
5124,GEN,
5125,GEN-EWS,545
5126,GEN-EWS,546
5127,GEN,
5128,GEN,
5129,GEN,
5130,OBC-NCL,994
5131,GEN-EWS,547
5132,GEN,
5133,GEN-EWS,548
5134,GEN,
5135,GEN-EWS,549
5136,GEN,
5137,GEN,
5138,GEN,
5139,OBC-NCL,995
5140,GEN,
5141,OBC-NCL,996
5142,GEN,
5143,GEN,
5144,GEN,
5145,GEN,
5146,GEN,
5147,OBC-NCL,997
5148,OBC-NCL,998
5149,GEN,
5150,GEN-EWS,550
5151,OBC-NCL,999
5152,GEN,
5153,GEN,
5154,GEN,
5155,GEN,
5156,OBC-NCL,1000
5157,OBC-NCL,1001
5158,GEN,
5159,OBC-NCL,1002
5160,GEN,
5161,OBC-NCL,1003
5162,GEN,
5163,GEN,
5164,GEN,
5165,GEN,
5166,GEN,
5167,GEN,
5168,GEN,
5169,GEN-EWS,551
5170,GEN,
5171,GEN,
5172,GEN,
5173,GEN,
5174,GEN,
5175,GEN,
5176,GEN-EWS,552
5177,OBC-NCL,1004
5178,GEN,
5179,OBC-NCL,1005
5180,GEN-EWS,553
5181,GEN,
5182,GEN,
5183,GEN,
5184,GEN,
5185,GEN,
5186,GEN,
5187,GEN,
5188,GEN-EWS,554
5189,OBC-NCL,1006
5190,GEN,
5191,GEN,
5192,GEN,
5193,GEN,
5194,GEN,
5195,OBC-NCL,1007
5196,OBC-NCL,1008
5197,OBC-NCL,1009
5198,OBC-NCL,1010
5199,GEN,
5200,GEN,
5201,GEN-EWS,555
5202,OBC-NCL,1011
5203,GEN,
5204,OBC-NCL,1012
5205,GEN-EWS,556
5206,GEN,
5207,GEN,
5208,GEN,
5209,OBC-NCL,1013
5210,SC,112
5211,OBC-NCL,1014
5212,GEN,
5213,GEN,
5214,OBC-NCL,1015
5215,OBC-NCL,1016
5216,GEN,
5217,GEN,
5218,OBC-NCL,1017
5219,GEN,
5220,GEN,
5221,GEN,
5222,GEN,
5223,GEN-EWS,557
5224,GEN,
5225,OBC-NCL,1018
5226,GEN-EWS,558
5227,GEN,
5228,GEN,
5229,SC,113
5230,GEN,
5231,GEN,
5232,OBC-NCL,1019
5233,GEN,
5234,GEN-EWS,559
5235,GEN,
5236,GEN,
5237,GEN,
5238,GEN,
5239,OBC-NCL,1020
5240,OBC-NCL,1021
5241,GEN,
5242,OBC-NCL,1022
5243,GEN,
5244,GEN,
5245,GEN,
5246,GEN,
5247,GEN,
5248,GEN,
5249,GEN,
5250,GEN,
5251,GEN,
5252,GEN-EWS,560
5253,GEN,
5254,GEN,
5255,GEN,
5256,OBC-NCL,1023
5257,GEN,
5258,GEN,
5259,OBC-NCL,1024
5260,GEN,
5261,GEN,
5262,GEN,
5263,GEN,
5264,ST,27
5265,GEN,
5266,GEN,
5267,GEN,
5268,GEN-EWS,561
5269,GEN-EWS,562
5270,GEN,
5271,OBC-NCL,1025
5272,OBC-NCL,1026
5273,GEN,
5274,GEN,
5275,OBC-NCL,1027
5276,OBC-NCL,1028
5277,GEN-EWS,563
5278,GEN-EWS,564
5279,GEN,
5280,GEN-EWS,565
5281,GEN,
5282,OBC-NCL,1029
5283,GEN,
5284,OBC-NCL,1030
5285,GEN,
5286,GEN,
5287,GEN,
5288,OBC-NCL,1031
5289,OBC-NCL,1032
5290,GEN,
5291,GEN,
5292,GEN-EWS,566
5293,GEN,
5294,GEN,
5295,GEN,
5296,GEN,
5297,GEN,
5298,GEN,
5299,OBC-NCL,1033
5300,GEN-EWS,567
5301,GEN-EWS,568
5302,GEN,
5303,GEN,
5304,GEN,
5305,GEN,
5306,OBC-NCL,1034
5307,GEN,
5308,SC,114
5309,GEN,
5310,GEN-EWS,569
5311,GEN,
5312,OBC-NCL,1035
5313,OBC-NCL,1036
5314,GEN,
5315,GEN,
5316,GEN,
5317,GEN,
5318,OBC-NCL,1037
5319,GEN,
5320,GEN,
5321,OBC-NCL,1038
5322,OBC-NCL,1039
5323,OBC-NCL,1040
5324,GEN,
5325,GEN,
5326,GEN,
5327,GEN,
5328,GEN,
5329,GEN,
5330,GEN,
5331,OBC-NCL,1041
5332,OBC-NCL,1042
5333,GEN,
5334,OBC-NCL,1043
5335,OBC-NCL,1044
5336,GEN,
5337,OBC-NCL,1045
5338,OBC-NCL,1046
5339,GEN,
5340,GEN,
5341,SC,115
5342,GEN,
5343,OBC-NCL,1047
5344,GEN,
5345,GEN,
5346,GEN,
5347,GEN,
5348,OBC-NCL,1048
5349,GEN-EWS,570
5350,GEN,
5351,GEN,
5352,SC,116
5353,GEN,
5354,GEN,
5355,GEN,
5356,GEN,
5357,GEN,
5358,GEN-EWS,571
5359,GEN,
5360,OBC-NCL,1049
5361,GEN,
5362,SC,117
5363,GEN,
5364,OBC-NCL,1050
5365,OBC-NCL,1051
5366,OBC-NCL,1052
5367,ST,28
5368,GEN,
5369,OBC-NCL,1053
5370,GEN,
5371,GEN,
5372,GEN,
5373,GEN-EWS,572
5374,GEN,
5375,GEN,
5376,GEN,
5377,OBC-NCL,1054
5378,SC,118
5379,GEN,
5380,GEN,
5381,GEN,
5382,GEN,
5383,GEN,
5384,GEN,
5385,GEN,
5386,GEN,
5387,GEN,
5388,GEN,
5389,GEN,
5390,GEN,
5391,GEN,
5392,GEN,
5393,GEN,
5394,GEN,
5395,OBC-NCL,1055
5396,GEN,
5397,GEN,
5398,GEN,
5399,GEN,
5400,OBC-NCL,1056
5401,GEN,
5402,GEN,
5403,GEN,
5404,GEN,
5405,GEN-EWS,573
5406,GEN,
5407,OBC-NCL,1057
5408,GEN,
5409,GEN,
5410,GEN,
5411,GEN,
5412,SC,119
5413,GEN,
5414,GEN,
5415,OBC-NCL,1058
5416,GEN,
5417,GEN-EWS,574
5418,OBC-NCL,1059
5419,GEN,
5420,GEN-EWS,575
5421,GEN,
5422,GEN,
5423,SC,120
5424,OBC-NCL,1060
5425,GEN-EWS,576
5426,GEN,
5427,GEN-EWS,577
5428,OBC-NCL,1061
5429,OBC-NCL,1062
5430,GEN,
5431,OBC-NCL,1063
5432,GEN,
5433,GEN,
5434,GEN-EWS,578
5435,GEN,
5436,GEN,
5437,SC,121
5438,GEN,
5439,GEN,
5440,OBC-NCL,1064
5441,GEN-EWS,579
5442,GEN,
5443,OBC-NCL,1065
5444,GEN,
5445,GEN,
5446,GEN,
5447,GEN,
5448,OBC-NCL,1066
5449,GEN,
5450,GEN,
5451,OBC-NCL,1067
5452,GEN,
5453,GEN,
5454,OBC-NCL,1068
5455,GEN,
5456,OBC-NCL,1069
5457,GEN,
5458,GEN,
5459,GEN-EWS,580
5460,OBC-NCL,1070
5461,GEN,
5462,GEN-EWS,581
5463,GEN,
5464,OBC-NCL,1071
5465,GEN-EWS,582
5466,GEN,
5467,OBC-NCL,1072
5468,GEN-EWS,583
5469,OBC-NCL,1073
5470,GEN,
5471,GEN,
5472,GEN,
5473,OBC-NCL,1074
5474,GEN-EWS,584
5475,OBC-NCL,1075
5476,GEN,
5477,GEN-EWS,585
5478,GEN-EWS,586
5479,GEN,
5480,GEN,
5481,GEN-EWS,587
5482,SC,122
5483,GEN-EWS,588
5484,GEN,
5485,GEN-EWS,589
5486,OBC-NCL,1076
5487,GEN,
5488,GEN,
5489,OBC-NCL,1077
5490,GEN,
5491,GEN,
5492,GEN,
5493,GEN,
5494,GEN,
5495,OBC-NCL,1078
5496,OBC-NCL,1079
5497,GEN,
5498,GEN,
5499,GEN,
5500,GEN,
5501,GEN-EWS,590
5502,GEN,
5503,OBC-NCL,1080
5504,GEN-EWS,591
5505,OBC-NCL,1081
5506,GEN,
5507,GEN,
5508,OBC-NCL,1082
5509,GEN,
5510,GEN,
5511,GEN,
5512,OBC-NCL,1083
5513,GEN,
5514,GEN,
5515,GEN,
5516,GEN,
5517,GEN,
5518,OBC-NCL,1084
5519,OBC-NCL,1085
5520,GEN,
5521,GEN,
5522,GEN,
5523,OBC-NCL,1086
5524,OBC-NCL,1087
5525,OBC-NCL,1088
5526,GEN,
5527,GEN,
5528,GEN-EWS,592
5529,GEN,
5530,GEN,
5531,GEN,
5532,OBC-NCL,1089
5533,GEN,
5534,GEN,
5535,GEN,
5536,GEN,
5537,GEN,
5538,GEN,
5539,GEN,
5540,GEN-EWS,593
5541,GEN,
5542,OBC-NCL,1090
5543,GEN-EWS,594
5544,GEN-EWS,595
5545,GEN-EWS,596
5546,GEN,
5547,OBC-NCL,1091
5548,OBC-NCL,1092
5549,GEN,
5550,GEN-EWS,597
5551,GEN,
5552,GEN,
5553,GEN,
5554,GEN,
5555,OBC-NCL,1093
5556,GEN,
5557,GEN,
5558,GEN,
5559,OBC-NCL,1094
5560,GEN,
5561,GEN,
5562,GEN,
5563,GEN,
5564,OBC-NCL,1095
5565,GEN,
5566,GEN,
5567,SC,123
5568,GEN,
5569,GEN-EWS,598
5570,GEN-EWS,599
5571,GEN,
5572,GEN,
5573,GEN,
5574,OBC-NCL,1096
5575,OBC-NCL,1097
5576,GEN,
5577,GEN,
5578,GEN-EWS,600
5579,GEN-EWS,601
5580,GEN-EWS,602
5581,OBC-NCL,1098
5582,GEN,
5583,OBC-NCL,1099
5584,GEN,
5585,GEN,
5586,OBC-NCL,1100
5587,SC,124
5588,GEN,
5589,OBC-NCL,1101
5590,GEN,
5591,GEN,
5592,GEN-EWS,603
5593,GEN,
5594,GEN,
5595,GEN,
5596,GEN,
5597,SC,125
5598,SC,126
5599,GEN,
5600,GEN,
5601,GEN,
5602,OBC-NCL,1102
5603,OBC-NCL,1103
5604,GEN,
5605,GEN-EWS,604
5606,GEN,
5607,OBC-NCL,1104
5608,GEN,
5609,GEN,
5610,GEN-EWS,605
5611,OBC-NCL,1105
5612,OBC-NCL,1106
5613,GEN,
5614,GEN,
5615,GEN,
5616,GEN-EWS,606
5617,GEN,
5618,OBC-NCL,1107
5619,SC,127
5620,OBC-NCL,1108
5621,OBC-NCL,1109
5622,OBC-NCL,1110
5623,GEN,
5624,OBC-NCL,1111
5625,GEN,
5626,GEN,
5627,GEN,
5628,GEN,
5629,GEN,
5630,GEN,
5631,OBC-NCL,1112
5632,OBC-NCL,1113
5633,GEN-EWS,607
5634,GEN,
5635,GEN,
5636,OBC-NCL,1114
5637,GEN,
5638,OBC-NCL,1115
5639,GEN,
5640,OBC-NCL,1116
5641,GEN,
5642,GEN,
5643,GEN,
5644,GEN,
5645,OBC-NCL,1117
5646,SC,128
5647,OBC-NCL,1118
5648,GEN-EWS,608
5649,GEN,
5650,GEN,
5651,OBC-NCL,1119
5652,GEN,
5653,OBC-NCL,1120
5654,GEN,
5655,GEN,
5656,GEN,
5657,GEN,
5658,GEN,
5659,OBC-NCL,1121
5660,OBC-NCL,1122
5661,GEN-EWS,609
5662,GEN-EWS,610
5663,GEN,
5664,OBC-NCL,1123
5665,GEN,
5666,GEN,
5667,GEN,
5668,OBC-NCL,1124
5669,GEN-EWS,611
5670,GEN,
5671,SC,129
5672,GEN,
5673,GEN,
5674,GEN,
5675,OBC-NCL,1125
5676,GEN,
5677,GEN,
5678,GEN,
5679,GEN,
5680,GEN,
5681,GEN-EWS,612
5682,GEN-EWS,613
5683,GEN,
5684,GEN,
5685,OBC-NCL,1126
5686,GEN,
5687,OBC-NCL,1127
5688,OBC-NCL,1128
5689,GEN,
5690,GEN,
5691,GEN,
5692,OBC-NCL,1129
5693,GEN,
5694,GEN-EWS,614
5695,GEN,
5696,GEN,
5697,GEN,
5698,OBC-NCL,1130
5699,GEN,
5700,OBC-NCL,1131
5701,GEN,
5702,OBC-NCL,1132
5703,OBC-NCL,1133
5704,GEN,
5705,GEN,
5706,OBC-NCL,1134
5707,GEN,
5708,OBC-NCL,1135
5709,GEN-EWS,615
5710,GEN,
5711,GEN-EWS,616
5712,GEN,
5713,GEN,
5714,GEN,
5715,GEN,
5716,GEN,
5717,GEN,
5718,GEN,
5719,GEN,
5720,GEN,
5721,ST,29
5722,OBC-NCL,1136
5723,GEN,
5724,GEN,
5725,OBC-NCL,1137
5726,OBC-NCL,1138
5727,OBC-NCL,1139
5728,GEN,
5729,SC,130
5730,OBC-NCL,1140
5731,OBC-NCL,1141
5732,OBC-NCL,1142
5733,GEN,
5734,OBC-NCL,1143
5735,OBC-NCL,1144
5736,GEN,
5737,GEN,
5738,GEN,
5739,GEN,
5740,OBC-NCL,1145
5741,GEN,
5742,GEN,
5743,GEN,
5744,GEN,
5745,OBC-NCL,1146
5746,ST,30
5747,GEN-EWS,617
5748,GEN,
5749,GEN,
5750,GEN,
5751,GEN,
5752,GEN,
5753,GEN,
5754,OBC-NCL,1147
5755,GEN-EWS,618
5756,GEN,
5757,OBC-NCL,1148
5758,OBC-NCL,1149
5759,GEN,
5760,GEN-EWS,619
5761,GEN,
5762,GEN,
5763,GEN,
5764,GEN,
5765,GEN,
5766,GEN,
5766,GEN-EWS,620
5768,OBC-NCL,1150
5769,GEN,
5770,OBC-NCL,1151
5771,GEN,
5772,OBC-NCL,1152
5773,GEN,
5774,OBC-NCL,1153
5775,GEN,
5776,OBC-NCL,1154
5777,GEN,
5778,GEN,
5779,OBC-NCL,1155
5780,GEN,
5781,GEN-EWS,621
5782,GEN,
5783,GEN-EWS,622
5784,GEN,
5785,GEN,
5786,GEN-EWS,623
5787,GEN,
5788,GEN,
5789,GEN,
5790,GEN,
5791,GEN,
5792,OBC-NCL,1156
5793,OBC-NCL,1157
5794,GEN,
5795,GEN,
5796,OBC-NCL,1158
5797,GEN,
5798,GEN,
5799,GEN,
5800,OBC-NCL,1159
5801,GEN-EWS,624
5802,GEN,
5803,GEN-EWS,625
5804,GEN,
5805,GEN,
5806,GEN,
5807,OBC-NCL,1160
5808,GEN-EWS,626
5809,OBC-NCL,1161
5810,GEN-EWS,627
5811,GEN,
5812,OBC-NCL,1162
5813,GEN,
5814,GEN,
5815,GEN,
5816,OBC-NCL,1163
5817,GEN,
5818,OBC-NCL,1164
5819,SC,131
5820,GEN,
5821,GEN,
5822,GEN,
5823,GEN,
5824,GEN,
5825,GEN-EWS,628
5826,GEN,
5827,OBC-NCL,1165
5828,OBC-NCL,1166
5829,GEN-EWS,629
5830,GEN,
5831,GEN,
5832,GEN,
5833,GEN,
5834,GEN-EWS,630
5835,GEN,
5836,OBC-NCL,1167
5837,GEN,
5838,OBC-NCL,1168
5839,GEN,
5840,GEN-EWS,631
5841,GEN-EWS,632
5842,GEN,
5843,GEN,
5844,GEN,
5845,GEN,
5846,GEN,
5847,GEN,
5848,GEN,
5849,OBC-NCL,1169
5850,GEN,
5851,OBC-NCL,1170
5852,GEN,
5853,GEN,
5854,GEN,
5855,GEN,
5856,GEN,
5857,GEN,
5858,GEN,
5859,GEN,
5860,OBC-NCL,1171
5861,OBC-NCL,1172
5862,GEN,
5863,GEN,
5864,GEN-EWS,633
5865,GEN,
5866,GEN-EWS,634
5867,GEN,
5868,GEN-EWS,635
5869,GEN,
5870,GEN,
5871,GEN,
5872,GEN,
5873,GEN-EWS,636
5874,OBC-NCL,1173
5875,GEN,
5876,GEN-EWS,637
5877,GEN,
5878,GEN,
5879,OBC-NCL,1174
5880,OBC-NCL,1175
5881,OBC-NCL,1176
5882,GEN,
5883,GEN,
5884,GEN,
5885,GEN,
5886,GEN,
5887,GEN,
5888,GEN,
5889,OBC-NCL,1177
5890,OBC-NCL,1178
5891,GEN,
5892,GEN,
5893,GEN-EWS,638
5894,OBC-NCL,1179
5895,GEN-EWS,639
5896,OBC-NCL,1180
5897,GEN,
5898,GEN,
5899,GEN,
5900,GEN,
5901,GEN,
5902,GEN,
5903,GEN,
5904,OBC-NCL,1181
5905,GEN,
5906,OBC-NCL,1182
5907,GEN,
5908,GEN,
5909,OBC-NCL,1183
5910,OBC-NCL,1184
5911,OBC-NCL,1185
5912,GEN-EWS,640
5913,OBC-NCL,1186
5914,GEN,
5915,GEN,
5916,GEN-EWS,641
5917,GEN,
5918,GEN,
5919,GEN,
5920,OBC-NCL,1187
5921,GEN,
5922,OBC-NCL,1188
5923,GEN,
5924,GEN,
5925,GEN-EWS,642
5926,GEN,
5927,OBC-NCL,1189
5928,OBC-NCL,1190
5929,GEN,
5930,GEN,
5931,OBC-NCL,1191
5932,GEN,
5933,GEN,
5934,OBC-NCL,1192
5935,OBC-NCL,1193
5936,GEN-EWS,643
5937,OBC-NCL,1194
5938,GEN,
5939,GEN,
5940,GEN-EWS,644
5941,GEN-EWS,645
5942,GEN-EWS,646
5943,OBC-NCL,1195
5944,GEN,
5945,OBC-NCL,1196
5946,OBC-NCL,1197
5947,GEN,
5948,GEN,
5949,OBC-NCL,1198
5950,OBC-NCL,1199
5951,GEN-EWS,647
5952,GEN,
5953,GEN,
5954,GEN,
5955,OBC-NCL,1200
5956,GEN-EWS,648
5957,GEN,
5958,GEN-EWS,649
5959,GEN,
5960,GEN-EWS,650
5961,GEN,
5962,GEN,
5963,GEN,
5964,OBC-NCL,1201
5965,OBC-NCL,1202
5966,SC,132
5967,OBC-NCL,1203
5968,GEN,
5969,GEN,
5970,GEN,
5971,GEN,
5972,GEN,
5973,OBC-NCL,1204
5974,OBC-NCL,1205
5975,OBC-NCL,1206
5976,GEN,
5977,SC,133
5978,OBC-NCL,1207
5979,GEN,
5980,OBC-NCL,1208
5981,OBC-NCL,1209
5982,GEN,
5983,GEN,
5984,GEN,
5985,GEN,
5986,OBC-NCL,1210
5987,GEN,
5988,GEN,
5989,GEN,
5990,OBC-NCL,1211
5991,GEN,
5992,GEN,
5993,OBC-NCL,1212
5994,GEN,
5995,OBC-NCL,1213
5996,GEN,
5997,GEN,
5998,OBC-NCL,1214
5999,GEN-EWS,651
6000,GEN-EWS,652
6001,OBC-NCL,1215
6002,OBC-NCL,1216
6003,GEN,
6004,GEN-EWS,653
6005,OBC-NCL,1217
6006,OBC-NCL,1218
6007,GEN,
6008,OBC-NCL,1219
6009,OBC-NCL,1220
6010,GEN-EWS,654
6011,GEN,
6012,GEN,
6013,GEN,
6014,GEN,
6015,OBC-NCL,1221
6016,GEN,
6016,GEN,
6018,GEN,
6019,GEN,
6020,OBC-NCL,1222
6021,GEN-EWS,655
6022,GEN-EWS,656
6023,OBC-NCL,1223
6024,GEN,
6025,OBC-NCL,1224
6026,OBC-NCL,1225
6027,GEN,
6028,GEN-EWS,657
6029,OBC-NCL,1226
6030,OBC-NCL,1227
6031,OBC-NCL,1228
6032,GEN,
6033,GEN,
6034,GEN,
6035,GEN,
6036,GEN,
6037,GEN,
6038,GEN-EWS,658
6039,OBC-NCL,1229
6040,GEN-EWS,659
6041,OBC-NCL,1230
6042,GEN,
6043,GEN,
6044,GEN,
6045,GEN,
6046,GEN,
6047,GEN,
6048,GEN,
6049,GEN-EWS,660
6050,OBC-NCL,1231
6051,OBC-NCL,1232
6052,GEN,
6053,GEN,
6054,GEN,
6055,GEN,
6056,GEN-EWS,661
6057,SC,134
6058,GEN,
6059,GEN,
6060,OBC-NCL,1233
6061,GEN-EWS,662
6062,GEN,
6063,GEN,
6064,OBC-NCL,1234
6065,GEN,
6066,OBC-NCL,1235
6067,OBC-NCL,1236
6068,GEN,
6069,GEN,
6070,GEN,
6071,GEN,
6072,GEN,
6073,OBC-NCL,1237
6074,GEN-EWS,663
6075,GEN,
6076,GEN,
6077,GEN-EWS,664
6078,OBC-NCL,1238
6079,OBC-NCL,1239
6080,GEN-EWS,665
6081,OBC-NCL,1240
6082,GEN,
6083,GEN,
6084,GEN,
6085,GEN,
6086,GEN,
6087,GEN,
6088,OBC-NCL,1241
6089,GEN,
6090,OBC-NCL,1242
6091,GEN,
6092,GEN,
6093,OBC-NCL,1243
6094,SC,135
6095,GEN,
6096,GEN,
6097,GEN,
6098,GEN,
6099,OBC-NCL,1244
6100,OBC-NCL,1245
6101,OBC-NCL,1246
6102,GEN,
6103,GEN,
6104,GEN,
6105,GEN,
6106,OBC-NCL,1247
6107,GEN-EWS,666
6108,GEN,
6109,GEN,
6110,OBC-NCL,1248
6111,GEN,
6112,GEN,
6113,OBC-NCL,1249
6114,GEN,
6115,OBC-NCL,1250
6116,GEN-EWS,667
6117,GEN,
6118,GEN,
6119,GEN,
6120,GEN-EWS,668
6121,GEN,
6122,GEN-EWS,669
6123,OBC-NCL,1251
6124,GEN,
6125,GEN-EWS,670
6126,GEN,
6127,OBC-NCL,1252
6128,GEN,
6129,OBC-NCL,1253
6130,GEN,
6131,OBC-NCL,1254
6132,GEN,
6133,GEN,
6134,OBC-NCL,1255
6135,GEN,
6136,GEN,
6137,GEN,
6138,OBC-NCL,1256
6139,GEN,
6140,GEN,
6141,GEN,
6142,GEN,
6143,OBC-NCL,1257
6144,OBC-NCL,1258
6145,GEN,
6146,GEN-EWS,671
6147,GEN,
6148,GEN-EWS,672
6149,GEN,
6150,OBC-NCL,1259
6151,GEN,
6152,GEN,
6153,GEN-EWS,673
6154,GEN-EWS,674
6155,GEN-EWS,675
6156,OBC-NCL,1260
6157,OBC-NCL,1261
6158,GEN,
6159,OBC-NCL,1262
6160,GEN,
6161,GEN,
6162,GEN-EWS,676
6163,OBC-NCL,1263
6164,GEN-EWS,677
6165,GEN,
6166,GEN,
6167,GEN,
6168,GEN,
6169,GEN,
6170,GEN,
6171,GEN,
6172,OBC-NCL,1264
6173,OBC-NCL,1265
6174,GEN,
6175,GEN,
6176,GEN,
6177,GEN,
6178,SC,136
6179,OBC-NCL,1266
6180,GEN,
6181,OBC-NCL,1267
6182,GEN,
6183,GEN,
6184,GEN,
6185,GEN-EWS,678
6186,GEN-EWS,679
6187,OBC-NCL,1268
6188,GEN,
6189,GEN-EWS,680
6190,OBC-NCL,1269
6191,GEN-EWS,681
6192,GEN,
6193,OBC-NCL,1270
6194,GEN,
6195,OBC-NCL,1271
6196,OBC-NCL,1272
6197,OBC-NCL,1273
6198,GEN-EWS,682
6199,GEN-EWS,683
6200,OBC-NCL,1274
6201,GEN,
6202,GEN,
6203,OBC-NCL,1275
6204,GEN,
6205,GEN,
6206,OBC-NCL,1276
6207,GEN,
6208,GEN,
6209,GEN,
6210,GEN,
6211,GEN-EWS,684
6212,OBC-NCL,1277
6213,OBC-NCL,1278
6214,OBC-NCL,1279
6215,GEN-EWS,685
6216,GEN,
6217,GEN,
6218,OBC-NCL,1280
6219,OBC-NCL,1281
6220,OBC-NCL,1282
6221,GEN,
6222,GEN,
6223,GEN,
6224,GEN,
6225,GEN,
6226,GEN,
6227,GEN,
6228,GEN,
6229,GEN-EWS,686
6230,OBC-NCL,1283
6231,GEN,
6232,GEN,
6233,GEN-EWS,687
6234,OBC-NCL,1284
6235,GEN-EWS,688
6236,SC,137
6237,GEN,
6238,OBC-NCL,1285
6239,GEN,
6239,OBC-NCL,1286
6241,GEN,
6242,GEN,
6243,GEN,
6244,GEN,
6245,GEN-EWS,689
6246,GEN-EWS,690
6247,GEN,
6248,ST,31
6249,OBC-NCL,1287
6250,GEN-EWS,691
6251,GEN,
6252,GEN,
6253,OBC-NCL,1288
6254,OBC-NCL,1289
6255,OBC-NCL,1290
6256,GEN-EWS,692
6257,GEN,
6258,OBC-NCL,1291
6259,GEN,
6260,GEN,
6261,GEN,
6262,GEN,
6263,GEN-EWS,693
6264,GEN,
6265,OBC-NCL,1292
6266,OBC-NCL,1293
6267,GEN,
6268,GEN,
6269,GEN,
6270,OBC-NCL,1294
6271,OBC-NCL,1295
6272,OBC-NCL,1296
6273,GEN,
6274,OBC-NCL,1297
6275,GEN,
6276,GEN,
6277,GEN,
6278,GEN,
6279,GEN,
6280,GEN,
6281,GEN,
6282,SC,138
6283,GEN,
6284,GEN-EWS,694
6285,OBC-NCL,1298
6286,OBC-NCL,1299
6287,OBC-NCL,1300
6288,GEN-EWS,695
6289,GEN-EWS,696
6290,GEN,
6291,GEN,
6292,GEN,
6293,GEN,
6294,GEN,
6295,SC,139
6296,SC,140
6297,GEN,
6298,GEN,
6299,GEN,
6300,GEN,
6301,GEN,
6302,OBC-NCL,1301
6303,GEN,
6304,OBC-NCL,1302
6305,GEN,
6306,OBC-NCL,1303
6307,GEN-EWS,697
6308,GEN,
6309,GEN,
6310,GEN-EWS,698
6311,GEN,
6312,OBC-NCL,1304
6313,OBC-NCL,1305
6314,OBC-NCL,1306
6315,GEN,
6316,OBC-NCL,1307
6317,GEN,
6318,GEN-EWS,699
6319,GEN,
6320,GEN-EWS,700
6321,OBC-NCL,1308
6322,GEN,
6323,OBC-NCL,1309
6324,GEN,
6325,GEN-EWS,701
6326,GEN,
6327,GEN-EWS,702
6328,OBC-NCL,1310
6329,GEN,
6330,GEN-EWS,703
6331,GEN,
6332,OBC-NCL,1311
6333,GEN,
6334,GEN,
6335,GEN,
6336,GEN,
6337,GEN,
6338,OBC-NCL,1312
6339,GEN,
6340,OBC-NCL,1313
6341,OBC-NCL,1314
6342,GEN,
6343,OBC-NCL,1315
6344,GEN,
6345,OBC-NCL,1316
6346,GEN,
6347,GEN,
6348,GEN,
6349,GEN,
6350,GEN-EWS,704
6351,GEN,
6352,OBC-NCL,1317
6353,GEN,
6354,GEN,
6355,OBC-NCL,1318
6356,GEN,
6357,GEN,
6358,GEN,
6359,GEN,
6360,OBC-NCL,1319
6361,GEN,
6362,GEN,
6363,GEN,
6364,GEN,
6365,GEN-EWS,705
6366,GEN,
6367,GEN-EWS,706
6368,GEN,
6369,GEN,
6370,OBC-NCL,1320
6371,GEN,
6372,GEN-EWS,707
6373,GEN-EWS,708
6374,SC,141
6375,SC,142
6376,GEN,
6377,GEN,
6378,OBC-NCL,1321
6379,GEN,
6380,GEN,
6381,GEN,
6382,GEN,
6383,GEN,
6384,GEN,
6385,OBC-NCL,1322
6386,OBC-NCL,1323
6387,GEN,
6388,GEN-EWS,709
6389,GEN,
6390,GEN,
6391,GEN,
6392,GEN,
6393,SC,143
6394,OBC-NCL,1324
6395,GEN,
6396,OBC-NCL,1325
6397,GEN,
6398,GEN,
6399,GEN,
6400,GEN,
6401,OBC-NCL,1326
6402,GEN,
6403,GEN,
6404,GEN,
6405,OBC-NCL,1327
6406,GEN,
6407,GEN,
6408,GEN,
6409,OBC-NCL,1328
6410,GEN,
6411,GEN,
6412,GEN,
6413,GEN,
6414,OBC-NCL,1329
6415,GEN-EWS,710
6416,GEN,
6417,GEN,
6418,GEN,
6419,OBC-NCL,1330
6420,OBC-NCL,1331
6421,OBC-NCL,1332
6422,OBC-NCL,1333
6423,GEN,
6424,GEN-EWS,711
6425,GEN,
6426,GEN,
6426,GEN,
6428,GEN,
6429,GEN-EWS,712
6430,GEN-EWS,713
6431,GEN,
6432,GEN,
6433,GEN,
6434,GEN,
6435,GEN,
6436,GEN,
6437,OBC-NCL,1334
6438,GEN,
6439,GEN,
6440,GEN-EWS,714
6441,GEN,
6442,OBC-NCL,1335
6443,GEN,
6444,GEN,
6445,OBC-NCL,1336
6446,OBC-NCL,1337
6447,GEN,
6448,GEN,
6449,GEN,
6450,GEN,
6451,GEN,
6452,GEN,
6453,GEN,
6454,GEN-EWS,715
6455,ST,32
6456,OBC-NCL,1338
6457,GEN,
6458,GEN,
6459,GEN,
6460,GEN-EWS,716
6461,GEN,
6461,GEN,
6463,GEN-EWS,717
6464,SC,144
6465,GEN,
6466,GEN,
6467,GEN,
6468,GEN,
6469,OBC-NCL,1339
6470,GEN,
6471,OBC-NCL,1340
6472,GEN,
6473,GEN,
6474,GEN,
6475,GEN-EWS,718
6476,OBC-NCL,1341
6477,OBC-NCL,1342
6478,OBC-NCL,1343
6479,OBC-NCL,1344
6480,GEN,
6481,GEN,
6482,GEN,
6483,GEN-EWS,719
6484,GEN,
6485,OBC-NCL,1345
6486,GEN,
6487,GEN,
6488,GEN,
6489,OBC-NCL,1346
6490,GEN-EWS,720
6491,GEN,
6492,OBC-NCL,1347
6493,GEN,
6494,GEN,
6495,GEN-EWS,721
6496,OBC-NCL,1348
6497,GEN,
6498,GEN,
6499,GEN,
6500,GEN,
6501,OBC-NCL,1349
6502,GEN,
6503,GEN,
6504,OBC-NCL,1350
6505,GEN,
6506,GEN,
6507,GEN,
6508,GEN-EWS,722
6509,GEN,
6510,OBC-NCL,1351
6511,OBC-NCL,1352
6512,GEN-EWS,723
6513,OBC-NCL,1353
6514,GEN,
6515,GEN,
6516,SC,145
6517,GEN,
6518,GEN,
6519,GEN,
6520,GEN,
6521,OBC-NCL,1354
6522,SC,146
6523,OBC-NCL,1355
6524,GEN,
6525,GEN,
6526,GEN,
6527,GEN,
6528,GEN-EWS,724
6529,GEN,
6530,GEN,
6531,OBC-NCL,1356
6532,GEN,
6533,GEN-EWS,725
6534,GEN,
6535,GEN,
6536,GEN-EWS,726
6537,GEN-EWS,727
6538,OBC-NCL,1357
6539,OBC-NCL,1358
6540,GEN,
6541,OBC-NCL,1359
6542,OBC-NCL,1360
6543,GEN,
6544,GEN,
6545,GEN,
6546,GEN,
6547,GEN,
6548,GEN,
6549,GEN,
6550,GEN-EWS,728
6551,GEN,
6552,GEN,
6553,GEN-EWS,729
6554,GEN-EWS,730
6555,GEN,
6556,GEN-EWS,731
6557,GEN,
6558,OBC-NCL,1361
6559,OBC-NCL,1362
6560,GEN,
6561,GEN-EWS,732
6562,GEN,
6563,GEN,
6564,ST,33
6565,GEN,
6566,GEN-EWS,733
6567,GEN-EWS,734
6568,GEN,
6569,GEN,
6570,GEN,
6571,GEN,
6572,GEN-EWS,735
6573,GEN,
6574,OBC-NCL,1363
6575,GEN,
6576,OBC-NCL,1364
6577,GEN,
6578,GEN,
6579,GEN,
6580,OBC-NCL,1365
6581,GEN-EWS,736
6582,GEN,
6583,OBC-NCL,1366
6584,OBC-NCL,1367
6585,GEN-EWS,737
6586,GEN,
6587,GEN,
6588,ST,34
6589,GEN,
6590,GEN,
6591,GEN,
6592,OBC-NCL,1368
6593,OBC-NCL,1369
6594,SC,147
6595,GEN,
6596,GEN,
6597,GEN,
6598,GEN-EWS,738
6599,GEN,
6600,GEN,
6601,GEN,
6602,OBC-NCL,1370
6603,GEN,
6604,GEN,
6605,OBC-NCL,1371
6606,OBC-NCL,1372
6607,OBC-NCL,1373
6608,OBC-NCL,1374
6609,GEN,
6610,GEN,
6611,GEN,
6612,GEN,
6613,GEN-EWS,739
6614,GEN,
6615,GEN,
6616,OBC-NCL,1375
6617,GEN,
6618,OBC-NCL,1376
6619,OBC-NCL,1377
6620,GEN,
6621,OBC-NCL,1378
6622,GEN,
6623,OBC-NCL,1379
6624,GEN-EWS,740
6625,OBC-NCL,1380
6626,GEN,
6627,GEN,
6628,GEN,
6629,GEN,
6630,GEN,
6631,OBC-NCL,1381
6632,GEN,
6633,GEN,
6634,OBC-NCL,1382
6635,GEN,
6636,SC,148
6637,GEN,
6638,GEN,
6639,GEN,
6640,GEN,
6641,GEN,
6642,GEN,
6643,GEN-EWS,741
6644,GEN-EWS,742
6645,GEN,
6646,GEN,
6647,GEN,
6648,GEN,
6649,GEN,
6650,GEN,
6651,GEN,
6652,GEN,
6653,GEN-EWS,743
6654,OBC-NCL,1383
6655,GEN,
6656,OBC-NCL,1384
6657,GEN,
6658,GEN,
6659,GEN,
6660,GEN-EWS,744
6661,GEN,
6662,GEN,
6663,SC,149
6664,GEN,
6665,OBC-NCL,1385
6666,GEN,
6667,GEN,
6668,GEN,
6669,GEN,
6670,GEN,
6671,GEN-EWS,745
6672,GEN,
6673,GEN,
6674,GEN-EWS,746
6675,GEN,
6676,OBC-NCL,1386
6677,GEN-EWS,747
6678,OBC-NCL,1387
6679,GEN,
6680,GEN,
6681,GEN,
6682,GEN,
6683,GEN,
6684,GEN,
6685,GEN,
6686,GEN,
6687,GEN,
6688,GEN,
6689,OBC-NCL,1388
6690,GEN,
6691,GEN,
6692,OBC-NCL,1389
6693,GEN,
6694,GEN,
6695,OBC-NCL,1390
6696,SC,150
6697,GEN,
6698,OBC-NCL,1391
6699,GEN,
6700,GEN,
6701,GEN,
6702,OBC-NCL,1392
6703,GEN,
6704,GEN-EWS,748
6705,GEN,
6706,ST,35
6707,OBC-NCL,1393
6708,GEN,
6709,GEN,
6710,OBC-NCL,1394
6711,GEN,
6712,GEN,
6713,GEN,
6714,GEN-EWS,749
6715,GEN,
6716,GEN,
6717,OBC-NCL,1395
6718,GEN,
6719,GEN,
6720,GEN,
6721,GEN-EWS,750
6722,GEN,
6723,GEN,
6724,GEN-EWS,751
6725,OBC-NCL,1396
6726,OBC-NCL,1397
6727,GEN,
6728,GEN,
6729,GEN,
6730,GEN,
6731,GEN,
6732,GEN,
6733,OBC-NCL,1398
6734,GEN,
6735,OBC-NCL,1399
6736,GEN,
6737,OBC-NCL,1400
6738,GEN,
6739,GEN,
6740,GEN,
6741,GEN,
6742,OBC-NCL,1401
6743,GEN,
6744,GEN,
6745,SC,151
6746,GEN,
6747,OBC-NCL,1402
6748,GEN,
6749,GEN,
6750,SC,152
6751,SC,153
6752,GEN-EWS,752
6753,GEN-EWS,753
6754,GEN-EWS,754
6755,GEN,
6756,OBC-NCL,1403
6757,GEN-EWS,755
6758,OBC-NCL,1404
6759,GEN,
6760,OBC-NCL,1405
6761,GEN,
6762,GEN,
6763,GEN,
6764,GEN,
6765,GEN,
6766,GEN,
6767,GEN,
6768,GEN,
6769,GEN-EWS,756
6770,GEN,
6771,GEN,
6772,GEN,
6773,GEN,
6774,GEN,
6775,GEN,
6776,OBC-NCL,1406
6777,GEN,
6778,GEN,
6779,GEN,
6780,GEN-EWS,757
6781,GEN,
6782,GEN,
6783,OBC-NCL,1407
6784,GEN,
6785,GEN,
6786,OBC-NCL,1408
6787,GEN,
6788,GEN,
6789,GEN,
6790,OBC-NCL,1409
6791,GEN,
6792,GEN,
6793,GEN,
6794,GEN,
6795,OBC-NCL,1410
6796,GEN,
6797,GEN-EWS,758
6798,GEN,
6799,GEN,
6800,GEN,
6801,GEN,
6802,GEN,
6803,OBC-NCL,1411
6804,GEN,
6805,GEN,
6806,OBC-NCL,1412
6807,GEN,
6808,GEN,
6809,OBC-NCL,1413
6810,GEN,
6811,GEN,
6812,GEN,
6813,GEN,
6814,GEN,
6815,GEN,
6816,OBC-NCL,1414
6817,OBC-NCL,1415
6818,GEN,
6819,GEN-EWS,759
6820,OBC-NCL,1416
6821,SC,154
6822,GEN,
6823,OBC-NCL,1417
6824,GEN,
6825,GEN-EWS,760
6826,GEN,
6827,GEN,
6828,GEN,
6829,SC,155
6830,GEN,
6831,GEN,
6832,GEN,
6833,GEN,
6834,OBC-NCL,1418
6835,OBC-NCL,1419
6836,GEN,
6837,OBC-NCL,1420
6838,GEN,
6839,GEN,
6840,GEN,
6841,GEN,
6842,ST,36
6843,GEN,
6844,GEN,
6845,GEN,
6846,GEN,
6847,GEN,
6848,GEN,
6849,GEN,
6850,GEN,
6851,GEN,
6852,GEN,
6853,OBC-NCL,1421
6854,GEN,
6855,GEN,
6856,OBC-NCL,1422
6857,GEN,
6858,OBC-NCL,1423
6859,OBC-NCL,1424
6860,GEN-EWS,761
6861,GEN-EWS,762
6862,GEN,
6863,GEN,
6864,GEN,
6865,SC,156
6866,OBC-NCL,1425
6867,GEN,
6868,GEN,
6869,GEN,
6870,GEN,
6871,GEN-EWS,763
6872,OBC-NCL,1426
6873,GEN-EWS,764
6874,OBC-NCL,1427
6875,GEN,
6876,GEN-EWS,765
6877,GEN,
6878,OBC-NCL,1428
6879,OBC-NCL,1429
6880,OBC-NCL,1430
6881,GEN,
6882,OBC-NCL,1431
6883,SC,157
6884,GEN,
6885,OBC-NCL,1432
6886,GEN,
6887,OBC-NCL,1433
6888,GEN,
6889,OBC-NCL,1434
6890,GEN-EWS,766
6891,GEN,
6892,GEN,
6893,OBC-NCL,1435
6894,GEN,
6894,GEN,
6896,GEN,
6897,GEN,
6898,OBC-NCL,1436
6899,OBC-NCL,1437
6900,GEN-EWS,767
6901,OBC-NCL,1438
6902,GEN,
6903,GEN,
6904,GEN,
6905,OBC-NCL,1439
6906,OBC-NCL,1440
6907,GEN,
6908,GEN,
6909,GEN,
6910,GEN,
6911,GEN-EWS,768
6912,OBC-NCL,1441
6913,GEN-EWS,769
6914,OBC-NCL,1442
6915,OBC-NCL,1443
6916,GEN,
6917,GEN,
6918,GEN,
6919,GEN,
6920,OBC-NCL,1444
6921,GEN,
6922,GEN,
6923,GEN-EWS,770
6924,OBC-NCL,1445
6925,GEN,
6926,GEN,
6927,OBC-NCL,1446
6928,GEN,
6929,OBC-NCL,1447
6930,GEN-EWS,771
6931,OBC-NCL,1448
6932,GEN,
6933,GEN,
6934,GEN,
6935,OBC-NCL,1449
6936,OBC-NCL,1450
6937,GEN,
6938,OBC-NCL,1451
6939,GEN,
6940,SC,158
6941,GEN,
6942,OBC-NCL,1452
6943,GEN,
6944,GEN,
6945,OBC-NCL,1453
6946,GEN-EWS,772
6947,GEN,
6948,GEN,
6949,OBC-NCL,1454
6950,GEN,
6951,GEN,
6952,OBC-NCL,1455
6953,GEN,
6954,OBC-NCL,1456
6955,GEN,
6956,GEN,
6957,GEN-EWS,773
6958,SC,159
6959,OBC-NCL,1457
6960,GEN,
6961,OBC-NCL,1458
6962,GEN,
6963,OBC-NCL,1459
6964,GEN,
6965,GEN,
6966,GEN,
6967,SC,160
6968,OBC-NCL,1460
6969,GEN-EWS,774
6970,GEN,
6971,OBC-NCL,1461
6972,GEN,
6973,GEN,
6974,GEN,
6975,SC,161
6976,OBC-NCL,1462
6977,GEN,
6978,GEN,
6979,GEN,
6980,GEN,
6981,GEN,
6982,GEN,
6983,OBC-NCL,1463
6984,OBC-NCL,1464
6985,GEN,
6986,GEN-EWS,775
6987,GEN-EWS,776
6988,GEN-EWS,777
6989,GEN,
6990,GEN,
6991,GEN,
6992,GEN-EWS,778
6993,GEN,
6994,GEN-EWS,779
6995,OBC-NCL,1465
6996,GEN,
6997,GEN,
6998,GEN,
6999,GEN,
7000,GEN,
7001,GEN,
7002,OBC-NCL,1466
7003,OBC-NCL,1467
7004,GEN,
7005,OBC-NCL,1468
7006,GEN,
7007,GEN,
7008,GEN,
7009,OBC-NCL,1469
7010,GEN,
7011,GEN,
7012,SC,162
7013,OBC-NCL,1470
7014,GEN,
7015,GEN,
7016,GEN,
7017,GEN-EWS,780
7018,GEN,
7019,GEN,
7020,OBC-NCL,1471
7021,GEN-EWS,781
7022,GEN,
7023,GEN,
7024,SC,163
7025,GEN,
7026,GEN,
7027,GEN,
7028,GEN,
7029,GEN,
7030,GEN-EWS,782
7031,GEN,
7032,GEN,
7033,ST,37
7034,OBC-NCL,1472
7035,GEN,
7036,GEN,
7037,GEN-EWS,783
7038,GEN,
7039,OBC-NCL,1473
7040,GEN,
7041,GEN,
7042,OBC-NCL,1474
7043,GEN,
7044,GEN-EWS,784
7045,OBC-NCL,1475
7046,GEN,
7047,GEN-EWS,785
7048,OBC-NCL,1476
7049,GEN,
7050,GEN,
7051,GEN-EWS,786
7052,SC,164
7053,OBC-NCL,1477
7054,GEN,
7055,GEN,
7056,GEN,
7057,OBC-NCL,1478
7058,GEN,
7059,SC,165
7060,OBC-NCL,1479
7061,GEN,
7062,SC,166
7063,GEN-EWS,787
7064,GEN-EWS,788
7065,GEN,
7066,OBC-NCL,1480
7067,OBC-NCL,1481
7068,GEN-EWS,789
7069,GEN,
7070,GEN,
7071,GEN,
7072,GEN,
7073,GEN-EWS,790
7074,GEN,
7075,GEN,
7076,OBC-NCL,1482
7077,OBC-NCL,1483
7078,GEN,
7079,GEN,
7080,GEN,
7081,GEN,
7082,OBC-NCL,1484
7083,GEN-EWS,791
7084,GEN,
7085,GEN,
7086,GEN,
7087,GEN,
7088,OBC-NCL,1485
7089,OBC-NCL,1486
7090,GEN,
7091,OBC-NCL,1487
7092,OBC-NCL,1488
7093,OBC-NCL,1489
7094,OBC-NCL,1490
7095,GEN,
7096,GEN-EWS,792
7097,GEN,
7098,GEN,
7099,OBC-NCL,1491
7100,GEN-EWS,793
7101,OBC-NCL,1492
7102,GEN,
7103,GEN-EWS,794
7104,GEN,
7105,GEN,
7106,GEN,
7107,GEN,
7108,GEN,
7109,GEN,
7110,ST,38
7111,OBC-NCL,1493
7112,GEN,
7113,GEN,
7114,OBC-NCL,1494
7115,GEN-EWS,795
7116,OBC-NCL,1495
7117,GEN,
7118,GEN,
7119,OBC-NCL,1496
7120,GEN,
7121,GEN,
7122,GEN,
7123,OBC-NCL,1497
7124,GEN,
7125,GEN,
7126,GEN,
7127,GEN,
7128,OBC-NCL,1498
7129,GEN-EWS,796
7130,GEN,
7131,GEN-EWS,797
7132,OBC-NCL,1499
7133,OBC-NCL,1500
7134,OBC-NCL,1501
7135,GEN,
7135,GEN,
7137,OBC-NCL,1502
7138,GEN,
7139,GEN-EWS,798
7140,OBC-NCL,1503
7141,GEN-EWS,799
7142,GEN-EWS,800
7143,OBC-NCL,1504
7144,OBC-NCL,1505
7145,GEN,
7146,GEN,
7147,OBC-NCL,1506
7148,GEN,
7149,OBC-NCL,1507
7150,GEN,
7151,GEN,
7152,GEN,
7153,OBC-NCL,1508
7153,OBC-NCL,1508
7155,GEN-EWS,801
7156,OBC-NCL,1510
7157,GEN,
7158,GEN,
7159,GEN,
7160,GEN,
7161,OBC-NCL,1511
7162,GEN-EWS,802
7163,GEN,
7164,GEN-EWS,803
7165,GEN,
7166,GEN,
7167,OBC-NCL,1512
7168,ST,39
7169,GEN,
7170,GEN,
7171,GEN,
7172,GEN-EWS,804
7173,OBC-NCL,1513
7174,GEN,
7175,OBC-NCL,1514
7176,GEN,
7177,OBC-NCL,1515
7178,GEN,
7179,GEN,
7180,GEN,
7181,OBC-NCL,1516
7182,GEN,
7183,SC,167
7184,GEN-EWS,805
7185,GEN,
7186,GEN,
7187,GEN-EWS,806
7188,OBC-NCL,1517
7189,OBC-NCL,1518
7190,OBC-NCL,1519
7191,OBC-NCL,1520
7192,GEN,
7193,GEN-EWS,807
7194,GEN,
7195,GEN-EWS,808
7196,OBC-NCL,1521
7197,OBC-NCL,1522
7198,GEN-EWS,809
7199,GEN-EWS,810
7200,GEN,
7201,GEN,
7202,GEN,
7203,GEN,
7204,OBC-NCL,1523
7205,OBC-NCL,1524
7206,GEN,
7207,SC,168
7208,GEN,
7209,OBC-NCL,1525
7210,GEN,
7211,OBC-NCL,1526
7212,GEN-EWS,811
7213,OBC-NCL,1527
7214,OBC-NCL,1528
7215,OBC-NCL,1529
7216,GEN,
7217,OBC-NCL,1530
7218,OBC-NCL,1531
7219,GEN,
7220,OBC-NCL,1532
7221,GEN,
7222,OBC-NCL,1533
7223,OBC-NCL,1534
7224,GEN,
7225,GEN,
7226,OBC-NCL,1535
7227,OBC-NCL,1536
7228,GEN,
7229,GEN-EWS,812
7230,GEN-EWS,813
7231,GEN,
7232,OBC-NCL,1537
7233,GEN-EWS,814
7234,GEN,
7235,GEN,
7236,OBC-NCL,1538
7237,OBC-NCL,1539
7238,GEN,
7239,GEN,
7240,OBC-NCL,1540
7241,GEN-EWS,815
7242,GEN,
7243,OBC-NCL,1541
7244,GEN,
7245,GEN,
7246,GEN,
7247,GEN,
7248,GEN,
7249,GEN,
7250,GEN-EWS,816
7251,GEN,
7252,GEN,
7253,OBC-NCL,1542
7254,GEN,
7255,GEN-EWS,817
7256,GEN,
7257,GEN,
7258,OBC-NCL,1543
7259,OBC-NCL,1544
7260,GEN,
7261,GEN,
7262,GEN,
7263,GEN-EWS,818
7264,GEN,
7265,GEN,
7266,GEN,
7267,GEN,
7268,GEN,
7269,OBC-NCL,1545
7270,GEN-EWS,819
7271,OBC-NCL,1546
7272,GEN,
7273,GEN,
7274,GEN,
7275,GEN,
7276,GEN,
7277,GEN,
7278,OBC-NCL,1547
7279,OBC-NCL,1548
7280,OBC-NCL,1549
7281,GEN,
7282,GEN,
7283,GEN,
7284,GEN,
7285,GEN,
7286,GEN-EWS,820
7287,GEN,
7288,OBC-NCL,1550
7289,GEN-EWS,821
7290,GEN,
7291,GEN,
7292,GEN-EWS,822
7293,GEN,
7294,GEN-EWS,823
7295,GEN,
7296,OBC-NCL,1551
7297,GEN-EWS,824
7298,GEN,
7299,GEN,
7300,GEN-EWS,825
7301,GEN-EWS,826
7302,GEN,
7303,GEN-EWS,827
7304,GEN,
7305,OBC-NCL,1552
7306,OBC-NCL,1553
7307,GEN,
7308,GEN,
7309,GEN,
7310,GEN-EWS,828
7311,GEN,
7312,GEN,
7313,GEN,
7314,GEN,
7315,GEN,
7316,GEN-EWS,829
7317,OBC-NCL,1554
7318,GEN,
7319,GEN-EWS,830
7320,OBC-NCL,1555
7321,GEN,
7322,OBC-NCL,1556
7323,GEN-EWS,831
7324,GEN-EWS,832
7325,GEN,
7326,GEN-EWS,833
7327,GEN,
7328,GEN,
7329,GEN,
7330,OBC-NCL,1557
7331,OBC-NCL,1558
7332,GEN,
7333,GEN-EWS,834
7334,GEN-EWS,835
7335,GEN-EWS,836
7336,OBC-NCL,1559
7337,OBC-NCL,1560
7338,OBC-NCL,1561
7339,GEN,
7340,OBC-NCL,1562
7341,OBC-NCL,1563
7342,GEN,
7343,GEN,
7344,OBC-NCL,1564
7345,OBC-NCL,1565
7346,GEN,
7347,GEN-EWS,837
7348,ST,40
7349,OBC-NCL,1566
7350,OBC-NCL,1567
7351,GEN-EWS,838
7352,GEN-EWS,839
7353,OBC-NCL,1568
7354,GEN,
7355,GEN,
7356,GEN,
7357,GEN,
7358,GEN,
7359,GEN,
7360,GEN,
7361,GEN,
7362,GEN-EWS,840
7363,GEN,
7364,GEN,
7365,GEN,
7366,GEN,
7367,GEN,
7368,GEN-EWS,841
7369,GEN-EWS,842
7370,GEN,
7371,GEN,
7372,OBC-NCL,1569
7373,GEN-EWS,843
7374,GEN,
7375,OBC-NCL,1570
7376,GEN,
7377,GEN,
7378,GEN,
7379,GEN,
7380,OBC-NCL,1571
7381,GEN,
7382,GEN,
7383,GEN,
7384,OBC-NCL,1572
7385,GEN,
7386,GEN,
7387,GEN,
7388,GEN,
7389,GEN,
7390,GEN,
7391,GEN,
7392,GEN,
7393,GEN-EWS,844
7394,GEN,
7395,GEN,
7396,SC,169
7397,GEN-EWS,845
7398,GEN,
7399,GEN,
7400,GEN,
7401,OBC-NCL,1573
7402,GEN,
7403,GEN,
7404,GEN,
7405,GEN,
7406,OBC-NCL,1574
7407,OBC-NCL,1575
7408,OBC-NCL,1576
7409,OBC-NCL,1577
7410,GEN,
7411,GEN-EWS,846
7412,GEN,
7413,GEN-EWS,847
7414,OBC-NCL,1578
7415,GEN,
7416,GEN,
7417,GEN,
7418,OBC-NCL,1579
7419,GEN,
7420,OBC-NCL,1580
7421,GEN,
7422,GEN-EWS,848
7423,GEN,
7424,GEN,
7425,GEN,
7426,OBC-NCL,1581
7427,GEN,
7428,OBC-NCL,1582
7429,GEN,
7430,GEN-EWS,849
7431,OBC-NCL,1583
7432,GEN,
7433,GEN,
7434,GEN,
7435,GEN,
7436,GEN,
7437,GEN,
7438,GEN,
7439,GEN-EWS,850
7440,GEN,
7441,GEN-EWS,851
7442,GEN,
7443,GEN-EWS,852
7444,GEN-EWS,853
7445,GEN,
7446,GEN,
7447,GEN,
7448,ST,41
7449,OBC-NCL,1584
7450,GEN,
7451,GEN,
7452,OBC-NCL,1585
7453,GEN,
7454,GEN-EWS,854
7455,GEN,
7456,SC,170
7457,GEN,
7458,GEN,
7459,SC,171
7460,OBC-NCL,1586
7461,GEN,
7462,OBC-NCL,1587
7463,OBC-NCL,1588
7464,GEN,
7465,GEN,
7466,GEN-EWS,855
7467,GEN,
7468,GEN-EWS,856
7469,GEN,
7470,GEN,
7471,GEN,
7472,OBC-NCL,1589
7473,GEN,
7474,GEN,
7475,GEN,
7476,GEN,
7477,OBC-NCL,1590
7478,GEN,
7479,ST,42
7480,GEN-EWS,857
7481,GEN,
7482,OBC-NCL,1591
7483,GEN,
7484,SC,172
7485,GEN,
7486,SC,173
7487,SC,174
7488,GEN,
7489,GEN,
7490,GEN-EWS,858
7491,ST,43
7492,GEN,
7493,OBC-NCL,1592
7494,GEN-EWS,859
7495,GEN,
7496,GEN,
7497,GEN,
7498,GEN,
7499,OBC-NCL,1593
7500,OBC-NCL,1594
7501,OBC-NCL,1595
7502,GEN,
7503,GEN,
7504,GEN,
7505,GEN,
7506,GEN,
7507,ST,44
7508,GEN,
7509,GEN,
7510,GEN,
7511,GEN,
7512,GEN-EWS,860
7513,OBC-NCL,1596
7514,OBC-NCL,1597
7515,SC,175
7516,GEN,
7517,GEN,
7518,OBC-NCL,1598
7519,OBC-NCL,1599
7520,GEN,
7521,OBC-NCL,1600
7522,GEN,
7523,OBC-NCL,1601
7524,GEN,
7525,GEN,
7526,GEN,
7527,OBC-NCL,1602
7528,GEN,
7529,OBC-NCL,1603
7530,GEN-EWS,861
7531,GEN-EWS,862
7532,GEN-EWS,863
7533,GEN-EWS,864
7534,GEN-EWS,865
7535,GEN,
7536,GEN,
7537,GEN,
7538,GEN,
7539,GEN-EWS,866
7540,GEN-EWS,867
7541,GEN,
7542,GEN,
7543,GEN,
7544,OBC-NCL,1604
7545,GEN,
7546,GEN,
7547,OBC-NCL,1605
7548,OBC-NCL,1606
7549,OBC-NCL,1607
7550,GEN,
7551,GEN,
7552,GEN,
7553,ST,45
7554,GEN-EWS,868
7555,GEN,
7556,GEN,
7557,ST,46
7558,SC,176
7559,GEN,
7560,OBC-NCL,1608
7561,GEN,
7562,OBC-NCL,1609
7563,GEN-EWS,869
7564,GEN,
7565,ST,47
7566,GEN,
7567,OBC-NCL,1610
7568,GEN,
7569,GEN,
7570,GEN-EWS,870
7571,OBC-NCL,1611
7572,OBC-NCL,1612
7573,GEN,
7574,GEN,
7575,SC,177
7576,OBC-NCL,1613
7577,GEN,
7578,GEN-EWS,871
7579,OBC-NCL,1614
7580,GEN,
7581,GEN,
7582,OBC-NCL,1615
7583,GEN-EWS,872
7584,GEN,
7585,GEN-EWS,873
7586,GEN,
7587,GEN,
7588,SC,178
7589,OBC-NCL,1616
7590,GEN,
7591,GEN,
7592,OBC-NCL,1617
7593,GEN-EWS,874
7594,GEN,
7595,OBC-NCL,1618
7596,OBC-NCL,1619
7597,GEN-EWS,875
7598,GEN,
7599,GEN,
7600,OBC-NCL,1620
7601,GEN,
7602,GEN,
7603,GEN,
7604,GEN,
7605,GEN,
7606,GEN,
7607,OBC-NCL,1621
7608,OBC-NCL,1622
7609,OBC-NCL,1623
7610,GEN,
7611,GEN-EWS,876
7612,GEN,
7613,GEN,
7614,ST,48
7615,GEN,
7616,GEN,
7617,GEN,
7618,GEN-EWS,877
7619,GEN,
7620,GEN,
7621,OBC-NCL,1624
7622,OBC-NCL,1625
7623,GEN-EWS,878
7624,GEN,
7625,GEN,
7626,GEN,
7627,GEN,
7628,OBC-NCL,1626
7629,GEN-EWS,879
7630,OBC-NCL,1627
7631,GEN,
7632,GEN,
7633,GEN,
7634,GEN,
7635,GEN,
7636,OBC-NCL,1628
7637,GEN-EWS,880
7638,GEN,
7639,GEN,
7640,OBC-NCL,1629
7641,GEN,
7642,GEN,
7643,OBC-NCL,1630
7644,GEN,
7645,GEN,
7646,GEN-EWS,881
7647,GEN,
7648,OBC-NCL,1631
7649,OBC-NCL,1632
7650,GEN-EWS,882
7651,GEN,
7652,GEN,
7653,GEN,
7654,GEN-EWS,883
7655,OBC-NCL,1633
7656,OBC-NCL,1634
7657,GEN,
7658,GEN,
7659,GEN,
7660,OBC-NCL,1635
7661,GEN,
7662,GEN,
7663,SC,179
7664,OBC-NCL,1636
7665,GEN,
7666,GEN,
7667,OBC-NCL,1637
7668,GEN,
7669,GEN,
7670,OBC-NCL,1638
7671,OBC-NCL,1639
7672,GEN,
7673,GEN,
7674,SC,180
7675,GEN,
7676,GEN-EWS,884
7677,GEN,
7678,GEN-EWS,885
7679,GEN,
7680,GEN-EWS,886
7681,GEN-EWS,887
7682,OBC-NCL,1640
7683,GEN,
7684,OBC-NCL,1641
7685,GEN,
7686,GEN,
7687,GEN,
7688,OBC-NCL,1642
7689,OBC-NCL,1643
7690,GEN,
7691,OBC-NCL,1644
7692,GEN,
7693,GEN,
7694,GEN,
7695,OBC-NCL,1645
7696,GEN,
7697,GEN,
7698,OBC-NCL,1646
7699,GEN,
7700,OBC-NCL,1647
7701,GEN,
7702,GEN,
7703,GEN-EWS,888
7704,GEN-EWS,889
7705,GEN,
7706,OBC-NCL,1648
7707,OBC-NCL,1649
7708,GEN,
7709,OBC-NCL,1650
7710,GEN,
7711,GEN,
7712,GEN,
7713,OBC-NCL,1651
7714,GEN,
7715,GEN,
7716,SC,181
7717,GEN-EWS,890
7718,GEN,
7719,GEN,
7720,GEN,
7721,GEN-EWS,891
7722,GEN,
7723,OBC-NCL,1652
7724,GEN-EWS,892
7725,GEN,
7726,OBC-NCL,1653
7727,GEN-EWS,893
7728,GEN,
7729,GEN,
7730,GEN-EWS,894
7731,ST,49
7732,GEN,
7733,GEN,
7734,GEN,
7735,GEN,
7736,GEN,
7737,OBC-NCL,1654
7738,GEN,
7739,GEN,
7740,GEN,
7741,GEN-EWS,895
7742,GEN,
7743,GEN,
7744,GEN,
7745,GEN,
7746,OBC-NCL,1655
7747,OBC-NCL,1656
7748,SC,182
7749,GEN,
7750,GEN-EWS,896
7751,GEN,
7752,GEN-EWS,897
7753,GEN-EWS,898
7754,SC,183
7755,GEN-EWS,899
7756,GEN,
7757,GEN,
7758,GEN,
7759,GEN,
7760,GEN-EWS,900
7761,GEN,
7762,GEN-EWS,901
7763,OBC-NCL,1657
7764,OBC-NCL,1658
7765,OBC-NCL,1659
7766,GEN,
7767,OBC-NCL,1660
7768,GEN-EWS,902
7769,GEN-EWS,903
7770,GEN,
7771,GEN,
7772,GEN-EWS,904
7773,OBC-NCL,1661
7774,GEN,
7775,GEN,
7776,GEN,
7777,OBC-NCL,1662
7778,GEN-EWS,905
7779,GEN,
7780,GEN-EWS,906
7781,OBC-NCL,1663
7782,GEN,
7783,GEN,
7784,GEN-EWS,907
7785,OBC-NCL,1664
7786,GEN,
7787,OBC-NCL,1665
7788,GEN,
7789,GEN-EWS,908
7790,OBC-NCL,1666
7791,GEN-EWS,909
7792,GEN,
7793,GEN-EWS,910
7794,GEN,
7795,OBC-NCL,1667
7796,OBC-NCL,1668
7797,GEN,
7798,GEN-EWS,911
7799,SC,184
7800,GEN-EWS,912
7801,GEN,
7802,GEN,
7803,OBC-NCL,1669
7804,OBC-NCL,1670
7805,OBC-NCL,1671
7806,GEN,
7807,GEN,
7808,GEN-EWS,913
7809,GEN,
7810,GEN,
7811,GEN,
7812,GEN,
7813,GEN,
7814,GEN-EWS,914
7815,GEN,
7816,GEN,
7817,OBC-NCL,1672
7818,OBC-NCL,1673
7819,GEN,
7820,GEN,
7821,OBC-NCL,1674
7822,ST,50
7823,OBC-NCL,1675
7824,OBC-NCL,1676
7825,GEN,
7826,GEN,
7827,GEN,
7828,GEN,
7829,OBC-NCL,1677
7830,GEN,
7831,OBC-NCL,1678
7832,GEN-EWS,915
7833,GEN,
7834,GEN,
7835,OBC-NCL,1679
7836,OBC-NCL,1680
7837,GEN,
7838,OBC-NCL,1681
7839,GEN,
7840,ST,51
7841,GEN,
7842,OBC-NCL,1682
7843,GEN,
7844,ST,52
7845,GEN,
7846,GEN-EWS,916
7847,GEN,
7848,GEN,
7849,OBC-NCL,1683
7850,GEN,
7851,GEN-EWS,917
7852,GEN-EWS,918
7853,GEN,
7854,GEN,
7855,GEN,
7856,GEN,
7857,GEN,
7858,GEN-EWS,919
7859,OBC-NCL,1684
7860,OBC-NCL,1685
7861,OBC-NCL,1686
7862,GEN,
7863,GEN,
7864,OBC-NCL,1687
7865,OBC-NCL,1688
7866,GEN-EWS,920
7866,GEN-EWS,920
7868,OBC-NCL,1689
7869,GEN,
7870,GEN,
7871,GEN,
7872,GEN-EWS,922
7873,GEN,
7874,GEN,
7875,OBC-NCL,1690
7876,OBC-NCL,1691
7877,GEN,
7878,GEN,
7879,GEN,
7880,GEN,
7881,GEN,
7882,GEN-EWS,923
7883,GEN-EWS,924
7884,OBC-NCL,1692
7885,GEN,
7886,GEN-EWS,925
7887,GEN,
7888,GEN,
7889,GEN,
7890,OBC-NCL,1693
7891,OBC-NCL,1694
7892,GEN-EWS,926
7893,GEN,
7894,OBC-NCL,1695
7895,GEN,
7896,GEN,
7897,GEN,
7898,GEN,
7899,OBC-NCL,1696
7900,OBC-NCL,1697
7901,GEN,
7902,ST,53
7903,GEN,
7904,GEN,
7905,GEN,
7906,GEN,
7907,GEN,
7908,GEN,
7909,GEN,
7910,GEN,
7911,GEN,
7912,GEN,
7913,GEN,
7914,GEN,
7915,GEN,
7916,GEN,
7917,GEN,
7918,GEN,
7919,GEN,
7920,GEN-EWS,927
7921,GEN,
7922,GEN-EWS,928
7923,GEN,
7924,GEN,
7925,GEN-EWS,929
7926,OBC-NCL,1698
7927,OBC-NCL,1699
7928,GEN,
7929,GEN,
7930,OBC-NCL,1700
7931,GEN,
7932,GEN,
7933,GEN,
7934,GEN,
7935,GEN,
7936,OBC-NCL,1701
7937,GEN,
7938,GEN,
7939,OBC-NCL,1702
7940,SC,185
7941,GEN,
7942,GEN,
7943,GEN,
7944,GEN-EWS,930
7945,GEN,
7946,GEN,
7947,GEN-EWS,931
7948,GEN-EWS,932
7949,GEN,
7950,GEN-EWS,933
7951,GEN,
7952,GEN,
7953,GEN,
7954,GEN-EWS,934
7955,GEN,
7956,OBC-NCL,1703
7957,OBC-NCL,1704
7958,GEN,
7959,GEN,
7960,GEN,
7961,GEN-EWS,935
7962,GEN,
7963,OBC-NCL,1705
7964,OBC-NCL,1706
7965,GEN,
7966,GEN-EWS,936
7967,GEN-EWS,937
7968,GEN,
7969,GEN-EWS,938
7970,GEN,
7971,OBC-NCL,1707
7972,OBC-NCL,1708
7973,OBC-NCL,1709
7974,GEN-EWS,939
7975,GEN,
7976,OBC-NCL,1710
7977,GEN,
7978,GEN,
7979,GEN,
7980,OBC-NCL,1711
7981,OBC-NCL,1712
7982,OBC-NCL,1713
7983,GEN,
7984,OBC-NCL,1714
7985,GEN,
7986,GEN,
7987,GEN,
7988,OBC-NCL,1715
7989,OBC-NCL,1716
7990,GEN,
7991,GEN,
7992,GEN,
7993,OBC-NCL,1717
7994,GEN-EWS,940
7995,GEN-EWS,941
7996,OBC-NCL,1718
7997,GEN,
7998,GEN,
7999,GEN,
8000,GEN-EWS,942
8001,OBC-NCL,1719
8002,GEN,
8003,GEN,
8004,GEN,
8005,OBC-NCL,1720
8006,GEN,
8007,OBC-NCL,1721
8008,GEN-EWS,943
8009,GEN,
8010,GEN,
8011,OBC-NCL,1722
8012,GEN,
8013,GEN,
8014,GEN-EWS,944
8015,GEN-EWS,945
8016,OBC-NCL,1723
8017,GEN,
8018,GEN,
8019,GEN-EWS,946
8020,GEN,
8021,GEN,
8022,GEN-EWS,947
8023,GEN,
8024,OBC-NCL,1724
8025,SC,186
8026,GEN,
8027,GEN,
8028,OBC-NCL,1725
8029,OBC-NCL,1726
8030,SC,187
8031,OBC-NCL,1727
8032,GEN,
8033,GEN,
8034,GEN,
8035,GEN,
8036,GEN,
8037,OBC-NCL,1728
8038,OBC-NCL,1729
8039,OBC-NCL,1730
8040,GEN,
8041,ST,54
8042,GEN,
8043,GEN,
8044,GEN,
8045,OBC-NCL,1731
8046,GEN,
8047,OBC-NCL,1732
8048,GEN-EWS,948
8049,OBC-NCL,1733
8050,OBC-NCL,1734
8051,OBC-NCL,1735
8052,GEN,
8053,GEN,
8054,GEN,
8054,GEN-EWS,949
8056,GEN,
8057,GEN,
8058,GEN,
8059,OBC-NCL,1736
8060,OBC-NCL,1737
8061,OBC-NCL,1738
8062,GEN,
8063,GEN,
8064,OBC-NCL,1739
8065,SC,188
8066,GEN,
8067,GEN-EWS,950
8068,OBC-NCL,1740
8069,GEN-EWS,951
8070,GEN,
8071,GEN,
8072,GEN,
8073,GEN,
8074,GEN-EWS,952
8075,GEN,
8076,GEN,
8077,GEN-EWS,953
8078,OBC-NCL,1741
8079,OBC-NCL,1742
8080,OBC-NCL,1743
8081,GEN,
8082,OBC-NCL,1744
8083,OBC-NCL,1745
8084,GEN,
8085,GEN,
8086,OBC-NCL,1746
8087,GEN,
8088,GEN,
8089,OBC-NCL,1747
8090,GEN,
8091,GEN,
8092,GEN,
8093,GEN-EWS,954
8094,GEN,
8095,GEN,
8096,GEN-EWS,955
8097,OBC-NCL,1748
8098,OBC-NCL,1749
8099,OBC-NCL,1750
8100,GEN-EWS,956
8101,OBC-NCL,1751
8102,GEN-EWS,957
8103,OBC-NCL,1752
8104,OBC-NCL,1753
8105,OBC-NCL,1754
8106,GEN-EWS,958
8107,GEN,
8108,OBC-NCL,1755
8109,GEN,
8110,GEN,
8111,OBC-NCL,1756
8112,GEN-EWS,959
8113,GEN,
8114,OBC-NCL,1757
8115,GEN,
8116,GEN,
8117,GEN-EWS,960
8118,GEN,
8119,GEN,
8120,GEN,
8121,OBC-NCL,1758
8122,GEN,
8123,GEN,
8124,SC,189
8125,GEN,
8126,GEN,
8127,GEN,
8128,GEN,
8129,GEN,
8130,GEN,
8131,GEN,
8132,SC,190
8133,GEN,
8134,GEN,
8135,GEN-EWS,961
8136,GEN,
8137,GEN,
8138,GEN-EWS,962
8139,GEN,
8140,GEN,
8141,GEN,
8142,GEN,
8143,OBC-NCL,1759
8144,GEN,
8145,GEN,
8146,GEN,
8147,OBC-NCL,1760
8148,GEN,
8149,GEN,
8150,GEN,
8151,GEN,
8152,GEN,
8153,GEN,
8154,GEN,
8155,OBC-NCL,1761
8156,GEN-EWS,963
8157,GEN,
8158,GEN,
8159,GEN,
8160,GEN-EWS,964
8161,OBC-NCL,1762
8162,GEN,
8163,GEN,
8163,GEN,
8165,GEN,
8166,OBC-NCL,1763
8167,GEN,
8168,GEN,
8169,GEN,
8170,GEN,
8171,GEN,
8172,OBC-NCL,1764
8173,GEN,
8174,GEN,
8175,GEN,
8176,OBC-NCL,1765
8177,GEN-EWS,965
8178,GEN,
8179,SC,191
8180,OBC-NCL,1766
8181,GEN-EWS,966
8182,SC,192
8183,GEN,
8184,GEN,
8185,GEN,
8186,GEN-EWS,967
8187,GEN,
8188,GEN,
8189,GEN,
8190,OBC-NCL,1767
8191,GEN,
8192,OBC-NCL,1768
8193,SC,193
8194,OBC-NCL,1769
8195,GEN,
8196,GEN,
8197,GEN,
8198,GEN,
8199,GEN-EWS,968
8200,GEN,
8201,OBC-NCL,1770
8202,GEN,
8203,OBC-NCL,1771
8204,OBC-NCL,1772
8205,GEN,
8206,GEN,
8207,OBC-NCL,1773
8208,OBC-NCL,1774
8209,OBC-NCL,1775
8210,GEN,
8211,GEN,
8212,GEN,
8213,GEN,
8214,GEN,
8215,GEN,
8216,OBC-NCL,1776
8217,OBC-NCL,1777
8218,GEN,
8219,GEN,
8220,GEN,
8221,OBC-NCL,1778
8222,GEN,
8223,GEN-EWS,969
8224,OBC-NCL,1779
8225,GEN,
8226,OBC-NCL,1780
8227,OBC-NCL,1781
8228,GEN,
8229,GEN,
8230,GEN,
8231,GEN,
8232,GEN-EWS,970
8233,OBC-NCL,1782
8234,GEN-EWS,971
8235,GEN,
8236,OBC-NCL,1783
8237,GEN,
8238,GEN,
8239,GEN,
8240,OBC-NCL,1784
8241,GEN,
8242,OBC-NCL,1785
8243,OBC-NCL,1786
8244,OBC-NCL,1787
8245,GEN,
8246,GEN,
8247,GEN,
8248,GEN,
8249,GEN-EWS,972
8250,OBC-NCL,1788
8251,SC,194
8252,OBC-NCL,1789
8253,GEN,
8254,OBC-NCL,1790
8255,GEN-EWS,973
8256,OBC-NCL,1791
8257,GEN,
8258,GEN-EWS,974
8259,GEN,
8260,GEN-EWS,975
8261,SC,195
8262,GEN,
8263,GEN,
8264,GEN,
8265,OBC-NCL,1792
8266,GEN-EWS,976
8267,GEN,
8268,GEN-EWS,977
8269,OBC-NCL,1793
8270,GEN,
8271,GEN-EWS,978
8272,GEN,
8273,GEN,
8274,OBC-NCL,1794
8275,GEN,
8276,OBC-NCL,1795
8277,GEN,
8278,GEN,
8279,OBC-NCL,1796
8280,GEN,
8281,OBC-NCL,1797
8282,OBC-NCL,1798
8283,GEN,
8284,GEN,
8285,GEN,
8286,GEN,
8287,GEN,
8288,OBC-NCL,1799
8289,GEN-EWS,979
8290,GEN,
8291,OBC-NCL,1800
8292,OBC-NCL,1801
8293,OBC-NCL,1802
8294,GEN,
8295,OBC-NCL,1803
8296,OBC-NCL,1804
8297,OBC-NCL,1805
8298,OBC-NCL,1806
8299,GEN,
8300,GEN,
8301,GEN,
8302,GEN,
8303,OBC-NCL,1807
8304,GEN,
8305,GEN,
8306,OBC-NCL,1808
8307,OBC-NCL,1809
8308,SC,196
8309,GEN,
8310,GEN,
8311,OBC-NCL,1810
8312,GEN,
8313,OBC-NCL,1811
8314,GEN,
8315,GEN,
8316,GEN,
8317,GEN,
8318,GEN,
8319,GEN-EWS,980
8320,GEN,
8321,OBC-NCL,1812
8322,GEN,
8323,GEN,
8324,GEN-EWS,981
8325,GEN,
8326,GEN,
8327,GEN,
8328,GEN,
8329,GEN,
8330,OBC-NCL,1813
8331,GEN,
8332,GEN,
8333,OBC-NCL,1814
8334,GEN,
8335,GEN-EWS,982
8336,OBC-NCL,1815
8337,GEN,
8338,GEN,
8339,ST,55
8340,GEN,
8341,GEN,
8342,GEN,
8343,GEN,
8344,OBC-NCL,1816
8345,GEN,
8346,GEN-EWS,983
8347,GEN-EWS,984
8348,GEN,
8349,GEN,
8350,GEN,
8351,GEN,
8352,GEN,
8353,OBC-NCL,1817
8354,OBC-NCL,1818
8355,GEN,
8356,GEN,
8357,OBC-NCL,1819
8358,GEN,
8359,OBC-NCL,1820
8360,OBC-NCL,1821
8361,GEN,
8362,GEN,
8363,OBC-NCL,1822
8364,OBC-NCL,1823
8365,GEN-EWS,985
8366,GEN,
8367,GEN-EWS,986
8368,GEN,
8369,GEN,
8370,GEN,
8371,GEN-EWS,987
8372,OBC-NCL,1824
8373,GEN,
8374,OBC-NCL,1825
8375,OBC-NCL,1826
8376,GEN,
8377,OBC-NCL,1827
8378,OBC-NCL,1828
8379,GEN-EWS,988
8380,GEN,
8381,GEN,
8382,GEN,
8383,GEN,
8384,SC,197
8385,GEN,
8386,GEN,
8387,OBC-NCL,1829
8388,GEN-EWS,989
8389,GEN,
8390,GEN,
8391,GEN,
8392,GEN,
8393,GEN,
8394,OBC-NCL,1830
8395,OBC-NCL,1831
8396,GEN,
8397,GEN,
8398,GEN,
8398,GEN,
8400,GEN,
8401,GEN,
8402,GEN,
8403,SC,198
8404,OBC-NCL,1832
8405,GEN,
8406,OBC-NCL,1833
8407,GEN-EWS,990
8408,OBC-NCL,1834
8409,OBC-NCL,1835
8410,GEN,
8411,GEN,
8412,GEN,
8413,GEN,
8414,GEN,
8415,GEN,
8416,GEN-EWS,991
8417,GEN,
8418,GEN-EWS,992
8419,OBC-NCL,1836
8420,GEN,
8421,OBC-NCL,1837
8422,GEN,
8423,GEN,
8424,GEN,
8425,GEN-EWS,993
8426,OBC-NCL,1838
8427,GEN,
8428,GEN,
8429,GEN,
8430,GEN,
8431,GEN,
8432,OBC-NCL,1839
8433,GEN,
8434,GEN-EWS,994
8435,OBC-NCL,1840
8436,GEN-EWS,995
8437,GEN,
8438,GEN-EWS,996
8439,GEN,
8440,OBC-NCL,1841
8441,GEN,
8442,GEN,
8443,GEN,
8444,GEN,
8445,GEN,
8446,GEN,
8447,GEN,
8448,OBC-NCL,1842
8449,GEN-EWS,997
8450,GEN,
8451,OBC-NCL,1843
8452,GEN-EWS,998
8453,OBC-NCL,1844
8454,GEN,
8455,GEN,
8456,OBC-NCL,1845
8457,GEN,
8458,GEN,
8459,GEN,
8460,OBC-NCL,1846
8461,GEN-EWS,999
8462,GEN,
8463,OBC-NCL,1847
8464,OBC-NCL,1848
8465,GEN,
8466,GEN,
8467,OBC-NCL,1849
8468,GEN,
8469,SC,199
8470,GEN,
8471,OBC-NCL,1850
8472,GEN,
8473,GEN-EWS,1000
8474,GEN,
8475,OBC-NCL,1851
8476,GEN,
8477,GEN,
8478,OBC-NCL,1852
8479,GEN,
8480,GEN,
8481,GEN,
8482,GEN,
8483,GEN,
8484,GEN,
8485,OBC-NCL,1853
8486,OBC-NCL,1854
8487,OBC-NCL,1855
8488,GEN,
8489,OBC-NCL,1856
8490,GEN-EWS,1001
8491,GEN,
8492,OBC-NCL,1857
8493,GEN,
8494,OBC-NCL,1858
8495,GEN,
8496,GEN,
8497,GEN,
8498,OBC-NCL,1859
8499,OBC-NCL,1860
8500,GEN,
8501,OBC-NCL,1861
8502,GEN,
8503,OBC-NCL,1862
8504,GEN,
8505,OBC-NCL,1863
8506,GEN,
8507,OBC-NCL,1864
8508,GEN,
8509,GEN,
8510,OBC-NCL,1865
8511,GEN,
8512,SC,200
8513,SC,201
8514,OBC-NCL,1866
8515,OBC-NCL,1867
8516,OBC-NCL,1868
8517,OBC-NCL,1869
8518,GEN,
8519,GEN-EWS,1002
8520,OBC-NCL,1870
8521,OBC-NCL,1871
8522,GEN,
8523,OBC-NCL,1872
8524,GEN,
8525,GEN,
8526,GEN,
8527,GEN,
8528,GEN,
8529,GEN,
8530,GEN,
8531,GEN,
8532,OBC-NCL,1873
8533,OBC-NCL,1874
8534,OBC-NCL,1875
8535,OBC-NCL,1876
8536,GEN,
8537,OBC-NCL,1877
8538,GEN-EWS,1003
8539,OBC-NCL,1878
8540,GEN,
8541,GEN-EWS,1004
8542,GEN,
8543,GEN,
8544,SC,202
8545,GEN,
8546,OBC-NCL,1879
8547,GEN,
8548,GEN,
8549,GEN,
8550,GEN,
8551,GEN,
8552,GEN,
8553,GEN,
8554,OBC-NCL,1880
8555,OBC-NCL,1881
8556,OBC-NCL,1882
8557,GEN,
8558,GEN,
8559,GEN,
8560,OBC-NCL,1883
8561,OBC-NCL,1884
8562,SC,203
8563,GEN-EWS,1005
8564,OBC-NCL,1885
8565,GEN,
8566,OBC-NCL,1886
8567,GEN,
8568,GEN,
8569,GEN-EWS,1006
8570,GEN,
8571,OBC-NCL,1887
8572,GEN,
8573,GEN,
8574,GEN,
8575,GEN,
8576,OBC-NCL,1888
8577,SC,204
8578,OBC-NCL,1889
8579,GEN,
8580,OBC-NCL,1890
8581,GEN,
8582,OBC-NCL,1891
8583,GEN,
8584,GEN,
8585,GEN,
8586,OBC-NCL,1892
8587,GEN,
8588,GEN,
8589,SC,205
8590,GEN,
8591,GEN,
8592,OBC-NCL,1893
8593,GEN-EWS,1007
8594,OBC-NCL,1894
8595,GEN,
8596,GEN,
8597,GEN,
8598,GEN,
8599,OBC-NCL,1895
8600,GEN,
8601,GEN-EWS,1008
8602,OBC-NCL,1896
8603,GEN,
8604,OBC-NCL,1897
8605,GEN,
8606,GEN,
8607,OBC-NCL,1898
8608,GEN,
8609,GEN,
8610,GEN,
8611,GEN,
8612,GEN-EWS,1009
8613,OBC-NCL,1899
8614,GEN,
8615,OBC-NCL,1900
8616,GEN,
8617,OBC-NCL,1901
8618,GEN-EWS,1010
8619,OBC-NCL,1902
8620,GEN,
8621,OBC-NCL,1903
8622,GEN,
8623,GEN,
8624,GEN,
8625,GEN,
8626,OBC-NCL,1904
8627,GEN,
8628,GEN,
8629,OBC-NCL,1905
8630,GEN,
8631,OBC-NCL,1906
8632,GEN,
8633,GEN,
8634,OBC-NCL,1907
8635,GEN,
8636,GEN,
8637,GEN,
8638,GEN,
8639,GEN,
8640,GEN,
8641,GEN,
8642,GEN,
8643,GEN,
8644,GEN,
8645,GEN,
8646,GEN,
8647,GEN-EWS,1011
8648,GEN,
8649,OBC-NCL,1908
8650,GEN-EWS,1012
8651,GEN,
8652,GEN-EWS,1013
8653,GEN,
8654,OBC-NCL,1909
8655,GEN-EWS,1014
8656,GEN,
8657,GEN-EWS,1015
8658,OBC-NCL,1910
8659,GEN,
8660,OBC-NCL,1911
8661,GEN,
8662,GEN,
8663,OBC-NCL,1912
8664,GEN,
8665,GEN,
8666,GEN,
8667,SC,206
8668,SC,207
8669,OBC-NCL,1913
8670,GEN,
8671,GEN,
8672,GEN,
8673,GEN,
8674,GEN,
8675,GEN-EWS,1016
8676,GEN,
8677,GEN,
8678,OBC-NCL,1914
8679,OBC-NCL,1915
8680,GEN,
8681,OBC-NCL,1916
8682,GEN,
8683,OBC-NCL,1917
8684,OBC-NCL,1918
8685,GEN,
8686,GEN,
8687,GEN,
8688,SC,208
8689,GEN,
8690,GEN,
8691,GEN,
8692,OBC-NCL,1919
8693,GEN-EWS,1017
8693,OBC-NCL,1920
8695,GEN,
8696,GEN,
8697,GEN,
8698,GEN,
8699,OBC-NCL,1921
8700,OBC-NCL,1922
8701,GEN,
8702,GEN,
8703,GEN,
8704,OBC-NCL,1923
8705,GEN-EWS,1018
8706,OBC-NCL,1924
8707,OBC-NCL,1925
8708,GEN,
8709,GEN,
8710,GEN-EWS,1019
8711,OBC-NCL,1926
8712,OBC-NCL,1927
8713,GEN,
8714,OBC-NCL,1928
8715,GEN,
8716,GEN-EWS,1020
8717,OBC-NCL,1929
8718,SC,209
8719,OBC-NCL,1930
8720,GEN,
8721,OBC-NCL,1931
8722,OBC-NCL,1932
8723,GEN-EWS,1021
8724,GEN,
8725,GEN,
8726,OBC-NCL,1933
8727,GEN,
8728,GEN,
8729,GEN,
8730,OBC-NCL,1934
8731,SC,210
8732,GEN,
8733,GEN-EWS,1022
8734,GEN-EWS,1023
8735,ST,56
8736,GEN,
8737,GEN,
8738,GEN,
8739,GEN,
8740,OBC-NCL,1935
8741,OBC-NCL,1936
8742,GEN,
8743,GEN,
8744,SC,211
8745,OBC-NCL,1937
8746,SC,212
8747,GEN,
8748,OBC-NCL,1938
8749,OBC-NCL,1939
8750,GEN,
8751,GEN-EWS,1024
8752,GEN,
8753,SC,213
8754,GEN-EWS,1025
8755,GEN-EWS,1026
8756,GEN-EWS,1027
8757,GEN,
8758,GEN-EWS,1028
8759,GEN,
8760,GEN,
8761,GEN,
8762,SC,214
8763,OBC-NCL,1940
8764,GEN,
8765,GEN,
8766,OBC-NCL,1941
8767,GEN-EWS,1029
8768,GEN,
8769,OBC-NCL,1942
8770,GEN,
8771,OBC-NCL,1943
8772,GEN,
8773,OBC-NCL,1944
8774,SC,215
8775,GEN,
8776,GEN,
8777,GEN-EWS,1030
8778,GEN,
8779,OBC-NCL,1945
8780,GEN,
8781,GEN-EWS,1031
8782,GEN-EWS,1032
8783,GEN,
8784,OBC-NCL,1946
8785,GEN-EWS,1033
8786,GEN-EWS,1034
8787,OBC-NCL,1947
8788,GEN,
8789,GEN,
8790,GEN-EWS,1035
8791,GEN-EWS,1036
8792,GEN-EWS,1037
8793,GEN-EWS,1038
8794,GEN-EWS,1039
8795,GEN,
8796,GEN,
8797,GEN-EWS,1040
8798,GEN-EWS,1041
8799,GEN-EWS,1042
8800,GEN,
8801,GEN,
8802,GEN,
8803,GEN,
8804,GEN,
8805,OBC-NCL,1948
8806,GEN-EWS,1043
8807,GEN,
8808,OBC-NCL,1949
8809,GEN,
8810,GEN,
8811,GEN,
8811,OBC-NCL,1950
8813,GEN,
8814,OBC-NCL,1951
8815,GEN-EWS,1044
8816,GEN,
8817,GEN-EWS,1045
8818,GEN,
8819,GEN,
8820,GEN,
8821,GEN,
8822,OBC-NCL,1952
8823,OBC-NCL,1953
8824,GEN,
8825,GEN,
8826,OBC-NCL,1954
8827,OBC-NCL,1955
8828,GEN,
8829,GEN-EWS,1046
8830,GEN,
8831,OBC-NCL,1956
8832,GEN,
8833,OBC-NCL,1957
8834,GEN,
8835,GEN,
8836,GEN-EWS,1047
8837,GEN,
8838,GEN,
8839,OBC-NCL,1958
8840,GEN,
8841,OBC-NCL,1959
8842,GEN,
8843,OBC-NCL,1960
8844,GEN,
8845,GEN-EWS,1048
8846,OBC-NCL,1961
8847,GEN,
8848,GEN,
8849,OBC-NCL,1962
8850,OBC-NCL,1963
8851,OBC-NCL,1964
8852,GEN,
8853,GEN,
8854,OBC-NCL,1965
8855,GEN,
8856,GEN,
8857,GEN,
8858,GEN,
8859,GEN,
8860,GEN,
8861,GEN,
8862,GEN,
8863,GEN-EWS,1049
8864,GEN,
8865,GEN,
8866,GEN,
8867,GEN,
8868,GEN,
8869,GEN,
8870,GEN,
8871,OBC-NCL,1966
8872,GEN,
8873,GEN,
8874,GEN,
8875,GEN,
8876,OBC-NCL,1967
8877,GEN,
8878,GEN,
8879,OBC-NCL,1968
8880,GEN,
8881,GEN,
8882,OBC-NCL,1969
8883,GEN-EWS,1050
8883,GEN-EWS,1050
8885,GEN,
8886,GEN,
8887,GEN,
8888,OBC-NCL,1970
8889,GEN,
8890,GEN,
8891,OBC-NCL,1971
8892,GEN,
8893,GEN,
8894,GEN,
8895,GEN,
8896,GEN,
8897,OBC-NCL,1972
8898,GEN,
8899,GEN,
8900,GEN,
8901,GEN,
8902,GEN,
8903,OBC-NCL,1973
8904,OBC-NCL,1974
8905,GEN,
8906,OBC-NCL,1975
8907,GEN,
8908,OBC-NCL,1976
8909,GEN,
8910,GEN,
8911,GEN,
8912,OBC-NCL,1977
8913,OBC-NCL,1978
8914,GEN,
8915,GEN,
8916,OBC-NCL,1979
8917,GEN,
8918,GEN,
8919,OBC-NCL,1980
8920,GEN,
8921,OBC-NCL,1981
8922,GEN-EWS,1052
8923,GEN,
8924,GEN,
8925,GEN,
8926,GEN,
8927,GEN,
8928,OBC-NCL,1982
8929,GEN,
8930,GEN,
8931,OBC-NCL,1983
8932,GEN,
8933,GEN-EWS,1053
8934,GEN,
8935,GEN,
8936,OBC-NCL,1984
8937,GEN,
8938,GEN,
8939,OBC-NCL,1985
8940,GEN,
8941,OBC-NCL,1986
8942,GEN,
8943,GEN-EWS,1054
8944,GEN,
8945,GEN-EWS,1055
8946,GEN,
8947,OBC-NCL,1987
8948,GEN,
8949,OBC-NCL,1988
8950,GEN-EWS,1056
8951,SC,216
8952,GEN,
8953,OBC-NCL,1989
8954,GEN,
8955,GEN,
8956,GEN,
8957,GEN-EWS,1057
8958,GEN-EWS,1058
8959,GEN,
8960,GEN,
8961,GEN,
8962,GEN,
8963,OBC-NCL,1990
8964,GEN-EWS,1059
8965,GEN-EWS,1060
8966,GEN-EWS,1061
8967,OBC-NCL,1991
8968,GEN,
8969,GEN-EWS,1062
8970,GEN,
8971,GEN-EWS,1063
8972,OBC-NCL,1992
8973,GEN,
8974,OBC-NCL,1993
8975,OBC-NCL,1994
8976,GEN,
8977,GEN-EWS,1064
8978,GEN,
8979,GEN-EWS,1065
8980,GEN,
8981,GEN,
8982,GEN,
8983,GEN,
8984,OBC-NCL,1995
8985,GEN-EWS,1066
8986,GEN-EWS,1067
8987,OBC-NCL,1996
8988,OBC-NCL,1997
8989,OBC-NCL,1998
8990,GEN,
8991,OBC-NCL,1999
8992,GEN,
8993,GEN,
8994,GEN-EWS,1068
8995,GEN-EWS,1069
8996,GEN,
8997,OBC-NCL,2000
8998,GEN,
8999,OBC-NCL,2001
9000,GEN,
9001,OBC-NCL,2002
9002,ST,57
9003,GEN,
9004,GEN,
9005,GEN,
9006,GEN,
9007,OBC-NCL,2003
9008,OBC-NCL,2004
9009,GEN,
9010,SC,217
9011,GEN,
9012,GEN,
9013,OBC-NCL,2005
9014,GEN,
9015,GEN,
9016,GEN-EWS,1070
9017,GEN,
9018,GEN,
9019,OBC-NCL,2006
9020,GEN,
9021,GEN,
9022,GEN,
9023,GEN,
9024,GEN-EWS,1071
9025,GEN,
9026,GEN,
9027,GEN,
9028,OBC-NCL,2007
9029,OBC-NCL,2008
9030,OBC-NCL,2009
9031,GEN,
9032,SC,218
9033,GEN,
9034,GEN-EWS,1072
9035,GEN-EWS,1073
9036,GEN,
9037,GEN,
9038,GEN,
9039,OBC-NCL,2010
9040,GEN-EWS,1074
9041,GEN,
9042,GEN,
9043,OBC-NCL,2011
9044,GEN-EWS,1075
9045,GEN-EWS,1076
9046,SC,219
9047,GEN,
9048,GEN,
9049,OBC-NCL,2012
9050,GEN-EWS,1077
9051,GEN,
9052,GEN,
9053,GEN,
9054,GEN,
9055,GEN,
9056,GEN,
9057,GEN,
9058,GEN,
9059,GEN-EWS,1078
9060,GEN,
9061,GEN,
9062,GEN,
9063,GEN,
9064,GEN,
9065,GEN,
9066,GEN,
9067,OBC-NCL,2013
9068,GEN,
9069,OBC-NCL,2014
9070,GEN,
9071,GEN,
9072,GEN,
9073,GEN,
9074,GEN,
9075,GEN,
9076,ST,58
9077,GEN,
9078,OBC-NCL,2015
9079,GEN-EWS,1079
9080,GEN-EWS,1080
9081,GEN,
9082,OBC-NCL,2016
9083,SC,220
9084,GEN,
9085,OBC-NCL,2017
9086,OBC-NCL,2018
9087,OBC-NCL,2019
9088,GEN,
9089,GEN,
9090,SC,221
9091,OBC-NCL,2020
9092,GEN,
9093,GEN,
9094,GEN-EWS,1081
9095,OBC-NCL,2021
9096,GEN,
9097,OBC-NCL,2022
9098,OBC-NCL,2023
9099,GEN,
9100,OBC-NCL,2024
9101,GEN,
9102,GEN,
9103,GEN,
9104,GEN,
9105,SC,222
9106,GEN,
9107,GEN,
9108,OBC-NCL,2025
9109,GEN,
9110,GEN,
9111,OBC-NCL,2026
9112,GEN,
9113,GEN,
9114,OBC-NCL,2027
9115,GEN,
9116,GEN-EWS,1082
9117,OBC-NCL,2028
9118,GEN,
9119,GEN-EWS,1083
9120,OBC-NCL,2029
9121,GEN,
9122,GEN,
9123,GEN,
9124,OBC-NCL,2030
9125,OBC-NCL,2031
9126,OBC-NCL,2032
9127,OBC-NCL,2033
9128,GEN,
9129,OBC-NCL,2034
9130,GEN,
9131,OBC-NCL,2035
9132,GEN,
9133,OBC-NCL,2036
9134,GEN-EWS,1084
9135,GEN,
9136,GEN,
9137,GEN,
9138,GEN,
9139,GEN,
9140,GEN,
9141,GEN,
9142,GEN,
9143,GEN-EWS,1085
9144,GEN,
9145,GEN,
9146,OBC-NCL,2037
9147,GEN,
9148,GEN,
9149,GEN,
9150,GEN-EWS,1086
9151,GEN,
9152,GEN,
9153,GEN-EWS,1087
9154,OBC-NCL,2038
9155,GEN,
9156,OBC-NCL,2039
9157,GEN,
9158,GEN,
9159,OBC-NCL,2040
9160,GEN,
9161,OBC-NCL,2041
9162,OBC-NCL,2042
9163,GEN-EWS,1088
9164,GEN-EWS,1089
9165,GEN,
9166,GEN,
9167,OBC-NCL,2043
9168,OBC-NCL,2044
9169,GEN,
9170,GEN,
9171,GEN-EWS,1090
9172,GEN-EWS,1091
9173,GEN-EWS,1092
9174,GEN,
9175,GEN,
9176,GEN,
9177,GEN,
9178,GEN,
9179,OBC-NCL,2045
9180,OBC-NCL,2046
9181,OBC-NCL,2047
9182,GEN,
9183,GEN-EWS,1093
9184,OBC-NCL,2048
9185,GEN,
9186,GEN-EWS,1094
9187,OBC-NCL,2049
9188,OBC-NCL,2050
9189,GEN,
9190,GEN,
9191,GEN-EWS,1095
9192,OBC-NCL,2051
9193,GEN-EWS,1096
9194,GEN,
9195,GEN,
9196,GEN-EWS,1097
9197,OBC-NCL,2052
9198,OBC-NCL,2053
9199,GEN,
9200,OBC-NCL,2054
9201,GEN,
9202,GEN,
9203,GEN-EWS,1098
9204,GEN-EWS,1099
9205,OBC-NCL,2055
9206,GEN,
9207,OBC-NCL,2056
9208,OBC-NCL,2057
9209,GEN,
9210,GEN,
9211,OBC-NCL,2058
9212,GEN-EWS,1100
9213,GEN-EWS,1101
9214,SC,223
9215,GEN,
9216,GEN-EWS,1102
9217,GEN,
9218,OBC-NCL,2059
9219,GEN,
9220,GEN,
9221,OBC-NCL,2060
9222,OBC-NCL,2061
9223,GEN,
9224,GEN,
9225,GEN,
9226,GEN-EWS,1103
9227,GEN,
9228,OBC-NCL,2062
9229,GEN,
9230,GEN,
9231,OBC-NCL,2063
9232,GEN,
9233,GEN,
9234,OBC-NCL,2064
9235,GEN,
9236,GEN,
9237,GEN,
9238,GEN,
9239,OBC-NCL,2065
9240,OBC-NCL,2066
9241,GEN,
9242,GEN-EWS,1104
9243,GEN,
9244,GEN,
9245,GEN,
9246,GEN,
9247,OBC-NCL,2067
9248,SC,224
9249,GEN,
9250,GEN,
9251,GEN-EWS,1105
9252,GEN,
9253,GEN,
9254,OBC-NCL,2068
9255,GEN,
9256,OBC-NCL,2069
9257,GEN,
9258,GEN,
9259,GEN,
9260,GEN-EWS,1106
9261,GEN,
9262,GEN,
9263,OBC-NCL,2070
9264,GEN,
9265,GEN-EWS,1107
9266,GEN,
9267,ST,59
9268,GEN,
9269,GEN,
9270,GEN,
9271,GEN-EWS,1108
9272,GEN,
9273,GEN,
9274,GEN-EWS,1109
9275,GEN,
9276,GEN,
9277,OBC-NCL,2071
9278,OBC-NCL,2072
9279,GEN,
9280,GEN,
9281,GEN-EWS,1110
9282,GEN-EWS,1111
9283,GEN,
9284,GEN-EWS,1112
9285,GEN-EWS,1113
9286,OBC-NCL,2073
9287,OBC-NCL,2074
9288,GEN,
9289,GEN-EWS,1114
9290,OBC-NCL,2075
9291,GEN,
9292,GEN,
9293,OBC-NCL,2076
9294,OBC-NCL,2077
9295,OBC-NCL,2078
9296,OBC-NCL,2079
9297,OBC-NCL,2080
9298,GEN,
9299,GEN-EWS,1115
9300,GEN,
9301,GEN,
9302,GEN-EWS,1116
9303,OBC-NCL,2081
9304,OBC-NCL,2082
9305,OBC-NCL,2083
9306,GEN,
9307,GEN,
9308,GEN-EWS,1117
9309,GEN-EWS,1118
9310,GEN,
9311,ST,60
9312,OBC-NCL,2084
9313,OBC-NCL,2085
9314,GEN-EWS,1119
9315,GEN,
9316,OBC-NCL,2086
9317,GEN,
9318,OBC-NCL,2087
9319,GEN-EWS,1120
9320,GEN,
9321,GEN,
9322,GEN,
9323,GEN,
9324,GEN-EWS,1121
9325,GEN,
9326,OBC-NCL,2088
9327,SC,225
9328,GEN,
9329,GEN,
9330,OBC-NCL,2089
9331,OBC-NCL,2090
9332,OBC-NCL,2091
9333,GEN-EWS,1122
9334,OBC-NCL,2092
9335,OBC-NCL,2093
9336,GEN,
9337,GEN,
9338,GEN,
9339,GEN,
9340,GEN,
9341,GEN-EWS,1123
9342,OBC-NCL,2094
9343,GEN-EWS,1124
9344,GEN,
9345,GEN,
9346,OBC-NCL,2095
9347,OBC-NCL,2096
9348,GEN,
9349,GEN,
9350,GEN-EWS,1125
9351,OBC-NCL,2097
9352,GEN,
9353,GEN-EWS,1126
9354,OBC-NCL,2098
9355,SC,226
9356,GEN,
9357,GEN,
9358,GEN,
9359,OBC-NCL,2099
9360,OBC-NCL,2100
9361,GEN,
9362,SC,227
9363,GEN-EWS,1127
9364,GEN,
9365,GEN-EWS,1128
9366,GEN,
9367,GEN-EWS,1129
9368,GEN,
9369,GEN,
9370,OBC-NCL,2101
9371,GEN,
9372,OBC-NCL,2102
9373,GEN,
9374,GEN-EWS,1130
9375,GEN,
9376,OBC-NCL,2103
9377,GEN,
9378,GEN,
9379,GEN,
9380,GEN,
9381,GEN-EWS,1131
9382,OBC-NCL,2104
9383,OBC-NCL,2105
9384,GEN,
9385,SC,228
9386,GEN,
9387,GEN,
9388,GEN,
9389,SC,229
9390,GEN-EWS,1132
9391,OBC-NCL,2106
9392,OBC-NCL,2107
9393,GEN,
9394,GEN,
9395,GEN-EWS,1133
9396,GEN,
9397,GEN,
9398,OBC-NCL,2108
9399,GEN-EWS,1134
9400,GEN,
9401,OBC-NCL,2109
9402,GEN,
9403,GEN,
9404,GEN,
9405,GEN,
9406,OBC-NCL,2110
9407,OBC-NCL,2111
9408,GEN,
9409,GEN,
9410,GEN-EWS,1135
9411,GEN,
9412,GEN,
9413,OBC-NCL,2112
9414,GEN,
9415,GEN,
9416,GEN,
9417,GEN,
9418,OBC-NCL,2113
9419,GEN,
9420,GEN,
9421,GEN-EWS,1136
9422,OBC-NCL,2114
9423,GEN,
9424,GEN,
9425,OBC-NCL,2115
9426,GEN-EWS,1137
9427,GEN,
9428,OBC-NCL,2116
9429,GEN,
9430,OBC-NCL,2117
9431,OBC-NCL,2118
9432,OBC-NCL,2119
9433,GEN-EWS,1138
9434,GEN,
9435,GEN-EWS,1139
9436,GEN,
9437,OBC-NCL,2120
9438,OBC-NCL,2121
9439,SC,230
9440,GEN-EWS,1140
9441,OBC-NCL,2122
9442,GEN,
9443,SC,231
9444,OBC-NCL,2123
9445,GEN,
9446,GEN,
9447,OBC-NCL,2124
9448,GEN-EWS,1141
9449,GEN,
9450,OBC-NCL,2125
9451,GEN-EWS,1142
9452,OBC-NCL,2126
9453,GEN-EWS,1143
9454,GEN,
9455,GEN-EWS,1144
9456,GEN,
9457,OBC-NCL,2127
9458,OBC-NCL,2128
9459,SC,232
9460,GEN,
9461,GEN,
9462,GEN,
9463,OBC-NCL,2129
9464,GEN,
9465,GEN-EWS,1145
9466,GEN,
9467,GEN,
9468,GEN,
9469,GEN,
9470,OBC-NCL,2130
9471,GEN,
9472,GEN-EWS,1146
9473,OBC-NCL,2131
9474,OBC-NCL,2132
9475,GEN,
9476,GEN,
9477,OBC-NCL,2133
9478,GEN,
9479,OBC-NCL,2134
9480,GEN,
9481,OBC-NCL,2135
9482,SC,233
9483,GEN,
9484,GEN,
9485,OBC-NCL,2136
9486,GEN-EWS,1147
9487,GEN-EWS,1148
9488,GEN-EWS,1149
9489,GEN-EWS,1150
9490,GEN,
9491,GEN,
9492,GEN,
9493,OBC-NCL,2137
9494,GEN,
9495,OBC-NCL,2138
9496,GEN,
9497,GEN-EWS,1151
9497,SC,234
9499,GEN,
9500,GEN,
9501,GEN-EWS,1152
9502,GEN,
9503,GEN,
9504,GEN,
9505,GEN,
9506,GEN,
9507,GEN-EWS,1153
9508,GEN,
9509,SC,235
9510,GEN,
9511,GEN-EWS,1154
9512,GEN-EWS,1155
9513,GEN-EWS,1156
9514,GEN-EWS,1157
9515,GEN-EWS,1158
9516,GEN,
9517,GEN,
9518,GEN,
9519,GEN,
9520,OBC-NCL,2139
9521,GEN,
9522,GEN-EWS,1159
9523,GEN-EWS,1160
9524,GEN,
9525,GEN,
9526,GEN,
9527,OBC-NCL,2140
9528,GEN,
9529,GEN,
9530,GEN,
9531,GEN-EWS,1161
9532,GEN,
9533,GEN,
9534,GEN,
9535,GEN,
9536,GEN,
9537,GEN,
9538,OBC-NCL,2141
9539,OBC-NCL,2142
9540,OBC-NCL,2143
9541,OBC-NCL,2144
9542,GEN,
9543,GEN,
9544,GEN-EWS,1162
9545,OBC-NCL,2145
9546,GEN,
9547,GEN,
9548,OBC-NCL,2146
9549,OBC-NCL,2147
9550,GEN,
9551,GEN,
9552,GEN,
9553,GEN-EWS,1163
9554,GEN-EWS,1164
9555,GEN,
9556,GEN-EWS,1165
9557,GEN,
9558,GEN,
9559,OBC-NCL,2148
9560,GEN,
9561,OBC-NCL,2149
9562,GEN-EWS,1166
9563,OBC-NCL,2150
9564,GEN,
9565,GEN,
9566,GEN,
9567,OBC-NCL,2151
9568,GEN-EWS,1167
9569,GEN,
9570,OBC-NCL,2152
9571,OBC-NCL,2153
9572,GEN,
9573,GEN,
9574,GEN,
9575,GEN,
9576,GEN,
9577,GEN,
9578,GEN,
9579,GEN-EWS,1168
9580,GEN,
9581,GEN-EWS,1169
9582,OBC-NCL,2154
9583,GEN,
9584,OBC-NCL,2155
9585,OBC-NCL,2156
9586,OBC-NCL,2157
9587,GEN,
9588,OBC-NCL,2158
9589,GEN,
9590,GEN,
9591,GEN,
9592,OBC-NCL,2159
9593,GEN,
9594,GEN,
9595,GEN,
9596,OBC-NCL,2160
9597,GEN,
9598,GEN,
9599,GEN-EWS,1170
9600,OBC-NCL,2161
9601,OBC-NCL,2162
9602,GEN-EWS,1171
9603,GEN-EWS,1172
9604,GEN,
9605,OBC-NCL,2163
9606,GEN,
9607,GEN,
9608,GEN,
9609,GEN,
9610,OBC-NCL,2164
9611,GEN-EWS,1173
9612,GEN,
9613,GEN,
9614,OBC-NCL,2165
9615,OBC-NCL,2166
9616,OBC-NCL,2167
9617,OBC-NCL,2168
9618,GEN,
9619,GEN,
9620,OBC-NCL,2169
9621,GEN-EWS,1174
9622,GEN-EWS,1175
9623,GEN-EWS,1176
9624,GEN,
9625,GEN,
9626,GEN,
9627,GEN,
9628,GEN,
9629,GEN,
9630,OBC-NCL,2170
9631,OBC-NCL,2171
9632,GEN,
9633,OBC-NCL,2172
9634,GEN,
9635,GEN,
9636,GEN-EWS,1177
9637,GEN,
9638,OBC-NCL,2173
9639,GEN-EWS,1178
9640,GEN,
9641,GEN-EWS,1179
9642,OBC-NCL,2174
9643,OBC-NCL,2175
9644,OBC-NCL,2176
9645,GEN,
9646,GEN,
9647,OBC-NCL,2177
9648,GEN,
9649,OBC-NCL,2178
9650,GEN-EWS,1180
9651,OBC-NCL,2179
9652,GEN,
9653,GEN,
9654,GEN,
9655,GEN,
9656,GEN,
9657,GEN-EWS,1181
9658,GEN,
9659,GEN,
9660,GEN,
9661,GEN,
9662,GEN,
9662,GEN,
9664,GEN,
9665,GEN,
9666,GEN,
9667,GEN-EWS,1182
9668,GEN,
9669,GEN,
9670,GEN-EWS,1183
9671,OBC-NCL,2180
9672,GEN,
9673,GEN,
9674,GEN,
9675,OBC-NCL,2181
9676,GEN,
9677,GEN,
9678,OBC-NCL,2182
9679,GEN,
9680,OBC-NCL,2183
9681,GEN,
9682,OBC-NCL,2184
9683,OBC-NCL,2185
9684,GEN,
9685,GEN,
9686,GEN,
9687,OBC-NCL,2186
9688,GEN,
9689,OBC-NCL,2187
9690,GEN-EWS,1184
9691,GEN,
9692,GEN,
9693,OBC-NCL,2188
9694,GEN,
9695,GEN,
9696,GEN-EWS,1185
9697,OBC-NCL,2189
9698,GEN,
9699,OBC-NCL,2190
9700,GEN,
9701,GEN,
9702,GEN-EWS,1186
9703,GEN,
9704,GEN-EWS,1187
9705,GEN-EWS,1188
9706,GEN,
9707,OBC-NCL,2191
9708,GEN,
9709,SC,236
9710,GEN-EWS,1189
9711,OBC-NCL,2192
9712,GEN,
9713,GEN,
9714,GEN-EWS,1190
9715,GEN,
9716,OBC-NCL,2193
9717,OBC-NCL,2194
9718,GEN,
9719,GEN,
9720,GEN,
9721,GEN,
9722,GEN,
9723,GEN,
9724,GEN,
9725,ST,61
9726,GEN,
9727,GEN-EWS,1191
9728,GEN,
9729,GEN,
9730,GEN,
9731,GEN,
9732,OBC-NCL,2195
9733,OBC-NCL,2196
9734,GEN,
9735,GEN,
9736,OBC-NCL,2197
9737,GEN,
9738,GEN,
9739,GEN,
9740,OBC-NCL,2198
9741,GEN,
9742,GEN-EWS,1192
9743,OBC-NCL,2199
9744,OBC-NCL,2200
9745,GEN,
9746,OBC-NCL,2201
9747,GEN-EWS,1193
9748,GEN,
9749,GEN,
9750,GEN,
9751,GEN,
9752,OBC-NCL,2202
9753,OBC-NCL,2203
9754,GEN,
9755,GEN-EWS,1194
9756,OBC-NCL,2204
9757,GEN,
9758,OBC-NCL,2205
9759,GEN,
9760,GEN,
9761,OBC-NCL,2206
9762,OBC-NCL,2207
9763,OBC-NCL,2208
9764,GEN,
9765,SC,237
9766,OBC-NCL,2209
9767,GEN,
9768,GEN,
9769,OBC-NCL,2210
9770,GEN-EWS,1195
9771,GEN,
9772,OBC-NCL,2211
9773,GEN-EWS,1196
9774,OBC-NCL,2212
9775,GEN,
9776,OBC-NCL,2213
9777,OBC-NCL,2214
9778,GEN-EWS,1197
9779,GEN,
9780,GEN,
9781,OBC-NCL,2215
9782,GEN-EWS,1198
9783,ST,62
9784,OBC-NCL,2217
9785,GEN-EWS,1199
9786,GEN,
9787,GEN,
9788,OBC-NCL,2218
9789,GEN-EWS,1200
9790,OBC-NCL,2219
9791,OBC-NCL,2220
9792,GEN-EWS,1201
9793,GEN,
9794,GEN,
9795,OBC-NCL,2221
9796,OBC-NCL,2222
9797,OBC-NCL,2223
9798,GEN,
9799,GEN,
9800,GEN-EWS,1202
9801,GEN,
9802,GEN,
9803,OBC-NCL,2224
9804,OBC-NCL,2225
9805,GEN,
9806,GEN,
9807,GEN,
9808,OBC-NCL,2226
9809,OBC-NCL,2227
9810,GEN,
9811,GEN,
9812,GEN-EWS,1203
9813,OBC-NCL,2228
9814,GEN,
9815,GEN,
9816,GEN,
9817,GEN-EWS,1204
9818,OBC-NCL,2229
9819,OBC-NCL,2230
9820,OBC-NCL,2231
9821,GEN,
9822,GEN,
9823,GEN,
9824,GEN-EWS,1205
9825,OBC-NCL,2232
9826,GEN,
9827,GEN,
9828,GEN,
9829,GEN,
9830,GEN,
9831,GEN-EWS,1206
9832,OBC-NCL,2233
9833,GEN,
9834,OBC-NCL,2234
9835,GEN,
9836,GEN-EWS,1207
9837,GEN,
9838,GEN-EWS,1208
9839,ST,63
9840,GEN,
9841,GEN,
9842,OBC-NCL,2235
9843,GEN,
9844,GEN-EWS,1209
9845,OBC-NCL,2236
9846,GEN,
9847,GEN,
9848,GEN,
9849,GEN,
9850,GEN,
9851,GEN,
9852,OBC-NCL,2237
9853,GEN,
9854,GEN-EWS,1210
9855,GEN-EWS,1211
9856,OBC-NCL,2238
9857,OBC-NCL,2239
9858,GEN,
9859,GEN,
9860,GEN,
9861,GEN,
9862,GEN-EWS,1212
9863,GEN,
9864,GEN,
9865,OBC-NCL,2240
9866,GEN,
9867,GEN,
9868,GEN,
9869,GEN-EWS,1213
9870,GEN,
9871,GEN,
9872,GEN,
9873,GEN-EWS,1214
9874,GEN,
9875,GEN-EWS,1215
9876,OBC-NCL,2241
9877,GEN-EWS,1216
9878,OBC-NCL,2242
9879,GEN,
9880,GEN,
9881,OBC-NCL,2243
9882,OBC-NCL,2244
9883,OBC-NCL,2245
9884,GEN,
9885,GEN,
9886,GEN,
9887,GEN,
9888,GEN,
9889,OBC-NCL,2246
9890,OBC-NCL,2247
9891,GEN,
9892,GEN-EWS,1217
9893,GEN,
9894,GEN-EWS,1218
9895,GEN,
9896,OBC-NCL,2248
9897,GEN-EWS,1219
9898,OBC-NCL,2249
9899,GEN,
9900,OBC-NCL,2250
9901,GEN,
9902,GEN,
9903,GEN,
9904,OBC-NCL,2251
9905,GEN,
9906,GEN,
9907,GEN-EWS,1220
9908,GEN-EWS,1221
9909,GEN,
9910,GEN,
9911,GEN,
9912,GEN,
9913,GEN,
9914,GEN,
9915,GEN,
9916,GEN-EWS,1222
9917,OBC-NCL,2252
9918,GEN,
9919,GEN-EWS,1223
9920,GEN-EWS,1224
9921,GEN,
9922,GEN-EWS,1225
9923,GEN,
9924,GEN,
9925,OBC-NCL,2253
9926,GEN,
9927,GEN,
9928,GEN,
9929,GEN,
9930,GEN,
9931,GEN,
9932,GEN,
9933,OBC-NCL,2254
9934,OBC-NCL,2255
9935,GEN,
9936,GEN,
9937,GEN,
9938,OBC-NCL,2256
9939,OBC-NCL,2257
9940,GEN,
9941,GEN,
9942,GEN,
9943,OBC-NCL,2258
9944,OBC-NCL,2259
9945,GEN,
9946,OBC-NCL,2260
9947,OBC-NCL,2261
9948,GEN,
9949,GEN,
9950,GEN,
9951,GEN,
9952,GEN,
9953,GEN,
9954,OBC-NCL,2262
9955,GEN,
9956,OBC-NCL,2263
9957,GEN,
9958,GEN,
9959,GEN-EWS,1226
9960,SC,238
9961,GEN,
9962,GEN-EWS,1227
9963,SC,239
9964,GEN,
9965,OBC-NCL,2264
9966,GEN,
9967,GEN,
9968,SC,240
9969,GEN,
9970,GEN,
9971,GEN,
9972,OBC-NCL,2265
9973,GEN,
9974,OBC-NCL,2266
9975,OBC-NCL,2267
9976,GEN,
9977,GEN-EWS,1228
9978,OBC-NCL,2268
9979,GEN-EWS,1229
9980,OBC-NCL,2269
9981,GEN,
9982,GEN,
9983,GEN,
9984,OBC-NCL,2270
9985,GEN,
9986,GEN,
9987,SC,241
9988,OBC-NCL,2271
9989,GEN-EWS,1230
9990,GEN,
9991,GEN,
9992,OBC-NCL,2272
9993,GEN,
9994,OBC-NCL,2273
9995,OBC-NCL,2274
9996,OBC-NCL,2275
9997,GEN,
9998,OBC-NCL,2276
9999,GEN,
10000,OBC-NCL,2277
10001,OBC-NCL,2278
10002,GEN,
10003,GEN,
10004,GEN-EWS,1231
10005,OBC-NCL,2279
10006,GEN,
10007,GEN,
10008,OBC-NCL,2280
10009,GEN,
10010,GEN-EWS,1232
10011,GEN,
10012,GEN,
10013,GEN,
10014,GEN-EWS,1233
10015,OBC-NCL,2281
10016,GEN,
10017,OBC-NCL,2282
10018,GEN,
10019,GEN,
10020,OBC-NCL,2283
10021,OBC-NCL,2284
10022,GEN,
10023,GEN,
10024,GEN,
10025,OBC-NCL,2285
10026,GEN,
10027,GEN,
10028,GEN,
10029,OBC-NCL,2286
10030,GEN,
10031,OBC-NCL,2287
10032,GEN,
10033,GEN-EWS,1234
10034,GEN-EWS,1235
10035,GEN-EWS,1236
10036,GEN,
10037,GEN,
10038,SC,242
10039,GEN,
10040,GEN,
10041,GEN,
10042,GEN-EWS,1237
10043,GEN,
10044,GEN,
10045,OBC-NCL,2289
10046,GEN,
10047,OBC-NCL,2290
10048,OBC-NCL,2291
10049,GEN-EWS,1238
10050,OBC-NCL,2292
10051,GEN-EWS,1239
10052,GEN,
10053,GEN,
10054,GEN,
10055,GEN,
10056,SC,243
10057,GEN,
10058,GEN,
10059,GEN-EWS,1240
10060,GEN,
10061,GEN,
10062,GEN,
10063,GEN,
10064,GEN,
10065,GEN-EWS,1241
10066,GEN,
10067,GEN,
10068,OBC-NCL,2293
10069,OBC-NCL,2294
10070,GEN,
10071,GEN,
10072,SC,244
10073,GEN,
10074,GEN,
10075,GEN,
10076,GEN,
10077,GEN,
10078,GEN,
10079,GEN-EWS,1242
10080,OBC-NCL,2295
10081,SC,245
10082,SC,246
10083,GEN,
10084,GEN,
10085,OBC-NCL,2296
10086,GEN,
10087,OBC-NCL,2297
10088,OBC-NCL,2298
10089,GEN,
10090,GEN,
10091,OBC-NCL,2299
10092,OBC-NCL,2300
10093,OBC-NCL,2301
10094,OBC-NCL,2302
10095,GEN,
10096,OBC-NCL,2303
10097,OBC-NCL,2304
10098,GEN-EWS,1243
10099,OBC-NCL,2305
10100,GEN,
10101,GEN,
10102,OBC-NCL,2306
10103,GEN,
10104,GEN,
10105,OBC-NCL,2307
10106,GEN-EWS,1244
10107,GEN,
10108,GEN,
10109,OBC-NCL,2308
10110,GEN,
10111,GEN,
10112,GEN-EWS,1245
10113,GEN,
10114,GEN,
10115,OBC-NCL,2309
10116,GEN,
10117,GEN,
10118,OBC-NCL,2310
10119,OBC-NCL,2311
10120,GEN,
10121,GEN,
10122,OBC-NCL,2312
10123,GEN,
10124,GEN,
10125,OBC-NCL,2313
10126,GEN,
10127,GEN,
10128,GEN,
10129,OBC-NCL,2314
10130,GEN,
10131,GEN,
10132,SC,247
10133,OBC-NCL,2315
10134,GEN-EWS,1246
10135,GEN-EWS,1247
10136,GEN,
10137,GEN-EWS,1248
10138,GEN-EWS,1249
10139,GEN,
10140,GEN,
10141,GEN,
10142,GEN,
10143,GEN,
10144,GEN,
10145,OBC-NCL,2316
10146,OBC-NCL,2317
10147,GEN,
10148,GEN,
10149,OBC-NCL,2318
10150,GEN-EWS,1250
10151,GEN-EWS,1251
10152,GEN-EWS,1252
10153,GEN,
10154,OBC-NCL,2319
10155,OBC-NCL,2320
10156,GEN,
10157,GEN,
10158,GEN-EWS,1253
10159,GEN,
10160,GEN,
10161,GEN,
10162,GEN,
10163,GEN,
10164,GEN-EWS,1254
10165,GEN,
10165,OBC-NCL,2321
10167,GEN-EWS,1255
10168,GEN-EWS,1256
10169,GEN,
10170,OBC-NCL,2322
10171,GEN,
10172,GEN,
10173,GEN,
10174,GEN,
10175,GEN-EWS,1257
10176,GEN,
10177,GEN,
10178,OBC-NCL,2323
10179,OBC-NCL,2324
10180,GEN,
10181,GEN,
10182,OBC-NCL,2325
10183,GEN,
10184,GEN,
10185,GEN,
10186,GEN-EWS,1258
10187,GEN-EWS,1259
10188,GEN,
10189,GEN,
10190,GEN,
10191,GEN,
10192,GEN,
10193,OBC-NCL,2326
10194,GEN,
10195,GEN,
10196,GEN,
10197,GEN,
10198,GEN-EWS,1260
10199,OBC-NCL,2327
10200,GEN,
10201,GEN,
10202,GEN,
10203,OBC-NCL,2328
10204,OBC-NCL,2329
10205,GEN-EWS,1261
10206,OBC-NCL,2330
10207,OBC-NCL,2331
10208,GEN,
10209,GEN,
10210,SC,248
10211,GEN,
10212,OBC-NCL,2332
10213,GEN,
10214,GEN-EWS,1262
10215,GEN,
10216,GEN,
10217,GEN,
10218,GEN-EWS,1263
10219,SC,249
10220,OBC-NCL,2333
10221,OBC-NCL,2334
10222,SC,250
10223,GEN-EWS,1264
10224,OBC-NCL,2335
10225,OBC-NCL,2336
10226,OBC-NCL,2337
10227,OBC-NCL,2338
10228,GEN,
10229,GEN,
10230,GEN,
10231,GEN,
10232,GEN,
10233,GEN,
10234,GEN,
10234,OBC-NCL,2339
10236,GEN-EWS,1265
10237,OBC-NCL,2340
10238,GEN,
10239,GEN-EWS,1266
10240,SC,251
10241,GEN,
10242,OBC-NCL,2341
10243,GEN-EWS,1267
10244,OBC-NCL,2342
10245,OBC-NCL,2343
10246,GEN-EWS,1268
10247,GEN,
10248,OBC-NCL,2344
10249,GEN,
10250,GEN,
10251,GEN,
10252,GEN,
10253,GEN,
10254,GEN,
10255,GEN-EWS,1269
10256,GEN-EWS,1270
10257,GEN,
10258,GEN,
10259,GEN,
10260,GEN,
10261,OBC-NCL,2345
10262,OBC-NCL,2346
10263,GEN,
10264,OBC-NCL,2347
10265,GEN,
10266,GEN,
10267,GEN,
10268,GEN,
10269,GEN,
10270,OBC-NCL,2348
10271,GEN,
10272,GEN,
10273,GEN,
10274,GEN-EWS,1271
10275,OBC-NCL,2349
10276,OBC-NCL,2350
10277,SC,252
10278,GEN,
10279,OBC-NCL,2351
10280,GEN,
10281,GEN,
10282,GEN,
10283,GEN,
10284,GEN-EWS,1272
10285,OBC-NCL,2352
10286,OBC-NCL,2353
10287,OBC-NCL,2354
10288,GEN,
10289,OBC-NCL,2355
10290,GEN,
10291,OBC-NCL,2356
10292,GEN,
10293,GEN,
10294,GEN,
10295,GEN,
10296,GEN,
10297,GEN,
10298,GEN,
10299,OBC-NCL,2357
10300,GEN,
10301,GEN,
10302,OBC-NCL,2358
10303,GEN,
10304,GEN,
10305,SC,253
10306,OBC-NCL,2359
10307,OBC-NCL,2360
10308,GEN,
10309,GEN,
10310,OBC-NCL,2361
10311,GEN-EWS,1273
10312,GEN,
10313,GEN-EWS,1274
10314,GEN,
10315,GEN-EWS,1275
10316,GEN,
10317,GEN,
10318,GEN,
10319,OBC-NCL,2362
10320,OBC-NCL,2363
10321,GEN-EWS,1276
10322,GEN,
10323,GEN-EWS,1277
10324,GEN,
10325,OBC-NCL,2364
10326,GEN,
10327,GEN,
10328,GEN,
10329,GEN,
10330,GEN,
10331,GEN,
10332,GEN,
10333,GEN,
10334,GEN,
10335,GEN,
10336,ST,64
10337,OBC-NCL,2365
10338,OBC-NCL,2366
10339,GEN-EWS,1278
10340,GEN,
10341,OBC-NCL,2367
10342,GEN-EWS,1279
10343,GEN,
10344,OBC-NCL,2368
10345,OBC-NCL,2369
10346,GEN,
10347,GEN-EWS,1280
10348,GEN-EWS,1281
10349,GEN,
10350,GEN,
10351,OBC-NCL,2370
10352,OBC-NCL,2371
10353,OBC-NCL,2372
10354,GEN,
10355,OBC-NCL,2373
10356,GEN-EWS,1282
10357,GEN,
10358,GEN,
10359,GEN,
10360,GEN,
10361,GEN,
10362,OBC-NCL,2374
10363,GEN-EWS,1283
10364,OBC-NCL,2375
10365,GEN,
10366,GEN,
10367,GEN,
10368,GEN,
10369,GEN,
10370,GEN,
10370,GEN,
10372,GEN,
10373,GEN-EWS,1284
10374,GEN,
10375,GEN-EWS,1285
10376,GEN,
10377,SC,254
10378,GEN-EWS,1286
10379,GEN-EWS,1287
10380,GEN,
10381,GEN-EWS,1288
10382,GEN-EWS,1289
10383,GEN,
10384,GEN,
10385,GEN,
10386,GEN-EWS,1290
10387,SC,255
10388,GEN,
10389,GEN,
10390,GEN,
10391,GEN-EWS,1291
10392,SC,256
10393,GEN,
10394,GEN,
10395,OBC-NCL,2376
10396,GEN,
10397,GEN,
10398,GEN-EWS,1292
10399,GEN,
10400,OBC-NCL,2377
10401,GEN-EWS,1293
10402,OBC-NCL,2378
10403,OBC-NCL,2379
10404,SC,257
10405,GEN,
10406,GEN,
10407,GEN,
10408,GEN,
10409,GEN,
10410,GEN,
10411,GEN,
10412,GEN,
10413,GEN,
10414,GEN,
10415,OBC-NCL,2380
10416,GEN,
10417,GEN,
10418,GEN-EWS,1294
10419,GEN,
10420,OBC-NCL,2381
10421,OBC-NCL,2382
10422,OBC-NCL,2383
10423,GEN,
10424,GEN,
10425,GEN,
10426,OBC-NCL,2384
10427,GEN,
10428,GEN,
10429,OBC-NCL,2385
10430,OBC-NCL,2386
10431,GEN,
10432,GEN-EWS,1295
10433,OBC-NCL,2387
10434,GEN,
10435,GEN,
10436,GEN,
10437,GEN,
10438,GEN,
10439,GEN,
10440,OBC-NCL,2388
10441,GEN,
10442,SC,258
10443,OBC-NCL,2389
10444,GEN-EWS,1296
10445,GEN,
10446,GEN-EWS,1297
10447,OBC-NCL,2390
10448,GEN-EWS,1298
10449,OBC-NCL,2391
10450,GEN-EWS,1299
10451,GEN,
10452,GEN,
10453,GEN-EWS,1300
10454,OBC-NCL,2392
10455,GEN,
10456,OBC-NCL,2393
10457,GEN-EWS,1301
10458,GEN,
10459,GEN-EWS,1302
10460,GEN,
10461,OBC-NCL,2394
10462,GEN,
10463,GEN,
10464,OBC-NCL,2395
10465,GEN,
10466,OBC-NCL,2396
10467,GEN,
10468,GEN,
10469,GEN,
10470,GEN-EWS,1303
10471,GEN,
10472,OBC-NCL,2397
10473,GEN-EWS,1304
10474,OBC-NCL,2398
10475,GEN,
10476,GEN,
10477,OBC-NCL,2399
10478,OBC-NCL,2400
10479,SC,259
10480,GEN,
10481,GEN,
10482,GEN,
10483,GEN-EWS,1305
10483,OBC-NCL,2401
10485,GEN-EWS,1306
10486,GEN-EWS,1307
10487,GEN,
10488,GEN,
10489,OBC-NCL,2402
10490,GEN,
10491,OBC-NCL,2403
10492,GEN,
10493,OBC-NCL,2404
10494,GEN,
10495,GEN-EWS,1308
10496,GEN-EWS,1309
10497,OBC-NCL,2405
10498,GEN,
10499,GEN,
10500,GEN,
10501,SC,260
10502,GEN,
10503,GEN,
10504,OBC-NCL,2406
10505,SC,261
10506,GEN,
10507,GEN,
10508,OBC-NCL,2407
10509,GEN,
10510,GEN,
10511,GEN,
10512,OBC-NCL,2408
10513,GEN,
10514,GEN,
10515,GEN-EWS,1310
10516,GEN,
10517,OBC-NCL,2409
10518,GEN,
10519,GEN,
10520,OBC-NCL,2410
10521,GEN,
10522,GEN,
10523,GEN,
10524,OBC-NCL,2411
10525,OBC-NCL,2412
10526,GEN,
10527,GEN-EWS,1311
10528,GEN,
10529,GEN,
10530,GEN,
10531,GEN,
10532,GEN,
10533,GEN-EWS,1312
10534,OBC-NCL,2413
10535,OBC-NCL,2414
10536,GEN,
10537,OBC-NCL,2415
10538,GEN,
10539,SC,262
10540,OBC-NCL,2416
10541,SC,263
10542,GEN,
10543,OBC-NCL,2417
10544,SC,264
10545,SC,265
10546,OBC-NCL,2418
10547,GEN,
10548,GEN,
10549,GEN,
10550,OBC-NCL,2419
10551,GEN,
10552,GEN,
10553,GEN,
10554,GEN,
10555,GEN,
10556,GEN,
10557,OBC-NCL,2420
10558,OBC-NCL,2421
10559,OBC-NCL,2422
10560,GEN-EWS,1313
10561,GEN,
10562,OBC-NCL,2423
10563,GEN-EWS,1314
10564,GEN,
10565,GEN-EWS,1315
10566,SC,266
10567,OBC-NCL,2424
10568,GEN-EWS,1316
10569,GEN,
10570,OBC-NCL,2425
10571,GEN,
10572,OBC-NCL,2426
10573,OBC-NCL,2427
10574,OBC-NCL,2428
10575,GEN,
10576,GEN,
10577,OBC-NCL,2429
10578,GEN-EWS,1317
10579,GEN,
10580,OBC-NCL,2430
10581,GEN,
10582,GEN,
10583,OBC-NCL,2431
10584,OBC-NCL,2432
10585,GEN,
10586,GEN-EWS,1318
10587,OBC-NCL,2433
10588,GEN,
10589,GEN,
10590,GEN-EWS,1319
10591,OBC-NCL,2434
10592,GEN,
10593,OBC-NCL,2435
10594,GEN-EWS,1320
10595,GEN,
10596,OBC-NCL,2436
10597,OBC-NCL,2437
10598,GEN-EWS,1321
10599,GEN,
10600,GEN,
10601,GEN,
10602,GEN,
10603,GEN,
10604,OBC-NCL,2438
10605,GEN,
10606,GEN,
10607,OBC-NCL,2439
10608,OBC-NCL,2440
10609,GEN,
10610,GEN-EWS,1322
10611,GEN,
10612,GEN,
10613,GEN,
10614,GEN-EWS,1323
10615,OBC-NCL,2441
10616,GEN,
10617,GEN,
10618,GEN,
10619,OBC-NCL,2442
10620,GEN,
10621,GEN,
10622,OBC-NCL,2443
10623,OBC-NCL,2444
10624,GEN,
10625,OBC-NCL,2445
10626,GEN,
10627,GEN-EWS,1324
10628,GEN,
10629,GEN,
10630,ST,65
10631,GEN,
10632,GEN,
10633,GEN,
10634,GEN,
10635,GEN,
10635,GEN-EWS,1325
10637,OBC-NCL,2446
10638,GEN-EWS,1326
10639,GEN,
10640,GEN-EWS,1327
10641,GEN,
10642,OBC-NCL,2447
10643,GEN,
10644,OBC-NCL,2448
10645,GEN,
10646,OBC-NCL,2449
10647,GEN,
10648,GEN,
10649,OBC-NCL,2450
10650,GEN,
10651,OBC-NCL,2451
10652,GEN,
10653,GEN,
10654,GEN,
10655,GEN,
10656,GEN,
10657,GEN,
10658,OBC-NCL,2452
10659,GEN,
10660,OBC-NCL,2453
10661,OBC-NCL,2454
10662,GEN,
10663,GEN,
10664,GEN,
10665,GEN-EWS,1328
10666,OBC-NCL,2455
10667,GEN,
10668,GEN,
10669,GEN,
10670,OBC-NCL,2456
10671,OBC-NCL,2457
10672,GEN,
10673,GEN,
10674,GEN,
10675,GEN,
10676,GEN,
10677,OBC-NCL,2458
10678,GEN,
10679,GEN-EWS,1329
10680,GEN-EWS,1330
10681,OBC-NCL,2459
10682,GEN-EWS,1331
10683,ST,66
10684,GEN-EWS,1332
10685,GEN,
10685,GEN,
10687,OBC-NCL,2460
10688,GEN-EWS,1333
10689,OBC-NCL,2461
10690,OBC-NCL,2462
10691,GEN,
10692,GEN,
10693,GEN,
10694,ST,67
10695,GEN-EWS,1334
10696,GEN,
10697,GEN,
10698,OBC-NCL,2463
10699,GEN,
10700,GEN-EWS,1335
10701,OBC-NCL,2464
10702,GEN,
10703,GEN,
10704,OBC-NCL,2465
10705,GEN-EWS,1336
10706,GEN,
10707,GEN-EWS,1337
10708,GEN-EWS,1338
10709,GEN,
10710,GEN,
10711,SC,267
10712,OBC-NCL,2466
10713,GEN,
10714,GEN-EWS,1339
10715,GEN,
10716,ST,68
10717,GEN,
10718,GEN,
10719,GEN,
10720,GEN,
10721,GEN-EWS,1340
10722,OBC-NCL,2467
10723,OBC-NCL,2468
10724,OBC-NCL,2469
10725,GEN,
10726,GEN,
10727,GEN,
10728,OBC-NCL,2470
10729,GEN,
10730,GEN,
10731,GEN,
10732,OBC-NCL,2471
10733,GEN,
10734,GEN,
10735,GEN-EWS,1341
10736,OBC-NCL,2472
10737,GEN,
10738,OBC-NCL,2473
10739,GEN,
10740,GEN,
10741,GEN,
10742,GEN,
10743,OBC-NCL,2474
10744,OBC-NCL,2475
10745,GEN,
10746,OBC-NCL,2476
10747,GEN-EWS,1342
10748,GEN,
10749,OBC-NCL,2477
10750,GEN,
10751,OBC-NCL,2478
10752,OBC-NCL,2479
10753,GEN,
10754,OBC-NCL,2480
10755,GEN,
10756,GEN,
10757,GEN,
10758,GEN,
10759,OBC-NCL,2481
10760,OBC-NCL,2482
10761,OBC-NCL,2483
10762,GEN-EWS,1343
10763,GEN,
10764,OBC-NCL,2484
10765,GEN,
10766,OBC-NCL,2485
10767,OBC-NCL,2486
10768,GEN,
10769,GEN,
10770,GEN,
10771,OBC-NCL,2487
10772,GEN,
10773,ST,69
10774,GEN,
10775,GEN-EWS,1344
10776,GEN,
10777,GEN,
10778,OBC-NCL,2488
10779,OBC-NCL,2489
10780,GEN-EWS,1345
10781,GEN,
10782,GEN,
10783,GEN,
10784,GEN,
10785,GEN,
10786,OBC-NCL,2490
10787,GEN,
10788,ST,70
10789,OBC-NCL,2491
10790,OBC-NCL,2492
10791,GEN,
10792,GEN-EWS,1346
10793,GEN,
10794,OBC-NCL,2493
10795,GEN,
10796,GEN,
10797,GEN-EWS,1347
10798,GEN,
10799,OBC-NCL,2494
10800,GEN,
10801,OBC-NCL,2495
10802,GEN-EWS,1348
10803,OBC-NCL,2496
10804,GEN,
10805,OBC-NCL,2497
10806,OBC-NCL,2498
10807,OBC-NCL,2499
10808,GEN,
10809,SC,268
10810,OBC-NCL,2500
10811,GEN,
10812,GEN,
10813,GEN,
10814,GEN,
10815,GEN,
10816,GEN,
10817,GEN,
10818,OBC-NCL,2501
10819,ST,71
10820,OBC-NCL,2502
10821,GEN-EWS,1349
10822,GEN-EWS,1350
10823,OBC-NCL,2503
10824,GEN-EWS,1351
10825,OBC-NCL,2504
10826,OBC-NCL,2505
10827,OBC-NCL,2506
10828,GEN,
10829,GEN,
10830,GEN-EWS,1352
10831,GEN,
10832,GEN,
10833,OBC-NCL,2507
10834,GEN,
10835,GEN,
10836,GEN,
10837,GEN,
10838,OBC-NCL,2508
10839,OBC-NCL,2509
10840,OBC-NCL,2510
10841,GEN,
10842,GEN,
10843,GEN-EWS,1353
10844,GEN,
10845,OBC-NCL,2511
10846,GEN,
10847,GEN,
10848,GEN,
10849,OBC-NCL,2512
10850,GEN-EWS,1354
10851,GEN,
10852,GEN,
10853,GEN,
10854,OBC-NCL,2513
10855,GEN-EWS,1355
10856,OBC-NCL,2514
10857,OBC-NCL,2515
10858,GEN,
10859,GEN,
10860,GEN,
10861,OBC-NCL,2516
10862,OBC-NCL,2517
10863,GEN,
10864,GEN,
10865,OBC-NCL,2518
10866,OBC-NCL,2519
10867,OBC-NCL,2520
10868,GEN,
10869,OBC-NCL,2521
10870,GEN,
10871,GEN,
10872,OBC-NCL,2522
10873,GEN-EWS,1356
10874,OBC-NCL,2523
10875,GEN,
10876,GEN-EWS,1357
10877,GEN,
10878,SC,269
10879,GEN-EWS,1358
10880,GEN,
10881,OBC-NCL,2524
10882,OBC-NCL,2525
10883,OBC-NCL,2526
10884,GEN,
10885,GEN,
10886,OBC-NCL,2527
10887,GEN,
10888,GEN,
10889,GEN,
10890,SC,270
10891,GEN,
10892,OBC-NCL,2528
10893,OBC-NCL,2529
10894,GEN,
10895,SC,271
10896,GEN,
10897,OBC-NCL,2530
10898,GEN,
10899,GEN-EWS,1359
10900,OBC-NCL,2531
10901,GEN,
10902,OBC-NCL,2532
10903,OBC-NCL,2533
10904,GEN-EWS,1360
10905,GEN,
10906,GEN-EWS,1361
10907,GEN-EWS,1362
10908,GEN-EWS,1363
10909,GEN,
10910,GEN,
10911,GEN,
10912,GEN,
10913,GEN,
10914,OBC-NCL,2534
10915,GEN,
10916,OBC-NCL,2535
10917,GEN,
10918,GEN,
10919,GEN,
10920,OBC-NCL,2536
10921,GEN-EWS,1364
10922,GEN,
10923,GEN,
10924,ST,72
10925,GEN,
10926,GEN,
10927,OBC-NCL,2537
10928,GEN,
10929,GEN,
10930,OBC-NCL,2538
10931,GEN-EWS,1365
10932,OBC-NCL,2539
10933,GEN,
10934,GEN,
10935,OBC-NCL,2540
10936,GEN-EWS,1366
10937,OBC-NCL,2541
10938,GEN,
10939,GEN,
10940,OBC-NCL,2542
10941,OBC-NCL,2543
10942,GEN,
10943,GEN,
10944,GEN,
10945,GEN,
10946,SC,272
10947,GEN,
10948,GEN,
10949,GEN,
10950,GEN,
10951,GEN,
10952,OBC-NCL,2544
10953,OBC-NCL,2545
10954,GEN,
10955,GEN,
10956,GEN,
10957,OBC-NCL,2546
10958,SC,273
10959,OBC-NCL,2547
10960,GEN,
10961,OBC-NCL,2548
10962,GEN,
10963,OBC-NCL,2549
10964,GEN,
10965,GEN-EWS,1367
10966,GEN,
10967,GEN,
10968,GEN-EWS,1368
10969,GEN,
10970,SC,274
10971,GEN,
10972,OBC-NCL,2550
10973,OBC-NCL,2551
10974,GEN,
10975,OBC-NCL,2552
10976,SC,275
10977,GEN-EWS,1369
10978,OBC-NCL,2553
10979,GEN,
10980,GEN,
10981,GEN,
10982,OBC-NCL,2554
10983,GEN,
10984,GEN-EWS,1370
10985,GEN,
10986,GEN,
10987,OBC-NCL,2555
10988,GEN,
10989,GEN,
10990,GEN,
10991,GEN-EWS,1371
10992,GEN,
10993,OBC-NCL,2556
10994,GEN,
10995,OBC-NCL,2557
10996,OBC-NCL,2558
10997,GEN,
10998,GEN,
10999,GEN,
11000,GEN,
11001,GEN,
11002,GEN,
11003,GEN,
11004,OBC-NCL,2559
11005,GEN-EWS,1372
11006,GEN-EWS,1373
11007,GEN-EWS,1374
11008,GEN,
11009,GEN-EWS,1375
11010,OBC-NCL,2560
11011,OBC-NCL,2561
11012,GEN-EWS,1376
11013,GEN-EWS,1377
11014,GEN,
11015,GEN,
11016,GEN,
11017,GEN-EWS,1378
11018,OBC-NCL,2562
11019,OBC-NCL,2563
11020,OBC-NCL,2564
11021,GEN,
11022,GEN,
11023,GEN,
11024,GEN,
11025,OBC-NCL,2565
11026,OBC-NCL,2566
11027,GEN-EWS,1379
11028,OBC-NCL,2567
11029,GEN,
11030,GEN-EWS,1380
11031,GEN,
11032,GEN,
11033,GEN,
11034,GEN,
11035,GEN-EWS,1381
11036,GEN,
11037,GEN,
11038,GEN,
11039,GEN,
11040,GEN,
11041,GEN,
11042,GEN,
11043,GEN-EWS,1382
11044,OBC-NCL,2568
11045,GEN,
11046,GEN,
11047,GEN-EWS,1383
11048,GEN,
11049,GEN-EWS,1384
11050,OBC-NCL,2569
11051,GEN,
11052,GEN,
11053,OBC-NCL,2570
11054,OBC-NCL,2571
11055,GEN,
11056,OBC-NCL,2572
11057,GEN-EWS,1385
11058,GEN,
11059,GEN,
11060,GEN,
11061,GEN,
11062,OBC-NCL,2573
11063,GEN,
11064,GEN,
11065,GEN-EWS,1386
11066,GEN,
11067,OBC-NCL,2574
11068,GEN,
11069,GEN-EWS,1387
11070,GEN,
11071,OBC-NCL,2575
11072,GEN,
11073,OBC-NCL,2576
11074,OBC-NCL,2577
11075,ST,73
11076,OBC-NCL,2578
11077,OBC-NCL,2579
11078,OBC-NCL,2580
11079,GEN,
11080,GEN,
11081,SC,276
11082,OBC-NCL,2581
11083,OBC-NCL,2582
11084,GEN,
11085,GEN-EWS,1388
11086,OBC-NCL,2583
11087,OBC-NCL,2584
11088,OBC-NCL,2585
11089,GEN,
11090,GEN-EWS,1389
11091,OBC-NCL,2586
11092,GEN,
11093,GEN,
11094,GEN,
11095,GEN,
11096,OBC-NCL,2587
11097,OBC-NCL,2588
11098,GEN,
11099,OBC-NCL,2589
11100,GEN-EWS,1390
11101,OBC-NCL,2590
11102,OBC-NCL,2591
11103,OBC-NCL,2592
11104,GEN,
11105,GEN,
11106,GEN,
11107,OBC-NCL,2593
11108,GEN,
11108,GEN-EWS,1391
11110,GEN,
11111,GEN-EWS,1392
11112,GEN,
11113,GEN,
11114,GEN,
11115,GEN,
11116,GEN,
11117,GEN,
11118,OBC-NCL,2594
11119,GEN,
11120,OBC-NCL,2595
11121,SC,277
11122,GEN-EWS,1393
11123,GEN,
11124,GEN-EWS,1394
11125,OBC-NCL,2596
11126,GEN,
11127,GEN-EWS,1395
11128,GEN-EWS,1396
11129,GEN,
11130,GEN,
11131,GEN,
11132,GEN,
11133,GEN-EWS,1397
11134,GEN,
11135,GEN,
11136,OBC-NCL,2597
11137,GEN-EWS,1398
11138,GEN-EWS,1399
11139,GEN,
11140,GEN,
11141,GEN,
11142,GEN,
11143,GEN,
11144,GEN-EWS,1400
11145,GEN-EWS,1401
11146,OBC-NCL,2598
11147,GEN,
11148,GEN,
11149,GEN,
11150,GEN,
11151,OBC-NCL,2599
11152,OBC-NCL,2600
11153,SC,278
11154,GEN,
11155,GEN,
11156,OBC-NCL,2601
11157,SC,279
11158,GEN,
11159,GEN,
11160,GEN,
11161,OBC-NCL,2602
11162,GEN,
11163,GEN,
11164,OBC-NCL,2603
11165,GEN,
11166,OBC-NCL,2604
11167,OBC-NCL,2605
11168,GEN-EWS,1402
11169,OBC-NCL,2606
11170,GEN,
11171,GEN,
11172,GEN,
11173,GEN,
11174,GEN,
11175,OBC-NCL,2607
11176,GEN-EWS,1403
11177,GEN-EWS,1404
11178,GEN,
11179,GEN-EWS,1405
11180,GEN,
11181,GEN,
11182,GEN,
11183,GEN,
11184,OBC-NCL,2608
11185,GEN,
11186,GEN-EWS,1406
11187,GEN,
11188,OBC-NCL,2609
11189,GEN,
11190,GEN-EWS,1407
11191,GEN-EWS,1408
11192,OBC-NCL,2610
11193,GEN,
11194,OBC-NCL,2611
11195,GEN,
11196,OBC-NCL,2612
11197,OBC-NCL,2613
11198,GEN,
11199,GEN-EWS,1409
11200,GEN-EWS,1410
11201,GEN,
11202,OBC-NCL,2614
11203,OBC-NCL,2615
11204,OBC-NCL,2616
11205,GEN-EWS,1411
11206,GEN,
11207,GEN,
11208,OBC-NCL,2617
11209,GEN,
11210,OBC-NCL,2618
11211,ST,74
11212,OBC-NCL,2619
11213,OBC-NCL,2620
11214,GEN,
11215,GEN,
11216,GEN,
11217,GEN,
11218,OBC-NCL,2621
11219,GEN,
11220,GEN,
11221,ST,75
11222,GEN,
11223,GEN,
11224,SC,280
11225,OBC-NCL,2622
11226,OBC-NCL,2623
11227,OBC-NCL,2624
11228,GEN-EWS,1412
11229,OBC-NCL,2625
11230,GEN,
11231,OBC-NCL,2626
11232,GEN,
11233,GEN-EWS,1413
11234,OBC-NCL,2627
11235,GEN,
11236,GEN,
11237,OBC-NCL,2628
11238,GEN,
11239,GEN,
11240,OBC-NCL,2629
11241,GEN,
11242,GEN,
11243,OBC-NCL,2630
11244,GEN,
11245,GEN,
11246,GEN-EWS,1414
11247,GEN,
11248,GEN,
11249,GEN,
11250,GEN-EWS,1415
11251,GEN,
11252,GEN,
11253,GEN,
11254,OBC-NCL,2631
11255,OBC-NCL,2632
11256,GEN,
11257,GEN,
11258,OBC-NCL,2633
11259,GEN-EWS,1416
11260,GEN,
11261,GEN,
11262,OBC-NCL,2634
11263,GEN,
11264,OBC-NCL,2635
11265,OBC-NCL,2636
11266,OBC-NCL,2637
11267,GEN-EWS,1417
11268,OBC-NCL,2638
11269,GEN,
11270,GEN-EWS,1418
11271,GEN-EWS,1419
11272,GEN,
11273,OBC-NCL,2639
11274,GEN,
11275,OBC-NCL,2640
11276,OBC-NCL,2641
11277,GEN-EWS,1420
11278,GEN,
11279,GEN,
11280,GEN-EWS,1421
11281,GEN,
11282,OBC-NCL,2642
11283,GEN-EWS,1422
11284,SC,281
11285,GEN,
11286,GEN,
11287,GEN-EWS,1423
11288,OBC-NCL,2643
11289,OBC-NCL,2644
11290,OBC-NCL,2645
11291,GEN-EWS,1424
11292,OBC-NCL,2646
11293,GEN-EWS,1425
11294,GEN-EWS,1426
11295,GEN,
11296,GEN-EWS,1427
11297,GEN-EWS,1428
11298,GEN,
11299,GEN-EWS,1429
11300,GEN,
11301,GEN,
11302,GEN,
11303,GEN,
11304,GEN,
11305,OBC-NCL,2647
11306,GEN,
11307,GEN,
11308,GEN,
11309,GEN,
11310,SC,282
11311,GEN,
11312,OBC-NCL,2648
11313,GEN,
11314,OBC-NCL,2649
11315,OBC-NCL,2650
11316,OBC-NCL,2651
11317,OBC-NCL,2652
11318,OBC-NCL,2653
11319,GEN,
11320,GEN,
11321,OBC-NCL,2654
11322,OBC-NCL,2655
11323,GEN,
11324,OBC-NCL,2656
11325,GEN,
11326,OBC-NCL,2657
11327,GEN,
11328,GEN,
11329,GEN,
11330,GEN-EWS,1430
11331,OBC-NCL,2658
11332,GEN,
11333,OBC-NCL,2659
11334,GEN-EWS,1431
11335,GEN-EWS,1432
11336,GEN,
11337,GEN,
11338,GEN,
11339,GEN,
11340,OBC-NCL,2660
11341,GEN,
11342,GEN,
11343,GEN,
11344,GEN-EWS,1433
11345,GEN,
11346,OBC-NCL,2661
11347,GEN,
11348,OBC-NCL,2662
11349,GEN,
11350,OBC-NCL,2663
11351,OBC-NCL,2664
11352,GEN-EWS,1434
11353,GEN,
11354,SC,283
11355,GEN,
11355,OBC-NCL,2665
11357,GEN,
11358,GEN,
11359,GEN,
11360,OBC-NCL,2666
11361,OBC-NCL,2667
11362,SC,284
11363,GEN,
11364,OBC-NCL,2668
11365,GEN,
11366,GEN,
11367,GEN,
11368,GEN,
11369,GEN,
11370,GEN,
11371,OBC-NCL,2669
11372,GEN,
11373,GEN,
11374,OBC-NCL,2670
11375,SC,285
11376,OBC-NCL,2671
11377,OBC-NCL,2672
11378,OBC-NCL,2673
11379,GEN-EWS,1435
11380,GEN,
11381,GEN-EWS,1436
11382,SC,286
11383,OBC-NCL,2674
11384,ST,76
11385,GEN,
11386,GEN,
11387,GEN,
11388,GEN,
11389,GEN,
11390,GEN,
11391,GEN,
11392,GEN,
11393,OBC-NCL,2675
11394,GEN,
11395,OBC-NCL,2676
11396,OBC-NCL,2677
11397,GEN,
11398,GEN,
11399,GEN,
11400,GEN,
11401,OBC-NCL,2678
11402,GEN-EWS,1437
11403,OBC-NCL,2679
11404,GEN,
11405,GEN,
11406,GEN,
11407,GEN,
11408,GEN-EWS,1438
11409,OBC-NCL,2680
11410,GEN-EWS,1439
11411,GEN,
11412,GEN,
11413,GEN-EWS,1440
11414,OBC-NCL,2681
11415,GEN,
11416,GEN,
11417,SC,287
11418,OBC-NCL,2682
11419,OBC-NCL,2683
11420,GEN-EWS,1441
11421,GEN,
11422,GEN,
11423,OBC-NCL,2684
11424,SC,288
11425,GEN,
11426,GEN,
11427,GEN,
11427,OBC-NCL,2685
11429,GEN-EWS,1442
11430,OBC-NCL,2686
11431,OBC-NCL,2687
11432,GEN,
11433,GEN,
11434,GEN,
11435,GEN,
11436,GEN,
11437,OBC-NCL,2688
11438,OBC-NCL,2689
11439,GEN,
11440,GEN-EWS,1443
11441,GEN,
11442,GEN,
11443,GEN-EWS,1444
11444,GEN,
11445,GEN,
11446,GEN,
11447,GEN-EWS,1445
11448,GEN,
11449,OBC-NCL,2690
11450,OBC-NCL,2691
11451,GEN-EWS,1446
11452,GEN,
11453,OBC-NCL,2692
11454,GEN-EWS,1447
11455,GEN-EWS,1448
11456,SC,289
11457,GEN,
11458,OBC-NCL,2693
11459,GEN,
11460,GEN,
11461,GEN,
11462,GEN,
11463,GEN,
11464,GEN,
11465,GEN,
11466,GEN,
11467,OBC-NCL,2694
11468,GEN,
11469,GEN,
11470,GEN,
11471,SC,290
11472,GEN-EWS,1449
11473,GEN-EWS,1450
11474,GEN,
11475,GEN,
11476,GEN,
11477,GEN,
11478,OBC-NCL,2695
11479,GEN,
11480,GEN,
11481,OBC-NCL,2696
11482,GEN,
11483,GEN,
11484,GEN,
11485,GEN,
11486,OBC-NCL,2697
11487,GEN,
11488,GEN,
11489,GEN,
11490,OBC-NCL,2698
11491,GEN,
11492,GEN,
11493,GEN,
11494,GEN-EWS,1451
11495,GEN,
11496,GEN,
11497,GEN,
11498,GEN,
11499,GEN,
11500,GEN,
11501,GEN,
11502,GEN,
11503,GEN,
11504,GEN,
11505,OBC-NCL,2699
11506,GEN,
11507,OBC-NCL,2700
11508,OBC-NCL,2701
11509,GEN,
11510,GEN,
11511,GEN-EWS,1452
11512,OBC-NCL,2702
11513,GEN,
11514,GEN,
11515,GEN-EWS,1453
11516,GEN,
11517,OBC-NCL,2703
11518,GEN-EWS,1454
11519,GEN,
11520,GEN,
11521,OBC-NCL,2704
11522,OBC-NCL,2705
11523,GEN,
11524,GEN-EWS,1455
11525,GEN,
11526,OBC-NCL,2706
11527,OBC-NCL,2707
11528,OBC-NCL,2708
11529,GEN,
11530,GEN,
11531,GEN-EWS,1456
11532,GEN,
11533,GEN,
11534,GEN,
11535,OBC-NCL,2709
11536,GEN,
11537,GEN,
11538,GEN,
11539,GEN-EWS,1457
11540,GEN,
11541,GEN-EWS,1458
11542,GEN,
11543,OBC-NCL,2710
11544,GEN-EWS,1459
11545,GEN,
11546,GEN-EWS,1460
11547,GEN-EWS,1461
11548,GEN,
11549,GEN,
11550,OBC-NCL,2711
11551,GEN,
11552,GEN-EWS,1462
11553,GEN-EWS,1463
11554,GEN,
11555,OBC-NCL,2712
11556,GEN-EWS,1464
11557,GEN,
11558,GEN,
11559,GEN-EWS,1465
11560,GEN,
11561,GEN,
11562,GEN,
11563,GEN-EWS,1466
11564,OBC-NCL,2713
11565,GEN,
11566,GEN-EWS,1467
11567,GEN,
11568,GEN,
11569,GEN-EWS,1468
11569,OBC-NCL,2714
11571,OBC-NCL,2715
11572,GEN,
11573,GEN,
11574,GEN-EWS,1469
11575,GEN,
11576,GEN,
11577,GEN,
11578,GEN,
11579,OBC-NCL,2716
11580,GEN,
11581,OBC-NCL,2717
11582,GEN-EWS,1470
11583,GEN,
11584,GEN-EWS,1471
11585,GEN-EWS,1472
11586,SC,291
11587,OBC-NCL,2718
11588,GEN,
11589,OBC-NCL,2719
11590,OBC-NCL,2720
11591,GEN,
11592,GEN,
11593,GEN-EWS,1473
11594,GEN,
11595,GEN,
11596,GEN,
11597,GEN-EWS,1474
11598,GEN,
11599,GEN-EWS,1475
11600,GEN,
11601,OBC-NCL,2721
11602,GEN,
11603,GEN-EWS,1476
11604,GEN,
11605,GEN-EWS,1477
11606,GEN,
11607,OBC-NCL,2722
11608,GEN,
11609,GEN,
11610,GEN-EWS,1478
11611,OBC-NCL,2723
11612,GEN,
11613,GEN-EWS,1479
11614,GEN-EWS,1480
11615,GEN,
11616,GEN-EWS,1481
11617,GEN,
11618,GEN,
11619,GEN,
11620,ST,77
11621,GEN,
11622,GEN,
11623,GEN,
11624,GEN-EWS,1482
11625,GEN,
11626,GEN,
11627,GEN,
11628,OBC-NCL,2724
11629,GEN,
11630,GEN-EWS,1483
11631,GEN,
11632,SC,292
11633,GEN,
11634,OBC-NCL,2725
11635,OBC-NCL,2726
11636,OBC-NCL,2727
11637,GEN,
11638,ST,78
11639,GEN,
11640,GEN,
11641,GEN,
11642,GEN,
11643,OBC-NCL,2728
11644,GEN,
11645,GEN,
11646,OBC-NCL,2729
11647,GEN,
11648,OBC-NCL,2730
11649,OBC-NCL,2731
11650,GEN-EWS,1484
11651,GEN,
11652,GEN,
11653,GEN-EWS,1485
11654,GEN,
11655,GEN-EWS,1486
11656,GEN,
11657,OBC-NCL,2732
11658,GEN,
11659,GEN,
11660,GEN,
11661,OBC-NCL,2733
11662,GEN,
11663,OBC-NCL,2734
11664,SC,293
11665,GEN-EWS,1487
11666,GEN,
11667,GEN,
11668,GEN,
11669,GEN,
11670,GEN-EWS,1488
11671,OBC-NCL,2735
11672,GEN-EWS,1489
11673,OBC-NCL,2736
11674,OBC-NCL,2737
11675,GEN,
11676,SC,294
11677,GEN,
11678,GEN,
11679,OBC-NCL,2738
11680,GEN,
11681,GEN,
11682,GEN,
11683,GEN,
11684,OBC-NCL,2739
11685,GEN,
11686,GEN-EWS,1490
11687,GEN,
11688,GEN,
11689,OBC-NCL,2740
11690,SC,295
11691,OBC-NCL,2741
11692,GEN,
11693,SC,296
11694,GEN,
11695,GEN,
11696,OBC-NCL,2742
11697,GEN,
11698,GEN,
11699,GEN,
11700,GEN-EWS,1491
11701,GEN,
11702,GEN-EWS,1492
11703,GEN,
11704,GEN,
11705,GEN,
11706,GEN,
11707,GEN,
11708,GEN,
11709,OBC-NCL,2743
11710,GEN-EWS,1493
11711,GEN,
11712,SC,297
11713,GEN,
11714,GEN,
11715,GEN,
11716,OBC-NCL,2744
11717,OBC-NCL,2745
11718,OBC-NCL,2746
11719,OBC-NCL,2747
11720,OBC-NCL,2748
11721,GEN,
11722,OBC-NCL,2749
11723,OBC-NCL,2750
11724,GEN,
11725,OBC-NCL,2751
11726,GEN,
11727,GEN,
11728,SC,298
11729,GEN,
11730,OBC-NCL,2752
11731,OBC-NCL,2753
11732,GEN,
11733,GEN-EWS,1494
11734,GEN,
11735,GEN-EWS,1495
11736,GEN,
11737,GEN,
11738,GEN,
11739,GEN-EWS,1496
11740,GEN,
11741,OBC-NCL,2754
11742,OBC-NCL,2755
11743,GEN,
11744,OBC-NCL,2756
11745,OBC-NCL,2757
11746,SC,299
11747,GEN-EWS,1497
11748,OBC-NCL,2758
11749,OBC-NCL,2759
11750,GEN,
11751,OBC-NCL,2760
11752,GEN,
11753,OBC-NCL,2761
11754,ST,79
11755,GEN-EWS,1498
11756,GEN-EWS,1499
11757,GEN,
11758,GEN,
11759,GEN,
11760,GEN,
11761,GEN,
11762,OBC-NCL,2762
11763,GEN,
11764,OBC-NCL,2763
11765,GEN,
11766,GEN,
11767,GEN,
11768,OBC-NCL,2764
11769,OBC-NCL,2765
11770,GEN-EWS,1500
11771,GEN,
11772,GEN-EWS,1501
11773,SC,300
11774,GEN,
11775,GEN,
11776,GEN-EWS,1502
11777,GEN-EWS,1503
11778,OBC-NCL,2766
11779,GEN,
11780,GEN,
11781,GEN,
11782,OBC-NCL,2767
11783,GEN,
11784,GEN,
11785,GEN,
11786,GEN,
11787,GEN-EWS,1504
11788,GEN-EWS,1505
11789,GEN,
11790,GEN,
11791,GEN,
11792,GEN,
11793,GEN,
11794,GEN,
11795,GEN-EWS,1506
11796,SC,301
11797,GEN-EWS,1507
11798,OBC-NCL,2768
11799,OBC-NCL,2769
11800,OBC-NCL,2770
11801,GEN,
11802,GEN,
11803,GEN,
11804,GEN,
11805,GEN,
11806,OBC-NCL,2771
11807,OBC-NCL,2772
11808,GEN,
11809,GEN,
11810,GEN,
11811,GEN,
11812,GEN-EWS,1508
11813,OBC-NCL,2773
11814,OBC-NCL,2774
11815,GEN-EWS,1509
11816,OBC-NCL,2775
11817,GEN,
11818,GEN,
11819,GEN,
11820,OBC-NCL,2776
11821,GEN-EWS,1510
11822,GEN-EWS,1511
11823,OBC-NCL,2777
11824,GEN,
11825,GEN,
11826,GEN,
11827,OBC-NCL,2778
11828,GEN,
11828,GEN,
11830,OBC-NCL,2779
11831,OBC-NCL,2780
11832,GEN-EWS,1512
11833,GEN-EWS,1513
11834,OBC-NCL,2781
11835,GEN-EWS,1514
11836,GEN-EWS,1515
11837,OBC-NCL,2782
11838,OBC-NCL,2783
11839,GEN,
11840,GEN,
11841,OBC-NCL,2784
11842,GEN,
11843,GEN,
11844,OBC-NCL,2785
11845,GEN-EWS,1516
11846,GEN,
11847,GEN,
11848,GEN,
11849,GEN-EWS,1517
11850,GEN,
11851,OBC-NCL,2786
11852,GEN,
11853,OBC-NCL,2787
11854,GEN,
11855,SC,302
11856,GEN,
11857,OBC-NCL,2788
11858,OBC-NCL,2789
11859,GEN,
11860,OBC-NCL,2790
11861,OBC-NCL,2791
11862,GEN,
11863,GEN-EWS,1518
11864,OBC-NCL,2792
11865,OBC-NCL,2793
11866,GEN,
11867,GEN-EWS,1519
11868,GEN,
11869,OBC-NCL,2794
11870,GEN-EWS,1520
11871,SC,303
11872,GEN,
11873,OBC-NCL,2795
11874,GEN,
11875,GEN,
11876,OBC-NCL,2796
11877,GEN,
11878,GEN-EWS,1521
11879,GEN,
11879,GEN-EWS,1522
11881,OBC-NCL,2797
11882,ST,80
11883,GEN,
11884,GEN-EWS,1523
11885,OBC-NCL,2798
11886,OBC-NCL,2799
11887,OBC-NCL,2800
11888,GEN,
11889,OBC-NCL,2801
11890,GEN,
11891,OBC-NCL,2802
11892,GEN,
11893,GEN,
11894,OBC-NCL,2803
11895,GEN,
11896,OBC-NCL,2804
11897,GEN-EWS,1524
11898,GEN,
11899,SC,304
11900,OBC-NCL,2805
11901,GEN,
11902,GEN,
11903,OBC-NCL,2806
11904,GEN-EWS,1525
11905,GEN-EWS,1526
11906,OBC-NCL,2807
11907,GEN-EWS,1527
11908,GEN,
11909,GEN,
11910,GEN,
11911,GEN,
11912,GEN-EWS,1528
11913,GEN,
11914,OBC-NCL,2808
11915,GEN,
11916,GEN,
11917,GEN,
11918,OBC-NCL,2809
11919,GEN-EWS,1529
11920,GEN,
11921,SC,305
11922,OBC-NCL,2810
11923,GEN,
11924,OBC-NCL,2811
11925,OBC-NCL,2812
11926,GEN,
11927,OBC-NCL,2813
11928,OBC-NCL,2814
11929,GEN,
11930,OBC-NCL,2815
11931,OBC-NCL,2816
11932,GEN-EWS,1530
11933,GEN,
11934,GEN,
11935,GEN-EWS,1531
11936,GEN-EWS,1532
11937,SC,306
11938,OBC-NCL,2817
11939,GEN-EWS,1533
11940,GEN-EWS,1534
11941,GEN-EWS,1535
11942,GEN-EWS,1536
11943,GEN,
11944,GEN,
11945,OBC-NCL,2818
11946,GEN,
11947,GEN,
11948,GEN-EWS,1537
11949,GEN,
11950,SC,307
11951,GEN,
11952,OBC-NCL,2819
11953,GEN,
11954,GEN-EWS,1538
11955,GEN,
11956,GEN,
11957,GEN,
11958,OBC-NCL,2820
11959,GEN-EWS,1539
11960,OBC-NCL,2821
11961,OBC-NCL,2822
11962,GEN,
11963,GEN,
11964,GEN,
11965,GEN,
11965,GEN-EWS,1540
11967,OBC-NCL,2823
11968,GEN,
11969,GEN,
11970,OBC-NCL,2824
11971,OBC-NCL,2825
11972,OBC-NCL,2826
11973,GEN,
11974,GEN,
11975,OBC-NCL,2827
11976,OBC-NCL,2828
11977,GEN,
11978,ST,81
11979,GEN-EWS,1541
11980,GEN,
11981,ST,82
11982,GEN,
11983,OBC-NCL,2829
11984,GEN,
11985,GEN,
11986,OBC-NCL,2830
11987,GEN,
11988,GEN-EWS,1542
11989,OBC-NCL,2831
11990,GEN,
11991,ST,83
11992,GEN-EWS,1543
11993,OBC-NCL,2832
11994,GEN,
11995,ST,84
11996,OBC-NCL,2833
11997,OBC-NCL,2834
11998,GEN,
11999,GEN,
12000,GEN-EWS,1544
12001,OBC-NCL,2835
12002,OBC-NCL,2836
12003,OBC-NCL,2837
12004,GEN,
12005,GEN,
12006,GEN,
12007,GEN,
12008,GEN-EWS,1545
12009,GEN,
12010,GEN-EWS,1546
12011,GEN,
12012,GEN,
12013,OBC-NCL,2838
12014,GEN-EWS,1547
12015,GEN,
12016,GEN,
12017,GEN,
12018,GEN,
12019,GEN,
12020,OBC-NCL,2839
12021,SC,308
12022,OBC-NCL,2840
12023,OBC-NCL,2841
12024,OBC-NCL,2842
12025,OBC-NCL,2843
12026,OBC-NCL,2844
12027,OBC-NCL,2845
12028,OBC-NCL,2846
12029,GEN,
12030,OBC-NCL,2847
12031,GEN-EWS,1548
12032,GEN,
12033,GEN,
12034,GEN,
12035,GEN-EWS,1549
12036,GEN-EWS,1550
12037,GEN,
12038,GEN-EWS,1551
12039,GEN,
12040,GEN,
12041,OBC-NCL,2848
12042,GEN,
12043,GEN-EWS,1552
12044,OBC-NCL,2849
12045,OBC-NCL,2850
12046,GEN,
12047,GEN,
12048,GEN,
12049,GEN,
12050,GEN,
12051,OBC-NCL,2851
12052,GEN-EWS,1553
12053,SC,309
12054,OBC-NCL,2852
12055,OBC-NCL,2853
12056,GEN,
12057,OBC-NCL,2854
12058,OBC-NCL,2855
12059,OBC-NCL,2856
12060,GEN,
12061,GEN,
12062,GEN,
12063,OBC-NCL,2857
12064,GEN,
12065,OBC-NCL,2858
12066,OBC-NCL,2859
12067,GEN,
12068,GEN-EWS,1554
12069,GEN-EWS,1555
12070,GEN,
12071,GEN-EWS,1556
12072,OBC-NCL,2860
12073,OBC-NCL,2861
12074,GEN,
12075,OBC-NCL,2862
12076,GEN,
12077,GEN,
12078,GEN-EWS,1557
12079,GEN,
12080,GEN-EWS,1558
12081,GEN,
12082,GEN,
12083,GEN-EWS,1559
12084,GEN,
12085,GEN-EWS,1560
12086,GEN,
12087,OBC-NCL,2863
12088,GEN,
12089,GEN,
12090,GEN,
12091,OBC-NCL,2864
12092,OBC-NCL,2865
12093,GEN,
12094,GEN,
12095,OBC-NCL,2866
12096,GEN,
12097,GEN,
12098,GEN,
12099,GEN,
12100,OBC-NCL,2867
12101,OBC-NCL,2868
12102,GEN,
12103,GEN-EWS,1561
12104,OBC-NCL,2869
12105,OBC-NCL,2870
12106,GEN-EWS,1562
12107,GEN-EWS,1563
12108,GEN,
12109,OBC-NCL,2871
12110,GEN,
12111,GEN-EWS,1564
12112,OBC-NCL,2872
12113,GEN,
12114,OBC-NCL,2873
12115,OBC-NCL,2874
12116,OBC-NCL,2875
12117,GEN-EWS,1565
12118,GEN,
12119,GEN-EWS,1566
12120,GEN,
12121,OBC-NCL,2876
12122,OBC-NCL,2877
12123,GEN,
12124,SC,310
12125,OBC-NCL,2878
12126,GEN,
12127,OBC-NCL,2879
12128,GEN,
12129,SC,311
12130,OBC-NCL,2880
12131,GEN-EWS,1567
12132,OBC-NCL,2881
12133,GEN,
12134,GEN,
12135,OBC-NCL,2882
12136,GEN,
12137,GEN-EWS,1568
12138,GEN,
12139,GEN,
12140,GEN,
12141,GEN-EWS,1569
12142,OBC-NCL,2883
12143,GEN,
12144,OBC-NCL,2884
12145,GEN,
12146,GEN,
12147,GEN-EWS,1570
12148,GEN-EWS,1571
12149,GEN,
12150,GEN,
12151,GEN,
12152,GEN,
12153,GEN,
12154,GEN,
12154,OBC-NCL,2885
12156,GEN-EWS,1572
12157,GEN-EWS,1573
12158,GEN-EWS,1574
12159,GEN,
12160,GEN-EWS,1575
12161,GEN,
12162,OBC-NCL,2886
12163,GEN,
12164,SC,312
12165,OBC-NCL,2887
12166,OBC-NCL,2888
12167,GEN,
12168,OBC-NCL,2889
12169,GEN,
12169,OBC-NCL,2890
12171,GEN-EWS,1576
12172,OBC-NCL,2891
12173,OBC-NCL,2892
12174,GEN,
12175,GEN,
12176,OBC-NCL,2893
12177,GEN-EWS,1577
12178,GEN,
12179,GEN,
12180,GEN-EWS,1578
12181,OBC-NCL,2894
12182,GEN,
12183,OBC-NCL,2895
12184,GEN,
12185,GEN,
12186,GEN,
12187,GEN,
12188,OBC-NCL,2896
12189,GEN-EWS,1579
12190,OBC-NCL,2897
12191,GEN,
12192,GEN,
12193,OBC-NCL,2898
12194,GEN,
12195,GEN,
12196,OBC-NCL,2899
12197,GEN,
12198,GEN,
12199,GEN,
12200,GEN,
12201,GEN-EWS,1580
12202,OBC-NCL,2900
12203,GEN,
12204,GEN,
12205,ST,85
12206,GEN,
12207,OBC-NCL,2901
12208,GEN,
12209,GEN-EWS,1581
12210,GEN-EWS,1582
12211,GEN,
12212,GEN,
12213,OBC-NCL,2902
12214,GEN,
12215,GEN,
12216,GEN,
12217,GEN,
12218,GEN,
12219,GEN,
12220,GEN,
12221,GEN,
12222,GEN,
12223,OBC-NCL,2903
12224,GEN,
12225,OBC-NCL,2904
12226,GEN-EWS,1583
12227,GEN-EWS,1584
12228,OBC-NCL,2905
12229,OBC-NCL,2906
12230,GEN,
12231,GEN,
12232,GEN-EWS,1585
12233,OBC-NCL,2907
12234,OBC-NCL,2908
12235,OBC-NCL,2909
12236,GEN-EWS,1586
12237,ST,86
12238,OBC-NCL,2910
12239,GEN,
12240,OBC-NCL,2911
12241,GEN,
12241,GEN,
12243,GEN,
12244,GEN-EWS,1587
12245,GEN-EWS,1588
12246,GEN,
12247,GEN,
12248,GEN,
12249,GEN-EWS,1589
12250,GEN,
12251,OBC-NCL,2912
12252,GEN,
12253,GEN,
12254,GEN,
12255,GEN,
12256,GEN-EWS,1590
12257,GEN,
12258,GEN,
12259,GEN,
12260,GEN,
12261,GEN-EWS,1591
12262,GEN-EWS,1592
12263,OBC-NCL,2913
12264,GEN,
12265,GEN,
12266,GEN-EWS,1593
12267,GEN,
12268,GEN,
12269,GEN,
12270,SC,313
12271,OBC-NCL,2914
12272,GEN,
12273,GEN-EWS,1594
12274,OBC-NCL,2915
12275,GEN,
12276,GEN,
12277,GEN,
12278,GEN,
12279,GEN,
12280,OBC-NCL,2916
12281,GEN,
12282,OBC-NCL,2917
12283,GEN-EWS,1595
12284,GEN,
12285,OBC-NCL,2918
12286,GEN-EWS,1596
12287,OBC-NCL,2919
12288,GEN,
12289,OBC-NCL,2920
12290,GEN,
12291,OBC-NCL,2921
12292,OBC-NCL,2922
12293,GEN,
12294,OBC-NCL,2923
12295,GEN,
12296,OBC-NCL,2924
12297,GEN,
12298,OBC-NCL,2925
12299,GEN,
12300,OBC-NCL,2926
12301,GEN,
12302,SC,314
12303,GEN,
12304,OBC-NCL,2927
12305,OBC-NCL,2928
12306,GEN-EWS,1597
12307,GEN,
12308,GEN,
12309,GEN,
12310,OBC-NCL,2929
12311,GEN-EWS,1598
12312,GEN,
12313,GEN,
12314,GEN,
12315,GEN,
12316,OBC-NCL,2930
12317,GEN,
12318,GEN,
12319,OBC-NCL,2931
12320,OBC-NCL,2932
12321,GEN,
12322,OBC-NCL,2933
12323,GEN,
12324,OBC-NCL,2934
12325,OBC-NCL,2935
12326,GEN,
12327,GEN,
12328,GEN,
12329,SC,315
12330,GEN-EWS,1599
12331,GEN-EWS,1600
12332,GEN,
12333,GEN,
12334,GEN,
12335,GEN-EWS,1601
12336,GEN,
12337,GEN,
12338,GEN,
12339,GEN-EWS,1602
12340,OBC-NCL,2936
12341,OBC-NCL,2937
12342,GEN,
12343,GEN,
12344,GEN,
12345,GEN-EWS,1603
12346,GEN,
12347,GEN,
12348,GEN,
12349,SC,316
12350,GEN,
12351,GEN,
12352,OBC-NCL,2938
12353,SC,317
12354,OBC-NCL,2939
12355,OBC-NCL,2940
12356,OBC-NCL,2941
12357,GEN,
12358,GEN,
12359,GEN-EWS,1604
12360,OBC-NCL,2942
12361,GEN,
12362,GEN,
12363,GEN,
12364,GEN-EWS,1605
12365,GEN,
12366,GEN,
12367,GEN,
12368,GEN,
12369,GEN-EWS,1606
12370,GEN,
12371,GEN,
12372,GEN-EWS,1607
12373,GEN-EWS,1608
12374,OBC-NCL,2943
12375,OBC-NCL,2944
12376,GEN,
12377,GEN,
12378,GEN,
12379,SC,318
12380,GEN,
12381,OBC-NCL,2945
12382,GEN,
12383,OBC-NCL,2946
12384,GEN-EWS,1609
12385,OBC-NCL,2947
12386,GEN,
12387,GEN,
12388,OBC-NCL,2948
12389,GEN,
12390,OBC-NCL,2949
12391,GEN,
12392,OBC-NCL,2950
12393,GEN,
12394,OBC-NCL,2951
12395,GEN,
12396,GEN,
12397,GEN,
12398,GEN,
12399,GEN,
12400,SC,319
12401,GEN-EWS,1610
12402,GEN,
12403,GEN,
12404,OBC-NCL,2952
12405,GEN,
12406,ST,87
12407,GEN,
12408,GEN-EWS,1611
12409,OBC-NCL,2953
12410,OBC-NCL,2954
12411,GEN,
12412,OBC-NCL,2955
12413,GEN-EWS,1612
12414,OBC-NCL,2956
12415,OBC-NCL,2957
12416,GEN-EWS,1613
12417,OBC-NCL,2958
12418,OBC-NCL,2959
12419,OBC-NCL,2960
12420,GEN,
12421,GEN-EWS,1614
12422,GEN,
12423,GEN,
12424,OBC-NCL,2961
12425,GEN-EWS,1615
12426,OBC-NCL,2962
12427,OBC-NCL,2963
12428,GEN,
12429,GEN,
12430,OBC-NCL,2964
12431,GEN,
12432,GEN,
12433,OBC-NCL,2965
12434,GEN,
12435,GEN,
12436,OBC-NCL,2966
12437,OBC-NCL,2967
12438,GEN,
12439,GEN,
12440,GEN-EWS,1616
12441,GEN-EWS,1617
12442,SC,320
12443,GEN,
12444,GEN-EWS,1618
12445,ST,88
12446,GEN,
12447,GEN,
12448,GEN,
12449,GEN,
12450,GEN,
12451,GEN-EWS,1619
12451,OBC-NCL,2968
12453,OBC-NCL,2969
12454,OBC-NCL,2970
12455,GEN,
12456,GEN,
12457,SC,321
12458,GEN,
12459,OBC-NCL,2971
12460,OBC-NCL,2972
12461,GEN,
12462,GEN,
12463,GEN,
12464,GEN,
12465,GEN,
12466,GEN,
12467,GEN,
12468,GEN,
12469,OBC-NCL,2973
12470,GEN,
12471,GEN,
12472,GEN,
12473,GEN,
12474,GEN-EWS,1620
12475,GEN,
12476,OBC-NCL,2974
12477,OBC-NCL,2975
12478,GEN,
12479,GEN,
12480,GEN,
12481,GEN,
12482,OBC-NCL,2976
12483,GEN,
12484,GEN,
12485,GEN,
12486,GEN,
12487,GEN-EWS,1621
12488,GEN,
12489,SC,322
12490,OBC-NCL,2977
12491,GEN,
12492,GEN,
12493,GEN,
12494,OBC-NCL,2978
12495,SC,323
12496,GEN,
12497,OBC-NCL,2979
12498,GEN,
12499,GEN,
12500,GEN,
12501,SC,324
12502,GEN,
12503,GEN-EWS,1622
12504,GEN,
12505,GEN-EWS,1623
12506,GEN,
12507,GEN,
12508,GEN,
12509,GEN,
12510,GEN,
12511,GEN-EWS,1624
12512,GEN,
12513,GEN,
12514,OBC-NCL,2980
12515,GEN,
12516,OBC-NCL,2981
12517,GEN,
12518,GEN,
12519,GEN,
12520,GEN-EWS,1625
12521,GEN,
12522,GEN-EWS,1626
12523,OBC-NCL,2982
12524,GEN,
12525,GEN,
12526,OBC-NCL,2983
12527,GEN,
12528,GEN,
12529,GEN-EWS,1627
12530,GEN,
12531,GEN,
12532,GEN,
12533,OBC-NCL,2984
12534,OBC-NCL,2985
12535,OBC-NCL,2986
12536,GEN,
12537,SC,325
12538,OBC-NCL,2987
12539,OBC-NCL,2988
12540,GEN-EWS,1628
12541,OBC-NCL,2989
12542,OBC-NCL,2990
12543,OBC-NCL,2991
12544,OBC-NCL,2992
12545,OBC-NCL,2993
12546,GEN-EWS,1629
12547,OBC-NCL,2994
12548,GEN,
12549,GEN,
12550,GEN,
12551,GEN,
12552,SC,326
12553,GEN,
12554,GEN-EWS,1630
12555,OBC-NCL,2995
12556,GEN,
12557,GEN,
12558,SC,327
12559,OBC-NCL,2996
12560,GEN,
12561,OBC-NCL,2997
12562,GEN-EWS,1631
12563,GEN,
12564,OBC-NCL,2998
12565,OBC-NCL,2999
12566,GEN,
12567,SC,328
12568,GEN,
12569,OBC-NCL,3000
12570,OBC-NCL,3001
12571,GEN-EWS,1632
12572,GEN,
12573,OBC-NCL,3002
12574,GEN,
12575,SC,329
12576,SC,330
12577,GEN,
12578,GEN,
12579,OBC-NCL,3003
12580,GEN,
12581,GEN-EWS,1633
12582,GEN,
12583,OBC-NCL,3004
12584,OBC-NCL,3005
12585,OBC-NCL,3006
12586,OBC-NCL,3007
12587,GEN,
12588,GEN,
12589,OBC-NCL,3008
12590,GEN-EWS,1634
12591,OBC-NCL,3009
12592,OBC-NCL,3010
12593,GEN,
12594,GEN-EWS,1635
12595,OBC-NCL,3011
12596,OBC-NCL,3012
12597,GEN-EWS,1636
12598,GEN,
12599,GEN,
12600,GEN,
12601,GEN,
12602,GEN,
12603,OBC-NCL,3014
12604,GEN,
12605,GEN,
12606,GEN,
12607,OBC-NCL,3015
12608,GEN,
12609,SC,331
12610,GEN,
12611,GEN,
12612,OBC-NCL,3016
12613,OBC-NCL,3017
12614,OBC-NCL,3018
12615,GEN,
12616,OBC-NCL,3019
12617,GEN,
12618,OBC-NCL,3020
12619,OBC-NCL,3021
12620,GEN,
12621,OBC-NCL,3022
12622,GEN,
12623,GEN,
12624,GEN-EWS,1637
12625,GEN-EWS,1638
12626,OBC-NCL,3023
12627,GEN,
12628,GEN-EWS,1639
12629,GEN,
12630,OBC-NCL,3024
12631,OBC-NCL,3025
12632,GEN,
12633,GEN-EWS,1640
12634,GEN,
12635,GEN-EWS,1641
12636,GEN-EWS,1642
12637,GEN-EWS,1643
12638,OBC-NCL,3026
12639,GEN,
12640,GEN,
12641,GEN,
12642,GEN-EWS,1644
12643,OBC-NCL,3027
12644,GEN,
12645,GEN-EWS,1645
12646,GEN,
12647,GEN,
12648,GEN-EWS,1646
12649,GEN,
12650,GEN,
12651,GEN,
12652,GEN,
12653,GEN,
12654,GEN,
12655,GEN,
12656,GEN,
12657,OBC-NCL,3028
12658,OBC-NCL,3029
12659,GEN-EWS,1647
12660,GEN-EWS,1648
12661,SC,332
12662,OBC-NCL,3030
12663,OBC-NCL,3031
12664,GEN,
12665,GEN-EWS,1649
12666,GEN,
12667,OBC-NCL,3032
12668,GEN,
12669,GEN,
12670,OBC-NCL,3033
12671,GEN,
12672,GEN-EWS,1650
12673,OBC-NCL,3035
12674,GEN,
12675,GEN,
12676,GEN-EWS,1651
12677,GEN,
12678,OBC-NCL,3036
12679,OBC-NCL,3037
12680,GEN,
12681,GEN,
12682,GEN,
12683,GEN,
12684,GEN-EWS,1652
12685,GEN,
12686,OBC-NCL,3038
12687,OBC-NCL,3039
12688,OBC-NCL,3040
12689,OBC-NCL,3041
12690,SC,333
12691,GEN,
12692,GEN,
12693,GEN-EWS,1653
12694,GEN,
12695,GEN,
12696,GEN,
12697,GEN-EWS,1654
12698,OBC-NCL,3042
12699,GEN-EWS,1655
12700,OBC-NCL,3043
12701,OBC-NCL,3044
12702,OBC-NCL,3045
12703,GEN-EWS,1656
12704,OBC-NCL,3046
12705,GEN-EWS,1657
12706,OBC-NCL,3047
12707,GEN,
12708,OBC-NCL,3048
12709,GEN,
12710,GEN,
12711,GEN-EWS,1658
12712,GEN,
12713,OBC-NCL,3049
12714,GEN,
12715,SC,334
12716,GEN,
12717,GEN,
12718,GEN,
12719,GEN,
12720,OBC-NCL,3050
12721,GEN,
12722,OBC-NCL,3051
12723,OBC-NCL,3052
12724,OBC-NCL,3053
12725,OBC-NCL,3054
12726,OBC-NCL,3055
12727,GEN,
12728,OBC-NCL,3056
12729,OBC-NCL,3057
12730,GEN-EWS,1659
12731,GEN,
12732,OBC-NCL,3058
12733,GEN,
12734,GEN,
12735,OBC-NCL,3059
12736,GEN,
12737,GEN,
12738,OBC-NCL,3060
12739,GEN-EWS,1660
12740,GEN,
12741,GEN-EWS,1661
12742,GEN,
12743,GEN,
12744,OBC-NCL,3061
12745,GEN,
12746,GEN,
12747,GEN,
12748,GEN,
12749,OBC-NCL,3062
12750,GEN,
12751,OBC-NCL,3063
12752,GEN-EWS,1662
12753,GEN-EWS,1663
12754,GEN,
12755,GEN,
12756,SC,335
12757,GEN,
12758,GEN,
12759,GEN,
12760,GEN,
12761,OBC-NCL,3064
12762,GEN-EWS,1664
12763,SC,336
12764,OBC-NCL,3065
12765,GEN-EWS,1665
12766,GEN,
12767,GEN,
12768,OBC-NCL,3066
12769,GEN,
12770,OBC-NCL,3067
12771,GEN,
12772,GEN-EWS,1666
12773,OBC-NCL,3068
12774,GEN,
12775,GEN,
12776,GEN-EWS,1667
12777,GEN,
12778,OBC-NCL,3069
12779,GEN-EWS,1668
12780,GEN,
12781,GEN-EWS,1669
12782,OBC-NCL,3070
12783,GEN,
12784,OBC-NCL,3071
12785,OBC-NCL,3072
12786,GEN-EWS,1670
12787,GEN,
12788,GEN,
12789,GEN-EWS,1671
12790,GEN,
12791,OBC-NCL,3073
12792,OBC-NCL,3074
12793,SC,337
12794,SC,338
12795,GEN,
12796,SC,339
12797,GEN-EWS,1672
12798,GEN,
12799,GEN,
12800,GEN,
12801,ST,89
12802,GEN,
12803,OBC-NCL,3075
12804,GEN,
12805,OBC-NCL,3076
12806,GEN,
12807,GEN,
12808,GEN,
12809,GEN-EWS,1673
12810,GEN,
12811,OBC-NCL,3077
12812,GEN,
12813,OBC-NCL,3078
12814,GEN,
12815,GEN,
12816,ST,90
12817,GEN,
12818,GEN,
12819,OBC-NCL,3079
12820,OBC-NCL,3080
12821,OBC-NCL,3081
12822,GEN,
12823,GEN,
12824,GEN,
12825,GEN,
12826,GEN-EWS,1674
12827,GEN,
12828,GEN,
12829,GEN,
12830,GEN,
12831,GEN-EWS,1675
12832,GEN,
12833,GEN,
12833,OBC-NCL,3082
12835,GEN,
12836,GEN,
12837,GEN,
12838,OBC-NCL,3083
12839,GEN,
12840,GEN,
12841,GEN,
12842,GEN,
12843,OBC-NCL,3084
12844,GEN,
12845,GEN-EWS,1676
12846,GEN-EWS,1677
12847,GEN,
12848,GEN,
12849,OBC-NCL,3085
12850,GEN,
12851,GEN,
12852,GEN,
12853,GEN-EWS,1678
12854,OBC-NCL,3086
12855,GEN,
12856,GEN,
12857,GEN-EWS,1679
12858,GEN,
12859,GEN,
12860,OBC-NCL,3087
12861,OBC-NCL,3088
12862,OBC-NCL,3089
12863,GEN-EWS,1680
12864,GEN-EWS,1681
12865,GEN,
12866,OBC-NCL,3090
12867,SC,340
12868,GEN,
12869,GEN,
12870,GEN,
12871,GEN,
12872,GEN,
12873,GEN-EWS,1682
12874,GEN,
12875,GEN,
12876,GEN,
12877,GEN,
12878,GEN-EWS,1683
12879,OBC-NCL,3091
12880,OBC-NCL,3092
12880,OBC-NCL,3092
12882,OBC-NCL,3094
12883,OBC-NCL,3095
12884,GEN,
12885,OBC-NCL,3096
12886,GEN,
12887,GEN-EWS,1684
12888,OBC-NCL,3097
12889,GEN,
12890,OBC-NCL,3098
12891,GEN,
12892,ST,91
12893,GEN,
12894,GEN,
12895,GEN,
12896,GEN,
12897,GEN,
12898,OBC-NCL,3099
12899,GEN-EWS,1685
12900,GEN-EWS,1686
12901,OBC-NCL,3100
12902,OBC-NCL,3101
12903,GEN,
12904,GEN-EWS,1687
12905,OBC-NCL,3102
12906,OBC-NCL,3103
12907,GEN,
12908,OBC-NCL,3104
12909,OBC-NCL,3105
12910,GEN,
12911,GEN-EWS,1688
12912,SC,341
12913,OBC-NCL,3106
12914,OBC-NCL,3107
12915,GEN,
12916,OBC-NCL,3108
12917,GEN,
12918,GEN-EWS,1689
12919,OBC-NCL,3109
12920,OBC-NCL,3110
12921,GEN,
12922,SC,342
12923,GEN,
12924,OBC-NCL,3111
12925,GEN,
12926,OBC-NCL,3112
12927,OBC-NCL,3113
12928,OBC-NCL,3114
12929,GEN-EWS,1690
12930,OBC-NCL,3115
12931,OBC-NCL,3116
12932,GEN,
12933,OBC-NCL,3117
12934,GEN,
12935,OBC-NCL,3118
12936,OBC-NCL,3119
12937,OBC-NCL,3120
12938,GEN-EWS,1691
12939,OBC-NCL,3121
12940,GEN-EWS,1692
12941,SC,343
12942,GEN,
12943,SC,344
12944,GEN,
12945,OBC-NCL,3122
12946,GEN-EWS,1693
12947,GEN-EWS,1694
12948,GEN,
12949,GEN,
12950,GEN,
12951,GEN,
12952,GEN-EWS,1695
12953,GEN,
12954,GEN,
12955,OBC-NCL,3123
12956,SC,345
12957,GEN,
12958,GEN,
12959,GEN-EWS,1696
12960,OBC-NCL,3124
12961,GEN,
12962,GEN-EWS,1697
12963,GEN,
12964,OBC-NCL,3125
12965,OBC-NCL,3126
12966,GEN,
12967,GEN,
12968,OBC-NCL,3127
12969,OBC-NCL,3128
12970,GEN-EWS,1698
12971,GEN-EWS,1699
12972,OBC-NCL,3129
12973,OBC-NCL,3130
12974,GEN-EWS,1700
12975,ST,92
12976,GEN,
12977,OBC-NCL,3131
12978,GEN,
12979,OBC-NCL,3132
12980,GEN,
12981,OBC-NCL,3133
12982,GEN,
12983,SC,346
12984,GEN-EWS,1701
12985,OBC-NCL,3134
12986,GEN,
12987,GEN,
12988,GEN-EWS,1702
12989,OBC-NCL,3135
12990,GEN,
12991,GEN,
12992,GEN,
12993,GEN-EWS,1703
12994,GEN-EWS,1704
12995,GEN,
12996,OBC-NCL,3136
12997,GEN-EWS,1705
12998,ST,93
12999,OBC-NCL,3137
13000,GEN,
13001,OBC-NCL,3138
13002,OBC-NCL,3139
13003,GEN-EWS,1706
13004,GEN,
13005,GEN,
13006,GEN-EWS,1707
13007,GEN-EWS,1708
13008,GEN-EWS,1709
13009,GEN-EWS,1710
13010,OBC-NCL,3140
13011,GEN,
13012,GEN-EWS,1711
13013,GEN-EWS,1712
13014,OBC-NCL,3141
13015,GEN,
13016,GEN,
13017,GEN,
13018,GEN,
13019,OBC-NCL,3142
13020,GEN,
13021,ST,94
13022,GEN,
13023,OBC-NCL,3143
13024,OBC-NCL,3144
13025,OBC-NCL,3145
13026,GEN-EWS,1713
13027,OBC-NCL,3146
13028,GEN,
13029,GEN,
13030,GEN,
13031,SC,347
13032,OBC-NCL,3147
13033,GEN,
13034,GEN,
13035,OBC-NCL,3148
13036,GEN-EWS,1714
13037,OBC-NCL,3149
13038,OBC-NCL,3150
13039,GEN,
13040,OBC-NCL,3151
13041,GEN,
13042,OBC-NCL,3152
13043,GEN,
13044,GEN,
13045,GEN,
13046,GEN,
13047,GEN,
13048,GEN,
13049,OBC-NCL,3153
13050,GEN,
13051,GEN,
13052,GEN,
13053,OBC-NCL,3154
13054,OBC-NCL,3155
13055,GEN,
13056,GEN,
13057,GEN,
13058,GEN-EWS,1715
13059,OBC-NCL,3156
13060,OBC-NCL,3157
13061,GEN-EWS,1716
13062,OBC-NCL,3158
13063,GEN,
13064,GEN,
13065,OBC-NCL,3159
13066,GEN,
13067,GEN-EWS,1717
13068,GEN,
13069,GEN-EWS,1718
13070,GEN,
13071,GEN,
13072,GEN,
13073,GEN,
13074,GEN,
13075,GEN,
13076,GEN-EWS,1719
13077,GEN,
13078,GEN,
13079,GEN-EWS,1720
13080,GEN,
13081,GEN,
13082,OBC-NCL,3160
13083,GEN,
13084,OBC-NCL,3161
13085,ST,95
13086,GEN-EWS,1721
13087,GEN,
13088,GEN,
13089,GEN,
13090,GEN,
13091,GEN,
13092,GEN,
13093,GEN,
13094,OBC-NCL,3162
13095,GEN,
13096,GEN-EWS,1722
13097,GEN,
13098,GEN-EWS,1723
13099,GEN-EWS,1724
13100,GEN-EWS,1725
13101,GEN,
13102,GEN,
13103,GEN-EWS,1726
13104,OBC-NCL,3163
13105,GEN,
13106,GEN,
13107,GEN,
13108,GEN,
13109,OBC-NCL,3164
13110,OBC-NCL,3165
13111,GEN,
13112,GEN,
13113,GEN,
13114,GEN-EWS,1727
13115,GEN,
13116,OBC-NCL,3166
13117,OBC-NCL,3167
13118,GEN-EWS,1728
13119,GEN,
13120,OBC-NCL,3168
13121,OBC-NCL,3169
13122,GEN-EWS,1729
13123,GEN,
13124,GEN-EWS,1730
13125,GEN,
13126,GEN,
13127,GEN,
13128,GEN,
13129,GEN,
13130,OBC-NCL,3170
13131,OBC-NCL,3171
13132,OBC-NCL,3172
13133,GEN,
13134,GEN-EWS,1731
13135,GEN-EWS,1732
13136,GEN,
13137,GEN,
13138,OBC-NCL,3173
13139,SC,348
13140,GEN,
13141,GEN,
13142,GEN,
13143,OBC-NCL,3174
13144,GEN,
13145,GEN,
13146,OBC-NCL,3175
13147,OBC-NCL,3176
13148,GEN,
13149,GEN-EWS,1733
13150,OBC-NCL,3177
13151,OBC-NCL,3178
13152,OBC-NCL,3179
13153,OBC-NCL,3180
13154,OBC-NCL,3181
13155,OBC-NCL,3182
13156,GEN,
13157,GEN,
13158,GEN,
13159,OBC-NCL,3183
13160,OBC-NCL,3184
13161,GEN,
13162,GEN,
13163,GEN-EWS,1734
13164,GEN,
13165,OBC-NCL,3185
13166,GEN-EWS,1735
13167,OBC-NCL,3186
13168,GEN-EWS,1736
13169,GEN,
13170,GEN,
13171,GEN,
13172,GEN,
13173,GEN,
13174,GEN-EWS,1737
13175,GEN,
13176,GEN,
13177,GEN-EWS,1738
13178,OBC-NCL,3187
13179,OBC-NCL,3188
13180,GEN,
13181,OBC-NCL,3189
13182,GEN,
13183,GEN,
13184,GEN-EWS,1739
13185,GEN-EWS,1740
13186,GEN,
13187,OBC-NCL,3190
13188,OBC-NCL,3191
13189,GEN,
13190,OBC-NCL,3192
13191,OBC-NCL,3193
13192,GEN,
13193,GEN,
13194,GEN,
13195,GEN,
13196,OBC-NCL,3194
13197,GEN,
13198,OBC-NCL,3195
13199,GEN,
13200,GEN,
13201,OBC-NCL,3196
13202,GEN,
13203,OBC-NCL,3197
13204,OBC-NCL,3198
13205,SC,349
13206,GEN,
13207,GEN-EWS,1741
13208,GEN,
13209,GEN,
13210,OBC-NCL,3199
13211,GEN-EWS,1742
13212,GEN,
13213,OBC-NCL,3200
13214,OBC-NCL,3201
13215,OBC-NCL,3202
13216,GEN,
13217,GEN-EWS,1743
13218,GEN,
13219,GEN,
13220,GEN,
13221,GEN,
13222,OBC-NCL,3203
13223,GEN,
13224,OBC-NCL,3204
13225,GEN,
13226,OBC-NCL,3205
13227,OBC-NCL,3206
13228,GEN,
13229,GEN,
13230,GEN-EWS,1744
13231,GEN,
13232,OBC-NCL,3207
13233,OBC-NCL,3208
13234,SC,350
13235,OBC-NCL,3209
13236,GEN,
13237,OBC-NCL,3210
13238,OBC-NCL,3211
13239,GEN-EWS,1745
13240,OBC-NCL,3212
13241,GEN-EWS,1746
13242,GEN-EWS,1747
13243,OBC-NCL,3213
13244,GEN,
13245,OBC-NCL,3214
13246,GEN,
13247,OBC-NCL,3215
13248,SC,351
13249,GEN-EWS,1748
13250,GEN,
13251,GEN,
13252,OBC-NCL,3216
13253,GEN,
13254,GEN,
13255,GEN,
13256,GEN,
13257,GEN,
13258,GEN-EWS,1749
13259,GEN-EWS,1750
13260,GEN,
13261,GEN,
13262,GEN,
13263,GEN,
13264,GEN-EWS,1751
13265,OBC-NCL,3217
13266,GEN,
13267,GEN,
13268,GEN,
13269,GEN,
13270,OBC-NCL,3218
13271,GEN-EWS,1752
13272,GEN,
13273,GEN,
13274,GEN,
13275,GEN,
13276,GEN,
13276,GEN,
13278,GEN,
13279,OBC-NCL,3219
13280,GEN,
13281,GEN,
13282,GEN,
13283,OBC-NCL,3220
13284,GEN,
13285,OBC-NCL,3221
13286,GEN,
13287,GEN,
13288,GEN,
13289,SC,352
13290,GEN-EWS,1753
13291,GEN,
13292,SC,353
13293,GEN-EWS,1754
13294,OBC-NCL,3222
13295,GEN,
13296,OBC-NCL,3223
13297,OBC-NCL,3224
13298,GEN,
13299,GEN,
13300,OBC-NCL,3225
13301,GEN,
13302,OBC-NCL,3226
13303,GEN,
13304,GEN,
13305,GEN,
13306,OBC-NCL,3227
13307,OBC-NCL,3228
13308,GEN,
13309,GEN,
13310,GEN,
13311,GEN,
13312,GEN,
13313,OBC-NCL,3229
13314,GEN,
13314,GEN-EWS,1755
13316,GEN,
13317,GEN,
13318,OBC-NCL,3230
13319,GEN,
13320,GEN,
13321,GEN,
13322,GEN,
13323,GEN,
13324,GEN,
13325,GEN,
13326,OBC-NCL,3231
13327,GEN,
13328,GEN,
13329,OBC-NCL,3232
13330,GEN,
13331,GEN,
13332,GEN,
13332,OBC-NCL,3233
13334,OBC-NCL,3234
13335,GEN-EWS,1756
13336,GEN,
13337,GEN,
13338,OBC-NCL,3235
13339,OBC-NCL,3236
13340,GEN-EWS,1757
13341,OBC-NCL,3237
13342,GEN-EWS,1758
13343,GEN,
13344,OBC-NCL,3238
13345,GEN,
13346,OBC-NCL,3239
13347,OBC-NCL,3240
13348,GEN,
13349,OBC-NCL,3241
13350,GEN,
13351,OBC-NCL,3242
13352,GEN,
13353,OBC-NCL,3243
13354,GEN,
13355,GEN-EWS,1759
13356,OBC-NCL,3244
13357,OBC-NCL,3245
13358,ST,97
13359,GEN,
13360,OBC-NCL,3246
13361,GEN,
13362,GEN,
13363,GEN-EWS,1760
13364,GEN-EWS,1761
13365,GEN,
13366,OBC-NCL,3247
13367,GEN-EWS,1762
13368,GEN,
13369,GEN,
13370,GEN,
13371,GEN,
13372,GEN,
13373,GEN,
13374,GEN,
13375,OBC-NCL,3248
13376,OBC-NCL,3249
13377,GEN,
13378,GEN,
13379,GEN,
13380,GEN,
13381,OBC-NCL,3250
13382,GEN,
13383,GEN,
13384,GEN,
13385,OBC-NCL,3251
13386,GEN,
13387,GEN-EWS,1763
13388,GEN-EWS,1764
13389,GEN,
13390,SC,355
13391,GEN-EWS,1765
13392,GEN,
13393,OBC-NCL,3252
13394,GEN,
13395,GEN,
13396,GEN,
13397,SC,356
13398,GEN,
13399,GEN,
13400,GEN,
13401,GEN,
13402,OBC-NCL,3253
13403,GEN,
13404,OBC-NCL,3254
13405,OBC-NCL,3255
13406,OBC-NCL,3256
13407,GEN,
13408,OBC-NCL,3257
13409,GEN,
13410,OBC-NCL,3258
13411,GEN,
13412,OBC-NCL,3259
13413,OBC-NCL,3260
13414,GEN,
13415,SC,357
13416,ST,98
13417,GEN,
13418,GEN-EWS,1766
13419,OBC-NCL,3261
13420,GEN,
13421,GEN,
13422,GEN,
13423,GEN,
13424,GEN,
13425,GEN,
13426,OBC-NCL,3262
13427,OBC-NCL,3263
13428,GEN,
13429,GEN,
13430,GEN,
13431,GEN,
13432,GEN,
13433,OBC-NCL,3264
13434,GEN,
13435,GEN,
13436,OBC-NCL,3265
13437,OBC-NCL,3266
13438,GEN,
13439,GEN,
13440,OBC-NCL,3267
13441,SC,358
13442,GEN-EWS,1767
13443,GEN,
13444,GEN,
13445,OBC-NCL,3268
13446,GEN,
13447,GEN,
13448,GEN,
13449,GEN,
13450,GEN-EWS,1768
13451,GEN,
13452,GEN,
13453,GEN,
13454,GEN-EWS,1769
13455,GEN,
13456,OBC-NCL,3269
13457,GEN,
13458,OBC-NCL,3270
13459,OBC-NCL,3271
13460,GEN,
13461,OBC-NCL,3272
13462,GEN-EWS,1770
13463,GEN,
13464,GEN-EWS,1771
13465,OBC-NCL,3273
13466,GEN,
13467,GEN-EWS,1772
13468,ST,99
13469,GEN-EWS,1773
13470,GEN,
13471,GEN,
13472,GEN-EWS,1774
13473,GEN,
13474,OBC-NCL,3274
13475,GEN,
13476,GEN,
13477,GEN,
13478,GEN,
13479,GEN-EWS,1775
13480,GEN,
13481,GEN-EWS,1776
13482,GEN,
13483,OBC-NCL,3275
13484,GEN,
13485,OBC-NCL,3276
13486,SC,359
13487,OBC-NCL,3277
13488,OBC-NCL,3278
13489,GEN,
13490,GEN,
13491,OBC-NCL,3279
13492,GEN,
13493,OBC-NCL,3280
13494,OBC-NCL,3281
13495,GEN,
13496,GEN-EWS,1777
13497,OBC-NCL,3282
13498,GEN,
13499,GEN,
13500,GEN-EWS,1778
13501,OBC-NCL,3283
13502,GEN,
13503,OBC-NCL,3284
13504,GEN,
13505,OBC-NCL,3285
13506,OBC-NCL,3286
13507,OBC-NCL,3287
13508,GEN,
13509,OBC-NCL,3288
13510,GEN,
13511,GEN,
13512,GEN,
13513,OBC-NCL,3289
13514,OBC-NCL,3290
13515,GEN-EWS,1779
13516,GEN,
13517,SC,360
13518,GEN,
13519,GEN,
13520,GEN,
13521,OBC-NCL,3291
13522,OBC-NCL,3292
13523,GEN,
13524,GEN-EWS,1780
13525,GEN,
13526,GEN-EWS,1781
13527,GEN,
13528,OBC-NCL,3293
13529,GEN-EWS,1782
13530,GEN,
13531,SC,361
13532,GEN,
13533,GEN,
13534,GEN,
13535,GEN,
13536,GEN,
13537,SC,362
13538,GEN-EWS,1783
13539,OBC-NCL,3294
13540,SC,363
13541,GEN,
13542,GEN,
13543,SC,364
13544,GEN,
13545,OBC-NCL,3295
13546,GEN-EWS,1784
13547,OBC-NCL,3296
13548,OBC-NCL,3297
13549,GEN,
13550,OBC-NCL,3298
13551,GEN,
13552,OBC-NCL,3299
13553,GEN,
13554,GEN,
13555,GEN-EWS,1785
13556,GEN,
13557,GEN,
13558,GEN-EWS,1786
13559,OBC-NCL,3300
13560,GEN,
13561,OBC-NCL,3301
13562,GEN,
13563,GEN,
13564,OBC-NCL,3302
13565,OBC-NCL,3303
13566,GEN,
13567,GEN,
13568,OBC-NCL,3304
13569,SC,365
13570,OBC-NCL,3305
13571,OBC-NCL,3306
13572,OBC-NCL,3307
13573,GEN,
13574,GEN,
13575,GEN,
13575,GEN-EWS,1787
13577,GEN,
13578,OBC-NCL,3308
13579,GEN,
13580,OBC-NCL,3309
13581,GEN-EWS,1788
13582,OBC-NCL,3310
13583,GEN,
13584,OBC-NCL,3311
13585,OBC-NCL,3312
13586,GEN,
13587,SC,366
13588,GEN,
13589,GEN-EWS,1789
13590,GEN,
13591,GEN,
13592,OBC-NCL,3313
13593,OBC-NCL,3314
13594,GEN,
13595,GEN-EWS,1790
13596,GEN,
13597,OBC-NCL,3315
13598,GEN,
13599,GEN,
13600,GEN,
13601,GEN,
13602,GEN,
13603,OBC-NCL,3316
13604,OBC-NCL,3317
13605,OBC-NCL,3318
13606,GEN-EWS,1791
13607,OBC-NCL,3319
13608,OBC-NCL,3320
13609,GEN,
13610,GEN,
13611,OBC-NCL,3321
13612,GEN,
13613,GEN-EWS,1792
13614,GEN,
13614,OBC-NCL,3322
13616,ST,100
13617,GEN-EWS,1793
13618,GEN,
13619,OBC-NCL,3323
13620,GEN,
13621,SC,367
13622,GEN,
13623,OBC-NCL,3324
13624,GEN,
13625,OBC-NCL,3325
13626,GEN,
13627,GEN-EWS,1794
13628,GEN,
13629,OBC-NCL,3326
13630,GEN-EWS,1795
13631,OBC-NCL,3327
13632,GEN,
13633,GEN,
13634,OBC-NCL,3328
13635,GEN,
13636,GEN,
13637,GEN-EWS,1796
13638,GEN-EWS,1797
13639,SC,368
13640,OBC-NCL,3329
13641,GEN,
13642,GEN,
13643,GEN,
13644,OBC-NCL,3330
13645,GEN,
13646,OBC-NCL,3331
13647,OBC-NCL,3332
13648,OBC-NCL,3333
13649,OBC-NCL,3334
13650,GEN-EWS,1798
13651,OBC-NCL,3335
13652,OBC-NCL,3336
13653,OBC-NCL,3337
13654,OBC-NCL,3338
13655,GEN,
13656,OBC-NCL,3339
13657,GEN,
13658,GEN,
13659,GEN,
13660,GEN,
13661,OBC-NCL,3340
13662,GEN,
13663,OBC-NCL,3341
13664,GEN,
13664,OBC-NCL,3342
13666,OBC-NCL,3343
13667,GEN-EWS,1799
13668,OBC-NCL,3344
13669,GEN,
13670,GEN,
13671,GEN,
13672,OBC-NCL,3345
13673,GEN,
13674,OBC-NCL,3346
13675,GEN-EWS,1800
13676,OBC-NCL,3347
13677,GEN,
13678,OBC-NCL,3348
13679,GEN,
13680,GEN,
13681,OBC-NCL,3349
13682,GEN,
13683,GEN-EWS,1801
13684,OBC-NCL,3350
13685,GEN,
13685,OBC-NCL,3351
13687,GEN,
13688,GEN,
13689,GEN-EWS,1802
13690,OBC-NCL,3352
13691,GEN-EWS,1803
13692,GEN,
13693,OBC-NCL,3353
13693,OBC-NCL,3353
13695,GEN,
13696,OBC-NCL,3355
13697,GEN,
13698,OBC-NCL,3356
13699,GEN,
13700,GEN,
13701,GEN,
13702,GEN,
13703,OBC-NCL,3357
13704,GEN-EWS,1804
13705,GEN,
13706,GEN-EWS,1805
13707,GEN,
13708,OBC-NCL,3358
13709,OBC-NCL,3359
13710,OBC-NCL,3360
13711,OBC-NCL,3361
13712,OBC-NCL,3362
13713,GEN,
13714,GEN,
13715,GEN,
13716,GEN,
13717,GEN,
13718,SC,369
13719,SC,370
13720,GEN,
13721,GEN,
13722,GEN,
13723,GEN,
13724,OBC-NCL,3363
13725,GEN,
13726,GEN-EWS,1806
13727,GEN,
13728,OBC-NCL,3364
13729,GEN,
13730,OBC-NCL,3365
13731,OBC-NCL,3366
13732,GEN,
13733,GEN,
13734,GEN-EWS,1807
13735,GEN,
13736,OBC-NCL,3368
13737,GEN,
13738,GEN,
13739,OBC-NCL,3369
13740,GEN,
13741,GEN-EWS,1808
13742,GEN,
13743,GEN,
13744,GEN-EWS,1809
13745,OBC-NCL,3370
13746,GEN-EWS,1810
13747,GEN,
13748,OBC-NCL,3371
13749,GEN-EWS,1811
13750,GEN,
13751,GEN-EWS,1812
13752,OBC-NCL,3372
13753,GEN,
13754,OBC-NCL,3373
13755,GEN,
13756,GEN,
13757,OBC-NCL,3374
13758,GEN-EWS,1813
13759,OBC-NCL,3375
13760,GEN,
13761,GEN,
13762,GEN,
13763,OBC-NCL,3376
13764,GEN,
13765,GEN,
13766,SC,371
13767,OBC-NCL,3377
13768,GEN-EWS,1814
13769,GEN,
13770,GEN,
13771,GEN,
13772,GEN,
13773,GEN,
13774,GEN,
13775,GEN-EWS,1815
13776,OBC-NCL,3378
13777,GEN,
13778,GEN,
13779,OBC-NCL,3379
13780,GEN,
13781,OBC-NCL,3380
13782,OBC-NCL,3381
13783,GEN,
13784,GEN-EWS,1816
13785,OBC-NCL,3382
13786,OBC-NCL,3383
13787,GEN-EWS,1817
13788,GEN,
13789,OBC-NCL,3384
13790,OBC-NCL,3385
13791,OBC-NCL,3386
13792,OBC-NCL,3387
13793,GEN,
13794,GEN-EWS,1818
13795,GEN,
13796,GEN,
13797,OBC-NCL,3388
13798,GEN,
13799,GEN,
13800,GEN,
13801,GEN-EWS,1819
13802,GEN,
13803,GEN,
13804,GEN-EWS,1820
13805,GEN-EWS,1821
13806,GEN,
13807,OBC-NCL,3389
13808,GEN,
13809,OBC-NCL,3390
13810,OBC-NCL,3391
13811,GEN,
13812,GEN-EWS,1822
13813,GEN-EWS,1823
13814,GEN,
13815,OBC-NCL,3392
13816,OBC-NCL,3393
13817,GEN,
13818,GEN,
13819,GEN,
13820,GEN,
13821,OBC-NCL,3394
13822,GEN,
13823,GEN,
13824,GEN,
13825,OBC-NCL,3395
13826,GEN-EWS,1824
13827,SC,372
13828,GEN,
13829,OBC-NCL,3396
13830,GEN-EWS,1825
13831,GEN,
13832,OBC-NCL,3397
13833,GEN,
13834,OBC-NCL,3398
13835,OBC-NCL,3399
13836,OBC-NCL,3400
13837,GEN,
13838,GEN-EWS,1826
13839,GEN,
13840,GEN,
13841,GEN,
13842,OBC-NCL,3401
13843,GEN-EWS,1827
13844,GEN,
13845,OBC-NCL,3402
13846,GEN,
13847,GEN,
13848,GEN-EWS,1828
13849,GEN-EWS,1829
13850,GEN,
13851,GEN-EWS,1830
13852,OBC-NCL,3403
13853,GEN,
13854,OBC-NCL,3404
13855,GEN,
13856,GEN,
13857,GEN,
13858,GEN,
13859,OBC-NCL,3405
13860,GEN,
13861,OBC-NCL,3406
13862,GEN,
13863,GEN,
13864,OBC-NCL,3407
13865,GEN,
13866,GEN,
13867,OBC-NCL,3408
13868,GEN,
13869,GEN-EWS,1831
13870,OBC-NCL,3409
13871,GEN,
13872,GEN,
13873,GEN-EWS,1832
13874,OBC-NCL,3410
13875,GEN,
13876,GEN,
13877,GEN,
13878,GEN,
13879,GEN-EWS,1833
13880,OBC-NCL,3411
13881,GEN,
13882,GEN-EWS,1834
13883,GEN-EWS,1835
13884,OBC-NCL,3412
13885,GEN,
13886,GEN-EWS,1836
13887,GEN,
13888,GEN,
13889,GEN-EWS,1837
13890,GEN,
13891,GEN-EWS,1838
13892,GEN,
13893,ST,101
13894,GEN,
13895,GEN,
13896,OBC-NCL,3413
13897,GEN,
13898,OBC-NCL,3414
13899,GEN,
13900,OBC-NCL,3415
13901,OBC-NCL,3416
13902,GEN,
13903,GEN-EWS,1839
13904,GEN,
13905,GEN-EWS,1840
13906,GEN-EWS,1841
13907,ST,102
13908,GEN-EWS,1842
13909,OBC-NCL,3417
13910,GEN-EWS,1843
13911,OBC-NCL,3418
13912,GEN,
13913,GEN,
13914,GEN,
13915,SC,373
13916,GEN,
13917,GEN,
13918,GEN,
13919,GEN,
13920,GEN,
13921,GEN-EWS,1844
13922,OBC-NCL,3419
13923,GEN-EWS,1845
13924,GEN,
13925,GEN,
13926,SC,374
13927,GEN-EWS,1846
13928,GEN,
13929,GEN-EWS,1847
13930,GEN,
13931,GEN,
13932,OBC-NCL,3420
13933,GEN,
13934,GEN,
13935,GEN,
13936,GEN,
13937,GEN-EWS,1848
13938,GEN,
13939,GEN-EWS,1849
13940,GEN-EWS,1850
13941,GEN,
13942,GEN,
13943,OBC-NCL,3421
13944,GEN,
13945,GEN,
13946,OBC-NCL,3422
13947,OBC-NCL,3423
13948,SC,375
13949,GEN,
13950,GEN,
13951,GEN,
13952,GEN,
13953,OBC-NCL,3424
13954,GEN-EWS,1851
13955,GEN,
13956,GEN-EWS,1852
13957,GEN,
13958,GEN,
13959,OBC-NCL,3425
13960,GEN,
13961,OBC-NCL,3426
13962,GEN-EWS,1853
13963,GEN,
13964,GEN,
13965,GEN,
13966,OBC-NCL,3427
13967,OBC-NCL,3428
13968,GEN,
13969,GEN,
13970,OBC-NCL,3429
13971,GEN-EWS,1854
13972,GEN,
13973,OBC-NCL,3431
13974,GEN,
13975,GEN,
13976,GEN,
13977,ST,103
13978,GEN,
13979,GEN-EWS,1855
13980,OBC-NCL,3432
13981,SC,376
13982,OBC-NCL,3433
13983,GEN,
13984,GEN,
13985,GEN,
13986,GEN,
13987,OBC-NCL,3434
13988,GEN,
13989,GEN,
13990,ST,104
13991,OBC-NCL,3435
13992,OBC-NCL,3436
13993,GEN,
13994,OBC-NCL,3437
13995,GEN,
13996,SC,378
13997,GEN,
13998,GEN,
13999,GEN,
14000,OBC-NCL,3438
14001,GEN,
14002,GEN-EWS,1856
14003,GEN-EWS,1857
14004,GEN,
14005,OBC-NCL,3439
14006,GEN-EWS,1858
14007,OBC-NCL,3440
14008,GEN,
14009,GEN,
14010,GEN-EWS,1859
14011,GEN,
14012,GEN-EWS,1860
14013,OBC-NCL,3441
14014,GEN,
14015,GEN,
14016,GEN,
14017,GEN,
14018,OBC-NCL,3442
14019,GEN,
14020,GEN,
14021,OBC-NCL,3443
14022,GEN,
14023,GEN,
14024,GEN,
14025,GEN,
14026,GEN,
14027,GEN,
14028,GEN,
14028,GEN-EWS,1861
14030,GEN,
14031,OBC-NCL,3444
14032,OBC-NCL,3445
14033,GEN,
14034,GEN,
14035,OBC-NCL,3446
14036,GEN,
14037,OBC-NCL,3447
14038,GEN-EWS,1862
14039,OBC-NCL,3448
14040,OBC-NCL,3449
14041,OBC-NCL,3450
14042,OBC-NCL,3451
14043,GEN,
14044,GEN,
14045,GEN,
14046,GEN-EWS,1863
14047,GEN-EWS,1864
14048,OBC-NCL,3452
14049,GEN,
14050,GEN,
14051,GEN,
14052,OBC-NCL,3453
14053,OBC-NCL,3454
14054,GEN,
14055,GEN,
14056,GEN-EWS,1865
14057,OBC-NCL,3455
14058,GEN,
14059,GEN-EWS,1866
14060,GEN,
14061,GEN,
14062,GEN,
14063,GEN,
14064,GEN,
14065,GEN-EWS,1867
14066,OBC-NCL,3456
14067,GEN,
14068,GEN,
14069,GEN,
14070,GEN,
14071,GEN,
14072,GEN,
14073,GEN-EWS,1868
14074,GEN,
14075,GEN,
14076,GEN,
14077,GEN,
14078,OBC-NCL,3457
14079,OBC-NCL,3458
14080,GEN,
14081,GEN,
14082,OBC-NCL,3459
14083,GEN,
14084,GEN-EWS,1869
14085,OBC-NCL,3460
14086,GEN,
14087,GEN,
14088,OBC-NCL,3461
14089,GEN,
14090,OBC-NCL,3462
14091,OBC-NCL,3463
14092,GEN-EWS,1870
14093,GEN,
14094,GEN-EWS,1871
14095,GEN,
14096,GEN,
14097,GEN,
14098,GEN,
14099,OBC-NCL,3464
14100,SC,379
14101,SC,380
14102,OBC-NCL,3465
14103,OBC-NCL,3466
14104,OBC-NCL,3467
14105,GEN,
14106,GEN,
14107,GEN,
14108,OBC-NCL,3468
14109,GEN,
14110,GEN,
14111,OBC-NCL,3469
14112,GEN,
14113,OBC-NCL,3470
14114,GEN,
14114,GEN-EWS,1872
14116,GEN-EWS,1873
14117,GEN,
14118,GEN,
14119,GEN-EWS,1874
14120,OBC-NCL,3471
14121,OBC-NCL,3472
14122,OBC-NCL,3473
14123,OBC-NCL,3474
14124,GEN-EWS,1875
14125,GEN,
14126,OBC-NCL,3475
14127,GEN,
14128,GEN,
14129,GEN-EWS,1876
14130,OBC-NCL,3476
14131,GEN,
14132,GEN,
14133,OBC-NCL,3477
14134,GEN,
14135,OBC-NCL,3478
14136,GEN-EWS,1877
14137,GEN,
14138,GEN,
14139,GEN,
14140,SC,381
14141,GEN-EWS,1878
14142,GEN,
14143,GEN,
14144,OBC-NCL,3479
14145,GEN,
14146,GEN,
14147,GEN,
14148,GEN-EWS,1879
14149,OBC-NCL,3480
14150,GEN,
14151,SC,382
14152,GEN,
14153,GEN,
14154,OBC-NCL,3481
14155,GEN,
14156,GEN,
14157,GEN,
14158,GEN,
14159,GEN,
14160,GEN,
14161,GEN,
14162,GEN,
14163,GEN,
14164,GEN-EWS,1880
14165,OBC-NCL,3482
14166,GEN,
14167,OBC-NCL,3483
14168,SC,384
14169,GEN,
14170,GEN,
14171,GEN-EWS,1881
14172,OBC-NCL,3484
14173,GEN,
14174,GEN-EWS,1882
14175,GEN,
14176,GEN,
14177,GEN,
14178,GEN,
14179,GEN,
14180,OBC-NCL,3485
14181,GEN,
14182,GEN,
14183,ST,105
14184,GEN-EWS,1883
14185,GEN-EWS,1884
14186,GEN-EWS,1885
14187,GEN,
14188,GEN,
14189,GEN,
14190,GEN,
14191,GEN,
14192,OBC-NCL,3486
14193,GEN,
14194,GEN,
14195,GEN,
14196,OBC-NCL,3487
14197,GEN,
14198,GEN,
14199,GEN-EWS,1886
14200,GEN,
14201,OBC-NCL,3488
14202,OBC-NCL,3489
14203,GEN,
14204,GEN,
14205,OBC-NCL,3490
14206,OBC-NCL,3491
14207,GEN-EWS,1887
14208,GEN-EWS,1888
14209,GEN,
14210,GEN-EWS,1889
14211,OBC-NCL,3492
14212,GEN,
14213,GEN-EWS,1890
14214,GEN,
14215,GEN,
14216,GEN,
14217,GEN,
14218,GEN-EWS,1891
14219,GEN,
14220,OBC-NCL,3493
14221,OBC-NCL,3494
14222,GEN-EWS,1892
14223,GEN,
14224,GEN,
14225,GEN,
14226,OBC-NCL,3495
14227,GEN-EWS,1893
14228,GEN,
14229,GEN,
14230,GEN-EWS,1894
14231,GEN,
14232,OBC-NCL,3496
14232,ST,106
14234,OBC-NCL,3497
14235,SC,385
14236,GEN,
14237,OBC-NCL,3498
14238,GEN-EWS,1895
14239,SC,386
14240,GEN,
14241,OBC-NCL,3499
14242,OBC-NCL,3500
14243,GEN,
14244,GEN-EWS,1896
14245,GEN,
14246,GEN,
14247,GEN,
14247,OBC-NCL,3501
14249,GEN,
14250,OBC-NCL,3502
14251,GEN-EWS,1897
14252,OBC-NCL,3503
14253,SC,387
14254,GEN-EWS,1898
14255,GEN,
14256,GEN,
14257,GEN-EWS,1899
14258,OBC-NCL,3504
14259,GEN,
14260,GEN,
14261,GEN,
14262,OBC-NCL,3505
14263,OBC-NCL,3506
14264,GEN,
14265,GEN-EWS,1900
14266,GEN,
14267,GEN,
14268,GEN,
14269,GEN,
14270,GEN,
14271,GEN,
14272,OBC-NCL,3507
14273,GEN,
14274,GEN-EWS,1901
14275,GEN,
14276,GEN,
14277,OBC-NCL,3508
14278,GEN,
14279,GEN,
14280,GEN,
14281,OBC-NCL,3509
14282,OBC-NCL,3510
14283,OBC-NCL,3511
14284,OBC-NCL,3512
14285,OBC-NCL,3513
14286,OBC-NCL,3514
14287,GEN,
14288,GEN,
14289,GEN,
14290,GEN-EWS,1902
14291,GEN-EWS,1903
14292,GEN-EWS,1904
14293,GEN,
14294,GEN,
14295,GEN-EWS,1905
14296,GEN-EWS,1906
14297,GEN,
14298,GEN-EWS,1907
14299,OBC-NCL,3515
14300,GEN,
14301,GEN-EWS,1908
14302,GEN,
14303,GEN,
14304,GEN,
14305,OBC-NCL,3516
14306,GEN,
14307,OBC-NCL,3517
14308,OBC-NCL,3518
14309,GEN,
14310,GEN,
14311,OBC-NCL,3519
14312,OBC-NCL,3520
14313,GEN,
14314,GEN-EWS,1909
14315,GEN-EWS,1910
14316,GEN-EWS,1911
14317,GEN,
14318,GEN,
14319,GEN,
14320,GEN,
14321,GEN,
14322,GEN,
14323,GEN-EWS,1912
14324,OBC-NCL,3521
14325,GEN,
14326,GEN,
14327,OBC-NCL,3522
14328,OBC-NCL,3523
14329,OBC-NCL,3524
14330,GEN,
14331,GEN,
14332,OBC-NCL,3525
14333,OBC-NCL,3526
14334,OBC-NCL,3527
14335,GEN-EWS,1913
14336,OBC-NCL,3528
14337,GEN,
14338,GEN,
14339,OBC-NCL,3529
14340,GEN,
14341,GEN,
14342,GEN,
14343,GEN-EWS,1914
14344,GEN,
14345,GEN-EWS,1915
14346,GEN-EWS,1916
14347,OBC-NCL,3530
14348,GEN,
14349,GEN,
14350,OBC-NCL,3531
14351,GEN,
14352,OBC-NCL,3532
14353,GEN,
14354,OBC-NCL,3533
14355,GEN-EWS,1917
14356,GEN,
14357,GEN,
14358,OBC-NCL,3534
14359,GEN,
14360,OBC-NCL,3535
14361,GEN,
14362,OBC-NCL,3536
14363,OBC-NCL,3537
14364,OBC-NCL,3538
14365,GEN,
14366,OBC-NCL,3539
14367,OBC-NCL,3540
14368,GEN,
14369,GEN,
14370,GEN,
14371,GEN,
14372,GEN,
14373,GEN,
14374,GEN,
14375,ST,107
14376,GEN,
14377,GEN,
14378,GEN-EWS,1918
14379,GEN,
14380,GEN-EWS,1919
14381,OBC-NCL,3541
14382,GEN,
14383,GEN,
14384,GEN,
14385,GEN-EWS,1920
14386,OBC-NCL,3542
14387,GEN,
14388,OBC-NCL,3543
14389,GEN-EWS,1921
14390,OBC-NCL,3544
14391,OBC-NCL,3545
14392,SC,388
14393,GEN-EWS,1922
14394,GEN,
14394,GEN,
14396,GEN,
14397,GEN,
14398,OBC-NCL,3546
14399,OBC-NCL,3547
14400,OBC-NCL,3549
14401,GEN-EWS,1923
14402,OBC-NCL,3550
14403,GEN-EWS,1924
14404,OBC-NCL,3551
14405,GEN-EWS,1925
14406,GEN,
14407,GEN,
14408,GEN,
14409,SC,389
14410,GEN,
14411,OBC-NCL,3552
14412,OBC-NCL,3553
14413,GEN,
14414,OBC-NCL,3554
14415,GEN,
14416,GEN,
14417,GEN,
14418,OBC-NCL,3555
14419,GEN-EWS,1926
14420,GEN,
14421,GEN,
14422,OBC-NCL,3556
14423,GEN,
14424,GEN,
14425,GEN-EWS,1927
14426,OBC-NCL,3557
14427,GEN-EWS,1928
14428,GEN,
14429,ST,108
14430,OBC-NCL,3558
14431,OBC-NCL,3559
14432,OBC-NCL,3560
14433,GEN,
14434,OBC-NCL,3561
14435,GEN,
14435,GEN,
14435,OBC-NCL,3562
14438,GEN,
14439,GEN,
14440,GEN,
14441,OBC-NCL,3563
14442,GEN,
14442,OBC-NCL,3564
14444,GEN-EWS,1929
14445,GEN,
14446,OBC-NCL,3565
14447,GEN,
14448,OBC-NCL,3566
14449,GEN,
14450,GEN,
14451,GEN,
14452,GEN,
14453,GEN,
14454,GEN,
14455,OBC-NCL,3567
14456,OBC-NCL,3568
14457,GEN,
14458,GEN,
14459,GEN,
14460,OBC-NCL,3569
14461,OBC-NCL,3570
14462,OBC-NCL,3571
14463,GEN,
14464,GEN,
14465,GEN,
14466,GEN-EWS,1930
14467,GEN,
14468,OBC-NCL,3572
14469,GEN,
14470,GEN,
14471,GEN,
14472,SC,390
14473,GEN,
14474,OBC-NCL,3573
14475,GEN,
14476,OBC-NCL,3574
14477,GEN,
14478,GEN,
14479,GEN,
14480,GEN,
14481,GEN,
14482,GEN,
14483,GEN,
14484,GEN,
14485,OBC-NCL,3575
14486,GEN,
14487,OBC-NCL,3576
14488,GEN,
14489,GEN,
14490,OBC-NCL,3577
14491,GEN,
14492,OBC-NCL,3578
14493,GEN-EWS,1931
14494,OBC-NCL,3579
14495,GEN,
14496,OBC-NCL,3580
14497,GEN,
14498,ST,109
14499,GEN,
14500,GEN,
14501,GEN,
14502,OBC-NCL,3581
14503,GEN,
14504,GEN,
14505,GEN,
14506,SC,391
14507,OBC-NCL,3582
14508,GEN,
14509,GEN-EWS,1932
14510,GEN,
14511,GEN,
14512,GEN,
14513,GEN,
14514,GEN,
14515,GEN-EWS,1933
14516,OBC-NCL,3583
14517,OBC-NCL,3584
14518,OBC-NCL,3585
14519,GEN,
14520,GEN-EWS,1934
14521,GEN,
14522,GEN,
14523,OBC-NCL,3586
14524,GEN,
14525,OBC-NCL,3587
14526,GEN-EWS,1935
14527,OBC-NCL,3588
14528,GEN,
14529,GEN,
14530,GEN,
14531,GEN,
14532,GEN-EWS,1936
14533,OBC-NCL,3589
14534,GEN,
14535,GEN-EWS,1937
14536,SC,392
14537,OBC-NCL,3590
14538,GEN,
14539,GEN-EWS,1938
14540,GEN-EWS,1939
14541,OBC-NCL,3591
14542,GEN,
14543,OBC-NCL,3592
14544,GEN,
14545,GEN,
14546,OBC-NCL,3593
14547,GEN,
14548,GEN,
14549,OBC-NCL,3594
14550,GEN-EWS,1940
14551,OBC-NCL,3595
14552,GEN-EWS,1941
14553,GEN-EWS,1942
14554,GEN,
14555,OBC-NCL,3596
14556,GEN,
14557,GEN,
14558,OBC-NCL,3597
14559,OBC-NCL,3598
14560,GEN,
14561,GEN,
14562,GEN,
14563,ST,110
14564,GEN-EWS,1943
14565,OBC-NCL,3599
14566,GEN-EWS,1944
14567,GEN-EWS,1945
14568,GEN,
14569,GEN,
14570,GEN-EWS,1946
14571,GEN,
14572,GEN-EWS,1947
14573,GEN,
14574,GEN,
14575,GEN,
14576,GEN,
14577,OBC-NCL,3600
14578,GEN,
14579,OBC-NCL,3601
14580,GEN-EWS,1948
14581,OBC-NCL,3602
14582,SC,393
14583,SC,394
14584,GEN,
14585,OBC-NCL,3603
14586,GEN,
14587,OBC-NCL,3604
14588,GEN,
14589,OBC-NCL,3605
14590,OBC-NCL,3606
14591,GEN-EWS,1949
14592,OBC-NCL,3607
14593,GEN,
14594,GEN,
14595,GEN,
14596,OBC-NCL,3608
14597,GEN,
14598,SC,395
14599,OBC-NCL,3609
14600,GEN,
14601,OBC-NCL,3610
14602,GEN,
14603,OBC-NCL,3611
14604,GEN-EWS,1950
14605,GEN-EWS,1951
14606,GEN-EWS,1952
14607,GEN,
14608,GEN,
14609,GEN,
14610,GEN-EWS,1953
14611,OBC-NCL,3612
14612,GEN-EWS,1954
14613,OBC-NCL,3613
14614,GEN,
14615,GEN-EWS,1955
14616,GEN,
14617,OBC-NCL,3614
14618,GEN,
14619,OBC-NCL,3615
14620,GEN,
14621,OBC-NCL,3616
14622,GEN-EWS,1956
14623,GEN-EWS,1957
14624,GEN,
14625,GEN,
14626,OBC-NCL,3617
14627,OBC-NCL,3618
14628,OBC-NCL,3619
14629,GEN,
14630,GEN,
14631,OBC-NCL,3620
14632,GEN,
14633,OBC-NCL,3621
14634,OBC-NCL,3622
14635,GEN,
14636,OBC-NCL,3623
14637,GEN,
14638,GEN,
14639,OBC-NCL,3624
14640,SC,396
14641,GEN,
14642,GEN,
14643,GEN,
14644,GEN,
14645,GEN-EWS,1958
14646,SC,397
14647,GEN-EWS,1959
14648,GEN-EWS,1960
14649,GEN,
14650,GEN,
14651,GEN,
14652,OBC-NCL,3625
14653,GEN,
14654,GEN,
14655,GEN,
14656,GEN,
14657,SC,398
14658,GEN,
14659,GEN,
14660,OBC-NCL,3626
14661,GEN,
14662,GEN,
14663,GEN,
14664,GEN,
14665,GEN,
14666,GEN,
14667,GEN,
14668,OBC-NCL,3627
14669,GEN,
14670,OBC-NCL,3628
14671,GEN-EWS,1961
14672,SC,399
14673,GEN,
14674,OBC-NCL,3629
14675,GEN,
14676,ST,111
14677,GEN-EWS,1962
14678,GEN,
14679,GEN,
14680,GEN-EWS,1963
14681,OBC-NCL,3630
14682,GEN,
14683,GEN,
14684,GEN,
14685,OBC-NCL,3631
14686,OBC-NCL,3632
14687,GEN-EWS,1964
14688,SC,400
14689,GEN-EWS,1965
14690,SC,401
14691,GEN,
14692,OBC-NCL,3633
14693,GEN,
14694,GEN,
14695,GEN,
14696,GEN,
14697,OBC-NCL,3634
14698,GEN,
14699,GEN,
14700,GEN,
14701,GEN,
14702,GEN,
14703,OBC-NCL,3635
14704,OBC-NCL,3636
14705,OBC-NCL,3637
14706,OBC-NCL,3638
14707,GEN-EWS,1966
14708,GEN-EWS,1967
14709,GEN,
14710,OBC-NCL,3639
14711,GEN-EWS,1968
14712,GEN,
14713,GEN-EWS,1969
14714,GEN,
14715,OBC-NCL,3640
14716,GEN,
14717,GEN,
14718,GEN,
14719,GEN-EWS,1970
14720,OBC-NCL,3641
14721,OBC-NCL,3642
14722,GEN,
14723,OBC-NCL,3643
14724,GEN-EWS,1971
14725,SC,402
14726,GEN,
14727,OBC-NCL,3644
14728,OBC-NCL,3645
14729,GEN,
14730,GEN-EWS,1972
14731,GEN,
14732,GEN,
14733,OBC-NCL,3646
14734,OBC-NCL,3647
14735,OBC-NCL,3648
14736,GEN,
14737,ST,112
14738,GEN,
14739,GEN,
14740,GEN,
14741,GEN-EWS,1973
14742,GEN,
14743,OBC-NCL,3649
14744,GEN,
14745,GEN,
14746,GEN,
14747,GEN,
14748,GEN,
14749,GEN,
14750,GEN,
14751,GEN,
14752,GEN,
14753,GEN,
14754,GEN-EWS,1974
14755,GEN-EWS,1975
14756,GEN,
14757,OBC-NCL,3650
14758,GEN,
14759,GEN,
14760,OBC-NCL,3651
14761,OBC-NCL,3652
14762,GEN-EWS,1976
14763,GEN,
14764,OBC-NCL,3653
14765,GEN,
14766,GEN,
14767,OBC-NCL,3654
14768,OBC-NCL,3655
14769,OBC-NCL,3656
14770,GEN,
14771,GEN-EWS,1977
14772,GEN,
14773,GEN,
14774,GEN,
14775,OBC-NCL,3657
14775,OBC-NCL,3657
14777,OBC-NCL,3659
14778,OBC-NCL,3660
14779,GEN,
14780,GEN,
14781,GEN,
14782,GEN,
14783,GEN-EWS,1978
14784,GEN-EWS,1979
14785,GEN,
14786,SC,403
14787,GEN,
14788,GEN,
14789,GEN,
14790,OBC-NCL,3661
14791,OBC-NCL,3662
14792,OBC-NCL,3663
14793,OBC-NCL,3664
14794,GEN,
14795,GEN-EWS,1980
14796,GEN,
14797,OBC-NCL,3665
14798,GEN,
14799,OBC-NCL,3666
14800,OBC-NCL,3667
14801,OBC-NCL,3668
14802,GEN,
14803,OBC-NCL,3669
14804,GEN-EWS,1981
14805,GEN,
14806,SC,404
14807,GEN,
14808,GEN-EWS,1982
14809,GEN,
14810,GEN,
14811,GEN-EWS,1983
14812,GEN,
14813,OBC-NCL,3670
14813,OBC-NCL,3670
14815,GEN,
14815,OBC-NCL,3672
14817,GEN,
14818,GEN,
14819,GEN,
14820,OBC-NCL,3673
14821,OBC-NCL,3674
14822,OBC-NCL,3675
14823,GEN,
14824,OBC-NCL,3676
14825,GEN,
14826,OBC-NCL,3677
14827,GEN,
14828,OBC-NCL,3678
14829,GEN,
14830,GEN,
14831,OBC-NCL,3679
14832,GEN,
14833,OBC-NCL,3680
14834,OBC-NCL,3681
14835,OBC-NCL,3682
14836,GEN-EWS,1984
14837,OBC-NCL,3683
14838,GEN,
14839,OBC-NCL,3684
14840,OBC-NCL,3685
14841,GEN,
14841,GEN,
14843,OBC-NCL,3686
14844,GEN,
14845,GEN,
14846,GEN-EWS,1985
14847,SC,405
14848,GEN-EWS,1986
14849,GEN,
14850,GEN,
14851,GEN-EWS,1987
14852,GEN,
14853,GEN,
14854,GEN,
14855,OBC-NCL,3687
14856,GEN,
14857,GEN-EWS,1988
14858,GEN,
14859,GEN,
14860,OBC-NCL,3688
14861,GEN,
14862,GEN,
14863,GEN-EWS,1989
14864,GEN-EWS,1990
14865,GEN,
14866,OBC-NCL,3689
14867,OBC-NCL,3690
14868,GEN,
14869,OBC-NCL,3691
14870,GEN,
14871,SC,406
14872,OBC-NCL,3692
14873,OBC-NCL,3693
14874,GEN,
14875,GEN,
14876,GEN,
14877,OBC-NCL,3694
14878,GEN,
14879,GEN,
14880,GEN,
14881,GEN-EWS,1991
14882,GEN,
14883,GEN,
14884,OBC-NCL,3695
14885,OBC-NCL,3696
14886,GEN,
14887,GEN,
14888,GEN,
14889,GEN,
14890,OBC-NCL,3697
14891,OBC-NCL,3698
14892,GEN-EWS,1992
14893,GEN,
14894,OBC-NCL,3699
14895,GEN-EWS,1993
14896,GEN,
14897,OBC-NCL,3700
14898,GEN,
14899,GEN,
14900,GEN,
14901,OBC-NCL,3701
14902,GEN-EWS,1994
14903,GEN,
14903,SC,407
14905,GEN,
14906,OBC-NCL,3702
14907,GEN,
14908,GEN,
14909,OBC-NCL,3703
14910,GEN,
14911,OBC-NCL,3704
14912,SC,408
14913,GEN,
14914,GEN,
14915,GEN-EWS,1995
14916,GEN,
14917,SC,409
14918,GEN,
14919,GEN,
14920,GEN,
14921,GEN,
14922,GEN,
14923,GEN,
14924,ST,113
14925,OBC-NCL,3705
14926,GEN,
14927,OBC-NCL,3706
14928,OBC-NCL,3707
14929,SC,410
14930,GEN,
14931,OBC-NCL,3708
14932,OBC-NCL,3709
14933,GEN,
14934,GEN-EWS,1996
14935,GEN,
14936,GEN-EWS,1997
14937,GEN,
14938,GEN-EWS,1998
14939,GEN,
14940,SC,411
14941,GEN,
14942,GEN,
14943,GEN,
14944,OBC-NCL,3710
14945,OBC-NCL,3711
14946,OBC-NCL,3712
14947,GEN,
14948,SC,412
14949,OBC-NCL,3713
14950,OBC-NCL,3714
14951,GEN-EWS,1999
14952,OBC-NCL,3715
14953,GEN,
14954,GEN,
14955,OBC-NCL,3716
14956,OBC-NCL,3717
14957,GEN,
14958,OBC-NCL,3718
14959,GEN,
14960,GEN,
14961,GEN,
14962,GEN,
14963,GEN,
14964,GEN-EWS,2000
14965,OBC-NCL,3719
14966,OBC-NCL,3720
14967,GEN,
14968,OBC-NCL,3721
14969,GEN,
14970,GEN,
14971,GEN,
14972,OBC-NCL,3722
14973,OBC-NCL,3723
14974,GEN,
14975,GEN-EWS,2001
14976,GEN,
14977,OBC-NCL,3724
14978,GEN-EWS,2002
14979,GEN,
14980,GEN,
14981,GEN,
14982,OBC-NCL,3725
14983,OBC-NCL,3726
14984,GEN,
14985,GEN,
14986,GEN,
14987,GEN,
14988,OBC-NCL,3727
14989,GEN,
14990,GEN-EWS,2003
14991,OBC-NCL,3728
14992,OBC-NCL,3729
14993,OBC-NCL,3730
14994,OBC-NCL,3731
14995,GEN,
14996,GEN,
14997,OBC-NCL,3732
14998,SC,413
14999,GEN-EWS,2004
15000,SC,414
15001,GEN-EWS,2005
15002,OBC-NCL,3733
15003,GEN,
15004,GEN,
15005,GEN-EWS,2006
15006,GEN,
15007,GEN,
15008,OBC-NCL,3734
15009,OBC-NCL,3735
15010,GEN,
15011,OBC-NCL,3736
15012,OBC-NCL,3737
15013,GEN,
15014,GEN-EWS,2007
15015,GEN-EWS,2008
15016,SC,415
15017,OBC-NCL,3738
15018,GEN,
15019,GEN,
15020,GEN,
15021,OBC-NCL,3739
15022,OBC-NCL,3740
15023,GEN,
15024,OBC-NCL,3741
15025,OBC-NCL,3742
15026,GEN,
15027,GEN,
15028,GEN,
15029,GEN,
15030,GEN,
15031,OBC-NCL,3743
15032,OBC-NCL,3744
15033,GEN,
15034,GEN,
15035,OBC-NCL,3745
15036,OBC-NCL,3746
15037,GEN,
15038,GEN,
15039,OBC-NCL,3747
15040,GEN,
15041,OBC-NCL,3748
15042,GEN,
15043,SC,416
15044,OBC-NCL,3749
15045,GEN,
15046,GEN,
15047,GEN,
15048,GEN,
15049,GEN,
15050,OBC-NCL,3750
15051,GEN,
15052,GEN,
15053,SC,417
15054,GEN,
15055,GEN-EWS,2009
15056,OBC-NCL,3751
15057,OBC-NCL,3752
15058,OBC-NCL,3753
15059,OBC-NCL,3754
15060,GEN-EWS,2010
15061,OBC-NCL,3755
15062,GEN,
15063,OBC-NCL,3756
15064,OBC-NCL,3757
15065,GEN,
15066,GEN,
15067,GEN,
15068,OBC-NCL,3758
15069,OBC-NCL,3759
15070,OBC-NCL,3760
15071,GEN-EWS,2011
15072,GEN,
15073,SC,418
15074,GEN,
15075,SC,419
15076,OBC-NCL,3761
15077,OBC-NCL,3762
15078,GEN-EWS,2012
15079,GEN,
15080,GEN-EWS,2013
15081,GEN,
15082,GEN,
15083,GEN-EWS,2014
15084,OBC-NCL,3763
15085,GEN,
15086,GEN-EWS,2015
15087,OBC-NCL,3764
15088,GEN,
15089,GEN,
15090,GEN-EWS,2016
15091,OBC-NCL,3765
15092,GEN,
15093,OBC-NCL,3766
15094,GEN,
15095,GEN,
15096,OBC-NCL,3767
15097,GEN-EWS,2017
15098,GEN-EWS,2018
15099,GEN,
15100,GEN,
15101,OBC-NCL,3768
15102,GEN,
15103,OBC-NCL,3769
15104,OBC-NCL,3770
15105,GEN,
15106,GEN,
15107,GEN-EWS,2019
15108,OBC-NCL,3771
15109,GEN,
15110,GEN-EWS,2020
15111,GEN,
15112,GEN,
15113,GEN,
15114,OBC-NCL,3772
15115,GEN-EWS,2021
15116,GEN,
15117,GEN,
15118,SC,420
15119,GEN-EWS,2022
15120,OBC-NCL,3773
15121,OBC-NCL,3774
15122,GEN-EWS,2023
15123,GEN,
15123,GEN,
15125,OBC-NCL,3775
15126,OBC-NCL,3776
15127,GEN,
15128,OBC-NCL,3777
15129,GEN-EWS,2024
15130,GEN,
15131,OBC-NCL,3778
15132,GEN-EWS,2025
15133,GEN,
15134,OBC-NCL,3779
15135,GEN,
15136,GEN-EWS,2026
15137,GEN,
15138,OBC-NCL,3780
15139,GEN,
15140,OBC-NCL,3781
15141,OBC-NCL,3782
15142,GEN,
15143,OBC-NCL,3783
15144,GEN,
15145,GEN,
15146,GEN,
15146,OBC-NCL,3784
15148,GEN,
15149,GEN,
15150,GEN,
15151,GEN,
15152,GEN-EWS,2027
15153,OBC-NCL,3785
15154,GEN,
15155,GEN,
15156,GEN,
15157,GEN,
15158,GEN-EWS,2028
15159,SC,421
15160,GEN,
15160,GEN,
15162,GEN-EWS,2029
15163,GEN,
15164,GEN-EWS,2030
15165,GEN,
15166,OBC-NCL,3786
15167,GEN,
15168,OBC-NCL,3787
15169,GEN-EWS,2031
15170,OBC-NCL,3788
15171,OBC-NCL,3789
15172,OBC-NCL,3790
15173,OBC-NCL,3791
15174,GEN,
15175,OBC-NCL,3792
15176,GEN,
15177,OBC-NCL,3793
15178,OBC-NCL,3794
15179,OBC-NCL,3795
15180,GEN,
15181,GEN-EWS,2032
15182,OBC-NCL,3796
15183,GEN,
15183,SC,422
15185,GEN,
15186,GEN-EWS,2033
15187,GEN,
15187,OBC-NCL,3797
15189,GEN,
15190,GEN,
15191,OBC-NCL,3798
15192,OBC-NCL,3799
15193,GEN-EWS,2034
15194,GEN-EWS,2035
15195,GEN,
15196,OBC-NCL,3801
15197,GEN,
15198,GEN,
15199,GEN,
15200,GEN,
15201,GEN,
15202,GEN,
15203,OBC-NCL,3802
15204,GEN,
15205,OBC-NCL,3803
15206,GEN,
15207,GEN,
15208,GEN,
15209,GEN-EWS,2036
15210,GEN-EWS,2037
15211,GEN,
15212,GEN,
15213,GEN,
15214,GEN,
15215,GEN,
15216,GEN,
15217,GEN,
15218,GEN,
15219,GEN,
15220,GEN,
15221,GEN,
15222,GEN,
15223,GEN,
15224,GEN,
15225,GEN,
15226,OBC-NCL,3804
15227,SC,423
15228,OBC-NCL,3805
15229,GEN,
15230,GEN,
15231,OBC-NCL,3806
15232,GEN-EWS,2038
15233,GEN,
15234,GEN,
15235,OBC-NCL,3807
15236,OBC-NCL,3808
15237,GEN-EWS,2039
15238,OBC-NCL,3809
15239,GEN,
15240,GEN-EWS,2040
15241,OBC-NCL,3810
15242,GEN,
15243,GEN,
15244,GEN,
15245,OBC-NCL,3811
15246,SC,424
15247,GEN-EWS,2041
15248,GEN,
15249,GEN-EWS,2042
15250,OBC-NCL,3812
15251,GEN,
15252,GEN,
15253,OBC-NCL,3813
15254,GEN,
15255,OBC-NCL,3814
15256,GEN,
15257,SC,425
15258,GEN,
15259,OBC-NCL,3815
15260,GEN,
15261,GEN,
15262,OBC-NCL,3816
15263,OBC-NCL,3817
15264,GEN,
15265,GEN-EWS,2043
15266,OBC-NCL,3818
15267,GEN,
15268,GEN,
15269,GEN,
15270,GEN-EWS,2044
15271,OBC-NCL,3819
15272,GEN,
15273,OBC-NCL,3820
15274,GEN-EWS,2045
15275,OBC-NCL,3821
15276,GEN,
15277,OBC-NCL,3822
15278,GEN,
15279,GEN,
15280,GEN-EWS,2046
15281,ST,114
15282,GEN-EWS,2047
15283,OBC-NCL,3823
15284,GEN,
15285,OBC-NCL,3824
15286,OBC-NCL,3825
15287,GEN,
15288,OBC-NCL,3826
15289,OBC-NCL,3827
15290,GEN,
15291,GEN,
15292,OBC-NCL,3828
15293,GEN-EWS,2048
15294,ST,115
15295,GEN-EWS,2049
15296,GEN-EWS,2050
15297,GEN,
15298,OBC-NCL,3829
15299,OBC-NCL,3830
15300,GEN,
15301,GEN,
15302,OBC-NCL,3831
15303,GEN,
15304,GEN-EWS,2051
15305,GEN,
15306,OBC-NCL,3832
15307,GEN,
15308,ST,116
15309,OBC-NCL,3833
15310,GEN,
15311,GEN-EWS,2052
15312,OBC-NCL,3834
15313,GEN,
15314,OBC-NCL,3835
15315,OBC-NCL,3836
15316,GEN,
15317,OBC-NCL,3837
15318,OBC-NCL,3838
15319,GEN,
15320,ST,117
15321,OBC-NCL,3839
15322,GEN,
15323,GEN,
15324,OBC-NCL,3840
15325,GEN,
15326,GEN,
15327,GEN,
15328,GEN,
15328,OBC-NCL,3841
15330,GEN,
15331,GEN,
15332,GEN,
15333,GEN,
15334,GEN,
15335,OBC-NCL,3842
15336,GEN,
15337,GEN-EWS,2053
15338,OBC-NCL,3843
15339,OBC-NCL,3844
15340,GEN,
15341,GEN,
15342,ST,118
15343,GEN-EWS,2054
15344,GEN,
15345,GEN,
15346,GEN,
15347,OBC-NCL,3845
15348,OBC-NCL,3846
15349,GEN,
15350,GEN-EWS,2055
15351,GEN,
15352,OBC-NCL,3847
15353,GEN,
15354,OBC-NCL,3848
15355,GEN,
15356,GEN,
15357,GEN-EWS,2056
15358,GEN,
15359,OBC-NCL,3849
15360,OBC-NCL,3850
15361,GEN,
15362,GEN,
15363,GEN,
15364,GEN-EWS,2057
15365,OBC-NCL,3851
15366,GEN-EWS,2058
15367,OBC-NCL,3852
15368,GEN-EWS,2059
15369,OBC-NCL,3853
15370,GEN-EWS,2060
15371,GEN,
15372,GEN-EWS,2061
15373,GEN,
15374,OBC-NCL,3854
15375,GEN,
15376,GEN,
15377,GEN,
15378,GEN,
15379,GEN,
15380,ST,119
15381,GEN,
15382,OBC-NCL,3855
15383,GEN,
15384,OBC-NCL,3856
15385,GEN,
15386,GEN,
15387,OBC-NCL,3857
15388,GEN,
15389,GEN,
15390,GEN,
15391,GEN-EWS,2062
15392,ST,120
15393,GEN,
15394,GEN,
15395,GEN-EWS,2063
15396,GEN-EWS,2064
15397,GEN,
15398,GEN-EWS,2065
15399,OBC-NCL,3858
15400,GEN,
15401,OBC-NCL,3859
15402,GEN,
15403,GEN,
15403,GEN,
15405,GEN,
15406,GEN,
15407,GEN,
15408,GEN-EWS,2066
15409,GEN,
15410,GEN-EWS,2067
15411,GEN,
15412,GEN,
15413,GEN,
15414,OBC-NCL,3860
15415,OBC-NCL,3861
15416,OBC-NCL,3862
15417,OBC-NCL,3863
15418,GEN,
15419,OBC-NCL,3864
15420,OBC-NCL,3865
15421,GEN,
15422,GEN,
15423,OBC-NCL,3866
15424,OBC-NCL,3867
15425,GEN,
15426,GEN,
15427,GEN-EWS,2068
15428,GEN,
15429,OBC-NCL,3868
15430,GEN,
15431,OBC-NCL,3869
15432,GEN,
15433,GEN-EWS,2069
15434,OBC-NCL,3870
15435,OBC-NCL,3871
15436,GEN,
15437,GEN-EWS,2070
15438,OBC-NCL,3872
15439,GEN,
15440,GEN-EWS,2071
15441,OBC-NCL,3873
15442,GEN,
15443,GEN,
15444,GEN,
15445,GEN,
15446,GEN,
15447,OBC-NCL,3874
15448,GEN,
15449,OBC-NCL,3875
15450,OBC-NCL,3876
15451,OBC-NCL,3877
15452,GEN,
15453,OBC-NCL,3878
15454,OBC-NCL,3879
15455,GEN,
15456,OBC-NCL,3880
15457,OBC-NCL,3881
15458,OBC-NCL,3882
15459,OBC-NCL,3883
15460,GEN-EWS,2072
15461,GEN,
15462,GEN-EWS,2073
15463,GEN-EWS,2074
15464,GEN,
15465,GEN,
15466,GEN-EWS,2075
15467,OBC-NCL,3884
15468,OBC-NCL,3885
15469,GEN-EWS,2076
15470,GEN-EWS,2077
15471,GEN-EWS,2078
15472,OBC-NCL,3886
15473,GEN,
15474,GEN,
15475,OBC-NCL,3887
15476,OBC-NCL,3888
15477,OBC-NCL,3889
15478,GEN,
15479,GEN-EWS,2079
15480,GEN,
15481,OBC-NCL,3890
15482,OBC-NCL,3891
15483,OBC-NCL,3892
15484,OBC-NCL,3893
15485,GEN,
15486,GEN-EWS,2080
15487,GEN,
15488,GEN,
15488,GEN-EWS,2081
15490,GEN,
15491,OBC-NCL,3894
15492,GEN,
15493,GEN,
15494,GEN,
15495,OBC-NCL,3895
15496,GEN-EWS,2082
15497,OBC-NCL,3896
15498,SC,426
15499,GEN,
15500,GEN-EWS,2083
15501,GEN,
15502,OBC-NCL,3897
15503,OBC-NCL,3898
15504,GEN,
15505,GEN-EWS,2084
15506,OBC-NCL,3899
15507,GEN,
15508,OBC-NCL,3900
15509,OBC-NCL,3901
15510,GEN,
15511,OBC-NCL,3902
15512,GEN,
15513,GEN,
15514,ST,121
15515,GEN,
15516,GEN,
15517,OBC-NCL,3903
15518,GEN-EWS,2085
15519,GEN,
15520,OBC-NCL,3904
15521,GEN,
15522,OBC-NCL,3905
15523,GEN,
15524,OBC-NCL,3906
15525,GEN,
15526,SC,427
15527,GEN,
15528,OBC-NCL,3907
15529,SC,428
15530,GEN,
15531,OBC-NCL,3908
15532,GEN-EWS,2086
15533,GEN,
15534,GEN,
15535,OBC-NCL,3909
15536,OBC-NCL,3910
15537,GEN-EWS,2087
15538,OBC-NCL,3911
15539,GEN,
15540,GEN,
15541,SC,429
15542,GEN-EWS,2088
15543,GEN,
15544,GEN,
15545,GEN,
15546,GEN-EWS,2089
15547,GEN-EWS,2090
15548,OBC-NCL,3912
15549,GEN,
15550,OBC-NCL,3913
15551,GEN,
15552,OBC-NCL,3914
15553,OBC-NCL,3915
15554,SC,430
15555,GEN-EWS,2091
15556,OBC-NCL,3916
15557,GEN,
15558,OBC-NCL,3917
15559,GEN,
15560,GEN,
15561,GEN,
15562,GEN,
15563,OBC-NCL,3918
15564,GEN,
15565,GEN,
15566,GEN,
15567,GEN,
15568,OBC-NCL,3919
15569,GEN,
15570,GEN,
15571,GEN,
15572,GEN,
15573,GEN,
15574,GEN,
15575,GEN,
15576,GEN-EWS,2092
15577,GEN,
15578,GEN,
15579,OBC-NCL,3920
15580,OBC-NCL,3921
15581,GEN-EWS,2093
15582,GEN,
15583,SC,431
15584,GEN,
15585,GEN,
15586,OBC-NCL,3922
15587,GEN,
15588,OBC-NCL,3923
15589,GEN-EWS,2094
15590,GEN,
15591,GEN,
15592,GEN-EWS,2095
15593,GEN,
15594,GEN,
15595,OBC-NCL,3924
15596,GEN,
15597,GEN,
15598,GEN,
15599,GEN,
15600,GEN,
15601,GEN,
15602,GEN-EWS,2096
15603,GEN-EWS,2097
15604,GEN-EWS,2098
15605,GEN,
15606,GEN,
15607,OBC-NCL,3925
15608,OBC-NCL,3926
15609,OBC-NCL,3927
15610,GEN,
15611,GEN,
15612,GEN,
15613,GEN,
15614,OBC-NCL,3928
15615,ST,122
15616,GEN,
15617,OBC-NCL,3929
15618,GEN,
15619,GEN,
15620,GEN,
15621,OBC-NCL,3930
15622,OBC-NCL,3931
15623,GEN,
15624,GEN,
15625,OBC-NCL,3932
15626,GEN,
15627,OBC-NCL,3933
15628,OBC-NCL,3934
15629,GEN,
15630,GEN,
15631,GEN-EWS,2099
15632,GEN,
15633,GEN,
15634,GEN-EWS,2100
15635,GEN,
15636,GEN,
15637,OBC-NCL,3935
15638,GEN,
15639,OBC-NCL,3936
15640,OBC-NCL,3937
15641,OBC-NCL,3938
15642,GEN-EWS,2101
15643,OBC-NCL,3939
15644,OBC-NCL,3940
15645,GEN-EWS,2102
15646,OBC-NCL,3941
15647,GEN,
15648,OBC-NCL,3942
15649,GEN-EWS,2103
15650,GEN,
15651,GEN,
15652,OBC-NCL,3943
15653,GEN-EWS,2104
15654,GEN,
15655,OBC-NCL,3944
15656,GEN,
15657,GEN,
15658,GEN,
15659,GEN,
15660,GEN,
15661,GEN,
15662,GEN,
15663,GEN,
15664,GEN-EWS,2105
15665,GEN,
15666,SC,432
15667,GEN-EWS,2106
15668,GEN-EWS,2107
15669,GEN,
15670,GEN,
15671,OBC-NCL,3945
15672,GEN,
15673,OBC-NCL,3946
15674,OBC-NCL,3947
15675,OBC-NCL,3948
15676,GEN-EWS,2108
15677,OBC-NCL,3949
15678,OBC-NCL,3950
15679,ST,123
15680,GEN,
15681,GEN,
15682,GEN,
15683,GEN,
15684,OBC-NCL,3951
15685,GEN,
15686,GEN,
15687,GEN-EWS,2109
15688,GEN,
15689,OBC-NCL,3952
15690,OBC-NCL,3953
15691,OBC-NCL,3954
15692,GEN,
15693,GEN-EWS,2110
15694,OBC-NCL,3955
15695,OBC-NCL,3956
15696,GEN,
15697,GEN,
15698,GEN-EWS,2112
15699,GEN-EWS,2113
15700,GEN-EWS,2114
15701,GEN,
15702,GEN-EWS,2115
15703,GEN-EWS,2116
15704,GEN,
15705,OBC-NCL,3957
15706,OBC-NCL,3958
15707,OBC-NCL,3959
15708,GEN,
15709,SC,433
15710,ST,124
15711,OBC-NCL,3960
15712,OBC-NCL,3961
15713,OBC-NCL,3962
15714,GEN,
15715,GEN,
15716,GEN,
15717,GEN,
15718,OBC-NCL,3963
15719,SC,434
15720,GEN,
15721,GEN-EWS,2117
15722,GEN,
15723,OBC-NCL,3965
15724,OBC-NCL,3966
15725,OBC-NCL,3967
15726,GEN,
15727,GEN,
15728,GEN,
15729,OBC-NCL,3968
15730,OBC-NCL,3969
15731,OBC-NCL,3970
15732,GEN,
15733,OBC-NCL,3971
15734,OBC-NCL,3972
15735,GEN,
15736,GEN-EWS,2118
15737,ST,125
15738,SC,435
15739,GEN,
15740,OBC-NCL,3973
15741,GEN,
15742,GEN,
15743,GEN-EWS,2119
15744,GEN-EWS,2120
15745,SC,436
15746,GEN-EWS,2121
15747,GEN,
15748,GEN,
15749,GEN,
15750,GEN,
15751,GEN,
15752,OBC-NCL,3974
15753,GEN,
15754,GEN,
15755,GEN-EWS,2122
15756,OBC-NCL,3975
15757,OBC-NCL,3976
15758,GEN,
15759,ST,126
15760,OBC-NCL,3977
15761,GEN,
15762,GEN-EWS,2123
15763,GEN-EWS,2124
15764,GEN,
15765,GEN,
15766,GEN,
15767,OBC-NCL,3978
15768,GEN-EWS,2125
15769,OBC-NCL,3979
15770,OBC-NCL,3980
15771,OBC-NCL,3981
15772,OBC-NCL,3982
15773,GEN,
15774,GEN,
15775,GEN,
15776,GEN,
15777,GEN,
15778,OBC-NCL,3983
15779,GEN,
15780,OBC-NCL,3984
15781,GEN-EWS,2126
15782,SC,437
15783,OBC-NCL,3985
15784,GEN-EWS,2127
15785,GEN,
15786,OBC-NCL,3986
15787,SC,438
15788,GEN-EWS,2128
15789,GEN,
15790,OBC-NCL,3987
15791,GEN-EWS,2129
15792,GEN,
15793,GEN,
15794,GEN,
15795,OBC-NCL,3988
15796,GEN,
15797,GEN,
15798,OBC-NCL,3989
15799,GEN-EWS,2130
15800,GEN,
15801,GEN-EWS,2131
15802,GEN,
15803,GEN-EWS,2132
15804,GEN,
15805,GEN,
15806,GEN,
15807,GEN-EWS,2133
15808,OBC-NCL,3990
15809,GEN-EWS,2134
15810,GEN,
15811,GEN,
15812,GEN,
15813,GEN,
15814,GEN,
15815,GEN-EWS,2135
15816,GEN,
15817,GEN,
15818,GEN,
15819,GEN,
15820,GEN,
15821,GEN-EWS,2136
15822,OBC-NCL,3991
15823,GEN,
15824,GEN-EWS,2137
15825,GEN,
15826,GEN,
15827,GEN-EWS,2138
15828,GEN,
15829,GEN-EWS,2139
15830,GEN,
15831,OBC-NCL,3992
15832,GEN,
15833,OBC-NCL,3993
15834,GEN,
15835,OBC-NCL,3994
15836,GEN,
15837,GEN,
15838,GEN,
15839,GEN,
15840,GEN,
15841,GEN,
15842,GEN,
15843,GEN-EWS,2140
15844,GEN-EWS,2141
15845,GEN,
15846,GEN,
15847,GEN,
15848,GEN-EWS,2142
15849,GEN,
15850,GEN,
15851,GEN,
15852,GEN-EWS,2143
15853,GEN,
15854,GEN-EWS,2144
15855,GEN,
15856,GEN,
15857,GEN,
15858,GEN-EWS,2145
15859,OBC-NCL,3995
15860,GEN-EWS,2146
15861,OBC-NCL,3996
15862,GEN,
15863,GEN,
15864,GEN-EWS,2147
15865,OBC-NCL,3997
15866,OBC-NCL,3998
15867,OBC-NCL,3999
15868,GEN,
15869,OBC-NCL,4000
15870,GEN-EWS,2148
15871,OBC-NCL,4001
15872,GEN-EWS,2149
15873,GEN,
15874,GEN-EWS,2150
15875,OBC-NCL,4002
15876,OBC-NCL,4003
15877,OBC-NCL,4004
15878,ST,127
15879,GEN,
15880,OBC-NCL,4005
15881,GEN,
15882,OBC-NCL,4006
15883,OBC-NCL,4007
15884,GEN,
15885,OBC-NCL,4008
15886,GEN,
15887,OBC-NCL,4009
15888,OBC-NCL,4010
15889,GEN,
15890,OBC-NCL,4011
15891,GEN,
15892,GEN,
15893,GEN-EWS,2151
15894,GEN,
15895,OBC-NCL,4012
15896,GEN,
15897,OBC-NCL,4013
15898,OBC-NCL,4014
15899,OBC-NCL,4015
15900,GEN,
15901,GEN,
15902,GEN,
15903,GEN,
15904,GEN,
15905,GEN,
15906,GEN,
15907,GEN,
15908,GEN,
15909,GEN,
15910,GEN,
15911,GEN,
15912,GEN,
15913,OBC-NCL,4016
15914,GEN-EWS,2152
15915,GEN,
15916,SC,439
15917,GEN,
15918,OBC-NCL,4017
15919,GEN,
15920,GEN,
15921,OBC-NCL,4018
15922,GEN,
15923,GEN,
15924,GEN-EWS,2153
15925,GEN,
15926,GEN,
15927,GEN-EWS,2154
15928,GEN,
15929,GEN,
15930,OBC-NCL,4019
15931,GEN,
15932,GEN-EWS,2155
15933,OBC-NCL,4020
15934,OBC-NCL,4021
15935,GEN-EWS,2156
15936,GEN,
15937,OBC-NCL,4022
15938,SC,441
15939,OBC-NCL,4023
15940,GEN,
15941,GEN,
15942,OBC-NCL,4024
15943,GEN,
15944,GEN,
15944,GEN,
15946,OBC-NCL,4025
15947,GEN,
15948,OBC-NCL,4026
15949,OBC-NCL,4027
15950,GEN,
15951,OBC-NCL,4028
15952,OBC-NCL,4029
15953,GEN,
15954,GEN,
15955,OBC-NCL,4030
15956,OBC-NCL,4031
15957,GEN-EWS,2157
15958,GEN-EWS,2158
15959,GEN-EWS,2159
15960,OBC-NCL,4032
15961,GEN-EWS,2160
15962,GEN,
15963,ST,128
15964,OBC-NCL,4033
15965,GEN,
15966,GEN,
15967,GEN-EWS,2161
15968,OBC-NCL,4034
15969,GEN,
15969,ST,129
15971,OBC-NCL,4035
15972,OBC-NCL,4036
15973,GEN,
15974,OBC-NCL,4037
15975,OBC-NCL,4038
15976,GEN,
15977,ST,130
15978,SC,442
15979,GEN,
15980,OBC-NCL,4039
15981,GEN-EWS,2162
15982,GEN,
15983,GEN-EWS,2163
15984,OBC-NCL,4040
15985,OBC-NCL,4041
15986,OBC-NCL,4042
15987,OBC-NCL,4043
15988,GEN,
15989,GEN-EWS,2164
15990,GEN,
15991,GEN,
15992,GEN,
15993,GEN,
15994,OBC-NCL,4044
15995,OBC-NCL,4045
15996,GEN,
15997,GEN,
15998,OBC-NCL,4046
15999,GEN,
16000,GEN,
16001,GEN,
16002,GEN,
16003,OBC-NCL,4047
16004,GEN,
16005,GEN-EWS,2165
16006,OBC-NCL,4048
16007,OBC-NCL,4049
16008,GEN-EWS,2166
16009,GEN-EWS,2167
16010,OBC-NCL,4050
16011,GEN-EWS,2168
16012,GEN,
16013,GEN-EWS,2169
16014,GEN,
16015,GEN,
16016,GEN,
16017,GEN-EWS,2170
16018,GEN,
16019,GEN,
16020,GEN,
16021,GEN,
16022,OBC-NCL,4051
16023,GEN,
16024,OBC-NCL,4052
16025,GEN-EWS,2171
16026,OBC-NCL,4053
16027,OBC-NCL,4054
16028,GEN,
16029,GEN,
16030,GEN,
16031,GEN-EWS,2172
16032,GEN,
16033,OBC-NCL,4055
16034,GEN,
16035,GEN-EWS,2173
16036,GEN,
16037,GEN-EWS,2174
16038,GEN,
16039,GEN,
16040,GEN,
16041,GEN,
16042,GEN,
16043,OBC-NCL,4056
16044,GEN-EWS,2175
16045,GEN,
16046,GEN,
16047,OBC-NCL,4057
16048,GEN,
16049,GEN,
16050,GEN,
16051,SC,443
16052,OBC-NCL,4058
16053,GEN-EWS,2176
16054,OBC-NCL,4059
16055,GEN-EWS,2177
16056,GEN,
16057,GEN,
16058,GEN,
16059,SC,444
16060,GEN,
16061,GEN,
16062,GEN,
16063,GEN,
16064,GEN-EWS,2178
16065,GEN-EWS,2179
16066,GEN,
16067,GEN,
16068,GEN-EWS,2180
16069,GEN,
16070,GEN,
16071,GEN,
16072,GEN,
16073,GEN-EWS,2181
16074,OBC-NCL,4060
16075,OBC-NCL,4061
16076,GEN,
16077,SC,445
16078,SC,446
16079,OBC-NCL,4062
16080,GEN,
16081,GEN,
16082,GEN,
16083,OBC-NCL,4063
16084,GEN,
16085,OBC-NCL,4064
16086,GEN,
16087,GEN,
16088,GEN,
16089,GEN-EWS,2182
16090,OBC-NCL,4065
16091,OBC-NCL,4066
16092,GEN-EWS,2183
16093,OBC-NCL,4067
16094,GEN-EWS,2184
16095,GEN,
16096,GEN,
16097,GEN,
16098,GEN,
16099,OBC-NCL,4068
16100,GEN,
16101,GEN,
16102,OBC-NCL,4069
16103,GEN,
16104,GEN,
16105,GEN,
16106,OBC-NCL,4070
16107,GEN,
16108,OBC-NCL,4071
16109,GEN,
16110,GEN,
16111,GEN,
16112,GEN,
16113,GEN,
16114,GEN,
16115,OBC-NCL,4072
16116,GEN,
16117,OBC-NCL,4073
16118,GEN,
16119,OBC-NCL,4074
16120,ST,131
16121,GEN,
16122,OBC-NCL,4075
16123,GEN,
16124,OBC-NCL,4076
16125,OBC-NCL,4077
16126,GEN,
16127,OBC-NCL,4078
16128,GEN,
16129,OBC-NCL,4079
16130,GEN-EWS,2185
16131,GEN-EWS,2186
16132,GEN,
16133,OBC-NCL,4080
16134,OBC-NCL,4081
16135,GEN,
16136,GEN,
16137,GEN,
16138,SC,447
16139,GEN,
16140,GEN,
16141,SC,448
16142,OBC-NCL,4082
16143,GEN,
16144,OBC-NCL,4083
16145,GEN-EWS,2187
16146,OBC-NCL,4084
16147,OBC-NCL,4085
16148,GEN,
16149,OBC-NCL,4086
16150,OBC-NCL,4087
16151,GEN-EWS,2188
16152,GEN,
16153,SC,449
16154,OBC-NCL,4088
16155,OBC-NCL,4089
16156,GEN,
16157,OBC-NCL,4090
16158,OBC-NCL,4091
16159,SC,450
16160,GEN,
16161,GEN,
16162,GEN,
16163,GEN,
16164,OBC-NCL,4092
16165,GEN,
16166,GEN,
16167,GEN,
16168,GEN-EWS,2189
16169,OBC-NCL,4093
16170,OBC-NCL,4094
16171,GEN,
16172,GEN,
16173,GEN,
16174,GEN,
16175,OBC-NCL,4095
16176,GEN,
16177,GEN,
16178,GEN,
16179,GEN,
16180,GEN,
16181,SC,451
16182,GEN-EWS,2190
16183,OBC-NCL,4096
16184,GEN,
16185,GEN,
16186,GEN,
16187,GEN,
16188,GEN,
16189,OBC-NCL,4097
16190,GEN,
16191,GEN,
16192,GEN,
16193,OBC-NCL,4098
16194,GEN,
16195,GEN-EWS,2191
16196,GEN,
16197,SC,452
16198,GEN,
16199,OBC-NCL,4099
16200,GEN,
16201,GEN,
16202,GEN,
16203,GEN,
16204,OBC-NCL,4100
16205,OBC-NCL,4101
16206,GEN,
16207,GEN-EWS,2192
16208,GEN-EWS,2193
16209,GEN,
16210,OBC-NCL,4102
16211,GEN,
16212,GEN-EWS,2194
16213,OBC-NCL,4103
16214,GEN,
16215,GEN-EWS,2195
16216,GEN,
16217,ST,132
16218,GEN,
16219,GEN,
16220,GEN,
16221,GEN,
16222,GEN-EWS,2196
16223,GEN,
16224,OBC-NCL,4104
16225,GEN-EWS,2197
16226,OBC-NCL,4105
16227,GEN,
16228,GEN,
16229,GEN,
16230,OBC-NCL,4106
16231,GEN,
16232,OBC-NCL,4107
16233,GEN-EWS,2198
16234,GEN,
16235,OBC-NCL,4108
16236,OBC-NCL,4109
16237,OBC-NCL,4110
16238,GEN,
16239,GEN,
16240,GEN,
16241,OBC-NCL,4111
16242,GEN,
16243,GEN,
16244,GEN,
16245,GEN-EWS,2199
16246,GEN-EWS,2200
16247,OBC-NCL,4112
16248,ST,133
16249,OBC-NCL,4113
16250,OBC-NCL,4114
16251,GEN,
16252,GEN,
16253,GEN,
16254,OBC-NCL,4115
16255,GEN,
16256,OBC-NCL,4116
16257,GEN-EWS,2201
16258,OBC-NCL,4117
16259,GEN,
16260,GEN,
16261,SC,453
16262,GEN,
16263,OBC-NCL,4118
16264,GEN,
16265,GEN,
16266,GEN-EWS,2202
16267,GEN,
16268,GEN,
16269,GEN-EWS,2203
16270,GEN,
16271,OBC-NCL,4119
16272,GEN,
16273,GEN,
16274,GEN,
16275,GEN-EWS,2204
16276,GEN-EWS,2205
16277,GEN-EWS,2206
16278,GEN,
16279,GEN-EWS,2207
16280,GEN,
16281,GEN-EWS,2208
16282,GEN,
16283,GEN,
16284,GEN,
16285,SC,454
16286,GEN,
16287,OBC-NCL,4120
16288,ST,134
16289,GEN-EWS,2209
16290,GEN-EWS,2210
16291,GEN,
16292,GEN,
16293,GEN,
16294,GEN,
16295,GEN,
16296,OBC-NCL,4121
16297,GEN,
16298,GEN,
16299,GEN,
16300,GEN,
16301,OBC-NCL,4122
16302,ST,135
16303,GEN,
16304,GEN,
16305,SC,455
16306,GEN,
16307,OBC-NCL,4123
16308,OBC-NCL,4124
16309,GEN,
16310,GEN,
16311,GEN,
16312,GEN,
16313,GEN,
16314,OBC-NCL,4125
16315,GEN,
16316,OBC-NCL,4126
16317,GEN,
16318,GEN,
16319,GEN-EWS,2211
16320,OBC-NCL,4127
16321,GEN,
16322,GEN-EWS,2212
16323,OBC-NCL,4128
16324,GEN,
16325,GEN,
16326,OBC-NCL,4129
16327,GEN,
16328,GEN,
16329,OBC-NCL,4130
16330,GEN,
16331,OBC-NCL,4131
16332,OBC-NCL,4132
16333,OBC-NCL,4133
16334,GEN,
16335,GEN,
16336,GEN-EWS,2213
16337,GEN,
16338,GEN,
16339,OBC-NCL,4135
16340,GEN,
16341,GEN-EWS,2214
16342,GEN,
16343,GEN,
16344,GEN,
16345,GEN,
16346,SC,456
16347,GEN,
16348,GEN,
16349,GEN,
16350,GEN,
16351,GEN-EWS,2215
16352,GEN,
16353,OBC-NCL,4136
16354,GEN,
16355,GEN,
16356,GEN,
16357,GEN,
16358,GEN-EWS,2216
16359,OBC-NCL,4137
16360,OBC-NCL,4138
16361,GEN,
16362,GEN,
16363,GEN,
16364,GEN,
16365,OBC-NCL,4139
16366,OBC-NCL,4140
16367,OBC-NCL,4141
16368,OBC-NCL,4142
16369,OBC-NCL,4143
16370,GEN,
16371,GEN,
16372,GEN,
16373,GEN,
16374,OBC-NCL,4144
16375,GEN,
16376,GEN,
16377,GEN,
16378,GEN,
16379,SC,457
16380,GEN-EWS,2217
16381,GEN,
16382,GEN,
16383,OBC-NCL,4146
16384,GEN,
16385,GEN,
16386,GEN-EWS,2218
16387,GEN,
16388,GEN,
16389,GEN,
16390,GEN-EWS,2219
16391,OBC-NCL,4147
16392,GEN-EWS,2220
16393,GEN,
16394,GEN,
16395,GEN-EWS,2221
16396,GEN,
16397,OBC-NCL,4148
16398,GEN,
16399,GEN,
16399,GEN,
16401,GEN,
16402,GEN,
16403,OBC-NCL,4149
16404,GEN,
16405,GEN,
16406,GEN,
16407,GEN-EWS,2222
16408,OBC-NCL,4150
16409,GEN,
16410,GEN,
16411,GEN,
16412,GEN,
16413,GEN,
16414,GEN,
16415,GEN,
16416,OBC-NCL,4151
16417,OBC-NCL,4152
16418,GEN-EWS,2223
16419,GEN,
16420,GEN-EWS,2224
16421,GEN,
16422,GEN-EWS,2225
16423,GEN-EWS,2226
16424,GEN,
16425,OBC-NCL,4153
16426,GEN,
16427,GEN,
16428,GEN,
16429,OBC-NCL,4154
16430,GEN,
16431,GEN,
16432,OBC-NCL,4155
16433,OBC-NCL,4156
16434,GEN,
16435,OBC-NCL,4157
16436,OBC-NCL,4158
16437,OBC-NCL,4159
16438,GEN,
16439,OBC-NCL,4160
16440,OBC-NCL,4161
16441,GEN,
16442,GEN-EWS,2227
16443,OBC-NCL,4162
16444,GEN,
16445,OBC-NCL,4163
16446,GEN-EWS,2228
16447,ST,136
16448,GEN,
16449,GEN,
16450,GEN,
16451,OBC-NCL,4164
16452,OBC-NCL,4165
16453,OBC-NCL,4166
16454,OBC-NCL,4167
16455,GEN,
16456,OBC-NCL,4168
16457,GEN,
16458,GEN,
16459,GEN,
16460,GEN,
16461,OBC-NCL,4169
16462,GEN,
16463,OBC-NCL,4170
16464,GEN,
16465,GEN,
16466,OBC-NCL,4171
16467,GEN-EWS,2229
16468,GEN-EWS,2230
16469,OBC-NCL,4172
16470,GEN,
16471,OBC-NCL,4173
16472,GEN,
16473,OBC-NCL,4174
16474,OBC-NCL,4175
16475,GEN-EWS,2231
16476,OBC-NCL,4176
16477,GEN-EWS,2232
16478,OBC-NCL,4177
16479,GEN,
16480,GEN,
16481,OBC-NCL,4178
16482,GEN,
16483,OBC-NCL,4179
16484,GEN-EWS,2233
16485,OBC-NCL,4180
16486,GEN,
16487,GEN,
16488,OBC-NCL,4181
16489,OBC-NCL,4182
16490,GEN,
16491,GEN,
16492,SC,459
16493,OBC-NCL,4183
16494,GEN-EWS,2234
16495,OBC-NCL,4184
16496,GEN-EWS,2235
16497,GEN,
16498,GEN,
16499,OBC-NCL,4185
16500,SC,460
16501,OBC-NCL,4186
16502,GEN-EWS,2236
16503,GEN,
16504,GEN-EWS,2237
16505,OBC-NCL,4187
16506,GEN-EWS,2238
16507,GEN,
16508,OBC-NCL,4188
16509,GEN,
16510,GEN,
16511,GEN,
16512,GEN,
16513,OBC-NCL,4189
16514,OBC-NCL,4190
16515,GEN,
16516,GEN,
16517,GEN-EWS,2239
16518,GEN-EWS,2240
16519,GEN-EWS,2241
16520,OBC-NCL,4191
16521,OBC-NCL,4192
16522,OBC-NCL,4193
16523,GEN-EWS,2242
16524,OBC-NCL,4194
16525,GEN,
16526,GEN-EWS,2243
16527,OBC-NCL,4195
16528,GEN-EWS,2244
16529,GEN,
16530,OBC-NCL,4196
16531,GEN-EWS,2245
16532,OBC-NCL,4197
16533,GEN-EWS,2246
16534,GEN-EWS,2247
16535,OBC-NCL,4198
16536,GEN,
16537,OBC-NCL,4199
16538,SC,461
16539,GEN,
16540,GEN,
16541,GEN,
16542,GEN,
16543,GEN,
16544,GEN-EWS,2248
16545,GEN,
16546,GEN,
16547,OBC-NCL,4200
16548,GEN,
16549,GEN,
16550,GEN,
16551,GEN,
16552,OBC-NCL,4201
16553,OBC-NCL,4202
16554,OBC-NCL,4203
16555,GEN,
16556,GEN-EWS,2249
16557,GEN,
16558,GEN-EWS,2250
16559,GEN,
16560,OBC-NCL,4204
16561,GEN,
16562,GEN,
16563,GEN,
16564,GEN,
16565,GEN,
16566,GEN-EWS,2251
16567,GEN,
16568,GEN-EWS,2252
16569,GEN,
16570,GEN-EWS,2253
16571,GEN,
16572,GEN,
16573,SC,462
16574,GEN,
16575,GEN,
16576,GEN-EWS,2254
16577,OBC-NCL,4205
16578,GEN,
16579,GEN,
16580,SC,463
16581,GEN,
16582,OBC-NCL,4206
16583,OBC-NCL,4207
16584,OBC-NCL,4208
16585,SC,464
16586,GEN,
16587,GEN-EWS,2255
16588,OBC-NCL,4209
16589,OBC-NCL,4210
16590,OBC-NCL,4211
16591,GEN-EWS,2256
16592,GEN,
16593,GEN,
16594,GEN-EWS,2257
16595,GEN,
16596,GEN,
16597,OBC-NCL,4212
16598,GEN,
16599,GEN,
16600,GEN-EWS,2258
16601,GEN-EWS,2259
16602,GEN,
16603,GEN,
16604,OBC-NCL,4214
16605,OBC-NCL,4215
16606,OBC-NCL,4216
16607,GEN,
16608,GEN,
16609,GEN,
16610,GEN,
16611,GEN,
16612,GEN,
16613,GEN,
16614,GEN,
16615,GEN,
16616,GEN,
16617,GEN-EWS,2260
16618,GEN-EWS,2261
16619,OBC-NCL,4217
16620,GEN,
16621,GEN,
16622,GEN,
16623,GEN-EWS,2262
16624,GEN,
16625,GEN,
16626,GEN-EWS,2263
16627,GEN-EWS,2264
16628,OBC-NCL,4218
16629,GEN,
16630,GEN-EWS,2265
16631,GEN-EWS,2266
16632,GEN,
16633,GEN,
16634,GEN,
16635,GEN-EWS,2267
16636,GEN,
16637,OBC-NCL,4219
16638,GEN,
16639,GEN,
16640,GEN,
16641,GEN,
16642,GEN,
16643,GEN,
16644,OBC-NCL,4220
16645,OBC-NCL,4221
16646,OBC-NCL,4222
16647,GEN,
16648,GEN,
16649,GEN,
16650,GEN,
16651,OBC-NCL,4223
16652,OBC-NCL,4224
16653,OBC-NCL,4225
16654,GEN,
16655,GEN,
16656,GEN-EWS,2268
16657,GEN,
16658,GEN,
16659,GEN,
16660,GEN,
16661,GEN-EWS,2269
16662,GEN,
16663,GEN,
16664,GEN,
16665,OBC-NCL,4226
16666,GEN,
16667,GEN,
16668,OBC-NCL,4227
16669,GEN,
16670,GEN,
16671,OBC-NCL,4228
16672,GEN,
16673,GEN,
16674,OBC-NCL,4229
16675,GEN,
16676,OBC-NCL,4230
16677,GEN,
16678,ST,137
16679,GEN,
16680,GEN,
16681,GEN,
16682,GEN,
16683,OBC-NCL,4231
16684,OBC-NCL,4232
16685,OBC-NCL,4233
16686,GEN,
16687,GEN,
16688,OBC-NCL,4234
16689,GEN,
16690,GEN-EWS,2270
16691,GEN-EWS,2271
16692,GEN-EWS,2272
16693,GEN-EWS,2273
16694,OBC-NCL,4235
16695,OBC-NCL,4236
16696,OBC-NCL,4237
16697,GEN,
16698,GEN,
16699,GEN,
16700,GEN,
16701,SC,465
16702,GEN,
16703,GEN,
16704,GEN,
16705,GEN,
16705,GEN-EWS,2274
16707,GEN,
16708,OBC-NCL,4238
16709,GEN,
16710,GEN,
16711,GEN,
16712,GEN,
16713,GEN,
16714,GEN-EWS,2275
16715,GEN,
16716,OBC-NCL,4239
16717,GEN,
16718,SC,466
16719,GEN,
16720,OBC-NCL,4240
16721,OBC-NCL,4241
16722,GEN,
16723,GEN,
16724,GEN,
16725,GEN,
16726,OBC-NCL,4242
16727,GEN,
16728,GEN,
16729,OBC-NCL,4243
16730,OBC-NCL,4244
16731,OBC-NCL,4245
16732,OBC-NCL,4246
16733,GEN,
16734,GEN,
16735,OBC-NCL,4247
16736,GEN,
16737,OBC-NCL,4248
16738,OBC-NCL,4249
16739,GEN,
16740,GEN,
16741,OBC-NCL,4250
16742,GEN,
16743,OBC-NCL,4251
16744,GEN-EWS,2276
16745,GEN,
16746,OBC-NCL,4252
16747,GEN,
16748,OBC-NCL,4253
16749,GEN,
16750,GEN,
16751,GEN,
16752,GEN,
16753,GEN,
16754,GEN,
16755,OBC-NCL,4254
16756,GEN,
16757,GEN,
16758,SC,467
16759,OBC-NCL,4255
16760,OBC-NCL,4256
16761,OBC-NCL,4257
16762,GEN,
16763,OBC-NCL,4258
16764,GEN,
16765,GEN,
16766,GEN,
16767,OBC-NCL,4259
16768,GEN,
16769,GEN-EWS,2277
16770,GEN,
16771,OBC-NCL,4260
16772,OBC-NCL,4261
16773,GEN-EWS,2278
16774,GEN,
16775,OBC-NCL,4262
16776,GEN,
16776,OBC-NCL,4263
16778,GEN,
16779,GEN-EWS,2279
16780,GEN,
16780,GEN,
16782,GEN,
16783,GEN-EWS,2280
16784,GEN-EWS,2281
16785,OBC-NCL,4264
16786,GEN,
16786,GEN-EWS,2282
16788,GEN,
16789,GEN,
16790,OBC-NCL,4265
16791,OBC-NCL,4266
16792,GEN,
16793,GEN,
16794,GEN-EWS,2283
16795,OBC-NCL,4267
16796,GEN-EWS,2284
16797,GEN-EWS,2285
16798,GEN,
16799,GEN,
16800,GEN,
16801,GEN,
16802,GEN,
16803,OBC-NCL,4268
16804,GEN,
16805,GEN,
16806,GEN,
16807,GEN-EWS,2286
16808,GEN,
16809,OBC-NCL,4269
16810,OBC-NCL,4270
16811,GEN,
16812,GEN,
16813,GEN,
16814,GEN-EWS,2287
16815,GEN,
16816,GEN,
16817,OBC-NCL,4271
16818,GEN,
16819,OBC-NCL,4272
16820,GEN,
16821,GEN,
16822,OBC-NCL,4273
16823,GEN-EWS,2288
16824,OBC-NCL,4274
16825,GEN-EWS,2289
16826,OBC-NCL,4275
16827,OBC-NCL,4276
16828,GEN,
16829,GEN,
16830,OBC-NCL,4277
16831,GEN,
16832,OBC-NCL,4278
16833,GEN,
16834,GEN,
16835,GEN,
16836,GEN,
16837,GEN-EWS,2290
16838,GEN,
16839,OBC-NCL,4279
16840,GEN-EWS,2291
16841,OBC-NCL,4280
16842,OBC-NCL,4281
16843,GEN,
16844,SC,468
16845,OBC-NCL,4282
16846,GEN,
16847,OBC-NCL,4283
16848,GEN,
16849,GEN,
16850,GEN-EWS,2292
16851,GEN-EWS,2293
16852,GEN,
16852,GEN,
16854,GEN,
16855,GEN,
16856,GEN,
16857,OBC-NCL,4284
16858,OBC-NCL,4285
16859,OBC-NCL,4286
16860,GEN-EWS,2294
16861,GEN,
16862,SC,469
16863,OBC-NCL,4287
16864,GEN,
16865,OBC-NCL,4288
16866,GEN,
16867,GEN,
16868,GEN,
16869,OBC-NCL,4289
16870,OBC-NCL,4290
16871,OBC-NCL,4291
16872,OBC-NCL,4292
16873,GEN,
16874,GEN-EWS,2296
16875,GEN-EWS,2297
16876,OBC-NCL,4293
16877,GEN,
16878,OBC-NCL,4294
16879,GEN,
16880,GEN-EWS,2298
16881,ST,138
16882,GEN,
16883,GEN,
16884,GEN,
16885,GEN,
16886,OBC-NCL,4295
16887,GEN-EWS,2299
16888,GEN,
16889,OBC-NCL,4296
16890,GEN,
16891,GEN-EWS,2300
16892,GEN-EWS,2301
16893,GEN,
16894,GEN,
16895,GEN,
16896,GEN-EWS,2302
16897,GEN,
16898,OBC-NCL,4297
16899,SC,470
16900,SC,471
16901,OBC-NCL,4298
16902,OBC-NCL,4299
16903,GEN,
16904,GEN,
16905,GEN,
16906,GEN,
16907,OBC-NCL,4300
16908,OBC-NCL,4301
16909,OBC-NCL,4302
16910,GEN,
16911,GEN-EWS,2303
16912,OBC-NCL,4303
16913,GEN,
16914,GEN-EWS,2304
16915,GEN-EWS,2305
16916,OBC-NCL,4304
16917,OBC-NCL,4305
16918,GEN,
16919,OBC-NCL,4306
16920,GEN-EWS,2306
16921,GEN,
16922,OBC-NCL,4307
16923,GEN-EWS,2307
16924,OBC-NCL,4308
16925,OBC-NCL,4309
16926,GEN-EWS,2308
16927,GEN-EWS,2309
16928,GEN,
16929,GEN-EWS,2310
16930,GEN,
16931,OBC-NCL,4310
16932,SC,472
16933,OBC-NCL,4311
16934,OBC-NCL,4312
16935,GEN,
16935,GEN,
16937,OBC-NCL,4313
16938,OBC-NCL,4314
16939,OBC-NCL,4315
16940,GEN,
16941,GEN,
16941,OBC-NCL,4316
16943,OBC-NCL,4317
16944,GEN,
16945,SC,473
16946,OBC-NCL,4318
16947,GEN,
16948,OBC-NCL,4319
16949,GEN,
16950,OBC-NCL,4320
16951,GEN,
16952,OBC-NCL,4321
16953,OBC-NCL,4322
16954,GEN,
16955,GEN,
16956,OBC-NCL,4323
16957,GEN,
16958,GEN-EWS,2311
16959,GEN,
16960,GEN,
16961,GEN,
16962,GEN-EWS,2312
16963,OBC-NCL,4324
16964,ST,139
16965,GEN,
16966,OBC-NCL,4325
16967,GEN,
16968,GEN-EWS,2313
16969,GEN-EWS,2314
16970,GEN,
16971,GEN-EWS,2315
16972,GEN,
16973,GEN,
16974,OBC-NCL,4326
16975,GEN,
16976,GEN,
16977,OBC-NCL,4327
16978,SC,474
16979,OBC-NCL,4328
16980,GEN,
16981,GEN,
16982,GEN,
16983,GEN,
16984,OBC-NCL,4329
16985,GEN,
16986,GEN,
16987,OBC-NCL,4330
16988,OBC-NCL,4331
16989,GEN-EWS,2316
16990,OBC-NCL,4332
16991,GEN,
16992,OBC-NCL,4333
16993,OBC-NCL,4334
16994,GEN,
16995,GEN,
16996,GEN,
16997,OBC-NCL,4335
16998,OBC-NCL,4336
16999,GEN-EWS,2317
17000,GEN-EWS,2318
17001,GEN,
17002,OBC-NCL,4337
17003,GEN-EWS,2319
17004,GEN-EWS,2320
17005,GEN-EWS,2321
17006,GEN-EWS,2322
17007,OBC-NCL,4338
17008,OBC-NCL,4339
17009,OBC-NCL,4340
17010,GEN,
17011,GEN,
17012,GEN,
17013,GEN,
17014,OBC-NCL,4341
17015,GEN,
17016,GEN-EWS,2323
17017,GEN-EWS,2324
17018,OBC-NCL,4342
17019,GEN,
17020,GEN-EWS,2325
17021,GEN,
17022,GEN-EWS,2326
17023,GEN-EWS,2327
17024,GEN,
17025,OBC-NCL,4343
17026,GEN-EWS,2328
17027,GEN,
17028,GEN-EWS,2329
17029,OBC-NCL,4344
17030,GEN,
17031,GEN-EWS,2330
17032,OBC-NCL,4345
17033,GEN,
17034,GEN,
17035,OBC-NCL,4346
17036,GEN,
17037,GEN,
17038,GEN,
17039,OBC-NCL,4347
17040,GEN,
17041,OBC-NCL,4348
17042,GEN-EWS,2331
17043,OBC-NCL,4349
17044,GEN,
17045,GEN,
17046,GEN-EWS,2332
17047,GEN,
17048,GEN,
17049,OBC-NCL,4350
17050,GEN,
17051,GEN,
17052,OBC-NCL,4351
17053,SC,475
17054,OBC-NCL,4352
17055,GEN,
17056,GEN-EWS,2333
17057,GEN,
17058,GEN,
17059,GEN,
17060,GEN-EWS,2334
17061,GEN,
17062,GEN,
17063,GEN-EWS,2335
17064,OBC-NCL,4353
17065,GEN,
17066,GEN,
17067,OBC-NCL,4354
17068,GEN,
17069,OBC-NCL,4355
17070,OBC-NCL,4356
17071,GEN,
17072,OBC-NCL,4357
17073,GEN,
17074,OBC-NCL,4358
17075,GEN,
17076,GEN,
17077,GEN,
17078,GEN-EWS,2336
17079,GEN,
17080,OBC-NCL,4359
17081,GEN,
17082,GEN,
17083,GEN,
17084,GEN,
17085,GEN,
17086,GEN-EWS,2337
17087,GEN,
17088,GEN-EWS,2338
17089,GEN,
17090,OBC-NCL,4360
17091,OBC-NCL,4361
17092,GEN,
17093,GEN,
17094,GEN,
17095,GEN,
17096,GEN,
17097,GEN,
17098,GEN-EWS,2339
17099,GEN,
17100,GEN,
17101,GEN,
17102,GEN,
17103,GEN,
17104,GEN,
17105,GEN,
17106,GEN-EWS,2340
17107,GEN,
17108,OBC-NCL,4362
17109,GEN,
17110,GEN,
17111,OBC-NCL,4363
17112,GEN-EWS,2341
17113,GEN,
17114,OBC-NCL,4364
17115,OBC-NCL,4365
17116,GEN,
17117,GEN,
17118,GEN-EWS,2342
17119,GEN,
17120,OBC-NCL,4366
17121,GEN,
17122,OBC-NCL,4367
17123,GEN,
17124,OBC-NCL,4368
17125,GEN,
17126,GEN,
17127,OBC-NCL,4369
17128,OBC-NCL,4370
17129,GEN,
17130,GEN,
17131,GEN-EWS,2343
17132,GEN,
17133,OBC-NCL,4371
17134,GEN-EWS,2344
17135,GEN-EWS,2345
17136,OBC-NCL,4372
17137,GEN-EWS,2346
17138,GEN,
17139,OBC-NCL,4373
17140,GEN,
17141,OBC-NCL,4374
17142,OBC-NCL,4375
17143,OBC-NCL,4376
17144,GEN,
17145,GEN-EWS,2347
17146,GEN,
17147,OBC-NCL,4377
17148,OBC-NCL,4378
17149,OBC-NCL,4379
17150,GEN-EWS,2348
17151,GEN,
17152,GEN,
17153,OBC-NCL,4380
17154,GEN,
17155,GEN,
17156,GEN,
17157,OBC-NCL,4381
17158,GEN,
17159,OBC-NCL,4382
17160,GEN,
17161,GEN,
17162,OBC-NCL,4383
17163,GEN,
17164,OBC-NCL,4384
17165,GEN,
17166,OBC-NCL,4385
17167,GEN,
17168,OBC-NCL,4386
17169,OBC-NCL,4387
17170,GEN-EWS,2349
17171,GEN-EWS,2350
17172,GEN-EWS,2351
17173,GEN,
17174,GEN,
17175,GEN,
17176,OBC-NCL,4388
17177,GEN,
17178,GEN,
17179,GEN,
17180,OBC-NCL,4389
17181,OBC-NCL,4390
17182,GEN,
17183,GEN-EWS,2352
17184,GEN,
17185,OBC-NCL,4391
17186,GEN,
17187,GEN-EWS,2353
17188,GEN,
17189,GEN-EWS,2354
17190,GEN,
17191,GEN,
17192,GEN-EWS,2355
17193,GEN-EWS,2356
17194,GEN,
17195,GEN,
17196,OBC-NCL,4392
17197,GEN,
17198,OBC-NCL,4393
17199,OBC-NCL,4394
17200,GEN,
17201,SC,476
17202,GEN-EWS,2357
17203,GEN,
17204,OBC-NCL,4395
17205,OBC-NCL,4396
17206,GEN,
17207,GEN,
17208,OBC-NCL,4397
17209,GEN,
17210,GEN,
17211,OBC-NCL,4398
17212,GEN,
17213,GEN,
17214,GEN,
17215,GEN-EWS,2358
17216,OBC-NCL,4399
17217,GEN-EWS,2359
17218,GEN,
17219,SC,477
17220,OBC-NCL,4400
17221,GEN,
17222,OBC-NCL,4401
17223,GEN,
17224,OBC-NCL,4402
17225,GEN,
17226,GEN,
17226,GEN,
17228,GEN,
17229,GEN,
17230,GEN,
17231,GEN,
17232,OBC-NCL,4403
17233,OBC-NCL,4404
17234,GEN-EWS,2360
17235,GEN,
17236,GEN,
17237,GEN,
17238,OBC-NCL,4405
17239,GEN,
17240,GEN,
17241,GEN-EWS,2361
17242,OBC-NCL,4406
17243,OBC-NCL,4407
17244,GEN,
17245,OBC-NCL,4408
17246,OBC-NCL,4409
17247,GEN,
17248,GEN,
17249,GEN,
17250,OBC-NCL,4410
17251,GEN,
17252,OBC-NCL,4411
17253,GEN,
17254,OBC-NCL,4412
17255,GEN,
17256,GEN,
17257,GEN,
17258,OBC-NCL,4413
17259,GEN,
17260,GEN,
17261,OBC-NCL,4414
17262,GEN-EWS,2362
17263,GEN,
17264,GEN-EWS,2363
17265,GEN,
17266,GEN-EWS,2364
17267,OBC-NCL,4415
17268,GEN,
17269,GEN-EWS,2365
17270,OBC-NCL,4416
17271,GEN,
17272,GEN,
17273,GEN,
17274,GEN,
17275,GEN,
17276,OBC-NCL,4417
17277,GEN,
17278,SC,479
17279,GEN,
17280,OBC-NCL,4418
17281,OBC-NCL,4419
17282,GEN,
17283,OBC-NCL,4420
17284,OBC-NCL,4421
17285,GEN-EWS,2366
17286,OBC-NCL,4422
17287,GEN,
17288,OBC-NCL,4423
17289,GEN,
17290,GEN,
17291,GEN,
17292,GEN,
17293,SC,480
17294,OBC-NCL,4424
17295,GEN-EWS,2367
17296,GEN,
17297,GEN-EWS,2368
17298,GEN-EWS,2369
17299,OBC-NCL,4425
17300,OBC-NCL,4426
17301,GEN,
17301,OBC-NCL,4427
17303,GEN,
17304,GEN,
17305,GEN,
17306,GEN,
17307,GEN,
17308,OBC-NCL,4428
17309,OBC-NCL,4429
17310,OBC-NCL,4430
17311,GEN-EWS,2370
17312,GEN,
17313,GEN,
17314,GEN-EWS,2371
17315,OBC-NCL,4431
17316,OBC-NCL,4432
17317,GEN,
17318,GEN-EWS,2372
17319,GEN,
17320,GEN,
17321,GEN,
17322,OBC-NCL,4433
17323,OBC-NCL,4434
17324,GEN,
17325,GEN-EWS,2373
17326,GEN,
17327,ST,140
17328,GEN,
17329,GEN-EWS,2374
17330,OBC-NCL,4435
17331,OBC-NCL,4436
17332,OBC-NCL,4437
17333,GEN,
17334,GEN,
17335,OBC-NCL,4438
17336,GEN,
17337,OBC-NCL,4439
17338,GEN,
17339,GEN-EWS,2375
17340,GEN,
17341,GEN-EWS,2376
17342,GEN,
17343,OBC-NCL,4440
17344,GEN-EWS,2377
17345,OBC-NCL,4441
17346,GEN,
17346,GEN,
17348,OBC-NCL,4442
17349,GEN-EWS,2378
17350,OBC-NCL,4443
17351,GEN,
17352,GEN,
17353,GEN,
17354,OBC-NCL,4444
17355,GEN-EWS,2379
17356,GEN,
17357,GEN,
17358,GEN,
17359,GEN,
17360,GEN,
17361,GEN,
17362,GEN,
17363,OBC-NCL,4445
17364,OBC-NCL,4446
17365,OBC-NCL,4447
17366,GEN,
17367,GEN-EWS,2380
17368,OBC-NCL,4448
17369,GEN-EWS,2381
17370,OBC-NCL,4449
17371,GEN,
17372,GEN,
17373,GEN,
17374,GEN,
17375,OBC-NCL,4450
17376,GEN,
17377,GEN,
17378,OBC-NCL,4451
17379,GEN,
17380,OBC-NCL,4452
17381,GEN,
17382,OBC-NCL,4453
17383,OBC-NCL,4454
17384,OBC-NCL,4455
17385,GEN,
17386,GEN-EWS,2382
17387,GEN,
17388,GEN,
17389,OBC-NCL,4456
17390,GEN,
17391,GEN,
17392,GEN,
17393,GEN-EWS,2383
17394,OBC-NCL,4457
17395,GEN,
17396,ST,141
17397,GEN-EWS,2384
17398,GEN,
17399,GEN-EWS,2385
17400,OBC-NCL,4458
17401,OBC-NCL,4459
17402,OBC-NCL,4460
17403,GEN,
17404,GEN,
17405,GEN-EWS,2386
17406,SC,481
17407,GEN-EWS,2387
17408,GEN,
17409,GEN,
17410,GEN,
17411,GEN,
17412,GEN-EWS,2388
17413,GEN,
17414,GEN-EWS,2389
17415,OBC-NCL,4461
17416,OBC-NCL,4462
17417,GEN,
17418,GEN,
17419,GEN,
17420,GEN,
17420,OBC-NCL,4463
17422,OBC-NCL,4464
17423,GEN,
17424,GEN,
17425,GEN,
17426,GEN-EWS,2390
17427,GEN,
17428,GEN,
17429,OBC-NCL,4465
17430,GEN,
17431,GEN,
17432,OBC-NCL,4466
17433,OBC-NCL,4467
17434,GEN,
17435,OBC-NCL,4468
17436,GEN,
17437,OBC-NCL,4469
17438,GEN,
17439,GEN,
17440,OBC-NCL,4470
17441,OBC-NCL,4471
17442,OBC-NCL,4472
17443,GEN-EWS,2391
17444,GEN,
17445,GEN,
17446,GEN,
17447,GEN,
17448,OBC-NCL,4473
17449,OBC-NCL,4474
17450,GEN,
17451,GEN-EWS,2392
17452,GEN-EWS,2393
17453,GEN,
17454,OBC-NCL,4475
17455,OBC-NCL,4476
17456,GEN-EWS,2394
17457,OBC-NCL,4477
17458,GEN-EWS,2395
17459,GEN-EWS,2396
17460,OBC-NCL,4478
17461,GEN,
17462,OBC-NCL,4479
17463,GEN-EWS,2397
17464,GEN,
17465,SC,482
17466,OBC-NCL,4480
17467,OBC-NCL,4481
17468,OBC-NCL,4482
17469,GEN,
17470,GEN,
17471,GEN-EWS,2398
17472,GEN,
17473,OBC-NCL,4483
17474,GEN,
17475,GEN-EWS,2399
17476,SC,483
17477,GEN,
17478,GEN,
17479,GEN,
17480,GEN-EWS,2400
17481,GEN-EWS,2401
17482,GEN,
17483,OBC-NCL,4484
17484,OBC-NCL,4485
17485,OBC-NCL,4486
17486,GEN,
17487,OBC-NCL,4487
17488,GEN-EWS,2402
17489,GEN-EWS,2403
17490,OBC-NCL,4488
17491,GEN,
17492,OBC-NCL,4489
17493,OBC-NCL,4490
17494,GEN,
17495,OBC-NCL,4491
17496,GEN-EWS,2404
17497,GEN,
17498,GEN,
17499,OBC-NCL,4492
17500,OBC-NCL,4493
17501,GEN-EWS,2405
17502,OBC-NCL,4494
17503,ST,142
17504,ST,143
17505,OBC-NCL,4495
17506,GEN,
17507,GEN,
17508,GEN,
17509,OBC-NCL,4496
17510,GEN,
17511,OBC-NCL,4497
17512,OBC-NCL,4498
17513,OBC-NCL,4499
17514,GEN,
17515,GEN,
17516,SC,484
17517,GEN,
17518,GEN-EWS,2406
17519,GEN,
17520,GEN,
17521,GEN,
17522,GEN-EWS,2407
17523,GEN,
17524,GEN,
17525,GEN,
17526,GEN,
17527,OBC-NCL,4500
17528,GEN-EWS,2408
17529,GEN,
17530,GEN,
17531,GEN,
17532,GEN,
17533,GEN,
17534,OBC-NCL,4501
17535,GEN,
17536,GEN,
17537,GEN,
17538,GEN,
17539,GEN-EWS,2409
17540,GEN,
17541,GEN,
17542,GEN,
17543,OBC-NCL,4502
17544,GEN,
17545,GEN-EWS,2410
17546,OBC-NCL,4503
17547,GEN-EWS,2411
17548,GEN-EWS,2412
17549,GEN,
17550,OBC-NCL,4504
17551,OBC-NCL,4505
17552,GEN,
17553,GEN,
17554,OBC-NCL,4506
17555,GEN,
17556,GEN,
17557,GEN,
17558,GEN,
17559,GEN-EWS,2413
17560,GEN,
17561,GEN,
17562,GEN,
17563,OBC-NCL,4507
17564,GEN,
17565,GEN,
17566,GEN,
17567,GEN,
17568,GEN,
17569,OBC-NCL,4508
17570,GEN-EWS,2414
17571,GEN,
17572,GEN,
17573,GEN-EWS,2415
17574,GEN,
17575,GEN,
17576,OBC-NCL,4509
17577,ST,144
17578,GEN,
17579,OBC-NCL,4510
17580,OBC-NCL,4511
17581,GEN,
17582,GEN,
17583,OBC-NCL,4512
17584,GEN,
17585,OBC-NCL,4513
17586,OBC-NCL,4514
17587,SC,485
17588,GEN,
17589,GEN-EWS,2416
17590,GEN,
17591,GEN,
17592,GEN,
17593,GEN,
17594,OBC-NCL,4515
17595,GEN-EWS,2417
17596,GEN,
17597,OBC-NCL,4516
17598,GEN,
17599,OBC-NCL,4517
17600,GEN,
17601,GEN,
17602,OBC-NCL,4518
17603,SC,486
17604,GEN-EWS,2418
17605,GEN,
17606,GEN,
17607,GEN,
17608,GEN,
17609,OBC-NCL,4519
17610,GEN,
17611,GEN,
17612,OBC-NCL,4520
17613,GEN-EWS,2419
17614,OBC-NCL,4521
17615,OBC-NCL,4522
17616,GEN,
17617,OBC-NCL,4523
17618,GEN-EWS,2420
17619,GEN,
17620,GEN-EWS,2421
17621,GEN,
17622,OBC-NCL,4524
17623,GEN,
17624,GEN,
17625,GEN,
17626,GEN,
17627,GEN,
17628,GEN,
17629,GEN,
17630,GEN,
17631,GEN,
17632,GEN-EWS,2422
17633,SC,488
17634,GEN,
17635,GEN,
17636,GEN,
17636,OBC-NCL,4525
17638,GEN,
17639,SC,489
17640,GEN,
17641,OBC-NCL,4526
17642,GEN,
17643,GEN-EWS,2423
17644,OBC-NCL,4527
17645,GEN,
17646,GEN-EWS,2424
17647,GEN,
17648,GEN,
17649,OBC-NCL,4528
17650,OBC-NCL,4529
17651,OBC-NCL,4530
17652,GEN,
17653,GEN,
17654,OBC-NCL,4531
17655,GEN-EWS,2425
17656,GEN,
17657,GEN-EWS,2426
17658,GEN-EWS,2427
17659,GEN,
17660,GEN,
17661,OBC-NCL,4532
17662,OBC-NCL,4533
17663,GEN,
17664,OBC-NCL,4534
17665,GEN,
17666,OBC-NCL,4535
17667,SC,490
17668,GEN,
17669,OBC-NCL,4536
17670,OBC-NCL,4537
17671,GEN,
17672,GEN,
17673,GEN,
17674,OBC-NCL,4538
17675,GEN,
17676,OBC-NCL,4539
17677,GEN-EWS,2428
17678,GEN,
17679,OBC-NCL,4540
17680,GEN,
17681,GEN-EWS,2429
17682,GEN-EWS,2430
17683,GEN,
17684,OBC-NCL,4541
17685,GEN,
17686,GEN-EWS,2431
17687,GEN,
17688,GEN-EWS,2432
17689,GEN-EWS,2433
17690,OBC-NCL,4542
17691,GEN-EWS,2434
17692,GEN,
17693,GEN,
17694,OBC-NCL,4543
17695,OBC-NCL,4544
17696,GEN,
17697,OBC-NCL,4545
17698,GEN-EWS,2435
17699,GEN-EWS,2436
17700,GEN,
17701,OBC-NCL,4546
17702,GEN,
17703,OBC-NCL,4547
17704,GEN,
17705,OBC-NCL,4548
17706,GEN,
17707,GEN-EWS,2437
17708,OBC-NCL,4549
17709,OBC-NCL,4550
17710,GEN,
17711,GEN-EWS,2438
17712,OBC-NCL,4551
17713,OBC-NCL,4552
17714,OBC-NCL,4553
17715,GEN-EWS,2439
17716,OBC-NCL,4554
17717,OBC-NCL,4555
17718,OBC-NCL,4556
17719,SC,491
17720,OBC-NCL,4557
17721,OBC-NCL,4558
17722,OBC-NCL,4559
17723,GEN,
17724,OBC-NCL,4560
17725,GEN,
17726,OBC-NCL,4561
17727,GEN-EWS,2440
17728,GEN,
17729,GEN,
17730,GEN,
17731,GEN,
17732,ST,145
17733,GEN,
17734,OBC-NCL,4562
17735,OBC-NCL,4563
17736,GEN,
17737,OBC-NCL,4564
17738,OBC-NCL,4565
17739,GEN,
17740,GEN,
17741,GEN,
17742,GEN,
17743,GEN-EWS,2441
17744,GEN,
17745,GEN,
17745,GEN,
17747,GEN,
17748,OBC-NCL,4566
17749,OBC-NCL,4567
17750,GEN-EWS,2442
17751,GEN-EWS,2443
17752,OBC-NCL,4568
17753,GEN,
17754,GEN,
17755,GEN,
17756,OBC-NCL,4569
17757,GEN,
17757,GEN,
17759,OBC-NCL,4570
17760,GEN,
17761,GEN,
17762,GEN,
17763,OBC-NCL,4571
17764,GEN,
17765,GEN-EWS,2444
17766,GEN,
17767,GEN,
17768,GEN,
17769,OBC-NCL,4572
17770,GEN,
17770,GEN,
17772,GEN,
17773,OBC-NCL,4573
17774,OBC-NCL,4574
17775,OBC-NCL,4575
17776,GEN,
17777,GEN,
17778,GEN,
17779,GEN,
17780,GEN-EWS,2446
17781,OBC-NCL,4576
17782,OBC-NCL,4577
17783,GEN-EWS,2447
17784,OBC-NCL,4578
17785,GEN,
17786,GEN,
17787,GEN,
17788,ST,146
17789,GEN,
17790,OBC-NCL,4579
17791,GEN-EWS,2448
17792,GEN,
17793,OBC-NCL,4580
17794,SC,492
17795,GEN,
17796,OBC-NCL,4581
17797,GEN,
17798,GEN,
17799,ST,147
17800,OBC-NCL,4582
17801,OBC-NCL,4583
17802,GEN,
17803,GEN,
17804,SC,493
17805,SC,494
17806,GEN,
17807,GEN-EWS,2449
17808,GEN,
17809,GEN,
17810,GEN,
17811,GEN,
17812,SC,495
17813,GEN-EWS,2450
17814,OBC-NCL,4586
17815,GEN,
17816,GEN,
17817,GEN-EWS,2451
17818,GEN,
17819,GEN,
17820,OBC-NCL,4587
17821,GEN,
17822,GEN,
17823,GEN,
17824,OBC-NCL,4588
17825,OBC-NCL,4589
17826,GEN-EWS,2452
17827,GEN,
17828,OBC-NCL,4590
17829,GEN,
17830,GEN-EWS,2453
17831,GEN,
17832,OBC-NCL,4591
17833,GEN,
17834,OBC-NCL,4592
17835,GEN,
17836,OBC-NCL,4593
17837,OBC-NCL,4594
17838,GEN-EWS,2454
17839,GEN,
17840,ST,148
17841,GEN,
17842,GEN,
17843,GEN-EWS,2455
17844,GEN,
17845,GEN,
17846,GEN,
17847,GEN-EWS,2456
17848,GEN,
17849,OBC-NCL,4596
17850,GEN-EWS,2457
17851,GEN,
17852,GEN,
17853,GEN,
17854,GEN,
17855,OBC-NCL,4597
17856,GEN,
17857,GEN,
17858,GEN,
17858,GEN-EWS,2458
17860,GEN-EWS,2459
17861,GEN,
17862,OBC-NCL,4598
17863,GEN,
17864,OBC-NCL,4599
17865,GEN-EWS,2460
17866,GEN,
17867,GEN,
17868,OBC-NCL,4600
17869,GEN,
17870,GEN,
17871,GEN,
17872,GEN,
17873,GEN,
17874,GEN-EWS,2461
17875,GEN-EWS,2462
17876,OBC-NCL,4601
17877,GEN,
17878,GEN,
17879,GEN,
17880,OBC-NCL,4602
17881,OBC-NCL,4603
17882,GEN-EWS,2463
17883,OBC-NCL,4604
17884,SC,497
17885,OBC-NCL,4605
17886,GEN,
17887,OBC-NCL,4606
17888,GEN,
17889,GEN,
17890,GEN,
17891,GEN,
17892,GEN,
17893,GEN-EWS,2464
17894,GEN,
17895,GEN,
17896,GEN,
17897,OBC-NCL,4607
17898,GEN,
17899,SC,498
17900,OBC-NCL,4608
17901,GEN,
17902,GEN,
17903,OBC-NCL,4609
17904,OBC-NCL,4610
17905,GEN,
17906,OBC-NCL,4611
17907,OBC-NCL,4612
17908,GEN,
17909,OBC-NCL,4613
17910,OBC-NCL,4614
17911,GEN,
17912,OBC-NCL,4615
17913,OBC-NCL,4616
17914,GEN,
17915,GEN-EWS,2465
17916,OBC-NCL,4617
17917,OBC-NCL,4618
17918,OBC-NCL,4619
17919,GEN,
17920,SC,499
17921,OBC-NCL,4620
17922,GEN-EWS,2466
17923,GEN,
17924,GEN-EWS,2467
17925,GEN,
17926,GEN,
17927,GEN,
17928,OBC-NCL,4621
17929,GEN,
17930,GEN-EWS,2468
17931,OBC-NCL,4622
17932,OBC-NCL,4623
17933,GEN-EWS,2469
17934,GEN,
17935,GEN,
17936,OBC-NCL,4624
17937,SC,500
17938,OBC-NCL,4625
17939,OBC-NCL,4626
17940,GEN,
17941,OBC-NCL,4627
17942,GEN,
17943,OBC-NCL,4628
17944,OBC-NCL,4629
17945,OBC-NCL,4630
17946,OBC-NCL,4631
17947,GEN,
17948,GEN-EWS,2470
17949,GEN-EWS,2471
17950,OBC-NCL,4632
17951,GEN,
17952,GEN,
17953,OBC-NCL,4633
17954,OBC-NCL,4634
17955,OBC-NCL,4635
17956,GEN,
17957,OBC-NCL,4636
17958,GEN-EWS,2472
17959,GEN,
17960,GEN,
17961,ST,149
17962,GEN,
17963,OBC-NCL,4637
17964,OBC-NCL,4638
17965,GEN,
17966,OBC-NCL,4639
17967,OBC-NCL,4640
17968,OBC-NCL,4641
17969,GEN,
17970,GEN,
17971,OBC-NCL,4642
17972,GEN,
17973,GEN,
17974,GEN,
17975,OBC-NCL,4643
17976,GEN-EWS,2474
17977,OBC-NCL,4644
17978,SC,501
17979,OBC-NCL,4645
17980,GEN-EWS,2475
17981,GEN-EWS,2476
17982,GEN,
17983,GEN,
17984,OBC-NCL,4646
17985,SC,502
17986,GEN,
17987,GEN,
17988,OBC-NCL,4647
17989,OBC-NCL,4648
17990,GEN,
17991,GEN-EWS,2477
17992,GEN,
17993,OBC-NCL,4649
17994,GEN,
17995,OBC-NCL,4650
17996,GEN,
17997,OBC-NCL,4651
17998,GEN,
17999,GEN,
18000,GEN,
18001,GEN,
18002,GEN,
18003,GEN,
18004,GEN,
18005,OBC-NCL,4652
18006,GEN,
18007,GEN,
18008,OBC-NCL,4653
18009,OBC-NCL,4654
18010,OBC-NCL,4655
18011,OBC-NCL,4656
18012,OBC-NCL,4657
18013,GEN,
18014,GEN,
18015,GEN,
18016,GEN,
18017,GEN,
18018,GEN-EWS,2478
18019,GEN-EWS,2479
18020,SC,503
18021,GEN,
18022,OBC-NCL,4658
18023,GEN,
18024,GEN,
18025,GEN,
18026,OBC-NCL,4659
18027,GEN-EWS,2480
18028,GEN,
18029,GEN,
18030,GEN-EWS,2481
18031,GEN,
18032,GEN,
18033,GEN-EWS,2482
18034,OBC-NCL,4660
18035,GEN,
18036,OBC-NCL,4661
18037,GEN-EWS,2483
18038,GEN,
18039,GEN,
18040,OBC-NCL,4662
18041,GEN,
18042,GEN,
18043,GEN,
18044,GEN,
18045,OBC-NCL,4663
18046,GEN,
18047,GEN,
18048,GEN,
18049,GEN,
18050,GEN,
18051,ST,150
18052,OBC-NCL,4664
18053,SC,504
18054,OBC-NCL,4665
18055,GEN,
18056,OBC-NCL,4666
18057,OBC-NCL,4667
18058,GEN,
18059,GEN,
18060,GEN,
18061,GEN,
18062,GEN,
18063,GEN,
18064,GEN,
18065,GEN,
18066,OBC-NCL,4668
18067,GEN,
18068,GEN,
18069,GEN,
18070,GEN,
18071,GEN-EWS,2484
18072,GEN,
18073,GEN,
18074,GEN,
18075,GEN,
18076,GEN,
18076,GEN-EWS,2485
18078,OBC-NCL,4669
18079,OBC-NCL,4670
18080,GEN,
18081,GEN,
18082,GEN,
18083,OBC-NCL,4671
18084,GEN-EWS,2486
18085,OBC-NCL,4672
18086,GEN,
18087,GEN,
18088,GEN-EWS,2487
18089,GEN-EWS,2488
18090,GEN-EWS,2489
18091,OBC-NCL,4673
18092,OBC-NCL,4674
18093,OBC-NCL,4675
18094,GEN,
18095,OBC-NCL,4676
18096,OBC-NCL,4677
18097,OBC-NCL,4678
18098,GEN,
18099,OBC-NCL,4679
18100,GEN,
18101,GEN-EWS,2490
18102,GEN,
18103,GEN,
18104,GEN,
18105,GEN-EWS,2491
18106,OBC-NCL,4680
18107,GEN,
18108,GEN,
18109,OBC-NCL,4681
18110,GEN-EWS,2492
18111,GEN,
18112,SC,505
18113,GEN,
18114,ST,151
18115,ST,152
18116,GEN,
18117,GEN,
18118,OBC-NCL,4682
18119,GEN,
18120,GEN,
18121,OBC-NCL,4683
18122,GEN-EWS,2493
18123,GEN,
18124,GEN,
18125,GEN,
18126,OBC-NCL,4684
18127,OBC-NCL,4685
18128,OBC-NCL,4686
18129,GEN,
18130,GEN,
18131,GEN,
18132,OBC-NCL,4687
18133,GEN,
18134,GEN,
18135,OBC-NCL,4688
18136,GEN-EWS,2494
18137,GEN,
18138,OBC-NCL,4689
18139,GEN-EWS,2495
18140,GEN,
18141,GEN-EWS,2496
18142,OBC-NCL,4690
18143,OBC-NCL,4691
18144,GEN-EWS,2497
18145,OBC-NCL,4692
18146,GEN,
18147,GEN,
18148,OBC-NCL,4693
18149,GEN,
18150,GEN-EWS,2498
18151,GEN,
18152,GEN,
18153,GEN,
18154,GEN,
18155,GEN,
18156,GEN,
18156,GEN,
18158,GEN,
18159,OBC-NCL,4694
18160,OBC-NCL,4695
18161,GEN,
18162,GEN,
18163,OBC-NCL,4696
18164,GEN,
18165,GEN,
18166,OBC-NCL,4697
18167,GEN,
18168,GEN,
18169,GEN,
18170,GEN,
18171,OBC-NCL,4698
18172,GEN,
18173,OBC-NCL,4699
18174,GEN,
18175,GEN,
18176,GEN,
18177,OBC-NCL,4700
18178,OBC-NCL,4701
18179,GEN-EWS,2499
18180,OBC-NCL,4702
18181,GEN-EWS,2500
18182,GEN,
18183,OBC-NCL,4703
18184,OBC-NCL,4704
18185,OBC-NCL,4705
18186,OBC-NCL,4706
18187,GEN-EWS,2501
18188,OBC-NCL,4707
18189,OBC-NCL,4708
18190,OBC-NCL,4709
18191,GEN,
18192,OBC-NCL,4710
18193,GEN,
18194,OBC-NCL,4711
18195,OBC-NCL,4712
18196,GEN-EWS,2502
18197,GEN-EWS,2503
18198,GEN,
18199,GEN,
18200,GEN,
18201,GEN-EWS,2504
18202,OBC-NCL,4714
18203,GEN,
18204,GEN-EWS,2505
18205,ST,153
18206,GEN,
18207,GEN-EWS,2506
18208,GEN,
18209,GEN,
18210,GEN,
18211,GEN-EWS,2507
18212,GEN,
18213,GEN,
18214,OBC-NCL,4715
18215,GEN,
18216,GEN,
18217,OBC-NCL,4716
18218,GEN,
18219,GEN,
18220,SC,506
18221,GEN,
18222,OBC-NCL,4717
18223,GEN,
18224,SC,507
18225,GEN,
18226,OBC-NCL,4718
18227,OBC-NCL,4719
18228,GEN,
18229,GEN,
18230,SC,508
18231,GEN,
18232,GEN-EWS,2508
18233,SC,509
18234,GEN-EWS,2509
18235,GEN,
18236,OBC-NCL,4720
18237,GEN,
18238,GEN,
18239,OBC-NCL,4721
18240,GEN,
18241,GEN,
18242,OBC-NCL,4722
18243,GEN-EWS,2510
18244,GEN-EWS,2511
18245,GEN-EWS,2512
18246,GEN,
18247,GEN,
18248,OBC-NCL,4723
18249,GEN-EWS,2513
18250,GEN-EWS,2514
18251,OBC-NCL,4724
18252,GEN,
18253,OBC-NCL,4725
18254,OBC-NCL,4726
18255,GEN,
18256,OBC-NCL,4727
18257,OBC-NCL,4728
18258,GEN,
18259,GEN-EWS,2515
18260,OBC-NCL,4729
18261,SC,510
18262,OBC-NCL,4730
18263,GEN,
18264,GEN,
18265,GEN-EWS,2516
18266,GEN-EWS,2517
18266,ST,154
18268,GEN,
18269,OBC-NCL,4731
18270,OBC-NCL,4732
18271,OBC-NCL,4733
18272,GEN,
18273,OBC-NCL,4734
18274,GEN,
18275,GEN,
18276,GEN-EWS,2518
18277,OBC-NCL,4735
18278,GEN-EWS,2519
18279,GEN-EWS,2520
18280,GEN,
18281,GEN-EWS,2521
18282,SC,511
18283,GEN,
18284,OBC-NCL,4736
18285,GEN,
18286,OBC-NCL,4737
18287,GEN-EWS,2522
18288,GEN-EWS,2523
18289,GEN-EWS,2524
18290,GEN-EWS,2525
18291,GEN,
18292,OBC-NCL,4738
18293,OBC-NCL,4739
18294,GEN,
18295,GEN,
18296,GEN-EWS,2526
18297,GEN-EWS,2527
18298,SC,512
18299,GEN,
18299,GEN,
18301,GEN,
18302,GEN-EWS,2528
18303,GEN,
18304,GEN-EWS,2529
18305,OBC-NCL,4740
18306,GEN,
18307,GEN,
18308,OBC-NCL,4741
18309,OBC-NCL,4742
18310,GEN,
18311,GEN,
18312,GEN,
18313,OBC-NCL,4743
18314,GEN,
18315,GEN-EWS,2530
18316,GEN,
18317,GEN,
18317,GEN-EWS,2531
18319,GEN,
18320,OBC-NCL,4744
18321,GEN,
18322,GEN-EWS,2532
18323,GEN,
18324,OBC-NCL,4745
18325,GEN,
18326,SC,513
18327,GEN,
18328,GEN-EWS,2533
18329,GEN,
18330,GEN,
18331,GEN-EWS,2534
18332,OBC-NCL,4746
18333,GEN,
18334,GEN,
18335,SC,514
18336,GEN,
18337,OBC-NCL,4747
18338,GEN,
18339,GEN,
18340,OBC-NCL,4748
18341,OBC-NCL,4749
18342,OBC-NCL,4750
18343,GEN,
18344,GEN-EWS,2535
18345,GEN-EWS,2536
18346,GEN,
18347,GEN,
18348,OBC-NCL,4751
18349,GEN,
18350,GEN,
18351,GEN,
18352,GEN-EWS,2537
18353,OBC-NCL,4752
18354,OBC-NCL,4753
18355,OBC-NCL,4754
18356,OBC-NCL,4755
18357,SC,515
18358,GEN-EWS,2538
18359,GEN,
18360,GEN,
18361,GEN,
18362,OBC-NCL,4756
18363,OBC-NCL,4757
18364,GEN,
18365,GEN,
18366,OBC-NCL,4758
18367,GEN,
18368,GEN,
18369,OBC-NCL,4759
18370,OBC-NCL,4760
18371,OBC-NCL,4761
18372,GEN,
18373,OBC-NCL,4762
18374,OBC-NCL,4763
18375,OBC-NCL,4764
18376,SC,516
18377,OBC-NCL,4765
18378,GEN,
18379,OBC-NCL,4766
18380,GEN,
18381,GEN,
18382,GEN,
18383,OBC-NCL,4767
18384,GEN,
18385,GEN,
18386,OBC-NCL,4768
18387,OBC-NCL,4769
18388,GEN,
18389,GEN-EWS,2539
18390,GEN,
18391,OBC-NCL,4770
18392,OBC-NCL,4771
18393,GEN,
18394,OBC-NCL,4772
18395,GEN,
18396,GEN,
18397,OBC-NCL,4773
18398,OBC-NCL,4774
18399,OBC-NCL,4775
18400,ST,155
18401,OBC-NCL,4776
18402,OBC-NCL,4777
18403,OBC-NCL,4778
18404,GEN,
18405,OBC-NCL,4779
18406,GEN-EWS,2540
18407,OBC-NCL,4780
18408,GEN,
18409,OBC-NCL,4781
18410,GEN,
18411,GEN-EWS,2541
18412,GEN,
18413,GEN,
18414,OBC-NCL,4782
18415,OBC-NCL,4783
18416,GEN,
18417,GEN,
18418,GEN,
18419,SC,517
18420,GEN,
18421,OBC-NCL,4784
18422,OBC-NCL,4785
18423,GEN,
18424,OBC-NCL,4786
18425,OBC-NCL,4787
18426,GEN,
18427,GEN,
18428,GEN-EWS,2542
18429,GEN,
18430,GEN,
18431,GEN-EWS,2543
18432,ST,156
18433,OBC-NCL,4788
18434,GEN-EWS,2544
18435,OBC-NCL,4789
18436,GEN,
18437,OBC-NCL,4790
18438,OBC-NCL,4791
18439,GEN-EWS,2545
18440,OBC-NCL,4792
18441,OBC-NCL,4793
18442,GEN,
18443,GEN-EWS,2546
18444,GEN-EWS,2547
18445,SC,518
18446,GEN,
18447,OBC-NCL,4794
18448,GEN,
18449,GEN,
18450,OBC-NCL,4795
18451,GEN,
18452,OBC-NCL,4796
18453,GEN,
18454,GEN,
18455,GEN-EWS,2548
18456,ST,157
18457,GEN,
18458,OBC-NCL,4797
18459,OBC-NCL,4798
18460,GEN,
18461,OBC-NCL,4799
18462,OBC-NCL,4800
18463,GEN,
18464,SC,519
18465,GEN-EWS,2549
18466,OBC-NCL,4801
18467,GEN,
18468,GEN-EWS,2550
18469,OBC-NCL,4802
18470,OBC-NCL,4803
18471,GEN,
18472,OBC-NCL,4804
18473,GEN,
18474,OBC-NCL,4805
18474,SC,520
18476,GEN,
18477,GEN-EWS,2551
18478,ST,158
18479,GEN,
18480,GEN,
18481,OBC-NCL,4806
18482,OBC-NCL,4807
18483,GEN,
18484,GEN,
18485,SC,521
18486,GEN-EWS,2552
18487,OBC-NCL,4808
18488,GEN,
18489,OBC-NCL,4809
18490,OBC-NCL,4810
18491,OBC-NCL,4811
18492,GEN,
18493,GEN,
18494,GEN,
18495,GEN,
18496,GEN,
18497,GEN,
18498,OBC-NCL,4812
18499,OBC-NCL,4813
18500,GEN,
18501,OBC-NCL,4814
18502,GEN,
18503,GEN,
18504,OBC-NCL,4815
18505,GEN,
18506,OBC-NCL,4816
18507,GEN-EWS,2553
18508,OBC-NCL,4817
18509,GEN,
18510,SC,523
18511,OBC-NCL,4818
18512,GEN,
18513,OBC-NCL,4819
18514,SC,524
18515,GEN,
18516,GEN,
18517,SC,525
18518,SC,526
18519,GEN,
18520,OBC-NCL,4820
18521,GEN,
18522,OBC-NCL,4821
18523,OBC-NCL,4822
18524,OBC-NCL,4823
18525,OBC-NCL,4824
18526,GEN,
18527,GEN,
18528,GEN-EWS,2554
18529,GEN-EWS,2555
18530,GEN,
18531,GEN,
18532,OBC-NCL,4826
18533,GEN-EWS,2556
18534,GEN,
18535,GEN,
18536,GEN,
18537,GEN,
18538,GEN,
18539,OBC-NCL,4827
18540,GEN,
18541,OBC-NCL,4828
18542,GEN,
18543,OBC-NCL,4829
18544,GEN,
18545,GEN,
18546,OBC-NCL,4830
18547,OBC-NCL,4831
18548,GEN-EWS,2557
18549,OBC-NCL,4832
18550,GEN,
18551,OBC-NCL,4833
18552,OBC-NCL,4834
18553,OBC-NCL,4835
18554,GEN,
18555,OBC-NCL,4836
18556,OBC-NCL,4837
18557,GEN-EWS,2558
18558,GEN,
18559,GEN-EWS,2559
18560,OBC-NCL,4838
18561,OBC-NCL,4839
18562,GEN,
18563,GEN,
18564,OBC-NCL,4840
18565,GEN,
18566,GEN-EWS,2560
18567,GEN,
18568,GEN,
18569,OBC-NCL,4841
18570,OBC-NCL,4842
18571,OBC-NCL,4843
18572,OBC-NCL,4844
18573,GEN-EWS,2561
18574,GEN,
18575,OBC-NCL,4845
18576,GEN-EWS,2562
18577,OBC-NCL,4846
18578,GEN,
18579,GEN-EWS,2563
18580,GEN,
18581,GEN,
18582,OBC-NCL,4847
18583,GEN-EWS,2564
18584,GEN,
18585,GEN-EWS,2565
18586,SC,527
18587,OBC-NCL,4848
18588,GEN,
18589,GEN,
18590,GEN,
18591,GEN,
18592,GEN,
18593,GEN-EWS,2566
18594,OBC-NCL,4849
18595,OBC-NCL,4850
18596,GEN,
18597,GEN,
18598,OBC-NCL,4851
18599,OBC-NCL,4852
18600,GEN,
18601,GEN-EWS,2567
18602,GEN,
18603,OBC-NCL,4853
18604,OBC-NCL,4854
18605,OBC-NCL,4855
18606,GEN-EWS,2568
18607,GEN,
18608,GEN,
18609,GEN,
18610,OBC-NCL,4856
18611,GEN,
18612,GEN,
18613,OBC-NCL,4857
18614,GEN,
18615,OBC-NCL,4859
18616,GEN,
18617,GEN-EWS,2569
18618,GEN,
18619,OBC-NCL,4860
18620,GEN,
18621,OBC-NCL,4861
18622,OBC-NCL,4862
18623,OBC-NCL,4863
18624,GEN,
18625,GEN,
18626,GEN,
18627,OBC-NCL,4864
18628,ST,159
18629,OBC-NCL,4865
18630,GEN-EWS,2570
18631,GEN-EWS,2571
18632,OBC-NCL,4866
18633,SC,528
18634,OBC-NCL,4867
18635,OBC-NCL,4868
18636,OBC-NCL,4869
18637,GEN,
18638,GEN-EWS,2572
18639,GEN-EWS,2573
18640,GEN,
18641,OBC-NCL,4870
18642,ST,160
18643,GEN-EWS,2574
18644,OBC-NCL,4871
18645,OBC-NCL,4872
18646,GEN,
18647,GEN,
18648,OBC-NCL,4873
18649,GEN,
18650,GEN,
18651,GEN,
18652,OBC-NCL,4874
18653,GEN,
18654,OBC-NCL,4875
18654,OBC-NCL,4875
18656,GEN,
18657,OBC-NCL,4877
18658,GEN-EWS,2575
18659,OBC-NCL,4878
18660,GEN-EWS,2576
18661,OBC-NCL,4879
18662,GEN-EWS,2577
18663,SC,529
18664,OBC-NCL,4880
18665,GEN,
18666,GEN-EWS,2578
18667,OBC-NCL,4881
18668,OBC-NCL,4882
18669,GEN,
18670,GEN-EWS,2579
18671,GEN-EWS,2580
18672,GEN,
18673,GEN,
18674,OBC-NCL,4883
18675,GEN,
18676,GEN,
18677,GEN,
18678,GEN,
18679,GEN-EWS,2581
18680,GEN,
18681,GEN,
18682,GEN,
18683,GEN,
18684,GEN,
18685,GEN,
18686,GEN,
18687,GEN-EWS,2582
18688,OBC-NCL,4884
18689,OBC-NCL,4885
18690,GEN,
18691,GEN-EWS,2583
18691,OBC-NCL,4886
18693,GEN-EWS,2584
18694,GEN,
18695,GEN-EWS,2585
18696,GEN,
18697,GEN-EWS,2586
18698,GEN-EWS,2587
18699,GEN,
18700,GEN,
18701,OBC-NCL,4887
18702,GEN,
18703,GEN-EWS,2588
18704,OBC-NCL,4888
18705,GEN,
18706,GEN-EWS,2589
18707,GEN-EWS,2590
18708,OBC-NCL,4889
18709,GEN,
18710,GEN-EWS,2591
18711,OBC-NCL,4890
18712,GEN,
18713,GEN-EWS,2592
18714,OBC-NCL,4891
18715,GEN,
18716,OBC-NCL,4892
18717,GEN-EWS,2593
18718,OBC-NCL,4893
18719,OBC-NCL,4894
18720,OBC-NCL,4895
18721,OBC-NCL,4896
18722,GEN,
18723,GEN-EWS,2594
18724,GEN,
18725,OBC-NCL,4897
18726,GEN,
18727,OBC-NCL,4898
18728,OBC-NCL,4899
18729,GEN,
18730,GEN,
18731,GEN-EWS,2595
18732,OBC-NCL,4901
18733,GEN,
18734,OBC-NCL,4902
18735,OBC-NCL,4903
18736,OBC-NCL,4904
18737,GEN,
18738,OBC-NCL,4905
18739,OBC-NCL,4906
18740,OBC-NCL,4907
18741,OBC-NCL,4908
18742,OBC-NCL,4909
18743,GEN,
18744,OBC-NCL,4910
18745,OBC-NCL,4911
18746,GEN,
18747,OBC-NCL,4912
18748,SC,530
18749,OBC-NCL,4913
18750,OBC-NCL,4914
18751,GEN,
18752,GEN,
18753,OBC-NCL,4915
18754,OBC-NCL,4916
18755,GEN,
18756,GEN,
18757,GEN,
18758,OBC-NCL,4917
18759,GEN-EWS,2596
18760,OBC-NCL,4918
18761,OBC-NCL,4919
18762,OBC-NCL,4920
18763,GEN,
18764,OBC-NCL,4921
18765,SC,531
18766,GEN-EWS,2597
18767,GEN-EWS,2598
18768,GEN,
18769,GEN,
18770,OBC-NCL,4922
18771,OBC-NCL,4923
18772,OBC-NCL,4924
18773,GEN,
18774,GEN-EWS,2599
18775,OBC-NCL,4925
18776,GEN,
18777,GEN,
18778,GEN,
18779,GEN,
18780,GEN,
18781,GEN,
18782,OBC-NCL,4926
18783,GEN,
18784,GEN,
18785,GEN,
18786,GEN-EWS,2600
18787,OBC-NCL,4927
18788,GEN,
18789,GEN,
18790,OBC-NCL,4928
18791,SC,533
18792,GEN,
18793,GEN,
18794,GEN-EWS,2601
18795,OBC-NCL,4929
18796,OBC-NCL,4930
18797,GEN,
18798,GEN-EWS,2602
18799,GEN,
18800,ST,161
18801,GEN,
18802,GEN-EWS,2603
18803,OBC-NCL,4931
18804,GEN,
18805,OBC-NCL,4932
18806,OBC-NCL,4933
18807,GEN,
18807,ST,162
18809,GEN,
18810,OBC-NCL,4934
18811,GEN,
18812,OBC-NCL,4935
18813,OBC-NCL,4936
18814,GEN,
18815,GEN,
18816,GEN,
18817,OBC-NCL,4937
18818,GEN,
18819,GEN,
18820,GEN,
18821,GEN,
18822,GEN-EWS,2604
18822,OBC-NCL,4938
18824,OBC-NCL,4939
18825,GEN,
18826,GEN,
18827,SC,534
18828,GEN,
18829,OBC-NCL,4940
18830,OBC-NCL,4941
18831,OBC-NCL,4942
18832,GEN,
18833,OBC-NCL,4943
18834,OBC-NCL,4944
18835,OBC-NCL,4945
18836,OBC-NCL,4946
18837,GEN,
18838,GEN,
18839,OBC-NCL,4947
18840,GEN-EWS,2605
18841,GEN,
18842,OBC-NCL,4948
18843,GEN,
18844,GEN,
18845,GEN,
18846,GEN,
18847,GEN,
18848,GEN,
18849,GEN,
18850,GEN,
18851,GEN,
18852,GEN,
18853,GEN-EWS,2606
18854,GEN-EWS,2607
18855,GEN-EWS,2608
18856,GEN,
18857,GEN-EWS,2609
18858,GEN,
18859,OBC-NCL,4949
18860,GEN,
18861,OBC-NCL,4950
18862,SC,535
18863,GEN,
18864,GEN,
18865,GEN,
18866,GEN,
18867,GEN,
18868,GEN-EWS,2610
18869,GEN,
18870,GEN,
18871,GEN,
18872,GEN-EWS,2611
18873,OBC-NCL,4951
18874,GEN-EWS,2612
18875,GEN,
18876,GEN-EWS,2613
18877,GEN,
18878,GEN,
18879,GEN-EWS,2614
18880,GEN-EWS,2615
18881,OBC-NCL,4952
18882,GEN,
18883,GEN,
18884,SC,536
18885,OBC-NCL,4953
18886,GEN,
18887,GEN,
18888,OBC-NCL,4954
18889,GEN,
18890,GEN-EWS,2616
18891,GEN-EWS,2617
18892,GEN,
18893,GEN-EWS,2618
18894,GEN,
18895,OBC-NCL,4955
18896,OBC-NCL,4956
18897,OBC-NCL,4957
18898,GEN,
18899,OBC-NCL,4958
18900,OBC-NCL,4959
18901,OBC-NCL,4960
18902,GEN,
18903,OBC-NCL,4961
18904,OBC-NCL,4962
18905,GEN,
18906,GEN,
18907,GEN,
18908,GEN-EWS,2619
18909,GEN-EWS,2620
18910,GEN,
18911,GEN,
18912,GEN,
18913,ST,163
18914,SC,537
18915,GEN,
18916,SC,538
18917,GEN-EWS,2621
18918,GEN,
18919,GEN,
18920,GEN,
18921,GEN-EWS,2622
18922,GEN-EWS,2623
18923,GEN,
18924,GEN,
18925,OBC-NCL,4963
18926,GEN,
18927,GEN,
18928,OBC-NCL,4964
18929,GEN,
18930,SC,539
18931,GEN,
18932,GEN,
18933,GEN,
18934,OBC-NCL,4965
18935,GEN,
18936,GEN,
18937,GEN,
18938,OBC-NCL,4966
18939,GEN,
18940,GEN-EWS,2624
18941,GEN,
18942,GEN,
18943,OBC-NCL,4967
18944,OBC-NCL,4968
18945,SC,540
18946,GEN,
18947,GEN,
18948,GEN,
18949,GEN,
18950,OBC-NCL,4969
18951,GEN,
18952,OBC-NCL,4970
18953,GEN,
18954,GEN,
18955,GEN-EWS,2625
18956,OBC-NCL,4971
18957,OBC-NCL,4972
18958,GEN-EWS,2626
18959,OBC-NCL,4973
18960,OBC-NCL,4974
18961,OBC-NCL,4975
18962,GEN,
18963,GEN,
18964,OBC-NCL,4976
18965,OBC-NCL,4977
18966,GEN-EWS,2627
18967,GEN-EWS,2628
18968,GEN,
18969,GEN,
18970,GEN-EWS,2629
18971,GEN,
18971,GEN,
18973,GEN,
18974,OBC-NCL,4978
18975,OBC-NCL,4979
18976,GEN,
18977,GEN,
18978,OBC-NCL,4980
18979,GEN,
18980,OBC-NCL,4981
18981,OBC-NCL,4982
18982,GEN,
18983,GEN,
18984,GEN,
18985,OBC-NCL,4983
18986,SC,541
18987,GEN,
18988,OBC-NCL,4984
18989,SC,542
18990,OBC-NCL,4985
18991,GEN,
18992,OBC-NCL,4986
18993,GEN-EWS,2630
18994,GEN,
18995,SC,543
18996,GEN-EWS,2631
18997,GEN-EWS,2632
18998,OBC-NCL,4987
18999,GEN,
19000,GEN-EWS,2633
19001,OBC-NCL,4988
19002,GEN,
19003,GEN-EWS,2634
19004,GEN,
19005,GEN-EWS,2635
19006,GEN,
19007,OBC-NCL,4989
19008,OBC-NCL,4990
19009,SC,544
19010,OBC-NCL,4991
19011,GEN,
19012,GEN,
19013,GEN-EWS,2636
19014,OBC-NCL,4992
19015,OBC-NCL,4993
19016,OBC-NCL,4994
19017,SC,545
19018,OBC-NCL,4995
19019,GEN,
19020,GEN,
19021,OBC-NCL,4996
19022,GEN,
19023,GEN,
19024,GEN,
19025,GEN,
19026,GEN,
19027,GEN,
19028,GEN-EWS,2637
19029,GEN-EWS,2638
19030,OBC-NCL,4997
19031,ST,164
19032,OBC-NCL,4998
19033,GEN,
19034,OBC-NCL,4999
19035,GEN,
19036,SC,546
19037,OBC-NCL,5000
19038,OBC-NCL,5001
19039,GEN,
19040,OBC-NCL,5002
19041,GEN-EWS,2639
19042,GEN,
19043,OBC-NCL,5003
19044,GEN,
19045,OBC-NCL,5004
19046,OBC-NCL,5005
19046,OBC-NCL,5005
19048,OBC-NCL,5007
19049,GEN-EWS,2640
19050,OBC-NCL,5008
19051,GEN,
19052,GEN,
19053,OBC-NCL,5009
19054,OBC-NCL,5010
19055,OBC-NCL,5011
19056,GEN,
19057,OBC-NCL,5012
19058,GEN-EWS,2641
19059,GEN-EWS,2642
19060,GEN,
19061,OBC-NCL,5013
19062,GEN-EWS,2643
19063,GEN,
19064,GEN,
19065,GEN,
19066,SC,547
19067,OBC-NCL,5014
19068,GEN,
19069,OBC-NCL,5015
19070,GEN,
19071,GEN,
19072,OBC-NCL,5016
19073,OBC-NCL,5017
19074,GEN,
19075,OBC-NCL,5018
19076,OBC-NCL,5019
19077,GEN,
19078,OBC-NCL,5020
19079,OBC-NCL,5021
19080,OBC-NCL,5022
19081,GEN,
19082,SC,548
19083,GEN-EWS,2644
19084,OBC-NCL,5023
19085,GEN,
19086,GEN,
19087,GEN,
19088,GEN,
19089,GEN,
19090,GEN,
19091,GEN,
19092,OBC-NCL,5024
19093,GEN,
19094,OBC-NCL,5025
19095,OBC-NCL,5026
19096,ST,165
19097,GEN,
19098,OBC-NCL,5027
19099,GEN-EWS,2645
19100,GEN,
19101,OBC-NCL,5028
19102,GEN,
19103,OBC-NCL,5030
19104,OBC-NCL,5031
19105,GEN,
19106,OBC-NCL,5032
19107,GEN,
19108,GEN,
19109,GEN,
19110,GEN,
19111,GEN-EWS,2646
19112,GEN,
19113,OBC-NCL,5033
19114,GEN-EWS,2647
19115,GEN,
19116,OBC-NCL,5034
19117,GEN,
19118,GEN,
19118,ST,166
19120,OBC-NCL,5035
19121,OBC-NCL,5036
19122,GEN-EWS,2648
19123,GEN,
19124,OBC-NCL,5037
19125,GEN,
19126,OBC-NCL,5038
19127,GEN,
19128,ST,167
19129,OBC-NCL,5039
19130,OBC-NCL,5040
19131,GEN,
19132,GEN,
19133,OBC-NCL,5041
19134,GEN,
19135,GEN-EWS,2649
19136,OBC-NCL,5042
19137,OBC-NCL,5043
19138,GEN-EWS,2650
19139,GEN,
19140,GEN,
19141,GEN,
19142,GEN,
19143,GEN,
19144,GEN-EWS,2651
19145,GEN,
19146,SC,549
19147,GEN-EWS,2652
19148,GEN,
19149,GEN-EWS,2653
19150,OBC-NCL,5044
19151,GEN,
19152,GEN,
19153,GEN,
19154,OBC-NCL,5045
19155,GEN,
19156,GEN-EWS,2654
19157,OBC-NCL,5046
19158,GEN,
19159,GEN-EWS,2655
19160,GEN,
19160,OBC-NCL,5047
19162,GEN,
19163,GEN-EWS,2656
19164,OBC-NCL,5048
19165,GEN,
19166,GEN-EWS,2657
19167,GEN-EWS,2658
19168,GEN,
19169,GEN,
19170,GEN,
19171,GEN,
19172,SC,550
19173,GEN-EWS,2659
19174,GEN-EWS,2660
19175,SC,551
19176,GEN,
19177,ST,168
19178,OBC-NCL,5049
19179,GEN,
19180,OBC-NCL,5050
19181,OBC-NCL,5051
19182,GEN,
19183,OBC-NCL,5052
19184,GEN,
19185,GEN,
19186,GEN-EWS,2661
19187,GEN,
19188,OBC-NCL,5053
19189,OBC-NCL,5054
19190,GEN-EWS,2662
19191,ST,169
19192,GEN-EWS,2663
19193,GEN,
19194,OBC-NCL,5055
19195,OBC-NCL,5056
19196,GEN-EWS,2664
19197,OBC-NCL,5057
19198,GEN,
19199,GEN,
19200,OBC-NCL,5058
19201,GEN-EWS,2665
19202,OBC-NCL,5059
19203,GEN,
19203,GEN-EWS,2666
19205,GEN,
19206,GEN-EWS,2667
19207,GEN,
19208,GEN-EWS,2668
19209,GEN,
19210,GEN-EWS,2669
19211,OBC-NCL,5060
19212,GEN,
19213,OBC-NCL,5061
19214,GEN,
19215,OBC-NCL,5062
19216,GEN,
19217,GEN-EWS,2670
19218,GEN,
19219,GEN,
19220,ST,170
19221,GEN,
19222,OBC-NCL,5063
19223,GEN,
19224,GEN,
19225,GEN,
19226,SC,552
19227,SC,553
19228,GEN,
19229,GEN,
19230,GEN,
19231,SC,554
19232,GEN,
19233,GEN,
19234,OBC-NCL,5064
19235,GEN-EWS,2671
19236,OBC-NCL,5065
19237,OBC-NCL,5066
19238,OBC-NCL,5067
19239,OBC-NCL,5068
19240,OBC-NCL,5069
19241,GEN,
19242,OBC-NCL,5070
19243,OBC-NCL,5071
19244,OBC-NCL,5072
19245,GEN,
19246,GEN-EWS,2672
19247,GEN,
19248,OBC-NCL,5073
19249,GEN,
19250,GEN-EWS,2673
19251,GEN,
19252,GEN-EWS,2674
19253,GEN-EWS,2675
19254,GEN,
19255,GEN-EWS,2676
19256,GEN,
19257,GEN,
19257,GEN-EWS,2677
19259,GEN,
19260,OBC-NCL,5074
19261,GEN,
19262,OBC-NCL,5075
19263,OBC-NCL,5076
19264,OBC-NCL,5077
19265,GEN,
19266,GEN,
19267,GEN,
19268,GEN,
19269,GEN,
19270,GEN,
19271,OBC-NCL,5078
19272,GEN,
19273,OBC-NCL,5079
19274,OBC-NCL,5080
19275,GEN,
19276,GEN-EWS,2678
19277,GEN,
19278,OBC-NCL,5081
19279,GEN,
19280,GEN,
19281,OBC-NCL,5082
19282,GEN-EWS,2679
19283,GEN,
19284,GEN-EWS,2680
19285,GEN-EWS,2681
19286,OBC-NCL,5083
19287,GEN,
19288,GEN-EWS,2682
19289,OBC-NCL,5084
19290,GEN,
19291,OBC-NCL,5085
19292,GEN,
19293,OBC-NCL,5086
19294,GEN-EWS,2683
19295,GEN,
19296,GEN,
19297,GEN,
19298,GEN-EWS,2684
19299,GEN,
19299,OBC-NCL,5087
19301,OBC-NCL,5088
19302,ST,171
19303,GEN,
19304,GEN,
19305,GEN,
19306,OBC-NCL,5089
19307,GEN,
19308,OBC-NCL,5090
19309,GEN,
19310,OBC-NCL,5091
19311,GEN-EWS,2685
19312,GEN-EWS,2686
19313,OBC-NCL,5093
19314,GEN,
19315,GEN,
19316,OBC-NCL,5094
19317,GEN,
19318,GEN-EWS,2687
19319,OBC-NCL,5095
19320,OBC-NCL,5096
19321,GEN,
19322,OBC-NCL,5097
19323,OBC-NCL,5098
19324,GEN,
19325,GEN,
19326,GEN,
19327,GEN,
19328,GEN,
19329,OBC-NCL,5099
19330,GEN,
19331,GEN,
19332,OBC-NCL,5100
19333,OBC-NCL,5101
19334,GEN-EWS,2688
19335,OBC-NCL,5102
19336,GEN-EWS,2689
19337,GEN-EWS,2690
19338,OBC-NCL,5103
19339,OBC-NCL,5104
19340,GEN,
19341,OBC-NCL,5105
19342,GEN-EWS,2691
19343,GEN,
19344,OBC-NCL,5106
19345,GEN,
19346,OBC-NCL,5107
19347,GEN,
19348,GEN,
19349,GEN,
19349,GEN,
19351,OBC-NCL,5108
19352,GEN,
19353,OBC-NCL,5109
19354,GEN,
19355,OBC-NCL,5110
19356,OBC-NCL,5111
19357,GEN,
19358,GEN,
19359,OBC-NCL,5112
19360,OBC-NCL,5113
19361,OBC-NCL,5114
19362,OBC-NCL,5115
19363,GEN-EWS,2692
19364,GEN,
19365,GEN,
19366,GEN,
19367,GEN-EWS,2693
19368,GEN-EWS,2694
19369,GEN,
19370,OBC-NCL,5116
19371,GEN-EWS,2695
19372,SC,555
19373,OBC-NCL,5117
19374,OBC-NCL,5118
19375,GEN-EWS,2696
19376,OBC-NCL,5119
19377,GEN-EWS,2697
19378,OBC-NCL,5120
19379,OBC-NCL,5121
19380,GEN,
19381,OBC-NCL,5122
19382,GEN,
19383,GEN-EWS,2698
19384,GEN-EWS,2699
19385,GEN,
19386,GEN-EWS,2700
19387,GEN,
19388,GEN,
19389,OBC-NCL,5123
19390,GEN,
19391,OBC-NCL,5124
19392,OBC-NCL,5125
19393,OBC-NCL,5126
19394,OBC-NCL,5127
19395,OBC-NCL,5128
19396,GEN,
19397,OBC-NCL,5129
19398,ST,172
19399,OBC-NCL,5130
19400,GEN,
19400,OBC-NCL,5131
19402,GEN,
19403,GEN-EWS,2701
19404,GEN,
19405,OBC-NCL,5132
19406,GEN,
19407,SC,556
19408,ST,173
19409,GEN,
19410,GEN,
19411,ST,174
19412,GEN,
19413,SC,557
19414,GEN,
19415,GEN,
19416,OBC-NCL,5133
19417,OBC-NCL,5134
19418,GEN,
19419,SC,558
19420,GEN,
19421,GEN,
19422,GEN,
19423,OBC-NCL,5135
19424,OBC-NCL,5136
19425,GEN,
19426,GEN,
19427,GEN-EWS,2702
19428,OBC-NCL,5137
19429,SC,559
19430,GEN,
19431,GEN,
19432,OBC-NCL,5138
19433,OBC-NCL,5139
19434,GEN,
19435,GEN,
19436,GEN,
19437,GEN,
19438,OBC-NCL,5141
19439,GEN,
19440,GEN-EWS,2703
19441,OBC-NCL,5142
19442,OBC-NCL,5143
19443,GEN-EWS,2704
19444,OBC-NCL,5144
19445,GEN,
19446,GEN-EWS,2705
19447,GEN,
19448,OBC-NCL,5145
19449,GEN,
19450,GEN,
19451,GEN,
19452,GEN,
19453,GEN-EWS,2706
19454,GEN,
19455,GEN,
19456,GEN,
19457,GEN-EWS,2707
19458,GEN,
19459,OBC-NCL,5146
19460,GEN,
19461,OBC-NCL,5147
19462,OBC-NCL,5148
19463,OBC-NCL,5149
19464,OBC-NCL,5150
19465,GEN,
19466,GEN,
19467,GEN,
19468,OBC-NCL,5151
19469,GEN-EWS,2708
19470,GEN,
19471,GEN,
19472,GEN,
19473,GEN,
19474,OBC-NCL,5153
19475,GEN,
19476,GEN,
19477,OBC-NCL,5154
19478,GEN-EWS,2709
19479,OBC-NCL,5155
19480,OBC-NCL,5156
19481,GEN-EWS,2710
19482,GEN,
19483,GEN,
19484,OBC-NCL,5157
19485,OBC-NCL,5158
19486,OBC-NCL,5159
19487,OBC-NCL,5160
19488,GEN-EWS,2711
19489,OBC-NCL,5161
19490,SC,560
19491,OBC-NCL,5162
19492,GEN,
19493,GEN,
19494,OBC-NCL,5163
19495,GEN-EWS,2712
19496,SC,561
19497,GEN,
19498,GEN,
19499,SC,562
19500,GEN,
19501,OBC-NCL,5164
19502,GEN,
19503,GEN-EWS,2713
19504,GEN,
19505,OBC-NCL,5165
19506,SC,563
19507,GEN-EWS,2714
19508,GEN-EWS,2715
19509,GEN-EWS,2716
19510,GEN,
19511,GEN,
19512,OBC-NCL,5166
19513,GEN,
19514,GEN-EWS,2717
19515,OBC-NCL,5167
19516,GEN-EWS,2719
19517,GEN,
19518,GEN,
19519,GEN,
19520,GEN-EWS,2720
19521,OBC-NCL,5168
19522,GEN,
19523,GEN,
19524,OBC-NCL,5169
19525,OBC-NCL,5170
19526,GEN,
19527,GEN,
19528,GEN-EWS,2721
19529,OBC-NCL,5171
19530,OBC-NCL,5172
19531,GEN,
19532,GEN,
19533,GEN,
19534,GEN-EWS,2722
19535,GEN,
19536,OBC-NCL,5173
19537,OBC-NCL,5174
19538,OBC-NCL,5175
19539,GEN,
19540,GEN,
19541,OBC-NCL,5176
19542,GEN,
19543,GEN,
19544,GEN,
19545,GEN,
19546,OBC-NCL,5177
19547,OBC-NCL,5178
19548,OBC-NCL,5179
19549,OBC-NCL,5180
19550,OBC-NCL,5181
19551,GEN,
19552,GEN,
19553,GEN,
19554,GEN-EWS,2723
19555,GEN-EWS,2724
19556,GEN,
19557,SC,564
19558,GEN,
19559,OBC-NCL,5182
19560,GEN-EWS,2725
19561,OBC-NCL,5183
19562,OBC-NCL,5184
19563,GEN,
19564,GEN,
19565,OBC-NCL,5185
19566,GEN,
19567,OBC-NCL,5186
19568,OBC-NCL,5187
19569,GEN,
19570,GEN,
19571,GEN,
19572,GEN,
19573,OBC-NCL,5188
19574,GEN,
19575,GEN,
19576,GEN-EWS,2726
19577,OBC-NCL,5189
19578,GEN,
19579,OBC-NCL,5190
19580,GEN,
19581,OBC-NCL,5191
19582,OBC-NCL,5192
19583,GEN,
19584,GEN,
19585,GEN,
19586,GEN,
19587,GEN,
19588,GEN,
19589,GEN,
19590,OBC-NCL,5193
19591,GEN,
19592,GEN,
19593,OBC-NCL,5194
19594,GEN,
19595,ST,175
19596,GEN,
19597,OBC-NCL,5195
19598,OBC-NCL,5196
19599,GEN,
19600,GEN,
19601,GEN,
19602,GEN,
19603,GEN,
19604,OBC-NCL,5197
19605,OBC-NCL,5198
19606,OBC-NCL,5199
19607,OBC-NCL,5200
19608,OBC-NCL,5201
19609,OBC-NCL,5202
19610,GEN,
19611,GEN,
19612,GEN,
19613,GEN,
19614,OBC-NCL,5203
19615,OBC-NCL,5204
19616,GEN,
19617,GEN,
19618,GEN-EWS,2728
19619,GEN-EWS,2729
19620,GEN,
19621,OBC-NCL,5205
19622,GEN,
19623,GEN-EWS,2730
19624,GEN,
19625,OBC-NCL,5206
19626,GEN,
19627,OBC-NCL,5207
19628,GEN,
19629,GEN,
19630,GEN,
19631,GEN,
19632,OBC-NCL,5208
19633,GEN-EWS,2731
19634,GEN,
19635,GEN,
19636,GEN,
19637,OBC-NCL,5209
19638,GEN,
19639,GEN-EWS,2732
19640,GEN-EWS,2733
19641,OBC-NCL,5210
19642,GEN,
19643,GEN,
19644,SC,565
19645,OBC-NCL,5211
19646,GEN,
19647,GEN,
19648,GEN,
19649,SC,566
19650,GEN,
19651,GEN,
19652,GEN,
19653,OBC-NCL,5212
19654,GEN-EWS,2734
19655,GEN,
19656,GEN,
19657,GEN-EWS,2735
19658,GEN-EWS,2736
19659,OBC-NCL,5213
19660,GEN,
19661,GEN,
19662,GEN,
19663,OBC-NCL,5214
19664,OBC-NCL,5215
19665,GEN,
19666,OBC-NCL,5216
19667,GEN,
19668,GEN,
19669,OBC-NCL,5217
19670,OBC-NCL,5218
19671,GEN,
19672,GEN,
19673,SC,567
19674,GEN,
19675,SC,568
19676,GEN,
19677,SC,569
19678,GEN,
19679,GEN,
19680,GEN,
19681,OBC-NCL,5219
19682,OBC-NCL,5220
19683,OBC-NCL,5221
19684,OBC-NCL,5222
19685,GEN,
19686,GEN,
19687,GEN,
19688,GEN,
19689,GEN,
19690,GEN,
19691,GEN,
19692,OBC-NCL,5223
19693,GEN,
19694,OBC-NCL,5224
19695,OBC-NCL,5225
19696,GEN,
19697,OBC-NCL,5226
19698,OBC-NCL,5227
19699,OBC-NCL,5228
19700,GEN,
19701,SC,570
19702,GEN-EWS,2737
19703,OBC-NCL,5229
19704,GEN,
19705,GEN-EWS,2738
19706,GEN,
19707,GEN,
19708,GEN,
19709,OBC-NCL,5230
19710,GEN-EWS,2739
19711,GEN-EWS,2740
19712,GEN,
19713,GEN-EWS,2741
19714,GEN,
19715,GEN,
19716,GEN,
19717,GEN,
19718,OBC-NCL,5231
19719,OBC-NCL,5232
19720,SC,571
19721,OBC-NCL,5233
19722,GEN,
19723,GEN,
19724,GEN,
19725,OBC-NCL,5234
19726,OBC-NCL,5235
19727,GEN,
19728,GEN,
19729,GEN,
19730,GEN-EWS,2742
19731,OBC-NCL,5236
19732,OBC-NCL,5237
19733,GEN,
19734,GEN-EWS,2743
19735,OBC-NCL,5238
19736,GEN,
19737,GEN,
19737,OBC-NCL,5239
19739,OBC-NCL,5240
19740,GEN,
19741,GEN,
19742,GEN,
19743,OBC-NCL,5241
19744,GEN-EWS,2744
19745,GEN-EWS,2745
19746,OBC-NCL,5242
19747,OBC-NCL,5243
19748,GEN-EWS,2746
19749,OBC-NCL,5244
19750,GEN,
19751,OBC-NCL,5245
19752,GEN,
19753,GEN,
19754,SC,572
19755,GEN,
19756,GEN,
19757,OBC-NCL,5246
19758,SC,573
19759,OBC-NCL,5247
19760,GEN,
19761,OBC-NCL,5248
19762,OBC-NCL,5249
19763,GEN,
19764,GEN-EWS,2747
19765,GEN-EWS,2748
19766,GEN,
19767,OBC-NCL,5250
19768,SC,574
19769,OBC-NCL,5251
19770,GEN-EWS,2749
19771,OBC-NCL,5252
19772,OBC-NCL,5253
19773,GEN,
19774,GEN,
19775,GEN-EWS,2750
19776,GEN,
19777,OBC-NCL,5254
19778,OBC-NCL,5255
19779,GEN,
19780,GEN,
19781,GEN,
19782,GEN,
19783,GEN-EWS,2751
19784,ST,176
19785,GEN,
19786,GEN-EWS,2752
19787,OBC-NCL,5256
19788,GEN,
19789,GEN,
19790,GEN-EWS,2753
19791,GEN,
19792,GEN,
19793,OBC-NCL,5257
19794,GEN,
19795,OBC-NCL,5258
19796,GEN,
19797,GEN,
19798,GEN-EWS,2754
19799,GEN,
19800,GEN,
19801,GEN,
19802,GEN,
19803,OBC-NCL,5259
19804,GEN,
19805,OBC-NCL,5260
19806,GEN,
19807,GEN,
19808,GEN,
19809,GEN-EWS,2755
19810,GEN,
19811,GEN,
19812,GEN,
19813,GEN,
19814,OBC-NCL,5261
19815,GEN-EWS,2756
19816,OBC-NCL,5262
19817,GEN,
19818,GEN-EWS,2757
19819,GEN,
19820,GEN,
19821,OBC-NCL,5263
19822,GEN-EWS,2758
19823,GEN-EWS,2759
19824,OBC-NCL,5264
19825,OBC-NCL,5265
19826,GEN-EWS,2760
19827,GEN,
19828,GEN,
19829,OBC-NCL,5266
19830,OBC-NCL,5267
19831,GEN,
19832,GEN,
19833,OBC-NCL,5268
19834,GEN,
19835,GEN,
19836,GEN,
19837,GEN-EWS,2761
19838,GEN,
19839,GEN,
19840,GEN,
19841,GEN,
19842,GEN,
19843,OBC-NCL,5269
19844,GEN,
19845,OBC-NCL,5270
19846,GEN,
19847,GEN-EWS,2762
19848,GEN,
19849,GEN,
19850,OBC-NCL,5271
19851,GEN-EWS,2763
19852,GEN,
19853,OBC-NCL,5272
19854,GEN,
19855,GEN,
19856,OBC-NCL,5273
19857,GEN-EWS,2764
19858,GEN-EWS,2765
19859,OBC-NCL,5274
19860,SC,575
19861,OBC-NCL,5275
19862,GEN,
19863,OBC-NCL,5276
19864,OBC-NCL,5277
19865,GEN,
19866,GEN-EWS,2766
19867,SC,576
19868,GEN,
19869,OBC-NCL,5278
19870,OBC-NCL,5279
19871,GEN,
19872,GEN,
19873,GEN,
19874,GEN,
19875,GEN,
19876,OBC-NCL,5280
19877,GEN,
19878,OBC-NCL,5281
19879,GEN,
19880,GEN-EWS,2767
19881,OBC-NCL,5282
19882,OBC-NCL,5283
19883,GEN-EWS,2768
19884,GEN,
19885,GEN,
19886,GEN-EWS,2769
19887,GEN-EWS,2770
19888,GEN,
19889,GEN,
19890,GEN,
19891,GEN,
19892,GEN,
19893,GEN,
19894,GEN,
19895,GEN-EWS,2771
19896,GEN,
19897,OBC-NCL,5284
19898,OBC-NCL,5285
19899,GEN,
19900,SC,577
19901,OBC-NCL,5286
19902,OBC-NCL,5287
19903,OBC-NCL,5288
19904,OBC-NCL,5289
19905,GEN,
19906,GEN-EWS,2772
19907,OBC-NCL,5290
19908,GEN,
19909,GEN,
19910,GEN,
19911,GEN-EWS,2773
19912,OBC-NCL,5291
19913,GEN-EWS,2774
19914,GEN-EWS,2775
19915,GEN-EWS,2776
19916,GEN,
19917,OBC-NCL,5292
19918,OBC-NCL,5293
19919,GEN,
19920,GEN,
19921,GEN,
19922,GEN,
19923,GEN-EWS,2778
19924,OBC-NCL,5294
19925,GEN,
19926,OBC-NCL,5295
19927,GEN-EWS,2779
19928,GEN,
19929,OBC-NCL,5296
19930,GEN,
19931,SC,578
19932,GEN,
19933,GEN-EWS,2780
19934,GEN,
19935,OBC-NCL,5297
19936,GEN-EWS,2781
19937,GEN,
19938,GEN,
19939,OBC-NCL,5298
19940,GEN,
19941,OBC-NCL,5299
19942,OBC-NCL,5300
19943,GEN,
19944,GEN,
19945,GEN,
19946,GEN-EWS,2782
19947,GEN,
19948,OBC-NCL,5301
19949,OBC-NCL,5302
19950,GEN,
19951,GEN,
19952,GEN-EWS,2783
19953,GEN,
19954,GEN,
19955,OBC-NCL,5303
19956,GEN,
19957,GEN-EWS,2784
19958,GEN,
19959,GEN,
19960,GEN,
19961,GEN,
19962,GEN,
19963,GEN-EWS,2785
19964,OBC-NCL,5304
19965,GEN,
19966,GEN,
19967,SC,579
19968,OBC-NCL,5305
19969,OBC-NCL,5306
19970,GEN,
19971,GEN,
19972,GEN-EWS,2786
19973,OBC-NCL,5307
19974,GEN,
19975,GEN,
19976,OBC-NCL,5308
19977,GEN-EWS,2787
19978,SC,580
19979,GEN,
19980,OBC-NCL,5309
19981,GEN,
19982,OBC-NCL,5310
19983,GEN,
19984,GEN,
19985,GEN-EWS,2788
19986,OBC-NCL,5311
19987,OBC-NCL,5312
19988,SC,581
19989,GEN-EWS,2789
19990,GEN,
19991,GEN,
19992,GEN,
19993,GEN,
19994,OBC-NCL,5313
19995,OBC-NCL,5314
19996,GEN,
19997,GEN,
19998,GEN,
19999,OBC-NCL,5315
20000,OBC-NCL,5316
20001,GEN,
20002,OBC-NCL,5317
20003,GEN,
20004,SC,582
20005,GEN,
20006,OBC-NCL,5318
20007,GEN-EWS,2790
20008,GEN-EWS,2791
20009,OBC-NCL,5319
20010,GEN-EWS,2792
20011,GEN,
20012,GEN,
20013,GEN-EWS,2793
20014,GEN,
20015,GEN,
20016,OBC-NCL,5320
20017,GEN,
20018,GEN,
20019,GEN,
20020,GEN,
20021,OBC-NCL,5321
20022,GEN,
20023,GEN,
20024,GEN,
20025,GEN,
20026,GEN,
20027,SC,583
20028,GEN,
20029,OBC-NCL,5322
20030,OBC-NCL,5323
20031,GEN,
20032,OBC-NCL,5324
20033,GEN,
20034,GEN,
20035,GEN,
20036,GEN-EWS,2795
20037,GEN,
20038,GEN,
20039,OBC-NCL,5325
20040,OBC-NCL,5326
20041,GEN,
20042,OBC-NCL,5327
20043,OBC-NCL,5328
20044,GEN,
20045,GEN,
20046,OBC-NCL,5329
20047,GEN,
20048,GEN,
20049,OBC-NCL,5330
20050,GEN-EWS,2796
20051,GEN-EWS,2797
20052,OBC-NCL,5331
20053,GEN,
20054,GEN-EWS,2798
20055,OBC-NCL,5332
20056,OBC-NCL,5333
20057,GEN-EWS,2799
20058,OBC-NCL,5334
20059,OBC-NCL,5335
20060,GEN,
20061,OBC-NCL,5336
20062,GEN,
20063,OBC-NCL,5337
20064,OBC-NCL,5338
20065,SC,584
20066,GEN,
20067,GEN,
20068,GEN,
20069,GEN,
20070,GEN-EWS,2800
20071,GEN,
20072,GEN,
20073,GEN,
20074,GEN,
20075,GEN,
20076,OBC-NCL,5339
20077,GEN-EWS,2801
20078,GEN,
20079,GEN,
20080,SC,585
20081,OBC-NCL,5340
20082,OBC-NCL,5341
20083,OBC-NCL,5342
20084,GEN,
20085,GEN,
20086,GEN-EWS,2802
20087,GEN,
20088,GEN,
20089,OBC-NCL,5343
20090,GEN,
20091,OBC-NCL,5344
20092,GEN,
20093,GEN,
20094,OBC-NCL,5345
20095,OBC-NCL,5346
20096,OBC-NCL,5347
20097,OBC-NCL,5348
20098,GEN,
20099,OBC-NCL,5349
20100,GEN-EWS,2803
20101,OBC-NCL,5350
20102,GEN,
20103,GEN,
20104,OBC-NCL,5351
20105,GEN,
20106,GEN,
20107,GEN,
20108,GEN,
20109,GEN,
20110,GEN,
20111,GEN,
20112,GEN,
20113,OBC-NCL,5352
20114,GEN,
20115,GEN,
20116,GEN,
20117,GEN,
20118,GEN,
20119,OBC-NCL,5353
20120,GEN-EWS,2804
20121,GEN,
20122,GEN,
20123,GEN,
20124,SC,586
20125,GEN,
20126,GEN,
20127,GEN-EWS,2805
20128,OBC-NCL,5354
20129,GEN-EWS,2806
20130,OBC-NCL,5355
20131,GEN,
20132,GEN,
20133,OBC-NCL,5356
20134,GEN,
20135,GEN,
20136,GEN,
20137,OBC-NCL,5357
20138,OBC-NCL,5358
20139,GEN,
20140,GEN,
20141,GEN,
20142,GEN,
20143,GEN,
20144,GEN-EWS,2807
20145,GEN,
20146,ST,177
20147,OBC-NCL,5359
20148,GEN,
20149,OBC-NCL,5360
20150,OBC-NCL,5361
20151,GEN,
20152,GEN,
20153,GEN,
20154,GEN,
20155,GEN,
20156,OBC-NCL,5362
20157,GEN,
20158,OBC-NCL,5363
20159,OBC-NCL,5364
20160,GEN,
20161,GEN,
20162,OBC-NCL,5365
20163,GEN,
20164,GEN,
20165,GEN,
20166,GEN,
20167,OBC-NCL,5366
20168,GEN-EWS,2809
20169,OBC-NCL,5367
20170,GEN,
20171,GEN-EWS,2810
20172,GEN,
20173,GEN-EWS,2811
20174,GEN-EWS,2812
20175,GEN,
20176,SC,587
20177,SC,588
20178,SC,589
20179,GEN,
20180,GEN,
20181,GEN-EWS,2813
20182,GEN,
20183,OBC-NCL,5368
20184,GEN,
20185,GEN,
20186,GEN-EWS,2814
20187,GEN,
20188,OBC-NCL,5369
20189,GEN,
20190,GEN-EWS,2815
20191,GEN,
20192,OBC-NCL,5370
20193,OBC-NCL,5371
20194,GEN-EWS,2816
20195,OBC-NCL,5372
20196,OBC-NCL,5373
20197,OBC-NCL,5374
20198,OBC-NCL,5375
20199,GEN,
20200,GEN,
20201,OBC-NCL,5376
20202,GEN,
20203,GEN,
20204,GEN-EWS,2817
20205,GEN-EWS,2818
20206,GEN,
20207,GEN-EWS,2819
20208,GEN,
20209,OBC-NCL,5377
20210,GEN,
20211,OBC-NCL,5378
20212,GEN,
20213,OBC-NCL,5379
20214,GEN,
20215,OBC-NCL,5380
20216,GEN,
20217,OBC-NCL,5381
20218,OBC-NCL,5382
20219,OBC-NCL,5383
20220,OBC-NCL,5384
20221,GEN-EWS,2820
20222,OBC-NCL,5385
20223,OBC-NCL,5386
20224,GEN,
20225,OBC-NCL,5387
20226,OBC-NCL,5388
20227,GEN,
20228,OBC-NCL,5389
20229,GEN,
20230,GEN-EWS,2821
20231,GEN-EWS,2822
20232,OBC-NCL,5390
20233,OBC-NCL,5391
20234,GEN,
20235,GEN-EWS,2823
20236,GEN,
20237,GEN,
20238,OBC-NCL,5392
20239,GEN,
20240,GEN-EWS,2824
20241,OBC-NCL,5393
20242,SC,590
20243,GEN,
20244,GEN,
20245,GEN,
20246,GEN,
20247,GEN,
20248,GEN,
20249,GEN,
20250,GEN-EWS,2826
20251,GEN,
20252,GEN,
20253,GEN-EWS,2827
20254,OBC-NCL,5394
20255,GEN,
20256,GEN,
20257,GEN,
20258,OBC-NCL,5395
20259,GEN,
20260,OBC-NCL,5396
20261,GEN,
20262,GEN,
20263,GEN,
20264,GEN,
20265,OBC-NCL,5397
20266,GEN,
20267,GEN-EWS,2828
20268,GEN,
20269,OBC-NCL,5399
20270,GEN,
20271,GEN-EWS,2829
20272,GEN,
20273,GEN-EWS,2830
20274,GEN-EWS,2831
20275,GEN-EWS,2832
20276,GEN,
20277,GEN,
20278,GEN-EWS,2833
20279,GEN-EWS,2834
20280,GEN,
20281,GEN-EWS,2835
20282,GEN-EWS,2836
20283,GEN,
20284,GEN,
20285,GEN,
20286,OBC-NCL,5400
20287,SC,591
20288,GEN-EWS,2837
20289,OBC-NCL,5401
20290,OBC-NCL,5402
20291,GEN,
20292,ST,178
20293,OBC-NCL,5403
20294,GEN,
20295,GEN-EWS,2838
20296,GEN,
20297,GEN-EWS,2839
20298,GEN-EWS,2840
20299,GEN-EWS,2841
20300,OBC-NCL,5404
20301,GEN,
20302,OBC-NCL,5405
20303,OBC-NCL,5406
20304,SC,592
20305,OBC-NCL,5407
20306,GEN-EWS,2842
20307,GEN,
20308,GEN,
20309,OBC-NCL,5408
20310,GEN,
20311,OBC-NCL,5409
20312,GEN-EWS,2843
20313,OBC-NCL,5410
20314,GEN,
20315,GEN,
20316,GEN,
20317,ST,179
20318,GEN,
20319,GEN,
20320,ST,180
20321,OBC-NCL,5411
20322,GEN,
20323,OBC-NCL,5412
20324,GEN,
20325,GEN,
20326,GEN,
20327,OBC-NCL,5413
20328,GEN,
20329,OBC-NCL,5414
20330,GEN-EWS,2844
20331,OBC-NCL,5415
20332,OBC-NCL,5416
20333,GEN-EWS,2845
20334,OBC-NCL,5417
20335,GEN,
20336,GEN,
20337,OBC-NCL,5418
20338,GEN,
20339,GEN,
20340,OBC-NCL,5419
20341,OBC-NCL,5420
20342,GEN,
20343,OBC-NCL,5421
20344,OBC-NCL,5422
20345,GEN,
20346,ST,181
20347,OBC-NCL,5423
20348,GEN-EWS,2846
20349,SC,593
20350,OBC-NCL,5424
20351,GEN,
20352,OBC-NCL,5425
20353,OBC-NCL,5426
20354,GEN,
20355,OBC-NCL,5427
20356,GEN-EWS,2847
20357,GEN-EWS,2848
20358,OBC-NCL,5428
20359,OBC-NCL,5429
20360,GEN-EWS,2849
20361,GEN-EWS,2850
20362,GEN,
20363,GEN,
20364,GEN,
20365,GEN,
20366,GEN-EWS,2851
20367,GEN,
20368,OBC-NCL,5430
20369,GEN,
20370,OBC-NCL,5431
20371,GEN-EWS,2852
20372,GEN,
20373,GEN,
20374,GEN-EWS,2853
20375,OBC-NCL,5432
20376,OBC-NCL,5433
20377,GEN,
20378,GEN,
20379,GEN,
20380,GEN-EWS,2854
20381,GEN,
20382,GEN-EWS,2855
20383,GEN,
20384,GEN,
20385,GEN,
20386,GEN-EWS,2856
20387,GEN,
20388,GEN,
20389,GEN-EWS,2857
20390,OBC-NCL,5434
20391,GEN,
20392,GEN,
20393,GEN,
20394,OBC-NCL,5435
20395,OBC-NCL,5436
20396,GEN,
20397,GEN,
20398,OBC-NCL,5437
20399,OBC-NCL,5438
20400,OBC-NCL,5439
20401,GEN,
20402,GEN,
20403,GEN,
20404,OBC-NCL,5440
20405,GEN,
20406,GEN,
20407,GEN,
20408,OBC-NCL,5441
20409,OBC-NCL,5442
20410,OBC-NCL,5443
20411,SC,594
20412,OBC-NCL,5444
20413,OBC-NCL,5445
20414,GEN,
20415,OBC-NCL,5446
20416,OBC-NCL,5447
20417,GEN-EWS,2858
20418,OBC-NCL,5448
20419,GEN,
20420,OBC-NCL,5449
20421,OBC-NCL,5450
20422,GEN,
20423,GEN-EWS,2859
20424,GEN-EWS,2860
20425,GEN,
20426,OBC-NCL,5451
20427,OBC-NCL,5452
20428,GEN-EWS,2861
20429,GEN,
20430,GEN,
20430,GEN,
20432,GEN,
20433,OBC-NCL,5453
20434,GEN,
20435,GEN,
20436,GEN,
20437,GEN,
20438,GEN,
20439,GEN,
20440,GEN,
20441,GEN-EWS,2862
20442,OBC-NCL,5454
20443,GEN,
20443,OBC-NCL,5455
20445,OBC-NCL,5456
20446,GEN,
20447,OBC-NCL,5457
20448,GEN,
20449,GEN,
20450,GEN-EWS,2863
20451,GEN-EWS,2864
20452,GEN-EWS,2865
20453,GEN-EWS,2866
20454,OBC-NCL,5458
20455,OBC-NCL,5459
20456,OBC-NCL,5460
20457,GEN,
20458,GEN-EWS,2867
20459,OBC-NCL,5461
20460,GEN-EWS,2868
20461,OBC-NCL,5462
20462,GEN,
20463,GEN,
20464,GEN,
20465,GEN,
20466,SC,595
20467,GEN,
20468,SC,596
20469,GEN,
20470,OBC-NCL,5463
20471,GEN-EWS,2869
20472,GEN,
20473,GEN,
20474,GEN,
20475,OBC-NCL,5464
20476,OBC-NCL,5465
20477,GEN,
20478,GEN-EWS,2870
20479,GEN,
20480,GEN,
20481,OBC-NCL,5466
20482,GEN,
20483,GEN,
20484,ST,182
20485,OBC-NCL,5467
20486,OBC-NCL,5468
20487,GEN-EWS,2872
20488,GEN-EWS,2873
20489,OBC-NCL,5469
20490,OBC-NCL,5470
20491,GEN,
20492,GEN,
20493,OBC-NCL,5471
20494,OBC-NCL,5472
20495,GEN,
20496,GEN,
20497,GEN,
20498,OBC-NCL,5473
20499,GEN,
20500,GEN,
20501,OBC-NCL,5474
20502,OBC-NCL,5475
20503,OBC-NCL,5476
20504,GEN,
20505,OBC-NCL,5477
20506,OBC-NCL,5478
20507,GEN,
20508,GEN,
20509,OBC-NCL,5479
20510,OBC-NCL,5480
20511,GEN,
20512,GEN,
20513,GEN,
20514,OBC-NCL,5481
20515,GEN-EWS,2874
20516,GEN,
20517,OBC-NCL,5482
20518,OBC-NCL,5483
20519,GEN,
20520,GEN,
20521,OBC-NCL,5485
20522,GEN,
20523,GEN,
20524,OBC-NCL,5486
20525,GEN,
20526,OBC-NCL,5487
20527,SC,597
20528,GEN-EWS,2875
20529,GEN-EWS,2876
20530,GEN,
20531,GEN,
20532,OBC-NCL,5488
20533,GEN-EWS,2877
20534,GEN,
20535,OBC-NCL,5489
20536,GEN-EWS,2878
20537,GEN,
20538,OBC-NCL,5490
20538,OBC-NCL,5490
20540,OBC-NCL,5492
20541,GEN,
20542,GEN,
20543,OBC-NCL,5493
20544,GEN,
20545,OBC-NCL,5494
20546,OBC-NCL,5495
20547,OBC-NCL,5496
20548,GEN,
20549,OBC-NCL,5497
20550,OBC-NCL,5498
20551,OBC-NCL,5499
20552,GEN,
20553,GEN,
20554,GEN,
20555,GEN,
20556,OBC-NCL,5500
20557,GEN,
20558,GEN,
20559,GEN-EWS,2879
20560,GEN,
20561,GEN,
20562,OBC-NCL,5501
20563,GEN-EWS,2880
20564,GEN,
20565,SC,598
20566,OBC-NCL,5502
20567,GEN,
20568,GEN,
20569,GEN,
20570,OBC-NCL,5503
20571,OBC-NCL,5504
20572,OBC-NCL,5505
20573,GEN-EWS,2881
20574,OBC-NCL,5506
20575,OBC-NCL,5507
20576,GEN-EWS,2882
20577,GEN,
20578,OBC-NCL,5508
20579,GEN-EWS,2883
20580,GEN-EWS,2884
20581,OBC-NCL,5509
20582,GEN,
20583,OBC-NCL,5510
20584,GEN-EWS,2885
20585,GEN,
20586,GEN-EWS,2886
20587,GEN,
20588,GEN,
20589,OBC-NCL,5511
20590,OBC-NCL,5512
20591,GEN,
20592,OBC-NCL,5513
20593,GEN,
20594,OBC-NCL,5514
20595,OBC-NCL,5515
20596,OBC-NCL,5516
20597,GEN,
20598,GEN,
20599,OBC-NCL,5517
20600,GEN,
20601,GEN,
20602,GEN,
20603,GEN,
20604,OBC-NCL,5518
20605,OBC-NCL,5519
20606,OBC-NCL,5520
20607,GEN,
20608,GEN,
20609,GEN,
20610,OBC-NCL,5521
20611,OBC-NCL,5522
20612,GEN,
20613,GEN,
20614,SC,599
20615,OBC-NCL,5523
20616,OBC-NCL,5524
20617,SC,600
20618,GEN,
20619,OBC-NCL,5526
20620,OBC-NCL,5527
20621,GEN,
20622,GEN,
20623,GEN-EWS,2887
20624,GEN,
20625,GEN-EWS,2888
20626,OBC-NCL,5528
20627,OBC-NCL,5529
20628,OBC-NCL,5530
20629,GEN,
20630,OBC-NCL,5531
20631,ST,183
20632,GEN,
20633,GEN,
20634,GEN,
20635,GEN,
20636,OBC-NCL,5532
20637,OBC-NCL,5533
20638,GEN,
20639,OBC-NCL,5534
20640,SC,601
20641,GEN,
20642,OBC-NCL,5535
20643,GEN,
20644,GEN-EWS,2889
20645,OBC-NCL,5536
20646,GEN,
20647,GEN,
20648,GEN,
20649,GEN,
20650,GEN,
20651,GEN-EWS,2890
20652,GEN,
20653,GEN-EWS,2891
20654,OBC-NCL,5537
20655,OBC-NCL,5538
20656,GEN,
20657,GEN,
20658,OBC-NCL,5539
20659,GEN-EWS,2892
20660,OBC-NCL,5540
20661,GEN,
20662,OBC-NCL,5541
20663,GEN,
20664,GEN,
20665,GEN,
20666,GEN,
20667,GEN,
20668,OBC-NCL,5542
20669,GEN,
20670,GEN-EWS,2893
20671,GEN,
20672,OBC-NCL,5543
20673,GEN,
20674,GEN,
20675,GEN,
20676,GEN,
20677,GEN,
20678,GEN,
20679,GEN,
20680,GEN,
20681,GEN-EWS,2894
20682,GEN-EWS,2895
20683,GEN,
20684,GEN,
20685,GEN,
20686,GEN,
20687,GEN-EWS,2896
20688,GEN-EWS,2897
20689,GEN,
20690,GEN,
20691,GEN,
20692,GEN,
20693,GEN-EWS,2898
20694,GEN-EWS,2899
20695,GEN,
20696,GEN,
20697,GEN-EWS,2900
20698,GEN,
20699,GEN,
20700,GEN,
20701,OBC-NCL,5544
20702,OBC-NCL,5545
20703,GEN,
20704,OBC-NCL,5546
20705,GEN-EWS,2901
20706,GEN,
20707,OBC-NCL,5547
20708,GEN,
20709,OBC-NCL,5548
20710,GEN-EWS,2902
20711,GEN-EWS,2903
20712,OBC-NCL,5549
20713,GEN,
20714,GEN-EWS,2904
20715,GEN,
20716,GEN-EWS,2905
20717,GEN,
20718,GEN,
20719,OBC-NCL,5550
20720,SC,602
20721,OBC-NCL,5551
20722,OBC-NCL,5552
20723,GEN-EWS,2906
20724,GEN,
20725,OBC-NCL,5553
20726,GEN,
20727,GEN,
20728,OBC-NCL,5554
20729,GEN,
20730,GEN,
20731,GEN,
20732,GEN,
20733,GEN,
20734,GEN,
20735,OBC-NCL,5555
20736,SC,603
20737,GEN,
20738,GEN,
20739,GEN,
20740,GEN-EWS,2907
20741,GEN,
20742,GEN-EWS,2908
20743,GEN,
20744,GEN,
20745,OBC-NCL,5556
20746,OBC-NCL,5557
20747,GEN,
20748,GEN,
20749,SC,604
20750,GEN,
20751,GEN,
20752,GEN,
20753,OBC-NCL,5558
20754,GEN,
20755,OBC-NCL,5559
20756,GEN,
20757,OBC-NCL,5560
20758,OBC-NCL,5561
20759,GEN,
20760,GEN,
20761,GEN,
20762,GEN,
20763,SC,605
20764,GEN-EWS,2909
20765,OBC-NCL,5562
20766,OBC-NCL,5563
20767,OBC-NCL,5564
20768,GEN,
20769,OBC-NCL,5565
20770,GEN-EWS,2910
20771,SC,606
20772,GEN,
20773,OBC-NCL,5566
20774,OBC-NCL,5567
20775,OBC-NCL,5568
20776,GEN,
20777,GEN-EWS,2911
20778,GEN,
20779,GEN,
20780,OBC-NCL,5569
20781,GEN,
20781,GEN-EWS,2912
20783,GEN-EWS,2913
20784,GEN,
20785,GEN,
20786,GEN,
20787,GEN,
20788,GEN,
20789,GEN,
20790,GEN-EWS,2914
20791,OBC-NCL,5570
20792,GEN-EWS,2915
20793,GEN,
20794,GEN,
20795,OBC-NCL,5571
20796,GEN,
20797,OBC-NCL,5572
20798,OBC-NCL,5573
20799,GEN-EWS,2916
20800,OBC-NCL,5574
20801,GEN,
20802,OBC-NCL,5575
20803,GEN-EWS,2917
20804,GEN,
20805,GEN-EWS,2918
20806,GEN-EWS,2919
20807,GEN,
20808,GEN,
20809,GEN,
20809,OBC-NCL,5576
20811,OBC-NCL,5577
20812,GEN,
20813,GEN,
20814,GEN,
20815,OBC-NCL,5578
20816,GEN-EWS,2920
20817,GEN,
20818,GEN-EWS,2921
20819,OBC-NCL,5579
20820,GEN,
20821,GEN,
20822,SC,607
20823,OBC-NCL,5580
20824,GEN,
20825,ST,184
20826,GEN-EWS,2922
20827,GEN-EWS,2923
20828,GEN,
20829,GEN,
20830,GEN,
20831,GEN,
20832,OBC-NCL,5581
20833,OBC-NCL,5582
20834,GEN,
20835,GEN,
20836,OBC-NCL,5583
20837,GEN,
20838,GEN,
20839,GEN-EWS,2924
20840,GEN,
20841,GEN,
20842,GEN,
20843,GEN,
20844,OBC-NCL,5584
20845,OBC-NCL,5585
20846,GEN-EWS,2925
20847,GEN,
20848,GEN,
20849,GEN-EWS,2926
20850,GEN,
20851,OBC-NCL,5586
20852,OBC-NCL,5587
20853,OBC-NCL,5588
20854,GEN,
20855,GEN,
20856,GEN,
20857,GEN,
20858,GEN,
20859,GEN,
20860,GEN,
20861,GEN-EWS,2927
20862,GEN,
20863,GEN,
20864,GEN,
20865,GEN-EWS,2928
20866,GEN,
20867,GEN,
20868,GEN,
20869,GEN-EWS,2929
20870,GEN,
20871,GEN,
20872,SC,608
20873,GEN-EWS,2930
20874,ST,185
20875,GEN,
20876,OBC-NCL,5589
20877,GEN-EWS,2931
20878,OBC-NCL,5590
20879,OBC-NCL,5591
20880,GEN-EWS,2932
20881,OBC-NCL,5592
20882,GEN,
20883,GEN,
20884,OBC-NCL,5593
20885,GEN,
20886,OBC-NCL,5594
20887,GEN,
20888,GEN-EWS,2933
20889,GEN,
20890,OBC-NCL,5595
20891,SC,609
20892,GEN,
20893,GEN,
20894,GEN-EWS,2934
20895,SC,610
20896,GEN,
20897,GEN,
20898,GEN,
20899,SC,611
20900,GEN,
20901,OBC-NCL,5596
20902,GEN,
20903,GEN,
20904,GEN,
20905,OBC-NCL,5597
20906,OBC-NCL,5598
20907,GEN,
20908,GEN,
20909,GEN,
20910,GEN,
20911,GEN,
20912,GEN,
20913,SC,612
20914,GEN-EWS,2935
20915,GEN,
20916,OBC-NCL,5599
20917,GEN,
20918,GEN-EWS,2936
20919,GEN,
20920,OBC-NCL,5600
20921,GEN,
20922,GEN,
20923,OBC-NCL,5601
20924,OBC-NCL,5602
20925,GEN,
20926,GEN-EWS,2937
20927,GEN,
20928,GEN,
20929,GEN,
20930,GEN-EWS,2938
20931,GEN,
20932,GEN,
20933,GEN,
20934,GEN,
20935,GEN,
20936,GEN,
20937,OBC-NCL,5603
20938,GEN,
20939,GEN,
20940,ST,186
20941,GEN-EWS,2939
20942,GEN,
20943,OBC-NCL,5604
20944,OBC-NCL,5605
20945,OBC-NCL,5606
20946,GEN,
20947,OBC-NCL,5607
20948,OBC-NCL,5608
20949,GEN,
20950,GEN,
20951,OBC-NCL,5609
20952,GEN-EWS,2940
20953,GEN,
20954,GEN,
20955,GEN,
20956,OBC-NCL,5610
20957,GEN,
20958,GEN,
20959,GEN,
20960,GEN,
20961,OBC-NCL,5611
20962,OBC-NCL,5612
20963,OBC-NCL,5613
20964,GEN,
20965,SC,613
20966,GEN-EWS,2941
20967,SC,614
20968,GEN,
20969,GEN,
20970,OBC-NCL,5614
20971,GEN-EWS,2942
20972,OBC-NCL,5615
20973,GEN,
20974,GEN,
20975,GEN,
20976,GEN,
20977,GEN,
20978,OBC-NCL,5616
20979,SC,615
20980,GEN,
20981,OBC-NCL,5617
20982,GEN,
20983,OBC-NCL,5618
20984,GEN,
20985,GEN,
20986,OBC-NCL,5619
20987,OBC-NCL,5620
20988,GEN,
20989,GEN,
20990,OBC-NCL,5621
20991,GEN-EWS,2943
20992,OBC-NCL,5622
20993,GEN,
20994,OBC-NCL,5623
20995,OBC-NCL,5624
20996,GEN-EWS,2944
20997,GEN,
20998,GEN,
20999,OBC-NCL,5625
21000,GEN-EWS,2945
21001,GEN,
21002,GEN-EWS,2946
21003,OBC-NCL,5626
21004,GEN,
21005,OBC-NCL,5627
21006,GEN,
21007,SC,616
21008,GEN-EWS,2947
21009,GEN,
21010,GEN,
21011,GEN,
21012,SC,617
21013,GEN,
21014,SC,618
21015,GEN-EWS,2948
21016,OBC-NCL,5628
21017,GEN,
21018,GEN-EWS,2949
21019,OBC-NCL,5629
21020,OBC-NCL,5630
21021,GEN-EWS,2950
21022,GEN,
21023,OBC-NCL,5631
21024,GEN,
21025,OBC-NCL,5632
21026,OBC-NCL,5633
21027,SC,619
21028,GEN,
21029,OBC-NCL,5634
21030,GEN-EWS,2951
21031,GEN,
21032,OBC-NCL,5635
21033,GEN,
21034,GEN-EWS,2952
21035,GEN,
21036,OBC-NCL,5636
21037,GEN,
21038,GEN,
21039,OBC-NCL,5637
21040,GEN-EWS,2953
21041,GEN-EWS,2954
21042,GEN,
21043,OBC-NCL,5639
21044,OBC-NCL,5640
21045,GEN,
21046,GEN,
21047,SC,620
21048,OBC-NCL,5641
21049,GEN,
21050,GEN,
21051,OBC-NCL,5642
21052,GEN-EWS,2955
21053,GEN-EWS,2956
21054,GEN-EWS,2957
21055,GEN,
21056,GEN,
21057,GEN-EWS,2958
21058,GEN,
21059,GEN-EWS,2959
21060,GEN,
21061,GEN,
21062,GEN,
21063,GEN,
21063,OBC-NCL,5643
21065,GEN-EWS,2960
21066,OBC-NCL,5644
21067,GEN-EWS,2961
21068,GEN,
21069,OBC-NCL,5645
21070,GEN,
21071,GEN,
21072,GEN-EWS,2962
21073,OBC-NCL,5646
21074,OBC-NCL,5647
21075,GEN,
21076,GEN-EWS,2963
21077,GEN,
21078,GEN,
21079,GEN,
21080,GEN,
21081,GEN,
21082,GEN,
21083,OBC-NCL,5648
21084,GEN,
21085,OBC-NCL,5649
21086,GEN,
21087,GEN,
21088,GEN,
21089,GEN,
21090,GEN,
21091,GEN,
21092,GEN,
21093,SC,621
21094,GEN,
21095,OBC-NCL,5650
21096,GEN-EWS,2964
21097,OBC-NCL,5651
21098,OBC-NCL,5652
21099,GEN,
21100,GEN-EWS,2965
21101,GEN,
21102,OBC-NCL,5653
21103,SC,622
21104,GEN-EWS,2966
21105,SC,623
21106,GEN-EWS,2967
21107,GEN,
21108,OBC-NCL,5654
21109,GEN,
21110,GEN-EWS,2968
21111,GEN,
21112,GEN,
21113,GEN,
21114,OBC-NCL,5655
21115,SC,624
21116,GEN,
21117,OBC-NCL,5656
21118,OBC-NCL,5657
21119,GEN,
21120,GEN,
21121,OBC-NCL,5658
21122,ST,187
21123,GEN,
21124,OBC-NCL,5659
21125,OBC-NCL,5660
21126,GEN,
21127,GEN,
21128,OBC-NCL,5661
21129,GEN-EWS,2969
21130,OBC-NCL,5662
21131,OBC-NCL,5663
21132,OBC-NCL,5664
21133,GEN,
21134,GEN,
21134,OBC-NCL,5665
21136,GEN,
21137,GEN,
21138,GEN,
21139,GEN,
21140,OBC-NCL,5666
21141,GEN,
21142,GEN,
21143,OBC-NCL,5667
21144,GEN,
21145,OBC-NCL,5668
21146,GEN,
21147,OBC-NCL,5669
21148,ST,188
21149,GEN-EWS,2970
21150,OBC-NCL,5670
21151,OBC-NCL,5671
21152,ST,189
21153,OBC-NCL,5672
21154,SC,625
21155,GEN,
21156,GEN-EWS,2971
21157,GEN,
21158,OBC-NCL,5673
21159,GEN,
21160,OBC-NCL,5674
21161,SC,626
21162,SC,627
21163,OBC-NCL,5675
21164,ST,190
21165,GEN-EWS,2972
21166,GEN,
21167,OBC-NCL,5676
21168,GEN,
21169,GEN,
21170,OBC-NCL,5677
21171,GEN-EWS,2973
21172,OBC-NCL,5678
21173,GEN,
21174,GEN,
21175,OBC-NCL,5679
21176,OBC-NCL,5680
21177,GEN,
21178,GEN,
21179,GEN,
21180,GEN,
21180,GEN,
21182,GEN,
21183,GEN,
21184,GEN,
21185,OBC-NCL,5681
21186,OBC-NCL,5682
21187,OBC-NCL,5683
21188,OBC-NCL,5684
21189,GEN-EWS,2974
21190,GEN,
21191,OBC-NCL,5685
21192,GEN,
21193,GEN,
21194,GEN,
21195,OBC-NCL,5686
21196,OBC-NCL,5687
21197,GEN,
21198,OBC-NCL,5688
21199,OBC-NCL,5689
21200,GEN,
21201,OBC-NCL,5690
21202,OBC-NCL,5691
21203,OBC-NCL,5692
21204,GEN,
21205,GEN,
21206,GEN,
21207,GEN,
21208,SC,628
21209,OBC-NCL,5693
21210,GEN-EWS,2975
21211,ST,191
21212,GEN,
21213,OBC-NCL,5694
21214,OBC-NCL,5695
21215,GEN,
21216,GEN-EWS,2976
21217,GEN,
21218,GEN-EWS,2977
21219,GEN,
21220,GEN-EWS,2978
21221,OBC-NCL,5696
21222,GEN,
21223,GEN,
21224,OBC-NCL,5697
21225,GEN,
21226,OBC-NCL,5698
21227,GEN,
21228,GEN,
21229,OBC-NCL,5699
21230,GEN,
21231,GEN,
21232,GEN,
21233,GEN,
21234,GEN,
21235,GEN,
21236,GEN-EWS,2979
21237,SC,629
21238,GEN,
21239,GEN,
21240,OBC-NCL,5700
21241,GEN,
21242,GEN,
21243,GEN-EWS,2980
21244,OBC-NCL,5701
21245,SC,630
21246,GEN,
21247,OBC-NCL,5702
21248,OBC-NCL,5703
21249,GEN-EWS,2981
21250,GEN-EWS,2982
21251,GEN,
21252,OBC-NCL,5704
21253,GEN-EWS,2983
21254,GEN,
21255,GEN-EWS,2984
21256,GEN,
21257,OBC-NCL,5705
21258,GEN,
21259,GEN,
21260,GEN,
21261,GEN,
21262,GEN-EWS,2985
21263,GEN,
21264,GEN,
21265,OBC-NCL,5706
21266,OBC-NCL,5707
21267,OBC-NCL,5709
21268,GEN,
21269,OBC-NCL,5710
21270,GEN,
21271,OBC-NCL,5711
21272,GEN-EWS,2986
21273,OBC-NCL,5712
21274,OBC-NCL,5713
21275,GEN-EWS,2987
21276,OBC-NCL,5714
21277,GEN,
21278,GEN,
21279,GEN-EWS,2988
21280,GEN,
21281,OBC-NCL,5715
21282,GEN,
21283,GEN,
21284,GEN,
21285,GEN,
21286,GEN,
21287,GEN,
21288,OBC-NCL,5716
21289,GEN,
21290,GEN-EWS,2989
21291,OBC-NCL,5717
21292,GEN,
21293,GEN,
21294,GEN,
21295,OBC-NCL,5718
21296,GEN-EWS,2990
21297,GEN,
21298,OBC-NCL,5719
21299,GEN,
21300,GEN-EWS,2991
21301,GEN-EWS,2992
21302,OBC-NCL,5720
21303,OBC-NCL,5721
21304,GEN,
21305,GEN-EWS,2993
21306,GEN,
21307,OBC-NCL,5722
21308,GEN,
21309,GEN,
21310,OBC-NCL,5723
21311,OBC-NCL,5724
21312,GEN-EWS,2994
21313,GEN,
21314,GEN,
21314,OBC-NCL,5725
21316,GEN,
21317,GEN,
21318,OBC-NCL,5726
21319,SC,631
21320,GEN-EWS,2995
21321,GEN-EWS,2996
21322,OBC-NCL,5727
21323,OBC-NCL,5728
21324,OBC-NCL,5729
21325,GEN,
21326,GEN,
21327,OBC-NCL,5730
21328,SC,632
21329,GEN,
21330,GEN,
21331,SC,633
21332,OBC-NCL,5731
21333,GEN-EWS,2997
21334,GEN,
21334,OBC-NCL,5732
21336,OBC-NCL,5733
21337,OBC-NCL,5734
21338,GEN,
21339,GEN-EWS,2998
21340,GEN,
21340,OBC-NCL,5735
21342,OBC-NCL,5736
21343,OBC-NCL,5737
21344,GEN,
21345,GEN-EWS,2999
21346,OBC-NCL,5738
21347,SC,634
21348,OBC-NCL,5739
21349,SC,635
21350,OBC-NCL,5740
21351,OBC-NCL,5741
21352,GEN,
21353,GEN,
21354,GEN-EWS,3000
21355,GEN-EWS,3001
21356,GEN-EWS,3002
21357,GEN,
21358,OBC-NCL,5742
21359,GEN-EWS,3003
21360,GEN,
21361,GEN,
21362,OBC-NCL,5743
21363,OBC-NCL,5744
21364,OBC-NCL,5745
21365,GEN,
21366,GEN,
21367,OBC-NCL,5746
21368,GEN-EWS,3004
21369,GEN,
21370,GEN,
21371,OBC-NCL,5747
21372,OBC-NCL,5748
21373,GEN-EWS,3005
21374,OBC-NCL,5749
21375,GEN,
21376,GEN,
21377,GEN,
21378,GEN,
21379,GEN,
21380,GEN,
21381,OBC-NCL,5750
21382,GEN,
21383,GEN-EWS,3006
21384,OBC-NCL,5751
21385,OBC-NCL,5752
21386,GEN,
21387,GEN,
21388,GEN,
21389,OBC-NCL,5753
21390,GEN,
21391,OBC-NCL,5754
21392,OBC-NCL,5755
21393,GEN,
21394,GEN,
21395,OBC-NCL,5756
21396,OBC-NCL,5757
21397,GEN,
21398,GEN,
21399,OBC-NCL,5758
21400,ST,192
21401,GEN,
21402,GEN,
21403,GEN,
21404,GEN,
21405,OBC-NCL,5759
21406,GEN,
21407,OBC-NCL,5760
21408,GEN,
21409,OBC-NCL,5761
21410,GEN,
21411,GEN,
21412,GEN-EWS,3007
21413,OBC-NCL,5762
21414,GEN-EWS,3008
21415,OBC-NCL,5763
21416,GEN-EWS,3009
21417,OBC-NCL,5764
21418,GEN,
21419,GEN,
21420,GEN-EWS,3010
21421,GEN,
21422,GEN,
21423,GEN,
21424,GEN,
21425,OBC-NCL,5766
21426,GEN-EWS,3011
21427,OBC-NCL,5767
21428,SC,636
21429,GEN-EWS,3012
21430,GEN,
21431,OBC-NCL,5768
21432,GEN-EWS,3013
21433,GEN,
21434,GEN,
21435,GEN-EWS,3014
21436,GEN-EWS,3015
21437,GEN,
21438,GEN-EWS,3016
21439,GEN,
21440,OBC-NCL,5769
21441,GEN-EWS,3017
21442,SC,637
21443,GEN,
21444,GEN,
21445,GEN-EWS,3018
21446,GEN-EWS,3019
21447,GEN,
21448,GEN,
21449,GEN,
21450,GEN,
21451,OBC-NCL,5770
21452,GEN,
21453,OBC-NCL,5771
21454,GEN-EWS,3020
21455,OBC-NCL,5772
21456,GEN,
21457,GEN-EWS,3021
21458,GEN,
21459,GEN,
21460,OBC-NCL,5773
21461,OBC-NCL,5774
21462,GEN,
21463,OBC-NCL,5775
21464,OBC-NCL,5776
21465,GEN,
21466,OBC-NCL,5777
21467,OBC-NCL,5778
21468,GEN,
21469,SC,638
21470,OBC-NCL,5779
21471,GEN-EWS,3022
21472,SC,639
21473,OBC-NCL,5780
21474,GEN,
21475,GEN,
21476,GEN,
21477,GEN,
21478,GEN,
21479,GEN,
21479,GEN,
21481,GEN,
21482,GEN-EWS,3023
21483,GEN,
21484,GEN,
21485,GEN-EWS,3024
21486,GEN,
21487,GEN,
21488,GEN,
21489,GEN,
21490,OBC-NCL,5781
21491,GEN-EWS,3025
21492,GEN,
21493,GEN-EWS,3026
21494,GEN,
21495,GEN,
21496,OBC-NCL,5783
21497,GEN,
21498,GEN,
21499,GEN,
21500,OBC-NCL,5784
21501,GEN,
21502,GEN,
21503,GEN,
21504,GEN,
21505,GEN,
21506,OBC-NCL,5785
21507,OBC-NCL,5786
21508,GEN,
21509,GEN,
21510,GEN,
21511,GEN,
21512,GEN,
21513,OBC-NCL,5787
21514,GEN,
21514,OBC-NCL,5788
21516,OBC-NCL,5789
21517,GEN,
21518,GEN,
21519,OBC-NCL,5790
21520,OBC-NCL,5791
21521,GEN,
21522,GEN,
21523,GEN,
21524,OBC-NCL,5792
21525,OBC-NCL,5793
21526,GEN,
21527,GEN,
21528,GEN-EWS,3027
21529,GEN-EWS,3028
21530,OBC-NCL,5794
21531,GEN,
21532,GEN,
21533,OBC-NCL,5795
21534,GEN,
21535,SC,640
21536,OBC-NCL,5796
21537,GEN,
21538,GEN,
21539,OBC-NCL,5797
21540,OBC-NCL,5798
21541,GEN,
21542,GEN,
21543,SC,642
21544,GEN,
21545,OBC-NCL,5799
21546,OBC-NCL,5800
21547,GEN,
21548,GEN,
21549,GEN,
21550,OBC-NCL,5801
21551,GEN,
21552,OBC-NCL,5802
21553,GEN-EWS,3029
21554,OBC-NCL,5803
21555,OBC-NCL,5804
21556,OBC-NCL,5805
21557,GEN,
21558,GEN,
21559,OBC-NCL,5806
21560,OBC-NCL,5807
21561,OBC-NCL,5808
21562,GEN,
21563,GEN,
21563,GEN,
21565,GEN-EWS,3030
21566,OBC-NCL,5809
21567,GEN,
21568,GEN,
21569,OBC-NCL,5810
21570,GEN,
21571,GEN,
21572,GEN-EWS,3031
21573,OBC-NCL,5811
21574,GEN-EWS,3032
21575,GEN,
21576,OBC-NCL,5812
21577,GEN,
21578,GEN,
21579,GEN-EWS,3033
21580,GEN,
21581,GEN,
21582,GEN,
21583,GEN-EWS,3034
21584,GEN-EWS,3036
21585,GEN,
21586,GEN,
21587,GEN,
21588,GEN,
21589,GEN,
21590,GEN,
21591,GEN-EWS,3037
21592,OBC-NCL,5814
21593,GEN,
21594,GEN-EWS,3038
21595,OBC-NCL,5815
21596,SC,644
21597,GEN,
21598,OBC-NCL,5816
21599,GEN-EWS,3039
21600,OBC-NCL,5817
21601,GEN,
21602,OBC-NCL,5818
21603,GEN,
21604,GEN-EWS,3040
21605,OBC-NCL,5819
21606,SC,645
21607,GEN,
21608,OBC-NCL,5820
21609,GEN,
21610,GEN,
21611,GEN,
21612,GEN,
21613,GEN,
21614,GEN,
21615,OBC-NCL,5821
21616,OBC-NCL,5823
21617,GEN,
21618,GEN,
21619,GEN,
21620,GEN-EWS,3041
21621,GEN,
21622,GEN,
21623,GEN,
21624,GEN,
21625,GEN,
21626,GEN-EWS,3042
21627,GEN,
21628,OBC-NCL,5824
21629,OBC-NCL,5825
21630,GEN,
21631,GEN,
21632,GEN,
21633,OBC-NCL,5826
21634,OBC-NCL,5827
21635,GEN,
21636,OBC-NCL,5828
21637,GEN,
21638,OBC-NCL,5829
21639,OBC-NCL,5830
21640,GEN,
21641,GEN,
21642,GEN-EWS,3043
21643,OBC-NCL,5831
21644,GEN,
21645,OBC-NCL,5832
21646,OBC-NCL,5833
21647,OBC-NCL,5834
21648,OBC-NCL,5835
21649,GEN-EWS,3044
21650,ST,193
21651,GEN,
21652,OBC-NCL,5836
21653,GEN,
21654,OBC-NCL,5837
21655,OBC-NCL,5838
21656,OBC-NCL,5839
21657,GEN-EWS,3045
21658,GEN,
21659,GEN,
21660,OBC-NCL,5840
21661,GEN-EWS,3046
21662,GEN,
21663,GEN,
21664,OBC-NCL,5841
21665,GEN,
21666,GEN,
21667,GEN-EWS,3047
21668,GEN,
21669,OBC-NCL,5842
21670,OBC-NCL,5843
21671,GEN,
21672,OBC-NCL,5844
21673,GEN,
21674,GEN-EWS,3048
21675,ST,194
21676,GEN,
21677,OBC-NCL,5845
21678,GEN,
21679,OBC-NCL,5846
21680,OBC-NCL,5847
21681,GEN,
21682,OBC-NCL,5848
21683,GEN-EWS,3049
21684,OBC-NCL,5849
21685,GEN,
21686,GEN-EWS,3050
21687,OBC-NCL,5850
21688,GEN,
21689,OBC-NCL,5851
21690,GEN,
21691,GEN,
21692,GEN,
21693,GEN,
21694,GEN,
21695,GEN-EWS,3051
21696,GEN,
21697,OBC-NCL,5852
21698,GEN,
21698,OBC-NCL,5853
21700,GEN-EWS,3052
21701,GEN,
21702,GEN-EWS,3053
21703,GEN-EWS,3054
21704,GEN,
21705,ST,195
21706,GEN,
21707,GEN,
21708,GEN-EWS,3055
21709,GEN,
21710,OBC-NCL,5854
21711,GEN-EWS,3056
21712,GEN,
21713,OBC-NCL,5855
21714,GEN,
21715,GEN,
21716,OBC-NCL,5856
21717,GEN,
21718,OBC-NCL,5857
21719,GEN,
21720,GEN,
21721,OBC-NCL,5858
21722,GEN,
21723,OBC-NCL,5859
21724,GEN-EWS,3058
21725,GEN,
21726,OBC-NCL,5860
21727,OBC-NCL,5861
21728,GEN,
21729,GEN,
21730,OBC-NCL,5862
21731,GEN,
21732,GEN,
21733,GEN,
21734,GEN,
21735,SC,646
21736,OBC-NCL,5863
21737,GEN,
21738,OBC-NCL,5864
21739,OBC-NCL,5865
21740,OBC-NCL,5866
21741,OBC-NCL,5867
21742,GEN,
21743,GEN-EWS,3059
21744,SC,647
21745,GEN,
21746,ST,196
21747,GEN-EWS,3060
21748,GEN,
21749,OBC-NCL,5868
21750,GEN,
21751,GEN,
21752,GEN,
21753,OBC-NCL,5869
21754,GEN,
21755,GEN-EWS,3061
21756,GEN,
21757,GEN,
21758,GEN,
21759,GEN,
21760,OBC-NCL,5870
21761,OBC-NCL,5871
21762,GEN-EWS,3062
21763,GEN-EWS,3063
21764,GEN,
21765,OBC-NCL,5872
21766,GEN,
21767,OBC-NCL,5873
21768,GEN,
21769,GEN-EWS,3064
21769,OBC-NCL,5874
21771,GEN-EWS,3065
21772,GEN,
21773,GEN-EWS,3066
21774,OBC-NCL,5875
21775,GEN,
21776,GEN-EWS,3067
21777,GEN,
21778,OBC-NCL,5876
21779,OBC-NCL,5877
21780,GEN-EWS,3068
21781,GEN,
21782,OBC-NCL,5878
21783,GEN,
21784,GEN,
21785,SC,648
21786,GEN,
21787,SC,649
21788,OBC-NCL,5879
21789,SC,650
21790,OBC-NCL,5880
21791,GEN,
21792,GEN,
21793,OBC-NCL,5881
21794,GEN-EWS,3069
21795,OBC-NCL,5882
21796,SC,651
21797,OBC-NCL,5883
21798,GEN,
21799,SC,652
21800,GEN,
21801,GEN-EWS,3070
21802,OBC-NCL,5884
21803,SC,653
21804,GEN,
21805,GEN,
21806,OBC-NCL,5885
21807,GEN,
21808,OBC-NCL,5886
21809,GEN-EWS,3071
21810,OBC-NCL,5887
21811,GEN-EWS,3072
21812,OBC-NCL,5888
21813,OBC-NCL,5889
21814,GEN,
21815,GEN-EWS,3073
21816,OBC-NCL,5890
21817,GEN-EWS,3074
21818,GEN-EWS,3075
21819,OBC-NCL,5891
21820,GEN,
21821,GEN,
21822,ST,197
21823,OBC-NCL,5892
21824,GEN,
21825,GEN,
21826,OBC-NCL,5893
21827,GEN-EWS,3076
21828,OBC-NCL,5894
21829,GEN-EWS,3077
21830,GEN-EWS,3078
21831,GEN-EWS,3079
21832,GEN,
21833,GEN,
21834,GEN,
21835,OBC-NCL,5895
21836,OBC-NCL,5896
21837,OBC-NCL,5897
21838,GEN-EWS,3080
21839,GEN,
21840,OBC-NCL,5898
21841,GEN,
21842,GEN,
21843,GEN,
21844,OBC-NCL,5899
21845,GEN,
21846,GEN,
21847,GEN,
21848,GEN-EWS,3081
21849,GEN,
21850,ST,198
21851,GEN,
21852,GEN-EWS,3082
21853,OBC-NCL,5900
21854,GEN-EWS,3083
21855,SC,654
21856,GEN,
21857,GEN,
21858,OBC-NCL,5901
21859,GEN-EWS,3084
21860,GEN-EWS,3085
21861,GEN,
21862,GEN,
21863,GEN,
21864,OBC-NCL,5902
21865,OBC-NCL,5903
21866,GEN,
21867,GEN-EWS,3086
21868,GEN,
21869,GEN-EWS,3087
21870,GEN,
21871,GEN,
21872,SC,655
21873,SC,656
21874,OBC-NCL,5904
21875,GEN,
21876,GEN,
21877,SC,657
21878,GEN,
21879,GEN,
21880,GEN,
21881,GEN,
21882,OBC-NCL,5905
21883,GEN-EWS,3089
21884,GEN-EWS,3090
21885,GEN,
21886,OBC-NCL,5906
21887,OBC-NCL,5907
21888,GEN,
21889,OBC-NCL,5908
21890,GEN,
21891,OBC-NCL,5909
21892,GEN-EWS,3091
21893,OBC-NCL,5910
21894,OBC-NCL,5911
21895,GEN,
21896,GEN,
21897,GEN,
21898,GEN,
21899,SC,658
21900,GEN,
21901,OBC-NCL,5912
21902,SC,659
21903,GEN,
21904,OBC-NCL,5913
21905,OBC-NCL,5914
21906,GEN,
21907,GEN,
21908,GEN,
21909,GEN,
21910,GEN,
21911,GEN,
21912,OBC-NCL,5915
21913,GEN-EWS,3092
21914,OBC-NCL,5916
21915,OBC-NCL,5917
21916,GEN,
21917,OBC-NCL,5918
21918,GEN-EWS,3093
21919,GEN,
21920,GEN-EWS,3094
21921,SC,660
21922,GEN,
21923,OBC-NCL,5919
21924,GEN,
21925,OBC-NCL,5920
21926,GEN,
21927,GEN-EWS,3095
21928,GEN,
21929,OBC-NCL,5921
21930,GEN,
21931,OBC-NCL,5922
21932,GEN,
21933,OBC-NCL,5923
21934,GEN-EWS,3096
21935,GEN,
21936,GEN-EWS,3097
21937,GEN,
21938,OBC-NCL,5924
21939,OBC-NCL,5925
21940,GEN,
21941,GEN-EWS,3098
21942,GEN-EWS,3099
21943,GEN,
21944,GEN,
21945,GEN,
21946,GEN,
21947,GEN,
21948,OBC-NCL,5926
21949,GEN,
21950,OBC-NCL,5927
21951,GEN,
21952,OBC-NCL,5928
21953,GEN-EWS,3100
21954,GEN,
21955,GEN-EWS,3101
21956,OBC-NCL,5929
21957,GEN-EWS,3102
21958,OBC-NCL,5930
21959,SC,661
21960,GEN,
21961,GEN-EWS,3103
21962,GEN,
21963,GEN,
21964,GEN,
21965,OBC-NCL,5931
21966,GEN-EWS,3104
21967,GEN,
21968,OBC-NCL,5932
21969,GEN,
21970,OBC-NCL,5933
21971,GEN,
21972,OBC-NCL,5934
21973,GEN-EWS,3105
21974,OBC-NCL,5935
21975,OBC-NCL,5936
21976,OBC-NCL,5937
21977,OBC-NCL,5938
21978,GEN,
21979,GEN-EWS,3106
21980,GEN,
21981,GEN-EWS,3107
21982,OBC-NCL,5939
21983,GEN,
21984,GEN,
21985,GEN,
21986,GEN,
21987,OBC-NCL,5940
21988,GEN,
21989,GEN,
21990,GEN,
21991,GEN,
21992,GEN,
21993,GEN,
21994,GEN-EWS,3108
21995,OBC-NCL,5941
21996,ST,199
21997,GEN,
21998,OBC-NCL,5942
21999,GEN,
22000,GEN,
22001,GEN,
22002,GEN,
22003,GEN,
22004,OBC-NCL,5943
22005,GEN,
22006,OBC-NCL,5944
22007,GEN,
22008,OBC-NCL,5945
22009,OBC-NCL,5946
22010,GEN,
22011,GEN,
22012,GEN-EWS,3109
22013,OBC-NCL,5947
22014,OBC-NCL,5948
22015,OBC-NCL,5949
22016,OBC-NCL,5950
22017,GEN,
22018,GEN,
22019,OBC-NCL,5951
22020,GEN,
22021,OBC-NCL,5952
22022,GEN,
22023,OBC-NCL,5953
22024,OBC-NCL,5954
22025,GEN,
22026,OBC-NCL,5955
22027,GEN,
22028,GEN,
22029,GEN-EWS,3110
22030,GEN,
22031,OBC-NCL,5956
22032,GEN,
22033,GEN,
22034,OBC-NCL,5957
22035,GEN-EWS,3111
22036,GEN,
22037,GEN,
22038,GEN,
22039,GEN,
22040,GEN,
22041,GEN,
22041,GEN-EWS,3112
22041,OBC-NCL,5958
22044,GEN-EWS,3113
22045,OBC-NCL,5959
22046,GEN,
22047,GEN,
22048,GEN,
22049,GEN,
22050,OBC-NCL,5960
22051,OBC-NCL,5961
22052,GEN-EWS,3114
22053,OBC-NCL,5962
22054,OBC-NCL,5963
22055,OBC-NCL,5964
22056,GEN-EWS,3115
22057,GEN-EWS,3116
22058,GEN-EWS,3117
22059,GEN,
22060,GEN,
22060,OBC-NCL,5965
22062,ST,200
22063,GEN,
22064,GEN,
22065,GEN,
22066,GEN,
22067,GEN,
22067,OBC-NCL,5966
22069,GEN,
22070,GEN,
22071,OBC-NCL,5967
22072,OBC-NCL,5968
22073,GEN-EWS,3118
22074,SC,662
22075,GEN,
22076,GEN-EWS,3119
22077,OBC-NCL,5969
22078,GEN,
22079,GEN,
22080,GEN,
22081,GEN-EWS,3120
22082,GEN,
22083,SC,663
22084,GEN,
22085,OBC-NCL,5970
22086,GEN,
22087,OBC-NCL,5971
22088,OBC-NCL,5972
22089,GEN,
22090,GEN,
22091,GEN,
22092,SC,664
22093,SC,665
22094,GEN,
22095,OBC-NCL,5973
22096,OBC-NCL,5974
22097,GEN,
22098,OBC-NCL,5975
22099,GEN-EWS,3121
22100,OBC-NCL,5976
22101,GEN,
22102,GEN,
22103,SC,666
22104,GEN,
22105,OBC-NCL,5977
22106,GEN-EWS,3122
22106,OBC-NCL,5978
22108,GEN-EWS,3123
22109,GEN-EWS,3124
22110,OBC-NCL,5979
22111,GEN,
22112,GEN,
22113,GEN-EWS,3125
22114,OBC-NCL,5980
22115,GEN,
22116,GEN-EWS,3126
22117,GEN,
22118,GEN-EWS,3127
22119,OBC-NCL,5981
22120,OBC-NCL,5982
22121,GEN-EWS,3128
22122,GEN,
22123,OBC-NCL,5983
22124,GEN,
22125,GEN-EWS,3129
22126,OBC-NCL,5984
22127,OBC-NCL,5985
22128,GEN,
22129,GEN-EWS,3130
22130,GEN,
22131,GEN,
22132,GEN,
22133,GEN,
22134,GEN-EWS,3131
22135,OBC-NCL,5986
22136,GEN-EWS,3132
22137,GEN,
22138,GEN,
22139,OBC-NCL,5987
22140,SC,667
22141,GEN-EWS,3133
22142,GEN,
22142,GEN,
22144,GEN,
22145,GEN,
22146,GEN-EWS,3134
22147,OBC-NCL,5988
22148,OBC-NCL,5989
22149,OBC-NCL,5990
22150,GEN,
22151,GEN,
22152,OBC-NCL,5992
22153,OBC-NCL,5993
22154,GEN-EWS,3135
22155,GEN,
22156,OBC-NCL,5994
22157,SC,669
22158,GEN-EWS,3136
22159,OBC-NCL,5995
22160,OBC-NCL,5996
22161,OBC-NCL,5997
22162,SC,670
22163,GEN-EWS,3137
22164,GEN,
22165,OBC-NCL,5998
22166,GEN,
22167,GEN-EWS,3138
22168,GEN-EWS,3139
22169,OBC-NCL,5999
22170,GEN-EWS,3140
22171,GEN-EWS,3141
22172,GEN-EWS,3142
22173,OBC-NCL,6000
22174,GEN,
22175,GEN-EWS,3143
22176,GEN,
22177,OBC-NCL,6001
22178,GEN,
22179,GEN,
22180,GEN,
22181,GEN-EWS,3144
22182,GEN,
22183,OBC-NCL,6002
22184,GEN,
22185,GEN,
22186,OBC-NCL,6003
22187,GEN,
22187,GEN-EWS,3145
22189,OBC-NCL,6004
22190,OBC-NCL,6005
22191,OBC-NCL,6006
22192,GEN,
22193,OBC-NCL,6007
22194,GEN,
22195,GEN,
22196,GEN,
22196,OBC-NCL,6008
22198,GEN-EWS,3146
22199,GEN-EWS,3147
22200,GEN,
22201,GEN,
22202,GEN,
22203,OBC-NCL,6009
22204,GEN-EWS,3148
22205,SC,671
22206,GEN-EWS,3149
22207,SC,672
22208,GEN,
22209,GEN,
22210,GEN,
22211,GEN-EWS,3150
22212,GEN,
22213,GEN,
22214,GEN,
22215,GEN,
22216,OBC-NCL,6010
22217,ST,201
22218,GEN-EWS,3151
22219,OBC-NCL,6011
22220,GEN,
22221,OBC-NCL,6012
22222,GEN,
22223,GEN,
22224,OBC-NCL,6013
22225,GEN-EWS,3152
22226,GEN-EWS,3153
22227,OBC-NCL,6014
22228,GEN,
22229,GEN,
22230,OBC-NCL,6015
22231,GEN,
22232,OBC-NCL,6016
22233,GEN,
22234,GEN-EWS,3154
22235,GEN,
22236,GEN,
22237,GEN,
22238,OBC-NCL,6017
22239,GEN,
22240,GEN,
22241,OBC-NCL,6018
22242,OBC-NCL,6019
22243,OBC-NCL,6020
22244,OBC-NCL,6021
22245,GEN,
22246,OBC-NCL,6022
22247,GEN,
22248,OBC-NCL,6023
22249,OBC-NCL,6024
22250,OBC-NCL,6025
22251,OBC-NCL,6026
22252,GEN,
22253,GEN,
22254,OBC-NCL,6027
22255,GEN,
22256,GEN,
22257,OBC-NCL,6028
22258,GEN-EWS,3155
22259,OBC-NCL,6029
22260,OBC-NCL,6030
22261,OBC-NCL,6031
22262,OBC-NCL,6032
22263,GEN,
22264,OBC-NCL,6033
22265,GEN-EWS,3156
22266,GEN,
22267,SC,673
22268,OBC-NCL,6034
22269,GEN-EWS,3157
22270,OBC-NCL,6035
22271,GEN-EWS,3158
22272,GEN,
22273,GEN-EWS,3159
22274,OBC-NCL,6036
22275,GEN,
22276,GEN-EWS,3160
22277,GEN,
22278,GEN,
22279,OBC-NCL,6037
22280,GEN,
22281,OBC-NCL,6038
22282,GEN,
22283,GEN-EWS,3161
22284,OBC-NCL,6039
22285,OBC-NCL,6040
22286,GEN,
22287,GEN,
22288,OBC-NCL,6041
22289,GEN,
22290,GEN-EWS,3162
22291,GEN-EWS,3163
22292,OBC-NCL,6042
22293,GEN,
22294,OBC-NCL,6043
22295,OBC-NCL,6044
22296,GEN-EWS,3164
22297,OBC-NCL,6045
22298,GEN,
22299,GEN,
22300,OBC-NCL,6046
22301,GEN,
22302,GEN,
22303,OBC-NCL,6047
22304,GEN-EWS,3165
22305,GEN,
22306,OBC-NCL,6048
22307,GEN,
22308,GEN,
22309,GEN,
22310,OBC-NCL,6049
22311,GEN-EWS,3166
22312,GEN,
22313,OBC-NCL,6050
22314,GEN,
22315,GEN-EWS,3167
22316,GEN,
22317,GEN,
22318,GEN-EWS,3168
22319,GEN,
22320,OBC-NCL,6051
22321,GEN,
22322,OBC-NCL,6052
22323,GEN,
22324,OBC-NCL,6053
22325,OBC-NCL,6054
22326,GEN,
22327,GEN,
22328,OBC-NCL,6055
22329,GEN,
22330,SC,674
22331,OBC-NCL,6056
22332,GEN,
22333,GEN,
22334,OBC-NCL,6057
22335,GEN,
22336,GEN,
22337,GEN-EWS,3170
22338,GEN,
22339,GEN,
22340,SC,675
22341,OBC-NCL,6058
22342,GEN,
22343,GEN,
22344,GEN,
22345,GEN,
22346,GEN,
22347,GEN,
22348,GEN-EWS,3171
22349,GEN,
22350,GEN,
22351,GEN-EWS,3172
22352,OBC-NCL,6059
22353,OBC-NCL,6060
22354,GEN,
22355,GEN,
22356,GEN-EWS,3173
22357,GEN,
22358,OBC-NCL,6061
22359,GEN-EWS,3174
22360,GEN,
22361,OBC-NCL,6062
22362,GEN,
22363,GEN,
22364,OBC-NCL,6063
22365,GEN-EWS,3175
22366,GEN,
22367,GEN,
22368,OBC-NCL,6064
22369,GEN,
22370,OBC-NCL,6065
22371,OBC-NCL,6066
22372,OBC-NCL,6067
22373,OBC-NCL,6068
22374,OBC-NCL,6069
22375,GEN,
22376,OBC-NCL,6070
22377,GEN,
22378,OBC-NCL,6071
22379,GEN-EWS,3176
22380,GEN,
22381,GEN-EWS,3177
22382,GEN,
22383,GEN,
22384,GEN-EWS,3178
22385,GEN,
22386,GEN-EWS,3179
22387,OBC-NCL,6072
22388,OBC-NCL,6073
22389,GEN,
22390,GEN-EWS,3180
22391,OBC-NCL,6074
22392,GEN-EWS,3181
22393,OBC-NCL,6075
22394,ST,202
22395,OBC-NCL,6076
22396,OBC-NCL,6077
22397,OBC-NCL,6078
22398,GEN,
22399,GEN-EWS,3182
22400,GEN,
22401,GEN,
22402,GEN,
22403,GEN,
22404,GEN,
22405,ST,203
22406,GEN,
22407,GEN,
22408,GEN,
22409,GEN,
22410,GEN,
22411,OBC-NCL,6079
22412,OBC-NCL,6080
22413,OBC-NCL,6081
22414,GEN,
22415,GEN-EWS,3183
22416,GEN,
22417,GEN-EWS,3184
22418,OBC-NCL,6082
22419,GEN-EWS,3185
22420,GEN,
22421,GEN-EWS,3186
22422,GEN,
22423,GEN,
22424,GEN,
22425,GEN,
22426,GEN-EWS,3187
22427,GEN,
22428,GEN,
22429,GEN-EWS,3188
22430,OBC-NCL,6083
22431,GEN,
22432,GEN-EWS,3189
22433,GEN,
22434,GEN,
22435,GEN,
22436,GEN,
22437,OBC-NCL,6084
22438,GEN,
22439,GEN-EWS,3190
22440,GEN-EWS,3191
22441,GEN,
22442,GEN,
22443,OBC-NCL,6085
22444,GEN-EWS,3192
22445,GEN,
22446,GEN-EWS,3193
22447,GEN,
22448,SC,676
22449,GEN,
22450,OBC-NCL,6086
22451,GEN,
22452,GEN-EWS,3194
22453,GEN,
22454,GEN-EWS,3195
22455,GEN,
22456,GEN-EWS,3196
22457,GEN,
22458,OBC-NCL,6087
22459,GEN,
22460,GEN,
22461,GEN,
22462,GEN,
22463,GEN-EWS,3197
22464,GEN,
22465,GEN-EWS,3198
22466,GEN,
22467,GEN,
22468,GEN,
22469,GEN-EWS,3199
22470,GEN-EWS,3200
22471,GEN,
22472,GEN,
22473,GEN-EWS,3201
22474,GEN,
22474,GEN-EWS,3202
22476,OBC-NCL,6088
22477,GEN,
22478,GEN-EWS,3203
22479,GEN,
22480,GEN-EWS,3204
22481,GEN,
22482,GEN-EWS,3205
22483,GEN,
22484,GEN,
22485,GEN,
22486,OBC-NCL,6089
22487,OBC-NCL,6090
22488,GEN,
22489,GEN,
22490,OBC-NCL,6091
22491,GEN,
22492,GEN,
22493,GEN,
22494,GEN-EWS,3206
22495,GEN,
22496,GEN-EWS,3207
22497,GEN,
22498,OBC-NCL,6092
22499,GEN,
22500,OBC-NCL,6093
22501,GEN,
22502,OBC-NCL,6094
22503,GEN-EWS,3208
22504,OBC-NCL,6095
22505,GEN,
22506,GEN,
22507,OBC-NCL,6096
22508,OBC-NCL,6097
22509,OBC-NCL,6098
22510,GEN,
22511,GEN,
22512,GEN,
22513,GEN,
22514,OBC-NCL,6099
22515,GEN,
22516,GEN-EWS,3209
22517,GEN,
22518,GEN,
22519,GEN-EWS,3210
22520,GEN-EWS,3211
22521,OBC-NCL,6100
22522,GEN,
22523,GEN,
22524,GEN,
22525,GEN,
22526,GEN,
22527,GEN,
22528,SC,677
22529,GEN-EWS,3212
22530,ST,204
22531,OBC-NCL,6101
22532,GEN-EWS,3213
22533,OBC-NCL,6102
22534,GEN-EWS,3214
22535,SC,678
22536,GEN-EWS,3215
22537,GEN-EWS,3216
22538,GEN,
22539,ST,205
22540,GEN,
22541,GEN,
22542,SC,679
22543,OBC-NCL,6103
22544,GEN,
22545,GEN,
22546,GEN,
22547,OBC-NCL,6104
22548,GEN,
22549,GEN,
22550,GEN-EWS,3217
22551,GEN,
22552,GEN,
22552,OBC-NCL,6107
22554,GEN,
22555,OBC-NCL,6108
22556,GEN-EWS,3218
22557,GEN,
22558,GEN-EWS,3219
22559,GEN,
22560,OBC-NCL,6109
22561,GEN,
22562,GEN,
22563,GEN,
22564,OBC-NCL,6110
22565,GEN,
22566,GEN-EWS,3220
22567,GEN,
22568,GEN,
22569,GEN,
22570,OBC-NCL,6111
22571,GEN,
22572,GEN,
22573,GEN,
22574,OBC-NCL,6113
22575,OBC-NCL,6114
22576,GEN,
22577,GEN-EWS,3221
22578,SC,680
22579,GEN,
22580,OBC-NCL,6115
22581,OBC-NCL,6116
22582,GEN-EWS,3222
22583,GEN,
22584,GEN,
22585,GEN-EWS,3223
22586,GEN,
22587,OBC-NCL,6117
22588,GEN,
22589,GEN,
22590,OBC-NCL,6118
22591,OBC-NCL,6119
22592,OBC-NCL,6120
22593,GEN,
22594,OBC-NCL,6121
22595,OBC-NCL,6122
22596,GEN,
22597,GEN,
22598,OBC-NCL,6123
22599,OBC-NCL,6124
22600,SC,681
22601,GEN-EWS,3224
22602,GEN-EWS,3225
22603,GEN,
22604,GEN,
22605,GEN-EWS,3226
22606,GEN-EWS,3227
22606,OBC-NCL,6125
22606,SC,682
22609,GEN,
22610,GEN-EWS,3228
22611,OBC-NCL,6126
22612,GEN,
22613,GEN,
22614,OBC-NCL,6127
22615,OBC-NCL,6128
22616,GEN,
22617,SC,683
22618,GEN,
22619,GEN,
22620,GEN,
22621,OBC-NCL,6129
22622,GEN,
22623,OBC-NCL,6130
22624,GEN,
22625,GEN,
22626,OBC-NCL,6131
22627,GEN,
22628,GEN,
22629,GEN,
22630,OBC-NCL,6132
22631,GEN,
22632,GEN,
22633,SC,684
22634,OBC-NCL,6133
22635,GEN,
22636,GEN,
22637,ST,206
22638,OBC-NCL,6134
22639,GEN,
22640,GEN,
22641,GEN-EWS,3229
22642,OBC-NCL,6135
22643,OBC-NCL,6136
22644,GEN,
22645,GEN,
22646,GEN,
22647,OBC-NCL,6137
22648,OBC-NCL,6138
22649,OBC-NCL,6139
22650,GEN,
22651,GEN,
22652,GEN,
22653,OBC-NCL,6140
22654,OBC-NCL,6141
22655,GEN-EWS,3230
22656,GEN,
22657,GEN,
22658,GEN,
22659,GEN,
22660,GEN,
22661,GEN-EWS,3231
22662,GEN,
22663,GEN,
22664,GEN,
22665,GEN,
22666,OBC-NCL,6142
22667,GEN,
22668,OBC-NCL,6143
22669,GEN,
22670,OBC-NCL,6144
22671,GEN,
22672,GEN,
22673,GEN-EWS,3232
22674,GEN-EWS,3233
22675,GEN,
22676,GEN,
22677,OBC-NCL,6145
22678,GEN,
22679,GEN-EWS,3234
22680,OBC-NCL,6146
22681,SC,686
22682,OBC-NCL,6147
22683,OBC-NCL,6148
22684,GEN,
22685,GEN,
22686,GEN,
22687,GEN-EWS,3235
22688,GEN,
22689,OBC-NCL,6149
22690,GEN,
22691,GEN,
22692,GEN-EWS,3236
22693,GEN,
22694,OBC-NCL,6150
22695,OBC-NCL,6151
22696,GEN,
22697,GEN,
22698,GEN,
22699,GEN,
22700,OBC-NCL,6152
22701,GEN-EWS,3237
22702,OBC-NCL,6153
22703,GEN,
22704,OBC-NCL,6154
22705,GEN-EWS,3238
22706,GEN-EWS,3239
22707,GEN,
22708,SC,687
22709,GEN-EWS,3240
22710,GEN,
22711,GEN,
22712,OBC-NCL,6155
22713,ST,207
22714,GEN,
22715,GEN,
22716,OBC-NCL,6156
22717,GEN,
22718,OBC-NCL,6158
22719,OBC-NCL,6159
22720,GEN,
22721,GEN-EWS,3241
22722,GEN,
22723,GEN-EWS,3242
22724,OBC-NCL,6160
22725,OBC-NCL,6161
22726,ST,208
22727,GEN-EWS,3243
22728,OBC-NCL,6162
22729,GEN,
22730,OBC-NCL,6163
22731,GEN-EWS,3244
22732,GEN,
22733,GEN,
22734,GEN-EWS,3245
22735,GEN,
22736,OBC-NCL,6164
22737,OBC-NCL,6165
22738,GEN,
22739,OBC-NCL,6166
22740,OBC-NCL,6167
22741,GEN,
22742,GEN,
22743,GEN,
22744,GEN,
22745,GEN,
22746,OBC-NCL,6168
22747,SC,688
22748,GEN,
22749,GEN,
22750,GEN-EWS,3246
22751,GEN,
22752,GEN,
22753,GEN,
22754,OBC-NCL,6169
22755,OBC-NCL,6170
22756,OBC-NCL,6171
22757,OBC-NCL,6172
22758,OBC-NCL,6173
22759,GEN,
22760,GEN,
22761,GEN,
22762,GEN,
22763,OBC-NCL,6174
22764,OBC-NCL,6175
22765,GEN,
22766,GEN,
22767,GEN,
22768,GEN,
22769,GEN,
22770,GEN,
22771,OBC-NCL,6176
22772,GEN,
22773,GEN,
22774,OBC-NCL,6177
22775,SC,689
22776,GEN,
22777,GEN,
22778,GEN,
22779,OBC-NCL,6178
22780,SC,690
22781,OBC-NCL,6179
22782,OBC-NCL,6180
22783,GEN-EWS,3247
22784,GEN,
22785,OBC-NCL,6181
22786,GEN,
22787,GEN,
22788,GEN,
22789,OBC-NCL,6182
22790,GEN-EWS,3248
22791,SC,691
22792,GEN,
22793,GEN,
22794,GEN-EWS,3249
22795,GEN,
22795,OBC-NCL,6183
22797,GEN-EWS,3250
22797,OBC-NCL,6184
22799,GEN,
22800,GEN,
22801,OBC-NCL,6185
22802,GEN,
22803,OBC-NCL,6186
22804,GEN,
22805,GEN-EWS,3251
22806,SC,692
22807,GEN-EWS,3252
22808,GEN,
22809,GEN,
22810,GEN-EWS,3253
22811,GEN,
22812,GEN,
22813,GEN-EWS,3254
22814,GEN,
22815,OBC-NCL,6187
22816,GEN,
22817,GEN,
22818,GEN,
22819,OBC-NCL,6188
22820,GEN,
22821,GEN-EWS,3255
22822,OBC-NCL,6189
22823,GEN,
22824,GEN,
22825,OBC-NCL,6190
22826,GEN,
22827,OBC-NCL,6191
22828,OBC-NCL,6192
22829,GEN-EWS,3256
22830,GEN,
22831,OBC-NCL,6193
22832,GEN,
22833,GEN,
22834,GEN,
22835,GEN-EWS,3257
22836,GEN,
22837,GEN,
22838,GEN-EWS,3258
22839,GEN-EWS,3259
22840,GEN,
22841,GEN,
22842,GEN,
22843,GEN-EWS,3260
22844,OBC-NCL,6194
22845,GEN,
22846,GEN,
22847,GEN,
22848,GEN-EWS,3261
22849,OBC-NCL,6195
22850,OBC-NCL,6196
22851,OBC-NCL,6197
22852,GEN,
22853,GEN,
22854,OBC-NCL,6198
22855,OBC-NCL,6199
22856,OBC-NCL,6200
22857,GEN,
22858,GEN-EWS,3262
22859,GEN,
22860,GEN,
22861,GEN,
22862,GEN,
22863,OBC-NCL,6201
22864,OBC-NCL,6202
22865,GEN-EWS,3263
22866,GEN,
22867,GEN,
22868,OBC-NCL,6203
22869,OBC-NCL,6204
22870,GEN,
22871,OBC-NCL,6205
22872,OBC-NCL,6206
22873,OBC-NCL,6207
22874,GEN,
22875,GEN,
22876,OBC-NCL,6208
22877,GEN-EWS,3264
22878,GEN,
22879,GEN-EWS,3265
22880,OBC-NCL,6209
22881,SC,693
22882,GEN,
22883,OBC-NCL,6210
22884,OBC-NCL,6211
22885,SC,694
22886,GEN,
22887,GEN,
22888,GEN,
22889,OBC-NCL,6212
22890,GEN-EWS,3266
22891,OBC-NCL,6213
22892,GEN,
22893,OBC-NCL,6214
22894,GEN-EWS,3267
22895,OBC-NCL,6216
22896,OBC-NCL,6217
22897,GEN,
22898,OBC-NCL,6218
22899,SC,695
22900,OBC-NCL,6219
22901,OBC-NCL,6220
22902,OBC-NCL,6221
22903,GEN,
22904,GEN,
22905,OBC-NCL,6222
22906,OBC-NCL,6223
22907,GEN-EWS,3268
22908,OBC-NCL,6224
22909,GEN,
22909,OBC-NCL,6225
22911,GEN-EWS,3269
22912,OBC-NCL,6226
22913,OBC-NCL,6227
22914,GEN,
22915,SC,696
22916,GEN-EWS,3270
22916,GEN-EWS,3270
22918,GEN,
22919,GEN,
22920,OBC-NCL,6228
22921,GEN,
22922,GEN,
22923,OBC-NCL,6229
22924,GEN-EWS,3272
22925,GEN-EWS,3273
22926,OBC-NCL,6230
22927,GEN,
22928,GEN,
22929,GEN,
22930,GEN,
22931,OBC-NCL,6231
22932,OBC-NCL,6232
22933,GEN-EWS,3274
22934,GEN,
22935,ST,209
22936,OBC-NCL,6233
22937,OBC-NCL,6234
22938,OBC-NCL,6235
22939,GEN-EWS,3275
22940,GEN,
22941,GEN,
22942,GEN,
22943,GEN,
22944,GEN,
22945,GEN,
22945,OBC-NCL,6236
22947,OBC-NCL,6237
22948,GEN,
22949,OBC-NCL,6238
22950,GEN,
22951,GEN,
22952,GEN-EWS,3276
22953,OBC-NCL,6239
22954,OBC-NCL,6240
22955,GEN,
22956,GEN,
22957,GEN,
22958,GEN-EWS,3277
22959,GEN,
22960,OBC-NCL,6241
22961,OBC-NCL,6242
22962,SC,697
22963,GEN,
22964,GEN-EWS,3278
22965,SC,698
22966,GEN,
22967,GEN-EWS,3279
22968,OBC-NCL,6243
22969,GEN,
22970,GEN-EWS,3280
22971,OBC-NCL,6244
22972,OBC-NCL,6245
22972,OBC-NCL,6245
22974,GEN,
22975,GEN,
22975,SC,699
22977,GEN,
22978,GEN,
22979,OBC-NCL,6247
22980,GEN-EWS,3281
22981,GEN,
22982,GEN,
22983,GEN-EWS,3282
22984,GEN,
22985,GEN,
22986,OBC-NCL,6248
22987,GEN,
22988,OBC-NCL,6249
22989,GEN-EWS,3283
22990,GEN,
22991,GEN,
22992,GEN,
22993,OBC-NCL,6250
22994,GEN,
22995,GEN,
22996,GEN,
22997,GEN,
22998,GEN,
22999,SC,700
23000,OBC-NCL,6251
23001,GEN,
23002,GEN,
23003,GEN-EWS,3284
23004,GEN,
23005,GEN-EWS,3285
23006,OBC-NCL,6252
23007,GEN,
23008,SC,701
23009,OBC-NCL,6253
23010,GEN,
23011,OBC-NCL,6254
23012,GEN-EWS,3286
23013,OBC-NCL,6255
23014,GEN-EWS,3287
23015,GEN,
23016,OBC-NCL,6256
23017,GEN,
23018,OBC-NCL,6257
23019,GEN-EWS,3288
23020,GEN,
23021,OBC-NCL,6258
23022,SC,702
23023,SC,703
23024,OBC-NCL,6259
23025,OBC-NCL,6260
23026,GEN,
23027,GEN,
23028,GEN-EWS,3289
23029,GEN,
23030,GEN,
23031,OBC-NCL,6261
23032,GEN-EWS,3290
23033,GEN,
23034,GEN,
23035,GEN,
23036,GEN-EWS,3291
23037,GEN,
23038,GEN,
23039,GEN-EWS,3292
23040,OBC-NCL,6262
23041,OBC-NCL,6263
23042,GEN-EWS,3293
23043,GEN,
23044,GEN,
23045,GEN,
23046,GEN,
23047,OBC-NCL,6264
23048,GEN,
23049,GEN,
23050,GEN-EWS,3294
23051,GEN,
23052,GEN,
23053,OBC-NCL,6265
23054,GEN,
23055,GEN,
23056,GEN,
23057,GEN,
23058,OBC-NCL,6266
23059,GEN,
23060,GEN-EWS,3295
23061,GEN-EWS,3296
23062,OBC-NCL,6267
23063,GEN,
23064,GEN,
23065,OBC-NCL,6268
23066,GEN,
23067,GEN,
23068,GEN-EWS,3297
23069,GEN,
23070,GEN,
23071,GEN,
23072,GEN-EWS,3298
23073,GEN,
23074,GEN,
23075,OBC-NCL,6270
23076,OBC-NCL,6271
23077,GEN,
23078,GEN,
23079,GEN,
23080,GEN,
23081,OBC-NCL,6272
23082,GEN,
23083,GEN,
23084,GEN-EWS,3299
23085,GEN,
23086,GEN,
23087,GEN-EWS,3300
23088,GEN-EWS,3301
23089,SC,704
23090,GEN,
23091,OBC-NCL,6273
23092,OBC-NCL,6274
23093,OBC-NCL,6275
23094,GEN,
23095,OBC-NCL,6276
23096,OBC-NCL,6277
23097,OBC-NCL,6278
23098,GEN-EWS,3302
23099,GEN,
23100,OBC-NCL,6279
23101,GEN,
23102,OBC-NCL,6280
23103,GEN,
23104,GEN,
23105,GEN-EWS,3303
23106,OBC-NCL,6281
23107,OBC-NCL,6282
23108,GEN,
23109,GEN,
23110,OBC-NCL,6283
23111,OBC-NCL,6284
23112,SC,705
23113,OBC-NCL,6285
23114,GEN,
23115,GEN,
23116,OBC-NCL,6286
23117,GEN,
23117,SC,706
23119,GEN,
23120,GEN,
23121,GEN-EWS,3304
23122,OBC-NCL,6287
23123,OBC-NCL,6288
23124,GEN,
23125,OBC-NCL,6289
23126,OBC-NCL,6290
23127,GEN,
23128,GEN,
23129,GEN,
23130,GEN-EWS,3305
23131,GEN,
23132,GEN,
23133,OBC-NCL,6291
23134,GEN,
23135,SC,707
23136,SC,708
23137,GEN,
23138,GEN,
23139,OBC-NCL,6292
23140,GEN,
23141,OBC-NCL,6293
23142,GEN-EWS,3306
23143,GEN-EWS,3307
23144,GEN,
23145,OBC-NCL,6294
23146,OBC-NCL,6295
23147,GEN-EWS,3308
23148,GEN,
23149,GEN-EWS,3309
23150,GEN-EWS,3310
23151,GEN,
23152,OBC-NCL,6296
23153,GEN,
23154,OBC-NCL,6297
23155,GEN,
23156,GEN-EWS,3311
23157,OBC-NCL,6298
23158,GEN,
23159,GEN-EWS,3312
23160,GEN,
23161,OBC-NCL,6299
23162,GEN,
23163,GEN,
23164,GEN,
23165,GEN-EWS,3313
23166,GEN,
23167,OBC-NCL,6300
23168,OBC-NCL,6301
23169,GEN,
23170,GEN,
23171,SC,709
23172,GEN,
23173,GEN-EWS,3314
23174,GEN,
23175,GEN,
23176,GEN,
23177,OBC-NCL,6302
23178,GEN,
23179,GEN,
23180,GEN-EWS,3315
23181,GEN,
23182,GEN,
23183,GEN,
23184,OBC-NCL,6303
23185,GEN,
23186,GEN,
23187,GEN,
23188,OBC-NCL,6304
23189,GEN,
23190,GEN,
23191,GEN,
23192,GEN,
23193,GEN-EWS,3316
23194,GEN,
23195,GEN-EWS,3317
23196,GEN,
23197,GEN,
23198,GEN-EWS,3318
23199,GEN,
23200,GEN,
23201,GEN,
23202,OBC-NCL,6305
23203,GEN,
23204,SC,710
23205,GEN-EWS,3319
23206,GEN,
23207,OBC-NCL,6306
23208,OBC-NCL,6307
23209,GEN,
23210,OBC-NCL,6308
23211,GEN,
23211,OBC-NCL,6309
23213,GEN,
23214,GEN-EWS,3320
23215,OBC-NCL,6310
23216,GEN-EWS,3321
23217,GEN-EWS,3322
23217,OBC-NCL,6311
23219,GEN,
23220,OBC-NCL,6312
23221,GEN,
23222,GEN,
23223,GEN,
23224,GEN,
23225,GEN,
23226,GEN,
23227,OBC-NCL,6313
23228,GEN,
23229,GEN,
23230,GEN,
23230,GEN,
23232,GEN,
23233,ST,210
23234,OBC-NCL,6314
23235,OBC-NCL,6315
23236,OBC-NCL,6316
23237,OBC-NCL,6317
23238,GEN,
23239,OBC-NCL,6318
23240,OBC-NCL,6319
23241,GEN-EWS,3323
23242,GEN,
23243,GEN,
23244,OBC-NCL,6320
23245,OBC-NCL,6321
23246,GEN-EWS,3324
23247,OBC-NCL,6322
23248,OBC-NCL,6324
23249,OBC-NCL,6325
23250,GEN,
23251,GEN,
23252,GEN,
23253,GEN,
23254,SC,711
23255,GEN,
23256,GEN-EWS,3325
23257,GEN,
23258,GEN,
23259,GEN,
23260,OBC-NCL,6326
23261,GEN,
23262,GEN-EWS,3326
23263,GEN,
23264,OBC-NCL,6327
23265,GEN,
23266,OBC-NCL,6328
23267,GEN,
23268,OBC-NCL,6329
23269,OBC-NCL,6330
23270,GEN,
23271,GEN,
23272,GEN,
23273,GEN,
23274,GEN,
23275,OBC-NCL,6331
23276,GEN-EWS,3327
23277,OBC-NCL,6332
23278,OBC-NCL,6333
23279,OBC-NCL,6334
23280,OBC-NCL,6335
23281,GEN,
23282,GEN-EWS,3328
23283,GEN,
23284,GEN,
23285,GEN-EWS,3329
23286,GEN,
23287,OBC-NCL,6336
23288,OBC-NCL,6337
23289,GEN,
23290,OBC-NCL,6338
23291,OBC-NCL,6339
23292,OBC-NCL,6340
23293,GEN-EWS,3330
23294,GEN,
23295,GEN,
23296,GEN,
23297,GEN,
23298,OBC-NCL,6341
23299,GEN,
23300,GEN,
23301,GEN,
23302,OBC-NCL,6342
23303,OBC-NCL,6343
23304,GEN,
23305,OBC-NCL,6344
23306,OBC-NCL,6345
23307,GEN,
23308,OBC-NCL,6346
23309,SC,712
23310,GEN,
23311,GEN,
23312,GEN-EWS,3331
23313,OBC-NCL,6347
23314,OBC-NCL,6348
23315,GEN,
23316,SC,713
23317,SC,714
23318,OBC-NCL,6349
23319,OBC-NCL,6350
23320,GEN,
23320,OBC-NCL,6351
23322,GEN,
23323,GEN,
23324,GEN,
23325,GEN,
23326,GEN,
23327,GEN-EWS,3332
23328,GEN,
23329,GEN,
23330,GEN,
23331,GEN,
23332,OBC-NCL,6352
23333,GEN,
23334,OBC-NCL,6353
23335,OBC-NCL,6354
23336,GEN,
23337,OBC-NCL,6355
23338,OBC-NCL,6356
23339,GEN,
23340,GEN,
23341,OBC-NCL,6357
23342,GEN-EWS,3333
23343,GEN,
23344,OBC-NCL,6358
23345,OBC-NCL,6359
23346,GEN,
23347,OBC-NCL,6360
23348,OBC-NCL,6361
23349,GEN-EWS,3334
23350,GEN,
23351,OBC-NCL,6362
23352,OBC-NCL,6363
23353,SC,715
23354,OBC-NCL,6364
23355,OBC-NCL,6365
23356,OBC-NCL,6366
23357,GEN,
23358,OBC-NCL,6367
23359,OBC-NCL,6368
23360,OBC-NCL,6369
23361,GEN,
23362,GEN,
23363,OBC-NCL,6370
23364,GEN,
23365,GEN,
23366,GEN,
23367,OBC-NCL,6371
23368,GEN,
23369,GEN,
23370,GEN,
23371,OBC-NCL,6372
23372,OBC-NCL,6373
23373,ST,211
23374,GEN,
23375,OBC-NCL,6374
23376,GEN,
23377,GEN,
23378,OBC-NCL,6375
23379,OBC-NCL,6376
23380,GEN,
23381,GEN,
23381,OBC-NCL,6377
23383,OBC-NCL,6378
23384,GEN,
23385,GEN,
23386,GEN-EWS,3335
23387,GEN,
23388,OBC-NCL,6379
23389,OBC-NCL,6380
23390,GEN,
23391,OBC-NCL,6381
23392,GEN-EWS,3336
23393,GEN-EWS,3337
23394,GEN,
23395,GEN,
23395,GEN-EWS,3338
23397,GEN,
23398,GEN-EWS,3339
23399,GEN,
23400,OBC-NCL,6382
23401,OBC-NCL,6383
23402,GEN,
23403,GEN,
23403,OBC-NCL,6384
23405,OBC-NCL,6385
23406,GEN,
23407,GEN,
23407,OBC-NCL,6386
23409,SC,716
23410,GEN-EWS,3340
23411,OBC-NCL,6387
23412,OBC-NCL,6388
23413,GEN-EWS,3341
23414,GEN,
23415,GEN,
23416,GEN,
23417,GEN,
23418,GEN,
23419,OBC-NCL,6389
23420,GEN,
23421,OBC-NCL,6390
23422,GEN,
23423,GEN-EWS,3342
23424,OBC-NCL,6391
23425,GEN,
23426,GEN-EWS,3343
23427,GEN,
23428,GEN,
23429,SC,718
23430,OBC-NCL,6392
23431,OBC-NCL,6393
23432,GEN,
23433,OBC-NCL,6394
23434,OBC-NCL,6395
23435,GEN,
23436,GEN-EWS,3344
23437,SC,719
23438,GEN,
23439,GEN,
23440,GEN,
23441,GEN-EWS,3345
23442,GEN-EWS,3346
23443,GEN,
23444,GEN-EWS,3347
23445,GEN,
23446,GEN,
23446,OBC-NCL,6396
23448,GEN,
23449,GEN-EWS,3348
23450,GEN-EWS,3349
23451,OBC-NCL,6397
23452,GEN,
23453,GEN,
23454,GEN-EWS,3350
23455,GEN,
23456,GEN,
23457,GEN,
23458,GEN,
23459,GEN,
23460,GEN,
23461,GEN,
23462,OBC-NCL,6398
23463,GEN-EWS,3351
23464,GEN-EWS,3352
23465,OBC-NCL,6399
23466,GEN,
23467,OBC-NCL,6400
23468,OBC-NCL,6401
23469,GEN-EWS,3353
23470,GEN,
23471,ST,212
23472,GEN,
23473,OBC-NCL,6402
23473,OBC-NCL,6402
23475,GEN,
23476,OBC-NCL,6404
23477,GEN-EWS,3354
23478,OBC-NCL,6405
23479,OBC-NCL,6406
23480,GEN,
23481,GEN,
23482,OBC-NCL,6407
23483,OBC-NCL,6408
23484,GEN-EWS,3355
23485,GEN,
23486,OBC-NCL,6409
23487,GEN,
23488,GEN,
23488,GEN-EWS,3356
23490,GEN-EWS,3357
23491,GEN,
23492,GEN,
23493,OBC-NCL,6410
23494,OBC-NCL,6411
23495,OBC-NCL,6412
23496,GEN-EWS,3358
23497,OBC-NCL,6413
23498,GEN-EWS,3359
23499,GEN-EWS,3360
23500,GEN-EWS,3361
23501,GEN-EWS,3362
23502,OBC-NCL,6414
23503,OBC-NCL,6415
23504,OBC-NCL,6416
23505,GEN,
23505,GEN,
23507,GEN,
23508,OBC-NCL,6417
23509,OBC-NCL,6418
23510,OBC-NCL,6419
23511,GEN,
23512,OBC-NCL,6420
23513,GEN,
23514,GEN,
23515,OBC-NCL,6421
23516,GEN-EWS,3363
23517,GEN-EWS,3364
23518,GEN-EWS,3365
23519,GEN,
23520,OBC-NCL,6422
23521,GEN,
23522,GEN,
23523,GEN-EWS,3366
23524,OBC-NCL,6423
23525,GEN-EWS,3367
23526,GEN,
23527,GEN,
23528,GEN,
23529,OBC-NCL,6424
23530,GEN-EWS,3368
23531,GEN,
23532,GEN-EWS,3369
23533,OBC-NCL,6425
23534,OBC-NCL,6426
23535,GEN,
23536,GEN-EWS,3370
23537,GEN-EWS,3371
23538,OBC-NCL,6427
23539,GEN,
23540,GEN,
23541,GEN,
23542,GEN,
23543,GEN-EWS,3372
23544,GEN,
23545,GEN-EWS,3373
23546,OBC-NCL,6428
23547,OBC-NCL,6429
23548,GEN,
23549,GEN-EWS,3374
23550,OBC-NCL,6430
23551,GEN,
23552,GEN-EWS,3375
23553,GEN,
23554,GEN,
23555,GEN,
23556,SC,720
23557,GEN,
23558,GEN,
23559,OBC-NCL,6431
23560,SC,721
23561,GEN,
23562,OBC-NCL,6432
23563,OBC-NCL,6433
23564,OBC-NCL,6434
23565,OBC-NCL,6435
23566,GEN,
23567,GEN-EWS,3376
23568,GEN-EWS,3377
23569,OBC-NCL,6436
23570,OBC-NCL,6437
23571,OBC-NCL,6438
23572,GEN-EWS,3378
23573,OBC-NCL,6439
23574,GEN,
23575,OBC-NCL,6440
23576,GEN,
23577,OBC-NCL,6441
23578,GEN,
23579,OBC-NCL,6442
23580,GEN,
23581,GEN-EWS,3379
23582,OBC-NCL,6443
23583,GEN,
23584,GEN-EWS,3380
23585,GEN,
23586,GEN,
23587,OBC-NCL,6444
23588,GEN,
23589,GEN-EWS,3381
23590,OBC-NCL,6445
23591,OBC-NCL,6446
23592,OBC-NCL,6447
23593,SC,722
23594,GEN-EWS,3382
23595,GEN,
23596,OBC-NCL,6448
23597,GEN,
23598,GEN-EWS,3383
23599,OBC-NCL,6449
23600,GEN-EWS,3384
23601,OBC-NCL,6450
23602,GEN,
23603,GEN,
23604,OBC-NCL,6451
23605,GEN,
23606,GEN,
23607,GEN,
23608,OBC-NCL,6452
23609,OBC-NCL,6453
23610,GEN,
23611,GEN,
23612,SC,723
23613,OBC-NCL,6454
23614,OBC-NCL,6455
23615,GEN-EWS,3385
23616,OBC-NCL,6456
23617,OBC-NCL,6457
23618,GEN,
23619,GEN,
23620,OBC-NCL,6458
23621,GEN,
23622,OBC-NCL,6459
23623,GEN,
23624,GEN,
23625,OBC-NCL,6460
23626,OBC-NCL,6461
23627,OBC-NCL,6462
23628,GEN,
23629,GEN,
23630,OBC-NCL,6463
23631,GEN,
23632,OBC-NCL,6464
23633,GEN,
23634,GEN,
23635,OBC-NCL,6465
23636,GEN,
23637,GEN,
23638,GEN-EWS,3386
23639,GEN-EWS,3387
23640,GEN,
23641,OBC-NCL,6466
23642,GEN,
23643,GEN,
23644,GEN-EWS,3388
23645,OBC-NCL,6467
23646,GEN,
23647,GEN,
23648,OBC-NCL,6468
23649,GEN-EWS,3389
23650,OBC-NCL,6469
23651,GEN,
23652,GEN,
23653,GEN,
23654,ST,213
23655,GEN,
23656,OBC-NCL,6470
23657,GEN,
23658,OBC-NCL,6471
23659,GEN-EWS,3390
23660,GEN,
23661,GEN,
23662,GEN,
23663,GEN,
23664,GEN,
23665,OBC-NCL,6472
23666,GEN,
23667,OBC-NCL,6473
23668,GEN,
23669,SC,724
23670,GEN,
23671,GEN,
23672,GEN,
23673,GEN,
23674,OBC-NCL,6474
23675,OBC-NCL,6475
23676,GEN,
23677,OBC-NCL,6476
23678,GEN,
23679,OBC-NCL,6477
23680,GEN,
23681,OBC-NCL,6478
23682,GEN,
23683,GEN-EWS,3391
23684,GEN,
23685,SC,725
23686,OBC-NCL,6479
23687,OBC-NCL,6480
23688,GEN-EWS,3392
23689,GEN-EWS,3393
23690,GEN,
23691,GEN,
23692,GEN,
23693,GEN-EWS,3394
23694,GEN,
23695,GEN-EWS,3395
23696,GEN,
23697,OBC-NCL,6481
23698,OBC-NCL,6482
23699,GEN-EWS,3396
23700,GEN,
23701,GEN,
23702,GEN,
23703,GEN,
23704,GEN,
23705,OBC-NCL,6483
23706,GEN,
23707,GEN-EWS,3397
23708,GEN,
23709,OBC-NCL,6484
23710,OBC-NCL,6485
23711,OBC-NCL,6486
23712,GEN,
23713,GEN,
23714,GEN-EWS,3398
23715,GEN,
23716,GEN,
23717,GEN,
23718,GEN,
23719,OBC-NCL,6487
23720,GEN-EWS,3399
23721,GEN,
23722,GEN-EWS,3400
23723,GEN,
23724,GEN-EWS,3401
23725,GEN,
23726,GEN,
23727,OBC-NCL,6488
23728,GEN,
23729,GEN,
23730,OBC-NCL,6489
23731,GEN,
23732,GEN,
23733,GEN,
23734,GEN-EWS,3402
23735,GEN,
23736,GEN-EWS,3403
23737,OBC-NCL,6490
23738,GEN-EWS,3404
23739,GEN-EWS,3405
23740,GEN,
23741,GEN,
23742,GEN,
23743,OBC-NCL,6491
23744,GEN,
23745,GEN,
23746,OBC-NCL,6492
23747,OBC-NCL,6493
23748,GEN,
23749,GEN,
23750,GEN,
23750,GEN-EWS,3406
23752,GEN-EWS,3407
23753,OBC-NCL,6494
23754,OBC-NCL,6495
23755,GEN-EWS,3408
23756,GEN,
23757,GEN-EWS,3409
23758,GEN,
23759,GEN,
23760,GEN,
23761,GEN,
23762,OBC-NCL,6496
23763,GEN,
23764,OBC-NCL,6497
23765,GEN-EWS,3410
23766,GEN,
23767,GEN,
23768,GEN,
23769,GEN,
23770,GEN,
23771,OBC-NCL,6498
23772,GEN,
23773,OBC-NCL,6499
23774,GEN,
23775,OBC-NCL,6500
23776,GEN,
23777,GEN,
23778,GEN,
23779,GEN-EWS,3411
23780,GEN,
23781,GEN-EWS,3412
23782,GEN-EWS,3413
23783,OBC-NCL,6501
23784,SC,726
23785,GEN,
23786,GEN-EWS,3414
23787,ST,215
23788,GEN-EWS,3415
23788,GEN-EWS,3415
23790,OBC-NCL,6502
23791,GEN-EWS,3417
23792,GEN,
23793,OBC-NCL,6503
23794,GEN-EWS,3418
23795,SC,727
23796,OBC-NCL,6504
23797,OBC-NCL,6505
23798,GEN,
23799,GEN-EWS,3419
23800,OBC-NCL,6506
23801,GEN-EWS,3420
23802,OBC-NCL,6507
23803,OBC-NCL,6508
23804,GEN-EWS,3421
23805,GEN,
23806,GEN,
23807,GEN,
23808,ST,216
23809,OBC-NCL,6509
23810,OBC-NCL,6510
23811,GEN,
23812,OBC-NCL,6511
23813,GEN,
23814,GEN,
23815,GEN,
23816,GEN,
23817,GEN,
23818,OBC-NCL,6512
23819,OBC-NCL,6513
23820,GEN,
23821,GEN,
23822,OBC-NCL,6514
23823,GEN,
23824,GEN,
23825,OBC-NCL,6515
23826,GEN-EWS,3422
23827,GEN,
23828,OBC-NCL,6516
23829,OBC-NCL,6517
23830,GEN-EWS,3423
23831,OBC-NCL,6518
23832,GEN-EWS,3424
23833,OBC-NCL,6519
23834,GEN-EWS,3425
23835,GEN,
23836,SC,728
23837,GEN,
23838,OBC-NCL,6520
23839,GEN-EWS,3426
23840,GEN,
23841,SC,729
23842,GEN,
23843,GEN-EWS,3427
23844,OBC-NCL,6521
23845,GEN-EWS,3428
23846,GEN,
23847,OBC-NCL,6522
23848,GEN-EWS,3429
23849,GEN,
23850,GEN,
23851,GEN-EWS,3430
23852,GEN,
23853,GEN,
23854,GEN,
23855,GEN-EWS,3431
23856,GEN,
23857,OBC-NCL,6523
23858,OBC-NCL,6524
23859,SC,730
23860,OBC-NCL,6525
23861,OBC-NCL,6526
23862,GEN,
23863,GEN-EWS,3432
23864,GEN-EWS,3433
23865,GEN-EWS,3434
23866,GEN,
23867,GEN,
23868,GEN,
23869,GEN-EWS,3435
23870,OBC-NCL,6527
23871,GEN-EWS,3436
23872,GEN,
23873,GEN-EWS,3437
23874,OBC-NCL,6528
23875,GEN,
23876,GEN,
23877,GEN,
23878,OBC-NCL,6529
23879,GEN-EWS,3438
23880,GEN,
23881,OBC-NCL,6530
23882,GEN,
23883,ST,217
23884,GEN,
23885,OBC-NCL,6531
23886,GEN,
23887,OBC-NCL,6532
23888,OBC-NCL,6533
23889,GEN,
23890,GEN,
23891,GEN,
23892,GEN,
23893,GEN-EWS,3439
23894,OBC-NCL,6534
23895,GEN,
23896,OBC-NCL,6535
23897,OBC-NCL,6536
23898,GEN,
23899,GEN-EWS,3440
23900,OBC-NCL,6537
23901,OBC-NCL,6538
23902,GEN,
23903,OBC-NCL,6539
23904,OBC-NCL,6540
23905,OBC-NCL,6541
23906,GEN,
23907,GEN,
23908,GEN,
23909,GEN,
23910,GEN,
23911,GEN-EWS,3441
23912,GEN,
23913,GEN,
23914,GEN,
23915,GEN,
23916,OBC-NCL,6542
23916,OBC-NCL,6542
23918,GEN,
23919,GEN-EWS,3442
23920,OBC-NCL,6544
23921,GEN,
23922,GEN,
23923,GEN,
23924,GEN,
23925,GEN,
23926,GEN-EWS,3443
23927,GEN,
23928,GEN-EWS,3444
23929,GEN,
23930,GEN,
23930,GEN-EWS,3445
23932,OBC-NCL,6545
23933,GEN-EWS,3446
23934,GEN,
23935,GEN,
23936,OBC-NCL,6546
23937,GEN,
23938,OBC-NCL,6547
23939,GEN,
23940,OBC-NCL,6548
23941,GEN,
23942,GEN,
23943,OBC-NCL,6549
23944,GEN,
23945,GEN,
23946,GEN,
23947,OBC-NCL,6550
23948,GEN-EWS,3447
23949,GEN-EWS,3448
23950,GEN,
23951,GEN,
23952,GEN,
23953,GEN,
23954,GEN,
23955,GEN,
23956,GEN-EWS,3449
23957,OBC-NCL,6551
23958,OBC-NCL,6552
23959,GEN,
23960,GEN-EWS,3450
23961,GEN,
23962,OBC-NCL,6553
23963,OBC-NCL,6554
23964,GEN,
23965,OBC-NCL,6555
23966,OBC-NCL,6556
23967,OBC-NCL,6557
23968,GEN,
23969,GEN,
23970,OBC-NCL,6558
23971,GEN-EWS,3451
23972,OBC-NCL,6559
23973,GEN,
23973,GEN,
23975,OBC-NCL,6560
23976,GEN-EWS,3452
23977,OBC-NCL,6561
23978,GEN,
23979,OBC-NCL,6562
23980,GEN,
23981,OBC-NCL,6563
23982,GEN,
23983,GEN,
23984,GEN,
23985,GEN-EWS,3453
23986,GEN-EWS,3454
23987,SC,731
23988,OBC-NCL,6564
23989,GEN-EWS,3455
23990,GEN,
23991,GEN-EWS,3456
23992,OBC-NCL,6565
23993,OBC-NCL,6566
23994,GEN,
23994,GEN-EWS,3457
23996,OBC-NCL,6567
23997,OBC-NCL,6568
23998,GEN,
23999,GEN-EWS,3458
24000,GEN,
24001,GEN,
24002,GEN,
24003,GEN,
24004,OBC-NCL,6569
24005,OBC-NCL,6570
24006,OBC-NCL,6571
24007,GEN,
24008,OBC-NCL,6572
24009,GEN,
24010,SC,732
24011,GEN,
24012,GEN,
24013,GEN,
24014,GEN,
24015,GEN-EWS,3459
24016,OBC-NCL,6573
24017,GEN,
24018,GEN,
24019,OBC-NCL,6574
24020,OBC-NCL,6575
24021,OBC-NCL,6576
24022,GEN-EWS,3460
24022,OBC-NCL,6577
24024,GEN,
24025,OBC-NCL,6578
24026,GEN,
24027,GEN,
24028,GEN,
24029,GEN-EWS,3461
24030,GEN,
24031,GEN-EWS,3462
24032,OBC-NCL,6579
24033,GEN,
24034,OBC-NCL,6580
24035,GEN,
24036,OBC-NCL,6581
24037,GEN,
24038,OBC-NCL,6582
24039,GEN,
24040,GEN-EWS,3463
24041,GEN,
24042,GEN,
24043,GEN-EWS,3464
24044,GEN,
24045,GEN,
24046,GEN-EWS,3465
24047,OBC-NCL,6583
24048,OBC-NCL,6584
24049,GEN,
24050,GEN-EWS,3466
24051,OBC-NCL,6585
24052,GEN,
24053,OBC-NCL,6586
24054,GEN-EWS,3467
24055,GEN,
24056,GEN-EWS,3468
24057,GEN-EWS,3469
24058,GEN,
24059,OBC-NCL,6587
24060,OBC-NCL,6588
24061,OBC-NCL,6589
24062,GEN,
24063,GEN-EWS,3470
24064,GEN,
24065,GEN,
24066,OBC-NCL,6590
24067,GEN,
24068,GEN-EWS,3471
24069,OBC-NCL,6591
24070,OBC-NCL,6592
24071,GEN-EWS,3472
24072,GEN,
24073,GEN,
24074,GEN,
24075,GEN-EWS,3473
24076,GEN,
24077,GEN,
24078,GEN,
24079,GEN,
24080,GEN,
24081,GEN-EWS,3474
24082,GEN,
24083,OBC-NCL,6593
24084,GEN,
24085,ST,218
24086,GEN,
24087,GEN-EWS,3475
24088,OBC-NCL,6594
24089,GEN-EWS,3476
24090,GEN,
24091,GEN-EWS,3477
24092,GEN,
24093,GEN,
24094,GEN,
24095,GEN,
24096,GEN,
24097,GEN,
24098,GEN,
24099,GEN,
24100,GEN,
24101,ST,219
24102,SC,733
24103,GEN,
24104,GEN,
24105,OBC-NCL,6595
24106,OBC-NCL,6596
24107,GEN,
24108,GEN,
24109,OBC-NCL,6597
24110,GEN,
24111,GEN-EWS,3478
24112,GEN-EWS,3479
24113,GEN,
24114,GEN,
24115,GEN,
24116,GEN-EWS,3480
24117,GEN-EWS,3481
24118,OBC-NCL,6598
24119,SC,734
24120,GEN,
24121,GEN,
24122,GEN,
24123,GEN,
24124,GEN,
24125,GEN,
24126,GEN,
24127,OBC-NCL,6599
24128,OBC-NCL,6600
24129,GEN-EWS,3482
24129,OBC-NCL,6601
24131,GEN,
24132,GEN,
24133,GEN,
24134,GEN,
24135,OBC-NCL,6602
24136,SC,735
24137,GEN-EWS,3483
24138,GEN,
24139,OBC-NCL,6603
24140,GEN-EWS,3484
24141,OBC-NCL,6604
24142,OBC-NCL,6605
24143,GEN,
24144,GEN-EWS,3485
24145,GEN-EWS,3486
24146,GEN,
24147,GEN,
24148,OBC-NCL,6606
24149,GEN-EWS,3487
24150,OBC-NCL,6607
24151,OBC-NCL,6608
24152,GEN,
24153,GEN,
24154,OBC-NCL,6609
24155,OBC-NCL,6610
24156,OBC-NCL,6611
24157,OBC-NCL,6612
24158,OBC-NCL,6613
24159,OBC-NCL,6614
24160,GEN-EWS,3488
24161,ST,220
24162,OBC-NCL,6615
24163,GEN,
24164,GEN,
24165,GEN,
24166,OBC-NCL,6616
24167,SC,736
24168,GEN,
24169,GEN,
24170,GEN-EWS,3489
24171,GEN,
24172,OBC-NCL,6617
24173,GEN,
24174,GEN-EWS,3490
24175,GEN,
24176,OBC-NCL,6618
24177,GEN-EWS,3491
24178,GEN-EWS,3492
24179,GEN,
24180,OBC-NCL,6619
24181,GEN,
24182,GEN,
24182,OBC-NCL,6620
24184,GEN,
24185,GEN,
24186,OBC-NCL,6621
24187,ST,221
24188,SC,737
24189,OBC-NCL,6622
24190,SC,738
24191,GEN-EWS,3493
24192,OBC-NCL,6623
24193,GEN,
24194,GEN,
24195,GEN,
24196,OBC-NCL,6624
24197,OBC-NCL,6625
24198,GEN-EWS,3494
24199,GEN,
24200,GEN-EWS,3495
24201,GEN-EWS,3496
24202,GEN,
24203,OBC-NCL,6626
24204,OBC-NCL,6627
24205,GEN-EWS,3497
24206,OBC-NCL,6628
24207,GEN-EWS,3498
24208,GEN,
24209,GEN-EWS,3499
24210,GEN,
24211,OBC-NCL,6629
24212,OBC-NCL,6630
24213,OBC-NCL,6631
24214,GEN,
24215,GEN,
24216,OBC-NCL,6632
24217,OBC-NCL,6633
24218,GEN,
24219,ST,222
24220,SC,739
24221,GEN,
24222,GEN,
24223,GEN,
24224,GEN,
24225,GEN-EWS,3500
24226,GEN,
24227,OBC-NCL,6634
24228,OBC-NCL,6635
24229,OBC-NCL,6636
24230,OBC-NCL,6637
24231,GEN,
24232,OBC-NCL,6638
24233,GEN,
24234,GEN,
24235,GEN-EWS,3501
24236,GEN,
24237,OBC-NCL,6639
24238,GEN,
24239,GEN,
24240,GEN,
24241,GEN,
24242,OBC-NCL,6640
24243,GEN,
24243,GEN-EWS,3502
24245,GEN,
24246,GEN,
24247,GEN,
24248,OBC-NCL,6641
24249,OBC-NCL,6642
24250,OBC-NCL,6643
24251,GEN,
24252,OBC-NCL,6644
24253,GEN,
24254,GEN,
24255,GEN-EWS,3503
24256,OBC-NCL,6645
24257,OBC-NCL,6646
24258,ST,223
24259,OBC-NCL,6647
24260,GEN-EWS,3504
24261,GEN,
24262,GEN-EWS,3505
24263,GEN-EWS,3506
24264,OBC-NCL,6648
24265,SC,740
24266,GEN,
24267,OBC-NCL,6649
24268,OBC-NCL,6650
24269,ST,224
24270,OBC-NCL,6651
24271,OBC-NCL,6652
24272,GEN,
24273,OBC-NCL,6653
24274,OBC-NCL,6654
24275,SC,741
24276,GEN,
24277,OBC-NCL,6655
24278,OBC-NCL,6656
24279,GEN-EWS,3507
24280,SC,742
24281,OBC-NCL,6657
24282,OBC-NCL,6658
24283,GEN,
24284,GEN,
24285,GEN,
24286,OBC-NCL,6659
24287,ST,225
24288,GEN,
24289,OBC-NCL,6660
24290,GEN,
24291,GEN,
24292,OBC-NCL,6661
24293,GEN,
24294,GEN,
24295,OBC-NCL,6662
24296,GEN,
24297,GEN,
24298,GEN,
24299,OBC-NCL,6663
24300,GEN-EWS,3508
24301,GEN,
24302,GEN,
24303,GEN,
24304,GEN,
24305,GEN,
24306,GEN-EWS,3509
24307,GEN,
24308,OBC-NCL,6664
24309,GEN,
24310,GEN-EWS,3510
24311,GEN,
24312,GEN-EWS,3511
24313,GEN,
24314,OBC-NCL,6665
24315,GEN-EWS,3513
24316,GEN,
24317,OBC-NCL,6666
24318,OBC-NCL,6667
24319,GEN,
24320,GEN,
24321,GEN,
24322,ST,226
24323,OBC-NCL,6668
24324,GEN,
24325,GEN,
24326,OBC-NCL,6669
24327,GEN-EWS,3514
24328,OBC-NCL,6670
24329,OBC-NCL,6671
24330,OBC-NCL,6672
24331,GEN,
24332,OBC-NCL,6673
24333,GEN-EWS,3515
24334,GEN,
24335,OBC-NCL,6674
24336,GEN,
24337,GEN,
24337,GEN,
24339,GEN,
24340,GEN,
24341,GEN,
24342,GEN,
24343,GEN,
24344,GEN,
24345,GEN,
24346,SC,743
24347,GEN,
24348,OBC-NCL,6675
24349,GEN-EWS,3516
24350,GEN,
24351,GEN,
24352,GEN-EWS,3517
24353,GEN,
24354,OBC-NCL,6677
24355,OBC-NCL,6678
24356,SC,744
24357,OBC-NCL,6679
24358,GEN,
24359,OBC-NCL,6680
24360,OBC-NCL,6681
24361,GEN,
24362,GEN,
24363,OBC-NCL,6682
24364,GEN-EWS,3518
24365,OBC-NCL,6683
24366,GEN,
24367,SC,745
24368,GEN,
24369,GEN,
24370,SC,746
24371,GEN-EWS,3519
24372,OBC-NCL,6684
24373,SC,747
24374,OBC-NCL,6685
24375,OBC-NCL,6686
24376,GEN,
24377,GEN,
24378,OBC-NCL,6687
24379,OBC-NCL,6688
24380,OBC-NCL,6689
24381,OBC-NCL,6690
24382,OBC-NCL,6691
24383,GEN,
24384,GEN,
24385,GEN,
24386,GEN-EWS,3520
24387,OBC-NCL,6692
24388,OBC-NCL,6693
24389,SC,748
24390,SC,749
24391,GEN,
24392,GEN,
24393,GEN,
24394,GEN-EWS,3521
24395,GEN-EWS,3522
24396,GEN,
24397,GEN-EWS,3523
24398,GEN,
24399,GEN,
24400,GEN-EWS,3524
24401,GEN,
24402,GEN,
24403,OBC-NCL,6694
24404,OBC-NCL,6695
24405,OBC-NCL,6696
24406,GEN,
24407,ST,227
24408,GEN-EWS,3525
24409,GEN-EWS,3526
24410,OBC-NCL,6697
24411,GEN,
24412,GEN,
24413,OBC-NCL,6698
24414,GEN,
24415,GEN,
24416,GEN,
24417,GEN-EWS,3527
24418,GEN-EWS,3528
24419,OBC-NCL,6699
24420,OBC-NCL,6700
24421,GEN-EWS,3529
24422,GEN,
24423,GEN,
24424,GEN,
24425,GEN,
24426,GEN,
24427,GEN,
24428,GEN,
24429,GEN,
24430,GEN-EWS,3530
24431,GEN,
24432,GEN,
24433,GEN,
24434,GEN-EWS,3531
24435,OBC-NCL,6701
24436,OBC-NCL,6702
24437,GEN-EWS,3532
24438,GEN-EWS,3533
24439,OBC-NCL,6703
24440,OBC-NCL,6704
24441,GEN,
24442,GEN-EWS,3534
24443,GEN,
24444,OBC-NCL,6705
24445,GEN,
24446,GEN,
24447,GEN,
24448,GEN,
24449,GEN,
24450,OBC-NCL,6706
24451,OBC-NCL,6707
24452,GEN,
24453,OBC-NCL,6708
24454,OBC-NCL,6709
24455,GEN,
24456,OBC-NCL,6710
24457,OBC-NCL,6711
24458,OBC-NCL,6712
24459,OBC-NCL,6713
24460,OBC-NCL,6714
24461,GEN-EWS,3535
24462,GEN,
24463,OBC-NCL,6715
24464,OBC-NCL,6716
24465,OBC-NCL,6717
24466,GEN,
24467,OBC-NCL,6718
24468,GEN-EWS,3536
24469,GEN,
24470,SC,750
24471,OBC-NCL,6719
24472,OBC-NCL,6720
24473,OBC-NCL,6721
24474,GEN,
24475,GEN-EWS,3537
24476,GEN,
24477,GEN,
24478,OBC-NCL,6722
24479,OBC-NCL,6723
24480,SC,751
24481,GEN,
24482,GEN,
24483,GEN-EWS,3538
24484,GEN,
24485,GEN,
24486,GEN,
24487,OBC-NCL,6724
24488,GEN,
24489,SC,752
24490,OBC-NCL,6725
24491,OBC-NCL,6726
24492,GEN,
24493,OBC-NCL,6727
24494,GEN,
24495,GEN,
24496,GEN,
24497,GEN-EWS,3539
24498,GEN,
24499,GEN,
24500,GEN,
24501,OBC-NCL,6728
24502,GEN,
24503,ST,228
24504,OBC-NCL,6729
24505,GEN,
24506,GEN,
24507,GEN,
24508,GEN-EWS,3540
24509,OBC-NCL,6730
24510,SC,753
24511,GEN,
24512,GEN-EWS,3541
24513,GEN,
24514,GEN,
24515,GEN,
24516,OBC-NCL,6731
24517,OBC-NCL,6732
24518,GEN-EWS,3542
24519,OBC-NCL,6733
24520,SC,754
24521,GEN,
24522,OBC-NCL,6734
24523,GEN,
24524,GEN,
24525,GEN,
24526,OBC-NCL,6735
24527,OBC-NCL,6736
24528,GEN,
24529,GEN,
24530,OBC-NCL,6737
24531,OBC-NCL,6738
24532,OBC-NCL,6739
24533,OBC-NCL,6740
24534,OBC-NCL,6741
24535,GEN,
24536,GEN,
24537,GEN,
24538,OBC-NCL,6742
24539,GEN-EWS,3543
24540,GEN,
24541,GEN,
24542,GEN-EWS,3544
24543,GEN,
24544,GEN-EWS,3545
24545,OBC-NCL,6743
24546,OBC-NCL,6744
24547,GEN,
24548,OBC-NCL,6745
24549,OBC-NCL,6746
24550,OBC-NCL,6747
24551,GEN,
24552,GEN-EWS,3546
24553,GEN-EWS,3547
24554,GEN-EWS,3548
24555,GEN,
24556,GEN,
24557,GEN-EWS,3549
24558,OBC-NCL,6748
24559,GEN-EWS,3550
24560,OBC-NCL,6749
24561,GEN-EWS,3551
24562,GEN,
24563,GEN,
24564,GEN,
24565,GEN,
24566,GEN,
24567,ST,229
24568,GEN,
24569,OBC-NCL,6750
24570,GEN,
24571,GEN,
24572,SC,755
24573,GEN,
24574,GEN,
24575,OBC-NCL,6751
24576,SC,756
24577,OBC-NCL,6752
24578,GEN,
24579,OBC-NCL,6753
24580,ST,230
24581,OBC-NCL,6754
24582,GEN-EWS,3552
24583,OBC-NCL,6755
24584,GEN,
24585,OBC-NCL,6756
24586,GEN-EWS,3553
24587,OBC-NCL,6757
24588,ST,231
24589,OBC-NCL,6758
24590,OBC-NCL,6759
24591,GEN,
24592,OBC-NCL,6760
24593,GEN,
24594,OBC-NCL,6761
24595,OBC-NCL,6762
24596,OBC-NCL,6763
24597,GEN,
24598,SC,757
24599,GEN-EWS,3554
24600,GEN-EWS,3555
24601,GEN,
24602,GEN-EWS,3556
24603,GEN,
24604,GEN,
24605,OBC-NCL,6764
24606,GEN-EWS,3557
24607,GEN,
24608,GEN-EWS,3558
24609,GEN,
24610,GEN,
24611,OBC-NCL,6765
24612,GEN,
24613,GEN,
24614,GEN,
24615,GEN,
24616,OBC-NCL,6766
24617,SC,758
24618,GEN,
24619,GEN,
24620,GEN,
24621,OBC-NCL,6767
24622,OBC-NCL,6768
24623,GEN,
24624,GEN,
24625,GEN,
24626,GEN,
24627,GEN,
24628,GEN,
24629,OBC-NCL,6769
24630,GEN,
24631,GEN,
24632,OBC-NCL,6770
24633,GEN,
24634,GEN,
24635,OBC-NCL,6771
24636,SC,759
24637,GEN,
24638,GEN,
24639,OBC-NCL,6772
24640,OBC-NCL,6773
24641,GEN-EWS,3559
24642,GEN-EWS,3560
24643,GEN,
24644,OBC-NCL,6774
24645,GEN,
24646,OBC-NCL,6775
24647,OBC-NCL,6776
24648,GEN-EWS,3561
24649,GEN,
24650,OBC-NCL,6777
24651,OBC-NCL,6778
24652,OBC-NCL,6779
24653,GEN-EWS,3562
24654,OBC-NCL,6780
24655,GEN,
24656,GEN,
24657,GEN,
24658,GEN,
24659,GEN,
24660,GEN,
24660,OBC-NCL,6781
24662,GEN,
24663,OBC-NCL,6782
24664,OBC-NCL,6783
24665,OBC-NCL,6784
24666,OBC-NCL,6785
24667,OBC-NCL,6786
24668,GEN-EWS,3563
24669,GEN,
24670,GEN,
24671,OBC-NCL,6787
24672,OBC-NCL,6788
24673,OBC-NCL,6789
24674,GEN,
24675,GEN-EWS,3564
24676,OBC-NCL,6790
24677,GEN-EWS,3565
24678,GEN,
24679,GEN,
24680,OBC-NCL,6791
24681,GEN,
24682,GEN,
24683,GEN,
24684,GEN-EWS,3566
24685,OBC-NCL,6792
24686,OBC-NCL,6793
24687,GEN,
24688,GEN-EWS,3567
24689,GEN-EWS,3568
24690,GEN,
24691,OBC-NCL,6794
24692,GEN,
24693,GEN,
24694,GEN,
24695,GEN,
24696,GEN,
24697,GEN,
24698,OBC-NCL,6795
24699,GEN-EWS,3569
24700,GEN-EWS,3570
24701,GEN-EWS,3571
24702,OBC-NCL,6796
24702,OBC-NCL,6796
24704,GEN-EWS,3572
24705,GEN,
24706,SC,760
24707,GEN,
24708,GEN-EWS,3573
24709,OBC-NCL,6798
24710,GEN,
24711,GEN,
24712,GEN,
24713,SC,761
24714,OBC-NCL,6799
24715,OBC-NCL,6800
24716,GEN,
24717,GEN,
24718,GEN,
24719,GEN,
24720,GEN,
24721,GEN,
24722,GEN,
24723,GEN,
24724,GEN,
24725,GEN-EWS,3574
24726,GEN,
24727,GEN,
24728,GEN,
24729,OBC-NCL,6802
24730,SC,762
24731,GEN,
24732,GEN-EWS,3575
24733,OBC-NCL,6803
24734,GEN,
24735,GEN,
24736,GEN,
24737,OBC-NCL,6804
24738,GEN,
24739,GEN,
24739,SC,763
24741,GEN-EWS,3576
24742,GEN,
24743,OBC-NCL,6805
24744,OBC-NCL,6806
24745,OBC-NCL,6807
24746,SC,764
24747,GEN,
24748,GEN,
24749,GEN,
24750,GEN,
24751,GEN,
24752,SC,765
24753,GEN,
24754,GEN,
24755,GEN-EWS,3577
24756,OBC-NCL,6808
24757,SC,766
24758,GEN,
24759,SC,767
24760,OBC-NCL,6809
24761,OBC-NCL,6810
24762,GEN,
24763,OBC-NCL,6811
24764,OBC-NCL,6812
24765,OBC-NCL,6813
24766,GEN-EWS,3578
24767,OBC-NCL,6814
24768,OBC-NCL,6815
24769,OBC-NCL,6816
24770,OBC-NCL,6817
24771,GEN,
24772,GEN,
24773,GEN,
24774,GEN,
24775,GEN,
24776,GEN,
24777,GEN-EWS,3579
24778,GEN-EWS,3580
24779,OBC-NCL,6818
24780,GEN,
24781,GEN-EWS,3581
24782,OBC-NCL,6819
24783,OBC-NCL,6820
24784,OBC-NCL,6821
24785,OBC-NCL,6822
24786,OBC-NCL,6823
24787,GEN,
24788,GEN,
24789,GEN-EWS,3582
24790,GEN,
24791,GEN,
24792,GEN,
24793,GEN,
24794,OBC-NCL,6824
24795,GEN-EWS,3583
24795,OBC-NCL,6825
24797,GEN,
24798,GEN,
24799,GEN,
24800,GEN,
24801,GEN,
24802,GEN,
24803,GEN-EWS,3584
24804,GEN,
24805,GEN,
24806,OBC-NCL,6826
24807,GEN-EWS,3585
24808,GEN-EWS,3586
24809,OBC-NCL,6827
24810,GEN,
24811,GEN,
24812,GEN,
24813,OBC-NCL,6828
24814,GEN-EWS,3587
24815,GEN,
24816,OBC-NCL,6829
24817,GEN,
24818,OBC-NCL,6830
24819,GEN,
24820,OBC-NCL,6831
24821,GEN-EWS,3588
24822,OBC-NCL,6832
24823,GEN,
24824,OBC-NCL,6833
24825,OBC-NCL,6834
24826,GEN,
24827,GEN-EWS,3589
24828,GEN,
24829,GEN-EWS,3590
24830,GEN,
24831,OBC-NCL,6835
24832,GEN,
24833,OBC-NCL,6836
24834,GEN,
24835,GEN,
24836,GEN,
24837,OBC-NCL,6837
24838,GEN,
24839,OBC-NCL,6838
24840,GEN,
24841,OBC-NCL,6839
24842,OBC-NCL,6840
24843,OBC-NCL,6841
24844,GEN,
24845,GEN,
24846,OBC-NCL,6842
24847,OBC-NCL,6843
24848,OBC-NCL,6844
24849,GEN,
24850,OBC-NCL,6845
24851,OBC-NCL,6846
24852,SC,769
24853,OBC-NCL,6847
24854,GEN,
24855,GEN,
24856,OBC-NCL,6848
24857,SC,770
24858,GEN-EWS,3591
24859,OBC-NCL,6849
24860,GEN-EWS,3592
24861,GEN,
24862,GEN,
24863,GEN,
24864,OBC-NCL,6850
24865,GEN-EWS,3593
24866,GEN,
24867,OBC-NCL,6851
24868,GEN,
24869,GEN,
24870,GEN,
24870,GEN,
24872,GEN-EWS,3594
24873,OBC-NCL,6852
24874,SC,771
24875,OBC-NCL,6853
24876,OBC-NCL,6854
24877,GEN,
24878,OBC-NCL,6855
24879,GEN-EWS,3595
24880,OBC-NCL,6856
24881,GEN-EWS,3596
24882,GEN,
24883,SC,772
24884,OBC-NCL,6857
24885,GEN,
24886,GEN,
24887,OBC-NCL,6858
24888,OBC-NCL,6859
24889,GEN-EWS,3597
24890,OBC-NCL,6860
24891,GEN,
24892,GEN,
24893,GEN,
24894,OBC-NCL,6861
24895,OBC-NCL,6862
24896,GEN,
24897,GEN-EWS,3598
24898,OBC-NCL,6863
24899,GEN,
24899,OBC-NCL,6864
24901,SC,773
24902,OBC-NCL,6865
24903,GEN-EWS,3599
24904,GEN,
24905,GEN-EWS,3600
24906,OBC-NCL,6866
24907,OBC-NCL,6867
24908,OBC-NCL,6868
24909,GEN-EWS,3601
24910,OBC-NCL,6869
24911,OBC-NCL,6870
24912,OBC-NCL,6871
24913,SC,774
24914,GEN,
24915,GEN,
24916,GEN,
24917,OBC-NCL,6872
24918,GEN-EWS,3602
24919,GEN-EWS,3603
24920,OBC-NCL,6873
24921,SC,775
24922,SC,776
24923,GEN,
24924,GEN,
24925,OBC-NCL,6874
24926,OBC-NCL,6875
24927,OBC-NCL,6876
24928,GEN-EWS,3604
24929,OBC-NCL,6877
24930,GEN,
24931,SC,777
24932,GEN-EWS,3605
24933,GEN-EWS,3606
24934,GEN,
24935,GEN,
24936,OBC-NCL,6878
24937,GEN,
24938,GEN,
24939,GEN,
24940,OBC-NCL,6879
24941,GEN,
24942,GEN,
24943,OBC-NCL,6880
24944,GEN,
24945,GEN-EWS,3607
24946,OBC-NCL,6881
24947,GEN-EWS,3608
24948,GEN,
24949,GEN,
24950,GEN,
24951,GEN,
24952,GEN,
24953,GEN,
24954,GEN,
24955,GEN-EWS,3609
24956,GEN-EWS,3610
24957,GEN,
24958,GEN,
24959,GEN,
24960,GEN,
24961,ST,232
24962,GEN-EWS,3611
24963,GEN-EWS,3612
24964,GEN,
24965,GEN,
24966,OBC-NCL,6882
24967,GEN-EWS,3613
24968,GEN,
24969,GEN-EWS,3614
24970,GEN,
24971,OBC-NCL,6883
24972,SC,778
24973,GEN-EWS,3615
24974,GEN,
24975,SC,779
24976,GEN,
24977,GEN,
24978,OBC-NCL,6884
24979,GEN,
24980,GEN,
24981,OBC-NCL,6885
24982,GEN,
24983,GEN,
24984,GEN-EWS,3616
24985,GEN,
24986,OBC-NCL,6886
24987,GEN,
24988,OBC-NCL,6887
24989,GEN,
24990,SC,780
24991,GEN-EWS,3617
24992,GEN,
24993,OBC-NCL,6888
24994,ST,233
24995,GEN-EWS,3618
24996,GEN,
24997,OBC-NCL,6889
24998,GEN-EWS,3619
24999,OBC-NCL,6890
25000,GEN,
25001,GEN,
25002,GEN,
25003,OBC-NCL,6891
25004,GEN-EWS,3620
25005,OBC-NCL,6892
25006,GEN,
25007,GEN-EWS,3621
25008,GEN,
25009,GEN,
25010,GEN-EWS,3622
25011,GEN,
25012,OBC-NCL,6893
25013,GEN,
25014,ST,234
25015,OBC-NCL,6894
25016,GEN,
25017,GEN,
25018,GEN,
25019,SC,781
25020,GEN,
25021,GEN,
25022,OBC-NCL,6895
25023,OBC-NCL,6896
25024,GEN-EWS,3623
25025,GEN-EWS,3624
25026,GEN-EWS,3625
25027,OBC-NCL,6897
25028,GEN-EWS,3626
25029,GEN-EWS,3627
25030,GEN,
25031,GEN,
25032,GEN,
25033,GEN,
25034,OBC-NCL,6898
25035,OBC-NCL,6899
25036,GEN-EWS,3628
25037,GEN,
25038,OBC-NCL,6900
25039,OBC-NCL,6901
25040,GEN,
25041,GEN,
25042,GEN,
25043,GEN,
25044,GEN,
25045,GEN,
25046,GEN,
25047,GEN,
25048,GEN,
25049,GEN-EWS,3630
25050,GEN,
25051,GEN,
25052,GEN-EWS,3631
25053,GEN,
25054,OBC-NCL,6902
25055,GEN,
25056,GEN-EWS,3632
25057,OBC-NCL,6903
25058,OBC-NCL,6904
25059,GEN,
25060,OBC-NCL,6905
25061,OBC-NCL,6906
25062,GEN,
25063,OBC-NCL,6907
25064,OBC-NCL,6908
25065,GEN,
25066,ST,235
25067,OBC-NCL,6909
25068,GEN,
25069,GEN,
25070,GEN,
25071,SC,782
25072,OBC-NCL,6910
25073,GEN,
25074,GEN,
25075,OBC-NCL,6911
25076,ST,236
25077,OBC-NCL,6912
25078,GEN,
25079,GEN,
25080,GEN,
25081,OBC-NCL,6913
25082,GEN-EWS,3633
25083,OBC-NCL,6914
25084,ST,237
25085,OBC-NCL,6915
25086,SC,783
25087,GEN-EWS,3634
25088,GEN,
25089,OBC-NCL,6916
25090,GEN-EWS,3635
25091,SC,784
25092,OBC-NCL,6917
25093,GEN,
25094,GEN,
25095,OBC-NCL,6918
25096,GEN-EWS,3636
25097,GEN,
25098,GEN,
25099,GEN,
25100,GEN,
25101,GEN-EWS,3637
25102,OBC-NCL,6919
25103,GEN-EWS,3638
25104,OBC-NCL,6920
25105,GEN,
25106,GEN,
25107,OBC-NCL,6921
25108,GEN,
25109,OBC-NCL,6922
25110,GEN,
25111,OBC-NCL,6923
25112,GEN-EWS,3639
25113,GEN,
25114,GEN,
25115,OBC-NCL,6924
25116,OBC-NCL,6925
25117,OBC-NCL,6926
25118,GEN,
25119,OBC-NCL,6927
25120,GEN,
25121,OBC-NCL,6928
25122,OBC-NCL,6929
25123,GEN-EWS,3640
25124,GEN,
25125,GEN-EWS,3641
25126,GEN,
25127,OBC-NCL,6931
25128,OBC-NCL,6932
25129,GEN-EWS,3642
25130,GEN,
25131,GEN-EWS,3643
25132,GEN,
25133,OBC-NCL,6933
25134,OBC-NCL,6934
25135,GEN-EWS,3645
25136,GEN,
25137,GEN,
25138,GEN,
25139,GEN-EWS,3646
25140,GEN,
25141,OBC-NCL,6935
25142,GEN,
25143,GEN-EWS,3647
25144,OBC-NCL,6936
25145,OBC-NCL,6937
25146,GEN,
25147,OBC-NCL,6938
25148,GEN,
25149,OBC-NCL,6939
25150,GEN,
25151,OBC-NCL,6940
25152,GEN,
25153,GEN,
25154,GEN-EWS,3648
25155,GEN,
25155,OBC-NCL,6941
25157,GEN,
25158,GEN,
25159,GEN,
25160,GEN,
25161,GEN-EWS,3649
25162,GEN-EWS,3650
25163,GEN,
25164,GEN,
25165,GEN,
25166,OBC-NCL,6942
25167,GEN,
25168,OBC-NCL,6943
25169,GEN,
25170,OBC-NCL,6944
25171,OBC-NCL,6945
25172,OBC-NCL,6946
25173,GEN,
25174,OBC-NCL,6947
25175,SC,785
25176,GEN-EWS,3651
25177,OBC-NCL,6948
25178,GEN-EWS,3652
25179,GEN-EWS,3653
25180,SC,786
25181,GEN,
25182,GEN,
25183,GEN-EWS,3654
25184,OBC-NCL,6949
25185,GEN,
25186,OBC-NCL,6950
25187,GEN-EWS,3655
25188,GEN,
25189,GEN,
25190,GEN-EWS,3656
25191,GEN,
25192,GEN,
25193,GEN,
25194,GEN,
25195,GEN,
25195,OBC-NCL,6951
25197,GEN,
25198,GEN,
25199,GEN-EWS,3657
25200,GEN,
25201,GEN,
25202,OBC-NCL,6952
25203,OBC-NCL,6953
25204,GEN-EWS,3658
25205,GEN,
25206,OBC-NCL,6954
25207,GEN,
25208,GEN,
25209,GEN-EWS,3659
25210,GEN,
25211,OBC-NCL,6955
25212,OBC-NCL,6956
25213,GEN-EWS,3660
25214,GEN,
25215,GEN,
25216,OBC-NCL,6957
25217,GEN-EWS,3661
25218,SC,787
25219,GEN,
25220,OBC-NCL,6958
25221,GEN,
25222,GEN,
25223,OBC-NCL,6959
25224,OBC-NCL,6960
25225,OBC-NCL,6961
25226,GEN-EWS,3662
25227,GEN,
25228,GEN-EWS,3663
25229,GEN,
25230,GEN,
25231,GEN,
25232,GEN,
25233,GEN-EWS,3664
25234,OBC-NCL,6962
25235,GEN-EWS,3665
25236,OBC-NCL,6963
25237,GEN,
25238,GEN,
25239,OBC-NCL,6964
25240,GEN,
25241,GEN,
25242,GEN-EWS,3666
25243,SC,788
25244,GEN,
25245,GEN,
25246,GEN,
25247,GEN,
25248,OBC-NCL,6965
25249,OBC-NCL,6966
25250,SC,789
25251,OBC-NCL,6967
25252,OBC-NCL,6968
25253,GEN,
25254,GEN-EWS,3667
25255,GEN,
25256,GEN,
25257,GEN,
25258,OBC-NCL,6969
25259,GEN-EWS,3668
25260,OBC-NCL,6970
25261,OBC-NCL,6972
25262,GEN,
25263,GEN,
25264,GEN,
25265,OBC-NCL,6973
25266,GEN,
25267,GEN,
25268,OBC-NCL,6974
25269,OBC-NCL,6975
25270,GEN,
25271,OBC-NCL,6976
25272,GEN,
25273,OBC-NCL,6977
25274,OBC-NCL,6978
25275,OBC-NCL,6979
25276,GEN-EWS,3669
25277,ST,238
25278,OBC-NCL,6980
25279,GEN,
25280,GEN,
25281,GEN,
25282,GEN-EWS,3670
25283,GEN,
25284,GEN,
25285,GEN,
25286,GEN,
25287,GEN-EWS,3671
25288,OBC-NCL,6981
25289,OBC-NCL,6982
25290,GEN,
25291,GEN,
25292,OBC-NCL,6983
25293,OBC-NCL,6984
25294,GEN,
25295,SC,790
25296,GEN,
25297,SC,791
25298,GEN,
25299,GEN-EWS,3672
25300,GEN,
25301,GEN-EWS,3673
25302,GEN,
25303,OBC-NCL,6985
25304,GEN,
25305,GEN,
25306,GEN,
25307,OBC-NCL,6986
25308,GEN,
25309,OBC-NCL,6987
25310,GEN,
25311,OBC-NCL,6988
25312,GEN,
25312,GEN,
25314,OBC-NCL,6989
25315,GEN,
25316,GEN,
25317,OBC-NCL,6990
25318,GEN-EWS,3674
25319,OBC-NCL,6991
25320,GEN-EWS,3675
25321,GEN,
25322,OBC-NCL,6992
25323,GEN,
25324,GEN,
25325,GEN,
25326,GEN,
25327,GEN,
25328,OBC-NCL,6993
25329,GEN,
25330,GEN,
25331,GEN,
25332,GEN,
25333,OBC-NCL,6994
25334,OBC-NCL,6995
25335,GEN,
25336,OBC-NCL,6996
25337,OBC-NCL,6997
25338,GEN,
25339,GEN,
25340,OBC-NCL,6998
25341,OBC-NCL,6999
25342,OBC-NCL,7000
25343,GEN,
25344,GEN,
25345,OBC-NCL,7001
25346,OBC-NCL,7002
25347,GEN,
25348,GEN,
25349,GEN-EWS,3676
25350,GEN,
25351,OBC-NCL,7003
25352,GEN,
25353,GEN-EWS,3677
25354,GEN,
25355,OBC-NCL,7004
25356,GEN,
25357,OBC-NCL,7005
25358,GEN,
25359,OBC-NCL,7006
25360,GEN,
25361,GEN,
25362,GEN,
25363,GEN,
25364,GEN-EWS,3678
25365,OBC-NCL,7007
25366,OBC-NCL,7008
25367,GEN,
25368,GEN,
25369,OBC-NCL,7009
25370,OBC-NCL,7010
25371,GEN,
25372,GEN,
25373,OBC-NCL,7011
25374,OBC-NCL,7012
25375,GEN,
25376,GEN,
25377,OBC-NCL,7013
25378,OBC-NCL,7014
25379,GEN,
25380,GEN,
25381,GEN,
25382,GEN,
25383,GEN-EWS,3679
25384,SC,793
25385,OBC-NCL,7015
25386,OBC-NCL,7016
25387,GEN,
25387,GEN,
25389,GEN,
25390,OBC-NCL,7017
25391,GEN,
25392,GEN,
25393,GEN,
25394,OBC-NCL,7018
25395,GEN-EWS,3680
25396,GEN,
25397,OBC-NCL,7019
25398,GEN,
25399,GEN-EWS,3681
25400,GEN,
25401,GEN-EWS,3682
25402,GEN-EWS,3683
25403,SC,794
25404,GEN,
25405,GEN,
25406,OBC-NCL,7020
25407,GEN,
25408,GEN-EWS,3684
25409,GEN,
25410,GEN-EWS,3685
25411,ST,239
25412,GEN,
25413,GEN,
25414,GEN,
25415,OBC-NCL,7021
25416,GEN,
25417,GEN-EWS,3686
25418,OBC-NCL,7022
25419,GEN,
25420,GEN,
25421,GEN,
25422,OBC-NCL,7023
25423,GEN,
25424,GEN,
25425,GEN,
25426,OBC-NCL,7024
25427,OBC-NCL,7025
25428,SC,795
25429,GEN-EWS,3687
25430,GEN,
25431,GEN,
25432,OBC-NCL,7026
25433,OBC-NCL,7027
25434,GEN,
25435,ST,240
25436,OBC-NCL,7028
25437,GEN,
25438,OBC-NCL,7029
25439,OBC-NCL,7030
25440,SC,796
25441,GEN,
25442,OBC-NCL,7031
25443,GEN,
25444,OBC-NCL,7032
25445,OBC-NCL,7033
25446,GEN,
25447,GEN,
25448,GEN-EWS,3688
25449,OBC-NCL,7034
25450,GEN-EWS,3689
25451,GEN,
25452,OBC-NCL,7035
25453,GEN,
25454,GEN-EWS,3690
25455,OBC-NCL,7036
25456,GEN,
25457,OBC-NCL,7037
25458,GEN,
25459,GEN,
25460,GEN-EWS,3691
25461,OBC-NCL,7038
25462,GEN,
25463,GEN-EWS,3692
25464,GEN-EWS,3693
25465,GEN,
25466,GEN,
25467,GEN,
25468,GEN-EWS,3694
25469,SC,797
25470,GEN,
25471,OBC-NCL,7039
25472,GEN-EWS,3695
25473,GEN-EWS,3696
25474,GEN,
25475,OBC-NCL,7040
25476,GEN,
25477,SC,798
25478,GEN,
25479,OBC-NCL,7041
25480,OBC-NCL,7042
25481,OBC-NCL,7043
25482,OBC-NCL,7044
25483,OBC-NCL,7045
25484,GEN-EWS,3697
25485,GEN,
25486,SC,799
25487,GEN,
25488,GEN,
25489,ST,241
25490,OBC-NCL,7046
25491,GEN,
25492,OBC-NCL,7047
25493,GEN,
25494,OBC-NCL,7048
25495,GEN,
25496,GEN,
25497,GEN-EWS,3698
25498,GEN,
25499,GEN,
25500,OBC-NCL,7049
25501,GEN,
25502,GEN,
25503,OBC-NCL,7050
25504,GEN-EWS,3699
25505,OBC-NCL,7051
25506,GEN,
25507,OBC-NCL,7052
25508,GEN,
25509,ST,242
25510,GEN-EWS,3700
25511,GEN,
25512,GEN,
25513,GEN,
25514,GEN,
25515,GEN,
25516,OBC-NCL,7053
25516,OBC-NCL,7053
25518,GEN,
25519,GEN,
25519,OBC-NCL,7055
25521,OBC-NCL,7056
25522,SC,800
25523,GEN,
25524,GEN,
25525,GEN-EWS,3701
25526,GEN-EWS,3702
25527,OBC-NCL,7057
25528,GEN,
25529,OBC-NCL,7058
25530,GEN-EWS,3703
25531,OBC-NCL,7059
25532,ST,243
25533,GEN,
25534,GEN,
25535,GEN-EWS,3704
25536,GEN,
25537,GEN,
25538,GEN,
25539,OBC-NCL,7060
25540,OBC-NCL,7061
25541,OBC-NCL,7062
25542,GEN-EWS,3705
25543,OBC-NCL,7063
25544,GEN,
25545,OBC-NCL,7064
25546,OBC-NCL,7065
25547,GEN,
25548,GEN,
25549,GEN,
25550,GEN,
25551,OBC-NCL,7066
25552,SC,801
25553,GEN-EWS,3706
25554,OBC-NCL,7067
25555,OBC-NCL,7068
25556,OBC-NCL,7069
25557,GEN-EWS,3707
25558,SC,802
25559,GEN,
25560,OBC-NCL,7070
25561,GEN,
25562,GEN-EWS,3708
25563,GEN,
25564,GEN,
25565,GEN,
25566,GEN,
25567,OBC-NCL,7071
25568,GEN-EWS,3709
25569,GEN,
25570,OBC-NCL,7072
25571,GEN,
25572,GEN-EWS,3710
25573,OBC-NCL,7073
25574,OBC-NCL,7074
25575,OBC-NCL,7075
25576,OBC-NCL,7076
25577,GEN,
25578,GEN,
25579,OBC-NCL,7077
25580,GEN-EWS,3711
25581,OBC-NCL,7078
25582,GEN,
25583,OBC-NCL,7079
25584,GEN,
25585,OBC-NCL,7080
25586,GEN-EWS,3712
25587,OBC-NCL,7081
25588,GEN,
25589,OBC-NCL,7082
25590,GEN,
25591,OBC-NCL,7083
25592,OBC-NCL,7084
25593,GEN-EWS,3713
25594,GEN,
25595,OBC-NCL,7085
25596,GEN-EWS,3714
25597,OBC-NCL,7086
25598,OBC-NCL,7087
25599,OBC-NCL,7088
25600,OBC-NCL,7089
25601,GEN-EWS,3715
25602,GEN,
25603,GEN,
25604,GEN,
25605,GEN,
25606,GEN,
25607,GEN-EWS,3716
25608,SC,804
25609,GEN,
25610,OBC-NCL,7090
25611,GEN-EWS,3717
25612,GEN-EWS,3718
25613,OBC-NCL,7091
25614,GEN,
25615,OBC-NCL,7092
25616,GEN-EWS,3719
25617,GEN,
25618,GEN-EWS,3720
25619,OBC-NCL,7093
25620,GEN,
25621,GEN,
25622,GEN,
25623,GEN,
25624,GEN,
25625,GEN,
25626,GEN-EWS,3721
25627,GEN,
25628,OBC-NCL,7094
25629,GEN,
25630,GEN,
25631,GEN-EWS,3722
25632,GEN,
25633,OBC-NCL,7095
25634,GEN,
25635,GEN,
25636,GEN,
25637,GEN-EWS,3723
25638,GEN-EWS,3724
25639,OBC-NCL,7096
25640,OBC-NCL,7097
25641,GEN,
25642,OBC-NCL,7098
25643,ST,244
25644,GEN,
25645,SC,805
25646,GEN,
25647,GEN,
25648,OBC-NCL,7099
25648,SC,806
25650,GEN-EWS,3725
25651,GEN,
25652,GEN-EWS,3726
25653,GEN,
25654,GEN,
25655,OBC-NCL,7100
25656,SC,807
25657,GEN,
25658,GEN-EWS,3727
25659,ST,245
25660,GEN,
25661,GEN,
25662,OBC-NCL,7101
25663,OBC-NCL,7102
25664,GEN,
25665,OBC-NCL,7103
25666,GEN-EWS,3728
25667,GEN,
25668,GEN,
25669,GEN,
25670,GEN,
25671,GEN,
25672,OBC-NCL,7104
25673,GEN-EWS,3729
25674,OBC-NCL,7105
25675,GEN-EWS,3730
25676,OBC-NCL,7106
25677,OBC-NCL,7107
25678,OBC-NCL,7108
25679,OBC-NCL,7109
25680,SC,808
25681,GEN,
25682,GEN,
25683,GEN,
25684,OBC-NCL,7110
25685,GEN,
25686,GEN,
25687,OBC-NCL,7111
25688,OBC-NCL,7112
25689,OBC-NCL,7113
25690,GEN,
25691,GEN,
25692,OBC-NCL,7114
25693,GEN-EWS,3731
25694,GEN,
25695,GEN,
25696,GEN-EWS,3732
25697,OBC-NCL,7115
25698,GEN,
25699,OBC-NCL,7116
25700,OBC-NCL,7117
25701,GEN,
25702,ST,246
25703,SC,809
25704,GEN,
25705,GEN-EWS,3733
25706,OBC-NCL,7118
25707,OBC-NCL,7119
25708,OBC-NCL,7120
25709,GEN,
25709,OBC-NCL,7121
25711,OBC-NCL,7122
25712,GEN,
25713,OBC-NCL,7123
25714,OBC-NCL,7124
25715,GEN,
25715,GEN,
25717,GEN,
25718,GEN-EWS,3734
25719,GEN,
25720,GEN,
25721,GEN,
25722,OBC-NCL,7126
25723,GEN,
25724,GEN,
25725,GEN-EWS,3735
25726,GEN,
25727,GEN,
25728,GEN,
25729,OBC-NCL,7127
25730,GEN,
25730,GEN-EWS,3736
25732,GEN,
25733,OBC-NCL,7128
25734,OBC-NCL,7129
25735,OBC-NCL,7130
25736,SC,810
25737,GEN-EWS,3737
25738,OBC-NCL,7131
25739,GEN-EWS,3738
25740,GEN,
25741,GEN,
25742,OBC-NCL,7133
25743,OBC-NCL,7134
25744,GEN-EWS,3739
25745,GEN-EWS,3740
25746,GEN,
25747,GEN,
25748,GEN-EWS,3741
25749,OBC-NCL,7135
25750,GEN,
25751,GEN,
25752,GEN,
25753,OBC-NCL,7136
25754,GEN,
25755,OBC-NCL,7137
25756,OBC-NCL,7138
25757,GEN,
25758,GEN,
25759,GEN,
25760,OBC-NCL,7139
25761,GEN,
25762,GEN,
25763,GEN-EWS,3742
25764,OBC-NCL,7140
25765,GEN,
25766,GEN-EWS,3743
25767,GEN-EWS,3744
25768,GEN-EWS,3745
25769,OBC-NCL,7141
25770,GEN,
25771,GEN,
25772,GEN,
25773,GEN,
25774,GEN,
25775,GEN-EWS,3746
25776,OBC-NCL,7142
25777,OBC-NCL,7143
25778,OBC-NCL,7144
25779,OBC-NCL,7145
25780,GEN,
25781,GEN,
25782,GEN,
25783,GEN,
25784,OBC-NCL,7146
25785,GEN-EWS,3747
25786,OBC-NCL,7147
25787,GEN,
25788,GEN,
25789,GEN-EWS,3748
25790,GEN,
25791,OBC-NCL,7148
25792,GEN,
25793,GEN-EWS,3749
25794,GEN-EWS,3750
25795,GEN,
25796,GEN-EWS,3751
25797,GEN-EWS,3752
25798,GEN,
25799,GEN,
25800,GEN,
25801,GEN,
25802,OBC-NCL,7149
25803,GEN,
25804,GEN,
25805,GEN-EWS,3753
25806,GEN,
25807,GEN,
25808,GEN,
25809,GEN-EWS,3754
25810,OBC-NCL,7150
25811,GEN,
25812,OBC-NCL,7152
25813,GEN,
25814,OBC-NCL,7153
25815,GEN,
25816,OBC-NCL,7154
25817,GEN,
25818,GEN,
25819,GEN,
25820,OBC-NCL,7155
25821,GEN,
25822,OBC-NCL,7156
25823,OBC-NCL,7157
25824,GEN,
25825,OBC-NCL,7158
25826,SC,811
25827,SC,812
25828,OBC-NCL,7159
25829,GEN,
25830,OBC-NCL,7160
25831,OBC-NCL,7161
25832,OBC-NCL,7162
25833,OBC-NCL,7163
25834,GEN,
25835,GEN,
25836,GEN,
25837,SC,813
25838,GEN,
25839,OBC-NCL,7164
25840,GEN,
25841,GEN,
25842,GEN,
25843,GEN,
25844,GEN,
25845,OBC-NCL,7165
25846,GEN-EWS,3755
25847,OBC-NCL,7166
25848,GEN,
25849,GEN-EWS,3756
25850,OBC-NCL,7167
25851,GEN,
25852,OBC-NCL,7168
25853,GEN-EWS,3757
25854,GEN,
25855,GEN,
25856,GEN,
25857,OBC-NCL,7169
25858,GEN,
25859,OBC-NCL,7170
25860,GEN,
25861,OBC-NCL,7171
25862,OBC-NCL,7172
25863,GEN,
25864,OBC-NCL,7173
25865,GEN,
25866,GEN,
25867,GEN,
25868,GEN,
25868,SC,814
25870,OBC-NCL,7174
25871,GEN,
25872,GEN,
25873,OBC-NCL,7175
25874,GEN,
25875,GEN,
25876,GEN,
25877,OBC-NCL,7176
25878,GEN,
25879,OBC-NCL,7177
25880,GEN-EWS,3758
25881,GEN,
25882,GEN,
25883,OBC-NCL,7178
25884,GEN,
25885,GEN-EWS,3759
25886,GEN,
25887,GEN,
25888,GEN,
25889,SC,815
25890,OBC-NCL,7179
25891,GEN,
25892,GEN,
25893,SC,816
25894,OBC-NCL,7180
25895,SC,817
25896,GEN-EWS,3760
25897,GEN,
25898,GEN,
25899,ST,247
25900,OBC-NCL,7181
25901,GEN,
25902,GEN-EWS,3762
25903,GEN,
25904,GEN,
25905,GEN-EWS,3763
25906,GEN,
25907,GEN,
25908,GEN,
25909,OBC-NCL,7182
25910,GEN,
25911,GEN,
25912,OBC-NCL,7183
25913,GEN,
25914,OBC-NCL,7184
25915,GEN,
25916,GEN,
25917,GEN,
25918,GEN,
25919,GEN,
25920,GEN,
25921,GEN,
25922,OBC-NCL,7185
25923,OBC-NCL,7186
25924,GEN,
25925,GEN,
25926,OBC-NCL,7187
25927,OBC-NCL,7188
25928,GEN-EWS,3764
25929,GEN,
25930,GEN,
25931,OBC-NCL,7189
25932,GEN,
25933,GEN,
25934,GEN,
25935,OBC-NCL,7190
25936,OBC-NCL,7191
25937,OBC-NCL,7192
25938,GEN,
25939,OBC-NCL,7193
25940,GEN-EWS,3765
25941,SC,818
25942,GEN,
25943,GEN-EWS,3766
25944,OBC-NCL,7194
25945,OBC-NCL,7196
25946,GEN,
25947,GEN-EWS,3767
25948,GEN,
25949,GEN,
25950,OBC-NCL,7197
25951,GEN,
25952,OBC-NCL,7198
25953,GEN-EWS,3768
25954,OBC-NCL,7199
25955,GEN,
25956,GEN,
25957,GEN-EWS,3769
25958,GEN,
25959,GEN-EWS,3770
25960,GEN,
25961,SC,819
25962,GEN,
25963,SC,820
25964,GEN-EWS,3771
25965,OBC-NCL,7200
25966,GEN-EWS,3772
25967,GEN-EWS,3773
25968,GEN,
25969,OBC-NCL,7201
25970,GEN,
25971,OBC-NCL,7202
25972,GEN,
25973,GEN,
25974,GEN,
25975,GEN,
25975,OBC-NCL,7203
25977,OBC-NCL,7204
25978,GEN,
25979,GEN,
25980,GEN,
25981,SC,821
25982,GEN,
25983,GEN,
25984,OBC-NCL,7205
25985,GEN-EWS,3774
25986,ST,248
25987,OBC-NCL,7206
25988,GEN,
25989,OBC-NCL,7207
25990,OBC-NCL,7208
25991,GEN-EWS,3775
25992,GEN,
25993,GEN,
25994,GEN-EWS,3776
25995,GEN-EWS,3777
25996,GEN,
25997,GEN,
25998,OBC-NCL,7210
25999,GEN,
26000,OBC-NCL,7211
26001,OBC-NCL,7212
26002,OBC-NCL,7213
26003,GEN,
26004,GEN,
26005,GEN,
26006,OBC-NCL,7214
26007,GEN,
26008,GEN,
26009,OBC-NCL,7215
26010,OBC-NCL,7216
26011,OBC-NCL,7217
26011,SC,823
26013,GEN-EWS,3778
26014,GEN,
26015,OBC-NCL,7218
26016,SC,824
26017,OBC-NCL,7219
26018,GEN-EWS,3779
26019,SC,825
26020,OBC-NCL,7220
26021,OBC-NCL,7221
26022,SC,826
26023,GEN,
26024,SC,827
26025,OBC-NCL,7222
26026,OBC-NCL,7223
26027,OBC-NCL,7224
26028,GEN,
26029,OBC-NCL,7225
26030,GEN,
26031,GEN,
26032,OBC-NCL,7226
26033,GEN,
26034,GEN-EWS,3780
26035,SC,829
26036,OBC-NCL,7227
26037,OBC-NCL,7228
26038,OBC-NCL,7229
26039,GEN,
26040,GEN,
26041,GEN,
26042,GEN,
26043,GEN,
26043,GEN,
26045,GEN,
26046,GEN,
26047,GEN-EWS,3781
26048,SC,830
26049,GEN,
26050,GEN,
26051,GEN,
26051,GEN,
26053,GEN,
26054,OBC-NCL,7230
26055,GEN,
26056,GEN,
26057,SC,831
26058,GEN,
26059,GEN-EWS,3782
26060,GEN,
26061,OBC-NCL,7231
26062,OBC-NCL,7232
26063,GEN,
26064,OBC-NCL,7233
26065,GEN,
26066,GEN,
26067,GEN,
26068,SC,832
26069,OBC-NCL,7234
26070,GEN-EWS,3783
26071,GEN,
26072,SC,834
26073,GEN,
26074,OBC-NCL,7235
26075,GEN-EWS,3784
26076,GEN-EWS,3785
26077,GEN,
26078,OBC-NCL,7236
26079,OBC-NCL,7237
26080,GEN,
26081,OBC-NCL,7238
26082,GEN,
26083,OBC-NCL,7239
26084,OBC-NCL,7240
26085,GEN,
26086,OBC-NCL,7241
26087,GEN,
26088,ST,250
26089,GEN,
26090,GEN,
26091,GEN,
26092,GEN,
26093,OBC-NCL,7242
26094,SC,835
26095,GEN,
26096,OBC-NCL,7243
26097,OBC-NCL,7244
26098,GEN,
26099,GEN,
26100,GEN,
26101,GEN,
26102,GEN-EWS,3786
26103,SC,836
26104,GEN,
26105,OBC-NCL,7245
26106,GEN,
26107,GEN,
26108,GEN-EWS,3787
26109,GEN-EWS,3788
26110,OBC-NCL,7246
26111,GEN,
26112,GEN,
26113,GEN,
26114,GEN,
26115,GEN,
26116,OBC-NCL,7247
26117,OBC-NCL,7248
26118,GEN-EWS,3789
26119,OBC-NCL,7249
26120,OBC-NCL,7250
26121,OBC-NCL,7251
26121,OBC-NCL,7251
26123,GEN-EWS,3790
26124,GEN,
26125,GEN,
26126,GEN,
26127,GEN,
26128,GEN,
26129,OBC-NCL,7253
26130,OBC-NCL,7254
26131,OBC-NCL,7255
26132,GEN,
26133,GEN-EWS,3792
26134,OBC-NCL,7256
26135,OBC-NCL,7257
26136,OBC-NCL,7258
26137,GEN,
26138,GEN,
26139,GEN-EWS,3793
26140,SC,837
26141,OBC-NCL,7259
26142,OBC-NCL,7260
26143,GEN,
26143,GEN-EWS,3794
26145,GEN-EWS,3795
26146,OBC-NCL,7261
26147,GEN,
26148,GEN,
26149,OBC-NCL,7262
26150,GEN,
26151,OBC-NCL,7263
26152,GEN,
26153,GEN-EWS,3796
26154,GEN-EWS,3797
26155,OBC-NCL,7264
26156,GEN,
26157,SC,838
26158,GEN,
26159,GEN,
26160,GEN,
26161,OBC-NCL,7265
26162,OBC-NCL,7266
26163,OBC-NCL,7267
26164,OBC-NCL,7268
26165,GEN,
26166,ST,251
26167,OBC-NCL,7269
26168,GEN,
26169,OBC-NCL,7270
26170,OBC-NCL,7271
26171,GEN-EWS,3798
26172,GEN-EWS,3799
26173,GEN-EWS,3800
26174,SC,839
26175,GEN,
26176,GEN,
26177,SC,840
26178,GEN,
26179,GEN,
26180,SC,841
26181,OBC-NCL,7272
26182,GEN-EWS,3801
26183,GEN,
26184,OBC-NCL,7273
26185,GEN,
26186,GEN,
26187,GEN,
26188,GEN-EWS,3802
26189,GEN,
26190,GEN-EWS,3803
26191,GEN-EWS,3804
26192,GEN,
26193,OBC-NCL,7274
26194,OBC-NCL,7275
26195,SC,843
26196,GEN-EWS,3805
26197,GEN,
26198,GEN-EWS,3806
26199,GEN-EWS,3807
26200,OBC-NCL,7276
26201,OBC-NCL,7277
26202,GEN,
26203,ST,252
26204,GEN,
26205,OBC-NCL,7278
26206,OBC-NCL,7279
26207,GEN,
26208,GEN-EWS,3808
26209,OBC-NCL,7280
26210,GEN,
26211,GEN-EWS,3809
26212,GEN,
26213,SC,844
26214,GEN-EWS,3810
26215,OBC-NCL,7281
26216,OBC-NCL,7282
26217,GEN-EWS,3811
26218,GEN,
26219,GEN-EWS,3812
26220,OBC-NCL,7283
26221,OBC-NCL,7284
26222,OBC-NCL,7285
26223,OBC-NCL,7286
26224,SC,845
26225,OBC-NCL,7287
26226,OBC-NCL,7288
26227,OBC-NCL,7289
26228,OBC-NCL,7290
26229,GEN,
26230,GEN-EWS,3813
26231,OBC-NCL,7291
26232,GEN,
26233,GEN,
26234,GEN,
26235,GEN,
26236,GEN,
26237,OBC-NCL,7292
26238,OBC-NCL,7293
26239,OBC-NCL,7294
26240,GEN-EWS,3814
26241,GEN,
26242,GEN,
26243,GEN,
26244,GEN,
26245,GEN-EWS,3815
26246,GEN,
26247,GEN,
26248,GEN,
26249,OBC-NCL,7296
26250,GEN,
26251,SC,846
26252,OBC-NCL,7297
26253,OBC-NCL,7298
26254,GEN,
26255,OBC-NCL,7299
26256,GEN,
26257,OBC-NCL,7300
26258,GEN,
26259,GEN,
26260,GEN-EWS,3816
26261,GEN-EWS,3817
26262,GEN,
26263,GEN-EWS,3818
26264,GEN,
26265,OBC-NCL,7301
26266,OBC-NCL,7302
26267,GEN-EWS,3819
26268,GEN-EWS,3820
26269,OBC-NCL,7303
26270,GEN-EWS,3821
26271,OBC-NCL,7304
26272,OBC-NCL,7305
26273,SC,847
26274,GEN-EWS,3822
26275,GEN,
26276,GEN,
26277,GEN,
26278,GEN-EWS,3823
26279,GEN,
26280,GEN,
26281,GEN-EWS,3824
26282,OBC-NCL,7306
26283,GEN,
26284,OBC-NCL,7307
26285,GEN,
26286,GEN-EWS,3825
26287,GEN,
26288,GEN,
26289,GEN,
26290,GEN,
26291,GEN,
26292,GEN,
26293,GEN-EWS,3826
26294,GEN-EWS,3827
26295,ST,253
26296,OBC-NCL,7308
26297,GEN,
26298,OBC-NCL,7309
26299,OBC-NCL,7310
26300,GEN,
26301,OBC-NCL,7311
26302,GEN,
26303,GEN,
26304,GEN-EWS,3828
26305,GEN,
26306,OBC-NCL,7312
26307,OBC-NCL,7313
26308,OBC-NCL,7314
26309,GEN,
26310,GEN,
26311,OBC-NCL,7315
26312,GEN,
26313,OBC-NCL,7316
26314,ST,254
26315,GEN-EWS,3829
26316,OBC-NCL,7317
26317,GEN,
26318,GEN-EWS,3830
26319,OBC-NCL,7318
26320,OBC-NCL,7319
26321,GEN-EWS,3831
26322,GEN,
26323,GEN,
26324,GEN,
26325,GEN,
26326,OBC-NCL,7320
26327,GEN-EWS,3832
26328,SC,848
26329,GEN-EWS,3833
26330,GEN-EWS,3834
26331,GEN,
26332,OBC-NCL,7321
26333,GEN,
26334,GEN,
26335,GEN,
26336,GEN-EWS,3835
26337,OBC-NCL,7322
26338,OBC-NCL,7323
26339,GEN-EWS,3836
26340,GEN,
26341,SC,849
26342,GEN-EWS,3837
26343,GEN,
26344,OBC-NCL,7324
26345,OBC-NCL,7325
26346,GEN-EWS,3838
26347,GEN,
26348,GEN,
26349,OBC-NCL,7326
26350,GEN,
26350,SC,850
26352,GEN,
26353,OBC-NCL,7327
26354,GEN,
26355,GEN,
26356,GEN,
26357,GEN,
26358,OBC-NCL,7328
26359,GEN,
26360,GEN-EWS,3839
26361,ST,255
26362,SC,851
26363,GEN,
26364,OBC-NCL,7329
26365,GEN,
26366,OBC-NCL,7330
26367,OBC-NCL,7331
26368,OBC-NCL,7332
26369,OBC-NCL,7333
26370,OBC-NCL,7334
26371,GEN,
26372,GEN-EWS,3840
26373,GEN-EWS,3841
26373,OBC-NCL,7335
26375,GEN,
26376,OBC-NCL,7336
26377,GEN,
26378,GEN,
26379,GEN-EWS,3842
26380,GEN-EWS,3843
26381,GEN,
26382,GEN,
26383,GEN,
26384,GEN,
26385,OBC-NCL,7337
26386,GEN,
26387,SC,852
26388,GEN,
26389,GEN-EWS,3844
26390,GEN-EWS,3845
26391,GEN-EWS,3846
26392,GEN,
26393,OBC-NCL,7338
26394,OBC-NCL,7339
26395,OBC-NCL,7340
26396,GEN-EWS,3847
26397,GEN,
26398,OBC-NCL,7341
26399,OBC-NCL,7342
26400,OBC-NCL,7343
26401,OBC-NCL,7344
26402,GEN-EWS,3848
26403,OBC-NCL,7345
26404,GEN,
26405,OBC-NCL,7346
26406,GEN-EWS,3849
26407,GEN,
26408,GEN,
26409,OBC-NCL,7347
26410,GEN-EWS,3850
26411,GEN,
26412,OBC-NCL,7348
26413,GEN-EWS,3851
26414,OBC-NCL,7349
26415,GEN,
26416,GEN,
26417,SC,853
26418,GEN,
26419,GEN,
26420,GEN,
26420,OBC-NCL,7350
26422,GEN,
26423,OBC-NCL,7351
26424,GEN-EWS,3852
26425,GEN,
26426,GEN,
26427,GEN,
26428,GEN-EWS,3853
26429,GEN,
26430,OBC-NCL,7352
26431,GEN,
26432,OBC-NCL,7353
26433,OBC-NCL,7354
26434,GEN,
26435,GEN-EWS,3854
26436,GEN-EWS,3855
26437,OBC-NCL,7355
26438,OBC-NCL,7356
26439,GEN,
26440,GEN,
26441,GEN,
26442,OBC-NCL,7357
26443,GEN,
26444,GEN,
26445,GEN,
26446,OBC-NCL,7358
26447,GEN,
26448,SC,854
26449,GEN,
26450,GEN,
26450,OBC-NCL,7359
26452,GEN-EWS,3857
26453,GEN,
26454,GEN,
26455,OBC-NCL,7360
26456,GEN-EWS,3858
26457,GEN-EWS,3859
26458,OBC-NCL,7361
26459,OBC-NCL,7362
26460,GEN,
26461,GEN,
26462,OBC-NCL,7363
26463,OBC-NCL,7364
26464,GEN-EWS,3860
26465,GEN,
26466,GEN,
26467,GEN,
26468,OBC-NCL,7365
26469,GEN-EWS,3861
26470,OBC-NCL,7366
26471,GEN,
26471,GEN-EWS,3862
26473,GEN,
26474,GEN,
26475,GEN-EWS,3863
26476,GEN,
26477,GEN,
26478,GEN,
26479,GEN,
26480,OBC-NCL,7367
26481,SC,855
26482,GEN,
26483,GEN-EWS,3864
26484,OBC-NCL,7368
26485,GEN,
26486,GEN,
26487,GEN,
26488,GEN,
26489,GEN,
26490,OBC-NCL,7369
26491,SC,856
26492,OBC-NCL,7370
26493,OBC-NCL,7371
26494,GEN-EWS,3865
26495,GEN-EWS,3866
26496,GEN,
26497,GEN-EWS,3867
26498,GEN,
26499,GEN-EWS,3868
26500,GEN,
26501,OBC-NCL,7372
26502,OBC-NCL,7373
26503,GEN-EWS,3869
26504,OBC-NCL,7374
26505,GEN,
26506,SC,857
26507,OBC-NCL,7375
26508,OBC-NCL,7376
26509,GEN,
26510,GEN-EWS,3870
26511,GEN,
26512,GEN,
26513,OBC-NCL,7377
26514,GEN-EWS,3871
26515,GEN-EWS,3872
26516,GEN-EWS,3873
26517,OBC-NCL,7378
26518,OBC-NCL,7379
26519,GEN,
26520,ST,256
26521,GEN,
26522,GEN,
26523,GEN,
26524,GEN,
26525,GEN-EWS,3874
26526,GEN,
26527,OBC-NCL,7380
26528,SC,858
26529,GEN,
26530,GEN,
26531,GEN,
26532,OBC-NCL,7381
26533,GEN,
26534,GEN,
26535,GEN,
26536,GEN,
26537,GEN,
26538,GEN,
26539,GEN,
26539,OBC-NCL,7382
26541,OBC-NCL,7383
26542,OBC-NCL,7384
26543,GEN,
26544,GEN,
26545,SC,859
26546,GEN-EWS,3876
26547,OBC-NCL,7385
26548,OBC-NCL,7386
26549,GEN-EWS,3877
26550,ST,257
26551,GEN-EWS,3878
26552,OBC-NCL,7387
26553,OBC-NCL,7388
26554,GEN,
26555,GEN-EWS,3880
26556,GEN,
26557,OBC-NCL,7389
26558,GEN,
26559,OBC-NCL,7390
26560,SC,860
26561,OBC-NCL,7391
26562,OBC-NCL,7392
26563,GEN,
26564,OBC-NCL,7393
26565,GEN-EWS,3881
26566,OBC-NCL,7394
26567,GEN,
26568,GEN,
26569,GEN-EWS,3882
26570,GEN,
26571,OBC-NCL,7395
26572,OBC-NCL,7396
26573,GEN,
26574,GEN-EWS,3883
26575,GEN-EWS,3884
26575,OBC-NCL,7397
26577,OBC-NCL,7398
26578,OBC-NCL,7399
26579,SC,861
26580,OBC-NCL,7400
26581,OBC-NCL,7401
26582,GEN,
26583,GEN-EWS,3885
26584,GEN-EWS,3886
26585,GEN-EWS,3887
26586,OBC-NCL,7402
26587,GEN,
26588,OBC-NCL,7403
26589,GEN-EWS,3888
26590,GEN,
26591,OBC-NCL,7404
26592,OBC-NCL,7405
26593,GEN,
26594,OBC-NCL,7406
26595,GEN,
26596,GEN,
26597,GEN,
26598,GEN,
26599,GEN-EWS,3889
26600,GEN-EWS,3890
26601,SC,863
26602,GEN,
26603,GEN,
26604,OBC-NCL,7407
26605,OBC-NCL,7408
26606,OBC-NCL,7409
26607,GEN-EWS,3891
26608,GEN-EWS,3892
26608,OBC-NCL,7410
26610,OBC-NCL,7411
26611,GEN,
26612,OBC-NCL,7412
26613,GEN,
26614,GEN-EWS,3893
26615,OBC-NCL,7413
26616,OBC-NCL,7414
26617,GEN,
26618,GEN-EWS,3894
26619,OBC-NCL,7415
26620,OBC-NCL,7416
26621,GEN,
26622,OBC-NCL,7417
26623,OBC-NCL,7418
26624,OBC-NCL,7419
26625,GEN-EWS,3895
26625,GEN-EWS,3895
26627,SC,864
26628,GEN,
26629,GEN,
26630,GEN-EWS,3897
26631,GEN,
26632,OBC-NCL,7420
26633,GEN,
26634,OBC-NCL,7421
26635,GEN-EWS,3898
26636,GEN-EWS,3899
26637,GEN,
26638,OBC-NCL,7422
26639,GEN,
26640,GEN,
26641,GEN,
26642,OBC-NCL,7423
26643,OBC-NCL,7424
26644,GEN,
26645,GEN,
26646,OBC-NCL,7425
26647,GEN,
26648,GEN,
26649,OBC-NCL,7426
26650,GEN,
26651,OBC-NCL,7427
26652,GEN,
26653,OBC-NCL,7428
26654,OBC-NCL,7429
26655,OBC-NCL,7430
26656,GEN,
26657,GEN-EWS,3900
26658,OBC-NCL,7431
26659,OBC-NCL,7432
26660,GEN,
26661,GEN-EWS,3901
26662,GEN,
26663,GEN,
26663,GEN-EWS,3902
26665,OBC-NCL,7433
26666,OBC-NCL,7434
26667,OBC-NCL,7435
26668,ST,258
26669,GEN,
26670,OBC-NCL,7436
26671,OBC-NCL,7437
26672,ST,259
26673,GEN,
26674,OBC-NCL,7438
26675,GEN,
26676,GEN,
26677,GEN,
26678,GEN,
26679,GEN,
26680,GEN,
26681,OBC-NCL,7439
26682,GEN,
26683,OBC-NCL,7440
26683,SC,865
26685,GEN,
26686,GEN,
26687,OBC-NCL,7441
26688,GEN,
26689,OBC-NCL,7442
26690,OBC-NCL,7443
26691,OBC-NCL,7444
26692,OBC-NCL,7445
26693,GEN,
26694,GEN,
26695,GEN,
26696,OBC-NCL,7446
26697,OBC-NCL,7447
26698,GEN,
26699,GEN,
26700,OBC-NCL,7449
26701,OBC-NCL,7450
26702,GEN,
26703,OBC-NCL,7452
26704,GEN-EWS,3903
26705,GEN-EWS,3904
26706,GEN,
26707,GEN,
26708,GEN-EWS,3905
26709,OBC-NCL,7453
26710,OBC-NCL,7454
26711,GEN-EWS,3906
26712,GEN,
26713,GEN,
26714,GEN,
26715,GEN,
26716,OBC-NCL,7455
26717,OBC-NCL,7456
26718,GEN,
26719,GEN-EWS,3907
26720,GEN-EWS,3908
26721,GEN,
26722,SC,866
26723,GEN,
26724,GEN,
26725,OBC-NCL,7457
26726,OBC-NCL,7458
26727,OBC-NCL,7459
26728,SC,867
26729,GEN,
26730,OBC-NCL,7460
26731,GEN,
26731,OBC-NCL,7461
26733,OBC-NCL,7462
26734,GEN,
26735,OBC-NCL,7463
26736,GEN-EWS,3909
26737,OBC-NCL,7464
26738,GEN,
26739,GEN-EWS,3910
26740,GEN,
26741,OBC-NCL,7465
26742,OBC-NCL,7466
26743,GEN,
26744,GEN,
26745,GEN-EWS,3911
26746,GEN,
26747,GEN-EWS,3912
26748,GEN-EWS,3913
26749,OBC-NCL,7467
26750,OBC-NCL,7468
26751,SC,869
26752,GEN,
26753,GEN,
26754,OBC-NCL,7469
26755,OBC-NCL,7470
26756,GEN,
26757,OBC-NCL,7471
26758,GEN,
26759,GEN,
26760,OBC-NCL,7472
26761,GEN-EWS,3914
26762,GEN-EWS,3915
26763,GEN-EWS,3916
26764,GEN,
26765,GEN,
26766,GEN,
26767,GEN,
26768,GEN,
26769,OBC-NCL,7473
26770,GEN,
26771,ST,260
26772,GEN-EWS,3917
26773,GEN,
26774,OBC-NCL,7474
26775,GEN,
26776,OBC-NCL,7475
26777,OBC-NCL,7476
26778,GEN,
26779,GEN,
26780,GEN,
26781,GEN,
26782,OBC-NCL,7477
26783,GEN,
26784,OBC-NCL,7478
26785,GEN-EWS,3918
26786,GEN,
26787,OBC-NCL,7479
26788,GEN,
26789,OBC-NCL,7480
26790,OBC-NCL,7481
26791,OBC-NCL,7482
26792,GEN,
26793,GEN-EWS,3919
26794,OBC-NCL,7483
26795,OBC-NCL,7484
26796,OBC-NCL,7485
26797,GEN-EWS,3920
26798,OBC-NCL,7486
26799,GEN-EWS,3921
26800,OBC-NCL,7487
26801,GEN-EWS,3922
26802,GEN,
26803,SC,870
26804,GEN-EWS,3923
26805,OBC-NCL,7489
26806,OBC-NCL,7490
26807,OBC-NCL,7491
26808,GEN-EWS,3924
26809,GEN,
26810,OBC-NCL,7492
26811,GEN,
26812,GEN,
26813,GEN-EWS,3925
26814,GEN,
26815,SC,871
26816,GEN,
26817,GEN,
26818,GEN,
26819,GEN,
26820,OBC-NCL,7493
26821,OBC-NCL,7494
26822,GEN,
26823,OBC-NCL,7495
26824,GEN,
26825,GEN,
26826,OBC-NCL,7496
26827,GEN,
26828,GEN,
26829,OBC-NCL,7497
26830,GEN,
26831,GEN,
26832,GEN,
26833,GEN,
26834,GEN,
26835,OBC-NCL,7498
26836,OBC-NCL,7499
26836,SC,872
26838,SC,873
26839,GEN,
26840,GEN,
26841,OBC-NCL,7500
26842,OBC-NCL,7501
26843,GEN,
26844,GEN,
26845,SC,874
26846,GEN,
26847,OBC-NCL,7502
26848,OBC-NCL,7503
26849,GEN,
26850,GEN-EWS,3927
26851,GEN-EWS,3928
26852,GEN-EWS,3929
26853,GEN-EWS,3930
26854,GEN,
26855,GEN-EWS,3931
26856,OBC-NCL,7504
26857,OBC-NCL,7505
26858,GEN-EWS,3932
26859,GEN,
26860,GEN,
26861,GEN,
26862,OBC-NCL,7506
26863,OBC-NCL,7507
26864,GEN,
26865,GEN,
26866,GEN,
26867,GEN-EWS,3933
26868,GEN,
26868,OBC-NCL,7508
26870,OBC-NCL,7509
26871,ST,261
26872,GEN,
26873,GEN,
26874,GEN,
26875,OBC-NCL,7510
26876,GEN,
26877,GEN,
26878,OBC-NCL,7511
26879,OBC-NCL,7512
26880,GEN,
26881,GEN-EWS,3934
26882,GEN-EWS,3935
26883,GEN,
26884,GEN,
26885,GEN,
26886,GEN,
26887,OBC-NCL,7513
26888,OBC-NCL,7514
26889,GEN-EWS,3936
26890,GEN,
26891,OBC-NCL,7515
26892,OBC-NCL,7516
26893,OBC-NCL,7517
26894,GEN,
26895,OBC-NCL,7518
26896,GEN,
26897,OBC-NCL,7519
26898,OBC-NCL,7520
26899,GEN,
26900,GEN,
26901,GEN,
26902,GEN,
26903,GEN,
26904,GEN,
26905,GEN,
26906,OBC-NCL,7521
26907,GEN,
26908,GEN,
26909,ST,262
26910,OBC-NCL,7522
26911,OBC-NCL,7523
26912,OBC-NCL,7524
26913,GEN,
26914,GEN,
26915,GEN,
26916,GEN-EWS,3937
26917,GEN,
26918,GEN,
26918,GEN-EWS,3938
26920,OBC-NCL,7525
26921,GEN-EWS,3939
26922,OBC-NCL,7526
26923,OBC-NCL,7527
26924,GEN,
26925,GEN-EWS,3940
26926,GEN-EWS,3941
26927,OBC-NCL,7528
26928,GEN,
26929,GEN-EWS,3942
26930,OBC-NCL,7529
26931,GEN,
26932,GEN,
26933,OBC-NCL,7530
26934,GEN,
26935,GEN,
26936,GEN,
26937,OBC-NCL,7531
26938,GEN,
26939,GEN,
26940,SC,875
26941,SC,876
26942,GEN,
26943,GEN,
26944,GEN,
26945,GEN-EWS,3943
26946,GEN,
26947,OBC-NCL,7532
26948,GEN,
26949,GEN,
26950,GEN,
26951,OBC-NCL,7533
26952,GEN,
26953,GEN,
26954,GEN-EWS,3944
26955,GEN,
26956,GEN,
26957,GEN-EWS,3945
26958,GEN-EWS,3946
26959,OBC-NCL,7534
26960,GEN,
26961,GEN,
26962,GEN,
26963,GEN,
26964,OBC-NCL,7535
26965,GEN,
26966,GEN,
26967,OBC-NCL,7536
26968,GEN-EWS,3947
26969,GEN,
26970,GEN,
26971,GEN,
26972,GEN,
26973,GEN,
26974,GEN,
26975,OBC-NCL,7537
26976,GEN,
26977,OBC-NCL,7538
26978,GEN,
26979,GEN-EWS,3948
26980,OBC-NCL,7539
26981,GEN-EWS,3949
26982,GEN,
26983,OBC-NCL,7540
26984,GEN-EWS,3950
26985,GEN,
26986,GEN-EWS,3951
26987,GEN,
26988,OBC-NCL,7541
26989,OBC-NCL,7542
26990,OBC-NCL,7543
26991,OBC-NCL,7544
26992,GEN,
26993,GEN,
26994,OBC-NCL,7545
26995,OBC-NCL,7546
26996,GEN-EWS,3952
26997,GEN,
26998,GEN,
26999,GEN,
27000,GEN,
27001,GEN-EWS,3953
27002,GEN,
27003,GEN,
27004,GEN,
27005,GEN-EWS,3954
27006,GEN,
27007,OBC-NCL,7547
27008,OBC-NCL,7548
27009,GEN,
27010,GEN,
27011,OBC-NCL,7549
27012,GEN-EWS,3955
27013,OBC-NCL,7550
27014,GEN-EWS,3956
27015,GEN,
27016,GEN,
27017,GEN,
27018,GEN-EWS,3957
27019,OBC-NCL,7551
27020,GEN,
27021,GEN,
27022,GEN,
27023,SC,878
27024,GEN,
27025,OBC-NCL,7552
27026,GEN-EWS,3958
27027,GEN,
27028,GEN-EWS,3959
27029,OBC-NCL,7554
27030,GEN-EWS,3960
27031,GEN,
27032,OBC-NCL,7555
27033,OBC-NCL,7556
27034,GEN-EWS,3961
27035,OBC-NCL,7557
27036,GEN-EWS,3962
27037,OBC-NCL,7558
27038,GEN,
27039,GEN,
27040,GEN,
27041,GEN-EWS,3963
27042,OBC-NCL,7559
27043,GEN,
27044,GEN,
27045,OBC-NCL,7560
27046,OBC-NCL,7561
27047,GEN,
27048,GEN,
27049,GEN-EWS,3964
27050,OBC-NCL,7562
27051,GEN,
27052,GEN-EWS,3965
27053,GEN-EWS,3966
27054,GEN-EWS,3967
27055,OBC-NCL,7563
27056,GEN,
27057,OBC-NCL,7564
27058,GEN,
27059,GEN-EWS,3968
27060,OBC-NCL,7565
27061,GEN-EWS,3969
27062,GEN-EWS,3970
27062,OBC-NCL,7566
27064,OBC-NCL,7567
27065,OBC-NCL,7568
27066,OBC-NCL,7569
27067,SC,879
27068,OBC-NCL,7570
27069,OBC-NCL,7571
27070,GEN,
27071,GEN,
27072,OBC-NCL,7572
27073,GEN,
27074,GEN-EWS,3971
27075,OBC-NCL,7573
27076,GEN,
27077,GEN,
27078,GEN,
27079,GEN,
27080,OBC-NCL,7574
27081,GEN,
27082,GEN-EWS,3972
27083,GEN-EWS,3973
27084,GEN,
27085,GEN,
27086,GEN-EWS,3974
27087,GEN,
27088,GEN,
27089,OBC-NCL,7575
27090,GEN,
27091,GEN,
27092,GEN,
27093,GEN,
27094,GEN-EWS,3975
27095,GEN,
27096,OBC-NCL,7576
27097,GEN,
27098,GEN,
27099,GEN-EWS,3976
27100,GEN,
27101,GEN-EWS,3977
27102,SC,880
27103,GEN-EWS,3978
27104,OBC-NCL,7577
27105,OBC-NCL,7578
27106,OBC-NCL,7579
27107,GEN,
27108,OBC-NCL,7580
27109,GEN,
27110,OBC-NCL,7581
27111,GEN,
27112,OBC-NCL,7582
27113,OBC-NCL,7583
27114,OBC-NCL,7584
27115,ST,263
27116,SC,881
27117,GEN,
27118,GEN,
27119,GEN,
27120,OBC-NCL,7585
27121,GEN-EWS,3979
27122,GEN,
27123,OBC-NCL,7586
27124,GEN,
27125,OBC-NCL,7587
27126,GEN-EWS,3980
27127,GEN-EWS,3981
27128,OBC-NCL,7588
27129,GEN,
27130,OBC-NCL,7589
27131,GEN-EWS,3982
27132,GEN,
27133,OBC-NCL,7590
27134,GEN-EWS,3983
27135,SC,882
27136,GEN,
27137,GEN,
27138,OBC-NCL,7591
27139,GEN-EWS,3984
27140,GEN-EWS,3985
27141,GEN,
27142,GEN,
27143,GEN,
27144,ST,264
27145,GEN,
27146,GEN,
27147,OBC-NCL,7592
27148,GEN,
27149,GEN,
27150,GEN-EWS,3986
27151,OBC-NCL,7593
27152,OBC-NCL,7594
27153,ST,265
27154,GEN,
27155,GEN,
27156,GEN,
27157,GEN,
27157,OBC-NCL,7595
27159,OBC-NCL,7596
27160,OBC-NCL,7597
27161,GEN,
27162,GEN-EWS,3987
27163,GEN,
27164,OBC-NCL,7598
27165,GEN,
27166,GEN,
27167,OBC-NCL,7599
27168,GEN,
27169,GEN-EWS,3988
27170,GEN-EWS,3989
27171,OBC-NCL,7600
27172,GEN,
27173,OBC-NCL,7601
27174,GEN-EWS,3990
27175,GEN,
27176,GEN,
27177,ST,266
27178,GEN,
27179,GEN,
27180,GEN,
27181,OBC-NCL,7602
27182,GEN,
27183,GEN,
27184,SC,883
27185,GEN,
27186,GEN-EWS,3991
27187,OBC-NCL,7603
27188,OBC-NCL,7604
27189,GEN,
27190,GEN,
27191,GEN,
27192,GEN,
27193,OBC-NCL,7605
27194,GEN-EWS,3992
27195,OBC-NCL,7606
27196,GEN,
27197,GEN-EWS,3993
27198,OBC-NCL,7607
27199,GEN-EWS,3994
27200,GEN,
27201,GEN,
27202,OBC-NCL,7608
27203,GEN,
27204,GEN,
27205,GEN-EWS,3995
27206,GEN,
27207,GEN,
27208,GEN,
27209,GEN,
27210,OBC-NCL,7609
27211,GEN,
27212,GEN,
27213,GEN,
27214,OBC-NCL,7610
27215,SC,884
27216,GEN,
27217,GEN-EWS,3996
27218,GEN,
27219,GEN,
27220,GEN,
27221,OBC-NCL,7611
27222,OBC-NCL,7612
27223,GEN,
27224,GEN,
27225,GEN-EWS,3997
27226,GEN,
27227,OBC-NCL,7613
27228,OBC-NCL,7614
27229,GEN-EWS,3998
27230,GEN-EWS,3999
27231,GEN,
27232,GEN,
27233,GEN,
27234,GEN,
27235,GEN-EWS,4000
27236,GEN,
27236,GEN,
27238,GEN-EWS,4001
27239,OBC-NCL,7615
27240,OBC-NCL,7616
27241,OBC-NCL,7617
27242,GEN-EWS,4002
27243,GEN,
27244,GEN,
27245,GEN,
27246,GEN,
27247,GEN,
27248,OBC-NCL,7619
27249,GEN,
27250,GEN-EWS,4003
27251,GEN-EWS,4004
27252,GEN-EWS,4005
27253,GEN,
27254,GEN,
27255,GEN,
27256,SC,885
27257,GEN,
27258,GEN,
27259,GEN,
27260,GEN,
27261,OBC-NCL,7620
27262,GEN,
27263,OBC-NCL,7621
27264,OBC-NCL,7622
27265,GEN,
27266,GEN-EWS,4006
27267,OBC-NCL,7623
27268,GEN-EWS,4007
27269,GEN,
27270,GEN-EWS,4008
27271,GEN,
27272,GEN-EWS,4009
27273,GEN-EWS,4010
27274,GEN,
27275,GEN,
27276,GEN-EWS,4011
27277,GEN-EWS,4012
27278,GEN,
27279,GEN,
27280,GEN,
27281,OBC-NCL,7624
27282,GEN-EWS,4013
27283,OBC-NCL,7625
27284,GEN,
27285,GEN-EWS,4014
27286,GEN,
27287,OBC-NCL,7626
27288,OBC-NCL,7627
27289,ST,267
27290,GEN-EWS,4015
27291,OBC-NCL,7628
27292,GEN-EWS,4016
27293,GEN,
27294,OBC-NCL,7629
27295,GEN,
27296,OBC-NCL,7630
27297,GEN,
27298,GEN,
27299,GEN,
27300,GEN,
27301,OBC-NCL,7631
27302,GEN,
27303,SC,886
27304,SC,887
27305,SC,888
27306,GEN-EWS,4017
27307,OBC-NCL,7632
27308,GEN-EWS,4018
27309,GEN,
27310,OBC-NCL,7633
27311,OBC-NCL,7634
27312,GEN-EWS,4019
27313,OBC-NCL,7635
27314,GEN,
27315,GEN-EWS,4020
27316,GEN-EWS,4021
27317,OBC-NCL,7636
27318,GEN,
27319,GEN,
27320,SC,889
27321,GEN-EWS,4022
27322,OBC-NCL,7637
27323,GEN-EWS,4023
27324,OBC-NCL,7638
27325,GEN,
27326,GEN,
27327,GEN,
27328,GEN,
27328,GEN-EWS,4024
27330,OBC-NCL,7639
27331,GEN-EWS,4025
27332,OBC-NCL,7640
27333,GEN,
27333,GEN,
27335,GEN,
27335,GEN,
27337,OBC-NCL,7641
27338,GEN,
27339,GEN,
27340,GEN,
27341,GEN-EWS,4026
27342,GEN,
27343,GEN,
27344,OBC-NCL,7642
27345,SC,890
27346,GEN-EWS,4027
27347,GEN,
27348,OBC-NCL,7643
27349,OBC-NCL,7644
27350,GEN,
27351,GEN,
27352,GEN-EWS,4028
27353,OBC-NCL,7645
27354,OBC-NCL,7646
27355,GEN-EWS,4029
27356,GEN,
27357,GEN,
27358,GEN-EWS,4030
27359,GEN-EWS,4031
27360,OBC-NCL,7647
27361,GEN,
27362,GEN,
27363,SC,891
27364,GEN,
27365,GEN-EWS,4032
27366,GEN,
27367,OBC-NCL,7648
27368,GEN-EWS,4033
27369,GEN,
27370,OBC-NCL,7649
27371,OBC-NCL,7650
27371,OBC-NCL,7650
27373,OBC-NCL,7652
27374,GEN-EWS,4034
27375,OBC-NCL,7653
27376,OBC-NCL,7654
27377,GEN,
27378,GEN,
27379,OBC-NCL,7655
27380,GEN,
27381,OBC-NCL,7656
27382,OBC-NCL,7657
27383,GEN,
27384,GEN,
27385,SC,892
27386,OBC-NCL,7658
27387,GEN,
27388,GEN-EWS,4035
27389,OBC-NCL,7659
27390,GEN,
27391,GEN,
27392,GEN,
27393,GEN,
27394,GEN,
27395,GEN,
27396,OBC-NCL,7660
27397,OBC-NCL,7661
27398,OBC-NCL,7662
27399,OBC-NCL,7663
27400,OBC-NCL,7664
27401,GEN-EWS,4036
27402,OBC-NCL,7665
27403,OBC-NCL,7666
27404,GEN-EWS,4037
27405,GEN-EWS,4038
27406,GEN,
27407,GEN,
27408,OBC-NCL,7667
27409,GEN-EWS,4039
27410,OBC-NCL,7668
27411,GEN,
27412,OBC-NCL,7669
27413,GEN,
27414,GEN-EWS,4040
27415,OBC-NCL,7670
27416,GEN-EWS,4041
27417,GEN-EWS,4042
27418,OBC-NCL,7671
27419,GEN,
27420,OBC-NCL,7673
27421,GEN,
27422,ST,268
27423,GEN,
27424,GEN,
27425,GEN,
27426,OBC-NCL,7674
27427,GEN,
27428,GEN,
27428,GEN,
27430,GEN,
27431,GEN-EWS,4043
27432,SC,893
27433,GEN,
27434,GEN,
27435,OBC-NCL,7675
27436,GEN-EWS,4044
27437,GEN,
27438,GEN-EWS,4045
27439,GEN,
27440,GEN-EWS,4046
27441,GEN,
27442,OBC-NCL,7676
27443,OBC-NCL,7677
27444,SC,894
27445,GEN,
27446,GEN,
27447,OBC-NCL,7678
27448,GEN,
27449,GEN-EWS,4047
27450,GEN,
27451,GEN-EWS,4048
27452,OBC-NCL,7679
27453,GEN,
27454,OBC-NCL,7680
27455,GEN,
27456,OBC-NCL,7681
27457,GEN,
27458,GEN,
27459,GEN-EWS,4049
27460,OBC-NCL,7682
27461,OBC-NCL,7683
27462,OBC-NCL,7684
27463,OBC-NCL,7685
27464,OBC-NCL,7686
27465,GEN-EWS,4050
27466,GEN,
27467,GEN,
27468,GEN,
27469,GEN-EWS,4051
27470,GEN,
27471,GEN,
27472,OBC-NCL,7687
27473,OBC-NCL,7688
27474,OBC-NCL,7689
27475,SC,895
27476,GEN-EWS,4052
27477,OBC-NCL,7690
27478,GEN,
27479,GEN,
27480,OBC-NCL,7691
27481,ST,269
27482,GEN,
27483,GEN,
27484,GEN,
27485,GEN,
27486,OBC-NCL,7692
27487,GEN-EWS,4053
27488,SC,896
27489,GEN,
27490,SC,897
27491,GEN,
27492,GEN,
27493,OBC-NCL,7693
27494,GEN-EWS,4054
27495,GEN,
27495,OBC-NCL,7694
27497,SC,898
27498,GEN-EWS,4055
27499,OBC-NCL,7695
27500,GEN,
27501,SC,899
27502,OBC-NCL,7696
27503,GEN,
27504,OBC-NCL,7697
27505,GEN,
27506,GEN,
27507,GEN-EWS,4056
27508,GEN,
27509,GEN-EWS,4057
27510,OBC-NCL,7698
27511,SC,900
27512,GEN,
27513,OBC-NCL,7699
27514,GEN,
27515,OBC-NCL,7700
27516,OBC-NCL,7701
27517,GEN,
27518,GEN,
27519,OBC-NCL,7702
27520,GEN,
27521,OBC-NCL,7703
27522,GEN,
27523,GEN,
27524,GEN,
27525,GEN,
27526,GEN,
27527,OBC-NCL,7704
27528,OBC-NCL,7705
27529,OBC-NCL,7706
27530,GEN,
27531,GEN-EWS,4058
27532,GEN-EWS,4059
27533,GEN,
27534,GEN-EWS,4060
27535,GEN,
27536,GEN-EWS,4061
27537,GEN-EWS,4062
27538,OBC-NCL,7707
27539,GEN,
27540,GEN-EWS,4063
27541,GEN,
27542,OBC-NCL,7708
27543,GEN,
27544,GEN,
27545,OBC-NCL,7709
27546,OBC-NCL,7710
27547,GEN,
27548,GEN-EWS,4064
27549,GEN,
27550,GEN,
27551,SC,901
27552,GEN,
27553,GEN-EWS,4065
27554,GEN-EWS,4066
27555,OBC-NCL,7711
27556,OBC-NCL,7712
27557,OBC-NCL,7713
27558,OBC-NCL,7714
27559,GEN,
27560,GEN,
27561,OBC-NCL,7715
27562,OBC-NCL,7716
27563,OBC-NCL,7717
27564,GEN,
27565,GEN,
27566,GEN,
27567,OBC-NCL,7718
27568,GEN,
27569,GEN-EWS,4067
27570,OBC-NCL,7719
27571,OBC-NCL,7720
27572,OBC-NCL,7721
27573,OBC-NCL,7722
27574,GEN,
27575,GEN,
27576,GEN-EWS,4068
27577,OBC-NCL,7723
27578,GEN,
27579,ST,270
27580,GEN,
27581,OBC-NCL,7724
27582,OBC-NCL,7725
27583,SC,902
27584,OBC-NCL,7726
27585,OBC-NCL,7727
27586,GEN,
27587,GEN,
27588,GEN,
27589,GEN,
27590,GEN,
27591,GEN,
27592,GEN,
27593,GEN,
27594,OBC-NCL,7728
27595,OBC-NCL,7729
27596,GEN,
27597,GEN-EWS,4070
27598,GEN,
27599,GEN,
27600,GEN,
27601,OBC-NCL,7730
27602,GEN-EWS,4071
27603,GEN-EWS,4072
27604,GEN-EWS,4073
27605,GEN,
27606,OBC-NCL,7731
27607,OBC-NCL,7732
27608,GEN,
27609,GEN-EWS,4074
27609,OBC-NCL,7733
27611,GEN-EWS,4075
27612,GEN,
27613,GEN-EWS,4076
27614,OBC-NCL,7734
27615,GEN-EWS,4077
27616,SC,904
27617,GEN,
27618,GEN,
27619,GEN,
27620,GEN,
27621,OBC-NCL,7735
27622,OBC-NCL,7736
27623,ST,271
27624,GEN,
27625,GEN,
27626,SC,905
27627,OBC-NCL,7737
27628,OBC-NCL,7738
27629,GEN,
27630,ST,272
27631,GEN,
27632,GEN-EWS,4078
27633,GEN,
27634,GEN,
27635,OBC-NCL,7739
27636,OBC-NCL,7740
27637,GEN-EWS,4079
27638,OBC-NCL,7741
27639,GEN,
27640,GEN,
27641,OBC-NCL,7742
27642,GEN-EWS,4080
27643,OBC-NCL,7743
27644,OBC-NCL,7744
27645,GEN-EWS,4081
27646,GEN,
27647,OBC-NCL,7745
27648,GEN-EWS,4082
27649,GEN,
27650,OBC-NCL,7746
27651,GEN,
27652,GEN,
27653,GEN-EWS,4083
27654,GEN,
27655,OBC-NCL,7747
27656,GEN,
27657,GEN,
27658,OBC-NCL,7748
27659,GEN,
27660,GEN,
27661,OBC-NCL,7749
27662,OBC-NCL,7750
27663,GEN-EWS,4084
27664,GEN,
27665,OBC-NCL,7751
27666,GEN-EWS,4085
27667,GEN,
27668,OBC-NCL,7752
27669,GEN,
27670,OBC-NCL,7753
27671,OBC-NCL,7754
27672,GEN-EWS,4086
27673,GEN-EWS,4087
27674,GEN,
27675,GEN,
27676,GEN-EWS,4088
27677,GEN-EWS,4089
27678,OBC-NCL,7755
27679,GEN,
27680,GEN-EWS,4090
27681,OBC-NCL,7756
27682,GEN-EWS,4091
27683,OBC-NCL,7757
27684,OBC-NCL,7758
27685,GEN,
27686,GEN-EWS,4092
27687,SC,906
27688,GEN,
27689,OBC-NCL,7759
27690,OBC-NCL,7760
27691,ST,273
27692,GEN,
27693,OBC-NCL,7761
27694,GEN,
27695,OBC-NCL,7762
27696,OBC-NCL,7763
27697,GEN,
27698,GEN,
27699,OBC-NCL,7764
27700,OBC-NCL,7765
27701,GEN,
27702,GEN,
27703,OBC-NCL,7766
27704,GEN-EWS,4093
27705,OBC-NCL,7767
27706,GEN,
27707,OBC-NCL,7768
27708,GEN,
27709,GEN,
27710,GEN-EWS,4094
27711,GEN,
27712,SC,907
27713,GEN,
27714,GEN,
27715,OBC-NCL,7769
27716,GEN,
27717,GEN-EWS,4095
27718,GEN,
27719,GEN,
27720,GEN,
27721,GEN,
27722,OBC-NCL,7770
27723,GEN-EWS,4096
27724,OBC-NCL,7771
27725,GEN-EWS,4097
27726,GEN,
27727,GEN-EWS,4098
27728,OBC-NCL,7772
27729,GEN,
27730,SC,908
27731,GEN-EWS,4099
27732,OBC-NCL,7773
27733,GEN,
27734,GEN,
27735,GEN,
27736,OBC-NCL,7774
27737,OBC-NCL,7775
27738,GEN,
27739,OBC-NCL,7776
27740,OBC-NCL,7777
27741,OBC-NCL,7778
27742,OBC-NCL,7779
27743,GEN,
27744,GEN,
27745,GEN,
27746,OBC-NCL,7780
27747,OBC-NCL,7781
27748,GEN,
27749,GEN-EWS,4100
27750,OBC-NCL,7782
27751,OBC-NCL,7783
27752,GEN,
27753,OBC-NCL,7784
27754,GEN-EWS,4101
27755,GEN,
27756,SC,909
27757,GEN,
27758,GEN-EWS,4102
27759,OBC-NCL,7785
27760,GEN,
27761,OBC-NCL,7786
27762,GEN,
27762,OBC-NCL,7787
27764,GEN-EWS,4103
27765,OBC-NCL,7788
27766,GEN,
27767,GEN,
27768,GEN,
27769,GEN-EWS,4104
27770,OBC-NCL,7789
27771,SC,910
27772,OBC-NCL,7790
27773,GEN,
27774,GEN-EWS,4105
27775,GEN-EWS,4106
27776,OBC-NCL,7791
27777,OBC-NCL,7792
27778,OBC-NCL,7793
27779,OBC-NCL,7794
27780,OBC-NCL,7795
27781,GEN-EWS,4107
27782,OBC-NCL,7796
27783,OBC-NCL,7797
27784,GEN,
27785,OBC-NCL,7798
27786,OBC-NCL,7799
27787,OBC-NCL,7800
27788,OBC-NCL,7801
27789,GEN,
27790,GEN,
27791,GEN,
27792,GEN,
27793,GEN,
27794,OBC-NCL,7802
27795,OBC-NCL,7803
27796,OBC-NCL,7804
27797,GEN,
27798,GEN,
27799,GEN-EWS,4108
27800,OBC-NCL,7805
27801,GEN-EWS,4109
27802,OBC-NCL,7806
27803,GEN,
27804,OBC-NCL,7807
27805,OBC-NCL,7808
27806,GEN,
27807,GEN,
27808,OBC-NCL,7809
27809,GEN-EWS,4110
27810,SC,911
27811,GEN,
27812,OBC-NCL,7810
27813,GEN,
27814,GEN,
27815,GEN-EWS,4111
27816,GEN-EWS,4112
27817,GEN-EWS,4113
27818,OBC-NCL,7811
27819,GEN,
27820,OBC-NCL,7812
27821,GEN-EWS,4114
27822,OBC-NCL,7813
27822,OBC-NCL,7813
27824,GEN,
27825,GEN,
27826,GEN-EWS,4115
27827,GEN,
27828,GEN,
27829,OBC-NCL,7815
27830,OBC-NCL,7816
27831,ST,274
27832,GEN,
27833,GEN,
27834,GEN,
27834,GEN,
27836,GEN-EWS,4116
27837,GEN,
27838,SC,912
27839,OBC-NCL,7817
27840,GEN,
27841,OBC-NCL,7818
27842,GEN,
27843,GEN,
27843,GEN,
27845,OBC-NCL,7819
27846,GEN,
27847,OBC-NCL,7820
27848,GEN,
27849,GEN-EWS,4117
27850,GEN-EWS,4118
27851,GEN,
27852,GEN-EWS,4119
27853,GEN,
27854,GEN,
27855,ST,275
27856,GEN,
27857,OBC-NCL,7822
27858,GEN,
27859,ST,276
27860,GEN,
27861,GEN,
27862,GEN,
27863,GEN,
27864,OBC-NCL,7823
27865,GEN-EWS,4120
27866,SC,913
27867,GEN,
27868,GEN-EWS,4121
27869,GEN,
27870,OBC-NCL,7824
27871,GEN,
27872,GEN-EWS,4122
27873,OBC-NCL,7825
27874,GEN,
27875,OBC-NCL,7826
27876,GEN,
27876,OBC-NCL,7827
27878,GEN-EWS,4123
27879,GEN,
27880,GEN,
27881,GEN,
27881,OBC-NCL,7828
27883,GEN-EWS,4124
27884,GEN,
27885,GEN-EWS,4125
27886,GEN-EWS,4126
27887,GEN,
27888,GEN-EWS,4127
27889,GEN,
27890,GEN,
27890,GEN,
27892,SC,914
27893,GEN,
27894,OBC-NCL,7829
27895,SC,915
27896,OBC-NCL,7830
27897,GEN,
27898,OBC-NCL,7831
27899,OBC-NCL,7833
27900,GEN-EWS,4128
27901,OBC-NCL,7834
27902,GEN,
27903,GEN-EWS,4129
27904,GEN-EWS,4130
27905,OBC-NCL,7835
27906,GEN,
27907,OBC-NCL,7836
27908,GEN,
27909,GEN,
27910,GEN,
27911,GEN,
27912,OBC-NCL,7837
27913,OBC-NCL,7838
27914,OBC-NCL,7839
27915,OBC-NCL,7840
27916,SC,916
27917,OBC-NCL,7841
27918,OBC-NCL,7842
27919,OBC-NCL,7843
27920,GEN,
27921,GEN,
27922,OBC-NCL,7844
27923,OBC-NCL,7845
27924,GEN,
27925,OBC-NCL,7846
27926,GEN-EWS,4131
27927,GEN,
27927,GEN,
27929,OBC-NCL,7847
27930,OBC-NCL,7848
27931,GEN,
27932,GEN,
27933,GEN-EWS,4132
27934,OBC-NCL,7849
27935,ST,277
27936,SC,917
27937,GEN,
27938,GEN-EWS,4133
27939,GEN,
27940,GEN,
27941,OBC-NCL,7850
27942,GEN-EWS,4134
27943,GEN,
27944,GEN,
27945,GEN-EWS,4135
27946,OBC-NCL,7851
27947,OBC-NCL,7852
27948,GEN-EWS,4136
27949,GEN-EWS,4137
27950,OBC-NCL,7853
27951,OBC-NCL,7854
27952,GEN,
27953,GEN,
27954,GEN,
27954,OBC-NCL,7855
27956,GEN-EWS,4138
27957,OBC-NCL,7856
27958,GEN,
27959,OBC-NCL,7857
27959,OBC-NCL,7857
27961,GEN,
27962,GEN-EWS,4139
27963,OBC-NCL,7859
27964,GEN,
27965,GEN-EWS,4140
27966,GEN,
27967,OBC-NCL,7860
27968,GEN,
27969,GEN,
27970,GEN,
27971,GEN-EWS,4141
27972,GEN-EWS,4142
27973,GEN,
27974,GEN,
27975,GEN,
27976,GEN,
27977,GEN,
27978,GEN-EWS,4143
27979,GEN,
27980,GEN,
27981,GEN,
27982,GEN,
27983,GEN,
27984,GEN,
27985,GEN-EWS,4144
27986,GEN,
27987,GEN,
27988,GEN-EWS,4145
27989,GEN-EWS,4146
27990,OBC-NCL,7861
27991,OBC-NCL,7862
27992,GEN,
27993,OBC-NCL,7863
27994,GEN-EWS,4147
27995,OBC-NCL,7864
27996,GEN,
27997,GEN,
27997,OBC-NCL,7865
27999,GEN,
28000,OBC-NCL,7866
28001,OBC-NCL,7867
28002,GEN,
28003,GEN,
28004,GEN,
28005,GEN,
28006,GEN,
28007,GEN-EWS,4148
28007,OBC-NCL,7868
28009,GEN,
28010,OBC-NCL,7869
28011,GEN,
28012,GEN,
28013,GEN,
28014,GEN,
28015,GEN-EWS,4149
28016,GEN-EWS,4150
28017,GEN,
28018,GEN-EWS,4151
28019,GEN-EWS,4152
28020,OBC-NCL,7870
28021,GEN-EWS,4153
28022,GEN,
28023,GEN,
28023,OBC-NCL,7871
28025,OBC-NCL,7872
28026,GEN-EWS,4154
28027,OBC-NCL,7873
28028,GEN,
28029,OBC-NCL,7874
28030,OBC-NCL,7875
28031,GEN,
28032,OBC-NCL,7876
28033,GEN,
28034,GEN,
28035,GEN-EWS,4155
28036,GEN-EWS,4156
28037,OBC-NCL,7877
28038,GEN,
28039,GEN,
28040,GEN,
28041,GEN-EWS,4157
28042,OBC-NCL,7878
28043,GEN,
28044,OBC-NCL,7879
28045,GEN,
28046,OBC-NCL,7880
28047,GEN,
28048,GEN,
28049,OBC-NCL,7881
28050,OBC-NCL,7882
28051,OBC-NCL,7883
28052,GEN-EWS,4158
28053,OBC-NCL,7884
28054,OBC-NCL,7885
28055,OBC-NCL,7886
28056,GEN,
28057,SC,918
28058,GEN,
28059,GEN,
28060,GEN,
28061,OBC-NCL,7887
28062,OBC-NCL,7888
28063,GEN,
28064,GEN,
28065,GEN-EWS,4159
28066,GEN,
28067,OBC-NCL,7889
28068,GEN,
28069,GEN,
28070,GEN,
28071,GEN,
28072,GEN,
28072,GEN,
28074,GEN,
28075,OBC-NCL,7890
28076,OBC-NCL,7891
28077,GEN,
28078,OBC-NCL,7892
28079,OBC-NCL,7893
28080,OBC-NCL,7894
28081,GEN,
28082,OBC-NCL,7895
28083,GEN,
28083,OBC-NCL,7896
28085,OBC-NCL,7897
28086,GEN,
28087,OBC-NCL,7898
28088,GEN,
28089,OBC-NCL,7899
28090,GEN,
28091,GEN,
28092,GEN-EWS,4160
28093,GEN,
28094,GEN,
28095,GEN-EWS,4161
28096,GEN,
28097,GEN,
28098,GEN,
28099,GEN,
28100,GEN-EWS,4162
28101,OBC-NCL,7901
28102,GEN,
28103,OBC-NCL,7902
28104,OBC-NCL,7903
28105,OBC-NCL,7904
28106,OBC-NCL,7905
28107,GEN,
28108,GEN,
28109,OBC-NCL,7906
28110,GEN,
28111,GEN,
28112,GEN-EWS,4163
28113,GEN,
28114,GEN-EWS,4164
28115,GEN,
28116,OBC-NCL,7907
28117,GEN,
28118,OBC-NCL,7908
28119,GEN,
28120,OBC-NCL,7909
28121,OBC-NCL,7910
28122,GEN-EWS,4165
28123,GEN-EWS,4166
28124,GEN,
28124,GEN,
28124,GEN-EWS,4167
28127,OBC-NCL,7911
28128,GEN-EWS,4168
28129,SC,919
28130,OBC-NCL,7912
28131,OBC-NCL,7913
28132,GEN,
28133,GEN,
28134,GEN,
28135,GEN,
28136,GEN-EWS,4169
28137,GEN,
28138,GEN,
28139,OBC-NCL,7914
28140,OBC-NCL,7915
28141,GEN-EWS,4170
28142,GEN,
28143,GEN,
28144,SC,920
28145,GEN,
28146,GEN-EWS,4171
28147,OBC-NCL,7918
28148,GEN,
28149,OBC-NCL,7919
28150,GEN,
28151,OBC-NCL,7920
28152,GEN-EWS,4172
28153,GEN,
28154,OBC-NCL,7921
28155,OBC-NCL,7922
28156,OBC-NCL,7923
28157,GEN-EWS,4173
28158,OBC-NCL,7924
28159,GEN,
28160,OBC-NCL,7925
28161,OBC-NCL,7926
28162,OBC-NCL,7927
28163,GEN,
28164,GEN,
28165,GEN,
28166,GEN-EWS,4174
28167,OBC-NCL,7928
28168,GEN-EWS,4175
28169,GEN-EWS,4176
28170,GEN-EWS,4177
28171,GEN,
28172,SC,921
28173,GEN-EWS,4178
28174,GEN,
28175,OBC-NCL,7929
28176,OBC-NCL,7930
28177,GEN,
28178,GEN,
28179,GEN,
28180,GEN,
28181,GEN,
28182,GEN,
28183,GEN,
28184,SC,922
28185,GEN,
28186,GEN,
28187,ST,278
28188,GEN-EWS,4179
28189,GEN-EWS,4180
28190,GEN,
28191,OBC-NCL,7931
28192,GEN-EWS,4181
28193,SC,923
28194,GEN,
28195,OBC-NCL,7932
28196,OBC-NCL,7933
28197,GEN,
28198,GEN,
28199,GEN-EWS,4182
28199,OBC-NCL,7934
28201,GEN,
28202,GEN,
28203,GEN,
28204,OBC-NCL,7935
28205,OBC-NCL,7936
28206,GEN-EWS,4183
28207,GEN-EWS,4184
28208,GEN-EWS,4185
28209,GEN,
28210,GEN,
28211,OBC-NCL,7937
28212,OBC-NCL,7938
28213,GEN,
28214,GEN,
28215,OBC-NCL,7939
28216,OBC-NCL,7940
28217,GEN,
28218,GEN,
28219,GEN-EWS,4186
28220,OBC-NCL,7941
28221,OBC-NCL,7942
28222,SC,924
28223,GEN,
28224,GEN,
28225,GEN,
28226,OBC-NCL,7943
28227,GEN,
28228,GEN,
28229,ST,279
28230,GEN-EWS,4188
28231,OBC-NCL,7944
28232,OBC-NCL,7945
28233,OBC-NCL,7946
28234,GEN,
28235,GEN,
28236,GEN,
28237,OBC-NCL,7947
28238,OBC-NCL,7948
28239,GEN-EWS,4189
28240,SC,925
28241,OBC-NCL,7949
28242,GEN-EWS,4190
28243,OBC-NCL,7950
28244,OBC-NCL,7951
28245,GEN-EWS,4191
28246,GEN,
28247,SC,926
28248,OBC-NCL,7952
28249,GEN,
28250,OBC-NCL,7953
28251,GEN-EWS,4192
28252,GEN-EWS,4193
28253,GEN,
28254,GEN-EWS,4194
28255,OBC-NCL,7954
28256,GEN-EWS,4195
28257,OBC-NCL,7955
28258,ST,280
28259,GEN,
28260,GEN,
28261,OBC-NCL,7956
28262,OBC-NCL,7957
28263,GEN,
28264,GEN,
28265,GEN,
28266,GEN,
28267,GEN,
28268,OBC-NCL,7959
28269,OBC-NCL,7960
28269,OBC-NCL,7960
28271,OBC-NCL,7962
28272,GEN,
28273,GEN-EWS,4196
28274,OBC-NCL,7963
28275,ST,281
28276,GEN,
28277,GEN,
28278,OBC-NCL,7964
28279,OBC-NCL,7965
28280,GEN-EWS,4197
28280,SC,927
28282,GEN,
28283,OBC-NCL,7966
28284,OBC-NCL,7967
28285,ST,282
28286,OBC-NCL,7968
28287,OBC-NCL,7969
28288,ST,283
28289,OBC-NCL,7970
28290,OBC-NCL,7971
28291,GEN,
28292,GEN,
28293,GEN,
28294,GEN,
28295,OBC-NCL,7972
28296,OBC-NCL,7973
28297,OBC-NCL,7974
28298,OBC-NCL,7975
28299,GEN,
28300,OBC-NCL,7976
28301,OBC-NCL,7977
28302,SC,928
28303,SC,929
28304,OBC-NCL,7978
28305,OBC-NCL,7979
28306,OBC-NCL,7980
28307,GEN,
28308,GEN-EWS,4199
28309,OBC-NCL,7981
28310,GEN,
28311,OBC-NCL,7982
28312,SC,931
28313,GEN,
28314,OBC-NCL,7983
28315,OBC-NCL,7984
28316,GEN,
28317,GEN,
28318,GEN-EWS,4200
28319,OBC-NCL,7985
28320,OBC-NCL,7986
28321,GEN-EWS,4201
28322,OBC-NCL,7987
28323,GEN,
28324,OBC-NCL,7988
28325,OBC-NCL,7989
28326,GEN,
28327,OBC-NCL,7990
28328,GEN,
28329,GEN,
28330,GEN-EWS,4202
28330,OBC-NCL,7991
28332,SC,932
28333,GEN,
28334,GEN,
28335,ST,284
28336,OBC-NCL,7992
28337,GEN,
28338,OBC-NCL,7993
28339,GEN,
28340,GEN,
28341,GEN,
28342,GEN,
28343,OBC-NCL,7994
28344,OBC-NCL,7995
28345,GEN-EWS,4203
28346,OBC-NCL,7996
28347,OBC-NCL,7997
28348,GEN-EWS,4204
28349,GEN,
28350,OBC-NCL,7998
28351,OBC-NCL,7999
28352,OBC-NCL,8000
28353,GEN-EWS,4205
28354,GEN,
28355,SC,933
28356,OBC-NCL,8001
28357,GEN-EWS,4206
28358,GEN-EWS,4207
28359,OBC-NCL,8002
28360,GEN,
28361,GEN-EWS,4208
28362,GEN,
28363,SC,934
28364,GEN,
28365,GEN,
28366,SC,935
28367,GEN,
28368,GEN-EWS,4209
28369,GEN,
28370,GEN,
28371,OBC-NCL,8003
28372,GEN,
28373,GEN,
28374,GEN-EWS,4210
28375,GEN,
28376,GEN,
28377,GEN-EWS,4211
28378,GEN,
28379,OBC-NCL,8005
28380,GEN,
28381,GEN,
28382,GEN,
28383,GEN,
28384,GEN-EWS,4212
28385,GEN,
28386,GEN,
28387,GEN-EWS,4214
28388,GEN,
28389,OBC-NCL,8006
28390,OBC-NCL,8007
28391,OBC-NCL,8008
28392,OBC-NCL,8009
28393,OBC-NCL,8010
28394,OBC-NCL,8011
28395,OBC-NCL,8012
28396,GEN,
28397,OBC-NCL,8013
28398,GEN,
28399,OBC-NCL,8014
28400,GEN-EWS,4215
28400,OBC-NCL,8015
28402,GEN,
28403,OBC-NCL,8016
28404,GEN,
28405,GEN,
28406,OBC-NCL,8017
28407,GEN-EWS,4216
28408,SC,936
28409,GEN,
28410,GEN-EWS,4217
28411,OBC-NCL,8018
28412,GEN-EWS,4218
28413,OBC-NCL,8019
28414,GEN,
28415,GEN,
28416,GEN-EWS,4219
28417,OBC-NCL,8020
28418,OBC-NCL,8021
28419,GEN,
28420,OBC-NCL,8022
28421,GEN,
28422,GEN-EWS,4220
28423,OBC-NCL,8023
28424,OBC-NCL,8024
28425,OBC-NCL,8025
28426,GEN-EWS,4221
28427,GEN,
28428,GEN-EWS,4222
28429,GEN,
28430,OBC-NCL,8026
28431,GEN,
28432,GEN-EWS,4223
28433,GEN,
28434,OBC-NCL,8027
28435,GEN-EWS,4224
28436,GEN,
28437,GEN-EWS,4225
28438,SC,937
28439,OBC-NCL,8028
28440,GEN,
28441,OBC-NCL,8029
28442,OBC-NCL,8030
28443,OBC-NCL,8031
28444,GEN-EWS,4226
28445,GEN,
28446,GEN,
28447,GEN,
28448,GEN,
28449,GEN,
28450,OBC-NCL,8032
28451,OBC-NCL,8033
28452,GEN-EWS,4227
28453,GEN,
28454,GEN-EWS,4228
28455,OBC-NCL,8034
28456,SC,938
28457,GEN,
28458,GEN,
28459,GEN-EWS,4229
28460,OBC-NCL,8035
28461,OBC-NCL,8036
28462,OBC-NCL,8037
28463,GEN,
28464,GEN,
28465,OBC-NCL,8038
28466,OBC-NCL,8039
28467,OBC-NCL,8040
28468,OBC-NCL,8041
28469,OBC-NCL,8042
28470,GEN,
28471,OBC-NCL,8043
28472,GEN,
28473,OBC-NCL,8044
28474,GEN,
28475,GEN,
28476,GEN,
28477,GEN-EWS,4230
28478,OBC-NCL,8045
28479,GEN,
28480,GEN,
28481,GEN,
28482,OBC-NCL,8047
28483,GEN,
28484,GEN,
28485,OBC-NCL,8048
28486,OBC-NCL,8049
28487,OBC-NCL,8050
28488,OBC-NCL,8051
28489,GEN-EWS,4231
28490,GEN,
28491,GEN,
28491,OBC-NCL,8052
28493,GEN,
28494,OBC-NCL,8053
28495,SC,939
28496,OBC-NCL,8054
28497,OBC-NCL,8055
28498,OBC-NCL,8056
28499,GEN-EWS,4232
28500,GEN,
28501,GEN,
28502,GEN,
28503,OBC-NCL,8057
28504,GEN,
28505,OBC-NCL,8058
28506,GEN-EWS,4233
28507,OBC-NCL,8059
28508,GEN-EWS,4234
28509,OBC-NCL,8060
28510,OBC-NCL,8061
28511,GEN,
28512,GEN-EWS,4235
28513,OBC-NCL,8062
28514,GEN,
28515,OBC-NCL,8063
28516,OBC-NCL,8064
28517,SC,940
28518,GEN-EWS,4236
28519,GEN,
28520,GEN,
28521,GEN-EWS,4237
28522,GEN,
28523,GEN,
28524,GEN,
28525,OBC-NCL,8065
28526,GEN,
28527,GEN,
28528,OBC-NCL,8066
28529,GEN,
28530,GEN,
28531,OBC-NCL,8067
28532,OBC-NCL,8068
28533,GEN,
28534,GEN-EWS,4238
28535,OBC-NCL,8069
28536,SC,941
28537,GEN,
28538,GEN,
28538,OBC-NCL,8070
28540,GEN-EWS,4239
28541,GEN-EWS,4240
28542,OBC-NCL,8071
28543,OBC-NCL,8072
28544,OBC-NCL,8073
28545,GEN,
28546,GEN,
28547,OBC-NCL,8074
28548,GEN-EWS,4241
28549,OBC-NCL,8075
28550,OBC-NCL,8076
28551,GEN,
28552,OBC-NCL,8077
28553,GEN,
28554,GEN-EWS,4242
28555,OBC-NCL,8078
28556,GEN,
28557,OBC-NCL,8079
28558,GEN,
28559,GEN-EWS,4243
28560,GEN,
28561,GEN,
28562,GEN,
28563,OBC-NCL,8080
28564,OBC-NCL,8081
28565,OBC-NCL,8082
28566,OBC-NCL,8083
28567,OBC-NCL,8084
28568,GEN,
28569,GEN,
28570,GEN,
28570,GEN,
28572,OBC-NCL,8085
28573,OBC-NCL,8086
28574,SC,942
28575,OBC-NCL,8087
28576,SC,943
28577,GEN,
28577,OBC-NCL,8088
28579,GEN,
28580,OBC-NCL,8089
28581,GEN-EWS,4244
28582,GEN,
28583,GEN,
28584,GEN,
28585,GEN,
28586,OBC-NCL,8090
28587,SC,944
28588,OBC-NCL,8091
28589,OBC-NCL,8092
28590,OBC-NCL,8093
28591,GEN,
28592,SC,945
28593,OBC-NCL,8094
28594,GEN,
28595,OBC-NCL,8095
28596,SC,946
28597,OBC-NCL,8096
28598,GEN,
28599,OBC-NCL,8097
28600,GEN,
28601,OBC-NCL,8098
28602,GEN-EWS,4245
28603,OBC-NCL,8099
28604,OBC-NCL,8100
28605,OBC-NCL,8101
28606,GEN-EWS,4246
28607,GEN,
28608,GEN-EWS,4247
28609,GEN-EWS,4248
28610,SC,947
28611,OBC-NCL,8102
28612,GEN,
28613,GEN-EWS,4249
28614,SC,948
28615,OBC-NCL,8103
28616,GEN-EWS,4250
28617,GEN,
28618,OBC-NCL,8104
28619,GEN,
28620,GEN-EWS,4251
28621,GEN-EWS,4252
28622,GEN,
28623,GEN,
28624,OBC-NCL,8105
28625,GEN,
28626,GEN-EWS,4253
28627,GEN,
28628,GEN,
28629,GEN,
28630,SC,949
28631,SC,950
28632,OBC-NCL,8106
28633,GEN,
28634,GEN,
28635,SC,951
28636,ST,286
28637,GEN,
28638,GEN,
28639,OBC-NCL,8108
28640,GEN,
28641,GEN,
28642,GEN,
28643,GEN-EWS,4254
28644,OBC-NCL,8109
28645,GEN-EWS,4255
28646,OBC-NCL,8110
28647,GEN,
28648,OBC-NCL,8111
28649,GEN,
28650,GEN,
28651,GEN,
28652,GEN,
28653,GEN,
28654,GEN,
28655,OBC-NCL,8112
28656,GEN-EWS,4256
28657,OBC-NCL,8113
28658,OBC-NCL,8114
28659,GEN,
28660,GEN-EWS,4257
28661,GEN-EWS,4258
28662,GEN,
28663,OBC-NCL,8115
28664,OBC-NCL,8116
28665,GEN-EWS,4259
28666,OBC-NCL,8117
28667,GEN-EWS,4260
28668,GEN-EWS,4261
28669,GEN,
28670,OBC-NCL,8118
28671,OBC-NCL,8119
28672,OBC-NCL,8120
28673,GEN,
28674,GEN,
28675,GEN-EWS,4262
28676,GEN,
28677,GEN,
28678,GEN,
28679,SC,952
28680,OBC-NCL,8121
28681,GEN-EWS,4263
28682,OBC-NCL,8122
28683,GEN-EWS,4264
28684,GEN,
28684,OBC-NCL,8123
28686,GEN,
28687,OBC-NCL,8124
28688,GEN,
28689,GEN,
28690,GEN-EWS,4265
28691,GEN,
28692,OBC-NCL,8125
28692,SC,953
28694,GEN-EWS,4266
28695,OBC-NCL,8126
28696,OBC-NCL,8127
28697,GEN,
28698,GEN,
28699,GEN-EWS,4268
28700,OBC-NCL,8128
28701,OBC-NCL,8129
28702,GEN,
28703,GEN,
28704,GEN,
28705,GEN-EWS,4269
28706,SC,954
28707,GEN,
28708,GEN,
28709,GEN-EWS,4270
28710,OBC-NCL,8130
28711,SC,955
28712,SC,956
28713,GEN,
28713,OBC-NCL,8131
28715,GEN,
28716,OBC-NCL,8132
28717,SC,957
28718,OBC-NCL,8133
28719,OBC-NCL,8134
28720,OBC-NCL,8135
28721,OBC-NCL,8136
28722,GEN-EWS,4271
28723,GEN,
28724,GEN,
28725,GEN-EWS,4272
28726,OBC-NCL,8137
28727,GEN,
28728,GEN,
28729,GEN,
28730,GEN,
28731,GEN,
28732,GEN,
28733,GEN,
28734,SC,958
28735,GEN,
28736,GEN,
28737,OBC-NCL,8138
28737,OBC-NCL,8138
28739,GEN-EWS,4273
28740,OBC-NCL,8140
28741,SC,959
28742,GEN,
28743,OBC-NCL,8141
28744,GEN,
28745,GEN,
28746,OBC-NCL,8142
28747,GEN,
28748,ST,287
28749,GEN,
28750,GEN-EWS,4274
28751,SC,960
28752,OBC-NCL,8143
28753,OBC-NCL,8144
28754,OBC-NCL,8145
28755,GEN,
28756,OBC-NCL,8146
28757,GEN,
28758,SC,961
28759,SC,962
28760,OBC-NCL,8147
28761,GEN-EWS,4275
28762,OBC-NCL,8148
28763,GEN-EWS,4276
28763,OBC-NCL,8149
28765,GEN-EWS,4277
28766,GEN-EWS,4278
28767,OBC-NCL,8150
28768,OBC-NCL,8151
28769,GEN-EWS,4279
28770,OBC-NCL,8152
28771,OBC-NCL,8153
28772,GEN,
28773,GEN,
28774,OBC-NCL,8154
28775,OBC-NCL,8155
28776,OBC-NCL,8156
28777,GEN,
28778,GEN-EWS,4280
28779,GEN,
28780,GEN,
28780,OBC-NCL,8157
28782,GEN,
28783,OBC-NCL,8158
28784,GEN,
28785,OBC-NCL,8159
28786,OBC-NCL,8160
28786,OBC-NCL,8160
28788,OBC-NCL,8162
28789,GEN-EWS,4281
28790,OBC-NCL,8163
28791,OBC-NCL,8164
28792,OBC-NCL,8165
28793,OBC-NCL,8166
28794,OBC-NCL,8167
28795,SC,963
28796,GEN,
28797,GEN,
28798,GEN,
28798,OBC-NCL,8168
28800,GEN,
28801,GEN,
28802,OBC-NCL,8169
28803,OBC-NCL,8170
28804,GEN-EWS,4282
28805,GEN,
28806,OBC-NCL,8171
28807,GEN,
28808,OBC-NCL,8172
28809,GEN,
28810,OBC-NCL,8173
28811,OBC-NCL,8174
28812,GEN,
28813,GEN,
28814,GEN,
28815,OBC-NCL,8175
28816,GEN-EWS,4283
28817,GEN,
28818,OBC-NCL,8176
28819,GEN,
28820,OBC-NCL,8177
28821,OBC-NCL,8178
28822,SC,964
28823,GEN-EWS,4284
28824,OBC-NCL,8179
28825,GEN-EWS,4285
28826,OBC-NCL,8180
28827,OBC-NCL,8181
28828,GEN,
28829,SC,965
28830,OBC-NCL,8182
28831,GEN-EWS,4286
28832,GEN-EWS,4287
28833,GEN,
28834,GEN,
28835,GEN,
28836,GEN,
28837,GEN,
28838,GEN-EWS,4288
28839,SC,966
28840,GEN,
28841,GEN-EWS,4289
28842,OBC-NCL,8183
28843,GEN-EWS,4290
28843,OBC-NCL,8184
28845,OBC-NCL,8185
28846,OBC-NCL,8186
28847,GEN,
28848,OBC-NCL,8187
28849,GEN-EWS,4291
28850,OBC-NCL,8188
28851,OBC-NCL,8189
28852,OBC-NCL,8190
28853,SC,967
28854,GEN-EWS,4292
28855,OBC-NCL,8191
28856,GEN,
28857,OBC-NCL,8192
28858,OBC-NCL,8193
28859,OBC-NCL,8194
28860,OBC-NCL,8195
28861,OBC-NCL,8196
28862,OBC-NCL,8197
28863,OBC-NCL,8198
28864,OBC-NCL,8199
28865,GEN-EWS,4293
28866,OBC-NCL,8200
28867,GEN,
28867,GEN-EWS,4294
28869,GEN,
28869,SC,968
28871,OBC-NCL,8201
28872,OBC-NCL,8202
28873,GEN,
28874,GEN,
28875,GEN,
28876,GEN-EWS,4295
28877,OBC-NCL,8203
28878,GEN,
28879,OBC-NCL,8204
28880,GEN,
28881,GEN-EWS,4296
28882,GEN-EWS,4297
28883,GEN-EWS,4298
28884,GEN,
28885,OBC-NCL,8205
28886,GEN,
28887,OBC-NCL,8206
28888,GEN,
28889,GEN,
28890,GEN,
28891,OBC-NCL,8207
28892,SC,969
28893,GEN,
28894,OBC-NCL,8208
28895,GEN-EWS,4299
28896,SC,970
28897,SC,971
28898,OBC-NCL,8209
28899,SC,972
28900,GEN,
28901,OBC-NCL,8210
28902,OBC-NCL,8211
28903,GEN,
28904,GEN,
28905,OBC-NCL,8212
28906,GEN,
28907,OBC-NCL,8213
28908,GEN,
28909,OBC-NCL,8214
28910,GEN-EWS,4300
28911,GEN-EWS,4301
28912,OBC-NCL,8215
28913,OBC-NCL,8216
28914,OBC-NCL,8217
28915,GEN,
28916,GEN,
28917,SC,973
28918,OBC-NCL,8218
28919,OBC-NCL,8219
28920,OBC-NCL,8220
28921,OBC-NCL,8221
28922,GEN-EWS,4302
28923,GEN,
28924,ST,288
28925,SC,974
28926,OBC-NCL,8222
28927,GEN,
28928,OBC-NCL,8223
28929,GEN,
28930,GEN,
28931,OBC-NCL,8224
28932,GEN-EWS,4303
28933,OBC-NCL,8225
28934,OBC-NCL,8226
28935,GEN,
28936,OBC-NCL,8227
28937,GEN,
28938,GEN,
28939,OBC-NCL,8228
28940,GEN,
28941,OBC-NCL,8229
28942,GEN,
28943,GEN,
28944,GEN,
28945,OBC-NCL,8230
28946,GEN,
28947,OBC-NCL,8231
28948,GEN,
28949,GEN-EWS,4304
28950,GEN,
28951,GEN-EWS,4305
28952,GEN,
28953,GEN,
28953,OBC-NCL,8232
28955,GEN,
28956,GEN,
28957,GEN,
28958,GEN,
28959,GEN-EWS,4306
28960,OBC-NCL,8233
28961,GEN,
28962,OBC-NCL,8234
28963,SC,975
28964,OBC-NCL,8235
28964,SC,976
28966,ST,289
28967,GEN,
28968,GEN,
28969,SC,977
28970,OBC-NCL,8236
28971,GEN-EWS,4307
28972,OBC-NCL,8237
28973,GEN,
28974,SC,979
28975,OBC-NCL,8238
28976,GEN,
28977,GEN,
28978,OBC-NCL,8239
28979,GEN,
28980,GEN,
28981,GEN,
28982,OBC-NCL,8240
28983,GEN,
28984,GEN,
28985,GEN,
28986,GEN,
28987,SC,980
28988,OBC-NCL,8241
28989,GEN,
28990,SC,981
28991,GEN,
28992,OBC-NCL,8242
28993,SC,982
28994,GEN-EWS,4308
28995,GEN-EWS,4309
28996,OBC-NCL,8243
28997,GEN,
28998,GEN,
28999,OBC-NCL,8244
29000,SC,983
29001,OBC-NCL,8245
29002,GEN-EWS,4310
29003,GEN,
29004,GEN-EWS,4311
29005,GEN-EWS,4312
29006,GEN,
29007,GEN-EWS,4313
29008,OBC-NCL,8246
29009,OBC-NCL,8247
29010,OBC-NCL,8248
29011,GEN,
29012,OBC-NCL,8249
29013,OBC-NCL,8250
29014,GEN,
29015,GEN,
29016,GEN,
29017,OBC-NCL,8251
29018,OBC-NCL,8252
29019,OBC-NCL,8253
29020,GEN,
29021,OBC-NCL,8254
29022,OBC-NCL,8255
29023,GEN,
29024,GEN-EWS,4315
29025,GEN,
29026,GEN-EWS,4316
29027,GEN-EWS,4317
29028,OBC-NCL,8256
29029,OBC-NCL,8257
29030,GEN-EWS,4318
29031,OBC-NCL,8258
29032,SC,984
29033,GEN,
29033,OBC-NCL,8259
29035,OBC-NCL,8260
29036,OBC-NCL,8261
29037,GEN-EWS,4319
29038,GEN,
29039,GEN,
29040,OBC-NCL,8262
29041,GEN,
29042,GEN-EWS,4320
29043,GEN,
29044,GEN,
29045,OBC-NCL,8263
29046,OBC-NCL,8264
29047,GEN,
29048,OBC-NCL,8265
29049,OBC-NCL,8266
29050,GEN,
29051,GEN,
29052,OBC-NCL,8267
29053,OBC-NCL,8268
29054,OBC-NCL,8269
29055,OBC-NCL,8270
29056,ST,290
29057,GEN,
29058,GEN,
29059,ST,291
29060,GEN,
29061,OBC-NCL,8271
29062,GEN,
29063,SC,985
29064,OBC-NCL,8272
29065,GEN,
29066,GEN,
29067,SC,986
29068,OBC-NCL,8273
29069,GEN-EWS,4321
29070,GEN,
29071,GEN,
29072,OBC-NCL,8274
29073,GEN,
29073,OBC-NCL,8275
29075,GEN-EWS,4322
29076,GEN,
29077,GEN,
29078,GEN,
29079,OBC-NCL,8277
29080,GEN-EWS,4323
29081,OBC-NCL,8278
29082,OBC-NCL,8279
29083,GEN,
29084,OBC-NCL,8280
29085,SC,987
29086,OBC-NCL,8281
29087,ST,292
29088,OBC-NCL,8282
29089,GEN,
29090,OBC-NCL,8283
29091,GEN,
29092,GEN-EWS,4324
29093,GEN,
29094,GEN,
29095,OBC-NCL,8284
29096,GEN,
29097,GEN,
29098,OBC-NCL,8285
29099,OBC-NCL,8286
29100,GEN,
29101,OBC-NCL,8287
29102,OBC-NCL,8288
29103,OBC-NCL,8289
29104,SC,988
29105,GEN,
29106,GEN,
29107,GEN-EWS,4325
29108,GEN,
29109,OBC-NCL,8290
29110,GEN,
29111,GEN,
29112,GEN,
29113,GEN,
29114,GEN,
29115,SC,989
29116,GEN,
29117,GEN,
29118,GEN,
29119,GEN-EWS,4326
29120,GEN,
29121,GEN,
29122,GEN,
29123,OBC-NCL,8291
29124,GEN,
29125,GEN-EWS,4327
29126,OBC-NCL,8292
29127,OBC-NCL,8293
29128,GEN,
29129,OBC-NCL,8294
29130,GEN-EWS,4328
29131,GEN,
29132,SC,990
29133,GEN,
29134,GEN,
29135,GEN,
29136,GEN,
29137,GEN,
29138,GEN,
29139,GEN,
29140,GEN-EWS,4329
29141,OBC-NCL,8296
29142,GEN,
29143,GEN-EWS,4330
29144,GEN-EWS,4331
29145,GEN-EWS,4332
29146,GEN,
29147,OBC-NCL,8297
29148,GEN,
29149,GEN,
29150,GEN-EWS,4333
29151,GEN,
29152,OBC-NCL,8298
29153,SC,991
29154,GEN,
29155,OBC-NCL,8299
29156,GEN-EWS,4334
29157,GEN,
29158,GEN,
29159,GEN,
29160,GEN,
29161,GEN-EWS,4335
29162,SC,992
29163,GEN,
29164,OBC-NCL,8300
29165,GEN-EWS,4336
29166,OBC-NCL,8301
29167,GEN,
29168,OBC-NCL,8302
29169,GEN-EWS,4337
29170,GEN-EWS,4338
29171,GEN,
29172,GEN,
29173,OBC-NCL,8303
29174,GEN,
29175,OBC-NCL,8304
29176,OBC-NCL,8305
29177,GEN-EWS,4339
29178,GEN-EWS,4340
29179,GEN,
29180,GEN,
29181,SC,993
29182,OBC-NCL,8306
29183,GEN-EWS,4341
29184,GEN,
29185,OBC-NCL,8307
29186,GEN,
29187,GEN-EWS,4342
29188,GEN-EWS,4343
29189,GEN,
29190,OBC-NCL,8308
29191,OBC-NCL,8309
29192,GEN,
29193,OBC-NCL,8310
29194,GEN,
29195,ST,293
29196,OBC-NCL,8311
29197,GEN-EWS,4344
29198,GEN,
29199,GEN,
29200,GEN-EWS,4345
29201,GEN,
29202,OBC-NCL,8312
29203,GEN,
29204,GEN-EWS,4346
29205,OBC-NCL,8313
29206,OBC-NCL,8314
29207,OBC-NCL,8315
29208,GEN,
29209,GEN,
29210,GEN-EWS,4347
29211,GEN,
29212,OBC-NCL,8316
29213,OBC-NCL,8317
29214,GEN,
29215,OBC-NCL,8318
29216,GEN,
29217,GEN-EWS,4348
29218,GEN,
29219,OBC-NCL,8319
29220,OBC-NCL,8320
29221,OBC-NCL,8321
29222,GEN-EWS,4349
29223,GEN,
29224,GEN,
29225,GEN-EWS,4350
29226,OBC-NCL,8322
29227,GEN,
29228,GEN,
29229,GEN-EWS,4351
29230,GEN-EWS,4352
29231,OBC-NCL,8323
29232,GEN,
29233,GEN,
29234,GEN-EWS,4353
29235,GEN,
29236,GEN,
29237,GEN,
29238,GEN,
29239,GEN,
29240,OBC-NCL,8324
29241,ST,294
29242,GEN,
29243,GEN-EWS,4354
29244,GEN,
29245,GEN,
29246,OBC-NCL,8325
29247,GEN-EWS,4355
29248,GEN,
29249,GEN,
29250,OBC-NCL,8326
29251,GEN,
29251,OBC-NCL,8327
29253,OBC-NCL,8328
29254,GEN-EWS,4356
29255,GEN,
29256,SC,994
29257,OBC-NCL,8329
29258,OBC-NCL,8330
29259,OBC-NCL,8331
29260,GEN,
29261,OBC-NCL,8332
29262,GEN,
29263,GEN,
29264,OBC-NCL,8333
29265,GEN,
29266,GEN,
29267,OBC-NCL,8334
29268,GEN,
29269,GEN-EWS,4357
29270,GEN-EWS,4358
29271,GEN,
29272,GEN,
29273,GEN,
29274,GEN,
29275,GEN,
29276,GEN,
29277,OBC-NCL,8335
29278,GEN,
29279,OBC-NCL,8336
29280,OBC-NCL,8337
29281,OBC-NCL,8338
29282,GEN,
29283,OBC-NCL,8339
29284,OBC-NCL,8340
29285,GEN,
29286,OBC-NCL,8341
29287,GEN,
29288,OBC-NCL,8342
29289,OBC-NCL,8343
29290,GEN-EWS,4359
29291,GEN-EWS,4360
29292,OBC-NCL,8344
29293,GEN,
29294,GEN,
29295,OBC-NCL,8345
29296,OBC-NCL,8346
29297,GEN,
29298,GEN,
29299,OBC-NCL,8347
29300,GEN,
29301,GEN,
29302,GEN,
29303,GEN,
29304,GEN,
29305,GEN-EWS,4361
29306,GEN,
29307,GEN-EWS,4362
29308,GEN,
29309,GEN,
29309,GEN-EWS,4363
29311,OBC-NCL,8348
29312,OBC-NCL,8349
29313,OBC-NCL,8350
29314,OBC-NCL,8351
29315,GEN-EWS,4364
29316,GEN-EWS,4365
29317,OBC-NCL,8352
29318,OBC-NCL,8353
29319,GEN,
29320,OBC-NCL,8354
29321,OBC-NCL,8355
29322,GEN,
29322,SC,995
29324,OBC-NCL,8356
29325,GEN,
29326,GEN,
29327,GEN,
29328,GEN-EWS,4367
29329,OBC-NCL,8357
29330,OBC-NCL,8358
29331,GEN-EWS,4368
29332,OBC-NCL,8359
29333,GEN-EWS,4369
29334,GEN,
29335,GEN-EWS,4370
29336,GEN-EWS,4371
29337,GEN-EWS,4372
29338,GEN-EWS,4373
29339,OBC-NCL,8360
29340,GEN,
29341,OBC-NCL,8361
29342,OBC-NCL,8362
29343,GEN,
29344,GEN-EWS,4374
29345,OBC-NCL,8363
29346,SC,996
29347,OBC-NCL,8364
29348,OBC-NCL,8365
29349,GEN,
29350,GEN,
29351,OBC-NCL,8366
29352,OBC-NCL,8367
29353,GEN,
29353,OBC-NCL,8368
29355,GEN,
29356,GEN,
29357,GEN,
29358,OBC-NCL,8369
29359,GEN,
29360,OBC-NCL,8370
29361,GEN,
29362,OBC-NCL,8371
29363,GEN,
29364,GEN-EWS,4375
29365,OBC-NCL,8372
29366,OBC-NCL,8373
29367,OBC-NCL,8374
29368,GEN,
29369,OBC-NCL,8375
29370,OBC-NCL,8376
29371,GEN,
29372,GEN,
29373,GEN,
29374,OBC-NCL,8378
29375,ST,295
29376,GEN,
29377,GEN-EWS,4376
29378,GEN,
29379,GEN-EWS,4377
29380,OBC-NCL,8379
29381,GEN-EWS,4378
29382,OBC-NCL,8380
29383,GEN,
29383,OBC-NCL,8381
29385,GEN-EWS,4379
29386,OBC-NCL,8382
29387,OBC-NCL,8383
29388,GEN,
29389,GEN,
29390,OBC-NCL,8384
29391,GEN-EWS,4380
29392,OBC-NCL,8385
29393,SC,997
29394,GEN-EWS,4381
29395,GEN-EWS,4382
29396,OBC-NCL,8386
29397,GEN-EWS,4383
29398,OBC-NCL,8387
29399,GEN,
29400,GEN,
29401,GEN,
29402,OBC-NCL,8388
29403,OBC-NCL,8389
29404,OBC-NCL,8390
29405,GEN,
29406,OBC-NCL,8391
29407,GEN-EWS,4385
29408,GEN,
29409,GEN,
29410,GEN,
29411,GEN-EWS,4386
29412,ST,296
29413,OBC-NCL,8392
29414,GEN-EWS,4387
29415,GEN-EWS,4388
29416,OBC-NCL,8393
29417,GEN,
29418,GEN,
29419,OBC-NCL,8394
29420,SC,998
29421,GEN,
29422,GEN,
29422,GEN,
29424,OBC-NCL,8395
29425,GEN,
29426,OBC-NCL,8396
29427,OBC-NCL,8397
29428,GEN,
29429,GEN,
29430,GEN,
29431,OBC-NCL,8398
29432,SC,999
29433,OBC-NCL,8399
29434,OBC-NCL,8400
29435,GEN,
29436,SC,1000
29437,OBC-NCL,8401
29437,SC,1001
29439,GEN,
29440,OBC-NCL,8402
29441,GEN,
29442,GEN,
29443,OBC-NCL,8403
29444,OBC-NCL,8404
29445,GEN-EWS,4389
29446,GEN,
29447,GEN,
29448,OBC-NCL,8405
29449,GEN,
29450,OBC-NCL,8406
29451,SC,1002
29452,GEN-EWS,4390
29453,SC,1003
29454,OBC-NCL,8407
29455,ST,297
29456,GEN,
29457,GEN,
29458,GEN,
29459,GEN,
29460,GEN-EWS,4391
29461,OBC-NCL,8408
29462,OBC-NCL,8409
29463,GEN-EWS,4392
29464,OBC-NCL,8410
29465,GEN-EWS,4393
29466,OBC-NCL,8411
29467,GEN,
29468,OBC-NCL,8412
29469,OBC-NCL,8413
29470,GEN,
29471,GEN,
29472,OBC-NCL,8414
29473,GEN,
29474,OBC-NCL,8415
29475,GEN-EWS,4394
29476,GEN,
29477,GEN,
29477,OBC-NCL,8416
29479,GEN,
29480,OBC-NCL,8417
29481,GEN,
29482,OBC-NCL,8418
29483,OBC-NCL,8419
29484,GEN,
29485,GEN-EWS,4395
29486,GEN,
29487,GEN,
29488,GEN,
29489,GEN,
29490,ST,298
29491,OBC-NCL,8420
29492,GEN,
29493,GEN,
29494,OBC-NCL,8421
29495,OBC-NCL,8422
29496,OBC-NCL,8423
29497,GEN,
29498,GEN,
29499,GEN-EWS,4396
29500,GEN,
29501,OBC-NCL,8424
29502,OBC-NCL,8425
29503,GEN,
29504,GEN,
29505,OBC-NCL,8427
29506,GEN,
29507,OBC-NCL,8428
29508,GEN,
29509,OBC-NCL,8429
29510,OBC-NCL,8430
29511,GEN,
29512,GEN,
29513,GEN-EWS,4397
29514,OBC-NCL,8431
29515,SC,1004
29516,GEN,
29517,OBC-NCL,8432
29518,GEN,
29519,GEN,
29520,GEN,
29521,GEN,
29522,OBC-NCL,8433
29523,OBC-NCL,8434
29524,GEN,
29525,OBC-NCL,8435
29526,GEN-EWS,4398
29527,OBC-NCL,8436
29528,GEN-EWS,4399
29529,OBC-NCL,8437
29530,GEN,
29530,OBC-NCL,8438
29532,GEN,
29533,GEN,
29534,GEN,
29535,GEN,
29535,ST,300
29537,GEN,
29538,GEN,
29539,OBC-NCL,8439
29540,GEN,
29541,OBC-NCL,8440
29542,GEN-EWS,4400
29543,GEN,
29544,OBC-NCL,8441
29545,SC,1005
29546,GEN,
29547,GEN,
29548,GEN-EWS,4401
29549,GEN-EWS,4402
29550,GEN,
29551,GEN,
29552,OBC-NCL,8444
29553,OBC-NCL,8445
29554,GEN,
29555,GEN,
29556,GEN,
29557,GEN-EWS,4403
29558,GEN-EWS,4404
29559,GEN,
29560,GEN,
29561,OBC-NCL,8446
29562,GEN,
29563,GEN,
29564,GEN,
29565,OBC-NCL,8447
29566,GEN,
29567,OBC-NCL,8448
29568,GEN,
29569,GEN,
29570,OBC-NCL,8449
29571,OBC-NCL,8450
29572,OBC-NCL,8451
29573,OBC-NCL,8452
29574,OBC-NCL,8453
29575,OBC-NCL,8454
29575,OBC-NCL,8454
29577,GEN-EWS,4405
29578,OBC-NCL,8456
29579,GEN,
29580,ST,301
29581,GEN,
29582,OBC-NCL,8457
29583,GEN,
29584,ST,302
29585,GEN,
29586,GEN,
29587,GEN-EWS,4406
29588,GEN,
29589,OBC-NCL,8458
29590,OBC-NCL,8459
29591,GEN-EWS,4407
29592,OBC-NCL,8460
29593,GEN,
29594,GEN,
29595,GEN-EWS,4408
29596,OBC-NCL,8462
29597,GEN,
29598,SC,1006
29599,GEN,
29600,GEN-EWS,4409
29601,SC,1007
29602,SC,1008
29603,OBC-NCL,8463
29604,OBC-NCL,8464
29605,GEN,
29606,GEN,
29607,GEN,
29608,GEN,
29609,GEN,
29610,GEN-EWS,4410
29611,OBC-NCL,8465
29612,GEN,
29613,GEN,
29614,GEN-EWS,4411
29615,GEN-EWS,4412
29616,OBC-NCL,8466
29617,GEN-EWS,4413
29618,GEN,
29619,OBC-NCL,8467
29620,GEN,
29621,SC,1009
29622,GEN,
29623,OBC-NCL,8468
29624,GEN,
29625,GEN-EWS,4414
29626,GEN,
29627,GEN,
29628,GEN-EWS,4415
29629,SC,1010
29630,GEN-EWS,4416
29631,GEN,
29632,OBC-NCL,8469
29633,OBC-NCL,8470
29634,OBC-NCL,8471
29635,GEN,
29636,GEN,
29637,GEN-EWS,4417
29638,GEN,
29639,OBC-NCL,8472
29640,GEN,
29641,OBC-NCL,8473
29642,OBC-NCL,8474
29643,GEN,
29644,OBC-NCL,8475
29645,GEN,
29646,GEN-EWS,4418
29647,GEN-EWS,4419
29648,OBC-NCL,8476
29649,GEN-EWS,4420
29649,ST,303
29651,GEN,
29652,GEN,
29653,GEN,
29654,OBC-NCL,8477
29655,OBC-NCL,8478
29656,GEN,
29657,GEN,
29657,OBC-NCL,8479
29659,GEN,
29660,GEN,
29661,GEN-EWS,4421
29662,OBC-NCL,8480
29663,GEN,
29664,GEN,
29664,GEN-EWS,4422
29664,OBC-NCL,8481
29667,GEN,
29668,GEN,
29669,OBC-NCL,8482
29670,GEN,
29671,GEN,
29672,OBC-NCL,8483
29673,OBC-NCL,8484
29674,GEN,
29675,OBC-NCL,8485
29676,OBC-NCL,8486
29677,GEN,
29678,OBC-NCL,8487
29679,GEN,
29680,GEN,
29681,GEN-EWS,4423
29682,GEN,
29683,GEN,
29684,GEN,
29685,OBC-NCL,8489
29686,OBC-NCL,8490
29687,GEN,
29688,GEN,
29689,GEN,
29690,GEN,
29691,OBC-NCL,8491
29692,OBC-NCL,8492
29693,GEN,
29694,OBC-NCL,8493
29695,OBC-NCL,8494
29696,GEN-EWS,4424
29697,SC,1011
29698,GEN-EWS,4425
29699,OBC-NCL,8495
29700,GEN-EWS,4426
29701,OBC-NCL,8496
29702,GEN,
29703,GEN,
29704,SC,1012
29705,GEN-EWS,4427
29706,OBC-NCL,8497
29707,OBC-NCL,8498
29708,GEN-EWS,4428
29709,GEN,
29710,GEN,
29711,OBC-NCL,8499
29712,SC,1013
29713,GEN,
29714,GEN-EWS,4429
29715,OBC-NCL,8500
29716,OBC-NCL,8501
29717,GEN-EWS,4430
29718,OBC-NCL,8502
29719,GEN,
29720,GEN-EWS,4431
29721,ST,305
29722,OBC-NCL,8503
29723,SC,1014
29724,GEN,
29725,GEN,
29726,GEN-EWS,4432
29727,GEN-EWS,4433
29728,SC,1015
29729,GEN,
29730,GEN-EWS,4434
29731,GEN,
29732,GEN,
29733,OBC-NCL,8504
29734,GEN,
29734,OBC-NCL,8505
29736,GEN-EWS,4435
29737,GEN-EWS,4436
29738,OBC-NCL,8506
29739,OBC-NCL,8507
29740,OBC-NCL,8508
29741,GEN-EWS,4437
29742,GEN,
29743,GEN,
29744,OBC-NCL,8509
29745,SC,1016
29746,GEN-EWS,4438
29747,GEN,
29748,GEN,
29749,GEN,
29750,GEN,
29751,GEN,
29752,GEN,
29753,OBC-NCL,8510
29754,GEN,
29755,OBC-NCL,8511
29756,ST,306
29757,GEN,
29758,GEN-EWS,4439
29759,OBC-NCL,8512
29760,GEN,
29761,GEN,
29762,GEN-EWS,4440
29763,GEN-EWS,4441
29764,OBC-NCL,8513
29765,OBC-NCL,8514
29766,OBC-NCL,8515
29767,GEN,
29768,GEN,
29769,GEN,
29770,SC,1017
29771,OBC-NCL,8516
29772,GEN,
29773,GEN,
29774,GEN-EWS,4443
29775,GEN,
29776,OBC-NCL,8517
29777,OBC-NCL,8518
29778,OBC-NCL,8519
29779,GEN-EWS,4444
29780,OBC-NCL,8520
29781,GEN,
29782,GEN-EWS,4445
29783,OBC-NCL,8521
29784,GEN,
29785,GEN,
29786,GEN,
29787,GEN,
29788,OBC-NCL,8522
29789,OBC-NCL,8523
29790,GEN,
29791,OBC-NCL,8524
29792,GEN,
29793,OBC-NCL,8525
29794,GEN,
29795,GEN-EWS,4446
29795,OBC-NCL,8526
29797,ST,307
29798,GEN-EWS,4447
29799,GEN,
29800,GEN,
29801,OBC-NCL,8527
29802,GEN,
29803,OBC-NCL,8528
29804,GEN,
29805,GEN,
29806,OBC-NCL,8529
29807,GEN,
29808,GEN,
29809,SC,1018
29810,GEN,
29811,GEN-EWS,4448
29812,OBC-NCL,8530
29813,ST,308
29814,OBC-NCL,8531
29815,GEN-EWS,4449
29816,GEN,
29817,OBC-NCL,8533
29818,SC,1019
29819,GEN,
29820,OBC-NCL,8534
29821,GEN,
29822,GEN,
29823,GEN,
29824,OBC-NCL,8535
29825,GEN,
29826,GEN-EWS,4450
29827,OBC-NCL,8536
29828,OBC-NCL,8537
29829,OBC-NCL,8538
29830,OBC-NCL,8539
29831,OBC-NCL,8540
29832,GEN,
29833,GEN,
29834,OBC-NCL,8541
29835,ST,309
29836,OBC-NCL,8542
29837,ST,310
29838,OBC-NCL,8543
29839,GEN-EWS,4451
29840,GEN-EWS,4452
29841,GEN,
29842,GEN-EWS,4453
29843,GEN,
29844,GEN,
29845,OBC-NCL,8544
29846,GEN-EWS,4454
29847,GEN,
29848,GEN,
29849,GEN,
29850,OBC-NCL,8545
29851,GEN,
29852,GEN,
29853,GEN-EWS,4455
29854,OBC-NCL,8546
29855,OBC-NCL,8547
29856,OBC-NCL,8548
29857,GEN-EWS,4456
29858,GEN,
29859,OBC-NCL,8549
29860,OBC-NCL,8550
29861,OBC-NCL,8551
29862,GEN,
29863,GEN,
29864,GEN-EWS,4457
29865,GEN,
29866,GEN,
29867,GEN-EWS,4458
29868,GEN,
29869,OBC-NCL,8552
29870,GEN,
29871,GEN,
29872,OBC-NCL,8553
29873,GEN-EWS,4459
29874,SC,1020
29875,GEN,
29876,OBC-NCL,8554
29877,GEN,
29878,GEN,
29879,GEN,
29880,GEN-EWS,4460
29881,GEN,
29882,GEN-EWS,4461
29883,GEN-EWS,4462
29884,GEN,
29885,OBC-NCL,8555
29886,GEN,
29887,GEN,
29888,OBC-NCL,8556
29889,GEN-EWS,4463
29890,GEN,
29891,GEN,
29892,GEN,
29893,OBC-NCL,8557
29894,GEN,
29895,OBC-NCL,8558
29896,GEN,
29897,GEN,
29898,GEN,
29899,GEN,
29900,OBC-NCL,8559
29901,OBC-NCL,8560
29902,GEN,
29903,GEN,
29904,OBC-NCL,8561
29905,GEN,
29906,OBC-NCL,8562
29907,GEN-EWS,4464
29908,OBC-NCL,8563
29909,GEN,
29910,GEN,
29911,OBC-NCL,8564
29912,OBC-NCL,8565
29913,GEN,
29914,GEN,
29915,GEN,
29916,GEN,
29917,GEN-EWS,4466
29918,GEN,
29919,GEN-EWS,4467
29920,OBC-NCL,8566
29921,OBC-NCL,8567
29922,GEN,
29923,OBC-NCL,8568
29924,GEN,
29925,GEN,
29926,GEN-EWS,4468
29927,GEN,
29928,OBC-NCL,8569
29929,OBC-NCL,8570
29930,GEN,
29931,GEN,
29932,OBC-NCL,8571
29933,GEN,
29934,GEN,
29935,OBC-NCL,8572
29936,GEN,
29937,GEN,
29938,OBC-NCL,8573
29939,GEN,
29940,GEN,
29941,OBC-NCL,8574
29942,OBC-NCL,8575
29943,OBC-NCL,8576
29944,OBC-NCL,8577
29945,GEN,
29946,GEN,
29947,GEN-EWS,4469
29948,OBC-NCL,8578
29949,GEN,
29950,GEN-EWS,4470
29951,GEN,
29952,GEN-EWS,4471
29953,OBC-NCL,8579
29954,OBC-NCL,8580
29955,GEN,
29956,GEN,
29957,OBC-NCL,8581
29958,OBC-NCL,8582
29959,OBC-NCL,8583
29960,GEN,
29961,OBC-NCL,8584
29962,GEN-EWS,4472
29963,GEN,
29964,OBC-NCL,8585
29965,GEN-EWS,4473
29966,OBC-NCL,8586
29967,GEN-EWS,4474
29968,GEN,
29969,GEN-EWS,4475
29970,GEN,
29971,OBC-NCL,8587
29972,GEN,
29973,OBC-NCL,8588
29974,GEN,
29974,GEN,
29976,GEN,
29977,GEN-EWS,4476
29978,OBC-NCL,8589
29979,GEN,
29980,ST,311
29981,GEN,
29982,GEN,
29983,GEN,
29984,GEN,
29985,OBC-NCL,8590
29985,OBC-NCL,8590
29987,GEN,
29988,GEN,
29989,OBC-NCL,8592
29990,GEN,
29991,OBC-NCL,8593
29992,GEN,
29993,OBC-NCL,8595
29994,GEN,
29995,OBC-NCL,8596
29996,GEN,
29997,ST,312
29998,GEN,
29999,GEN,
30000,OBC-NCL,8597
30001,GEN,
30002,GEN-EWS,4477
30003,GEN,
30004,OBC-NCL,8598
30005,OBC-NCL,8599
30006,OBC-NCL,8600
30007,OBC-NCL,8601
30008,GEN,
30009,GEN,
30010,GEN,
30011,OBC-NCL,8602
30012,GEN,
30013,GEN-EWS,4478
30014,GEN,
30015,OBC-NCL,8603
30016,GEN,
30017,GEN-EWS,4479
30018,GEN-EWS,4480
30019,GEN,
30020,GEN,
30021,OBC-NCL,8604
30022,GEN,
30023,SC,1023
30024,GEN,
30025,OBC-NCL,8605
30026,GEN,
30027,GEN,
30028,OBC-NCL,8606
30029,GEN,
30030,OBC-NCL,8607
30031,GEN,
30032,SC,1024
30033,GEN,
30034,OBC-NCL,8608
30035,GEN,
30036,GEN,
30037,SC,1025
30038,GEN,
30039,GEN,
30040,OBC-NCL,8609
30041,GEN,
30042,GEN,
30043,OBC-NCL,8610
30044,OBC-NCL,8611
30045,GEN,
30045,SC,1026
30047,GEN,
30048,OBC-NCL,8612
30049,GEN,
30050,GEN-EWS,4481
30051,GEN-EWS,4482
30052,GEN,
30053,OBC-NCL,8614
30054,SC,1027
30055,OBC-NCL,8615
30056,OBC-NCL,8616
30057,GEN,
30058,OBC-NCL,8617
30059,OBC-NCL,8618
30060,GEN-EWS,4483
30061,GEN,
30062,GEN,
30063,GEN-EWS,4484
30064,GEN,
30065,GEN,
30066,GEN,
30067,GEN,
30068,SC,1028
30069,GEN-EWS,4485
30070,OBC-NCL,8619
30071,GEN-EWS,4486
30072,SC,1029
30073,OBC-NCL,8620
30074,OBC-NCL,8621
30075,OBC-NCL,8622
30076,GEN,
30077,GEN,
30078,OBC-NCL,8623
30079,GEN-EWS,4487
30080,GEN,
30081,OBC-NCL,8624
30082,GEN-EWS,4488
30083,GEN,
30084,OBC-NCL,8625
30085,OBC-NCL,8626
30086,OBC-NCL,8627
30087,GEN-EWS,4489
30088,ST,314
30089,OBC-NCL,8628
30090,GEN-EWS,4490
30091,GEN,
30092,OBC-NCL,8629
30093,GEN-EWS,4491
30093,OBC-NCL,8630
30095,GEN-EWS,4492
30096,GEN,
30096,GEN-EWS,4493
30096,OBC-NCL,8631
30099,OBC-NCL,8632
30100,OBC-NCL,8633
30101,GEN,
30102,GEN-EWS,4494
30103,OBC-NCL,8634
30104,GEN,
30105,OBC-NCL,8635
30106,GEN-EWS,4495
30107,GEN,
30108,GEN-EWS,4496
30109,GEN,
30110,GEN,
30111,GEN,
30112,SC,1030
30113,ST,315
30114,GEN,
30115,GEN-EWS,4497
30116,GEN,
30116,SC,1032
30118,GEN,
30119,GEN,
30120,GEN,
30121,GEN-EWS,4498
30122,GEN,
30123,GEN,
30123,OBC-NCL,8637
30125,GEN,
30126,GEN,
30127,GEN,
30128,OBC-NCL,8638
30129,GEN,
30130,GEN,
30131,GEN-EWS,4499
30132,GEN,
30133,OBC-NCL,8639
30134,GEN,
30135,GEN-EWS,4500
30136,OBC-NCL,8640
30137,SC,1033
30138,OBC-NCL,8641
30139,GEN,
30140,OBC-NCL,8642
30141,OBC-NCL,8643
30142,OBC-NCL,8644
30143,GEN,
30144,GEN,
30145,GEN,
30146,GEN-EWS,4501
30147,GEN-EWS,4502
30148,OBC-NCL,8645
30149,GEN-EWS,4503
30150,GEN,
30151,GEN-EWS,4504
30152,ST,316
30153,GEN,
30154,GEN-EWS,4505
30155,OBC-NCL,8646
30156,GEN-EWS,4506
30157,GEN,
30158,GEN,
30159,GEN,
30160,GEN,
30161,OBC-NCL,8647
30161,OBC-NCL,8647
30163,OBC-NCL,8649
30164,GEN,
30165,OBC-NCL,8650
30166,OBC-NCL,8651
30167,SC,1034
30168,OBC-NCL,8652
30169,GEN,
30170,GEN,
30171,GEN,
30172,GEN,
30173,GEN,
30174,GEN-EWS,4507
30175,GEN,
30176,GEN,
30177,OBC-NCL,8653
30178,GEN-EWS,4508
30179,GEN-EWS,4509
30180,GEN,
30181,GEN,
30182,GEN,
30183,GEN-EWS,4510
30184,OBC-NCL,8654
30185,GEN,
30186,SC,1035
30187,GEN,
30188,OBC-NCL,8655
30189,GEN,
30190,GEN,
30191,GEN,
30192,OBC-NCL,8656
30193,GEN-EWS,4511
30194,GEN,
30195,GEN-EWS,4512
30196,GEN,
30197,GEN,
30198,GEN-EWS,4513
30199,ST,317
30200,GEN-EWS,4514
30201,GEN,
30202,OBC-NCL,8657
30203,GEN,
30204,GEN-EWS,4515
30205,GEN-EWS,4516
30206,OBC-NCL,8658
30207,GEN,
30208,OBC-NCL,8659
30209,SC,1036
30210,GEN,
30211,OBC-NCL,8660
30212,GEN,
30213,GEN,
30214,GEN-EWS,4518
30215,GEN-EWS,4519
30216,OBC-NCL,8661
30217,GEN-EWS,4520
30218,GEN-EWS,4521
30219,OBC-NCL,8662
30220,GEN,
30221,OBC-NCL,8663
30222,GEN-EWS,4522
30223,GEN,
30223,OBC-NCL,8664
30225,GEN,
30226,GEN,
30227,GEN,
30228,OBC-NCL,8665
30229,SC,1037
30230,OBC-NCL,8666
30231,OBC-NCL,8667
30232,GEN,
30233,OBC-NCL,8668
30234,GEN,
30235,GEN,
30236,OBC-NCL,8669
30237,OBC-NCL,8670
30238,OBC-NCL,8671
30239,GEN,
30240,OBC-NCL,8672
30241,GEN,
30242,GEN,
30243,GEN-EWS,4523
30244,GEN,
30245,OBC-NCL,8673
30246,GEN,
30247,GEN,
30248,OBC-NCL,8674
30249,GEN,
30250,GEN,
30251,GEN,
30252,OBC-NCL,8675
30253,OBC-NCL,8676
30254,OBC-NCL,8677
30255,OBC-NCL,8678
30256,GEN,
30257,GEN,
30258,OBC-NCL,8679
30259,GEN,
30260,OBC-NCL,8681
30261,GEN-EWS,4524
30262,GEN-EWS,4525
30263,GEN,
30264,GEN,
30265,GEN-EWS,4526
30266,OBC-NCL,8682
30267,OBC-NCL,8683
30268,OBC-NCL,8684
30269,GEN,
30270,GEN,
30271,GEN-EWS,4527
30272,GEN,
30273,OBC-NCL,8685
30274,ST,318
30275,GEN,
30276,OBC-NCL,8686
30277,GEN-EWS,4528
30278,GEN-EWS,4529
30279,OBC-NCL,8687
30280,GEN,
30281,GEN-EWS,4530
30282,GEN,
30283,OBC-NCL,8688
30284,OBC-NCL,8689
30285,OBC-NCL,8690
30286,OBC-NCL,8691
30287,GEN,
30288,GEN,
30289,GEN,
30290,OBC-NCL,8692
30291,GEN,
30292,GEN-EWS,4531
30293,GEN-EWS,4532
30294,OBC-NCL,8693
30295,OBC-NCL,8694
30296,OBC-NCL,8695
30297,OBC-NCL,8696
30298,GEN-EWS,4533
30299,OBC-NCL,8697
30300,OBC-NCL,8698
30301,OBC-NCL,8699
30302,GEN,
30303,GEN-EWS,4534
30304,OBC-NCL,8700
30305,GEN-EWS,4535
30306,GEN-EWS,4536
30307,GEN,
30308,OBC-NCL,8701
30309,OBC-NCL,8702
30310,OBC-NCL,8704
30311,GEN,
30311,GEN,
30313,OBC-NCL,8705
30314,GEN,
30315,GEN,
30316,OBC-NCL,8706
30317,GEN,
30318,OBC-NCL,8707
30319,OBC-NCL,8708
30320,GEN,
30321,GEN,
30322,GEN,
30323,GEN,
30324,GEN,
30325,GEN,
30326,GEN,
30327,OBC-NCL,8710
30328,GEN,
30329,GEN,
30330,GEN,
30331,OBC-NCL,8711
30332,GEN-EWS,4538
30333,GEN-EWS,4539
30334,GEN-EWS,4540
30335,GEN,
30336,GEN-EWS,4541
30337,GEN-EWS,4542
30338,GEN-EWS,4543
30339,GEN-EWS,4544
30340,OBC-NCL,8712
30341,OBC-NCL,8713
30342,GEN,
30343,GEN-EWS,4545
30344,GEN,
30345,GEN-EWS,4546
30346,OBC-NCL,8714
30347,GEN,
30348,OBC-NCL,8715
30349,GEN,
30350,GEN-EWS,4547
30351,OBC-NCL,8716
30352,SC,1039
30353,GEN-EWS,4548
30354,OBC-NCL,8717
30355,GEN,
30356,OBC-NCL,8718
30357,GEN,
30358,OBC-NCL,8719
30359,GEN,
30360,GEN-EWS,4549
30361,OBC-NCL,8720
30362,OBC-NCL,8721
30363,GEN,
30364,OBC-NCL,8722
30365,GEN-EWS,4550
30366,GEN,
30367,GEN,
30367,SC,1040
30369,GEN,
30370,OBC-NCL,8723
30371,GEN-EWS,4551
30372,GEN,
30373,GEN-EWS,4552
30374,GEN-EWS,4553
30375,GEN-EWS,4554
30376,GEN,
30377,GEN-EWS,4555
30378,OBC-NCL,8724
30379,GEN-EWS,4556
30380,OBC-NCL,8725
30381,GEN,
30382,SC,1041
30383,OBC-NCL,8726
30384,GEN-EWS,4557
30385,GEN,
30386,GEN,
30387,OBC-NCL,8727
30388,GEN,
30389,OBC-NCL,8728
30390,GEN-EWS,4558
30391,OBC-NCL,8729
30392,OBC-NCL,8730
30393,GEN,
30394,GEN-EWS,4559
30395,GEN,
30396,OBC-NCL,8731
30397,GEN,
30398,GEN,
30399,OBC-NCL,8732
30400,GEN,
30401,OBC-NCL,8733
30402,GEN-EWS,4560
30403,OBC-NCL,8734
30404,GEN,
30405,OBC-NCL,8735
30406,GEN,
30407,OBC-NCL,8736
30408,GEN,
30409,GEN,
30410,GEN-EWS,4561
30411,OBC-NCL,8737
30412,SC,1042
30413,OBC-NCL,8738
30414,GEN,
30415,GEN,
30416,ST,319
30417,OBC-NCL,8739
30418,OBC-NCL,8740
30419,GEN,
30420,GEN-EWS,4562
30421,ST,320
30422,GEN-EWS,4563
30423,OBC-NCL,8741
30424,GEN,
30425,GEN,
30426,OBC-NCL,8742
30427,GEN,
30427,SC,1043
30429,GEN-EWS,4564
30430,SC,1044
30431,GEN,
30432,GEN-EWS,4565
30433,GEN,
30434,GEN-EWS,4566
30435,GEN-EWS,4567
30436,OBC-NCL,8743
30437,GEN,
30437,GEN,
30439,GEN,
30440,ST,321
30441,OBC-NCL,8744
30442,GEN-EWS,4568
30443,GEN,
30444,GEN,
30445,OBC-NCL,8745
30446,OBC-NCL,8746
30447,GEN,
30448,GEN-EWS,4569
30449,GEN,
30450,OBC-NCL,8748
30451,OBC-NCL,8749
30452,OBC-NCL,8750
30453,GEN,
30454,GEN-EWS,4570
30455,GEN,
30456,OBC-NCL,8751
30457,OBC-NCL,8752
30458,GEN,
30459,SC,1045
30460,ST,322
30461,OBC-NCL,8753
30462,GEN-EWS,4571
30463,SC,1046
30464,GEN,
30465,GEN,
30466,GEN,
30467,SC,1047
30468,GEN-EWS,4572
30469,OBC-NCL,8754
30470,GEN,
30471,GEN-EWS,4574
30472,GEN,
30473,OBC-NCL,8755
30474,ST,323
30475,GEN-EWS,4575
30476,GEN-EWS,4576
30477,GEN,
30478,GEN,
30479,GEN,
30480,GEN,
30481,GEN,
30482,OBC-NCL,8756
30483,OBC-NCL,8757
30484,OBC-NCL,8758
30485,SC,1048
30486,GEN-EWS,4577
30487,OBC-NCL,8759
30488,GEN,
30489,GEN,
30490,GEN,
30491,OBC-NCL,8760
30492,OBC-NCL,8761
30493,GEN-EWS,4578
30494,OBC-NCL,8762
30495,GEN,
30496,ST,324
30497,GEN,
30498,GEN,
30499,GEN,
30500,OBC-NCL,8763
30501,GEN,
30502,GEN,
30503,GEN,
30504,GEN,
30505,GEN,
30506,GEN,
30507,OBC-NCL,8764
30508,OBC-NCL,8765
30509,GEN,
30510,OBC-NCL,8766
30511,GEN,
30512,GEN,
30513,OBC-NCL,8767
30514,GEN-EWS,4579
30515,GEN,
30516,GEN,
30517,OBC-NCL,8768
30518,GEN-EWS,4580
30519,GEN,
30520,SC,1049
30521,GEN,
30522,OBC-NCL,8769
30523,OBC-NCL,8770
30524,GEN-EWS,4581
30525,SC,1050
30526,OBC-NCL,8771
30527,GEN,
30528,GEN-EWS,4582
30529,SC,1051
30530,OBC-NCL,8772
30531,GEN,
30532,GEN,
30533,GEN,
30534,GEN,
30535,OBC-NCL,8773
30536,GEN-EWS,4583
30537,GEN,
30538,SC,1053
30539,GEN-EWS,4584
30539,OBC-NCL,8774
30541,GEN-EWS,4585
30542,GEN,
30543,ST,325
30544,GEN-EWS,4586
30545,GEN,
30546,OBC-NCL,8775
30547,GEN,
30548,OBC-NCL,8776
30549,SC,1054
30550,SC,1055
30551,GEN-EWS,4587
30552,GEN-EWS,4588
30553,ST,326
30554,GEN-EWS,4589
30555,GEN,
30556,OBC-NCL,8777
30557,GEN-EWS,4590
30558,GEN,
30559,GEN,
30560,GEN-EWS,4591
30561,OBC-NCL,8778
30562,OBC-NCL,8779
30563,OBC-NCL,8780
30564,OBC-NCL,8781
30565,GEN,
30566,GEN-EWS,4592
30567,GEN-EWS,4593
30568,OBC-NCL,8782
30569,OBC-NCL,8783
30570,OBC-NCL,8784
30571,GEN,
30572,GEN,
30573,OBC-NCL,8785
30574,GEN,
30575,OBC-NCL,8786
30576,OBC-NCL,8787
30577,SC,1057
30578,GEN,
30579,GEN,
30580,OBC-NCL,8788
30581,GEN-EWS,4594
30582,GEN-EWS,4595
30583,GEN-EWS,4596
30584,GEN,
30585,OBC-NCL,8789
30586,GEN,
30587,GEN,
30588,GEN-EWS,4597
30589,SC,1058
30590,GEN-EWS,4598
30591,GEN,
30592,GEN,
30593,GEN,
30594,GEN,
30595,GEN,
30596,GEN-EWS,4599
30597,GEN-EWS,4600
30598,GEN,
30599,OBC-NCL,8790
30600,GEN-EWS,4601
30601,GEN-EWS,4602
30602,GEN,
30603,OBC-NCL,8791
30604,GEN,
30605,GEN,
30606,GEN-EWS,4603
30607,SC,1059
30608,GEN-EWS,4604
30609,GEN,
30610,GEN,
30611,OBC-NCL,8792
30612,OBC-NCL,8793
30613,OBC-NCL,8794
30614,GEN,
30615,GEN,
30616,OBC-NCL,8795
30617,GEN-EWS,4605
30618,OBC-NCL,8796
30619,OBC-NCL,8797
30620,GEN-EWS,4606
30621,OBC-NCL,8798
30622,GEN-EWS,4607
30623,GEN-EWS,4608
30624,GEN,
30625,GEN,
30626,GEN,
30627,ST,327
30628,GEN,
30629,OBC-NCL,8799
30630,GEN-EWS,4609
30631,GEN,
30632,OBC-NCL,8800
30633,GEN,
30634,GEN,
30635,GEN,
30636,OBC-NCL,8801
30637,GEN,
30638,GEN,
30639,OBC-NCL,8802
30640,GEN-EWS,4610
30641,OBC-NCL,8803
30642,GEN,
30643,GEN,
30644,OBC-NCL,8805
30645,SC,1060
30646,OBC-NCL,8806
30647,GEN-EWS,4611
30648,OBC-NCL,8807
30649,GEN,
30650,GEN,
30651,GEN,
30652,OBC-NCL,8808
30653,SC,1061
30654,GEN,
30655,GEN,
30656,GEN-EWS,4612
30657,OBC-NCL,8809
30658,GEN-EWS,4613
30659,OBC-NCL,8810
30660,OBC-NCL,8811
30661,GEN,
30662,OBC-NCL,8812
30663,GEN,
30664,GEN,
30665,GEN,
30666,GEN,
30667,GEN,
30668,GEN,
30668,OBC-NCL,8813
30670,GEN-EWS,4614
30671,GEN,
30672,OBC-NCL,8814
30673,GEN-EWS,4615
30674,GEN,
30675,OBC-NCL,8815
30676,GEN-EWS,4616
30677,OBC-NCL,8816
30678,GEN,
30679,OBC-NCL,8817
30680,GEN-EWS,4617
30681,SC,1062
30682,GEN-EWS,4618
30683,OBC-NCL,8818
30684,OBC-NCL,8819
30685,GEN-EWS,4619
30686,GEN,
30687,OBC-NCL,8820
30688,GEN,
30689,GEN-EWS,4620
30690,GEN,
30691,GEN,
30692,GEN,
30693,GEN,
30694,OBC-NCL,8821
30695,OBC-NCL,8822
30696,GEN,
30697,GEN,
30698,GEN,
30699,GEN,
30700,GEN,
30701,GEN-EWS,4621
30702,SC,1063
30703,GEN,
30704,GEN,
30705,GEN,
30706,GEN-EWS,4622
30707,GEN-EWS,4623
30708,GEN,
30709,OBC-NCL,8824
30710,OBC-NCL,8825
30711,GEN,
30712,GEN,
30713,OBC-NCL,8826
30714,OBC-NCL,8827
30715,SC,1064
30716,OBC-NCL,8828
30717,GEN,
30718,GEN-EWS,4624
30719,GEN,
30720,GEN,
30721,GEN,
30722,GEN,
30723,OBC-NCL,8829
30724,GEN,
30725,OBC-NCL,8830
30726,ST,328
30727,OBC-NCL,8831
30728,OBC-NCL,8832
30729,GEN-EWS,4625
30730,GEN,
30731,GEN,
30732,OBC-NCL,8834
30733,GEN,
30734,OBC-NCL,8835
30735,GEN-EWS,4626
30736,OBC-NCL,8836
30737,OBC-NCL,8837
30738,OBC-NCL,8838
30739,OBC-NCL,8839
30740,GEN-EWS,4627
30741,OBC-NCL,8840
30742,GEN,
30743,GEN,
30744,GEN,
30745,OBC-NCL,8841
30746,GEN-EWS,4628
30747,GEN,
30748,GEN,
30749,SC,1065
30750,GEN,
30751,OBC-NCL,8842
30752,GEN,
30753,OBC-NCL,8843
30754,ST,329
30755,OBC-NCL,8844
30756,GEN-EWS,4629
30757,GEN,
30758,OBC-NCL,8845
30759,OBC-NCL,8846
30760,OBC-NCL,8847
30761,GEN,
30761,GEN-EWS,4630
30763,GEN,
30764,OBC-NCL,8848
30765,SC,1066
30766,OBC-NCL,8849
30767,GEN,
30768,GEN-EWS,4632
30769,OBC-NCL,8850
30770,GEN-EWS,4633
30771,GEN,
30772,GEN,
30773,OBC-NCL,8851
30774,GEN-EWS,4634
30775,GEN,
30776,GEN,
30777,GEN,
30778,GEN,
30779,GEN-EWS,4635
30780,GEN-EWS,4636
30781,GEN-EWS,4637
30782,GEN-EWS,4638
30783,OBC-NCL,8852
30784,GEN,
30785,GEN,
30786,OBC-NCL,8853
30787,OBC-NCL,8854
30788,GEN-EWS,4639
30789,GEN-EWS,4640
30790,GEN,
30791,GEN,
30792,OBC-NCL,8855
30793,OBC-NCL,8856
30794,GEN,
30795,GEN-EWS,4641
30796,GEN-EWS,4642
30797,GEN,
30798,OBC-NCL,8857
30799,GEN-EWS,4643
30800,OBC-NCL,8858
30801,OBC-NCL,8859
30802,GEN,
30803,OBC-NCL,8860
30804,GEN-EWS,4644
30805,OBC-NCL,8861
30806,GEN,
30807,GEN,
30808,GEN,
30809,OBC-NCL,8862
30810,GEN,
30811,OBC-NCL,8863
30812,GEN,
30813,SC,1068
30814,OBC-NCL,8864
30815,GEN,
30816,OBC-NCL,8865
30817,OBC-NCL,8866
30818,GEN-EWS,4645
30819,GEN,
30820,GEN,
30821,OBC-NCL,8867
30822,GEN,
30823,GEN,
30824,GEN-EWS,4646
30825,OBC-NCL,8868
30826,GEN,
30827,GEN,
30828,GEN,
30829,OBC-NCL,8869
30830,OBC-NCL,8870
30831,GEN,
30832,OBC-NCL,8871
30833,OBC-NCL,8872
30834,OBC-NCL,8873
30835,GEN-EWS,4647
30836,GEN,
30837,OBC-NCL,8874
30838,GEN,
30839,GEN-EWS,4648
30840,OBC-NCL,8875
30841,OBC-NCL,8876
30842,GEN,
30843,OBC-NCL,8877
30844,GEN,
30845,GEN-EWS,4649
30846,GEN-EWS,4650
30847,GEN,
30848,GEN,
30849,GEN,
30850,GEN,
30851,GEN-EWS,4651
30852,GEN,
30853,GEN,
30854,GEN-EWS,4652
30855,GEN,
30855,GEN-EWS,4653
30857,GEN,
30858,GEN-EWS,4654
30859,OBC-NCL,8878
30860,OBC-NCL,8879
30861,OBC-NCL,8880
30862,GEN,
30863,SC,1069
30864,GEN-EWS,4655
30865,OBC-NCL,8881
30866,GEN-EWS,4656
30867,GEN,
30868,GEN-EWS,4657
30869,GEN,
30870,OBC-NCL,8882
30871,OBC-NCL,8883
30872,GEN,
30873,OBC-NCL,8884
30874,OBC-NCL,8885
30875,OBC-NCL,8886
30876,SC,1070
30877,OBC-NCL,8887
30878,OBC-NCL,8888
30879,OBC-NCL,8889
30880,OBC-NCL,8890
30881,GEN,
30882,GEN,
30883,OBC-NCL,8891
30884,GEN,
30885,GEN-EWS,4658
30886,GEN,
30887,GEN,
30888,GEN-EWS,4659
30889,GEN,
30890,GEN,
30891,OBC-NCL,8892
30892,SC,1071
30893,OBC-NCL,8893
30894,GEN,
30895,GEN,
30895,OBC-NCL,8894
30897,GEN-EWS,4660
30898,GEN,
30899,GEN,
30900,OBC-NCL,8895
30901,OBC-NCL,8896
30902,GEN-EWS,4661
30903,GEN-EWS,4662
30904,GEN-EWS,4663
30905,GEN,
30906,OBC-NCL,8897
30907,OBC-NCL,8898
30908,GEN,
30909,GEN-EWS,4664
30910,GEN-EWS,4665
30911,GEN,
30912,SC,1073
30913,GEN,
30914,GEN,
30915,OBC-NCL,8899
30916,GEN,
30917,GEN,
30918,GEN,
30919,OBC-NCL,8900
30920,GEN,
30921,SC,1074
30922,OBC-NCL,8901
30923,OBC-NCL,8902
30924,OBC-NCL,8903
30925,GEN,
30926,GEN,
30927,OBC-NCL,8904
30928,GEN,
30929,GEN,
30930,GEN-EWS,4666
30931,OBC-NCL,8905
30932,GEN,
30933,GEN-EWS,4667
30934,GEN,
30935,OBC-NCL,8906
30936,GEN,
30937,SC,1075
30938,GEN,
30939,OBC-NCL,8907
30940,OBC-NCL,8908
30941,OBC-NCL,8909
30942,GEN,
30943,OBC-NCL,8910
30944,GEN,
30945,GEN,
30946,OBC-NCL,8911
30947,OBC-NCL,8912
30948,GEN-EWS,4668
30949,GEN,
30950,ST,331
30951,OBC-NCL,8913
30952,GEN,
30953,OBC-NCL,8914
30954,GEN,
30955,GEN,
30956,OBC-NCL,8915
30957,GEN,
30958,GEN,
30959,OBC-NCL,8916
30960,GEN-EWS,4669
30961,OBC-NCL,8918
30962,GEN,
30963,GEN,
30964,GEN,
30965,GEN,
30966,GEN-EWS,4670
30967,GEN-EWS,4671
30968,GEN-EWS,4672
30969,OBC-NCL,8919
30970,GEN-EWS,4673
30971,OBC-NCL,8920
30972,GEN,
30973,GEN,
30974,GEN-EWS,4674
30975,OBC-NCL,8921
30975,OBC-NCL,8921
30977,ST,332
30978,OBC-NCL,8923
30979,SC,1076
30980,GEN,
30981,OBC-NCL,8924
30982,GEN,
30983,SC,1077
30984,OBC-NCL,8925
30985,SC,1078
30986,OBC-NCL,8926
30987,OBC-NCL,8927
30988,GEN,
30989,GEN,
30990,GEN,
30991,OBC-NCL,8928
30992,OBC-NCL,8929
30993,GEN,
30994,GEN,
30995,OBC-NCL,8930
30996,OBC-NCL,8931
30997,OBC-NCL,8932
30998,GEN,
30999,GEN-EWS,4675
31000,GEN,
31001,GEN,
31002,SC,1079
31003,GEN-EWS,4676
31004,GEN-EWS,4677
31005,GEN-EWS,4678
31006,GEN,
31007,OBC-NCL,8933
31008,OBC-NCL,8934
31009,OBC-NCL,8935
31010,OBC-NCL,8936
31011,OBC-NCL,8937
31012,OBC-NCL,8938
31013,GEN,
31014,GEN,
31015,GEN,
31016,GEN,
31017,OBC-NCL,8939
31018,GEN,
31019,GEN,
31020,OBC-NCL,8940
31021,GEN,
31022,OBC-NCL,8941
31023,GEN-EWS,4680
31024,OBC-NCL,8942
31025,GEN,
31026,GEN,
31027,GEN,
31028,OBC-NCL,8943
31029,GEN,
31030,OBC-NCL,8944
31030,OBC-NCL,8944
31032,GEN,
31033,OBC-NCL,8946
31034,OBC-NCL,8947
31035,OBC-NCL,8948
31036,GEN,
31037,OBC-NCL,8949
31038,GEN,
31039,OBC-NCL,8950
31040,GEN,
31041,GEN,
31042,GEN-EWS,4681
31043,GEN,
31044,GEN,
31045,GEN,
31046,OBC-NCL,8951
31047,SC,1080
31048,GEN,
31049,GEN-EWS,4682
31050,OBC-NCL,8952
31051,SC,1081
31052,OBC-NCL,8953
31053,OBC-NCL,8954
31054,OBC-NCL,8955
31055,GEN-EWS,4683
31056,GEN,
31057,GEN,
31058,GEN-EWS,4684
31059,GEN,
31060,GEN,
31061,OBC-NCL,8956
31062,GEN,
31063,OBC-NCL,8957
31064,GEN,
31065,OBC-NCL,8959
31066,GEN,
31067,OBC-NCL,8960
31068,GEN-EWS,4685
31069,GEN,
31070,OBC-NCL,8961
31071,OBC-NCL,8962
31072,OBC-NCL,8963
31073,OBC-NCL,8964
31074,OBC-NCL,8965
31075,OBC-NCL,8966
31076,GEN,
31077,GEN,
31078,OBC-NCL,8967
31079,OBC-NCL,8968
31080,OBC-NCL,8969
31081,OBC-NCL,8970
31082,GEN-EWS,4686
31083,GEN,
31084,OBC-NCL,8971
31085,GEN,
31086,GEN,
31087,GEN,
31088,OBC-NCL,8972
31089,GEN,
31090,GEN,
31090,GEN,
31092,OBC-NCL,8973
31093,OBC-NCL,8974
31094,GEN-EWS,4687
31095,OBC-NCL,8975
31096,GEN-EWS,4688
31097,GEN,
31098,GEN,
31099,GEN,
31100,OBC-NCL,8979
31101,GEN,
31102,OBC-NCL,8980
31103,GEN,
31104,GEN-EWS,4689
31105,OBC-NCL,8981
31106,OBC-NCL,8982
31107,OBC-NCL,8983
31108,SC,1084
31109,OBC-NCL,8984
31110,GEN-EWS,4690
31111,GEN-EWS,4691
31112,GEN,
31113,GEN-EWS,4692
31114,GEN,
31115,GEN,
31116,OBC-NCL,8985
31117,GEN,
31118,OBC-NCL,8986
31119,GEN-EWS,4693
31120,GEN-EWS,4694
31121,GEN,
31122,GEN,
31123,GEN,
31124,GEN-EWS,4695
31125,GEN,
31126,SC,1085
31127,GEN,
31128,OBC-NCL,8987
31129,GEN,
31130,OBC-NCL,8988
31131,GEN,
31132,GEN-EWS,4696
31133,OBC-NCL,8989
31134,OBC-NCL,8990
31135,GEN-EWS,4697
31135,OBC-NCL,8991
31137,GEN-EWS,4698
31138,GEN-EWS,4699
31139,GEN,
31140,GEN,
31141,GEN,
31142,GEN,
31143,GEN,
31144,OBC-NCL,8992
31145,OBC-NCL,8993
31146,GEN,
31147,OBC-NCL,8994
31148,GEN-EWS,4700
31149,GEN,
31150,GEN-EWS,4701
31151,OBC-NCL,8995
31152,GEN,
31153,OBC-NCL,8996
31154,GEN,
31155,GEN,
31156,OBC-NCL,8997
31157,OBC-NCL,8998
31158,GEN,
31159,GEN,
31160,GEN,
31161,GEN,
31162,GEN,
31163,GEN-EWS,4702
31164,OBC-NCL,8999
31165,GEN,
31166,GEN,
31167,GEN,
31168,OBC-NCL,9000
31169,GEN-EWS,4703
31170,GEN,
31171,GEN,
31171,OBC-NCL,9001
31173,SC,1087
31174,GEN-EWS,4704
31175,GEN,
31176,GEN-EWS,4705
31177,OBC-NCL,9002
31178,GEN-EWS,4706
31179,GEN,
31180,OBC-NCL,9003
31181,SC,1088
31182,OBC-NCL,9004
31183,OBC-NCL,9005
31184,GEN-EWS,4707
31185,GEN,
31185,GEN-EWS,4708
31187,GEN,
31188,OBC-NCL,9006
31189,OBC-NCL,9007
31190,SC,1089
31191,OBC-NCL,9008
31192,OBC-NCL,9010
31193,GEN,
31194,GEN-EWS,4709
31195,GEN,
31196,GEN,
31197,GEN-EWS,4710
31198,GEN,
31199,GEN-EWS,4711
31200,GEN,
31201,OBC-NCL,9011
31202,OBC-NCL,9012
31203,GEN,
31204,GEN-EWS,4712
31205,GEN,
31206,GEN-EWS,4713
31207,ST,333
31208,GEN,
31209,OBC-NCL,9013
31210,GEN-EWS,4714
31211,OBC-NCL,9014
31212,ST,334
31213,OBC-NCL,9015
31214,GEN,
31215,OBC-NCL,9016
31216,GEN,
31217,SC,1091
31218,SC,1092
31219,GEN-EWS,4715
31220,OBC-NCL,9017
31221,GEN,
31221,OBC-NCL,9018
31223,OBC-NCL,9019
31224,OBC-NCL,9020
31225,GEN,
31226,GEN-EWS,4717
31227,OBC-NCL,9022
31228,SC,1093
31229,GEN,
31230,GEN,
31231,GEN-EWS,4718
31232,ST,335
31233,GEN,
31234,GEN,
31235,OBC-NCL,9023
31236,GEN,
31237,GEN,
31238,GEN,
31239,GEN,
31240,GEN-EWS,4719
31241,OBC-NCL,9024
31242,GEN,
31243,OBC-NCL,9025
31244,ST,336
31245,OBC-NCL,9026
31246,GEN-EWS,4720
31247,OBC-NCL,9027
31248,OBC-NCL,9028
31249,GEN,
31250,OBC-NCL,9029
31251,GEN,
31252,GEN,
31253,OBC-NCL,9030
31254,GEN-EWS,4721
31254,SC,1094
31256,GEN,
31257,OBC-NCL,9031
31258,GEN,
31259,OBC-NCL,9032
31260,OBC-NCL,9033
31261,SC,1095
31262,GEN,
31263,OBC-NCL,9034
31264,GEN-EWS,4722
31265,GEN,
31266,OBC-NCL,9035
31267,GEN,
31268,GEN-EWS,4723
31269,OBC-NCL,9036
31270,GEN,
31271,OBC-NCL,9037
31272,GEN-EWS,4724
31273,GEN,
31274,OBC-NCL,9038
31275,OBC-NCL,9039
31276,GEN-EWS,4725
31277,GEN-EWS,4726
31278,GEN,
31279,GEN,
31280,GEN,
31281,OBC-NCL,9040
31282,GEN,
31283,OBC-NCL,9041
31284,OBC-NCL,9042
31285,GEN-EWS,4727
31286,GEN-EWS,4728
31287,GEN,
31288,GEN,
31289,GEN,
31290,OBC-NCL,9043
31290,OBC-NCL,9043
31292,GEN,
31293,OBC-NCL,9045
31294,GEN-EWS,4729
31294,OBC-NCL,9046
31296,OBC-NCL,9047
31297,OBC-NCL,9048
31298,GEN,
31299,GEN,
31300,OBC-NCL,9049
31301,GEN,
31302,OBC-NCL,9050
31303,GEN-EWS,4730
31304,SC,1096
31305,SC,1097
31306,SC,1098
31307,OBC-NCL,9051
31308,OBC-NCL,9052
31309,GEN-EWS,4731
31310,OBC-NCL,9053
31311,SC,1099
31312,GEN,
31313,OBC-NCL,9054
31314,GEN-EWS,4732
31315,GEN,
31316,OBC-NCL,9056
31317,GEN-EWS,4733
31318,SC,1100
31319,GEN,
31320,OBC-NCL,9057
31321,GEN,
31322,OBC-NCL,9058
31323,OBC-NCL,9059
31324,GEN,
31325,GEN,
31326,OBC-NCL,9060
31327,SC,1101
31328,SC,1102
31329,OBC-NCL,9061
31330,GEN,
31331,GEN,
31332,GEN-EWS,4734
31333,OBC-NCL,9062
31334,OBC-NCL,9063
31335,GEN,
31336,GEN-EWS,4735
31337,OBC-NCL,9064
31338,OBC-NCL,9065
31339,OBC-NCL,9066
31340,OBC-NCL,9067
31341,GEN-EWS,4736
31342,GEN,
31343,SC,1104
31344,GEN,
31345,OBC-NCL,9069
31346,GEN,
31347,SC,1105
31348,GEN-EWS,4737
31349,GEN,
31350,GEN,
31351,OBC-NCL,9070
31352,GEN,
31353,GEN,
31354,OBC-NCL,9071
31355,GEN-EWS,4738
31356,GEN,
31357,GEN,
31358,GEN-EWS,4739
31359,GEN-EWS,4740
31360,GEN,
31361,GEN,
31362,OBC-NCL,9072
31363,GEN,
31364,GEN-EWS,4741
31365,OBC-NCL,9073
31366,GEN,
31367,GEN-EWS,4742
31368,OBC-NCL,9074
31369,OBC-NCL,9075
31370,GEN,
31371,OBC-NCL,9076
31372,GEN,
31373,GEN,
31374,OBC-NCL,9077
31375,GEN,
31376,OBC-NCL,9078
31377,GEN-EWS,4743
31378,GEN,
31379,OBC-NCL,9079
31380,GEN,
31381,GEN,
31382,GEN-EWS,4744
31383,OBC-NCL,9081
31384,OBC-NCL,9082
31385,GEN,
31386,GEN-EWS,4745
31387,OBC-NCL,9083
31388,GEN-EWS,4746
31389,GEN-EWS,4747
31390,GEN-EWS,4748
31391,OBC-NCL,9084
31392,GEN,
31393,GEN,
31394,GEN,
31395,OBC-NCL,9085
31396,SC,1106
31397,GEN,
31398,OBC-NCL,9086
31399,GEN,
31400,GEN,
31401,OBC-NCL,9087
31402,GEN,
31403,GEN,
31404,GEN-EWS,4749
31405,GEN-EWS,4750
31406,GEN,
31407,GEN,
31408,OBC-NCL,9088
31409,GEN,
31410,GEN,
31411,GEN,
31412,OBC-NCL,9089
31413,GEN,
31414,GEN,
31415,GEN-EWS,4751
31416,OBC-NCL,9090
31417,GEN,
31418,OBC-NCL,9091
31419,GEN-EWS,4752
31420,SC,1107
31421,GEN,
31422,OBC-NCL,9092
31423,GEN,
31424,GEN-EWS,4753
31425,OBC-NCL,9093
31426,GEN,
31427,GEN,
31428,SC,1108
31429,OBC-NCL,9094
31430,GEN-EWS,4754
31431,GEN,
31432,GEN-EWS,4755
31433,GEN-EWS,4756
31434,GEN,
31435,GEN-EWS,4757
31436,OBC-NCL,9095
31437,GEN,
31438,GEN,
31439,OBC-NCL,9096
31440,OBC-NCL,9097
31441,GEN-EWS,4758
31442,GEN-EWS,4759
31443,GEN,
31444,GEN-EWS,4760
31445,GEN-EWS,4761
31446,OBC-NCL,9098
31447,GEN,
31448,GEN,
31449,GEN,
31450,GEN-EWS,4762
31451,OBC-NCL,9099
31452,OBC-NCL,9100
31453,ST,337
31454,OBC-NCL,9101
31455,OBC-NCL,9102
31456,OBC-NCL,9103
31457,GEN,
31458,OBC-NCL,9104
31459,GEN,
31460,GEN,
31461,GEN,
31462,GEN-EWS,4763
31463,GEN,
31464,SC,1109
31465,OBC-NCL,9105
31466,OBC-NCL,9106
31467,GEN,
31468,OBC-NCL,9107
31469,OBC-NCL,9108
31470,OBC-NCL,9109
31471,GEN,
31472,GEN,
31473,GEN,
31474,GEN,
31474,OBC-NCL,9110
31476,OBC-NCL,9111
31477,OBC-NCL,9112
31478,GEN,
31479,GEN,
31480,OBC-NCL,9113
31481,GEN,
31482,SC,1110
31483,OBC-NCL,9114
31484,OBC-NCL,9115
31485,OBC-NCL,9116
31486,GEN,
31487,OBC-NCL,9118
31488,ST,338
31489,GEN-EWS,4764
31490,GEN,
31491,SC,1111
31492,GEN,
31493,GEN,
31494,OBC-NCL,9119
31495,GEN-EWS,4765
31496,GEN,
31497,GEN,
31498,OBC-NCL,9120
31499,SC,1112
31500,GEN-EWS,4766
31501,OBC-NCL,9121
31502,GEN,
31503,OBC-NCL,9122
31504,SC,1113
31505,OBC-NCL,9123
31506,GEN,
31507,OBC-NCL,9124
31508,GEN,
31509,OBC-NCL,9125
31510,GEN,
31511,GEN,
31512,GEN,
31513,GEN-EWS,4767
31514,GEN,
31515,GEN,
31516,GEN,
31517,GEN,
31518,GEN,
31519,GEN-EWS,4768
31520,OBC-NCL,9126
31521,OBC-NCL,9127
31522,GEN-EWS,4769
31523,GEN,
31524,SC,1114
31525,GEN-EWS,4770
31526,GEN,
31527,GEN-EWS,4771
31528,SC,1115
31529,GEN,
31530,OBC-NCL,9128
31531,GEN,
31532,OBC-NCL,9129
31533,OBC-NCL,9130
31534,GEN,
31535,OBC-NCL,9131
31536,OBC-NCL,9132
31537,GEN,
31538,GEN,
31539,GEN-EWS,4772
31540,GEN,
31541,SC,1116
31542,GEN-EWS,4773
31543,GEN,
31544,GEN,
31545,GEN,
31546,GEN-EWS,4774
31547,GEN-EWS,4775
31548,OBC-NCL,9133
31549,OBC-NCL,9134
31550,OBC-NCL,9135
31551,GEN-EWS,4776
31552,GEN-EWS,4777
31553,OBC-NCL,9136
31554,GEN,
31555,GEN-EWS,4778
31556,GEN,
31557,SC,1117
31558,OBC-NCL,9137
31559,OBC-NCL,9138
31560,OBC-NCL,9139
31561,GEN,
31562,GEN,
31563,GEN-EWS,4779
31564,ST,339
31565,GEN,
31566,OBC-NCL,9140
31567,GEN,
31568,GEN,
31569,OBC-NCL,9141
31570,GEN,
31571,ST,340
31572,SC,1118
31573,GEN,
31574,GEN,
31575,OBC-NCL,9142
31576,SC,1119
31577,GEN,
31578,GEN,
31579,OBC-NCL,9143
31580,GEN,
31581,GEN,
31582,GEN-EWS,4780
31583,GEN,
31584,GEN,
31585,GEN-EWS,4782
31586,OBC-NCL,9144
31587,OBC-NCL,9146
31588,GEN,
31589,GEN,
31590,OBC-NCL,9147
31591,OBC-NCL,9149
31592,GEN,
31593,GEN,
31594,OBC-NCL,9150
31595,GEN,
31596,OBC-NCL,9151
31597,GEN,
31598,GEN,
31599,GEN-EWS,4783
31600,OBC-NCL,9152
31601,OBC-NCL,9153
31602,OBC-NCL,9154
31603,GEN-EWS,4784
31604,GEN,
31605,GEN-EWS,4785
31606,OBC-NCL,9155
31607,GEN-EWS,4786
31608,GEN,
31609,OBC-NCL,9156
31610,GEN,
31611,OBC-NCL,9157
31612,GEN,
31613,GEN,
31614,GEN,
31615,OBC-NCL,9158
31616,OBC-NCL,9159
31617,GEN,
31618,OBC-NCL,9160
31619,GEN,
31620,GEN-EWS,4787
31621,GEN,
31622,GEN,
31623,OBC-NCL,9161
31624,GEN-EWS,4788
31625,OBC-NCL,9162
31626,GEN-EWS,4789
31627,GEN,
31628,GEN,
31629,GEN,
31630,GEN,
31631,GEN,
31632,GEN,
31633,OBC-NCL,9163
31634,GEN,
31635,OBC-NCL,9164
31636,GEN,
31637,OBC-NCL,9165
31638,GEN-EWS,4790
31639,OBC-NCL,9166
31640,GEN-EWS,4791
31641,GEN,
31642,GEN,
31643,GEN-EWS,4792
31644,GEN,
31645,GEN-EWS,4793
31646,GEN-EWS,4794
31647,GEN,
31648,GEN,
31649,GEN,
31650,GEN,
31651,OBC-NCL,9167
31652,OBC-NCL,9168
31653,GEN,
31654,GEN,
31655,GEN,
31656,GEN,
31657,SC,1120
31657,ST,341
31659,GEN,
31660,OBC-NCL,9169
31661,OBC-NCL,9170
31662,GEN,
31663,GEN,
31664,OBC-NCL,9171
31665,OBC-NCL,9172
31666,GEN,
31666,OBC-NCL,9173
31668,GEN,
31669,OBC-NCL,9174
31670,GEN,
31671,OBC-NCL,9175
31672,GEN,
31673,OBC-NCL,9176
31674,GEN,
31675,GEN,
31676,OBC-NCL,9178
31677,SC,1121
31678,OBC-NCL,9179
31679,GEN-EWS,4796
31680,GEN-EWS,4797
31681,GEN,
31681,SC,1122
31683,GEN-EWS,4798
31684,OBC-NCL,9180
31685,GEN-EWS,4799
31686,GEN-EWS,4800
31687,OBC-NCL,9181
31688,GEN,
31689,OBC-NCL,9182
31690,GEN,
31691,OBC-NCL,9183
31692,GEN,
31693,GEN,
31694,GEN,
31695,GEN-EWS,4801
31696,OBC-NCL,9184
31697,OBC-NCL,9185
31698,GEN,
31698,GEN,
31700,OBC-NCL,9186
31701,SC,1123
31702,GEN-EWS,4802
31703,GEN,
31704,OBC-NCL,9187
31705,GEN,
31706,GEN,
31706,GEN,
31708,OBC-NCL,9188
31709,OBC-NCL,9189
31710,SC,1124
31711,GEN,
31712,GEN,
31713,OBC-NCL,9190
31714,OBC-NCL,9191
31715,GEN,
31716,SC,1125
31717,GEN-EWS,4803
31718,GEN-EWS,4804
31718,OBC-NCL,9192
31720,GEN,
31721,GEN,
31722,GEN,
31723,GEN,
31724,SC,1126
31725,OBC-NCL,9193
31726,GEN,
31727,OBC-NCL,9194
31728,GEN,
31729,GEN-EWS,4805
31730,OBC-NCL,9195
31731,GEN,
31732,GEN,
31733,GEN-EWS,4806
31734,GEN-EWS,4807
31735,GEN-EWS,4808
31736,GEN,
31737,GEN,
31738,GEN,
31739,OBC-NCL,9196
31740,GEN,
31741,GEN-EWS,4809
31742,OBC-NCL,9197
31743,GEN,
31744,OBC-NCL,9198
31745,GEN,
31746,OBC-NCL,9199
31747,OBC-NCL,9200
31748,GEN,
31749,GEN,
31750,OBC-NCL,9201
31751,GEN,
31752,GEN,
31753,OBC-NCL,9202
31754,GEN-EWS,4810
31755,OBC-NCL,9203
31756,GEN-EWS,4811
31757,GEN,
31758,GEN-EWS,4812
31759,GEN,
31760,OBC-NCL,9204
31761,OBC-NCL,9205
31762,GEN,
31763,OBC-NCL,9206
31764,OBC-NCL,9207
31765,GEN,
31766,GEN,
31767,OBC-NCL,9208
31768,OBC-NCL,9209
31769,GEN-EWS,4813
31770,GEN,
31771,GEN,
31772,GEN,
31773,OBC-NCL,9210
31774,OBC-NCL,9211
31775,ST,342
31776,GEN,
31777,GEN,
31778,ST,343
31779,OBC-NCL,9212
31780,GEN,
31781,GEN,
31782,GEN-EWS,4814
31783,GEN,
31784,OBC-NCL,9213
31785,GEN,
31786,GEN,
31787,GEN,
31788,OBC-NCL,9214
31789,GEN,
31790,GEN,
31791,OBC-NCL,9215
31792,GEN,
31793,GEN,
31794,GEN,
31795,OBC-NCL,9216
31796,GEN,
31796,OBC-NCL,9217
31798,GEN-EWS,4815
31799,GEN,
31800,OBC-NCL,9218
31801,OBC-NCL,9219
31802,OBC-NCL,9220
31803,GEN,
31804,GEN,
31805,GEN,
31806,GEN-EWS,4816
31807,OBC-NCL,9221
31808,OBC-NCL,9222
31809,OBC-NCL,9223
31810,SC,1127
31811,GEN,
31812,OBC-NCL,9224
31813,OBC-NCL,9225
31814,GEN-EWS,4817
31815,OBC-NCL,9226
31816,GEN,
31817,OBC-NCL,9227
31818,OBC-NCL,9228
31819,GEN,
31820,OBC-NCL,9229
31821,GEN,
31822,OBC-NCL,9230
31823,GEN,
31824,GEN,
31825,GEN-EWS,4819
31826,OBC-NCL,9231
31827,SC,1129
31828,GEN,
31829,GEN,
31830,GEN-EWS,4820
31831,OBC-NCL,9232
31832,GEN,
31833,OBC-NCL,9233
31834,OBC-NCL,9234
31835,GEN-EWS,4821
31836,ST,344
31837,OBC-NCL,9235
31838,OBC-NCL,9236
31839,OBC-NCL,9237
31840,OBC-NCL,9238
31841,GEN,
31842,OBC-NCL,9239
31843,GEN,
31844,GEN-EWS,4822
31845,GEN,
31846,GEN,
31847,GEN,
31848,OBC-NCL,9240
31849,OBC-NCL,9241
31850,GEN,
31851,OBC-NCL,9242
31852,SC,1130
31853,OBC-NCL,9243
31854,OBC-NCL,9244
31855,GEN,
31856,GEN-EWS,4823
31857,GEN,
31858,OBC-NCL,9245
31859,OBC-NCL,9246
31860,SC,1131
31861,GEN-EWS,4824
31862,GEN,
31863,GEN,
31864,GEN,
31865,GEN,
31866,GEN,
31866,OBC-NCL,9247
31868,OBC-NCL,9248
31869,OBC-NCL,9249
31870,GEN-EWS,4825
31871,OBC-NCL,9250
31872,GEN,
31873,GEN,
31874,GEN,
31875,GEN-EWS,4826
31876,GEN,
31877,GEN-EWS,4827
31878,GEN-EWS,4828
31879,GEN-EWS,4829
31880,GEN,
31881,GEN,
31882,GEN,
31883,OBC-NCL,9252
31884,GEN,
31885,GEN,
31886,GEN,
31887,OBC-NCL,9253
31888,OBC-NCL,9254
31889,GEN,
31890,SC,1133
31891,OBC-NCL,9255
31892,GEN,
31893,OBC-NCL,9256
31894,GEN,
31895,GEN,
31896,GEN,
31897,GEN,
31898,GEN,
31899,GEN,
31900,GEN,
31901,OBC-NCL,9257
31902,OBC-NCL,9258
31903,OBC-NCL,9259
31904,GEN,
31904,OBC-NCL,9260
31906,GEN,
31907,OBC-NCL,9261
31908,OBC-NCL,9262
31909,GEN,
31910,OBC-NCL,9263
31911,OBC-NCL,9264
31912,GEN-EWS,4830
31913,GEN-EWS,4831
31914,GEN,
31915,GEN,
31916,GEN,
31917,GEN,
31918,GEN,
31919,GEN,
31920,OBC-NCL,9265
31920,SC,1134
31922,OBC-NCL,9266
31923,OBC-NCL,9267
31924,GEN,
31925,GEN,
31926,ST,345
31927,GEN,
31928,GEN,
31929,GEN-EWS,4832
31930,OBC-NCL,9268
31931,GEN,
31932,OBC-NCL,9269
31933,GEN-EWS,4833
31934,GEN,
31935,OBC-NCL,9270
31936,GEN-EWS,4834
31937,GEN-EWS,4835
31938,SC,1135
31939,OBC-NCL,9271
31940,GEN-EWS,4836
31941,OBC-NCL,9272
31942,OBC-NCL,9273
31943,OBC-NCL,9274
31944,SC,1136
31945,OBC-NCL,9277
31946,OBC-NCL,9278
31947,OBC-NCL,9279
31948,GEN,
31949,OBC-NCL,9280
31950,GEN-EWS,4837
31951,OBC-NCL,9281
31952,GEN,
31953,GEN,
31954,OBC-NCL,9282
31955,GEN,
31956,GEN,
31957,OBC-NCL,9283
31958,GEN,
31959,GEN,
31960,OBC-NCL,9284
31961,OBC-NCL,9285
31962,OBC-NCL,9286
31963,OBC-NCL,9287
31964,GEN,
31965,OBC-NCL,9288
31966,GEN,
31967,GEN,
31968,SC,1137
31969,GEN,
31969,GEN-EWS,4838
31971,GEN,
31972,OBC-NCL,9289
31973,OBC-NCL,9290
31974,OBC-NCL,9291
31975,OBC-NCL,9292
31976,GEN,
31977,GEN-EWS,4839
31978,GEN-EWS,4840
31979,OBC-NCL,9293
31980,OBC-NCL,9294
31981,OBC-NCL,9295
31982,OBC-NCL,9296
31983,GEN,
31984,OBC-NCL,9297
31985,GEN,
31986,SC,1138
31987,GEN,
31988,GEN,
31989,SC,1139
31990,GEN-EWS,4841
31991,OBC-NCL,9298
31992,GEN,
31993,GEN,
31994,GEN,
31995,GEN-EWS,4842
31996,GEN,
31996,GEN,
31996,GEN,
31999,ST,346
32000,GEN,
32001,OBC-NCL,9299
32002,GEN-EWS,4843
32003,GEN,
32004,OBC-NCL,9300
32005,GEN,
32006,GEN-EWS,4844
32007,GEN,
32008,GEN,
32009,OBC-NCL,9301
32010,OBC-NCL,9302
32011,OBC-NCL,9303
32012,GEN,
32013,GEN-EWS,4845
32014,OBC-NCL,9304
32015,OBC-NCL,9305
32016,OBC-NCL,9306
32017,GEN,
32018,GEN-EWS,4846
32019,GEN-EWS,4847
32020,OBC-NCL,9307
32021,GEN,
32021,GEN,
32023,GEN,
32023,GEN-EWS,4848
32025,GEN,
32026,GEN-EWS,4849
32027,GEN,
32028,GEN,
32029,GEN,
32030,OBC-NCL,9308
32031,SC,1140
32032,GEN-EWS,4850
32033,GEN,
32034,GEN,
32035,GEN,
32036,OBC-NCL,9309
32037,GEN,
32038,GEN,
32039,OBC-NCL,9310
32040,SC,1141
32041,GEN,
32042,GEN-EWS,4851
32042,OBC-NCL,9311
32044,OBC-NCL,9312
32045,GEN-EWS,4852
32046,GEN-EWS,4853
32047,GEN,
32048,GEN,
32049,OBC-NCL,9313
32050,GEN,
32051,GEN,
32052,GEN-EWS,4855
32053,GEN,
32054,GEN-EWS,4856
32055,OBC-NCL,9314
32056,GEN,
32057,GEN-EWS,4857
32058,OBC-NCL,9315
32059,GEN,
32060,GEN,
32061,GEN-EWS,4858
32062,OBC-NCL,9316
32063,GEN,
32063,OBC-NCL,9317
32065,GEN-EWS,4859
32066,GEN-EWS,4860
32067,GEN-EWS,4861
32068,OBC-NCL,9318
32069,OBC-NCL,9319
32070,SC,1142
32071,GEN,
32072,SC,1143
32073,GEN,
32074,GEN,
32075,GEN-EWS,4862
32076,GEN,
32077,GEN,
32078,GEN-EWS,4863
32079,GEN,
32080,OBC-NCL,9320
32081,OBC-NCL,9321
32082,OBC-NCL,9322
32083,GEN-EWS,4864
32084,OBC-NCL,9323
32085,OBC-NCL,9324
32086,GEN,
32087,GEN,
32088,OBC-NCL,9325
32089,GEN-EWS,4865
32090,SC,1146
32091,OBC-NCL,9326
32092,GEN,
32093,GEN-EWS,4866
32094,GEN,
32095,GEN,
32096,GEN-EWS,4867
32097,GEN,
32098,GEN-EWS,4868
32099,GEN-EWS,4869
32100,OBC-NCL,9327
32101,GEN,
32102,GEN-EWS,4870
32103,OBC-NCL,9328
32104,OBC-NCL,9329
32105,SC,1147
32106,GEN,
32107,SC,1148
32108,ST,347
32109,SC,1149
32110,OBC-NCL,9330
32111,OBC-NCL,9331
32112,SC,1150
32113,OBC-NCL,9332
32114,OBC-NCL,9333
32115,OBC-NCL,9334
32116,OBC-NCL,9335
32117,GEN-EWS,4871
32118,OBC-NCL,9336
32119,OBC-NCL,9337
32120,OBC-NCL,9338
32121,SC,1151
32122,GEN-EWS,4872
32123,OBC-NCL,9339
32124,GEN,
32125,GEN,
32126,GEN,
32127,OBC-NCL,9340
32128,GEN,
32129,GEN,
32130,GEN,
32131,GEN,
32132,OBC-NCL,9341
32133,GEN,
32134,OBC-NCL,9342
32135,SC,1152
32136,OBC-NCL,9343
32137,OBC-NCL,9344
32138,GEN,
32139,OBC-NCL,9345
32140,OBC-NCL,9346
32141,GEN,
32142,SC,1153
32143,GEN,
32144,GEN,
32145,SC,1154
32146,GEN,
32147,GEN,
32148,GEN,
32149,GEN,
32150,OBC-NCL,9347
32151,GEN,
32152,OBC-NCL,9348
32153,GEN-EWS,4873
32154,OBC-NCL,9349
32155,OBC-NCL,9350
32156,OBC-NCL,9351
32157,GEN-EWS,4874
32158,GEN,
32159,GEN,
32160,OBC-NCL,9352
32161,GEN-EWS,4875
32162,OBC-NCL,9353
32163,OBC-NCL,9354
32164,GEN,
32165,GEN-EWS,4876
32166,GEN,
32167,OBC-NCL,9355
32168,GEN,
32169,GEN,
32170,GEN,
32171,OBC-NCL,9356
32172,SC,1155
32173,OBC-NCL,9357
32174,OBC-NCL,9358
32175,OBC-NCL,9359
32176,OBC-NCL,9360
32177,OBC-NCL,9361
32178,GEN-EWS,4877
32179,GEN,
32180,SC,1156
32181,SC,1157
32182,GEN,
32183,OBC-NCL,9362
32184,GEN-EWS,4878
32185,GEN,
32186,GEN,
32187,SC,1158
32188,OBC-NCL,9363
32189,OBC-NCL,9364
32190,OBC-NCL,9365
32191,SC,1159
32192,OBC-NCL,9366
32193,GEN,
32194,GEN,
32195,GEN,
32196,OBC-NCL,9367
32197,OBC-NCL,9368
32198,GEN-EWS,4879
32199,GEN,
32200,GEN-EWS,4880
32201,GEN,
32202,OBC-NCL,9369
32203,OBC-NCL,9370
32204,OBC-NCL,9371
32205,GEN,
32206,OBC-NCL,9372
32207,ST,348
32208,GEN,
32209,GEN,
32210,GEN,
32211,GEN,
32212,GEN-EWS,4881
32213,OBC-NCL,9373
32214,GEN,
32215,GEN,
32216,OBC-NCL,9374
32217,GEN-EWS,4882
32218,ST,349
32219,GEN,
32220,GEN-EWS,4883
32221,GEN,
32222,GEN,
32223,GEN-EWS,4884
32224,GEN,
32225,GEN-EWS,4885
32226,OBC-NCL,9375
32227,GEN-EWS,4886
32228,GEN,
32229,OBC-NCL,9376
32230,GEN,
32231,SC,1160
32232,GEN,
32233,OBC-NCL,9377
32234,GEN,
32235,OBC-NCL,9378
32236,GEN,
32237,OBC-NCL,9379
32238,GEN,
32239,OBC-NCL,9380
32240,OBC-NCL,9381
32241,OBC-NCL,9382
32242,OBC-NCL,9383
32243,GEN-EWS,4887
32244,GEN-EWS,4888
32245,OBC-NCL,9384
32246,OBC-NCL,9385
32247,OBC-NCL,9386
32247,ST,350
32249,SC,1161
32250,GEN-EWS,4889
32251,OBC-NCL,9387
32252,GEN,
32253,GEN-EWS,4890
32254,SC,1162
32255,GEN,
32256,GEN-EWS,4891
32257,GEN-EWS,4892
32258,GEN-EWS,4893
32259,OBC-NCL,9388
32260,GEN,
32261,GEN,
32262,GEN,
32263,OBC-NCL,9389
32264,GEN,
32265,OBC-NCL,9390
32266,GEN-EWS,4894
32267,OBC-NCL,9391
32268,OBC-NCL,9392
32269,GEN,
32270,GEN,
32271,OBC-NCL,9393
32272,OBC-NCL,9394
32273,OBC-NCL,9395
32274,OBC-NCL,9396
32275,OBC-NCL,9397
32276,OBC-NCL,9398
32277,GEN-EWS,4895
32278,OBC-NCL,9399
32279,GEN,
32280,GEN-EWS,4896
32281,SC,1163
32282,GEN,
32283,GEN,
32284,SC,1164
32285,GEN,
32286,GEN-EWS,4897
32287,GEN,
32288,GEN,
32289,GEN,
32290,OBC-NCL,9400
32291,GEN,
32292,OBC-NCL,9401
32293,GEN-EWS,4898
32294,GEN,
32295,GEN-EWS,4899
32296,GEN-EWS,4900
32297,SC,1165
32298,GEN-EWS,4901
32299,OBC-NCL,9402
32300,OBC-NCL,9403
32301,GEN,
32302,GEN-EWS,4902
32303,OBC-NCL,9404
32304,OBC-NCL,9405
32305,GEN,
32306,GEN,
32307,GEN,
32308,GEN-EWS,4904
32309,GEN-EWS,4905
32310,GEN,
32311,GEN-EWS,4906
32312,GEN,
32313,GEN,
32314,GEN,
32315,GEN-EWS,4907
32316,GEN-EWS,4908
32317,SC,1166
32318,GEN-EWS,4909
32319,GEN,
32320,GEN,
32321,GEN,
32322,OBC-NCL,9406
32323,OBC-NCL,9407
32324,GEN-EWS,4910
32325,OBC-NCL,9408
32326,OBC-NCL,9409
32327,SC,1168
32328,OBC-NCL,9410
32329,GEN-EWS,4911
32330,OBC-NCL,9411
32331,GEN-EWS,4912
32332,ST,351
32333,GEN-EWS,4913
32334,OBC-NCL,9412
32335,OBC-NCL,9413
32336,GEN,
32337,GEN,
32338,OBC-NCL,9414
32339,OBC-NCL,9415
32340,OBC-NCL,9416
32341,OBC-NCL,9417
32342,OBC-NCL,9418
32343,GEN-EWS,4914
32344,GEN,
32345,OBC-NCL,9419
32346,GEN,
32347,OBC-NCL,9420
32348,GEN-EWS,4915
32349,GEN,
32350,GEN-EWS,4916
32351,GEN-EWS,4917
32352,OBC-NCL,9422
32353,OBC-NCL,9423
32354,GEN,
32355,OBC-NCL,9424
32356,GEN,
32357,OBC-NCL,9425
32358,GEN,
32359,OBC-NCL,9426
32360,OBC-NCL,9427
32361,SC,1169
32362,OBC-NCL,9428
32363,OBC-NCL,9429
32364,OBC-NCL,9430
32365,SC,1170
32366,OBC-NCL,9431
32367,OBC-NCL,9432
32368,GEN-EWS,4918
32369,GEN,
32370,GEN,
32371,GEN,
32372,GEN-EWS,4919
32373,OBC-NCL,9433
32374,GEN,
32375,OBC-NCL,9434
32376,GEN-EWS,4920
32377,OBC-NCL,9435
32378,GEN,
32378,OBC-NCL,9436
32380,GEN-EWS,4921
32381,OBC-NCL,9437
32382,OBC-NCL,9438
32383,GEN,
32384,GEN,
32385,GEN,
32386,OBC-NCL,9439
32387,OBC-NCL,9440
32388,GEN,
32389,GEN,
32390,OBC-NCL,9441
32391,OBC-NCL,9442
32392,OBC-NCL,9443
32393,GEN-EWS,4922
32394,GEN-EWS,4923
32395,GEN,
32396,SC,1171
32397,OBC-NCL,9444
32398,GEN,
32399,GEN-EWS,4924
32400,OBC-NCL,9445
32401,OBC-NCL,9446
32402,GEN,
32402,GEN-EWS,4925
32404,GEN,
32405,OBC-NCL,9447
32406,GEN,
32407,OBC-NCL,9448
32408,GEN-EWS,4926
32409,OBC-NCL,9449
32410,OBC-NCL,9450
32411,GEN-EWS,4927
32412,OBC-NCL,9451
32413,GEN,
32414,OBC-NCL,9452
32415,GEN,
32416,OBC-NCL,9454
32417,GEN,
32418,GEN,
32419,GEN-EWS,4928
32420,OBC-NCL,9455
32421,GEN,
32422,GEN,
32423,GEN,
32424,GEN,
32425,GEN,
32426,GEN,
32427,GEN,
32428,GEN,
32429,GEN,
32430,OBC-NCL,9456
32431,GEN,
32432,GEN-EWS,4929
32433,GEN-EWS,4930
32434,GEN,
32434,GEN,
32436,OBC-NCL,9457
32437,GEN,
32438,GEN-EWS,4931
32439,GEN,
32440,GEN-EWS,4932
32441,GEN,
32442,GEN,
32443,GEN,
32444,GEN,
32445,OBC-NCL,9458
32446,GEN-EWS,4933
32447,OBC-NCL,9459
32448,GEN,
32449,GEN-EWS,4934
32450,SC,1173
32451,OBC-NCL,9461
32452,GEN,
32452,GEN,
32454,OBC-NCL,9462
32455,GEN-EWS,4935
32456,GEN,
32457,OBC-NCL,9463
32458,GEN-EWS,4936
32459,GEN,
32460,OBC-NCL,9464
32461,GEN,
32462,OBC-NCL,9465
32463,GEN-EWS,4937
32464,GEN,
32465,GEN,
32466,OBC-NCL,9466
32467,GEN,
32468,GEN,
32469,GEN-EWS,4938
32470,GEN,
32471,OBC-NCL,9467
32472,OBC-NCL,9468
32473,GEN-EWS,4939
32474,OBC-NCL,9469
32475,GEN-EWS,4940
32476,GEN,
32477,GEN,
32478,GEN,
32479,OBC-NCL,9470
32480,OBC-NCL,9471
32481,OBC-NCL,9472
32482,OBC-NCL,9473
32483,GEN-EWS,4941
32484,GEN,
32485,GEN,
32486,OBC-NCL,9474
32487,GEN,
32487,OBC-NCL,9475
32489,OBC-NCL,9476
32490,OBC-NCL,9477
32491,GEN,
32492,OBC-NCL,9478
32493,OBC-NCL,9479
32494,OBC-NCL,9480
32495,OBC-NCL,9481
32496,SC,1174
32497,GEN,
32498,OBC-NCL,9483
32499,ST,353
32500,GEN-EWS,4942
32501,OBC-NCL,9484
32502,GEN-EWS,4943
32503,GEN,
32504,SC,1175
32505,OBC-NCL,9485
32506,GEN,
32507,GEN,
32508,GEN,
32509,GEN,
32510,OBC-NCL,9486
32511,OBC-NCL,9487
32512,GEN-EWS,4944
32513,GEN-EWS,4945
32514,OBC-NCL,9488
32515,OBC-NCL,9489
32516,GEN,
32517,GEN,
32518,GEN,
32519,OBC-NCL,9490
32520,GEN,
32521,GEN,
32521,GEN-EWS,4947
32523,GEN,
32524,GEN,
32525,GEN,
32526,GEN-EWS,4948
32527,OBC-NCL,9491
32528,OBC-NCL,9492
32529,GEN-EWS,4949
32530,GEN,
32531,ST,354
32532,OBC-NCL,9493
32533,GEN,
32534,GEN,
32535,GEN,
32536,GEN,
32537,OBC-NCL,9494
32538,GEN,
32539,GEN-EWS,4952
32540,GEN,
32541,GEN,
32542,GEN,
32543,OBC-NCL,9495
32544,GEN-EWS,4953
32545,GEN,
32546,GEN-EWS,4954
32547,GEN-EWS,4955
32548,OBC-NCL,9496
32549,ST,355
32550,OBC-NCL,9497
32551,GEN,
32552,GEN-EWS,4956
32553,GEN,
32554,OBC-NCL,9498
32555,GEN-EWS,4957
32556,GEN-EWS,4958
32557,OBC-NCL,9499
32558,GEN,
32559,GEN,
32560,GEN-EWS,4959
32561,GEN-EWS,4960
32562,OBC-NCL,9500
32563,OBC-NCL,9501
32564,SC,1176
32565,GEN,
32565,OBC-NCL,9502
32567,GEN,
32568,GEN-EWS,4961
32569,GEN,
32570,GEN,
32571,OBC-NCL,9503
32572,GEN,
32573,GEN,
32573,GEN,
32575,OBC-NCL,9504
32576,GEN,
32577,GEN,
32578,SC,1177
32579,GEN,
32580,GEN,
32581,OBC-NCL,9505
32582,GEN,
32583,OBC-NCL,9506
32584,GEN,
32585,GEN,
32586,OBC-NCL,9507
32587,GEN-EWS,4962
32588,GEN-EWS,4963
32589,GEN,
32590,OBC-NCL,9508
32591,GEN,
32592,GEN,
32593,GEN-EWS,4964
32594,SC,1178
32595,OBC-NCL,9509
32596,GEN,
32597,OBC-NCL,9510
32598,OBC-NCL,9511
32599,OBC-NCL,9512
32600,GEN-EWS,4965
32601,GEN,
32602,OBC-NCL,9513
32603,GEN,
32604,OBC-NCL,9514
32605,SC,1179
32606,GEN,
32607,GEN-EWS,4966
32608,GEN-EWS,4967
32609,SC,1180
32610,GEN-EWS,4968
32611,GEN,
32612,GEN,
32613,OBC-NCL,9515
32614,GEN,
32615,GEN,
32616,GEN-EWS,4969
32616,ST,356
32618,OBC-NCL,9516
32619,GEN,
32620,GEN,
32621,OBC-NCL,9517
32622,OBC-NCL,9518
32623,GEN,
32624,OBC-NCL,9519
32625,OBC-NCL,9520
32626,OBC-NCL,9521
32627,OBC-NCL,9522
32628,GEN-EWS,4970
32629,GEN,
32630,OBC-NCL,9523
32631,OBC-NCL,9524
32632,GEN-EWS,4971
32633,GEN-EWS,4972
32634,GEN,
32635,GEN,
32636,OBC-NCL,9525
32637,GEN-EWS,4973
32638,OBC-NCL,9526
32639,GEN,
32640,GEN,
32641,GEN,
32642,GEN,
32643,GEN,
32643,OBC-NCL,9527
32645,OBC-NCL,9528
32646,OBC-NCL,9529
32647,GEN,
32648,GEN,
32649,OBC-NCL,9530
32650,GEN,
32651,OBC-NCL,9531
32652,OBC-NCL,9532
32653,GEN,
32654,OBC-NCL,9533
32655,GEN-EWS,4974
32656,GEN-EWS,4975
32657,GEN-EWS,4976
32658,GEN-EWS,4977
32659,OBC-NCL,9534
32660,OBC-NCL,9535
32661,GEN,
32662,SC,1181
32663,SC,1182
32664,GEN,
32665,GEN,
32666,ST,357
32667,GEN,
32668,OBC-NCL,9536
32669,GEN,
32670,OBC-NCL,9537
32671,GEN,
32672,GEN,
32673,GEN,
32674,GEN-EWS,4978
32675,GEN,
32676,OBC-NCL,9538
32677,GEN-EWS,4979
32678,GEN,
32679,GEN,
32680,GEN-EWS,4980
32681,GEN-EWS,4981
32682,GEN,
32683,GEN,
32683,OBC-NCL,9539
32685,OBC-NCL,9540
32686,GEN,
32687,OBC-NCL,9541
32688,GEN,
32689,OBC-NCL,9542
32690,OBC-NCL,9543
32691,OBC-NCL,9544
32692,GEN,
32693,GEN,
32694,OBC-NCL,9545
32695,GEN,
32696,GEN,
32697,GEN,
32698,GEN,
32699,GEN,
32700,GEN-EWS,4982
32701,GEN-EWS,4983
32702,GEN,
32702,OBC-NCL,9546
32704,GEN-EWS,4984
32705,GEN,
32706,GEN,
32707,GEN,
32708,GEN,
32709,OBC-NCL,9547
32710,GEN,
32710,OBC-NCL,9548
32712,GEN,
32713,GEN,
32714,GEN-EWS,4985
32715,GEN,
32716,GEN-EWS,4986
32717,OBC-NCL,9549
32718,OBC-NCL,9550
32719,GEN,
32720,OBC-NCL,9551
32721,SC,1183
32722,GEN,
32723,GEN,
32724,SC,1184
32725,SC,1185
32726,OBC-NCL,9552
32727,GEN,
32728,OBC-NCL,9553
32729,OBC-NCL,9554
32730,GEN,
32731,OBC-NCL,9555
32732,GEN,
32733,GEN,
32734,GEN,
32735,OBC-NCL,9556
32736,OBC-NCL,9557
32737,GEN,
32738,OBC-NCL,9558
32739,GEN,
32739,GEN-EWS,4987
32741,GEN,
32742,OBC-NCL,9559
32743,OBC-NCL,9560
32744,OBC-NCL,9561
32745,GEN,
32746,SC,1187
32747,OBC-NCL,9562
32748,GEN,
32749,GEN,
32750,OBC-NCL,9563
32751,GEN,
32752,OBC-NCL,9564
32753,GEN-EWS,4988
32754,OBC-NCL,9565
32755,OBC-NCL,9566
32756,OBC-NCL,9567
32757,GEN,
32758,GEN-EWS,4989
32759,GEN,
32760,OBC-NCL,9568
32761,OBC-NCL,9569
32762,GEN,
32762,GEN,
32764,OBC-NCL,9570
32765,GEN-EWS,4990
32766,OBC-NCL,9571
32767,GEN,
32768,OBC-NCL,9572
32769,OBC-NCL,9573
32770,OBC-NCL,9574
32771,GEN,
32772,OBC-NCL,9575
32773,OBC-NCL,9576
32774,GEN-EWS,4991
32775,GEN,
32775,GEN-EWS,4992
32777,OBC-NCL,9577
32778,GEN,
32779,OBC-NCL,9578
32780,GEN,
32781,GEN,
32782,GEN,
32783,OBC-NCL,9579
32784,OBC-NCL,9580
32785,GEN-EWS,4993
32786,GEN,
32787,GEN,
32787,GEN-EWS,4994
32789,GEN,
32790,GEN,
32791,GEN-EWS,4995
32792,GEN-EWS,4996
32793,GEN-EWS,4997
32794,GEN,
32795,GEN-EWS,4998
32796,OBC-NCL,9581
32797,GEN,
32798,OBC-NCL,9582
32799,GEN-EWS,4999
32800,GEN,
32801,GEN,
32802,GEN-EWS,5000
32803,GEN,
32804,OBC-NCL,9583
32805,GEN,
32806,GEN,
32807,GEN,
32808,GEN,
32809,GEN-EWS,5001
32810,GEN,
32811,OBC-NCL,9584
32811,OBC-NCL,9584
32813,OBC-NCL,9586
32814,OBC-NCL,9587
32815,GEN,
32816,GEN,
32817,GEN,
32818,ST,358
32819,OBC-NCL,9589
32820,SC,1190
32821,SC,1191
32822,OBC-NCL,9590
32823,OBC-NCL,9591
32824,OBC-NCL,9592
32825,OBC-NCL,9593
32826,GEN-EWS,5002
32827,GEN,
32828,GEN,
32829,OBC-NCL,9594
32830,GEN,
32831,GEN-EWS,5003
32832,GEN,
32833,GEN-EWS,5004
32834,OBC-NCL,9595
32835,GEN,
32836,GEN,
32836,GEN,
32838,OBC-NCL,9596
32839,GEN,
32840,GEN,
32840,OBC-NCL,9597
32840,OBC-NCL,9597
32843,OBC-NCL,9599
32844,GEN,
32845,GEN-EWS,5005
32846,OBC-NCL,9600
32847,OBC-NCL,9601
32848,GEN,
32848,GEN-EWS,5006
32850,OBC-NCL,9602
32850,OBC-NCL,9602
32852,GEN-EWS,5007
32853,OBC-NCL,9604
32854,GEN,
32855,SC,1192
32856,GEN,
32857,OBC-NCL,9605
32858,OBC-NCL,9606
32859,GEN,
32860,SC,1193
32861,GEN,
32862,GEN,
32863,OBC-NCL,9607
32864,OBC-NCL,9608
32865,GEN,
32866,OBC-NCL,9609
32867,SC,1194
32868,GEN,
32869,OBC-NCL,9610
32870,GEN,
32871,GEN,
32872,OBC-NCL,9611
32873,GEN,
32874,OBC-NCL,9612
32874,OBC-NCL,9612
32876,GEN,
32877,GEN,
32878,GEN,
32879,OBC-NCL,9614
32880,GEN,
32881,OBC-NCL,9615
32882,GEN,
32883,OBC-NCL,9616
32884,GEN-EWS,5009
32885,GEN,
32886,GEN,
32887,GEN-EWS,5010
32888,GEN-EWS,5011
32889,SC,1195
32890,OBC-NCL,9617
32891,OBC-NCL,9618
32892,GEN,
32893,GEN-EWS,5012
32894,GEN-EWS,5013
32895,OBC-NCL,9619
32896,GEN-EWS,5014
32897,GEN,
32898,GEN,
32899,ST,359
32900,GEN-EWS,5015
32901,OBC-NCL,9620
32902,OBC-NCL,9621
32903,ST,360
32904,ST,361
32905,OBC-NCL,9622
32906,OBC-NCL,9623
32907,GEN,
32908,GEN,
32909,GEN,
32910,OBC-NCL,9624
32911,GEN-EWS,5017
32912,GEN-EWS,5018
32913,SC,1196
32914,ST,362
32915,OBC-NCL,9625
32916,GEN-EWS,5019
32917,GEN,
32918,OBC-NCL,9626
32919,GEN,
32920,GEN-EWS,5020
32921,GEN-EWS,5021
32922,GEN,
32923,GEN-EWS,5022
32924,OBC-NCL,9627
32925,OBC-NCL,9628
32926,GEN,
32927,GEN,
32928,OBC-NCL,9629
32929,OBC-NCL,9630
32930,GEN,
32931,OBC-NCL,9631
32932,SC,1197
32933,GEN-EWS,5023
32934,GEN,
32935,OBC-NCL,9632
32936,GEN,
32937,GEN,
32938,GEN,
32939,OBC-NCL,9633
32940,GEN,
32941,OBC-NCL,9634
32942,SC,1198
32943,GEN,
32944,GEN,
32945,GEN,
32946,GEN-EWS,5024
32947,OBC-NCL,9635
32948,GEN,
32949,GEN-EWS,5025
32950,GEN,
32951,GEN,
32952,GEN,
32953,SC,1199
32954,SC,1200
32955,OBC-NCL,9636
32956,OBC-NCL,9637
32957,GEN,
32958,SC,1201
32959,OBC-NCL,9638
32960,GEN-EWS,5026
32961,OBC-NCL,9639
32962,GEN-EWS,5027
32963,OBC-NCL,9640
32964,GEN-EWS,5028
32965,GEN,
32966,OBC-NCL,9641
32967,OBC-NCL,9642
32968,GEN-EWS,5029
32969,OBC-NCL,9643
32970,GEN,
32971,GEN,
32972,GEN,
32973,GEN,
32974,OBC-NCL,9644
32975,OBC-NCL,9645
32976,GEN,
32977,GEN,
32978,OBC-NCL,9646
32979,GEN-EWS,5030
32980,OBC-NCL,9647
32981,GEN,
32982,OBC-NCL,9648
32983,GEN,
32983,OBC-NCL,9649
32985,GEN,
32986,OBC-NCL,9650
32987,OBC-NCL,9651
32988,OBC-NCL,9652
32989,OBC-NCL,9653
32990,GEN,
32991,GEN,
32991,GEN-EWS,5031
32993,GEN-EWS,5032
32994,GEN,
32995,GEN-EWS,5033
32996,OBC-NCL,9654
32997,GEN,
32998,OBC-NCL,9655
32999,OBC-NCL,9656
33000,GEN,
33000,GEN,
33002,OBC-NCL,9657
33003,OBC-NCL,9658
33004,OBC-NCL,9659
33005,OBC-NCL,9660
33006,OBC-NCL,9661
33007,GEN-EWS,5034
33008,SC,1203
33009,GEN-EWS,5035
33010,OBC-NCL,9662
33011,GEN,
33012,GEN,
33013,GEN,
33014,GEN-EWS,5036
33015,OBC-NCL,9664
33016,GEN-EWS,5037
33017,OBC-NCL,9665
33018,GEN,
33019,GEN,
33020,OBC-NCL,9666
33021,OBC-NCL,9667
33022,GEN,
33023,OBC-NCL,9668
33024,GEN,
33025,GEN,
33026,GEN,
33027,GEN,
33028,GEN-EWS,5038
33029,OBC-NCL,9669
33030,OBC-NCL,9670
33031,GEN,
33032,GEN-EWS,5039
33033,GEN,
33034,GEN,
33035,ST,364
33036,GEN,
33037,OBC-NCL,9671
33038,OBC-NCL,9672
33039,GEN-EWS,5040
33040,GEN-EWS,5041
33041,GEN,
33042,GEN,
33043,GEN,
33044,OBC-NCL,9674
33045,GEN,
33046,OBC-NCL,9675
33047,GEN,
33048,GEN,
33049,GEN,
33050,GEN,
33051,GEN,
33052,OBC-NCL,9676
33053,OBC-NCL,9677
33054,GEN,
33055,OBC-NCL,9678
33056,OBC-NCL,9679
33057,OBC-NCL,9680
33058,OBC-NCL,9681
33059,GEN-EWS,5042
33060,ST,365
33061,OBC-NCL,9682
33062,OBC-NCL,9683
33063,GEN-EWS,5043
33064,GEN,
33065,GEN-EWS,5044
33066,OBC-NCL,9684
33067,GEN-EWS,5045
33068,GEN,
33069,OBC-NCL,9685
33070,OBC-NCL,9686
33071,OBC-NCL,9687
33072,GEN,
33072,OBC-NCL,9688
33074,ST,366
33075,GEN-EWS,5046
33076,GEN,
33077,GEN,
33078,GEN-EWS,5047
33079,GEN,
33080,GEN,
33081,OBC-NCL,9690
33082,GEN-EWS,5048
33083,GEN,
33084,OBC-NCL,9691
33085,GEN-EWS,5049
33086,GEN-EWS,5050
33087,GEN,
33088,OBC-NCL,9692
33089,OBC-NCL,9693
33090,GEN,
33091,OBC-NCL,9694
33092,GEN-EWS,5051
33093,OBC-NCL,9695
33094,GEN-EWS,5052
33095,GEN-EWS,5053
33096,GEN,
33097,GEN,
33098,GEN,
33099,OBC-NCL,9696
33100,OBC-NCL,9697
33101,OBC-NCL,9698
33102,GEN,
33103,OBC-NCL,9699
33104,OBC-NCL,9700
33105,SC,1207
33106,GEN,
33107,SC,1208
33108,GEN-EWS,5054
33109,GEN-EWS,5055
33110,GEN,
33111,GEN,
33112,OBC-NCL,9701
33113,GEN,
33114,GEN,
33115,GEN,
33116,GEN,
33117,OBC-NCL,9702
33118,SC,1209
33119,GEN-EWS,5056
33120,GEN,
33121,OBC-NCL,9703
33122,OBC-NCL,9704
33123,OBC-NCL,9705
33124,GEN-EWS,5057
33125,OBC-NCL,9706
33126,GEN,
33127,OBC-NCL,9707
33128,GEN,
33129,OBC-NCL,9708
33130,OBC-NCL,9709
33131,GEN,
33132,OBC-NCL,9710
33133,OBC-NCL,9711
33134,GEN,
33135,GEN-EWS,5058
33136,OBC-NCL,9712
33137,GEN-EWS,5059
33138,GEN,
33139,GEN,
33140,OBC-NCL,9713
33141,SC,1210
33142,OBC-NCL,9714
33143,OBC-NCL,9715
33144,GEN,
33145,OBC-NCL,9716
33146,GEN,
33147,GEN,
33148,OBC-NCL,9717
33149,OBC-NCL,9718
33150,GEN-EWS,5060
33151,GEN-EWS,5061
33152,GEN,
33153,OBC-NCL,9719
33154,GEN,
33155,GEN,
33156,SC,1211
33157,GEN,
33158,ST,367
33159,OBC-NCL,9721
33160,GEN-EWS,5062
33161,GEN-EWS,5063
33162,OBC-NCL,9722
33163,OBC-NCL,9723
33164,GEN,
33165,OBC-NCL,9724
33166,GEN-EWS,5064
33167,GEN-EWS,5065
33168,GEN,
33169,GEN,
33170,OBC-NCL,9725
33171,GEN,
33171,GEN,
33173,SC,1213
33174,OBC-NCL,9726
33175,OBC-NCL,9727
33176,GEN,
33177,GEN,
33178,GEN,
33179,OBC-NCL,9728
33180,GEN,
33181,OBC-NCL,9729
33182,GEN-EWS,5066
33183,SC,1214
33184,GEN-EWS,5067
33185,GEN-EWS,5068
33186,OBC-NCL,9730
33187,GEN,
33188,OBC-NCL,9731
33189,GEN,
33190,OBC-NCL,9732
33191,OBC-NCL,9733
33192,GEN,
33193,GEN,
33194,GEN,
33194,ST,368
33196,OBC-NCL,9734
33197,GEN,
33198,GEN-EWS,5069
33199,GEN,
33200,GEN,
33201,OBC-NCL,9736
33202,OBC-NCL,9737
33202,OBC-NCL,9737
33204,GEN,
33205,GEN,
33206,GEN,
33207,GEN,
33208,GEN-EWS,5070
33209,GEN,
33210,GEN-EWS,5071
33211,GEN,
33212,GEN,
33213,OBC-NCL,9739
33214,OBC-NCL,9740
33215,OBC-NCL,9741
33216,GEN,
33217,OBC-NCL,9742
33218,GEN-EWS,5072
33219,OBC-NCL,9744
33220,ST,369
33221,GEN,
33222,GEN,
33223,SC,1216
33224,GEN,
33225,GEN,
33226,OBC-NCL,9745
33227,GEN,
33227,SC,1217
33229,GEN,
33230,OBC-NCL,9746
33231,OBC-NCL,9747
33232,SC,1218
33233,GEN,
33234,GEN,
33235,SC,1219
33236,GEN,
33237,GEN,
33238,GEN,
33239,GEN,
33240,GEN-EWS,5073
33241,OBC-NCL,9748
33242,GEN-EWS,5074
33243,GEN-EWS,5075
33244,GEN,
33245,OBC-NCL,9749
33246,GEN-EWS,5076
33247,GEN-EWS,5077
33248,OBC-NCL,9750
33249,GEN,
33250,GEN,
33251,SC,1220
33252,OBC-NCL,9751
33253,GEN,
33254,OBC-NCL,9752
33255,OBC-NCL,9753
33256,GEN,
33257,GEN,
33258,GEN,
33259,OBC-NCL,9754
33260,OBC-NCL,9755
33261,GEN,
33262,GEN,
33263,GEN-EWS,5078
33264,OBC-NCL,9756
33265,OBC-NCL,9757
33266,OBC-NCL,9758
33267,GEN,
33268,SC,1221
33269,OBC-NCL,9759
33270,GEN,
33271,OBC-NCL,9760
33272,OBC-NCL,9761
33273,OBC-NCL,9762
33274,OBC-NCL,9763
33275,GEN,
33276,ST,370
33277,OBC-NCL,9764
33278,GEN,
33279,OBC-NCL,9765
33280,GEN,
33281,GEN,
33282,GEN-EWS,5079
33283,GEN-EWS,5080
33284,GEN,
33285,GEN,
33286,OBC-NCL,9766
33287,GEN-EWS,5081
33288,GEN,
33289,OBC-NCL,9767
33290,GEN-EWS,5082
33291,SC,1222
33292,GEN-EWS,5083
33293,OBC-NCL,9768
33294,GEN-EWS,5084
33294,ST,371
33296,GEN,
33297,GEN-EWS,5085
33298,OBC-NCL,9769
33299,GEN-EWS,5086
33300,GEN,
33301,OBC-NCL,9770
33302,GEN,
33302,GEN-EWS,5087
33304,OBC-NCL,9771
33305,OBC-NCL,9772
33306,OBC-NCL,9773
33307,GEN-EWS,5088
33308,GEN-EWS,5089
33309,GEN,
33310,GEN-EWS,5090
33311,OBC-NCL,9774
33312,GEN,
33313,GEN,
33314,OBC-NCL,9775
33315,GEN-EWS,5091
33316,GEN,
33317,OBC-NCL,9776
33318,OBC-NCL,9777
33319,SC,1223
33320,GEN-EWS,5092
33321,GEN-EWS,5094
33322,GEN,
33323,GEN,
33324,OBC-NCL,9778
33325,GEN,
33326,GEN,
33327,OBC-NCL,9779
33328,GEN,
33329,GEN,
33330,GEN,
33331,SC,1224
33332,GEN,
33333,GEN-EWS,5095
33334,GEN,
33335,GEN-EWS,5096
33336,GEN,
33337,GEN,
33338,OBC-NCL,9780
33339,GEN,
33340,OBC-NCL,9781
33341,GEN,
33342,GEN,
33343,GEN,
33344,OBC-NCL,9782
33345,GEN,
33346,OBC-NCL,9783
33347,GEN-EWS,5097
33348,OBC-NCL,9784
33349,GEN-EWS,5098
33350,GEN,
33351,GEN,
33352,OBC-NCL,9785
33353,GEN,
33354,GEN,
33355,GEN,
33356,GEN,
33357,GEN,
33358,OBC-NCL,9786
33359,OBC-NCL,9787
33360,OBC-NCL,9788
33361,OBC-NCL,9789
33362,GEN,
33363,GEN,
33364,GEN-EWS,5099
33365,GEN,
33366,GEN,
33367,OBC-NCL,9790
33368,OBC-NCL,9791
33369,OBC-NCL,9792
33370,GEN,
33371,GEN-EWS,5100
33372,GEN,
33373,GEN-EWS,5101
33374,OBC-NCL,9793
33375,GEN-EWS,5102
33376,OBC-NCL,9794
33377,GEN,
33378,GEN-EWS,5103
33379,GEN-EWS,5104
33380,GEN,
33380,GEN-EWS,5105
33382,GEN,
33383,ST,372
33384,GEN,
33385,GEN,
33386,SC,1225
33387,GEN,
33388,OBC-NCL,9795
33389,GEN,
33390,GEN,
33391,OBC-NCL,9796
33392,GEN,
33393,SC,1226
33394,OBC-NCL,9797
33395,OBC-NCL,9798
33396,GEN,
33397,OBC-NCL,9799
33398,GEN,
33399,OBC-NCL,9800
33400,GEN-EWS,5106
33401,OBC-NCL,9801
33402,OBC-NCL,9802
33403,OBC-NCL,9803
33404,OBC-NCL,9804
33405,OBC-NCL,9805
33406,OBC-NCL,9806
33407,OBC-NCL,9809
33408,GEN,
33409,GEN,
33410,GEN,
33411,OBC-NCL,9810
33412,GEN,
33413,GEN,
33414,OBC-NCL,9811
33415,OBC-NCL,9812
33416,ST,373
33417,GEN,
33418,GEN-EWS,5107
33419,GEN,
33420,OBC-NCL,9813
33421,GEN,
33422,GEN,
33423,GEN,
33424,OBC-NCL,9814
33425,OBC-NCL,9815
33426,GEN-EWS,5108
33427,OBC-NCL,9816
33428,OBC-NCL,9817
33429,GEN,
33430,GEN,
33431,OBC-NCL,9818
33432,GEN,
33433,SC,1227
33434,GEN,
33435,OBC-NCL,9819
33436,GEN-EWS,5109
33437,OBC-NCL,9820
33438,GEN,
33439,GEN,
33440,OBC-NCL,9821
33441,OBC-NCL,9822
33442,OBC-NCL,9823
33443,GEN,
33443,GEN,
33445,SC,1228
33446,OBC-NCL,9824
33447,OBC-NCL,9825
33448,GEN,
33449,GEN,
33450,GEN,
33451,GEN-EWS,5110
33452,OBC-NCL,9826
33453,SC,1229
33454,GEN,
33455,GEN-EWS,5111
33456,OBC-NCL,9827
33457,GEN,
33458,GEN,
33459,GEN,
33460,ST,374
33461,GEN-EWS,5112
33461,GEN-EWS,5112
33463,OBC-NCL,9828
33464,OBC-NCL,9829
33465,OBC-NCL,9830
33466,GEN-EWS,5114
33467,GEN,
33468,GEN-EWS,5115
33469,GEN,
33470,GEN,
33471,OBC-NCL,9831
33472,GEN,
33473,GEN,
33474,GEN-EWS,5116
33475,GEN-EWS,5117
33476,OBC-NCL,9832
33477,GEN-EWS,5118
33478,GEN,
33479,GEN-EWS,5119
33480,GEN,
33481,OBC-NCL,9833
33482,GEN,
33483,SC,1230
33484,OBC-NCL,9834
33485,GEN,
33486,OBC-NCL,9835
33487,OBC-NCL,9836
33488,GEN,
33489,OBC-NCL,9837
33490,OBC-NCL,9838
33491,SC,1231
33492,GEN,
33493,GEN,
33494,ST,375
33495,GEN-EWS,5120
33496,GEN,
33497,GEN,
33498,OBC-NCL,9839
33499,OBC-NCL,9840
33500,SC,1232
33501,GEN,
33502,GEN,
33503,OBC-NCL,9841
33504,GEN,
33505,GEN,
33505,OBC-NCL,9842
33507,GEN,
33508,OBC-NCL,9843
33509,GEN,
33510,GEN,
33511,GEN,
33512,GEN-EWS,5121
33513,OBC-NCL,9844
33514,GEN,
33515,OBC-NCL,9845
33516,GEN-EWS,5123
33517,GEN,
33518,GEN-EWS,5124
33519,GEN-EWS,5125
33520,GEN,
33521,GEN-EWS,5126
33522,GEN,
33523,GEN,
33523,GEN-EWS,5127
33525,OBC-NCL,9846
33526,OBC-NCL,9847
33527,OBC-NCL,9848
33528,SC,1233
33529,GEN,
33530,GEN,
33531,OBC-NCL,9849
33532,OBC-NCL,9850
33533,GEN,
33534,ST,376
33535,GEN-EWS,5128
33536,GEN,
33537,GEN,
33538,OBC-NCL,9851
33539,OBC-NCL,9852
33540,OBC-NCL,9853
33541,GEN,
33542,OBC-NCL,9854
33543,GEN-EWS,5129
33544,GEN-EWS,5130
33545,OBC-NCL,9855
33546,OBC-NCL,9856
33547,SC,1234
33548,GEN,
33549,OBC-NCL,9857
33550,GEN,
33551,GEN,
33552,GEN-EWS,5131
33553,GEN-EWS,5132
33554,OBC-NCL,9858
33555,SC,1235
33556,ST,377
33557,GEN,
33558,OBC-NCL,9859
33559,GEN,
33560,GEN,
33561,OBC-NCL,9860
33562,OBC-NCL,9861
33563,GEN,
33564,OBC-NCL,9862
33565,SC,1236
33566,GEN-EWS,5133
33567,GEN-EWS,5134
33568,OBC-NCL,9863
33569,OBC-NCL,9864
33570,OBC-NCL,9865
33571,GEN,
33572,OBC-NCL,9866
33573,GEN,
33574,OBC-NCL,9867
33575,GEN,
33576,GEN-EWS,5135
33577,GEN,
33578,GEN-EWS,5136
33579,OBC-NCL,9868
33580,GEN,
33581,GEN,
33582,GEN,
33583,GEN,
33584,OBC-NCL,9869
33585,GEN,
33586,OBC-NCL,9870
33587,GEN,
33588,SC,1237
33589,SC,1238
33590,GEN,
33591,GEN,
33592,GEN,
33593,OBC-NCL,9871
33594,OBC-NCL,9872
33595,GEN,
33596,OBC-NCL,9873
33597,OBC-NCL,9874
33598,OBC-NCL,9875
33599,GEN,
33600,GEN,
33601,GEN-EWS,5137
33602,GEN,
33603,GEN-EWS,5138
33604,OBC-NCL,9876
33605,GEN,
33606,OBC-NCL,9877
33607,GEN,
33608,GEN,
33609,GEN,
33610,GEN,
33611,OBC-NCL,9878
33612,ST,378
33613,GEN,
33613,OBC-NCL,9879
33615,OBC-NCL,9880
33616,OBC-NCL,9881
33617,GEN,
33618,OBC-NCL,9882
33619,GEN,
33620,GEN-EWS,5141
33621,GEN-EWS,5142
33622,GEN,
33623,GEN,
33624,OBC-NCL,9884
33625,OBC-NCL,9885
33626,OBC-NCL,9886
33627,OBC-NCL,9887
33628,OBC-NCL,9888
33629,OBC-NCL,9889
33630,GEN,
33631,OBC-NCL,9890
33632,GEN,
33633,OBC-NCL,9891
33634,GEN-EWS,5143
33635,GEN,
33636,GEN,
33637,GEN-EWS,5144
33638,OBC-NCL,9892
33639,GEN-EWS,5145
33639,OBC-NCL,9893
33639,SC,1239
33642,GEN,
33643,GEN,
33644,GEN,
33645,OBC-NCL,9894
33646,GEN,
33647,OBC-NCL,9895
33648,GEN,
33649,OBC-NCL,9896
33650,GEN-EWS,5146
33651,OBC-NCL,9897
33652,OBC-NCL,9898
33653,OBC-NCL,9899
33654,GEN-EWS,5147
33655,GEN,
33656,GEN,
33657,OBC-NCL,9900
33658,OBC-NCL,9901
33659,OBC-NCL,9903
33660,GEN-EWS,5148
33661,GEN,
33662,GEN-EWS,5149
33663,OBC-NCL,9904
33664,OBC-NCL,9905
33665,GEN-EWS,5150
33666,GEN,
33667,OBC-NCL,9906
33668,OBC-NCL,9907
33669,GEN,
33670,GEN-EWS,5151
33671,OBC-NCL,9908
33672,GEN,
33673,GEN-EWS,5152
33674,GEN,
33675,OBC-NCL,9909
33676,SC,1240
33677,SC,1241
33678,GEN,
33679,GEN,
33680,GEN-EWS,5153
33681,GEN,
33682,GEN,
33683,GEN,
33683,SC,1242
33685,GEN,
33686,OBC-NCL,9910
33687,SC,1243
33688,GEN,
33689,OBC-NCL,9911
33690,SC,1244
33691,GEN,
33692,OBC-NCL,9912
33693,SC,1245
33694,GEN,
33695,OBC-NCL,9913
33696,GEN,
33697,GEN-EWS,5154
33698,OBC-NCL,9914
33699,GEN,
33700,GEN,
33701,SC,1246
33702,GEN-EWS,5155
33703,GEN,
33704,GEN,
33705,GEN,
33706,OBC-NCL,9916
33707,ST,379
33708,OBC-NCL,9917
33709,GEN,
33710,OBC-NCL,9918
33711,OBC-NCL,9919
33712,GEN-EWS,5156
33713,OBC-NCL,9920
33714,GEN-EWS,5157
33715,OBC-NCL,9921
33716,OBC-NCL,9922
33717,OBC-NCL,9923
33718,OBC-NCL,9924
33719,OBC-NCL,9925
33720,GEN,
33721,OBC-NCL,9926
33722,GEN-EWS,5158
33723,GEN,
33724,GEN,
33725,GEN,
33726,OBC-NCL,9927
33727,GEN,
33728,GEN-EWS,5159
33729,GEN,
33729,OBC-NCL,9928
33731,OBC-NCL,9929
33732,GEN,
33733,OBC-NCL,9930
33734,GEN-EWS,5160
33735,GEN-EWS,5161
33736,GEN-EWS,5162
33737,GEN,
33738,GEN,
33738,OBC-NCL,9931
33740,OBC-NCL,9932
33741,GEN,
33742,SC,1247
33743,GEN-EWS,5163
33744,GEN,
33745,OBC-NCL,9933
33746,GEN,
33747,OBC-NCL,9934
33748,OBC-NCL,9935
33749,OBC-NCL,9936
33750,GEN,
33751,GEN,
33752,GEN,
33753,GEN-EWS,5164
33754,GEN-EWS,5165
33755,OBC-NCL,9937
33756,GEN-EWS,5166
33757,OBC-NCL,9938
33757,OBC-NCL,9938
33759,OBC-NCL,9940
33760,GEN-EWS,5167
33761,SC,1248
33762,OBC-NCL,9941
33763,GEN-EWS,5168
33764,GEN-EWS,5169
33765,GEN,
33766,GEN,
33767,OBC-NCL,9942
33768,GEN,
33769,GEN,
33770,OBC-NCL,9943
33771,SC,1249
33772,OBC-NCL,9944
33773,GEN,
33774,OBC-NCL,9946
33775,GEN,
33776,GEN-EWS,5170
33777,SC,1250
33778,GEN,
33779,GEN,
33780,GEN-EWS,5171
33781,GEN-EWS,5172
33782,GEN,
33783,SC,1251
33784,GEN,
33785,GEN,
33786,GEN,
33787,OBC-NCL,9947
33788,OBC-NCL,9948
33789,GEN-EWS,5173
33790,GEN,
33791,ST,381
33792,GEN-EWS,5174
33793,OBC-NCL,9949
33794,OBC-NCL,9950
33795,GEN,
33796,GEN,
33797,GEN-EWS,5175
33798,GEN,
33799,GEN-EWS,5176
33800,GEN,
33801,GEN-EWS,5177
33802,GEN,
33803,GEN,
33804,GEN,
33805,GEN,
33806,GEN-EWS,5178
33807,OBC-NCL,9951
33808,SC,1253
33809,OBC-NCL,9952
33810,SC,1254
33811,OBC-NCL,9953
33812,GEN,
33813,GEN,
33814,OBC-NCL,9954
33815,GEN,
33816,OBC-NCL,9955
33817,SC,1255
33818,GEN,
33819,GEN,
33820,SC,1256
33821,GEN,
33822,OBC-NCL,9956
33823,OBC-NCL,9957
33824,OBC-NCL,9958
33825,SC,1257
33826,GEN,
33827,OBC-NCL,9959
33828,OBC-NCL,9960
33829,OBC-NCL,9961
33830,GEN,
33831,GEN,
33832,OBC-NCL,9962
33832,OBC-NCL,9962
33834,GEN-EWS,5179
33835,GEN,
33836,GEN-EWS,5180
33837,OBC-NCL,9964
33838,SC,1259
33839,GEN,
33840,GEN,
33841,GEN,
33842,GEN,
33843,SC,1260
33844,OBC-NCL,9965
33845,GEN-EWS,5181
33846,OBC-NCL,9966
33847,OBC-NCL,9967
33848,OBC-NCL,9968
33849,OBC-NCL,9969
33850,GEN-EWS,5182
33851,GEN-EWS,5183
33852,GEN,
33853,SC,1261
33854,OBC-NCL,9970
33855,OBC-NCL,9971
33856,GEN,
33857,GEN,
33858,GEN-EWS,5184
33859,GEN-EWS,5185
,GEN-EWS,2111
,GEN-EWS,2295
,GEN-EWS,2445
,GEN-EWS,2473
,GEN-EWS,2718
,GEN-EWS,2727
,GEN-EWS,2777
,GEN-EWS,2794
,GEN-EWS,2808
,GEN-EWS,2825
,GEN-EWS,2871
,GEN-EWS,3035
,GEN-EWS,3057
,GEN-EWS,3088
,GEN-EWS,3169
,GEN-EWS,3512
,GEN-EWS,3629
,GEN-EWS,3644
,GEN-EWS,3761
,GEN-EWS,3791
,GEN-EWS,3856
,GEN-EWS,3875
,GEN-EWS,3879
,GEN-EWS,3926
,GEN-EWS,4069
,GEN-EWS,4187
,GEN-EWS,4198
,GEN-EWS,4213
,GEN-EWS,4267
,GEN-EWS,4314
,GEN-EWS,4366
,GEN-EWS,4384
,GEN-EWS,4442
,GEN-EWS,4465
,GEN-EWS,4517
,GEN-EWS,4537
,GEN-EWS,4573
,GEN-EWS,4631
,GEN-EWS,4679
,GEN-EWS,4716
,GEN-EWS,4781
,GEN-EWS,4795
,GEN-EWS,4818
,GEN-EWS,4854
,GEN-EWS,4903
,GEN-EWS,4946
,GEN-EWS,4950
,GEN-EWS,4951
,GEN-EWS,5008
,GEN-EWS,5016
,GEN-EWS,5093
,GEN-EWS,5122
,GEN-EWS,5139
,GEN-EWS,5140
,GEN-EWS,5186
,GEN-EWS,5187
,GEN-EWS,5188
,GEN-EWS,5189
,GEN-EWS,5190
,GEN-EWS,5191
,GEN-EWS,5192
,GEN-EWS,5193
,GEN-EWS,5194
,GEN-EWS,5195
,GEN-EWS,5196
,GEN-EWS,5197
,GEN-EWS,5198
,GEN-EWS,5199
,GEN-EWS,5200
,GEN-EWS,5201
,GEN-EWS,5202
,GEN-EWS,5203
,GEN-EWS,5204
,GEN-EWS,5205
,GEN-EWS,5206
,GEN-EWS,5207
,GEN-EWS,5208
,GEN-EWS,5209
,GEN-EWS,5210
,GEN-EWS,5211
,GEN-EWS,5212
,GEN-EWS,5213
,GEN-EWS,5214
,GEN-EWS,5215
,GEN-EWS,5216
,GEN-EWS,5217
,GEN-EWS,5218
,GEN-EWS,5219
,GEN-EWS,5220
,GEN-EWS,5221
,GEN-EWS,5222
,GEN-EWS,5223
,GEN-EWS,5224
,GEN-EWS,5225
,GEN-EWS,5226
,GEN-EWS,5227
,GEN-EWS,5228
,GEN-EWS,5229
,GEN-EWS,5230
,GEN-EWS,5231
,GEN-EWS,5232
,GEN-EWS,5233
,GEN-EWS,5234
,GEN-EWS,5235
,GEN-EWS,5236
,GEN-EWS,5237
,GEN-EWS,5238
,GEN-EWS,5239
,GEN-EWS,5240
,GEN-EWS,5241
,GEN-EWS,5242
,GEN-EWS,5243
,GEN-EWS,5244
,GEN-EWS,5245
,GEN-EWS,5246
,GEN-EWS,5247
,GEN-EWS,5248
,GEN-EWS,5249
,GEN-EWS,5250
,GEN-EWS,5251
,GEN-EWS,5252
,GEN-EWS,5253
,GEN-EWS,5254
,GEN-EWS,5255
,GEN-EWS,5256
,GEN-EWS,5257
,GEN-EWS,5258
,GEN-EWS,5259
,GEN-EWS,5260
,GEN-EWS,5261
,GEN-EWS,5262
,GEN-EWS,5263
,GEN-EWS,5264
,GEN-EWS,5265
,GEN-EWS,5266
,GEN-EWS,5267
,GEN-EWS,5268
,GEN-EWS,5269
,GEN-EWS,5270
,GEN-EWS,5271
,GEN-EWS,5272
,GEN-EWS,5273
,GEN-EWS,5274
,GEN-EWS,5275
,GEN-EWS,5276
,GEN-EWS,5277
,GEN-EWS,5278
,GEN-EWS,5279
,GEN-EWS,5280
,GEN-EWS,5281
,GEN-EWS,5282
,GEN-EWS,5283
,GEN-EWS,5284
,GEN-EWS,5285
,GEN-EWS,5286
,GEN-EWS,5287
,GEN-EWS,5288
,GEN-EWS,5289
,GEN-EWS,5290
,GEN-EWS,5291
,GEN-EWS,5292
,GEN-EWS,5293
,GEN-EWS,5294
,GEN-EWS,5295
,GEN-EWS,5296
,GEN-EWS,5297
,GEN-EWS,5298
,GEN-EWS,5299
,GEN-EWS,5300
,GEN-EWS,5301
,GEN-EWS,5302
,GEN-EWS,5303
,GEN-EWS,5304
,GEN-EWS,5305
,GEN-EWS,5306
,GEN-EWS,5307
,GEN-EWS,5308
,GEN-EWS,5309
,GEN-EWS,5310
,GEN-EWS,5311
,GEN-EWS,5312
,GEN-EWS,5313
,GEN-EWS,5314
,GEN-EWS,5315
,GEN-EWS,5316
,GEN-EWS,5316
,GEN-EWS,5318
,GEN-EWS,5319
,GEN-EWS,5320
,GEN-EWS,5321
,GEN-EWS,5322
,GEN-EWS,5323
,GEN-EWS,5324
,GEN-EWS,5325
,GEN-EWS,5326
,GEN-EWS,5327
,GEN-EWS,5328
,GEN-EWS,5329
,GEN-EWS,5330
,GEN-EWS,5331
,GEN-EWS,5332
,GEN-EWS,5333
,GEN-EWS,5334
,GEN-EWS,5335
,GEN-EWS,5336
,GEN-EWS,5337
,GEN-EWS,5338
,GEN-EWS,5339
,GEN-EWS,5340
,GEN-EWS,5341
,GEN-EWS,5342
,GEN-EWS,5343
,GEN-EWS,5344
,GEN-EWS,5345
,GEN-EWS,5346
,GEN-EWS,5347
,GEN-EWS,5348
,GEN-EWS,5349
,GEN-EWS,5350
,GEN-EWS,5351
,GEN-EWS,5352
,GEN-EWS,5353
,GEN-EWS,5354
,GEN-EWS,5355
,GEN-EWS,5356
,GEN-EWS,5357
,GEN-EWS,5358
,GEN-EWS,5359
,GEN-EWS,5360
,GEN-EWS,5361
,GEN-EWS,5362
,GEN-EWS,5363
,GEN-EWS,5364
,GEN-EWS,5365
,GEN-EWS,5366
,GEN-EWS,5367
,GEN-EWS,5368
,GEN-EWS,5369
,GEN-EWS,5370
,GEN-EWS,5371
,GEN-EWS,5372
,GEN-EWS,5373
,GEN-EWS,5374
,GEN-EWS,5375
,GEN-EWS,5376
,GEN-EWS,5377
,GEN-EWS,5378
,GEN-EWS,5379
,GEN-EWS,5380
,GEN-EWS,5381
,GEN-EWS,5382
,GEN-EWS,5383
,GEN-EWS,5384
,GEN-EWS,5385
,GEN-EWS,5386
,GEN-EWS,5387
,GEN-EWS,5388
,GEN-EWS,5389
,GEN-EWS,5390
,GEN-EWS,5391
,GEN-EWS,5392
,GEN-EWS,5393
,GEN-EWS,5394
,GEN-EWS,5395
,GEN-EWS,5396
,GEN-EWS,5397
,GEN-EWS,5398
,GEN-EWS,5399
,GEN-EWS,5400
,GEN-EWS,5401
,GEN-EWS,5402
,GEN-EWS,5403
,GEN-EWS,5404
,GEN-EWS,5405
,GEN-EWS,5406
,GEN-EWS,5407
,GEN-EWS,5408
,GEN-EWS,5409
,GEN-EWS,5410
,GEN-EWS,5411
,GEN-EWS,5412
,GEN-EWS,5413
,GEN-EWS,5414
,GEN-EWS,5415
,GEN-EWS,5416
,GEN-EWS,5417
,GEN-EWS,5418
,GEN-EWS,5419
,GEN-EWS,5420
,GEN-EWS,5421
,GEN-EWS,5422
,GEN-EWS,5423
,GEN-EWS,5424
,GEN-EWS,5425
,GEN-EWS,5426
,GEN-EWS,5427
,GEN-EWS,5428
,GEN-EWS,5429
,GEN-EWS,5430
,GEN-EWS,5431
,GEN-EWS,5432
,GEN-EWS,5433
,GEN-EWS,5434
,GEN-EWS,5435
,GEN-EWS,5436
,GEN-EWS,5437
,GEN-EWS,5438
,GEN-EWS,5439
,GEN-EWS,5440
,GEN-EWS,5441
,GEN-EWS,5442
,GEN-EWS,5443
,GEN-EWS,5444
,GEN-EWS,5445
,GEN-EWS,5446
,GEN-EWS,5447
,GEN-EWS,5448
,GEN-EWS,5449
,GEN-EWS,5450
,GEN-EWS,5451
,GEN-EWS,5452
,GEN-EWS,5453
,GEN-EWS,5454
,GEN-EWS,5455
,GEN-EWS,5456
,GEN-EWS,5457
,GEN-EWS,5458
,GEN-EWS,5459
,GEN-EWS,5460
,GEN-EWS,5461
,GEN-EWS,5462
,GEN-EWS,5463
,GEN-EWS,5464
,GEN-EWS,5465
,GEN-EWS,5466
,GEN-EWS,5467
,GEN-EWS,5468
,GEN-EWS,5469
,GEN-EWS,5470
,GEN-EWS,5471
,GEN-EWS,5472
,GEN-EWS,5473
,GEN-EWS,5474
,GEN-EWS,5475
,GEN-EWS,5476
,GEN-EWS,5477
,GEN-EWS,5478
,GEN-EWS,5479
,GEN-EWS,5480
,GEN-EWS,5481
,GEN-EWS,5482
,GEN-EWS,5483
,GEN-EWS,5484
,GEN-EWS,5485
,GEN-EWS,5486
,GEN-EWS,5487
,GEN-EWS,5488
,GEN-EWS,5489
,GEN-EWS,5490
,GEN-EWS,5491
,GEN-EWS,5492
,GEN-EWS,5493
,GEN-EWS,5494
,GEN-EWS,5495
,GEN-EWS,5496
,GEN-EWS,5497
,GEN-EWS,5498
,GEN-EWS,5499
,GEN-EWS,5500
,GEN-EWS,5501
,GEN-EWS,5502
,GEN-EWS,5503
,GEN-EWS,5504
,GEN-EWS,5505
,GEN-EWS,5506
,GEN-EWS,5507
,GEN-EWS,5508
,GEN-EWS,5509
,GEN-EWS,5510
,GEN-EWS,5511
,GEN-EWS,5512
,GEN-EWS,5513
,GEN-EWS,5514
,GEN-EWS,5515
,GEN-EWS,5516
,GEN-EWS,5517
,GEN-EWS,5518
,GEN-EWS,5519
,GEN-EWS,5520
,GEN-EWS,5521
,GEN-EWS,5522
,GEN-EWS,5523
,GEN-EWS,5524
,GEN-EWS,5525
,GEN-EWS,5526
,GEN-EWS,5527
,GEN-EWS,5528
,GEN-EWS,5529
,GEN-EWS,5530
,GEN-EWS,5531
,GEN-EWS,5532
,GEN-EWS,5533
,GEN-EWS,5534
,GEN-EWS,5535
,GEN-EWS,5536
,GEN-EWS,5537
,GEN-EWS,5538
,GEN-EWS,5539
,GEN-EWS,5540
,GEN-EWS,5541
,GEN-EWS,5542
,GEN-EWS,5543
,GEN-EWS,5544
,GEN-EWS,5545
,GEN-EWS,5546
,GEN-EWS,5547
,GEN-EWS,5548
,GEN-EWS,5549
,GEN-EWS,5550
,GEN-EWS,5551
,GEN-EWS,5552
,GEN-EWS,5553
,GEN-EWS,5554
,GEN-EWS,5555
,GEN-EWS,5556
,GEN-EWS,5557
,GEN-EWS,5558
,GEN-EWS,5559
,GEN-EWS,5560
,GEN-EWS,5561
,GEN-EWS,5562
,GEN-EWS,5563
,GEN-EWS,5564
,GEN-EWS,5565
,GEN-EWS,5566
,GEN-EWS,5567
,GEN-EWS,5568
,GEN-EWS,5569
,GEN-EWS,5570
,GEN-EWS,5571
,GEN-EWS,5572
,GEN-EWS,5573
,GEN-EWS,5574
,GEN-EWS,5575
,GEN-EWS,5576
,GEN-EWS,5577
,GEN-EWS,5578
,GEN-EWS,5579
,GEN-EWS,5580
,GEN-EWS,5581
,GEN-EWS,5582
,GEN-EWS,5583
,GEN-EWS,5584
,GEN-EWS,5585
,GEN-EWS,5586
,GEN-EWS,5587
,GEN-EWS,5588
,GEN-EWS,5589
,GEN-EWS,5590
,GEN-EWS,5591
,GEN-EWS,5592
,GEN-EWS,5593
,GEN-EWS,5594
,GEN-EWS,5595
,GEN-EWS,5596
,GEN-EWS,5597
,GEN-EWS,5598
,GEN-EWS,5599
,GEN-EWS,5600
,GEN-EWS,5601
,GEN-EWS,5602
,GEN-EWS,5603
,GEN-EWS,5604
,GEN-EWS,5605
,GEN-EWS,5606
,GEN-EWS,5607
,GEN-EWS,5608
,GEN-EWS,5609
,GEN-EWS,5610
,GEN-EWS,5611
,GEN-EWS,5612
,GEN-EWS,5613
,GEN-EWS,5614
,GEN-EWS,5615
,GEN-EWS,5616
,GEN-EWS,5617
,GEN-EWS,5618
,GEN-EWS,5619
,GEN-EWS,5620
,GEN-EWS,5621
,GEN-EWS,5622
,GEN-EWS,5623
,GEN-EWS,5624
,GEN-EWS,5625
,GEN-EWS,5626
,GEN-EWS,5627
,GEN-EWS,5628
,GEN-EWS,5629
,GEN-EWS,5630
,GEN-EWS,5631
,GEN-EWS,5632
,GEN-EWS,5633
,GEN-EWS,5634
,GEN-EWS,5635
,GEN-EWS,5636
,GEN-EWS,5637
,GEN-EWS,5638
,GEN-EWS,5639
,GEN-EWS,5640
,GEN-EWS,5641
,GEN-EWS,5642
,GEN-EWS,5643
,GEN-EWS,5644
,GEN-EWS,5645
,GEN-EWS,5646
,GEN-EWS,5647
,GEN-EWS,5648
,GEN-EWS,5649
,GEN-EWS,5650
,GEN-EWS,5651
,GEN-EWS,5652
,GEN-EWS,5653
,GEN-EWS,5654
,GEN-EWS,5655
,GEN-EWS,5656
,GEN-EWS,5657
,GEN-EWS,5658
,GEN-EWS,5659
,GEN-EWS,5660
,GEN-EWS,5661
,GEN-EWS,5662
,GEN-EWS,5663
,GEN-EWS,5664
,GEN-EWS,5665
,GEN-EWS,5666
,GEN-EWS,5667
,GEN-EWS,5668
,GEN-EWS,5669
,GEN-EWS,5670
,GEN-EWS,5671
,GEN-EWS,5672
,GEN-EWS,5673
,GEN-EWS,5674
,GEN-EWS,5675
,GEN-EWS,5676
,GEN-EWS,5677
,GEN-EWS,5678
,GEN-EWS,5679
,GEN-EWS,5680
,GEN-EWS,5681
,GEN-EWS,5682
,GEN-EWS,5683
,GEN-EWS,5684
,GEN-EWS,5685
,GEN-EWS,5686
,GEN-EWS,5687
,GEN-EWS,5688
,GEN-EWS,5689
,GEN-EWS,5690
,GEN-EWS,5691
,GEN-EWS,5692
,GEN-EWS,5693
,GEN-EWS,5694
,GEN-EWS,5695
,GEN-EWS,5696
,GEN-EWS,5697
,GEN-EWS,5698
,GEN-EWS,5699
,GEN-EWS,5700
,GEN-EWS,5701
,GEN-EWS,5702
,GEN-EWS,5703
,GEN-EWS,5704
,GEN-EWS,5705
,GEN-EWS,5706
,GEN-EWS,5707
,GEN-EWS,5708
,GEN-EWS,5709
,GEN-EWS,5710
,GEN-EWS,5711
,GEN-EWS,5712
,GEN-EWS,5713
,GEN-EWS,5714
,GEN-EWS,5715
,GEN-EWS,5716
,GEN-EWS,5717
,GEN-EWS,5718
,GEN-EWS,5719
,GEN-EWS,5720
,GEN-EWS,5721
,GEN-EWS,5722
,GEN-EWS,5723
,GEN-EWS,5724
,GEN-EWS,5725
,GEN-EWS,5726
,GEN-EWS,5727
,GEN-EWS,5728
,GEN-EWS,5729
,GEN-EWS,5730
,GEN-EWS,5731
,GEN-EWS,5732
,GEN-EWS,5733
,GEN-EWS,5734
,GEN-EWS,5735
,GEN-EWS,5736
,GEN-EWS,5737
,GEN-EWS,5738
,GEN-EWS,5739
,GEN-EWS,5740
,GEN-EWS,5741
,GEN-EWS,5742
,GEN-EWS,5743
,GEN-EWS,5744
,GEN-EWS,5745
,GEN-EWS,5746
,GEN-EWS,5747
,GEN-EWS,5748
,GEN-EWS,5749
,GEN-EWS,5750
,GEN-EWS,5751
,GEN-EWS,5752
,GEN-EWS,5753
,GEN-EWS,5754
,GEN-EWS,5755
,GEN-EWS,5756
,GEN-EWS,5757
,GEN-EWS,5758
,GEN-EWS,5759
,GEN-EWS,5760
,GEN-EWS,5761
,GEN-EWS,5762
,GEN-EWS,5763
,GEN-EWS,5764
,GEN-EWS,5765
,GEN-EWS,5766
,GEN-EWS,5767
,GEN-EWS,5768
,GEN-EWS,5769
,GEN-EWS,5770
,GEN-EWS,5771
,GEN-EWS,5772
,GEN-EWS,5773
,GEN-EWS,5774
,GEN-EWS,5775
,GEN-EWS,5776
,GEN-EWS,5777
,GEN-EWS,5778
,GEN-EWS,5779
,GEN-EWS,5780
,GEN-EWS,5781
,GEN-EWS,5782
,GEN-EWS,5783
,GEN-EWS,5784
,GEN-EWS,5785
,GEN-EWS,5786
,GEN-EWS,5787
,GEN-EWS,5788
,GEN-EWS,5789
,GEN-EWS,5790
,GEN-EWS,5791
,GEN-EWS,5792
,GEN-EWS,5793
,GEN-EWS,5794
,GEN-EWS,5795
,GEN-EWS,5796
,GEN-EWS,5797
,GEN-EWS,5798
,GEN-EWS,5799
,GEN-EWS,5800
,GEN-EWS,5801
,GEN-EWS,5802
,GEN-EWS,5803
,GEN-EWS,5804
,GEN-EWS,5805
,GEN-EWS,5806
,GEN-EWS,5807
,GEN-EWS,5808
,GEN-EWS,5809
,GEN-EWS,5810
,GEN-EWS,5811
,GEN-EWS,5812
,GEN-EWS,5813
,GEN-EWS,5814
,GEN-EWS,5815
,GEN-EWS,5816
,GEN-EWS,5817
,GEN-EWS,5818
,GEN-EWS,5819
,GEN-EWS,5820
,GEN-EWS,5821
,GEN-EWS,5822
,GEN-EWS,5823
,GEN-EWS,5824
,GEN-EWS,5825
,GEN-EWS,5826
,GEN-EWS,5827
,GEN-EWS,5828
,GEN-EWS,5829
,GEN-EWS,5830
,GEN-EWS,5831
,GEN-EWS,5832
,GEN-EWS,5833
,GEN-EWS,5834
,GEN-EWS,5835
,GEN-EWS,5836
,GEN-EWS,5837
,GEN-EWS,5838
,GEN-EWS,5839
,GEN-EWS,5840
,GEN-EWS,5841
,GEN-EWS,5842
,GEN-EWS,5843
,GEN-EWS,5844
,GEN-EWS,5845
,GEN-EWS,5846
,GEN-EWS,5847
,GEN-EWS,5848
,GEN-EWS,5849
,GEN-EWS,5850
,GEN-EWS,5851
,GEN-EWS,5852
,GEN-EWS,5853
,GEN-EWS,5854
,GEN-EWS,5855
,GEN-EWS,5856
,GEN-EWS,5857
,GEN-EWS,5858
,GEN-EWS,5859
,GEN-EWS,5860
,GEN-EWS,5861
,GEN-EWS,5862
,GEN-EWS,5863
,GEN-EWS,5864
,GEN-EWS,5865
,GEN-EWS,5866
,GEN-EWS,5867
,GEN-EWS,5868
,GEN-EWS,5869
,GEN-EWS,5870
,GEN-EWS,5871
,GEN-EWS,5872
,GEN-EWS,5873
,GEN-EWS,5874
,GEN-EWS,5875
,GEN-EWS,5876
,GEN-EWS,5877
,GEN-EWS,5878
,GEN-EWS,5879
,GEN-EWS,5880
,GEN-EWS,5881
,GEN-EWS,5882
,GEN-EWS,5883
,GEN-EWS,5884
,GEN-EWS,5885
,GEN-EWS,5886
,GEN-EWS,5887
,GEN-EWS,5888
,GEN-EWS,5889
,GEN-EWS,5890
,GEN-EWS,5891
,GEN-EWS,5892
,GEN-EWS,5893
,GEN-EWS,5894
,GEN-EWS,5895
,GEN-EWS,5896
,GEN-EWS,5897
,GEN-EWS,5898
,GEN-EWS,5899
,GEN-EWS,5900
,GEN-EWS,5901
,GEN-EWS,5902
,GEN-EWS,5903
,GEN-EWS,5904
,GEN-EWS,5905
,GEN-EWS,5906
,GEN-EWS,5907
,GEN-EWS,5908
,GEN-EWS,5909
,GEN-EWS,5910
,GEN-EWS,5911
,GEN-EWS,5912
,GEN-EWS,5913
,GEN-EWS,5914
,GEN-EWS,5915
,GEN-EWS,5916
,GEN-EWS,5917
,GEN-EWS,5918
,GEN-EWS,5919
,GEN-EWS,5920
,GEN-EWS,5921
,GEN-EWS,5922
,GEN-EWS,5923
,GEN-EWS,5924
,GEN-EWS,5925
,GEN-EWS,5926
,GEN-EWS,5927
,GEN-EWS,5928
,GEN-EWS,5929
,GEN-EWS,5930
,GEN-EWS,5931
,GEN-EWS,5932
,GEN-EWS,5933
,GEN-EWS,5934
,GEN-EWS,5935
,GEN-EWS,5936
,GEN-EWS,5937
,GEN-EWS,5938
,GEN-EWS,5939
,GEN-EWS,5940
,GEN-EWS,5941
,GEN-EWS,5942
,GEN-EWS,5943
,GEN-EWS,5944
,GEN-EWS,5945
,GEN-EWS,5946
,GEN-EWS,5947
,GEN-EWS,5948
,GEN-EWS,5949
,GEN-EWS,5950
,GEN-EWS,5951
,GEN-EWS,5952
,GEN-EWS,5953
,GEN-EWS,5954
,GEN-EWS,5955
,GEN-EWS,5956
,GEN-EWS,5957
,GEN-EWS,5958
,GEN-EWS,5959
,GEN-EWS,5960
,GEN-EWS,5961
,GEN-EWS,5962
,GEN-EWS,5963
,GEN-EWS,5964
,GEN-EWS,5965
,GEN-EWS,5966
,GEN-EWS,5967
,GEN-EWS,5968
,GEN-EWS,5969
,GEN-EWS,5970
,GEN-EWS,5971
,GEN-EWS,5972
,GEN-EWS,5973
,GEN-EWS,5974
,GEN-EWS,5975
,GEN-EWS,5976
,GEN-EWS,5977
,GEN-EWS,5978
,GEN-EWS,5979
,GEN-EWS,5980
,GEN-EWS,5981
,GEN-EWS,5982
,GEN-EWS,5983
,GEN-EWS,5984
,GEN-EWS,5985
,GEN-EWS,5986
,GEN-EWS,5987
,GEN-EWS,5988
,GEN-EWS,5989
,GEN-EWS,5990
,GEN-EWS,5991
,GEN-EWS,5992
,GEN-EWS,5993
,GEN-EWS,5994
,GEN-EWS,5995
,GEN-EWS,5996
,GEN-EWS,5997
,GEN-EWS,5998
,GEN-EWS,5999
,GEN-EWS,6000
,GEN-EWS,6001
,GEN-EWS,6002
,GEN-EWS,6003
,GEN-EWS,6004
,GEN-EWS,6005
,GEN-EWS,6006
,GEN-EWS,6007
,GEN-EWS,6008
,GEN-EWS,6009
,GEN-EWS,6010
,GEN-EWS,6011
,GEN-EWS,6012
,GEN-EWS,6013
,GEN-EWS,6014
,GEN-EWS,6015
,GEN-EWS,6016
,GEN-EWS,6017
,GEN-EWS,6018
,GEN-EWS,6019
,GEN-EWS,6020
,GEN-EWS,6021
,GEN-EWS,6022
,GEN-EWS,6023
,GEN-EWS,6024
,GEN-EWS,6025
,GEN-EWS,6026
,GEN-EWS,6027
,GEN-EWS,6028
,GEN-EWS,6029
,GEN-EWS,6030
,GEN-EWS,6031
,GEN-EWS,6032
,GEN-EWS,6033
,GEN-EWS,6034
,GEN-EWS,6035
,GEN-EWS,6036
,GEN-EWS,6037
,GEN-EWS,6038
,GEN-EWS,6039
,GEN-EWS,6040
,GEN-EWS,6041
,GEN-EWS,6042
,GEN-EWS,6043
,GEN-EWS,6044
,GEN-EWS,6045
,GEN-EWS,6046
,GEN-EWS,6047
,GEN-EWS,6048
,GEN-EWS,6049
,GEN-EWS,6050
,GEN-EWS,6051
,GEN-EWS,6052
,GEN-EWS,6053
,GEN-EWS,6054
,GEN-EWS,6055
,GEN-EWS,6056
,GEN-EWS,6057
,GEN-EWS,6058
,GEN-EWS,6059
,GEN-EWS,6060
,GEN-EWS,6061
,GEN-EWS,6062
,GEN-EWS,6063
,GEN-EWS,6064
,GEN-EWS,6065
,GEN-EWS,6066
,GEN-EWS,6067
,GEN-EWS,6068
,GEN-EWS,6069
,GEN-EWS,6070
,GEN-EWS,6071
,GEN-EWS,6072
,GEN-EWS,6073
,GEN-EWS,6074
,GEN-EWS,6075
,GEN-EWS,6076
,GEN-EWS,6077
,GEN-EWS,6078
,GEN-EWS,6079
,GEN-EWS,6080
,GEN-EWS,6081
,GEN-EWS,6082
,GEN-EWS,6083
,GEN-EWS,6084
,GEN-EWS,6085
,GEN-EWS,6086
,GEN-EWS,6087
,GEN-EWS,6088
,GEN-EWS,6089
,GEN-EWS,6090
,GEN-EWS,6091
,GEN-EWS,6092
,GEN-EWS,6093
,GEN-EWS,6094
,GEN-EWS,6095
,GEN-EWS,6096
,GEN-EWS,6097
,GEN-EWS,6098
,GEN-EWS,6099
,GEN-EWS,6100
,GEN-EWS,6101
,GEN-EWS,6102
,GEN-EWS,6103
,GEN-EWS,6104
,GEN-EWS,6105
,GEN-EWS,6106
,GEN-EWS,6107
,GEN-EWS,6108
,GEN-EWS,6109
,GEN-EWS,6110
,GEN-EWS,6111
,GEN-EWS,6112
,GEN-EWS,6113
,GEN-EWS,6114
,GEN-EWS,6115
,GEN-EWS,6116
,GEN-EWS,6117
,GEN-EWS,6118
,GEN-EWS,6119
,GEN-EWS,6120
,GEN-EWS,6121
,GEN-EWS,6122
,GEN-EWS,6123
,GEN-EWS,6124
,GEN-EWS,6125
,GEN-EWS,6126
,GEN-EWS,6127
,GEN-EWS,6128
,GEN-EWS,6129
,GEN-EWS,6130
,GEN-EWS,6131
,GEN-EWS,6132
,GEN-EWS,6133
,GEN-EWS,6134
,GEN-EWS,6135
,GEN-EWS,6136
,GEN-EWS,6137
,GEN-EWS,6138
,GEN-EWS,6139
,GEN-EWS,6140
,GEN-EWS,6141
,GEN-EWS,6142
,GEN-EWS,6143
,GEN-EWS,6144
,GEN-EWS,6145
,GEN-EWS,6146
,GEN-EWS,6147
,GEN-EWS,6148
,GEN-EWS,6149
,GEN-EWS,6150
,GEN-EWS,6151
,GEN-EWS,6152
,GEN-EWS,6153
,GEN-EWS,6154
,GEN-EWS,6155
,GEN-EWS,6156
,GEN-EWS,6157
,GEN-EWS,6158
,GEN-EWS,6159
,GEN-EWS,6160
,GEN-EWS,6161
,GEN-EWS,6162
,GEN-EWS,6163
,GEN-EWS,6164
,GEN-EWS,6165
,GEN-EWS,6166
,GEN-EWS,6167
,GEN-EWS,6168
,GEN-EWS,6169
,GEN-EWS,6170
,GEN-EWS,6171
,GEN-EWS,6172
,GEN-EWS,6173
,GEN-EWS,6174
,GEN-EWS,6175
,GEN-EWS,6176
,GEN-EWS,6177
,GEN-EWS,6178
,GEN-EWS,6179
,GEN-EWS,6180
,GEN-EWS,6181
,GEN-EWS,6182
,GEN-EWS,6183
,GEN-EWS,6184
,GEN-EWS,6185
,GEN-EWS,6186
,GEN-EWS,6187
,GEN-EWS,6188
,GEN-EWS,6189
,GEN-EWS,6190
,GEN-EWS,6191
,GEN-EWS,6192
,GEN-EWS,6193
,GEN-EWS,6194
,GEN-EWS,6195
,GEN-EWS,6196
,GEN-EWS,6197
,GEN-EWS,6198
,GEN-EWS,6199
,GEN-EWS,6200
,GEN-EWS,6201
,GEN-EWS,6202
,GEN-EWS,6203
,GEN-EWS,6204
,GEN-EWS,6205
,GEN-EWS,6206
,GEN-EWS,6207
,GEN-EWS,6208
,GEN-EWS,6209
,GEN-EWS,6210
,GEN-EWS,6211
,GEN-EWS,6212
,GEN-EWS,6213
,GEN-EWS,6214
,GEN-EWS,6215
,GEN-EWS,6216
,GEN-EWS,6217
,GEN-EWS,6218
,GEN-EWS,6219
,GEN-EWS,6220
,GEN-EWS,6221
,GEN-EWS,6222
,GEN-EWS,6223
,GEN-EWS,6224
,GEN-EWS,6225
,GEN-EWS,6226
,GEN-EWS,6227
,GEN-EWS,6228
,GEN-EWS,6229
,GEN-EWS,6230
,GEN-EWS,6231
,GEN-EWS,6232
,GEN-EWS,6233
,GEN-EWS,6234
,GEN-EWS,6235
,GEN-EWS,6236
,GEN-EWS,6237
,GEN-EWS,6238
,GEN-EWS,6239
,GEN-EWS,6240
,GEN-EWS,6241
,GEN-EWS,6242
,GEN-EWS,6243
,GEN-EWS,6244
,GEN-EWS,6245
,GEN-EWS,6246
,GEN-EWS,6247
,GEN-EWS,6248
,GEN-EWS,6249
,GEN-EWS,6250
,GEN-EWS,6251
,GEN-EWS,6252
,GEN-EWS,6253
,GEN-EWS,6254
,GEN-EWS,6255
,GEN-EWS,6256
,GEN-EWS,6257
,GEN-EWS,6258
,GEN-EWS,6259
,GEN-EWS,6260
,GEN-EWS,6261
,GEN-EWS,6262
,GEN-EWS,6263
,GEN-EWS,6264
,GEN-EWS,6265
,GEN-EWS,6266
,GEN-EWS,6267
,GEN-EWS,6268
,GEN-EWS,6269
,GEN-EWS,6270
,GEN-EWS,6271
,GEN-EWS,6272
,GEN-EWS,6273
,GEN-EWS,6274
,GEN-EWS,6275
,GEN-EWS,6276
,GEN-EWS,6277
,GEN-EWS,6278
,GEN-EWS,6279
,GEN-EWS,6280
,GEN-EWS,6281
,GEN-EWS,6282
,GEN-EWS,6283
,GEN-EWS,6284
,GEN-EWS,6285
,GEN-EWS,6286
,GEN-EWS,6287
,GEN-EWS,6288
,GEN-EWS,6289
,GEN-EWS,6290
,GEN-EWS,6291
,GEN-EWS,6292
,GEN-EWS,6293
,GEN-EWS,6294
,GEN-EWS,6295
,GEN-EWS,6296
,GEN-EWS,6297
,GEN-EWS,6298
,GEN-EWS,6299
,GEN-EWS,6300
,GEN-EWS,6300
,GEN-EWS,6302
,GEN-EWS,6303
,GEN-EWS,6304
,GEN-EWS,6305
,GEN-EWS,6306
,GEN-EWS,6307
,GEN-EWS,6308
,GEN-EWS,6309
,GEN-EWS,6310
,GEN-EWS,6311
,GEN-EWS,6312
,GEN-EWS,6313
,GEN-EWS,6314
,GEN-EWS,6315
,GEN-EWS,6316
,GEN-EWS,6317
,GEN-EWS,6318
,GEN-EWS,6319
,GEN-EWS,6320
,GEN-EWS,6321
,GEN-EWS,6322
,GEN-EWS,6323
,GEN-EWS,6324
,GEN-EWS,6325
,GEN-EWS,6326
,GEN-EWS,6327
,GEN-EWS,6328
,GEN-EWS,6329
,GEN-EWS,6330
,GEN-EWS,6331
,GEN-EWS,6332
,GEN-EWS,6333
,GEN-EWS,6334
,GEN-EWS,6335
,GEN-EWS,6336
,GEN-EWS,6337
,GEN-EWS,6338
,GEN-EWS,6339
,GEN-EWS,6340
,GEN-EWS,6341
,GEN-EWS,6342
,GEN-EWS,6343
,GEN-EWS,6344
,GEN-EWS,6345
,GEN-EWS,6346
,GEN-EWS,6347
,GEN-EWS,6348
,GEN-EWS,6349
,GEN-EWS,6350
,GEN-EWS,6351
,GEN-EWS,6352
,GEN-EWS,6353
,GEN-EWS,6354
,GEN-EWS,6355
,GEN-EWS,6356
,GEN-EWS,6357
,GEN-EWS,6358
,GEN-EWS,6359
,GEN-EWS,6360
,GEN-EWS,6361
,GEN-EWS,6362
,GEN-EWS,6363
,GEN-EWS,6364
,GEN-EWS,6365
,GEN-EWS,6366
,GEN-EWS,6367
,GEN-EWS,6368
,GEN-EWS,6369
,GEN-EWS,6370
,GEN-EWS,6371
,GEN-EWS,6372
,GEN-EWS,6373
,GEN-EWS,6374
,GEN-EWS,6375
,GEN-EWS,6376
,GEN-EWS,6377
,GEN-EWS,6378
,GEN-EWS,6379
,GEN-EWS,6380
,GEN-EWS,6381
,GEN-EWS,6382
,GEN-EWS,6383
,GEN-EWS,6384
,GEN-EWS,6385
,GEN-EWS,6386
,GEN-EWS,6387
,GEN-EWS,6388
,GEN-EWS,6389
,GEN-EWS,6390
,GEN-EWS,6391
,GEN-EWS,6392
,GEN-EWS,6393
,GEN-EWS,6394
,GEN-EWS,6395
,GEN-EWS,6396
,GEN-EWS,6397
,GEN-EWS,6398
,GEN-EWS,6399
,GEN-EWS,6400
,GEN-EWS,6401
,GEN-EWS,6402
,GEN-EWS,6403
,GEN-EWS,6404
,GEN-EWS,6405
,GEN-EWS,6406
,GEN-EWS,6407
,GEN-EWS,6408
,GEN-EWS,6409
,GEN-EWS,6410
,GEN-EWS,6411
,GEN-EWS,6412
,GEN-EWS,6413
,GEN-EWS,6414
,GEN-EWS,6415
,GEN-EWS,6416
,GEN-EWS,6417
,GEN-EWS,6418
,GEN-EWS,6419
,GEN-EWS,6420
,GEN-EWS,6421
,GEN-EWS,6422
,GEN-EWS,6423
,GEN-EWS,6424
,GEN-EWS,6425
,GEN-EWS,6426
,GEN-EWS,6427
,GEN-EWS,6428
,GEN-EWS,6429
,GEN-EWS,6430
,OBC-NCL,2216
,OBC-NCL,2288
,OBC-NCL,3013
,OBC-NCL,3034
,OBC-NCL,3367
,OBC-NCL,3430
,OBC-NCL,3548
,OBC-NCL,3800
,OBC-NCL,3964
,OBC-NCL,4134
,OBC-NCL,4145
,OBC-NCL,4213
,OBC-NCL,4584
,OBC-NCL,4585
,OBC-NCL,4595
,OBC-NCL,4713
,OBC-NCL,4825
,OBC-NCL,4858
,OBC-NCL,4900
,OBC-NCL,5029
,OBC-NCL,5092
,OBC-NCL,5140
,OBC-NCL,5152
,OBC-NCL,5398
,OBC-NCL,5484
,OBC-NCL,5525
,OBC-NCL,5638
,OBC-NCL,5708
,OBC-NCL,5765
,OBC-NCL,5782
,OBC-NCL,5813
,OBC-NCL,5822
,OBC-NCL,5991
,OBC-NCL,6105
,OBC-NCL,6106
,OBC-NCL,6112
,OBC-NCL,6157
,OBC-NCL,6215
,OBC-NCL,6269
,OBC-NCL,6323
,OBC-NCL,6676
,OBC-NCL,6801
,OBC-NCL,6930
,OBC-NCL,6971
,OBC-NCL,7125
,OBC-NCL,7132
,OBC-NCL,7151
,OBC-NCL,7195
,OBC-NCL,7209
,OBC-NCL,7295
,OBC-NCL,7448
,OBC-NCL,7451
,OBC-NCL,7488
,OBC-NCL,7553
,OBC-NCL,7618
,OBC-NCL,7672
,OBC-NCL,7821
,OBC-NCL,7832
,OBC-NCL,7900
,OBC-NCL,7916
,OBC-NCL,7917
,OBC-NCL,7958
,OBC-NCL,8004
,OBC-NCL,8046
,OBC-NCL,8107
,OBC-NCL,8276
,OBC-NCL,8295
,OBC-NCL,8377
,OBC-NCL,8426
,OBC-NCL,8442
,OBC-NCL,8443
,OBC-NCL,8461
,OBC-NCL,8488
,OBC-NCL,8532
,OBC-NCL,8594
,OBC-NCL,8613
,OBC-NCL,8636
,OBC-NCL,8680
,OBC-NCL,8703
,OBC-NCL,8709
,OBC-NCL,8747
,OBC-NCL,8804
,OBC-NCL,8823
,OBC-NCL,8833
,OBC-NCL,8917
,OBC-NCL,8958
,OBC-NCL,8976
,OBC-NCL,8977
,OBC-NCL,8978
,OBC-NCL,9009
,OBC-NCL,9021
,OBC-NCL,9055
,OBC-NCL,9068
,OBC-NCL,9080
,OBC-NCL,9117
,OBC-NCL,9145
,OBC-NCL,9148
,OBC-NCL,9177
,OBC-NCL,9251
,OBC-NCL,9275
,OBC-NCL,9276
,OBC-NCL,9421
,OBC-NCL,9453
,OBC-NCL,9460
,OBC-NCL,9482
,OBC-NCL,9588
,OBC-NCL,9663
,OBC-NCL,9673
,OBC-NCL,9689
,OBC-NCL,9720
,OBC-NCL,9735
,OBC-NCL,9743
,OBC-NCL,9807
,OBC-NCL,9808
,OBC-NCL,9883
,OBC-NCL,9902
,OBC-NCL,9915
,OBC-NCL,9945
,OBC-NCL,9972
,OBC-NCL,9973
,OBC-NCL,9974
,OBC-NCL,9975
,OBC-NCL,9976
,OBC-NCL,9977
,OBC-NCL,9978
,OBC-NCL,9979
,OBC-NCL,9980
,OBC-NCL,9981
,OBC-NCL,9982
,OBC-NCL,9983
,OBC-NCL,9984
,OBC-NCL,9985
,OBC-NCL,9986
,OBC-NCL,9987
,OBC-NCL,9988
,OBC-NCL,9989
,OBC-NCL,9990
,OBC-NCL,9991
,OBC-NCL,9992
,OBC-NCL,9993
,OBC-NCL,9994
,OBC-NCL,9995
,OBC-NCL,9996
,OBC-NCL,9997
,OBC-NCL,9998
,OBC-NCL,9999
,OBC-NCL,10000
,OBC-NCL,10001
,OBC-NCL,10002
,OBC-NCL,10003
,OBC-NCL,10004
,OBC-NCL,10005
,OBC-NCL,10006
,OBC-NCL,10007
,OBC-NCL,10008
,OBC-NCL,10009
,OBC-NCL,10010
,OBC-NCL,10011
,OBC-NCL,10012
,OBC-NCL,10013
,OBC-NCL,10014
,OBC-NCL,10015
,OBC-NCL,10016
,OBC-NCL,10017
,OBC-NCL,10018
,OBC-NCL,10019
,OBC-NCL,10020
,OBC-NCL,10021
,OBC-NCL,10022
,OBC-NCL,10023
,OBC-NCL,10023
,OBC-NCL,10025
,OBC-NCL,10026
,OBC-NCL,10027
,OBC-NCL,10028
,OBC-NCL,10029
,OBC-NCL,10030
,OBC-NCL,10031
,OBC-NCL,10032
,OBC-NCL,10033
,OBC-NCL,10034
,OBC-NCL,10035
,OBC-NCL,10036
,OBC-NCL,10037
,OBC-NCL,10038
,OBC-NCL,10039
,OBC-NCL,10040
,OBC-NCL,10041
,OBC-NCL,10042
,OBC-NCL,10043
,OBC-NCL,10044
,OBC-NCL,10045
,OBC-NCL,10046
,OBC-NCL,10047
,OBC-NCL,10048
,OBC-NCL,10049
,OBC-NCL,10050
,OBC-NCL,10051
,OBC-NCL,10052
,OBC-NCL,10053
,OBC-NCL,10054
,OBC-NCL,10055
,OBC-NCL,10056
,OBC-NCL,10057
,OBC-NCL,10058
,OBC-NCL,10059
,OBC-NCL,10060
,OBC-NCL,10061
,OBC-NCL,10062
,OBC-NCL,10063
,OBC-NCL,10064
,OBC-NCL,10065
,OBC-NCL,10066
,OBC-NCL,10067
,OBC-NCL,10068
,OBC-NCL,10069
,OBC-NCL,10070
,OBC-NCL,10071
,OBC-NCL,10072
,OBC-NCL,10073
,OBC-NCL,10074
,OBC-NCL,10075
,OBC-NCL,10076
,OBC-NCL,10077
,OBC-NCL,10078
,OBC-NCL,10079
,OBC-NCL,10080
,OBC-NCL,10081
,OBC-NCL,10082
,OBC-NCL,10083
,OBC-NCL,10084
,OBC-NCL,10085
,OBC-NCL,10086
,OBC-NCL,10087
,OBC-NCL,10088
,OBC-NCL,10089
,OBC-NCL,10090
,OBC-NCL,10091
,OBC-NCL,10092
,OBC-NCL,10093
,OBC-NCL,10094
,OBC-NCL,10095
,OBC-NCL,10096
,OBC-NCL,10097
,OBC-NCL,10098
,OBC-NCL,10099
,OBC-NCL,10100
,OBC-NCL,10101
,OBC-NCL,10102
,OBC-NCL,10103
,OBC-NCL,10104
,OBC-NCL,10105
,OBC-NCL,10106
,OBC-NCL,10107
,OBC-NCL,10108
,OBC-NCL,10109
,OBC-NCL,10110
,OBC-NCL,10111
,OBC-NCL,10112
,OBC-NCL,10113
,OBC-NCL,10114
,OBC-NCL,10115
,OBC-NCL,10116
,OBC-NCL,10117
,OBC-NCL,10118
,OBC-NCL,10119
,OBC-NCL,10120
,OBC-NCL,10121
,OBC-NCL,10122
,OBC-NCL,10123
,OBC-NCL,10124
,OBC-NCL,10125
,OBC-NCL,10126
,OBC-NCL,10127
,OBC-NCL,10128
,OBC-NCL,10129
,OBC-NCL,10130
,OBC-NCL,10131
,OBC-NCL,10131
,OBC-NCL,10133
,OBC-NCL,10134
,OBC-NCL,10135
,OBC-NCL,10136
,OBC-NCL,10137
,OBC-NCL,10138
,OBC-NCL,10139
,OBC-NCL,10140
,OBC-NCL,10141
,OBC-NCL,10142
,OBC-NCL,10143
,OBC-NCL,10144
,OBC-NCL,10145
,OBC-NCL,10146
,OBC-NCL,10147
,OBC-NCL,10148
,OBC-NCL,10149
,OBC-NCL,10150
,OBC-NCL,10151
,OBC-NCL,10152
,OBC-NCL,10153
,OBC-NCL,10154
,OBC-NCL,10155
,OBC-NCL,10156
,OBC-NCL,10157
,OBC-NCL,10158
,OBC-NCL,10159
,OBC-NCL,10160
,OBC-NCL,10161
,OBC-NCL,10162
,OBC-NCL,10163
,OBC-NCL,10164
,OBC-NCL,10165
,OBC-NCL,10166
,OBC-NCL,10167
,OBC-NCL,10168
,OBC-NCL,10169
,OBC-NCL,10170
,OBC-NCL,10171
,OBC-NCL,10172
,OBC-NCL,10173
,OBC-NCL,10174
,OBC-NCL,10175
,OBC-NCL,10176
,OBC-NCL,10177
,OBC-NCL,10178
,OBC-NCL,10179
,OBC-NCL,10180
,OBC-NCL,10181
,OBC-NCL,10182
,OBC-NCL,10183
,OBC-NCL,10184
,OBC-NCL,10185
,OBC-NCL,10186
,OBC-NCL,10187
,OBC-NCL,10188
,OBC-NCL,10189
,OBC-NCL,10190
,OBC-NCL,10191
,OBC-NCL,10192
,OBC-NCL,10193
,OBC-NCL,10194
,OBC-NCL,10195
,OBC-NCL,10196
,OBC-NCL,10197
,OBC-NCL,10198
,OBC-NCL,10199
,OBC-NCL,10200
,OBC-NCL,10201
,OBC-NCL,10202
,OBC-NCL,10203
,OBC-NCL,10204
,OBC-NCL,10205
,OBC-NCL,10206
,OBC-NCL,10207
,OBC-NCL,10208
,OBC-NCL,10209
,OBC-NCL,10210
,OBC-NCL,10211
,OBC-NCL,10212
,OBC-NCL,10213
,OBC-NCL,10214
,OBC-NCL,10215
,OBC-NCL,10216
,OBC-NCL,10217
,OBC-NCL,10218
,OBC-NCL,10219
,OBC-NCL,10220
,OBC-NCL,10221
,OBC-NCL,10222
,OBC-NCL,10223
,OBC-NCL,10224
,OBC-NCL,10225
,OBC-NCL,10226
,OBC-NCL,10227
,OBC-NCL,10228
,OBC-NCL,10229
,OBC-NCL,10230
,OBC-NCL,10231
,OBC-NCL,10232
,OBC-NCL,10233
,OBC-NCL,10234
,OBC-NCL,10235
,OBC-NCL,10236
,OBC-NCL,10237
,OBC-NCL,10238
,OBC-NCL,10239
,OBC-NCL,10240
,OBC-NCL,10241
,OBC-NCL,10242
,OBC-NCL,10243
,OBC-NCL,10244
,OBC-NCL,10245
,OBC-NCL,10245
,OBC-NCL,10247
,OBC-NCL,10248
,OBC-NCL,10249
,OBC-NCL,10250
,OBC-NCL,10251
,OBC-NCL,10252
,OBC-NCL,10253
,OBC-NCL,10254
,OBC-NCL,10255
,OBC-NCL,10256
,OBC-NCL,10257
,OBC-NCL,10258
,OBC-NCL,10259
,OBC-NCL,10260
,OBC-NCL,10261
,OBC-NCL,10262
,OBC-NCL,10263
,OBC-NCL,10264
,OBC-NCL,10265
,OBC-NCL,10266
,OBC-NCL,10267
,OBC-NCL,10268
,OBC-NCL,10269
,OBC-NCL,10270
,OBC-NCL,10271
,OBC-NCL,10272
,OBC-NCL,10273
,OBC-NCL,10274
,OBC-NCL,10275
,OBC-NCL,10276
,OBC-NCL,10277
,OBC-NCL,10278
,OBC-NCL,10279
,OBC-NCL,10280
,OBC-NCL,10281
,OBC-NCL,10282
,OBC-NCL,10283
,OBC-NCL,10284
,OBC-NCL,10285
,OBC-NCL,10286
,OBC-NCL,10287
,OBC-NCL,10288
,OBC-NCL,10289
,OBC-NCL,10290
,OBC-NCL,10291
,OBC-NCL,10292
,OBC-NCL,10293
,OBC-NCL,10294
,OBC-NCL,10295
,OBC-NCL,10296
,OBC-NCL,10297
,OBC-NCL,10298
,OBC-NCL,10299
,OBC-NCL,10300
,OBC-NCL,10301
,OBC-NCL,10302
,OBC-NCL,10303
,OBC-NCL,10304
,OBC-NCL,10305
,OBC-NCL,10306
,OBC-NCL,10307
,OBC-NCL,10308
,OBC-NCL,10309
,OBC-NCL,10310
,OBC-NCL,10311
,OBC-NCL,10312
,OBC-NCL,10313
,OBC-NCL,10314
,OBC-NCL,10315
,OBC-NCL,10316
,OBC-NCL,10317
,OBC-NCL,10318
,OBC-NCL,10319
,OBC-NCL,10320
,OBC-NCL,10321
,OBC-NCL,10322
,OBC-NCL,10323
,OBC-NCL,10324
,OBC-NCL,10325
,OBC-NCL,10326
,OBC-NCL,10327
,OBC-NCL,10328
,OBC-NCL,10329
,OBC-NCL,10330
,OBC-NCL,10331
,OBC-NCL,10332
,OBC-NCL,10333
,OBC-NCL,10334
,OBC-NCL,10335
,OBC-NCL,10336
,OBC-NCL,10337
,OBC-NCL,10338
,OBC-NCL,10339
,OBC-NCL,10340
,OBC-NCL,10341
,OBC-NCL,10341
,OBC-NCL,10343
,OBC-NCL,10344
,OBC-NCL,10345
,OBC-NCL,10346
,OBC-NCL,10347
,OBC-NCL,10348
,OBC-NCL,10349
,OBC-NCL,10350
,OBC-NCL,10351
,OBC-NCL,10352
,OBC-NCL,10353
,OBC-NCL,10354
,OBC-NCL,10355
,OBC-NCL,10356
,OBC-NCL,10357
,OBC-NCL,10358
,OBC-NCL,10359
,OBC-NCL,10360
,OBC-NCL,10361
,OBC-NCL,10362
,OBC-NCL,10363
,OBC-NCL,10364
,OBC-NCL,10365
,OBC-NCL,10366
,OBC-NCL,10367
,OBC-NCL,10368
,OBC-NCL,10369
,OBC-NCL,10370
,OBC-NCL,10371
,OBC-NCL,10372
,OBC-NCL,10373
,OBC-NCL,10374
,OBC-NCL,10375
,OBC-NCL,10376
,OBC-NCL,10377
,OBC-NCL,10378
,OBC-NCL,10379
,OBC-NCL,10380
,OBC-NCL,10381
,OBC-NCL,10382
,OBC-NCL,10383
,OBC-NCL,10384
,OBC-NCL,10385
,OBC-NCL,10386
,OBC-NCL,10387
,OBC-NCL,10388
,OBC-NCL,10389
,OBC-NCL,10389
,OBC-NCL,10391
,OBC-NCL,10392
,OBC-NCL,10393
,OBC-NCL,10394
,OBC-NCL,10395
,OBC-NCL,10396
,OBC-NCL,10397
,OBC-NCL,10398
,OBC-NCL,10399
,OBC-NCL,10400
,OBC-NCL,10401
,OBC-NCL,10402
,OBC-NCL,10403
,OBC-NCL,10404
,OBC-NCL,10405
,OBC-NCL,10406
,OBC-NCL,10407
,OBC-NCL,10408
,OBC-NCL,10409
,OBC-NCL,10410
,OBC-NCL,10411
,OBC-NCL,10412
,OBC-NCL,10413
,OBC-NCL,10414
,OBC-NCL,10415
,OBC-NCL,10416
,OBC-NCL,10417
,OBC-NCL,10418
,OBC-NCL,10419
,OBC-NCL,10420
,OBC-NCL,10421
,OBC-NCL,10422
,OBC-NCL,10423
,OBC-NCL,10424
,OBC-NCL,10425
,OBC-NCL,10426
,OBC-NCL,10427
,OBC-NCL,10428
,OBC-NCL,10429
,OBC-NCL,10430
,OBC-NCL,10431
,OBC-NCL,10432
,OBC-NCL,10433
,OBC-NCL,10434
,OBC-NCL,10435
,OBC-NCL,10436
,OBC-NCL,10437
,OBC-NCL,10438
,OBC-NCL,10439
,OBC-NCL,10440
,OBC-NCL,10441
,OBC-NCL,10442
,OBC-NCL,10443
,OBC-NCL,10444
,OBC-NCL,10445
,OBC-NCL,10446
,OBC-NCL,10447
,OBC-NCL,10448
,OBC-NCL,10449
,OBC-NCL,10450
,OBC-NCL,10451
,OBC-NCL,10452
,OBC-NCL,10453
,OBC-NCL,10454
,OBC-NCL,10454
,OBC-NCL,10456
,OBC-NCL,10457
,OBC-NCL,10458
,OBC-NCL,10459
,OBC-NCL,10460
,OBC-NCL,10461
,OBC-NCL,10462
,OBC-NCL,10463
,OBC-NCL,10464
,OBC-NCL,10465
,OBC-NCL,10466
,OBC-NCL,10467
,OBC-NCL,10468
,OBC-NCL,10469
,OBC-NCL,10470
,OBC-NCL,10471
,OBC-NCL,10472
,OBC-NCL,10473
,OBC-NCL,10474
,OBC-NCL,10475
,OBC-NCL,10476
,OBC-NCL,10477
,OBC-NCL,10477
,OBC-NCL,10479
,OBC-NCL,10480
,OBC-NCL,10481
,OBC-NCL,10482
,OBC-NCL,10483
,OBC-NCL,10484
,OBC-NCL,10485
,OBC-NCL,10486
,OBC-NCL,10487
,OBC-NCL,10488
,OBC-NCL,10489
,OBC-NCL,10490
,OBC-NCL,10491
,OBC-NCL,10492
,OBC-NCL,10493
,OBC-NCL,10494
,OBC-NCL,10495
,OBC-NCL,10496
,OBC-NCL,10497
,OBC-NCL,10498
,OBC-NCL,10499
,OBC-NCL,10500
,OBC-NCL,10501
,OBC-NCL,10502
,OBC-NCL,10503
,OBC-NCL,10504
,OBC-NCL,10505
,OBC-NCL,10506
,OBC-NCL,10507
,OBC-NCL,10508
,OBC-NCL,10509
,OBC-NCL,10510
,OBC-NCL,10511
,OBC-NCL,10512
,OBC-NCL,10513
,OBC-NCL,10514
,OBC-NCL,10515
,OBC-NCL,10516
,OBC-NCL,10517
,OBC-NCL,10518
,OBC-NCL,10519
,OBC-NCL,10520
,OBC-NCL,10521
,OBC-NCL,10522
,OBC-NCL,10523
,OBC-NCL,10524
,OBC-NCL,10525
,OBC-NCL,10526
,OBC-NCL,10527
,OBC-NCL,10528
,OBC-NCL,10529
,OBC-NCL,10530
,OBC-NCL,10531
,OBC-NCL,10532
,OBC-NCL,10533
,OBC-NCL,10534
,OBC-NCL,10535
,OBC-NCL,10536
,OBC-NCL,10537
,OBC-NCL,10538
,OBC-NCL,10539
,OBC-NCL,10540
,OBC-NCL,10541
,OBC-NCL,10542
,OBC-NCL,10543
,OBC-NCL,10544
,OBC-NCL,10545
,OBC-NCL,10546
,OBC-NCL,10547
,OBC-NCL,10548
,OBC-NCL,10549
,OBC-NCL,10550
,OBC-NCL,10551
,OBC-NCL,10552
,OBC-NCL,10553
,OBC-NCL,10554
,OBC-NCL,10555
,OBC-NCL,10556
,OBC-NCL,10557
,OBC-NCL,10558
,OBC-NCL,10559
,OBC-NCL,10560
,OBC-NCL,10561
,OBC-NCL,10562
,OBC-NCL,10563
,OBC-NCL,10564
,OBC-NCL,10565
,OBC-NCL,10566
,OBC-NCL,10567
,OBC-NCL,10568
,OBC-NCL,10569
,OBC-NCL,10570
,OBC-NCL,10571
,OBC-NCL,10572
,OBC-NCL,10573
,OBC-NCL,10574
,OBC-NCL,10575
,OBC-NCL,10576
,OBC-NCL,10577
,OBC-NCL,10578
,OBC-NCL,10579
,OBC-NCL,10580
,OBC-NCL,10581
,OBC-NCL,10582
,OBC-NCL,10583
,OBC-NCL,10584
,OBC-NCL,10585
,OBC-NCL,10586
,OBC-NCL,10587
,OBC-NCL,10588
,OBC-NCL,10589
,OBC-NCL,10590
,OBC-NCL,10591
,OBC-NCL,10592
,OBC-NCL,10593
,OBC-NCL,10594
,OBC-NCL,10595
,OBC-NCL,10596
,OBC-NCL,10597
,OBC-NCL,10598
,OBC-NCL,10599
,OBC-NCL,10600
,OBC-NCL,10601
,OBC-NCL,10602
,OBC-NCL,10603
,OBC-NCL,10604
,OBC-NCL,10605
,OBC-NCL,10606
,OBC-NCL,10607
,OBC-NCL,10608
,OBC-NCL,10609
,OBC-NCL,10610
,OBC-NCL,10611
,OBC-NCL,10612
,OBC-NCL,10613
,OBC-NCL,10614
,OBC-NCL,10615
,OBC-NCL,10616
,OBC-NCL,10617
,OBC-NCL,10618
,OBC-NCL,10619
,OBC-NCL,10620
,OBC-NCL,10621
,OBC-NCL,10622
,OBC-NCL,10623
,OBC-NCL,10624
,OBC-NCL,10625
,OBC-NCL,10626
,OBC-NCL,10627
,OBC-NCL,10628
,OBC-NCL,10629
,OBC-NCL,10630
,OBC-NCL,10631
,OBC-NCL,10632
,OBC-NCL,10633
,OBC-NCL,10634
,OBC-NCL,10635
,OBC-NCL,10636
,OBC-NCL,10637
,OBC-NCL,10638
,OBC-NCL,10639
,OBC-NCL,10640
,OBC-NCL,10641
,OBC-NCL,10642
,OBC-NCL,10643
,OBC-NCL,10644
,OBC-NCL,10645
,OBC-NCL,10646
,OBC-NCL,10647
,OBC-NCL,10648
,OBC-NCL,10649
,OBC-NCL,10650
,OBC-NCL,10651
,OBC-NCL,10652
,OBC-NCL,10653
,OBC-NCL,10654
,OBC-NCL,10655
,OBC-NCL,10656
,OBC-NCL,10657
,OBC-NCL,10658
,OBC-NCL,10659
,OBC-NCL,10660
,OBC-NCL,10661
,OBC-NCL,10662
,OBC-NCL,10663
,OBC-NCL,10664
,OBC-NCL,10665
,OBC-NCL,10666
,OBC-NCL,10667
,OBC-NCL,10668
,OBC-NCL,10669
,OBC-NCL,10670
,OBC-NCL,10671
,OBC-NCL,10672
,OBC-NCL,10673
,OBC-NCL,10674
,OBC-NCL,10675
,OBC-NCL,10676
,OBC-NCL,10677
,OBC-NCL,10678
,OBC-NCL,10679
,OBC-NCL,10680
,OBC-NCL,10681
,OBC-NCL,10682
,OBC-NCL,10683
,OBC-NCL,10684
,OBC-NCL,10685
,OBC-NCL,10686
,OBC-NCL,10687
,OBC-NCL,10688
,OBC-NCL,10689
,OBC-NCL,10690
,OBC-NCL,10691
,OBC-NCL,10692
,OBC-NCL,10693
,OBC-NCL,10694
,OBC-NCL,10695
,OBC-NCL,10696
,OBC-NCL,10697
,OBC-NCL,10698
,OBC-NCL,10699
,OBC-NCL,10700
,OBC-NCL,10701
,OBC-NCL,10702
,OBC-NCL,10703
,OBC-NCL,10704
,OBC-NCL,10705
,OBC-NCL,10706
,OBC-NCL,10707
,OBC-NCL,10708
,OBC-NCL,10709
,OBC-NCL,10710
,OBC-NCL,10711
,OBC-NCL,10712
,OBC-NCL,10713
,OBC-NCL,10714
,OBC-NCL,10715
,OBC-NCL,10716
,OBC-NCL,10717
,OBC-NCL,10718
,OBC-NCL,10719
,OBC-NCL,10720
,OBC-NCL,10721
,OBC-NCL,10722
,OBC-NCL,10723
,OBC-NCL,10724
,OBC-NCL,10725
,OBC-NCL,10726
,OBC-NCL,10726
,OBC-NCL,10728
,OBC-NCL,10729
,OBC-NCL,10730
,OBC-NCL,10731
,OBC-NCL,10732
,OBC-NCL,10733
,OBC-NCL,10734
,OBC-NCL,10735
,OBC-NCL,10736
,OBC-NCL,10737
,OBC-NCL,10738
,OBC-NCL,10739
,OBC-NCL,10740
,OBC-NCL,10741
,OBC-NCL,10742
,OBC-NCL,10743
,OBC-NCL,10744
,OBC-NCL,10745
,OBC-NCL,10746
,OBC-NCL,10747
,OBC-NCL,10748
,OBC-NCL,10749
,OBC-NCL,10750
,OBC-NCL,10751
,OBC-NCL,10752
,OBC-NCL,10753
,OBC-NCL,10754
,OBC-NCL,10755
,OBC-NCL,10756
,OBC-NCL,10757
,OBC-NCL,10758
,OBC-NCL,10759
,OBC-NCL,10760
,OBC-NCL,10761
,OBC-NCL,10762
,OBC-NCL,10763
,OBC-NCL,10764
,OBC-NCL,10765
,OBC-NCL,10766
,OBC-NCL,10767
,OBC-NCL,10768
,OBC-NCL,10769
,OBC-NCL,10770
,OBC-NCL,10771
,OBC-NCL,10772
,OBC-NCL,10773
,OBC-NCL,10774
,OBC-NCL,10775
,OBC-NCL,10776
,OBC-NCL,10777
,OBC-NCL,10778
,OBC-NCL,10779
,OBC-NCL,10780
,OBC-NCL,10781
,OBC-NCL,10782
,OBC-NCL,10783
,OBC-NCL,10784
,OBC-NCL,10785
,OBC-NCL,10786
,OBC-NCL,10787
,OBC-NCL,10788
,OBC-NCL,10789
,OBC-NCL,10790
,OBC-NCL,10791
,OBC-NCL,10792
,OBC-NCL,10793
,OBC-NCL,10794
,OBC-NCL,10795
,OBC-NCL,10796
,OBC-NCL,10797
,OBC-NCL,10798
,OBC-NCL,10799
,OBC-NCL,10800
,OBC-NCL,10801
,OBC-NCL,10802
,OBC-NCL,10803
,OBC-NCL,10804
,OBC-NCL,10805
,OBC-NCL,10806
,OBC-NCL,10807
,OBC-NCL,10808
,OBC-NCL,10809
,OBC-NCL,10810
,OBC-NCL,10811
,OBC-NCL,10812
,OBC-NCL,10813
,OBC-NCL,10814
,OBC-NCL,10815
,OBC-NCL,10816
,OBC-NCL,10817
,OBC-NCL,10818
,OBC-NCL,10819
,OBC-NCL,10820
,OBC-NCL,10821
,OBC-NCL,10822
,OBC-NCL,10823
,OBC-NCL,10824
,OBC-NCL,10825
,OBC-NCL,10826
,OBC-NCL,10827
,OBC-NCL,10828
,OBC-NCL,10829
,OBC-NCL,10830
,OBC-NCL,10831
,OBC-NCL,10832
,OBC-NCL,10833
,OBC-NCL,10834
,OBC-NCL,10835
,OBC-NCL,10836
,OBC-NCL,10837
,OBC-NCL,10838
,OBC-NCL,10839
,OBC-NCL,10840
,OBC-NCL,10841
,OBC-NCL,10842
,OBC-NCL,10843
,OBC-NCL,10844
,OBC-NCL,10845
,OBC-NCL,10846
,OBC-NCL,10847
,OBC-NCL,10848
,OBC-NCL,10849
,OBC-NCL,10850
,OBC-NCL,10851
,OBC-NCL,10852
,OBC-NCL,10853
,OBC-NCL,10854
,OBC-NCL,10855
,OBC-NCL,10856
,OBC-NCL,10857
,OBC-NCL,10858
,OBC-NCL,10859
,OBC-NCL,10860
,OBC-NCL,10861
,OBC-NCL,10862
,OBC-NCL,10863
,OBC-NCL,10864
,OBC-NCL,10865
,OBC-NCL,10866
,OBC-NCL,10867
,OBC-NCL,10868
,OBC-NCL,10869
,OBC-NCL,10870
,OBC-NCL,10871
,OBC-NCL,10872
,OBC-NCL,10873
,OBC-NCL,10874
,OBC-NCL,10875
,OBC-NCL,10876
,OBC-NCL,10877
,OBC-NCL,10878
,OBC-NCL,10879
,OBC-NCL,10880
,OBC-NCL,10881
,OBC-NCL,10882
,OBC-NCL,10883
,OBC-NCL,10884
,OBC-NCL,10885
,OBC-NCL,10886
,OBC-NCL,10887
,OBC-NCL,10888
,OBC-NCL,10889
,OBC-NCL,10890
,OBC-NCL,10891
,OBC-NCL,10892
,OBC-NCL,10893
,OBC-NCL,10894
,OBC-NCL,10895
,OBC-NCL,10896
,OBC-NCL,10897
,OBC-NCL,10898
,OBC-NCL,10899
,OBC-NCL,10900
,OBC-NCL,10901
,OBC-NCL,10902
,OBC-NCL,10903
,OBC-NCL,10904
,OBC-NCL,10905
,OBC-NCL,10906
,OBC-NCL,10907
,OBC-NCL,10908
,OBC-NCL,10909
,OBC-NCL,10910
,OBC-NCL,10911
,OBC-NCL,10912
,OBC-NCL,10913
,OBC-NCL,10914
,OBC-NCL,10915
,OBC-NCL,10916
,OBC-NCL,10917
,OBC-NCL,10918
,OBC-NCL,10919
,OBC-NCL,10920
,OBC-NCL,10921
,OBC-NCL,10922
,OBC-NCL,10923
,OBC-NCL,10924
,OBC-NCL,10925
,OBC-NCL,10926
,OBC-NCL,10927
,OBC-NCL,10928
,OBC-NCL,10929
,OBC-NCL,10930
,OBC-NCL,10931
,OBC-NCL,10932
,OBC-NCL,10933
,OBC-NCL,10934
,OBC-NCL,10935
,OBC-NCL,10936
,OBC-NCL,10937
,OBC-NCL,10938
,OBC-NCL,10939
,OBC-NCL,10940
,OBC-NCL,10941
,OBC-NCL,10942
,OBC-NCL,10943
,OBC-NCL,10944
,OBC-NCL,10945
,OBC-NCL,10946
,OBC-NCL,10947
,OBC-NCL,10948
,OBC-NCL,10949
,OBC-NCL,10950
,OBC-NCL,10951
,OBC-NCL,10952
,OBC-NCL,10953
,OBC-NCL,10954
,OBC-NCL,10955
,OBC-NCL,10956
,OBC-NCL,10957
,OBC-NCL,10958
,OBC-NCL,10959
,OBC-NCL,10960
,OBC-NCL,10961
,OBC-NCL,10962
,OBC-NCL,10963
,OBC-NCL,10964
,OBC-NCL,10965
,OBC-NCL,10966
,OBC-NCL,10967
,OBC-NCL,10968
,OBC-NCL,10969
,OBC-NCL,10970
,OBC-NCL,10971
,OBC-NCL,10972
,OBC-NCL,10973
,OBC-NCL,10974
,OBC-NCL,10975
,OBC-NCL,10976
,OBC-NCL,10977
,OBC-NCL,10978
,OBC-NCL,10979
,OBC-NCL,10980
,OBC-NCL,10981
,OBC-NCL,10982
,OBC-NCL,10983
,OBC-NCL,10984
,OBC-NCL,10985
,OBC-NCL,10986
,OBC-NCL,10987
,OBC-NCL,10988
,OBC-NCL,10989
,OBC-NCL,10990
,OBC-NCL,10991
,OBC-NCL,10992
,OBC-NCL,10993
,OBC-NCL,10994
,OBC-NCL,10995
,OBC-NCL,10996
,OBC-NCL,10997
,OBC-NCL,10998
,OBC-NCL,10999
,OBC-NCL,11000
,OBC-NCL,11001
,OBC-NCL,11002
,OBC-NCL,11003
,OBC-NCL,11004
,OBC-NCL,11005
,OBC-NCL,11006
,OBC-NCL,11007
,OBC-NCL,11008
,OBC-NCL,11009
,OBC-NCL,11010
,OBC-NCL,11011
,OBC-NCL,11012
,OBC-NCL,11013
,OBC-NCL,11014
,OBC-NCL,11015
,OBC-NCL,11016
,OBC-NCL,11017
,OBC-NCL,11018
,OBC-NCL,11019
,OBC-NCL,11020
,OBC-NCL,11021
,OBC-NCL,11022
,OBC-NCL,11023
,OBC-NCL,11024
,OBC-NCL,11025
,OBC-NCL,11026
,OBC-NCL,11027
,OBC-NCL,11028
,OBC-NCL,11029
,OBC-NCL,11030
,OBC-NCL,11031
,OBC-NCL,11032
,OBC-NCL,11033
,OBC-NCL,11034
,OBC-NCL,11035
,OBC-NCL,11036
,OBC-NCL,11037
,OBC-NCL,11038
,OBC-NCL,11039
,OBC-NCL,11040
,OBC-NCL,11041
,OBC-NCL,11042
,OBC-NCL,11043
,OBC-NCL,11044
,OBC-NCL,11045
,OBC-NCL,11046
,OBC-NCL,11047
,OBC-NCL,11048
,OBC-NCL,11049
,OBC-NCL,11050
,OBC-NCL,11051
,OBC-NCL,11052
,OBC-NCL,11053
,OBC-NCL,11054
,OBC-NCL,11055
,OBC-NCL,11056
,OBC-NCL,11057
,OBC-NCL,11058
,OBC-NCL,11059
,OBC-NCL,11060
,OBC-NCL,11061
,OBC-NCL,11062
,OBC-NCL,11063
,OBC-NCL,11064
,OBC-NCL,11065
,OBC-NCL,11066
,OBC-NCL,11067
,OBC-NCL,11068
,OBC-NCL,11069
,OBC-NCL,11070
,OBC-NCL,11071
,OBC-NCL,11072
,OBC-NCL,11073
,OBC-NCL,11074
,OBC-NCL,11075
,OBC-NCL,11076
,OBC-NCL,11077
,OBC-NCL,11078
,OBC-NCL,11079
,OBC-NCL,11080
,OBC-NCL,11081
,OBC-NCL,11082
,OBC-NCL,11083
,OBC-NCL,11084
,OBC-NCL,11085
,OBC-NCL,11086
,OBC-NCL,11087
,OBC-NCL,11088
,OBC-NCL,11089
,OBC-NCL,11090
,OBC-NCL,11091
,OBC-NCL,11092
,OBC-NCL,11093
,OBC-NCL,11094
,OBC-NCL,11095
,OBC-NCL,11096
,OBC-NCL,11097
,OBC-NCL,11098
,OBC-NCL,11099
,OBC-NCL,11100
,OBC-NCL,11101
,OBC-NCL,11102
,OBC-NCL,11103
,OBC-NCL,11104
,OBC-NCL,11105
,OBC-NCL,11106
,OBC-NCL,11107
,OBC-NCL,11108
,OBC-NCL,11109
,OBC-NCL,11110
,OBC-NCL,11111
,OBC-NCL,11112
,OBC-NCL,11113
,OBC-NCL,11114
,OBC-NCL,11115
,OBC-NCL,11116
,OBC-NCL,11117
,OBC-NCL,11118
,OBC-NCL,11119
,OBC-NCL,11120
,OBC-NCL,11121
,OBC-NCL,11122
,OBC-NCL,11123
,OBC-NCL,11124
,OBC-NCL,11125
,OBC-NCL,11126
,OBC-NCL,11127
,OBC-NCL,11128
,OBC-NCL,11129
,OBC-NCL,11130
,OBC-NCL,11131
,OBC-NCL,11132
,OBC-NCL,11133
,OBC-NCL,11134
,OBC-NCL,11135
,OBC-NCL,11136
,OBC-NCL,11137
,OBC-NCL,11138
,OBC-NCL,11139
,OBC-NCL,11140
,OBC-NCL,11141
,OBC-NCL,11142
,OBC-NCL,11143
,OBC-NCL,11144
,OBC-NCL,11145
,OBC-NCL,11146
,OBC-NCL,11147
,OBC-NCL,11148
,OBC-NCL,11149
,OBC-NCL,11150
,OBC-NCL,11151
,OBC-NCL,11152
,OBC-NCL,11153
,OBC-NCL,11154
,OBC-NCL,11155
,OBC-NCL,11156
,OBC-NCL,11157
,OBC-NCL,11158
,OBC-NCL,11159
,OBC-NCL,11160
,OBC-NCL,11161
,OBC-NCL,11162
,OBC-NCL,11163
,OBC-NCL,11164
,OBC-NCL,11165
,OBC-NCL,11166
,OBC-NCL,11167
,OBC-NCL,11168
,OBC-NCL,11169
,OBC-NCL,11170
,OBC-NCL,11171
,OBC-NCL,11172
,OBC-NCL,11173
,OBC-NCL,11174
,OBC-NCL,11175
,OBC-NCL,11175
,OBC-NCL,11177
,OBC-NCL,11178
,OBC-NCL,11179
,OBC-NCL,11180
,OBC-NCL,11181
,OBC-NCL,11182
,OBC-NCL,11183
,OBC-NCL,11184
,OBC-NCL,11185
,OBC-NCL,11186
,OBC-NCL,11187
,OBC-NCL,11188
,OBC-NCL,11189
,OBC-NCL,11190
,OBC-NCL,11191
,OBC-NCL,11192
,OBC-NCL,11193
,OBC-NCL,11194
,OBC-NCL,11195
,OBC-NCL,11196
,OBC-NCL,11197
,OBC-NCL,11198
,OBC-NCL,11199
,OBC-NCL,11200
,OBC-NCL,11201
,OBC-NCL,11202
,OBC-NCL,11203
,OBC-NCL,11204
,OBC-NCL,11205
,OBC-NCL,11206
,OBC-NCL,11207
,OBC-NCL,11208
,OBC-NCL,11209
,OBC-NCL,11210
,OBC-NCL,11211
,OBC-NCL,11212
,OBC-NCL,11213
,OBC-NCL,11214
,OBC-NCL,11215
,OBC-NCL,11216
,OBC-NCL,11217
,OBC-NCL,11218
,OBC-NCL,11219
,OBC-NCL,11220
,OBC-NCL,11221
,OBC-NCL,11222
,OBC-NCL,11223
,OBC-NCL,11224
,OBC-NCL,11225
,OBC-NCL,11226
,OBC-NCL,11227
,OBC-NCL,11228
,OBC-NCL,11229
,OBC-NCL,11230
,OBC-NCL,11231
,OBC-NCL,11232
,OBC-NCL,11233
,OBC-NCL,11234
,OBC-NCL,11235
,OBC-NCL,11236
,OBC-NCL,11237
,OBC-NCL,11238
,OBC-NCL,11239
,OBC-NCL,11240
,OBC-NCL,11241
,OBC-NCL,11242
,OBC-NCL,11243
,OBC-NCL,11244
,OBC-NCL,11245
,OBC-NCL,11246
,OBC-NCL,11247
,OBC-NCL,11248
,OBC-NCL,11249
,OBC-NCL,11250
,OBC-NCL,11251
,OBC-NCL,11252
,OBC-NCL,11253
,OBC-NCL,11254
,OBC-NCL,11255
,OBC-NCL,11256
,OBC-NCL,11257
,OBC-NCL,11258
,OBC-NCL,11259
,OBC-NCL,11260
,OBC-NCL,11261
,OBC-NCL,11262
,OBC-NCL,11263
,OBC-NCL,11264
,OBC-NCL,11265
,OBC-NCL,11266
,OBC-NCL,11267
,OBC-NCL,11268
,OBC-NCL,11269
,OBC-NCL,11270
,OBC-NCL,11271
,OBC-NCL,11272
,OBC-NCL,11273
,OBC-NCL,11274
,OBC-NCL,11275
,OBC-NCL,11276
,OBC-NCL,11277
,OBC-NCL,11278
,OBC-NCL,11279
,OBC-NCL,11280
,OBC-NCL,11281
,OBC-NCL,11282
,OBC-NCL,11283
,OBC-NCL,11284
,OBC-NCL,11285
,OBC-NCL,11286
,OBC-NCL,11287
,OBC-NCL,11288
,OBC-NCL,11289
,OBC-NCL,11290
,OBC-NCL,11291
,OBC-NCL,11292
,OBC-NCL,11293
,OBC-NCL,11294
,OBC-NCL,11295
,OBC-NCL,11296
,OBC-NCL,11297
,OBC-NCL,11298
,OBC-NCL,11299
,OBC-NCL,11300
,OBC-NCL,11301
,OBC-NCL,11302
,OBC-NCL,11303
,OBC-NCL,11304
,OBC-NCL,11304
,OBC-NCL,11306
,OBC-NCL,11307
,OBC-NCL,11308
,OBC-NCL,11309
,OBC-NCL,11310
,OBC-NCL,11311
,OBC-NCL,11312
,OBC-NCL,11313
,OBC-NCL,11314
,OBC-NCL,11315
,OBC-NCL,11316
,OBC-NCL,11317
,OBC-NCL,11318
,OBC-NCL,11319
,OBC-NCL,11320
,OBC-NCL,11321
,OBC-NCL,11322
,OBC-NCL,11323
,OBC-NCL,11324
,OBC-NCL,11325
,OBC-NCL,11326
,OBC-NCL,11327
,OBC-NCL,11328
,OBC-NCL,11329
,OBC-NCL,11330
,OBC-NCL,11331
,OBC-NCL,11332
,OBC-NCL,11333
,OBC-NCL,11334
,OBC-NCL,11335
,OBC-NCL,11336
,OBC-NCL,11337
,OBC-NCL,11338
,OBC-NCL,11339
,OBC-NCL,11340
,OBC-NCL,11341
,OBC-NCL,11342
,OBC-NCL,11343
,OBC-NCL,11344
,OBC-NCL,11345
,OBC-NCL,11346
,OBC-NCL,11347
,OBC-NCL,11348
,OBC-NCL,11349
,OBC-NCL,11350
,OBC-NCL,11351
,OBC-NCL,11352
,OBC-NCL,11353
,OBC-NCL,11354
,OBC-NCL,11355
,OBC-NCL,11356
,OBC-NCL,11357
,OBC-NCL,11358
,OBC-NCL,11359
,OBC-NCL,11360
,OBC-NCL,11361
,OBC-NCL,11361
,OBC-NCL,11363
,OBC-NCL,11363
,OBC-NCL,11365
,OBC-NCL,11366
,OBC-NCL,11367
,OBC-NCL,11368
,OBC-NCL,11369
,OBC-NCL,11370
,OBC-NCL,11371
,OBC-NCL,11372
,OBC-NCL,11373
,OBC-NCL,11374
,OBC-NCL,11375
,OBC-NCL,11376
,OBC-NCL,11377
,OBC-NCL,11377
,OBC-NCL,11379
,OBC-NCL,11380
,OBC-NCL,11381
,OBC-NCL,11382
,OBC-NCL,11383
,OBC-NCL,11384
,OBC-NCL,11385
,OBC-NCL,11386
,OBC-NCL,11387
,OBC-NCL,11388
,OBC-NCL,11389
,OBC-NCL,11390
,OBC-NCL,11391
,OBC-NCL,11392
,OBC-NCL,11393
,OBC-NCL,11394
,OBC-NCL,11395
,OBC-NCL,11396
,OBC-NCL,11397
,OBC-NCL,11398
,OBC-NCL,11399
,OBC-NCL,11400
,OBC-NCL,11401
,OBC-NCL,11402
,OBC-NCL,11403
,OBC-NCL,11404
,OBC-NCL,11405
,OBC-NCL,11406
,OBC-NCL,11407
,OBC-NCL,11408
,OBC-NCL,11409
,OBC-NCL,11410
,OBC-NCL,11411
,OBC-NCL,11412
,OBC-NCL,11413
,OBC-NCL,11414
,OBC-NCL,11414
,OBC-NCL,11416
,OBC-NCL,11417
,OBC-NCL,11418
,OBC-NCL,11419
,OBC-NCL,11420
,OBC-NCL,11421
,OBC-NCL,11422
,OBC-NCL,11423
,OBC-NCL,11424
,OBC-NCL,11425
,OBC-NCL,11426
,OBC-NCL,11427
,OBC-NCL,11428
,OBC-NCL,11429
,OBC-NCL,11430
,OBC-NCL,11431
,OBC-NCL,11432
,OBC-NCL,11433
,OBC-NCL,11434
,OBC-NCL,11435
,OBC-NCL,11436
,OBC-NCL,11437
,OBC-NCL,11438
,OBC-NCL,11439
,OBC-NCL,11440
,OBC-NCL,11441
,OBC-NCL,11442
,OBC-NCL,11443
,OBC-NCL,11444
,OBC-NCL,11445
,OBC-NCL,11446
,OBC-NCL,11447
,OBC-NCL,11448
,OBC-NCL,11449
,OBC-NCL,11450
,OBC-NCL,11451
,OBC-NCL,11452
,OBC-NCL,11453
,OBC-NCL,11454
,OBC-NCL,11455
,OBC-NCL,11456
,OBC-NCL,11457
,OBC-NCL,11458
,OBC-NCL,11459
,OBC-NCL,11460
,OBC-NCL,11461
,OBC-NCL,11462
,OBC-NCL,11463
,OBC-NCL,11464
,OBC-NCL,11465
,OBC-NCL,11466
,OBC-NCL,11467
,OBC-NCL,11468
,OBC-NCL,11469
,OBC-NCL,11470
,OBC-NCL,11471
,OBC-NCL,11472
,OBC-NCL,11473
,OBC-NCL,11474
,OBC-NCL,11475
,OBC-NCL,11476
,OBC-NCL,11477
,OBC-NCL,11478
,OBC-NCL,11479
,OBC-NCL,11480
,OBC-NCL,11481
,OBC-NCL,11482
,OBC-NCL,11483
,OBC-NCL,11484
,OBC-NCL,11485
,OBC-NCL,11486
,OBC-NCL,11487
,OBC-NCL,11488
,OBC-NCL,11489
,OBC-NCL,11490
,OBC-NCL,11491
,OBC-NCL,11492
,OBC-NCL,11493
,OBC-NCL,11494
,OBC-NCL,11495
,OBC-NCL,11496
,OBC-NCL,11497
,OBC-NCL,11498
,OBC-NCL,11499
,OBC-NCL,11500
,OBC-NCL,11501
,OBC-NCL,11502
,OBC-NCL,11503
,OBC-NCL,11504
,OBC-NCL,11505
,OBC-NCL,11506
,OBC-NCL,11507
,OBC-NCL,11508
,OBC-NCL,11509
,OBC-NCL,11510
,OBC-NCL,11511
,OBC-NCL,11512
,OBC-NCL,11513
,OBC-NCL,11514
,OBC-NCL,11515
,OBC-NCL,11516
,OBC-NCL,11517
,OBC-NCL,11518
,OBC-NCL,11519
,OBC-NCL,11520
,OBC-NCL,11521
,OBC-NCL,11522
,OBC-NCL,11523
,OBC-NCL,11524
,OBC-NCL,11525
,OBC-NCL,11526
,OBC-NCL,11527
,OBC-NCL,11528
,OBC-NCL,11529
,OBC-NCL,11530
,OBC-NCL,11531
,OBC-NCL,11532
,OBC-NCL,11533
,OBC-NCL,11534
,OBC-NCL,11535
,OBC-NCL,11536
,OBC-NCL,11537
,OBC-NCL,11538
,OBC-NCL,11539
,OBC-NCL,11540
,OBC-NCL,11541
,OBC-NCL,11542
,OBC-NCL,11543
,OBC-NCL,11544
,OBC-NCL,11545
,OBC-NCL,11546
,OBC-NCL,11547
,OBC-NCL,11548
,OBC-NCL,11549
,OBC-NCL,11550
,OBC-NCL,11551
,OBC-NCL,11552
,OBC-NCL,11553
,OBC-NCL,11554
,OBC-NCL,11555
,OBC-NCL,11556
,OBC-NCL,11557
,OBC-NCL,11558
,OBC-NCL,11559
,OBC-NCL,11560
,OBC-NCL,11561
,OBC-NCL,11562
,OBC-NCL,11563
,OBC-NCL,11564
,OBC-NCL,11565
,OBC-NCL,11566
,OBC-NCL,11567
,OBC-NCL,11568
,OBC-NCL,11568
,OBC-NCL,11570
,OBC-NCL,11571
,OBC-NCL,11572
,OBC-NCL,11573
,OBC-NCL,11574
,OBC-NCL,11575
,OBC-NCL,11576
,OBC-NCL,11577
,OBC-NCL,11578
,OBC-NCL,11579
,OBC-NCL,11580
,OBC-NCL,11581
,OBC-NCL,11582
,OBC-NCL,11583
,OBC-NCL,11584
,OBC-NCL,11585
,OBC-NCL,11586
,OBC-NCL,11587
,OBC-NCL,11588
,OBC-NCL,11589
,OBC-NCL,11590
,OBC-NCL,11591
,OBC-NCL,11592
,OBC-NCL,11593
,OBC-NCL,11594
,OBC-NCL,11595
,OBC-NCL,11596
,OBC-NCL,11597
,OBC-NCL,11598
,OBC-NCL,11599
,OBC-NCL,11600
,OBC-NCL,11601
,OBC-NCL,11602
,OBC-NCL,11603
,OBC-NCL,11604
,OBC-NCL,11605
,OBC-NCL,11606
,OBC-NCL,11607
,OBC-NCL,11608
,OBC-NCL,11609
,OBC-NCL,11610
,OBC-NCL,11611
,OBC-NCL,11612
,OBC-NCL,11613
,OBC-NCL,11614
,OBC-NCL,11615
,OBC-NCL,11616
,OBC-NCL,11617
,OBC-NCL,11618
,OBC-NCL,11619
,OBC-NCL,11620
,OBC-NCL,11621
,OBC-NCL,11622
,OBC-NCL,11623
,OBC-NCL,11624
,OBC-NCL,11625
,OBC-NCL,11626
,OBC-NCL,11627
,OBC-NCL,11628
,OBC-NCL,11629
,OBC-NCL,11630
,OBC-NCL,11631
,OBC-NCL,11632
,OBC-NCL,11633
,OBC-NCL,11634
,OBC-NCL,11635
,OBC-NCL,11636
,OBC-NCL,11637
,OBC-NCL,11638
,OBC-NCL,11639
,OBC-NCL,11640
,OBC-NCL,11641
,OBC-NCL,11642
,OBC-NCL,11643
,OBC-NCL,11644
,OBC-NCL,11645
,OBC-NCL,11646
,OBC-NCL,11647
,OBC-NCL,11648
,OBC-NCL,11649
,OBC-NCL,11650
,OBC-NCL,11651
,OBC-NCL,11652
,OBC-NCL,11653
,OBC-NCL,11654
,OBC-NCL,11655
,OBC-NCL,11656
,OBC-NCL,11657
,OBC-NCL,11658
,OBC-NCL,11659
,OBC-NCL,11660
,OBC-NCL,11661
,OBC-NCL,11662
,OBC-NCL,11663
,OBC-NCL,11664
,OBC-NCL,11665
,OBC-NCL,11666
,OBC-NCL,11667
,OBC-NCL,11668
,OBC-NCL,11669
,OBC-NCL,11670
,OBC-NCL,11671
,OBC-NCL,11672
,OBC-NCL,11673
,OBC-NCL,11674
,OBC-NCL,11675
,OBC-NCL,11676
,OBC-NCL,11677
,OBC-NCL,11678
,OBC-NCL,11679
,OBC-NCL,11680
,OBC-NCL,11681
,OBC-NCL,11682
,OBC-NCL,11683
,OBC-NCL,11684
,OBC-NCL,11685
,OBC-NCL,11686
,OBC-NCL,11687
,OBC-NCL,11688
,OBC-NCL,11689
,OBC-NCL,11690
,OBC-NCL,11691
,OBC-NCL,11692
,OBC-NCL,11693
,OBC-NCL,11694
,OBC-NCL,11695
,OBC-NCL,11696
,OBC-NCL,11697
,OBC-NCL,11698
,OBC-NCL,11699
,OBC-NCL,11700
,OBC-NCL,11701
,OBC-NCL,11702
,OBC-NCL,11703
,OBC-NCL,11704
,OBC-NCL,11705
,OBC-NCL,11706
,OBC-NCL,11707
,OBC-NCL,11708
,OBC-NCL,11709
,OBC-NCL,11710
,OBC-NCL,11711
,OBC-NCL,11712
,OBC-NCL,11713
,OBC-NCL,11714
,OBC-NCL,11715
,OBC-NCL,11716
,OBC-NCL,11717
,OBC-NCL,11718
,OBC-NCL,11719
,OBC-NCL,11720
,OBC-NCL,11721
,OBC-NCL,11722
,OBC-NCL,11723
,OBC-NCL,11724
,OBC-NCL,11725
,OBC-NCL,11726
,OBC-NCL,11727
,OBC-NCL,11728
,OBC-NCL,11729
,OBC-NCL,11730
,OBC-NCL,11731
,OBC-NCL,11732
,OBC-NCL,11733
,OBC-NCL,11734
,OBC-NCL,11735
,OBC-NCL,11736
,OBC-NCL,11737
,OBC-NCL,11738
,OBC-NCL,11739
,OBC-NCL,11740
,OBC-NCL,11741
,OBC-NCL,11742
,OBC-NCL,11743
,OBC-NCL,11744
,OBC-NCL,11745
,OBC-NCL,11746
,OBC-NCL,11747
,OBC-NCL,11748
,OBC-NCL,11749
,OBC-NCL,11750
,OBC-NCL,11751
,OBC-NCL,11752
,OBC-NCL,11753
,OBC-NCL,11754
,OBC-NCL,11755
,OBC-NCL,11756
,OBC-NCL,11757
,OBC-NCL,11758
,OBC-NCL,11759
,OBC-NCL,11760
,OBC-NCL,11761
,OBC-NCL,11762
,OBC-NCL,11763
,OBC-NCL,11764
,OBC-NCL,11765
,OBC-NCL,11766
,OBC-NCL,11767
,OBC-NCL,11768
,OBC-NCL,11769
,OBC-NCL,11770
,OBC-NCL,11771
,OBC-NCL,11772
,OBC-NCL,11773
,OBC-NCL,11774
,OBC-NCL,11775
,OBC-NCL,11776
,OBC-NCL,11777
,OBC-NCL,11778
,OBC-NCL,11779
,OBC-NCL,11780
,OBC-NCL,11781
,OBC-NCL,11782
,OBC-NCL,11783
,OBC-NCL,11784
,OBC-NCL,11785
,OBC-NCL,11786
,OBC-NCL,11787
,OBC-NCL,11788
,OBC-NCL,11789
,OBC-NCL,11790
,OBC-NCL,11791
,OBC-NCL,11792
,OBC-NCL,11793
,OBC-NCL,11794
,OBC-NCL,11795
,OBC-NCL,11796
,OBC-NCL,11797
,OBC-NCL,11798
,OBC-NCL,11799
,OBC-NCL,11800
,OBC-NCL,11801
,OBC-NCL,11802
,OBC-NCL,11803
,OBC-NCL,11804
,OBC-NCL,11805
,OBC-NCL,11806
,OBC-NCL,11807
,OBC-NCL,11808
,OBC-NCL,11809
,OBC-NCL,11810
,OBC-NCL,11811
,OBC-NCL,11812
,OBC-NCL,11813
,OBC-NCL,11814
,OBC-NCL,11815
,OBC-NCL,11816
,OBC-NCL,11817
,OBC-NCL,11818
,OBC-NCL,11819
,OBC-NCL,11820
,OBC-NCL,11821
,OBC-NCL,11822
,OBC-NCL,11823
,OBC-NCL,11824
,OBC-NCL,11825
,OBC-NCL,11826
,OBC-NCL,11827
,OBC-NCL,11828
,OBC-NCL,11829
,OBC-NCL,11830
,OBC-NCL,11831
,OBC-NCL,11832
,OBC-NCL,11833
,OBC-NCL,11834
,OBC-NCL,11835
,OBC-NCL,11836
,OBC-NCL,11837
,OBC-NCL,11838
,OBC-NCL,11839
,OBC-NCL,11840
,OBC-NCL,11841
,OBC-NCL,11842
,OBC-NCL,11843
,OBC-NCL,11844
,OBC-NCL,11845
,OBC-NCL,11846
,OBC-NCL,11847
,OBC-NCL,11848
,OBC-NCL,11849
,OBC-NCL,11850
,OBC-NCL,11851
,OBC-NCL,11852
,OBC-NCL,11853
,OBC-NCL,11854
,OBC-NCL,11855
,OBC-NCL,11856
,OBC-NCL,11857
,OBC-NCL,11858
,OBC-NCL,11859
,OBC-NCL,11860
,OBC-NCL,11861
,OBC-NCL,11862
,OBC-NCL,11863
,OBC-NCL,11864
,OBC-NCL,11865
,OBC-NCL,11866
,OBC-NCL,11867
,OBC-NCL,11868
,OBC-NCL,11869
,OBC-NCL,11870
,OBC-NCL,11871
,OBC-NCL,11872
,OBC-NCL,11873
,OBC-NCL,11874
,OBC-NCL,11875
,OBC-NCL,11876
,OBC-NCL,11877
,OBC-NCL,11878
,OBC-NCL,11879
,OBC-NCL,11880
,OBC-NCL,11881
,OBC-NCL,11882
,OBC-NCL,11883
,OBC-NCL,11884
,OBC-NCL,11885
,OBC-NCL,11886
,OBC-NCL,11887
,OBC-NCL,11888
,OBC-NCL,11889
,OBC-NCL,11890
,OBC-NCL,11891
,OBC-NCL,11892
,OBC-NCL,11893
,OBC-NCL,11894
,OBC-NCL,11895
,OBC-NCL,11896
,OBC-NCL,11897
,OBC-NCL,11898
,OBC-NCL,11899
,OBC-NCL,11900
,OBC-NCL,11901
,OBC-NCL,11902
,OBC-NCL,11903
,OBC-NCL,11904
,OBC-NCL,11905
,OBC-NCL,11906
,OBC-NCL,11907
,OBC-NCL,11908
,OBC-NCL,11909
,OBC-NCL,11910
,OBC-NCL,11911
,OBC-NCL,11912
,OBC-NCL,11913
,OBC-NCL,11914
,OBC-NCL,11915
,OBC-NCL,11916
,OBC-NCL,11917
,OBC-NCL,11918
,OBC-NCL,11919
,OBC-NCL,11920
,OBC-NCL,11921
,OBC-NCL,11922
,OBC-NCL,11923
,OBC-NCL,11924
,OBC-NCL,11925
,OBC-NCL,11926
,OBC-NCL,11927
,OBC-NCL,11928
,OBC-NCL,11929
,OBC-NCL,11930
,OBC-NCL,11931
,OBC-NCL,11932
,OBC-NCL,11933
,OBC-NCL,11934
,OBC-NCL,11935
,OBC-NCL,11936
,OBC-NCL,11937
,OBC-NCL,11938
,OBC-NCL,11939
,OBC-NCL,11940
,OBC-NCL,11941
,OBC-NCL,11942
,OBC-NCL,11943
,OBC-NCL,11944
,OBC-NCL,11945
,OBC-NCL,11946
,OBC-NCL,11947
,OBC-NCL,11948
,OBC-NCL,11949
,OBC-NCL,11950
,OBC-NCL,11951
,OBC-NCL,11952
,OBC-NCL,11953
,OBC-NCL,11954
,OBC-NCL,11955
,OBC-NCL,11956
,OBC-NCL,11957
,OBC-NCL,11958
,OBC-NCL,11959
,OBC-NCL,11960
,OBC-NCL,11961
,OBC-NCL,11962
,OBC-NCL,11963
,OBC-NCL,11964
,OBC-NCL,11965
,OBC-NCL,11966
,OBC-NCL,11967
,OBC-NCL,11968
,OBC-NCL,11969
,OBC-NCL,11970
,OBC-NCL,11971
,OBC-NCL,11972
,OBC-NCL,11973
,OBC-NCL,11974
,OBC-NCL,11975
,OBC-NCL,11976
,OBC-NCL,11977
,OBC-NCL,11978
,OBC-NCL,11979
,OBC-NCL,11980
,OBC-NCL,11981
,OBC-NCL,11982
,OBC-NCL,11983
,OBC-NCL,11984
,OBC-NCL,11985
,OBC-NCL,11986
,OBC-NCL,11987
,OBC-NCL,11988
,OBC-NCL,11989
,OBC-NCL,11990
,OBC-NCL,11991
,OBC-NCL,11992
,OBC-NCL,11993
,OBC-NCL,11994
,OBC-NCL,11995
,OBC-NCL,11996
,OBC-NCL,11997
,OBC-NCL,11998
,OBC-NCL,11999
,OBC-NCL,12000
,OBC-NCL,12001
,OBC-NCL,12002
,OBC-NCL,12003
,OBC-NCL,12004
,OBC-NCL,12005
,OBC-NCL,12006
,OBC-NCL,12007
,OBC-NCL,12008
,OBC-NCL,12009
,OBC-NCL,12010
,OBC-NCL,12011
,OBC-NCL,12012
,OBC-NCL,12013
,OBC-NCL,12014
,OBC-NCL,12015
,OBC-NCL,12016
,OBC-NCL,12017
,OBC-NCL,12018
,OBC-NCL,12019
,OBC-NCL,12020
,OBC-NCL,12021
,OBC-NCL,12022
,OBC-NCL,12023
,OBC-NCL,12024
,OBC-NCL,12025
,OBC-NCL,12026
,OBC-NCL,12027
,OBC-NCL,12028
,OBC-NCL,12029
,OBC-NCL,12030
,OBC-NCL,12031
,OBC-NCL,12032
,OBC-NCL,12033
,OBC-NCL,12034
,OBC-NCL,12035
,OBC-NCL,12036
,OBC-NCL,12036
,OBC-NCL,12038
,OBC-NCL,12039
,OBC-NCL,12040
,OBC-NCL,12041
,OBC-NCL,12042
,OBC-NCL,12043
,OBC-NCL,12044
,OBC-NCL,12045
,OBC-NCL,12046
,OBC-NCL,12047
,OBC-NCL,12048
,OBC-NCL,12049
,OBC-NCL,12050
,OBC-NCL,12051
,OBC-NCL,12052
,OBC-NCL,12053
,OBC-NCL,12054
,OBC-NCL,12055
,OBC-NCL,12056
,OBC-NCL,12057
,OBC-NCL,12058
,OBC-NCL,12059
,OBC-NCL,12060
,OBC-NCL,12061
,OBC-NCL,12062
,OBC-NCL,12063
,OBC-NCL,12064
,OBC-NCL,12065
,OBC-NCL,12066
,OBC-NCL,12067
,OBC-NCL,12068
,OBC-NCL,12069
,OBC-NCL,12070
,OBC-NCL,12071
,OBC-NCL,12072
,OBC-NCL,12073
,OBC-NCL,12074
,OBC-NCL,12075
,OBC-NCL,12076
,OBC-NCL,12077
,OBC-NCL,12078
,OBC-NCL,12079
,OBC-NCL,12080
,OBC-NCL,12081
,OBC-NCL,12082
,OBC-NCL,12083
,OBC-NCL,12084
,OBC-NCL,12085
,OBC-NCL,12086
,OBC-NCL,12087
,OBC-NCL,12088
,OBC-NCL,12089
,OBC-NCL,12090
,OBC-NCL,12091
,OBC-NCL,12092
,OBC-NCL,12093
,OBC-NCL,12094
,OBC-NCL,12095
,OBC-NCL,12096
,OBC-NCL,12097
,OBC-NCL,12098
,OBC-NCL,12099
,OBC-NCL,12100
,OBC-NCL,12101
,OBC-NCL,12102
,OBC-NCL,12103
,OBC-NCL,12104
,OBC-NCL,12105
,OBC-NCL,12106
,OBC-NCL,12107
,OBC-NCL,12108
,OBC-NCL,12109
,OBC-NCL,12110
,OBC-NCL,12111
,OBC-NCL,12112
,OBC-NCL,12113
,OBC-NCL,12114
,OBC-NCL,12115
,OBC-NCL,12116
,OBC-NCL,12117
,OBC-NCL,12118
,OBC-NCL,12119
,OBC-NCL,12120
,OBC-NCL,12121
,OBC-NCL,12122
,OBC-NCL,12123
,OBC-NCL,12124
,OBC-NCL,12125
,OBC-NCL,12126
,OBC-NCL,12127
,OBC-NCL,12128
,OBC-NCL,12129
,OBC-NCL,12130
,OBC-NCL,12131
,OBC-NCL,12132
,OBC-NCL,12133
,OBC-NCL,12134
,OBC-NCL,12135
,OBC-NCL,12136
,OBC-NCL,12137
,OBC-NCL,12138
,OBC-NCL,12139
,OBC-NCL,12140
,OBC-NCL,12141
,OBC-NCL,12142
,OBC-NCL,12143
,OBC-NCL,12144
,OBC-NCL,12145
,OBC-NCL,12146
,OBC-NCL,12147
,OBC-NCL,12148
,OBC-NCL,12149
,OBC-NCL,12150
,OBC-NCL,12151
,OBC-NCL,12152
,OBC-NCL,12153
,OBC-NCL,12154
,OBC-NCL,12155
,OBC-NCL,12156
,OBC-NCL,12157
,OBC-NCL,12158
,OBC-NCL,12159
,OBC-NCL,12160
,OBC-NCL,12161
,OBC-NCL,12162
,OBC-NCL,12163
,OBC-NCL,12164
,OBC-NCL,12165
,OBC-NCL,12166
,OBC-NCL,12167
,OBC-NCL,12168
,OBC-NCL,12169
,OBC-NCL,12170
,OBC-NCL,12171
,OBC-NCL,12171
,OBC-NCL,12173
,OBC-NCL,12174
,OBC-NCL,12175
,OBC-NCL,12176
,OBC-NCL,12177
,OBC-NCL,12178
,OBC-NCL,12179
,OBC-NCL,12180
,OBC-NCL,12181
,OBC-NCL,12182
,OBC-NCL,12183
,OBC-NCL,12184
,OBC-NCL,12185
,OBC-NCL,12186
,OBC-NCL,12187
,OBC-NCL,12188
,OBC-NCL,12189
,OBC-NCL,12190
,OBC-NCL,12191
,OBC-NCL,12192
,OBC-NCL,12193
,OBC-NCL,12194
,OBC-NCL,12195
,OBC-NCL,12196
,OBC-NCL,12197
,OBC-NCL,12198
,OBC-NCL,12199
,OBC-NCL,12200
,OBC-NCL,12200
,OBC-NCL,12202
,OBC-NCL,12203
,OBC-NCL,12204
,OBC-NCL,12205
,OBC-NCL,12206
,OBC-NCL,12207
,OBC-NCL,12208
,OBC-NCL,12209
,OBC-NCL,12210
,OBC-NCL,12211
,OBC-NCL,12212
,OBC-NCL,12213
,OBC-NCL,12214
,OBC-NCL,12215
,OBC-NCL,12216
,OBC-NCL,12217
,OBC-NCL,12218
,OBC-NCL,12219
,OBC-NCL,12220
,OBC-NCL,12221
,OBC-NCL,12222
,OBC-NCL,12223
,OBC-NCL,12224
,OBC-NCL,12225
,OBC-NCL,12226
,OBC-NCL,12227
,OBC-NCL,12228
,OBC-NCL,12229
,OBC-NCL,12230
,OBC-NCL,12231
,OBC-NCL,12232
,OBC-NCL,12233
,OBC-NCL,12234
,OBC-NCL,12235
,OBC-NCL,12236
,OBC-NCL,12237
,OBC-NCL,12238
,OBC-NCL,12239
,OBC-NCL,12240
,OBC-NCL,12241
,OBC-NCL,12242
,OBC-NCL,12243
,OBC-NCL,12244
,OBC-NCL,12245
,OBC-NCL,12246
,OBC-NCL,12247
,OBC-NCL,12248
,OBC-NCL,12249
,OBC-NCL,12250
,OBC-NCL,12251
,OBC-NCL,12252
,OBC-NCL,12253
,OBC-NCL,12254
,OBC-NCL,12255
,OBC-NCL,12256
,OBC-NCL,12257
,OBC-NCL,12258
,OBC-NCL,12259
,OBC-NCL,12260
,OBC-NCL,12261
,OBC-NCL,12262
,OBC-NCL,12263
,OBC-NCL,12264
,OBC-NCL,12265
,OBC-NCL,12266
,OBC-NCL,12267
,OBC-NCL,12268
,OBC-NCL,12269
,OBC-NCL,12270
,OBC-NCL,12271
,OBC-NCL,12272
,OBC-NCL,12273
,OBC-NCL,12274
,OBC-NCL,12275
,OBC-NCL,12276
,OBC-NCL,12277
,OBC-NCL,12278
,OBC-NCL,12279
,OBC-NCL,12280
,OBC-NCL,12281
,OBC-NCL,12282
,OBC-NCL,12283
,OBC-NCL,12284
,OBC-NCL,12285
,OBC-NCL,12286
,OBC-NCL,12287
,OBC-NCL,12288
,OBC-NCL,12289
,OBC-NCL,12290
,OBC-NCL,12291
,OBC-NCL,12292
,OBC-NCL,12293
,OBC-NCL,12294
,OBC-NCL,12295
,OBC-NCL,12296
,OBC-NCL,12297
,OBC-NCL,12298
,OBC-NCL,12299
,OBC-NCL,12300
,OBC-NCL,12301
,OBC-NCL,12302
,OBC-NCL,12303
,OBC-NCL,12304
,OBC-NCL,12305
,OBC-NCL,12306
,OBC-NCL,12307
,OBC-NCL,12308
,OBC-NCL,12309
,OBC-NCL,12310
,OBC-NCL,12311
,OBC-NCL,12312
,OBC-NCL,12313
,OBC-NCL,12314
,OBC-NCL,12315
,OBC-NCL,12316
,OBC-NCL,12317
,OBC-NCL,12318
,OBC-NCL,12319
,OBC-NCL,12320
,OBC-NCL,12321
,OBC-NCL,12322
,OBC-NCL,12323
,OBC-NCL,12324
,OBC-NCL,12325
,OBC-NCL,12326
,OBC-NCL,12327
,OBC-NCL,12328
,OBC-NCL,12329
,OBC-NCL,12330
,OBC-NCL,12331
,OBC-NCL,12332
,OBC-NCL,12333
,OBC-NCL,12334
,OBC-NCL,12335
,OBC-NCL,12336
,OBC-NCL,12337
,OBC-NCL,12338
,OBC-NCL,12339
,OBC-NCL,12340
,OBC-NCL,12341
,OBC-NCL,12342
,OBC-NCL,12343
,OBC-NCL,12344
,OBC-NCL,12345
,OBC-NCL,12346
,OBC-NCL,12347
,OBC-NCL,12348
,OBC-NCL,12349
,OBC-NCL,12350
,OBC-NCL,12351
,OBC-NCL,12352
,OBC-NCL,12353
,OBC-NCL,12354
,OBC-NCL,12355
,OBC-NCL,12356
,OBC-NCL,12357
,OBC-NCL,12358
,OBC-NCL,12359
,OBC-NCL,12360
,OBC-NCL,12361
,OBC-NCL,12362
,OBC-NCL,12363
,OBC-NCL,12364
,OBC-NCL,12365
,OBC-NCL,12366
,OBC-NCL,12367
,OBC-NCL,12368
,OBC-NCL,12369
,OBC-NCL,12370
,OBC-NCL,12371
,OBC-NCL,12372
,OBC-NCL,12373
,OBC-NCL,12374
,OBC-NCL,12375
,OBC-NCL,12376
,OBC-NCL,12377
,OBC-NCL,12378
,OBC-NCL,12379
,OBC-NCL,12380
,OBC-NCL,12381
,OBC-NCL,12382
,OBC-NCL,12383
,OBC-NCL,12384
,OBC-NCL,12385
,OBC-NCL,12386
,OBC-NCL,12387
,OBC-NCL,12388
,OBC-NCL,12389
,OBC-NCL,12390
,OBC-NCL,12390
,OBC-NCL,12392
,OBC-NCL,12393
,OBC-NCL,12394
,OBC-NCL,12395
,OBC-NCL,12396
,OBC-NCL,12397
,OBC-NCL,12398
,OBC-NCL,12399
,OBC-NCL,12400
,OBC-NCL,12401
,OBC-NCL,12402
,OBC-NCL,12403
,OBC-NCL,12404
,OBC-NCL,12405
,OBC-NCL,12406
,OBC-NCL,12407
,OBC-NCL,12408
,OBC-NCL,12409
,OBC-NCL,12410
,OBC-NCL,12411
,OBC-NCL,12412
,OBC-NCL,12413
,OBC-NCL,12414
,OBC-NCL,12415
,OBC-NCL,12416
,OBC-NCL,12417
,OBC-NCL,12418
,OBC-NCL,12419
,OBC-NCL,12420
,OBC-NCL,12421
,OBC-NCL,12422
,OBC-NCL,12423
,OBC-NCL,12424
,OBC-NCL,12425
,OBC-NCL,12426
,OBC-NCL,12427
,OBC-NCL,12428
,OBC-NCL,12429
,OBC-NCL,12430
,OBC-NCL,12430
,OBC-NCL,12432
,OBC-NCL,12433
,OBC-NCL,12434
,OBC-NCL,12435
,OBC-NCL,12436
,OBC-NCL,12437
,OBC-NCL,12438
,OBC-NCL,12439
,OBC-NCL,12440
,OBC-NCL,12441
,OBC-NCL,12442
,OBC-NCL,12443
,OBC-NCL,12444
,OBC-NCL,12445
,OBC-NCL,12446
,OBC-NCL,12447
,OBC-NCL,12448
,OBC-NCL,12449
,OBC-NCL,12450
,OBC-NCL,12451
,OBC-NCL,12452
,OBC-NCL,12453
,OBC-NCL,12454
,OBC-NCL,12455
,OBC-NCL,12456
,OBC-NCL,12457
,OBC-NCL,12458
,OBC-NCL,12459
,OBC-NCL,12460
,OBC-NCL,12461
,OBC-NCL,12462
,OBC-NCL,12463
,OBC-NCL,12464
,OBC-NCL,12465
,OBC-NCL,12466
,OBC-NCL,12467
,OBC-NCL,12468
,OBC-NCL,12469
,OBC-NCL,12470
,OBC-NCL,12471
,OBC-NCL,12472
,OBC-NCL,12473
,OBC-NCL,12474
,OBC-NCL,12475
,OBC-NCL,12476
,OBC-NCL,12477
,OBC-NCL,12478
,OBC-NCL,12479
,OBC-NCL,12480
,OBC-NCL,12481
,OBC-NCL,12482
,OBC-NCL,12483
,OBC-NCL,12484
,OBC-NCL,12485
,OBC-NCL,12486
,OBC-NCL,12487
,OBC-NCL,12488
,OBC-NCL,12489
,OBC-NCL,12490
,OBC-NCL,12491
,OBC-NCL,12492
,OBC-NCL,12493
,OBC-NCL,12494
,OBC-NCL,12495
,OBC-NCL,12496
,OBC-NCL,12497
,OBC-NCL,12498
,OBC-NCL,12499
,OBC-NCL,12499
,OBC-NCL,12501
,OBC-NCL,12502
,OBC-NCL,12503
,OBC-NCL,12504
,OBC-NCL,12505
,OBC-NCL,12506
,OBC-NCL,12507
,OBC-NCL,12508
,OBC-NCL,12509
,OBC-NCL,12510
,OBC-NCL,12511
,OBC-NCL,12512
,OBC-NCL,12513
,OBC-NCL,12514
,OBC-NCL,12515
,OBC-NCL,12516
,OBC-NCL,12517
,OBC-NCL,12518
,OBC-NCL,12519
,OBC-NCL,12519
,OBC-NCL,12521
,OBC-NCL,12522
,OBC-NCL,12523
,OBC-NCL,12524
,OBC-NCL,12525
,OBC-NCL,12526
,OBC-NCL,12526
,OBC-NCL,12528
,OBC-NCL,12529
,OBC-NCL,12530
,OBC-NCL,12531
,OBC-NCL,12532
,OBC-NCL,12533
,OBC-NCL,12534
,OBC-NCL,12535
,OBC-NCL,12536
,OBC-NCL,12537
,OBC-NCL,12538
,OBC-NCL,12539
,OBC-NCL,12540
,OBC-NCL,12541
,OBC-NCL,12542
,OBC-NCL,12543
,OBC-NCL,12544
,OBC-NCL,12545
,OBC-NCL,12546
,OBC-NCL,12547
,OBC-NCL,12548
,OBC-NCL,12549
,OBC-NCL,12550
,OBC-NCL,12551
,OBC-NCL,12552
,OBC-NCL,12553
,OBC-NCL,12554
,OBC-NCL,12555
,OBC-NCL,12556
,OBC-NCL,12557
,OBC-NCL,12558
,OBC-NCL,12559
,OBC-NCL,12560
,OBC-NCL,12561
,OBC-NCL,12562
,OBC-NCL,12563
,OBC-NCL,12564
,OBC-NCL,12564
,OBC-NCL,12566
,OBC-NCL,12567
,OBC-NCL,12568
,OBC-NCL,12569
,OBC-NCL,12570
,OBC-NCL,12571
,OBC-NCL,12572
,OBC-NCL,12573
,OBC-NCL,12574
,OBC-NCL,12575
,OBC-NCL,12576
,OBC-NCL,12577
,OBC-NCL,12578
,OBC-NCL,12579
,OBC-NCL,12580
,OBC-NCL,12581
,OBC-NCL,12581
,OBC-NCL,12583
,OBC-NCL,12584
,OBC-NCL,12585
,OBC-NCL,12586
,OBC-NCL,12587
,OBC-NCL,12588
,OBC-NCL,12589
,OBC-NCL,12590
,OBC-NCL,12591
,OBC-NCL,12592
,OBC-NCL,12593
,OBC-NCL,12594
,OBC-NCL,12595
,OBC-NCL,12596
,OBC-NCL,12597
,OBC-NCL,12598
,OBC-NCL,12599
,OBC-NCL,12600
,OBC-NCL,12601
,OBC-NCL,12602
,OBC-NCL,12603
,OBC-NCL,12604
,OBC-NCL,12605
,OBC-NCL,12606
,OBC-NCL,12607
,OBC-NCL,12608
,OBC-NCL,12609
,OBC-NCL,12610
,OBC-NCL,12611
,OBC-NCL,12612
,OBC-NCL,12613
,OBC-NCL,12614
,OBC-NCL,12615
,OBC-NCL,12616
,OBC-NCL,12617
,OBC-NCL,12618
,OBC-NCL,12619
,OBC-NCL,12620
,OBC-NCL,12621
,OBC-NCL,12622
,OBC-NCL,12623
,OBC-NCL,12624
,OBC-NCL,12625
,OBC-NCL,12626
,OBC-NCL,12627
,OBC-NCL,12628
,OBC-NCL,12629
,OBC-NCL,12630
,OBC-NCL,12631
,OBC-NCL,12632
,OBC-NCL,12633
,OBC-NCL,12634
,OBC-NCL,12635
,SC,354
,SC,377
,SC,383
,SC,440
,SC,458
,SC,478
,SC,487
,SC,496
,SC,522
,SC,532
,SC,641
,SC,643
,SC,668
,SC,685
,SC,717
,SC,768
,SC,792
,SC,803
,SC,822
,SC,828
,SC,833
,SC,842
,SC,862
,SC,868
,SC,877
,SC,903
,SC,930
,SC,978
,SC,1021
,SC,1022
,SC,1031
,SC,1038
,SC,1052
,SC,1056
,SC,1067
,SC,1072
,SC,1082
,SC,1083
,SC,1086
,SC,1090
,SC,1103
,SC,1128
,SC,1132
,SC,1144
,SC,1145
,SC,1167
,SC,1172
,SC,1186
,SC,1188
,SC,1189
,SC,1202
,SC,1204
,SC,1205
,SC,1206
,SC,1212
,SC,1215
,SC,1252
,SC,1258
,SC,1262
,SC,1263
,SC,1264
,SC,1265
,SC,1266
,SC,1267
,SC,1268
,SC,1269
,SC,1270
,SC,1271
,SC,1272
,SC,1273
,SC,1274
,SC,1275
,SC,1276
,SC,1277
,SC,1278
,SC,1279
,SC,1280
,SC,1281
,SC,1282
,SC,1283
,SC,1284
,SC,1285
,SC,1286
,SC,1287
,SC,1288
,SC,1289
,SC,1290
,SC,1291
,SC,1292
,SC,1293
,SC,1294
,SC,1295
,SC,1296
,SC,1297
,SC,1298
,SC,1299
,SC,1300
,SC,1301
,SC,1302
,SC,1303
,SC,1304
,SC,1305
,SC,1306
,SC,1307
,SC,1308
,SC,1309
,SC,1310
,SC,1311
,SC,1312
,SC,1313
,SC,1314
,SC,1315
,SC,1316
,SC,1317
,SC,1318
,SC,1319
,SC,1320
,SC,1321
,SC,1322
,SC,1323
,SC,1324
,SC,1325
,SC,1326
,SC,1327
,SC,1328
,SC,1329
,SC,1330
,SC,1331
,SC,1332
,SC,1333
,SC,1334
,SC,1335
,SC,1336
,SC,1337
,SC,1338
,SC,1339
,SC,1340
,SC,1341
,SC,1342
,SC,1343
,SC,1344
,SC,1345
,SC,1346
,SC,1347
,SC,1348
,SC,1349
,SC,1350
,SC,1351
,SC,1352
,SC,1353
,SC,1354
,SC,1355
,SC,1356
,SC,1357
,SC,1358
,SC,1359
,SC,1360
,SC,1361
,SC,1362
,SC,1363
,SC,1364
,SC,1365
,SC,1366
,SC,1367
,SC,1368
,SC,1369
,SC,1370
,SC,1371
,SC,1372
,SC,1373
,SC,1374
,SC,1375
,SC,1376
,SC,1377
,SC,1378
,SC,1379
,SC,1380
,SC,1381
,SC,1382
,SC,1383
,SC,1384
,SC,1385
,SC,1386
,SC,1387
,SC,1388
,SC,1389
,SC,1390
,SC,1391
,SC,1392
,SC,1393
,SC,1394
,SC,1395
,SC,1396
,SC,1397
,SC,1398
,SC,1399
,SC,1400
,SC,1401
,SC,1402
,SC,1403
,SC,1404
,SC,1405
,SC,1406
,SC,1407
,SC,1408
,SC,1409
,SC,1410
,SC,1411
,SC,1412
,SC,1413
,SC,1414
,SC,1415
,SC,1416
,SC,1417
,SC,1418
,SC,1419
,SC,1420
,SC,1421
,SC,1422
,SC,1423
,SC,1424
,SC,1425
,SC,1426
,SC,1427
,SC,1428
,SC,1429
,SC,1430
,SC,1431
,SC,1432
,SC,1433
,SC,1434
,SC,1435
,SC,1436
,SC,1437
,SC,1438
,SC,1439
,SC,1440
,SC,1441
,SC,1442
,SC,1443
,SC,1444
,SC,1445
,SC,1446
,SC,1447
,SC,1448
,SC,1449
,SC,1450
,SC,1451
,SC,1452
,SC,1453
,SC,1454
,SC,1455
,SC,1456
,SC,1457
,SC,1458
,SC,1459
,SC,1460
,SC,1461
,SC,1462
,SC,1463
,SC,1464
,SC,1465
,SC,1466
,SC,1467
,SC,1468
,SC,1469
,SC,1470
,SC,1471
,SC,1472
,SC,1473
,SC,1474
,SC,1475
,SC,1476
,SC,1477
,SC,1478
,SC,1479
,SC,1480
,SC,1481
,SC,1482
,SC,1483
,SC,1484
,SC,1485
,SC,1486
,SC,1487
,SC,1488
,SC,1489
,SC,1490
,SC,1491
,SC,1492
,SC,1493
,SC,1494
,SC,1495
,SC,1496
,SC,1497
,SC,1498
,SC,1499
,SC,1500
,SC,1501
,SC,1502
,SC,1503
,SC,1504
,SC,1505
,SC,1506
,SC,1507
,SC,1508
,SC,1509
,SC,1510
,SC,1511
,SC,1512
,SC,1513
,SC,1514
,SC,1515
,SC,1516
,SC,1517
,SC,1518
,SC,1519
,SC,1520
,SC,1521
,SC,1522
,SC,1523
,SC,1524
,SC,1525
,SC,1526
,SC,1527
,SC,1528
,SC,1529
,SC,1530
,SC,1531
,SC,1532
,SC,1533
,SC,1534
,SC,1535
,SC,1536
,SC,1537
,SC,1538
,SC,1539
,SC,1540
,SC,1541
,SC,1542
,SC,1543
,SC,1544
,SC,1545
,SC,1546
,SC,1547
,SC,1548
,SC,1549
,SC,1550
,SC,1551
,SC,1552
,SC,1553
,SC,1554
,SC,1555
,SC,1556
,SC,1557
,SC,1558
,SC,1559
,SC,1560
,SC,1561
,SC,1562
,SC,1563
,SC,1564
,SC,1565
,SC,1566
,SC,1567
,SC,1568
,SC,1569
,SC,1570
,SC,1571
,SC,1572
,SC,1573
,SC,1574
,SC,1575
,SC,1576
,SC,1577
,SC,1578
,SC,1579
,SC,1580
,SC,1581
,SC,1582
,SC,1583
,SC,1584
,SC,1585
,SC,1586
,SC,1587
,SC,1588
,SC,1589
,SC,1590
,SC,1591
,SC,1592
,SC,1593
,SC,1594
,SC,1595
,SC,1596
,SC,1597
,SC,1598
,SC,1599
,SC,1600
,SC,1601
,SC,1602
,SC,1603
,SC,1604
,SC,1605
,SC,1606
,SC,1607
,SC,1608
,SC,1609
,SC,1610
,SC,1611
,SC,1612
,SC,1613
,SC,1614
,SC,1615
,SC,1616
,SC,1617
,SC,1618
,SC,1619
,SC,1620
,SC,1621
,SC,1622
,SC,1623
,SC,1624
,SC,1625
,SC,1626
,SC,1627
,SC,1628
,SC,1629
,SC,1630
,SC,1631
,SC,1632
,SC,1633
,SC,1634
,SC,1635
,SC,1636
,SC,1637
,SC,1638
,SC,1639
,SC,1640
,SC,1641
,SC,1642
,SC,1643
,SC,1644
,SC,1645
,SC,1646
,SC,1647
,SC,1648
,SC,1649
,SC,1650
,SC,1651
,SC,1652
,SC,1653
,SC,1654
,SC,1655
,SC,1656
,SC,1657
,SC,1658
,SC,1659
,SC,1660
,SC,1661
,SC,1662
,SC,1663
,SC,1664
,SC,1665
,SC,1666
,SC,1667
,SC,1668
,SC,1669
,SC,1670
,SC,1671
,SC,1672
,SC,1673
,SC,1674
,SC,1675
,SC,1676
,SC,1677
,SC,1678
,SC,1679
,SC,1680
,SC,1681
,SC,1682
,SC,1683
,SC,1684
,SC,1685
,SC,1686
,SC,1687
,SC,1688
,SC,1689
,SC,1690
,SC,1691
,SC,1692
,SC,1693
,SC,1694
,SC,1695
,SC,1696
,SC,1697
,SC,1698
,SC,1699
,SC,1700
,SC,1701
,SC,1702
,SC,1703
,SC,1704
,SC,1705
,SC,1706
,SC,1707
,SC,1708
,SC,1709
,SC,1710
,SC,1711
,SC,1712
,SC,1713
,SC,1714
,SC,1715
,SC,1716
,SC,1717
,SC,1718
,SC,1719
,SC,1720
,SC,1721
,SC,1722
,SC,1723
,SC,1724
,SC,1725
,SC,1726
,SC,1727
,SC,1728
,SC,1729
,SC,1730
,SC,1731
,SC,1732
,SC,1733
,SC,1734
,SC,1735
,SC,1736
,SC,1737
,SC,1738
,SC,1739
,SC,1740
,SC,1741
,SC,1742
,SC,1743
,SC,1744
,SC,1745
,SC,1746
,SC,1747
,SC,1748
,SC,1749
,SC,1750
,SC,1751
,SC,1752
,SC,1753
,SC,1754
,SC,1755
,SC,1756
,SC,1757
,SC,1758
,SC,1759
,SC,1760
,SC,1761
,SC,1762
,SC,1763
,SC,1764
,SC,1765
,SC,1766
,SC,1767
,SC,1768
,SC,1769
,SC,1770
,SC,1771
,SC,1772
,SC,1773
,SC,1774
,SC,1775
,SC,1776
,SC,1777
,SC,1778
,SC,1779
,SC,1780
,SC,1781
,SC,1782
,SC,1783
,SC,1784
,SC,1785
,SC,1786
,SC,1787
,SC,1788
,SC,1789
,SC,1790
,SC,1791
,SC,1792
,SC,1793
,SC,1794
,SC,1795
,SC,1796
,SC,1797
,SC,1798
,SC,1799
,SC,1800
,SC,1801
,SC,1802
,SC,1803
,SC,1804
,SC,1805
,SC,1806
,SC,1807
,SC,1808
,SC,1809
,SC,1810
,SC,1811
,SC,1812
,SC,1813
,SC,1814
,SC,1815
,SC,1816
,SC,1817
,SC,1818
,SC,1819
,SC,1820
,SC,1821
,SC,1822
,SC,1823
,SC,1824
,SC,1825
,SC,1826
,SC,1827
,SC,1828
,SC,1829
,SC,1830
,SC,1831
,SC,1832
,SC,1833
,SC,1834
,SC,1835
,SC,1836
,SC,1837
,SC,1838
,SC,1839
,SC,1840
,SC,1841
,SC,1842
,SC,1843
,SC,1844
,SC,1845
,SC,1846
,SC,1847
,SC,1848
,SC,1849
,SC,1850
,SC,1851
,SC,1852
,SC,1853
,SC,1854
,SC,1855
,SC,1856
,SC,1857
,SC,1858
,SC,1859
,SC,1860
,SC,1861
,SC,1862
,SC,1863
,SC,1864
,SC,1865
,SC,1866
,SC,1867
,SC,1868
,SC,1869
,SC,1870
,SC,1871
,SC,1872
,SC,1873
,SC,1874
,SC,1875
,SC,1876
,SC,1877
,SC,1878
,SC,1879
,SC,1880
,SC,1881
,SC,1882
,SC,1883
,SC,1884
,SC,1885
,SC,1886
,SC,1887
,SC,1888
,SC,1889
,SC,1890
,SC,1891
,SC,1892
,SC,1893
,SC,1894
,SC,1895
,SC,1896
,SC,1897
,SC,1898
,SC,1899
,SC,1900
,SC,1901
,SC,1902
,SC,1903
,SC,1904
,SC,1905
,SC,1906
,SC,1907
,SC,1908
,SC,1909
,SC,1910
,SC,1911
,SC,1912
,SC,1913
,SC,1914
,SC,1915
,SC,1916
,SC,1917
,SC,1918
,SC,1919
,SC,1920
,SC,1921
,SC,1922
,SC,1923
,SC,1924
,SC,1925
,SC,1926
,SC,1927
,SC,1928
,SC,1929
,SC,1930
,SC,1931
,SC,1932
,SC,1933
,SC,1934
,SC,1935
,SC,1936
,SC,1937
,SC,1938
,SC,1939
,SC,1940
,SC,1941
,SC,1942
,SC,1943
,SC,1944
,SC,1945
,SC,1946
,SC,1947
,SC,1948
,SC,1949
,SC,1950
,SC,1951
,SC,1952
,SC,1953
,SC,1954
,SC,1955
,SC,1956
,SC,1957
,SC,1958
,SC,1959
,SC,1960
,SC,1961
,SC,1962
,SC,1963
,SC,1964
,SC,1965
,SC,1966
,SC,1967
,SC,1968
,SC,1969
,SC,1970
,SC,1971
,SC,1972
,SC,1973
,SC,1974
,SC,1975
,SC,1976
,SC,1977
,SC,1978
,SC,1979
,SC,1980
,SC,1981
,SC,1982
,SC,1983
,SC,1984
,SC,1985
,SC,1986
,SC,1987
,SC,1988
,SC,1989
,SC,1990
,SC,1991
,SC,1992
,SC,1993
,SC,1994
,SC,1995
,SC,1996
,SC,1997
,SC,1998
,SC,1999
,SC,2000
,SC,2001
,SC,2002
,SC,2003
,SC,2004
,SC,2005
,SC,2006
,SC,2007
,SC,2008
,SC,2009
,SC,2010
,SC,2011
,SC,2012
,SC,2013
,SC,2014
,SC,2015
,SC,2016
,SC,2017
,SC,2018
,SC,2019
,SC,2020
,SC,2021
,SC,2022
,SC,2023
,SC,2024
,SC,2025
,SC,2026
,SC,2027
,SC,2028
,SC,2029
,SC,2030
,SC,2031
,SC,2032
,SC,2033
,SC,2034
,SC,2035
,SC,2036
,SC,2037
,SC,2038
,SC,2039
,SC,2040
,SC,2041
,SC,2042
,SC,2043
,SC,2044
,SC,2045
,SC,2046
,SC,2047
,SC,2048
,SC,2049
,SC,2050
,SC,2051
,SC,2052
,SC,2053
,SC,2054
,SC,2055
,SC,2056
,SC,2057
,SC,2058
,SC,2059
,SC,2060
,SC,2061
,SC,2062
,SC,2063
,SC,2064
,SC,2065
,SC,2066
,SC,2067
,SC,2068
,SC,2069
,SC,2070
,SC,2071
,SC,2072
,SC,2073
,SC,2074
,SC,2075
,SC,2076
,SC,2077
,SC,2078
,SC,2079
,SC,2080
,SC,2081
,SC,2082
,SC,2083
,SC,2084
,SC,2085
,SC,2086
,SC,2087
,SC,2088
,SC,2089
,SC,2090
,SC,2091
,SC,2092
,SC,2093
,SC,2094
,SC,2095
,SC,2096
,SC,2097
,SC,2098
,SC,2099
,SC,2100
,SC,2101
,SC,2102
,SC,2103
,SC,2104
,SC,2105
,SC,2106
,SC,2107
,SC,2108
,SC,2109
,SC,2110
,SC,2111
,SC,2112
,SC,2113
,SC,2114
,SC,2115
,SC,2116
,SC,2117
,SC,2118
,SC,2119
,SC,2120
,SC,2121
,SC,2122
,SC,2123
,SC,2124
,SC,2125
,SC,2126
,SC,2127
,SC,2128
,SC,2129
,SC,2130
,SC,2131
,SC,2132
,SC,2133
,SC,2134
,SC,2135
,SC,2136
,SC,2137
,SC,2138
,SC,2139
,SC,2140
,SC,2141
,SC,2142
,SC,2143
,SC,2144
,SC,2145
,SC,2146
,SC,2147
,SC,2148
,SC,2149
,SC,2150
,SC,2151
,SC,2152
,SC,2153
,SC,2154
,SC,2155
,SC,2156
,SC,2157
,SC,2158
,SC,2159
,SC,2160
,SC,2161
,SC,2162
,SC,2163
,SC,2164
,SC,2165
,SC,2166
,SC,2167
,SC,2168
,SC,2169
,SC,2170
,SC,2171
,SC,2172
,SC,2173
,SC,2174
,SC,2175
,SC,2176
,SC,2177
,SC,2178
,SC,2179
,SC,2180
,SC,2181
,SC,2182
,SC,2183
,SC,2184
,SC,2185
,SC,2186
,SC,2187
,SC,2188
,SC,2189
,SC,2190
,SC,2191
,SC,2192
,SC,2193
,SC,2194
,SC,2195
,SC,2196
,SC,2197
,SC,2198
,SC,2199
,SC,2200
,SC,2201
,SC,2202
,SC,2203
,SC,2204
,SC,2205
,SC,2206
,SC,2207
,SC,2208
,SC,2209
,SC,2210
,SC,2211
,SC,2212
,SC,2213
,SC,2214
,SC,2215
,SC,2216
,SC,2217
,SC,2218
,SC,2219
,SC,2220
,SC,2221
,SC,2222
,SC,2223
,SC,2224
,SC,2225
,SC,2226
,SC,2227
,SC,2228
,SC,2229
,SC,2230
,SC,2231
,SC,2232
,SC,2233
,SC,2234
,SC,2235
,SC,2236
,SC,2237
,SC,2238
,SC,2239
,SC,2240
,SC,2241
,SC,2242
,SC,2243
,SC,2244
,SC,2245
,SC,2246
,SC,2247
,SC,2248
,SC,2249
,SC,2250
,SC,2251
,SC,2252
,SC,2253
,SC,2254
,SC,2255
,SC,2256
,SC,2257
,SC,2258
,SC,2259
,SC,2260
,SC,2261
,SC,2262
,SC,2263
,SC,2264
,SC,2265
,SC,2266
,SC,2267
,SC,2268
,SC,2269
,SC,2270
,SC,2271
,SC,2272
,SC,2273
,SC,2274
,SC,2275
,SC,2276
,SC,2277
,SC,2278
,SC,2279
,SC,2280
,SC,2281
,SC,2282
,SC,2283
,SC,2284
,SC,2285
,SC,2286
,SC,2287
,SC,2288
,SC,2289
,SC,2290
,SC,2291
,SC,2292
,SC,2293
,SC,2294
,SC,2295
,SC,2296
,SC,2297
,SC,2298
,SC,2299
,SC,2300
,SC,2301
,SC,2302
,SC,2303
,SC,2304
,SC,2305
,SC,2306
,SC,2307
,SC,2308
,SC,2309
,SC,2310
,SC,2311
,SC,2312
,SC,2313
,SC,2314
,SC,2315
,SC,2316
,SC,2317
,SC,2318
,SC,2319
,SC,2320
,SC,2321
,SC,2322
,SC,2323
,SC,2324
,SC,2325
,SC,2326
,SC,2327
,SC,2328
,SC,2329
,SC,2330
,SC,2331
,SC,2332
,SC,2333
,SC,2334
,SC,2335
,SC,2336
,SC,2337
,SC,2338
,SC,2339
,SC,2340
,SC,2341
,SC,2342
,SC,2343
,SC,2344
,SC,2345
,SC,2346
,SC,2347
,SC,2348
,SC,2349
,SC,2350
,SC,2351
,SC,2352
,SC,2353
,SC,2354
,SC,2355
,SC,2356
,SC,2357
,SC,2358
,SC,2359
,SC,2360
,SC,2361
,SC,2362
,SC,2363
,SC,2364
,SC,2365
,SC,2366
,SC,2367
,SC,2368
,SC,2369
,SC,2370
,SC,2371
,SC,2372
,SC,2373
,SC,2374
,SC,2375
,SC,2376
,SC,2377
,SC,2378
,SC,2379
,SC,2380
,SC,2381
,SC,2382
,SC,2383
,SC,2384
,SC,2385
,SC,2386
,SC,2387
,SC,2388
,SC,2389
,SC,2390
,SC,2391
,SC,2392
,SC,2393
,SC,2394
,SC,2395
,SC,2396
,SC,2397
,SC,2398
,SC,2399
,SC,2400
,SC,2401
,SC,2402
,SC,2403
,SC,2404
,SC,2405
,SC,2406
,SC,2407
,SC,2408
,SC,2409
,SC,2410
,SC,2411
,SC,2412
,SC,2413
,SC,2414
,SC,2415
,SC,2416
,SC,2417
,SC,2418
,SC,2419
,SC,2420
,SC,2421
,SC,2422
,SC,2423
,SC,2424
,SC,2425
,SC,2426
,SC,2427
,SC,2428
,SC,2429
,SC,2430
,SC,2431
,SC,2432
,SC,2433
,SC,2434
,SC,2435
,SC,2436
,SC,2437
,SC,2438
,SC,2439
,SC,2440
,SC,2441
,SC,2442
,SC,2443
,SC,2444
,SC,2445
,SC,2446
,SC,2447
,SC,2448
,SC,2449
,SC,2450
,SC,2451
,SC,2452
,SC,2453
,SC,2454
,SC,2455
,SC,2456
,SC,2457
,SC,2458
,SC,2459
,SC,2460
,SC,2461
,SC,2462
,SC,2463
,SC,2464
,SC,2465
,SC,2466
,SC,2467
,SC,2468
,SC,2469
,SC,2470
,SC,2471
,SC,2472
,SC,2473
,SC,2474
,SC,2475
,SC,2476
,SC,2477
,SC,2478
,SC,2479
,SC,2480
,SC,2481
,SC,2482
,SC,2483
,SC,2484
,SC,2485
,SC,2486
,SC,2487
,SC,2488
,SC,2489
,SC,2490
,SC,2491
,SC,2492
,SC,2493
,SC,2494
,SC,2495
,SC,2496
,SC,2497
,SC,2498
,SC,2499
,SC,2500
,SC,2501
,SC,2502
,SC,2503
,SC,2504
,SC,2505
,SC,2506
,SC,2507
,SC,2508
,SC,2509
,SC,2510
,SC,2511
,SC,2512
,SC,2513
,SC,2514
,SC,2515
,SC,2516
,SC,2517
,SC,2518
,SC,2519
,SC,2520
,SC,2521
,SC,2522
,SC,2523
,SC,2524
,SC,2525
,SC,2526
,SC,2527
,SC,2528
,SC,2529
,SC,2530
,SC,2531
,SC,2532
,SC,2533
,SC,2534
,SC,2535
,SC,2536
,SC,2537
,SC,2538
,SC,2539
,SC,2540
,SC,2541
,SC,2542
,SC,2543
,SC,2544
,SC,2545
,SC,2546
,SC,2547
,SC,2548
,SC,2549
,SC,2550
,SC,2551
,SC,2552
,SC,2553
,SC,2554
,SC,2555
,SC,2556
,SC,2557
,SC,2558
,SC,2559
,SC,2560
,SC,2561
,SC,2562
,SC,2563
,SC,2564
,SC,2565
,SC,2566
,SC,2567
,SC,2568
,SC,2569
,SC,2570
,SC,2571
,SC,2572
,SC,2573
,SC,2574
,SC,2575
,SC,2576
,SC,2577
,SC,2578
,SC,2579
,SC,2580
,SC,2581
,SC,2582
,SC,2583
,SC,2584
,SC,2585
,SC,2586
,SC,2587
,SC,2588
,SC,2589
,SC,2590
,SC,2591
,SC,2592
,SC,2593
,SC,2594
,SC,2595
,SC,2596
,SC,2597
,SC,2598
,SC,2599
,SC,2600
,SC,2601
,SC,2602
,SC,2603
,SC,2604
,SC,2605
,SC,2606
,SC,2607
,SC,2608
,SC,2609
,SC,2610
,SC,2611
,SC,2612
,SC,2613
,SC,2614
,SC,2615
,SC,2616
,SC,2617
,SC,2618
,SC,2619
,SC,2620
,SC,2621
,SC,2622
,SC,2623
,SC,2624
,SC,2625
,SC,2626
,SC,2627
,SC,2628
,SC,2629
,SC,2630
,SC,2631
,SC,2632
,SC,2633
,SC,2634
,SC,2635
,SC,2636
,SC,2637
,SC,2638
,SC,2639
,SC,2640
,SC,2641
,SC,2642
,SC,2643
,SC,2644
,SC,2645
,SC,2646
,SC,2647
,SC,2648
,SC,2649
,SC,2650
,SC,2651
,SC,2652
,SC,2653
,SC,2654
,SC,2655
,SC,2656
,SC,2657
,SC,2658
,SC,2659
,SC,2660
,SC,2661
,SC,2662
,SC,2663
,SC,2664
,SC,2665
,SC,2666
,SC,2667
,SC,2668
,SC,2669
,SC,2670
,SC,2671
,SC,2672
,SC,2673
,SC,2674
,SC,2675
,SC,2676
,SC,2677
,SC,2678
,SC,2679
,SC,2680
,SC,2681
,SC,2682
,SC,2683
,SC,2684
,SC,2685
,SC,2686
,SC,2687
,SC,2688
,SC,2689
,SC,2690
,SC,2691
,SC,2692
,SC,2693
,SC,2694
,SC,2695
,SC,2696
,SC,2697
,SC,2698
,SC,2699
,SC,2700
,SC,2701
,SC,2702
,SC,2703
,SC,2704
,SC,2705
,SC,2706
,SC,2707
,SC,2708
,SC,2709
,SC,2710
,SC,2711
,SC,2712
,SC,2713
,SC,2714
,SC,2715
,SC,2716
,SC,2717
,SC,2718
,SC,2719
,SC,2720
,SC,2721
,SC,2722
,SC,2723
,SC,2724
,SC,2725
,SC,2726
,SC,2727
,SC,2728
,SC,2729
,SC,2730
,SC,2731
,SC,2732
,SC,2733
,SC,2734
,SC,2735
,SC,2736
,SC,2737
,SC,2738
,SC,2739
,SC,2740
,SC,2741
,SC,2742
,SC,2743
,SC,2744
,SC,2745
,SC,2746
,SC,2747
,SC,2748
,SC,2749
,SC,2750
,SC,2751
,SC,2752
,SC,2753
,SC,2754
,SC,2755
,SC,2756
,SC,2757
,SC,2758
,SC,2759
,SC,2760
,SC,2761
,SC,2762
,SC,2763
,SC,2764
,SC,2765
,SC,2766
,SC,2767
,SC,2768
,SC,2769
,SC,2770
,SC,2771
,SC,2772
,SC,2773
,SC,2774
,SC,2775
,SC,2776
,SC,2777
,SC,2778
,SC,2779
,SC,2780
,SC,2781
,SC,2782
,SC,2783
,SC,2784
,SC,2785
,SC,2786
,SC,2787
,SC,2788
,SC,2789
,SC,2790
,SC,2791
,SC,2792
,SC,2793
,SC,2794
,SC,2795
,SC,2796
,SC,2797
,SC,2798
,SC,2799
,SC,2800
,SC,2801
,SC,2802
,SC,2803
,SC,2804
,SC,2805
,SC,2806
,SC,2807
,SC,2808
,SC,2809
,SC,2810
,SC,2811
,SC,2812
,SC,2813
,SC,2814
,SC,2815
,SC,2816
,SC,2817
,SC,2818
,SC,2819
,SC,2820
,SC,2821
,SC,2822
,SC,2823
,SC,2824
,SC,2825
,SC,2826
,SC,2827
,SC,2828
,SC,2829
,SC,2830
,SC,2831
,SC,2832
,SC,2833
,SC,2834
,SC,2835
,SC,2836
,SC,2837
,SC,2838
,SC,2839
,SC,2840
,SC,2841
,SC,2842
,SC,2843
,SC,2844
,SC,2845
,SC,2846
,SC,2847
,SC,2848
,SC,2849
,SC,2850
,SC,2851
,SC,2852
,SC,2853
,SC,2854
,SC,2855
,SC,2856
,SC,2857
,SC,2858
,SC,2859
,SC,2860
,SC,2861
,SC,2862
,SC,2863
,SC,2864
,SC,2865
,SC,2866
,SC,2867
,SC,2868
,SC,2869
,SC,2870
,SC,2871
,SC,2872
,SC,2873
,SC,2874
,SC,2875
,SC,2876
,SC,2877
,SC,2878
,SC,2879
,SC,2880
,SC,2881
,SC,2882
,SC,2883
,SC,2884
,SC,2885
,SC,2886
,SC,2887
,SC,2888
,SC,2889
,SC,2890
,SC,2891
,SC,2892
,SC,2893
,SC,2894
,SC,2895
,SC,2896
,SC,2897
,SC,2898
,SC,2899
,SC,2900
,SC,2901
,SC,2902
,SC,2903
,SC,2904
,SC,2905
,SC,2906
,SC,2907
,SC,2908
,SC,2909
,SC,2910
,SC,2911
,SC,2912
,SC,2913
,SC,2914
,SC,2915
,SC,2916
,SC,2917
,SC,2918
,SC,2919
,SC,2920
,SC,2921
,SC,2922
,SC,2923
,SC,2924
,SC,2925
,SC,2926
,SC,2927
,SC,2928
,SC,2929
,SC,2930
,SC,2931
,SC,2932
,SC,2933
,SC,2934
,SC,2935
,SC,2936
,SC,2937
,SC,2938
,SC,2939
,SC,2940
,SC,2941
,SC,2942
,SC,2943
,SC,2944
,SC,2945
,SC,2946
,SC,2947
,SC,2948
,SC,2949
,SC,2950
,SC,2951
,SC,2952
,SC,2953
,SC,2954
,SC,2955
,SC,2956
,SC,2957
,SC,2958
,SC,2959
,SC,2960
,SC,2961
,SC,2962
,SC,2963
,SC,2964
,SC,2965
,SC,2966
,SC,2967
,SC,2968
,SC,2969
,SC,2970
,SC,2971
,SC,2972
,SC,2973
,SC,2974
,SC,2975
,SC,2976
,SC,2977
,SC,2978
,SC,2979
,SC,2980
,SC,2981
,SC,2982
,SC,2983
,SC,2984
,SC,2985
,SC,2986
,SC,2987
,SC,2988
,SC,2989
,SC,2990
,SC,2991
,SC,2992
,SC,2993
,SC,2994
,SC,2995
,SC,2996
,SC,2997
,SC,2998
,SC,2999
,SC,3000
,SC,3001
,SC,3002
,SC,3003
,SC,3004
,SC,3005
,SC,3006
,SC,3007
,SC,3008
,SC,3009
,SC,3010
,SC,3011
,SC,3012
,SC,3013
,SC,3014
,SC,3015
,SC,3016
,SC,3017
,SC,3018
,SC,3019
,SC,3020
,SC,3021
,SC,3022
,SC,3023
,SC,3024
,SC,3025
,SC,3026
,SC,3027
,SC,3028
,SC,3029
,SC,3030
,SC,3031
,SC,3032
,SC,3033
,SC,3034
,SC,3035
,SC,3036
,SC,3037
,SC,3038
,SC,3039
,SC,3040
,SC,3041
,SC,3042
,SC,3043
,SC,3044
,SC,3045
,SC,3046
,SC,3047
,SC,3048
,SC,3049
,SC,3050
,SC,3051
,SC,3052
,SC,3053
,SC,3054
,SC,3055
,SC,3056
,SC,3057
,SC,3058
,SC,3059
,SC,3060
,SC,3061
,SC,3062
,SC,3063
,SC,3064
,SC,3065
,SC,3066
,SC,3067
,SC,3068
,SC,3069
,SC,3070
,SC,3071
,SC,3072
,SC,3073
,SC,3074
,SC,3075
,SC,3076
,SC,3077
,SC,3078
,SC,3079
,SC,3080
,SC,3081
,SC,3082
,SC,3083
,SC,3084
,SC,3085
,SC,3086
,SC,3087
,SC,3088
,SC,3089
,SC,3090
,SC,3091
,SC,3092
,SC,3093
,SC,3094
,SC,3095
,SC,3096
,SC,3097
,SC,3098
,SC,3099
,SC,3100
,SC,3101
,SC,3102
,SC,3103
,SC,3104
,SC,3105
,SC,3106
,SC,3107
,SC,3108
,SC,3109
,SC,3110
,SC,3111
,SC,3112
,SC,3113
,SC,3114
,SC,3115
,SC,3116
,SC,3117
,SC,3118
,SC,3119
,SC,3120
,SC,3121
,SC,3122
,SC,3123
,SC,3124
,SC,3125
,SC,3126
,SC,3127
,SC,3128
,SC,3129
,SC,3130
,SC,3131
,SC,3132
,SC,3133
,SC,3134
,SC,3135
,SC,3136
,SC,3137
,SC,3138
,SC,3139
,SC,3140
,SC,3141
,SC,3142
,SC,3143
,SC,3144
,SC,3145
,SC,3146
,SC,3147
,SC,3148
,SC,3149
,SC,3150
,SC,3151
,SC,3152
,SC,3153
,SC,3154
,SC,3155
,SC,3156
,SC,3157
,SC,3158
,SC,3159
,SC,3160
,SC,3161
,SC,3162
,SC,3163
,SC,3164
,SC,3165
,SC,3166
,SC,3167
,SC,3168
,SC,3169
,SC,3170
,SC,3171
,SC,3172
,SC,3173
,SC,3174
,SC,3175
,SC,3176
,SC,3177
,SC,3178
,SC,3179
,SC,3180
,SC,3181
,SC,3182
,SC,3183
,SC,3184
,SC,3185
,SC,3186
,SC,3187
,SC,3188
,SC,3189
,SC,3190
,SC,3191
,SC,3192
,SC,3193
,SC,3194
,SC,3195
,SC,3196
,SC,3197
,SC,3198
,SC,3199
,SC,3200
,SC,3201
,SC,3202
,SC,3203
,SC,3204
,SC,3205
,SC,3206
,SC,3207
,SC,3208
,SC,3209
,SC,3210
,SC,3211
,SC,3212
,SC,3213
,SC,3214
,SC,3215
,SC,3216
,SC,3217
,SC,3218
,SC,3219
,SC,3220
,SC,3221
,SC,3222
,SC,3223
,SC,3224
,SC,3225
,SC,3226
,SC,3227
,SC,3228
,SC,3229
,SC,3230
,SC,3231
,SC,3232
,SC,3233
,SC,3234
,SC,3235
,SC,3236
,SC,3237
,SC,3238
,SC,3239
,SC,3240
,SC,3241
,SC,3242
,SC,3243
,SC,3244
,SC,3245
,SC,3246
,SC,3247
,SC,3248
,SC,3249
,SC,3250
,SC,3251
,SC,3252
,SC,3253
,SC,3254
,SC,3255
,SC,3256
,SC,3257
,SC,3258
,SC,3259
,SC,3260
,SC,3261
,SC,3262
,SC,3263
,SC,3264
,SC,3265
,SC,3266
,SC,3267
,SC,3268
,SC,3269
,SC,3270
,SC,3271
,SC,3272
,SC,3273
,SC,3274
,SC,3275
,SC,3276
,SC,3277
,SC,3278
,SC,3279
,SC,3280
,SC,3281
,SC,3282
,SC,3283
,SC,3284
,SC,3285
,SC,3286
,SC,3287
,SC,3288
,SC,3289
,SC,3290
,SC,3291
,SC,3292
,SC,3293
,SC,3294
,SC,3295
,SC,3296
,SC,3297
,SC,3298
,SC,3299
,SC,3300
,SC,3301
,SC,3302
,SC,3303
,SC,3304
,SC,3305
,SC,3306
,SC,3307
,SC,3308
,SC,3309
,SC,3310
,SC,3311
,SC,3312
,SC,3313
,SC,3314
,SC,3315
,SC,3316
,SC,3317
,SC,3318
,SC,3319
,SC,3320
,SC,3321
,SC,3322
,SC,3323
,SC,3324
,SC,3325
,SC,3326
,SC,3327
,SC,3328
,SC,3329
,SC,3330
,SC,3331
,SC,3332
,SC,3333
,SC,3334
,SC,3335
,SC,3336
,SC,3337
,SC,3338
,SC,3339
,SC,3340
,SC,3341
,SC,3342
,SC,3343
,SC,3344
,SC,3345
,SC,3346
,SC,3347
,SC,3348
,SC,3349
,SC,3350
,SC,3351
,SC,3352
,SC,3353
,SC,3354
,SC,3355
,SC,3356
,SC,3357
,SC,3358
,SC,3359
,SC,3360
,SC,3361
,SC,3362
,SC,3363
,SC,3364
,SC,3365
,SC,3366
,SC,3367
,SC,3368
,SC,3369
,SC,3370
,SC,3371
,SC,3372
,SC,3373
,SC,3374
,SC,3375
,SC,3376
,SC,3377
,SC,3378
,SC,3379
,SC,3380
,SC,3381
,SC,3382
,SC,3383
,SC,3384
,SC,3385
,SC,3386
,SC,3387
,SC,3388
,SC,3389
,SC,3390
,SC,3391
,SC,3392
,SC,3393
,SC,3394
,SC,3395
,SC,3396
,SC,3397
,SC,3398
,SC,3399
,SC,3400
,SC,3401
,SC,3402
,SC,3403
,SC,3404
,SC,3405
,SC,3406
,SC,3407
,SC,3408
,SC,3409
,SC,3410
,SC,3411
,SC,3412
,SC,3413
,SC,3414
,SC,3415
,SC,3416
,SC,3417
,SC,3418
,SC,3419
,SC,3420
,SC,3421
,SC,3422
,SC,3423
,SC,3424
,SC,3425
,SC,3426
,SC,3427
,SC,3428
,SC,3429
,SC,3430
,SC,3431
,SC,3432
,SC,3433
,SC,3434
,SC,3435
,SC,3436
,SC,3437
,SC,3438
,SC,3439
,SC,3440
,SC,3441
,SC,3442
,SC,3443
,SC,3444
,SC,3445
,SC,3446
,SC,3447
,SC,3448
,SC,3449
,SC,3450
,SC,3451
,SC,3452
,SC,3453
,SC,3454
,SC,3455
,SC,3456
,SC,3457
,SC,3458
,SC,3459
,SC,3460
,SC,3461
,SC,3462
,SC,3463
,SC,3464
,SC,3465
,SC,3466
,SC,3467
,SC,3468
,SC,3469
,SC,3470
,SC,3471
,SC,3472
,SC,3473
,SC,3474
,SC,3475
,SC,3476
,SC,3477
,SC,3478
,SC,3479
,SC,3480
,SC,3481
,SC,3482
,SC,3483
,SC,3484
,SC,3485
,SC,3486
,SC,3487
,SC,3488
,SC,3489
,SC,3490
,SC,3491
,SC,3492
,SC,3493
,SC,3494
,SC,3495
,SC,3496
,SC,3497
,SC,3498
,SC,3499
,SC,3500
,SC,3501
,SC,3502
,SC,3503
,SC,3504
,SC,3505
,SC,3506
,SC,3507
,SC,3508
,SC,3509
,SC,3510
,SC,3511
,SC,3512
,SC,3513
,SC,3514
,SC,3515
,SC,3516
,SC,3517
,SC,3518
,SC,3519
,SC,3520
,SC,3521
,SC,3522
,SC,3523
,SC,3524
,SC,3525
,SC,3526
,SC,3527
,SC,3528
,SC,3529
,SC,3530
,SC,3531
,SC,3532
,SC,3533
,SC,3534
,SC,3535
,SC,3536
,SC,3537
,SC,3538
,SC,3539
,SC,3540
,SC,3541
,SC,3542
,SC,3543
,SC,3544
,SC,3545
,SC,3546
,SC,3547
,SC,3548
,SC,3549
,SC,3550
,SC,3551
,SC,3552
,SC,3553
,SC,3554
,SC,3555
,SC,3556
,SC,3557
,SC,3558
,SC,3559
,SC,3560
,SC,3561
,SC,3562
,SC,3563
,SC,3564
,SC,3565
,SC,3566
,SC,3567
,SC,3568
,SC,3569
,SC,3570
,SC,3571
,SC,3572
,SC,3573
,SC,3574
,SC,3575
,SC,3576
,SC,3577
,SC,3578
,SC,3579
,SC,3580
,SC,3581
,SC,3582
,SC,3583
,SC,3584
,SC,3585
,SC,3586
,SC,3587
,SC,3588
,SC,3589
,SC,3590
,SC,3591
,SC,3592
,SC,3593
,SC,3594
,SC,3595
,SC,3596
,SC,3597
,SC,3598
,SC,3599
,SC,3600
,SC,3601
,SC,3602
,SC,3603
,SC,3604
,SC,3605
,SC,3606
,SC,3607
,SC,3608
,SC,3609
,SC,3610
,SC,3611
,SC,3612
,SC,3613
,SC,3614
,SC,3615
,SC,3616
,SC,3617
,SC,3618
,SC,3619
,SC,3620
,SC,3621
,SC,3622
,SC,3623
,SC,3624
,SC,3625
,SC,3626
,SC,3627
,SC,3628
,SC,3629
,SC,3630
,SC,3631
,SC,3632
,SC,3633
,SC,3634
,SC,3635
,SC,3636
,SC,3637
,SC,3638
,SC,3639
,SC,3640
,SC,3641
,SC,3642
,SC,3643
,SC,3644
,SC,3645
,SC,3646
,SC,3647
,SC,3648
,SC,3649
,SC,3650
,SC,3651
,SC,3652
,SC,3653
,SC,3654
,SC,3655
,SC,3656
,SC,3657
,SC,3658
,SC,3659
,SC,3660
,SC,3661
,SC,3662
,SC,3663
,SC,3664
,SC,3665
,SC,3666
,SC,3667
,SC,3668
,SC,3669
,SC,3670
,SC,3671
,SC,3672
,SC,3673
,SC,3674
,SC,3675
,SC,3676
,SC,3677
,SC,3678
,SC,3679
,SC,3680
,SC,3681
,SC,3682
,SC,3683
,SC,3684
,SC,3685
,SC,3686
,SC,3687
,SC,3688
,SC,3689
,SC,3690
,SC,3691
,SC,3692
,SC,3693
,SC,3694
,SC,3695
,SC,3696
,SC,3697
,SC,3698
,SC,3699
,SC,3700
,SC,3701
,SC,3702
,SC,3703
,SC,3704
,SC,3705
,SC,3706
,SC,3707
,SC,3708
,SC,3709
,SC,3710
,SC,3711
,SC,3712
,SC,3713
,SC,3714
,SC,3715
,SC,3716
,SC,3717
,SC,3718
,SC,3719
,SC,3720
,SC,3721
,SC,3722
,SC,3723
,SC,3724
,SC,3725
,SC,3726
,SC,3727
,SC,3728
,SC,3729
,SC,3730
,SC,3731
,SC,3732
,SC,3733
,SC,3734
,SC,3735
,SC,3736
,SC,3737
,SC,3738
,SC,3739
,SC,3740
,SC,3741
,SC,3742
,SC,3743
,SC,3744
,SC,3745
,SC,3746
,SC,3747
,SC,3748
,SC,3749
,SC,3750
,SC,3751
,SC,3752
,SC,3753
,SC,3754
,SC,3755
,SC,3756
,SC,3757
,SC,3758
,SC,3759
,SC,3760
,SC,3761
,SC,3762
,SC,3763
,SC,3764
,SC,3765
,SC,3766
,SC,3767
,SC,3768
,SC,3769
,SC,3770
,SC,3771
,SC,3772
,SC,3773
,SC,3774
,SC,3775
,SC,3776
,SC,3777
,SC,3778
,SC,3779
,SC,3780
,SC,3781
,SC,3782
,SC,3783
,SC,3784
,SC,3785
,SC,3786
,SC,3787
,SC,3788
,SC,3789
,SC,3790
,SC,3791
,SC,3792
,SC,3793
,SC,3794
,SC,3795
,SC,3796
,SC,3797
,SC,3798
,SC,3799
,SC,3800
,SC,3801
,SC,3802
,SC,3803
,SC,3804
,SC,3805
,SC,3806
,SC,3807
,SC,3808
,SC,3809
,SC,3810
,SC,3811
,SC,3812
,SC,3813
,SC,3814
,SC,3815
,SC,3816
,SC,3817
,SC,3818
,SC,3819
,SC,3820
,SC,3821
,SC,3822
,SC,3823
,SC,3824
,SC,3825
,SC,3826
,SC,3827
,SC,3828
,SC,3829
,SC,3830
,SC,3831
,SC,3832
,SC,3833
,SC,3834
,SC,3835
,SC,3836
,SC,3837
,SC,3838
,SC,3839
,SC,3840
,SC,3841
,SC,3842
,SC,3843
,SC,3844
,SC,3845
,SC,3846
,SC,3847
,SC,3848
,SC,3849
,SC,3850
,SC,3851
,SC,3852
,SC,3853
,SC,3854
,SC,3855
,SC,3856
,SC,3857
,SC,3858
,SC,3859
,SC,3860
,SC,3861
,SC,3862
,SC,3863
,SC,3864
,SC,3865
,SC,3866
,SC,3867
,SC,3868
,SC,3869
,SC,3870
,SC,3871
,SC,3872
,SC,3873
,SC,3874
,SC,3875
,SC,3876
,SC,3877
,SC,3878
,SC,3879
,SC,3880
,SC,3881
,SC,3882
,SC,3883
,SC,3884
,SC,3885
,SC,3885
,SC,3887
,SC,3888
,SC,3889
,SC,3890
,SC,3891
,SC,3892
,SC,3893
,SC,3894
,SC,3895
,SC,3896
,SC,3897
,SC,3898
,SC,3899
,SC,3900
,SC,3901
,SC,3902
,SC,3903
,SC,3904
,SC,3905
,SC,3906
,SC,3907
,SC,3908
,SC,3909
,SC,3910
,SC,3911
,SC,3912
,SC,3913
,SC,3914
,SC,3915
,SC,3916
,SC,3917
,SC,3918
,SC,3919
,SC,3920
,SC,3921
,SC,3922
,SC,3923
,SC,3924
,SC,3925
,SC,3926
,SC,3927
,SC,3928
,SC,3929
,SC,3930
,SC,3931
,SC,3932
,SC,3933
,SC,3934
,SC,3935
,SC,3936
,SC,3937
,SC,3938
,SC,3939
,SC,3940
,SC,3941
,SC,3942
,SC,3943
,SC,3944
,SC,3945
,SC,3946
,SC,3947
,SC,3948
,SC,3949
,SC,3950
,SC,3951
,SC,3952
,SC,3953
,SC,3954
,SC,3955
,SC,3956
,SC,3957
,SC,3958
,SC,3959
,SC,3960
,SC,3961
,SC,3962
,SC,3963
,SC,3964
,SC,3965
,SC,3966
,SC,3967
,SC,3968
,SC,3969
,SC,3970
,SC,3971
,SC,3972
,SC,3973
,SC,3974
,SC,3975
,SC,3976
,SC,3977
,SC,3978
,SC,3979
,SC,3980
,SC,3981
,SC,3982
,SC,3983
,SC,3984
,SC,3985
,SC,3986
,SC,3987
,SC,3988
,SC,3989
,SC,3990
,SC,3991
,SC,3992
,SC,3993
,SC,3994
,SC,3995
,SC,3996
,SC,3997
,SC,3998
,SC,3999
,SC,4000
,SC,4001
,SC,4002
,SC,4003
,SC,4004
,SC,4005
,SC,4006
,SC,4007
,SC,4008
,SC,4009
,SC,4010
,SC,4011
,SC,4012
,SC,4013
,SC,4014
,SC,4015
,SC,4016
,SC,4017
,SC,4018
,SC,4019
,SC,4020
,SC,4021
,SC,4022
,SC,4023
,SC,4024
,SC,4025
,SC,4026
,SC,4027
,SC,4028
,SC,4029
,SC,4030
,SC,4031
,SC,4032
,SC,4033
,SC,4034
,SC,4035
,SC,4036
,SC,4037
,SC,4038
,SC,4039
,SC,4040
,SC,4041
,SC,4042
,SC,4043
,SC,4044
,SC,4045
,SC,4046
,SC,4047
,SC,4048
,SC,4049
,SC,4050
,SC,4051
,SC,4052
,SC,4053
,SC,4054
,SC,4055
,SC,4056
,SC,4057
,SC,4058
,SC,4059
,SC,4060
,SC,4061
,SC,4062
,SC,4063
,SC,4064
,SC,4065
,SC,4066
,SC,4067
,SC,4068
,SC,4068
,SC,4070
,SC,4071
,SC,4072
,SC,4073
,SC,4074
,SC,4075
,SC,4076
,SC,4077
,SC,4078
,SC,4079
,SC,4080
,SC,4081
,SC,4082
,SC,4083
,SC,4084
,SC,4084
,SC,4086
,SC,4087
,SC,4088
,SC,4089
,SC,4090
,SC,4091
,SC,4092
,SC,4093
,SC,4094
,SC,4095
,SC,4096
,SC,4097
,SC,4098
,SC,4099
,SC,4100
,SC,4101
,SC,4102
,SC,4103
,SC,4104
,SC,4105
,SC,4106
,SC,4107
,SC,4108
,SC,4109
,SC,4110
,SC,4111
,SC,4112
,SC,4113
,SC,4114
,SC,4115
,SC,4116
,SC,4117
,SC,4118
,SC,4119
,SC,4120
,SC,4121
,SC,4122
,SC,4123
,SC,4124
,SC,4125
,SC,4126
,SC,4127
,SC,4128
,SC,4129
,SC,4130
,SC,4131
,SC,4132
,SC,4133
,SC,4134
,SC,4135
,SC,4136
,SC,4137
,SC,4138
,SC,4139
,SC,4140
,SC,4141
,SC,4142
,SC,4143
,SC,4144
,SC,4145
,SC,4146
,SC,4147
,SC,4148
,SC,4149
,SC,4150
,SC,4151
,SC,4152
,SC,4153
,SC,4154
,SC,4155
,SC,4156
,SC,4157
,SC,4158
,SC,4159
,SC,4160
,SC,4161
,SC,4162
,SC,4163
,SC,4164
,SC,4165
,SC,4166
,SC,4167
,SC,4168
,SC,4169
,SC,4170
,SC,4171
,SC,4172
,SC,4173
,SC,4174
,SC,4175
,SC,4176
,SC,4177
,SC,4178
,SC,4179
,SC,4180
,SC,4181
,SC,4182
,SC,4183
,SC,4184
,SC,4185
,SC,4186
,SC,4187
,SC,4188
,SC,4189
,SC,4190
,SC,4191
,SC,4192
,SC,4193
,SC,4194
,SC,4195
,SC,4196
,SC,4197
,SC,4198
,SC,4199
,SC,4200
,SC,4201
,SC,4202
,SC,4203
,SC,4204
,SC,4205
,SC,4206
,SC,4207
,SC,4208
,SC,4209
,SC,4210
,SC,4211
,SC,4212
,SC,4213
,SC,4214
,SC,4215
,SC,4216
,SC,4217
,SC,4218
,SC,4219
,SC,4220
,SC,4221
,SC,4222
,SC,4223
,SC,4224
,SC,4225
,SC,4226
,SC,4227
,SC,4228
,SC,4229
,SC,4230
,SC,4231
,SC,4232
,SC,4233
,SC,4234
,SC,4235
,SC,4236
,SC,4237
,SC,4238
,SC,4239
,SC,4240
,SC,4241
,SC,4242
,SC,4243
,SC,4244
,SC,4245
,SC,4246
,SC,4247
,SC,4248
,SC,4248
,SC,4250
,SC,4251
,SC,4252
,SC,4253
,SC,4254
,SC,4255
,SC,4256
,SC,4257
,SC,4258
,SC,4259
,SC,4260
,SC,4261
,SC,4262
,SC,4263
,SC,4264
,SC,4265
,SC,4266
,SC,4267
,SC,4268
,SC,4269
,SC,4270
,SC,4271
,SC,4272
,SC,4273
,SC,4274
,SC,4275
,SC,4276
,SC,4277
,SC,4278
,SC,4279
,SC,4280
,SC,4281
,SC,4282
,SC,4283
,SC,4284
,SC,4285
,SC,4286
,SC,4287
,SC,4288
,SC,4289
,SC,4290
,SC,4291
,SC,4291
,SC,4293
,SC,4294
,SC,4295
,SC,4296
,SC,4297
,SC,4298
,SC,4299
,SC,4300
,SC,4301
,SC,4302
,SC,4303
,SC,4304
,SC,4305
,SC,4306
,SC,4307
,SC,4308
,SC,4309
,SC,4310
,SC,4311
,SC,4312
,SC,4313
,SC,4314
,SC,4315
,SC,4316
,SC,4317
,SC,4318
,SC,4319
,SC,4320
,SC,4321
,SC,4322
,SC,4323
,SC,4324
,SC,4325
,SC,4326
,SC,4327
,SC,4328
,SC,4329
,SC,4330
,SC,4331
,SC,4332
,SC,4333
,SC,4334
,SC,4335
,SC,4336
,SC,4337
,SC,4338
,SC,4339
,SC,4340
,SC,4341
,SC,4342
,SC,4343
,SC,4344
,SC,4345
,SC,4346
,SC,4347
,SC,4348
,SC,4349
,SC,4350
,SC,4351
,SC,4352
,SC,4353
,SC,4354
,SC,4355
,SC,4356
,SC,4357
,SC,4358
,SC,4359
,SC,4360
,SC,4361
,SC,4362
,SC,4363
,SC,4364
,SC,4365
,SC,4366
,SC,4367
,SC,4368
,SC,4369
,SC,4370
,SC,4371
,SC,4372
,SC,4373
,SC,4374
,SC,4375
,SC,4376
,SC,4377
,SC,4378
,SC,4379
,SC,4380
,SC,4381
,SC,4382
,SC,4383
,SC,4384
,SC,4385
,SC,4386
,SC,4387
,SC,4388
,SC,4389
,SC,4390
,SC,4391
,SC,4392
,SC,4393
,SC,4394
,SC,4395
,SC,4396
,SC,4397
,SC,4398
,SC,4399
,SC,4400
,SC,4401
,SC,4402
,SC,4403
,SC,4404
,SC,4405
,SC,4406
,SC,4407
,SC,4408
,SC,4409
,SC,4410
,SC,4411
,SC,4412
,SC,4413
,SC,4414
,SC,4415
,SC,4416
,SC,4417
,SC,4418
,SC,4419
,SC,4420
,SC,4421
,SC,4422
,SC,4423
,SC,4424
,SC,4425
,SC,4426
,SC,4427
,SC,4428
,SC,4429
,SC,4430
,SC,4431
,SC,4432
,SC,4433
,SC,4434
,SC,4435
,SC,4436
,SC,4437
,SC,4438
,SC,4439
,SC,4440
,SC,4441
,SC,4442
,SC,4443
,SC,4444
,SC,4445
,SC,4446
,SC,4447
,SC,4448
,SC,4449
,SC,4450
,SC,4451
,SC,4452
,SC,4453
,SC,4454
,SC,4455
,SC,4456
,SC,4456
,SC,4458
,SC,4459
,SC,4460
,SC,4461
,SC,4462
,SC,4463
,SC,4464
,SC,4465
,SC,4466
,SC,4467
,SC,4468
,SC,4469
,SC,4470
,SC,4471
,SC,4472
,SC,4473
,SC,4474
,SC,4475
,SC,4476
,SC,4477
,SC,4478
,SC,4479
,SC,4480
,SC,4481
,SC,4482
,SC,4483
,SC,4484
,SC,4485
,SC,4486
,SC,4487
,SC,4488
,SC,4489
,SC,4490
,SC,4491
,SC,4492
,SC,4493
,SC,4494
,SC,4495
,SC,4496
,SC,4497
,SC,4498
,SC,4499
,SC,4500
,SC,4501
,SC,4502
,SC,4503
,SC,4504
,SC,4505
,SC,4506
,SC,4507
,SC,4508
,SC,4509
,SC,4510
,SC,4511
,SC,4512
,SC,4513
,SC,4514
,SC,4515
,SC,4516
,SC,4517
,SC,4518
,SC,4519
,SC,4520
,SC,4521
,SC,4522
,SC,4523
,SC,4524
,SC,4525
,SC,4526
,SC,4527
,SC,4528
,SC,4529
,SC,4530
,SC,4531
,SC,4532
,SC,4533
,SC,4534
,SC,4535
,SC,4536
,SC,4537
,SC,4538
,SC,4539
,SC,4540
,SC,4541
,SC,4542
,SC,4543
,SC,4544
,SC,4545
,SC,4546
,SC,4547
,SC,4548
,SC,4549
,SC,4550
,SC,4551
,SC,4552
,SC,4553
,SC,4554
,SC,4555
,SC,4556
,SC,4557
,SC,4558
,SC,4559
,SC,4560
,SC,4561
,SC,4562
,SC,4563
,SC,4564
,SC,4565
,SC,4566
,SC,4567
,SC,4568
,SC,4569
,SC,4570
,SC,4571
,SC,4572
,SC,4573
,SC,4574
,SC,4575
,SC,4576
,SC,4577
,SC,4578
,SC,4579
,SC,4580
,SC,4581
,SC,4582
,SC,4583
,SC,4584
,SC,4585
,SC,4586
,SC,4587
,SC,4588
,SC,4588
,SC,4590
,SC,4591
,SC,4592
,SC,4593
,SC,4594
,SC,4595
,SC,4596
,SC,4597
,SC,4598
,SC,4599
,SC,4600
,SC,4601
,SC,4602
,SC,4603
,SC,4604
,SC,4605
,SC,4606
,SC,4607
,SC,4608
,SC,4609
,SC,4610
,SC,4611
,SC,4612
,SC,4613
,SC,4614
,SC,4615
,SC,4616
,SC,4617
,SC,4618
,SC,4619
,SC,4620
,SC,4621
,SC,4622
,SC,4623
,SC,4624
,SC,4625
,SC,4626
,SC,4627
,SC,4628
,SC,4629
,SC,4630
,SC,4631
,SC,4632
,SC,4633
,SC,4634
,SC,4635
,SC,4636
,SC,4637
,SC,4638
,SC,4639
,SC,4640
,SC,4641
,SC,4642
,SC,4643
,SC,4644
,SC,4645
,SC,4646
,SC,4647
,SC,4648
,SC,4649
,SC,4650
,SC,4651
,SC,4652
,SC,4653
,SC,4654
,SC,4655
,SC,4656
,SC,4657
,SC,4658
,SC,4659
,SC,4660
,SC,4661
,SC,4662
,SC,4663
,SC,4664
,SC,4665
,SC,4666
,SC,4667
,SC,4668
,SC,4669
,SC,4670
,SC,4671
,SC,4672
,SC,4673
,SC,4674
,SC,4675
,SC,4676
,SC,4677
,SC,4678
,SC,4679
,SC,4680
,SC,4681
,SC,4682
,SC,4683
,SC,4684
,SC,4685
,SC,4686
,SC,4687
,SC,4688
,SC,4689
,SC,4690
,SC,4691
,SC,4692
,SC,4693
,SC,4694
,SC,4695
,SC,4696
,SC,4697
,SC,4698
,SC,4699
,SC,4700
,SC,4701
,SC,4702
,SC,4703
,SC,4704
,SC,4705
,SC,4706
,SC,4707
,SC,4708
,SC,4709
,SC,4710
,SC,4711
,SC,4712
,SC,4713
,SC,4714
,SC,4715
,SC,4716
,SC,4717
,SC,4718
,SC,4719
,SC,4720
,SC,4721
,SC,4722
,SC,4723
,SC,4724
,SC,4725
,SC,4726
,SC,4727
,SC,4728
,SC,4729
,SC,4730
,SC,4731
,SC,4732
,SC,4733
,SC,4734
,SC,4735
,SC,4736
,SC,4737
,SC,4738
,SC,4739
,SC,4740
,SC,4741
,SC,4742
,SC,4743
,SC,4744
,SC,4745
,SC,4746
,SC,4747
,SC,4748
,SC,4749
,SC,4750
,SC,4751
,SC,4752
,SC,4753
,SC,4754
,SC,4755
,SC,4756
,SC,4757
,SC,4758
,SC,4759
,SC,4760
,SC,4761
,SC,4762
,SC,4763
,SC,4764
,SC,4765
,SC,4766
,SC,4767
,SC,4768
,SC,4769
,SC,4770
,SC,4771
,SC,4772
,SC,4773
,SC,4774
,SC,4775
,SC,4776
,SC,4777
,SC,4778
,SC,4779
,SC,4780
,SC,4781
,SC,4782
,SC,4783
,SC,4784
,SC,4785
,SC,4786
,SC,4787
,SC,4788
,SC,4789
,SC,4790
,SC,4791
,SC,4792
,SC,4793
,SC,4794
,SC,4795
,SC,4796
,SC,4797
,SC,4798
,SC,4799
,SC,4800
,SC,4801
,SC,4802
,SC,4803
,SC,4804
,SC,4805
,SC,4806
,SC,4807
,SC,4808
,SC,4809
,SC,4810
,SC,4811
,SC,4812
,SC,4813
,SC,4814
,SC,4815
,SC,4816
,SC,4817
,SC,4818
,SC,4819
,SC,4820
,SC,4821
,SC,4822
,SC,4823
,SC,4824
,SC,4825
,SC,4826
,SC,4827
,SC,4828
,SC,4829
,SC,4830
,SC,4831
,SC,4832
,SC,4833
,SC,4834
,SC,4835
,SC,4836
,SC,4837
,SC,4838
,SC,4839
,SC,4840
,SC,4841
,SC,4842
,SC,4843
,SC,4844
,SC,4845
,SC,4846
,SC,4847
,SC,4847
,SC,4849
,SC,4850
,SC,4851
,SC,4852
,SC,4853
,SC,4854
,SC,4855
,SC,4856
,SC,4857
,SC,4858
,SC,4859
,SC,4860
,SC,4861
,SC,4862
,SC,4863
,SC,4864
,SC,4865
,SC,4866
,SC,4867
,SC,4868
,SC,4869
,SC,4870
,SC,4871
,SC,4872
,SC,4873
,SC,4874
,SC,4875
,SC,4876
,SC,4877
,SC,4878
,SC,4879
,SC,4880
,SC,4881
,SC,4882
,SC,4883
,SC,4884
,SC,4885
,SC,4886
,SC,4887
,SC,4888
,SC,4889
,SC,4890
,SC,4891
,SC,4892
,SC,4893
,SC,4894
,SC,4895
,SC,4896
,SC,4897
,SC,4898
,SC,4899
,SC,4900
,SC,4901
,SC,4902
,SC,4903
,SC,4904
,SC,4905
,SC,4906
,SC,4907
,SC,4908
,SC,4909
,SC,4910
,SC,4911
,SC,4912
,SC,4913
,SC,4914
,SC,4915
,SC,4916
,SC,4917
,SC,4918
,SC,4919
,SC,4920
,SC,4921
,SC,4922
,SC,4923
,SC,4923
,SC,4925
,SC,4926
,SC,4927
,SC,4928
,SC,4929
,SC,4930
,SC,4931
,SC,4932
,SC,4933
,SC,4934
,SC,4935
,SC,4936
,SC,4937
,SC,4938
,SC,4939
,SC,4940
,SC,4941
,SC,4942
,SC,4943
,SC,4944
,SC,4945
,SC,4946
,SC,4947
,SC,4948
,SC,4949
,SC,4950
,SC,4951
,SC,4952
,SC,4953
,SC,4954
,SC,4955
,SC,4956
,SC,4957
,SC,4958
,SC,4959
,SC,4960
,SC,4961
,SC,4962
,SC,4963
,SC,4964
,SC,4965
,SC,4966
,SC,4967
,SC,4968
,SC,4969
,SC,4970
,SC,4971
,SC,4972
,SC,4973
,SC,4974
,SC,4975
,SC,4976
,SC,4977
,SC,4978
,SC,4979
,SC,4980
,SC,4981
,SC,4982
,SC,4983
,SC,4984
,SC,4985
,SC,4986
,SC,4987
,SC,4988
,SC,4989
,SC,4990
,SC,4991
,SC,4992
,SC,4993
,SC,4994
,SC,4995
,SC,4996
,SC,4997
,SC,4998
,SC,4999
,SC,5000
,SC,5001
,SC,5002
,SC,5003
,SC,5004
,SC,5005
,SC,5006
,SC,5007
,SC,5008
,SC,5009
,SC,5010
,SC,5011
,SC,5012
,SC,5013
,SC,5014
,SC,5015
,SC,5016
,SC,5017
,SC,5018
,SC,5019
,SC,5020
,SC,5021
,SC,5022
,SC,5023
,SC,5024
,SC,5025
,SC,5026
,SC,5027
,SC,5028
,SC,5029
,SC,5030
,SC,5030
,SC,5032
,SC,5033
,SC,5034
,SC,5035
,SC,5036
,SC,5037
,SC,5038
,SC,5039
,SC,5040
,SC,5041
,SC,5042
,SC,5043
,SC,5044
,SC,5045
,SC,5046
,SC,5047
,SC,5048
,SC,5049
,SC,5050
,SC,5051
,SC,5052
,SC,5053
,SC,5054
,SC,5055
,SC,5056
,SC,5057
,SC,5058
,SC,5059
,SC,5060
,SC,5061
,SC,5062
,SC,5063
,SC,5064
,SC,5065
,SC,5066
,SC,5067
,SC,5068
,SC,5069
,SC,5070
,SC,5071
,SC,5072
,SC,5073
,SC,5074
,SC,5075
,SC,5076
,SC,5077
,SC,5078
,SC,5079
,SC,5080
,SC,5081
,SC,5082
,SC,5082
,SC,5084
,SC,5085
,SC,5086
,SC,5087
,SC,5088
,SC,5089
,SC,5090
,SC,5091
,SC,5092
,SC,5093
,SC,5094
,SC,5095
,SC,5096
,SC,5097
,SC,5098
,SC,5099
,SC,5100
,SC,5101
,SC,5102
,SC,5103
,SC,5104
,SC,5105
,SC,5106
,SC,5107
,SC,5108
,SC,5109
,SC,5110
,SC,5111
,SC,5112
,SC,5113
,SC,5114
,SC,5115
,SC,5116
,SC,5117
,SC,5118
,SC,5119
,SC,5120
,SC,5121
,SC,5122
,SC,5123
,SC,5124
,SC,5125
,SC,5126
,SC,5127
,SC,5128
,SC,5129
,SC,5130
,SC,5131
,SC,5132
,SC,5133
,SC,5134
,SC,5135
,SC,5136
,SC,5137
,SC,5138
,SC,5139
,SC,5140
,SC,5141
,SC,5142
,SC,5143
,SC,5144
,SC,5145
,SC,5146
,SC,5147
,SC,5148
,SC,5149
,SC,5150
,SC,5151
,SC,5152
,SC,5153
,SC,5154
,SC,5155
,SC,5156
,SC,5157
,SC,5158
,SC,5159
,SC,5160
,SC,5161
,SC,5162
,SC,5163
,SC,5164
,SC,5165
,SC,5166
,SC,5167
,SC,5168
,SC,5169
,SC,5170
,SC,5171
,SC,5172
,SC,5173
,SC,5174
,SC,5175
,SC,5176
,SC,5177
,SC,5178
,SC,5179
,SC,5180
,SC,5181
,SC,5182
,SC,5183
,SC,5184
,SC,5185
,SC,5186
,SC,5187
,SC,5188
,SC,5189
,SC,5190
,SC,5191
,SC,5192
,SC,5193
,SC,5194
,SC,5195
,SC,5196
,SC,5197
,SC,5198
,SC,5199
,SC,5200
,SC,5201
,SC,5202
,SC,5203
,SC,5204
,SC,5205
,SC,5206
,SC,5207
,SC,5208
,SC,5209
,SC,5210
,SC,5211
,SC,5212
,SC,5213
,SC,5214
,SC,5215
,SC,5216
,SC,5217
,SC,5218
,SC,5219
,SC,5220
,SC,5221
,SC,5222
,SC,5223
,SC,5224
,SC,5225
,SC,5226
,SC,5227
,SC,5228
,SC,5229
,SC,5230
,SC,5231
,SC,5232
,SC,5232
,SC,5234
,SC,5235
,SC,5236
,SC,5237
,SC,5238
,SC,5239
,SC,5240
,SC,5241
,SC,5242
,SC,5243
,SC,5243
,SC,5245
,SC,5246
,SC,5247
,SC,5248
,SC,5249
,SC,5250
,SC,5251
,SC,5252
,SC,5253
,SC,5254
,SC,5255
,SC,5256
,SC,5257
,SC,5258
,SC,5259
,SC,5260
,SC,5261
,SC,5262
,SC,5263
,SC,5264
,SC,5265
,SC,5266
,SC,5267
,SC,5268
,SC,5269
,SC,5270
,SC,5271
,SC,5272
,SC,5273
,SC,5274
,SC,5275
,SC,5276
,SC,5277
,SC,5278
,SC,5279
,SC,5280
,SC,5281
,SC,5282
,SC,5283
,SC,5284
,SC,5285
,SC,5285
,SC,5287
,SC,5288
,SC,5289
,SC,5290
,SC,5291
,SC,5292
,SC,5293
,SC,5294
,SC,5295
,SC,5296
,SC,5297
,SC,5298
,SC,5299
,SC,5299
,SC,5301
,SC,5302
,SC,5303
,SC,5304
,SC,5305
,SC,5306
,SC,5307
,SC,5308
,SC,5309
,SC,5310
,SC,5311
,SC,5312
,SC,5313
,SC,5314
,SC,5315
,SC,5316
,SC,5317
,SC,5318
,SC,5319
,SC,5320
,SC,5321
,SC,5322
,SC,5323
,SC,5324
,SC,5325
,SC,5326
,SC,5327
,SC,5328
,SC,5329
,SC,5330
,SC,5331
,SC,5332
,SC,5333
,SC,5334
,SC,5335
,SC,5336
,SC,5336
,SC,5338
,SC,5339
,SC,5340
,SC,5341
,SC,5342
,SC,5343
,SC,5344
,SC,5345
,SC,5346
,SC,5347
,SC,5348
,SC,5349
,SC,5350
,SC,5351
,SC,5352
,SC,5353
,SC,5354
,SC,5355
,SC,5356
,SC,5357
,SC,5358
,SC,5359
,SC,5360
,SC,5361
,SC,5362
,SC,5363
,SC,5364
,SC,5365
,SC,5366
,SC,5367
,SC,5368
,SC,5369
,SC,5370
,SC,5371
,SC,5372
,SC,5373
,SC,5374
,SC,5375
,SC,5376
,SC,5377
,SC,5378
,SC,5379
,SC,5380
,SC,5381
,SC,5382
,SC,5383
,SC,5384
,SC,5385
,SC,5386
,SC,5387
,SC,5388
,SC,5389
,SC,5390
,SC,5391
,SC,5392
,SC,5393
,SC,5394
,SC,5395
,SC,5396
,SC,5397
,SC,5398
,SC,5399
,SC,5400
,SC,5401
,SC,5402
,SC,5403
,SC,5404
,SC,5405
,SC,5406
,SC,5407
,SC,5408
,SC,5409
,SC,5410
,SC,5411
,SC,5412
,SC,5413
,SC,5414
,SC,5415
,SC,5416
,SC,5417
,SC,5418
,SC,5419
,SC,5420
,SC,5421
,SC,5422
,SC,5423
,SC,5424
,SC,5425
,SC,5426
,SC,5427
,SC,5428
,SC,5429
,SC,5430
,SC,5431
,SC,5432
,SC,5433
,SC,5434
,SC,5435
,SC,5436
,SC,5437
,SC,5438
,SC,5439
,SC,5440
,SC,5441
,SC,5442
,SC,5443
,SC,5444
,SC,5445
,SC,5446
,SC,5447
,SC,5448
,SC,5449
,SC,5450
,SC,5451
,SC,5452
,SC,5453
,SC,5454
,SC,5455
,SC,5456
,SC,5457
,SC,5458
,SC,5459
,SC,5460
,SC,5461
,SC,5462
,SC,5463
,SC,5464
,SC,5465
,SC,5466
,SC,5467
,SC,5468
,SC,5469
,SC,5469
,SC,5471
,SC,5472
,SC,5473
,SC,5474
,SC,5475
,SC,5476
,SC,5477
,SC,5478
,SC,5479
,SC,5480
,SC,5481
,SC,5482
,SC,5483
,SC,5484
,SC,5485
,SC,5486
,SC,5487
,SC,5488
,SC,5489
,SC,5490
,SC,5491
,SC,5492
,SC,5492
,SC,5494
,SC,5495
,SC,5496
,SC,5497
,SC,5498
,SC,5499
,SC,5500
,SC,5501
,SC,5502
,SC,5503
,SC,5504
,SC,5505
,SC,5506
,SC,5507
,SC,5508
,SC,5509
,SC,5510
,SC,5511
,SC,5512
,SC,5513
,SC,5514
,SC,5515
,SC,5516
,SC,5517
,SC,5518
,SC,5519
,SC,5520
,SC,5521
,SC,5522
,SC,5523
,SC,5524
,SC,5525
,SC,5526
,SC,5527
,SC,5527
,SC,5529
,SC,5530
,SC,5531
,SC,5532
,SC,5533
,SC,5533
,SC,5535
,SC,5536
,SC,5537
,SC,5538
,SC,5539
,SC,5540
,SC,5541
,SC,5542
,SC,5543
,SC,5544
,SC,5545
,SC,5546
,SC,5547
,SC,5548
,SC,5549
,SC,5550
,SC,5551
,SC,5552
,SC,5553
,SC,5554
,SC,5555
,SC,5556
,SC,5557
,SC,5558
,SC,5559
,SC,5560
,SC,5561
,SC,5562
,SC,5563
,SC,5564
,SC,5565
,SC,5566
,SC,5567
,SC,5568
,SC,5569
,SC,5570
,SC,5571
,SC,5572
,SC,5573
,SC,5574
,SC,5575
,SC,5576
,SC,5577
,SC,5578
,SC,5579
,SC,5580
,SC,5581
,SC,5582
,SC,5583
,SC,5584
,SC,5585
,SC,5585
,SC,5587
,SC,5588
,SC,5589
,SC,5590
,SC,5591
,SC,5592
,SC,5593
,SC,5594
,SC,5595
,SC,5596
,SC,5597
,SC,5598
,SC,5599
,SC,5600
,SC,5601
,SC,5602
,SC,5603
,SC,5604
,SC,5605
,SC,5606
,SC,5607
,SC,5608
,SC,5609
,SC,5610
,SC,5611
,SC,5612
,SC,5613
,SC,5614
,SC,5615
,SC,5616
,SC,5617
,SC,5618
,SC,5619
,SC,5620
,SC,5621
,SC,5622
,SC,5623
,SC,5624
,SC,5625
,SC,5626
,SC,5627
,SC,5628
,SC,5629
,SC,5630
,SC,5631
,SC,5632
,SC,5633
,SC,5634
,SC,5635
,SC,5636
,SC,5637
,SC,5638
,SC,5639
,SC,5640
,SC,5641
,SC,5642
,SC,5643
,SC,5644
,SC,5645
,SC,5646
,SC,5647
,SC,5648
,SC,5649
,SC,5650
,SC,5651
,SC,5652
,SC,5653
,SC,5654
,SC,5655
,SC,5656
,SC,5657
,SC,5658
,SC,5659
,SC,5660
,SC,5661
,SC,5662
,SC,5663
,SC,5664
,SC,5665
,SC,5666
,SC,5667
,SC,5668
,SC,5669
,SC,5670
,SC,5671
,SC,5672
,SC,5673
,SC,5674
,SC,5675
,SC,5676
,SC,5677
,SC,5678
,SC,5679
,SC,5680
,SC,5681
,SC,5682
,SC,5683
,SC,5684
,SC,5685
,SC,5686
,SC,5687
,SC,5688
,SC,5689
,SC,5690
,SC,5691
,SC,5692
,SC,5693
,SC,5694
,SC,5695
,SC,5696
,SC,5697
,SC,5698
,SC,5699
,SC,5700
,SC,5701
,SC,5702
,SC,5703
,SC,5704
,SC,5705
,SC,5706
,SC,5707
,SC,5708
,SC,5709
,SC,5710
,SC,5711
,SC,5712
,SC,5713
,SC,5714
,SC,5715
,SC,5716
,SC,5717
,SC,5718
,SC,5719
,SC,5720
,SC,5721
,SC,5722
,SC,5723
,SC,5724
,SC,5725
,SC,5726
,SC,5727
,SC,5728
,SC,5729
,SC,5730
,SC,5731
,SC,5732
,SC,5733
,SC,5734
,SC,5735
,SC,5736
,SC,5737
,SC,5738
,SC,5739
,SC,5740
,SC,5741
,SC,5742
,SC,5743
,SC,5744
,SC,5745
,SC,5746
,SC,5747
,SC,5748
,SC,5749
,SC,5750
,SC,5751
,SC,5752
,SC,5753
,SC,5754
,SC,5755
,SC,5756
,SC,5757
,SC,5758
,SC,5759
,SC,5759
,SC,5761
,SC,5762
,SC,5763
,SC,5764
,SC,5765
,SC,5766
,SC,5767
,SC,5768
,SC,5769
,SC,5770
,SC,5771
,SC,5772
,SC,5773
,SC,5774
,SC,5775
,SC,5776
,SC,5777
,SC,5778
,SC,5779
,SC,5780
,SC,5781
,SC,5782
,SC,5783
,SC,5784
,SC,5785
,SC,5786
,SC,5787
,SC,5788
,SC,5789
,SC,5790
,SC,5791
,SC,5792
,SC,5793
,SC,5794
,SC,5795
,SC,5796
,SC,5797
,SC,5798
,SC,5799
,SC,5800
,SC,5801
,SC,5802
,SC,5803
,SC,5804
,SC,5805
,SC,5806
,SC,5807
,SC,5808
,SC,5809
,SC,5810
,SC,5811
,SC,5812
,SC,5813
,SC,5814
,SC,5815
,SC,5816
,SC,5817
,SC,5818
,SC,5819
,SC,5820
,SC,5821
,SC,5822
,SC,5823
,SC,5824
,SC,5825
,SC,5826
,SC,5827
,SC,5828
,SC,5829
,SC,5830
,SC,5831
,SC,5832
,SC,5833
,SC,5834
,SC,5835
,SC,5836
,SC,5837
,SC,5838
,SC,5839
,SC,5840
,SC,5841
,SC,5842
,SC,5843
,SC,5844
,SC,5845
,SC,5846
,SC,5847
,SC,5848
,SC,5849
,SC,5850
,SC,5851
,SC,5852
,SC,5853
,SC,5854
,SC,5855
,SC,5856
,SC,5857
,SC,5858
,SC,5859
,SC,5860
,SC,5860
,SC,5862
,SC,5863
,SC,5864
,SC,5865
,SC,5866
,SC,5867
,SC,5868
,SC,5869
,SC,5870
,SC,5871
,SC,5872
,SC,5873
,SC,5874
,SC,5875
,SC,5876
,SC,5877
,SC,5878
,SC,5879
,SC,5880
,SC,5881
,SC,5882
,SC,5883
,SC,5884
,SC,5885
,SC,5886
,SC,5887
,SC,5888
,SC,5889
,SC,5890
,SC,5891
,SC,5892
,SC,5893
,SC,5894
,SC,5895
,SC,5896
,SC,5897
,SC,5898
,SC,5899
,SC,5900
,SC,5901
,SC,5902
,SC,5903
,SC,5904
,SC,5905
,SC,5906
,SC,5907
,SC,5908
,SC,5909
,SC,5910
,SC,5911
,SC,5912
,SC,5913
,SC,5914
,SC,5915
,SC,5916
,SC,5917
,SC,5918
,SC,5919
,SC,5920
,SC,5921
,SC,5922
,SC,5923
,SC,5924
,SC,5925
,SC,5926
,SC,5927
,SC,5928
,SC,5929
,SC,5930
,SC,5931
,SC,5932
,SC,5933
,SC,5934
,SC,5935
,SC,5936
,SC,5937
,SC,5938
,SC,5939
,SC,5940
,SC,5941
,SC,5942
,SC,5943
,SC,5944
,SC,5945
,SC,5946
,SC,5947
,SC,5948
,SC,5949
,SC,5950
,SC,5951
,SC,5952
,SC,5953
,SC,5954
,SC,5955
,SC,5956
,SC,5957
,SC,5958
,SC,5959
,SC,5960
,SC,5961
,SC,5962
,SC,5963
,SC,5964
,SC,5965
,SC,5966
,SC,5967
,SC,5968
,SC,5969
,SC,5970
,SC,5971
,SC,5972
,SC,5973
,SC,5974
,SC,5975
,SC,5976
,SC,5977
,SC,5978
,SC,5979
,SC,5980
,SC,5981
,SC,5982
,SC,5983
,SC,5984
,SC,5985
,SC,5986
,SC,5987
,SC,5988
,SC,5989
,SC,5990
,SC,5991
,SC,5992
,SC,5993
,SC,5994
,SC,5995
,SC,5996
,SC,5997
,SC,5998
,SC,5999
,SC,6000
,SC,6001
,SC,6002
,SC,6003
,SC,6004
,SC,6005
,SC,6006
,SC,6007
,SC,6008
,SC,6009
,SC,6010
,SC,6011
,SC,6012
,SC,6013
,SC,6014
,SC,6015
,SC,6016
,SC,6017
,SC,6018
,SC,6019
,SC,6020
,SC,6021
,SC,6022
,SC,6023
,SC,6024
,SC,6025
,SC,6026
,SC,6027
,SC,6028
,SC,6029
,SC,6030
,SC,6031
,SC,6032
,SC,6033
,SC,6034
,SC,6035
,SC,6036
,SC,6037
,SC,6038
,SC,6039
,SC,6040
,SC,6041
,SC,6042
,SC,6043
,SC,6044
,SC,6045
,SC,6046
,SC,6047
,SC,6048
,SC,6049
,SC,6050
,SC,6051
,SC,6052
,SC,6053
,SC,6054
,SC,6055
,SC,6056
,SC,6057
,SC,6058
,SC,6058
,SC,6060
,SC,6061
,ST,96
,ST,214
,ST,249
,ST,285
,ST,299
,ST,304
,ST,313
,ST,330
,ST,352
,ST,363
,ST,380
,ST,382
,ST,383
,ST,384
,ST,385
,ST,386
,ST,387
,ST,388
,ST,389
,ST,390
,ST,391
,ST,392
,ST,393
,ST,394
,ST,395
,ST,396
,ST,397
,ST,398
,ST,399
,ST,400
,ST,401
,ST,402
,ST,403
,ST,404
,ST,405
,ST,406
,ST,407
,ST,408
,ST,409
,ST,410
,ST,411
,ST,412
,ST,413
,ST,414
,ST,415
,ST,416
,ST,417
,ST,418
,ST,419
,ST,420
,ST,421
,ST,422
,ST,423
,ST,424
,ST,425
,ST,426
,ST,427
,ST,428
,ST,429
,ST,430
,ST,431
,ST,432
,ST,433
,ST,434
,ST,435
,ST,436
,ST,437
,ST,438
,ST,439
,ST,440
,ST,441
,ST,442
,ST,443
,ST,444
,ST,445
,ST,446
,ST,447
,ST,448
,ST,449
,ST,450
,ST,451
,ST,452
,ST,453
,ST,454
,ST,455
,ST,456
,ST,457
,ST,458
,ST,459
,ST,460
,ST,461
,ST,462
,ST,463
,ST,464
,ST,465
,ST,466
,ST,467
,ST,468
,ST,469
,ST,470
,ST,471
,ST,472
,ST,473
,ST,474
,ST,475
,ST,476
,ST,477
,ST,478
,ST,479
,ST,480
,ST,481
,ST,482
,ST,483
,ST,484
,ST,485
,ST,486
,ST,487
,ST,488
,ST,489
,ST,490
,ST,491
,ST,492
,ST,493
,ST,494
,ST,495
,ST,496
,ST,497
,ST,498
,ST,499
,ST,500
,ST,501
,ST,502
,ST,503
,ST,504
,ST,505
,ST,506
,ST,507
,ST,508
,ST,509
,ST,510
,ST,511
,ST,512
,ST,513
,ST,514
,ST,515
,ST,516
,ST,517
,ST,518
,ST,519
,ST,520
,ST,521
,ST,522
,ST,523
,ST,524
,ST,525
,ST,526
,ST,527
,ST,528
,ST,529
,ST,530
,ST,531
,ST,532
,ST,533
,ST,534
,ST,535
,ST,536
,ST,537
,ST,538
,ST,539
,ST,540
,ST,541
,ST,542
,ST,543
,ST,544
,ST,545
,ST,546
,ST,547
,ST,548
,ST,549
,ST,550
,ST,551
,ST,552
,ST,553
,ST,554
,ST,555
,ST,556
,ST,557
,ST,558
,ST,559
,ST,560
,ST,561
,ST,562
,ST,563
,ST,564
,ST,565
,ST,566
,ST,567
,ST,568
,ST,569
,ST,570
,ST,571
,ST,572
,ST,573
,ST,574
,ST,575
,ST,576
,ST,577
,ST,578
,ST,579
,ST,580
,ST,581
,ST,582
,ST,583
,ST,584
,ST,585
,ST,586
,ST,587
,ST,588
,ST,589
,ST,590
,ST,591
,ST,592
,ST,593
,ST,594
,ST,595
,ST,596
,ST,597
,ST,598
,ST,599
,ST,600
,ST,601
,ST,602
,ST,603
,ST,604
,ST,605
,ST,606
,ST,607
,ST,608
,ST,609
,ST,610
,ST,611
,ST,612
,ST,613
,ST,614
,ST,615
,ST,616
,ST,617
,ST,618
,ST,619
,ST,620
,ST,621
,ST,622
,ST,623
,ST,624
,ST,625
,ST,626
,ST,627
,ST,628
,ST,629
,ST,630
,ST,631
,ST,632
,ST,633
,ST,634
,ST,635
,ST,636
,ST,637
,ST,638
,ST,639
,ST,640
,ST,641
,ST,642
,ST,643
,ST,644
,ST,645
,ST,646
,ST,647
,ST,648
,ST,649
,ST,650
,ST,651
,ST,652
,ST,653
,ST,654
,ST,655
,ST,656
,ST,657
,ST,658
,ST,659
,ST,660
,ST,661
,ST,662
,ST,663
,ST,664
,ST,665
,ST,666
,ST,667
,ST,668
,ST,669
,ST,670
,ST,671
,ST,672
,ST,673
,ST,674
,ST,675
,ST,676
,ST,677
,ST,678
,ST,679
,ST,680
,ST,681
,ST,682
,ST,683
,ST,684
,ST,685
,ST,686
,ST,687
,ST,688
,ST,689
,ST,690
,ST,691
,ST,692
,ST,693
,ST,694
,ST,695
,ST,696
,ST,697
,ST,698
,ST,699
,ST,700
,ST,701
,ST,702
,ST,703
,ST,704
,ST,705
,ST,706
,ST,707
,ST,708
,ST,709
,ST,710
,ST,711
,ST,712
,ST,713
,ST,714
,ST,715
,ST,716
,ST,717
,ST,718
,ST,719
,ST,720
,ST,721
,ST,722
,ST,723
,ST,724
,ST,725
,ST,726
,ST,727
,ST,728
,ST,729
,ST,730
,ST,731
,ST,732
,ST,733
,ST,734
,ST,735
,ST,736
,ST,737
,ST,738
,ST,739
,ST,740
,ST,741
,ST,742
,ST,743
,ST,744
,ST,745
,ST,746
,ST,747
,ST,748
,ST,749
,ST,750
,ST,751
,ST,752
,ST,753
,ST,754
,ST,755
,ST,756
,ST,757
,ST,758
,ST,759
,ST,760
,ST,761
,ST,762
,ST,763
,ST,764
,ST,765
,ST,766
,ST,767
,ST,768
,ST,769
,ST,770
,ST,771
,ST,772
,ST,773
,ST,774
,ST,775
,ST,776
,ST,777
,ST,778
,ST,779
,ST,780
,ST,781
,ST,782
,ST,783
,ST,784
,ST,785
,ST,786
,ST,787
,ST,788
,ST,789
,ST,790
,ST,791
,ST,792
,ST,793
,ST,794
,ST,795
,ST,796
,ST,797
,ST,798
,ST,799
,ST,800
,ST,801
,ST,802
,ST,803
,ST,804
,ST,805
,ST,806
,ST,807
,ST,808
,ST,809
,ST,810
,ST,811
,ST,812
,ST,813
,ST,814
,ST,815
,ST,816
,ST,817
,ST,818
,ST,819
,ST,820
,ST,821
,ST,822
,ST,823
,ST,824
,ST,825
,ST,826
,ST,827
,ST,828
,ST,829
,ST,830
,ST,831
,ST,832
,ST,833
,ST,834
,ST,835
,ST,836
,ST,837
,ST,838
,ST,839
,ST,840
,ST,841
,ST,842
,ST,843
,ST,844
,ST,845
,ST,846
,ST,847
,ST,848
,ST,849
,ST,850
,ST,851
,ST,852
,ST,853
,ST,854
,ST,855
,ST,856
,ST,857
,ST,858
,ST,859
,ST,860
,ST,861
,ST,862
,ST,863
,ST,864
,ST,865
,ST,866
,ST,867
,ST,868
,ST,869
,ST,870
,ST,871
,ST,872
,ST,873
,ST,874
,ST,875
,ST,876
,ST,877
,ST,878
,ST,879
,ST,880
,ST,881
,ST,882
,ST,883
,ST,884
,ST,885
,ST,886
,ST,887
,ST,888
,ST,889
,ST,890
,ST,891
,ST,892
,ST,893
,ST,894
,ST,895
,ST,896
,ST,897
,ST,898
,ST,899
,ST,900
,ST,901
,ST,902
,ST,903
,ST,904
,ST,905
,ST,906
,ST,907
,ST,908
,ST,909
,ST,910
,ST,911
,ST,912
,ST,913
,ST,914
,ST,915
,ST,916
,ST,917
,ST,918
,ST,919
,ST,920
,ST,921
,ST,922
,ST,923
,ST,924
,ST,925
,ST,926
,ST,927
,ST,928
,ST,929
,ST,930
,ST,931
,ST,932
,ST,933
,ST,934
,ST,935
,ST,936
,ST,937
,ST,938
,ST,939
,ST,940
,ST,941
,ST,942
,ST,943
,ST,944
,ST,945
,ST,946
,ST,947
,ST,948
,ST,949
,ST,950
,ST,951
,ST,952
,ST,953
,ST,954
,ST,955
,ST,956
,ST,957
,ST,958
,ST,959
,ST,960
,ST,961
,ST,962
,ST,963
,ST,964
,ST,965
,ST,966
,ST,967
,ST,968
,ST,969
,ST,970
,ST,971
,ST,972
,ST,973
,ST,974
,ST,975
,ST,976
,ST,977
,ST,978
,ST,979
,ST,980
,ST,981
,ST,982
,ST,983
,ST,984
,ST,985
,ST,986
,ST,987
,ST,988
,ST,989
,ST,990
,ST,991
,ST,992
,ST,993
,ST,994
,ST,995
,ST,996
,ST,997
,ST,998
,ST,999
,ST,1000
,ST,1001
,ST,1002
,ST,1003
,ST,1004
,ST,1005
,ST,1006
,ST,1007
,ST,1008
,ST,1009
,ST,1010
,ST,1011
,ST,1012
,ST,1013
,ST,1014
,ST,1015
,ST,1016
,ST,1017
,ST,1018
,ST,1019
,ST,1020
,ST,1021
,ST,1022
,ST,1023
,ST,1024
,ST,1025
,ST,1026
,ST,1027
,ST,1028
,ST,1029
,ST,1030
,ST,1031
,ST,1032
,ST,1033
,ST,1034
,ST,1035
,ST,1036
,ST,1037
,ST,1038
,ST,1039
,ST,1040
,ST,1041
,ST,1042
,ST,1043
,ST,1044
,ST,1045
,ST,1046
,ST,1047
,ST,1048
,ST,1049
,ST,1050
,ST,1051
,ST,1052
,ST,1053
,ST,1054
,ST,1055
,ST,1056
,ST,1057
,ST,1058
,ST,1059
,ST,1060
,ST,1061
,ST,1062
,ST,1063
,ST,1064
,ST,1065
,ST,1066
,ST,1067
,ST,1068
,ST,1069
,ST,1070
,ST,1071
,ST,1072
,ST,1073
,ST,1074
,ST,1075
,ST,1076
,ST,1077
,ST,1078
,ST,1079
,ST,1080
,ST,1081
,ST,1082
,ST,1083
,ST,1084
,ST,1085
,ST,1086
,ST,1087
,ST,1088
,ST,1089
,ST,1090
,ST,1091
,ST,1092
,ST,1093
,ST,1094
,ST,1095
,ST,1096
,ST,1097
,ST,1098
,ST,1099
,ST,1100
,ST,1101
,ST,1102
,ST,1103
,ST,1104
,ST,1104
,ST,1106
,ST,1107
,ST,1108
,ST,1109
,ST,1110
,ST,1111
,ST,1112
,ST,1113
,ST,1114
,ST,1115
,ST,1116
,ST,1117
,ST,1118
,ST,1119
,ST,1120
,ST,1121
,ST,1122
,ST,1123
,ST,1124
,ST,1125
,ST,1126
,ST,1127
,ST,1128
,ST,1129
,ST,1130
,ST,1131
,ST,1132
,ST,1133
,ST,1134
,ST,1135
,ST,1136
,ST,1137
,ST,1138
,ST,1139
,ST,1140
,ST,1141
,ST,1141
,ST,1143
,ST,1144
,ST,1145
,ST,1146
,ST,1147
,ST,1148
,ST,1149
,ST,1150
,ST,1151
,ST,1152
,ST,1153
,ST,1154
,ST,1155
,ST,1156
,ST,1157
,ST,1158
,ST,1159
,ST,1160
,ST,1161
,ST,1162
,ST,1163
,ST,1164
,ST,1165
,ST,1166
,ST,1167
,ST,1168
,ST,1169
,ST,1170
,ST,1171
,ST,1172
,ST,1173
,ST,1174
,ST,1175
,ST,1176
,ST,1177
,ST,1178
,ST,1179
,ST,1180
,ST,1181
,ST,1182
,ST,1183
,ST,1184
,ST,1185
,ST,1186
,ST,1187
,ST,1188
,ST,1189
,ST,1190
,ST,1191
,ST,1192
,ST,1193
,ST,1194
,ST,1195
,ST,1196
,ST,1197
,ST,1198
,ST,1199
,ST,1200
,ST,1201
,ST,1202
,ST,1203
,ST,1204
,ST,1205
,ST,1206
,ST,1207
,ST,1208
,ST,1209
,ST,1210
,ST,1211
,ST,1212
,ST,1213
,ST,1214
,ST,1215
,ST,1216
,ST,1217
,ST,1218
,ST,1219
,ST,1220
,ST,1221
,ST,1222
,ST,1223
,ST,1224
,ST,1225
,ST,1226
,ST,1227
,ST,1228
,ST,1229
,ST,1230
,ST,1231
,ST,1232
,ST,1233
,ST,1234
,ST,1235
,ST,1236
,ST,1237
,ST,1238
,ST,1239
,ST,1240
,ST,1241
,ST,1242
,ST,1243
,ST,1244
,ST,1245
,ST,1246
,ST,1247
,ST,1248
,ST,1249
,ST,1250
,ST,1251
,ST,1252
,ST,1253
,ST,1254
,ST,1255
,ST,1256
,ST,1257
,ST,1258
,ST,1259
,ST,1260
,ST,1261
,ST,1262
,ST,1263
,ST,1264
,ST,1265
,ST,1266
,ST,1267
,ST,1268
,ST,1269
,ST,1270
,ST,1271
,ST,1272
,ST,1273
,ST,1274
,ST,1275
,ST,1276
,ST,1277
,ST,1278
,ST,1279
,ST,1280
,ST,1281
,ST,1282
,ST,1283
,ST,1284
,ST,1285
,ST,1286
,ST,1287
,ST,1288
,ST,1289
,ST,1290
,ST,1291
,ST,1292
,ST,1293
,ST,1294
,ST,1295
,ST,1296
,ST,1297
,ST,1298
,ST,1299
,ST,1300
,ST,1301
,ST,1302
,ST,1303
,ST,1304
,ST,1305
,ST,1306
,ST,1307
,ST,1308
,ST,1309
,ST,1310
,ST,1311
,ST,1312
,ST,1313
,ST,1314
,ST,1315
,ST,1316
,ST,1317
,ST,1318
,ST,1319
,ST,1320
,ST,1321
,ST,1322
,ST,1323
,ST,1324
,ST,1325
,ST,1326
,ST,1327
,ST,1328
,ST,1329
,ST,1330
,ST,1331
,ST,1332
,ST,1333
,ST,1334
,ST,1335
,ST,1336
,ST,1337
,ST,1338
,ST,1338
,ST,1340
,ST,1341
,ST,1342
,ST,1343
,ST,1344
,ST,1345
,ST,1346
,ST,1347
,ST,1348
,ST,1349
,ST,1350
,ST,1351
,ST,1352
,ST,1353
,ST,1354
,ST,1355
,ST,1356
,ST,1357
,ST,1358
,ST,1359
,ST,1360
,ST,1361
,ST,1362
,ST,1363
,ST,1364
,ST,1365
,ST,1366
,ST,1367
,ST,1368
,ST,1369
,ST,1370
,ST,1371
,ST,1372
,ST,1373
,ST,1374
,ST,1375
,ST,1376
,ST,1377
,ST,1378
,ST,1379
,ST,1380
,ST,1381
,ST,1382
,ST,1383
,ST,1384
,ST,1385
,ST,1386
,ST,1387
,ST,1388
,ST,1389
,ST,1390
,ST,1391
,ST,1392
,ST,1393
,ST,1394
,ST,1395
,ST,1396
,ST,1397
,ST,1398
,ST,1399
,ST,1400
,ST,1401
,ST,1402
,ST,1403
,ST,1404
,ST,1405
,ST,1406
,ST,1407
,ST,1408
,ST,1409
,ST,1410
,ST,1411
,ST,1412
,ST,1413
,ST,1414
,ST,1415
,ST,1416
,ST,1417
,ST,1418
,ST,1419
,ST,1420
,ST,1421
,ST,1422
,ST,1423
,ST,1424
,ST,1425
,ST,1426
,ST,1427
,ST,1428
,ST,1429
,ST,1430
,ST,1431
,ST,1431
,ST,1433
,ST,1434
,ST,1435
,ST,1436
,ST,1437
,ST,1438
,ST,1439
,ST,1440
,ST,1441
,ST,1442
,ST,1443
,ST,1444
,ST,1445
,ST,1446
,ST,1447
,ST,1448
,ST,1449
,ST,1450
,ST,1451
,ST,1452
,ST,1453
,ST,1454
,ST,1455
,ST,1456
,ST,1457
,ST,1458
,ST,1459
,ST,1460
,ST,1461
,ST,1462
,ST,1463
,ST,1464
,ST,1465
,ST,1466
,ST,1467
,ST,1468
,ST,1469
,ST,1470
,ST,1471
,ST,1472
,ST,1473
,ST,1474
,ST,1475
,ST,1476
,ST,1477
,ST,1478
,ST,1479
,ST,1480
,ST,1481
,ST,1482
,ST,1483
,ST,1484
,ST,1485
,ST,1486
,ST,1487
,ST,1488
,ST,1489
,ST,1490
,ST,1491
,ST,1492
,ST,1493
,ST,1494
,ST,1495
,ST,1496
,ST,1497
,ST,1498
,ST,1499
,ST,1500
,ST,1501
,ST,1502
,ST,1503
,ST,1504
,ST,1505
,ST,1506
,ST,1507
,ST,1508
,ST,1509
,ST,1510
,ST,1511
,ST,1512
,ST,1513
,ST,1514
,ST,1515
,ST,1516
,ST,1517
,ST,1518
,ST,1519
,ST,1520
,ST,1521
,ST,1522
,ST,1523
,ST,1524
,ST,1525
,ST,1526
,ST,1527
,ST,1528
,ST,1529
,ST,1530
,ST,1531
,ST,1532
,ST,1533
,ST,1534
,ST,1535
,ST,1536
,ST,1537
,ST,1538
,ST,1539
,ST,1540
,ST,1541
,ST,1542
,ST,1543
,ST,1544
,ST,1545
,ST,1546
,ST,1547
,ST,1548
,ST,1549
,ST,1550
,ST,1551
,ST,1552
,ST,1553
,ST,1554
,ST,1555
,ST,1556
,ST,1557
,ST,1558
,ST,1559
,ST,1560
,ST,1561
,ST,1562
,ST,1563
,ST,1564
,ST,1565
,ST,1566
,ST,1567
,ST,1568
,ST,1569
,ST,1570
,ST,1571
,ST,1572
,ST,1573
,ST,1574
,ST,1575
,ST,1576
,ST,1577
,ST,1578
,ST,1579
,ST,1580
,ST,1581
,ST,1582
,ST,1583
,ST,1584
,ST,1585
,ST,1586
,ST,1587
,ST,1588
,ST,1589
,ST,1590
,ST,1591
,ST,1592
,ST,1593
,ST,1594
,ST,1595
,ST,1596
,ST,1597
,ST,1598
,ST,1599
,ST,1600
,ST,1601
,ST,1602
,ST,1603
,ST,1604
,ST,1605
,ST,1606
,ST,1607
,ST,1608
,ST,1609
,ST,1610
,ST,1611
,ST,1612
,ST,1613
,ST,1614
,ST,1615
,ST,1616
,ST,1617
,ST,1618
,ST,1619
,ST,1620
,ST,1621
,ST,1622
,ST,1623
,ST,1624
,ST,1625
,ST,1626
,ST,1627
,ST,1628
,ST,1629
,ST,1630
,ST,1631
,ST,1632
,ST,1633
,ST,1634
,ST,1635
,ST,1636
,ST,1637
,ST,1638
,ST,1639
,ST,1640
,ST,1641
,ST,1642
,ST,1643
,ST,1644
,ST,1645
,ST,1646
,ST,1647
,ST,1648
,ST,1649
,ST,1650
,ST,1651
,ST,1652
,ST,1653
,ST,1654
,ST,1655
,ST,1656
,ST,1657
,ST,1658
,ST,1659
,ST,1660
,ST,1661
,ST,1662
,ST,1663
,ST,1664
,ST,1665
,ST,1666
,ST,1667
,ST,1668
,ST,1669
,ST,1670
,ST,1671
,ST,1672
,ST,1673
,ST,1674
,ST,1675
,ST,1676
,ST,1677
,ST,1678
,ST,1679
,ST,1680
,ST,1681
,ST,1682
,ST,1683
,ST,1684
,ST,1685
,ST,1686
,ST,1687
,ST,1688
,ST,1689
,ST,1690
,ST,1691
,ST,1692
,ST,1693
,ST,1694
,ST,1695
,ST,1696
,ST,1697
,ST,1698
,ST,1699
,ST,1700
,ST,1701
,ST,1702
,ST,1703
,ST,1704
,ST,1705
,ST,1706
,ST,1707
,ST,1708
,ST,1709
,ST,1710
,ST,1711
,ST,1712
,ST,1713
,ST,1714
,ST,1715
,ST,1716
,ST,1717
,ST,1718
,ST,1719
,ST,1720
,ST,1721
,ST,1722
,ST,1723
,ST,1724
,ST,1725
,ST,1726
,ST,1727
,ST,1728
,ST,1729
,ST,1730
,ST,1731
,ST,1732
,ST,1733
,ST,1734
,ST,1735
,ST,1736
,ST,1737
,ST,1738
,ST,1739
,ST,1740
,ST,1741
,ST,1742
,ST,1743
,ST,1744
,ST,1745
,ST,1746
,ST,1747
,ST,1748
,ST,1749
,ST,1750
,ST,1751
,ST,1752
,ST,1753
,ST,1754
,ST,1755
,ST,1756
,ST,1757
,ST,1758
,ST,1759
,ST,1760
,ST,1761
,ST,1762
,ST,1763
,ST,1764
,ST,1765
,ST,1766
,ST,1767
,ST,1768
,ST,1769
,ST,1770
,ST,1771
,ST,1772
,ST,1773
,ST,1774
,ST,1775
,ST,1776
,ST,1777
,ST,1778
,ST,1779
,ST,1780
,ST,1781
,ST,1782
,ST,1783
,ST,1784
,ST,1785
,ST,1786
,ST,1787
,ST,1788
,ST,1788
,ST,1790
,ST,1791
,ST,1792
,ST,1793
,ST,1794
,ST,1795
,ST,1796
,ST,1797
,ST,1798
,ST,1799
,ST,1800
,ST,1801
,ST,1802
,ST,1803
,ST,1804
,ST,1805
,ST,1806
,ST,1807
,ST,1808
,ST,1809
,ST,1810
,ST,1811
,ST,1812
,ST,1813
,ST,1814
,ST,1815
,ST,1816
,ST,1817
,ST,1818
,ST,1819
,ST,1820
,ST,1821
,ST,1822
,ST,1823
,ST,1824
,ST,1825
,ST,1826
,ST,1827
,ST,1828
,ST,1829
,ST,1830
,ST,1831
,ST,1832
,ST,1833
,ST,1834
,ST,1835
,ST,1836
,ST,1837
,ST,1838
,ST,1839
,ST,1840
,ST,1841
,ST,1842
,ST,1843
,ST,1844
,ST,1845
,ST,1846
,ST,1847
,ST,1848
,ST,1849
,ST,1850
,ST,1851
,ST,1852
,ST,1853
,ST,1854
,ST,1855
,ST,1856
,ST,1857
,ST,1858
,ST,1859
,ST,1860
,ST,1861
,ST,1862
,ST,1863
,ST,1864
,ST,1865
,ST,1866
,ST,1867
,ST,1868
,ST,1869
,ST,1870
,ST,1871
,ST,1872
,ST,1873
,ST,1874
,ST,1875
,ST,1876
,ST,1877
,ST,1878
,ST,1879
,ST,1880
,ST,1881
,ST,1882
,ST,1883
,ST,1884
,ST,1885
,ST,1886
,ST,1887
,ST,1888
,ST,1889
,ST,1890
,ST,1891
,ST,1892
,ST,1893
,ST,1894
,ST,1895
,ST,1896
,ST,1897
,ST,1898
,ST,1899
,ST,1900
,ST,1901
,ST,1902
,ST,1903
,ST,1904
,ST,1905
,ST,1906
,ST,1907
,ST,1908
,ST,1909
,ST,1910
,ST,1911
,ST,1912
,ST,1913
,ST,1914
,ST,1915
,ST,1916
,ST,1917
,ST,1918
,ST,1919
,ST,1920
,ST,1921
,ST,1922
,ST,1923
,ST,1924
,ST,1925
,ST,1926
,ST,1927
,ST,1928
,ST,1929
,ST,1930
,ST,1931
,ST,1932
,ST,1933
,ST,1934
,ST,1935
,ST,1936
,ST,1937
,ST,1938
,ST,1939
,ST,1940
,ST,1941
,ST,1942
,ST,1943
,ST,1944
,ST,1945
,ST,1946
,ST,1947
,ST,1948
,ST,1949
,ST,1950
,ST,1951
,ST,1952
,ST,1953
,ST,1954
,ST,1955
,ST,1956
,ST,1957
,ST,1958
,ST,1959
,ST,1960
,ST,1961
,ST,1962
,ST,1963
,ST,1964
,ST,1965
,ST,1966
,ST,1967
,ST,1968
,ST,1969
,ST,1970
,ST,1971
,ST,1972
,ST,1973
,ST,1974
,ST,1975
,ST,1976
,ST,1977
,ST,1978
,ST,1979
,ST,1980
,ST,1981
,ST,1982
,ST,1983
,ST,1984
,ST,1985
,ST,1986
,ST,1987
,ST,1988
,ST,1989
,ST,1990
,ST,1991
,ST,1992
,ST,1993
,ST,1994
,ST,1995
,ST,1996
,ST,1997
,ST,1998
,ST,1999
,ST,2000
,ST,2001
,ST,2002
,ST,2003
,ST,2004
,ST,2005
,ST,2006
,ST,2007
,ST,2008
,ST,2009
,ST,2010
,ST,2011
,ST,2012
,ST,2013
,ST,2014
,ST,2015
,ST,2016
,ST,2017
,ST,2018
,ST,2019
,ST,2020
,ST,2021
,ST,2022
,ST,2023
,ST,2024
,ST,2025
,ST,2026
,ST,2027
,ST,2028
,ST,2029
,ST,2030
,ST,2031
,ST,2032
,ST,2033
,ST,2034
,ST,2035
,ST,2036
,ST,2037
,ST,2038
,ST,2039
,ST,2040
,ST,2041
,ST,2042
,ST,2043
,ST,2044
,ST,2045
,ST,2046
,ST,2047
,ST,2048
,ST,2049
,ST,2050
,ST,2051
,ST,2052
,ST,2053
,ST,2054
,ST,2055
,ST,2056
,ST,2057
,ST,2058
,ST,2059
,ST,2060
,ST,2061
,ST,2062
,ST,2063
,ST,2064
,ST,2065
,ST,2066
,ST,2067
,ST,2068
,ST,2069
,ST,2070
,ST,2071
,ST,2072
,ST,2073
,ST,2074
,ST,2075
,ST,2076
,ST,2077
,ST,2078
,ST,2079
,ST,2080
,ST,2081
,ST,2082
,ST,2083
,ST,2084
,ST,2085
,ST,2086
,ST,2087
,ST,2088
,ST,2089
,ST,2090
,ST,2091
,ST,2092
,ST,2093
,ST,2094
,ST,2095
,ST,2096
,ST,2097
,ST,2098
,ST,2099
,ST,2100
,ST,2101
,ST,2102
,ST,2103
,ST,2104
,ST,2105
,ST,2106
,ST,2107
,ST,2108
,ST,2109
,ST,2110
,ST,2111
,ST,2112
,ST,2113
,ST,2114
,ST,2115
,ST,2116
,ST,2117
,ST,2118
,ST,2119
,ST,2120
,ST,2121
,ST,2122
,ST,2123
,ST,2124
,ST,2125
,ST,2126
,ST,2127
,ST,2128
,ST,2129
,ST,2130
,ST,2131
,ST,2132
,ST,2133
,ST,2134
,ST,2135
,ST,2136
,ST,2137
,ST,2138
,ST,2139
,ST,2140
,ST,2141
,ST,2142
,ST,2143
,ST,2144
,ST,2145
,ST,2146
,ST,2147
,ST,2148
,ST,2149
,ST,2150
,ST,2151
,ST,2152
