crl_rank,category,category_rank
1,GEN,
2,GEN-EWS,1
3,GEN,
4,GEN,
5,GEN,
6,GEN,
7,GEN,
8,GEN,
9,GEN,
10,GEN,
11,GEN,
12,GEN,
13,GEN,
14,OBC-NCL,1
15,GEN-EWS,2
16,GEN,
17,GEN,
18,GEN,
19,GEN,
20,GEN,
21,GEN,
22,GEN,
23,GEN,
24,GEN,
25,GEN,
26,GEN,
27,GEN,
28,GEN,
29,GEN,
30,GEN,
31,GEN,
32,OBC-NCL,2
33,GEN,
34,GEN,
35,GEN,
36,GEN,
37,GEN,
38,GEN,
39,GEN,
40,GEN,
41,GEN,
42,GEN-EWS,3
43,GEN,
44,GEN-EWS,4
45,OBC-NCL,3
46,GEN,
47,GEN,
48,GEN,
49,GEN,
50,GEN,
51,GEN,
52,GEN,
53,GEN,
54,GEN,
55,GEN,
56,GEN,
57,GEN,
58,GEN,
59,GEN,
60,GEN,
61,GEN,
62,GEN,
63,GEN,
64,GEN,
65,GEN,
66,OBC-NCL,4
67,GEN,
68,GEN,
69,GEN,
70,GEN,
71,GEN,
72,GEN,
73,GEN,
74,OBC-NCL,5
75,GEN,
76,GEN,
77,GEN,
78,GEN,
79,GEN,
80,GEN,
81,GEN,
82,GEN,
83,GEN,
84,GEN,
85,GEN,
86,GEN,
87,GEN,
88,GEN,
89,GEN,
90,GEN,
91,OBC-NCL,6
92,GEN,
93,OBC-NCL,7
94,GEN,
95,GEN,
96,GEN,
97,GEN,
98,GEN,
99,GEN,
100,GEN,
101,GEN,
102,GEN,
103,GEN,
104,GEN,
105,GEN,
106,GEN,
107,GEN-EWS,5
108,GEN,
109,SC,1
110,GEN,
111,GEN,
112,OBC-NCL,8
113,GEN,
114,GEN,
115,GEN,
116,GEN,
117,OBC-NCL,9
118,GEN,
119,GEN,
120,SC,2
121,GEN,
122,GEN,
123,GEN,
124,GEN,
125,GEN,
126,GEN,
127,GEN,
128,GEN,
129,OBC-NCL,10
130,GEN,
131,GEN,
132,OBC-NCL,11
133,GEN,
134,GEN,
135,GEN,
136,GEN,
137,GEN,
138,GEN-EWS,6
139,GEN,
140,OBC-NCL,12
141,GEN,
142,GEN,
143,GEN,
144,GEN,
145,GEN,
146,GEN,
147,GEN,
148,GEN,
149,GEN,
150,GEN,
151,GEN,
152,GEN-EWS,7
153,GEN,
154,OBC-NCL,13
155,GEN,
156,GEN,
157,GEN,
158,GEN,
159,OBC-NCL,14
160,OBC-NCL,15
161,GEN,
162,GEN,
163,OBC-NCL,16
164,GEN,
165,GEN,
166,GEN,
167,GEN,
168,GEN,
169,GEN,
170,GEN-EWS,8
171,GEN,
172,GEN,
173,OBC-NCL,17
174,GEN,
175,GEN,
176,GEN,
177,GEN,
178,GEN,
179,GEN,
180,GEN,
181,GEN,
182,GEN,
183,OBC-NCL,18
184,GEN,
185,GEN,
186,GEN,
187,GEN,
188,OBC-NCL,19
189,GEN,
190,GEN,
191,GEN,
192,GEN,
193,GEN,
194,GEN,
195,GEN,
196,GEN,
197,GEN,
198,GEN,
199,OBC-NCL,20
200,GEN-EWS,9
201,GEN,
202,GEN,
203,GEN,
204,SC,3
205,GEN,
206,GEN,
207,GEN,
208,GEN,
209,GEN,
210,OBC-NCL,21
211,GEN,
212,GEN,
213,GEN,
214,GEN,
215,GEN,
216,GEN-EWS,10
217,GEN,
218,GEN-EWS,11
219,GEN,
220,OBC-NCL,22
221,GEN,
222,GEN,
223,GEN,
223,GEN,
225,GEN,
226,GEN,
227,OBC-NCL,23
228,GEN,
229,GEN,
230,GEN,
231,GEN,
232,GEN,
233,GEN,
234,OBC-NCL,24
235,GEN-EWS,12
236,GEN,
237,OBC-NCL,25
238,GEN,
239,GEN,
240,GEN,
241,GEN,
242,GEN,
243,GEN,
244,GEN,
245,GEN,
246,GEN,
247,GEN,
248,GEN,
249,GEN,
250,OBC-NCL,26
251,GEN,
252,GEN,
253,GEN,
254,GEN,
255,GEN,
256,GEN,
257,GEN,
258,GEN,
259,GEN,
260,GEN,
261,GEN,
262,GEN,
263,OBC-NCL,27
264,GEN,
265,GEN,
266,GEN,
267,GEN,
268,GEN,
269,GEN,
270,GEN,
271,GEN,
272,GEN,
273,GEN,
274,GEN,
275,GEN,
276,GEN,
277,GEN,
278,GEN,
279,GEN,
280,GEN,
281,GEN,
282,GEN-EWS,13
283,GEN,
284,GEN,
285,GEN,
286,GEN,
287,GEN,
288,GEN,
289,GEN,
290,OBC-NCL,28
291,GEN,
292,GEN,
293,GEN,
294,GEN,
295,GEN-EWS,14
296,GEN,
297,GEN,
298,GEN,
299,GEN,
300,GEN,
301,GEN,
302,OBC-NCL,29
303,GEN,
304,GEN,
305,GEN-EWS,15
306,GEN,
307,GEN,
308,OBC-NCL,30
309,GEN,
310,GEN,
311,GEN,
312,GEN,
313,GEN,
314,GEN,
315,GEN,
316,GEN-EWS,16
317,GEN-EWS,17
318,GEN,
319,GEN,
320,GEN,
321,GEN,
322,OBC-NCL,31
323,GEN,
324,OBC-NCL,32
325,GEN,
326,GEN,
327,GEN,
328,GEN,
329,GEN,
330,GEN,
331,OBC-NCL,33
332,GEN,
333,GEN,
334,GEN-EWS,18
335,GEN-EWS,19
336,OBC-NCL,34
337,OBC-NCL,35
338,GEN,
339,GEN,
340,GEN-EWS,20
341,GEN,
342,GEN-EWS,21
343,OBC-NCL,36
344,GEN,
345,GEN,
346,GEN-EWS,22
347,GEN,
348,GEN,
349,GEN,
350,GEN,
351,GEN,
352,GEN,
353,GEN,
354,GEN-EWS,23
355,GEN,
356,OBC-NCL,37
357,GEN,
358,GEN,
359,GEN-EWS,24
360,GEN,
361,GEN-EWS,25
362,GEN,
363,OBC-NCL,38
364,OBC-NCL,39
365,GEN,
366,GEN,
367,GEN,
368,GEN,
369,OBC-NCL,40
370,GEN,
371,GEN,
372,GEN,
373,GEN,
374,GEN,
375,GEN,
376,GEN,
377,GEN,
378,GEN-EWS,26
379,GEN-EWS,27
380,OBC-NCL,41
381,GEN,
382,GEN-EWS,28
383,GEN,
384,GEN,
385,GEN,
386,GEN,
387,GEN,
388,GEN,
389,GEN,
390,GEN,
391,GEN,
392,OBC-NCL,42
393,GEN,
394,GEN,
395,GEN,
396,OBC-NCL,43
397,OBC-NCL,44
398,GEN-EWS,29
399,OBC-NCL,45
400,GEN,
401,GEN,
402,GEN-EWS,30
403,GEN,
404,GEN,
405,GEN,
406,OBC-NCL,46
407,GEN,
408,GEN,
409,GEN,
410,GEN-EWS,31
411,GEN,
412,GEN,
413,GEN,
414,GEN,
415,GEN,
416,GEN,
417,GEN,
418,OBC-NCL,47
419,GEN,
420,GEN,
421,GEN,
422,GEN,
423,OBC-NCL,48
424,OBC-NCL,49
425,GEN,
426,GEN,
427,GEN,
428,GEN,
429,GEN,
430,SC,4
431,GEN,
432,ST,1
433,GEN,
434,GEN,
435,GEN,
436,GEN-EWS,32
437,GEN,
438,GEN,
439,GEN,
440,OBC-NCL,50
441,GEN,
442,GEN,
443,GEN,
444,GEN,
445,GEN,
446,GEN,
447,GEN,
448,GEN,
449,GEN,
450,OBC-NCL,51
451,GEN,
452,GEN-EWS,33
453,GEN,
454,GEN,
455,GEN,
456,GEN-EWS,34
457,GEN-EWS,35
458,GEN,
459,GEN,
460,GEN,
461,OBC-NCL,52
462,GEN,
463,OBC-NCL,53
464,GEN,
465,OBC-NCL,54
466,GEN,
467,OBC-NCL,55
468,GEN,
469,GEN,
470,OBC-NCL,56
471,GEN,
472,GEN,
473,GEN,
474,GEN,
475,OBC-NCL,57
476,GEN,
477,OBC-NCL,58
478,GEN,
479,GEN,
480,GEN-EWS,36
481,GEN,
482,GEN,
483,GEN,
484,GEN,
485,GEN,
486,GEN,
487,OBC-NCL,59
488,OBC-NCL,60
489,GEN,
490,GEN-EWS,37
491,GEN,
492,GEN,
493,GEN,
494,GEN,
495,GEN,
496,GEN,
497,GEN,
498,GEN,
499,GEN,
500,OBC-NCL,61
501,GEN,
502,GEN,
503,GEN,
504,GEN,
505,GEN-EWS,38
506,GEN,
507,OBC-NCL,62
508,GEN,
509,GEN,
510,GEN,
511,SC,5
512,GEN,
513,GEN-EWS,39
514,GEN,
515,OBC-NCL,63
516,GEN,
517,GEN,
518,GEN,
519,GEN,
520,OBC-NCL,64
521,GEN,
522,SC,6
523,GEN-EWS,40
524,GEN,
525,GEN,
526,GEN,
527,GEN,
528,OBC-NCL,65
529,GEN,
530,GEN,
531,GEN,
532,GEN,
533,GEN,
534,GEN,
535,SC,7
536,GEN,
537,GEN,
538,GEN-EWS,41
539,GEN,
540,GEN,
541,GEN,
542,GEN,
543,GEN,
544,GEN,
545,GEN,
546,GEN,
547,GEN,
548,OBC-NCL,66
549,OBC-NCL,67
550,GEN,
551,OBC-NCL,68
552,GEN,
553,GEN,
554,GEN,
555,GEN,
556,GEN,
557,GEN,
558,GEN,
559,GEN,
560,GEN,
561,GEN,
562,GEN,
563,GEN,
564,GEN,
565,GEN,
566,GEN,
567,OBC-NCL,69
568,GEN-EWS,42
569,GEN,
570,GEN,
571,GEN,
572,GEN,
573,GEN,
574,GEN,
575,GEN,
576,GEN,
577,GEN,
578,GEN,
579,GEN,
580,GEN,
581,GEN,
582,GEN,
583,SC,8
584,GEN,
585,GEN,
586,GEN,
587,GEN,
588,GEN,
589,GEN,
590,GEN,
591,GEN,
592,GEN,
593,GEN,
594,GEN,
595,GEN,
596,GEN,
597,GEN,
598,GEN,
599,GEN-EWS,43
600,OBC-NCL,70
601,GEN,
602,GEN,
603,GEN,
604,GEN,
605,OBC-NCL,71
606,GEN,
607,GEN,
608,GEN,
609,GEN,
610,GEN,
611,GEN,
612,GEN,
613,GEN,
614,GEN,
615,GEN,
616,GEN,
617,GEN,
618,GEN,
619,GEN,
620,GEN,
621,OBC-NCL,72
622,GEN,
623,GEN,
624,OBC-NCL,73
625,GEN,
626,GEN,
627,GEN,
628,GEN,
629,GEN,
630,OBC-NCL,74
631,GEN,
632,GEN,
633,OBC-NCL,75
634,GEN,
635,GEN,
636,OBC-NCL,76
637,SC,9
638,GEN,
639,GEN,
640,OBC-NCL,77
641,OBC-NCL,78
642,GEN,
643,OBC-NCL,79
644,OBC-NCL,80
645,GEN,
646,GEN,
647,GEN,
648,GEN,
649,OBC-NCL,81
650,OBC-NCL,82
651,GEN,
652,GEN,
653,GEN,
654,GEN,
655,GEN,
656,GEN-EWS,44
657,GEN,
658,GEN,
659,OBC-NCL,83
660,OBC-NCL,84
661,GEN-EWS,45
662,GEN,
663,GEN,
664,GEN,
665,GEN,
666,GEN,
667,OBC-NCL,85
668,GEN,
669,GEN,
670,GEN,
671,GEN,
672,GEN,
673,GEN,
674,GEN,
675,GEN,
676,GEN,
677,GEN,
678,GEN,
679,GEN,
680,GEN,
681,GEN,
682,GEN,
683,GEN,
684,OBC-NCL,86
685,GEN,
686,GEN,
687,GEN,
688,GEN,
689,GEN,
690,GEN,
691,OBC-NCL,87
692,GEN-EWS,46
693,GEN,
694,OBC-NCL,88
695,GEN,
696,GEN,
697,GEN,
698,GEN,
699,GEN,
700,GEN,
701,GEN,
702,GEN,
703,GEN,
704,GEN,
705,GEN,
706,GEN-EWS,47
707,OBC-NCL,89
708,GEN,
709,GEN,
710,GEN,
711,GEN,
712,GEN,
713,GEN,
714,OBC-NCL,90
715,GEN,
716,GEN,
717,GEN,
718,GEN,
719,GEN,
720,OBC-NCL,91
721,GEN,
722,GEN,
723,GEN,
724,GEN,
725,GEN,
726,GEN,
727,OBC-NCL,92
728,GEN,
729,GEN,
730,GEN,
731,SC,10
732,GEN,
733,GEN,
734,OBC-NCL,93
735,GEN,
736,GEN,
737,GEN,
738,GEN,
739,GEN,
740,GEN,
741,GEN,
742,OBC-NCL,94
743,GEN-EWS,48
744,GEN,
745,GEN,
746,GEN,
747,GEN,
748,GEN,
749,GEN,
750,GEN,
751,GEN-EWS,49
752,GEN-EWS,50
753,GEN-EWS,51
754,GEN,
755,GEN,
756,GEN,
757,GEN-EWS,52
758,GEN,
759,GEN,
760,GEN,
761,GEN,
762,GEN,
763,GEN,
764,GEN,
765,OBC-NCL,95
766,GEN,
767,GEN,
768,GEN,
769,GEN,
770,GEN,
771,GEN,
772,GEN,
773,GEN-EWS,53
774,GEN-EWS,54
775,GEN,
776,GEN,
777,GEN,
778,GEN,
779,GEN,
780,GEN,
781,GEN,
782,GEN,
783,GEN,
784,GEN,
785,GEN,
786,GEN,
787,GEN,
788,GEN,
789,OBC-NCL,96
790,GEN,
791,GEN-EWS,55
792,GEN,
793,GEN,
794,GEN,
795,GEN,
796,GEN,
797,GEN-EWS,56
798,OBC-NCL,97
799,GEN,
800,GEN,
801,GEN,
802,GEN,
803,GEN,
804,GEN,
805,ST,2
806,GEN,
807,GEN,
808,GEN,
809,GEN,
810,GEN-EWS,57
811,GEN,
812,GEN,
813,GEN,
814,GEN,
815,GEN,
816,OBC-NCL,98
817,GEN,
818,GEN,
819,GEN,
820,OBC-NCL,99
821,GEN,
822,GEN,
823,GEN,
824,GEN,
825,GEN,
826,GEN,
827,SC,11
828,GEN-EWS,58
829,GEN,
830,GEN,
831,GEN,
832,GEN,
833,OBC-NCL,100
834,GEN,
835,GEN,
836,OBC-NCL,101
837,GEN,
838,GEN,
839,GEN,
840,GEN,
841,OBC-NCL,102
842,GEN-EWS,59
843,GEN,
844,GEN,
845,GEN,
846,GEN,
847,GEN,
848,GEN,
849,GEN,
850,GEN,
851,OBC-NCL,103
852,GEN,
853,GEN,
854,GEN-EWS,60
855,GEN,
856,GEN,
857,GEN,
858,GEN,
859,GEN,
860,GEN,
861,GEN,
862,GEN-EWS,61
863,GEN-EWS,62
864,GEN,
865,GEN,
866,OBC-NCL,104
867,GEN,
868,GEN,
869,GEN,
870,OBC-NCL,105
871,GEN,
872,GEN,
873,GEN,
874,GEN,
875,OBC-NCL,106
876,GEN,
877,GEN,
878,GEN,
879,GEN,
880,GEN,
881,GEN,
882,GEN,
883,GEN,
884,GEN-EWS,63
885,GEN,
886,GEN,
887,GEN-EWS,64
888,SC,12
889,GEN-EWS,65
890,GEN,
891,GEN-EWS,66
892,GEN-EWS,67
893,GEN-EWS,68
894,GEN,
895,GEN,
896,GEN,
897,GEN,
898,GEN,
899,GEN,
900,GEN,
901,GEN,
902,GEN,
903,GEN,
904,OBC-NCL,107
905,GEN,
906,GEN,
907,OBC-NCL,108
908,OBC-NCL,109
909,GEN,
910,GEN,
911,OBC-NCL,110
912,OBC-NCL,111
913,GEN,
914,OBC-NCL,112
915,OBC-NCL,113
916,GEN-EWS,69
917,OBC-NCL,114
918,GEN,
919,GEN,
920,OBC-NCL,115
921,OBC-NCL,116
922,GEN,
923,GEN,
924,GEN,
925,GEN,
926,OBC-NCL,117
927,GEN,
928,GEN-EWS,70
929,OBC-NCL,118
930,GEN,
931,GEN,
932,GEN,
933,GEN,
934,OBC-NCL,119
935,GEN-EWS,71
936,GEN,
937,GEN,
938,GEN,
939,GEN,
940,GEN,
941,GEN,
942,GEN,
943,GEN,
944,GEN,
945,GEN,
946,OBC-NCL,120
947,GEN,
948,GEN-EWS,72
949,OBC-NCL,121
950,OBC-NCL,122
951,GEN,
952,GEN,
953,GEN,
954,OBC-NCL,123
955,GEN,
956,GEN,
957,GEN,
958,GEN,
959,GEN-EWS,73
960,GEN,
961,GEN,
962,GEN,
963,OBC-NCL,124
964,GEN,
965,GEN,
966,GEN,
967,GEN,
968,GEN,
969,OBC-NCL,125
970,GEN,
971,GEN,
972,GEN-EWS,74
973,ST,3
974,GEN,
975,OBC-NCL,126
976,GEN,
977,GEN,
978,GEN,
979,GEN,
980,GEN,
981,GEN,
982,GEN,
983,GEN,
984,OBC-NCL,127
985,OBC-NCL,128
986,GEN,
987,GEN,
988,GEN-EWS,75
989,SC,13
990,GEN,
991,GEN,
992,GEN,
993,OBC-NCL,129
994,GEN,
995,GEN,
996,GEN,
997,GEN,
998,GEN-EWS,76
999,GEN,
1000,GEN,
1001,GEN,
1002,GEN,
1003,GEN,
1004,OBC-NCL,130
1005,GEN,
1006,GEN,
1007,GEN,
1008,GEN,
1009,GEN,
1010,GEN,
1011,GEN,
1012,OBC-NCL,131
1013,GEN,
1014,GEN-EWS,77
1015,OBC-NCL,132
1016,GEN,
1017,GEN,
1018,GEN,
1019,GEN,
1020,OBC-NCL,133
1021,GEN-EWS,78
1022,GEN-EWS,79
1023,GEN-EWS,80
1024,OBC-NCL,134
1025,GEN,
1026,SC,14
1027,GEN,
1028,OBC-NCL,135
1029,GEN,
1030,GEN,
1031,GEN-EWS,81
1032,GEN,
1033,GEN,
1034,GEN,
1035,GEN,
1036,OBC-NCL,136
1037,GEN,
1038,GEN-EWS,82
1039,GEN,
1040,GEN,
1041,GEN,
1042,OBC-NCL,137
1043,GEN,
1044,GEN,
1045,GEN,
1046,GEN,
1047,GEN,
1048,GEN,
1049,GEN-EWS,83
1050,GEN,
1051,GEN,
1052,GEN,
1053,OBC-NCL,138
1054,GEN,
1055,GEN,
1056,GEN,
1057,GEN,
1058,GEN,
1059,OBC-NCL,139
1060,OBC-NCL,140
1061,GEN,
1062,GEN-EWS,84
1063,OBC-NCL,141
1064,GEN,
1065,GEN,
1066,GEN,
1067,GEN,
1068,GEN,
1069,GEN,
1070,GEN,
1071,GEN,
1072,GEN,
1073,GEN,
1074,GEN,
1075,OBC-NCL,142
1076,OBC-NCL,143
1077,GEN,
1078,GEN,
1079,GEN,
1080,GEN,
1081,GEN,
1082,GEN,
1083,GEN-EWS,85
1084,GEN,
1085,GEN,
1086,GEN-EWS,86
1087,GEN,
1088,GEN,
1089,GEN,
1090,OBC-NCL,144
1091,GEN,
1092,GEN,
1093,GEN-EWS,87
1094,OBC-NCL,145
1095,SC,15
1096,GEN,
1097,GEN,
1098,GEN,
1099,GEN,
1100,GEN,
1101,GEN,
1102,GEN-EWS,88
1103,GEN,
1104,GEN,
1105,ST,4
1106,GEN,
1107,GEN,
1108,OBC-NCL,146
1109,GEN,
1110,GEN,
1111,GEN,
1112,GEN,
1113,GEN,
1114,GEN,
1115,GEN,
1116,GEN-EWS,89
1117,GEN,
1118,GEN,
1119,GEN,
1120,GEN,
1121,GEN,
1122,GEN,
1123,GEN,
1124,GEN,
1125,OBC-NCL,147
1126,GEN,
1127,GEN,
1128,GEN,
1129,GEN,
1130,GEN,
1131,GEN,
1132,OBC-NCL,148
1133,OBC-NCL,149
1134,OBC-NCL,150
1135,GEN,
1136,GEN,
1137,GEN,
1138,GEN,
1139,OBC-NCL,151
1140,GEN,
1141,GEN,
1142,GEN,
1143,GEN,
1144,GEN,
1145,GEN,
1146,GEN-EWS,90
1147,GEN,
1148,GEN,
1149,GEN,
1150,GEN,
1151,GEN,
1152,GEN,
1153,GEN,
1154,GEN,
1155,GEN,
1156,GEN-EWS,91
1157,GEN,
1158,OBC-NCL,152
1159,OBC-NCL,153
1160,GEN,
1161,GEN,
1162,GEN,
1163,GEN,
1164,GEN-EWS,92
1165,GEN,
1166,GEN,
1167,GEN,
1168,GEN,
1169,GEN,
1170,OBC-NCL,154
1171,GEN,
1172,GEN,
1173,GEN,
1174,OBC-NCL,155
1175,GEN,
1176,GEN,
1177,GEN,
1178,GEN,
1179,GEN,
1180,GEN,
1181,OBC-NCL,156
1182,GEN-EWS,93
1183,GEN,
1184,GEN-EWS,94
1185,GEN,
1186,GEN,
1187,GEN,
1188,GEN,
1189,ST,5
1190,GEN,
1191,GEN,
1192,GEN,
1193,GEN,
1194,GEN,
1195,GEN,
1196,GEN,
1197,GEN,
1198,GEN,
1199,GEN,
1200,GEN,
1201,GEN,
1202,GEN,
1203,GEN,
1204,GEN,
1205,GEN,
1206,GEN,
1207,GEN,
1208,OBC-NCL,157
1209,OBC-NCL,158
1210,GEN,
1211,GEN,
1212,GEN,
1213,GEN,
1214,GEN,
1215,GEN,
1216,GEN-EWS,95
1217,GEN,
1218,GEN,
1219,GEN,
1220,GEN,
1221,OBC-NCL,159
1222,GEN,
1223,GEN,
1224,GEN,
1225,GEN,
1226,GEN,
1227,GEN,
1228,GEN,
1229,ST,6
1230,GEN,
1231,GEN-EWS,96
1232,GEN,
1233,GEN,
1234,GEN,
1235,GEN,
1236,GEN,
1237,GEN,
1238,GEN,
1239,GEN,
1240,GEN,
1241,GEN,
1242,GEN,
1243,GEN,
1244,GEN,
1245,GEN,
1246,GEN,
1247,GEN,
1248,OBC-NCL,160
1249,OBC-NCL,161
1250,GEN,
1251,GEN,
1252,GEN,
1253,OBC-NCL,162
1254,OBC-NCL,163
1255,GEN,
1256,GEN,
1257,GEN,
1258,GEN,
1259,GEN-EWS,97
1260,OBC-NCL,164
1261,GEN,
1262,GEN-EWS,98
1263,GEN,
1264,GEN,
1265,GEN,
1266,GEN,
1267,GEN,
1268,GEN-EWS,99
1269,GEN,
1270,GEN,
1271,GEN,
1272,GEN,
1273,OBC-NCL,165
1274,OBC-NCL,166
1275,GEN,
1276,GEN-EWS,100
1277,GEN,
1278,GEN,
1279,SC,16
1280,GEN,
1281,SC,17
1282,OBC-NCL,167
1283,GEN,
1284,GEN,
1285,GEN-EWS,101
1286,SC,18
1287,GEN,
1288,GEN,
1289,GEN,
1290,GEN,
1291,OBC-NCL,168
1292,GEN,
1293,GEN,
1294,GEN,
1295,GEN,
1296,GEN,
1297,GEN,
1298,GEN,
1299,OBC-NCL,169
1300,GEN,
1301,GEN,
1302,GEN,
1303,GEN,
1304,GEN-EWS,102
1305,GEN,
1306,GEN,
1307,GEN,
1308,GEN,
1309,GEN,
1310,GEN-EWS,103
1311,GEN,
1312,OBC-NCL,170
1313,OBC-NCL,171
1314,GEN-EWS,104
1315,GEN,
1316,GEN,
1317,OBC-NCL,172
1318,GEN,
1319,GEN,
1320,GEN,
1321,GEN-EWS,105
1322,GEN,
1323,GEN,
1324,GEN,
1325,GEN,
1326,GEN,
1327,GEN-EWS,106
1328,GEN-EWS,107
1329,GEN,
1330,GEN,
1331,GEN-EWS,108
1332,GEN,
1333,GEN,
1334,GEN,
1335,GEN,
1336,GEN,
1337,GEN-EWS,109
1338,GEN,
1339,GEN,
1340,GEN,
1341,GEN,
1342,GEN,
1343,GEN-EWS,110
1344,OBC-NCL,173
1345,GEN,
1346,GEN,
1347,GEN-EWS,111
1348,GEN,
1349,GEN,
1350,GEN,
1351,OBC-NCL,174
1352,GEN,
1353,GEN,
1354,GEN,
1355,GEN,
1356,GEN,
1357,OBC-NCL,175
1358,GEN,
1359,OBC-NCL,176
1360,OBC-NCL,177
1361,GEN-EWS,112
1362,GEN,
1363,GEN,
1364,GEN,
1365,GEN,
1366,GEN,
1367,GEN,
1368,GEN,
1369,GEN,
1370,GEN,
1371,GEN,
1372,GEN,
1373,GEN,
1374,GEN,
1375,GEN,
1376,GEN,
1377,GEN,
1378,GEN,
1379,GEN,
1380,GEN,
1381,GEN,
1382,GEN,
1383,GEN,
1384,GEN,
1385,GEN,
1386,GEN,
1387,OBC-NCL,178
1388,GEN,
1389,GEN,
1390,GEN,
1391,GEN,
1392,GEN,
1393,GEN,
1394,OBC-NCL,179
1395,GEN,
1396,GEN,
1397,GEN,
1398,GEN,
1399,GEN,
1400,GEN,
1401,GEN,
1402,GEN-EWS,113
1403,GEN,
1404,OBC-NCL,180
1405,GEN,
1406,GEN,
1407,GEN-EWS,114
1408,GEN,
1409,GEN,
1410,GEN,
1411,GEN,
1412,GEN,
1413,GEN,
1414,GEN,
1415,GEN,
1416,GEN-EWS,115
1417,GEN-EWS,116
1418,OBC-NCL,181
1419,GEN,
1420,GEN,
1421,GEN,
1422,GEN,
1423,GEN,
1424,GEN,
1425,GEN,
1426,GEN,
1427,GEN,
1428,GEN-EWS,117
1429,GEN,
1430,GEN,
1431,GEN,
1432,GEN,
1433,OBC-NCL,182
1434,GEN,
1435,GEN,
1436,OBC-NCL,183
1437,OBC-NCL,184
1438,OBC-NCL,185
1439,GEN-EWS,118
1440,GEN,
1441,GEN,
1442,GEN,
1443,GEN,
1444,GEN,
1445,GEN,
1446,OBC-NCL,186
1447,OBC-NCL,187
1448,GEN,
1449,GEN,
1450,GEN,
1451,GEN,
1452,GEN,
1453,GEN,
1454,GEN,
1455,SC,19
1456,GEN,
1457,GEN,
1458,GEN,
1459,GEN,
1460,GEN,
1461,GEN-EWS,119
1462,GEN-EWS,120
1463,GEN-EWS,188
1464,GEN,
1465,GEN,
1466,OBC-NCL,189
1467,OBC-NCL,190
1468,GEN,
1469,GEN,
1470,GEN-EWS,121
1471,GEN,
1472,GEN,
1473,GEN,
1474,GEN-EWS,122
1475,OBC-NCL,191
1476,GEN,
1477,OBC-NCL,192
1478,GEN,
1479,GEN,
1480,GEN,
1481,GEN,
1482,GEN,
1483,OBC-NCL,193
1484,GEN,
1485,OBC-NCL,194
1486,GEN,
1487,GEN,
1488,GEN-EWS,123
1489,GEN,
1490,GEN,
1491,GEN,
1492,GEN-EWS,124
1493,GEN,
1494,OBC-NCL,195
1495,GEN,
1496,GEN,
1497,SC,20
1498,GEN,
1499,GEN,
1500,GEN-EWS,125
1501,GEN-EWS,126
1502,GEN,
1503,GEN,
1504,GEN,
1505,GEN,
1506,GEN,
1507,GEN,
1508,OBC-NCL,196
1509,OBC-NCL,197
1510,GEN,
1511,GEN,
1512,OBC-NCL,198
1513,GEN,
1514,GEN-EWS,127
1515,GEN,
1516,GEN,
1517,GEN-EWS,128
1518,GEN,
1519,GEN,
1520,OBC-NCL,199
1521,GEN,
1522,GEN-EWS,129
1523,GEN,
1524,GEN,
1525,GEN,
1526,GEN,
1527,GEN,
1528,GEN,
1529,GEN-EWS,130
1530,GEN,
1531,GEN,
1532,OBC-NCL,200
1533,GEN,
1534,GEN,
1535,GEN-EWS,131
1536,GEN,
1537,GEN,
1538,OBC-NCL,201
1539,GEN,
1540,GEN,
1541,GEN-EWS,132
1542,OBC-NCL,202
1543,GEN,
1544,GEN,
1545,GEN,
1546,GEN,
1547,GEN,
1548,GEN,
1549,GEN-EWS,133
1550,GEN,
1551,GEN,
1552,GEN,
1553,GEN,
1554,GEN,
1555,GEN,
1556,GEN,
1557,OBC-NCL,203
1558,GEN-EWS,134
1559,OBC-NCL,204
1560,GEN,
1561,OBC-NCL,205
1562,GEN,
1563,GEN-EWS,135
1564,GEN,
1565,GEN,
1566,GEN,
1567,GEN,
1568,GEN,
1569,GEN,
1570,GEN,
1571,GEN,
1572,GEN,
1573,SC,21
1574,OBC-NCL,206
1575,GEN,
1576,OBC-NCL,207
1577,GEN,
1578,GEN,
1579,GEN,
1580,GEN,
1581,GEN,
1582,GEN,
1583,GEN,
1584,GEN,
1585,GEN-EWS,136
1586,GEN,
1587,GEN,
1588,GEN,
1589,GEN,
1590,OBC-NCL,208
1591,OBC-NCL,209
1592,OBC-NCL,210
1593,GEN,
1594,GEN,
1595,GEN,
1596,GEN,
1597,OBC-NCL,211
1598,GEN,
1599,GEN,
1600,GEN,
1601,SC,22
1602,GEN,
1603,OBC-NCL,212
1604,GEN,
1605,OBC-NCL,213
1606,GEN,
1607,OBC-NCL,214
1608,GEN,
1609,GEN-EWS,137
1610,GEN,
1611,GEN-EWS,138
1612,GEN,
1613,GEN,
1614,GEN,
1615,GEN,
1616,GEN,
1617,OBC-NCL,215
1618,GEN,
1619,GEN,
1620,GEN,
1621,GEN,
1622,GEN,
1623,GEN,
1624,GEN,
1625,GEN,
1626,GEN,
1627,GEN,
1628,GEN,
1629,OBC-NCL,216
1630,GEN,
1631,GEN,
1632,OBC-NCL,217
1633,GEN,
1634,GEN,
1635,GEN,
1636,GEN,
1637,OBC-NCL,218
1638,OBC-NCL,219
1639,GEN,
1640,GEN,
1641,GEN,
1642,OBC-NCL,220
1643,GEN,
1644,GEN,
1645,GEN,
1646,GEN,
1647,GEN,
1648,GEN,
1649,GEN,
1650,SC,23
1651,GEN,
1652,GEN,
1653,GEN,
1654,GEN-EWS,139
1655,OBC-NCL,221
1656,GEN,
1657,OBC-NCL,222
1658,GEN,
1659,GEN,
1660,GEN,
1661,GEN,
1662,GEN,
1663,OBC-NCL,223
1664,GEN,
1665,OBC-NCL,224
1666,GEN,
1667,OBC-NCL,225
1668,GEN,
1669,GEN,
1670,GEN-EWS,140
1671,GEN,
1672,GEN,
1673,GEN,
1674,GEN,
1675,GEN,
1676,GEN-EWS,141
1677,GEN,
1678,GEN,
1679,GEN,
1680,GEN,
1681,GEN,
1682,OBC-NCL,226
1683,GEN,
1684,GEN,
1685,GEN,
1686,OBC-NCL,227
1687,GEN,
1688,GEN,
1689,OBC-NCL,228
1690,OBC-NCL,229
1691,GEN,
1692,GEN,
1693,OBC-NCL,230
1694,GEN,
1695,GEN,
1696,GEN,
1697,GEN,
1698,GEN,
1699,GEN,
1700,GEN,
1701,GEN,
1702,OBC-NCL,231
1703,GEN,
1704,GEN,
1705,OBC-NCL,232
1706,GEN,
1707,GEN-EWS,142
1708,GEN,
1709,GEN,
1710,OBC-NCL,233
1711,GEN,
1712,GEN,
1713,GEN,
1714,GEN,
1715,OBC-NCL,234
1716,GEN,
1717,GEN,
1718,OBC-NCL,235
1719,GEN,
1720,GEN,
1721,GEN,
1722,GEN,
1723,GEN,
1724,GEN,
1725,OBC-NCL,236
1726,GEN-EWS,143
1727,GEN,
1728,OBC-NCL,237
1729,GEN,
1730,GEN,
1731,GEN,
1732,GEN,
1733,GEN,
1734,GEN,
1735,GEN,
1736,GEN,
1737,OBC-NCL,238
1738,GEN,
1739,OBC-NCL,239
1740,GEN,
1741,GEN-EWS,144
1742,GEN,
1743,GEN-EWS,145
1744,GEN,
1745,GEN,
1746,GEN,
1747,OBC-NCL,240
1748,OBC-NCL,241
1749,GEN,
1750,GEN,
1751,GEN,
1752,GEN-EWS,146
1753,GEN,
1754,GEN,
1755,GEN,
1756,GEN,
1757,GEN-EWS,147
1758,OBC-NCL,242
1759,OBC-NCL,243
1760,GEN,
1761,GEN,
1762,OBC-NCL,244
1763,GEN,
1764,GEN,
1765,OBC-NCL,245
1766,GEN,
1767,GEN,
1768,GEN,
1769,GEN,
1770,GEN,
1771,GEN,
1772,GEN,
1773,GEN,
1774,GEN,
1775,GEN,
1776,GEN,
1777,GEN,
1778,GEN,
1779,GEN,
1780,GEN,
1781,GEN,
1782,GEN,
1783,GEN,
1784,GEN,
1785,GEN,
1786,GEN,
1787,GEN,
1788,GEN,
1789,OBC-NCL,246
1790,OBC-NCL,247
1791,OBC-NCL,248
1792,GEN,
1793,GEN,
1794,GEN,
1795,GEN,
1796,OBC-NCL,249
1797,GEN,
1798,GEN,
1799,GEN,
1800,GEN,
1801,OBC-NCL,250
1802,GEN,
1803,GEN,
1804,GEN,
1805,GEN,
1806,GEN,
1807,GEN,
1808,GEN-EWS,251
1809,GEN-EWS,148
1810,GEN,
1811,GEN,
1812,OBC-NCL,252
1813,GEN-EWS,149
1814,OBC-NCL,253
1815,OBC-NCL,254
1816,OBC-NCL,255
1817,GEN,
1818,OBC-NCL,256
1819,GEN,
1820,GEN,
1821,GEN-EWS,150
1822,GEN-EWS,151
1823,OBC-NCL,257
1824,GEN-EWS,152
1825,GEN,
1826,GEN,
1827,GEN,
1828,GEN,
1829,GEN,
1830,GEN,
1831,GEN,
1832,GEN,
1833,GEN-EWS,153
1834,GEN,
1835,GEN,
1836,GEN,
1837,GEN,
1838,GEN,
1839,OBC-NCL,258
1840,GEN-EWS,154
1841,GEN,
1842,GEN,
1843,GEN,
1844,GEN,
1845,GEN,
1846,GEN,
1847,GEN,
1848,GEN,
1849,GEN-EWS,155
1850,GEN,
1851,GEN,
1852,OBC-NCL,259
1853,GEN,
1854,OBC-NCL,260
1855,GEN,
1856,GEN,
1857,OBC-NCL,261
1858,GEN,
1859,GEN,
1860,GEN,
1861,GEN,
1862,GEN,
1863,GEN,
1864,GEN-EWS,156
1865,GEN,
1866,OBC-NCL,262
1867,GEN,
1868,OBC-NCL,263
1869,GEN,
1870,GEN,
1871,GEN,
1872,GEN,
1873,GEN,
1874,OBC-NCL,264
1875,GEN,
1876,GEN-EWS,157
1877,GEN,
1878,GEN,
1879,OBC-NCL,265
1880,GEN,
1881,GEN,
1882,GEN,
1883,OBC-NCL,266
1884,GEN,
1885,GEN,
1886,GEN,
1887,GEN-EWS,158
1888,GEN,
1889,GEN,
1890,GEN,
1891,OBC-NCL,267
1892,GEN,
1893,GEN,
1894,GEN,
1895,GEN,
1896,GEN-EWS,159
1897,GEN,
1898,OBC-NCL,268
1899,GEN,
1900,GEN,
1901,GEN,
1902,GEN,
1903,GEN,
1904,GEN,
1905,GEN,
1906,GEN,
1907,GEN,
1908,GEN,
1909,GEN,
1910,GEN,
1911,GEN,
1912,GEN,
1913,GEN,
1914,GEN,
1915,OBC-NCL,269
1916,GEN,
1917,GEN,
1918,GEN,
1919,GEN,
1920,OBC-NCL,270
1921,GEN,
1922,GEN,
1923,GEN,
1924,GEN,
1925,GEN,
1926,GEN-EWS,160
1927,GEN,
1928,GEN-EWS,161
1929,GEN,
1930,GEN,
1931,GEN,
1932,GEN,
1933,GEN,
1934,GEN,
1935,GEN,
1936,GEN,
1937,GEN,
1938,GEN,
1939,OBC-NCL,271
1940,GEN,
1941,GEN,
1942,OBC-NCL,272
1943,GEN,
1944,GEN,
1945,GEN,
1946,GEN,
1947,GEN,
1948,OBC-NCL,273
1949,GEN,
1950,GEN,
1951,GEN-EWS,162
1952,GEN,
1953,GEN,
1954,GEN,
1955,GEN-EWS,163
1956,GEN,
1957,OBC-NCL,274
1958,GEN,
1959,OBC-NCL,275
1960,GEN,
1961,GEN,
1962,GEN,
1963,GEN,
1964,GEN,
1965,GEN,
1966,GEN-EWS,164
1967,OBC-NCL,276
1968,OBC-NCL,277
1969,GEN,
1970,GEN-EWS,165
1971,GEN,
1972,GEN,
1973,OBC-NCL,278
1974,GEN,
1975,GEN-EWS,166
1976,OBC-NCL,279
1977,GEN,
1978,GEN,
1979,OBC-NCL,280
1980,GEN,
1981,GEN,
1982,OBC-NCL,281
1983,OBC-NCL,282
1984,GEN-EWS,167
1985,GEN-EWS,168
1986,GEN,
1987,GEN,
1988,GEN,
1989,GEN,
1990,GEN,
1991,GEN,
1992,GEN,
1993,GEN-EWS,169
1994,OBC-NCL,283
1995,OBC-NCL,284
1996,OBC-NCL,285
1997,OBC-NCL,286
1998,GEN,
1999,GEN,
2000,GEN,
2001,GEN,
2002,GEN-EWS,170
2003,GEN,
2004,SC,24
2005,GEN,
2006,GEN,
2007,GEN,
2008,GEN,
2009,OBC-NCL,287
2010,GEN,
2011,OBC-NCL,288
2012,GEN,
2013,GEN,
2014,GEN,
2015,GEN,
2016,GEN,
2017,OBC-NCL,289
2018,GEN,
2019,GEN,
2020,GEN,
2021,GEN,
2022,OBC-NCL,290
2023,GEN,
2024,GEN,
2025,GEN,
2026,GEN,
2027,GEN,
2028,GEN,
2029,GEN,
2030,GEN,
2031,GEN,
2032,GEN,
2033,GEN,
2034,GEN,
2035,GEN-EWS,171
2036,GEN-EWS,172
2037,GEN,
2038,GEN,
2039,GEN-EWS,173
2040,GEN,
2041,GEN,
2042,GEN,
2043,GEN,
2044,GEN,
2045,GEN,
2046,GEN,
2047,GEN,
2048,GEN-EWS,174
2049,OBC-NCL,291
2050,OBC-NCL,292
2051,GEN,
2052,OBC-NCL,293
2053,GEN,
2054,OBC-NCL,294
2055,GEN,
2056,GEN-EWS,175
2057,GEN,
2058,GEN,
2059,GEN,
2060,GEN,
2061,GEN,
2062,GEN,
2063,GEN,
2064,GEN,
2065,GEN,
2066,GEN,
2067,GEN,
2068,GEN,
2069,GEN,
2070,GEN,
2071,GEN,
2072,GEN,
2073,GEN-EWS,176
2074,GEN,
2075,OBC-NCL,295
2076,GEN,
2077,GEN,
2078,GEN,
2079,GEN,
2080,GEN-EWS,177
2081,GEN,
2082,GEN,
2083,SC,25
2084,GEN,
2085,GEN,
2086,OBC-NCL,296
2087,GEN,
2088,OBC-NCL,297
2089,OBC-NCL,298
2090,GEN,
2091,GEN,
2092,GEN,
2093,GEN,
2094,GEN,
2095,OBC-NCL,299
2096,GEN,
2097,GEN,
2098,GEN-EWS,178
2099,GEN,
2100,GEN,
2101,OBC-NCL,300
2102,GEN,
2103,OBC-NCL,301
2104,GEN,
2105,OBC-NCL,302
2106,GEN-EWS,179
2107,GEN,
2108,GEN,
2109,GEN,
2110,GEN,
2111,GEN,
2112,OBC-NCL,303
2113,GEN,
2114,GEN,
2115,GEN,
2116,GEN,
2117,GEN,
2118,GEN,
2119,GEN,
2120,GEN,
2121,OBC-NCL,304
2122,GEN,
2123,GEN,
2124,GEN-EWS,180
2125,GEN,
2126,GEN,
2127,OBC-NCL,305
2128,GEN,
2129,GEN,
2130,GEN,
2131,GEN,
2132,GEN,
2133,GEN,
2134,OBC-NCL,26
2135,GEN,
2136,OBC-NCL,306
2137,OBC-NCL,307
2138,GEN,
2139,GEN,
2140,GEN-EWS,181
2141,GEN,
2142,GEN,
2143,GEN,
2144,GEN,
2145,GEN,
2146,GEN,
2147,GEN,
2148,OBC-NCL,308
2149,GEN,
2150,GEN,
2151,GEN,
2152,OBC-NCL,309
2153,GEN,
2154,GEN,
2155,GEN-EWS,182
2156,GEN,
2157,OBC-NCL,310
2158,GEN,
2159,GEN-EWS,183
2160,GEN,
2161,OBC-NCL,311
2162,GEN,
2163,ST,7
2164,GEN-EWS,184
2165,OBC-NCL,312
2166,GEN,
2167,OBC-NCL,313
2168,GEN,
2169,GEN,
2170,GEN,
2171,GEN,
2172,GEN,
2173,OBC-NCL,314
2174,GEN,
2175,GEN,
2176,GEN,
2177,GEN,
2178,GEN,
2179,OBC-NCL,315
2180,OBC-NCL,316
2181,OBC-NCL,317
2182,GEN-EWS,185
2183,GEN,
2184,GEN,
2185,GEN,
2186,GEN,
2187,GEN,
2188,GEN,
2189,GEN,
2190,GEN,
2191,GEN,
2192,GEN-EWS,186
2193,GEN,
2194,GEN,
2195,GEN,
2196,GEN,
2197,OBC-NCL,318
2198,GEN,
2199,GEN,
2200,OBC-NCL,319
2201,GEN,
2202,GEN,
2203,GEN,
2204,GEN,
2205,GEN,
2206,GEN,
2207,GEN,
2208,OBC-NCL,320
2209,OBC-NCL,321
2210,GEN-EWS,187
2211,GEN,
2212,GEN,
2213,OBC-NCL,322
2214,OBC-NCL,323
2215,GEN,
2216,GEN,
2217,GEN,
2218,GEN,
2219,GEN,
2220,GEN,
2221,GEN-EWS,188
2222,GEN,
2223,GEN,
2224,GEN,
2225,GEN,
2226,OBC-NCL,324
2227,GEN,
2228,GEN,
2229,GEN,
2230,GEN,
2231,GEN,
2232,GEN,
2233,GEN,
2234,GEN,
2235,GEN-EWS,189
2236,GEN,
2237,GEN,
2238,GEN,
2239,GEN,
2240,GEN,
2241,OBC-NCL,325
2242,GEN-EWS,190
2243,GEN,
2244,GEN,
2245,GEN,
2246,GEN,
2247,GEN,
2248,GEN,
2249,GEN,
2250,GEN,
2251,GEN,
2252,GEN,
2253,OBC-NCL,326
2254,GEN,
2255,OBC-NCL,327
2256,OBC-NCL,328
2257,GEN,
2258,GEN,
2259,GEN,
2260,GEN,
2261,GEN,
2262,GEN,
2263,GEN,
2264,GEN,
2265,GEN,
2266,GEN,
2267,OBC-NCL,329
2268,GEN,
2269,OBC-NCL,330
2270,GEN,
2271,GEN,
2272,GEN,
2273,GEN,
2274,GEN,
2275,GEN,
2276,GEN,
2277,GEN,
2278,GEN,
2279,GEN,
2280,GEN,
2281,GEN,
2282,GEN,
2283,GEN,
2284,OBC-NCL,331
2285,GEN-EWS,191
2286,OBC-NCL,332
2287,GEN,
2288,GEN,
2289,GEN,
2289,GEN,
2291,GEN-EWS,192
2292,OBC-NCL,333
2293,GEN,
2294,GEN,
2295,GEN,
2296,GEN,
2297,OBC-NCL,334
2298,OBC-NCL,335
2299,GEN,
2300,GEN,
2301,SC,27
2302,GEN,
2303,GEN,
2304,GEN,
2305,GEN,
2306,GEN,
2307,OBC-NCL,336
2308,GEN,
2309,GEN,
2310,GEN,
2311,GEN,
2312,GEN,
2313,GEN-EWS,193
2314,GEN,
2315,GEN,
2316,GEN-EWS,194
2317,GEN,
2318,GEN,
2319,GEN,
2320,OBC-NCL,337
2321,GEN,
2322,GEN-EWS,195
2323,OBC-NCL,338
2324,GEN,
2325,OBC-NCL,339
2326,OBC-NCL,340
2327,GEN,
2328,GEN,
2329,OBC-NCL,341
2330,GEN,
2331,GEN,
2332,GEN,
2333,GEN,
2334,GEN-EWS,196
2335,GEN-EWS,197
2336,GEN,
2337,GEN,
2338,GEN,
2339,GEN,
2340,GEN,
2341,GEN,
2342,GEN,
2343,GEN,
2344,GEN,
2345,GEN-EWS,198
2346,GEN-EWS,199
2347,GEN,
2348,GEN,
2349,GEN,
2350,GEN,
2351,GEN-EWS,200
2352,GEN,
2353,GEN,
2354,GEN-EWS,201
2355,GEN,
2356,GEN,
2357,GEN,
2358,GEN,
2359,GEN,
2360,SC,28
2361,OBC-NCL,342
2362,GEN,
2363,GEN,
2364,GEN,
2365,SC,29
2366,OBC-NCL,343
2367,GEN-EWS,202
2368,GEN,
2369,GEN,
2370,GEN,
2371,GEN,
2372,OBC-NCL,344
2373,OBC-NCL,345
2374,GEN,
2375,GEN,
2376,OBC-NCL,346
2377,GEN,
2378,GEN,
2379,GEN,
2380,GEN,
2381,GEN,
2382,GEN,
2383,GEN,
2384,GEN-EWS,203
2385,OBC-NCL,347
2386,GEN,
2387,GEN,
2388,GEN,
2389,GEN-EWS,204
2390,GEN,
2391,GEN,
2392,GEN,
2393,GEN,
2394,GEN-EWS,205
2395,GEN-EWS,206
2396,GEN,
2397,GEN,
2398,GEN,
2399,GEN,
2400,GEN,
2401,GEN,
2402,OBC-NCL,348
2403,GEN-EWS,207
2404,GEN-EWS,208
2405,GEN,
2406,GEN-EWS,209
2407,GEN,
2408,GEN,
2409,GEN,
2410,GEN,
2411,GEN,
2412,GEN,
2413,GEN,
2414,ST,8
2415,GEN,
2416,GEN,
2417,GEN,
2418,GEN,
2419,GEN,
2420,GEN,
2421,GEN,
2422,GEN,
2423,GEN,
2424,GEN-EWS,210
2425,GEN,
2426,GEN,
2427,GEN,
2428,GEN,
2429,GEN,
2430,GEN,
2431,OBC-NCL,349
2432,GEN-EWS,211
2433,OBC-NCL,350
2434,OBC-NCL,351
2435,GEN,
2436,GEN,
2437,GEN,
2438,GEN,
2439,OBC-NCL,352
2440,GEN,
2441,GEN,
2442,GEN,
2443,GEN,
2444,GEN,
2445,GEN,
2446,GEN,
2447,GEN,
2448,GEN,
2449,GEN-EWS,212
2450,GEN,
2451,GEN,
2452,OBC-NCL,353
2453,GEN,
2454,GEN,
2455,OBC-NCL,354
2456,OBC-NCL,355
2457,GEN,
2458,GEN,
2459,GEN,
2460,OBC-NCL,356
2461,GEN,
2462,OBC-NCL,357
2463,GEN,
2464,GEN,
2465,GEN,
2466,GEN,
2467,GEN,
2468,GEN,
2469,GEN,
2470,GEN,
2471,GEN-EWS,213
2472,GEN,
2473,GEN,
2474,GEN-EWS,214
2475,OBC-NCL,358
2476,GEN,
2477,GEN,
2478,GEN,
2479,GEN,
2480,SC,30
2481,GEN,
2482,GEN,
2483,GEN,
2484,GEN-EWS,215
2485,GEN,
2486,OBC-NCL,359
2487,OBC-NCL,360
2488,GEN,
2489,GEN,
2490,GEN,
2491,GEN,
2492,GEN,
2493,OBC-NCL,361
2494,GEN,
2495,GEN,
2496,OBC-NCL,362
2497,GEN,
2498,GEN,
2499,GEN,
2500,GEN,
2501,GEN,
2502,GEN,
2503,GEN,
2504,GEN,
2505,GEN,
2506,GEN,
2507,GEN,
2508,OBC-NCL,363
2509,GEN,
2510,GEN,
2511,GEN,
2512,GEN,
2513,GEN,
2514,GEN,
2515,GEN-EWS,216
2516,GEN,
2517,GEN,
2518,GEN-EWS,217
2519,GEN,
2520,GEN-EWS,218
2521,GEN,
2522,OBC-NCL,364
2523,OBC-NCL,365
2524,GEN,
2525,GEN,
2526,OBC-NCL,366
2527,GEN,
2528,GEN,
2529,GEN,
2530,OBC-NCL,367
2531,GEN,
2532,GEN,
2533,GEN,
2534,GEN,
2535,GEN,
2536,GEN,
2537,OBC-NCL,368
2538,GEN,
2539,GEN,
2540,GEN,
2541,GEN,
2542,GEN,
2543,GEN,
2544,GEN,
2545,GEN,
2546,OBC-NCL,369
2547,OBC-NCL,370
2548,GEN,
2549,GEN,
2550,GEN,
2551,GEN,
2552,OBC-NCL,371
2553,GEN,
2554,GEN,
2555,GEN,
2556,OBC-NCL,372
2557,OBC-NCL,373
2558,OBC-NCL,374
2559,GEN,
2560,GEN,
2561,GEN,
2562,GEN,
2563,SC,31
2564,OBC-NCL,375
2565,GEN,
2566,GEN-EWS,219
2567,GEN-EWS,220
2568,OBC-NCL,376
2569,GEN,
2570,GEN,
2571,GEN,
2572,GEN,
2573,GEN,
2574,GEN,
2575,GEN,
2576,GEN,
2577,GEN,
2578,GEN,
2579,GEN,
2580,GEN,
2581,GEN,
2582,OBC-NCL,377
2583,GEN,
2584,OBC-NCL,378
2585,OBC-NCL,379
2586,SC,32
2587,GEN-EWS,221
2588,OBC-NCL,380
2589,GEN,
2590,GEN,
2591,GEN,
2592,OBC-NCL,381
2593,GEN,
2594,GEN,
2595,ST,9
2596,GEN,
2597,OBC-NCL,382
2598,GEN,
2599,GEN,
2600,GEN-EWS,222
2601,OBC-NCL,383
2602,OBC-NCL,384
2603,GEN,
2604,GEN,
2605,SC,33
2606,GEN-EWS,385
2607,GEN-EWS,223
2608,GEN,
2609,OBC-NCL,386
2610,GEN,
2611,GEN-EWS,224
2612,OBC-NCL,387
2613,GEN,
2614,GEN,
2615,GEN,
2616,GEN,
2617,GEN-EWS,225
2618,GEN,
2619,GEN,
2620,GEN,
2621,OBC-NCL,388
2622,GEN,
2623,GEN,
2624,GEN,
2625,OBC-NCL,389
2626,OBC-NCL,390
2627,GEN,
2628,GEN,
2629,GEN,
2630,GEN,
2631,OBC-NCL,391
2632,GEN-EWS,226
2633,GEN,
2634,GEN,
2635,OBC-NCL,392
2636,GEN,
2637,GEN,
2638,GEN,
2639,OBC-NCL,393
2640,GEN,
2641,GEN,
2642,OBC-NCL,394
2643,GEN,
2644,GEN-EWS,227
2645,GEN,
2646,GEN,
2647,OBC-NCL,395
2648,GEN,
2649,OBC-NCL,396
2650,GEN,
2651,ST,10
2652,GEN,
2653,GEN,
2654,GEN,
2655,GEN,
2656,GEN-EWS,228
2657,GEN,
2658,GEN,
2659,GEN,
2660,GEN,
2661,OBC-NCL,397
2662,GEN,
2663,GEN-EWS,229
2664,OBC-NCL,398
2665,OBC-NCL,399
2666,OBC-NCL,400
2667,GEN,
2668,OBC-NCL,401
2669,GEN,
2670,GEN,
2671,OBC-NCL,402
2672,OBC-NCL,403
2673,OBC-NCL,404
2674,GEN,
2675,GEN-EWS,230
2676,GEN-EWS,231
2677,GEN,
2678,GEN,
2679,GEN,
2680,GEN,
2681,GEN-EWS,232
2682,GEN,
2683,GEN,
2684,GEN-EWS,233
2685,GEN,
2686,OBC-NCL,405
2687,GEN,
2688,GEN,
2689,GEN,
2690,GEN,
2691,GEN,
2692,GEN,
2693,GEN-EWS,234
2694,GEN,
2695,GEN,
2696,GEN,
2697,GEN,
2698,GEN,
2699,GEN,
2700,GEN,
2701,GEN,
2702,GEN,
2703,GEN,
2704,OBC-NCL,406
2705,GEN-EWS,235
2706,GEN,
2707,GEN,
2708,GEN,
2709,GEN,
2710,GEN,
2711,OBC-NCL,407
2712,GEN,
2713,GEN,
2714,OBC-NCL,408
2715,GEN-EWS,409
2716,OBC-NCL,410
2717,GEN,
2718,GEN,
2719,GEN,
2720,GEN,
2721,GEN-EWS,236
2722,GEN,
2723,OBC-NCL,411
2724,OBC-NCL,412
2725,OBC-NCL,413
2726,GEN,
2727,GEN-EWS,237
2728,OBC-NCL,414
2729,GEN,
2730,GEN,
2731,GEN,
2732,GEN,
2733,GEN,
2734,GEN,
2735,GEN,
2736,GEN,
2737,SC,34
2738,OBC-NCL,415
2739,GEN,
2740,GEN,
2741,OBC-NCL,416
2742,GEN,
2743,GEN,
2744,GEN,
2745,OBC-NCL,417
2746,GEN,
2747,GEN,
2748,OBC-NCL,418
2749,OBC-NCL,419
2750,OBC-NCL,420
2751,OBC-NCL,421
2752,GEN,
2753,OBC-NCL,422
2754,GEN,
2755,GEN,
2756,GEN,
2757,GEN,
2758,GEN,
2759,OBC-NCL,423
2760,GEN-EWS,238
2761,OBC-NCL,424
2762,GEN,
2763,GEN,
2764,GEN,
2765,GEN,
2766,GEN,
2767,GEN,
2768,GEN,
2769,OBC-NCL,425
2770,OBC-NCL,426
2771,GEN,
2772,OBC-NCL,427
2773,GEN,
2774,OBC-NCL,428
2775,GEN,
2776,GEN-EWS,239
2777,GEN,
2778,GEN,
2779,GEN,
2780,GEN,
2781,GEN-EWS,240
2782,OBC-NCL,429
2783,OBC-NCL,430
2784,SC,35
2785,GEN,
2786,GEN,
2787,GEN,
2788,GEN,
2789,GEN,
2790,GEN,
2791,GEN,
2792,GEN-EWS,241
2793,GEN,
2794,OBC-NCL,431
2795,GEN,
2796,GEN-EWS,242
2797,GEN,
2798,GEN,
2799,GEN,
2800,OBC-NCL,432
2801,SC,36
2802,GEN,
2803,GEN,
2804,GEN,
2805,GEN,
2806,OBC-NCL,433
2807,GEN,
2808,GEN,
2809,GEN-EWS,243
2810,GEN,
2811,OBC-NCL,434
2812,GEN,
2813,GEN,
2814,GEN,
2815,GEN,
2816,GEN-EWS,244
2817,OBC-NCL,435
2818,GEN,
2819,GEN,
2820,GEN,
2821,GEN,
2822,OBC-NCL,436
2823,OBC-NCL,437
2824,OBC-NCL,438
2825,GEN,
2826,GEN,
2827,GEN,
2828,GEN,
2829,GEN,
2830,GEN,
2831,GEN,
2832,GEN,
2833,GEN,
2834,GEN,
2835,GEN,
2836,OBC-NCL,439
2837,GEN,
2838,GEN,
2839,GEN,
2840,GEN,
2841,OBC-NCL,440
2842,GEN,
2843,GEN,
2844,GEN-EWS,245
2845,OBC-NCL,441
2846,OBC-NCL,442
2847,GEN,
2848,GEN,
2849,GEN,
2850,GEN,
2851,GEN,
2852,GEN,
2853,GEN,
2854,GEN,
2855,OBC-NCL,443
2856,GEN-EWS,246
2857,GEN,
2858,GEN,
2859,GEN,
2860,GEN,
2861,GEN,
2862,GEN,
2863,GEN,
2864,GEN,
2865,GEN-EWS,247
2866,GEN-EWS,248
2867,OBC-NCL,444
2868,GEN,
2869,GEN-EWS,249
2870,GEN,
2871,GEN,
2872,GEN,
2873,OBC-NCL,445
2874,GEN,
2875,OBC-NCL,446
2876,OBC-NCL,447
2877,GEN-EWS,250
2878,GEN,
2879,GEN-EWS,251
2880,OBC-NCL,448
2881,GEN,
2882,GEN,
2883,GEN,
2884,OBC-NCL,449
2885,GEN-EWS,252
2886,GEN,
2887,ST,11
2888,GEN-EWS,253
2889,OBC-NCL,450
2890,GEN-EWS,254
2891,GEN,
2892,OBC-NCL,451
2893,OBC-NCL,452
2894,GEN,
2895,GEN,
2896,GEN,
2897,GEN,
2898,GEN,
2899,GEN-EWS,255
2900,GEN-EWS,256
2901,GEN-EWS,257
2902,ST,12
2903,SC,37
2904,GEN,
2905,GEN,
2906,GEN,
2907,GEN,
2908,GEN,
2909,GEN,
2910,GEN,
2911,GEN,
2912,GEN,
2913,GEN,
2914,GEN,
2915,GEN,
2916,GEN,
2917,GEN-EWS,258
2918,GEN,
2919,GEN,
2920,GEN,
2921,GEN,
2922,GEN,
2923,GEN,
2924,GEN,
2925,GEN,
2926,GEN,
2927,GEN,
2928,GEN,
2929,GEN-EWS,259
2930,GEN,
2931,GEN,
2932,OBC-NCL,453
2933,GEN,
2934,GEN,
2935,GEN,
2936,GEN-EWS,260
2937,SC,38
2938,GEN,
2939,GEN,
2940,GEN,
2941,GEN,
2942,GEN,
2943,GEN,
2944,GEN,
2945,GEN,
2946,GEN,
2947,GEN,
2948,GEN,
2949,GEN-EWS,261
2950,GEN,
2951,OBC-NCL,454
2952,GEN,
2953,SC,39
2954,GEN,
2955,OBC-NCL,455
2956,SC,40
2957,OBC-NCL,456
2958,SC,41
2959,GEN,
2960,GEN,
2961,GEN,
2962,GEN,
2963,OBC-NCL,457
2964,GEN-EWS,262
2965,ST,13
2966,GEN,
2967,OBC-NCL,458
2968,GEN,
2969,GEN,
2970,GEN,
2971,GEN,
2972,OBC-NCL,459
2973,GEN,
2974,GEN,
2975,OBC-NCL,460
2976,OBC-NCL,461
2977,GEN,
2978,OBC-NCL,462
2979,GEN,
2980,GEN-EWS,263
2981,GEN,
2982,GEN,
2983,GEN,
2984,GEN,
2985,GEN,
2986,ST,14
2987,GEN,
2988,GEN-EWS,264
2989,GEN,
2990,OBC-NCL,463
2991,GEN,
2992,GEN,
2992,GEN,
2994,GEN,
2995,OBC-NCL,464
2996,GEN,
2997,GEN,
2998,GEN,
2999,OBC-NCL,465
3000,GEN,
3001,GEN,
3002,GEN,
3003,GEN,
3004,GEN,
3005,GEN,
3006,GEN,
3007,GEN,
3008,GEN,
3009,OBC-NCL,466
3010,OBC-NCL,467
3011,GEN,
3012,GEN,
3013,GEN,
3014,GEN-EWS,265
3015,GEN-EWS,266
3016,GEN,
3017,GEN,
3018,OBC-NCL,468
3019,GEN,
3020,GEN,
3021,GEN,
3022,GEN,
3023,GEN,
3024,GEN,
3025,GEN,
3026,GEN,
3027,GEN,
3028,GEN,
3029,GEN,
3030,GEN,
3031,GEN,
3032,GEN,
3033,GEN,
3034,GEN,
3035,GEN,
3036,GEN-EWS,267
3037,GEN,
3038,GEN,
3039,OBC-NCL,469
3040,GEN,
3041,OBC-NCL,470
3042,GEN,
3043,GEN,
3044,GEN,
3045,GEN,
3046,GEN-EWS,268
3047,GEN,
3048,OBC-NCL,471
3049,GEN-EWS,269
3050,OBC-NCL,472
3051,GEN,
3052,OBC-NCL,473
3053,SC,42
3054,OBC-NCL,474
3055,GEN,
3056,GEN,
3057,GEN-EWS,270
3058,GEN,
3059,GEN,
3060,GEN,
3061,GEN,
3062,GEN,
3063,GEN-EWS,271
3064,GEN-EWS,272
3065,GEN,
3066,GEN-EWS,273
3067,GEN,
3068,OBC-NCL,475
3069,GEN-EWS,274
3070,OBC-NCL,476
3071,GEN-EWS,275
3072,GEN,
3073,GEN,
3074,GEN,
3075,GEN,
3076,GEN,
3077,OBC-NCL,477
3078,GEN,
3079,GEN,
3080,GEN,
3081,GEN,
3082,ST,15
3083,GEN-EWS,276
3084,GEN,
3085,OBC-NCL,478
3086,GEN-EWS,277
3087,GEN,
3088,GEN,
3089,GEN,
3090,OBC-NCL,479
3091,GEN,
3092,SC,43
3093,GEN,
3094,GEN,
3095,GEN,
3096,OBC-NCL,480
3097,OBC-NCL,481
3098,GEN,
3099,GEN,
3100,GEN-EWS,278
3101,GEN-EWS,279
3102,GEN,
3103,GEN,
3104,GEN,
3105,OBC-NCL,482
3106,GEN,
3107,GEN,
3108,GEN,
3109,GEN-EWS,280
3110,GEN,
3111,OBC-NCL,483
3112,GEN,
3113,GEN,
3114,GEN,
3115,GEN,
3116,GEN,
3117,GEN,
3118,GEN,
3119,GEN-EWS,281
3120,GEN,
3121,GEN,
3122,GEN,
3123,OBC-NCL,484
3124,GEN,
3125,SC,44
3126,OBC-NCL,485
3127,GEN,
3128,GEN,
3129,GEN-EWS,486
3130,GEN,
3131,GEN-EWS,282
3132,GEN-EWS,487
3133,GEN,
3134,GEN,
3135,OBC-NCL,488
3136,GEN,
3137,GEN,
3138,GEN,
3139,GEN,
3140,OBC-NCL,489
3141,GEN,
3142,GEN,
3143,GEN,
3144,OBC-NCL,490
3145,OBC-NCL,491
3146,GEN,
3147,GEN,
3148,GEN,
3149,GEN,
3150,GEN,
3151,GEN-EWS,283
3152,GEN,
3153,GEN,
3154,GEN,
3155,OBC-NCL,492
3156,GEN-EWS,284
3157,GEN,
3158,OBC-NCL,493
3159,GEN,
3160,GEN,
3161,GEN,
3162,OBC-NCL,494
3163,GEN,
3164,OBC-NCL,495
3165,GEN,
3166,OBC-NCL,496
3167,GEN,
3168,GEN,
3169,GEN,
3170,GEN,
3171,GEN,
3172,GEN,
3173,GEN,
3174,GEN,
3175,GEN,
3176,OBC-NCL,497
3177,GEN,
3178,GEN,
3179,GEN,
3180,GEN,
3181,GEN,
3182,OBC-NCL,498
3183,GEN,
3184,GEN,
3185,GEN,
3186,GEN,
3187,GEN,
3188,GEN-EWS,285
3189,GEN,
3190,GEN,
3191,OBC-NCL,499
3192,GEN,
3193,GEN,
3194,GEN,
3195,GEN,
3196,GEN,
3197,GEN,
3198,GEN-EWS,286
3199,GEN,
3200,GEN,
3201,GEN,
3202,GEN,
3203,GEN,
3204,GEN,
3205,GEN,
3206,GEN,
3207,GEN,
3208,GEN,
3209,GEN,
3210,GEN-EWS,287
3211,GEN,
3212,GEN-EWS,288
3213,GEN,
3214,GEN,
3215,GEN,
3216,GEN,
3217,OBC-NCL,500
3218,GEN,
3219,GEN-EWS,289
3220,GEN,
3221,GEN,
3222,GEN,
3223,GEN-EWS,290
3224,OBC-NCL,501
3225,GEN,
3226,GEN,
3227,GEN,
3228,GEN,
3229,OBC-NCL,502
3230,OBC-NCL,503
3231,GEN,
3232,GEN,
3233,GEN,
3234,GEN-EWS,291
3235,GEN-EWS,292
3236,GEN,
3237,GEN,
3238,GEN,
3239,GEN,
3240,GEN,
3241,GEN,
3242,GEN,
3243,GEN-EWS,293
3244,GEN,
3245,OBC-NCL,504
3246,GEN,
3247,GEN,
3248,GEN,
3249,GEN,
3250,GEN,
3251,GEN,
3252,GEN-EWS,294
3253,OBC-NCL,505
3254,ST,4
3255,SC,45
3256,GEN-EWS,295
3257,GEN,
3258,GEN,
3259,GEN,
3260,GEN,
3261,GEN,
3262,GEN-EWS,296
3263,OBC-NCL,506
3264,GEN,
3265,OBC-NCL,507
3266,GEN,
3267,GEN,
3268,GEN,
3269,GEN,
3270,GEN,
3271,GEN,
3272,GEN-EWS,297
3273,OBC-NCL,508
3274,GEN-EWS,298
3275,GEN,
3276,GEN,
3277,GEN,
3278,GEN,
3279,GEN,
3280,GEN,
3281,OBC-NCL,509
3282,GEN,
3283,GEN,
3284,GEN,
3285,GEN,
3286,GEN,
3287,GEN,
3288,OBC-NCL,510
3289,GEN-EWS,299
3290,GEN,
3291,GEN,
3292,GEN,
3293,GEN,
3294,GEN,
3295,GEN,
3296,GEN,
3297,OBC-NCL,511
3298,GEN,
3299,GEN,
3300,GEN,
3301,GEN,
3302,GEN,
3303,GEN,
3304,GEN,
3305,GEN,
3306,GEN,
3307,GEN-EWS,300
3308,GEN,
3309,GEN,
3310,GEN,
3311,GEN,
3312,GEN,
3313,GEN,
3314,OBC-NCL,512
3315,GEN,
3316,GEN,
3317,GEN,
3318,OBC-NCL,513
3319,GEN,
3320,GEN,
3321,GEN,
3322,SC,46
3323,GEN,
3324,OBC-NCL,514
3325,OBC-NCL,515
3326,GEN,
3327,OBC-NCL,516
3328,GEN,
3329,GEN,
3330,GEN,
3331,GEN,
3332,OBC-NCL,47
3333,GEN-EWS,301
3334,GEN,
3335,GEN,
3335,GEN-EWS,302
3337,OBC-NCL,517
3338,OBC-NCL,518
3339,GEN,
3340,OBC-NCL,519
3341,GEN,
3342,GEN,
3343,GEN,
3344,GEN,
3345,OBC-NCL,520
3346,GEN,
3347,GEN-EWS,303
3348,GEN,
3349,GEN,
3350,GEN,
3351,GEN,
3352,GEN,
3353,GEN,
3354,GEN,
3355,GEN,
3356,OBC-NCL,521
3357,GEN,
3358,GEN,
3359,GEN,
3360,GEN,
3361,GEN,
3362,GEN,
3363,GEN,
3364,GEN,
3365,GEN,
3366,GEN,
3367,GEN,
3368,GEN,
3369,GEN,
3370,GEN,
3371,OBC-NCL,522
3372,GEN,
3373,GEN,
3374,GEN,
3375,GEN-EWS,304
3376,OBC-NCL,523
3377,GEN,
3378,GEN,
3379,OBC-NCL,524
3380,GEN,
3381,GEN,
3382,GEN,
3383,OBC-NCL,525
3384,GEN-EWS,305
3385,GEN,
3386,GEN,
3387,GEN,
3388,GEN,
3389,GEN-EWS,306
3390,GEN-EWS,307
3391,GEN,
3392,GEN,
3393,OBC-NCL,526
3394,GEN-EWS,308
3395,GEN,
3396,GEN,
3397,OBC-NCL,527
3398,GEN,
3399,GEN,
3400,OBC-NCL,528
3401,GEN,
3402,GEN,
3403,OBC-NCL,529
3404,GEN,
3405,GEN,
3406,GEN,
3407,GEN,
3408,GEN,
3409,OBC-NCL,530
3410,GEN,
3411,GEN,
3412,GEN,
3413,GEN,
3414,OBC-NCL,531
3415,OBC-NCL,532
3416,GEN,
3417,GEN,
3418,GEN,
3419,GEN-EWS,533
3420,GEN,
3421,GEN,
3422,GEN,
3423,GEN,
3424,GEN,
3425,GEN,
3426,GEN,
3427,GEN-EWS,309
3428,GEN,
3429,GEN,
3430,GEN,
3431,GEN,
3432,GEN,
3433,GEN-EWS,310
3434,GEN-EWS,311
3435,GEN-EWS,312
3436,GEN,
3437,GEN,
3438,GEN,
3439,GEN,
3440,GEN,
3441,GEN,
3442,GEN-EWS,313
3443,GEN,
3444,GEN,
3445,GEN,
3446,OBC-NCL,534
3447,GEN,
3448,OBC-NCL,535
3449,GEN,
3450,GEN,
3451,GEN,
3452,GEN,
3453,GEN,
3454,OBC-NCL,536
3455,GEN,
3456,GEN,
3457,GEN,
3458,GEN,
3459,GEN-EWS,314
3460,GEN,
3461,GEN,
3462,GEN-EWS,315
3463,ST,16
3464,GEN,
3465,GEN,
3466,GEN,
3467,GEN,
3468,GEN,
3469,GEN-EWS,316
3470,GEN,
3471,OBC-NCL,537
3472,GEN-EWS,317
3473,OBC-NCL,538
3474,GEN,
3475,GEN,
3476,GEN,
3477,GEN,
3478,GEN,
3479,GEN,
3480,GEN,
3481,GEN,
3482,GEN,
3483,GEN,
3484,GEN,
3485,OBC-NCL,539
3486,GEN,
3487,OBC-NCL,540
3488,GEN-EWS,318
3489,GEN-EWS,319
3490,OBC-NCL,541
3491,GEN,
3492,GEN,
3493,GEN,
3494,GEN,
3495,OBC-NCL,542
3496,OBC-NCL,543
3497,GEN,
3498,GEN-EWS,320
3499,GEN,
3500,GEN,
3501,GEN,
3502,GEN,
3503,OBC-NCL,544
3504,OBC-NCL,545
3505,GEN,
3506,GEN,
3507,GEN-EWS,321
3508,OBC-NCL,546
3509,GEN,
3510,SC,48
3511,GEN,
3512,OBC-NCL,547
3513,GEN,
3514,GEN,
3515,GEN,
3516,GEN,
3517,GEN,
3518,OBC-NCL,548
3519,OBC-NCL,549
3520,GEN,
3521,GEN,
3522,GEN,
3523,GEN-EWS,322
3524,GEN,
3525,GEN,
3526,GEN,
3527,OBC-NCL,550
3528,GEN,
3529,GEN,
3530,GEN-EWS,323
3531,GEN,
3532,GEN,
3533,GEN,
3534,GEN-EWS,324
3535,GEN,
3536,GEN,
3537,GEN-EWS,325
3538,SC,49
3539,GEN,
3540,GEN,
3541,GEN-EWS,326
3542,GEN,
3543,GEN,
3544,GEN,
3545,GEN-EWS,327
3546,GEN,
3547,SC,50
3548,OBC-NCL,551
3549,GEN,
3550,GEN-EWS,328
3551,GEN-EWS,329
3552,GEN,
3553,GEN,
3554,GEN,
3555,OBC-NCL,552
3556,OBC-NCL,553
3557,GEN,
3558,GEN-EWS,330
3559,GEN-EWS,331
3560,GEN,
3561,OBC-NCL,554
3562,SC,51
3563,OBC-NCL,555
3564,GEN,
3565,OBC-NCL,556
3566,GEN,
3567,OBC-NCL,557
3568,GEN,
3569,GEN-EWS,332
3570,GEN,
3571,GEN-EWS,333
3572,GEN-EWS,334
3573,OBC-NCL,52
3574,GEN,
3575,OBC-NCL,558
3576,OBC-NCL,559
3577,GEN,
3578,GEN,
3579,GEN,
3580,OBC-NCL,560
3581,GEN,
3582,GEN,
3583,OBC-NCL,561
3584,GEN,
3585,GEN,
3586,GEN,
3587,GEN-EWS,335
3588,GEN,
3589,GEN,
3590,GEN,
3591,GEN,
3592,GEN,
3593,GEN,
3594,GEN,
3595,OBC-NCL,562
3596,GEN-EWS,336
3597,GEN,
3598,GEN,
3599,OBC-NCL,563
3600,GEN,
3601,GEN,
3602,OBC-NCL,564
3603,GEN-EWS,337
3604,OBC-NCL,565
3605,OBC-NCL,566
3606,OBC-NCL,567
3607,GEN,
3608,GEN,
3609,GEN,
3610,GEN,
3611,GEN,
3612,GEN,
3613,SC,53
3614,GEN,
3615,GEN,
3616,GEN,
3617,GEN,
3618,GEN,
3619,SC,54
3620,GEN,
3621,GEN,
3622,GEN,
3623,GEN,
3624,GEN-EWS,568
3625,GEN,
3626,GEN,
3627,GEN,
3628,GEN,
3629,GEN,
3630,GEN-EWS,338
3631,GEN,
3632,GEN,
3633,GEN,
3634,GEN,
3635,GEN-EWS,339
3636,GEN,
3637,GEN,
3638,GEN,
3639,SC,55
3640,OBC-NCL,569
3641,GEN,
3642,GEN,
3643,GEN,
3644,GEN,
3645,GEN-EWS,340
3646,OBC-NCL,570
3647,OBC-NCL,571
3648,GEN,
3649,GEN,
3650,GEN,
3651,GEN,
3652,GEN,
3653,GEN,
3654,GEN,
3655,GEN,
3656,GEN,
3657,GEN,
3658,GEN-EWS,341
3659,GEN,
3660,OBC-NCL,572
3661,GEN,
3662,GEN,
3663,GEN,
3664,GEN,
3665,OBC-NCL,573
3666,GEN,
3667,OBC-NCL,574
3668,GEN-EWS,575
3669,GEN,
3670,OBC-NCL,576
3671,GEN,
3672,GEN,
3673,GEN,
3674,OBC-NCL,577
3675,GEN,
3676,GEN-EWS,342
3677,GEN,
3678,GEN,
3679,GEN,
3680,OBC-NCL,578
3681,GEN,
3682,GEN-EWS,343
3683,OBC-NCL,579
3684,OBC-NCL,580
3685,OBC-NCL,581
3686,GEN-EWS,344
3687,GEN,
3688,GEN,
3689,OBC-NCL,582
3690,GEN,
3691,GEN,
3692,GEN,
3693,GEN,
3694,GEN-EWS,345
3695,OBC-NCL,583
3696,GEN,
3697,GEN-EWS,346
3698,GEN,
3699,GEN,
3700,GEN,
3701,OBC-NCL,584
3702,GEN,
3703,OBC-NCL,585
3704,GEN,
3705,GEN,
3706,GEN,
3707,GEN,
3708,GEN,
3709,GEN,
3710,OBC-NCL,586
3711,GEN-EWS,347
3712,GEN,
3713,GEN,
3714,GEN,
3715,GEN-EWS,348
3716,OBC-NCL,587
3717,GEN,
3718,GEN-EWS,349
3719,OBC-NCL,588
3720,GEN,
3721,GEN,
3722,GEN,
3723,GEN,
3724,OBC-NCL,589
3725,GEN,
3726,GEN,
3727,GEN,
3728,OBC-NCL,590
3729,GEN-EWS,350
3730,GEN,
3731,GEN,
3732,GEN-EWS,351
3733,GEN,
3734,GEN,
3735,GEN-EWS,352
3736,GEN,
3737,GEN,
3738,GEN,
3739,OBC-NCL,591
3740,GEN-EWS,353
3741,GEN,
3742,GEN,
3743,GEN-EWS,354
3744,OBC-NCL,592
3745,GEN,
3746,GEN-EWS,355
3747,GEN,
3748,GEN,
3749,GEN,
3750,GEN,
3751,GEN,
3752,GEN-EWS,356
3753,OBC-NCL,593
3754,GEN,
3755,OBC-NCL,594
3756,GEN,
3757,GEN,
3758,GEN,
3759,GEN,
3760,GEN,
3761,GEN,
3762,GEN,
3763,OBC-NCL,595
3764,GEN,
3765,GEN,
3766,GEN,
3767,GEN,
3768,GEN,
3769,GEN,
3770,GEN,
3771,GEN,
3772,OBC-NCL,596
3773,GEN,
3774,GEN,
3775,GEN,
3776,OBC-NCL,597
3777,GEN,
3778,GEN,
3779,OBC-NCL,598
3780,OBC-NCL,599
3781,GEN,
3782,GEN,
3783,GEN,
3784,GEN,
3785,GEN,
3786,GEN,
3787,GEN,
3788,GEN,
3789,GEN,
3790,GEN,
3791,GEN,
3792,GEN,
3793,OBC-NCL,600
3794,GEN,
3795,GEN,
3796,GEN,
3797,OBC-NCL,601
3798,GEN,
3799,OBC-NCL,602
3800,GEN,
3801,OBC-NCL,603
3802,GEN,
3803,GEN-EWS,357
3804,GEN-EWS,358
3805,OBC-NCL,604
3806,GEN-EWS,359
3807,OBC-NCL,605
3808,GEN-EWS,360
3809,GEN,
3810,OBC-NCL,606
3811,OBC-NCL,607
3812,OBC-NCL,56
3813,GEN,
3814,GEN,
3815,GEN-EWS,361
3816,GEN,
3817,GEN,
3818,GEN-EWS,362
3819,GEN,
3819,GEN,
3821,GEN,
3822,GEN,
3823,GEN-EWS,363
3824,GEN,
3825,GEN-EWS,364
3826,GEN,
3827,GEN,
3828,GEN,
3829,GEN,
3830,GEN,
3831,GEN,
3832,GEN,
3833,GEN,
3834,GEN,
3835,GEN,
3836,GEN,
3837,ST,17
3838,GEN,
3839,OBC-NCL,608
3840,OBC-NCL,609
3841,GEN,
3842,GEN-EWS,365
3843,OBC-NCL,610
3844,GEN,
3845,GEN,
3846,GEN,
3847,GEN,
3848,ST,18
3849,GEN,
3850,GEN,
3851,GEN,
3852,GEN,
3853,GEN,
3854,GEN,
3855,OBC-NCL,611
3856,OBC-NCL,612
3857,GEN-EWS,366
3858,GEN,
3859,OBC-NCL,613
3860,GEN,
3861,GEN,
3862,GEN,
3863,GEN,
3864,OBC-NCL,614
3865,GEN,
3866,GEN,
3867,GEN-EWS,367
3868,GEN,
3869,GEN,
3870,GEN,
3871,GEN,
3872,GEN,
3873,GEN,
3874,GEN,
3875,GEN-EWS,368
3876,GEN,
3877,GEN,
3878,GEN,
3879,GEN,
3880,GEN,
3881,GEN-EWS,369
3882,GEN,
3883,GEN-EWS,370
3884,GEN,
3885,OBC-NCL,615
3886,GEN-EWS,371
3887,GEN,
3888,GEN,
3889,GEN,
3890,GEN,
3891,GEN,
3892,GEN,
3893,GEN,
3894,GEN,
3895,GEN,
3896,GEN,
3897,OBC-NCL,616
3898,OBC-NCL,617
3899,GEN-EWS,372
3900,GEN,
3901,GEN,
3902,GEN-EWS,373
3903,OBC-NCL,618
3904,GEN,
3905,GEN,
3906,OBC-NCL,619
3907,GEN,
3908,GEN,
3909,GEN,
3910,GEN-EWS,374
3911,OBC-NCL,620
3912,GEN-EWS,375
3913,GEN,
3914,GEN,
3915,GEN,
3916,GEN,
3917,GEN,
3918,GEN,
3919,GEN-EWS,376
3920,GEN,
3921,GEN,
3922,GEN,
3923,GEN,
3924,SC,57
3925,GEN,
3926,GEN-EWS,377
3927,GEN,
3928,GEN-EWS,378
3929,GEN,
3930,GEN,
3931,OBC-NCL,621
3932,GEN,
3933,GEN,
3934,GEN,
3935,GEN-EWS,379
3936,GEN,
3937,GEN,
3938,GEN,
3939,GEN,
3940,GEN,
3941,GEN,
3942,GEN,
3943,OBC-NCL,622
3944,OBC-NCL,623
3945,SC,58
3946,GEN,
3947,GEN,
3948,OBC-NCL,624
3949,OBC-NCL,625
3950,OBC-NCL,626
3951,GEN-EWS,380
3952,GEN,
3953,GEN,
3954,GEN,
3955,GEN-EWS,381
3956,SC,59
3957,OBC-NCL,627
3958,OBC-NCL,628
3959,OBC-NCL,629
3960,GEN,
3961,GEN,
3962,GEN,
3963,OBC-NCL,630
3964,GEN,
3965,GEN,
3966,GEN,
3967,GEN,
3968,GEN,
3969,GEN,
3970,GEN,
3971,OBC-NCL,631
3972,GEN,
3973,GEN,
3974,GEN-EWS,632
3975,GEN,
3976,OBC-NCL,633
3977,GEN-EWS,382
3978,GEN,
3979,OBC-NCL,634
3980,SC,60
3981,GEN,
3982,GEN,
3983,GEN-EWS,383
3984,GEN,
3985,GEN,
3986,GEN,
3987,GEN,
3988,GEN,
3989,GEN,
3990,GEN,
3991,OBC-NCL,635
3992,GEN-EWS,384
3993,GEN,
3994,OBC-NCL,636
3995,GEN,
3996,GEN-EWS,385
3997,OBC-NCL,637
3998,GEN-EWS,386
3999,GEN,
4000,GEN,
4001,OBC-NCL,638
4002,ST,19
4003,GEN,
4004,GEN,
4005,GEN,
4006,GEN-EWS,387
4007,GEN,
4008,GEN,
4009,GEN-EWS,388
4010,GEN,
4011,OBC-NCL,639
4012,GEN,
4013,GEN-EWS,389
4014,SC,61
4015,GEN,
4016,OBC-NCL,640
4017,GEN,
4018,GEN,
4019,GEN,
4020,GEN,
4021,GEN,
4022,GEN,
4023,GEN,
4024,GEN,
4025,GEN,
4026,GEN,
4027,GEN,
4028,GEN,
4029,OBC-NCL,641
4030,OBC-NCL,642
4031,GEN,
4032,GEN,
4033,GEN-EWS,390
4034,GEN,
4035,GEN,
4036,SC,62
4037,SC,63
4038,OBC-NCL,643
4039,OBC-NCL,644
4040,OBC-NCL,645
4041,GEN,
4042,GEN,
4043,GEN,
4044,GEN,
4045,GEN,
4046,GEN,
4047,GEN,
4048,GEN,
4049,GEN-EWS,391
4050,GEN-EWS,392
4051,GEN,
4052,GEN,
4053,GEN,
4054,GEN,
4055,GEN,
4056,OBC-NCL,646
4057,GEN-EWS,393
4058,GEN,
4059,GEN,
4060,GEN,
4061,GEN,
4062,GEN,
4063,GEN,
4064,GEN,
4065,GEN,
4066,GEN,
4067,OBC-NCL,647
4068,GEN,
4069,OBC-NCL,648
4070,GEN-EWS,394
4071,GEN,
4072,GEN,
4073,GEN,
4074,GEN,
4075,GEN,
4076,GEN,
4077,GEN,
4078,GEN-EWS,649
4079,GEN,
4080,OBC-NCL,650
4081,GEN,
4082,OBC-NCL,651
4083,GEN-EWS,395
4084,GEN-EWS,396
4085,GEN,
4086,GEN-EWS,397
4087,GEN,
4088,GEN-EWS,398
4089,OBC-NCL,652
4090,GEN,
4091,GEN,
4092,GEN,
4093,GEN,
4094,OBC-NCL,653
4095,GEN,
4096,GEN,
4097,OBC-NCL,654
4098,GEN,
4099,GEN,
4100,GEN-EWS,399
4101,GEN,
4102,GEN,
4103,GEN,
4104,OBC-NCL,655
4105,GEN,
4106,GEN-EWS,400
4107,GEN,
4108,GEN,
4109,GEN,
4110,GEN,
4111,GEN,
4112,GEN,
4113,GEN,
4114,GEN,
4115,OBC-NCL,656
4116,OBC-NCL,657
4117,GEN,
4118,GEN,
4119,GEN,
4120,GEN,
4121,GEN,
4122,GEN,
4123,GEN,
4124,GEN,
4125,GEN,
4126,OBC-NCL,658
4127,OBC-NCL,659
4128,GEN,
4129,GEN,
4130,OBC-NCL,660
4131,GEN,
4132,GEN,
4133,GEN,
4134,GEN,
4135,GEN,
4135,GEN-EWS,401
4137,GEN,
4138,GEN,
4139,GEN,
4140,OBC-NCL,661
4141,GEN,
4142,OBC-NCL,662
4143,GEN,
4144,GEN,
4145,GEN,
4146,OBC-NCL,663
4147,GEN,
4148,GEN,
4149,GEN,
4150,OBC-NCL,664
4151,OBC-NCL,665
4152,SC,64
4153,GEN,
4154,OBC-NCL,666
4155,OBC-NCL,667
4156,GEN,
4157,GEN-EWS,402
4158,GEN,
4159,GEN,
4160,GEN,
4161,GEN,
4162,GEN,
4163,GEN,
4164,OBC-NCL,668
4165,GEN,
4166,OBC-NCL,669
4167,OBC-NCL,670
4168,GEN,
4169,GEN,
4170,GEN,
4171,GEN,
4172,GEN,
4173,GEN,
4174,GEN,
4175,GEN,
4176,GEN,
4177,GEN,
4178,GEN-EWS,403
4179,GEN-EWS,404
4180,GEN,
4181,OBC-NCL,671
4182,GEN,
4183,GEN,
4184,GEN,
4185,GEN,
4186,GEN,
4187,GEN,
4188,OBC-NCL,672
4189,GEN,
4190,GEN,
4191,GEN,
4192,GEN,
4193,GEN,
4194,GEN,
4195,GEN-EWS,405
4196,GEN-EWS,406
4197,GEN-EWS,407
4198,GEN,
4199,GEN-EWS,408
4200,GEN,
4201,GEN,
4202,GEN-EWS,409
4203,GEN,
4204,GEN,
4205,GEN,
4206,GEN,
4207,GEN,
4208,GEN-EWS,410
4209,GEN,
4210,GEN,
4211,OBC-NCL,673
4212,GEN,
4213,GEN,
4214,GEN,
4215,SC,65
4216,GEN,
4217,OBC-NCL,674
4218,GEN,
4219,GEN,
4220,OBC-NCL,675
4221,GEN,
4222,GEN,
4223,GEN,
4224,OBC-NCL,676
4225,GEN,
4226,GEN,
4227,GEN-EWS,411
4228,OBC-NCL,677
4229,OBC-NCL,678
4230,GEN,
4231,GEN,
4232,GEN,
4233,OBC-NCL,679
4234,OBC-NCL,680
4235,OBC-NCL,681
4236,GEN,
4237,GEN,
4238,GEN,
4239,GEN,
4240,GEN,
4241,GEN,
4242,GEN,
4243,GEN,
4244,GEN,
4245,GEN,
4246,OBC-NCL,682
4247,GEN,
4248,GEN,
4249,GEN,
4250,OBC-NCL,683
4251,GEN-EWS,412
4252,GEN,
4253,OBC-NCL,684
4254,OBC-NCL,685
4255,OBC-NCL,686
4256,GEN-EWS,413
4257,GEN,
4258,GEN,
4259,GEN-EWS,414
4260,OBC-NCL,687
4261,GEN,
4262,GEN,
4263,OBC-NCL,688
4264,OBC-NCL,689
4265,GEN,
4266,GEN,
4267,GEN,
4268,GEN,
4269,GEN,
4270,GEN,
4271,GEN,
4272,GEN,
4273,GEN,
4274,GEN,
4275,GEN,
4276,GEN,
4277,GEN,
4278,GEN,
4279,GEN,
4280,GEN,
4281,GEN,
4282,OBC-NCL,690
4283,OBC-NCL,691
4284,OBC-NCL,692
4285,GEN,
4286,GEN,
4287,GEN,
4288,OBC-NCL,693
4289,GEN,
4290,GEN,
4291,GEN,
4292,GEN,
4293,GEN-EWS,415
4294,GEN,
4295,GEN,
4296,GEN,
4297,OBC-NCL,694
4298,GEN,
4299,OBC-NCL,695
4300,GEN,
4301,GEN,
4302,GEN,
4303,OBC-NCL,696
4304,OBC-NCL,697
4305,GEN-EWS,416
4306,GEN,
4307,GEN,
4308,OBC-NCL,698
4309,GEN,
4310,GEN,
4311,GEN,
4312,GEN,
4313,GEN-EWS,417
4314,OBC-NCL,699
4315,GEN,
4316,GEN,
4317,GEN,
4318,OBC-NCL,700
4319,GEN,
4320,OBC-NCL,701
4321,GEN,
4322,GEN,
4323,GEN,
4324,GEN,
4325,SC,66
4326,GEN,
4327,GEN,
4328,GEN,
4329,GEN,
4330,GEN,
4331,GEN,
4332,GEN,
4333,OBC-NCL,702
4334,OBC-NCL,703
4335,GEN,
4336,GEN-EWS,418
4337,GEN,
4338,GEN,
4339,GEN-EWS,419
4340,GEN,
4341,GEN,
4342,GEN,
4343,OBC-NCL,704
4344,OBC-NCL,705
4345,SC,67
4346,GEN,
4347,GEN,
4348,OBC-NCL,706
4349,GEN,
4350,GEN-EWS,420
4351,GEN,
4352,GEN,
4353,GEN,
4354,GEN,
4355,OBC-NCL,707
4356,GEN,
4357,SC,68
4358,GEN-EWS,421
4359,GEN,
4360,GEN-EWS,422
4361,GEN,
4362,GEN,
4363,GEN,
4364,GEN,
4365,GEN,
4366,GEN,
4367,GEN,
4368,GEN,
4369,OBC-NCL,708
4370,GEN,
4371,GEN,
4372,OBC-NCL,709
4373,GEN,
4374,GEN,
4375,GEN-EWS,423
4376,GEN,
4377,GEN,
4378,GEN,
4379,GEN,
4380,GEN,
4381,GEN,
4382,GEN,
4383,OBC-NCL,710
4384,GEN,
4385,GEN,
4386,GEN-EWS,424
4387,GEN,
4388,OBC-NCL,711
4389,GEN-EWS,425
4390,GEN,
4391,GEN,
4392,GEN,
4393,GEN,
4394,GEN-EWS,426
4395,GEN,
4396,GEN,
4397,GEN,
4398,GEN,
4399,GEN,
4400,GEN-EWS,427
4401,GEN,
4402,OBC-NCL,712
4403,GEN,
4404,GEN,
4405,GEN,
4406,OBC-NCL,713
4407,GEN-EWS,428
4408,OBC-NCL,714
4409,GEN-EWS,429
4410,GEN,
4411,GEN,
4412,GEN,
4413,GEN,
4414,GEN,
4415,OBC-NCL,715
4416,GEN,
4417,GEN,
4418,GEN,
4419,GEN,
4420,GEN-EWS,430
4421,GEN,
4422,GEN,
4423,GEN,
4424,GEN,
4425,GEN,
4426,GEN,
4427,GEN,
4428,GEN,
4429,GEN,
4430,SC,69
4431,GEN,
4432,GEN,
4433,GEN,
4434,GEN,
4435,GEN,
4436,GEN,
4437,GEN,
4438,GEN,
4439,GEN-EWS,431
4440,GEN,
4441,GEN,
4442,GEN,
4443,GEN,
4444,GEN,
4445,GEN-EWS,432
4446,OBC-NCL,716
4447,GEN-EWS,433
4448,GEN-EWS,434
4449,GEN,
4450,GEN,
4451,GEN,
4452,GEN,
4453,GEN,
4454,GEN-EWS,435
4455,GEN,
4456,OBC-NCL,717
4457,GEN-EWS,436
4458,GEN,
4459,GEN,
4460,OBC-NCL,718
4461,GEN,
4462,GEN,
4463,GEN,
4464,GEN,
4465,GEN,
4466,OBC-NCL,719
4467,GEN,
4468,GEN,
4469,GEN,
4470,GEN,
4471,GEN,
4472,GEN,
4473,GEN,
4474,GEN,
4475,OBC-NCL,720
4476,GEN,
4477,OBC-NCL,721
4478,GEN,
4479,GEN-EWS,437
4480,OBC-NCL,722
4481,OBC-NCL,723
4482,GEN,
4483,GEN-EWS,438
4484,GEN,
4485,GEN-EWS,439
4486,OBC-NCL,724
4487,GEN,
4488,OBC-NCL,725
4489,GEN-EWS,440
4490,OBC-NCL,726
4491,GEN,
4492,GEN-EWS,441
4493,GEN,
4494,GEN,
4495,GEN-EWS,442
4496,OBC-NCL,727
4497,OBC-NCL,70
4498,GEN,
4499,GEN-EWS,443
4500,GEN,
4501,GEN,
4502,OBC-NCL,728
4503,OBC-NCL,729
4504,GEN,
4505,GEN,
4506,GEN,
4507,OBC-NCL,730
4508,GEN-EWS,444
4509,GEN,
4510,OBC-NCL,731
4511,GEN,
4512,OBC-NCL,732
4513,GEN,
4514,GEN,
4515,OBC-NCL,733
4516,GEN,
4517,GEN-EWS,445
4518,GEN,
4519,GEN-EWS,446
4520,GEN-EWS,447
4521,GEN,
4522,OBC-NCL,734
4523,GEN,
4524,GEN,
4525,OBC-NCL,735
4526,GEN,
4527,GEN,
4528,GEN,
4529,GEN-EWS,448
4530,GEN,
4531,GEN,
4532,OBC-NCL,736
4533,OBC-NCL,737
4534,GEN,
4535,GEN,
4536,GEN,
4537,GEN,
4538,GEN,
4539,GEN,
4540,OBC-NCL,738
4541,OBC-NCL,739
4542,GEN,
4543,OBC-NCL,740
4544,GEN,
4545,GEN,
4546,GEN,
4547,GEN,
4548,GEN,
4549,GEN,
4550,OBC-NCL,741
4551,OBC-NCL,742
4552,GEN-EWS,449
4553,GEN,
4554,GEN,
4555,GEN-EWS,743
4556,OBC-NCL,744
4557,GEN,
4558,GEN,
4559,GEN,
4560,GEN,
4561,GEN,
4562,GEN,
4563,GEN,
4564,GEN,
4565,OBC-NCL,745
4566,GEN,
4567,GEN,
4568,OBC-NCL,746
4569,GEN,
4570,GEN,
4571,GEN,
4572,GEN,
4573,GEN-EWS,450
4574,OBC-NCL,747
4575,OBC-NCL,748
4576,OBC-NCL,749
4577,GEN,
4578,GEN,
4579,GEN,
4580,GEN,
4581,GEN,
4582,GEN,
4583,GEN,
4584,GEN,
4585,GEN,
4586,GEN,
4587,GEN,
4588,GEN,
4589,OBC-NCL,750
4590,GEN,
4591,GEN-EWS,451
4592,GEN,
4593,OBC-NCL,751
4594,GEN-EWS,452
4595,GEN,
4596,GEN,
4597,GEN,
4598,GEN,
4599,GEN-EWS,453
4600,OBC-NCL,752
4601,GEN-EWS,454
4602,GEN,
4603,GEN,
4604,GEN-EWS,455
4605,GEN,
4606,GEN,
4607,GEN-EWS,456
4608,GEN,
4609,OBC-NCL,753
4610,GEN,
4611,GEN,
4612,GEN,
4613,OBC-NCL,754
4614,GEN,
4615,GEN,
4616,GEN,
4617,GEN,
4618,GEN,
4619,GEN,
4620,GEN,
4621,OBC-NCL,755
4622,GEN,
4623,GEN-EWS,756
4624,SC,71
4625,OBC-NCL,757
4626,GEN,
4627,OBC-NCL,758
4628,GEN,
4629,GEN,
4630,OBC-NCL,759
4631,SC,72
4632,GEN,
4633,GEN,
4634,GEN,
4635,GEN,
4636,GEN,
4637,GEN,
4638,OBC-NCL,760
4639,OBC-NCL,761
4640,GEN,
4641,GEN-EWS,457
4642,GEN,
4643,OBC-NCL,762
4644,OBC-NCL,763
4645,GEN,
4646,OBC-NCL,764
4647,GEN,
4648,GEN,
4649,GEN,
4650,SC,73
4651,GEN,
4652,ST,20
4653,GEN,
4654,SC,74
4655,GEN,
4656,GEN,
4656,OBC-NCL,765
4658,GEN,
4659,GEN,
4660,GEN,
4661,OBC-NCL,766
4662,GEN,
4663,GEN,
4663,GEN,
4665,GEN,
4666,GEN,
4667,GEN,
4668,OBC-NCL,767
4669,GEN-EWS,458
4670,GEN-EWS,459
4671,GEN,
4672,OBC-NCL,768
4673,GEN,
4674,GEN,
4675,OBC-NCL,769
4676,OBC-NCL,770
4677,GEN,
4678,OBC-NCL,771
4679,GEN,
4680,GEN,
4681,OBC-NCL,772
4682,GEN,
4683,OBC-NCL,773
4684,OBC-NCL,774
4685,GEN,
4686,GEN,
4687,GEN-EWS,460
4688,GEN,
4689,OBC-NCL,775
4690,GEN,
4691,GEN,
4692,OBC-NCL,776
4693,OBC-NCL,777
4694,GEN-EWS,461
4695,GEN,
4696,GEN,
4697,GEN,
4698,GEN,
4699,GEN,
4700,GEN,
4701,GEN,
4702,GEN,
4703,GEN,
4704,GEN,
4705,GEN,
4706,OBC-NCL,778
4707,GEN,
4708,OBC-NCL,779
4709,GEN,
4710,GEN,
4711,OBC-NCL,780
4712,GEN,
4713,GEN,
4714,OBC-NCL,781
4715,GEN,
4716,GEN,
4717,GEN,
4718,GEN,
4719,GEN,
4720,GEN,
4721,GEN,
4722,GEN,
4723,OBC-NCL,782
4724,GEN,
4725,GEN,
4726,OBC-NCL,783
4727,GEN-EWS,462
4728,GEN,
4729,OBC-NCL,784
4730,GEN,
4731,GEN,
4732,GEN,
4733,GEN-EWS,463
4734,GEN,
4735,OBC-NCL,785
4736,GEN,
4737,GEN-EWS,464
4738,GEN,
4739,GEN,
4740,GEN,
4741,GEN,
4742,GEN,
4743,OBC-NCL,786
4744,GEN,
4745,GEN,
4746,GEN,
4747,GEN,
4748,GEN,
4749,GEN,
4750,OBC-NCL,787
4751,GEN,
4752,GEN,
4753,GEN,
4754,GEN,
4755,GEN,
4756,GEN,
4757,GEN,
4758,GEN,
4759,GEN,
4760,GEN,
4761,OBC-NCL,788
4762,OBC-NCL,789
4763,OBC-NCL,790
4764,GEN,
4765,GEN,
4766,GEN,
4767,GEN,
4768,GEN,
4769,GEN,
4770,OBC-NCL,791
4771,GEN,
4772,OBC-NCL,792
4773,OBC-NCL,793
4774,OBC-NCL,794
4775,OBC-NCL,795
4776,OBC-NCL,796
4777,GEN,
4778,GEN,
4779,GEN,
4780,GEN,
4781,GEN-EWS,465
4782,GEN,
4783,OBC-NCL,797
4784,GEN,
4785,OBC-NCL,798
4786,OBC-NCL,799
4787,GEN-EWS,466
4788,GEN-EWS,467
4789,GEN,
4790,GEN,
4791,GEN,
4792,GEN,
4793,GEN,
4794,GEN,
4795,GEN,
4796,GEN,
4797,OBC-NCL,800
4798,GEN,
4799,GEN,
4800,GEN,
4801,GEN,
4802,GEN,
4803,OBC-NCL,801
4804,GEN-EWS,468
4805,GEN,
4806,GEN,
4807,GEN,
4808,GEN,
4809,GEN,
4810,GEN,
4811,GEN,
4812,GEN,
4813,OBC-NCL,802
4814,GEN-EWS,803
4815,GEN-EWS,469
4816,GEN,
4817,GEN,
4818,GEN,
4819,GEN,
4820,GEN,
4821,GEN,
4822,GEN,
4823,GEN,
4824,GEN-EWS,470
4825,OBC-NCL,804
4826,SC,75
4827,GEN,
4828,GEN,
4829,GEN,
4830,GEN,
4831,GEN,
4832,GEN,
4833,GEN-EWS,471
4834,GEN,
4835,GEN-EWS,472
4836,GEN,
4837,GEN,
4838,GEN,
4839,GEN,
4840,GEN,
4841,OBC-NCL,805
4842,GEN,
4843,GEN,
4844,GEN-EWS,473
4845,GEN,
4846,SC,76
4847,GEN,
4848,GEN,
4849,GEN,
4850,GEN,
4851,GEN,
4852,GEN,
4853,OBC-NCL,806
4854,GEN,
4855,GEN,
4856,GEN,
4857,OBC-NCL,807
4858,GEN-EWS,474
4859,GEN,
4860,OBC-NCL,808
4861,SC,77
4862,GEN,
4863,GEN,
4864,GEN,
4865,GEN,
4866,OBC-NCL,809
4867,GEN,
4868,GEN,
4869,GEN,
4870,GEN-EWS,475
4871,GEN,
4872,GEN-EWS,476
4873,GEN,
4874,GEN,
4875,OBC-NCL,810
4876,GEN,
4877,GEN,
4878,GEN-EWS,477
4879,GEN,
4880,GEN,
4881,GEN,
4882,GEN,
4883,GEN,
4884,GEN,
4885,GEN,
4886,GEN-EWS,478
4887,GEN,
4888,GEN,
4889,GEN,
4890,GEN,
4891,GEN,
4892,GEN,
4893,OBC-NCL,811
4894,GEN,
4895,GEN,
4896,GEN,
4897,GEN,
4898,GEN,
4899,OBC-NCL,812
4900,GEN,
4901,GEN,
4902,OBC-NCL,813
4903,GEN,
4904,GEN,
4905,GEN,
4906,GEN,
4907,GEN,
4908,GEN,
4909,GEN,
4910,GEN,
4911,GEN,
4912,OBC-NCL,814
4913,OBC-NCL,815
4914,GEN,
4915,GEN-EWS,479
4916,GEN,
4917,GEN,
4918,OBC-NCL,816
4919,GEN,
4920,GEN,
4921,OBC-NCL,817
4922,GEN,
4923,OBC-NCL,818
4924,GEN-EWS,480
4925,OBC-NCL,819
4926,GEN,
4927,GEN,
4928,GEN,
4929,GEN,
4930,GEN,
4931,OBC-NCL,820
4932,GEN,
4933,GEN-EWS,481
4934,GEN,
4935,GEN,
4936,GEN,
4937,GEN,
4938,GEN,
4939,GEN,
4940,GEN,
4941,GEN,
4942,GEN,
4943,GEN,
4944,GEN,
4945,GEN,
4946,OBC-NCL,821
4947,GEN-EWS,482
4948,GEN,
4949,OBC-NCL,822
4950,GEN,
4951,GEN,
4952,GEN,
4953,OBC-NCL,823
4954,OBC-NCL,824
4955,GEN,
4956,GEN,
4957,OBC-NCL,825
4958,GEN-EWS,483
4959,GEN,
4960,GEN,
4961,OBC-NCL,826
4962,GEN,
4963,GEN,
4964,GEN,
4965,GEN,
4966,OBC-NCL,827
4967,GEN,
4968,OBC-NCL,828
4969,GEN,
4970,OBC-NCL,829
4971,GEN,
4972,GEN,
4973,OBC-NCL,830
4974,GEN-EWS,484
4975,GEN,
4976,GEN-EWS,485
4977,GEN,
4978,GEN,
4979,OBC-NCL,831
4980,SC,78
4981,GEN,
4982,GEN,
4983,GEN,
4984,GEN,
4985,GEN,
4986,GEN,
4987,GEN,
4988,GEN,
4989,GEN,
4990,GEN,
4991,GEN,
4992,GEN,
4993,GEN-EWS,486
4994,OBC-NCL,832
4995,GEN,
4996,GEN-EWS,487
4997,OBC-NCL,833
4998,GEN,
4999,OBC-NCL,834
5000,GEN,
5001,GEN,
5002,GEN,
5003,GEN-EWS,488
5004,GEN,
5005,GEN,
5006,GEN,
5007,OBC-NCL,835
5008,GEN,
5009,GEN-EWS,489
5010,GEN,
5011,GEN,
5012,GEN,
5013,GEN,
5014,GEN,
5015,GEN,
5016,GEN,
5017,GEN,
5018,GEN,
5019,OBC-NCL,836
5020,GEN-EWS,490
5021,GEN,
5022,OBC-NCL,837
5023,GEN,
5024,OBC-NCL,838
5025,GEN,
5026,GEN,
5027,OBC-NCL,839
5028,GEN,
5029,GEN,
5030,GEN,
5031,GEN,
5032,GEN,
5033,GEN,
5034,OBC-NCL,840
5035,GEN-EWS,491
5036,OBC-NCL,841
5037,GEN-EWS,492
5038,GEN,
5039,GEN,
5040,GEN-EWS,493
5041,OBC-NCL,842
5042,GEN,
5043,GEN,
5044,GEN,
5045,GEN,
5046,OBC-NCL,843
5047,GEN,
5048,GEN,
5049,GEN-EWS,494
5050,GEN,
5051,OBC-NCL,844
5052,GEN,
5053,GEN,
5054,GEN,
5055,GEN,
5056,OBC-NCL,845
5057,GEN,
5058,GEN,
5059,GEN,
5060,GEN,
5061,GEN,
5062,GEN,
5063,OBC-NCL,846
5064,OBC-NCL,847
5065,GEN,
5066,GEN,
5067,GEN,
5068,GEN,
5069,GEN,
5070,GEN,
5071,GEN,
5072,OBC-NCL,848
5073,GEN,
5074,GEN,
5075,GEN-EWS,495
5076,GEN,
5077,GEN,
5078,GEN,
5079,OBC-NCL,849
5080,GEN,
5081,GEN,
5082,GEN,
5083,GEN,
5084,GEN,
5085,GEN,
5086,OBC-NCL,850
5087,GEN,
5088,GEN,
5089,GEN-EWS,496
5090,GEN,
5091,OBC-NCL,851
5092,OBC-NCL,852
5093,GEN,
5094,GEN,
5095,GEN,
5096,GEN,
5097,GEN,
5098,GEN,
5099,GEN,
5100,GEN,
5101,GEN,
5102,GEN,
5103,GEN-EWS,497
5104,GEN,
5105,GEN,
5106,GEN,
5107,GEN,
5108,GEN,
5109,GEN,
5110,GEN,
5111,GEN-EWS,498
5112,GEN,
5113,OBC-NCL,853
5114,GEN,
5115,GEN,
5116,GEN,
5117,SC,79
5118,GEN,
5119,OBC-NCL,854
5120,SC,80
5121,GEN,
5122,GEN,
5123,GEN,
5124,GEN,
5125,GEN,
5126,GEN,
5127,OBC-NCL,855
5128,OBC-NCL,856
5129,OBC-NCL,857
5130,GEN,
5131,GEN,
5132,GEN,
5133,SC,81
5134,GEN,
5135,GEN,
5136,GEN,
5137,OBC-NCL,858
5138,GEN,
5139,GEN,
5140,GEN,
5141,OBC-NCL,859
5142,OBC-NCL,860
5143,GEN,
5144,GEN,
5145,GEN,
5146,GEN,
5147,GEN,
5148,GEN-EWS,499
5149,GEN,
5150,GEN,
5151,GEN,
5152,GEN,
5153,GEN,
5154,GEN-EWS,500
5155,GEN,
5156,GEN,
5157,GEN,
5158,OBC-NCL,82
5159,OBC-NCL,861
5160,GEN,
5161,OBC-NCL,862
5162,GEN,
5163,GEN-EWS,501
5164,GEN,
5165,GEN,
5166,GEN,
5167,GEN,
5168,OBC-NCL,863
5169,GEN-EWS,502
5170,GEN-EWS,503
5171,GEN,
5172,GEN,
5173,GEN,
5174,GEN,
5175,GEN-EWS,504
5176,GEN,
5177,GEN,
5178,OBC-NCL,864
5179,GEN,
5180,GEN,
5181,GEN,
5182,GEN,
5183,OBC-NCL,865
5184,GEN,
5185,OBC-NCL,866
5186,OBC-NCL,867
5187,OBC-NCL,868
5188,GEN,
5189,OBC-NCL,869
5190,GEN,
5191,GEN,
5192,GEN-EWS,505
5193,GEN,
5194,GEN,
5195,ST,7
5196,OBC-NCL,870
5197,GEN,
5198,GEN,
5199,GEN,
5200,GEN,
5201,GEN,
5202,GEN,
5203,GEN-EWS,507
5204,OBC-NCL,871
5205,GEN,
5206,GEN,
5207,OBC-NCL,872
5208,GEN,
5209,GEN,
5210,GEN,
5211,GEN,
5212,GEN,
5213,OBC-NCL,873
5214,GEN,
5215,GEN,
5216,GEN,
5217,GEN,
5218,GEN,
5219,GEN-EWS,874
5220,GEN,
5221,GEN,
5222,GEN,
5223,GEN,
5224,OBC-NCL,875
5225,GEN,
5226,GEN,
5227,GEN,
5228,GEN,
5229,GEN-EWS,508
5230,OBC-NCL,876
5231,GEN,
5232,GEN,
5233,GEN,
5234,GEN,
5235,OBC-NCL,877
5236,OBC-NCL,878
5237,GEN,
5238,GEN-EWS,509
5239,GEN,
5240,GEN,
5241,GEN,
5242,GEN-EWS,510
5243,GEN,
5244,GEN,
5245,GEN-EWS,511
5246,GEN,
5247,GEN,
5248,GEN-EWS,512
5249,GEN,
5250,GEN,
5251,GEN-EWS,513
5252,GEN-EWS,514
5253,GEN-EWS,515
5254,GEN,
5255,OBC-NCL,879
5256,GEN,
5257,GEN,
5258,GEN,
5259,GEN-EWS,516
5260,GEN-EWS,517
5261,GEN,
5262,OBC-NCL,880
5263,GEN,
5264,GEN,
5265,GEN,
5266,GEN,
5267,GEN,
5268,GEN,
5269,OBC-NCL,881
5270,GEN,
5271,OBC-NCL,882
5272,OBC-NCL,883
5273,GEN,
5274,GEN-EWS,518
5275,GEN,
5276,GEN,
5277,GEN,
5278,GEN,
5279,OBC-NCL,884
5280,GEN,
5281,GEN,
5282,GEN,
5283,GEN,
5284,GEN,
5285,GEN,
5286,GEN,
5287,GEN,
5288,GEN,
5289,GEN,
5290,GEN-EWS,519
5291,GEN,
5292,GEN,
5293,GEN,
5294,GEN,
5295,GEN,
5296,GEN,
5297,GEN,
5298,GEN,
5299,GEN,
5300,GEN,
5301,GEN-EWS,520
5302,GEN,
5303,GEN,
5304,GEN-EWS,521
5305,GEN,
5306,GEN,
5307,GEN-EWS,522
5308,GEN,
5309,GEN,
5310,OBC-NCL,885
5311,GEN,
5312,GEN,
5313,OBC-NCL,886
5314,GEN-EWS,523
5315,GEN,
5316,GEN,
5317,GEN,
5318,GEN,
5319,GEN,
5320,OBC-NCL,887
5321,GEN,
5322,GEN,
5323,GEN-EWS,524
5324,OBC-NCL,888
5325,GEN,
5326,GEN,
5327,OBC-NCL,889
5328,GEN,
5329,GEN,
5330,GEN,
5331,GEN,
5332,ST,21
5333,GEN,
5334,GEN,
5335,GEN,
5336,GEN,
5337,GEN,
5338,GEN-EWS,525
5339,GEN,
5340,GEN,
5341,GEN,
5342,GEN-EWS,890
5343,GEN,
5344,OBC-NCL,891
5345,GEN,
5346,OBC-NCL,892
5347,OBC-NCL,893
5348,GEN-EWS,526
5349,OBC-NCL,894
5350,GEN,
5351,GEN,
5352,GEN,
5353,GEN,
5354,GEN,
5355,GEN,
5356,GEN-EWS,527
5357,GEN,
5358,GEN-EWS,528
5359,GEN,
5360,GEN,
5361,GEN,
5362,GEN,
5363,GEN,
5364,GEN,
5365,OBC-NCL,895
5366,OBC-NCL,896
5367,GEN,
5368,GEN,
5369,OBC-NCL,897
5370,OBC-NCL,898
5371,OBC-NCL,899
5372,SC,83
5373,GEN,
5374,GEN,
5375,GEN,
5376,GEN,
5377,GEN-EWS,529
5378,OBC-NCL,900
5379,GEN,
5380,OBC-NCL,901
5381,OBC-NCL,902
5382,GEN,
5382,GEN,
5384,GEN,
5385,GEN-EWS,530
5386,GEN,
5387,GEN-EWS,531
5388,GEN,
5389,GEN,
5390,GEN-EWS,532
5391,OBC-NCL,903
5392,GEN,
5393,GEN,
5394,GEN,
5395,GEN,
5396,GEN,
5397,GEN,
5398,OBC-NCL,904
5399,GEN,
5400,OBC-NCL,905
5401,ST,22
5402,GEN-EWS,533
5403,GEN,
5404,GEN,
5405,GEN,
5406,GEN,
5407,GEN,
5408,GEN,
5409,GEN,
5410,OBC-NCL,906
5411,GEN-EWS,534
5412,OBC-NCL,907
5413,GEN,
5414,OBC-NCL,908
5415,GEN,
5416,GEN,
5417,GEN,
5418,GEN,
5419,GEN,
5420,GEN,
5421,GEN,
5422,GEN,
5423,GEN,
5424,GEN,
5425,OBC-NCL,909
5426,OBC-NCL,910
5427,GEN,
5428,GEN,
5429,GEN,
5430,GEN,
5431,GEN,
5432,OBC-NCL,911
5433,GEN,
5434,GEN,
5435,GEN,
5436,GEN,
5437,GEN,
5438,GEN,
5439,GEN-EWS,535
5440,GEN,
5441,GEN,
5442,GEN,
5443,GEN-EWS,536
5444,GEN,
5445,ST,23
5446,GEN-EWS,537
5447,GEN,
5448,GEN-EWS,538
5449,OBC-NCL,912
5450,GEN,
5451,OBC-NCL,913
5452,OBC-NCL,914
5453,OBC-NCL,915
5454,GEN,
5455,GEN,
5456,GEN,
5457,OBC-NCL,916
5458,OBC-NCL,917
5459,GEN,
5460,SC,84
5461,GEN-EWS,539
5462,GEN,
5463,GEN,
5464,GEN,
5465,GEN,
5466,GEN-EWS,540
5467,GEN,
5468,OBC-NCL,918
5469,GEN-EWS,541
5470,GEN-EWS,542
5471,GEN,
5472,OBC-NCL,919
5473,GEN,
5474,OBC-NCL,920
5475,GEN-EWS,543
5476,OBC-NCL,921
5477,GEN-EWS,544
5478,GEN,
5479,GEN-EWS,545
5480,GEN,
5481,OBC-NCL,922
5482,GEN,
5483,OBC-NCL,923
5484,GEN,
5485,OBC-NCL,924
5486,GEN,
5487,GEN-EWS,546
5488,GEN,
5489,GEN,
5490,OBC-NCL,925
5491,OBC-NCL,926
5492,OBC-NCL,927
5493,GEN,
5494,OBC-NCL,928
5495,GEN,
5496,OBC-NCL,929
5497,GEN,
5498,GEN,
5499,GEN,
5500,GEN,
5501,GEN,
5502,GEN,
5503,GEN,
5504,OBC-NCL,930
5505,GEN,
5506,GEN,
5507,GEN,
5508,GEN-EWS,547
5509,OBC-NCL,931
5510,GEN,
5511,GEN-EWS,548
5512,GEN,
5513,GEN,
5514,GEN,
5515,GEN,
5516,GEN-EWS,549
5517,GEN-EWS,550
5518,GEN,
5519,GEN,
5520,GEN,
5521,GEN,
5522,GEN,
5523,GEN,
5524,GEN,
5525,GEN,
5526,GEN-EWS,551
5527,GEN,
5528,OBC-NCL,932
5529,GEN,
5530,GEN-EWS,552
5531,GEN,
5532,GEN,
5533,GEN,
5534,OBC-NCL,933
5535,GEN,
5536,OBC-NCL,934
5537,GEN,
5538,OBC-NCL,935
5539,GEN,
5540,GEN-EWS,553
5541,SC,85
5542,GEN,
5543,GEN,
5544,OBC-NCL,936
5545,OBC-NCL,937
5546,GEN,
5547,GEN-EWS,554
5548,GEN,
5549,SC,86
5550,GEN,
5551,SC,87
5552,GEN,
5553,GEN,
5554,GEN,
5555,GEN,
5556,GEN,
5557,GEN,
5558,GEN,
5559,GEN-EWS,555
5560,OBC-NCL,938
5561,GEN-EWS,556
5562,GEN,
5563,GEN-EWS,557
5564,GEN,
5565,OBC-NCL,939
5566,GEN,
5567,GEN,
5568,GEN,
5569,GEN,
5570,GEN-EWS,558
5571,GEN,
5572,GEN,
5573,GEN,
5574,GEN,
5575,GEN,
5576,GEN,
5577,GEN,
5578,GEN,
5579,GEN,
5580,GEN,
5581,GEN,
5582,OBC-NCL,940
5583,GEN,
5584,GEN-EWS,559
5585,GEN-EWS,560
5586,SC,88
5587,GEN,
5588,GEN,
5589,GEN,
5590,OBC-NCL,941
5591,GEN,
5592,GEN,
5593,GEN,
5594,GEN,
5595,GEN-EWS,561
5596,GEN,
5597,GEN-EWS,562
5598,GEN,
5599,GEN,
5600,OBC-NCL,942
5601,OBC-NCL,943
5602,GEN,
5603,GEN,
5604,GEN,
5605,OBC-NCL,944
5606,OBC-NCL,945
5607,OBC-NCL,946
5608,GEN,
5609,SC,89
5610,GEN,
5611,GEN,
5612,GEN,
5613,GEN,
5614,GEN,
5615,GEN,
5616,OBC-NCL,947
5617,GEN,
5618,OBC-NCL,948
5619,GEN,
5620,GEN-EWS,949
5621,GEN,
5622,OBC-NCL,950
5623,GEN-EWS,563
5624,GEN,
5625,GEN,
5626,GEN,
5627,GEN,
5628,GEN,
5629,GEN,
5630,GEN,
5631,OBC-NCL,951
5632,GEN,
5633,GEN-EWS,564
5634,GEN,
5635,GEN,
5636,GEN,
5637,ST,24
5638,GEN,
5639,GEN,
5640,GEN-EWS,565
5641,GEN,
5642,GEN,
5643,GEN,
5644,GEN,
5645,GEN,
5646,OBC-NCL,952
5647,GEN,
5648,GEN,
5649,OBC-NCL,953
5650,SC,90
5651,GEN,
5652,OBC-NCL,954
5653,GEN,
5654,GEN,
5655,GEN,
5656,GEN,
5657,GEN,
5658,GEN,
5659,GEN,
5660,GEN,
5661,OBC-NCL,955
5662,GEN,
5663,OBC-NCL,956
5664,GEN-EWS,566
5665,GEN,
5666,GEN,
5667,GEN,
5668,GEN,
5669,GEN-EWS,567
5670,GEN,
5671,GEN,
5672,GEN,
5673,GEN,
5674,GEN,
5675,OBC-NCL,957
5676,OBC-NCL,958
5677,GEN,
5678,OBC-NCL,959
5679,GEN,
5680,OBC-NCL,960
5681,OBC-NCL,961
5682,OBC-NCL,962
5683,GEN,
5684,GEN,
5685,GEN,
5686,GEN,
5687,OBC-NCL,963
5688,GEN,
5689,OBC-NCL,964
5690,GEN,
5691,OBC-NCL,965
5692,GEN,
5693,GEN,
5694,GEN,
5695,GEN,
5696,GEN-EWS,568
5697,GEN,
5698,GEN,
5699,OBC-NCL,966
5700,GEN,
5701,GEN-EWS,569
5702,GEN,
5703,GEN,
5704,GEN,
5705,GEN,
5706,GEN-EWS,570
5707,GEN,
5708,GEN,
5709,GEN,
5710,GEN,
5711,GEN,
5712,GEN,
5713,GEN,
5714,GEN-EWS,571
5715,GEN,
5716,GEN-EWS,572
5717,OBC-NCL,967
5718,GEN,
5719,GEN-EWS,573
5720,GEN,
5721,GEN,
5722,GEN,
5723,GEN,
5724,OBC-NCL,968
5725,OBC-NCL,969
5726,GEN,
5727,GEN,
5728,GEN,
5729,OBC-NCL,970
5730,GEN-EWS,574
5731,GEN,
5732,GEN,
5733,GEN,
5734,GEN,
5735,GEN,
5736,GEN,
5737,OBC-NCL,971
5738,GEN,
5739,GEN,
5740,OBC-NCL,972
5741,GEN-EWS,575
5742,GEN-EWS,576
5743,GEN,
5744,GEN,
5745,GEN,
5746,GEN,
5747,GEN,
5748,GEN,
5749,GEN,
5750,GEN,
5751,GEN,
5752,GEN,
5753,GEN-EWS,577
5754,GEN,
5755,GEN,
5756,GEN-EWS,973
5757,GEN,
5758,GEN,
5759,GEN,
5760,GEN,
5761,GEN,
5762,SC,91
5763,GEN,
5764,GEN,
5765,GEN,
5766,GEN,
5767,GEN,
5768,GEN,
5769,GEN-EWS,578
5770,GEN,
5771,GEN,
5772,GEN,
5773,GEN-EWS,579
5774,GEN,
5775,GEN,
5776,GEN,
5777,GEN,
5778,OBC-NCL,974
5779,OBC-NCL,975
5780,GEN,
5781,GEN,
5782,OBC-NCL,976
5783,OBC-NCL,977
5784,OBC-NCL,978
5785,GEN,
5786,GEN,
5787,OBC-NCL,979
5788,GEN,
5789,GEN,
5790,GEN,
5791,GEN,
5792,GEN,
5793,GEN,
5794,GEN,
5795,GEN,
5796,GEN,
5797,OBC-NCL,980
5798,GEN-EWS,580
5799,OBC-NCL,981
5800,GEN,
5801,GEN,
5802,GEN,
5803,GEN-EWS,581
5804,GEN-EWS,582
5805,GEN,
5806,OBC-NCL,982
5807,GEN-EWS,583
5808,SC,92
5809,GEN,
5810,GEN,
5811,GEN,
5812,GEN,
5813,OBC-NCL,983
5814,GEN,
5815,GEN,
5816,OBC-NCL,984
5817,GEN,
5818,GEN,
5819,GEN,
5820,GEN,
5821,GEN,
5822,GEN,
5823,GEN,
5824,OBC-NCL,985
5825,GEN,
5826,GEN,
5827,GEN,
5828,GEN,
5829,GEN,
5830,OBC-NCL,986
5831,GEN,
5832,GEN,
5833,GEN,
5834,GEN,
5835,OBC-NCL,987
5836,OBC-NCL,988
5837,GEN,
5838,GEN,
5839,GEN,
5840,OBC-NCL,989
5841,GEN,
5842,GEN,
5843,GEN-EWS,584
5844,OBC-NCL,990
5845,GEN,
5846,GEN,
5847,SC,93
5848,GEN,
5849,GEN,
5850,GEN,
5851,OBC-NCL,991
5852,GEN,
5853,GEN-EWS,585
5854,GEN,
5855,GEN-EWS,586
5856,GEN,
5857,OBC-NCL,992
5858,GEN-EWS,587
5859,GEN,
5860,GEN,
5861,GEN,
5862,GEN,
5862,OBC-NCL,993
5864,GEN,
5865,GEN,
5866,GEN,
5867,GEN,
5868,OBC-NCL,994
5869,GEN,
5870,GEN-EWS,588
5871,GEN,
5872,GEN,
5873,GEN,
5874,GEN,
5875,GEN,
5876,OBC-NCL,995
5877,GEN,
5878,GEN,
5879,GEN,
5880,GEN,
5881,GEN,
5882,GEN,
5883,OBC-NCL,996
5884,GEN,
5885,OBC-NCL,997
5886,GEN,
5887,GEN,
5888,GEN,
5889,OBC-NCL,998
5890,SC,94
5891,GEN,
5892,GEN,
5893,OBC-NCL,999
5894,GEN,
5895,GEN,
5896,OBC-NCL,1000
5897,GEN,
5898,SC,95
5899,GEN,
5900,GEN,
5901,OBC-NCL,1001
5902,GEN-EWS,589
5903,GEN-EWS,590
5904,GEN,
5905,GEN,
5906,GEN-EWS,591
5907,OBC-NCL,1002
5908,GEN-EWS,592
5909,GEN,
5910,GEN,
5911,GEN-EWS,593
5912,GEN,
5913,GEN,
5914,GEN,
5915,OBC-NCL,1003
5916,GEN,
5917,GEN,
5918,GEN,
5919,OBC-NCL,1004
5920,GEN,
5921,OBC-NCL,1005
5922,OBC-NCL,1006
5923,GEN,
5924,GEN,
5925,GEN,
5926,OBC-NCL,1007
5927,OBC-NCL,1008
5928,GEN,
5929,GEN,
5930,GEN,
5931,GEN,
5932,GEN,
5933,GEN,
5934,GEN,
5935,GEN,
5936,GEN,
5937,GEN-EWS,594
5938,GEN,
5939,GEN,
5940,GEN-EWS,595
5941,GEN,
5942,GEN,
5943,GEN,
5944,GEN,
5945,OBC-NCL,1009
5946,GEN,
5947,GEN,
5948,GEN,
5949,GEN,
5950,GEN,
5951,OBC-NCL,1010
5952,OBC-NCL,1011
5953,GEN,
5954,GEN,
5955,GEN,
5956,GEN-EWS,596
5957,GEN,
5958,GEN-EWS,597
5959,GEN,
5960,GEN,
5961,GEN,
5962,GEN,
5963,GEN,
5964,GEN,
5965,GEN,
5966,GEN-EWS,598
5967,GEN,
5968,GEN,
5969,GEN,
5970,GEN,
5971,OBC-NCL,1012
5972,OBC-NCL,1013
5973,GEN,
5974,GEN,
5975,GEN,
5976,GEN,
5977,GEN,
5978,GEN,
5979,GEN-EWS,599
5980,OBC-NCL,1014
5981,GEN,
5982,GEN,
5983,GEN,
5984,GEN,
5985,GEN,
5986,GEN,
5987,GEN-EWS,600
5988,OBC-NCL,1015
5989,GEN,
5990,GEN,
5991,GEN,
5992,GEN,
5993,GEN,
5994,OBC-NCL,1016
5995,SC,96
5996,GEN,
5997,OBC-NCL,1017
5998,OBC-NCL,1018
5999,OBC-NCL,1019
6000,SC,97
6001,GEN,
6002,OBC-NCL,1020
6003,GEN,
6004,OBC-NCL,1021
6005,GEN,
6006,GEN,
6007,OBC-NCL,1022
6008,OBC-NCL,1023
6009,GEN,
6010,GEN,
6011,GEN,
6012,GEN,
6013,GEN,
6014,GEN-EWS,601
6015,GEN-EWS,602
6016,OBC-NCL,1024
6017,GEN,
6018,GEN,
6019,GEN,
6020,OBC-NCL,1025
6021,GEN,
6022,GEN,
6023,GEN,
6024,GEN-EWS,603
6025,ST,25
6026,OBC-NCL,1026
6027,GEN,
6028,GEN,
6029,GEN-EWS,604
6030,OBC-NCL,1027
6031,GEN-EWS,605
6032,GEN-EWS,606
6033,GEN,
6034,SC,98
6035,GEN,
6036,GEN,
6037,GEN,
6038,GEN,
6039,OBC-NCL,1028
6040,GEN,
6041,GEN,
6042,GEN-EWS,607
6043,GEN,
6044,GEN,
6045,GEN,
6046,GEN,
6047,OBC-NCL,1029
6048,GEN,
6049,GEN,
6050,OBC-NCL,1030
6051,GEN,
6052,GEN,
6053,OBC-NCL,1031
6054,GEN,
6055,GEN,
6056,GEN-EWS,608
6057,GEN,
6058,GEN,
6059,GEN-EWS,609
6060,OBC-NCL,1032
6061,GEN,
6062,GEN,
6063,GEN,
6064,GEN,
6065,GEN-EWS,610
6066,GEN-EWS,611
6067,GEN,
6068,GEN-EWS,612
6069,GEN,
6070,GEN,
6071,GEN,
6072,GEN,
6073,GEN,
6074,SC,99
6075,GEN,
6076,GEN,
6077,GEN-EWS,613
6078,GEN,
6079,OBC-NCL,1033
6080,OBC-NCL,1034
6081,OBC-NCL,1035
6082,SC,100
6083,GEN,
6084,GEN,
6085,GEN,
6086,OBC-NCL,1036
6087,OBC-NCL,1037
6088,OBC-NCL,1038
6089,OBC-NCL,1039
6090,OBC-NCL,1040
6091,OBC-NCL,1041
6092,GEN,
6093,GEN,
6094,OBC-NCL,1042
6095,SC,101
6096,GEN,
6097,GEN,
6098,GEN,
6099,OBC-NCL,1043
6100,GEN,
6101,GEN,
6102,GEN,
6103,GEN,
6104,OBC-NCL,1044
6105,SC,102
6106,GEN-EWS,614
6107,GEN-EWS,615
6108,GEN,
6109,OBC-NCL,1045
6110,GEN,
6111,OBC-NCL,1046
6112,GEN-EWS,616
6113,GEN,
6114,GEN,
6115,OBC-NCL,1047
6116,GEN,
6117,GEN,
6118,GEN,
6119,GEN,
6120,SC,103
6121,GEN,
6122,GEN,
6123,GEN,
6124,GEN,
6125,GEN,
6126,GEN,
6127,GEN,
6128,GEN,
6129,GEN,
6130,GEN-EWS,617
6131,GEN,
6132,OBC-NCL,1048
6133,GEN,
6134,OBC-NCL,1049
6135,OBC-NCL,1050
6136,GEN,
6137,GEN,
6138,GEN,
6139,GEN-EWS,618
6140,GEN,
6141,GEN,
6142,OBC-NCL,1051
6143,GEN,
6144,GEN,
6145,OBC-NCL,1052
6146,GEN,
6147,GEN,
6148,GEN,
6149,OBC-NCL,1053
6150,GEN-EWS,619
6151,OBC-NCL,1054
6152,GEN,
6153,OBC-NCL,1055
6154,OBC-NCL,1056
6155,GEN-EWS,620
6156,GEN,
6157,GEN,
6158,SC,104
6159,GEN,
6160,GEN,
6161,GEN,
6162,GEN,
6163,GEN,
6164,GEN,
6165,GEN,
6166,GEN-EWS,621
6167,GEN,
6168,GEN,
6169,SC,105
6170,GEN,
6171,GEN,
6172,GEN,
6172,OBC-NCL,1057
6174,GEN,
6175,OBC-NCL,1058
6176,GEN,
6177,GEN,
6178,OBC-NCL,1059
6179,GEN,
6180,GEN,
6181,GEN,
6182,GEN-EWS,622
6183,OBC-NCL,1060
6184,GEN,
6185,GEN,
6186,OBC-NCL,1061
6187,GEN,
6188,GEN,
6189,GEN,
6190,GEN,
6191,GEN,
6192,GEN,
6193,GEN,
6194,SC,106
6195,GEN,
6196,GEN,
6197,OBC-NCL,1062
6198,GEN,
6199,GEN,
6200,GEN,
6201,GEN,
6202,OBC-NCL,1063
6203,GEN,
6204,GEN,
6205,GEN,
6206,GEN,
6207,OBC-NCL,1064
6208,GEN,
6209,OBC-NCL,1065
6210,GEN,
6211,GEN-EWS,623
6212,GEN,
6213,GEN,
6214,GEN-EWS,624
6215,GEN-EWS,625
6216,GEN,
6217,GEN,
6218,GEN,
6219,GEN,
6220,OBC-NCL,1066
6221,OBC-NCL,1067
6222,OBC-NCL,1068
6223,GEN,
6224,GEN,
6225,GEN,
6226,GEN,
6227,GEN,
6228,GEN,
6229,GEN,
6230,OBC-NCL,1069
6231,GEN,
6232,GEN,
6233,GEN,
6234,GEN,
6235,GEN,
6236,GEN,
6237,GEN,
6238,OBC-NCL,1070
6239,GEN-EWS,626
6240,GEN,
6241,OBC-NCL,1071
6242,GEN-EWS,627
6243,GEN-EWS,628
6244,GEN,
6245,GEN,
6246,GEN-EWS,629
6247,GEN,
6248,GEN,
6249,GEN,
6250,GEN-EWS,630
6251,GEN,
6252,GEN-EWS,631
6253,GEN,
6254,GEN-EWS,632
6255,GEN,
6256,OBC-NCL,1072
6257,GEN,
6258,GEN,
6259,GEN,
6260,OBC-NCL,1073
6261,OBC-NCL,1074
6262,OBC-NCL,1075
6263,GEN,
6264,GEN,
6265,GEN-EWS,633
6266,OBC-NCL,1076
6267,GEN-EWS,634
6268,GEN,
6269,GEN-EWS,635
6270,SC,107
6271,GEN,
6272,GEN,
6273,GEN,
6274,OBC-NCL,1077
6275,GEN,
6276,GEN,
6277,GEN,
6278,GEN,
6279,GEN,
6280,GEN-EWS,636
6281,GEN,
6282,GEN,
6283,GEN,
6284,GEN,
6285,GEN,
6286,OBC-NCL,1078
6287,OBC-NCL,1079
6288,GEN,
6289,GEN,
6290,SC,108
6291,OBC-NCL,1080
6292,GEN,
6293,GEN-EWS,637
6294,OBC-NCL,1081
6295,OBC-NCL,1082
6296,OBC-NCL,1083
6297,GEN,
6298,GEN,
6299,ST,9
6300,GEN,
6301,GEN,
6302,GEN,
6303,GEN,
6304,GEN,
6305,GEN-EWS,638
6306,GEN,
6307,GEN-EWS,639
6308,OBC-NCL,1084
6309,OBC-NCL,1085
6310,OBC-NCL,1086
6311,GEN,
6312,GEN,
6313,OBC-NCL,1087
6314,GEN,
6315,GEN,
6316,GEN,
6317,GEN,
6318,GEN,
6319,OBC-NCL,1088
6320,GEN,
6321,GEN,
6322,GEN,
6323,GEN,
6324,GEN-EWS,640
6325,GEN,
6326,GEN,
6327,GEN-EWS,1089
6328,OBC-NCL,1090
6329,GEN,
6330,OBC-NCL,1091
6331,OBC-NCL,1092
6332,GEN,
6333,GEN,
6334,GEN,
6335,GEN,
6336,OBC-NCL,1093
6337,GEN,
6338,GEN-EWS,641
6339,GEN,
6340,OBC-NCL,1094
6341,GEN,
6342,GEN,
6343,OBC-NCL,1095
6344,GEN,
6345,ST,26
6346,GEN-EWS,642
6347,GEN,
6348,GEN,
6349,OBC-NCL,1096
6350,OBC-NCL,1097
6351,GEN,
6352,OBC-NCL,1098
6353,GEN,
6354,GEN,
6355,GEN,
6356,GEN,
6357,GEN,
6358,OBC-NCL,1099
6359,OBC-NCL,1100
6360,GEN,
6361,OBC-NCL,1101
6362,GEN,
6363,OBC-NCL,1102
6364,GEN,
6365,OBC-NCL,1103
6366,GEN,
6367,ST,27
6368,GEN,
6369,OBC-NCL,1104
6370,OBC-NCL,1105
6371,OBC-NCL,1106
6372,GEN,
6373,GEN-EWS,643
6374,GEN,
6375,GEN-EWS,644
6376,GEN,
6377,GEN,
6378,OBC-NCL,1107
6379,GEN,
6380,GEN,
6381,GEN,
6382,GEN,
6383,GEN,
6384,GEN,
6385,OBC-NCL,1108
6386,GEN,
6387,GEN,
6388,GEN,
6389,GEN-EWS,645
6390,GEN-EWS,646
6391,OBC-NCL,1109
6392,GEN,
6393,GEN,
6394,GEN,
6395,GEN-EWS,647
6396,OBC-NCL,1110
6397,GEN,
6398,GEN,
6399,GEN,
6400,GEN,
6401,GEN,
6402,OBC-NCL,1111
6403,GEN,
6404,GEN,
6405,GEN,
6406,GEN,
6407,GEN-EWS,648
6408,GEN,
6409,GEN,
6410,OBC-NCL,1112
6411,GEN-EWS,649
6412,GEN,
6413,GEN,
6414,GEN,
6415,GEN-EWS,650
6416,GEN,
6417,GEN,
6418,GEN-EWS,651
6419,OBC-NCL,1113
6420,GEN,
6421,GEN,
6422,OBC-NCL,1114
6423,OBC-NCL,1115
6424,GEN,
6425,GEN-EWS,652
6426,OBC-NCL,1116
6427,GEN,
6428,GEN-EWS,653
6429,OBC-NCL,1117
6430,OBC-NCL,1118
6431,OBC-NCL,1119
6432,OBC-NCL,1120
6433,GEN-EWS,654
6434,GEN,
6435,GEN,
6436,GEN,
6437,OBC-NCL,1121
6438,GEN,
6439,GEN-EWS,655
6440,OBC-NCL,1122
6441,OBC-NCL,1123
6442,GEN,
6443,ST,28
6444,GEN,
6445,GEN,
6446,OBC-NCL,1124
6447,GEN-EWS,656
6448,OBC-NCL,1125
6449,GEN,
6450,GEN,
6451,OBC-NCL,1126
6452,GEN,
6453,GEN,
6454,GEN,
6455,OBC-NCL,1127
6456,GEN-EWS,657
6457,GEN,
6458,GEN,
6459,GEN,
6460,GEN,
6461,GEN,
6462,GEN,
6463,GEN-EWS,658
6464,OBC-NCL,1128
6465,OBC-NCL,1129
6466,GEN,
6467,GEN,
6468,SC,109
6469,OBC-NCL,1130
6470,GEN-EWS,659
6471,GEN,
6472,GEN-EWS,660
6473,GEN-EWS,1131
6474,GEN,
6475,GEN,
6476,OBC-NCL,1132
6477,GEN,
6478,OBC-NCL,1133
6479,GEN,
6480,GEN,
6481,GEN,
6482,GEN,
6483,GEN,
6484,OBC-NCL,1134
6485,OBC-NCL,1135
6486,OBC-NCL,1136
6487,GEN,
6488,GEN,
6489,GEN,
6490,GEN,
6491,GEN,
6492,OBC-NCL,1137
6493,GEN,
6494,GEN,
6495,GEN,
6496,GEN,
6497,GEN,
6498,GEN-EWS,661
6499,GEN,
6500,OBC-NCL,1138
6501,GEN,
6502,GEN,
6503,GEN,
6504,GEN,
6505,GEN,
6506,OBC-NCL,1139
6507,GEN,
6508,OBC-NCL,1140
6509,OBC-NCL,1141
6510,GEN,
6511,GEN-EWS,662
6512,OBC-NCL,1142
6513,OBC-NCL,1143
6514,OBC-NCL,1144
6515,OBC-NCL,1145
6516,OBC-NCL,1146
6517,GEN,
6518,GEN-EWS,663
6519,GEN,
6520,GEN,
6521,GEN,
6522,GEN,
6523,GEN-EWS,664
6524,OBC-NCL,1147
6525,GEN,
6526,GEN,
6527,GEN,
6528,GEN,
6529,GEN,
6530,GEN,
6531,GEN-EWS,665
6532,GEN-EWS,666
6533,GEN,
6534,OBC-NCL,1148
6535,GEN,
6536,OBC-NCL,1149
6537,OBC-NCL,1150
6538,GEN-EWS,667
6539,GEN,
6540,GEN,
6541,GEN-EWS,668
6542,OBC-NCL,1151
6543,GEN,
6544,GEN,
6545,GEN,
6546,GEN,
6547,OBC-NCL,1152
6548,GEN,
6549,GEN,
6550,GEN,
6551,GEN,
6552,GEN,
6553,GEN-EWS,669
6554,GEN,
6555,GEN,
6556,GEN-EWS,670
6557,GEN,
6558,GEN,
6559,GEN,
6560,GEN,
6561,GEN,
6562,GEN,
6563,GEN,
6564,GEN,
6565,GEN-EWS,671
6566,GEN,
6567,GEN-EWS,672
6568,GEN,
6569,GEN-EWS,673
6570,GEN,
6571,OBC-NCL,1153
6572,GEN,
6573,GEN,
6574,SC,110
6575,OBC-NCL,1154
6576,OBC-NCL,1155
6577,OBC-NCL,1156
6578,GEN,
6579,GEN,
6580,SC,111
6581,GEN,
6582,GEN,
6583,GEN,
6584,GEN,
6585,GEN-EWS,674
6586,GEN-EWS,675
6587,GEN,
6588,GEN,
6589,GEN,
6590,OBC-NCL,1157
6591,GEN,
6592,GEN-EWS,676
6593,GEN-EWS,677
6594,GEN,
6595,GEN,
6596,GEN-EWS,678
6597,GEN,
6598,GEN,
6599,GEN-EWS,679
6600,GEN,
6601,OBC-NCL,1158
6602,GEN,
6603,GEN,
6604,GEN,
6605,OBC-NCL,1159
6606,GEN,
6607,GEN-EWS,1160
6608,GEN,
6609,OBC-NCL,1161
6610,GEN,
6611,GEN,
6612,GEN,
6613,GEN,
6614,GEN,
6615,GEN,
6616,GEN,
6617,GEN-EWS,680
6618,GEN,
6619,GEN,
6620,ST,29
6621,OBC-NCL,1162
6622,GEN,
6623,GEN,
6624,GEN,
6625,GEN,
6626,GEN,
6627,GEN,
6628,GEN,
6629,GEN,
6630,GEN,
6631,OBC-NCL,1163
6632,GEN,
6633,GEN,
6634,GEN,
6635,OBC-NCL,1164
6636,GEN,
6637,GEN,
6638,GEN,
6639,OBC-NCL,1165
6640,GEN,
6641,GEN,
6642,GEN,
6643,GEN,
6644,GEN,
6645,GEN-EWS,681
6646,GEN,
6647,GEN,
6648,GEN,
6649,GEN,
6650,GEN,
6651,OBC-NCL,1166
6652,GEN,
6653,OBC-NCL,1167
6654,OBC-NCL,1168
6655,GEN,
6656,GEN,
6657,GEN,
6658,GEN,
6659,GEN,
6660,GEN,
6661,GEN-EWS,682
6662,OBC-NCL,1169
6663,GEN-EWS,683
6664,SC,112
6665,GEN-EWS,684
6666,GEN,
6667,GEN,
6668,GEN,
6669,GEN,
6670,GEN,
6671,GEN,
6672,OBC-NCL,1170
6673,GEN,
6674,GEN,
6675,GEN,
6676,GEN,
6677,GEN,
6678,GEN,
6679,GEN,
6680,GEN,
6681,GEN,
6682,GEN,
6683,SC,113
6684,OBC-NCL,1171
6685,GEN,
6686,OBC-NCL,1172
6687,GEN,
6688,OBC-NCL,1173
6689,GEN-EWS,685
6690,SC,114
6691,OBC-NCL,1174
6692,GEN-EWS,686
6693,GEN,
6694,GEN,
6695,GEN,
6696,GEN,
6697,GEN,
6698,GEN-EWS,687
6699,GEN,
6700,GEN,
6701,GEN,
6702,OBC-NCL,1175
6703,GEN,
6704,GEN,
6705,GEN,
6706,GEN,
6707,GEN,
6708,GEN,
6709,GEN,
6710,GEN,
6711,GEN,
6712,GEN-EWS,688
6713,GEN,
6714,GEN,
6715,GEN,
6716,OBC-NCL,1176
6717,GEN,
6718,GEN-EWS,689
6719,GEN,
6720,OBC-NCL,1177
6721,GEN,
6722,GEN,
6723,GEN,
6724,GEN,
6725,GEN,
6726,GEN,
6727,GEN,
6728,GEN-EWS,690
6729,GEN,
6730,GEN-EWS,691
6731,GEN,
6732,GEN,
6733,GEN,
6734,GEN,
6735,GEN,
6736,OBC-NCL,1178
6737,GEN,
6738,GEN,
6739,GEN,
6740,GEN,
6741,GEN-EWS,692
6742,GEN,
6743,OBC-NCL,1179
6744,GEN,
6745,GEN,
6746,GEN,
6747,GEN,
6748,GEN,
6749,GEN,
6750,GEN,
6751,GEN,
6752,GEN,
6753,GEN,
6754,GEN,
6755,GEN,
6756,GEN-EWS,693
6757,OBC-NCL,1180
6758,OBC-NCL,1181
6759,OBC-NCL,1182
6760,OBC-NCL,1183
6761,GEN-EWS,694
6762,GEN,
6763,GEN,
6764,GEN,
6765,GEN,
6766,GEN,
6767,GEN-EWS,695
6768,GEN-EWS,696
6769,GEN,
6770,OBC-NCL,1184
6771,GEN-EWS,697
6772,GEN,
6773,GEN,
6774,GEN,
6775,GEN,
6776,GEN,
6777,GEN-EWS,698
6778,OBC-NCL,1185
6779,GEN,
6780,GEN,
6781,GEN,
6782,GEN,
6783,GEN-EWS,699
6784,GEN-EWS,700
6785,GEN,
6786,OBC-NCL,1186
6787,GEN,
6788,GEN,
6789,GEN,
6790,GEN,
6791,GEN,
6792,GEN,
6793,GEN,
6794,GEN,
6795,GEN,
6796,GEN,
6797,GEN,
6798,GEN-EWS,701
6799,OBC-NCL,1187
6800,GEN,
6801,GEN,
6802,OBC-NCL,1188
6803,OBC-NCL,1189
6804,GEN,
6805,GEN,
6806,GEN,
6807,OBC-NCL,1190
6808,GEN,
6809,GEN,
6810,GEN,
6811,GEN,
6812,GEN,
6813,GEN,
6814,GEN-EWS,702
6815,SC,115
6816,OBC-NCL,1191
6817,GEN,
6818,SC,116
6819,GEN,
6820,GEN,
6821,OBC-NCL,1192
6822,GEN-EWS,703
6823,GEN,
6824,GEN,
6825,GEN-EWS,704
6826,GEN,
6827,GEN,
6828,GEN,
6829,GEN,
6830,GEN-EWS,705
6831,GEN-EWS,706
6832,GEN,
6833,GEN,
6834,GEN,
6835,GEN-EWS,707
6836,GEN,
6837,GEN,
6838,GEN,
6839,GEN,
6840,GEN,
6841,GEN,
6842,OBC-NCL,1193
6843,GEN,
6844,GEN,
6845,GEN,
6846,GEN,
6847,GEN,
6848,OBC-NCL,1194
6849,GEN,
6850,OBC-NCL,1195
6851,GEN,
6852,GEN,
6853,OBC-NCL,1196
6854,GEN,
6855,GEN,
6856,GEN,
6857,OBC-NCL,1197
6858,GEN,
6859,OBC-NCL,1198
6860,OBC-NCL,1199
6861,GEN,
6862,GEN,
6863,GEN,
6864,GEN,
6865,GEN,
6866,SC,117
6867,OBC-NCL,1200
6868,GEN,
6869,OBC-NCL,1201
6870,OBC-NCL,1202
6871,OBC-NCL,1203
6872,GEN,
6873,GEN-EWS,708
6874,GEN,
6875,OBC-NCL,1204
6876,GEN-EWS,709
6877,GEN,
6878,GEN-EWS,710
6879,GEN,
6880,GEN-EWS,711
6881,GEN,
6882,GEN,
6883,GEN,
6884,GEN,
6885,GEN-EWS,712
6886,GEN,
6887,GEN,
6888,GEN,
6889,GEN,
6890,GEN,
6891,GEN,
6892,OBC-NCL,1205
6893,GEN,
6894,OBC-NCL,1206
6895,GEN-EWS,713
6896,GEN,
6897,GEN,
6898,GEN,
6899,GEN,
6900,GEN,
6901,OBC-NCL,1207
6902,OBC-NCL,1208
6903,OBC-NCL,1209
6904,GEN-EWS,714
6905,OBC-NCL,1210
6906,GEN,
6907,GEN,
6908,GEN,
6909,GEN,
6910,GEN,
6911,OBC-NCL,1211
6912,GEN,
6913,GEN-EWS,715
6914,GEN-EWS,716
6915,GEN-EWS,717
6916,GEN,
6917,GEN,
6918,GEN-EWS,718
6919,GEN-EWS,719
6920,OBC-NCL,1212
6921,GEN,
6922,GEN,
6923,GEN,
6924,GEN,
6925,SC,118
6926,OBC-NCL,1213
6927,GEN,
6928,GEN-EWS,720
6929,GEN-EWS,721
6930,GEN,
6931,GEN,
6932,GEN,
6933,GEN,
6934,GEN,
6935,GEN,
6936,GEN-EWS,722
6937,GEN,
6938,OBC-NCL,1214
6939,GEN,
6940,GEN,
6941,OBC-NCL,1215
6942,OBC-NCL,1216
6943,GEN,
6944,GEN,
6945,GEN-EWS,723
6946,GEN-EWS,724
6947,OBC-NCL,1217
6948,GEN,
6949,GEN,
6950,GEN,
6951,GEN,
6952,GEN,
6953,GEN,
6954,GEN,
6955,GEN,
6956,GEN-EWS,725
6957,GEN,
6958,GEN,
6959,OBC-NCL,1218
6960,GEN,
6961,GEN,
6962,GEN,
6963,OBC-NCL,1219
6964,GEN-EWS,726
6965,GEN,
6966,GEN,
6967,GEN,
6968,OBC-NCL,1220
6969,GEN,
6970,GEN,
6971,GEN-EWS,727
6972,GEN,
6973,GEN,
6974,GEN,
6975,OBC-NCL,1221
6976,OBC-NCL,1222
6977,GEN,
6978,GEN,
6979,GEN,
6980,OBC-NCL,1223
6981,GEN,
6982,GEN,
6983,GEN,
6984,OBC-NCL,1224
6985,GEN,
6986,GEN-EWS,728
6987,OBC-NCL,1225
6988,GEN,
6989,GEN-EWS,729
6990,GEN,
6991,OBC-NCL,1226
6992,GEN-EWS,730
6993,GEN,
6994,OBC-NCL,1227
6995,GEN,
6996,GEN,
6997,GEN,
6998,GEN-EWS,731
6999,OBC-NCL,1228
7000,GEN-EWS,732
7001,GEN,
7002,OBC-NCL,1229
7003,OBC-NCL,1230
7004,GEN-EWS,733
7005,GEN-EWS,734
7006,GEN,
7007,GEN,
7008,GEN,
7009,GEN,
7010,GEN,
7011,GEN,
7012,GEN,
7013,OBC-NCL,1231
7014,GEN-EWS,735
7015,GEN,
7016,OBC-NCL,1232
7017,OBC-NCL,1233
7018,GEN-EWS,736
7019,GEN,
7020,OBC-NCL,1234
7021,OBC-NCL,1235
7022,GEN,
7023,GEN,
7024,GEN,
7025,OBC-NCL,1236
7026,GEN,
7027,GEN,
7028,GEN,
7029,GEN,
7030,OBC-NCL,1237
7031,GEN,
7032,GEN,
7033,GEN,
7034,GEN-EWS,737
7035,GEN-EWS,738
7036,GEN,
7037,OBC-NCL,1238
7038,OBC-NCL,1239
7039,GEN,
7040,GEN-EWS,739
7041,GEN,
7042,GEN,
7043,GEN,
7044,GEN,
7045,GEN,
7046,GEN,
7047,GEN,
7048,OBC-NCL,1240
7049,GEN,
7050,GEN,
7051,GEN,
7052,GEN,
7053,GEN,
7054,GEN,
7055,GEN-EWS,740
7056,GEN,
7057,OBC-NCL,1241
7058,GEN-EWS,741
7059,GEN,
7060,GEN-EWS,742
7061,OBC-NCL,1242
7062,GEN,
7063,GEN-EWS,743
7064,GEN,
7065,OBC-NCL,1243
7066,GEN,
7067,GEN,
7068,OBC-NCL,1244
7069,GEN,
7070,GEN,
7071,GEN,
7072,GEN,
7073,GEN,
7074,GEN,
7075,GEN-EWS,744
7076,GEN,
7077,GEN,
7078,GEN-EWS,745
7079,OBC-NCL,1245
7080,OBC-NCL,1246
7081,OBC-NCL,1247
7082,GEN,
7083,ST,30
7084,GEN-EWS,746
7085,GEN,
7086,GEN,
7087,GEN-EWS,747
7088,GEN,
7089,GEN,
7090,GEN,
7091,GEN,
7092,GEN,
7093,OBC-NCL,1248
7094,GEN,
7095,OBC-NCL,1249
7096,GEN,
7097,OBC-NCL,1250
7098,GEN-EWS,748
7099,GEN,
7100,GEN,
7101,GEN,
7102,GEN,
7103,GEN,
7104,GEN,
7105,GEN,
7106,GEN,
7107,GEN,
7108,GEN,
7109,GEN,
7110,GEN,
7111,GEN,
7112,GEN-EWS,749
7113,OBC-NCL,1251
7114,OBC-NCL,1252
7115,GEN,
7116,GEN,
7117,OBC-NCL,1253
7118,OBC-NCL,1254
7119,OBC-NCL,1255
7120,GEN,
7121,GEN-EWS,750
7122,GEN,
7123,OBC-NCL,1256
7124,GEN,
7125,GEN-EWS,751
7126,GEN-EWS,752
7127,OBC-NCL,1257
7128,SC,119
7129,GEN-EWS,753
7130,GEN,
7131,GEN,
7132,GEN,
7133,GEN,
7134,GEN,
7135,GEN,
7136,GEN,
7137,GEN,
7138,OBC-NCL,1258
7139,OBC-NCL,1259
7140,GEN,
7141,OBC-NCL,1260
7142,GEN,
7143,GEN,
7144,GEN,
7145,OBC-NCL,1261
7146,GEN,
7147,GEN,
7148,OBC-NCL,1262
7149,GEN-EWS,754
7150,GEN,
7151,GEN-EWS,755
7152,OBC-NCL,1263
7153,OBC-NCL,1264
7154,GEN,
7155,OBC-NCL,1265
7156,GEN,
7157,GEN,
7158,GEN,
7159,GEN,
7160,OBC-NCL,1266
7161,GEN,
7162,GEN,
7163,GEN,
7164,OBC-NCL,1267
7165,GEN,
7166,OBC-NCL,1268
7167,GEN,
7168,OBC-NCL,1269
7169,GEN-EWS,756
7170,GEN,
7171,GEN,
7172,GEN-EWS,757
7173,GEN-EWS,758
7174,OBC-NCL,1270
7175,GEN,
7176,GEN,
7177,GEN,
7178,OBC-NCL,1271
7179,GEN,
7180,GEN,
7181,OBC-NCL,1272
7182,GEN,
7183,GEN-EWS,759
7184,OBC-NCL,1273
7185,OBC-NCL,1274
7186,GEN,
7187,GEN,
7188,OBC-NCL,1275
7189,OBC-NCL,1276
7190,OBC-NCL,1277
7191,GEN,
7192,GEN,
7193,OBC-NCL,1278
7194,GEN,
7195,GEN,
7196,GEN,
7197,GEN,
7198,GEN-EWS,760
7199,GEN,
7200,GEN,
7201,OBC-NCL,1279
7202,GEN-EWS,761
7203,GEN,
7204,GEN,
7205,GEN,
7206,GEN,
7207,OBC-NCL,1280
7208,GEN,
7209,GEN,
7210,GEN,
7211,GEN-EWS,762
7212,GEN,
7213,OBC-NCL,1281
7214,GEN,
7215,OBC-NCL,1282
7216,GEN,
7217,GEN,
7218,GEN,
7219,GEN,
7220,GEN,
7221,GEN,
7222,GEN-EWS,763
7223,GEN,
7224,GEN,
7225,GEN,
7226,GEN,
7227,GEN,
7228,OBC-NCL,1283
7229,GEN,
7230,ST,10
7231,GEN,
7232,GEN,
7233,GEN,
7234,GEN-EWS,764
7235,GEN,
7236,OBC-NCL,1284
7237,OBC-NCL,1285
7238,GEN,
7239,GEN,
7240,GEN-EWS,765
7241,GEN,
7242,OBC-NCL,1286
7243,GEN,
7244,GEN-EWS,766
7245,GEN,
7246,GEN,
7247,GEN,
7248,GEN,
7249,GEN,
7250,OBC-NCL,1287
7251,GEN,
7252,GEN,
7253,SC,120
7254,OBC-NCL,1288
7255,GEN,
7256,GEN,
7257,GEN,
7258,GEN,
7259,GEN,
7260,GEN,
7261,GEN,
7262,GEN,
7263,OBC-NCL,1289
7264,GEN,
7265,GEN,
7266,GEN,
7267,SC,121
7268,GEN-EWS,767
7269,GEN,
7270,GEN,
7271,OBC-NCL,1290
7272,OBC-NCL,1291
7273,GEN-EWS,768
7274,ST,31
7275,GEN-EWS,769
7276,GEN,
7277,OBC-NCL,1292
7278,OBC-NCL,1293
7279,GEN,
7280,GEN,
7281,GEN,
7282,OBC-NCL,1294
7283,GEN,
7284,OBC-NCL,1295
7285,GEN,
7286,GEN,
7287,OBC-NCL,1296
7288,GEN,
7289,GEN,
7290,GEN,
7291,GEN,
7292,OBC-NCL,1297
7293,GEN,
7294,GEN,
7295,GEN,
7296,OBC-NCL,1298
7297,GEN,
7298,GEN,
7299,OBC-NCL,1299
7300,GEN,
7301,GEN-EWS,770
7302,OBC-NCL,1300
7303,GEN,
7304,GEN,
7305,OBC-NCL,1301
7306,GEN,
7307,GEN,
7308,GEN-EWS,771
7309,GEN,
7310,OBC-NCL,1302
7311,OBC-NCL,1303
7312,GEN-EWS,772
7313,GEN,
7314,GEN,
7315,GEN,
7316,GEN-EWS,773
7317,OBC-NCL,1304
7318,OBC-NCL,1305
7319,GEN,
7320,GEN,
7321,GEN,
7322,GEN,
7323,GEN,
7324,GEN,
7325,GEN,
7326,GEN,
7327,GEN,
7328,GEN,
7329,GEN,
7330,GEN-EWS,774
7331,GEN,
7332,OBC-NCL,1306
7333,GEN,
7334,GEN,
7335,GEN,
7336,GEN,
7337,GEN,
7338,GEN,
7339,GEN-EWS,775
7340,GEN,
7341,OBC-NCL,1307
7342,GEN,
7343,GEN-EWS,776
7344,GEN,
7345,GEN,
7346,OBC-NCL,1308
7347,GEN,
7348,GEN,
7349,GEN,
7350,OBC-NCL,1309
7351,GEN,
7352,GEN,
7353,GEN,
7353,GEN-EWS,777
7355,SC,122
7356,GEN,
7357,GEN,
7358,OBC-NCL,1310
7359,GEN,
7360,GEN,
7361,GEN-EWS,778
7362,GEN,
7363,GEN,
7364,GEN,
7365,GEN,
7366,GEN,
7367,OBC-NCL,1311
7368,GEN,
7369,GEN,
7370,GEN,
7371,GEN,
7372,GEN,
7373,GEN,
7374,GEN,
7375,OBC-NCL,1312
7376,GEN,
7377,GEN-EWS,779
7378,GEN-EWS,780
7379,ST,32
7380,GEN,
7381,GEN-EWS,781
7382,OBC-NCL,1313
7383,GEN,
7384,GEN,
7385,GEN,
7386,GEN,
7387,OBC-NCL,1314
7388,GEN,
7389,GEN,
7390,GEN-EWS,782
7391,OBC-NCL,1315
7392,OBC-NCL,1316
7393,GEN,
7394,GEN-EWS,783
7395,OBC-NCL,1317
7396,GEN-EWS,784
7397,GEN,
7398,GEN,
7399,GEN-EWS,785
7400,GEN-EWS,786
7401,GEN,
7402,OBC-NCL,1318
7403,GEN,
7404,GEN,
7405,GEN-EWS,787
7406,SC,123
7407,GEN,
7408,GEN,
7409,OBC-NCL,1319
7410,OBC-NCL,1320
7411,GEN,
7412,GEN-EWS,788
7413,GEN,
7414,GEN,
7415,GEN,
7416,GEN-EWS,789
7417,GEN-EWS,790
7418,GEN,
7419,OBC-NCL,1321
7420,OBC-NCL,1322
7421,GEN,
7422,GEN,
7423,GEN,
7424,GEN,
7425,GEN-EWS,791
7426,OBC-NCL,1323
7427,GEN,
7428,GEN,
7429,GEN,
7430,GEN,
7431,GEN-EWS,792
7432,GEN,
7433,GEN,
7434,GEN,
7435,GEN,
7436,GEN,
7437,OBC-NCL,1324
7438,GEN,
7439,GEN,
7440,GEN,
7441,GEN-EWS,793
7442,GEN,
7443,OBC-NCL,1325
7444,GEN-EWS,794
7445,GEN,
7446,GEN,
7447,OBC-NCL,1326
7448,GEN-EWS,795
7449,GEN,
7450,OBC-NCL,1327
7451,OBC-NCL,1328
7452,OBC-NCL,1329
7453,OBC-NCL,1330
7454,GEN,
7455,GEN-EWS,796
7456,GEN,
7457,OBC-NCL,1331
7458,GEN,
7459,GEN,
7460,OBC-NCL,1332
7461,GEN,
7462,GEN,
7463,GEN,
7464,OBC-NCL,1333
7465,OBC-NCL,1334
7466,GEN,
7467,GEN,
7468,GEN,
7469,GEN,
7470,OBC-NCL,1335
7471,GEN-EWS,797
7472,GEN,
7473,OBC-NCL,1336
7474,GEN,
7475,GEN,
7476,GEN,
7477,GEN,
7478,OBC-NCL,1337
7479,GEN,
7480,GEN,
7481,GEN,
7482,GEN,
7483,GEN,
7484,OBC-NCL,1338
7485,OBC-NCL,1339
7486,GEN,
7487,GEN,
7488,GEN-EWS,798
7489,OBC-NCL,1340
7490,OBC-NCL,1341
7491,GEN-EWS,799
7492,GEN,
7493,OBC-NCL,1342
7494,GEN,
7495,GEN,
7496,GEN,
7497,GEN,
7498,GEN,
7499,GEN,
7500,OBC-NCL,1343
7501,GEN,
7502,OBC-NCL,1344
7503,GEN,
7504,GEN-EWS,800
7505,OBC-NCL,1345
7506,GEN,
7507,GEN,
7508,GEN,
7509,OBC-NCL,1346
7510,GEN,
7511,OBC-NCL,1347
7512,OBC-NCL,1348
7513,GEN,
7514,GEN,
7515,OBC-NCL,1349
7516,OBC-NCL,1350
7517,GEN,
7518,GEN,
7519,ST,33
7520,SC,124
7521,GEN,
7522,SC,125
7523,GEN,
7524,OBC-NCL,1351
7525,GEN,
7526,GEN,
7527,GEN-EWS,801
7528,OBC-NCL,1352
7529,GEN,
7530,GEN,
7531,GEN,
7532,GEN-EWS,802
7533,GEN,
7534,GEN,
7535,GEN,
7535,OBC-NCL,1353
7537,OBC-NCL,1354
7538,GEN,
7539,GEN,
7540,GEN,
7541,GEN,
7542,GEN,
7543,GEN,
7544,GEN,
7545,GEN,
7546,GEN,
7547,GEN,
7548,GEN,
7549,GEN,
7550,GEN-EWS,803
7551,OBC-NCL,1355
7552,OBC-NCL,1356
7553,GEN,
7554,GEN,
7555,GEN-EWS,804
7556,GEN,
7557,OBC-NCL,1357
7558,GEN,
7559,GEN,
7560,GEN-EWS,805
7561,OBC-NCL,1358
7562,GEN-EWS,806
7563,GEN,
7564,SC,126
7565,GEN,
7566,OBC-NCL,1359
7567,SC,127
7568,GEN,
7569,GEN,
7570,OBC-NCL,1360
7571,GEN,
7572,GEN,
7573,GEN-EWS,807
7574,GEN,
7575,GEN-EWS,808
7576,GEN,
7577,GEN,
7578,OBC-NCL,1361
7579,GEN,
7580,GEN-EWS,809
7581,OBC-NCL,1362
7582,GEN,
7583,GEN,
7584,GEN,
7585,GEN-EWS,810
7586,OBC-NCL,1363
7587,GEN,
7588,OBC-NCL,1364
7589,OBC-NCL,1365
7590,GEN,
7591,GEN,
7592,GEN,
7593,GEN,
7594,GEN-EWS,811
7595,OBC-NCL,1366
7596,GEN,
7597,GEN,
7598,GEN,
7599,OBC-NCL,1367
7600,GEN,
7601,OBC-NCL,1368
7602,GEN,
7603,GEN,
7604,GEN,
7605,GEN,
7606,OBC-NCL,1369
7607,OBC-NCL,1370
7608,GEN,
7609,ST,34
7610,GEN,
7611,GEN,
7612,OBC-NCL,1371
7613,OBC-NCL,1372
7614,OBC-NCL,1373
7615,GEN,
7616,GEN,
7617,GEN,
7618,GEN,
7619,GEN,
7620,GEN,
7621,GEN,
7622,GEN,
7623,GEN,
7624,GEN,
7625,GEN-EWS,812
7626,OBC-NCL,1374
7627,OBC-NCL,1375
7628,OBC-NCL,1376
7629,GEN,
7630,SC,128
7631,GEN,
7632,OBC-NCL,1377
7633,GEN,
7634,GEN,
7635,OBC-NCL,1378
7636,GEN,
7637,GEN-EWS,813
7638,OBC-NCL,1379
7639,OBC-NCL,1380
7640,OBC-NCL,1381
7641,GEN,
7642,GEN,
7643,OBC-NCL,1382
7644,GEN-EWS,814
7645,GEN-EWS,815
7646,GEN,
7647,OBC-NCL,1383
7648,GEN,
7649,OBC-NCL,1384
7650,GEN,
7651,OBC-NCL,1385
7652,GEN,
7653,GEN,
7654,GEN,
7655,OBC-NCL,1386
7656,OBC-NCL,1387
7657,GEN,
7658,GEN,
7659,GEN,
7660,GEN,
7661,GEN,
7662,GEN,
7663,GEN-EWS,816
7664,GEN,
7665,GEN-EWS,817
7666,GEN,
7667,GEN,
7668,GEN-EWS,818
7669,GEN-EWS,819
7670,GEN,
7671,OBC-NCL,1388
7672,GEN,
7673,GEN,
7674,GEN,
7675,GEN,
7676,GEN-EWS,820
7677,OBC-NCL,1389
7678,GEN,
7679,GEN-EWS,821
7680,GEN,
7681,GEN,
7682,GEN-EWS,822
7683,OBC-NCL,1390
7684,SC,129
7685,GEN,
7686,GEN,
7687,GEN,
7688,GEN,
7689,GEN,
7690,GEN,
7691,GEN,
7692,GEN-EWS,823
7693,GEN,
7694,GEN,
7695,GEN,
7696,GEN,
7697,GEN,
7698,GEN,
7699,GEN,
7700,GEN,
7701,GEN,
7702,OBC-NCL,1391
7703,OBC-NCL,1392
7704,GEN,
7705,GEN,
7706,GEN-EWS,824
7707,GEN,
7708,GEN,
7709,OBC-NCL,1393
7710,GEN,
7711,GEN,
7712,GEN,
7713,GEN,
7714,GEN,
7715,GEN,
7716,GEN,
7717,GEN,
7718,GEN,
7719,ST,11
7720,GEN-EWS,825
7721,GEN,
7722,GEN,
7723,GEN-EWS,826
7724,GEN,
7725,OBC-NCL,1395
7726,GEN-EWS,827
7727,GEN,
7728,GEN,
7729,OBC-NCL,1396
7730,GEN,
7731,GEN,
7732,OBC-NCL,1397
7733,GEN,
7734,GEN-EWS,828
7735,OBC-NCL,1398
7736,GEN,
7737,GEN,
7738,GEN,
7739,GEN,
7740,GEN,
7741,GEN,
7742,GEN,
7743,GEN-EWS,829
7744,GEN,
7745,GEN,
7746,GEN-EWS,830
7747,GEN,
7748,OBC-NCL,1399
7749,SC,130
7750,OBC-NCL,1400
7751,GEN,
7752,OBC-NCL,1401
7753,GEN-EWS,831
7754,GEN,
7755,GEN,
7756,OBC-NCL,1402
7757,OBC-NCL,1403
7758,OBC-NCL,1404
7759,GEN-EWS,832
7760,GEN,
7761,GEN,
7762,GEN,
7763,OBC-NCL,1405
7764,OBC-NCL,1406
7765,OBC-NCL,1407
7766,GEN,
7767,GEN,
7768,GEN,
7769,OBC-NCL,1408
7770,GEN,
7771,ST,35
7772,OBC-NCL,1409
7773,GEN,
7774,GEN,
7775,GEN,
7776,GEN,
7777,GEN,
7778,GEN,
7779,GEN-EWS,833
7780,GEN-EWS,834
7781,GEN-EWS,835
7782,GEN,
7783,OBC-NCL,1410
7784,GEN,
7785,GEN,
7786,GEN-EWS,836
7787,GEN,
7788,GEN,
7789,OBC-NCL,1411
7790,GEN,
7791,OBC-NCL,1412
7792,GEN-EWS,837
7793,GEN,
7794,GEN,
7795,GEN,
7796,GEN,
7797,OBC-NCL,1413
7798,GEN,
7799,GEN,
7800,GEN,
7801,GEN-EWS,838
7802,GEN,
7803,GEN,
7804,GEN-EWS,839
7805,GEN,
7806,OBC-NCL,1414
7807,GEN,
7808,OBC-NCL,1415
7809,GEN,
7810,GEN-EWS,840
7811,GEN,
7812,GEN,
7813,GEN,
7814,GEN,
7815,GEN,
7816,GEN,
7817,GEN,
7818,GEN,
7819,OBC-NCL,1416
7820,OBC-NCL,1417
7821,GEN,
7822,GEN,
7823,GEN,
7824,GEN,
7825,OBC-NCL,1418
7826,GEN,
7827,GEN-EWS,841
7828,GEN,
7829,GEN,
7830,GEN,
7831,GEN,
7832,OBC-NCL,1419
7833,OBC-NCL,1420
7834,GEN,
7835,GEN,
7836,GEN,
7837,OBC-NCL,1421
7838,GEN,
7839,GEN,
7840,GEN,
7841,GEN-EWS,842
7842,GEN,
7843,OBC-NCL,1422
7844,OBC-NCL,1423
7845,GEN,
7846,GEN,
7847,GEN,
7848,GEN,
7849,GEN,
7850,OBC-NCL,1424
7851,GEN,
7852,GEN,
7853,SC,131
7854,OBC-NCL,1425
7855,GEN,
7856,GEN,
7857,SC,132
7858,GEN,
7859,GEN,
7860,SC,133
7861,SC,134
7862,OBC-NCL,1426
7863,GEN-EWS,843
7864,GEN,
7864,GEN,
7866,OBC-NCL,1427
7867,OBC-NCL,1428
7868,OBC-NCL,1429
7869,GEN,
7870,GEN,
7871,OBC-NCL,1430
7872,GEN,
7873,GEN,
7874,GEN,
7875,OBC-NCL,1431
7876,GEN,
7877,GEN,
7878,GEN,
7879,OBC-NCL,1432
7880,OBC-NCL,1433
7881,GEN,
7882,GEN-EWS,844
7883,GEN-EWS,845
7884,OBC-NCL,1434
7885,OBC-NCL,1435
7886,GEN,
7887,GEN,
7888,GEN,
7889,GEN,
7890,GEN-EWS,846
7891,GEN-EWS,847
7892,GEN-EWS,848
7893,GEN,
7894,ST,36
7895,GEN,
7896,GEN,
7897,GEN,
7898,GEN,
7899,OBC-NCL,1436
7900,GEN,
7901,SC,135
7902,GEN,
7903,GEN,
7904,GEN,
7905,GEN-EWS,849
7906,GEN,
7907,OBC-NCL,1437
7908,GEN,
7909,OBC-NCL,1438
7910,OBC-NCL,1439
7911,OBC-NCL,1440
7912,OBC-NCL,1441
7913,GEN,
7914,OBC-NCL,1442
7915,GEN,
7916,GEN,
7917,OBC-NCL,1443
7918,GEN,
7919,GEN,
7920,OBC-NCL,1444
7921,GEN,
7922,OBC-NCL,1445
7923,GEN-EWS,850
7924,GEN,
7925,OBC-NCL,1446
7926,GEN,
7927,GEN,
7928,GEN,
7929,GEN,
7930,GEN,
7931,GEN,
7932,OBC-NCL,1447
7933,GEN,
7934,GEN,
7935,GEN,
7936,GEN,
7937,GEN,
7938,OBC-NCL,1448
7939,GEN-EWS,851
7940,GEN,
7941,OBC-NCL,1449
7942,OBC-NCL,1450
7943,GEN,
7944,GEN,
7945,GEN,
7946,GEN,
7947,GEN,
7948,GEN,
7949,GEN,
7950,OBC-NCL,1451
7951,GEN,
7952,OBC-NCL,1452
7953,GEN,
7954,GEN-EWS,852
7955,OBC-NCL,1453
7956,GEN,
7957,OBC-NCL,1454
7958,GEN,
7959,GEN,
7960,OBC-NCL,1455
7961,OBC-NCL,1456
7962,GEN-EWS,853
7963,GEN,
7964,OBC-NCL,1457
7965,GEN,
7966,GEN,
7967,GEN,
7968,GEN,
7969,GEN,
7970,GEN,
7971,GEN,
7972,GEN,
7973,GEN,
7974,GEN,
7975,GEN,
7976,OBC-NCL,1458
7977,OBC-NCL,1459
7978,OBC-NCL,1460
7979,GEN,
7980,OBC-NCL,1461
7981,OBC-NCL,1462
7982,GEN-EWS,854
7983,GEN,
7984,SC,136
7985,OBC-NCL,1463
7986,GEN,
7987,GEN,
7988,GEN,
7989,GEN,
7990,GEN-EWS,855
7991,GEN,
7992,GEN-EWS,856
7993,GEN,
7994,OBC-NCL,1464
7995,GEN,
7996,GEN,
7997,GEN,
7998,SC,137
7999,GEN-EWS,857
8000,OBC-NCL,1465
8001,OBC-NCL,1466
8002,GEN,
8003,GEN,
8004,GEN,
8005,GEN,
8006,GEN,
8007,GEN,
8008,GEN,
8009,GEN,
8010,GEN,
8011,GEN,
8012,GEN-EWS,858
8013,GEN,
8014,GEN-EWS,859
8015,GEN,
8016,ST,37
8017,GEN,
8018,GEN,
8019,GEN,
8020,GEN-EWS,860
8021,GEN,
8022,OBC-NCL,1467
8023,GEN,
8024,GEN-EWS,861
8025,GEN,
8026,GEN,
8027,GEN,
8028,GEN,
8029,GEN,
8030,GEN,
8031,GEN,
8032,GEN,
8033,GEN,
8034,GEN,
8035,GEN-EWS,862
8036,GEN,
8037,GEN,
8038,GEN-EWS,863
8039,GEN,
8040,GEN,
8041,GEN-EWS,864
8042,GEN-EWS,865
8043,GEN,
8044,GEN-EWS,866
8045,GEN,
8046,GEN-EWS,867
8047,GEN,
8048,GEN,
8049,OBC-NCL,1468
8050,GEN,
8051,GEN,
8052,GEN-EWS,868
8053,GEN,
8054,GEN-EWS,869
8055,GEN,
8056,GEN,
8057,OBC-NCL,1469
8058,OBC-NCL,1470
8059,GEN,
8060,GEN,
8061,GEN,
8062,OBC-NCL,1471
8063,GEN,
8064,GEN,
8065,GEN,
8066,GEN,
8067,OBC-NCL,1472
8068,GEN,
8069,GEN,
8070,GEN,
8071,GEN,
8072,GEN-EWS,870
8073,GEN,
8074,GEN,
8075,GEN,
8076,GEN,
8077,GEN,
8078,GEN-EWS,871
8079,GEN,
8080,OBC-NCL,1473
8081,OBC-NCL,1474
8082,GEN,
8083,GEN,
8084,GEN,
8085,GEN,
8086,GEN-EWS,872
8087,OBC-NCL,1475
8088,OBC-NCL,1476
8089,GEN,
8090,GEN,
8091,GEN-EWS,873
8092,GEN,
8093,GEN,
8094,GEN,
8094,OBC-NCL,1477
8096,GEN,
8097,OBC-NCL,1478
8098,SC,138
8099,GEN,
8100,GEN-EWS,874
8101,OBC-NCL,1479
8102,OBC-NCL,1480
8103,GEN,
8104,OBC-NCL,1481
8105,OBC-NCL,1482
8106,ST,38
8107,GEN,
8108,GEN,
8109,OBC-NCL,1483
8110,GEN,
8111,OBC-NCL,1484
8112,GEN,
8113,GEN,
8114,OBC-NCL,1485
8115,OBC-NCL,1486
8116,GEN,
8117,GEN-EWS,875
8118,SC,139
8119,GEN,
8120,GEN,
8121,GEN,
8122,OBC-NCL,1487
8123,GEN,
8124,GEN-EWS,876
8125,GEN,
8126,GEN,
8127,GEN,
8128,GEN,
8129,GEN,
8130,GEN,
8131,GEN,
8132,GEN,
8133,GEN,
8134,SC,140
8135,GEN-EWS,877
8136,GEN,
8137,GEN,
8138,GEN,
8139,GEN,
8140,OBC-NCL,1488
8141,OBC-NCL,1489
8142,GEN,
8143,GEN,
8144,GEN-EWS,878
8145,GEN,
8146,GEN,
8147,GEN,
8148,GEN-EWS,879
8149,GEN,
8150,GEN,
8151,GEN,
8152,GEN,
8153,GEN,
8154,OBC-NCL,1490
8155,GEN,
8156,GEN,
8157,GEN,
8158,OBC-NCL,1491
8159,GEN,
8160,GEN,
8161,OBC-NCL,1492
8162,GEN,
8163,OBC-NCL,1493
8164,GEN,
8165,GEN-EWS,880
8166,GEN,
8167,GEN,
8168,GEN,
8169,GEN,
8170,GEN,
8171,GEN,
8172,GEN,
8173,GEN,
8174,GEN,
8175,GEN,
8176,GEN,
8177,GEN,
8178,GEN,
8179,GEN,
8180,OBC-NCL,1494
8181,OBC-NCL,1495
8182,GEN,
8183,GEN,
8184,GEN,
8185,GEN,
8186,GEN-EWS,881
8187,OBC-NCL,141
8188,GEN,
8189,GEN,
8190,GEN,
8191,GEN-EWS,882
8192,GEN-EWS,883
8193,GEN,
8194,GEN,
8195,OBC-NCL,1496
8196,GEN,
8197,GEN,
8198,OBC-NCL,1497
8199,OBC-NCL,1498
8200,OBC-NCL,1499
8201,GEN,
8202,GEN,
8203,GEN,
8204,GEN,
8205,OBC-NCL,1500
8206,GEN,
8207,OBC-NCL,1501
8208,GEN,
8209,GEN,
8210,GEN,
8211,GEN,
8212,GEN,
8213,GEN,
8214,GEN,
8215,OBC-NCL,1502
8216,OBC-NCL,1503
8217,GEN-EWS,884
8218,GEN,
8219,GEN-EWS,885
8220,GEN,
8221,GEN-EWS,1504
8222,GEN,
8223,OBC-NCL,1505
8224,GEN,
8225,GEN,
8226,GEN,
8227,OBC-NCL,1506
8228,OBC-NCL,1507
8229,GEN-EWS,886
8230,GEN,
8231,GEN,
8232,GEN,
8233,GEN,
8234,GEN,
8235,OBC-NCL,1508
8236,GEN,
8237,GEN,
8238,OBC-NCL,1509
8239,GEN-EWS,887
8240,GEN,
8241,OBC-NCL,1510
8242,OBC-NCL,1511
8243,GEN,
8244,GEN-EWS,888
8245,GEN,
8246,OBC-NCL,1512
8247,GEN,
8248,GEN,
8249,OBC-NCL,1513
8250,OBC-NCL,1514
8251,GEN,
8252,GEN,
8253,OBC-NCL,1515
8254,GEN,
8255,OBC-NCL,1516
8256,GEN,
8257,GEN,
8258,GEN,
8259,OBC-NCL,1517
8260,GEN,
8261,GEN,
8262,GEN,
8263,OBC-NCL,1518
8264,OBC-NCL,1519
8265,GEN,
8266,GEN,
8267,GEN,
8267,OBC-NCL,1520
8269,GEN,
8270,OBC-NCL,1521
8271,GEN-EWS,889
8272,GEN-EWS,890
8273,GEN,
8274,GEN,
8275,GEN,
8276,GEN,
8277,GEN,
8278,GEN,
8279,OBC-NCL,1522
8280,OBC-NCL,1523
8281,GEN,
8282,GEN,
8283,GEN-EWS,891
8284,GEN,
8285,GEN,
8286,GEN,
8287,OBC-NCL,1524
8288,GEN,
8289,GEN,
8290,GEN,
8291,OBC-NCL,1525
8292,GEN,
8293,GEN,
8294,GEN,
8295,SC,142
8296,OBC-NCL,1526
8297,GEN-EWS,892
8298,GEN-EWS,893
8299,GEN,
8300,GEN,
8301,GEN,
8302,OBC-NCL,1527
8303,GEN,
8304,GEN-EWS,894
8305,GEN-EWS,895
8306,GEN,
8307,OBC-NCL,1528
8308,GEN-EWS,896
8309,GEN-EWS,897
8310,GEN,
8311,OBC-NCL,1529
8312,GEN-EWS,898
8313,GEN,
8314,SC,143
8315,OBC-NCL,1530
8316,GEN-EWS,899
8317,GEN,
8318,GEN,
8319,GEN-EWS,900
8320,OBC-NCL,1531
8321,GEN,
8322,GEN-EWS,901
8323,GEN,
8324,OBC-NCL,1532
8325,GEN,
8326,GEN,
8326,GEN,
8328,GEN,
8329,GEN,
8330,GEN,
8331,GEN,
8332,GEN,
8333,GEN,
8334,OBC-NCL,1533
8335,GEN,
8336,GEN,
8337,GEN,
8338,OBC-NCL,1534
8339,OBC-NCL,1535
8340,GEN,
8341,GEN-EWS,902
8342,OBC-NCL,1536
8343,GEN,
8344,GEN-EWS,903
8345,GEN-EWS,904
8346,GEN,
8347,GEN,
8348,GEN,
8349,OBC-NCL,1537
8350,OBC-NCL,1538
8351,GEN,
8352,GEN-EWS,905
8353,GEN,
8354,GEN-EWS,906
8355,GEN,
8356,GEN,
8357,OBC-NCL,1539
8358,GEN-EWS,907
8359,GEN,
8360,GEN-EWS,908
8361,GEN-EWS,909
8362,OBC-NCL,1540
8363,GEN,
8364,GEN,
8365,OBC-NCL,1541
8366,GEN,
8367,OBC-NCL,1542
8368,OBC-NCL,1543
8369,GEN,
8370,OBC-NCL,1544
8371,GEN,
8372,GEN,
8373,OBC-NCL,1545
8374,GEN,
8375,GEN-EWS,910
8376,OBC-NCL,1546
8377,GEN-EWS,911
8378,GEN,
8379,GEN,
8380,GEN,
8381,OBC-NCL,1547
8382,GEN,
8383,GEN,
8384,GEN,
8385,GEN,
8386,GEN,
8387,GEN,
8388,GEN,
8389,GEN,
8390,GEN-EWS,912
8391,GEN,
8392,GEN,
8393,OBC-NCL,1548
8394,OBC-NCL,1549
8395,GEN,
8396,GEN,
8397,GEN,
8398,GEN,
8399,GEN,
8400,GEN,
8401,GEN,
8402,GEN,
8403,OBC-NCL,1550
8404,OBC-NCL,1551
8405,GEN,
8406,GEN,
8407,OBC-NCL,1552
8408,GEN,
8409,OBC-NCL,1553
8410,GEN-EWS,913
8411,OBC-NCL,1554
8412,GEN,
8413,GEN,
8414,GEN-EWS,1555
8415,OBC-NCL,1556
8416,GEN,
8417,GEN,
8418,GEN-EWS,914
8419,GEN,
8420,GEN,
8421,OBC-NCL,1557
8422,OBC-NCL,1558
8423,GEN-EWS,915
8424,GEN,
8425,GEN-EWS,916
8426,GEN,
8427,GEN-EWS,917
8428,OBC-NCL,1559
8429,GEN,
8430,GEN,
8431,OBC-NCL,1560
8432,GEN,
8433,GEN-EWS,918
8434,GEN,
8435,GEN-EWS,919
8436,GEN-EWS,920
8437,SC,144
8438,GEN,
8439,OBC-NCL,1561
8440,GEN,
8441,GEN,
8442,GEN,
8443,GEN,
8444,GEN-EWS,921
8445,GEN,
8446,GEN,
8447,GEN-EWS,922
8448,GEN,
8449,GEN,
8450,GEN,
8451,GEN,
8452,GEN,
8453,GEN,
8454,OBC-NCL,1562
8455,GEN,
8456,GEN,
8457,GEN,
8458,OBC-NCL,1563
8459,OBC-NCL,1564
8460,OBC-NCL,1565
8461,GEN,
8462,GEN,
8463,GEN,
8464,GEN,
8465,GEN,
8466,GEN,
8467,GEN,
8468,GEN,
8469,OBC-NCL,1566
8470,OBC-NCL,1567
8471,GEN,
8472,GEN,
8473,GEN,
8474,GEN,
8475,GEN,
8476,GEN,
8477,GEN,
8478,GEN,
8479,GEN,
8480,SC,145
8481,OBC-NCL,1568
8482,OBC-NCL,1569
8483,GEN,
8484,GEN-EWS,923
8485,GEN,
8486,GEN,
8487,OBC-NCL,1570
8488,GEN,
8489,GEN-EWS,924
8490,GEN,
8491,GEN,
8492,GEN,
8493,OBC-NCL,1571
8494,OBC-NCL,1572
8495,OBC-NCL,1573
8496,GEN,
8497,OBC-NCL,146
8498,OBC-NCL,1574
8499,GEN,
8500,GEN,
8501,OBC-NCL,1575
8502,GEN,
8503,GEN,
8504,GEN,
8505,GEN,
8506,GEN,
8507,GEN,
8508,OBC-NCL,1576
8509,GEN,
8510,SC,147
8511,GEN,
8512,GEN,
8513,OBC-NCL,1577
8514,GEN-EWS,925
8515,GEN,
8516,GEN,
8517,GEN-EWS,926
8518,GEN-EWS,927
8519,GEN,
8520,OBC-NCL,1578
8521,GEN,
8522,GEN-EWS,928
8523,GEN,
8524,GEN,
8525,GEN,
8526,GEN,
8527,GEN-EWS,929
8528,GEN-EWS,930
8529,OBC-NCL,1579
8530,GEN,
8531,GEN-EWS,931
8532,OBC-NCL,1580
8533,GEN-EWS,932
8534,GEN,
8535,GEN-EWS,933
8536,OBC-NCL,1581
8537,GEN,
8538,GEN,
8539,GEN-EWS,934
8540,OBC-NCL,1582
8541,GEN,
8542,GEN-EWS,935
8543,GEN-EWS,936
8544,OBC-NCL,1583
8545,GEN,
8546,GEN,
8547,GEN,
8548,OBC-NCL,1584
8549,GEN,
8550,OBC-NCL,1585
8551,GEN,
8552,GEN-EWS,937
8553,OBC-NCL,1586
8554,GEN,
8555,GEN-EWS,938
8556,GEN,
8557,GEN-EWS,939
8558,GEN,
8559,OBC-NCL,1587
8560,GEN,
8561,GEN,
8562,GEN,
8563,GEN,
8564,GEN,
8565,OBC-NCL,1588
8566,OBC-NCL,1589
8567,GEN-EWS,940
8568,GEN,
8569,GEN,
8570,GEN,
8571,GEN-EWS,941
8572,OBC-NCL,1590
8573,GEN-EWS,942
8574,GEN,
8575,GEN,
8576,GEN,
8577,GEN-EWS,943
8578,GEN,
8579,GEN,
8580,GEN,
8581,GEN,
8582,GEN,
8583,GEN,
8584,OBC-NCL,1591
8585,GEN,
8586,GEN,
8587,OBC-NCL,1592
8588,GEN,
8589,OBC-NCL,1593
8590,GEN,
8591,GEN,
8592,GEN,
8593,SC,148
8594,GEN,
8594,GEN,
8596,GEN,
8597,GEN-EWS,944
8598,GEN,
8599,GEN,
8600,OBC-NCL,1594
8601,GEN,
8602,OBC-NCL,1595
8603,GEN,
8604,GEN,
8605,GEN,
8606,OBC-NCL,1596
8607,OBC-NCL,1597
8608,GEN-EWS,945
8609,GEN,
8610,GEN,
8611,GEN,
8612,GEN-EWS,946
8613,OBC-NCL,1598
8614,GEN,
8615,GEN,
8616,GEN,
8617,GEN,
8618,GEN,
8619,GEN,
8620,GEN,
8621,OBC-NCL,1599
8622,GEN-EWS,947
8623,GEN,
8624,GEN,
8625,GEN-EWS,948
8626,GEN,
8627,GEN-EWS,949
8628,GEN,
8629,GEN,
8630,GEN,
8631,GEN-EWS,950
8632,OBC-NCL,1600
8633,GEN,
8634,OBC-NCL,1601
8635,OBC-NCL,1602
8636,GEN,
8637,GEN,
8638,GEN,
8639,GEN,
8640,GEN-EWS,951
8641,OBC-NCL,1603
8642,GEN,
8643,OBC-NCL,1604
8644,OBC-NCL,1605
8645,OBC-NCL,1606
8646,GEN,
8647,GEN-EWS,952
8648,OBC-NCL,1607
8649,GEN,
8650,GEN,
8651,GEN,
8652,GEN-EWS,953
8653,GEN,
8654,GEN-EWS,954
8655,GEN,
8656,GEN,
8657,GEN,
8658,OBC-NCL,1608
8659,OBC-NCL,1609
8660,GEN,
8661,GEN-EWS,955
8662,GEN,
8663,OBC-NCL,1610
8664,GEN,
8665,OBC-NCL,1611
8666,GEN,
8667,GEN,
8668,OBC-NCL,1612
8669,GEN,
8670,OBC-NCL,1613
8671,GEN,
8672,GEN-EWS,956
8673,GEN,
8674,GEN,
8675,GEN,
8676,GEN,
8677,OBC-NCL,1614
8678,GEN,
8679,GEN,
8680,OBC-NCL,1615
8681,GEN,
8682,GEN-EWS,957
8683,GEN,
8684,GEN-EWS,958
8685,GEN,
8686,GEN,
8687,SC,149
8688,OBC-NCL,1616
8689,GEN-EWS,959
8690,SC,150
8691,GEN-EWS,960
8692,GEN-EWS,961
8693,GEN,
8694,OBC-NCL,1617
8695,GEN,
8696,GEN,
8697,GEN,
8698,GEN,
8699,GEN,
8700,GEN,
8701,GEN-EWS,962
8702,GEN,
8703,GEN-EWS,963
8704,GEN-EWS,964
8705,GEN,
8706,GEN,
8707,GEN,
8708,GEN,
8709,GEN,
8710,GEN-EWS,965
8711,GEN,
8712,GEN,
8712,GEN,
8714,GEN,
8715,GEN-EWS,966
8716,GEN-EWS,967
8717,ST,39
8718,GEN,
8719,SC,151
8720,GEN,
8721,GEN,
8722,GEN,
8723,OBC-NCL,1618
8724,GEN,
8725,GEN-EWS,968
8726,OBC-NCL,1619
8727,GEN-EWS,969
8728,GEN,
8729,GEN,
8730,GEN,
8731,GEN,
8732,GEN,
8733,GEN,
8734,GEN,
8735,OBC-NCL,1620
8736,GEN,
8737,GEN-EWS,1621
8738,OBC-NCL,1622
8739,GEN,
8740,GEN,
8741,GEN,
8742,OBC-NCL,1623
8743,GEN,
8744,OBC-NCL,1624
8745,GEN,
8746,OBC-NCL,1625
8747,OBC-NCL,1626
8748,GEN,
8749,OBC-NCL,1627
8750,OBC-NCL,1628
8751,GEN,
8752,GEN,
8753,GEN,
8754,GEN,
8755,GEN-EWS,970
8756,SC,152
8757,GEN,
8758,GEN,
8759,OBC-NCL,1629
8760,GEN,
8761,OBC-NCL,1630
8762,GEN,
8763,GEN,
8764,GEN,
8765,OBC-NCL,1631
8766,OBC-NCL,1632
8767,GEN,
8768,GEN,
8769,GEN,
8770,GEN,
8771,GEN-EWS,971
8772,OBC-NCL,1633
8773,OBC-NCL,1634
8774,GEN,
8775,GEN,
8776,OBC-NCL,1635
8777,GEN,
8778,GEN,
8779,GEN-EWS,972
8780,GEN-EWS,973
8781,GEN,
8782,GEN,
8783,GEN,
8784,GEN,
8785,GEN,
8786,GEN,
8787,GEN,
8788,GEN,
8789,GEN,
8790,GEN,
8791,GEN,
8792,OBC-NCL,1636
8793,GEN,
8794,GEN,
8795,SC,153
8796,GEN-EWS,974
8797,GEN,
8798,GEN,
8799,GEN-EWS,975
8800,GEN,
8801,GEN,
8802,GEN,
8803,GEN,
8804,GEN,
8805,GEN,
8806,GEN,
8807,GEN-EWS,976
8808,GEN-EWS,977
8809,GEN,
8810,GEN,
8811,GEN,
8812,OBC-NCL,1637
8813,GEN,
8814,GEN,
8815,GEN-EWS,978
8816,GEN,
8817,GEN,
8818,GEN,
8819,GEN,
8820,GEN,
8821,OBC-NCL,1638
8822,GEN,
8823,GEN-EWS,979
8824,OBC-NCL,1639
8825,GEN,
8826,GEN,
8827,OBC-NCL,1640
8828,GEN-EWS,980
8829,GEN,
8830,GEN,
8831,OBC-NCL,1641
8832,GEN,
8833,OBC-NCL,1642
8834,OBC-NCL,1643
8835,GEN,
8836,GEN,
8837,OBC-NCL,1644
8838,GEN,
8839,GEN,
8840,GEN,
8841,GEN,
8842,GEN-EWS,981
8843,GEN,
8844,OBC-NCL,1645
8845,GEN,
8846,OBC-NCL,1646
8847,GEN,
8848,GEN,
8849,GEN,
8850,OBC-NCL,1647
8851,GEN,
8852,GEN,
8853,GEN,
8854,OBC-NCL,1648
8855,GEN,
8856,GEN,
8857,GEN,
8858,GEN-EWS,982
8859,GEN,
8860,GEN,
8861,GEN-EWS,983
8862,GEN,
8863,GEN,
8864,GEN,
8865,GEN,
8866,GEN,
8867,GEN,
8868,GEN,
8869,OBC-NCL,1649
8870,OBC-NCL,1650
8871,GEN,
8872,GEN,
8873,GEN,
8874,GEN,
8875,GEN,
8876,GEN-EWS,984
8877,GEN,
8878,GEN,
8879,OBC-NCL,1651
8880,GEN,
8881,GEN,
8882,OBC-NCL,1652
8883,GEN,
8884,GEN,
8885,GEN,
8886,GEN,
8887,OBC-NCL,1653
8888,GEN,
8889,GEN,
8890,OBC-NCL,1654
8891,GEN,
8892,GEN,
8893,GEN-EWS,985
8894,GEN-EWS,986
8895,GEN,
8896,GEN,
8897,GEN,
8898,GEN,
8899,GEN,
8900,GEN,
8901,OBC-NCL,1655
8902,GEN,
8903,OBC-NCL,1656
8904,OBC-NCL,1657
8905,GEN,
8906,GEN-EWS,987
8907,GEN,
8908,GEN,
8909,GEN-EWS,988
8910,GEN,
8911,OBC-NCL,1658
8912,GEN-EWS,989
8913,GEN,
8914,GEN-EWS,990
8915,GEN,
8916,GEN,
8917,GEN,
8918,GEN,
8919,GEN,
8920,OBC-NCL,1659
8921,GEN,
8922,GEN-EWS,991
8923,GEN,
8924,GEN,
8925,OBC-NCL,1660
8926,GEN,
8927,GEN,
8928,GEN-EWS,992
8929,GEN,
8930,GEN,
8931,GEN-EWS,993
8932,GEN,
8933,GEN,
8934,GEN-EWS,994
8935,OBC-NCL,1661
8936,OBC-NCL,1662
8937,GEN-EWS,995
8938,OBC-NCL,1663
8939,GEN,
8940,GEN,
8941,GEN,
8942,GEN-EWS,996
8943,GEN,
8944,GEN,
8945,GEN,
8946,GEN,
8947,OBC-NCL,1664
8948,GEN,
8949,OBC-NCL,1665
8950,GEN,
8951,GEN-EWS,997
8952,OBC-NCL,1666
8953,OBC-NCL,1667
8954,GEN-EWS,998
8955,OBC-NCL,1668
8956,OBC-NCL,1669
8957,OBC-NCL,1670
8958,GEN,
8959,GEN,
8960,GEN,
8961,GEN,
8962,OBC-NCL,1671
8963,OBC-NCL,1672
8964,GEN-EWS,999
8965,GEN,
8966,GEN,
8967,GEN,
8968,GEN,
8969,OBC-NCL,1673
8970,GEN-EWS,1000
8971,GEN,
8972,OBC-NCL,1674
8973,GEN,
8974,GEN-EWS,1001
8975,GEN,
8976,GEN-EWS,1002
8977,GEN,
8978,GEN,
8979,SC,154
8980,GEN,
8981,GEN,
8982,GEN,
8983,GEN-EWS,1003
8984,GEN,
8985,GEN,
8986,GEN-EWS,1004
8987,GEN-EWS,1005
8988,GEN,
8989,OBC-NCL,1675
8990,GEN,
8991,SC,155
8992,GEN,
8993,GEN,
8994,GEN,
8995,SC,156
8996,GEN,
8997,GEN,
8998,GEN-EWS,1006
8999,OBC-NCL,1676
9000,OBC-NCL,1677
9001,OBC-NCL,1678
9002,GEN-EWS,1007
9003,OBC-NCL,1679
9004,GEN,
9005,GEN,
9006,GEN,
9007,GEN,
9008,GEN,
9009,GEN,
9010,OBC-NCL,1680
9011,GEN,
9012,GEN,
9013,SC,157
9014,GEN,
9015,GEN,
9016,GEN,
9017,GEN,
9018,GEN-EWS,1008
9019,GEN,
9020,GEN,
9021,GEN,
9022,GEN,
9023,GEN,
9023,OBC-NCL,1681
9025,GEN,
9026,GEN,
9027,GEN-EWS,1009
9028,GEN,
9029,GEN,
9030,GEN,
9031,GEN,
9032,GEN,
9033,OBC-NCL,1682
9034,GEN,
9035,GEN,
9036,GEN,
9037,GEN-EWS,1010
9038,GEN,
9039,GEN-EWS,1011
9040,GEN,
9041,GEN,
9042,GEN,
9043,OBC-NCL,1683
9044,GEN,
9045,OBC-NCL,1684
9046,GEN,
9047,GEN-EWS,1012
9048,GEN-EWS,1013
9049,GEN,
9050,GEN,
9051,OBC-NCL,1685
9052,GEN-EWS,1014
9053,GEN-EWS,1015
9054,GEN,
9055,GEN-EWS,1016
9056,GEN,
9057,GEN,
9058,OBC-NCL,1686
9059,GEN,
9060,GEN-EWS,1017
9061,GEN,
9062,GEN,
9063,OBC-NCL,1687
9064,GEN,
9065,GEN,
9066,OBC-NCL,1688
9067,GEN,
9068,GEN,
9069,GEN,
9070,GEN,
9071,OBC-NCL,1689
9072,OBC-NCL,1690
9073,GEN,
9074,GEN,
9075,GEN,
9076,GEN-EWS,1018
9077,GEN,
9078,GEN,
9079,OBC-NCL,1691
9080,GEN,
9081,GEN,
9082,GEN,
9083,OBC-NCL,1692
9084,GEN,
9085,GEN-EWS,1019
9086,GEN-EWS,1020
9087,SC,158
9088,GEN,
9089,OBC-NCL,1693
9090,OBC-NCL,1694
9091,GEN-EWS,1021
9092,GEN,
9093,GEN-EWS,1022
9094,GEN,
9095,OBC-NCL,1695
9096,OBC-NCL,1696
9097,OBC-NCL,1697
9098,GEN-EWS,1023
9099,GEN,
9100,GEN-EWS,1024
9101,GEN,
9102,OBC-NCL,1698
9103,GEN,
9104,GEN,
9105,GEN,
9106,OBC-NCL,1699
9107,GEN,
9108,GEN,
9109,GEN,
9110,OBC-NCL,1700
9111,OBC-NCL,1701
9112,GEN,
9113,GEN,
9114,GEN-EWS,1025
9115,GEN,
9116,GEN,
9117,GEN,
9118,OBC-NCL,1702
9119,GEN,
9120,OBC-NCL,1703
9121,GEN,
9122,ST,40
9123,SC,160
9124,GEN,
9125,OBC-NCL,1704
9126,OBC-NCL,1705
9127,GEN,
9128,OBC-NCL,1706
9129,OBC-NCL,1707
9130,GEN,
9131,GEN,
9132,GEN,
9133,GEN-EWS,1026
9134,OBC-NCL,1708
9135,GEN-EWS,1027
9136,GEN,
9137,OBC-NCL,1709
9138,GEN,
9139,GEN-EWS,1028
9140,ST,41
9141,GEN-EWS,1029
9142,GEN-EWS,1030
9143,OBC-NCL,1710
9144,GEN-EWS,1031
9145,GEN,
9146,GEN,
9147,GEN,
9148,GEN,
9149,GEN,
9150,GEN,
9151,OBC-NCL,1711
9152,GEN,
9153,GEN,
9154,OBC-NCL,1712
9155,GEN,
9156,GEN,
9157,GEN,
9158,GEN,
9159,OBC-NCL,1713
9160,SC,161
9161,GEN,
9162,GEN-EWS,1032
9163,GEN,
9164,GEN-EWS,1033
9165,GEN,
9166,OBC-NCL,1714
9167,GEN,
9168,GEN,
9169,GEN,
9170,GEN,
9171,SC,162
9172,OBC-NCL,1715
9173,GEN,
9174,OBC-NCL,1716
9175,GEN-EWS,1034
9176,OBC-NCL,1717
9177,OBC-NCL,1718
9178,GEN-EWS,1035
9179,OBC-NCL,1719
9180,OBC-NCL,1720
9181,GEN,
9182,GEN,
9183,GEN,
9184,GEN,
9185,GEN,
9186,GEN-EWS,1036
9187,GEN-EWS,1037
9188,GEN-EWS,1038
9189,OBC-NCL,1721
9190,GEN,
9191,GEN,
9192,GEN,
9193,GEN,
9194,GEN,
9195,GEN,
9196,GEN,
9197,GEN,
9198,GEN,
9199,GEN,
9200,OBC-NCL,1722
9201,GEN,
9202,GEN,
9203,GEN,
9204,GEN-EWS,1039
9205,GEN-EWS,1040
9206,OBC-NCL,1723
9207,GEN,
9208,GEN,
9209,GEN,
9210,GEN,
9211,GEN,
9212,GEN-EWS,1724
9213,GEN,
9214,GEN-EWS,1041
9215,OBC-NCL,1725
9216,GEN-EWS,1042
9217,GEN,
9218,OBC-NCL,1726
9219,OBC-NCL,1727
9220,GEN,
9221,GEN,
9222,GEN,
9223,GEN,
9224,OBC-NCL,1728
9225,GEN,
9226,GEN,
9227,GEN,
9228,GEN,
9229,GEN-EWS,1043
9230,GEN,
9231,GEN,
9232,GEN,
9233,GEN,
9234,GEN-EWS,1044
9235,GEN,
9236,GEN,
9237,GEN,
9238,GEN,
9239,OBC-NCL,1729
9240,OBC-NCL,1730
9241,GEN,
9242,OBC-NCL,1731
9243,GEN,
9244,GEN,
9245,GEN,
9246,GEN,
9247,GEN,
9248,GEN,
9249,GEN,
9250,OBC-NCL,1732
9251,GEN,
9252,OBC-NCL,1733
9253,OBC-NCL,1734
9254,GEN,
9255,OBC-NCL,1735
9256,GEN,
9257,GEN,
9258,OBC-NCL,1736
9259,GEN,
9260,GEN,
9261,OBC-NCL,1737
9262,GEN,
9263,OBC-NCL,1738
9264,OBC-NCL,1739
9265,OBC-NCL,1740
9266,OBC-NCL,1741
9267,GEN,
9268,OBC-NCL,1742
9269,GEN-EWS,1045
9270,GEN,
9271,GEN,
9272,GEN,
9273,SC,163
9274,GEN-EWS,1046
9275,GEN-EWS,1047
9276,GEN-EWS,1048
9277,OBC-NCL,1743
9278,GEN,
9279,GEN,
9280,GEN-EWS,1049
9281,GEN,
9282,GEN,
9283,GEN,
9284,GEN,
9285,OBC-NCL,1744
9286,OBC-NCL,1745
9287,GEN,
9288,GEN,
9289,GEN-EWS,1050
9290,OBC-NCL,1746
9291,OBC-NCL,1747
9292,OBC-NCL,1748
9293,GEN,
9294,GEN,
9295,GEN,
9296,GEN,
9297,GEN,
9298,GEN-EWS,1051
9299,OBC-NCL,1749
9300,OBC-NCL,1750
9301,GEN,
9302,GEN,
9303,GEN-EWS,1052
9304,GEN,
9305,GEN,
9306,GEN,
9307,OBC-NCL,1751
9308,OBC-NCL,1752
9309,OBC-NCL,1753
9310,GEN,
9311,GEN,
9312,OBC-NCL,1754
9313,OBC-NCL,1755
9314,GEN,
9315,OBC-NCL,1756
9316,OBC-NCL,1757
9317,GEN,
9318,GEN,
9319,GEN,
9320,GEN,
9321,GEN,
9322,OBC-NCL,1758
9323,GEN-EWS,1053
9324,GEN,
9325,OBC-NCL,1759
9326,GEN,
9327,GEN,
9328,OBC-NCL,1760
9329,GEN,
9330,GEN,
9331,GEN-EWS,1054
9332,GEN-EWS,1055
9333,GEN-EWS,1056
9334,OBC-NCL,1761
9335,GEN,
9336,OBC-NCL,1762
9337,GEN,
9338,OBC-NCL,1763
9339,GEN,
9340,GEN,
9341,GEN-EWS,1057
9342,GEN,
9343,GEN,
9344,OBC-NCL,1764
9345,GEN,
9346,OBC-NCL,1765
9347,GEN,
9348,OBC-NCL,1766
9349,OBC-NCL,1767
9350,GEN-EWS,1058
9351,GEN,
9352,OBC-NCL,1768
9353,OBC-NCL,1769
9354,OBC-NCL,1770
9355,OBC-NCL,1771
9356,GEN,
9357,SC,164
9358,GEN-EWS,1059
9359,OBC-NCL,1772
9360,GEN-EWS,1773
9361,GEN-EWS,1060
9362,GEN,
9363,OBC-NCL,1774
9364,GEN,
9365,GEN,
9366,GEN,
9367,GEN,
9368,OBC-NCL,1775
9369,GEN,
9370,GEN,
9371,GEN,
9372,OBC-NCL,1776
9373,GEN,
9374,GEN,
9375,GEN,
9376,GEN,
9377,GEN,
9378,GEN,
9379,OBC-NCL,1777
9380,GEN-EWS,1061
9381,GEN,
9382,OBC-NCL,1778
9383,ST,42
9384,GEN,
9385,GEN,
9386,SC,165
9387,GEN,
9388,GEN,
9389,GEN,
9390,GEN,
9391,GEN-EWS,1062
9392,OBC-NCL,1779
9393,GEN,
9394,OBC-NCL,1780
9395,GEN,
9396,GEN,
9397,GEN,
9398,GEN,
9399,GEN,
9400,ST,43
9401,GEN-EWS,1063
9402,SC,166
9403,GEN,
9404,GEN,
9405,GEN,
9406,GEN-EWS,1064
9407,GEN,
9408,GEN,
9409,OBC-NCL,1781
9410,GEN,
9411,GEN,
9412,GEN,
9413,GEN,
9414,OBC-NCL,1782
9415,GEN,
9416,GEN,
9417,OBC-NCL,1783
9418,OBC-NCL,1784
9419,GEN,
9419,GEN-EWS,1065
9421,GEN,
9422,GEN,
9423,GEN,
9424,GEN,
9425,GEN,
9426,GEN,
9427,GEN-EWS,1066
9428,GEN,
9429,OBC-NCL,1785
9430,GEN,
9431,GEN-EWS,1067
9432,GEN,
9433,GEN-EWS,1068
9434,GEN,
9435,GEN-EWS,1786
9436,GEN,
9437,GEN,
9438,GEN,
9439,GEN,
9440,OBC-NCL,1787
9441,OBC-NCL,1788
9442,GEN,
9443,GEN-EWS,1069
9444,GEN,
9445,GEN,
9446,GEN-EWS,1070
9447,GEN-EWS,1071
9448,OBC-NCL,1789
9449,GEN,
9450,GEN,
9451,GEN,
9452,GEN,
9453,GEN,
9454,GEN,
9455,GEN-EWS,1072
9456,GEN,
9457,GEN,
9458,GEN,
9459,OBC-NCL,1790
9460,GEN,
9461,GEN,
9462,GEN,
9463,GEN,
9464,GEN,
9465,OBC-NCL,1791
9466,OBC-NCL,1792
9467,GEN,
9468,GEN,
9469,GEN,
9470,GEN,
9471,GEN,
9472,GEN,
9473,GEN,
9474,GEN,
9475,GEN,
9476,GEN,
9477,GEN,
9478,GEN,
9479,GEN,
9480,GEN-EWS,1073
9481,GEN-EWS,1074
9482,GEN,
9483,OBC-NCL,1793
9484,GEN,
9485,OBC-NCL,1794
9486,GEN,
9487,GEN,
9488,OBC-NCL,1795
9489,GEN-EWS,1075
9490,GEN,
9491,GEN,
9492,GEN,
9493,GEN,
9494,OBC-NCL,1796
9495,OBC-NCL,1797
9496,OBC-NCL,1798
9497,GEN-EWS,1076
9498,GEN-EWS,1077
9499,GEN,
9500,GEN,
9501,GEN,
9502,GEN,
9503,GEN,
9504,GEN,
9505,GEN-EWS,1078
9506,GEN,
9507,GEN,
9508,GEN-EWS,1079
9509,GEN-EWS,1080
9510,OBC-NCL,1799
9511,SC,167
9512,GEN-EWS,1081
9513,GEN,
9514,GEN,
9515,OBC-NCL,1800
9516,GEN-EWS,1082
9517,GEN,
9518,GEN,
9519,GEN,
9520,OBC-NCL,1801
9521,GEN-EWS,1083
9522,OBC-NCL,1802
9523,OBC-NCL,1803
9524,OBC-NCL,1804
9525,OBC-NCL,1805
9526,GEN,
9527,GEN-EWS,1084
9528,GEN-EWS,1085
9529,OBC-NCL,1806
9530,GEN-EWS,1086
9531,GEN,
9532,OBC-NCL,1807
9533,GEN-EWS,1087
9534,GEN,
9535,OBC-NCL,1808
9536,OBC-NCL,1809
9537,OBC-NCL,1810
9538,GEN,
9539,GEN,
9540,GEN,
9541,OBC-NCL,1811
9542,GEN-EWS,1088
9543,GEN,
9544,GEN,
9545,GEN,
9546,OBC-NCL,1812
9547,GEN,
9548,GEN,
9549,GEN,
9550,OBC-NCL,1813
9551,GEN,
9552,GEN,
9553,GEN,
9554,OBC-NCL,1814
9555,GEN,
9556,GEN,
9557,GEN-EWS,1089
9558,OBC-NCL,1815
9559,GEN,
9560,GEN,
9561,GEN,
9562,GEN,
9563,GEN,
9564,GEN,
9565,GEN,
9566,OBC-NCL,1816
9567,GEN,
9568,OBC-NCL,1817
9569,GEN,
9570,OBC-NCL,1818
9571,GEN-EWS,1090
9572,GEN-EWS,1091
9573,GEN,
9574,OBC-NCL,1819
9575,OBC-NCL,1820
9576,GEN,
9577,GEN,
9578,OBC-NCL,1821
9579,GEN,
9580,OBC-NCL,1822
9581,GEN,
9582,GEN,
9583,OBC-NCL,1823
9584,GEN,
9585,GEN,
9586,GEN-EWS,1092
9587,SC,168
9588,GEN-EWS,1093
9589,OBC-NCL,1824
9590,ST,44
9591,GEN,
9592,GEN,
9593,GEN-EWS,1094
9594,OBC-NCL,1825
9595,GEN,
9596,GEN,
9597,OBC-NCL,1826
9598,GEN,
9599,OBC-NCL,1827
9600,GEN-EWS,1095
9601,GEN-EWS,1096
9602,GEN,
9603,OBC-NCL,1828
9604,GEN,
9605,GEN,
9606,GEN,
9607,GEN,
9608,GEN,
9609,GEN,
9610,GEN,
9611,GEN,
9612,GEN,
9613,GEN,
9614,GEN,
9615,GEN,
9616,SC,169
9617,GEN,
9618,GEN-EWS,1097
9619,GEN-EWS,1098
9620,GEN,
9621,OBC-NCL,1829
9622,GEN,
9623,GEN-EWS,1099
9624,GEN-EWS,1100
9625,GEN,
9626,SC,170
9627,GEN,
9628,GEN,
9629,GEN,
9630,OBC-NCL,1830
9631,GEN-EWS,1101
9632,SC,171
9633,GEN,
9634,GEN,
9635,OBC-NCL,1831
9636,GEN,
9637,GEN,
9638,OBC-NCL,1832
9639,GEN,
9640,OBC-NCL,1833
9641,GEN-EWS,1102
9642,GEN,
9643,GEN,
9644,GEN,
9645,OBC-NCL,1834
9646,GEN,
9647,GEN,
9648,GEN-EWS,1103
9649,GEN,
9650,OBC-NCL,1835
9651,GEN-EWS,1104
9652,GEN,
9653,GEN,
9654,GEN-EWS,1105
9655,OBC-NCL,1836
9656,GEN,
9657,GEN,
9658,GEN,
9659,OBC-NCL,1837
9660,GEN,
9661,OBC-NCL,1838
9662,GEN,
9663,GEN,
9664,GEN,
9665,GEN,
9666,GEN,
9667,GEN,
9668,OBC-NCL,1839
9669,OBC-NCL,1840
9670,OBC-NCL,1841
9671,GEN,
9672,GEN-EWS,1106
9673,GEN,
9674,GEN,
9675,GEN,
9676,OBC-NCL,1842
9677,GEN,
9678,GEN-EWS,1107
9679,GEN-EWS,1108
9680,GEN,
9681,GEN,
9682,GEN,
9683,GEN,
9684,GEN,
9685,GEN,
9686,GEN-EWS,1109
9687,GEN-EWS,1110
9688,OBC-NCL,1843
9689,OBC-NCL,1844
9690,GEN,
9691,GEN,
9692,GEN,
9693,GEN,
9694,GEN,
9695,GEN,
9696,GEN,
9697,GEN,
9698,OBC-NCL,1845
9699,OBC-NCL,1846
9700,GEN,
9701,GEN,
9702,GEN-EWS,1111
9703,GEN,
9704,GEN-EWS,1112
9705,GEN,
9706,GEN,
9707,GEN,
9708,GEN,
9709,OBC-NCL,1847
9710,OBC-NCL,1848
9711,GEN-EWS,1113
9712,GEN,
9713,GEN,
9714,GEN,
9715,OBC-NCL,1849
9716,OBC-NCL,1850
9717,GEN-EWS,1114
9718,GEN,
9719,OBC-NCL,1851
9720,SC,172
9721,OBC-NCL,1852
9722,OBC-NCL,1853
9723,SC,173
9724,OBC-NCL,1854
9725,OBC-NCL,1855
9726,SC,174
9727,GEN,
9728,GEN,
9729,GEN,
9730,OBC-NCL,1856
9731,GEN,
9732,GEN,
9733,GEN,
9734,GEN,
9735,GEN,
9736,GEN,
9737,GEN,
9738,OBC-NCL,1857
9739,OBC-NCL,1858
9740,GEN,
9741,OBC-NCL,1859
9742,GEN,
9743,OBC-NCL,1860
9744,GEN,
9745,GEN-EWS,1115
9746,GEN,
9747,OBC-NCL,1861
9748,GEN-EWS,1116
9749,GEN,
9750,GEN,
9751,GEN,
9752,GEN,
9753,OBC-NCL,1862
9754,GEN,
9755,GEN,
9756,GEN-EWS,1117
9757,GEN,
9758,GEN,
9759,GEN-EWS,1118
9760,GEN,
9761,GEN-EWS,1119
9762,GEN,
9763,GEN,
9764,GEN-EWS,1863
9765,GEN-EWS,1120
9766,GEN-EWS,1121
9767,GEN,
9768,GEN-EWS,1122
9769,OBC-NCL,1864
9770,GEN,
9771,GEN,
9772,GEN,
9773,GEN,
9774,GEN,
9775,GEN,
9776,GEN-EWS,1123
9777,OBC-NCL,1865
9778,GEN,
9779,GEN,
9780,OBC-NCL,1866
9781,GEN,
9782,GEN,
9783,GEN,
9784,OBC-NCL,1867
9785,GEN,
9786,GEN,
9787,GEN,
9788,OBC-NCL,1868
9789,GEN,
9790,GEN,
9791,GEN,
9792,GEN,
9793,GEN-EWS,1124
9794,OBC-NCL,1869
9795,GEN-EWS,1125
9796,GEN,
9797,OBC-NCL,1870
9798,GEN,
9799,GEN,
9800,GEN,
9801,GEN,
9802,OBC-NCL,1871
9803,GEN,
9804,GEN,
9805,GEN,
9806,GEN-EWS,1126
9807,GEN,
9808,GEN-EWS,1127
9809,GEN,
9810,GEN-EWS,1128
9811,GEN,
9812,GEN-EWS,1129
9813,GEN-EWS,1130
9814,SC,175
9815,GEN,
9816,GEN,
9817,GEN-EWS,1131
9818,GEN,
9819,GEN-EWS,1132
9820,GEN,
9821,OBC-NCL,1872
9822,GEN,
9823,GEN,
9824,GEN,
9825,SC,176
9826,SC,177
9827,OBC-NCL,1873
9828,GEN,
9829,OBC-NCL,1874
9830,GEN-EWS,1133
9831,GEN,
9832,GEN,
9833,GEN,
9834,GEN,
9835,OBC-NCL,1875
9836,GEN,
9837,GEN,
9838,OBC-NCL,1876
9839,OBC-NCL,1877
9840,GEN,
9841,GEN,
9842,GEN,
9843,OBC-NCL,1878
9844,SC,178
9845,GEN-EWS,1134
9846,GEN,
9847,OBC-NCL,1879
9848,GEN,
9849,GEN,
9850,OBC-NCL,1880
9851,GEN,
9852,GEN-EWS,1135
9853,GEN-EWS,1136
9854,OBC-NCL,1881
9855,GEN-EWS,1137
9856,GEN,
9857,GEN,
9858,GEN,
9859,OBC-NCL,1882
9860,GEN,
9861,OBC-NCL,1883
9862,GEN,
9863,GEN-EWS,1138
9864,OBC-NCL,1884
9865,OBC-NCL,1885
9866,GEN,
9867,OBC-NCL,1886
9868,OBC-NCL,1887
9869,GEN,
9870,OBC-NCL,1888
9871,OBC-NCL,1889
9872,GEN,
9873,GEN,
9874,OBC-NCL,1890
9875,GEN,
9876,OBC-NCL,1891
9877,GEN,
9878,GEN,
9878,GEN,
9880,OBC-NCL,1892
9881,GEN,
9882,GEN,
9883,GEN,
9884,GEN,
9885,SC,179
9886,GEN,
9887,GEN-EWS,1139
9888,GEN,
9889,OBC-NCL,1893
9890,GEN,
9891,OBC-NCL,1894
9892,OBC-NCL,1895
9893,OBC-NCL,1896
9894,GEN-EWS,1140
9895,OBC-NCL,1897
9896,GEN,
9897,GEN,
9898,GEN,
9899,GEN-EWS,1141
9900,GEN,
9901,GEN-EWS,1142
9902,GEN-EWS,1143
9903,GEN,
9904,GEN,
9905,GEN,
9906,SC,180
9907,GEN,
9908,GEN,
9909,GEN,
9910,GEN,
9911,GEN,
9912,GEN,
9913,GEN-EWS,1144
9914,GEN,
9915,GEN,
9916,GEN-EWS,1145
9917,OBC-NCL,1898
9918,GEN,
9919,GEN-EWS,1146
9920,GEN,
9921,GEN,
9922,OBC-NCL,1899
9923,GEN,
9924,OBC-NCL,1900
9925,GEN-EWS,1147
9926,GEN,
9927,GEN,
9928,GEN-EWS,1148
9929,GEN-EWS,1149
9930,GEN,
9931,GEN,
9932,GEN,
9933,GEN,
9934,GEN,
9935,GEN-EWS,1150
9936,GEN-EWS,1151
9937,SC,181
9938,GEN,
9939,GEN,
9940,OBC-NCL,1901
9941,GEN,
9942,OBC-NCL,1902
9943,OBC-NCL,1903
9944,OBC-NCL,1904
9945,GEN,
9946,OBC-NCL,1905
9947,GEN,
9948,GEN,
9949,OBC-NCL,1906
9950,GEN,
9951,GEN,
9952,GEN,
9953,GEN-EWS,1152
9954,OBC-NCL,1907
9955,OBC-NCL,1908
9956,OBC-NCL,1909
9957,GEN,
9958,OBC-NCL,1910
9959,OBC-NCL,1911
9960,OBC-NCL,1912
9961,OBC-NCL,1913
9962,OBC-NCL,1914
9963,OBC-NCL,1915
9964,GEN,
9965,GEN-EWS,1153
9966,OBC-NCL,1916
9967,SC,182
9968,OBC-NCL,1917
9969,OBC-NCL,1918
9970,OBC-NCL,1919
9971,GEN,
9972,GEN,
9973,GEN,
9974,GEN-EWS,1154
9975,GEN,
9976,GEN,
9977,GEN,
9978,GEN,
9979,OBC-NCL,1920
9980,OBC-NCL,1921
9981,OBC-NCL,1922
9982,GEN,
9983,GEN,
9984,GEN,
9985,GEN,
9986,GEN,
9987,SC,183
9988,GEN-EWS,1155
9989,GEN-EWS,1156
9990,GEN,
9991,GEN,
9992,SC,184
9993,GEN,
9994,OBC-NCL,1923
9995,GEN-EWS,1157
9996,OBC-NCL,1924
9997,GEN,
9998,OBC-NCL,1925
9999,GEN-EWS,1158
10000,GEN-EWS,1159
10001,GEN,
10002,GEN,
10003,GEN,
10004,GEN,
10005,GEN,
10006,GEN-EWS,1160
10007,GEN-EWS,1161
10008,GEN,
10009,OBC-NCL,1926
10010,GEN-EWS,1162
10011,GEN,
10012,GEN,
10013,GEN-EWS,1163
10014,GEN-EWS,1164
10015,GEN,
10016,GEN,
10017,GEN,
10018,ST,45
10019,GEN-EWS,1165
10020,GEN,
10021,OBC-NCL,1927
10022,OBC-NCL,1928
10023,GEN,
10024,GEN,
10025,GEN-EWS,1166
10026,GEN,
10027,GEN,
10028,OBC-NCL,1929
10029,GEN,
10030,GEN-EWS,1167
10031,GEN,
10032,GEN,
10033,OBC-NCL,1930
10034,OBC-NCL,1931
10035,GEN,
10036,GEN,
10037,SC,185
10038,GEN-EWS,1168
10039,OBC-NCL,1932
10040,GEN,
10041,GEN,
10042,OBC-NCL,1933
10043,OBC-NCL,1934
10044,GEN,
10045,OBC-NCL,1935
10046,GEN,
10047,GEN,
10048,GEN,
10049,SC,186
10050,OBC-NCL,1936
10051,GEN,
10052,GEN,
10053,OBC-NCL,1937
10054,GEN,
10055,GEN,
10056,GEN,
10057,GEN,
10058,GEN-EWS,1169
10059,GEN,
10060,GEN,
10061,OBC-NCL,1938
10062,GEN,
10063,OBC-NCL,1939
10064,OBC-NCL,1940
10065,GEN-EWS,1170
10066,GEN,
10067,GEN-EWS,1171
10068,OBC-NCL,1941
10069,GEN,
10070,OBC-NCL,1942
10071,GEN,
10072,OBC-NCL,1943
10073,GEN,
10074,GEN,
10075,OBC-NCL,1944
10076,GEN-EWS,1172
10077,OBC-NCL,1945
10078,GEN,
10079,OBC-NCL,1946
10080,OBC-NCL,1947
10081,OBC-NCL,1948
10082,ST,46
10083,GEN,
10084,GEN,
10085,GEN,
10086,OBC-NCL,1949
10087,GEN,
10088,OBC-NCL,1950
10089,GEN-EWS,1173
10090,OBC-NCL,1951
10091,GEN,
10092,OBC-NCL,1952
10093,GEN,
10094,GEN,
10095,GEN,
10096,GEN,
10097,GEN,
10098,GEN-EWS,1174
10099,GEN,
10100,GEN,
10101,OBC-NCL,1953
10102,GEN,
10103,GEN,
10104,GEN,
10105,GEN,
10106,GEN,
10107,GEN,
10108,GEN,
10109,GEN-EWS,1175
10110,OBC-NCL,1954
10111,GEN,
10112,GEN,
10113,GEN-EWS,1176
10114,GEN,
10115,OBC-NCL,1955
10116,GEN,
10117,OBC-NCL,1956
10118,GEN,
10119,GEN,
10120,OBC-NCL,1957
10121,GEN,
10122,GEN,
10123,GEN,
10124,GEN,
10125,GEN,
10126,OBC-NCL,1958
10127,GEN,
10128,OBC-NCL,1959
10129,GEN,
10130,GEN,
10131,GEN,
10132,GEN,
10133,GEN,
10134,GEN,
10135,OBC-NCL,1960
10136,GEN-EWS,1177
10137,GEN,
10138,GEN,
10139,GEN,
10140,GEN,
10141,GEN,
10142,GEN,
10143,GEN,
10144,GEN,
10145,GEN,
10146,GEN,
10147,GEN,
10148,GEN,
10149,GEN,
10150,GEN,
10151,GEN-EWS,1178
10152,OBC-NCL,1961
10153,OBC-NCL,1962
10154,GEN,
10155,GEN-EWS,1179
10156,GEN,
10157,GEN,
10158,OBC-NCL,1963
10159,GEN,
10160,OBC-NCL,1964
10161,GEN,
10162,GEN-EWS,1180
10163,OBC-NCL,1965
10164,GEN,
10165,GEN,
10166,OBC-NCL,1966
10167,OBC-NCL,1967
10168,GEN,
10169,GEN-EWS,1181
10170,GEN,
10171,OBC-NCL,1968
10172,GEN,
10173,OBC-NCL,1969
10174,GEN,
10175,GEN,
10176,OBC-NCL,1970
10177,OBC-NCL,1971
10178,GEN,
10179,GEN-EWS,1182
10180,GEN,
10181,GEN,
10182,OBC-NCL,1972
10183,GEN-EWS,1183
10184,GEN,
10185,GEN,
10186,GEN,
10187,OBC-NCL,1973
10188,GEN-EWS,1184
10189,GEN,
10190,GEN,
10191,OBC-NCL,1974
10192,GEN,
10193,GEN,
10194,GEN,
10195,GEN,
10196,OBC-NCL,1975
10197,GEN,
10198,GEN,
10199,GEN,
10200,OBC-NCL,1976
10201,GEN,
10202,OBC-NCL,1977
10203,GEN,
10204,SC,187
10205,OBC-NCL,1978
10206,GEN,
10207,OBC-NCL,1979
10208,GEN-EWS,1185
10209,GEN,
10210,OBC-NCL,1980
10211,OBC-NCL,1981
10212,GEN,
10213,SC,188
10214,GEN-EWS,1186
10215,OBC-NCL,1982
10216,GEN,
10217,OBC-NCL,1983
10218,OBC-NCL,1984
10219,GEN,
10220,OBC-NCL,1985
10221,OBC-NCL,1986
10222,OBC-NCL,1987
10223,GEN-EWS,1187
10224,GEN,
10225,OBC-NCL,1988
10226,OBC-NCL,1989
10227,OBC-NCL,1990
10228,GEN,
10229,GEN-EWS,1188
10230,GEN,
10231,GEN-EWS,1189
10232,GEN-EWS,1190
10233,GEN,
10234,OBC-NCL,1991
10235,GEN-EWS,1191
10236,OBC-NCL,1992
10237,OBC-NCL,1993
10238,GEN,
10239,GEN,
10240,GEN-EWS,1192
10241,GEN-EWS,1193
10242,GEN,
10243,GEN,
10244,OBC-NCL,1994
10245,GEN,
10246,ST,47
10247,GEN-EWS,1194
10248,GEN,
10249,GEN,
10250,GEN,
10251,GEN,
10252,GEN-EWS,1195
10253,OBC-NCL,1995
10254,OBC-NCL,1996
10255,GEN,
10256,OBC-NCL,1997
10257,GEN,
10258,OBC-NCL,1998
10259,GEN,
10260,GEN,
10261,GEN,
10262,GEN,
10263,GEN,
10264,OBC-NCL,1999
10265,GEN,
10266,OBC-NCL,2000
10267,GEN,
10268,OBC-NCL,2001
10269,GEN,
10270,GEN,
10271,OBC-NCL,2002
10272,GEN-EWS,1196
10273,OBC-NCL,2003
10274,OBC-NCL,2004
10275,GEN,
10276,GEN,
10277,OBC-NCL,2005
10278,GEN,
10279,OBC-NCL,2006
10280,OBC-NCL,2007
10281,GEN,
10282,GEN,
10283,GEN,
10284,OBC-NCL,2008
10285,GEN-EWS,1197
10286,GEN,
10287,GEN,
10288,GEN,
10289,GEN,
10290,OBC-NCL,2009
10291,OBC-NCL,2010
10292,OBC-NCL,2011
10293,GEN,
10294,GEN,
10295,GEN,
10296,GEN,
10297,GEN,
10298,GEN,
10299,GEN,
10300,GEN,
10301,GEN,
10302,GEN,
10303,GEN,
10304,SC,189
10305,OBC-NCL,2012
10306,OBC-NCL,2013
10307,OBC-NCL,2014
10308,GEN,
10309,GEN-EWS,1198
10310,GEN,
10311,OBC-NCL,2015
10312,OBC-NCL,2016
10313,GEN,
10314,GEN,
10315,OBC-NCL,2017
10316,OBC-NCL,2018
10317,GEN,
10318,GEN,
10319,GEN,
10320,GEN-EWS,1199
10321,GEN,
10322,GEN,
10323,GEN,
10324,GEN,
10325,GEN,
10326,OBC-NCL,2019
10327,GEN-EWS,1200
10328,GEN,
10329,OBC-NCL,2020
10330,GEN,
10331,GEN-EWS,1201
10332,GEN,
10333,OBC-NCL,2021
10334,OBC-NCL,2022
10335,OBC-NCL,2023
10336,OBC-NCL,2024
10337,OBC-NCL,2025
10338,OBC-NCL,2026
10339,GEN,
10340,GEN,
10341,OBC-NCL,2027
10342,SC,190
10343,OBC-NCL,2028
10344,OBC-NCL,2029
10345,GEN-EWS,1202
10346,OBC-NCL,2030
10347,OBC-NCL,2031
10348,GEN,
10349,SC,191
10350,GEN-EWS,1203
10351,GEN,
10352,OBC-NCL,2032
10353,OBC-NCL,2033
10354,GEN,
10355,OBC-NCL,2034
10356,GEN-EWS,1204
10357,GEN,
10358,GEN,
10359,OBC-NCL,2035
10360,GEN,
10361,GEN,
10362,GEN-EWS,1205
10363,GEN,
10364,GEN,
10365,OBC-NCL,2036
10366,GEN,
10367,SC,192
10368,GEN,
10369,OBC-NCL,2037
10370,GEN-EWS,1206
10371,GEN,
10372,OBC-NCL,2038
10373,GEN,
10374,GEN,
10375,OBC-NCL,2039
10376,GEN,
10377,GEN,
10378,GEN-EWS,1207
10379,GEN,
10380,GEN,
10381,GEN,
10382,SC,193
10383,GEN,
10384,GEN,
10385,GEN,
10386,GEN,
10387,GEN,
10388,OBC-NCL,2040
10389,GEN,
10390,GEN,
10391,GEN,
10392,GEN,
10393,OBC-NCL,2041
10394,GEN,
10395,OBC-NCL,2042
10396,GEN,
10397,GEN,
10398,OBC-NCL,2043
10399,GEN,
10400,GEN,
10401,GEN,
10402,GEN,
10403,GEN-EWS,1208
10404,GEN,
10405,GEN,
10406,GEN-EWS,1209
10407,GEN-EWS,1210
10408,GEN,
10409,OBC-NCL,2044
10410,GEN-EWS,1211
10411,GEN,
10412,OBC-NCL,2045
10413,GEN,
10414,GEN,
10415,OBC-NCL,2046
10416,SC,194
10417,OBC-NCL,2047
10418,GEN,
10419,GEN,
10420,GEN,
10421,OBC-NCL,2048
10422,OBC-NCL,2049
10423,GEN-EWS,1212
10424,GEN-EWS,1213
10425,GEN-EWS,1214
10426,OBC-NCL,2050
10427,GEN-EWS,1215
10428,GEN,
10429,OBC-NCL,2051
10430,OBC-NCL,2052
10431,GEN,
10432,GEN,
10433,GEN,
10434,GEN,
10435,GEN,
10436,GEN,
10437,GEN,
10438,OBC-NCL,2053
10439,GEN,
10440,GEN,
10441,GEN,
10442,GEN,
10443,GEN,
10444,OBC-NCL,2054
10445,GEN,
10446,GEN,
10447,GEN,
10448,GEN-EWS,1216
10449,GEN-EWS,1217
10450,GEN,
10451,GEN,
10452,GEN,
10453,GEN,
10454,GEN,
10455,GEN,
10456,GEN,
10457,GEN,
10458,GEN-EWS,1218
10459,GEN-EWS,1219
10460,GEN,
10461,GEN-EWS,1220
10462,GEN,
10463,OBC-NCL,2055
10464,GEN-EWS,1221
10465,GEN,
10466,GEN-EWS,1222
10467,GEN,
10468,GEN-EWS,1223
10469,GEN,
10470,GEN,
10471,GEN,
10472,GEN,
10473,OBC-NCL,2056
10474,GEN,
10475,GEN,
10476,GEN,
10477,OBC-NCL,2057
10478,OBC-NCL,2058
10479,GEN,
10480,GEN,
10481,GEN,
10482,OBC-NCL,2059
10483,GEN,
10484,OBC-NCL,2060
10485,GEN-EWS,1224
10486,GEN,
10487,GEN,
10488,GEN,
10489,GEN-EWS,1225
10490,OBC-NCL,2061
10491,OBC-NCL,2062
10492,OBC-NCL,2063
10493,GEN-EWS,1226
10494,OBC-NCL,2064
10495,GEN,
10496,OBC-NCL,2065
10497,GEN,
10498,GEN,
10499,GEN,
10500,GEN,
10501,GEN,
10502,GEN-EWS,1227
10503,GEN,
10504,GEN,
10505,GEN-EWS,1228
10506,OBC-NCL,2066
10507,GEN,
10508,GEN,
10509,GEN,
10510,OBC-NCL,2067
10511,GEN-EWS,1229
10512,GEN-EWS,1230
10513,GEN,
10514,OBC-NCL,2068
10515,GEN,
10516,GEN-EWS,1231
10517,GEN,
10518,GEN,
10519,GEN,
10520,OBC-NCL,2069
10521,GEN,
10522,GEN,
10523,GEN,
10524,OBC-NCL,2070
10525,GEN-EWS,1232
10526,GEN,
10527,GEN,
10528,GEN,
10529,GEN,
10530,OBC-NCL,2071
10531,GEN,
10532,GEN,
10533,GEN,
10534,OBC-NCL,2072
10535,GEN,
10536,SC,195
10537,GEN,
10538,GEN,
10539,GEN,
10540,OBC-NCL,2073
10541,GEN,
10542,GEN,
10543,GEN,
10544,GEN,
10545,OBC-NCL,2074
10546,OBC-NCL,2075
10547,GEN,
10548,OBC-NCL,2076
10549,OBC-NCL,2077
10550,GEN-EWS,1233
10551,GEN,
10552,GEN,
10553,GEN,
10554,GEN,
10555,OBC-NCL,2078
10556,GEN,
10557,GEN,
10558,GEN-EWS,1234
10559,GEN,
10560,GEN,
10561,GEN-EWS,1235
10562,OBC-NCL,2079
10563,GEN-EWS,1236
10564,GEN,
10565,GEN,
10566,OBC-NCL,2080
10567,GEN,
10568,GEN,
10569,GEN,
10570,GEN,
10571,OBC-NCL,2081
10572,GEN,
10573,OBC-NCL,2082
10574,GEN-EWS,1237
10575,GEN-EWS,1238
10576,OBC-NCL,2083
10577,GEN,
10578,GEN,
10579,GEN,
10580,GEN,
10581,GEN,
10582,GEN,
10583,OBC-NCL,2084
10584,GEN,
10585,GEN,
10586,GEN,
10587,GEN,
10588,GEN,
10589,GEN,
10590,GEN,
10591,GEN-EWS,1239
10592,GEN,
10593,OBC-NCL,2085
10594,OBC-NCL,2086
10595,OBC-NCL,2087
10596,GEN,
10597,GEN,
10598,GEN,
10599,GEN,
10600,GEN,
10601,GEN,
10602,GEN,
10603,GEN,
10604,OBC-NCL,2088
10605,GEN-EWS,1240
10606,GEN,
10607,GEN,
10608,GEN-EWS,1241
10609,GEN,
10610,GEN,
10611,GEN,
10612,OBC-NCL,2089
10613,OBC-NCL,2090
10614,GEN,
10615,GEN,
10616,OBC-NCL,2091
10617,GEN-EWS,1242
10618,GEN,
10619,GEN,
10620,GEN,
10621,GEN,
10622,GEN,
10623,GEN,
10624,GEN,
10625,GEN,
10626,GEN,
10627,GEN,
10628,OBC-NCL,2092
10629,GEN,
10630,GEN,
10631,GEN-EWS,1243
10632,GEN,
10633,GEN,
10634,GEN,
10635,GEN,
10636,GEN-EWS,1244
10637,GEN,
10638,GEN,
10639,OBC-NCL,2093
10640,GEN,
10641,GEN-EWS,1245
10642,GEN,
10643,GEN,
10644,GEN,
10645,GEN,
10646,OBC-NCL,2094
10647,GEN,
10648,GEN,
10649,GEN,
10650,GEN,
10651,GEN,
10652,GEN-EWS,1246
10653,OBC-NCL,2095
10654,GEN,
10655,GEN,
10656,GEN,
10657,GEN,
10658,GEN,
10659,GEN,
10660,OBC-NCL,2096
10661,OBC-NCL,2097
10662,GEN,
10663,OBC-NCL,2098
10664,GEN-EWS,1247
10665,GEN-EWS,1248
10666,OBC-NCL,2099
10667,GEN,
10668,GEN,
10669,GEN,
10670,GEN-EWS,1249
10671,GEN,
10672,OBC-NCL,2100
10673,OBC-NCL,2101
10674,OBC-NCL,2102
10675,GEN-EWS,1250
10676,OBC-NCL,2103
10677,OBC-NCL,2104
10678,GEN,
10679,GEN,
10680,OBC-NCL,2105
10681,GEN,
10682,GEN,
10683,GEN,
10684,GEN,
10685,GEN,
10686,GEN,
10686,GEN,
10688,OBC-NCL,2106
10689,OBC-NCL,2107
10690,GEN,
10691,GEN,
10692,GEN,
10693,GEN-EWS,1251
10694,GEN,
10695,OBC-NCL,2108
10696,OBC-NCL,2109
10697,OBC-NCL,2110
10698,OBC-NCL,2111
10699,GEN,
10700,GEN-EWS,1252
10701,GEN-EWS,1253
10702,GEN,
10703,GEN,
10704,GEN,
10705,OBC-NCL,2112
10706,GEN,
10707,OBC-NCL,2113
10708,GEN-EWS,1254
10709,GEN,
10710,GEN-EWS,1255
10711,GEN,
10712,GEN,
10713,SC,196
10714,OBC-NCL,2114
10715,GEN-EWS,1256
10716,GEN-EWS,1257
10717,GEN,
10718,GEN,
10719,OBC-NCL,2115
10720,OBC-NCL,2116
10721,GEN,
10722,GEN,
10723,GEN-EWS,1258
10724,OBC-NCL,2117
10725,GEN,
10726,GEN,
10727,GEN,
10728,OBC-NCL,2118
10729,OBC-NCL,2119
10730,GEN,
10731,GEN-EWS,1259
10732,GEN,
10733,OBC-NCL,2120
10734,GEN,
10735,GEN,
10736,GEN,
10737,GEN,
10738,GEN,
10739,GEN,
10740,GEN,
10741,GEN,
10742,OBC-NCL,2121
10743,OBC-NCL,2122
10744,GEN,
10745,OBC-NCL,2123
10746,GEN,
10747,GEN,
10748,GEN,
10749,GEN,
10750,OBC-NCL,2124
10751,OBC-NCL,2125
10752,GEN,
10753,GEN,
10754,GEN,
10755,OBC-NCL,2126
10756,GEN-EWS,1260
10757,GEN-EWS,1261
10758,GEN,
10759,GEN,
10760,GEN,
10761,GEN,
10762,GEN,
10763,OBC-NCL,2127
10764,OBC-NCL,2128
10765,GEN-EWS,1262
10766,GEN-EWS,1263
10767,GEN,
10768,GEN,
10769,GEN,
10770,OBC-NCL,2129
10771,GEN-EWS,1264
10772,GEN,
10773,GEN,
10774,OBC-NCL,2130
10775,GEN,
10776,OBC-NCL,2131
10777,OBC-NCL,2132
10778,GEN,
10779,GEN,
10780,GEN,
10781,GEN,
10782,OBC-NCL,2133
10783,GEN,
10784,OBC-NCL,2134
10785,GEN,
10786,GEN,
10787,GEN,
10788,GEN,
10789,GEN,
10790,ST,48
10791,OBC-NCL,2135
10792,GEN-EWS,1265
10793,OBC-NCL,2136
10794,GEN,
10795,OBC-NCL,2137
10796,GEN,
10797,ST,49
10798,OBC-NCL,2138
10799,GEN-EWS,1266
10800,GEN,
10801,GEN,
10802,GEN,
10803,GEN,
10803,GEN,
10805,GEN,
10806,GEN-EWS,1267
10807,OBC-NCL,2139
10808,OBC-NCL,2140
10809,GEN-EWS,1268
10810,GEN,
10811,GEN-EWS,1269
10812,OBC-NCL,2141
10813,GEN-EWS,1270
10814,GEN,
10815,GEN,
10816,GEN,
10817,GEN,
10818,GEN,
10819,OBC-NCL,2142
10820,OBC-NCL,2143
10821,GEN-EWS,1271
10822,OBC-NCL,2144
10823,GEN,
10824,GEN,
10825,GEN,
10826,GEN,
10827,OBC-NCL,2145
10828,GEN,
10829,GEN,
10830,GEN,
10831,GEN,
10832,GEN,
10833,GEN,
10834,GEN,
10835,GEN,
10836,GEN,
10837,OBC-NCL,2146
10838,GEN-EWS,1272
10839,OBC-NCL,2147
10840,GEN,
10841,GEN,
10842,GEN,
10843,GEN,
10844,GEN-EWS,1273
10845,GEN-EWS,2148
10846,SC,197
10847,OBC-NCL,2149
10848,GEN-EWS,1274
10849,SC,198
10850,GEN,
10851,GEN,
10852,GEN,
10853,GEN-EWS,1275
10854,GEN,
10855,GEN,
10856,GEN,
10857,GEN,
10858,GEN,
10859,GEN,
10860,OBC-NCL,2150
10861,GEN,
10862,GEN,
10863,OBC-NCL,2151
10864,GEN,
10865,GEN,
10866,GEN,
10867,GEN,
10868,GEN,
10869,GEN,
10870,GEN,
10871,GEN,
10872,GEN,
10873,OBC-NCL,2152
10874,OBC-NCL,2153
10875,GEN,
10876,GEN-EWS,1276
10877,GEN,
10878,GEN-EWS,1277
10879,GEN,
10880,OBC-NCL,2154
10881,GEN,
10882,GEN,
10883,GEN-EWS,1278
10884,GEN,
10885,GEN,
10886,GEN,
10887,GEN-EWS,1279
10888,GEN,
10889,OBC-NCL,2155
10890,GEN,
10891,GEN-EWS,1280
10892,GEN,
10893,ST,50
10894,GEN,
10895,OBC-NCL,2156
10896,GEN,
10897,GEN-EWS,1281
10898,GEN,
10899,OBC-NCL,2157
10900,GEN,
10901,GEN-EWS,1282
10902,SC,199
10903,GEN,
10904,GEN,
10905,GEN-EWS,1283
10906,GEN,
10907,GEN,
10908,OBC-NCL,2158
10909,GEN,
10910,OBC-NCL,2159
10911,GEN,
10912,OBC-NCL,2160
10913,GEN,
10914,GEN,
10915,GEN,
10916,GEN,
10917,GEN,
10918,OBC-NCL,2161
10919,GEN-EWS,1284
10920,OBC-NCL,2162
10921,GEN,
10922,GEN-EWS,1285
10923,GEN,
10924,GEN-EWS,1286
10925,GEN,
10926,SC,200
10927,OBC-NCL,2163
10928,GEN,
10929,GEN,
10930,GEN,
10931,GEN-EWS,1287
10932,GEN,
10933,GEN-EWS,1288
10934,GEN,
10935,GEN,
10936,SC,201
10937,GEN,
10938,GEN,
10939,GEN,
10940,GEN,
10941,OBC-NCL,2164
10942,GEN,
10943,GEN,
10944,OBC-NCL,2165
10945,GEN,
10946,OBC-NCL,2166
10947,GEN,
10948,OBC-NCL,2167
10949,GEN,
10950,OBC-NCL,2168
10951,GEN,
10952,GEN,
10953,GEN-EWS,1289
10954,GEN,
10955,OBC-NCL,2169
10956,GEN,
10957,GEN-EWS,1290
10958,GEN,
10959,GEN,
10959,GEN-EWS,1291
10961,GEN,
10962,GEN,
10963,GEN,
10964,OBC-NCL,2170
10965,GEN,
10966,OBC-NCL,2171
10967,GEN,
10968,OBC-NCL,2172
10969,GEN,
10970,GEN,
10971,GEN,
10972,GEN,
10973,GEN,
10974,GEN-EWS,1292
10975,GEN,
10976,OBC-NCL,2173
10977,SC,202
10978,GEN,
10979,GEN,
10980,GEN,
10981,GEN,
10982,GEN,
10983,GEN,
10984,GEN,
10985,GEN,
10986,GEN,
10987,GEN,
10988,GEN-EWS,1293
10989,GEN,
10990,GEN,
10991,GEN-EWS,1294
10992,OBC-NCL,2174
10993,GEN,
10994,OBC-NCL,2175
10995,GEN,
10996,GEN,
10997,GEN,
10998,GEN,
10999,GEN,
11000,SC,203
11001,GEN-EWS,1295
11002,GEN,
11003,GEN,
11004,GEN,
11005,GEN,
11006,GEN,
11007,OBC-NCL,2176
11008,GEN,
11009,GEN,
11010,GEN,
11011,GEN,
11012,GEN,
11013,GEN-EWS,1296
11014,GEN,
11015,GEN,
11016,OBC-NCL,2177
11017,GEN,
11018,GEN,
11019,GEN,
11020,GEN,
11021,OBC-NCL,2178
11022,GEN,
11023,GEN-EWS,1297
11024,GEN-EWS,1298
11025,OBC-NCL,2179
11026,GEN,
11027,GEN,
11028,GEN,
11029,GEN,
11030,GEN,
11031,GEN,
11032,GEN,
11033,GEN,
11034,GEN,
11035,GEN,
11036,OBC-NCL,2180
11037,GEN,
11038,GEN,
11039,GEN-EWS,1299
11040,OBC-NCL,2181
11041,GEN,
11042,OBC-NCL,2182
11043,GEN,
11044,GEN,
11045,GEN,
11046,GEN,
11047,GEN,
11048,GEN-EWS,1300
11049,GEN,
11050,GEN,
11051,OBC-NCL,2183
11052,GEN,
11053,GEN,
11054,SC,204
11055,GEN,
11056,GEN,
11057,GEN,
11058,ST,14
11059,OBC-NCL,2184
11060,GEN,
11061,GEN,
11062,ST,51
11063,GEN-EWS,1301
11064,GEN-EWS,1302
11065,OBC-NCL,2185
11066,SC,205
11067,OBC-NCL,2186
11068,GEN,
11069,GEN,
11070,GEN-EWS,2187
11071,SC,206
11072,GEN,
11073,GEN,
11074,SC,207
11075,OBC-NCL,2188
11076,GEN,
11077,OBC-NCL,2189
11078,GEN-EWS,1303
11079,OBC-NCL,2190
11080,OBC-NCL,2191
11081,GEN,
11082,GEN,
11083,GEN,
11084,GEN,
11085,GEN,
11086,GEN,
11087,GEN,
11088,GEN,
11089,GEN,
11090,GEN,
11091,GEN,
11092,OBC-NCL,2192
11093,OBC-NCL,2193
11094,GEN,
11095,GEN,
11096,OBC-NCL,2194
11097,GEN,
11098,GEN-EWS,1304
11099,GEN,
11100,GEN,
11101,GEN,
11102,OBC-NCL,2195
11103,GEN,
11104,GEN,
11105,GEN,
11106,GEN-EWS,1305
11107,GEN,
11108,GEN,
11109,SC,208
11110,GEN,
11111,GEN,
11112,OBC-NCL,2196
11113,GEN,
11114,GEN,
11115,GEN,
11116,GEN,
11117,GEN,
11118,GEN,
11119,GEN,
11120,GEN,
11121,GEN,
11122,GEN,
11123,GEN,
11124,OBC-NCL,2197
11125,SC,209
11126,GEN,
11127,GEN,
11128,GEN,
11129,GEN,
11130,GEN,
11131,GEN,
11132,GEN,
11133,GEN,
11134,OBC-NCL,2198
11135,GEN,
11136,GEN,
11137,GEN-EWS,1306
11138,OBC-NCL,2199
11139,GEN,
11140,GEN,
11141,GEN,
11142,OBC-NCL,2200
11143,GEN-EWS,1307
11144,OBC-NCL,2201
11145,GEN,
11146,GEN,
11147,OBC-NCL,2202
11148,GEN,
11149,OBC-NCL,2203
11150,GEN-EWS,1308
11151,GEN,
11152,GEN,
11153,GEN,
11154,OBC-NCL,2204
11155,GEN,
11156,GEN,
11157,OBC-NCL,2205
11158,OBC-NCL,2206
11159,GEN,
11160,GEN,
11161,GEN,
11162,GEN-EWS,1309
11163,GEN-EWS,1310
11164,GEN,
11165,OBC-NCL,2207
11166,GEN,
11167,GEN,
11168,GEN,
11169,GEN,
11170,GEN,
11171,OBC-NCL,2208
11172,OBC-NCL,2209
11173,GEN,
11174,OBC-NCL,2210
11175,GEN,
11176,GEN,
11177,OBC-NCL,2211
11178,GEN,
11179,OBC-NCL,2212
11180,GEN,
11181,OBC-NCL,2213
11182,GEN-EWS,1311
11183,OBC-NCL,2214
11184,GEN,
11185,GEN,
11186,GEN,
11187,GEN,
11188,GEN,
11189,GEN-EWS,1312
11190,GEN,
11191,GEN,
11192,GEN,
11193,GEN-EWS,1313
11194,GEN,
11195,GEN,
11196,GEN,
11197,GEN,
11198,GEN,
11199,GEN,
11200,GEN-EWS,1314
11201,GEN,
11202,GEN,
11203,GEN,
11204,OBC-NCL,2215
11205,GEN-EWS,1315
11206,GEN,
11207,GEN,
11208,OBC-NCL,2216
11209,GEN,
11210,GEN-EWS,1316
11211,GEN,
11211,GEN,
11213,GEN,
11214,GEN-EWS,1317
11215,GEN-EWS,1318
11216,OBC-NCL,2217
11217,GEN,
11218,GEN,
11219,GEN-EWS,1319
11220,GEN,
11221,GEN-EWS,1320
11222,GEN,
11223,GEN,
11224,GEN,
11225,GEN,
11226,GEN,
11227,GEN-EWS,1321
11228,GEN,
11229,GEN,
11230,GEN,
11231,GEN,
11232,OBC-NCL,2218
11233,OBC-NCL,2219
11234,GEN,
11235,GEN,
11236,SC,210
11237,GEN,
11238,GEN,
11239,OBC-NCL,2220
11240,GEN-EWS,1322
11241,GEN,
11242,GEN-EWS,1323
11243,OBC-NCL,2221
11244,GEN-EWS,1324
11245,GEN,
11246,GEN,
11247,OBC-NCL,2222
11248,OBC-NCL,2223
11249,GEN,
11250,ST,53
11251,GEN,
11252,GEN,
11253,GEN,
11254,OBC-NCL,2224
11255,OBC-NCL,2225
11256,GEN,
11257,GEN,
11258,GEN,
11259,OBC-NCL,2226
11260,GEN,
11261,GEN,
11262,GEN,
11263,GEN,
11264,GEN-EWS,1325
11265,GEN,
11266,GEN,
11267,GEN,
11268,GEN,
11269,GEN,
11270,ST,54
11271,GEN,
11272,GEN-EWS,1326
11273,OBC-NCL,2227
11274,GEN,
11275,GEN-EWS,2228
11276,OBC-NCL,2229
11277,OBC-NCL,2230
11278,GEN,
11279,GEN,
11280,GEN,
11281,SC,211
11282,OBC-NCL,2231
11283,OBC-NCL,2232
11284,GEN-EWS,1327
11285,GEN,
11286,GEN,
11287,GEN,
11288,GEN,
11289,GEN-EWS,1328
11290,GEN,
11291,OBC-NCL,2233
11292,GEN-EWS,1329
11293,GEN,
11294,GEN,
11295,GEN,
11296,GEN,
11297,GEN-EWS,1330
11298,OBC-NCL,2234
11299,GEN,
11300,OBC-NCL,2235
11301,GEN-EWS,1331
11302,GEN,
11303,GEN-EWS,1332
11304,GEN,
11305,GEN,
11306,OBC-NCL,2236
11307,GEN-EWS,1333
11308,GEN,
11309,GEN,
11310,GEN,
11311,OBC-NCL,2237
11312,OBC-NCL,2238
11313,GEN-EWS,1334
11314,GEN,
11315,OBC-NCL,2239
11316,GEN,
11317,OBC-NCL,2240
11318,GEN,
11319,GEN,
11320,OBC-NCL,2241
11321,GEN,
11322,GEN,
11323,GEN,
11324,GEN,
11325,GEN,
11326,GEN,
11327,GEN,
11328,GEN,
11329,OBC-NCL,2242
11330,GEN,
11331,GEN-EWS,1335
11332,OBC-NCL,2243
11333,GEN-EWS,1336
11334,GEN,
11335,GEN,
11336,OBC-NCL,2244
11337,GEN-EWS,1337
11338,GEN-EWS,1338
11339,OBC-NCL,2245
11340,GEN,
11341,OBC-NCL,2246
11342,OBC-NCL,2247
11343,OBC-NCL,2248
11344,GEN,
11345,GEN,
11346,OBC-NCL,2249
11347,OBC-NCL,2250
11348,GEN,
11349,GEN,
11350,GEN-EWS,1339
11351,GEN-EWS,1340
11352,OBC-NCL,2251
11353,OBC-NCL,2252
11354,SC,212
11355,GEN,
11356,GEN,
11357,OBC-NCL,2253
11358,GEN,
11359,GEN,
11360,GEN,
11361,GEN,
11362,GEN,
11363,GEN,
11364,OBC-NCL,2254
11365,GEN,
11366,OBC-NCL,2255
11367,OBC-NCL,2256
11368,GEN-EWS,1341
11369,GEN,
11370,GEN,
11371,GEN,
11372,GEN-EWS,1342
11373,GEN,
11374,GEN-EWS,1343
11375,GEN,
11376,GEN-EWS,1344
11377,GEN,
11378,GEN,
11379,OBC-NCL,2257
11380,GEN,
11381,GEN,
11382,OBC-NCL,2258
11383,GEN,
11384,GEN,
11385,GEN,
11386,OBC-NCL,2259
11387,OBC-NCL,2260
11388,GEN,
11389,GEN,
11390,OBC-NCL,2261
11391,GEN,
11392,GEN,
11393,GEN,
11394,GEN,
11395,GEN,
11396,GEN,
11397,GEN,
11398,GEN,
11399,GEN,
11400,GEN,
11401,GEN,
11402,GEN,
11403,GEN,
11404,GEN,
11405,OBC-NCL,2262
11406,GEN,
11407,GEN,
11408,GEN,
11409,GEN-EWS,1345
11410,GEN,
11411,GEN,
11412,GEN,
11413,OBC-NCL,2263
11414,OBC-NCL,2264
11415,GEN,
11416,GEN,
11417,GEN,
11418,GEN-EWS,1346
11419,GEN,
11420,GEN,
11421,GEN,
11422,GEN,
11423,SC,213
11424,GEN,
11425,GEN,
11426,GEN,
11427,GEN,
11428,GEN,
11429,GEN,
11430,GEN-EWS,1347
11431,GEN-EWS,1348
11432,GEN,
11433,GEN,
11434,GEN-EWS,1349
11435,GEN,
11436,GEN,
11437,GEN,
11438,GEN,
11439,GEN,
11440,GEN,
11441,GEN,
11442,OBC-NCL,2265
11443,GEN,
11444,GEN,
11445,GEN,
11446,OBC-NCL,2266
11446,OBC-NCL,2266
11448,OBC-NCL,2268
11449,GEN,
11450,GEN,
11451,GEN,
11452,GEN-EWS,1350
11453,GEN-EWS,1351
11454,GEN,
11455,GEN,
11456,GEN,
11457,OBC-NCL,2269
11458,GEN,
11459,OBC-NCL,2270
11460,SC,214
11461,OBC-NCL,2271
11462,GEN-EWS,1352
11463,OBC-NCL,2272
11464,OBC-NCL,2273
11465,GEN,
11466,GEN-EWS,1353
11467,GEN,
11468,SC,215
11469,GEN,
11470,GEN,
11471,GEN-EWS,1354
11472,GEN,
11473,GEN,
11474,GEN,
11475,GEN,
11476,OBC-NCL,2274
11477,GEN,
11478,GEN,
11479,GEN,
11480,GEN,
11481,GEN,
11482,GEN,
11483,GEN,
11484,GEN,
11485,GEN,
11486,OBC-NCL,2275
11487,OBC-NCL,2276
11488,OBC-NCL,2277
11489,GEN,
11490,GEN-EWS,1355
11491,OBC-NCL,2278
11492,GEN,
11493,OBC-NCL,2279
11494,GEN,
11495,GEN,
11496,OBC-NCL,2280
11497,OBC-NCL,2281
11498,GEN,
11499,GEN,
11500,GEN,
11501,GEN,
11502,OBC-NCL,2282
11503,GEN,
11504,GEN,
11505,GEN,
11506,GEN-EWS,1356
11507,GEN,
11508,GEN-EWS,1357
11509,GEN,
11510,GEN-EWS,1358
11511,GEN-EWS,1359
11512,GEN-EWS,1360
11513,OBC-NCL,2283
11514,OBC-NCL,2284
11515,OBC-NCL,2285
11516,OBC-NCL,2286
11517,OBC-NCL,2287
11518,GEN,
11519,GEN,
11520,GEN,
11521,GEN-EWS,1361
11522,GEN,
11523,GEN,
11524,OBC-NCL,2288
11525,OBC-NCL,2289
11526,GEN,
11527,OBC-NCL,2290
11528,GEN,
11529,GEN,
11530,GEN,
11531,OBC-NCL,2291
11532,GEN,
11533,GEN,
11534,GEN,
11535,GEN,
11536,GEN,
11537,GEN,
11538,GEN-EWS,1362
11539,GEN,
11540,GEN-EWS,1363
11541,GEN,
11542,GEN,
11543,OBC-NCL,2292
11544,OBC-NCL,2293
11545,GEN,
11546,GEN-EWS,1364
11547,GEN,
11548,GEN-EWS,1365
11549,OBC-NCL,2294
11550,GEN-EWS,1366
11551,OBC-NCL,2295
11552,GEN,
11553,OBC-NCL,2296
11554,OBC-NCL,2297
11555,SC,216
11556,GEN,
11557,GEN,
11558,GEN,
11559,GEN,
11560,GEN,
11561,SC,217
11562,OBC-NCL,2298
11563,GEN,
11564,GEN,
11565,GEN,
11566,GEN,
11567,GEN,
11568,GEN,
11569,GEN,
11570,GEN,
11571,GEN,
11572,OBC-NCL,2299
11573,OBC-NCL,2300
11574,OBC-NCL,2301
11575,GEN,
11576,GEN-EWS,1367
11577,GEN,
11578,OBC-NCL,2302
11579,GEN,
11580,GEN,
11581,GEN-EWS,1368
11582,OBC-NCL,2303
11583,GEN,
11584,GEN-EWS,1369
11585,GEN-EWS,1370
11586,GEN,
11587,GEN-EWS,1371
11588,GEN-EWS,1372
11589,GEN,
11590,GEN,
11591,GEN,
11592,GEN,
11593,GEN,
11594,OBC-NCL,2304
11595,GEN,
11596,GEN-EWS,1373
11597,GEN-EWS,1374
11598,GEN-EWS,1375
11599,OBC-NCL,2305
11600,GEN,
11601,GEN,
11602,ST,55
11603,GEN,
11604,GEN,
11605,GEN,
11606,OBC-NCL,2306
11607,GEN-EWS,1376
11608,GEN,
11609,GEN,
11610,GEN,
11611,GEN,
11612,OBC-NCL,2307
11613,OBC-NCL,2308
11614,GEN,
11615,GEN,
11616,OBC-NCL,2309
11617,OBC-NCL,2310
11618,GEN,
11619,GEN,
11620,OBC-NCL,2311
11621,OBC-NCL,2312
11622,GEN,
11623,GEN,
11624,OBC-NCL,2313
11625,GEN-EWS,1377
11626,GEN,
11627,GEN,
11628,SC,218
11629,GEN,
11630,OBC-NCL,2314
11631,GEN,
11632,OBC-NCL,2315
11633,GEN-EWS,1378
11634,OBC-NCL,2316
11635,OBC-NCL,2317
11636,GEN,
11637,OBC-NCL,2318
11638,SC,219
11639,OBC-NCL,2319
11640,SC,220
11641,OBC-NCL,2320
11642,GEN,
11643,GEN-EWS,1379
11644,GEN,
11645,GEN,
11646,OBC-NCL,2321
11647,GEN,
11648,GEN,
11649,OBC-NCL,2322
11650,GEN,
11651,OBC-NCL,2323
11652,GEN,
11653,GEN-EWS,1380
11654,OBC-NCL,2324
11655,GEN,
11656,GEN,
11657,GEN,
11658,OBC-NCL,2325
11659,GEN,
11660,GEN,
11661,GEN-EWS,1381
11662,GEN,
11663,OBC-NCL,2326
11664,GEN,
11665,GEN,
11666,GEN,
11667,GEN,
11668,OBC-NCL,2327
11669,SC,221
11670,GEN,
11671,GEN,
11672,SC,222
11673,GEN-EWS,1382
11674,GEN,
11675,GEN,
11676,GEN,
11677,GEN,
11678,GEN,
11679,GEN-EWS,1383
11680,GEN,
11681,GEN,
11682,GEN-EWS,1384
11683,GEN,
11684,GEN,
11685,GEN,
11686,GEN,
11687,OBC-NCL,2328
11688,OBC-NCL,2329
11689,GEN,
11690,OBC-NCL,2330
11691,GEN,
11692,GEN,
11693,GEN-EWS,1385
11694,GEN,
11695,GEN,
11696,OBC-NCL,2331
11697,GEN,
11698,GEN,
11699,GEN,
11700,GEN,
11701,OBC-NCL,2332
11702,GEN,
11703,GEN,
11704,OBC-NCL,2333
11705,OBC-NCL,2334
11706,OBC-NCL,2335
11707,OBC-NCL,2336
11708,OBC-NCL,2337
11709,GEN-EWS,1386
11710,GEN,
11711,OBC-NCL,2338
11712,GEN,
11713,GEN,
11714,OBC-NCL,2339
11715,GEN-EWS,1387
11716,GEN,
11717,GEN-EWS,1388
11718,GEN-EWS,1389
11719,GEN,
11720,OBC-NCL,2340
11721,GEN-EWS,1390
11722,GEN,
11723,GEN-EWS,1391
11724,GEN,
11725,GEN-EWS,1392
11726,GEN,
11727,GEN,
11728,GEN,
11729,OBC-NCL,2341
11730,GEN,
11731,GEN,
11732,GEN-EWS,1393
11733,OBC-NCL,2342
11734,GEN,
11735,GEN,
11736,GEN,
11737,GEN,
11738,GEN,
11739,GEN,
11740,GEN,
11741,GEN,
11742,GEN,
11743,GEN,
11744,GEN,
11745,GEN-EWS,1394
11746,GEN,
11747,GEN,
11748,OBC-NCL,2343
11749,GEN,
11750,GEN,
11751,GEN,
11752,OBC-NCL,2344
11753,OBC-NCL,2345
11754,GEN,
11755,GEN,
11756,GEN-EWS,1395
11757,GEN,
11758,OBC-NCL,2346
11759,OBC-NCL,2347
11760,OBC-NCL,2348
11761,GEN-EWS,1396
11762,GEN,
11763,GEN,
11764,SC,223
11765,GEN,
11766,GEN,
11767,GEN,
11768,GEN-EWS,1397
11769,GEN,
11770,GEN,
11771,GEN,
11772,OBC-NCL,2349
11773,SC,224
11774,GEN,
11775,GEN,
11776,GEN,
11777,GEN,
11778,OBC-NCL,2350
11779,OBC-NCL,2351
11780,GEN-EWS,1398
11781,GEN,
11782,GEN-EWS,1399
11783,GEN,
11784,GEN-EWS,1400
11785,GEN,
11786,GEN,
11787,SC,225
11788,GEN,
11789,GEN,
11790,OBC-NCL,2352
11791,GEN,
11792,GEN-EWS,1401
11793,GEN,
11794,OBC-NCL,2353
11795,OBC-NCL,2354
11796,GEN,
11797,OBC-NCL,2355
11798,GEN,
11799,GEN,
11800,GEN,
11801,GEN,
11802,GEN,
11803,GEN,
11804,OBC-NCL,2356
11805,OBC-NCL,2357
11806,GEN-EWS,1402
11807,GEN,
11808,GEN,
11809,GEN,
11810,GEN,
11811,SC,226
11812,OBC-NCL,2358
11813,GEN,
11814,GEN,
11815,SC,227
11816,GEN,
11817,GEN,
11818,GEN-EWS,1403
11819,GEN,
11820,OBC-NCL,2359
11821,GEN,
11822,OBC-NCL,2360
11823,GEN,
11824,OBC-NCL,2361
11825,GEN,
11826,GEN,
11827,GEN,
11828,GEN,
11829,GEN-EWS,1404
11830,OBC-NCL,2362
11831,GEN,
11832,GEN-EWS,1405
11833,OBC-NCL,2363
11834,GEN-EWS,1406
11835,GEN,
11836,GEN-EWS,1407
11837,GEN-EWS,1408
11838,GEN,
11839,GEN,
11840,GEN,
11841,GEN,
11842,GEN,
11843,OBC-NCL,2364
11844,GEN,
11845,GEN,
11846,GEN,
11847,OBC-NCL,2365
11848,GEN-EWS,1409
11849,GEN-EWS,1410
11850,OBC-NCL,2366
11851,GEN,
11852,SC,228
11853,GEN,
11854,GEN,
11855,GEN,
11856,GEN,
11857,OBC-NCL,2367
11858,GEN,
11859,GEN-EWS,1411
11860,GEN,
11861,GEN,
11862,GEN,
11863,GEN,
11864,OBC-NCL,2368
11865,GEN-EWS,1412
11866,GEN-EWS,1413
11867,GEN,
11868,GEN,
11869,OBC-NCL,2369
11870,GEN,
11871,GEN,
11872,GEN,
11873,GEN,
11874,GEN,
11875,GEN,
11876,GEN,
11877,GEN-EWS,1414
11878,GEN,
11879,OBC-NCL,2370
11880,GEN,
11881,GEN,
11881,GEN,
11883,GEN,
11884,GEN,
11885,OBC-NCL,2371
11886,GEN,
11887,GEN,
11888,GEN,
11889,GEN-EWS,1415
11890,GEN-EWS,1416
11891,GEN,
11892,GEN,
11893,GEN,
11894,OBC-NCL,2372
11895,OBC-NCL,2373
11896,GEN,
11897,GEN,
11898,GEN-EWS,1417
11899,GEN,
11900,GEN,
11901,GEN,
11902,GEN-EWS,1418
11903,GEN,
11904,GEN,
11905,OBC-NCL,2374
11906,GEN,
11907,OBC-NCL,2375
11908,GEN,
11909,GEN,
11910,OBC-NCL,2376
11911,GEN,
11912,GEN,
11913,GEN,
11914,GEN,
11915,GEN,
11916,GEN,
11917,GEN,
11918,OBC-NCL,2377
11919,GEN,
11920,GEN-EWS,1419
11921,GEN,
11922,GEN,
11923,GEN,
11924,SC,229
11925,GEN,
11926,GEN-EWS,1420
11927,GEN,
11928,OBC-NCL,2378
11929,OBC-NCL,2379
11930,GEN,
11931,GEN,
11932,GEN,
11933,OBC-NCL,2380
11934,GEN,
11935,GEN,
11936,GEN,
11937,GEN,
11938,GEN,
11939,GEN,
11940,GEN,
11941,GEN,
11942,GEN,
11943,GEN,
11944,OBC-NCL,2381
11945,OBC-NCL,2382
11946,OBC-NCL,2383
11947,GEN,
11948,GEN,
11949,GEN,
11950,GEN,
11951,GEN-EWS,1421
11952,GEN,
11953,GEN,
11954,GEN,
11955,GEN,
11956,OBC-NCL,2384
11957,GEN,
11958,GEN,
11959,GEN,
11960,GEN,
11961,GEN-EWS,1422
11962,OBC-NCL,2385
11963,GEN,
11964,OBC-NCL,2386
11965,GEN-EWS,1423
11966,GEN,
11967,OBC-NCL,2387
11968,GEN,
11969,GEN-EWS,1424
11970,GEN,
11971,GEN,
11972,OBC-NCL,2388
11973,GEN,
11974,GEN,
11975,GEN,
11976,OBC-NCL,2389
11977,GEN-EWS,1425
11978,GEN-EWS,1426
11979,GEN,
11980,GEN,
11981,GEN,
11982,GEN,
11983,OBC-NCL,2390
11984,GEN-EWS,1427
11985,GEN,
11986,GEN,
11987,OBC-NCL,2391
11988,GEN,
11989,GEN,
11990,GEN,
11991,GEN-EWS,1428
11992,OBC-NCL,2392
11993,GEN,
11994,GEN,
11995,GEN-EWS,1429
11996,OBC-NCL,2393
11997,OBC-NCL,2394
11998,OBC-NCL,2395
11999,GEN,
12000,OBC-NCL,2396
12001,GEN,
12002,GEN,
12003,GEN,
12004,GEN,
12005,GEN,
12006,GEN,
12007,ST,17
12008,GEN,
12009,GEN,
12010,OBC-NCL,2397
12011,GEN,
12012,GEN,
12013,GEN-EWS,1430
12014,OBC-NCL,2398
12015,GEN,
12016,GEN,
12017,GEN-EWS,1431
12018,GEN-EWS,1432
12019,GEN,
12020,GEN-EWS,2399
12021,OBC-NCL,2400
12022,GEN,
12023,OBC-NCL,2401
12024,GEN,
12025,OBC-NCL,2402
12026,OBC-NCL,2403
12027,GEN-EWS,1433
12028,OBC-NCL,2404
12029,GEN-EWS,1434
12030,GEN,
12031,OBC-NCL,2405
12032,GEN-EWS,1435
12033,GEN,
12034,GEN,
12035,OBC-NCL,2406
12036,GEN-EWS,1436
12037,GEN-EWS,1437
12038,GEN,
12039,GEN,
12040,GEN,
12041,GEN,
12042,GEN,
12043,OBC-NCL,2407
12044,GEN,
12045,GEN,
12046,GEN,
12047,GEN,
12048,GEN,
12049,SC,230
12050,GEN-EWS,1438
12051,OBC-NCL,2408
12052,OBC-NCL,2409
12053,GEN,
12054,OBC-NCL,2410
12055,OBC-NCL,2411
12056,GEN-EWS,1439
12057,GEN-EWS,1440
12058,GEN-EWS,1441
12059,GEN-EWS,1442
12060,GEN,
12061,GEN,
12062,OBC-NCL,2412
12063,GEN,
12064,GEN,
12065,OBC-NCL,2413
12066,GEN,
12067,GEN,
12068,GEN,
12069,OBC-NCL,2414
12070,GEN,
12071,OBC-NCL,2415
12072,GEN,
12073,OBC-NCL,2416
12074,GEN-EWS,1443
12075,GEN-EWS,1444
12076,GEN-EWS,1445
12077,GEN,
12078,GEN-EWS,1446
12079,GEN-EWS,1447
12080,ST,56
12081,OBC-NCL,2417
12082,GEN-EWS,1448
12083,OBC-NCL,2418
12084,GEN,
12085,GEN,
12086,GEN,
12087,OBC-NCL,2419
12088,GEN,
12089,GEN,
12090,GEN,
12091,GEN,
12092,GEN-EWS,1449
12093,OBC-NCL,2420
12094,SC,231
12095,OBC-NCL,2421
12096,GEN,
12097,GEN-EWS,1450
12098,OBC-NCL,2422
12099,OBC-NCL,2423
12100,GEN,
12101,GEN,
12102,OBC-NCL,2424
12103,GEN,
12104,GEN,
12105,OBC-NCL,2425
12106,OBC-NCL,2426
12107,OBC-NCL,2427
12108,GEN,
12109,GEN,
12110,OBC-NCL,2428
12111,OBC-NCL,2429
12112,GEN-EWS,1451
12113,GEN-EWS,1452
12114,OBC-NCL,2430
12115,GEN,
12116,GEN,
12117,OBC-NCL,2431
12118,GEN,
12119,GEN,
12120,OBC-NCL,2432
12121,GEN,
12122,SC,232
12123,GEN-EWS,1453
12124,GEN,
12125,GEN,
12126,SC,233
12127,OBC-NCL,2433
12128,OBC-NCL,2434
12129,OBC-NCL,2435
12130,GEN,
12131,SC,234
12132,GEN,
12133,GEN-EWS,1454
12134,OBC-NCL,2436
12135,GEN,
12136,GEN,
12137,GEN-EWS,1455
12138,OBC-NCL,2437
12139,GEN,
12140,GEN,
12141,GEN,
12142,OBC-NCL,2438
12143,GEN,
12144,GEN,
12145,OBC-NCL,2439
12146,GEN,
12147,GEN,
12148,GEN,
12149,OBC-NCL,2440
12150,GEN,
12151,GEN-EWS,1456
12152,GEN,
12153,GEN,
12154,GEN,
12155,SC,235
12156,GEN-EWS,1457
12157,GEN,
12158,GEN-EWS,1458
12159,GEN,
12160,OBC-NCL,2441
12161,OBC-NCL,2442
12162,OBC-NCL,2443
12163,OBC-NCL,2444
12164,GEN,
12165,GEN,
12166,GEN,
12167,OBC-NCL,2445
12168,GEN,
12169,GEN,
12170,GEN-EWS,1459
12171,OBC-NCL,2446
12172,GEN,
12173,GEN-EWS,1460
12174,GEN-EWS,1461
12175,GEN,
12176,GEN-EWS,1462
12177,GEN,
12178,GEN-EWS,1463
12179,GEN,
12180,GEN,
12181,GEN,
12182,GEN-EWS,1464
12183,GEN,
12184,GEN,
12185,GEN,
12186,OBC-NCL,2447
12187,OBC-NCL,2448
12188,OBC-NCL,2449
12189,GEN,
12190,OBC-NCL,2450
12191,OBC-NCL,2451
12192,GEN,
12193,OBC-NCL,2452
12194,GEN,
12195,GEN,
12196,OBC-NCL,2453
12197,OBC-NCL,2454
12198,GEN,
12199,OBC-NCL,2455
12200,SC,236
12201,OBC-NCL,2456
12202,GEN-EWS,1465
12203,GEN,
12204,GEN-EWS,1466
12205,GEN,
12206,GEN,
12207,OBC-NCL,2457
12208,GEN,
12209,OBC-NCL,2458
12210,OBC-NCL,2459
12211,OBC-NCL,2460
12212,GEN,
12213,OBC-NCL,2461
12214,GEN,
12215,GEN,
12216,GEN,
12217,GEN,
12218,OBC-NCL,2462
12219,GEN,
12220,GEN,
12221,GEN,
12222,GEN,
12223,OBC-NCL,2463
12224,GEN,
12225,GEN,
12226,GEN,
12227,GEN,
12228,GEN,
12229,GEN,
12230,GEN,
12231,OBC-NCL,2464
12232,GEN,
12233,OBC-NCL,2465
12234,GEN-EWS,1467
12235,OBC-NCL,2466
12236,GEN-EWS,1468
12237,GEN-EWS,1469
12238,OBC-NCL,2467
12239,GEN,
12240,GEN,
12241,GEN-EWS,1470
12242,OBC-NCL,2468
12243,SC,237
12244,GEN,
12245,GEN,
12246,SC,238
12247,GEN,
12248,OBC-NCL,2469
12249,GEN-EWS,1471
12250,GEN,
12251,GEN,
12252,OBC-NCL,2470
12253,OBC-NCL,2471
12254,GEN,
12255,SC,239
12256,GEN,
12257,GEN-EWS,1472
12258,OBC-NCL,2472
12259,OBC-NCL,2473
12260,GEN,
12261,GEN,
12262,GEN,
12263,GEN,
12264,GEN,
12265,ST,57
12266,GEN,
12267,OBC-NCL,2474
12268,GEN,
12269,GEN,
12270,GEN,
12271,GEN,
12272,GEN,
12273,OBC-NCL,2475
12274,GEN,
12275,GEN,
12276,GEN,
12277,GEN,
12278,OBC-NCL,2476
12279,GEN,
12280,ST,58
12281,GEN,
12282,OBC-NCL,2477
12283,GEN-EWS,1473
12284,GEN,
12285,GEN,
12286,GEN,
12287,GEN,
12288,GEN,
12289,OBC-NCL,2478
12290,GEN,
12291,GEN-EWS,1474
12292,OBC-NCL,2479
12293,GEN,
12294,GEN,
12295,ST,59
12296,GEN,
12297,OBC-NCL,2480
12298,OBC-NCL,2481
12299,GEN,
12300,OBC-NCL,2482
12301,GEN-EWS,1475
12302,GEN-EWS,1476
12303,OBC-NCL,2483
12304,GEN,
12305,GEN,
12306,GEN-EWS,1477
12307,GEN,
12308,GEN,
12309,OBC-NCL,2484
12310,OBC-NCL,2485
12311,GEN,
12312,SC,240
12313,GEN,
12314,GEN-EWS,1478
12315,GEN,
12316,GEN,
12317,GEN-EWS,1479
12318,GEN,
12319,OBC-NCL,2486
12320,GEN-EWS,1480
12321,GEN,
12322,GEN,
12323,SC,241
12324,GEN,
12325,GEN,
12326,OBC-NCL,2487
12327,GEN,
12328,GEN,
12329,OBC-NCL,2488
12330,GEN,
12331,SC,242
12332,GEN,
12333,OBC-NCL,2489
12334,GEN,
12335,SC,243
12336,SC,244
12337,GEN,
12338,GEN-EWS,1481
12339,GEN,
12340,GEN,
12341,GEN,
12342,GEN,
12343,GEN,
12344,OBC-NCL,2490
12345,GEN,
12346,OBC-NCL,2491
12347,GEN,
12348,GEN,
12349,GEN,
12350,OBC-NCL,2492
12351,GEN-EWS,1482
12352,OBC-NCL,2493
12353,GEN,
12354,OBC-NCL,2494
12355,OBC-NCL,2495
12356,GEN,
12357,GEN,
12358,OBC-NCL,2496
12359,GEN,
12360,GEN,
12361,GEN-EWS,1483
12362,GEN,
12363,GEN,
12364,GEN,
12365,GEN,
12366,GEN,
12367,GEN,
12368,SC,245
12369,GEN,
12370,GEN,
12371,OBC-NCL,2497
12372,GEN,
12373,GEN,
12374,GEN,
12375,GEN-EWS,1484
12376,OBC-NCL,2498
12377,GEN-EWS,1485
12378,GEN-EWS,1486
12379,GEN-EWS,1487
12380,OBC-NCL,2499
12381,GEN-EWS,1488
12382,GEN,
12383,GEN,
12384,GEN,
12385,GEN,
12386,GEN,
12387,GEN,
12388,GEN,
12389,GEN-EWS,1489
12390,OBC-NCL,2500
12391,OBC-NCL,2501
12392,GEN-EWS,1490
12393,GEN,
12394,GEN,
12395,GEN,
12396,SC,246
12397,GEN,
12398,GEN,
12399,SC,247
12400,GEN,
12401,GEN-EWS,1491
12402,GEN,
12403,GEN,
12404,GEN,
12405,GEN,
12406,GEN,
12407,GEN-EWS,1492
12407,OBC-NCL,2502
12409,GEN,
12410,GEN,
12411,GEN,
12412,GEN,
12413,OBC-NCL,2503
12414,OBC-NCL,2504
12415,GEN,
12416,OBC-NCL,2505
12417,OBC-NCL,2506
12418,GEN-EWS,1493
12419,OBC-NCL,2507
12420,GEN,
12421,GEN-EWS,1494
12422,OBC-NCL,2508
12423,GEN,
12424,GEN,
12425,GEN,
12426,GEN,
12427,GEN-EWS,1495
12428,OBC-NCL,2509
12429,GEN,
12430,GEN,
12431,GEN,
12432,GEN,
12433,GEN,
12434,GEN,
12435,SC,248
12436,GEN,
12437,GEN,
12438,GEN-EWS,1496
12439,GEN,
12440,GEN,
12441,GEN,
12442,GEN,
12443,GEN,
12444,GEN,
12445,GEN-EWS,1497
12446,GEN-EWS,1498
12447,OBC-NCL,2510
12448,GEN-EWS,1499
12449,GEN,
12450,GEN,
12451,GEN-EWS,1500
12452,GEN,
12453,GEN-EWS,1501
12454,GEN,
12455,GEN,
12456,GEN,
12457,SC,249
12458,GEN,
12459,GEN,
12460,GEN,
12461,GEN,
12462,GEN,
12463,GEN,
12464,GEN,
12465,GEN,
12466,SC,250
12467,OBC-NCL,2511
12468,GEN-EWS,1502
12469,OBC-NCL,2512
12470,GEN,
12471,OBC-NCL,2513
12472,GEN,
12473,ST,60
12474,GEN-EWS,1503
12475,GEN,
12476,GEN,
12477,OBC-NCL,2514
12478,OBC-NCL,2515
12479,OBC-NCL,2516
12480,GEN-EWS,1504
12481,GEN,
12482,GEN,
12483,GEN,
12484,OBC-NCL,2517
12485,GEN-EWS,1505
12486,GEN,
12487,GEN-EWS,1506
12488,SC,251
12489,GEN,
12490,GEN,
12491,GEN-EWS,1507
12492,GEN,
12493,GEN,
12494,GEN-EWS,1508
12495,OBC-NCL,2518
12496,GEN,
12497,GEN,
12498,OBC-NCL,2519
12499,GEN,
12500,GEN-EWS,1509
12501,GEN,
12502,OBC-NCL,2520
12503,GEN,
12504,GEN,
12505,GEN,
12506,GEN,
12507,GEN,
12508,GEN,
12509,GEN-EWS,1510
12510,GEN-EWS,1511
12511,GEN,
12512,OBC-NCL,2521
12513,GEN-EWS,1512
12514,GEN,
12515,GEN,
12516,GEN,
12517,GEN-EWS,1513
12518,GEN,
12519,GEN,
12520,GEN,
12521,OBC-NCL,2522
12522,GEN,
12523,GEN,
12524,GEN-EWS,1514
12525,OBC-NCL,2523
12526,GEN,
12527,GEN,
12528,OBC-NCL,2524
12529,OBC-NCL,2525
12530,GEN,
12531,GEN-EWS,1515
12532,OBC-NCL,2526
12533,GEN,
12534,GEN,
12535,GEN,
12536,GEN,
12537,GEN,
12538,OBC-NCL,2527
12539,SC,252
12540,GEN-EWS,1516
12541,OBC-NCL,2528
12542,OBC-NCL,2529
12543,GEN,
12544,GEN,
12545,GEN-EWS,1517
12546,OBC-NCL,2530
12547,GEN,
12548,OBC-NCL,2531
12549,OBC-NCL,2532
12550,GEN,
12551,GEN,
12552,GEN,
12553,GEN,
12554,GEN,
12555,OBC-NCL,2533
12556,GEN,
12557,GEN,
12558,GEN,
12559,GEN,
12560,GEN-EWS,1518
12561,GEN,
12562,GEN-EWS,1519
12563,GEN,
12564,OBC-NCL,2534
12565,GEN,
12566,GEN,
12567,GEN-EWS,1520
12568,OBC-NCL,2535
12569,GEN,
12570,GEN,
12571,OBC-NCL,2536
12572,OBC-NCL,2537
12573,OBC-NCL,2538
12574,GEN,
12575,GEN,
12576,GEN,
12577,OBC-NCL,2539
12578,OBC-NCL,2540
12579,GEN-EWS,1521
12580,OBC-NCL,2541
12581,GEN-EWS,1522
12582,GEN,
12583,GEN,
12584,GEN,
12585,GEN-EWS,1523
12586,GEN,
12587,GEN,
12588,GEN,
12589,OBC-NCL,2542
12590,OBC-NCL,2543
12591,GEN,
12592,GEN,
12593,GEN,
12594,GEN,
12595,GEN,
12596,OBC-NCL,2544
12597,GEN,
12598,OBC-NCL,2545
12599,OBC-NCL,2546
12600,OBC-NCL,2547
12601,GEN,
12602,GEN,
12603,SC,253
12604,OBC-NCL,2548
12605,GEN,
12606,OBC-NCL,2549
12607,GEN,
12608,GEN,
12609,OBC-NCL,2550
12610,GEN,
12611,GEN-EWS,1524
12612,OBC-NCL,2551
12613,GEN-EWS,1525
12614,GEN,
12615,GEN,
12616,GEN,
12617,GEN,
12618,OBC-NCL,2552
12619,GEN,
12620,GEN,
12621,GEN,
12622,GEN,
12623,GEN,
12624,GEN,
12625,GEN,
12626,OBC-NCL,2553
12627,OBC-NCL,2554
12628,GEN,
12629,OBC-NCL,2555
12630,GEN-EWS,1526
12631,GEN,
12632,ST,61
12633,OBC-NCL,2556
12634,GEN,
12635,GEN,
12636,GEN,
12637,SC,254
12638,OBC-NCL,2557
12639,GEN,
12640,GEN,
12641,OBC-NCL,2558
12642,GEN,
12643,SC,255
12644,GEN-EWS,1527
12645,GEN-EWS,1528
12646,OBC-NCL,2559
12647,GEN-EWS,1529
12648,GEN,
12649,OBC-NCL,2560
12650,GEN,
12651,GEN,
12652,GEN,
12653,GEN,
12654,GEN,
12655,OBC-NCL,2561
12656,GEN-EWS,1530
12657,OBC-NCL,2562
12658,GEN,
12659,GEN,
12660,GEN,
12661,OBC-NCL,2563
12662,GEN,
12663,GEN,
12664,GEN,
12665,OBC-NCL,2564
12666,GEN,
12667,OBC-NCL,2565
12668,GEN,
12669,GEN-EWS,1531
12670,OBC-NCL,2566
12671,GEN,
12672,GEN,
12673,GEN,
12674,GEN-EWS,1532
12675,OBC-NCL,2567
12676,OBC-NCL,2568
12677,GEN,
12678,GEN,
12679,GEN,
12680,GEN,
12681,GEN,
12682,GEN,
12683,GEN,
12684,GEN-EWS,1533
12685,GEN-EWS,1534
12686,GEN,
12687,GEN,
12688,OBC-NCL,2569
12689,OBC-NCL,2570
12690,OBC-NCL,2571
12691,GEN,
12692,OBC-NCL,2572
12693,GEN,
12694,GEN,
12695,GEN,
12696,OBC-NCL,2573
12697,GEN,
12698,GEN,
12699,SC,256
12700,OBC-NCL,2574
12701,GEN,
12702,OBC-NCL,2575
12703,GEN,
12704,GEN,
12705,GEN-EWS,1535
12706,GEN-EWS,1536
12707,GEN,
12708,GEN,
12709,GEN,
12710,GEN,
12711,GEN,
12712,GEN,
12713,OBC-NCL,2576
12714,OBC-NCL,2577
12715,GEN-EWS,1537
12716,GEN,
12717,GEN,
12718,GEN,
12719,GEN-EWS,1538
12720,GEN,
12721,ST,62
12722,GEN,
12723,GEN,
12724,OBC-NCL,2578
12725,GEN,
12726,GEN,
12727,OBC-NCL,2579
12728,GEN,
12729,GEN,
12730,OBC-NCL,2580
12731,OBC-NCL,2581
12732,GEN,
12733,GEN,
12734,GEN,
12735,SC,257
12736,GEN-EWS,1539
12737,OBC-NCL,2582
12738,GEN,
12739,GEN,
12740,GEN,
12741,GEN-EWS,1540
12742,GEN,
12743,GEN,
12744,OBC-NCL,2583
12745,ST,63
12746,GEN,
12747,GEN,
12748,GEN,
12749,OBC-NCL,2584
12750,OBC-NCL,2585
12751,OBC-NCL,2586
12752,GEN,
12753,GEN,
12754,GEN,
12755,GEN,
12756,GEN,
12757,GEN,
12758,OBC-NCL,2587
12759,OBC-NCL,2588
12760,OBC-NCL,2589
12761,GEN,
12762,GEN,
12763,GEN,
12764,GEN,
12765,GEN,
12766,GEN,
12767,GEN,
12768,GEN,
12769,GEN,
12770,GEN,
12771,OBC-NCL,2590
12772,OBC-NCL,2591
12773,GEN,
12774,GEN-EWS,1541
12775,GEN,
12776,OBC-NCL,2592
12777,SC,258
12778,GEN,
12779,OBC-NCL,2593
12780,GEN,
12781,GEN,
12782,GEN,
12783,GEN,
12784,ST,64
12785,GEN,
12786,GEN,
12787,GEN,
12788,OBC-NCL,2594
12789,GEN,
12790,GEN-EWS,1542
12791,GEN,
12792,SC,259
12793,OBC-NCL,2595
12794,GEN,
12795,GEN,
12796,GEN,
12797,GEN,
12798,GEN,
12799,GEN,
12800,OBC-NCL,2596
12801,OBC-NCL,2597
12802,GEN-EWS,1543
12803,GEN-EWS,1544
12804,OBC-NCL,2598
12805,GEN-EWS,1545
12806,GEN-EWS,1546
12807,OBC-NCL,2599
12807,OBC-NCL,2599
12809,GEN,
12810,GEN,
12811,GEN,
12812,GEN,
12813,GEN,
12814,OBC-NCL,2601
12815,OBC-NCL,2602
12816,GEN,
12817,GEN,
12818,OBC-NCL,2603
12819,GEN,
12820,OBC-NCL,2604
12821,OBC-NCL,2605
12822,GEN,
12823,OBC-NCL,2606
12824,GEN-EWS,1547
12825,OBC-NCL,2607
12826,OBC-NCL,2608
12827,GEN,
12828,GEN,
12829,GEN,
12830,GEN,
12831,OBC-NCL,2609
12832,GEN,
12833,GEN,
12834,OBC-NCL,2610
12835,GEN,
12836,GEN,
12837,SC,260
12838,OBC-NCL,2611
12839,GEN,
12840,OBC-NCL,2612
12841,GEN,
12842,OBC-NCL,2613
12843,GEN-EWS,1548
12844,GEN,
12845,GEN-EWS,1549
12846,GEN-EWS,1550
12847,SC,261
12848,OBC-NCL,2614
12849,GEN,
12850,GEN,
12851,GEN,
12852,GEN,
12853,GEN,
12854,GEN,
12855,GEN,
12856,GEN,
12857,GEN,
12858,OBC-NCL,2615
12859,GEN,
12860,GEN,
12861,GEN,
12862,GEN,
12863,GEN,
12864,GEN,
12865,GEN-EWS,1551
12866,GEN,
12867,GEN,
12868,GEN,
12869,GEN,
12870,GEN-EWS,1552
12871,OBC-NCL,2616
12872,OBC-NCL,2617
12873,GEN,
12874,GEN,
12875,OBC-NCL,2618
12876,OBC-NCL,2619
12877,OBC-NCL,2620
12878,GEN,
12879,GEN,
12880,GEN,
12881,GEN,
12882,GEN,
12883,GEN-EWS,1553
12884,GEN-EWS,1554
12885,GEN-EWS,1555
12886,GEN,
12887,GEN,
12888,GEN-EWS,1556
12889,GEN-EWS,1557
12890,OBC-NCL,2621
12891,GEN,
12892,GEN,
12893,OBC-NCL,2622
12894,GEN,
12895,GEN,
12896,GEN,
12897,GEN,
12898,OBC-NCL,2623
12899,OBC-NCL,2624
12900,GEN,
12901,GEN,
12902,GEN,
12903,GEN-EWS,1558
12904,GEN,
12905,GEN-EWS,1559
12906,GEN,
12907,GEN,
12908,GEN,
12909,GEN-EWS,1560
12910,OBC-NCL,2625
12911,GEN,
12912,GEN-EWS,1561
12913,GEN,
12914,GEN,
12915,OBC-NCL,2626
12916,GEN-EWS,1562
12917,OBC-NCL,2627
12918,GEN,
12919,GEN,
12920,GEN,
12921,GEN-EWS,1563
12922,GEN,
12923,GEN-EWS,1564
12924,GEN-EWS,1565
12925,GEN,
12926,GEN,
12927,GEN,
12928,OBC-NCL,2628
12929,OBC-NCL,2629
12930,GEN-EWS,1566
12931,GEN-EWS,1567
12932,GEN,
12933,GEN,
12934,GEN,
12935,GEN-EWS,1568
12936,OBC-NCL,2630
12937,GEN,
12938,OBC-NCL,2631
12939,OBC-NCL,2632
12940,GEN-EWS,1569
12941,GEN,
12942,GEN,
12943,GEN,
12944,OBC-NCL,2633
12945,GEN,
12946,OBC-NCL,2634
12947,GEN-EWS,1570
12948,GEN,
12949,GEN,
12950,GEN,
12951,GEN,
12952,SC,262
12953,GEN,
12954,GEN,
12955,GEN,
12956,GEN,
12957,GEN,
12958,OBC-NCL,2635
12959,GEN,
12960,GEN,
12961,GEN,
12962,OBC-NCL,2636
12963,OBC-NCL,2637
12964,GEN,
12965,GEN,
12966,GEN,
12967,GEN,
12968,GEN,
12969,GEN,
12970,GEN,
12971,GEN,
12972,OBC-NCL,2638
12973,GEN-EWS,1571
12974,GEN,
12974,OBC-NCL,2639
12976,GEN-EWS,1572
12977,GEN,
12978,GEN,
12979,OBC-NCL,2640
12980,SC,263
12981,GEN,
12982,SC,264
12983,GEN,
12984,GEN,
12985,GEN-EWS,2641
12986,GEN,
12987,GEN-EWS,1573
12988,OBC-NCL,2642
12989,SC,265
12990,SC,266
12991,GEN,
12992,GEN,
12993,GEN,
12994,GEN,
12995,GEN,
12996,OBC-NCL,2643
12997,GEN,
12998,GEN-EWS,1574
12999,OBC-NCL,2644
13000,OBC-NCL,2645
13001,GEN,
13002,GEN-EWS,1575
13003,GEN,
13004,OBC-NCL,2646
13005,GEN,
13006,GEN,
13007,GEN,
13008,GEN,
13009,GEN,
13010,GEN,
13011,GEN,
13012,GEN,
13013,GEN,
13014,OBC-NCL,2647
13015,GEN-EWS,1576
13016,GEN,
13017,GEN-EWS,1577
13018,GEN,
13019,GEN,
13020,GEN,
13021,GEN,
13022,OBC-NCL,2648
13023,GEN,
13024,OBC-NCL,2649
13025,GEN,
13026,GEN-EWS,1578
13027,OBC-NCL,2650
13028,GEN,
13029,GEN,
13030,GEN-EWS,1579
13031,GEN-EWS,1580
13032,OBC-NCL,2651
13033,GEN,
13034,OBC-NCL,2652
13035,GEN,
13036,GEN,
13037,GEN,
13038,GEN-EWS,1581
13039,OBC-NCL,2653
13040,SC,267
13041,GEN,
13042,GEN,
13043,GEN,
13044,GEN,
13045,GEN,
13046,GEN,
13047,GEN-EWS,1582
13048,GEN,
13049,OBC-NCL,2654
13050,OBC-NCL,2655
13051,GEN-EWS,1583
13051,OBC-NCL,2656
13053,GEN-EWS,1584
13054,GEN,
13055,GEN-EWS,1585
13056,GEN,
13057,GEN,
13058,GEN,
13059,GEN,
13060,GEN,
13061,OBC-NCL,2657
13062,GEN,
13063,GEN-EWS,1586
13064,GEN-EWS,1587
13065,GEN,
13066,GEN,
13067,GEN,
13068,OBC-NCL,2658
13069,GEN,
13070,GEN,
13071,GEN,
13072,GEN-EWS,1588
13073,GEN-EWS,1589
13074,OBC-NCL,2659
13075,GEN,
13076,OBC-NCL,2660
13077,GEN,
13078,OBC-NCL,2661
13079,OBC-NCL,2662
13080,GEN,
13081,GEN-EWS,1590
13082,GEN,
13083,GEN-EWS,1591
13084,GEN,
13085,GEN,
13086,GEN,
13087,OBC-NCL,2663
13088,OBC-NCL,2664
13089,GEN,
13090,OBC-NCL,2665
13091,GEN,
13092,OBC-NCL,2666
13093,GEN,
13094,GEN,
13095,OBC-NCL,2667
13096,GEN,
13097,GEN,
13098,GEN,
13099,OBC-NCL,2668
13100,GEN,
13101,OBC-NCL,2669
13102,GEN,
13103,GEN,
13104,GEN,
13105,OBC-NCL,2670
13106,GEN,
13107,GEN,
13108,GEN,
13109,GEN,
13110,GEN,
13111,GEN,
13112,GEN-EWS,1592
13113,OBC-NCL,2671
13114,GEN,
13115,OBC-NCL,2672
13116,GEN,
13117,OBC-NCL,2673
13118,OBC-NCL,2674
13119,GEN-EWS,1593
13120,GEN,
13121,GEN,
13122,GEN,
13123,SC,268
13124,GEN,
13125,SC,269
13126,GEN,
13127,GEN,
13128,GEN-EWS,1594
13129,OBC-NCL,2675
13130,GEN-EWS,1595
13131,OBC-NCL,2676
13132,GEN,
13133,GEN,
13134,GEN,
13135,GEN,
13136,GEN,
13137,GEN,
13138,GEN-EWS,1596
13139,GEN-EWS,1597
13140,ST,65
13141,GEN,
13142,GEN,
13143,GEN,
13144,GEN,
13145,OBC-NCL,2677
13146,GEN-EWS,1598
13147,GEN,
13148,GEN,
13149,GEN,
13150,GEN,
13151,GEN,
13152,GEN,
13153,GEN,
13154,OBC-NCL,2678
13155,OBC-NCL,2679
13156,GEN,
13157,SC,270
13158,GEN,
13159,GEN,
13160,GEN,
13161,GEN,
13162,GEN-EWS,1599
13163,GEN,
13164,GEN,
13165,GEN,
13166,GEN,
13167,OBC-NCL,2680
13168,GEN,
13169,GEN,
13170,GEN,
13171,GEN,
13172,GEN-EWS,1600
13173,GEN,
13174,GEN-EWS,1601
13175,GEN-EWS,1602
13176,GEN,
13177,OBC-NCL,2681
13178,GEN,
13179,GEN,
13180,GEN,
13181,GEN,
13182,GEN,
13183,GEN,
13184,GEN,
13185,GEN-EWS,1603
13186,GEN,
13187,GEN,
13188,GEN,
13189,GEN,
13190,GEN-EWS,1604
13191,GEN-EWS,1605
13192,GEN,
13193,GEN,
13194,OBC-NCL,2682
13195,GEN-EWS,1606
13196,OBC-NCL,2683
13197,GEN,
13198,GEN,
13199,GEN-EWS,1607
13200,OBC-NCL,2684
13201,OBC-NCL,2685
13202,GEN,
13203,GEN,
13204,GEN,
13205,OBC-NCL,2686
13206,GEN,
13207,GEN-EWS,1608
13208,GEN,
13209,GEN-EWS,1609
13210,GEN,
13211,OBC-NCL,2687
13212,GEN,
13213,OBC-NCL,2688
13214,GEN-EWS,1610
13215,OBC-NCL,2689
13216,GEN,
13217,GEN,
13218,OBC-NCL,2690
13219,GEN,
13220,GEN,
13221,GEN,
13222,OBC-NCL,2691
13223,GEN,
13224,GEN,
13225,OBC-NCL,2693
13226,GEN,
13227,GEN,
13228,GEN,
13229,GEN-EWS,1611
13230,GEN,
13231,GEN,
13232,GEN,
13233,GEN-EWS,1612
13234,GEN,
13235,OBC-NCL,2694
13236,OBC-NCL,2695
13237,GEN-EWS,1613
13238,GEN,
13239,GEN,
13240,GEN-EWS,1614
13241,GEN-EWS,1615
13242,OBC-NCL,2696
13243,GEN-EWS,1616
13244,GEN,
13245,GEN,
13246,GEN,
13247,GEN,
13248,SC,271
13249,GEN,
13250,GEN-EWS,1617
13251,GEN,
13252,OBC-NCL,2698
13253,GEN,
13254,OBC-NCL,2699
13255,GEN,
13256,SC,272
13257,OBC-NCL,2700
13258,GEN,
13259,GEN-EWS,1618
13260,OBC-NCL,2701
13261,GEN,
13262,GEN-EWS,1619
13263,GEN-EWS,1620
13264,GEN,
13265,GEN-EWS,1621
13266,OBC-NCL,2702
13267,GEN,
13268,OBC-NCL,2703
13269,GEN,
13270,GEN,
13271,GEN,
13272,GEN,
13273,GEN,
13274,OBC-NCL,2704
13275,SC,273
13276,GEN,
13277,GEN,
13278,GEN,
13279,GEN,
13280,GEN,
13281,SC,274
13282,GEN,
13283,GEN,
13284,GEN,
13285,GEN,
13286,GEN,
13287,SC,275
13288,OBC-NCL,2705
13289,GEN,
13290,OBC-NCL,2706
13291,GEN-EWS,1622
13292,GEN,
13293,GEN-EWS,1623
13294,GEN,
13295,OBC-NCL,2707
13296,SC,66
13297,GEN,
13298,GEN,
13299,GEN,
13300,GEN,
13301,GEN,
13302,OBC-NCL,2708
13303,GEN,
13304,GEN,
13305,GEN,
13306,GEN,
13307,GEN-EWS,1624
13308,GEN,
13309,GEN,
13310,OBC-NCL,2709
13311,SC,276
13312,GEN,
13313,OBC-NCL,2710
13314,OBC-NCL,2711
13315,GEN,
13316,GEN,
13317,SC,277
13318,OBC-NCL,2712
13319,GEN,
13320,OBC-NCL,2713
13321,GEN-EWS,1625
13322,OBC-NCL,2714
13323,OBC-NCL,2715
13324,GEN,
13325,GEN,
13326,GEN,
13327,GEN,
13327,GEN,
13329,GEN,
13330,GEN,
13331,GEN,
13332,SC,278
13333,GEN,
13334,OBC-NCL,2716
13335,GEN,
13336,GEN,
13337,GEN,
13338,GEN-EWS,1626
13339,OBC-NCL,2717
13340,GEN-EWS,1627
13341,OBC-NCL,2718
13342,GEN,
13343,OBC-NCL,2719
13344,GEN,
13345,GEN,
13346,GEN,
13347,OBC-NCL,2720
13348,GEN-EWS,1628
13349,GEN-EWS,1629
13350,GEN,
13351,GEN,
13352,OBC-NCL,2721
13353,GEN,
13354,GEN,
13355,ST,67
13356,GEN-EWS,2722
13357,GEN,
13358,GEN,
13359,GEN-EWS,2723
13360,GEN,
13361,GEN,
13362,OBC-NCL,2724
13363,GEN,
13364,OBC-NCL,2725
13365,GEN,
13366,GEN,
13367,GEN,
13368,GEN,
13369,GEN,
13370,GEN,
13371,OBC-NCL,2726
13372,OBC-NCL,2727
13373,GEN,
13374,OBC-NCL,2728
13375,OBC-NCL,2729
13376,GEN,
13377,GEN,
13378,OBC-NCL,2730
13379,OBC-NCL,2731
13380,GEN-EWS,1630
13381,OBC-NCL,2732
13382,GEN,
13383,GEN,
13384,GEN,
13385,OBC-NCL,2733
13386,OBC-NCL,2734
13387,GEN,
13388,SC,280
13389,OBC-NCL,2735
13390,GEN,
13391,GEN,
13392,GEN,
13393,GEN-EWS,1631
13394,GEN,
13395,OBC-NCL,2736
13396,OBC-NCL,2737
13397,GEN-EWS,1632
13398,GEN,
13398,GEN-EWS,1633
13400,GEN,
13401,OBC-NCL,2738
13402,GEN,
13403,ST,68
13404,SC,281
13405,GEN,
13406,GEN,
13407,GEN,
13408,GEN,
13409,GEN-EWS,1634
13410,GEN-EWS,1635
13411,GEN,
13412,GEN,
13413,GEN,
13414,GEN-EWS,1636
13414,OBC-NCL,2739
13416,GEN,
13417,GEN,
13418,OBC-NCL,2740
13419,GEN,
13420,SC,282
13421,GEN-EWS,1637
13422,OBC-NCL,2741
13423,OBC-NCL,2742
13424,GEN,
13425,GEN,
13426,GEN,
13427,GEN,
13428,GEN,
13429,OBC-NCL,2743
13430,GEN,
13431,OBC-NCL,2744
13432,OBC-NCL,2745
13433,GEN-EWS,1638
13434,OBC-NCL,2746
13435,GEN,
13436,GEN-EWS,1639
13437,GEN,
13438,OBC-NCL,2747
13439,SC,283
13440,GEN,
13441,OBC-NCL,2748
13442,GEN,
13443,GEN,
13443,GEN,
13445,OBC-NCL,2749
13446,OBC-NCL,2750
13447,OBC-NCL,2751
13448,GEN-EWS,1641
13449,GEN,
13450,OBC-NCL,2752
13451,OBC-NCL,2753
13452,GEN-EWS,1642
13453,GEN-EWS,1643
13454,GEN,
13455,OBC-NCL,2754
13456,GEN-EWS,1644
13457,GEN,
13458,GEN,
13459,GEN,
13460,GEN,
13461,GEN,
13462,GEN,
13463,GEN,
13464,GEN-EWS,1645
13465,GEN,
13466,GEN,
13467,GEN-EWS,1646
13468,GEN,
13469,GEN-EWS,1647
13470,GEN,
13471,GEN,
13472,GEN,
13473,GEN,
13474,GEN,
13475,GEN,
13476,GEN,
13477,GEN,
13478,GEN,
13479,GEN,
13480,OBC-NCL,2755
13481,GEN-EWS,1648
13482,GEN,
13483,GEN,
13484,GEN,
13485,OBC-NCL,2756
13486,GEN,
13487,GEN,
13488,OBC-NCL,2757
13489,GEN,
13490,OBC-NCL,2758
13491,OBC-NCL,2759
13492,GEN,
13493,GEN,
13494,SC,284
13495,GEN,
13496,GEN,
13497,GEN,
13498,GEN,
13499,GEN,
13500,GEN,
13501,GEN,
13502,GEN-EWS,1649
13503,GEN,
13504,GEN-EWS,1650
13505,OBC-NCL,2760
13506,OBC-NCL,2761
13507,GEN,
13508,GEN,
13509,GEN,
13510,OBC-NCL,2762
13511,GEN-EWS,1651
13512,GEN,
13513,GEN,
13514,GEN,
13515,GEN,
13516,GEN,
13517,OBC-NCL,2763
13518,GEN,
13519,OBC-NCL,2764
13520,GEN,
13521,GEN-EWS,1652
13522,GEN-EWS,1653
13523,GEN,
13524,GEN-EWS,1654
13525,GEN,
13526,OBC-NCL,2765
13527,GEN,
13528,GEN,
13529,GEN-EWS,1655
13530,GEN-EWS,1656
13531,GEN-EWS,1657
13532,OBC-NCL,2766
13533,OBC-NCL,2767
13534,OBC-NCL,2768
13535,GEN,
13536,OBC-NCL,2769
13537,SC,285
13538,OBC-NCL,2770
13539,GEN,
13540,GEN,
13541,GEN,
13542,GEN,
13543,OBC-NCL,2771
13544,GEN,
13545,GEN-EWS,1658
13546,GEN,
13547,GEN-EWS,1659
13548,GEN,
13549,OBC-NCL,2772
13550,GEN,
13551,GEN,
13552,GEN,
13553,GEN-EWS,1660
13554,OBC-NCL,2773
13555,OBC-NCL,2774
13556,OBC-NCL,2775
13557,OBC-NCL,2776
13558,SC,286
13559,OBC-NCL,2777
13560,GEN,
13561,OBC-NCL,2778
13562,GEN,
13563,GEN,
13564,GEN,
13565,GEN,
13566,GEN,
13567,GEN,
13568,GEN-EWS,1661
13569,OBC-NCL,2779
13570,GEN,
13571,OBC-NCL,2780
13572,GEN,
13573,GEN,
13574,OBC-NCL,2781
13575,GEN,
13576,OBC-NCL,2782
13577,GEN-EWS,1662
13578,GEN,
13579,OBC-NCL,2783
13580,GEN,
13581,GEN,
13582,OBC-NCL,2784
13583,GEN,
13584,GEN,
13585,GEN,
13586,GEN,
13587,OBC-NCL,2785
13588,OBC-NCL,2786
13589,GEN,
13590,GEN,
13591,GEN,
13592,GEN,
13593,GEN,
13594,GEN,
13595,GEN,
13596,GEN,
13597,OBC-NCL,2787
13598,OBC-NCL,2788
13599,GEN,
13600,GEN,
13601,GEN,
13602,GEN,
13603,OBC-NCL,2789
13604,GEN,
13605,GEN,
13606,GEN,
13607,GEN,
13608,GEN,
13609,GEN,
13610,GEN,
13611,GEN,
13612,GEN-EWS,1663
13613,GEN-EWS,1664
13614,OBC-NCL,2790
13615,GEN-EWS,1665
13616,GEN,
13617,GEN-EWS,1666
13618,GEN,
13619,OBC-NCL,2791
13620,GEN,
13621,GEN,
13622,OBC-NCL,2792
13623,GEN,
13624,GEN,
13625,GEN,
13626,GEN-EWS,1667
13627,GEN,
13628,OBC-NCL,2793
13629,OBC-NCL,2794
13630,GEN,
13631,GEN,
13632,GEN,
13633,GEN-EWS,1668
13634,OBC-NCL,2795
13635,GEN-EWS,1669
13636,GEN,
13637,GEN,
13638,ST,20
13639,OBC-NCL,2796
13640,OBC-NCL,2797
13641,GEN,
13642,OBC-NCL,2798
13643,GEN,
13644,OBC-NCL,2799
13645,GEN-EWS,1670
13646,GEN,
13647,GEN,
13648,GEN,
13649,GEN,
13650,GEN,
13651,GEN,
13652,OBC-NCL,2800
13653,OBC-NCL,2801
13654,GEN,
13655,OBC-NCL,2802
13656,GEN-EWS,1671
13657,GEN,
13658,GEN-EWS,1672
13659,GEN,
13660,GEN,
13661,GEN,
13662,OBC-NCL,2803
13663,OBC-NCL,2804
13664,GEN,
13665,GEN,
13666,GEN,
13667,SC,287
13668,GEN,
13669,OBC-NCL,2805
13670,SC,288
13671,GEN-EWS,1673
13672,GEN,
13673,GEN,
13674,GEN,
13675,OBC-NCL,2806
13676,OBC-NCL,2807
13677,OBC-NCL,2808
13678,GEN,
13679,GEN,
13680,OBC-NCL,2809
13681,GEN,
13682,GEN,
13683,OBC-NCL,2810
13684,GEN,
13685,GEN,
13686,GEN,
13687,GEN-EWS,1674
13688,OBC-NCL,2811
13689,GEN-EWS,1675
13690,SC,289
13691,GEN,
13692,GEN,
13693,GEN,
13694,OBC-NCL,2812
13695,GEN,
13696,GEN-EWS,1676
13697,OBC-NCL,2813
13698,GEN-EWS,1677
13699,GEN-EWS,1678
13700,OBC-NCL,2814
13701,GEN,
13702,OBC-NCL,2815
13703,GEN-EWS,1679
13704,GEN,
13705,GEN,
13706,GEN,
13707,OBC-NCL,2816
13708,GEN,
13709,OBC-NCL,2817
13710,GEN,
13711,GEN,
13712,GEN,
13713,GEN,
13714,GEN,
13715,OBC-NCL,2818
13716,GEN,
13717,GEN,
13718,GEN,
13719,GEN,
13720,GEN,
13721,GEN,
13722,GEN,
13723,GEN-EWS,1680
13724,OBC-NCL,2819
13725,GEN,
13726,OBC-NCL,2820
13727,GEN-EWS,1681
13728,GEN,
13729,OBC-NCL,2821
13730,GEN-EWS,1682
13731,GEN,
13732,OBC-NCL,2822
13733,OBC-NCL,2823
13734,GEN-EWS,1683
13735,GEN,
13736,GEN,
13737,OBC-NCL,2824
13738,OBC-NCL,2825
13739,OBC-NCL,2826
13740,GEN,
13741,GEN,
13742,OBC-NCL,2827
13743,GEN-EWS,1684
13744,SC,290
13745,GEN,
13746,OBC-NCL,2828
13747,GEN,
13748,GEN,
13749,OBC-NCL,2829
13750,OBC-NCL,2830
13751,OBC-NCL,2831
13752,OBC-NCL,2832
13753,GEN,
13754,OBC-NCL,2833
13755,GEN-EWS,1685
13756,GEN,
13757,GEN,
13758,OBC-NCL,2834
13759,GEN-EWS,1686
13760,GEN-EWS,1687
13761,GEN-EWS,1688
13762,GEN,
13763,GEN,
13764,OBC-NCL,2835
13765,GEN,
13766,GEN,
13767,GEN,
13768,GEN,
13769,GEN,
13770,GEN,
13771,GEN,
13772,GEN,
13773,GEN,
13774,GEN,
13775,OBC-NCL,2836
13776,GEN,
13777,GEN-EWS,1689
13778,GEN-EWS,1690
13779,GEN-EWS,1691
13780,GEN,
13781,GEN,
13782,GEN,
13783,GEN,
13784,OBC-NCL,2837
13785,GEN,
13786,GEN,
13787,GEN,
13788,GEN-EWS,1692
13789,GEN,
13790,OBC-NCL,2838
13791,GEN,
13792,GEN,
13793,GEN,
13794,GEN,
13795,GEN,
13796,OBC-NCL,2839
13797,SC,291
13798,OBC-NCL,2840
13799,GEN-EWS,1693
13800,OBC-NCL,2841
13801,GEN,
13802,GEN,
13803,OBC-NCL,2842
13804,GEN,
13805,GEN-EWS,1694
13806,GEN,
13807,OBC-NCL,2843
13808,GEN-EWS,1695
13809,GEN,
13810,GEN,
13811,GEN,
13812,OBC-NCL,2844
13813,GEN,
13814,GEN,
13815,GEN-EWS,1696
13816,GEN,
13817,OBC-NCL,2845
13818,GEN,
13819,GEN,
13820,GEN,
13821,GEN,
13822,GEN,
13823,GEN,
13824,OBC-NCL,2846
13825,GEN,
13826,GEN,
13827,OBC-NCL,2847
13828,GEN,
13829,GEN,
13830,OBC-NCL,2848
13831,OBC-NCL,2849
13832,SC,292
13833,GEN,
13834,GEN,
13835,GEN,
13836,GEN,
13837,GEN,
13838,GEN,
13839,GEN,
13840,OBC-NCL,2850
13841,GEN,
13842,OBC-NCL,2851
13843,GEN,
13844,OBC-NCL,2852
13845,GEN,
13846,GEN,
13847,GEN,
13848,GEN,
13849,ST,69
13850,GEN-EWS,1697
13851,OBC-NCL,2853
13852,OBC-NCL,2854
13853,GEN,
13854,GEN,
13855,GEN,
13856,GEN,
13857,GEN,
13858,GEN-EWS,1698
13859,GEN,
13860,GEN,
13861,GEN,
13862,GEN,
13863,GEN,
13864,GEN,
13865,GEN,
13866,OBC-NCL,2855
13867,GEN,
13868,GEN,
13869,GEN,
13870,GEN,
13871,GEN,
13872,GEN,
13873,GEN,
13874,GEN,
13875,OBC-NCL,2856
13876,OBC-NCL,2857
13877,GEN,
13878,GEN,
13879,GEN,
13880,GEN,
13881,GEN,
13882,SC,293
13883,GEN,
13884,GEN,
13885,GEN,
13886,GEN,
13887,OBC-NCL,2858
13888,GEN,
13889,GEN-EWS,1699
13890,OBC-NCL,2859
13891,GEN,
13892,GEN,
13893,OBC-NCL,2860
13894,GEN-EWS,1700
13895,GEN,
13896,GEN,
13897,GEN,
13898,OBC-NCL,2861
13899,GEN,
13900,GEN,
13901,GEN-EWS,1701
13902,OBC-NCL,2862
13903,GEN,
13904,OBC-NCL,2863
13905,GEN,
13906,GEN,
13907,GEN,
13908,GEN,
13908,GEN-EWS,1702
13910,OBC-NCL,2864
13911,GEN,
13912,GEN,
13913,OBC-NCL,2865
13914,GEN,
13915,GEN,
13916,OBC-NCL,2866
13917,GEN,
13918,GEN-EWS,1703
13919,OBC-NCL,2867
13920,SC,294
13921,GEN,
13922,GEN-EWS,1704
13923,OBC-NCL,2868
13924,SC,295
13925,OBC-NCL,2869
13926,GEN,
13927,OBC-NCL,2870
13928,GEN,
13929,OBC-NCL,2871
13930,GEN,
13931,GEN,
13932,SC,296
13933,GEN,
13934,OBC-NCL,2872
13935,GEN,
13936,GEN,
13937,GEN,
13938,GEN,
13939,OBC-NCL,2873
13940,GEN,
13941,GEN,
13942,GEN,
13943,GEN,
13944,GEN,
13945,GEN,
13946,GEN,
13947,OBC-NCL,2874
13948,GEN,
13949,OBC-NCL,2875
13950,GEN,
13951,GEN,
13952,GEN,
13953,GEN,
13954,GEN-EWS,1705
13955,GEN,
13956,GEN,
13957,GEN-EWS,1706
13958,SC,297
13959,GEN,
13960,GEN,
13961,GEN,
13962,GEN-EWS,1707
13963,GEN,
13964,GEN,
13965,GEN,
13966,GEN,
13967,OBC-NCL,2876
13968,OBC-NCL,2877
13969,GEN,
13970,OBC-NCL,2878
13971,OBC-NCL,2879
13972,OBC-NCL,2880
13973,OBC-NCL,2881
13974,GEN,
13975,GEN,
13976,GEN,
13977,GEN,
13978,GEN,
13979,GEN,
13980,GEN-EWS,1708
13981,GEN,
13982,GEN,
13983,GEN,
13984,GEN,
13985,GEN,
13986,OBC-NCL,2882
13987,GEN-EWS,1709
13988,GEN-EWS,1710
13989,OBC-NCL,2883
13990,GEN,
13991,GEN-EWS,1711
13992,GEN,
13993,OBC-NCL,2884
13994,GEN,
13995,OBC-NCL,2885
13996,GEN,
13997,GEN-EWS,1712
13998,GEN,
13999,GEN,
14000,GEN,
14001,OBC-NCL,2886
14002,SC,298
14003,GEN,
14004,GEN,
14005,GEN,
14006,GEN,
14007,GEN,
14008,GEN,
14009,GEN,
14010,GEN,
14011,OBC-NCL,2887
14012,GEN,
14013,OBC-NCL,2888
14014,GEN,
14015,OBC-NCL,2889
14016,GEN,
14017,GEN,
14018,GEN,
14019,OBC-NCL,2890
14020,OBC-NCL,2891
14021,OBC-NCL,2892
14022,GEN,
14023,GEN-EWS,1713
14024,GEN,
14025,GEN,
14026,GEN,
14027,OBC-NCL,2893
14028,GEN,
14029,OBC-NCL,2894
14030,SC,299
14031,OBC-NCL,2895
14032,GEN,
14033,GEN,
14034,OBC-NCL,2896
14035,GEN,
14036,GEN,
14037,GEN,
14038,GEN,
14039,GEN-EWS,1714
14040,GEN,
14041,GEN,
14042,GEN,
14043,OBC-NCL,2897
14044,GEN-EWS,1716
14045,GEN,
14046,GEN,
14047,OBC-NCL,2898
14048,GEN,
14049,GEN,
14050,GEN,
14051,OBC-NCL,2899
14052,GEN-EWS,1717
14053,GEN,
14054,OBC-NCL,2900
14055,GEN-EWS,1718
14056,GEN,
14057,OBC-NCL,2901
14058,GEN,
14059,SC,300
14060,GEN,
14061,GEN-EWS,1719
14062,GEN-EWS,1720
14063,GEN,
14064,GEN,
14065,SC,301
14066,GEN,
14067,GEN,
14068,OBC-NCL,2902
14069,OBC-NCL,2903
14070,GEN,
14071,GEN-EWS,1721
14072,GEN,
14073,GEN-EWS,1722
14074,OBC-NCL,2904
14075,GEN,
14076,OBC-NCL,2905
14077,OBC-NCL,2906
14078,GEN,
14079,GEN,
14080,GEN,
14081,GEN,
14082,GEN,
14083,GEN-EWS,2907
14084,OBC-NCL,2908
14085,GEN,
14086,GEN,
14087,OBC-NCL,2909
14088,GEN,
14089,GEN,
14090,GEN,
14091,GEN,
14092,GEN-EWS,1723
14093,GEN-EWS,1724
14094,GEN,
14095,GEN-EWS,1725
14096,GEN,
14097,GEN,
14098,OBC-NCL,2910
14099,GEN,
14100,GEN-EWS,1726
14101,GEN,
14102,GEN,
14103,GEN-EWS,1727
14104,OBC-NCL,2911
14105,GEN,
14106,OBC-NCL,2912
14107,GEN-EWS,1728
14108,OBC-NCL,2913
14109,GEN-EWS,1729
14110,GEN,
14111,GEN,
14112,OBC-NCL,2914
14113,ST,70
14114,GEN-EWS,1730
14115,OBC-NCL,2915
14116,OBC-NCL,2916
14117,GEN,
14118,OBC-NCL,2917
14119,OBC-NCL,2918
14120,OBC-NCL,2919
14121,GEN,
14122,SC,302
14123,GEN-EWS,1731
14124,GEN-EWS,1732
14125,GEN-EWS,1733
14126,GEN,
14127,OBC-NCL,2920
14128,GEN,
14129,GEN,
14130,GEN-EWS,1734
14131,SC,303
14132,GEN-EWS,1735
14133,GEN,
14134,GEN,
14135,GEN,
14136,GEN,
14137,SC,304
14138,GEN-EWS,1736
14139,GEN,
14140,OBC-NCL,2921
14141,GEN,
14142,GEN,
14143,GEN-EWS,1737
14144,OBC-NCL,2922
14145,GEN-EWS,1738
14146,OBC-NCL,2923
14147,OBC-NCL,2924
14148,OBC-NCL,2925
14149,GEN,
14150,GEN-EWS,1739
14151,GEN,
14152,OBC-NCL,2926
14153,GEN-EWS,1740
14154,GEN,
14155,GEN,
14155,GEN,
14157,OBC-NCL,2927
14158,GEN,
14159,OBC-NCL,2928
14160,GEN-EWS,1741
14161,OBC-NCL,2929
14162,GEN,
14163,GEN,
14164,GEN-EWS,1742
14165,GEN,
14166,OBC-NCL,2930
14167,OBC-NCL,2931
14168,GEN,
14169,GEN-EWS,1743
14170,OBC-NCL,2932
14171,GEN,
14172,GEN,
14173,GEN,
14174,OBC-NCL,2933
14175,GEN,
14176,GEN,
14177,GEN-EWS,1744
14178,OBC-NCL,2934
14179,GEN,
14180,GEN,
14181,GEN-EWS,1745
14182,GEN-EWS,1746
14183,GEN,
14184,GEN,
14185,GEN-EWS,1747
14186,GEN,
14187,OBC-NCL,2935
14188,OBC-NCL,2936
14189,GEN,
14190,GEN,
14191,OBC-NCL,2937
14192,GEN,
14193,GEN,
14194,GEN-EWS,1748
14195,GEN,
14196,GEN-EWS,1749
14197,SC,305
14198,GEN,
14199,GEN,
14200,OBC-NCL,2938
14201,GEN,
14202,OBC-NCL,2939
14203,GEN-EWS,1750
14204,GEN-EWS,1751
14205,OBC-NCL,2940
14206,GEN,
14207,GEN,
14208,GEN,
14209,GEN-EWS,1752
14210,GEN-EWS,1753
14211,GEN,
14212,GEN,
14213,GEN,
14213,SC,306
14215,GEN,
14216,GEN,
14217,GEN,
14218,GEN,
14219,GEN,
14220,GEN-EWS,1754
14221,GEN,
14222,OBC-NCL,2941
14223,OBC-NCL,2942
14224,GEN,
14225,OBC-NCL,2943
14226,GEN,
14227,GEN,
14228,GEN-EWS,1755
14229,GEN,
14230,GEN,
14231,GEN-EWS,1756
14232,OBC-NCL,2944
14233,GEN,
14234,GEN-EWS,1757
14235,OBC-NCL,2945
14236,GEN,
14237,GEN-EWS,1758
14238,OBC-NCL,2946
14239,GEN,
14240,OBC-NCL,2947
14241,GEN-EWS,1759
14242,GEN-EWS,1760
14243,GEN,
14244,GEN,
14245,GEN,
14246,OBC-NCL,2948
14247,GEN,
14248,GEN,
14249,GEN,
14250,GEN,
14251,OBC-NCL,2949
14252,GEN-EWS,1761
14253,OBC-NCL,2950
14254,OBC-NCL,2951
14255,GEN,
14256,GEN-EWS,1762
14257,GEN-EWS,1763
14258,OBC-NCL,2952
14259,OBC-NCL,2953
14260,GEN,
14261,GEN,
14262,OBC-NCL,2954
14263,OBC-NCL,2955
14264,GEN-EWS,1764
14265,OBC-NCL,2956
14266,GEN-EWS,1765
14267,GEN,
14268,GEN,
14269,GEN-EWS,1766
14270,GEN,
14271,GEN,
14272,GEN,
14273,GEN,
14274,GEN,
14275,GEN,
14276,OBC-NCL,2957
14277,GEN-EWS,1767
14278,GEN,
14279,GEN,
14280,GEN,
14280,GEN,
14282,OBC-NCL,2958
14283,GEN-EWS,1768
14284,GEN,
14285,GEN,
14286,GEN,
14287,GEN,
14288,GEN,
14289,ST,71
14290,OBC-NCL,2959
14291,OBC-NCL,2960
14292,GEN,
14293,GEN-EWS,1769
14294,GEN,
14295,GEN-EWS,1770
14296,GEN,
14297,OBC-NCL,2961
14298,GEN,
14299,GEN,
14300,GEN,
14301,SC,307
14302,GEN,
14303,OBC-NCL,2962
14304,GEN-EWS,1771
14305,GEN,
14306,GEN,
14307,GEN,
14308,OBC-NCL,2963
14309,GEN-EWS,1772
14310,OBC-NCL,2964
14311,GEN,
14312,GEN-EWS,1773
14313,GEN,
14314,SC,308
14315,GEN,
14316,GEN,
14317,OBC-NCL,2965
14318,OBC-NCL,2966
14319,OBC-NCL,2967
14320,GEN-EWS,1774
14321,OBC-NCL,2968
14322,GEN-EWS,1775
14323,GEN,
14324,OBC-NCL,2969
14325,OBC-NCL,2970
14326,OBC-NCL,2971
14327,OBC-NCL,2972
14328,GEN,
14329,GEN,
14330,GEN,
14331,GEN,
14332,GEN,
14333,GEN,
14334,GEN-EWS,1776
14335,GEN,
14336,GEN-EWS,1777
14337,GEN,
14338,GEN,
14339,GEN-EWS,1778
14340,GEN,
14341,GEN,
14342,GEN-EWS,1779
14343,SC,309
14344,GEN-EWS,1780
14345,OBC-NCL,2973
14346,GEN,
14347,SC,310
14348,GEN,
14349,GEN,
14350,SC,311
14351,GEN,
14352,GEN-EWS,1781
14353,GEN,
14354,OBC-NCL,2974
14355,GEN,
14356,GEN-EWS,1782
14357,OBC-NCL,2975
14358,OBC-NCL,2976
14359,GEN,
14360,GEN-EWS,1783
14361,GEN,
14362,GEN,
14363,OBC-NCL,2977
14364,GEN,
14365,GEN,
14366,GEN,
14367,GEN-EWS,1784
14368,GEN,
14369,OBC-NCL,2978
14370,GEN,
14371,OBC-NCL,2979
14372,GEN,
14373,GEN,
14374,OBC-NCL,2980
14375,GEN-EWS,1785
14376,OBC-NCL,2981
14377,GEN,
14378,GEN,
14379,GEN-EWS,1786
14380,GEN-EWS,1787
14381,GEN,
14382,GEN-EWS,1788
14383,GEN,
14384,OBC-NCL,2982
14385,GEN,
14386,GEN,
14387,GEN,
14388,GEN,
14389,GEN,
14390,GEN,
14391,GEN,
14392,GEN,
14393,OBC-NCL,2983
14394,OBC-NCL,2984
14395,GEN,
14396,GEN,
14397,GEN,
14398,GEN-EWS,1789
14399,OBC-NCL,2985
14400,GEN,
14401,GEN,
14402,GEN,
14403,GEN,
14404,GEN,
14405,GEN-EWS,1790
14406,OBC-NCL,2986
14407,GEN,
14408,GEN,
14409,SC,312
14410,GEN,
14411,GEN-EWS,1791
14412,OBC-NCL,2987
14413,OBC-NCL,2988
14414,GEN,
14415,GEN,
14416,GEN,
14417,GEN,
14418,SC,313
14419,GEN,
14420,OBC-NCL,2989
14421,GEN-EWS,1792
14422,GEN,
14423,GEN,
14424,GEN,
14425,GEN,
14426,GEN,
14427,GEN-EWS,1793
14428,GEN,
14429,GEN,
14430,GEN,
14431,GEN,
14432,GEN-EWS,1794
14433,GEN,
14434,GEN,
14435,GEN,
14436,GEN,
14437,OBC-NCL,2990
14438,GEN,
14439,GEN-EWS,1795
14440,GEN,
14441,GEN-EWS,1796
14442,GEN,
14443,OBC-NCL,2991
14444,GEN,
14445,GEN,
14446,GEN,
14447,GEN,
14448,GEN,
14449,GEN,
14450,GEN,
14451,GEN,
14452,GEN,
14453,GEN,
14454,GEN,
14455,GEN,
14456,OBC-NCL,2992
14457,GEN-EWS,1797
14458,GEN-EWS,1798
14459,GEN,
14460,OBC-NCL,2993
14461,OBC-NCL,2994
14462,OBC-NCL,2995
14463,GEN-EWS,1799
14464,GEN-EWS,1800
14465,OBC-NCL,2996
14466,GEN-EWS,1801
14467,GEN,
14468,OBC-NCL,2997
14469,GEN,
14470,GEN,
14471,OBC-NCL,2998
14472,GEN-EWS,1802
14473,GEN,
14474,GEN,
14475,GEN,
14476,GEN-EWS,1803
14477,OBC-NCL,2999
14478,GEN,
14479,OBC-NCL,3000
14480,OBC-NCL,3001
14481,GEN,
14482,GEN,
14483,OBC-NCL,3002
14484,GEN,
14485,OBC-NCL,3003
14486,GEN,
14487,OBC-NCL,3004
14488,OBC-NCL,3005
14489,GEN,
14490,OBC-NCL,3006
14491,GEN,
14492,OBC-NCL,3007
14493,GEN,
14494,OBC-NCL,3008
14495,OBC-NCL,3009
14496,GEN-EWS,1804
14497,GEN-EWS,1805
14498,GEN,
14499,GEN-EWS,1806
14500,GEN-EWS,1807
14501,OBC-NCL,3010
14502,GEN,
14503,GEN-EWS,1808
14504,GEN-EWS,1809
14505,GEN,
14506,OBC-NCL,3011
14507,GEN,
14508,GEN-EWS,1811
14509,OBC-NCL,3012
14510,OBC-NCL,3013
14511,OBC-NCL,3014
14512,GEN,
14513,ST,72
14514,GEN,
14515,GEN,
14516,GEN-EWS,1812
14517,GEN-EWS,1813
14518,OBC-NCL,3015
14519,OBC-NCL,3016
14520,GEN,
14521,OBC-NCL,3017
14522,OBC-NCL,3018
14523,GEN,
14524,OBC-NCL,3019
14525,SC,314
14526,GEN,
14527,GEN,
14528,GEN,
14529,GEN-EWS,1814
14530,GEN,
14531,OBC-NCL,3020
14532,GEN,
14533,GEN,
14534,GEN-EWS,1815
14535,GEN,
14536,GEN,
14537,OBC-NCL,3021
14538,OBC-NCL,3022
14539,GEN,
14540,OBC-NCL,3023
14541,GEN,
14542,OBC-NCL,3024
14543,GEN,
14544,OBC-NCL,3025
14545,GEN,
14546,OBC-NCL,3026
14547,GEN,
14548,GEN,
14549,GEN,
14550,GEN,
14551,GEN-EWS,1816
14552,OBC-NCL,3027
14553,GEN,
14554,GEN,
14555,GEN-EWS,1817
14556,GEN-EWS,1818
14557,GEN-EWS,1819
14558,OBC-NCL,3028
14559,GEN,
14560,GEN,
14561,GEN,
14562,GEN,
14563,GEN,
14564,OBC-NCL,3029
14565,GEN,
14566,OBC-NCL,3030
14567,OBC-NCL,3031
14568,GEN,
14569,GEN-EWS,1820
14570,GEN-EWS,1821
14571,OBC-NCL,3032
14572,GEN,
14573,GEN,
14574,OBC-NCL,3033
14575,GEN,
14576,GEN,
14577,GEN,
14578,GEN,
14579,GEN,
14580,GEN-EWS,1822
14581,OBC-NCL,3034
14582,GEN-EWS,1823
14583,GEN,
14584,GEN,
14585,OBC-NCL,3035
14586,GEN,
14587,GEN,
14588,GEN,
14589,SC,315
14590,GEN-EWS,1824
14591,OBC-NCL,3036
14592,OBC-NCL,3037
14593,GEN-EWS,1825
14594,OBC-NCL,3038
14595,GEN,
14596,GEN,
14597,GEN,
14598,OBC-NCL,3039
14599,GEN,
14600,GEN,
14601,OBC-NCL,3040
14602,OBC-NCL,3041
14603,GEN,
14604,GEN,
14605,OBC-NCL,3042
14606,GEN,
14607,GEN-EWS,1826
14608,GEN,
14609,ST,73
14610,OBC-NCL,3043
14611,GEN,
14612,GEN,
14613,OBC-NCL,3044
14614,GEN-EWS,1827
14615,OBC-NCL,3045
14616,GEN,
14617,GEN,
14618,OBC-NCL,3046
14619,GEN-EWS,1828
14620,GEN,
14621,GEN,
14622,OBC-NCL,3047
14623,GEN,
14624,GEN,
14625,GEN-EWS,1829
14626,OBC-NCL,3048
14627,OBC-NCL,3049
14628,GEN,
14629,GEN,
14630,GEN,
14631,OBC-NCL,3050
14632,OBC-NCL,3051
14633,OBC-NCL,3052
14634,ST,74
14635,GEN,
14636,OBC-NCL,3053
14637,GEN,
14638,OBC-NCL,3054
14639,GEN,
14640,GEN,
14641,GEN,
14642,OBC-NCL,3055
14643,GEN,
14644,GEN-EWS,1830
14645,GEN,
14646,GEN-EWS,1831
14647,GEN,
14648,GEN,
14649,OBC-NCL,3056
14650,GEN,
14651,GEN,
14652,GEN-EWS,1832
14653,OBC-NCL,3057
14654,OBC-NCL,3058
14655,GEN,
14656,GEN,
14657,GEN,
14658,GEN,
14659,GEN,
14660,OBC-NCL,3059
14661,GEN,
14662,GEN-EWS,1833
14663,GEN,
14664,GEN,
14664,GEN-EWS,1834
14666,GEN,
14667,GEN,
14668,OBC-NCL,3060
14669,GEN,
14670,OBC-NCL,3061
14671,GEN,
14672,GEN,
14673,GEN,
14674,GEN,
14675,GEN,
14676,GEN,
14677,GEN,
14678,GEN,
14679,GEN,
14680,GEN,
14681,OBC-NCL,3062
14682,OBC-NCL,3063
14683,GEN,
14684,GEN-EWS,1835
14685,OBC-NCL,3064
14686,GEN,
14687,GEN,
14688,OBC-NCL,3065
14689,GEN-EWS,1836
14690,GEN,
14691,GEN,
14692,GEN,
14693,OBC-NCL,3066
14694,GEN,
14695,OBC-NCL,3067
14696,GEN,
14697,ST,75
14698,GEN,
14699,OBC-NCL,3068
14700,ST,21
14701,OBC-NCL,3069
14702,GEN,
14703,GEN,
14704,GEN,
14705,GEN,
14706,OBC-NCL,3070
14707,OBC-NCL,3071
14708,OBC-NCL,3072
14709,GEN,
14710,GEN,
14711,GEN,
14712,GEN,
14713,GEN,
14714,GEN,
14715,GEN,
14716,GEN,
14717,OBC-NCL,3073
14718,OBC-NCL,3074
14719,GEN,
14720,OBC-NCL,3075
14721,GEN-EWS,1837
14722,OBC-NCL,3076
14723,GEN,
14724,GEN,
14725,GEN,
14726,GEN,
14727,GEN,
14728,GEN,
14729,GEN-EWS,1838
14730,GEN,
14731,OBC-NCL,3077
14732,GEN,
14733,GEN,
14734,GEN,
14735,GEN,
14736,SC,316
14737,GEN,
14738,GEN,
14739,GEN,
14740,SC,317
14741,GEN,
14742,GEN,
14743,OBC-NCL,3078
14744,GEN,
14745,OBC-NCL,3079
14746,GEN,
14747,GEN,
14748,GEN-EWS,1839
14749,OBC-NCL,3080
14750,OBC-NCL,3081
14751,GEN,
14752,OBC-NCL,3082
14753,GEN,
14754,OBC-NCL,3083
14755,OBC-NCL,3084
14756,OBC-NCL,3085
14757,GEN,
14758,OBC-NCL,3086
14759,OBC-NCL,3087
14760,GEN,
14761,GEN,
14762,GEN,
14763,GEN,
14764,SC,318
14765,OBC-NCL,3088
14766,GEN,
14767,GEN,
14768,GEN,
14769,OBC-NCL,3089
14770,GEN,
14771,GEN,
14772,GEN,
14773,GEN,
14774,GEN,
14775,GEN,
14776,GEN,
14777,GEN,
14778,GEN,
14779,GEN,
14780,SC,319
14781,OBC-NCL,3090
14782,GEN,
14783,GEN,
14784,GEN,
14785,SC,320
14786,GEN,
14787,GEN-EWS,1840
14788,GEN,
14789,GEN-EWS,1841
14790,GEN,
14791,GEN,
14792,GEN,
14793,GEN,
14794,GEN,
14795,GEN,
14796,OBC-NCL,3091
14797,GEN,
14798,OBC-NCL,3092
14799,GEN,
14800,OBC-NCL,3093
14801,GEN,
14802,GEN,
14803,GEN,
14804,GEN,
14805,GEN,
14806,GEN,
14807,GEN,
14808,GEN,
14809,GEN,
14810,OBC-NCL,3094
14811,OBC-NCL,3095
14812,GEN,
14813,GEN,
14814,GEN,
14815,OBC-NCL,3096
14816,GEN,
14817,GEN,
14818,GEN-EWS,1842
14819,GEN,
14820,GEN,
14821,GEN,
14822,GEN,
14823,GEN,
14824,OBC-NCL,3097
14825,GEN,
14826,GEN,
14827,GEN-EWS,1843
14828,GEN,
14829,GEN,
14830,OBC-NCL,3098
14831,SC,321
14832,GEN,
14833,GEN,
14834,GEN,
14835,GEN-EWS,1844
14836,SC,322
14837,GEN,
14838,GEN,
14839,OBC-NCL,3099
14840,GEN-EWS,1845
14841,GEN,
14842,GEN,
14843,GEN,
14844,OBC-NCL,3100
14845,OBC-NCL,3101
14846,GEN-EWS,1846
14847,OBC-NCL,3102
14848,GEN,
14849,OBC-NCL,3103
14850,GEN,
14851,GEN,
14852,GEN-EWS,1847
14853,GEN-EWS,1848
14854,GEN,
14855,OBC-NCL,3104
14856,OBC-NCL,3105
14857,OBC-NCL,3106
14858,GEN,
14859,OBC-NCL,3107
14860,SC,323
14861,GEN,
14862,GEN,
14863,GEN,
14864,GEN,
14865,GEN,
14866,GEN,
14867,GEN,
14868,GEN,
14869,OBC-NCL,3108
14870,GEN,
14871,OBC-NCL,3109
14872,OBC-NCL,3110
14873,GEN,
14874,GEN,
14875,GEN,
14876,GEN,
14877,GEN,
14878,GEN,
14879,GEN,
14880,GEN,
14881,GEN,
14882,GEN-EWS,1849
14883,GEN,
14884,OBC-NCL,3111
14885,OBC-NCL,3112
14886,GEN-EWS,1850
14887,OBC-NCL,3113
14888,GEN,
14889,GEN,
14890,GEN,
14891,GEN,
14892,GEN,
14893,OBC-NCL,3114
14894,GEN,
14895,GEN,
14896,GEN,
14897,GEN-EWS,1851
14898,GEN,
14899,OBC-NCL,3115
14900,GEN,
14901,OBC-NCL,3116
14902,GEN,
14903,GEN,
14904,GEN,
14905,GEN-EWS,1852
14906,GEN-EWS,1853
14907,GEN,
14908,GEN,
14909,GEN,
14910,GEN,
14911,GEN,
14912,GEN-EWS,1854
14913,GEN,
14914,GEN,
14915,GEN,
14916,GEN,
14917,GEN,
14918,GEN,
14919,GEN,
14920,GEN,
14921,OBC-NCL,3117
14922,GEN-EWS,1855
14923,GEN,
14924,GEN-EWS,1856
14925,GEN,
14926,SC,324
14927,GEN,
14928,OBC-NCL,3118
14929,GEN-EWS,1857
14930,GEN,
14931,GEN,
14932,SC,325
14933,GEN,
14934,GEN,
14935,OBC-NCL,3119
14936,GEN,
14937,OBC-NCL,3120
14938,GEN,
14939,GEN,
14940,GEN,
14941,SC,326
14942,OBC-NCL,3121
14943,GEN,
14944,GEN-EWS,3122
14945,GEN,
14945,OBC-NCL,3123
14947,OBC-NCL,3124
14948,GEN,
14949,GEN,
14950,GEN,
14951,GEN,
14952,GEN,
14953,OBC-NCL,3125
14954,GEN,
14955,OBC-NCL,3126
14956,GEN,
14957,OBC-NCL,3127
14958,GEN,
14959,OBC-NCL,3128
14960,GEN,
14961,GEN,
14962,GEN,
14963,OBC-NCL,3129
14964,GEN,
14965,GEN-EWS,1858
14966,GEN,
14967,OBC-NCL,3130
14968,GEN,
14969,GEN-EWS,1859
14970,OBC-NCL,3131
14971,SC,327
14972,GEN,
14972,GEN,
14974,GEN,
14975,GEN-EWS,1860
14976,OBC-NCL,3132
14977,GEN-EWS,1861
14978,GEN-EWS,1862
14979,OBC-NCL,3133
14980,GEN-EWS,1863
14981,OBC-NCL,3134
14982,OBC-NCL,3135
14983,GEN,
14984,OBC-NCL,3136
14985,GEN,
14986,GEN,
14987,GEN,
14988,GEN,
14989,GEN-EWS,1864
14990,GEN,
14991,GEN,
14992,GEN,
14993,GEN-EWS,3137
14994,GEN,
14995,GEN-EWS,1865
14996,GEN,
14997,OBC-NCL,3138
14998,GEN-EWS,1866
14999,GEN,
15000,ST,77
15001,GEN,
15002,GEN,
15003,OBC-NCL,3139
15004,GEN,
15005,GEN-EWS,1867
15006,GEN,
15007,OBC-NCL,3140
15008,GEN-EWS,1868
15009,GEN,
15010,GEN-EWS,1869
15011,GEN,
15012,OBC-NCL,3141
15013,GEN,
15014,OBC-NCL,3142
15015,GEN,
15016,GEN-EWS,1870
15017,OBC-NCL,3143
15018,GEN,
15019,GEN,
15020,GEN,
15021,GEN,
15022,GEN-EWS,1871
15023,GEN,
15024,OBC-NCL,3144
15025,GEN,
15026,GEN,
15027,GEN-EWS,1872
15028,GEN,
15029,GEN,
15030,GEN,
15031,GEN,
15032,GEN-EWS,1873
15033,GEN-EWS,3145
15034,GEN,
15035,OBC-NCL,3146
15036,OBC-NCL,3147
15037,OBC-NCL,3148
15038,GEN,
15039,GEN-EWS,1874
15040,GEN,
15041,GEN,
15042,OBC-NCL,3149
15043,OBC-NCL,3150
15044,GEN,
15045,GEN,
15046,OBC-NCL,3151
15047,OBC-NCL,3152
15048,OBC-NCL,3153
15049,SC,328
15050,OBC-NCL,3154
15051,GEN,
15052,GEN-EWS,1875
15053,GEN-EWS,1876
15054,OBC-NCL,3155
15055,GEN-EWS,1877
15056,OBC-NCL,3156
15057,GEN,
15058,GEN,
15059,GEN,
15060,GEN,
15061,OBC-NCL,3157
15062,OBC-NCL,3158
15063,GEN,
15064,GEN,
15065,OBC-NCL,3159
15066,GEN,
15067,GEN-EWS,1878
15068,OBC-NCL,3160
15069,GEN,
15070,GEN,
15071,GEN,
15072,OBC-NCL,3161
15073,GEN-EWS,1879
15074,GEN,
15075,OBC-NCL,3162
15076,GEN,
15077,GEN,
15078,GEN-EWS,1880
15079,GEN-EWS,1881
15080,GEN,
15081,GEN,
15082,GEN,
15083,OBC-NCL,3163
15084,GEN-EWS,1882
15085,GEN-EWS,1883
15086,GEN,
15087,OBC-NCL,3164
15088,GEN,
15089,GEN-EWS,1884
15090,OBC-NCL,3165
15091,GEN,
15092,OBC-NCL,3166
15093,OBC-NCL,3167
15094,GEN-EWS,1885
15095,ST,22
15096,GEN,
15097,OBC-NCL,3169
15098,GEN,
15099,OBC-NCL,3170
15100,GEN-EWS,1886
15101,OBC-NCL,3171
15102,GEN,
15103,GEN,
15104,OBC-NCL,3172
15105,GEN,
15106,OBC-NCL,3173
15107,GEN,
15108,GEN,
15109,GEN,
15110,OBC-NCL,3174
15111,GEN,
15112,GEN-EWS,1887
15113,GEN,
15114,GEN,
15115,GEN,
15116,OBC-NCL,3175
15117,GEN,
15118,GEN,
15119,GEN,
15120,GEN,
15121,GEN,
15122,GEN,
15123,GEN-EWS,1888
15124,GEN,
15125,OBC-NCL,3176
15126,GEN-EWS,3177
15127,GEN,
15128,OBC-NCL,3178
15129,GEN,
15130,OBC-NCL,3179
15131,GEN-EWS,1889
15132,GEN,
15133,OBC-NCL,3180
15134,GEN,
15135,GEN,
15136,GEN-EWS,1890
15137,GEN-EWS,1891
15138,OBC-NCL,3181
15139,GEN,
15140,GEN-EWS,1892
15141,GEN,
15142,GEN,
15143,OBC-NCL,3182
15144,GEN,
15145,GEN,
15146,GEN-EWS,1893
15147,GEN,
15148,OBC-NCL,3183
15149,GEN,
15150,GEN,
15151,OBC-NCL,3184
15152,GEN,
15153,GEN-EWS,1894
15154,GEN-EWS,1895
15155,OBC-NCL,3185
15156,OBC-NCL,3186
15157,GEN,
15158,GEN,
15159,GEN,
15160,GEN,
15161,GEN,
15162,OBC-NCL,3187
15163,OBC-NCL,3188
15164,GEN,
15165,GEN,
15166,GEN,
15167,GEN-EWS,1896
15168,GEN,
15169,GEN-EWS,1897
15170,OBC-NCL,3189
15171,GEN-EWS,1898
15172,GEN,
15173,OBC-NCL,3190
15174,GEN,
15175,GEN-EWS,1899
15176,GEN,
15177,GEN,
15178,GEN,
15179,GEN,
15180,GEN,
15181,GEN-EWS,1900
15182,OBC-NCL,3191
15183,GEN,
15184,OBC-NCL,3192
15185,OBC-NCL,3193
15186,GEN,
15187,GEN,
15188,GEN,
15189,GEN,
15190,GEN-EWS,1901
15191,GEN-EWS,1902
15192,OBC-NCL,3194
15193,OBC-NCL,3195
15194,GEN,
15195,GEN,
15196,GEN,
15197,GEN,
15198,GEN,
15199,GEN,
15200,OBC-NCL,3196
15201,GEN,
15202,GEN,
15203,GEN,
15204,GEN,
15205,GEN,
15206,GEN,
15207,GEN,
15208,GEN,
15209,GEN-EWS,1903
15210,OBC-NCL,3197
15211,OBC-NCL,3198
15212,GEN,
15213,GEN-EWS,1904
15214,OBC-NCL,3199
15215,OBC-NCL,3200
15216,OBC-NCL,3201
15217,GEN,
15218,GEN-EWS,1905
15219,OBC-NCL,3202
15220,GEN,
15221,GEN,
15222,OBC-NCL,3203
15223,OBC-NCL,3204
15224,GEN,
15225,OBC-NCL,3205
15226,OBC-NCL,3206
15227,GEN,
15228,GEN,
15229,GEN,
15230,OBC-NCL,3207
15231,GEN,
15232,GEN,
15233,GEN,
15234,GEN,
15235,GEN-EWS,1906
15236,GEN-EWS,1907
15237,OBC-NCL,3208
15238,GEN,
15239,GEN,
15240,GEN,
15241,GEN,
15242,GEN,
15243,GEN,
15244,GEN-EWS,1908
15245,GEN-EWS,1909
15246,OBC-NCL,3209
15247,OBC-NCL,3210
15248,OBC-NCL,3211
15249,OBC-NCL,3212
15250,GEN,
15251,OBC-NCL,3213
15252,GEN-EWS,1910
15253,GEN,
15254,GEN,
15255,GEN,
15256,OBC-NCL,3214
15257,GEN,
15258,GEN,
15259,GEN,
15260,GEN,
15261,GEN,
15262,GEN,
15263,GEN-EWS,1911
15264,GEN-EWS,1912
15265,GEN,
15266,GEN,
15267,OBC-NCL,3215
15268,GEN,
15269,OBC-NCL,3216
15270,OBC-NCL,3217
15271,GEN,
15272,OBC-NCL,3218
15273,GEN,
15274,GEN,
15275,GEN-EWS,1913
15276,GEN-EWS,1914
15277,GEN-EWS,1915
15278,GEN,
15279,GEN,
15280,GEN,
15281,GEN,
15282,OBC-NCL,3219
15283,GEN,
15284,GEN-EWS,1916
15285,GEN-EWS,1917
15286,OBC-NCL,3220
15287,GEN,
15288,GEN,
15289,OBC-NCL,3221
15290,OBC-NCL,3222
15291,GEN,
15292,OBC-NCL,3223
15293,GEN,
15294,GEN,
15295,GEN,
15296,GEN,
15297,GEN,
15298,GEN,
15299,OBC-NCL,3224
15300,GEN,
15301,GEN,
15302,GEN-EWS,1918
15303,GEN-EWS,1919
15304,GEN,
15305,OBC-NCL,3225
15306,GEN,
15307,GEN,
15308,GEN-EWS,1920
15309,OBC-NCL,3226
15310,OBC-NCL,3227
15311,OBC-NCL,3228
15312,GEN-EWS,1921
15313,GEN,
15314,GEN,
15315,GEN-EWS,3229
15316,GEN,
15317,OBC-NCL,3230
15318,GEN,
15319,GEN,
15320,GEN,
15321,OBC-NCL,3231
15322,GEN,
15323,GEN,
15324,GEN,
15325,GEN-EWS,1922
15326,GEN,
15327,GEN,
15328,GEN,
15329,GEN,
15330,GEN,
15331,GEN,
15332,OBC-NCL,3232
15333,GEN,
15334,GEN,
15335,GEN,
15336,OBC-NCL,3233
15337,GEN,
15338,OBC-NCL,3234
15339,GEN,
15340,GEN-EWS,1923
15341,GEN,
15342,OBC-NCL,3235
15343,GEN,
15344,SC,329
15345,OBC-NCL,3236
15346,OBC-NCL,3237
15347,OBC-NCL,3238
15348,OBC-NCL,3239
15349,GEN,
15350,OBC-NCL,3240
15351,GEN,
15352,OBC-NCL,3241
15353,GEN,
15354,GEN,
15355,GEN,
15356,OBC-NCL,3242
15357,GEN,
15358,OBC-NCL,3243
15359,GEN,
15360,GEN-EWS,1924
15361,GEN,
15362,GEN,
15363,OBC-NCL,3244
15364,GEN-EWS,1925
15365,GEN,
15366,GEN,
15367,GEN,
15368,GEN,
15369,OBC-NCL,3245
15370,OBC-NCL,3246
15370,OBC-NCL,3246
15372,GEN,
15373,OBC-NCL,3248
15374,GEN,
15375,GEN,
15376,GEN,
15377,GEN-EWS,1926
15378,OBC-NCL,3249
15379,GEN-EWS,1927
15380,GEN,
15381,GEN,
15381,GEN-EWS,1928
15383,GEN,
15384,GEN-EWS,1929
15385,GEN,
15386,GEN,
15387,GEN-EWS,1930
15388,GEN-EWS,1931
15389,OBC-NCL,3250
15390,GEN-EWS,1932
15391,OBC-NCL,3251
15392,GEN,
15393,GEN,
15394,OBC-NCL,3252
15395,OBC-NCL,3253
15396,GEN,
15397,GEN,
15398,GEN,
15399,OBC-NCL,3254
15400,GEN,
15401,GEN-EWS,1933
15402,GEN,
15403,GEN,
15404,GEN,
15405,GEN-EWS,1934
15406,OBC-NCL,3255
15407,OBC-NCL,3256
15408,OBC-NCL,3257
15409,GEN-EWS,1935
15410,GEN,
15411,GEN-EWS,1936
15412,OBC-NCL,3258
15413,GEN,
15414,OBC-NCL,3259
15415,GEN-EWS,1937
15416,GEN,
15417,GEN,
15418,GEN-EWS,1938
15419,GEN,
15420,GEN,
15421,GEN,
15422,GEN,
15423,GEN,
15424,GEN,
15425,GEN,
15426,OBC-NCL,3260
15427,GEN-EWS,1939
15428,SC,330
15429,GEN,
15430,GEN,
15431,GEN,
15432,OBC-NCL,3261
15433,OBC-NCL,3262
15434,OBC-NCL,3263
15435,GEN,
15436,OBC-NCL,3264
15437,OBC-NCL,3265
15438,GEN-EWS,1940
15439,GEN,
15440,OBC-NCL,3266
15441,GEN,
15442,GEN-EWS,1941
15443,OBC-NCL,3267
15444,GEN,
15445,GEN,
15446,OBC-NCL,3268
15447,OBC-NCL,3269
15448,GEN-EWS,1942
15449,GEN,
15450,GEN-EWS,1943
15451,OBC-NCL,3270
15452,GEN-EWS,1944
15453,GEN-EWS,1945
15454,GEN,
15455,GEN,
15456,GEN,
15457,OBC-NCL,3271
15458,GEN,
15459,GEN,
15460,GEN,
15461,OBC-NCL,3272
15462,GEN,
15463,OBC-NCL,3273
15464,GEN,
15465,GEN,
15466,OBC-NCL,3274
15467,GEN,
15468,GEN,
15469,GEN,
15470,OBC-NCL,3275
15471,GEN,
15472,GEN,
15473,GEN-EWS,1946
15474,GEN,
15475,GEN-EWS,1948
15476,GEN,
15477,OBC-NCL,3276
15478,GEN,
15479,GEN,
15480,GEN,
15481,GEN,
15482,GEN,
15483,GEN,
15484,SC,331
15485,GEN,
15486,GEN-EWS,1949
15487,OBC-NCL,3277
15488,GEN-EWS,1950
15489,GEN,
15490,GEN,
15491,OBC-NCL,3278
15492,GEN,
15493,GEN,
15494,GEN,
15495,GEN,
15496,SC,332
15497,GEN,
15498,GEN,
15499,GEN,
15500,GEN,
15501,OBC-NCL,3279
15502,GEN,
15503,GEN-EWS,1951
15504,OBC-NCL,3280
15505,GEN,
15506,SC,333
15507,GEN,
15508,GEN,
15509,GEN-EWS,1952
15510,OBC-NCL,3281
15511,GEN,
15512,GEN,
15513,GEN-EWS,1953
15514,GEN,
15515,OBC-NCL,3282
15516,GEN-EWS,1954
15517,OBC-NCL,3283
15518,GEN,
15519,OBC-NCL,3284
15520,GEN,
15521,SC,334
15522,SC,335
15523,GEN,
15524,GEN,
15525,GEN,
15526,GEN,
15527,GEN,
15528,GEN,
15529,GEN,
15530,GEN,
15531,OBC-NCL,3285
15532,GEN,
15533,GEN-EWS,1955
15534,GEN,
15535,GEN,
15536,OBC-NCL,3286
15537,GEN,
15538,GEN-EWS,1956
15539,OBC-NCL,3287
15540,GEN,
15541,GEN,
15542,GEN,
15543,OBC-NCL,3288
15544,GEN,
15545,GEN,
15546,OBC-NCL,3289
15547,GEN,
15548,OBC-NCL,3290
15549,GEN,
15550,GEN,
15551,SC,336
15552,GEN,
15553,GEN,
15554,GEN,
15555,OBC-NCL,3291
15556,GEN-EWS,1957
15557,SC,337
15558,GEN,
15559,GEN-EWS,1958
15560,GEN,
15561,SC,338
15562,GEN,
15563,GEN,
15564,GEN,
15565,OBC-NCL,3292
15566,OBC-NCL,3293
15567,OBC-NCL,3294
15568,GEN,
15569,GEN,
15570,GEN,
15571,GEN,
15572,GEN,
15573,GEN-EWS,1959
15574,GEN,
15575,GEN-EWS,1960
15576,GEN,
15577,OBC-NCL,3295
15578,GEN,
15579,OBC-NCL,3296
15580,GEN,
15581,OBC-NCL,3297
15582,OBC-NCL,3298
15583,GEN,
15584,GEN,
15585,GEN,
15586,GEN,
15587,GEN,
15588,OBC-NCL,3299
15589,GEN-EWS,1961
15590,GEN-EWS,1962
15591,SC,339
15592,GEN,
15593,OBC-NCL,3300
15594,GEN,
15595,GEN,
15596,GEN,
15597,GEN-EWS,1963
15598,GEN,
15599,GEN,
15600,GEN,
15601,SC,340
15602,GEN,
15603,GEN,
15604,GEN,
15605,GEN,
15606,GEN,
15607,GEN,
15608,GEN,
15609,GEN,
15610,GEN,
15611,GEN,
15612,GEN,
15613,OBC-NCL,3301
15614,GEN,
15615,GEN,
15616,GEN,
15617,GEN-EWS,1964
15618,SC,341
15619,GEN,
15620,GEN,
15621,GEN,
15622,GEN-EWS,1965
15623,GEN,
15624,OBC-NCL,3302
15625,GEN,
15626,GEN-EWS,1966
15627,SC,342
15628,OBC-NCL,3303
15629,GEN,
15630,GEN,
15631,GEN,
15632,OBC-NCL,3304
15633,OBC-NCL,3305
15634,GEN,
15635,GEN-EWS,1967
15636,ST,78
15637,GEN,
15638,GEN-EWS,1968
15639,GEN,
15640,GEN,
15641,OBC-NCL,3306
15642,OBC-NCL,3307
15643,OBC-NCL,3308
15644,GEN,
15645,OBC-NCL,3309
15646,GEN,
15647,GEN,
15648,OBC-NCL,3310
15649,OBC-NCL,3311
15650,SC,343
15651,SC,344
15652,GEN,
15653,GEN,
15654,OBC-NCL,3312
15655,GEN,
15656,GEN,
15657,GEN,
15658,OBC-NCL,3313
15659,GEN,
15660,GEN,
15661,GEN-EWS,1969
15662,GEN,
15663,GEN,
15664,GEN-EWS,1970
15665,OBC-NCL,3314
15666,GEN-EWS,1971
15667,GEN,
15668,GEN,
15669,GEN,
15670,GEN,
15671,OBC-NCL,3315
15672,OBC-NCL,3316
15673,GEN,
15674,OBC-NCL,3317
15675,GEN,
15676,OBC-NCL,3318
15677,OBC-NCL,3319
15678,GEN,
15679,GEN,
15680,OBC-NCL,3320
15681,ST,79
15682,OBC-NCL,3321
15683,GEN,
15684,GEN,
15685,GEN-EWS,1972
15686,GEN,
15687,GEN-EWS,1973
15688,OBC-NCL,3322
15689,GEN,
15690,OBC-NCL,3323
15691,GEN,
15692,OBC-NCL,3324
15693,OBC-NCL,3325
15694,OBC-NCL,3326
15695,GEN,
15696,OBC-NCL,3327
15697,GEN,
15698,GEN,
15699,GEN,
15700,SC,345
15701,GEN,
15702,OBC-NCL,3328
15703,OBC-NCL,3329
15704,GEN,
15705,GEN,
15706,OBC-NCL,3330
15707,GEN,
15708,OBC-NCL,3331
15709,GEN,
15710,GEN,
15711,GEN,
15712,OBC-NCL,3332
15713,GEN,
15714,OBC-NCL,3333
15715,GEN,
15716,GEN,
15717,SC,346
15718,GEN,
15719,OBC-NCL,3334
15720,GEN,
15721,GEN,
15722,OBC-NCL,3335
15723,OBC-NCL,3336
15724,OBC-NCL,3337
15725,GEN-EWS,1974
15726,GEN,
15727,GEN,
15728,GEN,
15729,GEN,
15730,OBC-NCL,3338
15731,OBC-NCL,3339
15732,GEN,
15733,GEN,
15734,OBC-NCL,3340
15735,GEN,
15736,OBC-NCL,3341
15737,SC,347
15738,GEN-EWS,1975
15739,GEN,
15740,GEN-EWS,1976
15741,OBC-NCL,3342
15742,GEN,
15743,ST,80
15744,GEN-EWS,1977
15745,GEN,
15746,GEN-EWS,1978
15747,GEN,
15748,OBC-NCL,3343
15749,GEN,
15750,GEN,
15751,GEN-EWS,1979
15752,GEN,
15753,GEN,
15754,GEN,
15755,OBC-NCL,3344
15756,SC,348
15757,GEN-EWS,1980
15758,GEN,
15759,OBC-NCL,3345
15760,GEN-EWS,1981
15761,GEN,
15762,GEN-EWS,1982
15763,GEN,
15764,GEN,
15765,GEN,
15766,GEN,
15767,GEN,
15768,GEN-EWS,1983
15769,GEN-EWS,1984
15770,GEN,
15771,OBC-NCL,3346
15772,GEN,
15773,GEN,
15774,OBC-NCL,3347
15775,GEN,
15776,GEN-EWS,1985
15777,OBC-NCL,3348
15778,GEN,
15779,GEN,
15780,OBC-NCL,3349
15781,GEN,
15782,OBC-NCL,3350
15783,GEN,
15784,OBC-NCL,3351
15785,GEN,
15786,GEN-EWS,1986
15787,GEN,
15788,GEN,
15789,OBC-NCL,3352
15790,GEN,
15790,GEN-EWS,1987
15792,OBC-NCL,3353
15793,OBC-NCL,3354
15794,GEN,
15795,OBC-NCL,3355
15796,GEN,
15797,SC,349
15798,OBC-NCL,3356
15799,GEN,
15800,OBC-NCL,3357
15801,OBC-NCL,3358
15802,GEN,
15803,GEN,
15804,GEN,
15805,OBC-NCL,3359
15806,GEN,
15807,OBC-NCL,3360
15808,GEN,
15809,OBC-NCL,3361
15810,GEN,
15811,OBC-NCL,3362
15812,GEN,
15813,OBC-NCL,3363
15814,GEN-EWS,1988
15815,GEN,
15816,GEN,
15817,GEN,
15818,GEN,
15819,GEN-EWS,1989
15820,OBC-NCL,3364
15821,SC,350
15822,GEN,
15823,GEN-EWS,1990
15824,GEN-EWS,1991
15825,GEN-EWS,1992
15826,GEN-EWS,1993
15827,OBC-NCL,3365
15828,OBC-NCL,3366
15829,GEN,
15830,OBC-NCL,3367
15831,GEN,
15832,GEN,
15833,GEN,
15834,GEN,
15835,GEN-EWS,1994
15836,GEN,
15837,GEN,
15838,OBC-NCL,3368
15839,GEN,
15840,GEN,
15841,GEN,
15842,OBC-NCL,3369
15843,OBC-NCL,3370
15844,GEN,
15845,GEN,
15846,GEN,
15847,GEN,
15848,GEN-EWS,1995
15849,OBC-NCL,3371
15850,OBC-NCL,3372
15851,GEN,
15852,OBC-NCL,3373
15853,GEN,
15854,OBC-NCL,3374
15855,GEN,
15856,GEN,
15857,GEN,
15858,GEN,
15859,GEN,
15860,OBC-NCL,3375
15861,SC,351
15862,OBC-NCL,3376
15863,GEN-EWS,1996
15864,GEN,
15865,GEN,
15866,GEN-EWS,1997
15867,GEN,
15868,GEN,
15869,GEN,
15870,OBC-NCL,3377
15871,OBC-NCL,3378
15872,GEN,
15873,GEN,
15874,GEN,
15875,GEN,
15876,GEN,
15877,GEN,
15878,GEN,
15879,GEN,
15880,GEN,
15881,GEN,
15882,GEN,
15883,GEN,
15884,GEN,
15885,GEN,
15886,OBC-NCL,3379
15887,GEN,
15888,ST,81
15889,OBC-NCL,3380
15890,GEN,
15891,OBC-NCL,3381
15892,GEN,
15893,GEN,
15894,GEN-EWS,1998
15895,GEN,
15896,GEN,
15897,GEN,
15898,GEN,
15899,GEN,
15900,GEN,
15901,GEN,
15902,OBC-NCL,3382
15903,GEN,
15904,OBC-NCL,3383
15905,GEN,
15906,GEN,
15907,GEN,
15908,GEN,
15909,GEN-EWS,1999
15910,OBC-NCL,3384
15911,GEN,
15912,GEN,
15913,OBC-NCL,3385
15914,GEN-EWS,2000
15915,SC,352
15916,GEN,
15917,OBC-NCL,3386
15918,OBC-NCL,3387
15919,GEN,
15920,GEN,
15921,GEN,
15922,GEN,
15923,GEN,
15924,GEN,
15925,GEN,
15926,GEN,
15927,GEN,
15928,GEN,
15929,GEN,
15930,GEN-EWS,2001
15931,OBC-NCL,3388
15932,GEN,
15933,GEN,
15934,GEN,
15935,GEN-EWS,2002
15936,GEN,
15937,GEN,
15938,SC,353
15939,GEN,
15940,GEN,
15941,OBC-NCL,3389
15942,OBC-NCL,3390
15943,GEN,
15944,OBC-NCL,3391
15945,GEN,
15946,GEN,
15947,GEN-EWS,2003
15948,OBC-NCL,3392
15949,GEN,
15950,SC,354
15951,GEN-EWS,2004
15952,GEN,
15953,GEN,
15954,GEN,
15955,GEN,
15956,OBC-NCL,3393
15957,GEN,
15958,OBC-NCL,3394
15959,GEN,
15960,OBC-NCL,3395
15961,GEN,
15962,GEN,
15963,GEN,
15964,GEN,
15965,GEN,
15966,GEN,
15967,GEN,
15968,GEN,
15969,GEN-EWS,2005
15970,GEN,
15971,GEN-EWS,2006
15972,GEN,
15973,GEN,
15974,GEN,
15975,OBC-NCL,3396
15976,OBC-NCL,3397
15977,GEN,
15978,GEN-EWS,2007
15979,GEN-EWS,2008
15980,GEN-EWS,2009
15981,GEN,
15982,GEN,
15983,OBC-NCL,3398
15984,GEN,
15985,GEN,
15986,OBC-NCL,3399
15987,GEN,
15988,OBC-NCL,3400
15989,GEN,
15990,GEN,
15991,GEN-EWS,2010
15992,GEN,
15993,GEN,
15994,SC,355
15995,OBC-NCL,3401
15996,GEN,
15997,GEN,
15998,OBC-NCL,3402
15999,OBC-NCL,3403
16000,OBC-NCL,3404
16001,GEN,
16002,GEN,
16003,GEN-EWS,2011
16004,OBC-NCL,3405
16005,GEN,
16006,GEN,
16007,GEN,
16008,OBC-NCL,3406
16009,OBC-NCL,3407
16010,GEN,
16011,GEN,
16012,GEN,
16013,GEN,
16014,GEN,
16015,OBC-NCL,3408
16016,GEN,
16017,GEN-EWS,2012
16018,GEN,
16019,GEN,
16020,GEN,
16021,GEN,
16022,GEN,
16023,GEN,
16024,OBC-NCL,3409
16025,GEN-EWS,2013
16025,GEN-EWS,2013
16027,GEN,
16028,GEN,
16029,GEN-EWS,2015
16030,GEN-EWS,2016
16031,GEN,
16032,OBC-NCL,3410
16033,OBC-NCL,3411
16034,OBC-NCL,3412
16035,GEN,
16036,OBC-NCL,3413
16037,OBC-NCL,3414
16038,GEN,
16039,GEN,
16040,OBC-NCL,3415
16041,SC,356
16042,OBC-NCL,3416
16043,GEN,
16044,GEN,
16045,GEN,
16046,GEN,
16047,GEN,
16048,GEN,
16049,GEN,
16050,OBC-NCL,3417
16051,GEN-EWS,2017
16052,GEN,
16053,GEN,
16054,OBC-NCL,3418
16055,GEN,
16056,OBC-NCL,3419
16057,GEN-EWS,2018
16058,GEN,
16059,GEN-EWS,2019
16060,GEN,
16061,GEN-EWS,2020
16062,GEN-EWS,2021
16063,GEN,
16064,OBC-NCL,3420
16065,GEN,
16066,OBC-NCL,3421
16067,GEN,
16068,GEN,
16069,OBC-NCL,3422
16070,OBC-NCL,3423
16071,GEN,
16072,GEN,
16073,GEN,
16074,GEN,
16075,GEN,
16076,GEN,
16077,GEN,
16078,GEN,
16079,OBC-NCL,3424
16080,OBC-NCL,3425
16081,OBC-NCL,3426
16082,OBC-NCL,3427
16083,GEN-EWS,2022
16084,OBC-NCL,3428
16085,GEN,
16086,GEN,
16087,GEN,
16088,GEN,
16089,GEN-EWS,2023
16090,GEN,
16091,OBC-NCL,3429
16092,GEN,
16093,OBC-NCL,3430
16094,GEN,
16095,OBC-NCL,3431
16096,GEN,
16097,GEN,
16098,GEN,
16099,OBC-NCL,3432
16100,GEN-EWS,2024
16101,GEN,
16102,GEN,
16103,GEN,
16104,GEN-EWS,2025
16105,GEN-EWS,2026
16106,GEN,
16107,GEN-EWS,2027
16108,GEN,
16109,GEN,
16110,OBC-NCL,3433
16111,GEN,
16112,SC,357
16113,GEN-EWS,2028
16114,GEN-EWS,2029
16115,GEN,
16116,GEN,
16117,GEN,
16118,GEN-EWS,2030
16119,OBC-NCL,3434
16120,OBC-NCL,3435
16121,SC,358
16122,GEN,
16123,SC,359
16124,GEN,
16125,OBC-NCL,3436
16126,GEN,
16127,GEN,
16128,OBC-NCL,3437
16129,GEN,
16130,GEN,
16131,OBC-NCL,3438
16132,OBC-NCL,3439
16133,GEN,
16134,OBC-NCL,3440
16135,GEN,
16136,GEN,
16137,GEN,
16138,GEN-EWS,2031
16139,OBC-NCL,3441
16140,OBC-NCL,3442
16141,GEN,
16142,OBC-NCL,3443
16143,OBC-NCL,3444
16144,GEN-EWS,2032
16145,GEN-EWS,2033
16146,GEN,
16147,OBC-NCL,3446
16148,GEN,
16149,GEN-EWS,2034
16150,OBC-NCL,3447
16151,GEN-EWS,2035
16152,GEN,
16153,GEN,
16154,GEN,
16155,OBC-NCL,3448
16156,GEN,
16157,GEN,
16158,GEN-EWS,2036
16159,GEN,
16160,GEN,
16161,GEN,
16162,OBC-NCL,3449
16163,OBC-NCL,3450
16164,GEN,
16165,GEN,
16166,GEN,
16167,GEN,
16168,GEN-EWS,2037
16169,GEN-EWS,2038
16170,GEN,
16171,GEN,
16172,GEN,
16173,GEN,
16174,GEN,
16175,GEN-EWS,2039
16176,OBC-NCL,3451
16177,GEN,
16178,OBC-NCL,3452
16179,OBC-NCL,3453
16180,GEN,
16181,GEN,
16182,OBC-NCL,3454
16183,GEN,
16184,GEN-EWS,2040
16185,OBC-NCL,3455
16186,GEN,
16187,OBC-NCL,3456
16188,OBC-NCL,3457
16189,GEN,
16190,OBC-NCL,3458
16191,GEN,
16192,GEN-EWS,2041
16193,GEN,
16194,GEN,
16195,GEN,
16196,GEN,
16197,GEN,
16198,GEN,
16199,GEN,
16200,GEN,
16201,GEN,
16202,GEN,
16203,GEN-EWS,2042
16204,OBC-NCL,3459
16205,GEN,
16206,OBC-NCL,3460
16207,OBC-NCL,3461
16208,GEN,
16209,GEN,
16210,GEN-EWS,2043
16211,GEN,
16212,GEN,
16213,GEN,
16214,GEN-EWS,2044
16215,GEN-EWS,2045
16216,GEN-EWS,2046
16217,GEN,
16218,GEN-EWS,2047
16219,GEN,
16220,GEN,
16221,GEN,
16222,GEN,
16223,GEN,
16224,GEN-EWS,2048
16225,GEN-EWS,2049
16226,GEN,
16227,GEN,
16228,GEN,
16229,GEN,
16230,GEN,
16231,OBC-NCL,3462
16232,GEN,
16233,GEN,
16234,GEN,
16234,GEN,
16236,GEN,
16237,OBC-NCL,3463
16238,OBC-NCL,3464
16239,GEN-EWS,3465
16240,GEN,
16241,GEN-EWS,2050
16242,GEN,
16243,GEN,
16244,GEN,
16245,GEN,
16246,GEN,
16247,GEN,
16248,GEN,
16249,GEN,
16250,OBC-NCL,3466
16251,GEN-EWS,2051
16252,GEN-EWS,2052
16253,GEN,
16254,GEN,
16255,OBC-NCL,3467
16256,GEN,
16257,GEN,
16258,GEN-EWS,2053
16259,GEN,
16260,GEN,
16261,GEN,
16262,GEN,
16263,OBC-NCL,3468
16264,OBC-NCL,3469
16265,OBC-NCL,3470
16266,GEN,
16267,GEN,
16268,GEN,
16269,OBC-NCL,3471
16270,GEN,
16271,GEN,
16272,OBC-NCL,3472
16273,GEN,
16274,OBC-NCL,3473
16275,OBC-NCL,3474
16276,GEN,
16277,GEN,
16278,GEN-EWS,2054
16279,GEN,
16280,SC,360
16281,GEN,
16282,OBC-NCL,3475
16283,GEN,
16284,GEN,
16285,GEN,
16286,OBC-NCL,3476
16287,GEN,
16288,SC,361
16289,GEN,
16290,GEN,
16291,GEN,
16292,GEN,
16293,OBC-NCL,3477
16294,OBC-NCL,3478
16295,GEN,
16296,GEN,
16297,GEN,
16298,GEN,
16299,GEN-EWS,2055
16300,GEN,
16301,GEN-EWS,2056
16302,OBC-NCL,3479
16303,GEN,
16304,GEN,
16305,GEN,
16306,GEN,
16307,GEN-EWS,2057
16308,SC,362
16309,OBC-NCL,3480
16310,GEN,
16311,GEN-EWS,2058
16312,GEN,
16313,GEN,
16314,GEN,
16315,GEN,
16316,ST,82
16317,GEN-EWS,2059
16318,OBC-NCL,3481
16319,OBC-NCL,3482
16320,GEN,
16321,GEN,
16322,GEN,
16323,GEN,
16324,GEN,
16325,OBC-NCL,3483
16326,OBC-NCL,3484
16327,GEN,
16328,OBC-NCL,3485
16329,GEN,
16330,GEN,
16331,OBC-NCL,3486
16332,GEN,
16333,OBC-NCL,3487
16334,GEN-EWS,2060
16335,GEN,
16336,GEN,
16337,GEN,
16338,GEN,
16339,OBC-NCL,3488
16340,GEN,
16341,GEN-EWS,2061
16342,GEN,
16343,GEN,
16344,OBC-NCL,3489
16345,OBC-NCL,3490
16346,GEN,
16347,GEN-EWS,2062
16348,GEN,
16349,GEN,
16350,GEN,
16351,GEN,
16352,GEN,
16353,OBC-NCL,3491
16354,GEN,
16355,GEN,
16356,GEN-EWS,2063
16357,GEN,
16358,GEN,
16359,GEN,
16360,GEN,
16361,GEN-EWS,2064
16362,GEN-EWS,2065
16363,GEN,
16364,GEN,
16365,GEN,
16366,OBC-NCL,3492
16367,SC,363
16368,OBC-NCL,3493
16369,OBC-NCL,3494
16370,GEN,
16371,OBC-NCL,3495
16372,GEN,
16373,GEN,
16374,OBC-NCL,3496
16375,OBC-NCL,3497
16376,GEN,
16377,GEN,
16378,ST,83
16379,GEN-EWS,2066
16380,GEN,
16381,GEN,
16382,GEN,
16383,GEN,
16384,GEN,
16385,OBC-NCL,3498
16386,GEN,
16387,GEN-EWS,2067
16388,GEN,
16389,OBC-NCL,3499
16390,OBC-NCL,3500
16391,OBC-NCL,3501
16392,GEN-EWS,2068
16393,OBC-NCL,3502
16394,GEN,
16395,GEN,
16396,GEN,
16397,OBC-NCL,3503
16398,SC,364
16399,GEN-EWS,2069
16400,OBC-NCL,3504
16401,GEN,
16402,OBC-NCL,3505
16403,OBC-NCL,3506
16404,GEN,
16405,GEN,
16406,GEN,
16407,GEN,
16408,OBC-NCL,3507
16409,OBC-NCL,3508
16410,OBC-NCL,3509
16411,GEN,
16412,GEN-EWS,2070
16413,GEN,
16414,GEN,
16415,GEN,
16416,GEN,
16417,GEN-EWS,2071
16418,OBC-NCL,3510
16419,GEN,
16420,SC,365
16421,GEN-EWS,2072
16422,OBC-NCL,3511
16423,GEN,
16424,GEN,
16425,GEN,
16426,OBC-NCL,3512
16427,OBC-NCL,3513
16428,GEN,
16429,GEN,
16430,GEN,
16431,OBC-NCL,3514
16432,OBC-NCL,3515
16433,GEN,
16434,OBC-NCL,3516
16435,GEN,
16436,GEN,
16437,GEN,
16438,GEN,
16439,OBC-NCL,3517
16440,OBC-NCL,3518
16441,GEN,
16442,GEN,
16443,GEN,
16444,GEN-EWS,2073
16445,GEN-EWS,2074
16446,GEN,
16447,GEN,
16448,GEN,
16449,GEN-EWS,2075
16450,GEN,
16451,GEN,
16452,GEN-EWS,2076
16453,GEN,
16454,GEN,
16455,GEN-EWS,2077
16456,GEN,
16457,GEN-EWS,2078
16458,GEN-EWS,2079
16459,OBC-NCL,3519
16460,GEN,
16461,GEN,
16462,GEN,
16463,OBC-NCL,3520
16464,GEN,
16465,OBC-NCL,3521
16466,OBC-NCL,3522
16467,GEN-EWS,2080
16468,OBC-NCL,3523
16469,OBC-NCL,3524
16470,GEN-EWS,2081
16471,GEN,
16472,GEN,
16473,GEN,
16474,GEN,
16475,OBC-NCL,3525
16476,GEN,
16477,OBC-NCL,3526
16478,GEN,
16479,OBC-NCL,3527
16480,GEN,
16481,GEN,
16482,GEN,
16483,OBC-NCL,3528
16484,GEN,
16485,OBC-NCL,3529
16486,OBC-NCL,3530
16487,GEN,
16488,GEN-EWS,2082
16489,GEN-EWS,2083
16490,GEN,
16491,SC,366
16492,GEN,
16493,GEN-EWS,3531
16494,GEN,
16495,OBC-NCL,3533
16496,GEN,
16497,SC,367
16498,GEN-EWS,2084
16499,SC,368
16500,OBC-NCL,3534
16501,OBC-NCL,3535
16502,GEN,
16503,GEN,
16504,OBC-NCL,3536
16505,GEN,
16506,OBC-NCL,3537
16507,OBC-NCL,3538
16508,GEN,
16509,GEN,
16510,GEN-EWS,2085
16511,GEN,
16512,GEN,
16513,OBC-NCL,3539
16514,GEN,
16515,GEN,
16516,GEN,
16517,GEN,
16518,GEN,
16519,GEN,
16520,GEN,
16521,GEN,
16522,GEN,
16523,GEN,
16524,GEN,
16525,OBC-NCL,3540
16526,GEN,
16527,GEN-EWS,2086
16528,GEN,
16529,GEN,
16530,GEN,
16531,GEN,
16532,OBC-NCL,3541
16533,OBC-NCL,3542
16534,OBC-NCL,3543
16535,SC,369
16536,GEN,
16537,OBC-NCL,3544
16538,OBC-NCL,3545
16539,OBC-NCL,3546
16540,GEN,
16541,GEN,
16542,GEN,
16543,GEN,
16544,OBC-NCL,3547
16545,GEN,
16546,GEN,
16547,OBC-NCL,3548
16548,GEN,
16549,GEN,
16550,OBC-NCL,3549
16551,GEN-EWS,2087
16552,GEN,
16553,GEN,
16554,GEN-EWS,2088
16555,GEN,
16556,OBC-NCL,3550
16557,GEN,
16558,GEN,
16559,OBC-NCL,3551
16560,GEN,
16561,GEN-EWS,2089
16562,GEN,
16563,GEN,
16564,OBC-NCL,3552
16565,GEN,
16566,GEN,
16567,GEN-EWS,2090
16568,GEN,
16569,GEN,
16570,GEN,
16571,GEN,
16572,OBC-NCL,3553
16573,GEN,
16574,OBC-NCL,3554
16575,GEN-EWS,2091
16576,OBC-NCL,3555
16577,GEN,
16578,GEN,
16579,GEN-EWS,2092
16580,OBC-NCL,3556
16581,GEN,
16582,GEN,
16583,GEN,
16584,GEN,
16585,GEN,
16586,GEN,
16587,GEN,
16588,GEN,
16589,OBC-NCL,3557
16590,GEN,
16591,GEN,
16592,GEN,
16593,GEN,
16594,GEN,
16595,GEN,
16596,GEN,
16597,GEN,
16598,GEN,
16599,OBC-NCL,3558
16600,GEN-EWS,2093
16601,GEN,
16602,GEN,
16603,GEN,
16604,OBC-NCL,3559
16605,GEN,
16606,ST,84
16607,OBC-NCL,3560
16608,GEN,
16609,GEN,
16610,GEN,
16611,GEN,
16612,GEN,
16613,OBC-NCL,3561
16614,OBC-NCL,3562
16615,SC,370
16616,OBC-NCL,3563
16617,OBC-NCL,3564
16618,GEN,
16619,OBC-NCL,3565
16620,GEN,
16621,GEN,
16622,GEN,
16623,OBC-NCL,3566
16624,GEN,
16625,GEN,
16626,GEN,
16627,GEN,
16628,GEN,
16629,GEN,
16630,OBC-NCL,3567
16631,GEN,
16632,OBC-NCL,3568
16633,GEN,
16634,GEN,
16635,OBC-NCL,3569
16636,GEN,
16637,OBC-NCL,3570
16638,GEN,
16639,GEN,
16640,OBC-NCL,3571
16641,GEN,
16642,GEN,
16643,GEN,
16644,OBC-NCL,3572
16645,GEN,
16646,GEN,
16647,GEN,
16648,GEN,
16649,GEN-EWS,2094
16650,GEN-EWS,2095
16651,GEN,
16652,OBC-NCL,3573
16653,GEN,
16654,GEN,
16655,OBC-NCL,3574
16656,GEN,
16657,OBC-NCL,3575
16658,GEN,
16659,GEN,
16660,SC,371
16661,GEN,
16662,GEN,
16663,GEN,
16664,GEN-EWS,2096
16665,SC,372
16666,GEN,
16667,GEN-EWS,2097
16668,GEN,
16669,OBC-NCL,3576
16670,GEN,
16671,GEN,
16672,OBC-NCL,3577
16673,GEN,
16674,GEN,
16675,GEN,
16676,GEN,
16677,OBC-NCL,3578
16678,GEN,
16679,GEN,
16680,OBC-NCL,3579
16681,GEN,
16682,ST,85
16683,GEN,
16684,OBC-NCL,3580
16685,GEN,
16686,GEN,
16687,GEN-EWS,2098
16688,GEN,
16689,GEN,
16690,GEN,
16691,GEN,
16692,GEN,
16693,GEN,
16694,GEN,
16695,GEN-EWS,2099
16696,OBC-NCL,3581
16697,OBC-NCL,3582
16698,OBC-NCL,3583
16699,OBC-NCL,3584
16700,GEN,
16701,GEN,
16702,GEN,
16703,GEN,
16704,GEN-EWS,2100
16705,GEN,
16706,GEN,
16707,GEN,
16708,GEN,
16709,GEN,
16710,SC,373
16711,OBC-NCL,3585
16712,GEN,
16713,OBC-NCL,3586
16714,GEN,
16715,GEN-EWS,2101
16716,GEN-EWS,2102
16717,GEN,
16718,OBC-NCL,3587
16719,GEN,
16720,GEN,
16721,GEN,
16722,GEN,
16723,GEN,
16724,GEN-EWS,2103
16725,GEN,
16726,GEN,
16727,GEN,
16728,GEN-EWS,2104
16729,GEN,
16730,GEN-EWS,2105
16731,GEN-EWS,2106
16732,GEN,
16733,GEN,
16734,OBC-NCL,3588
16735,GEN,
16736,GEN-EWS,2107
16737,GEN-EWS,2108
16738,GEN,
16739,GEN,
16740,OBC-NCL,3589
16741,GEN,
16742,GEN,
16743,GEN,
16744,OBC-NCL,3590
16745,OBC-NCL,3591
16746,GEN,
16747,GEN-EWS,2109
16748,OBC-NCL,3592
16749,GEN,
16750,GEN,
16750,GEN,
16752,GEN,
16753,OBC-NCL,3593
16754,GEN,
16755,GEN,
16756,GEN,
16757,GEN,
16758,GEN,
16759,GEN,
16759,GEN,
16761,OBC-NCL,3594
16762,OBC-NCL,3595
16763,GEN,
16764,GEN,
16765,GEN,
16766,OBC-NCL,3596
16767,GEN-EWS,2110
16768,OBC-NCL,3597
16769,GEN,
16770,GEN,
16771,SC,374
16772,GEN,
16773,GEN,
16774,OBC-NCL,3598
16775,GEN-EWS,2111
16776,GEN-EWS,2112
16777,GEN,
16778,GEN,
16779,GEN,
16780,OBC-NCL,3599
16781,GEN,
16782,GEN,
16783,GEN,
16784,OBC-NCL,3600
16785,GEN,
16786,GEN,
16787,GEN,
16788,GEN,
16789,OBC-NCL,3601
16790,OBC-NCL,3602
16791,OBC-NCL,3603
16792,OBC-NCL,3604
16793,GEN,
16794,GEN,
16795,OBC-NCL,3605
16796,GEN,
16797,OBC-NCL,3606
16798,ST,86
16799,GEN,
16800,OBC-NCL,3607
16801,GEN-EWS,2113
16802,GEN,
16803,GEN,
16804,GEN,
16805,GEN,
16806,GEN,
16807,OBC-NCL,3608
16808,GEN,
16809,OBC-NCL,3609
16810,OBC-NCL,3610
16811,GEN,
16812,OBC-NCL,3611
16813,OBC-NCL,3612
16814,GEN,
16815,OBC-NCL,3613
16816,OBC-NCL,3614
16817,OBC-NCL,3615
16818,GEN,
16819,OBC-NCL,3616
16820,GEN,
16821,GEN,
16822,GEN,
16823,GEN-EWS,2114
16824,OBC-NCL,3617
16825,GEN,
16826,OBC-NCL,3618
16827,OBC-NCL,3619
16828,GEN,
16829,OBC-NCL,3620
16830,SC,375
16831,GEN,
16832,GEN,
16833,GEN,
16834,OBC-NCL,3621
16835,GEN,
16836,OBC-NCL,3622
16837,GEN,
16838,GEN,
16839,GEN,
16840,OBC-NCL,3623
16841,GEN,
16842,OBC-NCL,3624
16843,GEN-EWS,2115
16844,OBC-NCL,3625
16845,GEN,
16846,OBC-NCL,3626
16847,GEN,
16848,GEN,
16849,GEN,
16850,GEN,
16851,SC,376
16852,GEN,
16853,OBC-NCL,3627
16854,GEN-EWS,2116
16855,OBC-NCL,3628
16856,GEN,
16857,GEN,
16858,GEN,
16859,GEN-EWS,2117
16860,GEN-EWS,2118
16861,GEN,
16862,GEN,
16863,OBC-NCL,3629
16864,OBC-NCL,3630
16865,GEN,
16866,GEN,
16867,GEN,
16868,OBC-NCL,3631
16869,OBC-NCL,3632
16870,OBC-NCL,3633
16871,OBC-NCL,3634
16872,OBC-NCL,3635
16873,OBC-NCL,3636
16874,GEN,
16875,GEN,
16876,OBC-NCL,3637
16877,OBC-NCL,3638
16878,GEN,
16879,GEN,
16880,GEN,
16881,GEN,
16882,GEN,
16883,OBC-NCL,3639
16884,GEN,
16885,SC,377
16886,OBC-NCL,3640
16887,OBC-NCL,3641
16888,OBC-NCL,3642
16889,GEN-EWS,2119
16890,GEN,
16891,GEN,
16892,OBC-NCL,3643
16893,OBC-NCL,3644
16894,OBC-NCL,3645
16895,GEN,
16896,GEN,
16897,GEN-EWS,2120
16898,OBC-NCL,3646
16899,GEN,
16900,GEN,
16901,OBC-NCL,3647
16902,GEN,
16903,GEN,
16904,OBC-NCL,3648
16905,OBC-NCL,3649
16906,OBC-NCL,3650
16907,GEN,
16908,GEN,
16909,GEN-EWS,2121
16910,OBC-NCL,3651
16911,OBC-NCL,3652
16912,OBC-NCL,3653
16913,GEN,
16914,OBC-NCL,3654
16915,OBC-NCL,3655
16916,GEN,
16917,GEN,
16918,GEN,
16919,GEN-EWS,2122
16920,GEN,
16921,GEN,
16922,GEN,
16923,GEN,
16924,OBC-NCL,3656
16925,GEN,
16926,GEN,
16927,GEN,
16928,SC,378
16929,GEN,
16930,GEN,
16931,GEN,
16932,OBC-NCL,3657
16933,OBC-NCL,3658
16934,OBC-NCL,3659
16935,OBC-NCL,3660
16936,GEN,
16937,GEN,
16938,GEN,
16939,GEN,
16940,GEN,
16941,OBC-NCL,3661
16942,OBC-NCL,3662
16943,GEN,
16944,GEN,
16945,OBC-NCL,3663
16946,OBC-NCL,3664
16947,GEN,
16948,GEN,
16949,GEN,
16950,GEN-EWS,2123
16951,OBC-NCL,3665
16952,GEN,
16953,GEN-EWS,2124
16954,GEN,
16955,GEN,
16956,OBC-NCL,3666
16957,OBC-NCL,3667
16958,GEN,
16959,SC,379
16960,GEN,
16961,GEN,
16962,OBC-NCL,3668
16963,OBC-NCL,3669
16964,GEN,
16965,GEN,
16966,OBC-NCL,3670
16967,OBC-NCL,3671
16968,GEN,
16969,GEN,
16970,GEN,
16971,GEN,
16972,GEN,
16973,GEN,
16974,GEN,
16975,GEN,
16976,GEN,
16977,GEN,
16978,OBC-NCL,3672
16979,SC,380
16980,GEN-EWS,2125
16981,GEN-EWS,2126
16982,GEN,
16983,GEN,
16984,GEN,
16985,GEN-EWS,2127
16986,GEN,
16987,GEN,
16988,OBC-NCL,3673
16989,GEN,
16990,GEN,
16991,GEN,
16992,GEN,
16993,OBC-NCL,3674
16994,GEN,
16995,GEN,
16996,GEN,
16997,GEN-EWS,2128
16998,OBC-NCL,3675
16999,GEN-EWS,2129
17000,GEN,
17001,OBC-NCL,3676
17002,GEN,
17003,OBC-NCL,3677
17004,GEN,
17005,SC,381
17006,GEN,
17007,GEN,
17008,GEN-EWS,2130
17009,GEN,
17010,OBC-NCL,3678
17011,GEN,
17012,GEN,
17013,OBC-NCL,3679
17014,GEN,
17015,GEN,
17016,GEN,
17017,OBC-NCL,3680
17018,OBC-NCL,3681
17019,GEN,
17020,GEN,
17021,OBC-NCL,3682
17022,OBC-NCL,3683
17023,GEN,
17024,GEN,
17025,GEN,
17026,OBC-NCL,3684
17027,GEN,
17028,GEN,
17029,OBC-NCL,3685
17030,GEN,
17031,GEN-EWS,2131
17032,GEN-EWS,2132
17033,OBC-NCL,3686
17034,GEN,
17035,GEN-EWS,2133
17036,GEN,
17037,GEN,
17038,GEN,
17039,GEN,
17040,GEN,
17041,GEN,
17042,GEN,
17043,OBC-NCL,3687
17044,OBC-NCL,3688
17045,GEN,
17046,OBC-NCL,3689
17047,GEN,
17048,GEN,
17049,GEN,
17050,GEN-EWS,2134
17051,GEN,
17052,OBC-NCL,3690
17053,GEN,
17054,OBC-NCL,3691
17055,GEN,
17056,GEN,
17057,GEN-EWS,2135
17058,GEN,
17059,GEN,
17060,OBC-NCL,3692
17061,GEN,
17062,GEN,
17063,OBC-NCL,3693
17064,GEN,
17065,OBC-NCL,3694
17066,GEN,
17067,GEN,
17068,SC,382
17069,GEN,
17070,GEN,
17071,OBC-NCL,3695
17072,GEN-EWS,2136
17073,GEN,
17074,GEN,
17075,GEN,
17076,GEN-EWS,2137
17077,GEN,
17078,GEN,
17079,SC,383
17080,OBC-NCL,3696
17081,GEN-EWS,2138
17082,OBC-NCL,3697
17083,OBC-NCL,3698
17084,GEN,
17085,GEN,
17086,GEN,
17087,GEN-EWS,2139
17088,GEN,
17089,GEN,
17090,GEN,
17091,OBC-NCL,3699
17092,GEN,
17093,GEN,
17094,GEN,
17095,GEN,
17096,GEN,
17097,GEN,
17098,GEN,
17099,GEN,
17100,OBC-NCL,3700
17101,GEN,
17102,GEN,
17103,GEN-EWS,2140
17104,GEN,
17105,GEN,
17106,GEN,
17107,OBC-NCL,3701
17108,GEN,
17109,GEN,
17110,GEN,
17111,GEN,
17112,GEN,
17113,OBC-NCL,3702
17114,GEN-EWS,2141
17115,OBC-NCL,3703
17116,OBC-NCL,3704
17117,GEN,
17118,GEN,
17119,OBC-NCL,3705
17120,GEN,
17121,GEN,
17122,GEN-EWS,2142
17123,GEN-EWS,2143
17124,OBC-NCL,3706
17125,GEN,
17126,GEN,
17127,OBC-NCL,3707
17128,OBC-NCL,3708
17129,GEN,
17130,GEN,
17131,GEN,
17132,OBC-NCL,3709
17133,GEN,
17134,GEN,
17135,GEN,
17136,GEN-EWS,2144
17137,GEN-EWS,2145
17138,OBC-NCL,3710
17139,GEN,
17140,GEN,
17141,SC,384
17142,GEN,
17143,OBC-NCL,3711
17144,OBC-NCL,3712
17145,GEN,
17146,GEN,
17147,OBC-NCL,3713
17148,SC,385
17149,GEN,
17150,OBC-NCL,3714
17151,GEN,
17152,OBC-NCL,3715
17153,OBC-NCL,3716
17154,GEN,
17155,GEN,
17156,GEN-EWS,2146
17157,OBC-NCL,3717
17158,GEN,
17159,OBC-NCL,3718
17160,GEN,
17161,GEN,
17162,OBC-NCL,3719
17163,OBC-NCL,3720
17164,GEN,
17165,GEN,
17166,OBC-NCL,3721
17167,GEN,
17168,OBC-NCL,3722
17169,GEN-EWS,2147
17170,OBC-NCL,3723
17171,GEN,
17172,OBC-NCL,3724
17173,GEN,
17174,OBC-NCL,3725
17175,GEN,
17176,OBC-NCL,3726
17177,GEN-EWS,2148
17178,GEN,
17179,GEN,
17180,GEN,
17181,GEN,
17182,OBC-NCL,3727
17183,GEN,
17184,GEN-EWS,2149
17185,GEN-EWS,2150
17186,OBC-NCL,3728
17187,GEN,
17188,GEN,
17189,GEN,
17190,GEN,
17191,GEN,
17192,OBC-NCL,3729
17193,OBC-NCL,3730
17194,GEN,
17195,GEN,
17196,GEN-EWS,2151
17197,OBC-NCL,3731
17198,GEN,
17199,GEN,
17200,GEN,
17201,GEN,
17202,OBC-NCL,3732
17203,GEN-EWS,2152
17204,GEN,
17205,GEN,
17206,GEN,
17207,GEN-EWS,2153
17208,GEN-EWS,2154
17209,OBC-NCL,3733
17210,GEN,
17211,GEN,
17212,GEN,
17213,GEN-EWS,2155
17214,GEN,
17215,OBC-NCL,3734
17216,GEN-EWS,2156
17217,OBC-NCL,3735
17218,GEN-EWS,2157
17219,GEN-EWS,2158
17220,GEN,
17221,GEN,
17222,OBC-NCL,3736
17223,OBC-NCL,3737
17224,GEN,
17225,OBC-NCL,3738
17226,GEN,
17227,GEN,
17228,OBC-NCL,3739
17229,GEN-EWS,2159
17230,OBC-NCL,3740
17231,GEN,
17232,OBC-NCL,3741
17233,GEN,
17234,OBC-NCL,3742
17235,GEN-EWS,2160
17236,OBC-NCL,3743
17237,GEN-EWS,2161
17238,OBC-NCL,3744
17239,GEN,
17239,GEN,
17241,GEN,
17242,OBC-NCL,3745
17243,GEN,
17244,OBC-NCL,3746
17245,OBC-NCL,3747
17246,GEN,
17247,OBC-NCL,3748
17248,OBC-NCL,3749
17249,GEN,
17250,GEN-EWS,2162
17251,GEN,
17251,OBC-NCL,3750
17253,OBC-NCL,3751
17254,GEN,
17255,GEN,
17256,OBC-NCL,3752
17257,GEN,
17258,GEN,
17259,GEN,
17260,GEN,
17261,OBC-NCL,3753
17262,GEN,
17263,OBC-NCL,3754
17264,OBC-NCL,3755
17265,GEN-EWS,2163
17266,OBC-NCL,3756
17267,GEN,
17268,GEN,
17269,GEN-EWS,2164
17270,GEN,
17271,GEN,
17272,GEN-EWS,2165
17273,OBC-NCL,3757
17274,GEN,
17275,GEN,
17276,GEN,
17277,GEN,
17278,GEN,
17279,SC,386
17280,GEN,
17281,GEN,
17282,GEN,
17283,ST,87
17284,OBC-NCL,3758
17285,GEN,
17286,GEN,
17287,GEN,
17288,OBC-NCL,3759
17289,OBC-NCL,3760
17290,GEN,
17291,OBC-NCL,3761
17292,GEN,
17293,GEN-EWS,2166
17294,GEN,
17295,GEN,
17296,GEN,
17297,OBC-NCL,3762
17298,GEN,
17299,GEN,
17300,GEN,
17301,OBC-NCL,3763
17302,GEN,
17303,GEN,
17304,OBC-NCL,3764
17305,GEN-EWS,2167
17306,GEN-EWS,2168
17307,GEN,
17308,OBC-NCL,3765
17309,OBC-NCL,3766
17310,GEN,
17311,OBC-NCL,3767
17312,OBC-NCL,3768
17313,GEN,
17314,GEN,
17315,OBC-NCL,3769
17316,OBC-NCL,3770
17317,OBC-NCL,3771
17318,GEN,
17319,GEN,
17320,GEN,
17321,OBC-NCL,3772
17322,GEN,
17323,OBC-NCL,3773
17324,OBC-NCL,3774
17325,GEN,
17326,OBC-NCL,3775
17327,OBC-NCL,3776
17328,OBC-NCL,3777
17329,OBC-NCL,3778
17330,GEN,
17331,GEN,
17332,GEN,
17333,GEN,
17334,OBC-NCL,3779
17335,GEN,
17336,OBC-NCL,3780
17337,GEN,
17338,GEN,
17339,GEN,
17340,GEN-EWS,2169
17341,GEN-EWS,2170
17342,GEN,
17343,GEN,
17344,GEN,
17345,GEN,
17346,OBC-NCL,3781
17347,GEN,
17348,GEN,
17349,OBC-NCL,3782
17350,GEN,
17351,GEN,
17352,GEN-EWS,2171
17353,GEN,
17354,GEN,
17355,OBC-NCL,3783
17356,GEN-EWS,2172
17357,OBC-NCL,3784
17358,GEN,
17359,GEN,
17360,GEN,
17361,OBC-NCL,3785
17362,ST,26
17363,OBC-NCL,3786
17364,GEN,
17365,GEN,
17366,OBC-NCL,3787
17367,GEN-EWS,3788
17368,GEN,
17369,GEN-EWS,2173
17370,OBC-NCL,3789
17371,OBC-NCL,3790
17372,GEN,
17373,OBC-NCL,3791
17374,SC,387
17375,GEN-EWS,2174
17376,GEN,
17377,OBC-NCL,3792
17378,GEN,
17379,OBC-NCL,3793
17380,OBC-NCL,3794
17381,GEN-EWS,2175
17382,GEN,
17383,OBC-NCL,3795
17384,OBC-NCL,3796
17385,GEN,
17386,GEN,
17387,GEN,
17388,GEN,
17389,GEN,
17390,OBC-NCL,3797
17391,GEN,
17392,GEN,
17393,GEN,
17394,GEN-EWS,2176
17395,GEN,
17396,OBC-NCL,3798
17397,GEN-EWS,2177
17398,GEN,
17399,OBC-NCL,3799
17400,GEN-EWS,2178
17401,GEN-EWS,2179
17402,GEN-EWS,2180
17403,GEN,
17404,GEN,
17405,GEN,
17406,OBC-NCL,3800
17407,GEN-EWS,2181
17408,GEN,
17409,GEN-EWS,2182
17410,GEN,
17411,GEN,
17412,GEN,
17413,GEN-EWS,2183
17414,GEN,
17415,OBC-NCL,3801
17416,GEN,
17417,OBC-NCL,3802
17418,GEN,
17419,GEN,
17420,GEN,
17421,OBC-NCL,3803
17422,GEN-EWS,2184
17423,GEN,
17424,OBC-NCL,3804
17425,GEN,
17426,GEN,
17427,GEN,
17428,OBC-NCL,3805
17429,GEN-EWS,2185
17430,GEN,
17431,GEN-EWS,2186
17432,ST,27
17433,OBC-NCL,3806
17434,GEN,
17435,GEN,
17436,GEN,
17437,OBC-NCL,3807
17438,GEN,
17439,GEN,
17440,GEN,
17441,GEN,
17442,GEN,
17443,GEN,
17444,GEN,
17445,OBC-NCL,3808
17446,GEN-EWS,2187
17447,SC,388
17448,GEN,
17449,OBC-NCL,3809
17450,GEN,
17451,GEN,
17452,OBC-NCL,3810
17453,OBC-NCL,3811
17454,GEN,
17455,OBC-NCL,3812
17456,GEN,
17457,GEN,
17458,GEN,
17459,GEN,
17460,GEN,
17461,GEN,
17462,GEN,
17463,OBC-NCL,3813
17464,OBC-NCL,3814
17465,SC,389
17466,OBC-NCL,3815
17467,GEN,
17468,GEN,
17469,GEN,
17470,GEN,
17471,GEN,
17472,GEN,
17473,SC,390
17474,GEN,
17475,GEN,
17476,OBC-NCL,3816
17477,OBC-NCL,3817
17478,GEN-EWS,2188
17479,GEN,
17480,GEN,
17481,OBC-NCL,3818
17482,GEN,
17483,OBC-NCL,3819
17484,OBC-NCL,3820
17485,OBC-NCL,3821
17486,GEN,
17487,OBC-NCL,3822
17488,GEN,
17489,GEN,
17490,SC,391
17491,GEN,
17492,GEN,
17493,GEN,
17494,GEN,
17495,GEN-EWS,2189
17496,GEN,
17497,GEN,
17498,GEN-EWS,2190
17499,GEN-EWS,2191
17500,GEN,
17501,GEN-EWS,2192
17502,GEN,
17503,GEN,
17504,SC,392
17505,OBC-NCL,3823
17506,GEN,
17507,GEN-EWS,2193
17508,GEN-EWS,2194
17509,SC,393
17510,GEN,
17511,GEN,
17512,GEN,
17513,GEN,
17514,GEN,
17515,OBC-NCL,3824
17516,OBC-NCL,3825
17517,GEN,
17518,GEN,
17519,GEN-EWS,2195
17520,GEN,
17521,GEN,
17522,GEN,
17523,OBC-NCL,3826
17524,OBC-NCL,3827
17525,GEN-EWS,2196
17526,OBC-NCL,3828
17527,OBC-NCL,3829
17528,OBC-NCL,3830
17529,GEN,
17530,OBC-NCL,3831
17531,GEN,
17532,GEN-EWS,2197
17533,OBC-NCL,3832
17534,OBC-NCL,3833
17535,OBC-NCL,3834
17536,OBC-NCL,3836
17537,GEN,
17538,GEN,
17539,GEN-EWS,2198
17540,GEN,
17541,OBC-NCL,3837
17542,GEN,
17543,GEN,
17544,GEN-EWS,2199
17545,OBC-NCL,3838
17546,OBC-NCL,3839
17547,OBC-NCL,3840
17548,SC,394
17549,SC,395
17550,GEN-EWS,2200
17551,OBC-NCL,3841
17552,GEN,
17553,GEN,
17554,OBC-NCL,3842
17555,OBC-NCL,3843
17556,GEN,
17557,OBC-NCL,3844
17558,GEN,
17559,GEN-EWS,2201
17560,OBC-NCL,3845
17561,OBC-NCL,3846
17562,GEN-EWS,2202
17563,GEN,
17564,GEN,
17565,OBC-NCL,3847
17566,SC,396
17567,GEN,
17568,GEN,
17569,GEN-EWS,2203
17570,GEN,
17571,OBC-NCL,3848
17572,GEN,
17573,GEN-EWS,2204
17574,GEN,
17575,GEN-EWS,2205
17576,GEN,
17577,GEN,
17578,OBC-NCL,3849
17579,OBC-NCL,3850
17580,OBC-NCL,3851
17581,GEN,
17582,GEN,
17583,GEN-EWS,2206
17584,GEN,
17585,GEN-EWS,2207
17586,GEN,
17587,GEN,
17588,GEN-EWS,2208
17589,GEN,
17590,GEN,
17591,SC,398
17592,SC,399
17593,GEN-EWS,2209
17594,GEN-EWS,2210
17595,GEN,
17596,OBC-NCL,3852
17597,GEN,
17598,GEN,
17599,GEN,
17600,OBC-NCL,3853
17601,GEN,
17602,GEN,
17603,GEN,
17604,OBC-NCL,3854
17605,OBC-NCL,3855
17606,GEN,
17607,GEN-EWS,2211
17608,GEN,
17609,OBC-NCL,3856
17610,GEN,
17611,OBC-NCL,3857
17612,OBC-NCL,3858
17613,ST,88
17614,GEN,
17615,OBC-NCL,3859
17616,GEN,
17617,GEN,
17618,OBC-NCL,3860
17619,GEN,
17620,OBC-NCL,3861
17621,GEN,
17622,OBC-NCL,3862
17623,GEN,
17624,GEN-EWS,2212
17625,GEN,
17626,GEN,
17627,GEN,
17628,OBC-NCL,3863
17629,GEN,
17630,GEN,
17631,GEN,
17632,GEN,
17633,GEN,
17634,GEN,
17635,GEN-EWS,2213
17636,OBC-NCL,3864
17637,GEN-EWS,2214
17638,GEN,
17639,GEN,
17640,GEN,
17641,GEN-EWS,2215
17642,GEN-EWS,2216
17643,GEN,
17644,GEN-EWS,2217
17645,OBC-NCL,3865
17646,ST,89
17647,GEN,
17648,GEN,
17649,GEN,
17650,GEN,
17650,GEN-EWS,2218
17652,GEN,
17653,GEN-EWS,2219
17654,OBC-NCL,3866
17655,OBC-NCL,3867
17656,GEN,
17657,GEN,
17658,GEN-EWS,2220
17659,GEN,
17660,GEN-EWS,2221
17661,GEN,
17662,ST,90
17663,GEN,
17664,GEN-EWS,2222
17665,GEN,
17666,OBC-NCL,3868
17667,GEN-EWS,2223
17668,SC,400
17669,GEN-EWS,2224
17670,GEN,
17671,GEN-EWS,2225
17672,GEN,
17673,GEN-EWS,2226
17674,GEN,
17675,GEN-EWS,3869
17676,OBC-NCL,3870
17677,GEN,
17678,GEN,
17679,OBC-NCL,3871
17680,GEN,
17681,OBC-NCL,3872
17682,OBC-NCL,3873
17683,OBC-NCL,3874
17684,OBC-NCL,3875
17685,OBC-NCL,3876
17686,GEN,
17687,GEN,
17688,GEN,
17689,GEN,
17690,OBC-NCL,3878
17691,GEN,
17692,GEN,
17693,GEN-EWS,2227
17694,GEN-EWS,2228
17695,OBC-NCL,3879
17696,GEN-EWS,2229
17697,GEN,
17698,OBC-NCL,3880
17699,OBC-NCL,3881
17700,OBC-NCL,3882
17701,GEN,
17702,OBC-NCL,3884
17703,GEN,
17704,OBC-NCL,3885
17705,OBC-NCL,3886
17706,GEN,
17707,OBC-NCL,3887
17708,SC,401
17709,GEN,
17710,OBC-NCL,3888
17711,OBC-NCL,3889
17712,GEN,
17713,SC,402
17714,OBC-NCL,3890
17715,OBC-NCL,3891
17716,GEN-EWS,2230
17717,OBC-NCL,403
17718,GEN,
17719,GEN,
17720,GEN,
17721,GEN,
17722,GEN,
17723,OBC-NCL,3892
17724,OBC-NCL,3893
17725,GEN,
17726,OBC-NCL,3894
17727,OBC-NCL,3895
17728,GEN,
17729,OBC-NCL,3896
17730,SC,404
17731,GEN-EWS,2231
17732,OBC-NCL,3897
17733,OBC-NCL,3898
17734,GEN,
17735,GEN,
17736,GEN,
17737,GEN,
17738,GEN,
17739,GEN,
17740,GEN,
17741,OBC-NCL,3899
17742,GEN,
17743,GEN,
17744,GEN,
17745,GEN,
17746,GEN,
17747,GEN-EWS,2232
17748,GEN,
17749,OBC-NCL,3900
17750,GEN,
17751,GEN-EWS,2233
17752,GEN,
17753,OBC-NCL,3901
17754,OBC-NCL,3902
17755,GEN-EWS,2234
17756,GEN,
17757,GEN,
17758,OBC-NCL,3903
17759,GEN,
17760,GEN,
17761,GEN,
17762,OBC-NCL,3904
17763,GEN,
17764,GEN-EWS,2235
17765,GEN,
17766,OBC-NCL,3905
17767,GEN,
17768,OBC-NCL,3906
17769,GEN,
17770,GEN,
17771,OBC-NCL,3907
17772,GEN,
17773,GEN,
17774,OBC-NCL,3908
17775,OBC-NCL,3909
17776,GEN-EWS,2236
17777,OBC-NCL,3910
17778,GEN,
17779,OBC-NCL,3911
17780,GEN,
17781,GEN-EWS,2237
17782,GEN,
17783,GEN,
17784,GEN-EWS,2238
17785,GEN-EWS,2239
17786,GEN-EWS,2240
17787,GEN,
17788,GEN,
17789,GEN,
17790,GEN,
17791,GEN,
17792,OBC-NCL,3912
17793,GEN-EWS,2241
17794,GEN,
17795,GEN,
17796,GEN-EWS,2242
17797,OBC-NCL,3913
17798,GEN,
17799,OBC-NCL,3914
17800,GEN,
17801,GEN,
17802,GEN,
17803,GEN,
17804,OBC-NCL,3915
17805,SC,405
17806,GEN,
17807,OBC-NCL,3916
17808,GEN,
17809,GEN-EWS,2243
17810,GEN,
17811,GEN-EWS,2244
17812,GEN,
17813,GEN,
17814,GEN,
17815,GEN,
17816,GEN,
17817,OBC-NCL,3917
17818,OBC-NCL,3918
17819,GEN-EWS,2245
17820,GEN,
17821,GEN,
17822,GEN-EWS,2246
17823,OBC-NCL,3919
17824,GEN,
17825,GEN,
17826,GEN,
17827,OBC-NCL,3920
17828,GEN-EWS,2247
17829,GEN-EWS,2248
17830,GEN,
17831,OBC-NCL,3921
17832,GEN,
17833,GEN,
17834,GEN-EWS,2249
17835,GEN,
17836,GEN-EWS,2250
17837,GEN,
17838,OBC-NCL,3922
17839,OBC-NCL,3923
17840,GEN,
17841,GEN,
17842,GEN-EWS,2251
17843,GEN,
17844,GEN,
17845,GEN,
17846,OBC-NCL,3924
17847,GEN,
17848,OBC-NCL,3925
17849,OBC-NCL,3926
17850,OBC-NCL,3927
17851,GEN,
17852,GEN,
17853,GEN,
17854,OBC-NCL,3928
17855,SC,406
17856,OBC-NCL,3929
17857,OBC-NCL,3930
17858,GEN,
17859,GEN,
17860,GEN,
17861,OBC-NCL,3931
17862,GEN,
17863,ST,92
17864,GEN,
17865,GEN,
17866,GEN,
17867,OBC-NCL,3932
17868,GEN-EWS,2252
17869,GEN-EWS,2253
17870,OBC-NCL,3933
17871,GEN,
17872,GEN,
17873,GEN,
17874,GEN-EWS,2254
17875,OBC-NCL,3934
17876,GEN,
17877,ST,93
17878,GEN,
17879,GEN-EWS,2255
17880,SC,407
17881,GEN,
17882,GEN,
17883,GEN,
17884,OBC-NCL,3935
17885,OBC-NCL,3936
17886,GEN,
17887,GEN,
17888,GEN,
17889,GEN,
17890,GEN,
17891,OBC-NCL,3937
17892,GEN,
17893,OBC-NCL,3938
17894,OBC-NCL,3939
17895,GEN-EWS,2256
17896,GEN,
17897,OBC-NCL,3940
17898,OBC-NCL,3941
17899,GEN,
17900,OBC-NCL,3942
17901,GEN,
17902,GEN-EWS,2257
17903,GEN-EWS,2258
17904,OBC-NCL,3943
17905,GEN,
17906,OBC-NCL,3944
17907,OBC-NCL,3945
17908,GEN,
17909,OBC-NCL,3946
17910,GEN-EWS,2259
17911,OBC-NCL,3947
17912,GEN,
17913,GEN-EWS,2260
17914,GEN,
17915,GEN,
17916,OBC-NCL,3948
17917,GEN,
17918,GEN,
17919,OBC-NCL,3949
17920,SC,408
17921,GEN-EWS,2261
17922,GEN,
17923,GEN,
17924,OBC-NCL,3950
17925,GEN-EWS,2262
17926,GEN,
17927,OBC-NCL,3951
17928,GEN,
17929,GEN,
17930,GEN-EWS,2263
17931,OBC-NCL,3952
17932,GEN-EWS,2264
17933,GEN,
17934,OBC-NCL,3953
17935,OBC-NCL,3954
17936,GEN-EWS,2265
17937,GEN,
17938,GEN,
17939,GEN,
17940,OBC-NCL,3955
17941,GEN,
17942,OBC-NCL,3956
17943,OBC-NCL,3957
17944,GEN,
17945,GEN,
17946,GEN,
17947,GEN-EWS,2266
17948,OBC-NCL,3958
17949,OBC-NCL,3959
17949,OBC-NCL,3959
17951,OBC-NCL,3961
17952,GEN,
17953,GEN,
17954,OBC-NCL,3962
17955,OBC-NCL,3963
17956,GEN,
17957,OBC-NCL,3964
17958,GEN,
17959,GEN,
17960,GEN-EWS,2267
17961,GEN,
17962,GEN,
17963,GEN,
17964,GEN-EWS,2268
17965,GEN,
17966,OBC-NCL,3965
17967,GEN,
17968,OBC-NCL,3966
17969,OBC-NCL,3967
17970,OBC-NCL,3968
17971,GEN-EWS,2269
17972,OBC-NCL,3969
17973,GEN,
17974,GEN,
17975,OBC-NCL,3970
17976,GEN,
17977,GEN,
17978,GEN,
17979,GEN,
17980,GEN,
17981,GEN,
17982,OBC-NCL,3971
17983,GEN-EWS,2270
17984,GEN,
17985,OBC-NCL,3972
17986,GEN,
17987,GEN,
17988,OBC-NCL,3973
17989,GEN,
17990,GEN,
17991,GEN,
17992,GEN,
17993,GEN,
17994,GEN,
17995,GEN,
17996,GEN,
17997,GEN,
17998,OBC-NCL,3974
17999,OBC-NCL,3975
18000,OBC-NCL,3976
18001,GEN,
18002,GEN,
18003,OBC-NCL,3977
18004,GEN-EWS,2271
18005,GEN,
18006,GEN-EWS,2272
18007,GEN-EWS,2273
18008,OBC-NCL,3978
18009,OBC-NCL,3979
18010,SC,409
18011,GEN,
18012,GEN,
18013,GEN-EWS,2274
18014,GEN,
18015,SC,410
18016,GEN,
18017,OBC-NCL,3980
18018,GEN,
18019,GEN,
18020,OBC-NCL,3981
18021,GEN-EWS,2275
18022,GEN,
18023,OBC-NCL,3982
18024,GEN,
18025,GEN-EWS,2276
18026,GEN,
18027,GEN,
18028,GEN-EWS,2277
18029,GEN-EWS,2278
18030,GEN,
18031,OBC-NCL,3983
18032,OBC-NCL,3984
18033,OBC-NCL,3985
18034,GEN,
18035,OBC-NCL,3986
18036,GEN,
18037,GEN,
18038,OBC-NCL,3987
18039,GEN-EWS,2279
18040,GEN,
18041,GEN-EWS,2280
18042,GEN,
18043,GEN-EWS,2281
18044,OBC-NCL,3988
18045,GEN,
18046,GEN,
18047,GEN-EWS,2282
18048,GEN,
18049,GEN,
18050,GEN,
18051,OBC-NCL,3989
18052,SC,411
18053,GEN,
18054,GEN,
18055,GEN,
18056,GEN,
18057,GEN,
18058,GEN-EWS,2283
18058,GEN-EWS,2283
18060,ST,94
18061,OBC-NCL,3990
18062,GEN-EWS,2285
18063,GEN,
18064,GEN,
18065,GEN,
18066,GEN-EWS,2286
18067,GEN,
18068,OBC-NCL,3991
18069,GEN-EWS,2287
18070,GEN,
18071,GEN,
18072,GEN-EWS,2288
18073,GEN,
18074,GEN,
18075,OBC-NCL,3992
18076,GEN,
18077,OBC-NCL,3993
18078,GEN,
18079,GEN,
18080,GEN,
18081,GEN,
18082,GEN-EWS,2289
18083,GEN,
18084,GEN,
18085,GEN-EWS,2290
18086,OBC-NCL,3994
18087,GEN,
18088,SC,412
18089,GEN,
18090,OBC-NCL,3995
18091,GEN-EWS,2291
18092,GEN,
18093,GEN,
18094,GEN,
18095,GEN,
18096,GEN,
18097,GEN,
18098,GEN,
18099,GEN,
18100,GEN,
18101,OBC-NCL,3996
18102,OBC-NCL,3997
18103,GEN,
18104,GEN,
18105,GEN,
18106,OBC-NCL,3998
18107,GEN,
18108,OBC-NCL,3999
18109,GEN-EWS,2292
18110,GEN,
18111,GEN,
18112,GEN-EWS,2293
18113,GEN,
18114,GEN-EWS,2294
18115,GEN-EWS,2295
18116,SC,413
18117,OBC-NCL,414
18118,GEN,
18119,GEN,
18120,GEN,
18121,OBC-NCL,4000
18122,OBC-NCL,4001
18123,OBC-NCL,4002
18124,OBC-NCL,4003
18125,GEN,
18126,GEN,
18127,GEN,
18128,OBC-NCL,4004
18129,GEN,
18130,OBC-NCL,4005
18131,GEN-EWS,2296
18132,GEN-EWS,2297
18133,GEN,
18134,GEN,
18135,OBC-NCL,4006
18136,GEN,
18137,GEN,
18138,GEN,
18139,OBC-NCL,4007
18140,GEN,
18141,GEN,
18142,GEN,
18143,GEN,
18144,OBC-NCL,4008
18145,GEN,
18146,OBC-NCL,4009
18147,GEN,
18148,GEN,
18149,GEN,
18150,GEN,
18151,GEN,
18152,OBC-NCL,4010
18153,OBC-NCL,4011
18154,GEN-EWS,2298
18155,OBC-NCL,4012
18156,GEN,
18157,GEN,
18158,GEN,
18159,GEN,
18160,GEN-EWS,2299
18161,GEN,
18162,OBC-NCL,4013
18163,GEN-EWS,2300
18164,GEN,
18165,GEN,
18166,OBC-NCL,4014
18167,GEN-EWS,2301
18168,GEN,
18169,GEN,
18170,GEN-EWS,2302
18171,OBC-NCL,4015
18172,GEN,
18173,GEN,
18174,GEN,
18175,GEN,
18176,GEN,
18177,GEN,
18178,OBC-NCL,4016
18179,GEN,
18180,OBC-NCL,4017
18181,GEN,
18182,GEN,
18183,GEN,
18184,OBC-NCL,4018
18185,GEN,
18186,OBC-NCL,4019
18187,GEN,
18188,GEN-EWS,2303
18189,GEN,
18190,GEN-EWS,2304
18191,GEN,
18192,OBC-NCL,4020
18193,GEN,
18194,GEN-EWS,2305
18195,OBC-NCL,4021
18196,GEN,
18197,OBC-NCL,4022
18198,OBC-NCL,4023
18199,GEN,
18200,GEN,
18201,GEN,
18202,OBC-NCL,4024
18203,GEN,
18204,OBC-NCL,4025
18205,GEN,
18206,OBC-NCL,4026
18207,SC,415
18208,GEN,
18209,OBC-NCL,4027
18210,GEN-EWS,2306
18211,GEN,
18212,OBC-NCL,4028
18213,GEN,
18214,GEN,
18215,GEN,
18216,GEN,
18217,GEN-EWS,2307
18218,GEN-EWS,2308
18219,OBC-NCL,4029
18220,GEN,
18221,GEN,
18222,GEN,
18223,GEN,
18224,GEN,
18225,GEN-EWS,4030
18226,OBC-NCL,4031
18227,SC,416
18228,GEN,
18229,OBC-NCL,4032
18230,GEN,
18231,GEN-EWS,2309
18232,GEN-EWS,2310
18233,GEN,
18234,GEN,
18235,GEN,
18236,GEN-EWS,2311
18237,GEN,
18238,GEN-EWS,2312
18239,OBC-NCL,4033
18240,OBC-NCL,4034
18241,GEN,
18242,OBC-NCL,4035
18243,GEN,
18244,GEN,
18245,GEN,
18246,OBC-NCL,4036
18247,GEN,
18248,GEN,
18249,GEN,
18250,GEN,
18251,GEN,
18252,GEN,
18253,GEN,
18254,GEN,
18255,OBC-NCL,4038
18256,GEN,
18257,OBC-NCL,4039
18258,GEN,
18259,GEN,
18260,OBC-NCL,4040
18261,GEN,
18262,OBC-NCL,4041
18263,OBC-NCL,4042
18264,GEN,
18265,GEN,
18266,GEN,
18267,GEN,
18268,GEN-EWS,2313
18269,GEN,
18270,OBC-NCL,4043
18271,GEN,
18272,GEN,
18273,OBC-NCL,4044
18274,GEN,
18275,OBC-NCL,4045
18276,OBC-NCL,4046
18277,GEN,
18278,OBC-NCL,4047
18279,GEN-EWS,2314
18280,OBC-NCL,4048
18281,OBC-NCL,4049
18282,OBC-NCL,4050
18283,GEN,
18284,GEN-EWS,2315
18285,GEN,
18286,GEN,
18287,GEN,
18288,GEN,
18289,OBC-NCL,4051
18290,GEN,
18291,GEN,
18292,GEN,
18293,GEN,
18294,GEN-EWS,2316
18295,OBC-NCL,4052
18296,GEN,
18297,OBC-NCL,4053
18298,OBC-NCL,4054
18299,GEN,
18300,GEN,
18301,OBC-NCL,4055
18302,GEN,
18303,GEN,
18304,GEN,
18305,GEN,
18306,OBC-NCL,4056
18307,OBC-NCL,4057
18308,GEN,
18309,GEN,
18310,GEN,
18311,GEN-EWS,2317
18312,GEN,
18313,OBC-NCL,4058
18314,GEN,
18315,GEN,
18316,GEN,
18317,GEN,
18318,GEN,
18319,GEN,
18320,GEN-EWS,2318
18321,OBC-NCL,4059
18322,OBC-NCL,4060
18323,OBC-NCL,4061
18324,GEN,
18325,GEN,
18326,GEN,
18327,GEN,
18328,GEN,
18329,GEN,
18330,SC,417
18331,GEN,
18332,OBC-NCL,4062
18333,SC,418
18334,GEN,
18335,GEN,
18336,GEN,
18337,GEN,
18338,GEN,
18339,OBC-NCL,4063
18340,GEN,
18341,OBC-NCL,4064
18342,OBC-NCL,4065
18343,OBC-NCL,4066
18344,GEN,
18345,GEN,
18346,GEN-EWS,2319
18347,GEN,
18348,GEN,
18349,OBC-NCL,4067
18350,GEN,
18351,OBC-NCL,4068
18352,GEN,
18353,OBC-NCL,4069
18354,GEN,
18355,GEN-EWS,2320
18356,GEN,
18357,GEN-EWS,2321
18358,GEN-EWS,2322
18359,GEN,
18360,OBC-NCL,4070
18361,GEN,
18362,SC,419
18363,OBC-NCL,4071
18364,SC,420
18365,GEN,
18366,GEN,
18367,GEN,
18368,OBC-NCL,4072
18369,OBC-NCL,4073
18370,GEN,
18371,OBC-NCL,4074
18372,GEN,
18373,OBC-NCL,4075
18374,GEN,
18375,GEN,
18376,GEN,
18377,GEN,
18378,OBC-NCL,4076
18379,GEN,
18380,OBC-NCL,4077
18381,GEN,
18382,OBC-NCL,4078
18383,OBC-NCL,4079
18384,GEN-EWS,2323
18385,OBC-NCL,4080
18386,GEN,
18387,OBC-NCL,4081
18388,GEN,
18389,SC,421
18390,OBC-NCL,4082
18391,GEN,
18392,OBC-NCL,4083
18393,GEN-EWS,2324
18394,SC,422
18395,GEN,
18396,GEN,
18397,SC,423
18398,OBC-NCL,4084
18399,GEN-EWS,2325
18400,OBC-NCL,4085
18401,GEN,
18402,GEN,
18403,SC,424
18404,SC,425
18405,GEN,
18406,GEN,
18407,GEN,
18408,OBC-NCL,4086
18409,OBC-NCL,4087
18410,GEN,
18411,GEN,
18412,GEN,
18413,GEN,
18414,GEN,
18415,OBC-NCL,4088
18416,OBC-NCL,4089
18417,OBC-NCL,4090
18418,GEN,
18419,OBC-NCL,4091
18420,OBC-NCL,4092
18421,OBC-NCL,4093
18422,GEN,
18423,SC,426
18424,GEN,
18425,GEN,
18426,GEN,
18427,GEN,
18428,OBC-NCL,4094
18429,GEN,
18430,ST,95
18431,GEN,
18432,GEN-EWS,2326
18433,GEN,
18434,GEN,
18435,ST,96
18436,GEN-EWS,2327
18437,GEN,
18438,ST,97
18439,OBC-NCL,4095
18440,GEN,
18441,GEN,
18442,GEN,
18443,GEN,
18444,GEN,
18445,GEN-EWS,2328
18446,GEN,
18447,GEN,
18448,GEN-EWS,2329
18449,OBC-NCL,4096
18450,GEN,
18451,GEN-EWS,2330
18452,GEN,
18453,OBC-NCL,4097
18454,GEN,
18455,OBC-NCL,4098
18456,GEN,
18457,GEN,
18458,OBC-NCL,4099
18459,OBC-NCL,4100
18460,OBC-NCL,4101
18461,GEN,
18461,GEN,
18463,GEN,
18464,GEN,
18465,GEN,
18466,OBC-NCL,4102
18467,GEN,
18468,OBC-NCL,4103
18469,OBC-NCL,4104
18470,GEN-EWS,2331
18471,GEN,
18472,GEN-EWS,2332
18473,OBC-NCL,4105
18474,GEN,
18475,GEN,
18476,GEN,
18477,GEN-EWS,2333
18478,GEN,
18479,GEN,
18480,GEN,
18481,GEN,
18482,OBC-NCL,4106
18483,GEN,
18484,GEN,
18485,GEN,
18486,GEN,
18487,GEN-EWS,2334
18488,GEN,
18489,GEN,
18490,GEN,
18491,GEN,
18492,GEN,
18493,OBC-NCL,4107
18494,OBC-NCL,4108
18495,OBC-NCL,4109
18496,OBC-NCL,4110
18497,OBC-NCL,4111
18498,GEN-EWS,2335
18499,OBC-NCL,4112
18500,GEN,
18501,GEN,
18502,OBC-NCL,4113
18503,GEN,
18504,SC,427
18505,GEN,
18506,OBC-NCL,4114
18507,GEN-EWS,2336
18508,GEN,
18509,GEN,
18510,ST,98
18511,GEN,
18512,GEN,
18513,GEN-EWS,2337
18514,GEN-EWS,2338
18515,GEN,
18516,GEN,
18517,OBC-NCL,4115
18518,GEN,
18519,OBC-NCL,4116
18520,OBC-NCL,4117
18521,OBC-NCL,4118
18522,GEN,
18523,GEN,
18524,OBC-NCL,4119
18525,GEN,
18526,GEN,
18527,OBC-NCL,4120
18528,GEN,
18529,GEN,
18530,OBC-NCL,4121
18531,GEN,
18532,GEN,
18533,GEN-EWS,2339
18534,OBC-NCL,4122
18535,GEN,
18536,OBC-NCL,4123
18537,SC,428
18538,GEN,
18539,OBC-NCL,4124
18540,GEN,
18541,OBC-NCL,4125
18542,OBC-NCL,4126
18543,GEN,
18544,GEN,
18545,GEN,
18546,OBC-NCL,4127
18547,OBC-NCL,4128
18548,GEN,
18549,GEN-EWS,2340
18550,SC,429
18551,OBC-NCL,4129
18552,GEN,
18553,OBC-NCL,4130
18554,GEN,
18555,GEN,
18556,GEN,
18557,GEN,
18558,GEN,
18559,OBC-NCL,4131
18560,GEN,
18561,GEN,
18562,GEN,
18563,GEN,
18564,GEN,
18565,GEN,
18566,GEN-EWS,2342
18567,GEN,
18568,GEN,
18569,GEN,
18570,GEN,
18571,GEN,
18572,GEN,
18573,OBC-NCL,4132
18574,GEN,
18575,SC,430
18576,OBC-NCL,4133
18577,GEN,
18578,GEN,
18579,OBC-NCL,4134
18580,OBC-NCL,4135
18581,GEN,
18582,GEN,
18583,GEN,
18584,GEN,
18585,GEN,
18586,GEN,
18587,GEN,
18588,OBC-NCL,4136
18589,GEN,
18590,OBC-NCL,4137
18591,GEN-EWS,2343
18592,OBC-NCL,4138
18593,GEN-EWS,2345
18594,GEN-EWS,2346
18595,GEN,
18596,GEN,
18597,GEN,
18598,OBC-NCL,4139
18599,GEN-EWS,2347
18600,GEN,
18601,GEN,
18602,GEN,
18603,GEN,
18604,OBC-NCL,4140
18605,GEN,
18606,GEN,
18607,GEN-EWS,2348
18608,GEN,
18609,GEN-EWS,2349
18610,OBC-NCL,4141
18611,OBC-NCL,4142
18612,GEN-EWS,2350
18613,GEN-EWS,2351
18614,GEN,
18615,GEN,
18616,OBC-NCL,4143
18617,GEN-EWS,2352
18618,GEN,
18619,OBC-NCL,4144
18620,OBC-NCL,4145
18621,GEN,
18622,OBC-NCL,4146
18623,GEN-EWS,2353
18624,GEN,
18625,GEN-EWS,2354
18626,OBC-NCL,4147
18627,GEN,
18628,GEN,
18629,GEN-EWS,2355
18630,OBC-NCL,4148
18631,GEN,
18632,GEN-EWS,2356
18633,OBC-NCL,4149
18634,GEN,
18635,OBC-NCL,4150
18636,GEN,
18637,GEN-EWS,2357
18638,GEN-EWS,2358
18639,OBC-NCL,4151
18640,GEN-EWS,2359
18641,GEN-EWS,2360
18642,GEN,
18643,GEN,
18644,OBC-NCL,4152
18645,GEN,
18646,OBC-NCL,4153
18647,GEN,
18648,OBC-NCL,4154
18649,GEN,
18650,OBC-NCL,4155
18651,GEN,
18652,GEN,
18653,GEN,
18654,GEN,
18655,GEN,
18656,GEN,
18657,GEN,
18658,OBC-NCL,4156
18659,OBC-NCL,4157
18660,SC,431
18661,GEN-EWS,2361
18662,GEN,
18663,GEN,
18664,GEN-EWS,2362
18665,GEN,
18666,OBC-NCL,4158
18667,GEN,
18668,GEN,
18669,GEN-EWS,2363
18670,GEN,
18671,GEN-EWS,2364
18672,GEN,
18673,GEN,
18674,GEN,
18675,SC,432
18676,GEN,
18677,GEN,
18678,GEN,
18679,GEN,
18680,OBC-NCL,4159
18681,GEN-EWS,2365
18682,GEN,
18683,GEN,
18684,OBC-NCL,4160
18685,GEN,
18686,GEN,
18687,GEN,
18688,GEN,
18689,GEN,
18690,GEN,
18691,GEN-EWS,2366
18692,GEN-EWS,2367
18693,GEN,
18694,OBC-NCL,4161
18695,OBC-NCL,4162
18696,GEN,
18697,GEN,
18698,GEN,
18699,OBC-NCL,4163
18700,OBC-NCL,4164
18701,GEN,
18702,OBC-NCL,4165
18703,GEN,
18704,GEN,
18705,OBC-NCL,4166
18706,GEN,
18707,GEN,
18708,GEN-EWS,2368
18709,SC,433
18710,GEN,
18711,GEN-EWS,2369
18712,GEN,
18713,OBC-NCL,4167
18714,OBC-NCL,4168
18715,OBC-NCL,4169
18716,SC,434
18717,GEN,
18718,GEN,
18719,GEN,
18720,GEN,
18721,OBC-NCL,4170
18722,GEN,
18723,GEN,
18724,GEN,
18725,GEN,
18726,GEN-EWS,2370
18727,GEN,
18728,OBC-NCL,4171
18729,GEN,
18730,GEN,
18731,SC,435
18732,GEN-EWS,2371
18733,OBC-NCL,4172
18734,OBC-NCL,4173
18735,GEN,
18736,SC,437
18737,GEN,
18738,GEN,
18739,GEN,
18740,GEN-EWS,2372
18741,GEN,
18742,OBC-NCL,4174
18743,GEN,
18744,GEN-EWS,2373
18745,GEN-EWS,2374
18746,GEN-EWS,2375
18747,GEN,
18748,ST,99
18749,GEN,
18750,GEN,
18751,OBC-NCL,4175
18752,SC,438
18753,GEN,
18754,GEN,
18755,OBC-NCL,4176
18756,OBC-NCL,4177
18757,GEN,
18758,OBC-NCL,4178
18759,OBC-NCL,4179
18760,OBC-NCL,4180
18761,GEN-EWS,2376
18762,GEN,
18763,GEN-EWS,2377
18764,OBC-NCL,4181
18765,GEN-EWS,2378
18765,OBC-NCL,4182
18767,GEN,
18768,OBC-NCL,4183
18769,OBC-NCL,4184
18770,GEN-EWS,2379
18771,GEN,
18772,GEN,
18773,GEN,
18774,SC,439
18775,OBC-NCL,4185
18776,GEN,
18777,GEN,
18778,OBC-NCL,4186
18779,GEN,
18780,OBC-NCL,4187
18781,GEN,
18782,OBC-NCL,4188
18783,OBC-NCL,4189
18784,GEN-EWS,2380
18785,GEN-EWS,2381
18786,GEN-EWS,2382
18787,GEN-EWS,2383
18788,OBC-NCL,4190
18789,OBC-NCL,4191
18790,GEN,
18790,GEN,
18792,GEN,
18793,GEN,
18794,GEN,
18795,OBC-NCL,4192
18796,GEN,
18797,OBC-NCL,4193
18798,OBC-NCL,4194
18799,GEN,
18800,GEN-EWS,2384
18801,OBC-NCL,4195
18802,ST,100
18803,GEN,
18804,GEN-EWS,2385
18805,GEN-EWS,2386
18806,GEN,
18807,GEN,
18808,GEN,
18809,GEN,
18810,OBC-NCL,4196
18811,GEN,
18812,GEN,
18813,GEN,
18814,GEN,
18815,GEN,
18816,GEN,
18817,GEN-EWS,2387
18818,GEN-EWS,2388
18819,OBC-NCL,4197
18820,GEN,
18821,GEN,
18822,OBC-NCL,4198
18823,GEN,
18824,OBC-NCL,4199
18825,GEN-EWS,2389
18826,GEN,
18827,OBC-NCL,4200
18828,OBC-NCL,4201
18829,GEN,
18830,GEN-EWS,2390
18831,GEN,
18832,GEN,
18832,GEN-EWS,2391
18834,OBC-NCL,4202
18835,GEN,
18836,GEN,
18837,GEN,
18838,GEN,
18839,GEN,
18840,GEN-EWS,2392
18841,GEN,
18842,GEN-EWS,2393
18843,OBC-NCL,4203
18844,GEN-EWS,2394
18845,OBC-NCL,4204
18846,OBC-NCL,4205
18847,OBC-NCL,4206
18848,GEN,
18849,GEN,
18850,GEN,
18851,OBC-NCL,4207
18852,OBC-NCL,4208
18853,GEN-EWS,2395
18854,OBC-NCL,4209
18855,OBC-NCL,4210
18856,OBC-NCL,4211
18857,OBC-NCL,4212
18858,OBC-NCL,4213
18859,GEN,
18860,OBC-NCL,4214
18861,GEN,
18862,GEN,
18863,ST,101
18864,OBC-NCL,4215
18865,SC,440
18866,GEN,
18866,OBC-NCL,4216
18868,GEN,
18869,GEN,
18870,GEN,
18871,OBC-NCL,4217
18872,GEN,
18873,GEN,
18874,GEN-EWS,2396
18875,GEN,
18876,GEN-EWS,2397
18877,GEN,
18878,OBC-NCL,4218
18879,GEN,
18880,GEN-EWS,2398
18881,OBC-NCL,4219
18882,GEN-EWS,4220
18883,GEN,
18884,GEN,
18885,OBC-NCL,4221
18886,GEN,
18887,GEN,
18888,OBC-NCL,4222
18889,GEN-EWS,2399
18890,GEN-EWS,2400
18891,GEN,
18892,GEN,
18893,GEN-EWS,2401
18894,GEN,
18895,GEN-EWS,2402
18896,GEN,
18897,GEN,
18898,OBC-NCL,4223
18899,GEN,
18900,GEN,
18901,OBC-NCL,4224
18902,OBC-NCL,4225
18903,OBC-NCL,4226
18904,OBC-NCL,4227
18905,OBC-NCL,4228
18906,GEN,
18907,OBC-NCL,4229
18908,GEN,
18909,OBC-NCL,4230
18910,GEN,
18911,OBC-NCL,4231
18912,GEN,
18913,GEN,
18914,GEN-EWS,2403
18915,OBC-NCL,4232
18916,GEN,
18917,GEN,
18918,OBC-NCL,4233
18919,GEN,
18920,GEN,
18921,OBC-NCL,4234
18922,GEN-EWS,2404
18923,GEN,
18924,GEN-EWS,2405
18925,GEN,
18926,GEN,
18927,GEN,
18928,GEN,
18929,GEN,
18930,GEN-EWS,2406
18931,OBC-NCL,4235
18932,GEN,
18933,SC,441
18934,GEN,
18935,GEN,
18936,OBC-NCL,4236
18937,GEN,
18938,GEN,
18939,GEN,
18940,SC,442
18941,GEN,
18942,GEN,
18943,GEN-EWS,2407
18944,GEN-EWS,2408
18945,GEN,
18946,OBC-NCL,4237
18947,OBC-NCL,4238
18948,OBC-NCL,4239
18949,ST,102
18950,OBC-NCL,4240
18951,OBC-NCL,4241
18952,OBC-NCL,4242
18953,GEN-EWS,2409
18954,GEN,
18955,GEN,
18956,GEN,
18957,GEN-EWS,2410
18958,GEN,
18959,OBC-NCL,4243
18960,OBC-NCL,4244
18961,GEN,
18962,GEN,
18963,GEN,
18964,OBC-NCL,4245
18965,OBC-NCL,4246
18966,OBC-NCL,4247
18967,GEN-EWS,2411
18968,GEN,
18969,GEN,
18970,GEN,
18971,GEN,
18972,GEN-EWS,4248
18973,GEN,
18974,GEN,
18975,GEN,
18976,GEN,
18977,GEN,
18978,GEN,
18979,ST,103
18980,GEN,
18981,SC,443
18982,OBC-NCL,4249
18983,OBC-NCL,4250
18984,GEN,
18985,OBC-NCL,4251
18986,GEN-EWS,2412
18987,GEN,
18988,GEN,
18989,OBC-NCL,4252
18990,GEN-EWS,2413
18991,GEN-EWS,2414
18992,GEN-EWS,2415
18993,GEN,
18994,GEN,
18995,OBC-NCL,4253
18996,OBC-NCL,4254
18997,GEN,
18998,OBC-NCL,4255
18999,OBC-NCL,4256
19000,GEN,
19001,GEN,
19002,OBC-NCL,4257
19003,GEN,
19004,OBC-NCL,4258
19005,GEN,
19006,GEN,
19007,GEN-EWS,2416
19008,OBC-NCL,4259
19009,GEN,
19009,OBC-NCL,4260
19011,GEN-EWS,2417
19012,GEN,
19013,OBC-NCL,4261
19014,OBC-NCL,4262
19015,GEN,
19016,OBC-NCL,4263
19017,OBC-NCL,4264
19018,GEN,
19019,SC,444
19020,GEN,
19021,GEN,
19022,OBC-NCL,4265
19023,GEN,
19024,GEN,
19025,GEN-EWS,2418
19026,GEN,
19027,GEN-EWS,2419
19028,GEN,
19029,GEN,
19030,OBC-NCL,4266
19031,GEN-EWS,2420
19032,GEN,
19033,GEN,
19034,GEN,
19035,GEN,
19036,GEN,
19037,OBC-NCL,4267
19038,OBC-NCL,4268
19039,GEN,
19040,GEN,
19041,OBC-NCL,4269
19042,GEN,
19043,GEN,
19044,SC,445
19045,GEN,
19046,GEN,
19047,GEN,
19048,GEN,
19049,GEN,
19050,GEN,
19051,OBC-NCL,4270
19052,GEN-EWS,4271
19053,GEN,
19054,GEN,
19055,GEN,
19056,GEN,
19057,GEN,
19058,OBC-NCL,4272
19059,GEN,
19060,GEN,
19061,GEN-EWS,2421
19062,GEN,
19063,OBC-NCL,4273
19064,GEN,
19065,GEN,
19066,OBC-NCL,4274
19067,OBC-NCL,4275
19068,OBC-NCL,4276
19069,GEN,
19070,GEN,
19071,OBC-NCL,4277
19072,GEN-EWS,2422
19073,GEN,
19074,SC,446
19075,GEN-EWS,2423
19076,OBC-NCL,4278
19077,GEN-EWS,2424
19078,OBC-NCL,4279
19079,GEN,
19080,OBC-NCL,4280
19081,GEN,
19082,SC,447
19083,GEN,
19084,GEN,
19085,ST,104
19086,GEN,
19087,SC,448
19088,GEN-EWS,2425
19089,GEN,
19090,GEN-EWS,2426
19091,GEN,
19092,GEN-EWS,2427
19093,GEN,
19094,GEN,
19095,GEN,
19096,GEN-EWS,2428
19097,GEN-EWS,2429
19098,GEN,
19099,GEN-EWS,2430
19100,GEN,
19101,GEN,
19102,GEN,
19103,GEN-EWS,2431
19104,GEN,
19105,GEN,
19106,GEN,
19107,OBC-NCL,4281
19108,SC,449
19109,OBC-NCL,4282
19110,GEN,
19111,GEN,
19112,GEN,
19113,SC,450
19114,OBC-NCL,4283
19115,GEN,
19116,SC,451
19117,OBC-NCL,4284
19118,GEN,
19119,GEN,
19120,GEN,
19121,OBC-NCL,4285
19122,GEN,
19123,OBC-NCL,4286
19124,OBC-NCL,4287
19125,GEN,
19126,GEN,
19127,GEN,
19128,GEN,
19129,OBC-NCL,4288
19130,GEN,
19131,GEN,
19132,GEN-EWS,2432
19133,GEN-EWS,2433
19134,OBC-NCL,4289
19135,GEN,
19136,GEN,
19137,OBC-NCL,4290
19138,GEN,
19139,OBC-NCL,4291
19140,GEN,
19141,GEN,
19142,OBC-NCL,4292
19143,OBC-NCL,4293
19144,GEN,
19145,OBC-NCL,4294
19146,GEN,
19147,OBC-NCL,4295
19148,GEN,
19149,GEN,
19150,GEN,
19151,GEN,
19152,GEN-EWS,2434
19153,GEN,
19154,GEN,
19155,GEN,
19156,GEN-EWS,2435
19157,GEN,
19158,GEN,
19159,GEN-EWS,2436
19160,GEN,
19161,GEN,
19162,GEN-EWS,2437
19163,GEN,
19164,GEN,
19165,GEN,
19166,OBC-NCL,4296
19167,GEN,
19168,GEN-EWS,2438
19169,OBC-NCL,4297
19170,OBC-NCL,4298
19171,GEN,
19172,GEN,
19173,GEN,
19174,OBC-NCL,4299
19175,OBC-NCL,4300
19176,SC,452
19177,GEN-EWS,2439
19178,GEN-EWS,2440
19179,OBC-NCL,4301
19180,OBC-NCL,4302
19181,OBC-NCL,4303
19182,OBC-NCL,4304
19183,GEN,
19184,GEN,
19185,GEN,
19186,GEN,
19187,GEN,
19187,OBC-NCL,4305
19189,GEN,
19190,OBC-NCL,4306
19191,OBC-NCL,4307
19192,GEN,
19193,OBC-NCL,4308
19194,OBC-NCL,4309
19195,SC,453
19196,GEN,
19197,GEN-EWS,2441
19198,GEN,
19199,OBC-NCL,4310
19200,GEN,
19201,GEN,
19202,GEN,
19203,GEN-EWS,2442
19204,OBC-NCL,4311
19205,GEN,
19206,GEN,
19207,GEN,
19208,ST,106
19209,OBC-NCL,4312
19210,GEN,
19211,OBC-NCL,4313
19212,OBC-NCL,4314
19213,GEN,
19214,GEN,
19215,OBC-NCL,4315
19216,GEN,
19217,GEN,
19218,GEN-EWS,2443
19219,OBC-NCL,4316
19220,GEN,
19221,GEN,
19222,OBC-NCL,4317
19223,OBC-NCL,4318
19224,GEN,
19225,GEN,
19226,GEN,
19227,OBC-NCL,4319
19228,GEN-EWS,2444
19229,GEN,
19230,GEN,
19231,GEN,
19232,GEN,
19233,OBC-NCL,4320
19234,GEN,
19235,GEN,
19236,OBC-NCL,4321
19237,GEN-EWS,2445
19238,OBC-NCL,4322
19239,GEN,
19240,ST,107
19241,GEN,
19242,OBC-NCL,4323
19243,GEN,
19244,GEN,
19245,OBC-NCL,4324
19246,GEN,
19247,OBC-NCL,4325
19248,GEN,
19249,GEN,
19250,GEN,
19251,GEN,
19252,GEN,
19253,GEN,
19254,GEN,
19255,GEN,
19256,GEN-EWS,2446
19257,GEN-EWS,2447
19258,GEN,
19259,GEN,
19260,GEN,
19261,OBC-NCL,4326
19262,GEN,
19263,GEN-EWS,2448
19264,OBC-NCL,4327
19265,OBC-NCL,4328
19266,GEN,
19267,GEN,
19268,OBC-NCL,4329
19269,GEN,
19270,GEN,
19271,OBC-NCL,4330
19272,OBC-NCL,4331
19273,OBC-NCL,4332
19274,GEN,
19275,OBC-NCL,4333
19276,GEN,
19277,GEN,
19278,GEN,
19279,OBC-NCL,4334
19280,GEN,
19281,GEN,
19282,GEN,
19283,GEN-EWS,2449
19284,GEN,
19285,OBC-NCL,4335
19286,OBC-NCL,4336
19287,OBC-NCL,4337
19288,OBC-NCL,4338
19289,GEN-EWS,2450
19290,OBC-NCL,4339
19291,GEN,
19292,GEN-EWS,2451
19293,GEN,
19294,OBC-NCL,4340
19295,OBC-NCL,4341
19296,GEN,
19297,GEN,
19298,GEN,
19299,OBC-NCL,4342
19300,GEN,
19301,SC,454
19302,GEN-EWS,2452
19303,OBC-NCL,4343
19304,GEN,
19305,GEN-EWS,2453
19306,GEN,
19307,OBC-NCL,4344
19308,GEN,
19309,OBC-NCL,4345
19310,GEN,
19311,GEN-EWS,2454
19312,OBC-NCL,4346
19313,GEN,
19314,OBC-NCL,4347
19315,OBC-NCL,4348
19316,GEN,
19317,GEN,
19318,GEN,
19319,GEN,
19320,SC,455
19321,GEN-EWS,2455
19322,GEN,
19323,OBC-NCL,4349
19324,GEN,
19325,OBC-NCL,4350
19326,GEN,
19327,OBC-NCL,4351
19328,GEN-EWS,2456
19329,GEN-EWS,2457
19330,SC,456
19331,GEN,
19332,GEN,
19333,GEN,
19334,GEN-EWS,2458
19335,OBC-NCL,4352
19336,GEN,
19337,SC,457
19338,GEN-EWS,2459
19339,GEN,
19340,OBC-NCL,4353
19341,OBC-NCL,4354
19342,GEN,
19343,GEN,
19344,GEN-EWS,2460
19345,GEN-EWS,2461
19346,GEN-EWS,2462
19347,OBC-NCL,4355
19348,OBC-NCL,4356
19349,OBC-NCL,4357
19350,GEN,
19351,GEN,
19352,OBC-NCL,4358
19353,GEN,
19354,GEN-EWS,2463
19355,OBC-NCL,4359
19356,GEN,
19357,GEN,
19358,GEN,
19359,OBC-NCL,4360
19360,GEN,
19361,GEN,
19362,GEN,
19363,GEN-EWS,2464
19364,GEN,
19365,OBC-NCL,4361
19366,OBC-NCL,4362
19367,GEN,
19368,GEN,
19369,OBC-NCL,4363
19370,GEN,
19371,GEN,
19372,OBC-NCL,4364
19373,GEN,
19374,GEN,
19375,GEN,
19376,GEN,
19377,OBC-NCL,4365
19378,GEN,
19379,OBC-NCL,4366
19380,GEN,
19381,SC,458
19382,GEN-EWS,2465
19383,OBC-NCL,4367
19384,GEN,
19385,GEN,
19386,OBC-NCL,4368
19387,OBC-NCL,4369
19388,GEN-EWS,2466
19389,GEN,
19390,GEN,
19391,GEN-EWS,2467
19392,OBC-NCL,4370
19393,GEN,
19394,GEN-EWS,2468
19395,GEN,
19396,GEN,
19397,GEN,
19398,GEN,
19399,OBC-NCL,4371
19400,OBC-NCL,4372
19401,OBC-NCL,4373
19402,GEN,
19403,GEN-EWS,2469
19404,OBC-NCL,4374
19405,GEN,
19406,OBC-NCL,4375
19407,OBC-NCL,4376
19408,GEN,
19409,OBC-NCL,4377
19410,OBC-NCL,4378
19411,GEN,
19412,GEN-EWS,2470
19413,GEN-EWS,2471
19414,GEN,
19415,OBC-NCL,4379
19416,GEN,
19417,GEN-EWS,2472
19418,OBC-NCL,4380
19419,GEN,
19420,GEN-EWS,2473
19421,OBC-NCL,4381
19422,GEN,
19423,GEN,
19424,GEN,
19425,GEN,
19426,SC,459
19427,GEN-EWS,2474
19428,OBC-NCL,4382
19429,GEN,
19430,GEN,
19431,GEN,
19432,OBC-NCL,4383
19433,OBC-NCL,4384
19434,GEN,
19435,GEN,
19436,GEN-EWS,2475
19437,GEN,
19438,OBC-NCL,4385
19439,OBC-NCL,4386
19440,GEN,
19441,GEN,
19442,OBC-NCL,4387
19443,GEN,
19444,GEN,
19445,OBC-NCL,4388
19446,ST,108
19447,OBC-NCL,4389
19448,GEN,
19449,GEN,
19450,GEN,
19451,OBC-NCL,4390
19452,OBC-NCL,4391
19453,OBC-NCL,4392
19454,GEN,
19455,GEN-EWS,2476
19456,OBC-NCL,4393
19457,GEN,
19458,GEN,
19459,GEN,
19460,OBC-NCL,4394
19461,GEN,
19462,GEN,
19463,GEN,
19464,GEN,
19465,GEN,
19466,GEN-EWS,2477
19467,GEN,
19468,GEN,
19469,GEN,
19470,GEN,
19471,GEN,
19472,OBC-NCL,4395
19473,GEN,
19474,GEN,
19475,GEN,
19476,GEN,
19477,OBC-NCL,4396
19478,OBC-NCL,4397
19479,OBC-NCL,4398
19480,GEN,
19481,GEN,
19482,OBC-NCL,4399
19483,GEN,
19484,GEN,
19485,OBC-NCL,4400
19486,GEN,
19487,GEN-EWS,2478
19488,GEN,
19489,OBC-NCL,4401
19490,GEN,
19491,GEN,
19492,GEN-EWS,2479
19493,GEN,
19494,GEN,
19495,GEN-EWS,2480
19496,GEN,
19497,GEN,
19498,GEN-EWS,2481
19499,GEN,
19500,GEN,
19501,GEN-EWS,2482
19502,GEN-EWS,2483
19503,OBC-NCL,4402
19504,GEN,
19505,GEN-EWS,2484
19506,GEN,
19507,GEN,
19508,GEN,
19509,GEN,
19510,SC,461
19511,GEN,
19511,OBC-NCL,4403
19513,GEN,
19514,GEN,
19515,GEN-EWS,2485
19516,OBC-NCL,4404
19517,GEN-EWS,4405
19518,GEN,
19519,GEN,
19520,GEN,
19521,GEN-EWS,2486
19522,OBC-NCL,4406
19523,GEN,
19524,GEN,
19525,GEN,
19526,GEN,
19527,GEN,
19528,GEN,
19529,GEN-EWS,2487
19530,OBC-NCL,4407
19531,GEN,
19532,GEN,
19533,OBC-NCL,4408
19534,GEN,
19535,GEN,
19536,GEN-EWS,2488
19537,OBC-NCL,4409
19538,OBC-NCL,4410
19539,GEN,
19540,GEN,
19541,OBC-NCL,4411
19542,GEN,
19543,SC,462
19544,GEN,
19545,GEN,
19546,GEN,
19547,GEN-EWS,2489
19548,SC,463
19549,GEN,
19550,SC,464
19551,GEN-EWS,2490
19552,OBC-NCL,4412
19553,GEN,
19554,GEN-EWS,2491
19555,GEN,
19556,GEN-EWS,2492
19557,GEN,
19558,GEN,
19559,OBC-NCL,4413
19560,OBC-NCL,4414
19561,GEN,
19562,GEN-EWS,2493
19563,GEN-EWS,2494
19564,OBC-NCL,4415
19565,GEN,
19566,GEN,
19567,OBC-NCL,4416
19568,GEN,
19569,GEN,
19570,GEN-EWS,2495
19571,OBC-NCL,4417
19572,GEN,
19573,GEN,
19574,OBC-NCL,4418
19575,OBC-NCL,4419
19576,GEN,
19577,SC,465
19578,OBC-NCL,4420
19579,GEN-EWS,2496
19580,GEN,
19581,GEN-EWS,2497
19582,GEN,
19583,GEN,
19584,OBC-NCL,4421
19585,GEN,
19586,GEN,
19587,GEN,
19588,GEN,
19589,GEN,
19590,OBC-NCL,4422
19591,GEN,
19592,GEN,
19593,SC,466
19594,GEN,
19595,GEN,
19596,OBC-NCL,4423
19597,GEN,
19598,GEN,
19599,OBC-NCL,4424
19600,GEN,
19601,GEN,
19602,GEN-EWS,2498
19603,GEN,
19604,GEN,
19605,GEN,
19606,GEN,
19607,GEN,
19608,GEN,
19609,GEN,
19610,GEN,
19611,GEN,
19612,GEN,
19613,GEN,
19614,OBC-NCL,4425
19615,OBC-NCL,4426
19616,GEN,
19617,GEN,
19618,GEN,
19619,GEN,
19620,GEN-EWS,2499
19621,OBC-NCL,4427
19622,OBC-NCL,4428
19623,GEN,
19624,GEN,
19625,GEN,
19626,GEN,
19627,GEN,
19628,GEN,
19629,GEN,
19630,GEN,
19631,GEN-EWS,2500
19632,OBC-NCL,4429
19633,GEN-EWS,2501
19634,GEN,
19635,GEN,
19636,GEN,
19637,OBC-NCL,4430
19638,GEN,
19639,GEN,
19640,GEN,
19641,OBC-NCL,4431
19642,GEN-EWS,2502
19643,GEN,
19644,GEN,
19645,GEN,
19646,GEN,
19647,GEN,
19648,GEN,
19649,GEN,
19650,GEN,
19651,GEN,
19652,GEN,
19653,GEN,
19654,GEN,
19655,GEN,
19656,GEN,
19657,GEN-EWS,2503
19658,GEN-EWS,2504
19659,GEN,
19660,SC,467
19661,OBC-NCL,4432
19662,OBC-NCL,4433
19663,GEN,
19664,GEN-EWS,2505
19665,GEN,
19666,GEN,
19667,GEN,
19668,SC,468
19669,GEN,
19670,GEN-EWS,2506
19671,GEN,
19672,OBC-NCL,4434
19673,GEN,
19674,GEN-EWS,2507
19675,GEN,
19676,GEN,
19677,SC,469
19678,GEN,
19679,GEN,
19680,GEN,
19681,GEN,
19682,ST,28
19683,GEN,
19684,GEN,
19685,GEN,
19686,GEN,
19687,GEN-EWS,2509
19688,GEN-EWS,2510
19689,GEN,
19690,GEN,
19691,GEN,
19692,GEN,
19693,GEN,
19694,GEN,
19695,OBC-NCL,4435
19696,GEN,
19697,GEN,
19698,GEN,
19699,OBC-NCL,4436
19700,OBC-NCL,4437
19701,GEN-EWS,2511
19702,OBC-NCL,4438
19703,GEN-EWS,2512
19704,GEN,
19705,GEN,
19706,GEN,
19707,GEN,
19708,OBC-NCL,4439
19709,GEN-EWS,2513
19710,OBC-NCL,4440
19711,OBC-NCL,4441
19712,OBC-NCL,4442
19713,OBC-NCL,4443
19714,GEN,
19715,OBC-NCL,4444
19715,OBC-NCL,4444
19717,GEN,
19718,GEN,
19719,GEN,
19720,GEN-EWS,2514
19721,GEN,
19722,GEN,
19723,GEN,
19724,GEN,
19725,GEN,
19726,GEN,
19727,GEN,
19728,GEN,
19729,GEN,
19729,GEN,
19731,GEN,
19732,GEN,
19732,GEN,
19734,GEN,
19735,GEN,
19736,GEN,
19737,GEN,
19738,GEN-EWS,2515
19739,GEN,
19740,GEN,
19741,GEN,
19742,GEN,
19743,GEN,
19744,GEN,
19745,GEN,
19746,GEN,
19747,GEN,
19748,ST,109
19749,GEN,
19750,GEN,
19751,GEN-EWS,2516
19752,GEN,
19753,OBC-NCL,4446
19754,GEN,
19755,GEN,
19756,GEN-EWS,2517
19757,GEN,
19758,OBC-NCL,4447
19759,OBC-NCL,4448
19760,OBC-NCL,4449
19761,OBC-NCL,4450
19762,OBC-NCL,4451
19763,GEN,
19764,SC,470
19765,SC,471
19766,GEN,
19767,GEN,
19768,GEN-EWS,2518
19769,GEN,
19770,OBC-NCL,4452
19771,GEN,
19772,GEN,
19773,GEN,
19774,OBC-NCL,4453
19775,OBC-NCL,4454
19776,OBC-NCL,4455
19777,OBC-NCL,4456
19778,OBC-NCL,4457
19779,GEN,
19780,GEN,
19781,GEN,
19782,OBC-NCL,4458
19783,GEN,
19784,OBC-NCL,4459
19785,OBC-NCL,4460
19786,SC,472
19787,GEN,
19788,OBC-NCL,4461
19789,OBC-NCL,4462
19790,GEN,
19791,GEN,
19792,GEN,
19793,GEN,
19794,OBC-NCL,4463
19795,GEN,
19796,OBC-NCL,4464
19797,GEN,
19798,OBC-NCL,4465
19799,GEN-EWS,2519
19800,OBC-NCL,4466
19801,GEN,
19802,GEN-EWS,2520
19803,GEN,
19804,GEN-EWS,2521
19805,GEN,
19806,GEN-EWS,2522
19807,GEN-EWS,2523
19808,GEN-EWS,2524
19809,GEN,
19810,GEN,
19811,OBC-NCL,4467
19812,GEN,
19813,GEN,
19814,GEN,
19815,GEN,
19816,GEN-EWS,2525
19817,ST,110
19818,GEN-EWS,2526
19819,GEN,
19820,OBC-NCL,4468
19821,SC,473
19822,GEN,
19823,GEN,
19824,SC,474
19825,OBC-NCL,4469
19826,GEN-EWS,4470
19827,OBC-NCL,4471
19828,GEN-EWS,2527
19829,GEN,
19830,GEN,
19831,OBC-NCL,4472
19832,GEN,
19833,GEN,
19834,GEN,
19835,OBC-NCL,4473
19836,OBC-NCL,4474
19837,GEN,
19838,OBC-NCL,4475
19839,OBC-NCL,4476
19840,GEN,
19841,GEN-EWS,2528
19841,OBC-NCL,4477
19843,GEN,
19844,GEN,
19845,GEN,
19846,GEN,
19847,OBC-NCL,4478
19848,GEN,
19849,GEN,
19850,GEN-EWS,2529
19851,OBC-NCL,4479
19852,GEN,
19853,GEN,
19854,SC,475
19855,OBC-NCL,4480
19856,OBC-NCL,4481
19857,GEN,
19858,GEN,
19859,GEN-EWS,2530
19860,GEN,
19861,OBC-NCL,4482
19862,GEN,
19863,OBC-NCL,4483
19864,GEN,
19865,GEN,
19866,GEN,
19867,SC,476
19868,GEN,
19869,GEN,
19870,GEN-EWS,2532
19871,OBC-NCL,4484
19872,GEN,
19873,GEN,
19874,GEN,
19875,OBC-NCL,4485
19876,OBC-NCL,4486
19877,GEN,
19878,OBC-NCL,4487
19879,GEN,
19880,GEN-EWS,2533
19881,OBC-NCL,4488
19882,GEN,
19883,SC,477
19884,GEN,
19885,OBC-NCL,4489
19886,GEN,
19887,GEN,
19888,GEN,
19889,GEN,
19890,OBC-NCL,4490
19891,OBC-NCL,4491
19892,SC,478
19893,GEN-EWS,2534
19894,OBC-NCL,4492
19895,GEN,
19896,GEN,
19897,OBC-NCL,4493
19898,OBC-NCL,4494
19899,SC,479
19900,OBC-NCL,4495
19901,OBC-NCL,4496
19902,OBC-NCL,4497
19903,GEN,
19904,GEN-EWS,2535
19905,GEN,
19906,OBC-NCL,4498
19907,SC,480
19908,OBC-NCL,4499
19909,GEN-EWS,2536
19910,GEN,
19911,OBC-NCL,4500
19912,OBC-NCL,4501
19913,OBC-NCL,4502
19914,GEN,
19915,GEN,
19916,GEN-EWS,2537
19917,GEN,
19918,GEN,
19919,GEN,
19920,OBC-NCL,4503
19921,OBC-NCL,4504
19922,OBC-NCL,4505
19923,GEN,
19924,GEN,
19925,GEN,
19926,GEN,
19927,GEN,
19928,GEN-EWS,2538
19929,GEN,
19930,GEN,
19931,GEN-EWS,2539
19932,GEN-EWS,2540
19933,GEN,
19934,GEN,
19935,GEN-EWS,2541
19936,GEN-EWS,2542
19937,OBC-NCL,4506
19938,GEN,
19939,GEN-EWS,2543
19940,GEN-EWS,2544
19941,GEN,
19942,GEN,
19943,GEN-EWS,2545
19944,OBC-NCL,4507
19945,GEN-EWS,2546
19946,GEN,
19947,GEN,
19948,GEN,
19949,OBC-NCL,4508
19950,GEN,
19951,OBC-NCL,4509
19952,GEN,
19953,GEN,
19954,OBC-NCL,4510
19955,GEN-EWS,2547
19956,GEN,
19957,GEN,
19958,GEN-EWS,2548
19959,OBC-NCL,4511
19960,OBC-NCL,4512
19961,OBC-NCL,4513
19962,OBC-NCL,4514
19963,OBC-NCL,4515
19964,GEN-EWS,2549
19965,GEN,
19966,GEN,
19967,GEN-EWS,2550
19968,GEN-EWS,2551
19969,GEN,
19970,GEN,
19971,GEN,
19972,GEN,
19973,GEN,
19974,GEN,
19975,GEN,
19976,OBC-NCL,4516
19977,OBC-NCL,4517
19978,GEN,
19979,OBC-NCL,4518
19980,OBC-NCL,4519
19981,GEN,
19982,OBC-NCL,4520
19983,GEN,
19984,GEN,
19985,GEN,
19986,GEN,
19987,GEN,
19988,SC,481
19989,GEN,
19990,GEN-EWS,2552
19991,GEN,
19992,GEN,
19993,GEN,
19994,GEN,
19995,GEN,
19996,OBC-NCL,4521
19997,GEN-EWS,2553
19998,OBC-NCL,4522
19999,OBC-NCL,4523
20000,GEN,
20001,GEN,
20002,GEN-EWS,2554
20003,GEN,
20004,GEN,
20005,OBC-NCL,4524
20006,GEN,
20007,OBC-NCL,4525
20008,GEN,
20009,GEN,
20010,GEN,
20011,GEN,
20012,GEN,
20013,GEN-EWS,2555
20014,GEN,
20015,GEN-EWS,2556
20016,GEN,
20017,OBC-NCL,4526
20018,GEN-EWS,2557
20019,OBC-NCL,4527
20020,GEN,
20021,OBC-NCL,4528
20022,GEN,
20023,OBC-NCL,4529
20024,GEN,
20025,GEN,
20026,GEN,
20027,GEN-EWS,2558
20028,OBC-NCL,4530
20029,GEN,
20030,GEN,
20031,GEN,
20032,GEN,
20033,OBC-NCL,4531
20034,GEN,
20035,OBC-NCL,4532
20036,GEN,
20037,GEN-EWS,2559
20038,GEN-EWS,2560
20039,OBC-NCL,4533
20040,GEN,
20041,GEN,
20042,GEN-EWS,2561
20043,GEN,
20044,GEN,
20045,GEN-EWS,2562
20046,GEN,
20047,GEN,
20048,GEN,
20049,OBC-NCL,4534
20050,GEN,
20051,OBC-NCL,4535
20052,GEN,
20053,OBC-NCL,4536
20054,GEN-EWS,2563
20055,OBC-NCL,4537
20056,GEN-EWS,2564
20057,GEN,
20058,GEN,
20059,GEN,
20060,OBC-NCL,4538
20061,GEN-EWS,2565
20062,GEN,
20063,OBC-NCL,4539
20064,GEN-EWS,2566
20065,GEN,
20066,GEN,
20067,GEN,
20068,GEN-EWS,2567
20069,OBC-NCL,4540
20070,OBC-NCL,4541
20071,GEN,
20072,GEN-EWS,2568
20073,OBC-NCL,4542
20074,GEN,
20075,OBC-NCL,4543
20076,OBC-NCL,4544
20077,GEN,
20078,GEN,
20079,GEN,
20080,GEN,
20081,OBC-NCL,4545
20082,GEN,
20083,SC,482
20084,GEN,
20085,OBC-NCL,4546
20086,OBC-NCL,4547
20087,OBC-NCL,4548
20088,GEN,
20089,GEN,
20090,GEN,
20091,OBC-NCL,4549
20092,GEN,
20093,GEN,
20094,GEN,
20095,GEN,
20096,GEN-EWS,2569
20097,GEN-EWS,2570
20098,GEN,
20099,OBC-NCL,4550
20100,GEN,
20101,GEN-EWS,2571
20102,OBC-NCL,4551
20103,OBC-NCL,4552
20104,OBC-NCL,4553
20105,GEN-EWS,4554
20106,GEN-EWS,2572
20107,GEN,
20108,GEN-EWS,2573
20109,GEN,
20110,GEN,
20111,OBC-NCL,4555
20112,GEN,
20113,GEN,
20114,OBC-NCL,4556
20115,GEN-EWS,2574
20116,GEN,
20117,GEN,
20118,GEN,
20119,GEN,
20120,GEN,
20121,OBC-NCL,4557
20122,OBC-NCL,4558
20123,OBC-NCL,4559
20124,GEN,
20125,GEN,
20126,GEN,
20127,SC,483
20128,OBC-NCL,4560
20129,OBC-NCL,4561
20130,OBC-NCL,4562
20131,GEN,
20132,GEN,
20133,GEN,
20134,GEN-EWS,2575
20135,GEN,
20136,GEN,
20137,GEN,
20138,GEN,
20139,GEN,
20140,GEN,
20141,GEN,
20142,GEN,
20143,OBC-NCL,4563
20144,GEN,
20145,GEN,
20146,OBC-NCL,4564
20147,OBC-NCL,4565
20148,GEN-EWS,2576
20149,GEN,
20150,ST,29
20151,GEN,
20152,OBC-NCL,4566
20153,GEN,
20154,GEN,
20155,OBC-NCL,4567
20156,OBC-NCL,4568
20157,GEN-EWS,2577
20158,GEN,
20159,GEN-EWS,2578
20160,OBC-NCL,4569
20161,OBC-NCL,4570
20162,GEN,
20163,GEN,
20164,OBC-NCL,4571
20165,GEN,
20166,GEN,
20167,OBC-NCL,4572
20168,GEN-EWS,2579
20169,OBC-NCL,4573
20170,OBC-NCL,4574
20171,SC,484
20172,GEN-EWS,2580
20173,OBC-NCL,4575
20174,OBC-NCL,4576
20175,GEN,
20176,GEN,
20177,SC,485
20178,GEN,
20179,OBC-NCL,4577
20180,OBC-NCL,4578
20181,OBC-NCL,4579
20182,SC,486
20183,OBC-NCL,4580
20184,GEN,
20185,GEN,
20185,GEN-EWS,2581
20187,OBC-NCL,4581
20188,OBC-NCL,4582
20189,OBC-NCL,4583
20190,GEN,
20191,GEN,
20192,OBC-NCL,4584
20193,GEN-EWS,2582
20194,GEN,
20195,OBC-NCL,4585
20196,GEN,
20197,GEN,
20198,GEN-EWS,2583
20199,OBC-NCL,4586
20200,GEN,
20201,OBC-NCL,4587
20202,OBC-NCL,4588
20203,GEN-EWS,2584
20204,GEN,
20205,GEN-EWS,2585
20206,GEN-EWS,2586
20207,GEN-EWS,2587
20208,GEN,
20209,GEN-EWS,2588
20210,GEN-EWS,2589
20211,OBC-NCL,4589
20212,GEN,
20213,GEN,
20214,GEN,
20215,GEN,
20216,OBC-NCL,4590
20217,GEN,
20218,GEN-EWS,2590
20219,GEN,
20220,SC,487
20221,GEN,
20222,GEN,
20223,GEN,
20224,OBC-NCL,4591
20225,GEN,
20226,GEN-EWS,2591
20227,GEN,
20228,GEN-EWS,2592
20229,OBC-NCL,4592
20230,OBC-NCL,4593
20231,GEN,
20232,OBC-NCL,4594
20233,GEN,
20234,OBC-NCL,4595
20234,OBC-NCL,4595
20236,GEN,
20237,OBC-NCL,4597
20238,GEN,
20239,GEN,
20240,GEN-EWS,2593
20241,GEN,
20242,GEN-EWS,2594
20243,GEN,
20244,GEN,
20245,GEN,
20246,GEN,
20247,GEN,
20248,GEN,
20249,OBC-NCL,4598
20250,OBC-NCL,4599
20251,GEN,
20252,OBC-NCL,4600
20253,SC,488
20254,GEN-EWS,2595
20255,GEN-EWS,2596
20256,GEN,
20257,OBC-NCL,4601
20258,GEN,
20259,OBC-NCL,4602
20260,OBC-NCL,4603
20261,GEN,
20262,GEN,
20263,OBC-NCL,4604
20264,OBC-NCL,4605
20265,GEN-EWS,2597
20266,GEN,
20267,OBC-NCL,4606
20268,GEN-EWS,2598
20269,GEN,
20270,GEN,
20271,OBC-NCL,4607
20272,OBC-NCL,4608
20273,OBC-NCL,4609
20274,GEN-EWS,2599
20275,GEN,
20276,OBC-NCL,4610
20277,OBC-NCL,4611
20278,OBC-NCL,4612
20279,GEN,
20280,OBC-NCL,4613
20281,GEN,
20282,GEN-EWS,4614
20283,GEN-EWS,2601
20284,OBC-NCL,4615
20285,OBC-NCL,4616
20286,GEN,
20287,OBC-NCL,4617
20288,OBC-NCL,4618
20289,GEN,
20290,GEN,
20291,OBC-NCL,4619
20292,GEN,
20293,GEN,
20294,OBC-NCL,4620
20295,GEN,
20296,OBC-NCL,4621
20297,GEN,
20298,SC,489
20299,GEN,
20300,GEN,
20301,OBC-NCL,4622
20302,GEN,
20303,OBC-NCL,4623
20304,GEN,
20305,GEN,
20306,OBC-NCL,4624
20307,GEN,
20308,OBC-NCL,4625
20309,GEN-EWS,2602
20310,GEN,
20311,GEN-EWS,2603
20312,GEN-EWS,2604
20313,OBC-NCL,4626
20314,GEN,
20315,OBC-NCL,4627
20316,GEN,
20317,GEN,
20318,GEN,
20319,GEN-EWS,2605
20320,GEN-EWS,2606
20321,GEN,
20322,GEN,
20323,GEN-EWS,2607
20324,OBC-NCL,4628
20325,OBC-NCL,4629
20326,OBC-NCL,4630
20327,GEN,
20328,OBC-NCL,4631
20329,GEN,
20330,GEN,
20331,GEN,
20332,GEN,
20333,OBC-NCL,4632
20334,GEN,
20335,GEN,
20336,GEN,
20337,GEN,
20338,GEN,
20339,GEN,
20340,GEN,
20341,GEN,
20342,GEN,
20343,GEN,
20344,GEN,
20345,GEN,
20346,GEN,
20347,OBC-NCL,4633
20348,GEN,
20349,GEN,
20350,GEN,
20351,OBC-NCL,4634
20352,SC,490
20353,GEN,
20354,GEN,
20355,OBC-NCL,4635
20356,GEN,
20357,GEN-EWS,2608
20358,OBC-NCL,4636
20359,OBC-NCL,4637
20360,GEN-EWS,2609
20361,GEN,
20362,OBC-NCL,4638
20363,GEN,
20364,OBC-NCL,4639
20365,OBC-NCL,4640
20366,GEN,
20367,GEN,
20368,GEN-EWS,2610
20369,OBC-NCL,4641
20370,OBC-NCL,4642
20371,GEN,
20372,OBC-NCL,4643
20373,GEN-EWS,2611
20374,GEN,
20375,SC,491
20376,OBC-NCL,4644
20377,SC,492
20378,GEN,
20379,OBC-NCL,4645
20380,GEN,
20381,GEN,
20382,GEN,
20383,GEN,
20384,GEN,
20385,OBC-NCL,4646
20386,GEN,
20387,OBC-NCL,4647
20388,GEN,
20389,GEN,
20390,GEN-EWS,4648
20391,GEN,
20392,OBC-NCL,4649
20393,GEN-EWS,2612
20394,GEN,
20395,GEN,
20396,OBC-NCL,4650
20397,GEN,
20398,GEN-EWS,2613
20399,GEN,
20400,GEN,
20401,OBC-NCL,4651
20402,GEN,
20403,GEN,
20404,GEN,
20405,GEN-EWS,2614
20406,GEN,
20407,GEN,
20408,GEN,
20409,OBC-NCL,4652
20410,GEN,
20411,OBC-NCL,4653
20412,OBC-NCL,4654
20413,GEN,
20414,GEN,
20415,GEN,
20416,GEN,
20417,GEN,
20418,GEN,
20419,GEN,
20420,GEN,
20421,GEN,
20422,OBC-NCL,4655
20423,GEN-EWS,2615
20424,OBC-NCL,4656
20425,GEN-EWS,2616
20426,GEN,
20427,GEN,
20428,GEN,
20429,GEN,
20430,GEN,
20431,GEN,
20432,GEN-EWS,2617
20432,OBC-NCL,4657
20434,GEN,
20435,GEN,
20436,GEN-EWS,2618
20437,GEN,
20438,OBC-NCL,4658
20439,OBC-NCL,4659
20440,GEN,
20441,GEN-EWS,2619
20442,OBC-NCL,4660
20443,GEN,
20444,GEN,
20445,OBC-NCL,4661
20446,GEN,
20447,GEN-EWS,2620
20448,GEN,
20449,GEN,
20450,OBC-NCL,4662
20451,GEN,
20452,GEN-EWS,2621
20453,GEN,
20454,GEN,
20455,GEN-EWS,2622
20456,GEN,
20457,GEN,
20458,GEN,
20459,OBC-NCL,4663
20460,GEN,
20461,GEN,
20462,GEN,
20463,GEN,
20464,GEN,
20465,GEN,
20466,OBC-NCL,4664
20467,GEN,
20468,GEN,
20469,OBC-NCL,4665
20470,GEN,
20471,GEN,
20472,GEN-EWS,2623
20473,GEN,
20474,GEN-EWS,2624
20475,GEN-EWS,2625
20476,GEN,
20477,GEN,
20478,OBC-NCL,4666
20479,GEN,
20480,OBC-NCL,4667
20481,GEN,
20482,OBC-NCL,4669
20483,GEN,
20484,GEN,
20485,GEN,
20486,GEN-EWS,2626
20487,GEN,
20488,GEN,
20489,GEN-EWS,2627
20490,GEN,
20491,SC,493
20492,OBC-NCL,4670
20493,GEN,
20494,GEN,
20495,GEN,
20496,GEN-EWS,2628
20497,GEN,
20497,GEN-EWS,2629
20499,GEN,
20500,GEN-EWS,2630
20501,GEN,
20502,GEN,
20503,GEN,
20504,OBC-NCL,4671
20505,GEN,
20506,GEN,
20507,OBC-NCL,4672
20508,GEN,
20509,GEN,
20510,GEN-EWS,2631
20511,OBC-NCL,4673
20512,GEN,
20513,GEN,
20514,OBC-NCL,4674
20515,OBC-NCL,4675
20516,GEN,
20517,GEN,
20518,GEN,
20519,ST,30
20520,GEN,
20521,GEN,
20522,OBC-NCL,4677
20523,OBC-NCL,4678
20524,GEN,
20525,SC,494
20526,GEN,
20527,GEN,
20528,GEN,
20529,OBC-NCL,4679
20530,GEN,
20531,GEN,
20532,GEN-EWS,2633
20533,GEN-EWS,2634
20534,GEN,
20535,GEN-EWS,2635
20536,GEN-EWS,2636
20537,GEN,
20538,GEN-EWS,2637
20539,GEN,
20540,OBC-NCL,4680
20541,OBC-NCL,4681
20542,GEN,
20543,OBC-NCL,4682
20544,GEN,
20545,GEN,
20546,OBC-NCL,4683
20547,GEN,
20548,GEN,
20549,GEN,
20550,OBC-NCL,4684
20551,GEN,
20552,GEN,
20553,OBC-NCL,4685
20554,GEN-EWS,2638
20555,OBC-NCL,4686
20556,GEN,
20557,GEN-EWS,2639
20558,OBC-NCL,4687
20559,OBC-NCL,4688
20560,OBC-NCL,4689
20561,GEN,
20562,OBC-NCL,4690
20563,GEN,
20564,GEN,
20565,GEN-EWS,2640
20566,GEN-EWS,2641
20567,GEN,
20568,OBC-NCL,4691
20569,GEN,
20570,SC,495
20571,GEN-EWS,2642
20572,OBC-NCL,4692
20573,GEN,
20574,GEN,
20575,GEN,
20576,OBC-NCL,4693
20577,GEN,
20578,GEN-EWS,2643
20579,GEN,
20580,GEN,
20581,OBC-NCL,4694
20582,GEN,
20583,GEN,
20584,GEN,
20585,GEN,
20586,GEN,
20587,GEN,
20588,OBC-NCL,4695
20589,GEN,
20590,GEN,
20591,GEN,
20592,OBC-NCL,4696
20593,GEN,
20594,GEN,
20595,GEN,
20596,GEN,
20597,GEN,
20598,GEN,
20599,GEN,
20600,GEN,
20601,GEN,
20602,GEN,
20603,OBC-NCL,4697
20604,GEN,
20605,GEN-EWS,4698
20606,GEN,
20607,GEN,
20608,GEN,
20609,GEN,
20610,GEN,
20611,OBC-NCL,4699
20612,GEN,
20613,GEN,
20614,OBC-NCL,4700
20615,OBC-NCL,4701
20616,GEN,
20617,OBC-NCL,4702
20618,GEN,
20619,GEN,
20620,OBC-NCL,4703
20621,GEN-EWS,2645
20622,GEN,
20623,GEN,
20624,GEN-EWS,2646
20625,OBC-NCL,4704
20626,GEN-EWS,2647
20627,GEN-EWS,2648
20628,GEN,
20629,GEN,
20630,SC,496
20631,GEN,
20632,GEN,
20633,OBC-NCL,4705
20634,GEN,
20635,SC,497
20636,OBC-NCL,4706
20637,GEN-EWS,2649
20638,GEN-EWS,2650
20639,GEN-EWS,2651
20640,GEN,
20641,OBC-NCL,4707
20642,GEN,
20643,GEN,
20644,GEN,
20645,GEN,
20646,GEN,
20647,OBC-NCL,4708
20648,GEN,
20649,GEN,
20650,GEN,
20651,OBC-NCL,4709
20652,OBC-NCL,4710
20653,GEN,
20654,OBC-NCL,4711
20655,GEN,
20656,OBC-NCL,4712
20657,OBC-NCL,4713
20658,SC,498
20659,OBC-NCL,4714
20660,GEN,
20661,OBC-NCL,4715
20662,OBC-NCL,4716
20663,GEN-EWS,2652
20664,GEN-EWS,2653
20665,OBC-NCL,4717
20666,GEN,
20667,GEN-EWS,4718
20668,GEN,
20669,OBC-NCL,4719
20670,OBC-NCL,4720
20671,GEN,
20672,GEN,
20673,OBC-NCL,4721
20674,GEN,
20675,OBC-NCL,4722
20676,GEN,
20677,GEN,
20678,GEN,
20679,GEN,
20680,GEN,
20681,GEN,
20682,GEN,
20683,GEN,
20684,GEN,
20685,OBC-NCL,4723
20686,GEN,
20687,GEN,
20688,OBC-NCL,4724
20689,GEN-EWS,2654
20690,OBC-NCL,4725
20691,SC,499
20692,GEN,
20693,GEN,
20694,OBC-NCL,4726
20695,OBC-NCL,4727
20696,OBC-NCL,4728
20697,GEN,
20698,GEN,
20699,GEN,
20700,GEN,
20701,OBC-NCL,4729
20702,GEN-EWS,2655
20703,GEN,
20704,OBC-NCL,4730
20705,GEN,
20706,SC,500
20707,GEN,
20708,GEN,
20709,GEN,
20710,GEN,
20711,GEN,
20712,OBC-NCL,4731
20713,GEN,
20714,GEN,
20715,OBC-NCL,4732
20716,GEN,
20717,OBC-NCL,4733
20718,GEN,
20719,GEN,
20720,OBC-NCL,4734
20721,GEN-EWS,2656
20722,OBC-NCL,4735
20723,OBC-NCL,4736
20724,OBC-NCL,4737
20725,OBC-NCL,4738
20726,GEN-EWS,2657
20727,GEN,
20728,GEN-EWS,2658
20729,GEN-EWS,2659
20730,OBC-NCL,4739
20731,GEN-EWS,2660
20732,GEN,
20733,OBC-NCL,4740
20734,OBC-NCL,4741
20735,GEN-EWS,2661
20736,OBC-NCL,4742
20737,GEN,
20738,GEN,
20739,GEN,
20740,GEN,
20741,OBC-NCL,4743
20742,GEN,
20743,GEN,
20744,GEN,
20745,OBC-NCL,4744
20746,GEN-EWS,2662
20747,GEN,
20748,GEN,
20749,OBC-NCL,4746
20750,OBC-NCL,4747
20751,GEN,
20752,GEN-EWS,2663
20753,GEN,
20754,GEN,
20755,GEN,
20756,OBC-NCL,4748
20757,SC,501
20758,GEN,
20759,GEN-EWS,2664
20759,SC,502
20761,GEN,
20762,GEN,
20763,OBC-NCL,4749
20764,OBC-NCL,4750
20765,GEN,
20766,GEN-EWS,2666
20767,GEN,
20768,GEN-EWS,2667
20769,OBC-NCL,4751
20770,GEN-EWS,2668
20771,GEN,
20772,ST,111
20773,SC,503
20774,GEN,
20775,GEN,
20776,GEN,
20777,OBC-NCL,4752
20778,OBC-NCL,4753
20779,GEN,
20780,GEN-EWS,2669
20781,OBC-NCL,4754
20782,GEN-EWS,2670
20783,GEN,
20784,SC,504
20785,OBC-NCL,4755
20786,GEN,
20787,GEN,
20788,GEN-EWS,2671
20789,GEN,
20790,GEN,
20790,OBC-NCL,4756
20792,GEN,
20793,SC,505
20794,GEN,
20795,GEN-EWS,2672
20796,OBC-NCL,4757
20797,GEN,
20798,OBC-NCL,4758
20799,OBC-NCL,4759
20800,OBC-NCL,4760
20801,SC,506
20802,GEN,
20803,GEN,
20804,GEN,
20805,GEN,
20806,GEN,
20807,GEN,
20808,GEN,
20809,GEN,
20810,GEN,
20811,GEN,
20812,GEN,
20813,GEN,
20814,GEN,
20815,GEN-EWS,2673
20816,GEN,
20817,OBC-NCL,4761
20818,SC,507
20819,OBC-NCL,4762
20820,OBC-NCL,4763
20821,OBC-NCL,4764
20822,ST,112
20823,ST,113
20824,GEN,
20825,GEN,
20826,GEN,
20827,GEN,
20828,GEN-EWS,2674
20829,GEN,
20830,OBC-NCL,4765
20831,GEN,
20832,GEN,
20833,GEN,
20834,SC,508
20835,OBC-NCL,4766
20836,GEN,
20837,OBC-NCL,4767
20838,GEN,
20839,OBC-NCL,4768
20840,GEN,
20841,OBC-NCL,4769
20842,GEN,
20843,GEN,
20844,GEN,
20845,GEN-EWS,2675
20846,OBC-NCL,4770
20847,OBC-NCL,4771
20848,GEN,
20849,OBC-NCL,4772
20850,GEN,
20851,OBC-NCL,4773
20852,GEN,
20853,OBC-NCL,4774
20854,OBC-NCL,4775
20855,GEN,
20856,GEN,
20857,OBC-NCL,4776
20858,GEN,
20859,GEN,
20860,GEN,
20861,GEN,
20862,OBC-NCL,4777
20863,GEN-EWS,2676
20864,GEN,
20865,GEN-EWS,2677
20866,GEN,
20867,OBC-NCL,4778
20868,OBC-NCL,4779
20869,GEN,
20870,GEN,
20871,GEN,
20872,GEN,
20873,GEN,
20874,OBC-NCL,4780
20875,GEN-EWS,4781
20876,OBC-NCL,4782
20877,OBC-NCL,4783
20878,GEN-EWS,2678
20879,GEN-EWS,2679
20880,GEN,
20881,GEN-EWS,2680
20882,GEN,
20883,GEN,
20884,GEN-EWS,2681
20885,GEN,
20886,GEN-EWS,2682
20887,GEN,
20888,GEN,
20889,GEN-EWS,2683
20890,GEN,
20891,GEN-EWS,2684
20892,GEN,
20893,OBC-NCL,4784
20894,OBC-NCL,4785
20895,GEN,
20896,OBC-NCL,4786
20897,GEN,
20898,OBC-NCL,4787
20899,GEN,
20900,GEN-EWS,2685
20901,GEN,
20902,SC,509
20903,OBC-NCL,4788
20904,GEN,
20905,OBC-NCL,4789
20906,GEN,
20907,GEN,
20908,GEN,
20909,GEN,
20910,OBC-NCL,4790
20911,OBC-NCL,4791
20912,GEN,
20913,OBC-NCL,4792
20914,GEN,
20914,GEN,
20916,GEN,
20917,GEN-EWS,2686
20918,GEN-EWS,2687
20919,OBC-NCL,4793
20920,GEN,
20921,GEN,
20922,GEN,
20923,GEN,
20924,OBC-NCL,4794
20925,GEN-EWS,2688
20926,GEN-EWS,2689
20927,GEN,
20928,OBC-NCL,4795
20929,GEN,
20930,GEN,
20931,GEN,
20932,GEN,
20933,OBC-NCL,4796
20934,GEN,
20935,OBC-NCL,4797
20936,GEN,
20937,GEN,
20938,GEN-EWS,2690
20939,GEN,
20939,GEN,
20941,SC,510
20942,GEN,
20943,GEN,
20944,GEN,
20945,GEN,
20946,OBC-NCL,4798
20947,GEN-EWS,2691
20948,GEN-EWS,2692
20949,OBC-NCL,4799
20950,GEN,
20951,GEN,
20952,OBC-NCL,4800
20953,GEN-EWS,2693
20954,OBC-NCL,4801
20955,GEN,
20956,OBC-NCL,4802
20957,GEN,
20958,GEN,
20959,GEN,
20960,GEN,
20961,OBC-NCL,4803
20962,GEN,
20963,GEN,
20964,GEN,
20965,GEN,
20966,GEN,
20967,GEN,
20968,GEN,
20969,OBC-NCL,4804
20970,GEN-EWS,2694
20971,OBC-NCL,4805
20972,GEN-EWS,2695
20973,GEN,
20974,GEN,
20975,GEN-EWS,2696
20976,GEN,
20977,GEN,
20978,OBC-NCL,4806
20979,GEN-EWS,2697
20980,GEN,
20981,GEN-EWS,2698
20982,SC,512
20983,OBC-NCL,4807
20984,GEN-EWS,2699
20985,GEN,
20986,GEN-EWS,2700
20987,GEN,
20988,GEN,
20989,GEN,
20990,GEN,
20991,OBC-NCL,4808
20992,GEN,
20993,GEN,
20994,GEN,
20995,GEN,
20996,OBC-NCL,4809
20997,GEN,
20998,GEN,
20999,GEN,
21000,GEN,
21001,SC,513
21002,OBC-NCL,4810
21003,GEN,
21004,OBC-NCL,4811
21005,GEN,
21006,GEN,
21007,GEN,
21008,ST,114
21009,OBC-NCL,4812
21010,GEN,
21011,GEN,
21012,OBC-NCL,4813
21013,OBC-NCL,4814
21014,GEN,
21015,SC,514
21016,GEN,
21017,GEN,
21018,GEN-EWS,2701
21019,OBC-NCL,4815
21020,GEN,
21021,GEN,
21022,OBC-NCL,4816
21023,OBC-NCL,4817
21024,GEN,
21025,GEN,
21026,GEN,
21027,GEN-EWS,2702
21028,GEN-EWS,2703
21029,GEN,
21030,GEN,
21031,GEN,
21032,OBC-NCL,4818
21033,GEN,
21034,OBC-NCL,4819
21035,OBC-NCL,4820
21036,GEN,
21037,GEN-EWS,2704
21038,GEN-EWS,2705
21039,GEN,
21040,GEN-EWS,2706
21041,OBC-NCL,4821
21042,GEN,
21043,SC,515
21044,GEN,
21045,GEN,
21046,GEN,
21047,GEN,
21048,ST,115
21049,GEN,
21050,OBC-NCL,4822
21051,GEN,
21052,OBC-NCL,4823
21053,GEN,
21054,GEN,
21055,GEN-EWS,2707
21056,GEN-EWS,2708
21057,GEN,
21058,OBC-NCL,4824
21059,SC,516
21060,OBC-NCL,4825
21061,OBC-NCL,4826
21062,GEN,
21062,OBC-NCL,4827
21064,OBC-NCL,4828
21065,GEN,
21066,OBC-NCL,4829
21067,GEN,
21068,OBC-NCL,4830
21069,GEN,
21070,GEN,
21071,SC,517
21072,OBC-NCL,4831
21073,OBC-NCL,4834
21074,GEN,
21075,GEN-EWS,2709
21076,GEN-EWS,2710
21077,SC,518
21078,GEN,
21079,GEN,
21080,OBC-NCL,4835
21081,GEN-EWS,2711
21082,OBC-NCL,4836
21083,ST,116
21084,GEN,
21085,GEN,
21086,GEN,
21087,GEN,
21088,GEN,
21089,OBC-NCL,4837
21090,GEN,
21091,OBC-NCL,4838
21092,OBC-NCL,4839
21093,OBC-NCL,4840
21094,GEN,
21095,GEN,
21096,GEN,
21097,OBC-NCL,4841
21098,GEN-EWS,2712
21099,OBC-NCL,4842
21100,GEN,
21101,GEN,
21102,GEN-EWS,2713
21103,OBC-NCL,4843
21104,OBC-NCL,519
21105,GEN,
21106,GEN,
21107,OBC-NCL,4844
21108,GEN,
21109,OBC-NCL,4845
21110,GEN,
21111,SC,520
21112,GEN,
21113,GEN,
21114,GEN,
21115,OBC-NCL,4846
21116,GEN-EWS,2714
21117,GEN,
21118,GEN-EWS,2715
21119,GEN,
21120,OBC-NCL,4847
21121,GEN-EWS,2716
21122,GEN,
21123,GEN,
21124,OBC-NCL,4848
21125,GEN,
21126,GEN-EWS,4849
21127,GEN,
21128,GEN,
21129,GEN,
21129,GEN,
21131,OBC-NCL,4850
21132,GEN,
21133,GEN,
21134,OBC-NCL,4851
21135,GEN,
21136,GEN,
21137,OBC-NCL,4852
21138,OBC-NCL,4853
21139,GEN,
21140,GEN,
21141,GEN,
21142,GEN,
21143,OBC-NCL,4854
21144,GEN-EWS,2717
21145,GEN,
21146,GEN,
21147,GEN,
21148,OBC-NCL,4855
21149,OBC-NCL,4856
21150,GEN-EWS,2718
21151,GEN-EWS,2719
21152,OBC-NCL,4857
21153,OBC-NCL,4858
21154,GEN,
21155,GEN,
21156,OBC-NCL,4859
21157,OBC-NCL,4860
21158,ST,117
21159,GEN,
21160,OBC-NCL,4861
21161,GEN,
21162,GEN,
21163,GEN,
21164,GEN,
21165,GEN,
21166,GEN,
21167,OBC-NCL,4862
21168,GEN,
21169,GEN,
21170,GEN-EWS,2720
21171,SC,521
21172,GEN,
21173,GEN,
21174,GEN,
21175,GEN,
21176,GEN,
21177,GEN-EWS,2721
21178,GEN,
21179,GEN,
21180,GEN,
21181,GEN,
21182,GEN,
21183,OBC-NCL,4863
21184,GEN-EWS,2722
21185,GEN,
21186,GEN,
21187,OBC-NCL,4864
21188,SC,522
21189,GEN,
21190,GEN,
21191,GEN,
21192,GEN-EWS,2723
21193,GEN-EWS,2724
21194,OBC-NCL,4865
21195,GEN,
21196,OBC-NCL,4866
21197,OBC-NCL,4867
21198,GEN,
21199,GEN,
21200,GEN,
21201,GEN,
21202,GEN,
21203,OBC-NCL,4868
21204,OBC-NCL,4869
21205,GEN,
21205,GEN,
21207,GEN,
21208,GEN,
21209,GEN,
21210,OBC-NCL,4870
21211,GEN-EWS,2725
21212,GEN,
21213,GEN,
21214,OBC-NCL,4871
21215,GEN-EWS,2726
21216,GEN,
21217,OBC-NCL,4872
21218,OBC-NCL,4873
21219,GEN-EWS,2727
21220,GEN,
21221,GEN-EWS,2728
21222,GEN,
21223,GEN,
21224,OBC-NCL,4874
21225,GEN-EWS,2729
21226,GEN,
21227,GEN,
21228,GEN,
21229,OBC-NCL,4875
21230,GEN-EWS,2730
21231,GEN-EWS,2731
21232,GEN-EWS,2732
21233,OBC-NCL,4876
21234,OBC-NCL,4877
21235,SC,523
21236,GEN,
21237,GEN,
21237,OBC-NCL,4878
21239,GEN,
21240,ST,118
21241,SC,524
21242,GEN,
21243,GEN,
21244,OBC-NCL,4879
21245,OBC-NCL,4880
21246,GEN-EWS,2733
21247,GEN,
21248,GEN-EWS,2734
21249,GEN,
21250,GEN-EWS,2735
21251,GEN,
21252,OBC-NCL,4881
21253,GEN,
21254,OBC-NCL,4882
21255,OBC-NCL,4883
21256,GEN,
21257,GEN,
21258,GEN-EWS,2736
21259,OBC-NCL,4884
21260,OBC-NCL,4885
21261,GEN,
21262,GEN,
21263,GEN,
21264,GEN,
21265,GEN,
21266,GEN,
21267,GEN,
21268,OBC-NCL,4886
21269,GEN,
21270,GEN,
21271,OBC-NCL,4887
21272,GEN,
21273,OBC-NCL,4888
21274,GEN,
21275,GEN,
21276,OBC-NCL,4889
21277,GEN,
21278,GEN,
21279,OBC-NCL,4890
21280,GEN-EWS,4891
21281,OBC-NCL,4892
21282,OBC-NCL,4893
21283,GEN,
21284,GEN,
21285,OBC-NCL,4894
21286,SC,525
21287,GEN,
21288,OBC-NCL,4895
21289,GEN-EWS,2737
21290,GEN-EWS,2738
21291,GEN,
21292,GEN,
21293,GEN,
21294,GEN,
21295,GEN,
21296,GEN,
21297,OBC-NCL,4896
21298,OBC-NCL,4897
21299,OBC-NCL,4898
21300,SC,526
21301,GEN-EWS,2739
21302,GEN-EWS,2740
21303,GEN,
21304,GEN,
21305,GEN,
21306,GEN,
21307,OBC-NCL,4899
21308,OBC-NCL,4900
21309,GEN,
21310,GEN,
21311,GEN-EWS,2741
21312,GEN-EWS,2742
21313,OBC-NCL,4901
21314,GEN-EWS,2743
21315,OBC-NCL,4902
21316,GEN,
21317,OBC-NCL,4903
21318,GEN,
21319,GEN-EWS,2744
21320,GEN,
21321,GEN,
21322,SC,528
21323,GEN-EWS,2745
21324,OBC-NCL,4904
21325,GEN,
21326,GEN,
21327,GEN-EWS,2746
21328,OBC-NCL,4905
21329,OBC-NCL,4906
21330,OBC-NCL,4907
21331,GEN,
21332,GEN-EWS,2747
21333,GEN-EWS,2748
21334,GEN,
21335,SC,529
21336,GEN,
21337,GEN-EWS,2749
21338,OBC-NCL,4908
21339,GEN,
21340,GEN,
21341,GEN-EWS,2750
21342,GEN,
21343,OBC-NCL,4909
21344,GEN,
21345,GEN-EWS,2751
21346,GEN,
21347,GEN-EWS,2752
21348,OBC-NCL,4910
21349,OBC-NCL,4911
21350,GEN,
21351,OBC-NCL,4912
21352,GEN,
21353,GEN,
21354,OBC-NCL,4913
21355,GEN,
21356,GEN,
21357,OBC-NCL,4914
21358,OBC-NCL,4915
21359,GEN,
21360,GEN,
21361,GEN,
21362,GEN,
21363,GEN-EWS,2753
21364,GEN,
21365,ST,34
21366,OBC-NCL,4918
21367,GEN,
21368,GEN,
21369,GEN,
21370,GEN,
21371,GEN,
21372,OBC-NCL,4919
21373,GEN,
21374,GEN,
21375,GEN,
21376,GEN,
21377,GEN-EWS,2754
21378,OBC-NCL,4920
21379,SC,531
21380,GEN-EWS,2755
21381,GEN,
21382,OBC-NCL,4921
21383,OBC-NCL,4922
21384,GEN,
21385,OBC-NCL,4923
21386,GEN,
21387,GEN,
21388,GEN,
21389,GEN,
21390,OBC-NCL,4924
21391,OBC-NCL,4925
21392,GEN,
21393,GEN,
21394,GEN,
21395,GEN,
21396,GEN,
21397,GEN,
21398,GEN,
21399,OBC-NCL,4926
21400,SC,532
21401,GEN,
21402,GEN,
21403,GEN,
21404,GEN,
21405,GEN,
21406,GEN,
21407,GEN-EWS,2756
21408,GEN-EWS,2757
21409,GEN,
21410,GEN,
21411,GEN,
21412,SC,533
21413,GEN,
21414,GEN,
21415,GEN,
21416,GEN-EWS,2758
21417,GEN,
21418,GEN,
21419,GEN-EWS,2759
21420,GEN,
21421,GEN-EWS,2760
21422,GEN,
21423,GEN,
21424,GEN,
21425,OBC-NCL,4927
21426,OBC-NCL,4928
21427,OBC-NCL,4929
21428,OBC-NCL,4930
21429,OBC-NCL,4931
21430,GEN,
21431,GEN,
21432,OBC-NCL,4932
21433,GEN-EWS,2761
21434,GEN,
21435,GEN-EWS,2762
21436,GEN,
21437,GEN-EWS,2763
21438,GEN,
21439,GEN,
21440,GEN-EWS,2764
21441,GEN-EWS,2765
21442,OBC-NCL,4933
21443,GEN,
21444,OBC-NCL,4934
21445,GEN,
21446,GEN,
21447,GEN,
21448,GEN,
21449,GEN,
21450,OBC-NCL,4935
21451,SC,534
21452,GEN,
21453,GEN-EWS,2766
21454,GEN-EWS,2767
21455,GEN,
21456,GEN,
21457,OBC-NCL,4936
21458,GEN,
21459,GEN,
21460,GEN-EWS,2768
21461,GEN,
21462,GEN-EWS,4937
21463,OBC-NCL,4938
21464,OBC-NCL,4939
21465,OBC-NCL,4940
21466,GEN,
21467,GEN,
21468,GEN-EWS,2769
21469,OBC-NCL,4941
21470,GEN,
21471,GEN,
21472,GEN,
21473,GEN,
21474,GEN,
21475,GEN,
21476,OBC-NCL,4942
21477,GEN,
21478,GEN,
21479,GEN,
21480,GEN-EWS,2770
21481,GEN,
21482,GEN,
21483,GEN,
21484,GEN,
21485,OBC-NCL,4943
21486,GEN,
21487,GEN,
21488,GEN-EWS,2771
21489,OBC-NCL,4944
21490,GEN,
21491,OBC-NCL,4945
21492,OBC-NCL,4946
21493,GEN,
21494,OBC-NCL,4947
21495,GEN-EWS,2772
21496,OBC-NCL,4948
21497,GEN,
21498,GEN,
21499,GEN-EWS,2773
21500,GEN,
21501,OBC-NCL,4949
21502,GEN,
21503,OBC-NCL,4950
21504,GEN,
21505,GEN-EWS,2774
21506,OBC-NCL,4951
21507,GEN,
21508,GEN,
21509,GEN-EWS,2775
21510,GEN,
21511,GEN,
21512,SC,535
21513,GEN-EWS,2776
21514,GEN-EWS,2777
21515,GEN,
21516,ST,119
21517,OBC-NCL,4952
21518,GEN,
21519,GEN,
21520,GEN-EWS,2778
21521,GEN,
21522,GEN,
21523,OBC-NCL,4953
21524,GEN,
21525,GEN,
21526,GEN-EWS,2779
21527,GEN,
21528,GEN-EWS,2780
21529,GEN,
21530,GEN,
21531,GEN-EWS,2781
21532,GEN,
21533,GEN,
21534,GEN,
21535,GEN,
21536,OBC-NCL,4954
21537,GEN-EWS,2782
21538,GEN,
21539,OBC-NCL,4955
21540,GEN,
21541,GEN,
21542,OBC-NCL,4956
21543,GEN-EWS,2783
21544,GEN,
21545,SC,536
21546,GEN,
21547,OBC-NCL,4957
21548,GEN,
21549,GEN,
21550,OBC-NCL,4958
21551,GEN,
21552,GEN-EWS,2784
21553,GEN,
21554,GEN,
21555,OBC-NCL,4959
21556,GEN,
21557,GEN,
21558,GEN,
21559,OBC-NCL,4960
21560,GEN,
21561,OBC-NCL,4961
21562,GEN,
21563,OBC-NCL,4962
21564,GEN,
21565,GEN,
21566,GEN,
21567,GEN-EWS,2785
21568,GEN,
21569,OBC-NCL,4963
21570,OBC-NCL,4964
21571,GEN,
21572,GEN,
21573,GEN,
21574,GEN,
21575,GEN,
21576,GEN,
21577,GEN,
21578,OBC-NCL,4965
21579,GEN,
21580,SC,537
21581,GEN-EWS,2786
21582,GEN,
21583,GEN-EWS,2787
21584,GEN,
21585,GEN-EWS,2788
21586,GEN,
21587,OBC-NCL,4966
21588,OBC-NCL,4967
21589,GEN,
21590,GEN-EWS,2789
21591,GEN,
21592,OBC-NCL,4968
21593,SC,538
21594,OBC-NCL,4969
21595,OBC-NCL,4970
21596,OBC-NCL,4971
21597,GEN,
21598,GEN,
21599,GEN,
21600,GEN,
21601,SC,539
21602,OBC-NCL,4972
21603,OBC-NCL,4973
21604,GEN,
21605,GEN-EWS,2790
21606,GEN,
21607,OBC-NCL,4974
21608,GEN-EWS,2791
21609,GEN,
21610,OBC-NCL,4975
21611,GEN,
21612,GEN-EWS,2792
21613,GEN,
21614,OBC-NCL,4976
21615,GEN-EWS,2793
21616,GEN,
21617,GEN-EWS,2794
21618,OBC-NCL,4977
21619,GEN,
21620,GEN,
21621,GEN,
21622,GEN,
21622,GEN,
21624,GEN-EWS,2795
21624,OBC-NCL,4978
21626,OBC-NCL,4979
21627,OBC-NCL,4980
21628,OBC-NCL,4981
21629,SC,540
21630,GEN,
21631,OBC-NCL,4982
21632,GEN,
21633,OBC-NCL,4983
21634,GEN,
21635,GEN,
21636,GEN,
21637,GEN,
21638,GEN,
21639,GEN,
21640,OBC-NCL,4984
21641,OBC-NCL,4985
21642,GEN,
21643,GEN,
21644,GEN,
21645,OBC-NCL,4986
21646,GEN,
21647,GEN,
21648,OBC-NCL,4987
21649,ST,120
21650,GEN-EWS,2796
21651,GEN-EWS,2797
21652,OBC-NCL,4988
21653,GEN,
21654,GEN-EWS,2798
21655,GEN-EWS,2799
21656,GEN,
21657,GEN,
21658,OBC-NCL,4989
21659,GEN,
21660,OBC-NCL,4990
21661,GEN,
21662,GEN,
21663,OBC-NCL,4991
21664,GEN,
21665,GEN-EWS,2800
21666,GEN,
21667,GEN-EWS,2801
21668,GEN,
21669,OBC-NCL,4992
21670,GEN-EWS,2802
21671,GEN,
21672,GEN,
21673,OBC-NCL,4993
21674,GEN-EWS,2803
21675,GEN-EWS,2804
21676,GEN,
21677,OBC-NCL,4994
21678,OBC-NCL,4995
21679,OBC-NCL,4996
21680,GEN,
21681,GEN-EWS,2805
21682,SC,541
21683,OBC-NCL,4997
21684,OBC-NCL,4998
21685,GEN,
21686,GEN,
21687,GEN,
21688,GEN,
21689,GEN,
21690,GEN,
21691,GEN,
21692,OBC-NCL,4999
21693,SC,542
21694,GEN,
21695,OBC-NCL,5000
21696,GEN,
21697,GEN,
21698,OBC-NCL,5001
21699,GEN,
21700,GEN,
21701,GEN-EWS,2806
21702,SC,543
21703,OBC-NCL,5002
21704,GEN,
21705,GEN,
21706,GEN,
21707,GEN,
21708,GEN,
21709,OBC-NCL,5003
21710,OBC-NCL,5004
21711,GEN,
21712,GEN,
21713,GEN,
21714,SC,544
21715,OBC-NCL,5005
21716,GEN,
21717,GEN,
21718,GEN,
21719,ST,121
21720,GEN-EWS,2807
21721,GEN,
21722,GEN,
21723,GEN,
21724,GEN,
21725,OBC-NCL,5006
21726,GEN,
21727,GEN,
21728,GEN,
21729,OBC-NCL,5007
21730,OBC-NCL,5008
21731,OBC-NCL,5009
21732,GEN,
21733,GEN-EWS,2808
21734,OBC-NCL,5010
21735,GEN,
21736,GEN,
21737,OBC-NCL,5011
21738,OBC-NCL,5012
21739,GEN-EWS,2809
21740,OBC-NCL,5014
21741,OBC-NCL,5015
21742,GEN,
21743,OBC-NCL,5016
21744,GEN,
21745,GEN,
21746,GEN,
21747,GEN,
21748,GEN,
21749,GEN-EWS,2810
21750,GEN,
21751,ST,122
21752,GEN,
21753,GEN,
21754,OBC-NCL,5017
21755,GEN,
21756,GEN-EWS,2811
21757,GEN,
21758,GEN,
21759,GEN-EWS,2812
21760,GEN-EWS,2813
21761,OBC-NCL,5018
21762,GEN,
21763,GEN,
21764,GEN,
21765,GEN-EWS,2814
21766,OBC-NCL,5019
21767,GEN,
21768,GEN,
21769,GEN,
21770,GEN,
21771,GEN,
21772,GEN,
21772,OBC-NCL,5020
21774,GEN,
21775,GEN,
21776,OBC-NCL,5021
21777,GEN,
21778,GEN,
21779,OBC-NCL,5022
21780,GEN,
21781,GEN,
21782,GEN-EWS,2815
21783,GEN,
21784,OBC-NCL,5023
21785,SC,545
21786,GEN,
21787,ST,35
21788,GEN,
21789,GEN-EWS,2816
21790,OBC-NCL,5024
21791,GEN,
21792,OBC-NCL,5025
21793,GEN,
21794,GEN,
21795,GEN,
21796,GEN,
21797,OBC-NCL,5026
21798,OBC-NCL,5027
21799,GEN,
21800,GEN,
21801,GEN,
21802,GEN,
21803,GEN,
21804,OBC-NCL,5028
21805,GEN-EWS,5029
21806,OBC-NCL,5030
21807,GEN,
21808,GEN,
21809,OBC-NCL,5031
21810,OBC-NCL,5032
21811,OBC-NCL,5033
21812,GEN,
21813,OBC-NCL,5034
21814,GEN-EWS,2817
21815,GEN-EWS,2818
21816,GEN,
21817,GEN,
21818,GEN,
21819,GEN,
21820,GEN,
21821,OBC-NCL,5035
21822,GEN,
21823,OBC-NCL,5036
21824,GEN-EWS,2819
21825,OBC-NCL,5037
21826,GEN-EWS,2820
21827,GEN,
21828,GEN,
21829,GEN,
21830,GEN,
21831,GEN,
21832,GEN,
21833,GEN,
21834,OBC-NCL,5038
21835,OBC-NCL,5039
21836,OBC-NCL,5040
21837,GEN,
21838,GEN,
21839,GEN-EWS,2821
21840,GEN-EWS,2822
21841,SC,546
21842,GEN,
21843,GEN,
21844,GEN,
21845,OBC-NCL,5041
21846,GEN-EWS,2823
21847,GEN-EWS,2824
21848,GEN,
21849,GEN-EWS,2825
21850,GEN-EWS,5042
21851,GEN,
21852,GEN-EWS,2826
21853,GEN,
21854,GEN,
21855,GEN,
21856,GEN,
21857,GEN,
21858,GEN,
21859,GEN-EWS,2827
21860,GEN-EWS,2828
21861,GEN-EWS,2829
21862,GEN,
21863,GEN,
21864,GEN,
21865,GEN,
21866,OBC-NCL,5043
21867,GEN,
21868,OBC-NCL,5044
21869,GEN,
21870,OBC-NCL,5045
21871,GEN,
21872,OBC-NCL,5046
21873,GEN,
21874,GEN,
21875,GEN,
21876,SC,547
21877,GEN,
21878,GEN,
21879,GEN,
21880,GEN-EWS,5047
21881,OBC-NCL,5048
21882,GEN-EWS,2830
21883,GEN,
21884,GEN,
21885,OBC-NCL,5049
21886,GEN-EWS,2831
21887,GEN-EWS,2832
21888,OBC-NCL,548
21889,GEN-EWS,2833
21890,OBC-NCL,5050
21891,GEN,
21892,GEN,
21893,OBC-NCL,5051
21894,GEN,
21895,GEN,
21896,OBC-NCL,5052
21897,GEN,
21898,GEN,
21899,OBC-NCL,5053
21900,GEN,
21901,GEN,
21902,OBC-NCL,5054
21903,GEN-EWS,2834
21904,GEN,
21905,GEN-EWS,2835
21906,GEN-EWS,2836
21907,OBC-NCL,5055
21908,GEN,
21909,GEN,
21910,GEN,
21911,OBC-NCL,5056
21912,SC,549
21913,GEN,
21914,GEN,
21915,GEN,
21916,GEN,
21917,OBC-NCL,5057
21918,GEN,
21919,GEN,
21920,OBC-NCL,5058
21921,GEN,
21922,GEN,
21923,OBC-NCL,5059
21924,SC,550
21925,OBC-NCL,5060
21926,GEN,
21927,GEN,
21928,GEN,
21929,GEN,
21930,GEN,
21931,GEN,
21932,GEN-EWS,2837
21933,GEN,
21934,GEN,
21935,GEN,
21936,OBC-NCL,5061
21937,GEN,
21938,GEN-EWS,2838
21939,GEN,
21940,GEN,
21941,GEN,
21942,OBC-NCL,5062
21943,OBC-NCL,5063
21944,GEN,
21945,GEN-EWS,2839
21946,GEN-EWS,2840
21947,GEN,
21948,GEN,
21949,OBC-NCL,5064
21950,OBC-NCL,5065
21951,GEN-EWS,2841
21952,GEN-EWS,2842
21953,GEN,
21954,GEN,
21955,GEN,
21956,OBC-NCL,5066
21957,OBC-NCL,5067
21958,OBC-NCL,5068
21959,OBC-NCL,5069
21960,GEN-EWS,2843
21961,GEN,
21962,OBC-NCL,5070
21963,ST,123
21964,GEN,
21965,GEN-EWS,2844
21966,GEN,
21967,GEN,
21968,OBC-NCL,5071
21969,OBC-NCL,5072
21970,OBC-NCL,5073
21971,GEN-EWS,2845
21972,GEN,
21973,GEN,
21974,GEN,
21975,GEN,
21976,GEN-EWS,2846
21977,GEN-EWS,2847
21978,GEN,
21979,GEN,
21980,OBC-NCL,5074
21981,OBC-NCL,5075
21982,OBC-NCL,5076
21983,OBC-NCL,5077
21984,GEN,
21985,GEN-EWS,2848
21986,OBC-NCL,5078
21987,GEN-EWS,2849
21988,GEN-EWS,2850
21989,OBC-NCL,5079
21990,GEN,
21991,GEN,
21992,GEN,
21993,ST,124
21994,GEN-EWS,2851
21995,GEN,
21996,GEN,
21997,GEN,
21998,GEN-EWS,2852
21999,GEN-EWS,2853
22000,GEN-EWS,2854
22001,GEN,
22002,GEN,
22003,GEN-EWS,2855
22004,GEN-EWS,2856
22005,GEN,
22006,GEN,
22007,OBC-NCL,5080
22008,GEN,
22009,GEN,
22010,GEN,
22011,OBC-NCL,5081
22012,GEN,
22013,OBC-NCL,5082
22014,OBC-NCL,5083
22015,OBC-NCL,5084
22016,GEN,
22017,GEN-EWS,2857
22018,GEN,
22019,GEN,
22020,GEN,
22021,GEN,
22022,GEN,
22023,GEN,
22024,GEN,
22024,GEN,
22026,GEN,
22027,GEN,
22028,OBC-NCL,5085
22029,GEN,
22030,GEN,
22031,GEN,
22032,GEN,
22033,GEN,
22033,GEN-EWS,2858
22035,GEN,
22036,GEN,
22037,GEN,
22038,GEN-EWS,2859
22039,GEN-EWS,2860
22040,OBC-NCL,5086
22041,OBC-NCL,5087
22042,SC,551
22043,OBC-NCL,5088
22044,GEN,
22045,GEN,
22046,OBC-NCL,5089
22047,GEN,
22048,OBC-NCL,5090
22049,OBC-NCL,5091
22050,GEN,
22051,OBC-NCL,5092
22052,SC,552
22053,GEN-EWS,2861
22054,GEN,
22055,OBC-NCL,5093
22056,GEN,
22057,GEN-EWS,2862
22058,GEN-EWS,2863
22059,OBC-NCL,5094
22060,GEN-EWS,2864
22061,OBC-NCL,5095
22062,GEN,
22063,GEN,
22064,GEN,
22065,OBC-NCL,5096
22066,GEN,
22067,OBC-NCL,5097
22068,OBC-NCL,5098
22069,OBC-NCL,5099
22070,GEN,
22071,GEN,
22072,GEN-EWS,2865
22073,GEN,
22073,OBC-NCL,5100
22075,GEN,
22076,SC,553
22077,OBC-NCL,5101
22078,OBC-NCL,5102
22079,GEN-EWS,2866
22080,GEN-EWS,2867
22081,OBC-NCL,5103
22082,OBC-NCL,5104
22083,GEN-EWS,2868
22084,GEN,
22085,OBC-NCL,5105
22086,OBC-NCL,5106
22087,GEN,
22088,GEN,
22089,GEN,
22090,GEN,
22091,GEN,
22092,GEN,
22093,GEN,
22094,GEN,
22095,GEN,
22096,GEN,
22097,GEN,
22098,OBC-NCL,5107
22099,GEN,
22100,OBC-NCL,5108
22101,GEN,
22102,GEN-EWS,2869
22103,OBC-NCL,5109
22104,GEN,
22105,SC,554
22106,OBC-NCL,5110
22107,ST,38
22108,GEN,
22109,GEN,
22110,GEN,
22111,GEN-EWS,2870
22112,GEN,
22113,GEN,
22114,GEN,
22115,OBC-NCL,5111
22116,GEN,
22117,GEN-EWS,2871
22118,GEN,
22119,GEN,
22120,OBC-NCL,5112
22121,GEN-EWS,2872
22122,OBC-NCL,5113
22123,GEN,
22124,ST,125
22125,OBC-NCL,5114
22126,OBC-NCL,5115
22127,GEN,
22128,GEN,
22129,OBC-NCL,5116
22130,GEN,
22131,GEN,
22132,GEN,
22133,OBC-NCL,5117
22134,GEN-EWS,2873
22135,GEN,
22135,ST,126
22137,OBC-NCL,5118
22138,GEN,
22139,GEN-EWS,2874
22140,GEN,
22141,GEN,
22142,GEN-EWS,2875
22143,GEN,
22144,GEN,
22145,OBC-NCL,5119
22146,SC,555
22147,GEN,
22148,GEN,
22149,OBC-NCL,5120
22150,GEN,
22151,OBC-NCL,5121
22152,OBC-NCL,5122
22153,GEN,
22154,GEN-EWS,2876
22155,GEN,
22156,GEN,
22157,GEN-EWS,2877
22158,GEN,
22159,GEN,
22160,OBC-NCL,5123
22161,GEN-EWS,2878
22162,OBC-NCL,5124
22163,GEN,
22164,GEN,
22165,OBC-NCL,5125
22166,GEN,
22167,GEN,
22168,SC,556
22169,GEN,
22170,GEN,
22171,GEN,
22172,OBC-NCL,5126
22173,GEN,
22174,GEN-EWS,2879
22175,GEN-EWS,2880
22176,OBC-NCL,5127
22177,OBC-NCL,5128
22178,OBC-NCL,5129
22179,GEN,
22180,OBC-NCL,5130
22181,OBC-NCL,5131
22182,GEN,
22183,GEN-EWS,2881
22184,GEN,
22185,GEN,
22186,OBC-NCL,5132
22187,OBC-NCL,5133
22188,GEN,
22189,GEN-EWS,2882
22190,GEN,
22191,OBC-NCL,5135
22192,GEN,
22193,OBC-NCL,5136
22194,GEN,
22195,OBC-NCL,5137
22196,OBC-NCL,5138
22197,OBC-NCL,5139
22198,GEN,
22199,OBC-NCL,5140
22200,OBC-NCL,5141
22201,OBC-NCL,5142
22202,GEN,
22203,GEN,
22204,GEN,
22205,GEN-EWS,2883
22206,OBC-NCL,5143
22207,SC,557
22208,GEN-EWS,2884
22209,OBC-NCL,5144
22210,OBC-NCL,5145
22211,GEN,
22212,GEN,
22213,GEN,
22214,GEN-EWS,2885
22215,GEN-EWS,2886
22216,GEN,
22217,GEN,
22218,GEN-EWS,2887
22219,SC,558
22220,OBC-NCL,5146
22221,SC,559
22222,GEN-EWS,2888
22223,GEN,
22224,GEN,
22225,GEN-EWS,2889
22226,OBC-NCL,5147
22227,GEN-EWS,2890
22228,GEN,
22229,GEN,
22230,OBC-NCL,5148
22231,OBC-NCL,5149
22232,SC,560
22233,OBC-NCL,5150
22234,ST,127
22235,GEN-EWS,5151
22236,SC,561
22237,GEN,
22238,GEN-EWS,2891
22239,GEN,
22240,GEN,
22241,GEN,
22242,GEN,
22243,OBC-NCL,5152
22244,GEN,
22245,GEN,
22246,GEN,
22247,GEN,
22248,GEN-EWS,2892
22249,OBC-NCL,5153
22250,GEN,
22251,GEN,
22252,OBC-NCL,5154
22253,GEN,
22254,OBC-NCL,5155
22255,GEN-EWS,2893
22256,GEN,
22257,OBC-NCL,5156
22258,GEN,
22259,GEN,
22260,GEN,
22261,OBC-NCL,5157
22262,GEN,
22263,GEN,
22264,OBC-NCL,5158
22265,GEN-EWS,2894
22266,GEN,
22267,OBC-NCL,5159
22268,GEN,
22269,GEN-EWS,2895
22270,GEN,
22271,GEN,
22272,GEN-EWS,2896
22273,GEN,
22274,GEN,
22275,GEN,
22276,GEN-EWS,2897
22277,GEN,
22278,GEN,
22279,GEN,
22280,GEN,
22281,GEN,
22281,OBC-NCL,5160
22283,GEN-EWS,2898
22284,OBC-NCL,5161
22285,GEN,
22286,OBC-NCL,5162
22287,SC,562
22288,OBC-NCL,5163
22289,GEN,
22290,ST,128
22291,GEN,
22292,GEN,
22293,OBC-NCL,5164
22294,SC,563
22295,GEN,
22296,OBC-NCL,5165
22297,GEN,
22298,GEN-EWS,2899
22299,GEN,
22300,GEN,
22301,GEN,
22302,GEN,
22303,GEN,
22304,GEN,
22305,OBC-NCL,5166
22306,GEN,
22307,SC,564
22308,GEN,
22309,GEN,
22310,GEN-EWS,2900
22311,ST,129
22312,GEN,
22313,OBC-NCL,5167
22314,GEN,
22315,GEN,
22316,GEN,
22317,GEN-EWS,2901
22318,GEN,
22319,SC,565
22320,OBC-NCL,5168
22321,OBC-NCL,5169
22322,GEN-EWS,2902
22323,GEN,
22324,GEN,
22325,GEN,
22326,GEN-EWS,2903
22327,OBC-NCL,5170
22328,OBC-NCL,5171
22329,GEN-EWS,2904
22330,OBC-NCL,5172
22331,GEN,
22332,GEN,
22333,GEN,
22334,OBC-NCL,5173
22335,GEN,
22336,GEN,
22337,OBC-NCL,5174
22338,OBC-NCL,5175
22339,GEN-EWS,2905
22340,SC,566
22341,GEN-EWS,2906
22342,GEN,
22343,GEN,
22344,GEN,
22345,GEN,
22346,GEN,
22347,OBC-NCL,5176
22348,OBC-NCL,5177
22349,GEN,
22350,GEN,
22351,GEN,
22352,GEN,
22353,GEN-EWS,5178
22354,SC,567
22355,GEN,
22356,GEN,
22357,GEN,
22358,OBC-NCL,5179
22359,GEN,
22360,GEN,
22361,GEN-EWS,2908
22362,OBC-NCL,5180
22363,GEN,
22364,OBC-NCL,5181
22365,GEN,
22366,GEN,
22367,GEN-EWS,2909
22368,GEN,
22369,OBC-NCL,5182
22370,GEN,
22371,OBC-NCL,5183
22372,GEN-EWS,2910
22373,GEN,
22374,GEN,
22375,GEN,
22376,GEN,
22377,OBC-NCL,5184
22378,GEN,
22379,GEN,
22380,GEN,
22381,GEN,
22381,OBC-NCL,5185
22383,GEN-EWS,2911
22384,GEN,
22385,GEN,
22386,OBC-NCL,5186
22387,SC,568
22388,OBC-NCL,5187
22389,GEN,
22390,GEN-EWS,2912
22391,GEN,
22392,GEN,
22393,OBC-NCL,5188
22394,GEN,
22395,GEN-EWS,2913
22396,GEN,
22397,OBC-NCL,5189
22398,GEN,
22399,SC,569
22400,GEN-EWS,2914
22401,GEN,
22402,GEN,
22403,OBC-NCL,5190
22404,GEN,
22405,GEN-EWS,2915
22406,OBC-NCL,5191
22407,OBC-NCL,5192
22408,GEN,
22409,GEN,
22410,GEN-EWS,2916
22411,GEN,
22412,SC,570
22413,GEN,
22414,GEN,
22415,GEN,
22416,GEN-EWS,2917
22417,GEN,
22418,GEN,
22419,OBC-NCL,5193
22420,GEN,
22421,OBC-NCL,5194
22422,GEN,
22423,GEN,
22424,OBC-NCL,5195
22425,OBC-NCL,5196
22426,GEN,
22427,GEN-EWS,2918
22428,GEN-EWS,2919
22429,OBC-NCL,5197
22430,OBC-NCL,5198
22431,GEN,
22432,OBC-NCL,5199
22433,GEN-EWS,2920
22434,OBC-NCL,5200
22435,GEN,
22436,GEN,
22437,GEN,
22438,SC,571
22439,GEN-EWS,2921
22440,GEN-EWS,2922
22441,OBC-NCL,5201
22442,GEN,
22443,OBC-NCL,5202
22444,GEN,
22445,GEN,
22446,GEN-EWS,2923
22447,GEN,
22448,OBC-NCL,5203
22449,GEN,
22450,OBC-NCL,5204
22451,GEN,
22452,GEN,
22453,GEN-EWS,2924
22454,GEN,
22455,GEN,
22455,GEN,
22457,GEN-EWS,2925
22458,OBC-NCL,5205
22459,GEN-EWS,2926
22460,GEN-EWS,2927
22461,GEN,
22462,GEN-EWS,2928
22463,OBC-NCL,5206
22464,GEN,
22465,GEN,
22466,OBC-NCL,5207
22467,OBC-NCL,5208
22468,GEN,
22469,SC,572
22470,OBC-NCL,5209
22471,GEN,
22472,GEN,
22473,GEN,
22474,SC,573
22475,GEN,
22476,OBC-NCL,5210
22477,OBC-NCL,5211
22478,OBC-NCL,5212
22479,GEN,
22480,GEN,
22481,GEN,
22482,GEN,
22483,GEN,
22484,OBC-NCL,5213
22485,GEN-EWS,2929
22486,GEN,
22487,GEN-EWS,2930
22488,GEN,
22489,OBC-NCL,5214
22490,OBC-NCL,5215
22491,OBC-NCL,5216
22492,GEN-EWS,2931
22493,OBC-NCL,5217
22494,OBC-NCL,5218
22495,GEN,
22496,GEN-EWS,2932
22497,GEN,
22498,GEN,
22499,GEN-EWS,2933
22500,GEN,
22501,GEN,
22502,OBC-NCL,5219
22503,GEN,
22504,GEN-EWS,2934
22505,GEN,
22506,OBC-NCL,5220
22507,GEN,
22508,SC,575
22509,ST,130
22510,GEN,
22511,GEN-EWS,2935
22512,GEN,
22513,ST,131
22514,OBC-NCL,5221
22515,OBC-NCL,5222
22516,GEN,
22517,GEN,
22518,GEN,
22519,GEN-EWS,2936
22520,GEN,
22521,GEN,
22522,GEN,
22523,GEN,
22524,GEN,
22525,GEN,
22526,GEN,
22527,OBC-NCL,5223
22528,OBC-NCL,5224
22529,GEN-EWS,2937
22530,GEN,
22531,OBC-NCL,5225
22532,GEN,
22533,OBC-NCL,5226
22534,OBC-NCL,5227
22535,GEN,
22536,OBC-NCL,5228
22537,GEN,
22538,OBC-NCL,5229
22539,GEN,
22540,GEN,
22541,GEN-EWS,2938
22542,GEN,
22543,OBC-NCL,5230
22544,OBC-NCL,5231
22545,GEN,
22546,OBC-NCL,5232
22547,GEN,
22548,OBC-NCL,576
22549,GEN,
22550,OBC-NCL,5233
22551,GEN,
22552,GEN-EWS,2939
22553,GEN-EWS,2940
22554,GEN,
22555,GEN,
22556,OBC-NCL,5234
22557,GEN,
22558,GEN,
22559,GEN,
22560,GEN,
22560,GEN-EWS,2941
22562,GEN-EWS,2942
22563,GEN-EWS,2943
22564,GEN,
22565,OBC-NCL,5235
22566,GEN-EWS,2944
22567,GEN,
22568,GEN,
22568,GEN,
22570,GEN,
22571,GEN,
22572,OBC-NCL,5236
22573,OBC-NCL,5237
22574,OBC-NCL,5238
22575,OBC-NCL,5239
22576,GEN,
22577,GEN,
22578,OBC-NCL,5240
22579,GEN,
22580,GEN-EWS,2945
22581,OBC-NCL,5241
22582,OBC-NCL,5242
22583,GEN,
22583,OBC-NCL,5243
22585,GEN,
22586,OBC-NCL,5244
22587,OBC-NCL,5245
22588,GEN,
22589,OBC-NCL,5246
22590,OBC-NCL,5247
22591,GEN-EWS,2946
22592,GEN-EWS,2947
22593,OBC-NCL,5248
22594,OBC-NCL,5249
22595,OBC-NCL,5250
22596,SC,577
22597,GEN,
22598,GEN-EWS,2948
22599,GEN-EWS,2949
22600,GEN,
22601,OBC-NCL,5251
22602,GEN,
22603,GEN,
22604,GEN,
22605,GEN,
22606,OBC-NCL,5252
22607,OBC-NCL,5253
22608,GEN,
22609,GEN,
22610,SC,578
22611,GEN,
22612,GEN,
22613,OBC-NCL,5254
22614,GEN-EWS,2950
22615,GEN,
22616,GEN,
22617,GEN,
22618,GEN,
22619,OBC-NCL,5255
22620,OBC-NCL,5256
22621,GEN,
22622,GEN,
22623,GEN,
22624,GEN-EWS,2951
22625,GEN,
22626,OBC-NCL,5257
22627,GEN,
22628,OBC-NCL,5258
22629,GEN,
22630,OBC-NCL,5259
22631,GEN,
22632,GEN,
22633,OBC-NCL,5260
22634,SC,579
22635,GEN,
22636,GEN,
22637,GEN,
22638,OBC-NCL,5261
22639,OBC-NCL,5262
22640,GEN,
22641,OBC-NCL,5263
22642,GEN-EWS,2952
22643,GEN,
22644,OBC-NCL,5264
22645,GEN,
22646,OBC-NCL,5265
22647,SC,580
22648,GEN,
22649,OBC-NCL,5266
22650,OBC-NCL,5267
22651,OBC-NCL,5268
22652,GEN,
22653,SC,581
22654,OBC-NCL,5269
22655,GEN,
22656,GEN,
22657,OBC-NCL,5270
22658,OBC-NCL,5271
22659,GEN,
22660,OBC-NCL,5272
22660,OBC-NCL,5272
22662,SC,582
22663,OBC-NCL,5274
22664,GEN,
22665,GEN,
22665,GEN-EWS,2953
22667,OBC-NCL,5275
22668,GEN,
22669,OBC-NCL,5276
22670,GEN,
22671,GEN-EWS,2954
22672,GEN,
22673,GEN,
22674,GEN,
22675,GEN,
22676,GEN,
22677,GEN,
22678,GEN,
22679,GEN,
22680,OBC-NCL,5277
22681,GEN-EWS,2955
22682,GEN,
22683,GEN,
22684,GEN,
22685,GEN-EWS,2956
22686,GEN-EWS,2957
22687,OBC-NCL,5278
22688,GEN,
22689,GEN,
22689,GEN-EWS,2958
22691,OBC-NCL,5279
22692,OBC-NCL,5280
22693,GEN,
22694,GEN,
22695,GEN,
22696,GEN,
22697,GEN,
22698,SC,583
22699,GEN-EWS,2959
22700,GEN-EWS,2960
22701,OBC-NCL,5281
22702,GEN,
22703,GEN,
22704,GEN-EWS,2961
22705,SC,584
22706,OBC-NCL,5282
22707,OBC-NCL,5283
22708,GEN,
22709,GEN,
22710,GEN,
22711,GEN,
22712,GEN-EWS,2962
22713,SC,585
22714,GEN,
22715,OBC-NCL,5284
22716,GEN,
22717,SC,586
22718,SC,587
22719,GEN,
22720,SC,588
22721,GEN-EWS,5285
22722,GEN-EWS,2963
22723,GEN,
22724,GEN,
22725,GEN-EWS,2964
22726,GEN,
22727,GEN-EWS,2965
22728,OBC-NCL,5286
22729,OBC-NCL,5287
22730,GEN,
22731,GEN,
22732,GEN,
22733,GEN,
22734,GEN,
22735,OBC-NCL,5288
22736,OBC-NCL,5289
22737,OBC-NCL,5290
22738,OBC-NCL,5291
22739,GEN,
22740,GEN,
22741,GEN,
22742,GEN-EWS,5292
22743,GEN-EWS,2966
22744,GEN,
22745,GEN,
22746,OBC-NCL,5293
22747,GEN,
22748,GEN-EWS,2967
22749,GEN-EWS,2968
22750,GEN,
22751,GEN,
22752,GEN,
22753,SC,589
22754,SC,590
22755,GEN,
22756,OBC-NCL,5295
22757,GEN-EWS,2969
22758,OBC-NCL,5296
22759,GEN,
22760,GEN,
22761,GEN-EWS,2970
22762,GEN-EWS,2971
22763,OBC-NCL,5297
22764,GEN-EWS,2972
22765,GEN,
22766,GEN,
22767,GEN,
22768,GEN,
22769,GEN,
22770,GEN,
22771,GEN-EWS,2973
22772,GEN-EWS,2974
22773,GEN,
22774,GEN-EWS,2975
22775,GEN,
22776,GEN-EWS,2976
22777,GEN,
22778,GEN,
22779,ST,133
22780,OBC-NCL,5298
22781,GEN,
22782,GEN,
22783,OBC-NCL,5299
22784,OBC-NCL,5300
22785,GEN,
22786,OBC-NCL,5301
22787,GEN,
22788,GEN,
22789,GEN,
22790,GEN,
22791,GEN,
22792,OBC-NCL,5302
22793,OBC-NCL,5303
22794,GEN-EWS,2977
22795,GEN,
22796,GEN,
22797,GEN,
22798,OBC-NCL,5304
22799,OBC-NCL,5305
22800,GEN-EWS,2978
22801,GEN,
22802,ST,39
22803,GEN,
22804,GEN-EWS,2979
22805,GEN,
22806,GEN,
22807,GEN,
22808,GEN-EWS,2980
22809,OBC-NCL,5306
22810,OBC-NCL,5307
22811,GEN,
22812,GEN,
22813,OBC-NCL,5308
22814,GEN,
22815,GEN,
22816,GEN,
22817,GEN,
22818,GEN-EWS,2981
22819,OBC-NCL,5309
22820,GEN,
22821,GEN,
22822,GEN,
22823,GEN,
22824,OBC-NCL,5310
22825,OBC-NCL,5311
22826,GEN,
22827,GEN,
22828,GEN,
22829,GEN,
22830,GEN,
22831,OBC-NCL,5312
22832,GEN,
22833,GEN,
22834,GEN,
22835,SC,592
22836,GEN,
22837,GEN,
22838,OBC-NCL,5313
22839,GEN,
22840,GEN,
22841,GEN-EWS,2982
22842,OBC-NCL,5314
22843,GEN,
22844,GEN,
22844,GEN,
22846,GEN,
22847,OBC-NCL,5315
22848,GEN-EWS,2983
22849,GEN,
22850,OBC-NCL,5316
22851,GEN,
22852,GEN,
22853,OBC-NCL,5317
22854,GEN,
22855,GEN,
22856,GEN,
22857,GEN,
22858,GEN-EWS,2984
22859,OBC-NCL,5318
22860,GEN,
22861,SC,593
22862,OBC-NCL,5319
22863,OBC-NCL,5320
22864,GEN,
22865,GEN-EWS,2985
22866,SC,594
22867,GEN,
22868,GEN-EWS,2986
22869,GEN,
22870,OBC-NCL,5321
22871,OBC-NCL,5322
22872,OBC-NCL,5323
22873,OBC-NCL,5324
22874,GEN,
22875,GEN,
22876,GEN,
22877,GEN,
22878,GEN,
22879,GEN,
22880,GEN,
22881,GEN,
22882,GEN,
22883,GEN,
22884,ST,40
22885,OBC-NCL,5325
22886,OBC-NCL,5326
22887,SC,595
22888,OBC-NCL,5327
22889,GEN,
22890,GEN,
22891,GEN,
22892,GEN,
22893,GEN,
22894,GEN,
22895,GEN,
22896,OBC-NCL,5328
22897,GEN,
22898,GEN,
22899,GEN,
22900,GEN-EWS,2987
22901,GEN,
22902,OBC-NCL,5329
22903,GEN,
22904,SC,596
22905,GEN,
22906,GEN,
22907,GEN-EWS,2988
22908,GEN,
22909,GEN,
22910,GEN-EWS,2989
22911,GEN-EWS,2990
22912,GEN,
22913,GEN,
22914,GEN,
22915,OBC-NCL,5330
22916,OBC-NCL,5331
22917,GEN-EWS,2991
22918,GEN,
22919,GEN,
22920,GEN,
22921,OBC-NCL,5332
22922,GEN,
22923,GEN,
22924,GEN,
22925,GEN,
22926,GEN,
22927,OBC-NCL,5333
22928,OBC-NCL,5334
22929,GEN-EWS,2992
22930,GEN,
22931,GEN,
22932,GEN-EWS,2993
22933,OBC-NCL,5335
22934,GEN,
22935,GEN,
22936,GEN,
22937,GEN,
22938,GEN-EWS,2994
22939,GEN,
22940,GEN-EWS,2995
22941,OBC-NCL,5336
22942,GEN-EWS,2996
22943,GEN,
22944,GEN,
22945,GEN,
22946,GEN,
22947,GEN,
22948,GEN,
22949,GEN,
22950,OBC-NCL,5337
22951,GEN,
22952,GEN,
22953,GEN,
22954,GEN-EWS,2997
22955,GEN-EWS,2998
22956,GEN,
22957,GEN-EWS,2999
22958,GEN,
22959,GEN,
22960,GEN,
22961,GEN,
22962,GEN-EWS,3000
22963,GEN,
22964,OBC-NCL,5338
22965,OBC-NCL,5339
22966,GEN,
22967,GEN,
22968,OBC-NCL,5340
22969,GEN,
22970,OBC-NCL,5341
22971,GEN,
22972,GEN,
22973,GEN,
22974,GEN,
22975,OBC-NCL,5342
22976,GEN,
22977,GEN,
22978,OBC-NCL,5343
22979,OBC-NCL,5344
22980,GEN,
22981,GEN-EWS,3001
22982,OBC-NCL,5345
22983,GEN-EWS,3002
22984,GEN,
22985,GEN,
22986,GEN,
22987,OBC-NCL,5346
22988,GEN,
22989,GEN,
22990,OBC-NCL,5347
22991,OBC-NCL,5348
22992,GEN,
22993,GEN-EWS,3003
22994,GEN,
22995,GEN,
22996,GEN,
22997,GEN-EWS,3004
22998,OBC-NCL,5349
22999,GEN,
23000,OBC-NCL,5350
23001,GEN,
23002,GEN,
23003,GEN,
23004,OBC-NCL,5351
23005,GEN,
23006,OBC-NCL,5352
23007,GEN-EWS,3005
23008,GEN,
23009,GEN,
23010,GEN,
23011,OBC-NCL,5353
23012,OBC-NCL,5354
23013,GEN-EWS,3006
23014,GEN,
23015,SC,597
23016,OBC-NCL,5355
23017,GEN,
23018,OBC-NCL,5356
23019,GEN,
23020,OBC-NCL,5357
23021,OBC-NCL,5358
23022,GEN-EWS,3007
23023,GEN,
23023,OBC-NCL,5359
23025,SC,598
23026,OBC-NCL,5360
23027,OBC-NCL,5361
23028,GEN,
23029,OBC-NCL,5362
23030,GEN,
23031,GEN,
23032,GEN,
23033,GEN-EWS,3008
23034,OBC-NCL,5363
23035,SC,599
23036,OBC-NCL,5364
23037,GEN,
23038,OBC-NCL,5365
23039,GEN,
23040,GEN,
23041,GEN,
23042,GEN,
23043,GEN,
23044,GEN,
23045,GEN,
23046,GEN,
23047,GEN,
23048,GEN,
23049,GEN,
23050,GEN,
23051,OBC-NCL,5366
23052,GEN-EWS,3009
23053,GEN-EWS,3010
23054,OBC-NCL,5367
23055,GEN,
23056,OBC-NCL,5368
23057,GEN-EWS,3011
23058,GEN,
23059,GEN,
23060,OBC-NCL,5369
23061,GEN,
23062,GEN,
23063,SC,600
23064,GEN,
23065,OBC-NCL,5370
23066,OBC-NCL,5371
23067,OBC-NCL,5372
23068,OBC-NCL,5373
23069,GEN,
23070,GEN,
23071,GEN-EWS,3012
23072,GEN-EWS,3013
23073,GEN,
23074,GEN,
23075,GEN-EWS,3014
23076,OBC-NCL,5374
23077,GEN,
23078,GEN,
23079,OBC-NCL,5375
23080,GEN-EWS,3015
23081,OBC-NCL,5376
23082,GEN,
23083,GEN,
23084,GEN-EWS,3016
23085,OBC-NCL,5377
23086,GEN,
23087,GEN,
23088,GEN,
23089,GEN,
23090,GEN,
23091,GEN-EWS,3017
23092,GEN,
23093,GEN,
23094,SC,601
23095,GEN,
23096,GEN,
23097,GEN,
23098,OBC-NCL,5378
23099,GEN,
23100,GEN,
23101,GEN,
23102,GEN,
23103,OBC-NCL,5379
23104,GEN,
23105,GEN,
23106,GEN,
23107,GEN,
23108,GEN,
23109,GEN,
23110,GEN-EWS,3018
23111,GEN,
23112,GEN,
23113,GEN-EWS,3019
23114,GEN-EWS,3020
23115,GEN-EWS,3021
23116,OBC-NCL,5380
23117,SC,602
23118,GEN,
23119,OBC-NCL,5381
23120,GEN,
23121,GEN,
23122,GEN,
23123,OBC-NCL,5382
23124,GEN,
23125,OBC-NCL,5383
23126,OBC-NCL,5384
23127,GEN,
23128,OBC-NCL,5385
23129,GEN-EWS,3022
23130,GEN-EWS,3023
23131,GEN,
23132,OBC-NCL,5386
23133,GEN,
23134,OBC-NCL,5387
23135,OBC-NCL,5388
23136,GEN,
23137,GEN,
23138,GEN,
23139,GEN,
23140,GEN,
23141,OBC-NCL,5389
23142,GEN,
23143,OBC-NCL,5390
23144,OBC-NCL,5391
23145,OBC-NCL,5392
23146,ST,134
23147,OBC-NCL,5393
23148,GEN-EWS,5394
23149,GEN,
23150,GEN,
23151,GEN,
23152,OBC-NCL,5395
23153,GEN-EWS,3024
23154,GEN,
23155,GEN,
23156,GEN,
23157,GEN-EWS,3025
23158,OBC-NCL,5397
23159,GEN,
23160,OBC-NCL,5398
23161,OBC-NCL,5399
23162,GEN,
23163,GEN,
23164,GEN,
23165,OBC-NCL,5400
23166,GEN,
23167,OBC-NCL,5401
23168,GEN-EWS,3026
23169,OBC-NCL,5402
23170,GEN,
23171,GEN,
23172,GEN,
23173,GEN,
23174,GEN-EWS,3027
23175,GEN-EWS,3028
23176,GEN,
23177,GEN,
23178,GEN-EWS,3029
23179,GEN,
23180,GEN,
23181,GEN,
23182,OBC-NCL,5403
23183,GEN-EWS,3030
23184,OBC-NCL,5404
23185,GEN,
23186,GEN-EWS,3031
23187,GEN-EWS,3032
23188,GEN,
23189,GEN,
23190,GEN,
23191,GEN,
23192,GEN,
23193,GEN,
23194,SC,603
23195,GEN-EWS,3033
23196,OBC-NCL,5405
23197,OBC-NCL,5406
23198,SC,604
23199,OBC-NCL,5407
23200,OBC-NCL,5408
23201,GEN-EWS,3034
23202,OBC-NCL,5409
23203,OBC-NCL,5410
23204,OBC-NCL,5411
23205,OBC-NCL,5412
23206,SC,605
23207,GEN-EWS,3035
23208,GEN-EWS,3036
23209,GEN,
23210,GEN,
23211,OBC-NCL,5413
23212,GEN-EWS,3037
23213,GEN,
23214,GEN-EWS,3038
23215,GEN,
23216,GEN,
23216,GEN-EWS,3039
23218,GEN,
23219,OBC-NCL,5414
23220,GEN,
23221,OBC-NCL,5415
23222,GEN-EWS,3040
23223,GEN,
23224,GEN,
23225,OBC-NCL,5416
23226,GEN,
23227,OBC-NCL,5417
23228,OBC-NCL,5418
23229,SC,606
23230,GEN,
23231,GEN,
23232,GEN,
23233,GEN,
23234,GEN,
23235,GEN,
23236,GEN-EWS,3041
23237,GEN,
23238,GEN,
23239,GEN-EWS,3042
23240,OBC-NCL,5419
23241,GEN-EWS,3043
23242,GEN,
23243,GEN,
23244,GEN,
23245,GEN,
23246,GEN-EWS,3045
23247,GEN,
23248,GEN-EWS,3046
23249,GEN,
23250,SC,607
23251,OBC-NCL,5420
23252,GEN,
23253,ST,135
23254,GEN,
23255,GEN,
23256,GEN-EWS,3047
23257,GEN-EWS,3048
23258,GEN-EWS,3049
23259,GEN,
23260,SC,608
23261,GEN,
23262,GEN,
23263,GEN,
23264,GEN,
23265,GEN,
23266,GEN-EWS,3050
23267,GEN,
23268,SC,609
23269,ST,136
23270,OBC-NCL,5421
23271,SC,610
23272,OBC-NCL,5422
23273,SC,611
23274,OBC-NCL,5423
23275,OBC-NCL,5424
23276,OBC-NCL,5425
23277,GEN-EWS,3051
23278,OBC-NCL,5426
23279,SC,612
23280,GEN,
23281,OBC-NCL,5427
23282,OBC-NCL,5428
23283,GEN,
23284,OBC-NCL,5429
23285,GEN,
23286,GEN-EWS,3052
23286,SC,613
23288,GEN,
23289,GEN,
23290,OBC-NCL,5430
23291,GEN,
23292,GEN,
23293,ST,137
23294,GEN,
23295,GEN,
23296,GEN,
23297,OBC-NCL,5431
23298,GEN,
23299,GEN,
23300,GEN-EWS,3053
23301,SC,615
23302,GEN,
23303,SC,616
23304,GEN,
23305,GEN,
23306,OBC-NCL,5432
23307,OBC-NCL,5433
23308,GEN,
23309,GEN-EWS,3054
23310,GEN-EWS,3055
23311,GEN-EWS,3056
23312,GEN-EWS,3057
23313,GEN,
23314,GEN-EWS,3058
23315,OBC-NCL,5434
23316,GEN,
23317,GEN,
23318,GEN-EWS,3059
23319,SC,617
23320,GEN,
23321,GEN,
23322,GEN,
23323,OBC-NCL,5435
23324,GEN,
23325,GEN-EWS,3060
23326,GEN,
23327,GEN-EWS,3061
23328,GEN,
23329,GEN,
23330,GEN,
23331,GEN-EWS,3062
23332,GEN,
23333,GEN,
23334,OBC-NCL,5437
23335,GEN,
23336,GEN,
23337,GEN,
23338,GEN-EWS,3063
23339,GEN,
23340,GEN,
23341,GEN-EWS,3064
23342,OBC-NCL,5438
23343,OBC-NCL,5439
23344,GEN,
23345,GEN,
23346,GEN,
23347,SC,618
23348,OBC-NCL,5440
23349,GEN,
23350,GEN,
23351,GEN,
23352,GEN-EWS,3065
23353,GEN,
23354,GEN,
23355,GEN-EWS,3066
23356,GEN,
23357,OBC-NCL,5441
23358,GEN-EWS,3067
23359,GEN,
23360,GEN-EWS,3068
23361,OBC-NCL,5442
23362,GEN,
23363,GEN,
23364,GEN,
23365,OBC-NCL,5443
23366,SC,619
23367,GEN,
23368,GEN,
23369,OBC-NCL,5444
23370,GEN,
23371,GEN,
23372,GEN,
23373,GEN,
23374,ST,138
23375,GEN,
23376,GEN,
23377,OBC-NCL,5445
23378,GEN,
23379,GEN,
23380,GEN,
23381,GEN,
23382,GEN,
23383,GEN,
23384,OBC-NCL,5446
23385,GEN,
23386,GEN-EWS,3069
23387,GEN,
23388,OBC-NCL,5447
23389,SC,620
23390,GEN,
23391,GEN,
23392,OBC-NCL,5448
23393,GEN,
23394,GEN,
23395,GEN,
23396,GEN,
23397,GEN,
23398,OBC-NCL,5449
23399,GEN-EWS,3070
23400,GEN,
23401,GEN,
23402,GEN,
23403,GEN,
23404,GEN,
23405,OBC-NCL,5450
23406,GEN,
23407,OBC-NCL,5451
23408,OBC-NCL,5452
23409,GEN,
23410,GEN,
23411,GEN,
23412,OBC-NCL,5453
23413,GEN,
23414,ST,139
23415,GEN,
23416,OBC-NCL,5454
23417,GEN-EWS,3071
23418,OBC-NCL,5455
23419,GEN,
23420,GEN,
23421,SC,621
23422,GEN-EWS,3072
23423,OBC-NCL,5456
23424,GEN,
23425,GEN,
23426,GEN,
23427,GEN,
23428,SC,622
23429,OBC-NCL,5457
23430,GEN,
23431,GEN,
23432,OBC-NCL,5458
23433,GEN,
23434,OBC-NCL,5459
23435,OBC-NCL,5460
23436,OBC-NCL,5461
23437,GEN,
23438,GEN,
23439,GEN,
23440,GEN-EWS,3073
23441,GEN,
23442,GEN,
23443,GEN,
23444,OBC-NCL,5462
23445,OBC-NCL,5463
23446,GEN,
23447,GEN,
23448,GEN-EWS,3074
23449,GEN,
23450,GEN,
23451,GEN,
23452,GEN,
23453,GEN-EWS,3075
23454,GEN,
23455,GEN,
23456,GEN,
23457,OBC-NCL,5464
23458,GEN,
23459,ST,140
23460,GEN,
23461,OBC-NCL,5465
23462,GEN-EWS,3076
23463,GEN,
23464,OBC-NCL,5466
23465,GEN,
23466,GEN-EWS,3077
23467,GEN,
23468,OBC-NCL,5467
23469,SC,623
23470,GEN,
23471,OBC-NCL,5468
23472,GEN,
23473,GEN,
23474,GEN,
23475,GEN,
23476,GEN,
23477,GEN,
23478,GEN,
23479,GEN,
23480,OBC-NCL,5469
23481,OBC-NCL,5470
23482,GEN,
23483,GEN,
23484,GEN,
23485,OBC-NCL,5471
23486,GEN,
23487,GEN,
23488,GEN,
23489,GEN,
23490,GEN,
23491,GEN-EWS,3079
23492,OBC-NCL,5472
23493,GEN,
23494,OBC-NCL,5473
23495,GEN-EWS,3080
23496,GEN,
23497,OBC-NCL,5474
23498,GEN,
23499,GEN,
23500,OBC-NCL,5475
23501,SC,624
23502,OBC-NCL,5476
23503,GEN-EWS,3081
23504,OBC-NCL,5477
23505,GEN,
23506,GEN,
23507,OBC-NCL,5478
23508,GEN,
23509,OBC-NCL,5479
23510,OBC-NCL,5480
23511,OBC-NCL,5481
23512,GEN,
23513,GEN,
23514,GEN,
23515,OBC-NCL,5482
23516,GEN,
23517,OBC-NCL,5483
23518,GEN-EWS,3082
23519,GEN,
23520,OBC-NCL,5484
23521,GEN-EWS,3083
23522,GEN,
23523,GEN,
23524,GEN,
23525,GEN,
23526,GEN-EWS,3084
23527,GEN,
23528,OBC-NCL,5485
23529,GEN-EWS,3085
23530,GEN,
23531,GEN-EWS,3086
23532,GEN,
23533,GEN,
23534,GEN,
23535,GEN,
23536,GEN,
23537,GEN,
23538,GEN-EWS,3087
23539,GEN,
23540,OBC-NCL,5486
23541,GEN,
23542,GEN,
23543,GEN,
23544,OBC-NCL,5487
23545,GEN,
23546,GEN-EWS,3088
23547,GEN,
23548,GEN-EWS,3089
23549,SC,625
23550,OBC-NCL,5488
23551,GEN,
23552,GEN,
23553,OBC-NCL,5489
23554,OBC-NCL,5490
23555,GEN,
23556,GEN,
23557,GEN,
23558,GEN,
23559,GEN-EWS,5491
23560,GEN,
23561,SC,626
23562,OBC-NCL,5492
23563,GEN,
23564,OBC-NCL,5493
23565,GEN,
23566,GEN-EWS,3090
23567,GEN,
23568,OBC-NCL,5494
23569,GEN,
23570,GEN,
23571,GEN,
23572,GEN-EWS,3091
23573,GEN,
23574,OBC-NCL,5495
23575,GEN-EWS,3092
23576,GEN,
23576,GEN,
23578,GEN-EWS,3093
23579,OBC-NCL,5496
23580,OBC-NCL,5497
23581,GEN,
23582,OBC-NCL,5498
23583,GEN,
23584,GEN,
23585,OBC-NCL,5499
23586,OBC-NCL,5500
23587,GEN,
23588,GEN,
23589,OBC-NCL,5501
23590,OBC-NCL,5502
23591,OBC-NCL,5503
23592,GEN,
23593,GEN,
23594,GEN-EWS,3094
23595,OBC-NCL,5504
23596,GEN,
23597,GEN,
23598,OBC-NCL,5505
23599,OBC-NCL,5506
23600,GEN,
23601,GEN-EWS,3095
23602,GEN,
23603,GEN,
23604,OBC-NCL,5507
23605,OBC-NCL,5508
23606,GEN,
23607,OBC-NCL,5509
23608,GEN,
23608,GEN,
23610,GEN-EWS,3096
23611,OBC-NCL,5510
23612,GEN,
23613,GEN,
23614,GEN,
23615,GEN,
23616,OBC-NCL,5511
23617,OBC-NCL,5512
23618,GEN-EWS,3097
23619,GEN-EWS,3098
23620,GEN,
23621,GEN-EWS,3099
23622,GEN,
23623,GEN-EWS,3100
23624,OBC-NCL,5513
23625,GEN,
23626,GEN,
23627,GEN,
23628,GEN-EWS,3101
23629,GEN,
23630,GEN,
23631,GEN-EWS,3102
23632,OBC-NCL,5514
23633,GEN,
23634,OBC-NCL,5515
23635,GEN,
23636,GEN-EWS,3103
23637,GEN,
23638,OBC-NCL,5516
23639,GEN-EWS,3104
23640,OBC-NCL,5517
23641,GEN,
23642,GEN-EWS,3105
23643,GEN,
23644,GEN-EWS,3106
23645,SC,627
23646,GEN-EWS,3107
23647,OBC-NCL,5518
23648,OBC-NCL,5519
23649,GEN,
23650,OBC-NCL,5520
23651,GEN,
23652,GEN,
23653,GEN,
23654,GEN,
23655,GEN,
23656,GEN,
23657,SC,628
23658,GEN,
23659,OBC-NCL,5521
23660,GEN,
23661,GEN-EWS,3108
23662,OBC-NCL,5522
23663,OBC-NCL,5523
23664,GEN,
23665,OBC-NCL,5524
23666,GEN-EWS,3109
23667,OBC-NCL,5525
23668,GEN-EWS,3110
23669,GEN,
23670,GEN,
23671,OBC-NCL,5526
23672,GEN,
23673,GEN,
23674,GEN-EWS,3111
23675,GEN,
23676,GEN,
23677,OBC-NCL,5527
23678,GEN,
23679,SC,629
23680,GEN-EWS,3112
23681,GEN,
23682,GEN-EWS,3113
23683,GEN,
23684,GEN,
23685,GEN,
23685,OBC-NCL,5528
23687,OBC-NCL,5529
23688,OBC-NCL,5530
23689,OBC-NCL,5531
23690,OBC-NCL,5532
23691,GEN,
23692,OBC-NCL,5533
23693,OBC-NCL,5534
23694,OBC-NCL,5535
23695,OBC-NCL,5536
23696,OBC-NCL,5537
23697,OBC-NCL,5538
23698,GEN,
23699,GEN,
23700,GEN,
23701,SC,630
23702,GEN-EWS,3114
23703,GEN,
23704,GEN,
23705,GEN,
23706,GEN,
23707,GEN,
23708,OBC-NCL,5539
23709,OBC-NCL,5540
23710,GEN,
23711,GEN,
23712,OBC-NCL,5541
23713,GEN,
23714,GEN,
23715,GEN-EWS,3115
23716,GEN-EWS,3116
23717,ST,141
23718,GEN,
23719,OBC-NCL,5542
23720,GEN,
23721,SC,631
23722,GEN,
23723,OBC-NCL,5543
23724,OBC-NCL,5544
23725,GEN,
23726,OBC-NCL,5545
23727,OBC-NCL,5546
23728,SC,632
23729,GEN,
23730,GEN-EWS,3118
23731,OBC-NCL,5547
23732,GEN,
23733,GEN-EWS,3119
23734,GEN,
23735,GEN,
23736,OBC-NCL,5548
23737,GEN,
23738,GEN,
23739,OBC-NCL,5549
23740,GEN-EWS,3120
23741,OBC-NCL,5550
23742,GEN,
23743,GEN,
23744,OBC-NCL,5551
23745,GEN,
23746,GEN,
23747,SC,633
23748,GEN,
23749,GEN,
23750,GEN-EWS,3121
23751,GEN,
23752,GEN,
23753,GEN-EWS,3122
23754,OBC-NCL,5552
23755,GEN,
23756,GEN,
23757,OBC-NCL,5553
23758,GEN,
23759,OBC-NCL,5554
23760,GEN-EWS,3123
23761,GEN,
23762,GEN,
23763,GEN,
23764,GEN,
23765,OBC-NCL,5555
23766,SC,634
23767,GEN-EWS,3124
23768,GEN,
23769,GEN,
23770,SC,635
23771,OBC-NCL,5556
23772,GEN,
23773,GEN,
23774,GEN,
23775,GEN,
23776,GEN,
23777,OBC-NCL,5557
23778,GEN-EWS,3125
23779,GEN,
23780,GEN,
23781,GEN,
23782,ST,142
23783,GEN,
23784,GEN,
23785,GEN,
23786,GEN,
23787,GEN,
23788,GEN,
23789,GEN,
23790,GEN,
23791,GEN,
23792,OBC-NCL,5559
23793,OBC-NCL,5560
23794,GEN,
23795,GEN,
23796,GEN,
23797,GEN,
23798,OBC-NCL,5561
23799,GEN,
23800,OBC-NCL,5562
23801,GEN,
23802,OBC-NCL,5563
23803,OBC-NCL,5564
23804,GEN,
23805,OBC-NCL,5565
23806,GEN,
23807,OBC-NCL,5566
23808,GEN-EWS,3126
23809,GEN-EWS,3127
23810,GEN,
23811,OBC-NCL,5567
23812,GEN,
23813,GEN-EWS,3128
23814,GEN,
23815,OBC-NCL,5568
23816,GEN,
23817,OBC-NCL,5569
23818,GEN-EWS,3129
23819,GEN-EWS,3130
23820,OBC-NCL,5570
23821,GEN,
23822,GEN,
23823,GEN,
23824,GEN,
23825,GEN-EWS,3131
23826,GEN,
23827,GEN-EWS,3132
23828,GEN,
23829,OBC-NCL,5571
23830,GEN,
23831,OBC-NCL,5572
23832,GEN,
23833,GEN,
23834,GEN,
23835,OBC-NCL,5573
23836,GEN,
23837,GEN,
23838,GEN,
23839,OBC-NCL,5574
23840,GEN,
23841,GEN,
23842,GEN,
23843,OBC-NCL,5575
23844,GEN,
23845,GEN,
23846,SC,636
23847,GEN-EWS,3133
23848,GEN,
23849,GEN-EWS,3134
23850,OBC-NCL,5576
23851,GEN,
23852,GEN,
23853,GEN,
23854,GEN,
23855,GEN,
23856,GEN,
23857,OBC-NCL,5577
23858,OBC-NCL,5578
23859,GEN,
23860,GEN,
23861,GEN,
23862,GEN,
23863,GEN,
23864,GEN,
23865,GEN-EWS,3135
23866,GEN,
23867,OBC-NCL,5579
23868,GEN-EWS,3136
23869,GEN,
23870,GEN,
23871,GEN,
23872,GEN,
23873,GEN-EWS,3138
23874,OBC-NCL,5580
23875,OBC-NCL,5581
23876,GEN,
23877,GEN-EWS,3139
23878,GEN,
23879,GEN,
23880,GEN,
23881,GEN,
23882,GEN,
23883,GEN,
23884,OBC-NCL,5582
23885,GEN-EWS,3140
23886,OBC-NCL,5583
23887,GEN,
23888,GEN,
23889,GEN,
23890,GEN-EWS,3141
23891,GEN-EWS,3142
23892,OBC-NCL,5584
23893,OBC-NCL,5585
23894,GEN,
23895,GEN,
23896,GEN,
23897,OBC-NCL,5586
23898,GEN,
23899,GEN,
23900,GEN-EWS,3143
23901,GEN-EWS,3144
23902,GEN,
23903,GEN,
23904,GEN,
23905,GEN,
23906,OBC-NCL,5587
23907,GEN,
23908,GEN-EWS,3145
23909,OBC-NCL,5588
23910,GEN,
23911,OBC-NCL,5589
23912,OBC-NCL,5590
23913,OBC-NCL,5591
23914,GEN,
23915,OBC-NCL,5592
23916,OBC-NCL,5593
23917,OBC-NCL,5594
23918,GEN,
23919,GEN-EWS,3146
23920,OBC-NCL,5595
23921,GEN,
23922,GEN,
23923,GEN,
23924,GEN-EWS,3147
23925,GEN,
23926,GEN,
23927,GEN,
23928,SC,637
23929,GEN,
23930,OBC-NCL,5596
23931,GEN,
23932,OBC-NCL,5597
23933,GEN,
23934,GEN,
23935,OBC-NCL,5598
23936,GEN-EWS,3148
23937,GEN,
23938,GEN,
23939,GEN,
23939,OBC-NCL,5599
23941,GEN,
23942,OBC-NCL,5600
23943,GEN-EWS,3149
23944,GEN,
23945,GEN,
23946,OBC-NCL,5601
23947,GEN-EWS,3150
23948,GEN,
23949,GEN,
23950,GEN,
23951,GEN-EWS,3151
23952,OBC-NCL,5602
23953,GEN,
23954,GEN,
23955,GEN,
23956,GEN-EWS,3152
23957,SC,638
23958,OBC-NCL,5603
23959,GEN,
23960,GEN,
23961,GEN,
23962,GEN-EWS,3153
23963,OBC-NCL,5604
23964,GEN,
23965,GEN-EWS,3154
23966,OBC-NCL,5605
23967,GEN,
23968,GEN,
23969,OBC-NCL,5606
23970,GEN,
23971,GEN,
23972,OBC-NCL,5607
23973,GEN-EWS,3155
23974,OBC-NCL,5608
23975,GEN-EWS,3156
23976,GEN,
23977,OBC-NCL,5609
23978,GEN,
23979,GEN,
23980,GEN,
23981,OBC-NCL,5610
23982,GEN,
23983,GEN,
23984,GEN-EWS,3157
23985,GEN,
23986,SC,639
23987,OBC-NCL,5611
23988,GEN,
23989,GEN,
23990,GEN-EWS,3158
23991,GEN,
23992,GEN-EWS,3159
23993,GEN,
23994,OBC-NCL,5612
23995,OBC-NCL,5613
23996,OBC-NCL,5614
23997,OBC-NCL,5615
23998,GEN,
23999,GEN,
24000,GEN,
24001,GEN-EWS,3160
24002,OBC-NCL,5616
24003,GEN-EWS,3161
24004,GEN,
24005,GEN,
24006,GEN-EWS,3162
24007,OBC-NCL,5617
24008,OBC-NCL,5618
24009,GEN,
24010,GEN-EWS,3163
24011,OBC-NCL,5619
24012,OBC-NCL,5620
24013,OBC-NCL,5621
24014,GEN,
24015,GEN-EWS,3164
24016,OBC-NCL,5622
24017,GEN-EWS,3165
24018,GEN,
24019,ST,143
24020,OBC-NCL,5623
24021,GEN-EWS,3166
24022,GEN,
24023,GEN,
24024,GEN,
24025,OBC-NCL,5624
24026,GEN,
24027,OBC-NCL,5625
24028,GEN,
24029,GEN,
24030,GEN-EWS,3167
24031,GEN,
24032,GEN-EWS,3168
24033,GEN,
24034,GEN,
24035,GEN,
24036,GEN,
24037,GEN,
24038,GEN,
24039,OBC-NCL,5626
24040,GEN-EWS,3169
24041,OBC-NCL,5627
24042,GEN,
24043,GEN,
24044,OBC-NCL,5628
24045,GEN,
24046,OBC-NCL,5630
24047,GEN-EWS,3170
24048,GEN-EWS,3171
24049,GEN,
24050,OBC-NCL,5631
24051,OBC-NCL,5632
24052,OBC-NCL,5633
24053,OBC-NCL,5634
24054,GEN,
24055,GEN,
24056,OBC-NCL,5635
24057,OBC-NCL,5636
24058,OBC-NCL,5637
24059,GEN,
24060,OBC-NCL,5638
24061,GEN-EWS,3172
24062,GEN-EWS,3173
24063,GEN,
24064,GEN-EWS,3174
24065,GEN-EWS,3175
24066,OBC-NCL,5639
24067,OBC-NCL,5640
24068,GEN,
24069,GEN,
24070,GEN-EWS,3176
24071,GEN,
24072,OBC-NCL,5641
24073,OBC-NCL,5642
24074,OBC-NCL,5643
24075,GEN,
24076,OBC-NCL,5644
24077,GEN,
24078,GEN,
24079,GEN,
24080,GEN,
24081,GEN-EWS,3177
24082,GEN-EWS,3178
24083,GEN,
24084,ST,144
24085,GEN-EWS,3179
24086,OBC-NCL,5645
24087,GEN,
24088,GEN-EWS,3180
24089,GEN-EWS,3181
24090,GEN,
24091,OBC-NCL,5647
24092,OBC-NCL,5648
24093,GEN,
24094,OBC-NCL,5649
24095,OBC-NCL,5650
24096,OBC-NCL,5651
24097,OBC-NCL,5652
24098,GEN,
24099,GEN,
24100,GEN,
24101,GEN,
24102,OBC-NCL,5653
24103,GEN,
24104,GEN,
24105,OBC-NCL,5654
24106,GEN,
24107,OBC-NCL,5655
24108,GEN,
24109,GEN,
24110,OBC-NCL,5656
24111,OBC-NCL,5657
24112,GEN,
24113,OBC-NCL,5658
24114,GEN,
24115,GEN-EWS,3182
24116,GEN-EWS,3183
24117,OBC-NCL,5659
24118,GEN-EWS,3184
24119,OBC-NCL,5660
24120,GEN,
24120,GEN-EWS,3185
24122,GEN,
24123,OBC-NCL,5661
24124,GEN,
24125,SC,640
24126,GEN,
24127,GEN,
24128,GEN-EWS,3186
24129,GEN,
24130,GEN,
24131,OBC-NCL,5662
24132,GEN-EWS,3187
24133,GEN-EWS,3188
24134,GEN,
24135,GEN-EWS,3189
24136,GEN,
24137,GEN-EWS,3190
24138,GEN,
24139,OBC-NCL,5663
24140,GEN,
24141,GEN-EWS,3191
24142,OBC-NCL,5664
24143,OBC-NCL,5665
24144,GEN-EWS,3192
24145,GEN,
24146,GEN,
24147,GEN,
24148,OBC-NCL,5666
24149,GEN,
24150,GEN,
24151,GEN,
24152,ST,145
24153,GEN-EWS,3193
24154,OBC-NCL,5667
24155,GEN,
24156,OBC-NCL,5668
24157,GEN,
24158,OBC-NCL,5669
24159,GEN-EWS,3194
24160,GEN,
24161,OBC-NCL,5670
24162,OBC-NCL,5671
24163,GEN,
24164,GEN,
24165,GEN-EWS,3195
24166,GEN-EWS,3196
24167,OBC-NCL,5672
24168,GEN,
24169,GEN,
24170,GEN-EWS,3197
24171,GEN,
24172,OBC-NCL,5673
24173,OBC-NCL,5674
24174,OBC-NCL,5675
24175,GEN,
24176,GEN,
24177,GEN-EWS,3198
24178,OBC-NCL,5676
24179,GEN,
24180,GEN-EWS,3199
24181,GEN,
24182,GEN,
24183,OBC-NCL,5677
24184,GEN,
24185,OBC-NCL,5678
24186,GEN,
24187,GEN,
24188,GEN-EWS,3200
24188,OBC-NCL,5679
24190,GEN-EWS,3201
24191,GEN,
24192,SC,641
24193,GEN,
24194,OBC-NCL,5680
24195,GEN,
24196,GEN,
24197,OBC-NCL,5681
24198,SC,642
24199,OBC-NCL,5682
24200,OBC-NCL,5683
24201,GEN,
24202,GEN,
24203,GEN-EWS,3202
24204,GEN,
24205,GEN-EWS,3203
24206,GEN,
24207,OBC-NCL,5684
24208,ST,146
24209,GEN-EWS,3204
24210,GEN,
24211,GEN,
24212,GEN,
24213,SC,643
24214,GEN,
24215,GEN,
24216,GEN,
24217,GEN-EWS,3205
24218,GEN-EWS,3206
24219,OBC-NCL,5685
24220,SC,644
24221,OBC-NCL,5686
24222,GEN-EWS,3207
24223,GEN,
24224,GEN,
24225,GEN,
24226,OBC-NCL,5687
24227,OBC-NCL,5688
24228,OBC-NCL,5689
24229,ST,147
24230,GEN,
24231,GEN,
24232,GEN,
24233,OBC-NCL,5690
24234,SC,645
24235,GEN,
24236,GEN,
24236,OBC-NCL,5691
24238,GEN,
24239,GEN,
24240,OBC-NCL,5692
24241,GEN-EWS,3208
24242,OBC-NCL,5693
24243,GEN,
24244,GEN,
24245,SC,646
24246,OBC-NCL,5694
24247,OBC-NCL,5695
24248,GEN,
24249,OBC-NCL,5696
24250,GEN,
24251,GEN,
24252,GEN,
24253,GEN,
24254,OBC-NCL,5697
24255,OBC-NCL,5698
24256,GEN,
24257,GEN,
24258,OBC-NCL,5699
24259,SC,647
24260,GEN-EWS,3209
24260,GEN-EWS,3209
24262,GEN-EWS,3211
24263,GEN,
24264,OBC-NCL,5700
24265,GEN,
24266,GEN,
24267,OBC-NCL,5701
24268,OBC-NCL,5702
24269,GEN,
24270,GEN,
24271,GEN,
24272,GEN,
24273,OBC-NCL,5703
24274,GEN,
24275,GEN,
24276,OBC-NCL,5704
24277,GEN,
24278,OBC-NCL,5705
24279,OBC-NCL,5706
24280,OBC-NCL,5707
24281,GEN,
24282,GEN-EWS,3212
24283,SC,648
24284,GEN,
24285,GEN,
24286,GEN,
24287,GEN,
24288,GEN,
24289,GEN,
24290,OBC-NCL,5708
24291,GEN,
24292,OBC-NCL,5709
24293,OBC-NCL,5710
24294,OBC-NCL,5711
24295,GEN,
24296,ST,148
24297,GEN,
24298,SC,649
24299,OBC-NCL,5712
24300,OBC-NCL,5713
24301,OBC-NCL,5714
24302,GEN,
24303,OBC-NCL,5715
24304,GEN,
24305,OBC-NCL,5716
24306,GEN,
24307,OBC-NCL,5717
24308,OBC-NCL,5718
24309,GEN,
24310,OBC-NCL,5719
24311,GEN,
24312,OBC-NCL,5720
24313,OBC-NCL,5721
24314,GEN,
24315,GEN,
24316,GEN,
24317,GEN-EWS,3213
24318,GEN,
24319,GEN,
24320,OBC-NCL,5722
24321,GEN-EWS,3214
24322,GEN,
24323,GEN,
24324,GEN,
24325,GEN-EWS,3215
24326,OBC-NCL,5723
24327,OBC-NCL,5724
24328,OBC-NCL,5725
24329,GEN,
24330,OBC-NCL,5726
24331,GEN,
24332,GEN-EWS,3216
24333,ST,149
24334,GEN,
24335,GEN-EWS,3217
24336,GEN,
24337,GEN,
24338,GEN,
24339,SC,650
24340,GEN-EWS,3218
24341,GEN-EWS,3219
24342,OBC-NCL,5727
24343,GEN,
24344,OBC-NCL,5728
24345,OBC-NCL,5729
24346,GEN,
24347,OBC-NCL,5730
24348,GEN,
24349,GEN,
24350,GEN-EWS,3220
24351,OBC-NCL,5731
24352,OBC-NCL,5732
24353,OBC-NCL,5733
24354,GEN-EWS,3221
24355,SC,651
24356,GEN-EWS,3222
24357,GEN,
24358,GEN,
24359,GEN,
24360,GEN,
24361,OBC-NCL,5734
24362,OBC-NCL,5735
24363,GEN-EWS,3223
24364,GEN,
24365,OBC-NCL,5736
24366,OBC-NCL,5737
24367,OBC-NCL,5738
24368,GEN,
24369,GEN,
24370,OBC-NCL,5739
24371,GEN,
24372,OBC-NCL,5740
24373,GEN,
24374,OBC-NCL,5741
24375,GEN,
24376,GEN,
24377,GEN,
24378,OBC-NCL,5742
24379,GEN-EWS,3224
24380,GEN,
24381,GEN,
24382,OBC-NCL,5743
24383,GEN,
24384,GEN,
24385,GEN,
24386,GEN,
24387,OBC-NCL,5744
24388,GEN-EWS,3225
24389,GEN,
24390,OBC-NCL,5745
24391,GEN-EWS,3226
24392,OBC-NCL,5746
24393,OBC-NCL,5747
24394,OBC-NCL,5748
24395,GEN-EWS,3227
24396,GEN,
24397,GEN,
24398,GEN,
24399,GEN,
24400,OBC-NCL,5749
24401,GEN,
24402,GEN,
24403,GEN,
24404,GEN,
24405,GEN,
24406,GEN,
24407,GEN,
24408,GEN,
24409,GEN,
24410,GEN,
24411,GEN,
24412,GEN,
24413,GEN,
24414,GEN-EWS,3228
24415,GEN,
24416,OBC-NCL,5750
24417,OBC-NCL,5751
24418,OBC-NCL,5752
24419,GEN,
24420,OBC-NCL,5753
24421,GEN-EWS,3229
24422,GEN,
24423,OBC-NCL,5754
24424,GEN,
24425,OBC-NCL,5755
24426,GEN,
24427,SC,652
24428,GEN,
24429,GEN-EWS,3230
24430,GEN,
24431,GEN,
24432,GEN,
24433,GEN,
24434,GEN,
24435,GEN,
24436,GEN-EWS,3231
24437,OBC-NCL,5756
24438,GEN-EWS,3232
24439,GEN,
24440,GEN,
24441,GEN,
24442,GEN,
24443,GEN-EWS,3233
24444,GEN,
24445,GEN,
24446,GEN,
24447,GEN-EWS,3234
24448,GEN,
24449,GEN,
24450,GEN,
24451,GEN,
24452,GEN-EWS,3235
24453,OBC-NCL,5757
24454,OBC-NCL,5758
24455,OBC-NCL,5759
24456,GEN,
24457,OBC-NCL,5760
24458,GEN-EWS,3236
24459,OBC-NCL,5761
24460,OBC-NCL,5762
24461,GEN,
24462,OBC-NCL,5763
24463,GEN,
24464,GEN,
24465,OBC-NCL,5764
24466,GEN-EWS,3237
24467,OBC-NCL,5765
24468,OBC-NCL,5766
24469,OBC-NCL,5767
24470,GEN-EWS,3238
24471,OBC-NCL,5768
24472,GEN,
24473,GEN,
24474,OBC-NCL,5769
24475,GEN,
24476,GEN,
24477,GEN,
24478,OBC-NCL,5770
24479,GEN,
24480,GEN,
24481,GEN-EWS,3239
24482,GEN,
24483,GEN-EWS,3240
24484,GEN,
24485,GEN,
24486,OBC-NCL,5771
24487,GEN,
24488,GEN,
24489,GEN,
24490,GEN-EWS,3241
24491,GEN,
24492,GEN,
24493,GEN,
24494,GEN,
24495,OBC-NCL,5772
24496,GEN,
24497,GEN,
24498,GEN,
24499,GEN,
24500,GEN-EWS,3242
24501,GEN,
24502,GEN,
24503,GEN,
24504,GEN-EWS,3243
24505,GEN,
24506,OBC-NCL,5773
24507,GEN-EWS,3244
24508,OBC-NCL,5774
24509,GEN,
24510,OBC-NCL,5775
24511,OBC-NCL,5776
24512,GEN,
24513,OBC-NCL,5777
24514,GEN,
24515,GEN,
24516,GEN,
24517,GEN,
24518,GEN,
24519,GEN,
24520,OBC-NCL,5778
24521,OBC-NCL,5779
24522,GEN,
24523,GEN,
24524,GEN,
24525,GEN-EWS,3245
24526,OBC-NCL,5780
24527,GEN,
24528,OBC-NCL,5781
24529,OBC-NCL,5782
24530,GEN,
24531,GEN,
24532,GEN-EWS,3246
24533,GEN,
24534,GEN,
24535,GEN,
24536,GEN-EWS,3247
24537,GEN-EWS,3248
24538,SC,653
24539,OBC-NCL,5783
24540,GEN,
24541,OBC-NCL,5784
24542,GEN,
24543,GEN,
24544,GEN,
24545,SC,654
24546,GEN-EWS,3249
24547,OBC-NCL,5785
24548,GEN,
24549,OBC-NCL,5786
24550,GEN,
24551,OBC-NCL,5787
24552,GEN,
24553,OBC-NCL,5788
24554,GEN-EWS,3250
24555,GEN-EWS,3251
24556,OBC-NCL,5789
24557,OBC-NCL,5790
24558,GEN,
24559,OBC-NCL,5791
24560,GEN,
24561,GEN,
24562,GEN,
24563,GEN-EWS,3252
24564,GEN,
24565,GEN,
24566,OBC-NCL,5792
24567,GEN-EWS,3253
24568,GEN,
24569,GEN,
24570,GEN-EWS,3254
24571,GEN,
24572,GEN,
24573,OBC-NCL,5794
24574,ST,150
24575,GEN,
24576,GEN,
24577,GEN,
24578,GEN,
24579,GEN,
24580,GEN,
24581,GEN,
24582,OBC-NCL,5795
24583,GEN,
24584,GEN,
24585,GEN,
24586,GEN,
24587,GEN,
24588,GEN,
24589,GEN,
24590,GEN,
24591,GEN,
24592,GEN,
24593,GEN-EWS,3255
24594,GEN-EWS,3256
24595,GEN,
24596,GEN,
24597,OBC-NCL,5796
24598,OBC-NCL,5797
24599,GEN-EWS,3257
24600,GEN,
24601,GEN-EWS,3258
24602,GEN,
24603,SC,655
24604,OBC-NCL,5798
24605,GEN,
24606,GEN,
24607,GEN-EWS,3259
24608,GEN,
24609,OBC-NCL,5799
24610,GEN,
24611,OBC-NCL,5800
24612,ST,151
24613,GEN,
24614,GEN,
24615,GEN,
24616,GEN,
24617,OBC-NCL,5801
24618,GEN,
24619,OBC-NCL,5802
24620,GEN-EWS,3260
24621,OBC-NCL,5803
24622,OBC-NCL,5804
24623,GEN-EWS,3261
24624,GEN-EWS,3262
24625,GEN,
24626,OBC-NCL,5805
24627,GEN,
24628,GEN-EWS,3263
24629,GEN,
24630,SC,656
24631,ST,152
24632,OBC-NCL,5806
24633,GEN,
24634,GEN-EWS,3264
24635,OBC-NCL,5807
24636,GEN,
24637,OBC-NCL,5809
24638,OBC-NCL,5810
24639,GEN,
24640,OBC-NCL,5811
24641,GEN-EWS,3265
24642,GEN,
24643,GEN,
24644,GEN-EWS,3266
24645,OBC-NCL,5812
24646,GEN,
24647,GEN,
24648,GEN-EWS,3267
24649,OBC-NCL,5813
24650,GEN,
24651,GEN,
24652,GEN,
24653,GEN,
24654,GEN,
24655,OBC-NCL,5814
24656,GEN,
24657,GEN,
24658,GEN,
24659,GEN-EWS,3268
24660,GEN,
24661,GEN-EWS,3269
24662,OBC-NCL,5815
24663,GEN-EWS,3270
24663,OBC-NCL,5816
24665,OBC-NCL,5817
24666,GEN,
24667,GEN,
24668,GEN-EWS,3271
24669,SC,657
24670,GEN-EWS,3272
24671,GEN,
24672,GEN,
24672,OBC-NCL,5818
24674,OBC-NCL,5819
24675,OBC-NCL,5820
24676,GEN,
24677,GEN,
24678,GEN,
24679,OBC-NCL,5821
24680,GEN,
24681,GEN,
24682,ST,153
24683,GEN,
24684,GEN,
24684,OBC-NCL,5822
24686,GEN-EWS,3273
24687,GEN,
24688,GEN,
24689,OBC-NCL,5823
24690,OBC-NCL,5824
24691,GEN,
24692,GEN,
24693,OBC-NCL,5825
24694,GEN,
24695,SC,658
24696,GEN,
24697,GEN,
24698,GEN,
24698,GEN,
24700,GEN,
24701,GEN,
24702,OBC-NCL,5826
24703,SC,659
24704,GEN,
24705,OBC-NCL,5827
24706,GEN,
24707,GEN-EWS,3274
24708,GEN,
24709,GEN-EWS,3275
24710,GEN,
24711,GEN,
24712,OBC-NCL,5828
24713,OBC-NCL,5829
24714,OBC-NCL,5830
24715,OBC-NCL,5831
24716,OBC-NCL,5832
24717,GEN,
24718,GEN,
24719,GEN,
24720,OBC-NCL,5833
24721,GEN,
24722,GEN,
24723,OBC-NCL,5834
24724,GEN-EWS,3276
24725,OBC-NCL,5835
24726,GEN-EWS,3277
24727,GEN-EWS,3278
24728,GEN,
24729,OBC-NCL,5836
24730,GEN,
24731,OBC-NCL,5837
24732,GEN,
24733,GEN-EWS,3279
24734,GEN-EWS,3280
24735,GEN,
24735,GEN-EWS,3281
24737,GEN-EWS,3282
24738,GEN,
24739,GEN-EWS,3283
24740,GEN,
24741,GEN,
24742,GEN-EWS,3284
24743,GEN-EWS,3285
24744,GEN,
24745,GEN-EWS,3286
24746,ST,154
24747,GEN-EWS,3287
24748,OBC-NCL,5838
24749,GEN,
24750,OBC-NCL,5839
24751,ST,155
24752,GEN,
24753,SC,660
24754,OBC-NCL,5840
24755,OBC-NCL,5841
24756,GEN,
24757,GEN-EWS,3288
24758,GEN,
24759,OBC-NCL,5842
24760,OBC-NCL,5843
24761,OBC-NCL,5844
24762,GEN,
24763,GEN,
24764,OBC-NCL,5845
24765,GEN,
24766,GEN,
24767,GEN,
24768,OBC-NCL,5846
24769,GEN-EWS,3289
24770,GEN,
24771,GEN,
24772,GEN,
24773,GEN,
24774,GEN,
24775,GEN-EWS,3290
24776,GEN,
24777,OBC-NCL,5847
24778,SC,661
24779,GEN,
24780,OBC-NCL,5848
24781,OBC-NCL,5849
24782,GEN-EWS,3291
24783,GEN,
24784,GEN,
24785,GEN,
24786,GEN,
24787,GEN,
24788,OBC-NCL,5850
24789,GEN,
24790,GEN,
24791,OBC-NCL,5851
24792,GEN-EWS,3292
24793,OBC-NCL,5852
24794,OBC-NCL,5853
24795,GEN,
24796,OBC-NCL,5854
24797,GEN,
24798,OBC-NCL,5855
24799,OBC-NCL,5856
24800,OBC-NCL,5857
24801,GEN,
24802,OBC-NCL,5858
24803,GEN,
24804,OBC-NCL,5859
24805,GEN,
24806,GEN-EWS,3293
24807,GEN,
24808,OBC-NCL,5860
24809,OBC-NCL,5861
24810,OBC-NCL,5862
24811,OBC-NCL,5863
24812,OBC-NCL,5864
24813,GEN,
24814,SC,662
24815,GEN,
24816,OBC-NCL,5865
24817,OBC-NCL,5866
24818,GEN,
24819,GEN,
24820,OBC-NCL,5867
24821,GEN,
24822,GEN,
24823,GEN,
24824,OBC-NCL,5868
24825,GEN-EWS,3294
24826,GEN,
24827,GEN-EWS,3295
24828,GEN,
24829,GEN,
24830,OBC-NCL,5869
24831,GEN,
24832,GEN,
24833,GEN,
24834,GEN,
24835,GEN-EWS,3296
24836,GEN,
24837,OBC-NCL,5870
24838,GEN,
24839,GEN,
24840,OBC-NCL,5871
24841,GEN,
24842,SC,663
24843,OBC-NCL,5872
24844,SC,664
24845,GEN,
24846,GEN,
24847,OBC-NCL,5873
24848,OBC-NCL,5874
24849,GEN,
24850,OBC-NCL,5875
24851,GEN-EWS,3297
24852,GEN,
24853,GEN-EWS,3298
24854,GEN,
24855,GEN-EWS,3299
24856,OBC-NCL,5876
24857,GEN,
24858,OBC-NCL,5877
24859,GEN,
24860,GEN,
24861,OBC-NCL,5878
24862,GEN,
24863,GEN,
24864,GEN-EWS,3300
24865,SC,665
24866,GEN-EWS,3301
24867,OBC-NCL,5879
24868,GEN,
24869,GEN,
24870,GEN,
24871,OBC-NCL,5880
24872,OBC-NCL,5881
24873,GEN,
24874,GEN,
24875,SC,666
24876,SC,667
24877,OBC-NCL,5882
24878,GEN,
24879,OBC-NCL,5883
24880,GEN,
24881,OBC-NCL,5884
24882,GEN-EWS,3302
24883,OBC-NCL,5885
24884,GEN-EWS,3303
24885,OBC-NCL,5886
24886,OBC-NCL,5887
24887,GEN,
24888,OBC-NCL,5888
24889,GEN-EWS,3304
24890,GEN,
24891,GEN-EWS,3305
24892,GEN,
24893,GEN-EWS,3306
24894,OBC-NCL,5889
24895,OBC-NCL,5890
24896,OBC-NCL,5891
24897,GEN,
24898,GEN,
24899,GEN,
24900,GEN,
24901,GEN,
24902,GEN,
24903,GEN,
24904,GEN-EWS,3307
24905,GEN,
24906,GEN,
24907,GEN-EWS,5892
24908,OBC-NCL,5893
24909,OBC-NCL,5894
24910,OBC-NCL,5895
24911,GEN,
24912,GEN,
24913,GEN,
24914,GEN,
24915,GEN,
24916,OBC-NCL,5896
24917,OBC-NCL,5897
24918,OBC-NCL,5898
24919,OBC-NCL,5899
24920,OBC-NCL,5900
24921,GEN,
24922,GEN,
24923,GEN,
24924,GEN,
24925,GEN,
24926,GEN,
24927,GEN-EWS,3308
24928,GEN,
24929,GEN,
24930,GEN,
24931,GEN-EWS,3309
24932,OBC-NCL,5901
24933,GEN,
24934,GEN,
24935,GEN,
24936,GEN,
24937,GEN,
24938,OBC-NCL,5902
24939,GEN,
24940,OBC-NCL,5903
24941,GEN,
24942,OBC-NCL,5904
24943,GEN,
24944,OBC-NCL,5905
24945,GEN,
24946,GEN-EWS,3310
24947,GEN,
24948,GEN,
24949,SC,668
24950,GEN,
24951,GEN,
24952,GEN,
24953,GEN,
24954,GEN,
24955,GEN,
24956,GEN-EWS,3311
24957,GEN,
24958,GEN,
24959,GEN,
24960,GEN,
24961,GEN,
24962,GEN,
24963,OBC-NCL,5906
24964,GEN,
24965,SC,669
24966,GEN,
24967,OBC-NCL,5907
24968,GEN,
24969,GEN-EWS,3312
24970,OBC-NCL,5908
24971,GEN-EWS,3313
24972,GEN,
24973,OBC-NCL,5909
24974,GEN,
24975,GEN-EWS,3314
24976,GEN,
24977,GEN,
24978,GEN,
24979,GEN-EWS,3315
24980,OBC-NCL,5910
24981,GEN,
24982,OBC-NCL,5911
24983,GEN,
24984,OBC-NCL,5912
24985,OBC-NCL,5913
24986,SC,670
24987,OBC-NCL,5914
24988,OBC-NCL,5915
24989,GEN,
24990,OBC-NCL,5916
24991,GEN-EWS,3316
24992,GEN,
24993,OBC-NCL,5917
24994,GEN,
24995,GEN,
24996,GEN,
24997,GEN-EWS,3318
24998,GEN-EWS,5918
24999,GEN,
25000,GEN-EWS,3319
25001,GEN,
25002,GEN,
25003,GEN,
25004,GEN,
25005,GEN,
25006,GEN,
25007,GEN,
25008,GEN,
25009,GEN,
25010,GEN,
25011,GEN,
25012,OBC-NCL,5919
25013,GEN,
25014,GEN,
25015,GEN,
25016,GEN,
25017,GEN-EWS,3320
25018,GEN-EWS,3321
25019,GEN,
25020,GEN,
25021,GEN,
25022,GEN-EWS,3322
25023,OBC-NCL,5920
25024,OBC-NCL,5921
25025,GEN,
25026,OBC-NCL,5922
25027,OBC-NCL,5923
25028,GEN-EWS,3323
25029,GEN,
25030,GEN-EWS,3324
25031,GEN,
25032,OBC-NCL,5924
25033,GEN,
25034,OBC-NCL,5925
25035,OBC-NCL,5926
25036,GEN,
25037,GEN-EWS,3325
25038,GEN,
25039,OBC-NCL,5927
25040,OBC-NCL,5928
25041,GEN,
25042,GEN,
25043,GEN,
25044,GEN,
25045,GEN,
25046,GEN,
25047,GEN-EWS,3326
25048,GEN,
25049,OBC-NCL,5929
25050,GEN-EWS,3327
25051,GEN-EWS,3328
25052,GEN,
25053,OBC-NCL,5930
25054,GEN,
25055,OBC-NCL,5931
25056,GEN,
25057,GEN,
25058,GEN,
25059,GEN,
25060,OBC-NCL,5932
25061,OBC-NCL,5933
25062,ST,156
25063,GEN,
25064,GEN-EWS,3329
25065,GEN,
25066,GEN,
25067,GEN,
25068,OBC-NCL,5934
25069,GEN-EWS,3330
25070,GEN-EWS,3331
25071,OBC-NCL,5935
25072,GEN,
25073,GEN-EWS,3332
25074,OBC-NCL,5936
25075,OBC-NCL,5937
25076,OBC-NCL,5938
25077,OBC-NCL,5939
25078,GEN-EWS,3333
25079,GEN-EWS,3334
25080,GEN,
25081,OBC-NCL,5940
25082,GEN,
25083,OBC-NCL,5941
25084,OBC-NCL,5942
25085,OBC-NCL,5943
25086,GEN,
25087,GEN,
25088,GEN,
25089,GEN,
25090,GEN-EWS,3335
25091,GEN-EWS,3336
25092,SC,671
25093,OBC-NCL,5944
25094,OBC-NCL,5945
25095,OBC-NCL,5946
25096,GEN,
25097,OBC-NCL,5947
25098,GEN,
25099,GEN-EWS,3337
25100,GEN,
25101,GEN-EWS,3338
25102,GEN,
25103,OBC-NCL,5948
25104,GEN,
25105,GEN-EWS,3339
25106,GEN,
25107,GEN,
25108,GEN,
25109,GEN,
25110,GEN,
25111,GEN,
25112,OBC-NCL,5949
25113,ST,157
25114,GEN-EWS,3340
25115,GEN,
25116,OBC-NCL,5950
25117,GEN,
25118,GEN-EWS,3341
25119,GEN-EWS,3342
25120,OBC-NCL,5951
25121,OBC-NCL,5952
25122,GEN,
25123,OBC-NCL,5953
25124,GEN,
25125,GEN,
25126,SC,672
25127,GEN,
25128,OBC-NCL,5954
25129,OBC-NCL,5955
25130,GEN-EWS,3343
25131,GEN,
25132,OBC-NCL,5956
25133,SC,673
25134,GEN,
25135,GEN,
25136,OBC-NCL,5957
25137,GEN-EWS,3344
25138,OBC-NCL,5958
25139,GEN,
25140,OBC-NCL,5959
25141,GEN,
25142,GEN-EWS,3345
25143,GEN,
25144,GEN-EWS,3346
25145,OBC-NCL,5960
25146,OBC-NCL,5961
25147,OBC-NCL,5962
25148,GEN,
25149,OBC-NCL,5963
25150,GEN,
25151,OBC-NCL,5964
25152,GEN,
25152,GEN-EWS,3347
25154,GEN,
25155,OBC-NCL,5965
25156,GEN,
25157,OBC-NCL,5966
25158,GEN,
25159,GEN-EWS,3348
25160,GEN,
25161,GEN,
25162,OBC-NCL,5967
25163,OBC-NCL,5968
25164,GEN,
25165,GEN,
25166,GEN,
25167,GEN,
25168,ST,158
25169,OBC-NCL,5969
25170,GEN,
25171,OBC-NCL,5970
25172,GEN,
25173,OBC-NCL,5971
25174,OBC-NCL,5972
25175,GEN,
25176,OBC-NCL,5973
25177,GEN-EWS,3349
25178,OBC-NCL,5974
25179,OBC-NCL,5975
25180,ST,159
25181,GEN-EWS,3350
25182,OBC-NCL,5976
25183,GEN,
25184,GEN,
25185,GEN,
25186,GEN,
25187,GEN,
25188,GEN-EWS,3351
25189,GEN-EWS,3352
25190,OBC-NCL,5977
25191,GEN,
25192,OBC-NCL,5978
25193,OBC-NCL,5979
25194,OBC-NCL,5980
25195,OBC-NCL,5981
25196,GEN,
25197,SC,674
25198,GEN,
25199,GEN-EWS,3353
25200,OBC-NCL,5982
25201,OBC-NCL,5983
25202,GEN-EWS,3354
25203,OBC-NCL,5984
25204,SC,675
25205,GEN-EWS,3355
25206,OBC-NCL,5985
25207,GEN,
25208,GEN,
25209,GEN,
25210,GEN,
25211,SC,160
25212,GEN,
25212,OBC-NCL,5986
25214,OBC-NCL,5987
25215,GEN,
25216,GEN,
25217,GEN-EWS,3356
25218,GEN-EWS,3357
25219,GEN-EWS,3358
25220,GEN-EWS,5988
25221,GEN,
25222,OBC-NCL,5989
25223,GEN,
25224,GEN-EWS,3359
25225,OBC-NCL,5990
25226,GEN,
25227,SC,676
25228,GEN,
25229,GEN-EWS,3360
25230,GEN,
25231,GEN,
25232,GEN-EWS,3361
25233,GEN,
25234,GEN-EWS,3362
25235,OBC-NCL,5992
25236,GEN,
25237,OBC-NCL,5993
25238,OBC-NCL,5994
25239,OBC-NCL,5995
25240,GEN,
25241,SC,677
25242,GEN,
25243,GEN,
25244,GEN-EWS,3364
25245,OBC-NCL,5996
25246,OBC-NCL,5997
25247,GEN,
25248,GEN,
25249,GEN,
25250,GEN,
25251,OBC-NCL,5998
25252,GEN,
25253,OBC-NCL,5999
25254,GEN,
25255,GEN,
25256,GEN,
25257,OBC-NCL,6000
25258,GEN-EWS,3365
25259,OBC-NCL,6001
25260,GEN,
25261,GEN-EWS,6002
25262,GEN,
25263,GEN-EWS,3366
25264,GEN,
25265,OBC-NCL,6003
25266,GEN,
25267,GEN,
25268,OBC-NCL,6004
25269,OBC-NCL,6005
25270,GEN,
25271,GEN,
25272,GEN,
25273,OBC-NCL,6006
25274,GEN,
25275,OBC-NCL,6007
25276,GEN-EWS,3367
25277,GEN,
25278,GEN,
25279,OBC-NCL,6008
25280,GEN,
25281,GEN-EWS,3368
25282,SC,678
25283,GEN-EWS,3369
25284,OBC-NCL,6009
25285,OBC-NCL,6010
25286,OBC-NCL,6011
25287,GEN,
25288,ST,47
25289,GEN-EWS,3371
25290,OBC-NCL,6012
25291,GEN-EWS,3372
25292,SC,679
25293,GEN,
25294,OBC-NCL,6013
25295,GEN,
25296,GEN,
25297,GEN-EWS,3373
25298,GEN-EWS,3374
25299,OBC-NCL,6014
25300,GEN,
25301,GEN,
25302,OBC-NCL,6015
25303,GEN,
25304,GEN,
25305,GEN,
25306,GEN,
25307,GEN,
25308,OBC-NCL,6016
25309,GEN,
25310,OBC-NCL,6017
25311,GEN,
25312,SC,680
25313,GEN,
25314,GEN,
25315,GEN,
25316,OBC-NCL,6018
25317,OBC-NCL,6019
25318,GEN-EWS,3375
25319,GEN-EWS,3376
25320,GEN,
25321,GEN,
25322,OBC-NCL,6020
25323,GEN,
25324,GEN,
25325,GEN-EWS,3377
25326,GEN,
25327,GEN,
25328,OBC-NCL,6021
25329,SC,681
25330,GEN,
25331,OBC-NCL,6022
25332,ST,161
25333,OBC-NCL,6023
25334,ST,162
25335,GEN,
25336,OBC-NCL,6024
25337,SC,163
25338,OBC-NCL,6025
25339,OBC-NCL,6026
25340,GEN,
25341,OBC-NCL,6027
25342,GEN,
25343,GEN,
25344,SC,682
25345,OBC-NCL,6028
25346,SC,683
25347,GEN,
25348,OBC-NCL,6029
25349,GEN,
25350,OBC-NCL,6030
25351,GEN,
25352,ST,164
25353,GEN,
25354,OBC-NCL,6031
25355,GEN,
25356,OBC-NCL,6032
25357,GEN-EWS,3378
25358,GEN,
25359,GEN,
25360,ST,165
25361,GEN,
25362,GEN,
25363,GEN,
25364,OBC-NCL,6033
25365,GEN,
25366,GEN-EWS,3379
25367,GEN,
25368,OBC-NCL,6034
25369,GEN,
25370,GEN,
25371,GEN,
25372,OBC-NCL,6035
25373,GEN,
25374,GEN-EWS,3380
25375,OBC-NCL,6036
25376,GEN,
25377,GEN,
25378,OBC-NCL,6037
25379,OBC-NCL,6038
25380,OBC-NCL,6039
25381,OBC-NCL,6040
25382,GEN,
25383,GEN-EWS,3381
25384,GEN-EWS,3382
25385,GEN,
25386,GEN,
25387,GEN,
25388,SC,684
25389,OBC-NCL,6041
25390,GEN,
25391,GEN,
25392,OBC-NCL,6042
25393,OBC-NCL,6043
25394,GEN-EWS,3383
25395,GEN,
25396,GEN,
25397,GEN,
25398,GEN,
25399,SC,685
25400,ST,166
25401,GEN,
25402,OBC-NCL,6045
25403,GEN,
25404,GEN,
25405,OBC-NCL,6046
25406,OBC-NCL,6047
25407,GEN-EWS,3384
25408,GEN-EWS,3385
25409,GEN,
25410,OBC-NCL,6048
25411,SC,686
25412,SC,687
25413,GEN,
25414,GEN,
25415,OBC-NCL,6049
25416,GEN,
25417,GEN,
25418,OBC-NCL,6050
25419,GEN,
25420,GEN,
25421,OBC-NCL,6051
25422,GEN,
25423,SC,688
25424,SC,689
25425,GEN,
25426,SC,690
25427,GEN-EWS,3386
25428,GEN,
25429,GEN,
25430,GEN-EWS,3387
25431,GEN,
25432,GEN,
25433,GEN,
25434,GEN,
25435,GEN,
25436,GEN-EWS,3388
25437,GEN,
25438,GEN,
25439,ST,167
25440,GEN,
25441,GEN,
25442,GEN-EWS,3390
25443,GEN,
25444,GEN,
25445,GEN,
25446,GEN,
25447,OBC-NCL,6052
25448,OBC-NCL,6053
25449,OBC-NCL,6054
25450,GEN-EWS,3391
25451,GEN,
25452,GEN,
25453,GEN,
25454,GEN-EWS,3392
25455,GEN,
25456,OBC-NCL,6055
25457,GEN,
25458,GEN,
25459,GEN,
25460,GEN-EWS,3393
25461,GEN,
25462,GEN,
25463,GEN,
25464,OBC-NCL,6057
25465,GEN-EWS,3394
25466,GEN,
25467,GEN,
25468,GEN-EWS,3395
25469,GEN-EWS,3396
25470,GEN,
25471,GEN,
25472,GEN-EWS,3397
25473,OBC-NCL,6058
25474,GEN,
25475,GEN,
25476,GEN,
25477,GEN,
25478,GEN,
25479,OBC-NCL,6059
25480,GEN,
25481,GEN,
25482,GEN,
25483,GEN,
25484,GEN,
25485,GEN,
25486,GEN,
25487,GEN,
25488,OBC-NCL,6060
25489,OBC-NCL,6061
25490,GEN,
25491,GEN-EWS,3398
25492,GEN,
25493,GEN-EWS,3399
25494,OBC-NCL,6062
25495,GEN,
25496,OBC-NCL,6063
25497,OBC-NCL,6064
25498,GEN-EWS,3400
25499,GEN,
25500,GEN-EWS,3401
25501,GEN-EWS,3402
25501,OBC-NCL,6065
25503,GEN,
25504,GEN-EWS,3403
25505,GEN-EWS,3404
25506,OBC-NCL,6066
25507,GEN,
25508,GEN,
25508,GEN,
25510,GEN-EWS,3405
25511,GEN-EWS,3406
25512,GEN,
25513,OBC-NCL,6067
25514,OBC-NCL,6068
25515,GEN,
25516,OBC-NCL,6069
25517,OBC-NCL,6070
25518,OBC-NCL,6071
25519,GEN,
25519,OBC-NCL,6072
25521,GEN,
25522,GEN,
25523,OBC-NCL,6073
25524,GEN,
25525,OBC-NCL,6074
25526,OBC-NCL,6075
25527,OBC-NCL,6076
25528,OBC-NCL,6077
25529,OBC-NCL,6078
25530,OBC-NCL,6079
25531,GEN,
25532,GEN,
25533,GEN,
25534,OBC-NCL,6080
25535,GEN,
25536,GEN-EWS,3407
25537,GEN-EWS,3408
25538,GEN,
25539,GEN,
25540,GEN,
25541,GEN-EWS,3409
25542,OBC-NCL,6081
25543,GEN-EWS,3410
25544,OBC-NCL,6082
25545,GEN,
25546,OBC-NCL,6083
25547,OBC-NCL,6084
25548,GEN,
25549,GEN,
25550,GEN,
25551,OBC-NCL,6085
25552,GEN-EWS,3411
25553,GEN,
25554,GEN,
25555,GEN,
25556,GEN,
25557,GEN,
25558,GEN,
25559,GEN-EWS,3412
25560,GEN,
25560,GEN,
25562,GEN,
25563,GEN,
25564,OBC-NCL,6086
25565,GEN,
25566,GEN,
25567,GEN,
25568,GEN-EWS,3413
25569,OBC-NCL,6087
25570,GEN,
25571,GEN,
25572,GEN,
25573,OBC-NCL,6088
25574,GEN,
25575,GEN,
25576,GEN-EWS,3414
25577,OBC-NCL,6089
25578,OBC-NCL,6090
25579,GEN,
25580,GEN,
25581,GEN-EWS,3415
25582,GEN,
25583,GEN,
25584,GEN,
25585,GEN,
25586,OBC-NCL,6091
25587,OBC-NCL,6092
25588,GEN,
25589,GEN,
25590,GEN,
25591,GEN,
25592,GEN,
25593,OBC-NCL,6093
25594,OBC-NCL,6094
25595,OBC-NCL,6095
25596,GEN,
25597,GEN,
25598,GEN,
25599,GEN-EWS,3416
25600,OBC-NCL,6096
25601,GEN,
25602,OBC-NCL,6097
25603,OBC-NCL,6098
25604,OBC-NCL,6099
25605,GEN,
25606,OBC-NCL,6100
25607,GEN-EWS,3417
25608,OBC-NCL,6101
25609,GEN,
25610,GEN,
25611,GEN-EWS,3418
25612,GEN,
25613,GEN,
25614,GEN,
25615,GEN-EWS,6102
25616,GEN,
25617,GEN,
25618,GEN,
25619,GEN-EWS,3419
25620,SC,691
25621,OBC-NCL,6103
25622,GEN,
25623,GEN,
25624,GEN,
25625,GEN,
25626,GEN,
25627,GEN,
25628,GEN,
25629,GEN-EWS,3420
25630,OBC-NCL,6104
25631,GEN,
25632,GEN,
25633,OBC-NCL,6105
25634,GEN-EWS,3421
25635,GEN,
25636,GEN,
25637,GEN,
25638,GEN-EWS,3422
25639,OBC-NCL,6106
25640,GEN-EWS,3423
25641,SC,692
25642,OBC-NCL,6107
25643,GEN,
25644,GEN,
25645,ST,168
25646,GEN-EWS,3424
25647,GEN-EWS,3425
25648,OBC-NCL,6108
25649,OBC-NCL,6109
25650,GEN,
25651,OBC-NCL,6110
25652,GEN,
25653,ST,169
25654,GEN,
25655,GEN,
25656,GEN,
25657,OBC-NCL,6111
25658,GEN,
25659,GEN-EWS,3426
25660,SC,693
25661,OBC-NCL,6112
25662,OBC-NCL,6113
25663,GEN,
25664,OBC-NCL,6114
25665,GEN,
25666,GEN,
25667,OBC-NCL,6115
25668,GEN,
25669,GEN-EWS,3427
25670,OBC-NCL,6116
25671,OBC-NCL,6117
25672,OBC-NCL,6118
25673,GEN,
25674,GEN,
25675,GEN-EWS,3428
25676,GEN,
25677,GEN,
25678,OBC-NCL,6119
25679,GEN,
25680,GEN,
25681,GEN,
25682,GEN,
25683,OBC-NCL,6120
25684,GEN,
25685,OBC-NCL,6121
25686,GEN-EWS,3429
25687,OBC-NCL,6122
25688,GEN,
25689,OBC-NCL,6123
25690,OBC-NCL,6124
25691,OBC-NCL,6125
25692,GEN,
25693,GEN-EWS,3430
25694,OBC-NCL,6126
25695,OBC-NCL,6127
25696,GEN,
25697,OBC-NCL,6128
25698,GEN,
25699,OBC-NCL,6129
25700,SC,694
25701,GEN,
25702,GEN,
25703,GEN,
25704,GEN,
25705,GEN,
25706,OBC-NCL,6130
25707,GEN,
25708,OBC-NCL,6131
25709,OBC-NCL,6132
25710,GEN-EWS,3432
25711,OBC-NCL,6133
25712,GEN-EWS,3433
25713,GEN-EWS,3434
25714,GEN,
25715,OBC-NCL,6135
25716,GEN-EWS,3435
25717,OBC-NCL,6136
25718,OBC-NCL,6137
25719,GEN,
25720,OBC-NCL,6138
25721,GEN-EWS,3436
25722,GEN,
25723,GEN,
25724,GEN-EWS,3437
25725,GEN,
25726,GEN,
25727,GEN,
25728,GEN,
25729,GEN,
25730,GEN,
25731,OBC-NCL,6139
25732,GEN,
25733,GEN,
25734,GEN,
25735,OBC-NCL,6140
25736,GEN,
25737,OBC-NCL,6141
25738,GEN-EWS,3438
25739,GEN,
25740,OBC-NCL,6142
25741,GEN,
25742,GEN,
25743,OBC-NCL,6143
25744,GEN-EWS,3439
25745,GEN-EWS,3440
25746,GEN,
25747,OBC-NCL,6144
25748,GEN,
25749,GEN,
25750,GEN,
25751,OBC-NCL,6145
25752,GEN,
25753,GEN-EWS,3441
25754,GEN,
25755,GEN,
25756,GEN,
25757,GEN,
25758,OBC-NCL,6146
25759,GEN-EWS,3442
25760,GEN,
25761,GEN,
25762,OBC-NCL,6147
25763,GEN,
25764,GEN,
25765,OBC-NCL,6148
25766,OBC-NCL,6149
25767,OBC-NCL,6150
25768,GEN,
25769,SC,695
25770,OBC-NCL,6151
25771,GEN,
25772,SC,696
25773,GEN,
25774,OBC-NCL,6152
25775,SC,697
25776,GEN,
25777,OBC-NCL,6153
25778,GEN,
25779,GEN,
25780,GEN,
25781,GEN-EWS,3443
25782,ST,170
25783,GEN-EWS,3444
25784,OBC-NCL,6154
25785,GEN,
25786,GEN,
25787,GEN,
25788,OBC-NCL,6155
25789,OBC-NCL,6156
25790,GEN-EWS,3445
25791,GEN,
25792,OBC-NCL,6157
25793,GEN,
25794,OBC-NCL,6158
25795,GEN-EWS,3446
25796,GEN,
25797,OBC-NCL,6159
25798,OBC-NCL,6160
25799,GEN,
25800,SC,698
25801,GEN-EWS,3447
25802,GEN,
25803,GEN,
25804,GEN,
25805,GEN,
25806,GEN-EWS,3448
25807,SC,699
25808,SC,700
25809,ST,171
25810,GEN,
25811,OBC-NCL,6162
25812,GEN,
25813,OBC-NCL,6163
25814,GEN,
25815,GEN-EWS,3449
25816,GEN-EWS,3450
25817,GEN,
25818,OBC-NCL,6164
25819,GEN,
25820,GEN,
25821,OBC-NCL,6165
25822,GEN,
25823,GEN,
25824,OBC-NCL,6166
25825,OBC-NCL,6167
25826,OBC-NCL,6168
25827,GEN,
25828,GEN-EWS,3451
25829,GEN-EWS,3452
25829,OBC-NCL,6169
25831,GEN,
25832,GEN-EWS,3453
25833,OBC-NCL,6171
25834,OBC-NCL,6172
25835,OBC-NCL,6173
25836,GEN,
25837,GEN,
25838,GEN,
25839,GEN,
25840,OBC-NCL,6174
25841,GEN,
25842,GEN,
25843,GEN,
25843,GEN,
25845,GEN,
25846,GEN,
25847,OBC-NCL,6175
25848,GEN,
25849,GEN,
25850,OBC-NCL,6176
25851,OBC-NCL,6177
25852,OBC-NCL,6178
25853,GEN,
25854,GEN,
25855,GEN,
25856,OBC-NCL,6179
25857,GEN,
25858,GEN,
25859,GEN-EWS,3454
25860,OBC-NCL,6180
25861,SC,701
25862,GEN,
25863,OBC-NCL,6181
25864,GEN,
25865,GEN-EWS,3455
25866,SC,702
25867,OBC-NCL,6182
25868,GEN,
25869,GEN,
25870,OBC-NCL,6183
25871,GEN,
25872,GEN,
25873,GEN,
25874,GEN,
25875,OBC-NCL,6184
25876,GEN,
25877,OBC-NCL,6185
25878,SC,703
25879,OBC-NCL,6186
25880,OBC-NCL,6187
25881,OBC-NCL,6188
25882,GEN,
25883,GEN,
25884,OBC-NCL,6189
25885,OBC-NCL,6190
25886,OBC-NCL,6191
25887,OBC-NCL,6192
25888,GEN,
25889,OBC-NCL,6193
25890,GEN-EWS,3456
25891,OBC-NCL,6194
25892,GEN,
25893,GEN,
25894,GEN,
25895,OBC-NCL,6195
25896,GEN,
25897,GEN,
25898,GEN,
25899,OBC-NCL,6196
25900,GEN,
25901,OBC-NCL,6197
25902,GEN,
25903,GEN-EWS,3457
25904,GEN,
25905,OBC-NCL,6198
25906,GEN,
25907,OBC-NCL,6199
25908,GEN,
25909,SC,704
25910,OBC-NCL,6200
25911,GEN,
25912,GEN,
25913,GEN,
25914,GEN,
25915,GEN,
25916,GEN,
25917,GEN-EWS,3458
25918,OBC-NCL,6201
25919,GEN,
25920,SC,705
25921,GEN-EWS,3459
25922,GEN,
25923,GEN,
25924,GEN-EWS,3460
25925,GEN,
25926,OBC-NCL,6202
25927,GEN-EWS,3461
25928,GEN,
25929,OBC-NCL,6203
25930,SC,706
25931,GEN-EWS,3462
25932,GEN,
25933,GEN,
25934,SC,707
25935,SC,708
25936,OBC-NCL,6204
25937,GEN-EWS,3463
25938,OBC-NCL,6205
25939,GEN,
25940,OBC-NCL,6206
25941,GEN-EWS,3464
25942,GEN-EWS,3465
25943,OBC-NCL,6207
25944,GEN-EWS,3466
25945,GEN,
25946,GEN,
25947,GEN,
25948,GEN-EWS,3467
25949,OBC-NCL,6208
25950,GEN,
25951,OBC-NCL,6210
25952,SC,709
25953,OBC-NCL,6211
25954,OBC-NCL,6212
25955,GEN,
25956,GEN,
25957,OBC-NCL,6213
25958,GEN,
25959,GEN-EWS,3468
25960,GEN,
25961,SC,710
25962,GEN,
25963,GEN,
25964,GEN,
25965,GEN,
25966,OBC-NCL,6214
25967,GEN,
25968,OBC-NCL,6215
25969,OBC-NCL,6216
25970,OBC-NCL,6217
25971,OBC-NCL,6218
25972,OBC-NCL,6219
25973,GEN,
25974,SC,711
25975,OBC-NCL,6220
25976,GEN,
25977,GEN,
25978,GEN-EWS,3469
25979,OBC-NCL,6221
25980,GEN,
25981,OBC-NCL,6222
25982,ST,172
25983,OBC-NCL,6223
25984,OBC-NCL,6224
25985,GEN,
25986,GEN,
25987,GEN-EWS,3470
25988,SC,712
25989,GEN,
25990,ST,173
25991,GEN,
25992,SC,713
25993,OBC-NCL,6225
25994,GEN-EWS,3471
25995,GEN,
25996,SC,714
25997,GEN,
25998,OBC-NCL,6226
25999,SC,715
26000,GEN-EWS,3472
26001,GEN-EWS,3473
26002,OBC-NCL,6227
26003,GEN,
26004,GEN,
26005,GEN,
26006,GEN,
26007,GEN,
26008,OBC-NCL,6228
26009,GEN-EWS,3474
26010,SC,716
26011,GEN-EWS,3475
26012,OBC-NCL,6229
26013,GEN,
26014,OBC-NCL,6230
26015,GEN-EWS,3476
26016,GEN,
26017,GEN,
26018,OBC-NCL,6231
26019,GEN,
26020,OBC-NCL,6232
26021,GEN,
26022,GEN-EWS,3477
26023,GEN-EWS,3478
26024,GEN,
26025,GEN,
26026,GEN,
26027,GEN,
26028,OBC-NCL,6233
26029,GEN-EWS,3479
26030,OBC-NCL,6234
26031,GEN-EWS,3480
26032,GEN,
26033,GEN,
26034,GEN-EWS,3482
26035,GEN,
26036,GEN,
26037,GEN-EWS,3483
26038,OBC-NCL,6236
26039,OBC-NCL,6237
26040,GEN,
26041,GEN,
26042,OBC-NCL,6238
26043,GEN,
26044,GEN,
26045,GEN,
26046,OBC-NCL,6239
26047,GEN,
26048,GEN,
26049,OBC-NCL,6240
26050,GEN,
26051,GEN,
26052,GEN-EWS,3484
26053,GEN,
26054,GEN,
26055,GEN-EWS,3485
26056,GEN-EWS,3486
26057,GEN,
26058,GEN-EWS,3487
26059,GEN,
26060,GEN,
26061,GEN,
26062,OBC-NCL,6241
26063,GEN,
26064,GEN,
26065,GEN,
26066,GEN,
26067,OBC-NCL,6242
26068,GEN,
26069,GEN,
26070,OBC-NCL,6243
26071,GEN,
26072,GEN,
26073,GEN,
26074,GEN,
26075,GEN-EWS,3488
26076,GEN,
26077,GEN,
26078,OBC-NCL,6244
26079,GEN-EWS,3489
26080,GEN-EWS,3490
26081,GEN,
26082,OBC-NCL,6245
26083,OBC-NCL,6246
26084,OBC-NCL,6247
26085,SC,717
26086,OBC-NCL,6248
26087,OBC-NCL,6249
26088,GEN,
26089,GEN-EWS,3491
26090,GEN,
26091,GEN,
26092,GEN-EWS,3492
26093,GEN,
26094,GEN-EWS,3493
26095,GEN,
26096,GEN,
26097,GEN-EWS,3494
26098,GEN,
26099,OBC-NCL,6250
26100,GEN-EWS,3495
26101,GEN-EWS,3496
26102,GEN,
26103,GEN,
26104,GEN-EWS,3497
26105,OBC-NCL,6251
26106,GEN,
26107,GEN-EWS,3498
26108,GEN,
26109,OBC-NCL,6252
26110,GEN,
26111,GEN,
26112,OBC-NCL,6253
26113,GEN,
26114,GEN,
26115,GEN,
26116,GEN-EWS,3499
26117,GEN,
26118,GEN,
26119,GEN,
26120,OBC-NCL,6254
26121,GEN,
26122,OBC-NCL,6255
26123,GEN-EWS,3500
26124,GEN,
26125,GEN,
26126,OBC-NCL,6256
26127,GEN,
26128,GEN,
26129,GEN,
26130,OBC-NCL,6257
26131,GEN,
26132,GEN,
26133,GEN,
26134,OBC-NCL,6258
26135,GEN,
26136,OBC-NCL,6259
26137,GEN,
26138,GEN,
26139,GEN,
26140,OBC-NCL,6261
26141,GEN,
26142,GEN-EWS,3501
26143,GEN,
26144,OBC-NCL,6262
26145,GEN,
26146,GEN-EWS,3502
26147,OBC-NCL,6263
26148,GEN,
26149,GEN-EWS,3503
26150,OBC-NCL,6264
26151,GEN,
26152,GEN,
26153,GEN,
26154,GEN,
26155,GEN,
26156,OBC-NCL,6265
26157,GEN,
26158,OBC-NCL,6266
26159,GEN,
26160,GEN-EWS,3504
26161,GEN,
26161,OBC-NCL,6267
26163,GEN,
26164,GEN,
26165,GEN,
26166,GEN,
26167,GEN,
26168,GEN,
26169,GEN-EWS,3505
26170,GEN,
26171,GEN,
26172,GEN,
26173,OBC-NCL,6268
26174,GEN,
26175,OBC-NCL,6269
26176,GEN,
26177,GEN,
26178,GEN,
26179,OBC-NCL,6270
26180,GEN-EWS,3506
26181,GEN,
26182,GEN,
26183,GEN,
26184,OBC-NCL,6271
26185,GEN,
26186,GEN-EWS,3507
26187,GEN,
26188,GEN,
26189,GEN,
26190,GEN-EWS,3508
26191,OBC-NCL,6272
26192,OBC-NCL,6273
26193,GEN-EWS,3509
26194,GEN-EWS,3510
26195,GEN-EWS,3511
26196,OBC-NCL,6274
26197,OBC-NCL,6275
26198,GEN,
26199,GEN,
26200,GEN,
26201,OBC-NCL,6276
26202,GEN,
26203,GEN,
26204,GEN,
26205,GEN,
26206,GEN,
26207,GEN,
26208,GEN,
26209,GEN,
26210,GEN,
26211,GEN,
26212,GEN-EWS,3512
26213,OBC-NCL,6277
26214,GEN-EWS,3513
26215,OBC-NCL,6278
26216,OBC-NCL,6279
26217,GEN,
26218,GEN,
26219,GEN-EWS,3514
26220,GEN,
26221,GEN,
26222,GEN,
26223,GEN,
26224,SC,718
26225,GEN,
26226,GEN,
26227,GEN,
26228,GEN-EWS,3515
26229,OBC-NCL,6280
26230,OBC-NCL,6281
26231,GEN,
26232,SC,719
26233,SC,720
26234,OBC-NCL,6282
26235,OBC-NCL,6283
26236,OBC-NCL,6284
26237,OBC-NCL,6285
26238,OBC-NCL,6286
26239,OBC-NCL,6287
26240,GEN,
26241,GEN,
26242,SC,721
26243,OBC-NCL,6288
26244,GEN,
26245,GEN,
26246,OBC-NCL,6289
26247,GEN,
26248,OBC-NCL,6290
26249,GEN,
26250,GEN,
26251,GEN,
26252,GEN,
26252,GEN,
26254,GEN-EWS,3516
26255,GEN,
26256,SC,722
26257,GEN-EWS,3517
26258,OBC-NCL,6291
26259,OBC-NCL,6292
26260,GEN,
26261,OBC-NCL,6293
26262,GEN,
26263,GEN,
26264,GEN,
26265,GEN-EWS,3518
26266,OBC-NCL,6294
26267,OBC-NCL,6295
26268,GEN,
26269,OBC-NCL,6296
26270,OBC-NCL,6297
26271,GEN,
26272,GEN,
26273,GEN-EWS,3519
26274,OBC-NCL,6298
26275,OBC-NCL,6299
26276,GEN-EWS,3520
26277,GEN,
26278,GEN-EWS,3521
26279,GEN,
26280,GEN-EWS,3522
26281,OBC-NCL,6300
26282,GEN,
26283,OBC-NCL,6301
26284,OBC-NCL,6302
26285,GEN,
26286,GEN,
26287,GEN,
26288,OBC-NCL,6303
26289,OBC-NCL,6304
26290,GEN,
26291,GEN-EWS,3523
26292,GEN-EWS,6305
26293,OBC-NCL,6306
26294,GEN-EWS,3524
26295,OBC-NCL,6307
26296,GEN,
26297,OBC-NCL,6308
26298,GEN-EWS,3525
26299,GEN,
26300,GEN-EWS,3526
26301,GEN,
26302,GEN,
26303,GEN-EWS,3527
26304,GEN,
26305,OBC-NCL,6309
26306,GEN,
26307,OBC-NCL,6310
26308,GEN,
26309,OBC-NCL,6311
26310,OBC-NCL,6312
26311,GEN,
26312,GEN,
26313,GEN,
26314,GEN,
26315,GEN,
26316,GEN,
26316,OBC-NCL,6313
26318,GEN-EWS,3528
26319,GEN,
26320,GEN,
26321,GEN,
26322,GEN-EWS,3529
26323,OBC-NCL,6314
26324,GEN,
26325,GEN,
26326,GEN,
26327,OBC-NCL,6315
26328,GEN-EWS,3530
26329,OBC-NCL,6316
26330,GEN,
26331,GEN-EWS,3531
26332,GEN,
26333,GEN,
26334,GEN,
26335,OBC-NCL,6317
26336,GEN,
26337,GEN,
26338,GEN,
26339,GEN,
26340,GEN,
26341,GEN-EWS,3532
26342,GEN,
26343,GEN-EWS,3533
26344,OBC-NCL,6318
26345,OBC-NCL,6319
26346,OBC-NCL,6320
26347,GEN,
26348,GEN-EWS,3534
26349,GEN-EWS,3535
26350,SC,723
26351,OBC-NCL,6321
26352,OBC-NCL,6322
26353,OBC-NCL,6323
26354,OBC-NCL,6324
26355,GEN,
26356,OBC-NCL,6325
26357,GEN,
26358,OBC-NCL,6326
26359,GEN,
26360,GEN,
26361,OBC-NCL,6327
26362,GEN-EWS,3536
26363,SC,724
26364,GEN,
26365,GEN,
26366,OBC-NCL,6328
26367,OBC-NCL,6329
26368,OBC-NCL,6330
26369,GEN,
26370,SC,725
26371,GEN,
26372,GEN,
26373,GEN,
26374,GEN,
26375,GEN,
26376,GEN,
26377,GEN,
26378,OBC-NCL,6331
26379,OBC-NCL,6332
26380,ST,176
26381,GEN,
26382,GEN,
26383,GEN,
26384,GEN,
26385,GEN,
26386,GEN,
26387,GEN-EWS,3537
26388,OBC-NCL,6333
26389,GEN-EWS,3538
26390,OBC-NCL,6334
26391,OBC-NCL,6335
26392,GEN,
26393,GEN,
26394,GEN,
26395,GEN-EWS,3540
26396,GEN,
26397,OBC-NCL,6336
26398,OBC-NCL,6337
26399,OBC-NCL,6338
26400,OBC-NCL,6339
26401,GEN,
26402,GEN,
26403,GEN,
26404,SC,726
26405,OBC-NCL,6340
26406,GEN-EWS,3541
26407,GEN-EWS,3542
26408,GEN,
26409,OBC-NCL,6341
26410,GEN,
26411,GEN,
26412,GEN,
26413,GEN-EWS,3543
26414,GEN,
26415,GEN,
26416,GEN,
26417,GEN,
26418,GEN,
26419,OBC-NCL,6342
26420,OBC-NCL,6343
26421,OBC-NCL,6344
26422,SC,727
26423,GEN-EWS,3544
26424,GEN,
26425,GEN,
26426,OBC-NCL,6345
26426,OBC-NCL,6345
26428,OBC-NCL,6347
26429,OBC-NCL,6348
26430,GEN,
26431,OBC-NCL,6349
26432,GEN-EWS,3545
26433,GEN,
26434,GEN-EWS,3546
26435,OBC-NCL,6350
26436,OBC-NCL,6351
26437,OBC-NCL,6352
26438,OBC-NCL,6353
26439,GEN,
26440,GEN,
26441,GEN,
26442,OBC-NCL,6354
26443,GEN,
26444,OBC-NCL,6355
26445,OBC-NCL,6356
26446,GEN,
26447,OBC-NCL,6357
26448,GEN-EWS,3547
26449,SC,728
26450,GEN,
26451,OBC-NCL,6358
26452,GEN-EWS,3548
26453,OBC-NCL,6359
26454,OBC-NCL,6360
26455,GEN-EWS,3549
26456,GEN-EWS,3550
26457,OBC-NCL,6361
26458,GEN,
26459,SC,729
26460,GEN,
26461,GEN,
26462,GEN,
26463,GEN,
26464,OBC-NCL,6362
26465,OBC-NCL,6363
26466,GEN,
26467,GEN,
26468,OBC-NCL,6364
26469,GEN,
26470,OBC-NCL,6365
26471,GEN,
26472,OBC-NCL,6366
26473,OBC-NCL,6367
26474,GEN,
26475,GEN-EWS,3551
26476,GEN,
26477,GEN,
26478,GEN,
26479,GEN,
26480,OBC-NCL,6368
26481,GEN,
26482,OBC-NCL,6369
26483,GEN-EWS,3552
26484,GEN,
26485,GEN-EWS,3553
26486,OBC-NCL,6370
26487,GEN-EWS,3554
26488,GEN,
26489,OBC-NCL,6371
26490,GEN,
26491,GEN,
26492,SC,730
26493,GEN,
26494,GEN,
26495,OBC-NCL,6372
26496,GEN,
26497,GEN,
26498,GEN,
26499,OBC-NCL,6373
26500,GEN,
26501,GEN,
26502,GEN,
26503,GEN-EWS,3555
26504,OBC-NCL,6374
26505,GEN-EWS,3556
26506,GEN,
26507,GEN-EWS,3557
26508,GEN-EWS,3558
26509,SC,731
26510,OBC-NCL,6375
26511,GEN-EWS,3559
26512,GEN,
26513,GEN,
26514,SC,732
26515,GEN,
26516,GEN,
26517,OBC-NCL,6376
26518,GEN,
26519,OBC-NCL,6377
26520,OBC-NCL,6378
26521,GEN,
26522,GEN,
26523,OBC-NCL,6379
26524,GEN-EWS,3560
26525,OBC-NCL,6380
26526,GEN,
26527,GEN,
26528,GEN,
26529,GEN,
26530,GEN-EWS,3561
26531,GEN,
26532,GEN,
26533,GEN,
26534,GEN-EWS,3562
26535,OBC-NCL,6381
26536,GEN,
26537,GEN,
26538,GEN,
26538,GEN-EWS,3563
26540,OBC-NCL,6382
26541,GEN-EWS,3564
26542,OBC-NCL,6383
26543,OBC-NCL,6384
26544,GEN-EWS,3565
26545,OBC-NCL,6385
26546,GEN-EWS,3566
26547,GEN,
26548,OBC-NCL,6386
26549,OBC-NCL,6387
26550,GEN,
26551,OBC-NCL,6388
26552,GEN,
26553,GEN,
26554,OBC-NCL,6389
26555,GEN-EWS,3567
26556,GEN-EWS,3568
26557,GEN-EWS,3569
26558,GEN,
26559,GEN,
26560,GEN-EWS,3570
26561,GEN,
26562,SC,733
26563,OBC-NCL,6390
26564,OBC-NCL,6391
26565,GEN-EWS,3571
26566,GEN,
26567,OBC-NCL,6392
26568,GEN-EWS,3572
26569,OBC-NCL,6393
26570,OBC-NCL,6394
26571,ST,177
26572,GEN-EWS,3573
26573,GEN,
26574,GEN,
26575,GEN,
26576,GEN,
26577,GEN,
26578,OBC-NCL,6395
26579,GEN,
26580,SC,734
26581,OBC-NCL,6396
26582,GEN-EWS,3574
26583,GEN-EWS,3575
26584,GEN,
26585,GEN,
26586,GEN,
26587,OBC-NCL,6398
26588,GEN,
26589,OBC-NCL,6399
26590,SC,735
26591,OBC-NCL,6400
26592,GEN,
26593,GEN-EWS,3576
26594,GEN,
26595,GEN-EWS,3577
26596,GEN,
26597,OBC-NCL,6402
26598,OBC-NCL,6403
26599,OBC-NCL,6404
26600,GEN,
26601,OBC-NCL,6405
26602,SC,736
26603,GEN,
26604,OBC-NCL,6406
26605,GEN,
26606,GEN,
26607,GEN-EWS,3578
26608,OBC-NCL,6407
26609,SC,737
26610,GEN,
26611,OBC-NCL,6408
26612,OBC-NCL,6409
26613,ST,178
26614,OBC-NCL,6410
26615,GEN,
26616,OBC-NCL,6411
26617,GEN,
26618,GEN-EWS,3579
26619,GEN,
26620,ST,179
26621,GEN,
26622,GEN,
26623,GEN,
26624,GEN,
26625,OBC-NCL,6412
26626,OBC-NCL,6413
26627,OBC-NCL,6414
26628,GEN-EWS,3580
26629,GEN,
26630,GEN,
26631,GEN-EWS,3581
26632,GEN,
26633,GEN,
26634,SC,738
26635,OBC-NCL,6416
26636,GEN,
26637,GEN,
26638,OBC-NCL,6417
26639,GEN,
26640,GEN,
26641,GEN,
26642,OBC-NCL,6418
26643,GEN-EWS,3582
26644,GEN,
26645,GEN-EWS,3583
26646,GEN-EWS,3584
26647,GEN,
26648,OBC-NCL,6419
26649,GEN,
26650,OBC-NCL,6420
26651,GEN,
26652,GEN,
26653,OBC-NCL,6421
26654,GEN,
26655,OBC-NCL,6422
26656,OBC-NCL,6423
26657,GEN-EWS,3585
26658,GEN,
26659,GEN,
26660,OBC-NCL,6424
26661,GEN-EWS,3586
26662,GEN-EWS,3587
26663,GEN,
26664,OBC-NCL,6425
26665,GEN,
26666,OBC-NCL,6426
26667,GEN-EWS,3588
26668,GEN-EWS,3589
26669,GEN,
26670,GEN-EWS,3590
26671,GEN,
26672,GEN,
26673,OBC-NCL,6428
26674,GEN,
26675,GEN,
26676,OBC-NCL,6430
26677,OBC-NCL,6431
26678,OBC-NCL,6432
26679,OBC-NCL,6433
26680,GEN,
26681,GEN,
26682,GEN,
26683,GEN-EWS,3591
26684,GEN,
26685,GEN,
26686,OBC-NCL,6434
26687,GEN,
26688,GEN,
26689,GEN,
26690,OBC-NCL,6435
26691,OBC-NCL,6436
26692,GEN,
26693,GEN,
26694,GEN,
26695,GEN,
26696,SC,739
26697,GEN,
26698,OBC-NCL,6438
26699,GEN,
26700,OBC-NCL,6439
26701,GEN-EWS,3592
26702,OBC-NCL,6440
26703,GEN,
26704,OBC-NCL,6441
26705,GEN-EWS,3593
26706,GEN-EWS,3594
26707,GEN,
26708,GEN,
26709,GEN,
26710,GEN-EWS,3595
26711,GEN,
26712,GEN,
26713,GEN,
26714,GEN,
26715,OBC-NCL,6442
26716,GEN,
26717,OBC-NCL,6443
26718,GEN,
26719,GEN,
26720,GEN-EWS,3596
26721,GEN,
26722,GEN,
26723,GEN,
26724,SC,740
26725,GEN,
26726,GEN,
26727,GEN,
26728,OBC-NCL,6444
26729,GEN,
26730,GEN-EWS,3597
26731,GEN,
26732,GEN,
26733,GEN,
26734,GEN,
26735,GEN,
26736,GEN-EWS,3598
26737,GEN-EWS,3599
26738,GEN,
26739,GEN,
26740,GEN,
26741,GEN,
26742,GEN-EWS,3600
26743,GEN,
26744,GEN,
26745,OBC-NCL,6446
26746,OBC-NCL,6447
26747,GEN,
26748,OBC-NCL,6448
26749,GEN-EWS,3601
26750,GEN,
26751,GEN,
26752,GEN-EWS,3602
26753,GEN,
26754,OBC-NCL,6449
26755,OBC-NCL,6450
26756,GEN,
26757,SC,741
26758,GEN,
26759,GEN,
26760,GEN-EWS,3603
26761,GEN,
26762,GEN,
26763,GEN,
26764,OBC-NCL,6451
26765,OBC-NCL,6452
26766,OBC-NCL,6453
26767,GEN,
26768,OBC-NCL,6455
26769,SC,742
26770,OBC-NCL,6456
26771,OBC-NCL,6457
26772,OBC-NCL,6458
26773,OBC-NCL,6459
26774,GEN,
26775,GEN-EWS,3604
26776,GEN,
26777,GEN,
26778,GEN,
26779,GEN,
26780,GEN,
26781,SC,743
26782,GEN,
26783,SC,744
26784,OBC-NCL,6460
26785,GEN,
26786,OBC-NCL,6461
26787,OBC-NCL,6462
26788,GEN,
26789,GEN-EWS,3605
26790,GEN-EWS,3606
26791,GEN,
26792,OBC-NCL,6463
26793,GEN,
26794,GEN-EWS,3607
26795,OBC-NCL,6464
26796,OBC-NCL,6465
26797,GEN,
26798,OBC-NCL,6466
26799,OBC-NCL,6467
26800,GEN,
26801,OBC-NCL,6468
26802,GEN,
26803,GEN-EWS,3608
26804,GEN,
26805,OBC-NCL,6469
26806,SC,745
26807,GEN,
26808,GEN-EWS,3609
26809,GEN,
26810,GEN,
26811,GEN,
26812,GEN,
26813,OBC-NCL,6470
26814,GEN-EWS,3610
26815,OBC-NCL,6471
26816,OBC-NCL,6472
26817,OBC-NCL,6473
26818,OBC-NCL,6474
26819,GEN-EWS,3611
26820,GEN,
26821,GEN,
26822,OBC-NCL,6475
26823,GEN-EWS,3612
26824,GEN,
26825,GEN-EWS,3613
26826,OBC-NCL,6476
26827,GEN-EWS,3614
26828,GEN,
26829,GEN,
26830,OBC-NCL,6477
26831,OBC-NCL,6478
26832,OBC-NCL,6479
26833,GEN,
26834,GEN,
26835,GEN,
26836,GEN,
26837,OBC-NCL,6480
26838,GEN,
26839,GEN,
26840,SC,746
26841,OBC-NCL,6481
26842,GEN,
26843,GEN,
26844,GEN,
26845,GEN,
26846,GEN-EWS,3615
26847,SC,747
26848,GEN,
26849,GEN,
26850,GEN,
26851,GEN,
26852,GEN,
26853,GEN,
26854,GEN,
26855,GEN,
26856,GEN-EWS,3616
26857,GEN,
26858,OBC-NCL,6482
26859,OBC-NCL,6483
26860,GEN,
26861,GEN,
26862,GEN,
26863,GEN,
26864,GEN,
26865,OBC-NCL,6484
26866,GEN,
26867,GEN,
26868,GEN-EWS,3617
26869,GEN,
26870,OBC-NCL,6485
26871,GEN,
26872,GEN,
26872,GEN,
26874,GEN,
26875,OBC-NCL,6486
26876,GEN,
26877,GEN,
26878,GEN,
26879,GEN,
26879,OBC-NCL,6487
26881,GEN,
26882,GEN-EWS,3618
26883,GEN,
26884,GEN,
26885,OBC-NCL,6488
26886,GEN,
26887,GEN,
26888,OBC-NCL,6489
26889,OBC-NCL,6490
26890,GEN,
26891,OBC-NCL,6491
26892,GEN,
26893,GEN,
26894,OBC-NCL,6492
26895,GEN,
26896,OBC-NCL,6493
26897,GEN,
26898,GEN,
26899,GEN,
26900,GEN,
26901,GEN,
26902,GEN,
26903,OBC-NCL,6494
26904,GEN-EWS,3619
26905,GEN,
26906,GEN-EWS,3620
26907,GEN-EWS,3621
26908,OBC-NCL,6495
26909,GEN,
26910,GEN,
26911,OBC-NCL,6496
26912,GEN,
26913,GEN,
26914,OBC-NCL,6497
26915,OBC-NCL,6498
26916,GEN-EWS,3622
26917,OBC-NCL,6499
26918,OBC-NCL,6500
26919,GEN,
26920,GEN-EWS,3623
26921,SC,748
26922,GEN,
26923,GEN-EWS,3624
26924,GEN,
26925,GEN,
26926,GEN,
26927,OBC-NCL,6501
26928,GEN,
26929,GEN,
26930,GEN-EWS,3625
26931,GEN,
26932,GEN,
26933,GEN,
26934,GEN-EWS,3626
26935,OBC-NCL,6502
26936,OBC-NCL,6503
26937,OBC-NCL,6504
26938,GEN-EWS,3627
26939,GEN,
26940,GEN,
26941,OBC-NCL,6505
26942,GEN-EWS,3628
26942,OBC-NCL,6506
26944,OBC-NCL,6507
26945,GEN,
26946,GEN,
26947,GEN,
26948,GEN,
26949,GEN,
26950,GEN,
26951,GEN-EWS,3629
26952,GEN,
26953,OBC-NCL,6508
26954,GEN,
26955,OBC-NCL,6509
26956,GEN-EWS,3630
26957,GEN-EWS,3631
26958,GEN,
26959,OBC-NCL,6510
26960,GEN,
26961,OBC-NCL,6511
26962,GEN,
26963,GEN,
26964,OBC-NCL,6512
26965,GEN,
26966,GEN-EWS,3632
26967,GEN-EWS,3633
26968,OBC-NCL,6513
26969,GEN,
26969,GEN,
26971,OBC-NCL,6514
26972,GEN-EWS,3634
26973,GEN,
26974,GEN,
26975,GEN,
26976,GEN,
26977,GEN-EWS,3635
26978,GEN-EWS,3636
26979,GEN,
26980,OBC-NCL,6515
26981,OBC-NCL,6516
26982,GEN,
26983,OBC-NCL,6517
26984,OBC-NCL,6518
26985,GEN,
26986,GEN,
26987,OBC-NCL,6519
26988,OBC-NCL,6520
26989,GEN,
26990,GEN,
26991,GEN,
26992,SC,749
26993,GEN,
26994,GEN,
26995,OBC-NCL,6521
26996,GEN-EWS,3637
26997,GEN,
26998,GEN-EWS,3638
26999,GEN,
27000,OBC-NCL,6522
27001,GEN,
27002,GEN,
27003,SC,750
27004,OBC-NCL,6523
27005,OBC-NCL,6524
27006,SC,751
27007,OBC-NCL,6525
27008,SC,752
27009,OBC-NCL,6526
27010,GEN,
27011,SC,753
27012,SC,754
27013,GEN,
27014,GEN,
27015,GEN-EWS,3640
27016,GEN,
27017,GEN,
27018,OBC-NCL,6527
27019,OBC-NCL,6528
27020,OBC-NCL,6529
27021,OBC-NCL,6530
27022,OBC-NCL,6531
27023,GEN,
27024,OBC-NCL,6532
27025,OBC-NCL,6533
27026,GEN,
27027,OBC-NCL,6534
27028,GEN-EWS,3641
27029,OBC-NCL,6535
27030,ST,180
27031,GEN,
27032,OBC-NCL,6536
27033,GEN,
27034,GEN,
27035,SC,755
27036,OBC-NCL,6537
27037,OBC-NCL,6538
27038,OBC-NCL,6539
27039,ST,181
27040,OBC-NCL,6540
27041,GEN-EWS,3642
27042,GEN,
27043,GEN,
27044,GEN,
27045,GEN-EWS,3643
27046,GEN,
27047,GEN,
27048,GEN,
27049,GEN,
27050,GEN,
27051,GEN,
27052,GEN-EWS,3644
27053,GEN-EWS,3645
27054,GEN-EWS,3646
27055,OBC-NCL,6541
27056,GEN,
27057,OBC-NCL,6542
27058,OBC-NCL,6543
27059,GEN,
27060,GEN,
27061,GEN-EWS,3647
27062,GEN,
27063,OBC-NCL,6544
27064,OBC-NCL,6545
27065,GEN,
27066,OBC-NCL,6546
27067,OBC-NCL,6547
27068,OBC-NCL,6548
27069,GEN-EWS,3648
27070,OBC-NCL,6549
27071,GEN,
27072,GEN,
27073,ST,182
27074,GEN,
27075,GEN,
27076,GEN,
27077,GEN,
27078,GEN,
27079,OBC-NCL,6550
27080,GEN,
27081,GEN,
27082,GEN,
27083,OBC-NCL,6551
27084,OBC-NCL,6552
27085,OBC-NCL,6553
27086,GEN,
27087,GEN,
27088,GEN,
27089,OBC-NCL,6554
27090,GEN-EWS,3649
27091,GEN-EWS,3650
27092,GEN,
27093,GEN,
27094,OBC-NCL,6555
27095,GEN,
27096,GEN,
27097,GEN,
27098,GEN-EWS,3651
27099,SC,756
27100,GEN-EWS,3652
27101,GEN,
27102,SC,757
27103,GEN,
27104,GEN,
27105,GEN-EWS,3653
27106,GEN,
27107,GEN,
27108,OBC-NCL,6556
27109,GEN,
27110,GEN,
27111,GEN,
27112,GEN,
27113,GEN,
27114,GEN,
27115,GEN,
27116,OBC-NCL,6557
27117,GEN,
27118,GEN,
27119,OBC-NCL,6558
27120,GEN,
27121,GEN,
27122,GEN,
27123,OBC-NCL,6559
27124,OBC-NCL,6560
27125,GEN,
27126,OBC-NCL,6561
27127,OBC-NCL,6562
27128,GEN,
27129,GEN,
27130,OBC-NCL,6563
27131,GEN,
27132,GEN,
27133,GEN,
27134,GEN,
27135,SC,758
27136,SC,759
27137,OBC-NCL,6564
27138,GEN,
27139,GEN-EWS,3654
27140,OBC-NCL,6565
27141,OBC-NCL,6566
27142,OBC-NCL,6567
27143,OBC-NCL,6568
27144,OBC-NCL,6569
27145,GEN,
27146,GEN,
27147,GEN,
27148,GEN-EWS,3655
27149,GEN,
27150,OBC-NCL,6570
27151,GEN,
27152,OBC-NCL,6571
27153,GEN,
27154,GEN,
27155,GEN,
27156,OBC-NCL,6572
27157,GEN,
27158,GEN-EWS,3656
27159,OBC-NCL,6573
27160,GEN,
27161,GEN,
27162,GEN-EWS,3657
27163,GEN-EWS,3658
27164,OBC-NCL,6574
27165,GEN-EWS,3659
27166,OBC-NCL,6575
27167,OBC-NCL,6576
27168,GEN,
27169,GEN,
27170,GEN,
27171,OBC-NCL,6577
27172,GEN,
27173,GEN-EWS,3660
27174,GEN,
27175,OBC-NCL,6578
27176,GEN,
27177,GEN-EWS,3661
27178,SC,760
27179,GEN,
27180,GEN,
27181,GEN-EWS,3662
27182,SC,761
27183,OBC-NCL,6579
27184,GEN,
27185,GEN-EWS,3663
27186,GEN,
27187,OBC-NCL,6580
27188,GEN,
27189,GEN,
27190,GEN,
27191,OBC-NCL,6581
27192,OBC-NCL,6582
27193,GEN,
27194,GEN-EWS,3664
27195,SC,762
27196,GEN,
27197,OBC-NCL,6583
27198,GEN-EWS,3665
27199,OBC-NCL,6584
27200,GEN-EWS,3666
27201,GEN,
27202,GEN-EWS,3667
27203,GEN-EWS,3668
27204,OBC-NCL,6585
27205,GEN,
27206,GEN,
27207,GEN-EWS,3669
27208,GEN,
27209,GEN-EWS,3670
27210,GEN,
27211,GEN,
27212,GEN-EWS,3671
27213,GEN,
27214,GEN-EWS,3672
27215,GEN-EWS,3673
27216,OBC-NCL,6586
27217,SC,763
27218,GEN-EWS,3674
27219,GEN,
27220,GEN,
27221,GEN-EWS,3675
27222,OBC-NCL,6587
27223,GEN,
27224,OBC-NCL,6588
27225,OBC-NCL,6589
27226,GEN,
27227,GEN,
27228,GEN-EWS,3676
27229,OBC-NCL,6591
27230,GEN,
27231,OBC-NCL,6592
27232,GEN,
27233,OBC-NCL,6593
27234,OBC-NCL,6594
27235,OBC-NCL,6595
27236,GEN-EWS,3677
27237,GEN-EWS,3678
27238,GEN,
27239,GEN,
27240,GEN-EWS,3679
27241,GEN,
27242,GEN,
27243,OBC-NCL,6596
27244,OBC-NCL,6597
27245,GEN-EWS,3681
27246,SC,764
27247,GEN-EWS,3682
27248,GEN,
27249,GEN,
27250,OBC-NCL,6598
27251,GEN,
27252,GEN,
27253,OBC-NCL,6599
27254,GEN,
27255,GEN,
27256,GEN,
27257,GEN-EWS,3683
27258,GEN,
27259,GEN,
27260,GEN,
27261,GEN,
27262,GEN,
27263,OBC-NCL,6600
27264,GEN,
27265,GEN,
27266,GEN,
27267,GEN-EWS,3684
27268,GEN,
27269,GEN-EWS,3685
27270,GEN,
27271,OBC-NCL,6601
27272,GEN,
27273,GEN,
27274,GEN,
27275,OBC-NCL,6602
27276,GEN,
27277,GEN,
27278,OBC-NCL,6603
27279,OBC-NCL,6604
27280,GEN,
27281,ST,183
27282,OBC-NCL,6605
27283,OBC-NCL,6606
27284,OBC-NCL,6607
27285,GEN-EWS,3686
27286,GEN-EWS,3687
27287,GEN,
27288,GEN,
27289,GEN,
27290,GEN,
27291,OBC-NCL,6608
27292,GEN,
27293,OBC-NCL,6609
27294,GEN,
27295,GEN,
27296,GEN-EWS,3688
27297,GEN-EWS,3689
27297,OBC-NCL,6610
27299,GEN,
27300,GEN,
27301,OBC-NCL,6611
27302,GEN,
27303,GEN,
27304,OBC-NCL,6613
27305,GEN,
27306,OBC-NCL,6614
27307,GEN-EWS,3690
27308,GEN-EWS,3691
27309,GEN,
27310,GEN-EWS,3692
27311,GEN,
27312,GEN,
27313,GEN,
27314,OBC-NCL,6615
27315,GEN,
27316,GEN,
27317,GEN,
27318,GEN,
27319,GEN,
27320,GEN-EWS,3693
27321,GEN,
27322,OBC-NCL,6616
27323,OBC-NCL,6617
27324,GEN-EWS,3694
27325,GEN,
27326,GEN,
27327,GEN,
27328,GEN,
27329,GEN,
27330,GEN,
27331,GEN-EWS,3695
27332,GEN,
27333,GEN-EWS,3696
27334,GEN,
27335,OBC-NCL,6618
27336,GEN,
27337,GEN,
27338,GEN,
27339,GEN,
27340,GEN,
27341,GEN,
27342,OBC-NCL,6619
27343,OBC-NCL,6620
27344,GEN,
27345,OBC-NCL,6621
27346,OBC-NCL,6622
27347,GEN,
27348,GEN,
27349,OBC-NCL,6623
27350,GEN,
27351,OBC-NCL,6624
27352,OBC-NCL,6625
27353,OBC-NCL,6626
27354,GEN,
27355,GEN,
27356,GEN,
27357,GEN-EWS,3697
27358,GEN-EWS,3698
27359,GEN-EWS,3699
27360,ST,184
27361,GEN,
27362,GEN,
27363,GEN-EWS,3701
27364,GEN,
27365,OBC-NCL,6627
27366,OBC-NCL,6628
27367,OBC-NCL,6629
27368,GEN,
27369,GEN,
27370,OBC-NCL,6630
27371,SC,766
27372,GEN-EWS,3702
27373,GEN,
27374,GEN-EWS,3703
27375,GEN-EWS,3704
27376,GEN,
27377,OBC-NCL,6631
27378,OBC-NCL,6632
27379,GEN-EWS,3705
27380,GEN,
27381,OBC-NCL,6633
27382,OBC-NCL,6634
27383,OBC-NCL,6635
27384,GEN,
27385,OBC-NCL,6636
27386,GEN,
27387,GEN,
27388,GEN,
27389,GEN,
27390,GEN,
27391,GEN,
27392,OBC-NCL,6637
27393,GEN,
27394,GEN,
27395,GEN,
27396,GEN,
27397,GEN-EWS,3706
27398,GEN,
27399,OBC-NCL,6638
27400,OBC-NCL,6639
27401,GEN,
27402,GEN-EWS,3707
27403,GEN,
27404,GEN,
27405,GEN,
27406,GEN,
27407,OBC-NCL,6640
27408,GEN,
27409,OBC-NCL,6641
27410,OBC-NCL,6642
27411,OBC-NCL,6643
27412,OBC-NCL,6644
27413,OBC-NCL,6645
27414,GEN,
27415,OBC-NCL,6646
27416,GEN,
27417,SC,767
27418,GEN-EWS,3708
27419,GEN-EWS,3709
27420,GEN-EWS,3710
27421,GEN,
27422,GEN,
27423,OBC-NCL,6647
27424,GEN,
27425,OBC-NCL,6648
27426,GEN-EWS,3711
27427,GEN,
27428,OBC-NCL,6649
27429,GEN,
27430,GEN-EWS,3712
27431,GEN,
27432,GEN-EWS,3713
27433,GEN,
27434,GEN,
27435,GEN-EWS,3714
27436,GEN-EWS,3715
27437,GEN-EWS,3716
27438,GEN,
27439,GEN,
27440,OBC-NCL,6650
27441,GEN,
27442,SC,768
27443,OBC-NCL,6651
27444,OBC-NCL,6652
27445,GEN,
27446,OBC-NCL,6653
27447,GEN-EWS,3717
27448,OBC-NCL,6654
27449,OBC-NCL,6655
27450,GEN,
27451,SC,769
27452,GEN,
27453,GEN,
27454,OBC-NCL,6656
27455,GEN-EWS,3718
27456,GEN,
27457,GEN,
27458,GEN,
27459,GEN,
27460,GEN,
27461,GEN,
27462,GEN,
27463,GEN,
27464,OBC-NCL,6657
27465,GEN,
27466,GEN,
27467,GEN,
27468,GEN,
27469,GEN,
27470,OBC-NCL,6658
27471,GEN,
27472,GEN,
27473,GEN,
27474,GEN,
27475,GEN-EWS,3719
27476,GEN,
27477,ST,185
27478,OBC-NCL,6659
27479,GEN,
27480,OBC-NCL,6660
27481,OBC-NCL,6661
27482,GEN-EWS,3720
27483,GEN-EWS,3721
27484,GEN,
27485,GEN,
27486,OBC-NCL,6662
27487,GEN-EWS,3722
27488,GEN,
27489,GEN,
27490,GEN,
27491,GEN,
27492,GEN,
27493,GEN,
27494,OBC-NCL,6663
27495,GEN-EWS,3723
27496,OBC-NCL,6664
27497,GEN,
27498,GEN,
27499,OBC-NCL,6665
27500,GEN,
27501,OBC-NCL,6666
27502,GEN-EWS,3724
27503,OBC-NCL,6667
27504,OBC-NCL,6668
27505,OBC-NCL,6669
27506,GEN,
27507,GEN,
27508,GEN,
27509,GEN,
27510,GEN,
27511,GEN,
27512,OBC-NCL,6670
27513,GEN,
27513,GEN,
27515,OBC-NCL,6671
27516,OBC-NCL,6672
27517,GEN,
27517,GEN-EWS,3725
27519,GEN,
27520,GEN,
27521,GEN,
27522,OBC-NCL,6673
27523,GEN,
27524,GEN,
27525,GEN-EWS,3726
27526,GEN,
27527,OBC-NCL,6674
27528,GEN,
27529,OBC-NCL,6675
27530,OBC-NCL,6676
27531,OBC-NCL,6677
27532,SC,770
27533,GEN-EWS,3727
27534,GEN,
27535,GEN,
27536,GEN,
27537,OBC-NCL,6678
27538,GEN,
27539,GEN,
27540,OBC-NCL,6679
27541,OBC-NCL,6680
27542,GEN,
27543,GEN,
27544,SC,771
27545,GEN-EWS,3728
27546,OBC-NCL,6681
27547,OBC-NCL,6682
27548,OBC-NCL,6683
27549,OBC-NCL,6684
27550,GEN,
27551,GEN,
27552,GEN,
27553,OBC-NCL,6685
27554,OBC-NCL,6686
27555,OBC-NCL,6687
27556,OBC-NCL,6688
27557,GEN,
27558,GEN,
27559,GEN,
27560,GEN,
27561,GEN,
27562,GEN,
27563,GEN,
27564,GEN,
27565,OBC-NCL,6689
27566,OBC-NCL,6690
27567,OBC-NCL,6691
27568,OBC-NCL,6692
27569,GEN,
27570,GEN,
27571,SC,773
27572,GEN,
27573,OBC-NCL,6693
27574,GEN,
27575,OBC-NCL,6694
27576,GEN-EWS,3729
27577,GEN,
27578,OBC-NCL,6695
27579,GEN-EWS,3730
27580,OBC-NCL,6696
27581,GEN,
27582,OBC-NCL,6697
27583,GEN-EWS,3731
27584,OBC-NCL,6698
27585,GEN,
27586,GEN,
27587,GEN,
27588,GEN,
27589,OBC-NCL,6699
27590,GEN,
27591,OBC-NCL,6700
27592,OBC-NCL,6701
27593,GEN,
27594,GEN,
27595,GEN,
27596,GEN,
27597,OBC-NCL,6702
27598,GEN-EWS,3732
27599,OBC-NCL,6703
27600,SC,774
27601,GEN,
27602,GEN,
27603,GEN,
27604,OBC-NCL,6704
27605,GEN,
27606,OBC-NCL,6705
27607,GEN,
27608,GEN,
27609,OBC-NCL,6706
27610,OBC-NCL,6707
27611,GEN-EWS,3733
27612,OBC-NCL,6708
27613,OBC-NCL,6709
27614,GEN-EWS,3734
27615,GEN,
27616,GEN,
27617,GEN,
27618,OBC-NCL,6710
27619,GEN,
27620,GEN-EWS,3735
27621,GEN,
27622,GEN,
27623,OBC-NCL,6711
27624,GEN-EWS,3736
27625,OBC-NCL,6712
27626,GEN,
27627,GEN-EWS,3737
27628,OBC-NCL,6713
27629,GEN,
27630,GEN,
27631,GEN-EWS,3738
27632,GEN,
27633,SC,776
27634,OBC-NCL,6714
27635,GEN,
27636,GEN,
27637,OBC-NCL,6715
27638,GEN,
27638,SC,777
27640,OBC-NCL,6716
27641,OBC-NCL,6717
27642,GEN-EWS,3739
27643,GEN,
27644,GEN,
27645,GEN,
27646,GEN,
27647,GEN-EWS,3740
27648,OBC-NCL,6718
27649,GEN,
27650,OBC-NCL,6719
27651,GEN,
27652,GEN,
27653,OBC-NCL,6720
27654,OBC-NCL,6721
27654,OBC-NCL,6721
27656,GEN-EWS,3741
27656,GEN-EWS,3741
27658,GEN-EWS,3743
27659,ST,186
27660,GEN-EWS,3744
27661,OBC-NCL,6723
27662,OBC-NCL,6724
27663,OBC-NCL,6725
27664,GEN,
27665,GEN,
27666,SC,778
27667,GEN,
27668,OBC-NCL,6726
27669,GEN,
27670,GEN,
27671,OBC-NCL,6727
27672,GEN,
27673,GEN,
27674,GEN,
27675,OBC-NCL,6728
27676,GEN,
27677,GEN-EWS,3745
27678,GEN,
27679,GEN,
27680,GEN,
27681,GEN,
27682,GEN,
27683,GEN-EWS,3747
27684,GEN,
27685,GEN,
27686,GEN-EWS,3748
27687,GEN,
27688,OBC-NCL,6729
27689,OBC-NCL,6730
27690,GEN,
27691,GEN,
27692,OBC-NCL,779
27693,GEN-EWS,3749
27694,OBC-NCL,6731
27695,SC,780
27696,OBC-NCL,6732
27697,GEN,
27698,GEN,
27699,GEN,
27700,GEN-EWS,3750
27701,SC,781
27702,OBC-NCL,6733
27703,GEN-EWS,3751
27704,OBC-NCL,6734
27705,GEN,
27706,GEN,
27707,GEN,
27708,GEN,
27709,OBC-NCL,6735
27710,GEN,
27711,GEN,
27712,OBC-NCL,6736
27713,OBC-NCL,6737
27714,OBC-NCL,6738
27715,OBC-NCL,6739
27716,GEN,
27717,OBC-NCL,6740
27718,SC,782
27719,GEN,
27720,OBC-NCL,6741
27721,GEN,
27722,GEN-EWS,3752
27723,OBC-NCL,6742
27724,GEN,
27725,OBC-NCL,6743
27726,GEN,
27727,GEN,
27728,GEN,
27729,GEN,
27730,GEN,
27731,GEN,
27732,GEN,
27733,GEN,
27734,GEN,
27735,GEN,
27736,GEN,
27737,GEN-EWS,3753
27738,SC,783
27739,OBC-NCL,6745
27740,GEN,
27741,GEN,
27742,GEN,
27743,GEN,
27744,GEN,
27745,GEN,
27746,GEN-EWS,3754
27747,OBC-NCL,6746
27748,OBC-NCL,6747
27749,GEN,
27750,GEN-EWS,3755
27751,GEN,
27752,GEN,
27753,OBC-NCL,6748
27754,SC,784
27755,GEN-EWS,3756
27756,ST,187
27757,OBC-NCL,6749
27758,OBC-NCL,6750
27759,OBC-NCL,6751
27760,GEN,
27761,GEN,
27762,GEN-EWS,3757
27763,OBC-NCL,6752
27764,GEN-EWS,3758
27765,OBC-NCL,6753
27766,OBC-NCL,6754
27767,GEN,
27768,SC,785
27769,OBC-NCL,6755
27770,OBC-NCL,6756
27771,OBC-NCL,6757
27772,GEN,
27773,GEN,
27774,GEN,
27775,GEN,
27776,GEN,
27777,GEN,
27778,OBC-NCL,6758
27779,GEN-EWS,3759
27780,OBC-NCL,6759
27781,GEN-EWS,3760
27782,OBC-NCL,6760
27783,GEN,
27784,OBC-NCL,6761
27785,OBC-NCL,6762
27786,GEN,
27787,OBC-NCL,6763
27788,OBC-NCL,6764
27789,GEN,
27790,OBC-NCL,6765
27791,OBC-NCL,6766
27792,GEN,
27793,GEN,
27794,GEN-EWS,3761
27795,GEN,
27796,ST,188
27797,OBC-NCL,6767
27798,OBC-NCL,6768
27799,OBC-NCL,6769
27800,GEN,
27801,OBC-NCL,6770
27802,GEN,
27803,SC,786
27804,OBC-NCL,6771
27805,OBC-NCL,6772
27806,GEN-EWS,3762
27807,ST,189
27808,GEN,
27809,GEN,
27810,GEN,
27811,OBC-NCL,6773
27812,GEN,
27813,GEN-EWS,3763
27814,ST,190
27815,OBC-NCL,6774
27816,GEN,
27817,OBC-NCL,6775
27818,OBC-NCL,6776
27819,OBC-NCL,6777
27820,GEN,
27821,GEN,
27822,OBC-NCL,6778
27823,GEN,
27824,GEN,
27825,OBC-NCL,6779
27826,GEN,
27827,OBC-NCL,6780
27828,GEN,
27829,GEN,
27830,GEN-EWS,3764
27831,OBC-NCL,6781
27832,GEN-EWS,3765
27833,GEN,
27834,GEN,
27835,GEN,
27836,GEN,
27837,GEN,
27838,GEN,
27839,GEN,
27840,GEN,
27841,GEN-EWS,3766
27842,OBC-NCL,6782
27843,GEN,
27844,OBC-NCL,6783
27845,OBC-NCL,6784
27846,GEN-EWS,3767
27847,OBC-NCL,6785
27848,GEN-EWS,3768
27849,OBC-NCL,6786
27850,SC,787
27851,GEN-EWS,3769
27852,GEN,
27853,SC,788
27854,OBC-NCL,6787
27855,GEN,
27856,GEN,
27857,GEN,
27858,OBC-NCL,6788
27859,OBC-NCL,6789
27860,OBC-NCL,6790
27861,GEN-EWS,3770
27862,GEN,
27863,GEN,
27864,GEN,
27865,GEN,
27866,GEN,
27867,GEN,
27868,GEN,
27869,GEN,
27870,GEN-EWS,3771
27871,GEN,
27872,GEN,
27873,GEN,
27874,GEN-EWS,3772
27875,OBC-NCL,6791
27876,GEN,
27877,OBC-NCL,6792
27878,GEN-EWS,3773
27879,GEN,
27880,GEN,
27881,GEN-EWS,3774
27882,GEN,
27883,GEN,
27884,GEN,
27885,GEN,
27886,GEN-EWS,3775
27887,GEN-EWS,3776
27888,GEN-EWS,3777
27889,OBC-NCL,6793
27890,GEN,
27891,GEN,
27892,OBC-NCL,6794
27893,GEN,
27894,GEN,
27894,GEN,
27896,GEN,
27897,OBC-NCL,6795
27898,GEN-EWS,3778
27899,GEN,
27900,OBC-NCL,6796
27901,GEN-EWS,3779
27902,GEN,
27903,GEN,
27904,GEN,
27905,GEN,
27906,GEN,
27907,OBC-NCL,6797
27908,GEN-EWS,3780
27909,GEN,
27910,GEN,
27911,OBC-NCL,789
27912,GEN-EWS,3781
27913,GEN,
27914,GEN,
27915,GEN-EWS,3782
27916,GEN,
27917,OBC-NCL,6798
27918,GEN-EWS,3783
27919,GEN,
27919,GEN,
27921,GEN,
27922,GEN,
27923,GEN,
27924,GEN,
27925,OBC-NCL,6799
27926,GEN,
27927,GEN,
27928,OBC-NCL,6800
27929,GEN,
27930,GEN,
27931,OBC-NCL,6801
27932,SC,790
27933,GEN,
27934,GEN,
27935,GEN,
27936,GEN,
27937,OBC-NCL,6802
27938,OBC-NCL,6803
27939,GEN-EWS,3784
27940,GEN,
27941,OBC-NCL,6804
27942,GEN,
27943,GEN,
27944,GEN-EWS,3785
27945,GEN-EWS,3786
27946,GEN,
27947,GEN,
27948,GEN,
27949,OBC-NCL,6805
27950,OBC-NCL,6806
27951,GEN,
27952,OBC-NCL,6807
27953,GEN,
27954,OBC-NCL,6808
27955,GEN,
27956,ST,191
27957,GEN,
27958,GEN-EWS,3787
27959,GEN,
27960,GEN-EWS,3788
27961,OBC-NCL,6809
27962,GEN,
27963,GEN,
27964,GEN,
27965,SC,792
27966,OBC-NCL,6810
27967,GEN,
27968,GEN,
27969,OBC-NCL,6811
27970,GEN,
27971,GEN,
27972,GEN,
27973,OBC-NCL,6813
27974,OBC-NCL,6814
27975,GEN,
27976,OBC-NCL,6815
27977,GEN,
27978,GEN,
27979,GEN-EWS,3789
27980,GEN,
27981,GEN,
27982,GEN,
27983,GEN,
27984,OBC-NCL,6816
27985,GEN,
27986,OBC-NCL,6817
27987,GEN,
27988,GEN-EWS,3790
27989,OBC-NCL,6818
27990,GEN,
27991,OBC-NCL,6819
27992,OBC-NCL,6820
27993,GEN,
27994,GEN-EWS,3791
27995,OBC-NCL,6821
27996,OBC-NCL,6822
27997,GEN-EWS,3792
27998,GEN-EWS,3793
27999,GEN-EWS,3794
28000,GEN,
28001,OBC-NCL,6823
28002,GEN,
28003,OBC-NCL,6824
28004,GEN-EWS,3795
28005,GEN,
28006,OBC-NCL,6826
28007,GEN-EWS,3796
28008,OBC-NCL,6827
28009,OBC-NCL,6828
28010,OBC-NCL,6829
28011,GEN,
28012,GEN,
28013,GEN,
28014,GEN,
28015,GEN,
28016,GEN,
28017,OBC-NCL,6830
28018,GEN,
28019,GEN,
28020,GEN,
28021,GEN,
28022,SC,793
28023,GEN,
28024,OBC-NCL,6831
28025,OBC-NCL,6832
28026,GEN,
28027,GEN-EWS,3797
28028,GEN-EWS,3798
28029,GEN,
28030,GEN,
28031,GEN,
28032,GEN,
28033,GEN-EWS,3799
28034,GEN,
28035,GEN,
28036,GEN,
28037,GEN-EWS,3800
28038,GEN-EWS,3801
28039,OBC-NCL,6833
28040,GEN,
28041,GEN-EWS,3802
28042,GEN-EWS,3803
28043,GEN-EWS,3804
28044,GEN-EWS,3805
28045,OBC-NCL,6834
28046,OBC-NCL,6835
28047,GEN,
28048,GEN,
28049,OBC-NCL,6836
28050,GEN,
28051,OBC-NCL,6837
28052,GEN,
28053,GEN,
28054,GEN,
28055,SC,794
28056,OBC-NCL,6838
28057,GEN-EWS,3806
28058,GEN-EWS,3807
28059,GEN,
28060,GEN,
28061,GEN,
28062,GEN,
28063,GEN,
28064,GEN-EWS,3808
28065,GEN,
28066,OBC-NCL,6839
28067,GEN,
28068,GEN,
28069,OBC-NCL,6840
28070,GEN-EWS,3809
28071,OBC-NCL,6841
28072,GEN-EWS,6842
28073,OBC-NCL,6843
28074,GEN,
28075,GEN,
28076,GEN,
28077,GEN,
28078,SC,795
28079,GEN-EWS,3810
28080,GEN,
28081,GEN,
28082,GEN,
28083,GEN,
28083,GEN,
28085,GEN,
28086,GEN,
28087,GEN,
28088,OBC-NCL,6844
28089,GEN,
28090,GEN,
28091,GEN,
28092,GEN,
28093,SC,796
28094,OBC-NCL,6845
28095,GEN,
28096,OBC-NCL,6846
28097,OBC-NCL,6847
28098,OBC-NCL,6848
28099,SC,797
28100,GEN,
28100,OBC-NCL,6849
28102,GEN-EWS,3811
28103,OBC-NCL,6850
28104,GEN,
28105,GEN,
28106,GEN-EWS,3812
28107,GEN,
28108,GEN,
28109,GEN,
28110,GEN,
28111,OBC-NCL,6851
28112,GEN,
28113,OBC-NCL,6852
28114,GEN-EWS,3813
28115,GEN,
28116,OBC-NCL,6853
28117,GEN-EWS,3814
28118,OBC-NCL,6854
28119,GEN,
28120,GEN,
28121,GEN,
28122,OBC-NCL,6855
28123,ST,192
28124,GEN,
28125,GEN-EWS,3815
28126,GEN,
28127,GEN,
28128,GEN,
28129,GEN,
28130,OBC-NCL,6856
28131,OBC-NCL,6857
28132,OBC-NCL,6858
28133,GEN-EWS,3816
28134,GEN,
28135,GEN-EWS,3817
28136,GEN,
28137,GEN,
28138,OBC-NCL,6859
28139,OBC-NCL,6860
28140,GEN,
28141,OBC-NCL,6861
28142,GEN,
28143,GEN-EWS,3818
28144,OBC-NCL,6862
28145,GEN,
28146,GEN,
28147,GEN,
28148,GEN-EWS,3819
28149,OBC-NCL,6863
28150,GEN,
28151,GEN,
28152,SC,193
28153,GEN,
28154,OBC-NCL,6864
28155,GEN-EWS,3820
28156,GEN,
28157,GEN,
28158,GEN,
28159,OBC-NCL,6866
28160,GEN,
28161,OBC-NCL,6867
28162,OBC-NCL,6868
28163,OBC-NCL,6869
28164,OBC-NCL,6870
28165,OBC-NCL,6871
28166,OBC-NCL,6872
28167,OBC-NCL,6873
28168,GEN-EWS,3821
28169,GEN,
28170,OBC-NCL,6874
28171,OBC-NCL,6875
28172,GEN,
28173,GEN,
28174,GEN,
28175,GEN,
28176,GEN,
28177,GEN,
28178,OBC-NCL,6876
28179,OBC-NCL,6877
28180,GEN,
28180,OBC-NCL,6878
28182,OBC-NCL,6879
28183,GEN,
28184,GEN,
28185,OBC-NCL,6880
28186,OBC-NCL,6881
28187,GEN,
28188,OBC-NCL,6883
28189,OBC-NCL,6884
28190,GEN-EWS,3822
28191,GEN,
28192,GEN,
28193,OBC-NCL,6885
28194,OBC-NCL,6886
28195,GEN-EWS,3823
28196,GEN,
28197,GEN,
28198,GEN,
28199,OBC-NCL,6887
28200,GEN-EWS,3824
28201,GEN,
28202,GEN,
28203,GEN,
28204,OBC-NCL,6889
28205,GEN,
28206,OBC-NCL,6890
28207,GEN-EWS,3825
28208,GEN,
28209,GEN,
28210,GEN,
28211,GEN,
28212,OBC-NCL,6891
28213,OBC-NCL,6892
28214,OBC-NCL,6893
28215,OBC-NCL,6894
28216,GEN-EWS,3826
28217,OBC-NCL,6895
28218,OBC-NCL,6896
28219,GEN,
28220,GEN,
28221,GEN-EWS,3827
28222,GEN,
28223,SC,798
28224,GEN-EWS,3828
28225,GEN,
28226,GEN-EWS,3829
28227,OBC-NCL,6897
28228,SC,799
28229,GEN-EWS,3830
28230,GEN-EWS,3831
28231,GEN-EWS,3832
28232,GEN,
28233,OBC-NCL,6898
28234,GEN,
28235,GEN,
28236,ST,194
28237,OBC-NCL,6899
28238,GEN-EWS,3833
28239,GEN-EWS,3834
28240,OBC-NCL,6900
28241,OBC-NCL,6901
28242,ST,195
28243,OBC-NCL,6902
28244,GEN,
28245,GEN-EWS,3835
28246,GEN,
28247,GEN-EWS,3836
28248,GEN,
28249,GEN,
28250,GEN,
28251,OBC-NCL,6903
28252,GEN-EWS,3837
28253,OBC-NCL,6904
28254,GEN,
28255,GEN-EWS,3838
28256,GEN,
28257,GEN,
28258,GEN,
28259,OBC-NCL,6905
28260,GEN,
28261,GEN-EWS,3839
28262,GEN,
28263,GEN,
28264,OBC-NCL,6906
28265,OBC-NCL,6907
28266,GEN-EWS,3840
28267,OBC-NCL,6908
28268,GEN,
28269,GEN,
28270,GEN,
28271,GEN-EWS,3841
28272,GEN,
28273,GEN-EWS,3842
28274,GEN,
28275,GEN,
28276,OBC-NCL,6910
28277,GEN,
28278,OBC-NCL,6911
28279,GEN-EWS,3844
28280,OBC-NCL,6912
28281,OBC-NCL,6913
28282,GEN,
28283,GEN,
28284,GEN,
28285,GEN-EWS,3845
28286,OBC-NCL,6914
28287,GEN,
28288,OBC-NCL,6915
28289,OBC-NCL,6916
28290,GEN-EWS,3846
28291,OBC-NCL,6917
28292,OBC-NCL,6918
28293,OBC-NCL,6919
28294,SC,800
28295,GEN,
28296,GEN,
28297,GEN,
28298,OBC-NCL,6920
28299,OBC-NCL,6921
28300,OBC-NCL,6922
28301,OBC-NCL,6923
28302,OBC-NCL,6924
28303,GEN,
28304,GEN-EWS,3847
28305,OBC-NCL,6925
28306,GEN,
28307,OBC-NCL,6926
28308,GEN,
28309,GEN,
28310,OBC-NCL,6927
28311,GEN-EWS,3848
28311,OBC-NCL,6928
28313,OBC-NCL,6929
28314,GEN,
28315,OBC-NCL,6930
28316,OBC-NCL,6931
28317,OBC-NCL,6932
28318,GEN,
28319,ST,196
28320,GEN,
28321,OBC-NCL,6933
28322,GEN-EWS,3849
28323,OBC-NCL,6934
28324,GEN-EWS,3850
28325,GEN,
28326,GEN,
28327,GEN,
28328,GEN,
28329,OBC-NCL,6935
28330,OBC-NCL,6936
28331,OBC-NCL,6937
28332,GEN,
28333,GEN,
28334,GEN,
28335,OBC-NCL,6938
28336,GEN-EWS,3851
28337,GEN,
28338,GEN,
28339,GEN,
28340,GEN,
28341,GEN,
28342,GEN-EWS,3852
28343,GEN-EWS,3853
28344,GEN,
28345,GEN,
28346,GEN-EWS,3854
28347,GEN,
28348,GEN,
28349,OBC-NCL,6939
28350,GEN-EWS,3855
28351,GEN,
28352,GEN,
28353,GEN,
28354,OBC-NCL,6941
28355,GEN-EWS,3856
28356,OBC-NCL,6942
28357,GEN,
28358,SC,801
28359,GEN-EWS,3857
28360,GEN-EWS,3858
28361,GEN-EWS,3859
28362,GEN,
28363,OBC-NCL,6943
28364,GEN,
28365,SC,802
28366,GEN,
28367,GEN,
28368,GEN,
28369,GEN,
28370,GEN,
28371,GEN-EWS,3860
28372,GEN,
28373,OBC-NCL,6944
28374,GEN,
28375,OBC-NCL,6945
28376,GEN,
28377,GEN,
28378,GEN,
28379,GEN-EWS,3861
28380,OBC-NCL,6946
28381,GEN,
28382,GEN,
28383,OBC-NCL,6947
28384,SC,803
28385,OBC-NCL,6948
28386,GEN,
28387,GEN,
28388,GEN-EWS,3862
28389,OBC-NCL,6949
28390,SC,804
28391,GEN,
28392,GEN-EWS,3863
28393,OBC-NCL,6950
28394,OBC-NCL,6951
28395,SC,805
28396,GEN,
28397,OBC-NCL,6952
28398,OBC-NCL,6953
28399,OBC-NCL,6954
28400,SC,806
28401,GEN,
28402,GEN-EWS,3864
28403,GEN,
28404,GEN,
28405,GEN-EWS,3865
28406,GEN,
28407,SC,807
28408,OBC-NCL,6955
28409,GEN,
28410,OBC-NCL,6956
28411,OBC-NCL,6957
28412,SC,808
28413,GEN-EWS,3866
28414,GEN,
28415,GEN,
28416,SC,809
28417,GEN,
28418,GEN,
28419,GEN,
28420,GEN,
28421,OBC-NCL,6958
28422,GEN-EWS,3867
28423,OBC-NCL,6959
28424,GEN,
28425,GEN,
28426,GEN,
28427,GEN,
28428,OBC-NCL,6960
28429,SC,810
28430,OBC-NCL,6961
28431,ST,197
28432,SC,811
28433,OBC-NCL,6962
28434,GEN-EWS,3868
28435,OBC-NCL,6965
28436,SC,812
28437,OBC-NCL,6966
28438,GEN-EWS,3869
28439,GEN-EWS,3870
28440,OBC-NCL,6967
28441,OBC-NCL,6968
28442,GEN,
28443,GEN,
28444,OBC-NCL,6969
28445,GEN,
28446,SC,813
28447,OBC-NCL,6970
28448,GEN,
28449,SC,814
28450,GEN,
28451,OBC-NCL,6971
28452,GEN,
28453,OBC-NCL,6972
28454,GEN-EWS,3871
28455,GEN,
28456,GEN,
28457,SC,815
28458,OBC-NCL,6973
28459,GEN-EWS,3872
28460,OBC-NCL,6974
28461,GEN,
28462,OBC-NCL,6975
28463,GEN,
28464,OBC-NCL,6976
28465,OBC-NCL,6977
28466,GEN,
28467,GEN,
28468,GEN,
28469,GEN-EWS,3873
28470,GEN,
28471,GEN,
28472,GEN,
28473,GEN,
28474,GEN,
28475,GEN,
28476,GEN,
28477,GEN,
28478,SC,816
28479,GEN,
28480,GEN,
28481,GEN,
28482,GEN,
28483,OBC-NCL,6978
28484,GEN-EWS,3874
28485,OBC-NCL,6979
28486,GEN,
28487,GEN,
28488,OBC-NCL,6980
28489,GEN-EWS,3875
28490,GEN,
28491,OBC-NCL,6981
28492,OBC-NCL,6982
28493,GEN,
28494,GEN,
28495,GEN-EWS,3876
28496,OBC-NCL,6983
28497,GEN,
28498,GEN,
28499,GEN,
28499,GEN,
28501,OBC-NCL,6984
28502,GEN-EWS,3877
28503,OBC-NCL,6985
28504,GEN,
28505,GEN-EWS,3878
28506,GEN-EWS,6986
28507,OBC-NCL,6987
28508,OBC-NCL,6988
28509,GEN,
28510,GEN-EWS,3879
28511,GEN,
28512,GEN,
28513,GEN,
28514,GEN-EWS,3880
28515,SC,817
28516,OBC-NCL,6989
28517,OBC-NCL,6990
28518,GEN-EWS,3881
28519,GEN-EWS,3882
28520,GEN,
28521,GEN,
28522,OBC-NCL,6991
28523,GEN,
28524,GEN,
28525,GEN-EWS,3883
28526,GEN,
28527,GEN,
28528,OBC-NCL,6992
28529,GEN-EWS,3884
28530,GEN,
28531,OBC-NCL,6993
28532,GEN-EWS,3885
28533,GEN,
28534,GEN-EWS,3886
28535,GEN,
28536,GEN,
28537,OBC-NCL,6994
28538,GEN,
28539,OBC-NCL,6995
28540,OBC-NCL,6996
28541,GEN,
28542,OBC-NCL,6997
28543,GEN,
28544,OBC-NCL,6998
28545,GEN,
28546,SC,818
28547,GEN,
28548,GEN,
28549,GEN-EWS,3887
28550,GEN,
28551,GEN,
28552,GEN-EWS,3888
28553,GEN,
28554,GEN,
28555,GEN,
28556,GEN,
28557,SC,819
28558,GEN,
28559,OBC-NCL,6999
28560,OBC-NCL,7000
28561,GEN-EWS,3889
28562,GEN,
28563,GEN,
28564,GEN,
28565,GEN-EWS,3890
28566,GEN,
28567,GEN-EWS,3891
28568,OBC-NCL,7001
28569,GEN,
28570,GEN,
28571,GEN,
28572,OBC-NCL,7002
28573,GEN,
28574,GEN,
28575,GEN,
28576,GEN,
28577,GEN-EWS,3892
28578,OBC-NCL,7003
28579,GEN,
28580,GEN-EWS,3893
28581,GEN-EWS,3894
28582,GEN,
28583,GEN,
28584,GEN,
28585,OBC-NCL,7004
28585,OBC-NCL,7004
28587,GEN,
28588,GEN,
28588,OBC-NCL,7006
28590,GEN,
28591,GEN,
28592,GEN,
28593,GEN,
28594,GEN,
28595,GEN-EWS,3895
28596,SC,820
28597,GEN,
28598,GEN,
28599,GEN,
28600,GEN,
28601,OBC-NCL,7007
28602,OBC-NCL,7008
28603,GEN,
28604,GEN,
28605,SC,821
28606,OBC-NCL,7009
28607,GEN,
28608,GEN,
28609,GEN,
28610,GEN-EWS,3896
28611,GEN,
28612,GEN-EWS,3897
28613,OBC-NCL,7010
28614,OBC-NCL,7011
28615,SC,822
28616,ST,198
28617,GEN,
28618,GEN-EWS,3898
28619,GEN,
28620,GEN-EWS,3899
28621,GEN,
28622,SC,823
28623,GEN,
28624,OBC-NCL,7012
28625,GEN,
28626,GEN,
28627,GEN,
28628,GEN,
28629,GEN,
28630,GEN,
28631,GEN,
28632,OBC-NCL,7013
28633,GEN,
28634,SC,824
28635,OBC-NCL,7014
28636,ST,199
28637,GEN-EWS,3900
28638,OBC-NCL,7015
28639,GEN,
28640,OBC-NCL,7016
28641,GEN,
28642,GEN,
28643,GEN-EWS,3901
28644,GEN,
28644,OBC-NCL,7017
28646,GEN-EWS,3902
28647,OBC-NCL,7018
28648,OBC-NCL,7019
28649,OBC-NCL,7020
28650,GEN-EWS,3903
28651,GEN,
28652,OBC-NCL,7021
28653,GEN,
28654,GEN,
28655,GEN,
28656,GEN-EWS,3904
28657,GEN,
28658,OBC-NCL,7022
28659,GEN-EWS,3905
28660,OBC-NCL,7023
28661,OBC-NCL,7024
28662,OBC-NCL,7025
28663,GEN-EWS,3906
28664,GEN,
28665,GEN-EWS,3907
28666,OBC-NCL,7026
28667,OBC-NCL,7027
28668,OBC-NCL,7028
28669,GEN,
28670,GEN-EWS,3908
28671,GEN-EWS,3909
28672,GEN-EWS,3910
28673,GEN,
28674,GEN,
28675,GEN,
28676,ST,200
28677,GEN,
28678,GEN-EWS,7029
28679,GEN,
28680,GEN,
28681,GEN,
28682,GEN-EWS,3911
28683,GEN-EWS,3912
28684,GEN-EWS,3913
28685,GEN-EWS,3914
28686,GEN,
28687,GEN,
28688,OBC-NCL,7030
28689,GEN,
28690,GEN,
28691,GEN,
28692,GEN,
28693,GEN,
28694,OBC-NCL,7031
28695,GEN,
28696,OBC-NCL,7032
28697,GEN,
28698,GEN,
28699,OBC-NCL,7033
28700,GEN,
28701,OBC-NCL,7034
28702,GEN,
28703,OBC-NCL,7035
28704,GEN,
28705,GEN,
28706,GEN,
28707,GEN-EWS,3915
28708,GEN,
28709,GEN,
28710,GEN,
28711,GEN,
28712,GEN-EWS,3916
28713,GEN,
28714,GEN,
28715,GEN,
28716,GEN,
28717,GEN,
28718,GEN,
28719,GEN,
28720,GEN,
28721,OBC-NCL,7036
28722,GEN,
28723,SC,825
28724,OBC-NCL,7037
28725,GEN-EWS,3917
28726,GEN-EWS,3918
28727,OBC-NCL,7038
28728,SC,826
28729,GEN,
28730,GEN,
28731,SC,827
28732,OBC-NCL,7039
28733,GEN-EWS,3919
28734,OBC-NCL,7040
28735,GEN,
28736,OBC-NCL,7041
28737,GEN,
28738,GEN,
28739,OBC-NCL,7042
28740,GEN-EWS,3920
28741,GEN,
28742,GEN,
28743,SC,828
28744,GEN,
28745,OBC-NCL,7043
28746,GEN,
28747,GEN,
28748,GEN,
28749,GEN,
28750,OBC-NCL,7044
28751,GEN,
28752,GEN-EWS,3921
28753,OBC-NCL,7045
28754,GEN,
28755,GEN-EWS,3922
28756,OBC-NCL,7046
28757,OBC-NCL,7047
28758,GEN,
28759,GEN-EWS,3923
28760,OBC-NCL,7048
28761,OBC-NCL,7049
28762,GEN,
28763,OBC-NCL,7050
28764,GEN,
28765,GEN,
28766,OBC-NCL,7051
28767,GEN-EWS,3924
28768,OBC-NCL,7052
28769,GEN-EWS,3925
28770,OBC-NCL,7053
28771,OBC-NCL,7054
28772,GEN,
28773,GEN,
28774,OBC-NCL,7055
28775,GEN,
28776,GEN,
28777,GEN,
28778,GEN,
28778,OBC-NCL,7056
28780,SC,201
28781,GEN-EWS,3926
28782,SC,830
28783,GEN,
28784,GEN,
28785,GEN-EWS,3927
28786,GEN-EWS,3928
28787,GEN,
28788,GEN-EWS,3929
28789,OBC-NCL,7057
28790,GEN,
28791,GEN,
28792,OBC-NCL,7058
28793,GEN,
28794,OBC-NCL,7059
28795,GEN,
28796,OBC-NCL,7060
28797,GEN,
28798,GEN-EWS,3930
28799,GEN,
28800,OBC-NCL,7061
28801,GEN-EWS,3931
28802,GEN,
28802,SC,831
28804,GEN,
28805,SC,832
28806,OBC-NCL,7062
28807,OBC-NCL,7063
28808,OBC-NCL,7064
28809,OBC-NCL,7065
28810,OBC-NCL,7066
28811,OBC-NCL,7067
28812,SC,833
28813,GEN,
28814,GEN,
28815,OBC-NCL,7068
28816,OBC-NCL,7069
28817,GEN,
28818,GEN-EWS,3932
28819,GEN,
28820,GEN,
28821,OBC-NCL,7070
28822,GEN,
28823,GEN-EWS,3933
28824,GEN-EWS,3934
28825,GEN,
28826,OBC-NCL,7071
28827,GEN,
28828,GEN,
28829,GEN-EWS,3935
28830,GEN,
28831,OBC-NCL,7072
28832,OBC-NCL,7073
28833,GEN,
28834,GEN,
28835,GEN,
28836,GEN,
28837,OBC-NCL,7074
28838,GEN,
28839,SC,834
28840,GEN,
28841,GEN,
28842,GEN,
28843,OBC-NCL,7075
28844,GEN,
28845,OBC-NCL,7076
28845,OBC-NCL,7076
28847,GEN-EWS,3936
28848,OBC-NCL,7078
28849,GEN-EWS,3937
28850,OBC-NCL,7079
28851,OBC-NCL,7080
28852,GEN,
28853,GEN,
28854,GEN,
28855,SC,835
28856,GEN,
28857,OBC-NCL,7081
28858,GEN-EWS,3938
28859,GEN-EWS,3939
28860,GEN,
28861,OBC-NCL,7082
28862,OBC-NCL,7083
28863,GEN,
28864,GEN,
28865,OBC-NCL,7084
28866,OBC-NCL,7085
28867,GEN,
28868,GEN-EWS,3940
28869,GEN,
28870,GEN,
28871,SC,836
28872,GEN,
28873,OBC-NCL,7086
28874,OBC-NCL,7087
28875,GEN,
28876,OBC-NCL,7088
28877,GEN,
28878,GEN,
28879,GEN,
28880,GEN,
28881,GEN,
28882,OBC-NCL,7089
28883,OBC-NCL,7090
28884,OBC-NCL,7091
28885,OBC-NCL,7092
28886,OBC-NCL,7093
28887,SC,837
28888,GEN,
28889,OBC-NCL,7094
28890,GEN,
28891,GEN-EWS,3941
28892,GEN,
28893,GEN-EWS,3942
28894,GEN-EWS,3943
28895,OBC-NCL,7095
28896,OBC-NCL,7096
28897,GEN-EWS,3944
28898,OBC-NCL,7097
28899,GEN,
28900,OBC-NCL,7098
28901,GEN,
28902,OBC-NCL,7099
28903,GEN,
28904,OBC-NCL,7100
28905,GEN-EWS,3945
28906,GEN-EWS,3946
28907,GEN,
28908,OBC-NCL,7101
28909,SC,838
28910,GEN-EWS,3947
28911,GEN,
28912,GEN,
28913,OBC-NCL,7102
28914,GEN,
28915,OBC-NCL,7103
28916,OBC-NCL,7104
28917,GEN,
28918,GEN,
28919,OBC-NCL,7105
28920,GEN,
28921,GEN,
28922,OBC-NCL,7106
28923,OBC-NCL,7107
28924,GEN,
28925,GEN-EWS,3948
28926,OBC-NCL,7108
28927,OBC-NCL,7109
28928,GEN-EWS,3949
28929,GEN,
28930,OBC-NCL,7110
28931,GEN-EWS,3950
28932,OBC-NCL,7111
28933,OBC-NCL,7112
28934,OBC-NCL,7113
28935,GEN,
28936,GEN,
28936,OBC-NCL,7114
28938,GEN-EWS,3951
28939,OBC-NCL,7115
28940,GEN,
28941,GEN,
28942,OBC-NCL,7116
28943,GEN-EWS,3952
28944,GEN,
28945,GEN-EWS,3953
28946,OBC-NCL,7117
28947,OBC-NCL,7118
28948,GEN,
28949,GEN,
28950,OBC-NCL,7119
28951,OBC-NCL,7120
28952,OBC-NCL,7121
28953,OBC-NCL,7122
28954,GEN,
28955,OBC-NCL,7123
28956,GEN-EWS,3954
28957,GEN,
28958,GEN,
28959,OBC-NCL,7124
28960,SC,839
28961,OBC-NCL,7125
28962,GEN-EWS,3955
28963,GEN,
28964,GEN,
28965,GEN,
28966,GEN,
28967,OBC-NCL,7126
28968,GEN,
28969,OBC-NCL,7127
28970,GEN-EWS,3956
28971,OBC-NCL,7128
28972,GEN,
28973,GEN,
28974,GEN,
28975,OBC-NCL,7129
28976,GEN-EWS,3957
28977,OBC-NCL,7130
28978,OBC-NCL,7131
28979,GEN,
28980,SC,841
28981,GEN,
28982,OBC-NCL,7132
28983,GEN,
28984,GEN,
28985,GEN-EWS,3958
28986,OBC-NCL,7133
28987,OBC-NCL,7134
28988,OBC-NCL,7135
28989,GEN,
28990,GEN,
28991,SC,842
28992,GEN-EWS,3959
28993,GEN,
28994,OBC-NCL,7136
28995,GEN,
28996,GEN-EWS,3960
28997,GEN,
28998,GEN,
28999,OBC-NCL,7137
29000,GEN-EWS,3961
29001,OBC-NCL,7138
29002,OBC-NCL,7139
29003,GEN-EWS,3962
29004,SC,843
29005,ST,202
29006,GEN,
29007,GEN,
29008,GEN,
29009,GEN-EWS,3963
29010,GEN-EWS,3964
29011,GEN,
29012,GEN,
29013,GEN,
29014,GEN-EWS,3965
29015,OBC-NCL,7141
29016,GEN-EWS,3966
29017,OBC-NCL,7142
29018,SC,844
29019,GEN,
29020,OBC-NCL,7143
29021,GEN-EWS,3967
29022,GEN-EWS,3968
29023,GEN,
29024,GEN-EWS,3969
29025,OBC-NCL,7144
29026,GEN,
29027,GEN,
29028,OBC-NCL,7145
29029,GEN,
29030,GEN,
29031,GEN-EWS,3970
29032,GEN,
29033,GEN,
29034,OBC-NCL,7146
29035,GEN-EWS,3971
29036,GEN,
29037,GEN,
29038,OBC-NCL,7147
29039,GEN,
29040,GEN-EWS,3972
29041,GEN,
29042,OBC-NCL,7148
29043,GEN-EWS,3973
29044,GEN-EWS,3974
29045,GEN,
29046,OBC-NCL,7149
29047,GEN,
29048,GEN,
29049,GEN,
29050,OBC-NCL,7150
29051,GEN-EWS,3975
29052,GEN,
29053,SC,845
29054,SC,846
29055,GEN,
29056,SC,847
29057,OBC-NCL,7151
29058,GEN-EWS,3976
29059,GEN,
29060,GEN,
29061,GEN-EWS,3977
29062,GEN,
29063,GEN,
29064,GEN,
29065,GEN,
29066,GEN,
29067,GEN,
29068,GEN,
29069,GEN,
29070,SC,848
29071,GEN,
29072,OBC-NCL,7152
29073,GEN-EWS,3978
29074,GEN-EWS,7153
29075,GEN-EWS,3979
29076,OBC-NCL,7154
29077,GEN,
29078,GEN,
29079,GEN,
29080,GEN-EWS,3980
29081,GEN-EWS,3981
29082,OBC-NCL,7155
29083,OBC-NCL,7156
29084,GEN,
29085,GEN-EWS,7157
29086,GEN,
29087,OBC-NCL,7158
29088,GEN,
29089,GEN,
29090,OBC-NCL,7159
29091,OBC-NCL,7160
29092,GEN,
29093,GEN-EWS,3982
29094,GEN,
29095,GEN,
29096,OBC-NCL,7161
29097,GEN,
29098,GEN,
29099,GEN,
29100,OBC-NCL,7163
29101,OBC-NCL,7164
29102,OBC-NCL,7165
29103,GEN,
29104,GEN-EWS,3983
29105,GEN,
29106,GEN,
29107,GEN-EWS,3984
29108,GEN,
29109,OBC-NCL,7166
29110,OBC-NCL,7167
29111,GEN-EWS,3985
29112,GEN,
29113,OBC-NCL,7168
29114,GEN,
29115,GEN,
29116,GEN-EWS,3986
29117,OBC-NCL,7169
29118,GEN,
29119,GEN,
29120,SC,203
29121,OBC-NCL,7170
29122,GEN-EWS,3987
29123,OBC-NCL,7171
29124,OBC-NCL,7172
29125,GEN-EWS,3988
29126,GEN,
29127,OBC-NCL,7173
29128,GEN-EWS,3989
29129,GEN,
29130,GEN-EWS,3990
29131,GEN-EWS,3991
29132,GEN,
29133,GEN-EWS,3992
29134,GEN,
29135,GEN,
29136,GEN,
29137,GEN,
29138,OBC-NCL,7174
29139,GEN,
29140,GEN-EWS,3993
29141,OBC-NCL,7175
29142,GEN-EWS,3994
29143,GEN,
29144,GEN,
29145,OBC-NCL,7176
29146,GEN,
29147,OBC-NCL,7177
29148,OBC-NCL,7178
29149,SC,849
29150,GEN,
29151,GEN,
29152,OBC-NCL,7179
29153,ST,204
29154,GEN,
29155,OBC-NCL,7180
29156,GEN,
29157,OBC-NCL,7181
29158,OBC-NCL,7182
29159,SC,850
29160,GEN,
29161,GEN,
29162,GEN,
29163,GEN-EWS,3995
29164,OBC-NCL,7183
29165,OBC-NCL,7184
29166,GEN,
29167,GEN,
29168,GEN-EWS,3997
29169,GEN-EWS,3998
29170,GEN-EWS,3999
29171,OBC-NCL,7185
29172,OBC-NCL,7186
29173,GEN-EWS,4000
29174,OBC-NCL,7187
29175,GEN,
29176,OBC-NCL,7188
29177,OBC-NCL,7189
29178,GEN,
29179,GEN,
29180,GEN,
29181,OBC-NCL,7190
29182,GEN,
29183,GEN,
29184,GEN,
29185,GEN,
29186,GEN,
29187,OBC-NCL,7191
29188,OBC-NCL,7192
29189,GEN,
29190,OBC-NCL,7193
29191,GEN-EWS,4001
29192,GEN-EWS,4002
29192,SC,851
29194,GEN,
29194,OBC-NCL,7194
29196,SC,852
29197,GEN,
29198,GEN,
29199,OBC-NCL,7195
29200,GEN,
29201,OBC-NCL,7196
29202,GEN,
29203,GEN,
29204,GEN,
29205,GEN,
29206,OBC-NCL,7197
29207,GEN,
29208,GEN-EWS,4003
29209,GEN,
29210,GEN-EWS,4004
29211,GEN,
29212,GEN,
29213,GEN,
29214,OBC-NCL,7198
29215,GEN-EWS,4005
29216,GEN,
29217,GEN,
29218,GEN,
29219,GEN,
29220,GEN,
29221,SC,853
29222,GEN,
29223,GEN,
29224,OBC-NCL,7199
29225,OBC-NCL,7200
29226,ST,205
29227,OBC-NCL,7201
29228,SC,854
29229,OBC-NCL,7202
29230,GEN,
29231,GEN-EWS,4006
29232,OBC-NCL,7203
29233,GEN,
29234,GEN,
29235,OBC-NCL,7204
29236,SC,855
29237,OBC-NCL,7205
29238,OBC-NCL,7206
29239,GEN,
29240,OBC-NCL,7207
29241,OBC-NCL,7208
29242,OBC-NCL,7209
29243,GEN,
29244,GEN,
29245,OBC-NCL,7210
29246,GEN-EWS,4007
29247,OBC-NCL,7211
29248,GEN,
29249,OBC-NCL,7212
29250,OBC-NCL,7213
29251,SC,856
29252,GEN-EWS,4008
29253,GEN,
29254,GEN,
29255,OBC-NCL,7214
29256,OBC-NCL,7215
29257,GEN,
29258,GEN,
29259,GEN,
29260,GEN,
29261,GEN,
29262,GEN-EWS,4009
29263,GEN,
29264,GEN,
29265,GEN,
29266,GEN,
29267,GEN,
29268,OBC-NCL,7216
29269,GEN-EWS,4010
29270,OBC-NCL,7217
29271,GEN-EWS,4011
29272,OBC-NCL,7218
29273,SC,857
29274,GEN,
29275,OBC-NCL,7219
29276,OBC-NCL,7220
29277,GEN-EWS,4012
29278,GEN,
29279,GEN,
29280,GEN-EWS,4013
29281,GEN,
29282,GEN,
29283,GEN-EWS,4014
29284,OBC-NCL,7221
29285,OBC-NCL,7222
29286,GEN-EWS,4015
29287,GEN-EWS,4016
29288,GEN,
29289,GEN-EWS,4017
29290,GEN,
29291,GEN,
29292,GEN,
29293,GEN-EWS,4018
29294,OBC-NCL,7223
29295,GEN,
29295,OBC-NCL,7224
29297,GEN,
29298,GEN-EWS,4019
29299,ST,206
29300,SC,858
29301,GEN,
29302,GEN,
29303,GEN,
29304,GEN,
29305,GEN,
29306,OBC-NCL,7225
29307,GEN,
29307,GEN,
29309,GEN,
29310,GEN,
29311,GEN-EWS,4020
29312,GEN,
29313,GEN,
29314,GEN,
29315,GEN-EWS,4021
29316,OBC-NCL,7227
29317,GEN,
29318,OBC-NCL,7228
29319,GEN-EWS,4022
29320,GEN,
29321,GEN,
29322,GEN,
29323,GEN,
29324,GEN,
29325,GEN-EWS,4023
29326,GEN-EWS,4024
29327,GEN,
29328,GEN,
29329,GEN-EWS,4025
29330,OBC-NCL,7229
29331,GEN,
29332,OBC-NCL,7230
29333,GEN,
29334,GEN,
29335,GEN,
29336,GEN-EWS,4026
29337,GEN,
29338,SC,859
29339,GEN,
29340,ST,207
29341,GEN,
29342,OBC-NCL,7232
29343,GEN,
29343,GEN-EWS,4027
29345,GEN,
29346,GEN,
29347,GEN,
29348,OBC-NCL,7233
29349,SC,860
29350,GEN,
29351,OBC-NCL,7234
29352,SC,861
29353,OBC-NCL,7235
29354,SC,863
29355,ST,208
29356,GEN,
29357,GEN,
29358,OBC-NCL,7236
29359,GEN,
29360,OBC-NCL,7237
29361,GEN-EWS,4029
29362,GEN-EWS,4030
29363,OBC-NCL,7238
29364,GEN,
29365,GEN-EWS,4031
29366,GEN,
29367,OBC-NCL,7239
29368,OBC-NCL,7240
29369,OBC-NCL,7241
29370,SC,209
29371,GEN,
29372,GEN-EWS,4032
29373,GEN,
29374,OBC-NCL,7242
29375,GEN,
29376,GEN,
29377,GEN,
29378,GEN,
29379,GEN-EWS,4033
29380,GEN,
29381,GEN-EWS,4034
29382,SC,864
29383,GEN,
29384,ST,210
29385,GEN,
29386,GEN,
29387,GEN,
29388,GEN,
29389,GEN-EWS,4035
29390,GEN-EWS,4036
29391,GEN,
29392,GEN,
29393,GEN,
29394,GEN,
29395,OBC-NCL,7243
29396,GEN,
29397,GEN-EWS,4037
29398,GEN-EWS,4038
29399,GEN,
29400,GEN,
29401,GEN,
29402,GEN,
29403,GEN,
29404,GEN,
29405,GEN,
29406,OBC-NCL,7244
29407,OBC-NCL,7245
29408,GEN,
29409,GEN,
29410,GEN,
29411,GEN,
29412,OBC-NCL,7246
29413,GEN,
29414,OBC-NCL,7247
29415,GEN,
29416,OBC-NCL,7248
29417,GEN,
29418,SC,865
29419,GEN,
29420,GEN,
29421,GEN,
29422,GEN,
29423,GEN,
29424,GEN,
29425,OBC-NCL,7249
29426,GEN,
29427,SC,866
29428,GEN,
29429,GEN,
29430,GEN-EWS,4040
29431,GEN,
29432,GEN-EWS,4042
29433,GEN-EWS,4043
29434,GEN,
29435,GEN,
29436,GEN-EWS,4044
29437,GEN,
29438,GEN-EWS,4045
29439,GEN,
29440,GEN,
29441,GEN-EWS,4046
29442,GEN,
29443,GEN,
29444,GEN,
29445,OBC-NCL,7250
29446,GEN-EWS,4047
29447,OBC-NCL,7251
29448,GEN,
29449,OBC-NCL,7252
29450,OBC-NCL,7253
29451,GEN,
29452,GEN,
29453,GEN,
29454,GEN,
29455,OBC-NCL,7254
29456,GEN,
29457,OBC-NCL,7255
29458,GEN-EWS,4048
29459,GEN,
29460,OBC-NCL,7256
29461,GEN,
29462,GEN,
29463,GEN,
29464,GEN,
29465,GEN,
29466,GEN,
29467,OBC-NCL,7257
29468,GEN,
29469,GEN,
29470,GEN,
29471,GEN-EWS,4049
29472,GEN,
29473,GEN,
29474,SC,868
29475,GEN,
29476,OBC-NCL,7258
29477,GEN-EWS,4050
29478,OBC-NCL,7259
29479,GEN,
29480,GEN,
29481,GEN,
29482,GEN,
29483,GEN,
29484,OBC-NCL,7261
29485,OBC-NCL,7262
29486,GEN,
29487,GEN,
29487,OBC-NCL,7263
29489,OBC-NCL,7264
29490,GEN-EWS,4051
29491,GEN,
29492,GEN,
29493,GEN-EWS,7265
29494,GEN-EWS,4052
29495,GEN,
29496,GEN,
29497,GEN,
29498,OBC-NCL,7266
29499,OBC-NCL,7267
29499,OBC-NCL,7267
29501,OBC-NCL,7269
29502,GEN,
29503,GEN-EWS,4053
29504,GEN-EWS,4054
29505,OBC-NCL,7270
29506,GEN,
29507,GEN,
29508,GEN,
29509,OBC-NCL,7271
29510,GEN,
29511,SC,869
29512,GEN-EWS,4055
29513,GEN-EWS,4056
29514,GEN,
29515,OBC-NCL,7272
29516,GEN,
29517,GEN-EWS,4057
29518,GEN,
29519,OBC-NCL,7273
29520,SC,870
29521,OBC-NCL,7274
29522,OBC-NCL,7275
29523,OBC-NCL,7276
29524,GEN,
29525,ST,56
29526,GEN,
29527,GEN-EWS,4058
29528,GEN,
29529,OBC-NCL,7278
29530,GEN,
29531,GEN,
29532,OBC-NCL,7279
29533,OBC-NCL,7280
29534,SC,871
29535,OBC-NCL,7281
29536,GEN,
29537,GEN-EWS,4059
29538,GEN-EWS,4060
29539,SC,872
29540,OBC-NCL,7282
29541,GEN,
29542,OBC-NCL,7283
29543,GEN-EWS,4061
29544,GEN,
29545,GEN,
29546,OBC-NCL,873
29547,GEN-EWS,4062
29548,GEN,
29549,OBC-NCL,7284
29550,OBC-NCL,7285
29551,GEN-EWS,4063
29552,OBC-NCL,7286
29553,OBC-NCL,7287
29554,ST,211
29555,GEN,
29556,SC,874
29557,GEN,
29558,OBC-NCL,7288
29559,GEN-EWS,4064
29560,OBC-NCL,7289
29561,GEN,
29562,GEN,
29563,GEN-EWS,4065
29564,SC,875
29565,SC,876
29566,GEN,
29567,SC,877
29568,OBC-NCL,7290
29569,GEN,
29570,GEN,
29571,OBC-NCL,7291
29572,GEN,
29573,GEN,
29574,GEN,
29575,GEN,
29576,SC,878
29577,GEN,
29578,ST,212
29579,SC,879
29580,SC,880
29581,GEN,
29582,GEN-EWS,4066
29583,OBC-NCL,7292
29584,GEN,
29585,GEN,
29586,OBC-NCL,7293
29587,GEN,
29588,OBC-NCL,7294
29589,GEN,
29590,OBC-NCL,7295
29591,SC,881
29592,OBC-NCL,7296
29592,OBC-NCL,7296
29594,GEN,
29595,OBC-NCL,7298
29596,GEN-EWS,4067
29597,GEN,
29598,GEN,
29599,GEN,
29600,GEN,
29601,GEN-EWS,4068
29602,GEN-EWS,4069
29603,GEN-EWS,4070
29604,GEN,
29605,GEN,
29606,OBC-NCL,7299
29607,OBC-NCL,7300
29608,GEN,
29609,OBC-NCL,7301
29610,OBC-NCL,7302
29611,OBC-NCL,7303
29612,OBC-NCL,7304
29613,GEN-EWS,4071
29614,OBC-NCL,7305
29615,GEN,
29616,GEN,
29617,OBC-NCL,7306
29618,OBC-NCL,7307
29619,OBC-NCL,7308
29620,GEN,
29621,GEN,
29622,GEN-EWS,4072
29623,GEN,
29624,OBC-NCL,7309
29625,GEN,
29626,GEN-EWS,4073
29627,GEN,
29628,GEN,
29629,GEN-EWS,4074
29630,GEN-EWS,4075
29631,GEN,
29632,GEN-EWS,4076
29633,OBC-NCL,7310
29634,GEN-EWS,4077
29635,GEN,
29636,GEN,
29637,OBC-NCL,7311
29638,GEN-EWS,4078
29639,GEN-EWS,4079
29640,OBC-NCL,7312
29641,OBC-NCL,7313
29642,GEN,
29643,GEN,
29644,GEN,
29645,GEN,
29646,GEN,
29647,GEN,
29648,GEN-EWS,4080
29649,GEN,
29650,GEN-EWS,4081
29651,GEN,
29652,GEN,
29653,GEN-EWS,4082
29654,GEN,
29655,GEN,
29656,GEN,
29657,GEN-EWS,4083
29658,GEN,
29659,GEN,
29660,GEN,
29661,GEN,
29662,OBC-NCL,7314
29663,GEN,
29664,GEN-EWS,4084
29665,GEN,
29666,GEN-EWS,4085
29667,OBC-NCL,7315
29668,GEN-EWS,4086
29669,GEN,
29670,GEN,
29671,GEN,
29672,GEN,
29673,GEN,
29674,OBC-NCL,7316
29675,GEN,
29676,GEN-EWS,4087
29677,OBC-NCL,7317
29678,GEN,
29679,GEN,
29680,GEN,
29681,OBC-NCL,7318
29682,GEN,
29683,OBC-NCL,7319
29684,GEN,
29685,GEN,
29686,GEN,
29687,GEN,
29688,GEN,
29689,ST,213
29690,OBC-NCL,7320
29691,OBC-NCL,7321
29692,GEN,
29693,GEN,
29694,GEN,
29695,OBC-NCL,7322
29696,OBC-NCL,7323
29697,GEN,
29698,GEN,
29699,SC,882
29700,GEN,
29701,GEN,
29702,GEN-EWS,4088
29703,GEN,
29704,OBC-NCL,7324
29705,GEN,
29706,GEN,
29707,OBC-NCL,7325
29708,GEN-EWS,4089
29709,GEN,
29710,GEN,
29711,GEN,
29712,GEN,
29713,GEN,
29714,GEN,
29715,GEN,
29716,GEN,
29717,OBC-NCL,7326
29718,GEN-EWS,4090
29719,OBC-NCL,7327
29720,OBC-NCL,7328
29721,GEN,
29722,GEN,
29723,GEN,
29724,GEN-EWS,4091
29725,GEN,
29726,GEN,
29727,OBC-NCL,7329
29728,GEN,
29729,OBC-NCL,7330
29730,GEN,
29731,GEN,
29732,GEN-EWS,4092
29733,GEN,
29734,GEN,
29735,GEN,
29736,GEN,
29737,GEN-EWS,4093
29738,OBC-NCL,7331
29739,GEN,
29740,GEN,
29741,GEN,
29742,GEN-EWS,4094
29743,OBC-NCL,7332
29744,SC,883
29745,OBC-NCL,7333
29746,OBC-NCL,7334
29747,OBC-NCL,7335
29748,GEN,
29749,SC,884
29750,OBC-NCL,7336
29751,GEN,
29752,GEN,
29753,OBC-NCL,7337
29754,GEN,
29755,OBC-NCL,7338
29756,OBC-NCL,7339
29757,GEN-EWS,4096
29758,GEN,
29759,OBC-NCL,7340
29760,OBC-NCL,7341
29761,OBC-NCL,7342
29762,GEN-EWS,4097
29763,GEN-EWS,4098
29764,OBC-NCL,7343
29765,GEN,
29766,GEN,
29767,GEN,
29768,GEN,
29769,GEN-EWS,7344
29770,OBC-NCL,7345
29771,OBC-NCL,7346
29772,GEN,
29773,GEN-EWS,4099
29774,OBC-NCL,7347
29775,GEN,
29776,GEN,
29777,SC,885
29778,GEN,
29779,GEN,
29780,OBC-NCL,7348
29781,GEN,
29782,GEN,
29783,OBC-NCL,7349
29784,GEN-EWS,4100
29785,GEN,
29786,GEN,
29787,GEN,
29788,OBC-NCL,7350
29789,OBC-NCL,7351
29790,GEN-EWS,4102
29791,GEN,
29792,GEN,
29793,OBC-NCL,7352
29794,OBC-NCL,7353
29795,GEN-EWS,4103
29796,GEN,
29797,GEN,
29798,GEN-EWS,4104
29799,GEN,
29800,GEN,
29801,GEN,
29802,OBC-NCL,7354
29803,OBC-NCL,7355
29804,GEN,
29805,SC,886
29806,GEN-EWS,4105
29807,GEN,
29808,GEN-EWS,4106
29809,GEN,
29810,GEN,
29811,OBC-NCL,7356
29812,GEN-EWS,4107
29813,GEN,
29814,GEN,
29815,GEN,
29816,GEN-EWS,4108
29817,GEN,
29818,GEN,
29819,GEN-EWS,4109
29820,GEN,
29821,GEN-EWS,4110
29822,GEN,
29823,OBC-NCL,7357
29824,ST,214
29825,GEN,
29826,OBC-NCL,7358
29827,GEN,
29828,GEN,
29829,OBC-NCL,7359
29830,GEN,
29831,OBC-NCL,7360
29832,OBC-NCL,7361
29833,GEN,
29834,GEN,
29835,OBC-NCL,7362
29836,GEN,
29837,GEN,
29838,OBC-NCL,7363
29839,SC,887
29840,GEN,
29841,GEN,
29842,GEN,
29843,GEN,
29844,OBC-NCL,7364
29845,GEN,
29846,GEN,
29847,GEN-EWS,4111
29848,OBC-NCL,7365
29849,GEN-EWS,4112
29850,GEN-EWS,4113
29851,SC,888
29852,GEN,
29853,GEN,
29854,OBC-NCL,7366
29855,GEN,
29855,OBC-NCL,7367
29855,OBC-NCL,7367
29858,OBC-NCL,7369
29859,GEN,
29860,GEN,
29861,GEN-EWS,4114
29862,GEN,
29863,OBC-NCL,7370
29864,SC,889
29865,GEN,
29866,OBC-NCL,7371
29867,OBC-NCL,7372
29868,GEN-EWS,4115
29869,OBC-NCL,7373
29870,OBC-NCL,7374
29871,GEN,
29872,OBC-NCL,7375
29873,GEN-EWS,4116
29874,OBC-NCL,7376
29875,GEN,
29876,GEN,
29877,GEN,
29878,GEN,
29879,GEN,
29880,GEN,
29881,GEN,
29882,GEN,
29883,GEN,
29884,OBC-NCL,7377
29885,GEN,
29886,GEN,
29887,GEN-EWS,4117
29888,GEN-EWS,4118
29889,GEN,
29890,GEN-EWS,4119
29891,OBC-NCL,7378
29892,GEN,
29893,GEN,
29894,OBC-NCL,7379
29895,OBC-NCL,7380
29896,GEN-EWS,4120
29897,OBC-NCL,7381
29898,GEN,
29899,GEN-EWS,4121
29900,OBC-NCL,7382
29901,OBC-NCL,7383
29902,OBC-NCL,7384
29903,OBC-NCL,7385
29904,GEN,
29905,GEN-EWS,4122
29906,GEN,
29907,OBC-NCL,7386
29908,OBC-NCL,7387
29909,OBC-NCL,7388
29910,GEN,
29911,GEN,
29912,OBC-NCL,7389
29913,OBC-NCL,7390
29914,GEN,
29915,OBC-NCL,7391
29916,GEN-EWS,4123
29917,OBC-NCL,7392
29918,GEN,
29919,GEN,
29920,SC,890
29921,OBC-NCL,7393
29922,OBC-NCL,7394
29923,GEN,
29924,OBC-NCL,7395
29925,OBC-NCL,7396
29926,OBC-NCL,7397
29927,OBC-NCL,7398
29928,GEN,
29929,OBC-NCL,7399
29930,OBC-NCL,7400
29931,GEN,
29932,OBC-NCL,7401
29933,OBC-NCL,7402
29934,OBC-NCL,7403
29935,OBC-NCL,7404
29936,OBC-NCL,7405
29937,OBC-NCL,7406
29938,SC,891
29939,GEN,
29940,GEN,
29941,SC,892
29942,OBC-NCL,7407
29943,SC,893
29944,GEN,
29945,OBC-NCL,7408
29946,SC,894
29947,GEN,
29948,GEN,
29949,GEN,
29950,OBC-NCL,7410
29951,GEN,
29952,OBC-NCL,7411
29953,GEN,
29954,GEN,
29954,GEN,
29956,GEN-EWS,4124
29957,GEN,
29958,GEN,
29959,GEN,
29960,GEN,
29961,GEN-EWS,4125
29962,GEN-EWS,4126
29963,GEN,
29964,OBC-NCL,7412
29965,OBC-NCL,7413
29966,GEN-EWS,4127
29967,GEN,
29968,GEN,
29969,GEN,
29970,OBC-NCL,7414
29971,GEN-EWS,4128
29972,GEN,
29973,GEN,
29974,GEN,
29975,OBC-NCL,7415
29976,OBC-NCL,7416
29977,GEN,
29978,OBC-NCL,7417
29979,GEN-EWS,4129
29980,GEN-EWS,4130
29981,GEN-EWS,4131
29982,GEN,
29983,GEN,
29984,GEN,
29985,GEN,
29986,OBC-NCL,895
29986,ST,215
29988,GEN,
29989,OBC-NCL,7418
29990,GEN-EWS,4132
29991,GEN,
29992,OBC-NCL,7419
29993,OBC-NCL,7420
29994,GEN,
29995,GEN,
29996,OBC-NCL,7421
29997,OBC-NCL,7422
29998,GEN-EWS,4134
29999,GEN-EWS,4135
30000,GEN-EWS,4136
30001,GEN,
30002,GEN,
30003,OBC-NCL,7423
30004,GEN-EWS,4137
30005,GEN,
30006,GEN,
30007,GEN-EWS,4138
30008,OBC-NCL,7424
30009,SC,896
30010,OBC-NCL,7425
30011,OBC-NCL,7426
30012,GEN,
30013,OBC-NCL,7427
30014,GEN-EWS,4139
30015,ST,216
30016,GEN,
30017,OBC-NCL,7428
30018,OBC-NCL,7429
30019,GEN,
30020,OBC-NCL,7430
30021,ST,217
30022,SC,897
30023,GEN,
30024,OBC-NCL,7431
30025,OBC-NCL,7432
30026,GEN,
30027,OBC-NCL,7433
30028,GEN,
30029,GEN,
30030,GEN-EWS,4140
30031,GEN-EWS,4141
30031,OBC-NCL,7434
30033,OBC-NCL,7435
30034,SC,898
30035,SC,899
30036,OBC-NCL,7436
30037,GEN-EWS,4142
30038,OBC-NCL,7437
30039,OBC-NCL,7438
30040,OBC-NCL,7439
30041,SC,900
30042,GEN,
30043,OBC-NCL,7440
30044,GEN,
30045,OBC-NCL,7441
30046,GEN,
30047,SC,901
30048,GEN,
30049,GEN,
30050,SC,902
30051,GEN-EWS,4143
30052,GEN,
30053,SC,903
30054,GEN,
30055,GEN,
30056,GEN,
30057,GEN-EWS,4144
30058,GEN,
30059,GEN,
30060,GEN,
30061,ST,218
30062,GEN,
30063,OBC-NCL,7442
30064,GEN,
30065,ST,219
30066,OBC-NCL,7443
30067,GEN-EWS,4145
30068,GEN-EWS,4146
30069,GEN-EWS,4147
30069,SC,904
30071,GEN,
30072,GEN,
30073,OBC-NCL,7444
30074,GEN,
30075,OBC-NCL,7445
30076,GEN-EWS,4148
30077,GEN-EWS,4149
30078,GEN,
30079,OBC-NCL,7446
30080,GEN-EWS,4151
30081,OBC-NCL,7447
30082,GEN,
30083,GEN,
30084,GEN-EWS,4152
30085,ST,220
30086,OBC-NCL,7448
30087,GEN-EWS,4153
30088,SC,905
30089,OBC-NCL,7449
30090,OBC-NCL,7450
30091,OBC-NCL,7451
30092,GEN,
30093,GEN,
30094,GEN-EWS,4154
30095,OBC-NCL,7452
30096,GEN,
30097,OBC-NCL,7453
30098,GEN-EWS,4155
30099,GEN-EWS,4156
30100,GEN,
30101,GEN,
30102,GEN,
30103,OBC-NCL,7454
30104,OBC-NCL,7455
30105,OBC-NCL,7456
30106,GEN,
30107,OBC-NCL,7457
30108,GEN,
30109,GEN,
30110,SC,906
30111,GEN,
30112,ST,221
30113,OBC-NCL,7458
30114,GEN,
30114,GEN,
30116,OBC-NCL,7459
30117,OBC-NCL,7460
30118,OBC-NCL,7461
30119,GEN,
30120,GEN,
30121,SC,907
30122,GEN,
30123,SC,908
30124,GEN,
30125,OBC-NCL,7462
30126,GEN,
30127,SC,909
30128,OBC-NCL,7463
30129,OBC-NCL,7464
30130,GEN,
30131,GEN,
30132,GEN-EWS,4157
30133,GEN,
30134,OBC-NCL,7465
30135,GEN,
30136,GEN-EWS,4158
30137,GEN,
30138,SC,910
30139,GEN,
30140,SC,911
30141,OBC-NCL,7466
30142,SC,912
30143,GEN,
30144,OBC-NCL,7467
30145,OBC-NCL,7468
30146,GEN,
30147,GEN,
30148,GEN,
30149,OBC-NCL,7469
30150,OBC-NCL,7470
30151,GEN,
30152,GEN,
30153,SC,913
30154,SC,914
30155,OBC-NCL,7471
30156,GEN,
30157,GEN,
30158,OBC-NCL,7472
30159,GEN-EWS,4159
30160,OBC-NCL,7473
30161,GEN,
30161,SC,915
30163,GEN,
30164,GEN,
30165,SC,222
30166,OBC-NCL,7474
30167,GEN,
30168,OBC-NCL,7475
30169,GEN-EWS,4160
30170,GEN,
30171,GEN-EWS,4161
30172,SC,916
30173,OBC-NCL,7476
30174,OBC-NCL,7477
30175,GEN,
30176,OBC-NCL,7478
30177,SC,917
30178,OBC-NCL,7479
30179,GEN-EWS,4162
30180,ST,223
30181,GEN,
30182,GEN-EWS,4163
30183,OBC-NCL,7480
30184,OBC-NCL,7481
30185,GEN,
30186,GEN,
30187,OBC-NCL,7482
30188,GEN,
30189,GEN-EWS,4164
30190,OBC-NCL,7483
30191,GEN,
30192,OBC-NCL,7484
30193,GEN,
30194,GEN-EWS,4165
30195,GEN-EWS,4166
30196,GEN,
30197,GEN-EWS,4167
30198,GEN,
30199,OBC-NCL,7485
30200,GEN-EWS,4168
30201,GEN,
30202,SC,918
30203,SC,919
30204,GEN,
30205,OBC-NCL,7486
30206,OBC-NCL,7487
30207,GEN-EWS,7488
30208,GEN,
30209,GEN-EWS,4169
30210,SC,920
30211,OBC-NCL,7489
30212,OBC-NCL,7490
30213,OBC-NCL,7491
30214,SC,921
30215,GEN,
30216,OBC-NCL,7492
30217,GEN,
30218,GEN,
30219,GEN-EWS,4170
30220,SC,922
30221,GEN,
30222,GEN,
30223,OBC-NCL,7493
30224,GEN-EWS,4171
30225,GEN,
30226,GEN,
30227,OBC-NCL,7494
30228,SC,923
30229,OBC-NCL,7495
30230,GEN,
30231,OBC-NCL,7496
30232,SC,924
30233,OBC-NCL,7497
30234,GEN-EWS,4172
30235,GEN,
30236,OBC-NCL,7498
30237,OBC-NCL,7499
30238,GEN-EWS,4173
30239,OBC-NCL,7500
30240,OBC-NCL,7501
30241,GEN,
30242,SC,925
30243,GEN,
30244,OBC-NCL,7502
30245,ST,224
30246,OBC-NCL,7503
30247,GEN,
30248,OBC-NCL,7504
30249,GEN,
30250,GEN,
30251,GEN,
30252,GEN,
30253,GEN,
30254,OBC-NCL,7505
30255,OBC-NCL,7506
30256,OBC-NCL,7507
30257,ST,225
30258,GEN,
30259,GEN,
30260,GEN-EWS,4174
30261,GEN-EWS,4175
30262,OBC-NCL,7508
30263,OBC-NCL,7509
30264,GEN,
30265,SC,926
30266,OBC-NCL,7510
30267,GEN,
30268,GEN-EWS,4176
30269,OBC-NCL,7511
30270,GEN,
30271,GEN,
30272,OBC-NCL,7512
30273,GEN,
30274,GEN,
30275,GEN,
30276,GEN-EWS,4177
30277,GEN-EWS,4178
30278,OBC-NCL,7513
30279,GEN,
30280,GEN,
30281,GEN,
30282,GEN-EWS,4179
30283,ST,59
30284,GEN,
30285,GEN,
30286,ST,227
30287,GEN-EWS,4180
30288,GEN,
30289,GEN,
30290,GEN-EWS,4181
30291,OBC-NCL,7515
30292,GEN,
30293,GEN,
30294,OBC-NCL,7516
30295,GEN,
30296,GEN,
30297,GEN-EWS,4182
30298,GEN,
30299,OBC-NCL,7517
30300,GEN,
30301,GEN,
30302,GEN,
30303,GEN,
30304,GEN,
30305,GEN,
30306,GEN,
30307,OBC-NCL,7518
30308,OBC-NCL,7519
30309,GEN,
30310,GEN-EWS,4183
30311,GEN,
30312,OBC-NCL,7520
30313,OBC-NCL,7521
30314,OBC-NCL,7522
30315,GEN,
30315,GEN,
30317,GEN,
30318,GEN-EWS,4184
30319,GEN,
30320,OBC-NCL,7523
30321,GEN-EWS,4185
30322,GEN-EWS,4186
30323,GEN,
30324,GEN,
30325,GEN,
30326,GEN-EWS,4187
30327,GEN-EWS,4188
30328,OBC-NCL,7524
30329,GEN,
30330,OBC-NCL,7525
30331,GEN,
30332,OBC-NCL,7526
30333,GEN,
30334,GEN,
30335,GEN,
30336,OBC-NCL,7527
30337,OBC-NCL,7528
30338,GEN,
30339,GEN,
30340,SC,927
30341,GEN-EWS,4189
30342,GEN,
30343,GEN-EWS,4190
30344,GEN,
30345,GEN,
30346,GEN,
30347,GEN-EWS,4191
30348,GEN-EWS,4192
30349,GEN,
30350,GEN,
30351,OBC-NCL,7529
30352,OBC-NCL,7530
30353,SC,928
30354,GEN,
30355,GEN,
30356,OBC-NCL,7531
30357,GEN-EWS,4193
30358,ST,228
30359,OBC-NCL,7532
30360,GEN,
30361,GEN-EWS,4194
30362,ST,229
30363,GEN,
30364,GEN-EWS,4195
30365,GEN,
30366,GEN,
30367,GEN-EWS,4196
30368,SC,929
30369,GEN,
30370,OBC-NCL,7533
30371,GEN,
30372,OBC-NCL,7534
30373,GEN-EWS,4197
30374,GEN,
30375,OBC-NCL,7535
30376,GEN,
30377,OBC-NCL,7536
30378,GEN-EWS,4198
30379,GEN,
30380,GEN,
30381,OBC-NCL,7537
30382,GEN,
30383,GEN,
30384,OBC-NCL,7538
30385,GEN,
30386,GEN-EWS,4199
30387,GEN,
30388,ST,230
30389,GEN,
30390,GEN,
30391,GEN-EWS,4200
30392,GEN,
30393,GEN,
30394,GEN,
30395,OBC-NCL,7540
30396,GEN,
30397,GEN-EWS,4201
30398,GEN,
30399,GEN,
30400,GEN-EWS,4202
30401,OBC-NCL,7541
30402,GEN,
30403,GEN,
30404,OBC-NCL,7542
30405,GEN,
30406,OBC-NCL,7543
30407,GEN,
30408,GEN-EWS,4203
30409,OBC-NCL,7544
30410,OBC-NCL,7545
30411,OBC-NCL,7546
30412,GEN,
30413,GEN,
30414,GEN,
30415,GEN-EWS,4204
30416,GEN-EWS,4205
30417,GEN,
30418,GEN-EWS,4206
30419,GEN,
30420,GEN,
30421,OBC-NCL,7547
30422,OBC-NCL,7548
30423,GEN,
30424,OBC-NCL,7549
30425,OBC-NCL,7550
30426,OBC-NCL,7551
30427,GEN,
30428,OBC-NCL,7552
30429,GEN,
30430,GEN,
30431,OBC-NCL,931
30432,GEN,
30433,GEN,
30434,GEN-EWS,4207
30435,GEN,
30436,GEN,
30437,GEN-EWS,4208
30438,GEN,
30439,GEN,
30440,GEN,
30441,ST,231
30442,GEN-EWS,4209
30443,GEN,
30444,GEN,
30445,OBC-NCL,7553
30446,GEN-EWS,4210
30447,GEN,
30448,GEN,
30449,GEN,
30450,GEN,
30451,GEN,
30452,GEN,
30453,OBC-NCL,7554
30454,GEN,
30455,OBC-NCL,7555
30456,GEN,
30457,OBC-NCL,7556
30458,GEN,
30459,GEN,
30460,GEN,
30461,GEN,
30462,GEN-EWS,4211
30463,GEN-EWS,4212
30464,GEN,
30465,SC,932
30466,GEN,
30467,GEN,
30468,SC,933
30469,GEN,
30470,GEN,
30471,OBC-NCL,7557
30472,GEN,
30473,GEN-EWS,4213
30474,OBC-NCL,7558
30475,GEN,
30476,GEN,
30477,GEN-EWS,4215
30478,GEN,
30479,GEN,
30480,GEN,
30481,GEN-EWS,4216
30482,GEN,
30483,GEN-EWS,4217
30484,GEN,
30485,OBC-NCL,7559
30486,GEN,
30487,GEN-EWS,4218
30488,GEN-EWS,4219
30489,GEN,
30490,GEN,
30491,GEN-EWS,4220
30492,GEN,
30493,OBC-NCL,7560
30494,GEN-EWS,4221
30495,GEN,
30496,GEN-EWS,4222
30497,GEN-EWS,4223
30498,OBC-NCL,7561
30499,OBC-NCL,7562
30500,OBC-NCL,7563
30501,GEN-EWS,4224
30502,GEN,
30503,GEN,
30504,GEN,
30505,GEN,
30506,OBC-NCL,7564
30507,GEN-EWS,4225
30508,GEN,
30509,GEN-EWS,4226
30510,OBC-NCL,7565
30511,OBC-NCL,7566
30512,GEN,
30513,GEN,
30514,GEN,
30515,SC,934
30516,OBC-NCL,7567
30517,OBC-NCL,7568
30518,OBC-NCL,7569
30519,GEN,
30520,OBC-NCL,7570
30521,SC,935
30522,GEN-EWS,4227
30523,SC,936
30524,OBC-NCL,7572
30525,OBC-NCL,7573
30526,GEN,
30527,OBC-NCL,7574
30528,OBC-NCL,7575
30529,GEN,
30530,GEN,
30531,GEN-EWS,4228
30532,GEN,
30533,GEN,
30534,GEN-EWS,4229
30535,OBC-NCL,7576
30536,OBC-NCL,7577
30537,GEN,
30538,GEN-EWS,4230
30539,OBC-NCL,7578
30540,GEN-EWS,4231
30541,GEN-EWS,4232
30542,OBC-NCL,7579
30543,GEN,
30544,SC,937
30545,ST,232
30546,OBC-NCL,7580
30547,GEN,
30548,GEN-EWS,4233
30549,GEN,
30550,OBC-NCL,7581
30551,GEN,
30552,GEN,
30553,GEN,
30554,OBC-NCL,7582
30555,SC,938
30556,OBC-NCL,7583
30557,GEN,
30558,GEN-EWS,4234
30559,OBC-NCL,7584
30560,GEN,
30561,GEN,
30562,OBC-NCL,7585
30563,GEN,
30564,SC,939
30565,GEN,
30566,GEN-EWS,4235
30567,GEN,
30568,GEN,
30569,OBC-NCL,7586
30570,GEN,
30571,OBC-NCL,7587
30572,GEN,
30573,GEN,
30574,GEN-EWS,4236
30575,OBC-NCL,7588
30576,OBC-NCL,7589
30577,GEN,
30578,GEN,
30579,ST,233
30580,GEN-EWS,4237
30581,GEN-EWS,4238
30582,GEN,
30583,GEN,
30584,SC,940
30585,GEN,
30586,GEN,
30587,OBC-NCL,7590
30588,GEN,
30589,OBC-NCL,7591
30590,GEN,
30591,GEN-EWS,4239
30592,GEN-EWS,4240
30593,GEN,
30594,OBC-NCL,7592
30595,OBC-NCL,7593
30596,SC,941
30597,OBC-NCL,7594
30598,GEN,
30599,GEN,
30599,OBC-NCL,7595
30601,OBC-NCL,7596
30602,GEN,
30603,GEN,
30604,GEN,
30605,GEN,
30606,GEN,
30607,GEN-EWS,4241
30608,GEN,
30609,GEN,
30610,GEN,
30611,GEN,
30612,OBC-NCL,7598
30613,GEN,
30614,GEN-EWS,4242
30615,OBC-NCL,7599
30616,OBC-NCL,7600
30617,GEN,
30618,GEN,
30619,GEN-EWS,4243
30620,OBC-NCL,7601
30621,GEN-EWS,4244
30622,OBC-NCL,7602
30623,GEN,
30624,GEN-EWS,4245
30625,GEN,
30626,GEN-EWS,4246
30627,GEN,
30628,GEN-EWS,4247
30629,GEN,
30630,OBC-NCL,7603
30631,GEN,
30632,GEN,
30633,OBC-NCL,7604
30634,GEN,
30635,GEN,
30636,GEN-EWS,4248
30637,SC,943
30638,GEN,
30639,GEN-EWS,4249
30640,OBC-NCL,7605
30641,GEN,
30642,GEN,
30643,OBC-NCL,7606
30644,OBC-NCL,7607
30645,GEN,
30646,GEN,
30647,GEN,
30648,GEN,
30649,GEN-EWS,4250
30650,OBC-NCL,7608
30651,GEN,
30652,OBC-NCL,7609
30653,GEN,
30654,GEN,
30655,ST,234
30656,OBC-NCL,7610
30657,OBC-NCL,7611
30658,GEN,
30659,GEN,
30660,GEN,
30661,OBC-NCL,7612
30662,OBC-NCL,7613
30663,GEN,
30664,GEN,
30665,GEN,
30666,OBC-NCL,7614
30667,OBC-NCL,7615
30668,GEN,
30669,GEN,
30670,GEN-EWS,4251
30671,GEN-EWS,4252
30672,OBC-NCL,7616
30673,OBC-NCL,7617
30674,GEN,
30675,GEN,
30676,GEN-EWS,4253
30677,OBC-NCL,7618
30678,GEN,
30679,OBC-NCL,7619
30680,OBC-NCL,7620
30681,OBC-NCL,7621
30682,OBC-NCL,7622
30683,OBC-NCL,7623
30684,OBC-NCL,7624
30685,ST,235
30686,OBC-NCL,7625
30687,GEN,
30688,GEN-EWS,4254
30689,GEN-EWS,4255
30690,OBC-NCL,7626
30691,GEN,
30692,GEN-EWS,4256
30693,OBC-NCL,7627
30694,OBC-NCL,7628
30695,GEN,
30696,GEN,
30697,OBC-NCL,7629
30698,GEN,
30699,GEN,
30700,OBC-NCL,7630
30701,OBC-NCL,7631
30702,OBC-NCL,7632
30703,GEN,
30704,GEN,
30705,GEN,
30706,GEN,
30707,GEN,
30708,GEN-EWS,4257
30709,OBC-NCL,7633
30710,GEN-EWS,4258
30711,GEN,
30712,GEN-EWS,4259
30713,GEN,
30714,OBC-NCL,7634
30715,GEN-EWS,4260
30716,GEN,
30717,GEN,
30718,GEN-EWS,4261
30719,OBC-NCL,7635
30720,GEN,
30721,GEN,
30722,SC,944
30723,GEN,
30724,GEN-EWS,4262
30725,OBC-NCL,7636
30726,GEN-EWS,4263
30727,OBC-NCL,7637
30728,OBC-NCL,7638
30729,OBC-NCL,7639
30730,GEN-EWS,4264
30731,OBC-NCL,7640
30732,GEN-EWS,4265
30733,GEN,
30734,OBC-NCL,7641
30735,GEN-EWS,4266
30736,GEN,
30737,GEN,
30738,GEN,
30739,GEN,
30740,GEN,
30741,OBC-NCL,7642
30742,GEN,
30743,GEN,
30744,GEN,
30745,GEN-EWS,4267
30746,GEN,
30747,GEN,
30748,GEN,
30749,OBC-NCL,7644
30750,OBC-NCL,7645
30751,OBC-NCL,7646
30752,GEN-EWS,4268
30753,OBC-NCL,7647
30754,OBC-NCL,7648
30755,OBC-NCL,7649
30756,GEN-EWS,4269
30757,GEN,
30758,GEN,
30759,GEN,
30760,OBC-NCL,7650
30761,GEN,
30762,ST,236
30763,OBC-NCL,7651
30764,GEN,
30765,OBC-NCL,7652
30766,OBC-NCL,7653
30767,GEN,
30768,GEN,
30769,GEN,
30770,SC,945
30771,OBC-NCL,7654
30772,OBC-NCL,7655
30773,OBC-NCL,7656
30774,GEN-EWS,4270
30775,GEN,
30776,GEN,
30777,OBC-NCL,7657
30778,GEN,
30779,OBC-NCL,7658
30780,GEN-EWS,4271
30781,GEN,
30782,GEN,
30783,GEN,
30784,OBC-NCL,7659
30785,OBC-NCL,7660
30786,OBC-NCL,7661
30787,GEN-EWS,4272
30788,GEN,
30789,OBC-NCL,7662
30790,OBC-NCL,7663
30791,OBC-NCL,7664
30792,OBC-NCL,7665
30793,GEN,
30794,GEN-EWS,4273
30795,OBC-NCL,7666
30796,GEN,
30797,OBC-NCL,7667
30798,OBC-NCL,7668
30799,OBC-NCL,7669
30800,OBC-NCL,7670
30801,OBC-NCL,7671
30802,GEN,
30803,GEN-EWS,4274
30804,GEN-EWS,4275
30805,GEN,
30806,OBC-NCL,7672
30807,GEN,
30808,GEN,
30809,GEN,
30810,GEN-EWS,4276
30811,OBC-NCL,7673
30812,GEN-EWS,4277
30813,GEN,
30814,OBC-NCL,7674
30815,SC,946
30816,GEN,
30817,OBC-NCL,947
30818,GEN-EWS,4278
30819,GEN,
30820,GEN,
30821,OBC-NCL,7675
30822,GEN,
30823,SC,948
30824,SC,949
30825,OBC-NCL,7676
30826,GEN,
30827,GEN,
30828,GEN,
30829,OBC-NCL,7677
30830,GEN,
30831,GEN,
30832,GEN,
30833,GEN-EWS,4279
30834,GEN,
30835,OBC-NCL,7678
30836,GEN-EWS,4280
30837,OBC-NCL,7679
30838,GEN,
30839,GEN,
30840,GEN,
30841,OBC-NCL,7680
30842,SC,950
30843,GEN,
30844,OBC-NCL,7681
30845,SC,951
30846,GEN,
30847,GEN,
30848,GEN-EWS,4281
30849,GEN,
30850,GEN,
30851,GEN,
30852,SC,952
30853,OBC-NCL,7682
30854,GEN,
30855,GEN,
30856,GEN,
30857,OBC-NCL,7683
30858,GEN-EWS,4282
30859,GEN,
30860,OBC-NCL,7684
30861,GEN-EWS,4283
30862,OBC-NCL,7685
30863,GEN-EWS,4284
30864,SC,953
30865,OBC-NCL,7686
30866,GEN,
30867,GEN,
30868,GEN,
30869,GEN,
30870,OBC-NCL,7687
30871,OBC-NCL,7688
30872,GEN,
30873,GEN-EWS,4285
30874,GEN,
30875,GEN,
30876,GEN-EWS,4286
30877,OBC-NCL,7689
30878,GEN,
30879,GEN-EWS,4287
30880,OBC-NCL,7690
30881,GEN-EWS,4288
30882,GEN,
30883,GEN,
30884,GEN-EWS,4289
30885,GEN,
30886,GEN-EWS,4290
30887,GEN,
30888,GEN,
30889,GEN,
30890,GEN,
30891,GEN-EWS,4291
30892,OBC-NCL,7691
30893,OBC-NCL,7692
30894,OBC-NCL,7693
30895,SC,954
30896,GEN-EWS,4292
30897,GEN,
30898,GEN,
30899,OBC-NCL,7694
30900,OBC-NCL,7695
30901,OBC-NCL,7696
30902,SC,955
30903,GEN,
30904,GEN,
30905,SC,956
30906,SC,957
30907,GEN,
30908,GEN,
30909,OBC-NCL,7697
30910,OBC-NCL,7698
30911,GEN,
30912,OBC-NCL,7699
30913,GEN,
30914,GEN,
30915,GEN,
30916,GEN,
30917,GEN-EWS,4294
30918,GEN-EWS,4295
30919,GEN-EWS,4296
,GEN-EWS,1640
,GEN-EWS,1715
,GEN-EWS,1810
,GEN-EWS,1947
,GEN-EWS,2341
,GEN-EWS,2344
,GEN-EWS,2531
,GEN-EWS,2600
,GEN-EWS,2632
,GEN-EWS,2644
,GEN-EWS,2665
,GEN-EWS,2692
,GEN-EWS,2907
,GEN-EWS,3044
,GEN-EWS,3078
,GEN-EWS,3117
,GEN-EWS,3137
,GEN-EWS,3317
,GEN-EWS,3363
,GEN-EWS,3389
,GEN-EWS,3431
,GEN-EWS,3481
,GEN-EWS,3539
,GEN-EWS,3639
,GEN-EWS,3680
,GEN-EWS,3700
,GEN-EWS,3746
,GEN-EWS,3843
,GEN-EWS,3996
,GEN-EWS,4028
,GEN-EWS,4039
,GEN-EWS,4041
,GEN-EWS,4095
,GEN-EWS,4101
,GEN-EWS,4133
,GEN-EWS,4150
,GEN-EWS,4214
,GEN-EWS,4293
,GEN-EWS,4297
,GEN-EWS,4298
,GEN-EWS,4299
,GEN-EWS,4300
,GEN-EWS,4301
,GEN-EWS,4302
,GEN-EWS,4303
,GEN-EWS,4304
,GEN-EWS,4305
,GEN-EWS,4306
,GEN-EWS,4307
,GEN-EWS,4308
,GEN-EWS,4309
,GEN-EWS,4310
,GEN-EWS,4311
,GEN-EWS,4312
,GEN-EWS,4313
,GEN-EWS,4314
,GEN-EWS,4315
,GEN-EWS,4316
,GEN-EWS,4317
,GEN-EWS,4318
,GEN-EWS,4319
,GEN-EWS,4320
,GEN-EWS,4321
,GEN-EWS,4322
,GEN-EWS,4323
,GEN-EWS,4324
,GEN-EWS,4325
,GEN-EWS,4326
,GEN-EWS,4327
,GEN-EWS,4328
,GEN-EWS,4329
,GEN-EWS,4330
,GEN-EWS,4331
,GEN-EWS,4332
,GEN-EWS,4333
,GEN-EWS,4334
,GEN-EWS,4335
,GEN-EWS,4336
,GEN-EWS,4337
,GEN-EWS,4338
,GEN-EWS,4339
,GEN-EWS,4340
,GEN-EWS,4341
,GEN-EWS,4342
,GEN-EWS,4343
,GEN-EWS,4344
,GEN-EWS,4345
,GEN-EWS,4346
,GEN-EWS,4347
,GEN-EWS,4348
,GEN-EWS,4349
,GEN-EWS,4350
,GEN-EWS,4351
,GEN-EWS,4352
,GEN-EWS,4353
,GEN-EWS,4354
,GEN-EWS,4355
,GEN-EWS,4356
,GEN-EWS,4357
,GEN-EWS,4358
,GEN-EWS,4359
,GEN-EWS,4360
,GEN-EWS,4361
,GEN-EWS,4362
,GEN-EWS,4363
,GEN-EWS,4364
,GEN-EWS,4365
,GEN-EWS,4366
,GEN-EWS,4367
,GEN-EWS,4368
,GEN-EWS,4369
,GEN-EWS,4370
,GEN-EWS,4371
,GEN-EWS,4372
,GEN-EWS,4373
,GEN-EWS,4374
,GEN-EWS,4375
,GEN-EWS,4376
,GEN-EWS,4377
,GEN-EWS,4378
,GEN-EWS,4379
,GEN-EWS,4380
,GEN-EWS,4381
,GEN-EWS,4382
,GEN-EWS,4383
,GEN-EWS,4384
,GEN-EWS,4385
,GEN-EWS,4386
,GEN-EWS,4387
,GEN-EWS,4388
,GEN-EWS,4389
,GEN-EWS,4390
,GEN-EWS,4391
,GEN-EWS,4392
,GEN-EWS,4393
,GEN-EWS,4394
,GEN-EWS,4395
,GEN-EWS,4396
,GEN-EWS,4397
,GEN-EWS,4398
,GEN-EWS,4399
,GEN-EWS,4400
,GEN-EWS,4401
,GEN-EWS,4402
,GEN-EWS,4403
,GEN-EWS,4404
,GEN-EWS,4405
,GEN-EWS,4406
,GEN-EWS,4407
,GEN-EWS,4408
,GEN-EWS,4409
,GEN-EWS,4410
,GEN-EWS,4411
,GEN-EWS,4412
,GEN-EWS,4413
,GEN-EWS,4414
,GEN-EWS,4415
,GEN-EWS,4416
,GEN-EWS,4417
,GEN-EWS,4418
,GEN-EWS,4419
,GEN-EWS,4420
,GEN-EWS,4421
,GEN-EWS,4422
,GEN-EWS,4423
,GEN-EWS,4424
,GEN-EWS,4425
,GEN-EWS,4426
,GEN-EWS,4427
,GEN-EWS,4428
,GEN-EWS,4429
,GEN-EWS,4430
,GEN-EWS,4431
,GEN-EWS,4432
,GEN-EWS,4433
,GEN-EWS,4434
,GEN-EWS,4435
,GEN-EWS,4436
,GEN-EWS,4437
,GEN-EWS,4438
,GEN-EWS,4439
,GEN-EWS,4440
,GEN-EWS,4441
,GEN-EWS,4442
,GEN-EWS,4443
,GEN-EWS,4444
,GEN-EWS,4445
,GEN-EWS,4446
,GEN-EWS,4447
,GEN-EWS,4448
,GEN-EWS,4449
,GEN-EWS,4450
,GEN-EWS,4451
,GEN-EWS,4452
,GEN-EWS,4453
,GEN-EWS,4454
,GEN-EWS,4455
,GEN-EWS,4456
,GEN-EWS,4457
,GEN-EWS,4458
,GEN-EWS,4459
,GEN-EWS,4460
,GEN-EWS,4461
,GEN-EWS,4462
,GEN-EWS,4463
,GEN-EWS,4464
,GEN-EWS,4465
,GEN-EWS,4466
,GEN-EWS,4467
,GEN-EWS,4468
,GEN-EWS,4469
,GEN-EWS,4470
,GEN-EWS,4471
,GEN-EWS,4472
,GEN-EWS,4473
,GEN-EWS,4474
,GEN-EWS,4475
,GEN-EWS,4476
,GEN-EWS,4477
,GEN-EWS,4478
,GEN-EWS,4479
,GEN-EWS,4480
,GEN-EWS,4481
,GEN-EWS,4482
,GEN-EWS,4483
,GEN-EWS,4484
,GEN-EWS,4485
,GEN-EWS,4486
,GEN-EWS,4487
,GEN-EWS,4488
,GEN-EWS,4489
,GEN-EWS,4490
,GEN-EWS,4491
,GEN-EWS,4492
,GEN-EWS,4493
,GEN-EWS,4494
,GEN-EWS,4495
,GEN-EWS,4496
,GEN-EWS,4497
,GEN-EWS,4498
,GEN-EWS,4499
,GEN-EWS,4500
,GEN-EWS,4501
,GEN-EWS,4502
,GEN-EWS,4503
,GEN-EWS,4504
,GEN-EWS,4505
,GEN-EWS,4506
,GEN-EWS,4507
,GEN-EWS,4508
,GEN-EWS,4509
,GEN-EWS,4510
,GEN-EWS,4511
,GEN-EWS,4512
,GEN-EWS,4513
,GEN-EWS,4514
,GEN-EWS,4515
,GEN-EWS,4516
,GEN-EWS,4517
,GEN-EWS,4518
,GEN-EWS,4519
,GEN-EWS,4520
,GEN-EWS,4521
,GEN-EWS,4522
,GEN-EWS,4523
,GEN-EWS,4524
,GEN-EWS,4525
,GEN-EWS,4526
,GEN-EWS,4527
,GEN-EWS,4528
,GEN-EWS,4529
,GEN-EWS,4530
,GEN-EWS,4531
,GEN-EWS,4532
,GEN-EWS,4533
,GEN-EWS,4534
,GEN-EWS,4535
,GEN-EWS,4536
,GEN-EWS,4537
,GEN-EWS,4538
,GEN-EWS,4539
,GEN-EWS,4540
,GEN-EWS,4541
,GEN-EWS,4542
,GEN-EWS,4543
,GEN-EWS,4544
,GEN-EWS,4545
,GEN-EWS,4546
,GEN-EWS,4547
,GEN-EWS,4548
,GEN-EWS,4549
,GEN-EWS,4550
,GEN-EWS,4551
,GEN-EWS,4552
,GEN-EWS,4553
,GEN-EWS,4554
,GEN-EWS,4555
,GEN-EWS,4556
,GEN-EWS,4557
,GEN-EWS,4558
,GEN-EWS,4559
,GEN-EWS,4560
,GEN-EWS,4561
,GEN-EWS,4562
,GEN-EWS,4563
,GEN-EWS,4564
,GEN-EWS,4565
,GEN-EWS,4566
,GEN-EWS,4567
,GEN-EWS,4568
,GEN-EWS,4569
,GEN-EWS,4570
,GEN-EWS,4571
,GEN-EWS,4572
,GEN-EWS,4573
,GEN-EWS,4574
,GEN-EWS,4575
,GEN-EWS,4576
,GEN-EWS,4577
,GEN-EWS,4578
,GEN-EWS,4579
,GEN-EWS,4580
,GEN-EWS,4581
,GEN-EWS,4582
,GEN-EWS,4583
,GEN-EWS,4584
,GEN-EWS,4585
,GEN-EWS,4586
,GEN-EWS,4587
,GEN-EWS,4588
,GEN-EWS,4589
,GEN-EWS,4590
,GEN-EWS,4591
,GEN-EWS,4592
,GEN-EWS,4593
,GEN-EWS,4594
,GEN-EWS,4595
,GEN-EWS,4596
,GEN-EWS,4597
,GEN-EWS,4598
,GEN-EWS,4599
,GEN-EWS,4600
,GEN-EWS,4601
,GEN-EWS,4602
,GEN-EWS,4603
,GEN-EWS,4604
,GEN-EWS,4605
,GEN-EWS,4606
,GEN-EWS,4607
,GEN-EWS,4608
,GEN-EWS,4609
,GEN-EWS,4610
,GEN-EWS,4611
,GEN-EWS,4612
,GEN-EWS,4613
,GEN-EWS,4614
,GEN-EWS,4615
,GEN-EWS,4616
,GEN-EWS,4617
,GEN-EWS,4618
,GEN-EWS,4619
,GEN-EWS,4620
,GEN-EWS,4621
,GEN-EWS,4622
,GEN-EWS,4623
,GEN-EWS,4624
,GEN-EWS,4625
,GEN-EWS,4626
,GEN-EWS,4627
,GEN-EWS,4628
,GEN-EWS,4629
,GEN-EWS,4630
,GEN-EWS,4631
,GEN-EWS,4632
,GEN-EWS,4633
,GEN-EWS,4634
,GEN-EWS,4635
,GEN-EWS,4636
,GEN-EWS,4637
,GEN-EWS,4638
,GEN-EWS,4639
,GEN-EWS,4640
,GEN-EWS,4641
,GEN-EWS,4642
,GEN-EWS,4643
,GEN-EWS,4644
,GEN-EWS,4645
,GEN-EWS,4646
,GEN-EWS,4647
,GEN-EWS,4648
,GEN-EWS,4649
,GEN-EWS,4650
,GEN-EWS,4651
,GEN-EWS,4652
,GEN-EWS,4653
,GEN-EWS,4654
,GEN-EWS,4655
,GEN-EWS,4656
,GEN-EWS,4657
,GEN-EWS,4658
,GEN-EWS,4659
,GEN-EWS,4660
,GEN-EWS,4661
,GEN-EWS,4662
,GEN-EWS,4663
,GEN-EWS,4664
,GEN-EWS,4665
,GEN-EWS,4666
,GEN-EWS,4667
,GEN-EWS,4668
,GEN-EWS,4669
,GEN-EWS,4670
,GEN-EWS,4671
,GEN-EWS,4672
,GEN-EWS,4673
,GEN-EWS,4674
,GEN-EWS,4675
,GEN-EWS,4676
,GEN-EWS,4677
,GEN-EWS,4678
,GEN-EWS,4679
,GEN-EWS,4680
,GEN-EWS,4681
,GEN-EWS,4682
,GEN-EWS,4683
,GEN-EWS,4684
,GEN-EWS,4685
,GEN-EWS,4686
,GEN-EWS,4687
,GEN-EWS,4688
,GEN-EWS,4689
,GEN-EWS,4690
,GEN-EWS,4691
,GEN-EWS,4692
,GEN-EWS,4693
,GEN-EWS,4694
,GEN-EWS,4695
,GEN-EWS,4696
,GEN-EWS,4697
,GEN-EWS,4698
,GEN-EWS,4699
,GEN-EWS,4700
,GEN-EWS,4701
,GEN-EWS,4702
,GEN-EWS,4703
,GEN-EWS,4704
,GEN-EWS,4705
,GEN-EWS,4706
,GEN-EWS,4707
,GEN-EWS,4708
,GEN-EWS,4709
,GEN-EWS,4710
,GEN-EWS,4711
,GEN-EWS,4712
,GEN-EWS,4713
,GEN-EWS,4714
,GEN-EWS,4715
,GEN-EWS,4716
,GEN-EWS,4717
,GEN-EWS,4718
,GEN-EWS,4719
,GEN-EWS,4720
,GEN-EWS,4721
,GEN-EWS,4722
,GEN-EWS,4723
,GEN-EWS,4724
,GEN-EWS,4725
,GEN-EWS,4726
,GEN-EWS,4727
,GEN-EWS,4728
,GEN-EWS,4729
,GEN-EWS,4730
,GEN-EWS,4731
,GEN-EWS,4732
,GEN-EWS,4733
,GEN-EWS,4734
,GEN-EWS,4735
,GEN-EWS,4736
,GEN-EWS,4737
,GEN-EWS,4738
,GEN-EWS,4739
,GEN-EWS,4740
,GEN-EWS,4741
,GEN-EWS,4742
,GEN-EWS,4743
,GEN-EWS,4744
,GEN-EWS,4745
,GEN-EWS,4746
,GEN-EWS,4747
,GEN-EWS,4748
,GEN-EWS,4749
,GEN-EWS,4750
,GEN-EWS,4751
,GEN-EWS,4752
,GEN-EWS,4753
,GEN-EWS,4754
,GEN-EWS,4755
,GEN-EWS,4756
,GEN-EWS,4757
,GEN-EWS,4758
,GEN-EWS,4759
,GEN-EWS,4760
,GEN-EWS,4761
,GEN-EWS,4762
,GEN-EWS,4763
,GEN-EWS,4764
,GEN-EWS,4765
,GEN-EWS,4766
,GEN-EWS,4767
,GEN-EWS,4768
,GEN-EWS,4769
,GEN-EWS,4770
,GEN-EWS,4771
,GEN-EWS,4772
,GEN-EWS,4773
,GEN-EWS,4774
,GEN-EWS,4775
,GEN-EWS,4776
,GEN-EWS,4777
,GEN-EWS,4778
,GEN-EWS,4779
,GEN-EWS,4780
,GEN-EWS,4781
,GEN-EWS,4782
,GEN-EWS,4783
,GEN-EWS,4784
,GEN-EWS,4785
,GEN-EWS,4786
,GEN-EWS,4787
,GEN-EWS,4788
,GEN-EWS,4789
,GEN-EWS,4790
,GEN-EWS,4791
,GEN-EWS,4792
,GEN-EWS,4793
,GEN-EWS,4794
,GEN-EWS,4795
,GEN-EWS,4796
,GEN-EWS,4797
,GEN-EWS,4798
,GEN-EWS,4799
,GEN-EWS,4800
,GEN-EWS,4801
,GEN-EWS,4802
,GEN-EWS,4803
,GEN-EWS,4804
,GEN-EWS,4805
,GEN-EWS,4806
,GEN-EWS,4807
,GEN-EWS,4808
,GEN-EWS,4809
,GEN-EWS,4810
,GEN-EWS,4811
,GEN-EWS,4812
,GEN-EWS,4813
,GEN-EWS,4814
,GEN-EWS,4815
,GEN-EWS,4816
,GEN-EWS,4817
,GEN-EWS,4818
,GEN-EWS,4819
,GEN-EWS,4820
,GEN-EWS,4821
,GEN-EWS,4822
,GEN-EWS,4823
,GEN-EWS,4824
,GEN-EWS,4825
,GEN-EWS,4826
,GEN-EWS,4827
,GEN-EWS,4828
,GEN-EWS,4829
,GEN-EWS,4830
,GEN-EWS,4831
,GEN-EWS,4832
,GEN-EWS,4833
,GEN-EWS,4834
,GEN-EWS,4835
,GEN-EWS,4836
,GEN-EWS,4837
,GEN-EWS,4838
,GEN-EWS,4839
,GEN-EWS,4840
,GEN-EWS,4841
,GEN-EWS,4842
,GEN-EWS,4843
,GEN-EWS,4844
,GEN-EWS,4845
,GEN-EWS,4846
,GEN-EWS,4847
,GEN-EWS,4848
,GEN-EWS,4849
,GEN-EWS,4850
,GEN-EWS,4851
,GEN-EWS,4852
,GEN-EWS,4853
,GEN-EWS,4854
,GEN-EWS,4855
,GEN-EWS,4856
,GEN-EWS,4857
,GEN-EWS,4858
,GEN-EWS,4859
,GEN-EWS,4860
,GEN-EWS,4861
,GEN-EWS,4862
,GEN-EWS,4863
,GEN-EWS,4864
,GEN-EWS,4865
,GEN-EWS,4866
,GEN-EWS,4867
,GEN-EWS,4868
,GEN-EWS,4869
,GEN-EWS,4870
,GEN-EWS,4871
,GEN-EWS,4872
,GEN-EWS,4873
,GEN-EWS,4874
,GEN-EWS,4875
,GEN-EWS,4876
,GEN-EWS,4877
,GEN-EWS,4878
,GEN-EWS,4879
,GEN-EWS,4880
,GEN-EWS,4881
,GEN-EWS,4882
,GEN-EWS,4883
,GEN-EWS,4884
,GEN-EWS,4885
,GEN-EWS,4886
,GEN-EWS,4887
,GEN-EWS,4888
,GEN-EWS,4889
,GEN-EWS,4890
,GEN-EWS,4891
,GEN-EWS,4892
,GEN-EWS,4893
,GEN-EWS,4894
,GEN-EWS,4895
,GEN-EWS,4896
,GEN-EWS,4897
,GEN-EWS,4898
,GEN-EWS,4899
,GEN-EWS,4900
,GEN-EWS,4901
,GEN-EWS,4902
,GEN-EWS,4903
,GEN-EWS,4904
,GEN-EWS,4905
,GEN-EWS,4906
,GEN-EWS,4907
,GEN-EWS,4908
,GEN-EWS,4909
,GEN-EWS,4910
,GEN-EWS,4911
,GEN-EWS,4912
,GEN-EWS,4913
,GEN-EWS,4914
,GEN-EWS,4915
,GEN-EWS,4916
,GEN-EWS,4917
,GEN-EWS,4918
,GEN-EWS,4919
,GEN-EWS,4920
,GEN-EWS,4921
,GEN-EWS,4922
,GEN-EWS,4923
,GEN-EWS,4924
,GEN-EWS,4925
,GEN-EWS,4926
,GEN-EWS,4927
,GEN-EWS,4928
,GEN-EWS,4929
,GEN-EWS,4930
,GEN-EWS,4931
,GEN-EWS,4932
,GEN-EWS,4933
,GEN-EWS,4934
,GEN-EWS,4935
,GEN-EWS,4936
,GEN-EWS,4937
,GEN-EWS,4938
,GEN-EWS,4939
,GEN-EWS,4940
,GEN-EWS,4941
,GEN-EWS,4942
,GEN-EWS,4943
,GEN-EWS,4944
,GEN-EWS,4945
,GEN-EWS,4946
,GEN-EWS,4947
,GEN-EWS,4948
,GEN-EWS,4949
,GEN-EWS,4950
,GEN-EWS,4951
,GEN-EWS,4952
,GEN-EWS,4953
,GEN-EWS,4954
,GEN-EWS,4955
,GEN-EWS,4956
,GEN-EWS,4957
,GEN-EWS,4958
,GEN-EWS,4959
,GEN-EWS,4960
,GEN-EWS,4961
,GEN-EWS,4962
,GEN-EWS,4963
,GEN-EWS,4964
,GEN-EWS,4965
,GEN-EWS,4966
,GEN-EWS,4967
,GEN-EWS,4968
,GEN-EWS,4969
,GEN-EWS,4970
,GEN-EWS,4971
,GEN-EWS,4972
,GEN-EWS,4973
,GEN-EWS,4974
,GEN-EWS,4975
,GEN-EWS,4976
,GEN-EWS,4977
,GEN-EWS,4978
,GEN-EWS,4979
,GEN-EWS,4980
,GEN-EWS,4981
,GEN-EWS,4982
,GEN-EWS,4983
,GEN-EWS,4984
,GEN-EWS,4985
,GEN-EWS,4986
,GEN-EWS,4987
,GEN-EWS,4988
,GEN-EWS,4989
,GEN-EWS,4990
,GEN-EWS,4991
,GEN-EWS,4992
,GEN-EWS,4993
,GEN-EWS,4994
,GEN-EWS,4995
,GEN-EWS,4996
,GEN-EWS,4997
,GEN-EWS,4998
,GEN-EWS,4999
,GEN-EWS,5000
,GEN-EWS,5001
,GEN-EWS,5002
,GEN-EWS,5003
,GEN-EWS,5004
,GEN-EWS,5005
,GEN-EWS,5006
,GEN-EWS,5007
,GEN-EWS,5008
,GEN-EWS,5009
,GEN-EWS,5010
,GEN-EWS,5011
,GEN-EWS,5012
,GEN-EWS,5013
,GEN-EWS,5014
,GEN-EWS,5015
,GEN-EWS,5016
,GEN-EWS,5017
,GEN-EWS,5018
,GEN-EWS,5019
,GEN-EWS,5020
,GEN-EWS,5021
,GEN-EWS,5022
,GEN-EWS,5023
,GEN-EWS,5024
,GEN-EWS,5025
,GEN-EWS,5026
,GEN-EWS,5027
,GEN-EWS,5028
,GEN-EWS,5029
,GEN-EWS,5030
,GEN-EWS,5031
,GEN-EWS,5032
,GEN-EWS,5033
,GEN-EWS,5034
,GEN-EWS,5035
,GEN-EWS,5036
,GEN-EWS,5037
,GEN-EWS,5038
,GEN-EWS,5039
,GEN-EWS,5040
,GEN-EWS,5041
,GEN-EWS,5042
,GEN-EWS,5043
,GEN-EWS,5044
,GEN-EWS,5045
,GEN-EWS,5046
,GEN-EWS,5047
,GEN-EWS,5048
,GEN-EWS,5049
,GEN-EWS,5050
,GEN-EWS,5051
,GEN-EWS,5052
,GEN-EWS,5053
,GEN-EWS,5054
,GEN-EWS,5055
,GEN-EWS,5056
,GEN-EWS,5057
,GEN-EWS,5058
,GEN-EWS,5059
,GEN-EWS,5060
,GEN-EWS,5061
,GEN-EWS,5062
,GEN-EWS,5063
,GEN-EWS,5064
,GEN-EWS,5065
,GEN-EWS,5066
,GEN-EWS,5067
,GEN-EWS,5068
,GEN-EWS,5069
,GEN-EWS,5070
,GEN-EWS,5071
,GEN-EWS,5072
,GEN-EWS,5073
,GEN-EWS,5074
,GEN-EWS,5075
,GEN-EWS,5076
,GEN-EWS,5077
,GEN-EWS,5078
,GEN-EWS,5079
,GEN-EWS,5080
,GEN-EWS,5081
,GEN-EWS,5082
,GEN-EWS,5083
,GEN-EWS,5084
,GEN-EWS,5085
,GEN-EWS,5086
,GEN-EWS,5087
,GEN-EWS,5088
,GEN-EWS,5089
,GEN-EWS,5090
,GEN-EWS,5091
,GEN-EWS,5092
,GEN-EWS,5093
,GEN-EWS,5094
,GEN-EWS,5095
,GEN-EWS,5096
,GEN-EWS,5097
,GEN-EWS,5098
,GEN-EWS,7701
,GEN-EWS,7705
,GEN-EWS,7731
,GEN-EWS,7812
,GEN-EWS,7900
,GEN-EWS,7902
,GEN-EWS,8049
,GEN-EWS,8147
,GEN-EWS,8212
,GEN-EWS,8528
,GEN-EWS,8742
,GEN-EWS,8753
,GEN-EWS,8851
,GEN-EWS,9081
,GEN-EWS,9103
,GEN-EWS,9130
,OBC-NCL,614
,OBC-NCL,1007
,OBC-NCL,1097
,OBC-NCL,1134
,OBC-NCL,1232
,OBC-NCL,1243
,OBC-NCL,1275
,OBC-NCL,1277
,OBC-NCL,1289
,OBC-NCL,1346
,OBC-NCL,1452
,OBC-NCL,1537
,OBC-NCL,1624
,OBC-NCL,1849
,OBC-NCL,1924
,OBC-NCL,1945
,OBC-NCL,1973
,OBC-NCL,2012
,OBC-NCL,2013
,OBC-NCL,2021
,OBC-NCL,2051
,OBC-NCL,2091
,OBC-NCL,2112
,OBC-NCL,2122
,OBC-NCL,2148
,OBC-NCL,2369
,OBC-NCL,2511
,OBC-NCL,2565
,OBC-NCL,2567
,OBC-NCL,2575
,OBC-NCL,2599
,OBC-NCL,2666
,OBC-NCL,2697
,OBC-NCL,2703
,OBC-NCL,2772
,OBC-NCL,2774
,OBC-NCL,2790
,OBC-NCL,2798
,OBC-NCL,3007
,OBC-NCL,3113
,OBC-NCL,3135
,OBC-NCL,3188
,OBC-NCL,3232
,OBC-NCL,3246
,OBC-NCL,3301
,OBC-NCL,3330
,OBC-NCL,3445
,OBC-NCL,3532
,OBC-NCL,3835
,OBC-NCL,3877
,OBC-NCL,3883
,OBC-NCL,4037
,OBC-NCL,4668
,OBC-NCL,4745
,OBC-NCL,4832
,OBC-NCL,4833
,OBC-NCL,4916
,OBC-NCL,5013
,OBC-NCL,5134
,OBC-NCL,5294
,OBC-NCL,5396
,OBC-NCL,5558
,OBC-NCL,5629
,OBC-NCL,5646
,OBC-NCL,5793
,OBC-NCL,5808
,OBC-NCL,5991
,OBC-NCL,6044
,OBC-NCL,6056
,OBC-NCL,6134
,OBC-NCL,6161
,OBC-NCL,6170
,OBC-NCL,6209
,OBC-NCL,6235
,OBC-NCL,6260
,OBC-NCL,6397
,OBC-NCL,6401
,OBC-NCL,6415
,OBC-NCL,6427
,OBC-NCL,6429
,OBC-NCL,6437
,OBC-NCL,6445
,OBC-NCL,6454
,OBC-NCL,6590
,OBC-NCL,6612
,OBC-NCL,6744
,OBC-NCL,6812
,OBC-NCL,6825
,OBC-NCL,6865
,OBC-NCL,6882
,OBC-NCL,6888
,OBC-NCL,6909
,OBC-NCL,6940
,OBC-NCL,6963
,OBC-NCL,6964
,OBC-NCL,7140
,OBC-NCL,7162
,OBC-NCL,7226
,OBC-NCL,7231
,OBC-NCL,7260
,OBC-NCL,7409
,OBC-NCL,7514
,OBC-NCL,7539
,OBC-NCL,7571
,OBC-NCL,7597
,OBC-NCL,7643
,OBC-NCL,7700
,OBC-NCL,7702
,OBC-NCL,7703
,OBC-NCL,7704
,OBC-NCL,7706
,OBC-NCL,7707
,OBC-NCL,7708
,OBC-NCL,7709
,OBC-NCL,7710
,OBC-NCL,7711
,OBC-NCL,7712
,OBC-NCL,7713
,OBC-NCL,7714
,OBC-NCL,7715
,OBC-NCL,7716
,OBC-NCL,7717
,OBC-NCL,7718
,OBC-NCL,7719
,OBC-NCL,7720
,OBC-NCL,7721
,OBC-NCL,7722
,OBC-NCL,7723
,OBC-NCL,7724
,OBC-NCL,7725
,OBC-NCL,7726
,OBC-NCL,7727
,OBC-NCL,7728
,OBC-NCL,7729
,OBC-NCL,7730
,OBC-NCL,7732
,OBC-NCL,7733
,OBC-NCL,7734
,OBC-NCL,7735
,OBC-NCL,7736
,OBC-NCL,7737
,OBC-NCL,7738
,OBC-NCL,7739
,OBC-NCL,7740
,OBC-NCL,7741
,OBC-NCL,7742
,OBC-NCL,7743
,OBC-NCL,7744
,OBC-NCL,7745
,OBC-NCL,7746
,OBC-NCL,7747
,OBC-NCL,7748
,OBC-NCL,7749
,OBC-NCL,7750
,OBC-NCL,7751
,OBC-NCL,7752
,OBC-NCL,7753
,OBC-NCL,7754
,OBC-NCL,7755
,OBC-NCL,7756
,OBC-NCL,7757
,OBC-NCL,7758
,OBC-NCL,7759
,OBC-NCL,7760
,OBC-NCL,7761
,OBC-NCL,7762
,OBC-NCL,7763
,OBC-NCL,7764
,OBC-NCL,7765
,OBC-NCL,7766
,OBC-NCL,7767
,OBC-NCL,7768
,OBC-NCL,7769
,OBC-NCL,7770
,OBC-NCL,7771
,OBC-NCL,7772
,OBC-NCL,7773
,OBC-NCL,7774
,OBC-NCL,7775
,OBC-NCL,7776
,OBC-NCL,7777
,OBC-NCL,7778
,OBC-NCL,7779
,OBC-NCL,7780
,OBC-NCL,7781
,OBC-NCL,7782
,OBC-NCL,7783
,OBC-NCL,7784
,OBC-NCL,7785
,OBC-NCL,7786
,OBC-NCL,7787
,OBC-NCL,7788
,OBC-NCL,7789
,OBC-NCL,7790
,OBC-NCL,7791
,OBC-NCL,7792
,OBC-NCL,7793
,OBC-NCL,7794
,OBC-NCL,7795
,OBC-NCL,7796
,OBC-NCL,7797
,OBC-NCL,7798
,OBC-NCL,7799
,OBC-NCL,7800
,OBC-NCL,7801
,OBC-NCL,7802
,OBC-NCL,7803
,OBC-NCL,7804
,OBC-NCL,7805
,OBC-NCL,7806
,OBC-NCL,7807
,OBC-NCL,7808
,OBC-NCL,7809
,OBC-NCL,7810
,OBC-NCL,7811
,OBC-NCL,7813
,OBC-NCL,7814
,OBC-NCL,7815
,OBC-NCL,7816
,OBC-NCL,7817
,OBC-NCL,7818
,OBC-NCL,7819
,OBC-NCL,7820
,OBC-NCL,7821
,OBC-NCL,7822
,OBC-NCL,7823
,OBC-NCL,7824
,OBC-NCL,7825
,OBC-NCL,7826
,OBC-NCL,7827
,OBC-NCL,7828
,OBC-NCL,7829
,OBC-NCL,7830
,OBC-NCL,7831
,OBC-NCL,7832
,OBC-NCL,7833
,OBC-NCL,7834
,OBC-NCL,7835
,OBC-NCL,7836
,OBC-NCL,7837
,OBC-NCL,7838
,OBC-NCL,7839
,OBC-NCL,7840
,OBC-NCL,7841
,OBC-NCL,7842
,OBC-NCL,7843
,OBC-NCL,7844
,OBC-NCL,7845
,OBC-NCL,7846
,OBC-NCL,7847
,OBC-NCL,7848
,OBC-NCL,7849
,OBC-NCL,7850
,OBC-NCL,7851
,OBC-NCL,7852
,OBC-NCL,7853
,OBC-NCL,7854
,OBC-NCL,7855
,OBC-NCL,7856
,OBC-NCL,7857
,OBC-NCL,7858
,OBC-NCL,7859
,OBC-NCL,7860
,OBC-NCL,7861
,OBC-NCL,7862
,OBC-NCL,7863
,OBC-NCL,7864
,OBC-NCL,7865
,OBC-NCL,7866
,OBC-NCL,7867
,OBC-NCL,7868
,OBC-NCL,7869
,OBC-NCL,7870
,OBC-NCL,7871
,OBC-NCL,7872
,OBC-NCL,7873
,OBC-NCL,7874
,OBC-NCL,7875
,OBC-NCL,7876
,OBC-NCL,7877
,OBC-NCL,7878
,OBC-NCL,7879
,OBC-NCL,7880
,OBC-NCL,7881
,OBC-NCL,7882
,OBC-NCL,7883
,OBC-NCL,7884
,OBC-NCL,7885
,OBC-NCL,7886
,OBC-NCL,7887
,OBC-NCL,7888
,OBC-NCL,7889
,OBC-NCL,7890
,OBC-NCL,7891
,OBC-NCL,7892
,OBC-NCL,7893
,OBC-NCL,7894
,OBC-NCL,7895
,OBC-NCL,7896
,OBC-NCL,7897
,OBC-NCL,7898
,OBC-NCL,7899
,OBC-NCL,7901
,OBC-NCL,7903
,OBC-NCL,7904
,OBC-NCL,7905
,OBC-NCL,7906
,OBC-NCL,7907
,OBC-NCL,7908
,OBC-NCL,7909
,OBC-NCL,7910
,OBC-NCL,7911
,OBC-NCL,7912
,OBC-NCL,7913
,OBC-NCL,7914
,OBC-NCL,7915
,OBC-NCL,7916
,OBC-NCL,7917
,OBC-NCL,7918
,OBC-NCL,7919
,OBC-NCL,7920
,OBC-NCL,7921
,OBC-NCL,7922
,OBC-NCL,7923
,OBC-NCL,7924
,OBC-NCL,7925
,OBC-NCL,7926
,OBC-NCL,7927
,OBC-NCL,7928
,OBC-NCL,7929
,OBC-NCL,7930
,OBC-NCL,7931
,OBC-NCL,7932
,OBC-NCL,7933
,OBC-NCL,7934
,OBC-NCL,7935
,OBC-NCL,7936
,OBC-NCL,7937
,OBC-NCL,7938
,OBC-NCL,7939
,OBC-NCL,7940
,OBC-NCL,7941
,OBC-NCL,7942
,OBC-NCL,7943
,OBC-NCL,7944
,OBC-NCL,7945
,OBC-NCL,7946
,OBC-NCL,7947
,OBC-NCL,7948
,OBC-NCL,7949
,OBC-NCL,7950
,OBC-NCL,7951
,OBC-NCL,7952
,OBC-NCL,7953
,OBC-NCL,7954
,OBC-NCL,7955
,OBC-NCL,7956
,OBC-NCL,7957
,OBC-NCL,7958
,OBC-NCL,7959
,OBC-NCL,7960
,OBC-NCL,7961
,OBC-NCL,7962
,OBC-NCL,7963
,OBC-NCL,7964
,OBC-NCL,7965
,OBC-NCL,7966
,OBC-NCL,7967
,OBC-NCL,7968
,OBC-NCL,7969
,OBC-NCL,7970
,OBC-NCL,7971
,OBC-NCL,7972
,OBC-NCL,7973
,OBC-NCL,7974
,OBC-NCL,7975
,OBC-NCL,7976
,OBC-NCL,7977
,OBC-NCL,7978
,OBC-NCL,7979
,OBC-NCL,7980
,OBC-NCL,7981
,OBC-NCL,7982
,OBC-NCL,7982
,OBC-NCL,7984
,OBC-NCL,7985
,OBC-NCL,7986
,OBC-NCL,7987
,OBC-NCL,7988
,OBC-NCL,7989
,OBC-NCL,7990
,OBC-NCL,7991
,OBC-NCL,7992
,OBC-NCL,7993
,OBC-NCL,7994
,OBC-NCL,7995
,OBC-NCL,7996
,OBC-NCL,7997
,OBC-NCL,7998
,OBC-NCL,7999
,OBC-NCL,8000
,OBC-NCL,8001
,OBC-NCL,8002
,OBC-NCL,8003
,OBC-NCL,8004
,OBC-NCL,8005
,OBC-NCL,8006
,OBC-NCL,8007
,OBC-NCL,8008
,OBC-NCL,8009
,OBC-NCL,8010
,OBC-NCL,8011
,OBC-NCL,8012
,OBC-NCL,8013
,OBC-NCL,8014
,OBC-NCL,8015
,OBC-NCL,8016
,OBC-NCL,8017
,OBC-NCL,8018
,OBC-NCL,8019
,OBC-NCL,8020
,OBC-NCL,8021
,OBC-NCL,8022
,OBC-NCL,8023
,OBC-NCL,8024
,OBC-NCL,8025
,OBC-NCL,8026
,OBC-NCL,8027
,OBC-NCL,8028
,OBC-NCL,8029
,OBC-NCL,8030
,OBC-NCL,8031
,OBC-NCL,8032
,OBC-NCL,8033
,OBC-NCL,8034
,OBC-NCL,8035
,OBC-NCL,8036
,OBC-NCL,8037
,OBC-NCL,8038
,OBC-NCL,8039
,OBC-NCL,8040
,OBC-NCL,8041
,OBC-NCL,8042
,OBC-NCL,8043
,OBC-NCL,8044
,OBC-NCL,8045
,OBC-NCL,8046
,OBC-NCL,8047
,OBC-NCL,8048
,OBC-NCL,8050
,OBC-NCL,8051
,OBC-NCL,8052
,OBC-NCL,8053
,OBC-NCL,8054
,OBC-NCL,8055
,OBC-NCL,8056
,OBC-NCL,8057
,OBC-NCL,8058
,OBC-NCL,8059
,OBC-NCL,8060
,OBC-NCL,8061
,OBC-NCL,8062
,OBC-NCL,8063
,OBC-NCL,8064
,OBC-NCL,8065
,OBC-NCL,8066
,OBC-NCL,8067
,OBC-NCL,8068
,OBC-NCL,8069
,OBC-NCL,8070
,OBC-NCL,8071
,OBC-NCL,8072
,OBC-NCL,8073
,OBC-NCL,8074
,OBC-NCL,8075
,OBC-NCL,8076
,OBC-NCL,8077
,OBC-NCL,8078
,OBC-NCL,8079
,OBC-NCL,8080
,OBC-NCL,8081
,OBC-NCL,8082
,OBC-NCL,8083
,OBC-NCL,8084
,OBC-NCL,8085
,OBC-NCL,8086
,OBC-NCL,8087
,OBC-NCL,8088
,OBC-NCL,8089
,OBC-NCL,8090
,OBC-NCL,8091
,OBC-NCL,8092
,OBC-NCL,8093
,OBC-NCL,8094
,OBC-NCL,8095
,OBC-NCL,8096
,OBC-NCL,8097
,OBC-NCL,8098
,OBC-NCL,8099
,OBC-NCL,8100
,OBC-NCL,8101
,OBC-NCL,8102
,OBC-NCL,8103
,OBC-NCL,8104
,OBC-NCL,8105
,OBC-NCL,8106
,OBC-NCL,8107
,OBC-NCL,8108
,OBC-NCL,8109
,OBC-NCL,8110
,OBC-NCL,8111
,OBC-NCL,8112
,OBC-NCL,8113
,OBC-NCL,8114
,OBC-NCL,8115
,OBC-NCL,8116
,OBC-NCL,8117
,OBC-NCL,8118
,OBC-NCL,8119
,OBC-NCL,8120
,OBC-NCL,8121
,OBC-NCL,8122
,OBC-NCL,8123
,OBC-NCL,8124
,OBC-NCL,8125
,OBC-NCL,8126
,OBC-NCL,8127
,OBC-NCL,8128
,OBC-NCL,8129
,OBC-NCL,8130
,OBC-NCL,8131
,OBC-NCL,8132
,OBC-NCL,8133
,OBC-NCL,8134
,OBC-NCL,8135
,OBC-NCL,8136
,OBC-NCL,8137
,OBC-NCL,8138
,OBC-NCL,8139
,OBC-NCL,8140
,OBC-NCL,8141
,OBC-NCL,8142
,OBC-NCL,8143
,OBC-NCL,8144
,OBC-NCL,8145
,OBC-NCL,8146
,OBC-NCL,8148
,OBC-NCL,8149
,OBC-NCL,8150
,OBC-NCL,8151
,OBC-NCL,8152
,OBC-NCL,8153
,OBC-NCL,8154
,OBC-NCL,8155
,OBC-NCL,8156
,OBC-NCL,8157
,OBC-NCL,8158
,OBC-NCL,8159
,OBC-NCL,8160
,OBC-NCL,8161
,OBC-NCL,8162
,OBC-NCL,8163
,OBC-NCL,8164
,OBC-NCL,8165
,OBC-NCL,8166
,OBC-NCL,8167
,OBC-NCL,8168
,OBC-NCL,8169
,OBC-NCL,8170
,OBC-NCL,8171
,OBC-NCL,8172
,OBC-NCL,8173
,OBC-NCL,8174
,OBC-NCL,8175
,OBC-NCL,8176
,OBC-NCL,8177
,OBC-NCL,8178
,OBC-NCL,8179
,OBC-NCL,8180
,OBC-NCL,8181
,OBC-NCL,8182
,OBC-NCL,8183
,OBC-NCL,8184
,OBC-NCL,8185
,OBC-NCL,8186
,OBC-NCL,8187
,OBC-NCL,8188
,OBC-NCL,8189
,OBC-NCL,8190
,OBC-NCL,8191
,OBC-NCL,8192
,OBC-NCL,8193
,OBC-NCL,8194
,OBC-NCL,8195
,OBC-NCL,8196
,OBC-NCL,8197
,OBC-NCL,8198
,OBC-NCL,8199
,OBC-NCL,8200
,OBC-NCL,8201
,OBC-NCL,8202
,OBC-NCL,8203
,OBC-NCL,8204
,OBC-NCL,8205
,OBC-NCL,8206
,OBC-NCL,8207
,OBC-NCL,8208
,OBC-NCL,8209
,OBC-NCL,8210
,OBC-NCL,8211
,OBC-NCL,8213
,OBC-NCL,8214
,OBC-NCL,8215
,OBC-NCL,8216
,OBC-NCL,8217
,OBC-NCL,8218
,OBC-NCL,8219
,OBC-NCL,8220
,OBC-NCL,8221
,OBC-NCL,8222
,OBC-NCL,8223
,OBC-NCL,8224
,OBC-NCL,8225
,OBC-NCL,8226
,OBC-NCL,8227
,OBC-NCL,8228
,OBC-NCL,8229
,OBC-NCL,8230
,OBC-NCL,8231
,OBC-NCL,8232
,OBC-NCL,8233
,OBC-NCL,8234
,OBC-NCL,8235
,OBC-NCL,8236
,OBC-NCL,8237
,OBC-NCL,8238
,OBC-NCL,8239
,OBC-NCL,8240
,OBC-NCL,8241
,OBC-NCL,8242
,OBC-NCL,8243
,OBC-NCL,8244
,OBC-NCL,8245
,OBC-NCL,8246
,OBC-NCL,8247
,OBC-NCL,8248
,OBC-NCL,8249
,OBC-NCL,8250
,OBC-NCL,8251
,OBC-NCL,8252
,OBC-NCL,8253
,OBC-NCL,8254
,OBC-NCL,8255
,OBC-NCL,8256
,OBC-NCL,8257
,OBC-NCL,8258
,OBC-NCL,8259
,OBC-NCL,8260
,OBC-NCL,8261
,OBC-NCL,8262
,OBC-NCL,8263
,OBC-NCL,8264
,OBC-NCL,8265
,OBC-NCL,8266
,OBC-NCL,8267
,OBC-NCL,8267
,OBC-NCL,8269
,OBC-NCL,8270
,OBC-NCL,8271
,OBC-NCL,8272
,OBC-NCL,8273
,OBC-NCL,8274
,OBC-NCL,8275
,OBC-NCL,8276
,OBC-NCL,8277
,OBC-NCL,8278
,OBC-NCL,8279
,OBC-NCL,8280
,OBC-NCL,8281
,OBC-NCL,8282
,OBC-NCL,8283
,OBC-NCL,8284
,OBC-NCL,8285
,OBC-NCL,8286
,OBC-NCL,8287
,OBC-NCL,8288
,OBC-NCL,8289
,OBC-NCL,8290
,OBC-NCL,8291
,OBC-NCL,8292
,OBC-NCL,8293
,OBC-NCL,8294
,OBC-NCL,8295
,OBC-NCL,8296
,OBC-NCL,8297
,OBC-NCL,8298
,OBC-NCL,8299
,OBC-NCL,8300
,OBC-NCL,8301
,OBC-NCL,8302
,OBC-NCL,8303
,OBC-NCL,8304
,OBC-NCL,8305
,OBC-NCL,8306
,OBC-NCL,8307
,OBC-NCL,8308
,OBC-NCL,8309
,OBC-NCL,8310
,OBC-NCL,8311
,OBC-NCL,8312
,OBC-NCL,8313
,OBC-NCL,8314
,OBC-NCL,8315
,OBC-NCL,8316
,OBC-NCL,8317
,OBC-NCL,8318
,OBC-NCL,8319
,OBC-NCL,8320
,OBC-NCL,8321
,OBC-NCL,8322
,OBC-NCL,8323
,OBC-NCL,8324
,OBC-NCL,8325
,OBC-NCL,8326
,OBC-NCL,8327
,OBC-NCL,8328
,OBC-NCL,8329
,OBC-NCL,8330
,OBC-NCL,8331
,OBC-NCL,8332
,OBC-NCL,8333
,OBC-NCL,8334
,OBC-NCL,8335
,OBC-NCL,8336
,OBC-NCL,8337
,OBC-NCL,8338
,OBC-NCL,8339
,OBC-NCL,8340
,OBC-NCL,8341
,OBC-NCL,8342
,OBC-NCL,8343
,OBC-NCL,8344
,OBC-NCL,8345
,OBC-NCL,8346
,OBC-NCL,8347
,OBC-NCL,8348
,OBC-NCL,8349
,OBC-NCL,8350
,OBC-NCL,8351
,OBC-NCL,8352
,OBC-NCL,8353
,OBC-NCL,8354
,OBC-NCL,8355
,OBC-NCL,8356
,OBC-NCL,8357
,OBC-NCL,8358
,OBC-NCL,8359
,OBC-NCL,8360
,OBC-NCL,8361
,OBC-NCL,8362
,OBC-NCL,8363
,OBC-NCL,8364
,OBC-NCL,8366
,OBC-NCL,8367
,OBC-NCL,8368
,OBC-NCL,8369
,OBC-NCL,8370
,OBC-NCL,8371
,OBC-NCL,8372
,OBC-NCL,8373
,OBC-NCL,8374
,OBC-NCL,8375
,OBC-NCL,8376
,OBC-NCL,8377
,OBC-NCL,8378
,OBC-NCL,8379
,OBC-NCL,8380
,OBC-NCL,8381
,OBC-NCL,8382
,OBC-NCL,8383
,OBC-NCL,8384
,OBC-NCL,8385
,OBC-NCL,8386
,OBC-NCL,8387
,OBC-NCL,8388
,OBC-NCL,8389
,OBC-NCL,8390
,OBC-NCL,8391
,OBC-NCL,8392
,OBC-NCL,8393
,OBC-NCL,8394
,OBC-NCL,8395
,OBC-NCL,8396
,OBC-NCL,8397
,OBC-NCL,8398
,OBC-NCL,8399
,OBC-NCL,8400
,OBC-NCL,8401
,OBC-NCL,8402
,OBC-NCL,8403
,OBC-NCL,8404
,OBC-NCL,8405
,OBC-NCL,8406
,OBC-NCL,8407
,OBC-NCL,8408
,OBC-NCL,8409
,OBC-NCL,8410
,OBC-NCL,8411
,OBC-NCL,8412
,OBC-NCL,8413
,OBC-NCL,8414
,OBC-NCL,8415
,OBC-NCL,8416
,OBC-NCL,8417
,OBC-NCL,8418
,OBC-NCL,8419
,OBC-NCL,8420
,OBC-NCL,8421
,OBC-NCL,8422
,OBC-NCL,8423
,OBC-NCL,8424
,OBC-NCL,8425
,OBC-NCL,8426
,OBC-NCL,8427
,OBC-NCL,8428
,OBC-NCL,8429
,OBC-NCL,8430
,OBC-NCL,8431
,OBC-NCL,8432
,OBC-NCL,8433
,OBC-NCL,8434
,OBC-NCL,8435
,OBC-NCL,8436
,OBC-NCL,8437
,OBC-NCL,8438
,OBC-NCL,8439
,OBC-NCL,8440
,OBC-NCL,8441
,OBC-NCL,8442
,OBC-NCL,8443
,OBC-NCL,8444
,OBC-NCL,8445
,OBC-NCL,8446
,OBC-NCL,8447
,OBC-NCL,8448
,OBC-NCL,8449
,OBC-NCL,8450
,OBC-NCL,8451
,OBC-NCL,8452
,OBC-NCL,8453
,OBC-NCL,8454
,OBC-NCL,8455
,OBC-NCL,8456
,OBC-NCL,8457
,OBC-NCL,8458
,OBC-NCL,8459
,OBC-NCL,8460
,OBC-NCL,8461
,OBC-NCL,8462
,OBC-NCL,8463
,OBC-NCL,8464
,OBC-NCL,8465
,OBC-NCL,8466
,OBC-NCL,8467
,OBC-NCL,8468
,OBC-NCL,8469
,OBC-NCL,8470
,OBC-NCL,8471
,OBC-NCL,8472
,OBC-NCL,8473
,OBC-NCL,8474
,OBC-NCL,8475
,OBC-NCL,8476
,OBC-NCL,8477
,OBC-NCL,8478
,OBC-NCL,8479
,OBC-NCL,8480
,OBC-NCL,8481
,OBC-NCL,8482
,OBC-NCL,8483
,OBC-NCL,8484
,OBC-NCL,8485
,OBC-NCL,8486
,OBC-NCL,8487
,OBC-NCL,8488
,OBC-NCL,8489
,OBC-NCL,8490
,OBC-NCL,8491
,OBC-NCL,8492
,OBC-NCL,8493
,OBC-NCL,8494
,OBC-NCL,8495
,OBC-NCL,8496
,OBC-NCL,8497
,OBC-NCL,8498
,OBC-NCL,8499
,OBC-NCL,8500
,OBC-NCL,8501
,OBC-NCL,8502
,OBC-NCL,8503
,OBC-NCL,8503
,OBC-NCL,8505
,OBC-NCL,8506
,OBC-NCL,8507
,OBC-NCL,8508
,OBC-NCL,8509
,OBC-NCL,8510
,OBC-NCL,8511
,OBC-NCL,8512
,OBC-NCL,8513
,OBC-NCL,8514
,OBC-NCL,8515
,OBC-NCL,8516
,OBC-NCL,8517
,OBC-NCL,8518
,OBC-NCL,8519
,OBC-NCL,8520
,OBC-NCL,8521
,OBC-NCL,8522
,OBC-NCL,8523
,OBC-NCL,8524
,OBC-NCL,8525
,OBC-NCL,8526
,OBC-NCL,8527
,OBC-NCL,8529
,OBC-NCL,8530
,OBC-NCL,8531
,OBC-NCL,8532
,OBC-NCL,8533
,OBC-NCL,8534
,OBC-NCL,8535
,OBC-NCL,8536
,OBC-NCL,8537
,OBC-NCL,8538
,OBC-NCL,8539
,OBC-NCL,8540
,OBC-NCL,8541
,OBC-NCL,8542
,OBC-NCL,8543
,OBC-NCL,8544
,OBC-NCL,8545
,OBC-NCL,8546
,OBC-NCL,8547
,OBC-NCL,8548
,OBC-NCL,8549
,OBC-NCL,8550
,OBC-NCL,8551
,OBC-NCL,8552
,OBC-NCL,8553
,OBC-NCL,8554
,OBC-NCL,8555
,OBC-NCL,8556
,OBC-NCL,8557
,OBC-NCL,8558
,OBC-NCL,8559
,OBC-NCL,8560
,OBC-NCL,8561
,OBC-NCL,8562
,OBC-NCL,8563
,OBC-NCL,8564
,OBC-NCL,8565
,OBC-NCL,8566
,OBC-NCL,8567
,OBC-NCL,8568
,OBC-NCL,8569
,OBC-NCL,8570
,OBC-NCL,8571
,OBC-NCL,8572
,OBC-NCL,8573
,OBC-NCL,8574
,OBC-NCL,8575
,OBC-NCL,8575
,OBC-NCL,8577
,OBC-NCL,8578
,OBC-NCL,8579
,OBC-NCL,8580
,OBC-NCL,8581
,OBC-NCL,8582
,OBC-NCL,8583
,OBC-NCL,8584
,OBC-NCL,8585
,OBC-NCL,8586
,OBC-NCL,8587
,OBC-NCL,8588
,OBC-NCL,8589
,OBC-NCL,8590
,OBC-NCL,8591
,OBC-NCL,8592
,OBC-NCL,8593
,OBC-NCL,8594
,OBC-NCL,8595
,OBC-NCL,8596
,OBC-NCL,8597
,OBC-NCL,8598
,OBC-NCL,8599
,OBC-NCL,8600
,OBC-NCL,8601
,OBC-NCL,8602
,OBC-NCL,8603
,OBC-NCL,8604
,OBC-NCL,8605
,OBC-NCL,8606
,OBC-NCL,8607
,OBC-NCL,8608
,OBC-NCL,8609
,OBC-NCL,8610
,OBC-NCL,8611
,OBC-NCL,8612
,OBC-NCL,8613
,OBC-NCL,8614
,OBC-NCL,8615
,OBC-NCL,8616
,OBC-NCL,8617
,OBC-NCL,8618
,OBC-NCL,8619
,OBC-NCL,8620
,OBC-NCL,8621
,OBC-NCL,8622
,OBC-NCL,8623
,OBC-NCL,8624
,OBC-NCL,8625
,OBC-NCL,8626
,OBC-NCL,8627
,OBC-NCL,8628
,OBC-NCL,8629
,OBC-NCL,8630
,OBC-NCL,8631
,OBC-NCL,8632
,OBC-NCL,8633
,OBC-NCL,8634
,OBC-NCL,8635
,OBC-NCL,8636
,OBC-NCL,8637
,OBC-NCL,8638
,OBC-NCL,8639
,OBC-NCL,8640
,OBC-NCL,8641
,OBC-NCL,8642
,OBC-NCL,8643
,OBC-NCL,8644
,OBC-NCL,8645
,OBC-NCL,8646
,OBC-NCL,8647
,OBC-NCL,8648
,OBC-NCL,8649
,OBC-NCL,8650
,OBC-NCL,8651
,OBC-NCL,8652
,OBC-NCL,8653
,OBC-NCL,8654
,OBC-NCL,8655
,OBC-NCL,8656
,OBC-NCL,8657
,OBC-NCL,8658
,OBC-NCL,8659
,OBC-NCL,8660
,OBC-NCL,8661
,OBC-NCL,8662
,OBC-NCL,8663
,OBC-NCL,8664
,OBC-NCL,8665
,OBC-NCL,8666
,OBC-NCL,8667
,OBC-NCL,8668
,OBC-NCL,8669
,OBC-NCL,8670
,OBC-NCL,8671
,OBC-NCL,8672
,OBC-NCL,8673
,OBC-NCL,8674
,OBC-NCL,8675
,OBC-NCL,8676
,OBC-NCL,8677
,OBC-NCL,8678
,OBC-NCL,8679
,OBC-NCL,8680
,OBC-NCL,8681
,OBC-NCL,8682
,OBC-NCL,8683
,OBC-NCL,8684
,OBC-NCL,8685
,OBC-NCL,8686
,OBC-NCL,8687
,OBC-NCL,8688
,OBC-NCL,8689
,OBC-NCL,8690
,OBC-NCL,8691
,OBC-NCL,8692
,OBC-NCL,8693
,OBC-NCL,8694
,OBC-NCL,8695
,OBC-NCL,8696
,OBC-NCL,8697
,OBC-NCL,8698
,OBC-NCL,8699
,OBC-NCL,8700
,OBC-NCL,8701
,OBC-NCL,8702
,OBC-NCL,8703
,OBC-NCL,8704
,OBC-NCL,8705
,OBC-NCL,8706
,OBC-NCL,8707
,OBC-NCL,8708
,OBC-NCL,8709
,OBC-NCL,8710
,OBC-NCL,8711
,OBC-NCL,8712
,OBC-NCL,8713
,OBC-NCL,8714
,OBC-NCL,8715
,OBC-NCL,8716
,OBC-NCL,8717
,OBC-NCL,8718
,OBC-NCL,8719
,OBC-NCL,8720
,OBC-NCL,8721
,OBC-NCL,8722
,OBC-NCL,8723
,OBC-NCL,8724
,OBC-NCL,8725
,OBC-NCL,8726
,OBC-NCL,8727
,OBC-NCL,8728
,OBC-NCL,8729
,OBC-NCL,8730
,OBC-NCL,8731
,OBC-NCL,8732
,OBC-NCL,8733
,OBC-NCL,8734
,OBC-NCL,8735
,OBC-NCL,8736
,OBC-NCL,8737
,OBC-NCL,8738
,OBC-NCL,8739
,OBC-NCL,8740
,OBC-NCL,8741
,OBC-NCL,8743
,OBC-NCL,8744
,OBC-NCL,8745
,OBC-NCL,8746
,OBC-NCL,8747
,OBC-NCL,8748
,OBC-NCL,8749
,OBC-NCL,8750
,OBC-NCL,8751
,OBC-NCL,8752
,OBC-NCL,8754
,OBC-NCL,8755
,OBC-NCL,8756
,OBC-NCL,8757
,OBC-NCL,8758
,OBC-NCL,8759
,OBC-NCL,8760
,OBC-NCL,8761
,OBC-NCL,8762
,OBC-NCL,8763
,OBC-NCL,8764
,OBC-NCL,8765
,OBC-NCL,8766
,OBC-NCL,8767
,OBC-NCL,8768
,OBC-NCL,8769
,OBC-NCL,8770
,OBC-NCL,8771
,OBC-NCL,8772
,OBC-NCL,8773
,OBC-NCL,8774
,OBC-NCL,8775
,OBC-NCL,8776
,OBC-NCL,8777
,OBC-NCL,8778
,OBC-NCL,8779
,OBC-NCL,8780
,OBC-NCL,8781
,OBC-NCL,8782
,OBC-NCL,8783
,OBC-NCL,8784
,OBC-NCL,8785
,OBC-NCL,8786
,OBC-NCL,8787
,OBC-NCL,8788
,OBC-NCL,8789
,OBC-NCL,8790
,OBC-NCL,8791
,OBC-NCL,8792
,OBC-NCL,8793
,OBC-NCL,8794
,OBC-NCL,8795
,OBC-NCL,8796
,OBC-NCL,8797
,OBC-NCL,8798
,OBC-NCL,8799
,OBC-NCL,8800
,OBC-NCL,8801
,OBC-NCL,8802
,OBC-NCL,8803
,OBC-NCL,8804
,OBC-NCL,8805
,OBC-NCL,8806
,OBC-NCL,8807
,OBC-NCL,8808
,OBC-NCL,8809
,OBC-NCL,8810
,OBC-NCL,8811
,OBC-NCL,8812
,OBC-NCL,8813
,OBC-NCL,8814
,OBC-NCL,8815
,OBC-NCL,8816
,OBC-NCL,8817
,OBC-NCL,8818
,OBC-NCL,8819
,OBC-NCL,8820
,OBC-NCL,8821
,OBC-NCL,8822
,OBC-NCL,8823
,OBC-NCL,8824
,OBC-NCL,8824
,OBC-NCL,8826
,OBC-NCL,8827
,OBC-NCL,8828
,OBC-NCL,8829
,OBC-NCL,8830
,OBC-NCL,8831
,OBC-NCL,8832
,OBC-NCL,8833
,OBC-NCL,8834
,OBC-NCL,8835
,OBC-NCL,8836
,OBC-NCL,8837
,OBC-NCL,8838
,OBC-NCL,8839
,OBC-NCL,8840
,OBC-NCL,8841
,OBC-NCL,8842
,OBC-NCL,8843
,OBC-NCL,8844
,OBC-NCL,8845
,OBC-NCL,8846
,OBC-NCL,8847
,OBC-NCL,8848
,OBC-NCL,8849
,OBC-NCL,8850
,OBC-NCL,8852
,OBC-NCL,8853
,OBC-NCL,8854
,OBC-NCL,8855
,OBC-NCL,8856
,OBC-NCL,8857
,OBC-NCL,8858
,OBC-NCL,8859
,OBC-NCL,8860
,OBC-NCL,8861
,OBC-NCL,8862
,OBC-NCL,8863
,OBC-NCL,8864
,OBC-NCL,8865
,OBC-NCL,8866
,OBC-NCL,8867
,OBC-NCL,8868
,OBC-NCL,8869
,OBC-NCL,8870
,OBC-NCL,8871
,OBC-NCL,8872
,OBC-NCL,8873
,OBC-NCL,8874
,OBC-NCL,8875
,OBC-NCL,8876
,OBC-NCL,8877
,OBC-NCL,8878
,OBC-NCL,8879
,OBC-NCL,8880
,OBC-NCL,8881
,OBC-NCL,8882
,OBC-NCL,8883
,OBC-NCL,8884
,OBC-NCL,8885
,OBC-NCL,8886
,OBC-NCL,8887
,OBC-NCL,8888
,OBC-NCL,8889
,OBC-NCL,8890
,OBC-NCL,8891
,OBC-NCL,8892
,OBC-NCL,8893
,OBC-NCL,8894
,OBC-NCL,8895
,OBC-NCL,8896
,OBC-NCL,8897
,OBC-NCL,8898
,OBC-NCL,8899
,OBC-NCL,8900
,OBC-NCL,8901
,OBC-NCL,8902
,OBC-NCL,8903
,OBC-NCL,8904
,OBC-NCL,8905
,OBC-NCL,8906
,OBC-NCL,8907
,OBC-NCL,8908
,OBC-NCL,8909
,OBC-NCL,8910
,OBC-NCL,8911
,OBC-NCL,8912
,OBC-NCL,8913
,OBC-NCL,8914
,OBC-NCL,8915
,OBC-NCL,8916
,OBC-NCL,8917
,OBC-NCL,8918
,OBC-NCL,8919
,OBC-NCL,8920
,OBC-NCL,8921
,OBC-NCL,8922
,OBC-NCL,8923
,OBC-NCL,8924
,OBC-NCL,8924
,OBC-NCL,8926
,OBC-NCL,8927
,OBC-NCL,8928
,OBC-NCL,8929
,OBC-NCL,8930
,OBC-NCL,8931
,OBC-NCL,8932
,OBC-NCL,8933
,OBC-NCL,8934
,OBC-NCL,8935
,OBC-NCL,8936
,OBC-NCL,8937
,OBC-NCL,8938
,OBC-NCL,8939
,OBC-NCL,8940
,OBC-NCL,8941
,OBC-NCL,8942
,OBC-NCL,8943
,OBC-NCL,8944
,OBC-NCL,8945
,OBC-NCL,8946
,OBC-NCL,8947
,OBC-NCL,8948
,OBC-NCL,8949
,OBC-NCL,8950
,OBC-NCL,8951
,OBC-NCL,8952
,OBC-NCL,8953
,OBC-NCL,8954
,OBC-NCL,8955
,OBC-NCL,8956
,OBC-NCL,8957
,OBC-NCL,8958
,OBC-NCL,8959
,OBC-NCL,8960
,OBC-NCL,8961
,OBC-NCL,8962
,OBC-NCL,8963
,OBC-NCL,8964
,OBC-NCL,8965
,OBC-NCL,8966
,OBC-NCL,8967
,OBC-NCL,8968
,OBC-NCL,8969
,OBC-NCL,8970
,OBC-NCL,8971
,OBC-NCL,8972
,OBC-NCL,8973
,OBC-NCL,8974
,OBC-NCL,8975
,OBC-NCL,8976
,OBC-NCL,8977
,OBC-NCL,8978
,OBC-NCL,8979
,OBC-NCL,8980
,OBC-NCL,8981
,OBC-NCL,8982
,OBC-NCL,8983
,OBC-NCL,8984
,OBC-NCL,8985
,OBC-NCL,8986
,OBC-NCL,8987
,OBC-NCL,8988
,OBC-NCL,8989
,OBC-NCL,8990
,OBC-NCL,8991
,OBC-NCL,8992
,OBC-NCL,8993
,OBC-NCL,8994
,OBC-NCL,8995
,OBC-NCL,8996
,OBC-NCL,8997
,OBC-NCL,8998
,OBC-NCL,8999
,OBC-NCL,9000
,OBC-NCL,9001
,OBC-NCL,9002
,OBC-NCL,9003
,OBC-NCL,9004
,OBC-NCL,9005
,OBC-NCL,9006
,OBC-NCL,9007
,OBC-NCL,9008
,OBC-NCL,9009
,OBC-NCL,9010
,OBC-NCL,9011
,OBC-NCL,9012
,OBC-NCL,9013
,OBC-NCL,9014
,OBC-NCL,9015
,OBC-NCL,9016
,OBC-NCL,9017
,OBC-NCL,9018
,OBC-NCL,9019
,OBC-NCL,9020
,OBC-NCL,9021
,OBC-NCL,9022
,OBC-NCL,9023
,OBC-NCL,9024
,OBC-NCL,9025
,OBC-NCL,9026
,OBC-NCL,9027
,OBC-NCL,9028
,OBC-NCL,9029
,OBC-NCL,9030
,OBC-NCL,9031
,OBC-NCL,9032
,OBC-NCL,9033
,OBC-NCL,9034
,OBC-NCL,9035
,OBC-NCL,9036
,OBC-NCL,9037
,OBC-NCL,9038
,OBC-NCL,9039
,OBC-NCL,9040
,OBC-NCL,9041
,OBC-NCL,9042
,OBC-NCL,9043
,OBC-NCL,9044
,OBC-NCL,9045
,OBC-NCL,9046
,OBC-NCL,9047
,OBC-NCL,9048
,OBC-NCL,9049
,OBC-NCL,9050
,OBC-NCL,9051
,OBC-NCL,9052
,OBC-NCL,9053
,OBC-NCL,9054
,OBC-NCL,9055
,OBC-NCL,9056
,OBC-NCL,9057
,OBC-NCL,9058
,OBC-NCL,9059
,OBC-NCL,9060
,OBC-NCL,9061
,OBC-NCL,9062
,OBC-NCL,9063
,OBC-NCL,9064
,OBC-NCL,9065
,OBC-NCL,9066
,OBC-NCL,9067
,OBC-NCL,9068
,OBC-NCL,9069
,OBC-NCL,9070
,OBC-NCL,9071
,OBC-NCL,9072
,OBC-NCL,9073
,OBC-NCL,9074
,OBC-NCL,9075
,OBC-NCL,9076
,OBC-NCL,9077
,OBC-NCL,9078
,OBC-NCL,9079
,OBC-NCL,9080
,OBC-NCL,9082
,OBC-NCL,9083
,OBC-NCL,9084
,OBC-NCL,9085
,OBC-NCL,9086
,OBC-NCL,9087
,OBC-NCL,9088
,OBC-NCL,9089
,OBC-NCL,9090
,OBC-NCL,9091
,OBC-NCL,9092
,OBC-NCL,9093
,OBC-NCL,9093
,OBC-NCL,9095
,OBC-NCL,9096
,OBC-NCL,9097
,OBC-NCL,9098
,OBC-NCL,9099
,OBC-NCL,9100
,OBC-NCL,9101
,OBC-NCL,9102
,OBC-NCL,9104
,OBC-NCL,9105
,OBC-NCL,9106
,OBC-NCL,9107
,OBC-NCL,9108
,OBC-NCL,9109
,OBC-NCL,9110
,OBC-NCL,9111
,OBC-NCL,9112
,OBC-NCL,9113
,OBC-NCL,9114
,OBC-NCL,9115
,OBC-NCL,9116
,OBC-NCL,9117
,OBC-NCL,9118
,OBC-NCL,9119
,OBC-NCL,9120
,OBC-NCL,9121
,OBC-NCL,9122
,OBC-NCL,9123
,OBC-NCL,9124
,OBC-NCL,9125
,OBC-NCL,9126
,OBC-NCL,9127
,OBC-NCL,9128
,OBC-NCL,9129
,OBC-NCL,9131
,OBC-NCL,9132
,OBC-NCL,9133
,OBC-NCL,9134
,OBC-NCL,9135
,OBC-NCL,9136
,OBC-NCL,9137
,OBC-NCL,9138
,OBC-NCL,9139
,OBC-NCL,9140
,OBC-NCL,9141
,OBC-NCL,9142
,OBC-NCL,9143
,OBC-NCL,9144
,OBC-NCL,9145
,OBC-NCL,9146
,OBC-NCL,9147
,OBC-NCL,9148
,OBC-NCL,9149
,OBC-NCL,9150
,OBC-NCL,9151
,OBC-NCL,9152
,OBC-NCL,9153
,OBC-NCL,9154
,OBC-NCL,9155
,OBC-NCL,9156
,OBC-NCL,9157
,OBC-NCL,9158
,OBC-NCL,9159
,OBC-NCL,9160
,OBC-NCL,9161
,OBC-NCL,9162
,OBC-NCL,9163
,OBC-NCL,9164
,OBC-NCL,9165
,OBC-NCL,9166
,OBC-NCL,9167
,OBC-NCL,9168
,OBC-NCL,9169
,OBC-NCL,9170
,OBC-NCL,9171
,OBC-NCL,9172
,OBC-NCL,9173
,OBC-NCL,9174
,OBC-NCL,9175
,OBC-NCL,9176
,OBC-NCL,9177
,OBC-NCL,9178
,OBC-NCL,9179
,OBC-NCL,9180
,OBC-NCL,9181
,OBC-NCL,9182
,OBC-NCL,9183
,OBC-NCL,9184
,OBC-NCL,9185
,OBC-NCL,9186
,OBC-NCL,9187
,OBC-NCL,9188
,OBC-NCL,9189
,OBC-NCL,9190
,OBC-NCL,9191
,OBC-NCL,9192
,OBC-NCL,9193
,OBC-NCL,9194
,OBC-NCL,9195
,OBC-NCL,9196
,OBC-NCL,9197
,OBC-NCL,9198
,OBC-NCL,9199
,OBC-NCL,9200
,OBC-NCL,9201
,OBC-NCL,9202
,OBC-NCL,9203
,OBC-NCL,9204
,OBC-NCL,9205
,OBC-NCL,9206
,OBC-NCL,9207
,OBC-NCL,9208
,OBC-NCL,9209
,OBC-NCL,9210
,OBC-NCL,9211
,SC,159
,SC,244
,SC,279
,SC,308
,SC,397
,SC,436
,SC,460
,SC,511
,SC,526
,SC,527
,SC,530
,SC,565
,SC,574
,SC,591
,SC,599
,SC,658
,SC,680
,SC,722
,SC,765
,SC,772
,SC,775
,SC,791
,SC,829
,SC,840
,SC,862
,SC,867
,SC,930
,SC,941
,SC,942
,SC,958
,SC,959
,SC,960
,SC,961
,SC,962
,SC,963
,SC,964
,SC,965
,SC,966
,SC,967
,SC,968
,SC,969
,SC,970
,SC,971
,SC,972
,SC,973
,SC,974
,SC,975
,SC,976
,SC,977
,SC,978
,SC,979
,SC,980
,SC,981
,SC,982
,SC,983
,SC,984
,SC,985
,SC,986
,SC,987
,SC,988
,SC,989
,SC,990
,SC,991
,SC,992
,SC,993
,SC,994
,SC,995
,SC,996
,SC,997
,SC,998
,SC,999
,SC,1000
,SC,1001
,SC,1002
,SC,1003
,SC,1004
,SC,1005
,SC,1008
,SC,1009
,SC,1010
,SC,1011
,SC,1012
,SC,1013
,SC,1014
,SC,1015
,SC,1016
,SC,1017
,SC,1018
,SC,1019
,SC,1020
,SC,1021
,SC,1022
,SC,1023
,SC,1024
,SC,1025
,SC,1026
,SC,1027
,SC,1028
,SC,1029
,SC,1030
,SC,1031
,SC,1032
,SC,1033
,SC,1034
,SC,1035
,SC,1036
,SC,1037
,SC,1038
,SC,1039
,SC,1040
,SC,1041
,SC,1042
,SC,1043
,SC,1044
,SC,1045
,SC,1046
,SC,1047
,SC,1048
,SC,1049
,SC,1050
,SC,1051
,SC,1052
,SC,1053
,SC,1054
,SC,1055
,SC,1056
,SC,1057
,SC,1058
,SC,1059
,SC,1060
,SC,1061
,SC,1062
,SC,1063
,SC,1064
,SC,1065
,SC,1066
,SC,1067
,SC,1068
,SC,1069
,SC,1070
,SC,1071
,SC,1072
,SC,1073
,SC,1074
,SC,1075
,SC,1076
,SC,1077
,SC,1078
,SC,1079
,SC,1080
,SC,1081
,SC,1082
,SC,1083
,SC,1084
,SC,1085
,SC,1086
,SC,1087
,SC,1088
,SC,1089
,SC,1090
,SC,1091
,SC,1092
,SC,1093
,SC,1094
,SC,1095
,SC,1096
,SC,1098
,SC,1099
,SC,1100
,SC,1101
,SC,1102
,SC,1103
,SC,1104
,SC,1105
,SC,1106
,SC,1107
,SC,1108
,SC,1109
,SC,1110
,SC,1111
,SC,1112
,SC,1113
,SC,1114
,SC,1115
,SC,1116
,SC,1117
,SC,1118
,SC,1119
,SC,1120
,SC,1121
,SC,1122
,SC,1123
,SC,1124
,SC,1125
,SC,1126
,SC,1127
,SC,1128
,SC,1129
,SC,1130
,SC,1131
,SC,1132
,SC,1133
,SC,1135
,SC,1136
,SC,1137
,SC,1138
,SC,1139
,SC,1140
,SC,1141
,SC,1142
,SC,1143
,SC,1144
,SC,1145
,SC,1146
,SC,1147
,SC,1148
,SC,1149
,SC,1150
,SC,1151
,SC,1152
,SC,1153
,SC,1154
,SC,1155
,SC,1156
,SC,1157
,SC,1158
,SC,1159
,SC,1160
,SC,1161
,SC,1162
,SC,1163
,SC,1164
,SC,1165
,SC,1166
,SC,1167
,SC,1168
,SC,1169
,SC,1170
,SC,1171
,SC,1172
,SC,1173
,SC,1174
,SC,1175
,SC,1176
,SC,1177
,SC,1178
,SC,1179
,SC,1180
,SC,1181
,SC,1182
,SC,1183
,SC,1184
,SC,1185
,SC,1186
,SC,1187
,SC,1188
,SC,1189
,SC,1190
,SC,1191
,SC,1192
,SC,1193
,SC,1194
,SC,1195
,SC,1196
,SC,1197
,SC,1198
,SC,1199
,SC,1200
,SC,1201
,SC,1202
,SC,1203
,SC,1204
,SC,1205
,SC,1206
,SC,1207
,SC,1208
,SC,1209
,SC,1210
,SC,1211
,SC,1212
,SC,1213
,SC,1214
,SC,1215
,SC,1216
,SC,1217
,SC,1218
,SC,1219
,SC,1220
,SC,1221
,SC,1222
,SC,1223
,SC,1224
,SC,1225
,SC,1226
,SC,1227
,SC,1228
,SC,1229
,SC,1230
,SC,1231
,SC,1233
,SC,1234
,SC,1235
,SC,1236
,SC,1237
,SC,1238
,SC,1239
,SC,1240
,SC,1241
,SC,1242
,SC,1244
,SC,1245
,SC,1246
,SC,1247
,SC,1248
,SC,1249
,SC,1250
,SC,1251
,SC,1252
,SC,1253
,SC,1254
,SC,1255
,SC,1256
,SC,1257
,SC,1258
,SC,1259
,SC,1260
,SC,1261
,SC,1262
,SC,1263
,SC,1264
,SC,1265
,SC,1266
,SC,1267
,SC,1268
,SC,1269
,SC,1270
,SC,1271
,SC,1272
,SC,1273
,SC,1274
,SC,1276
,SC,1278
,SC,1279
,SC,1280
,SC,1281
,SC,1282
,SC,1283
,SC,1284
,SC,1285
,SC,1286
,SC,1287
,SC,1288
,SC,1290
,SC,1291
,SC,1292
,SC,1293
,SC,1294
,SC,1295
,SC,1296
,SC,1297
,SC,1298
,SC,1299
,SC,1300
,SC,1301
,SC,1302
,SC,1303
,SC,1304
,SC,1305
,SC,1306
,SC,1307
,SC,1308
,SC,1309
,SC,1310
,SC,1311
,SC,1312
,SC,1313
,SC,1314
,SC,1315
,SC,1316
,SC,1317
,SC,1318
,SC,1319
,SC,1320
,SC,1321
,SC,1322
,SC,1323
,SC,1324
,SC,1325
,SC,1326
,SC,1327
,SC,1328
,SC,1329
,SC,1330
,SC,1331
,SC,1332
,SC,1333
,SC,1334
,SC,1335
,SC,1336
,SC,1337
,SC,1338
,SC,1339
,SC,1340
,SC,1341
,SC,1342
,SC,1343
,SC,1344
,SC,1345
,SC,1347
,SC,1348
,SC,1349
,SC,1350
,SC,1351
,SC,1352
,SC,1353
,SC,1354
,SC,1355
,SC,1356
,SC,1357
,SC,1358
,SC,1359
,SC,1360
,SC,1361
,SC,1362
,SC,1363
,SC,1364
,SC,1365
,SC,1366
,SC,1367
,SC,1368
,SC,1369
,SC,1370
,SC,1371
,SC,1372
,SC,1373
,SC,1374
,SC,1375
,SC,1376
,SC,1377
,SC,1378
,SC,1379
,SC,1380
,SC,1381
,SC,1382
,SC,1383
,SC,1384
,SC,1385
,SC,1386
,SC,1387
,SC,1388
,SC,1389
,SC,1390
,SC,1391
,SC,1392
,SC,1393
,SC,1394
,SC,1395
,SC,1396
,SC,1397
,SC,1398
,SC,1399
,SC,1400
,SC,1401
,SC,1402
,SC,1403
,SC,1404
,SC,1405
,SC,1406
,SC,1406
,SC,1408
,SC,1409
,SC,1410
,SC,1411
,SC,1412
,SC,1413
,SC,1414
,SC,1415
,SC,1416
,SC,1417
,SC,1418
,SC,1419
,SC,1420
,SC,1421
,SC,1422
,SC,1423
,SC,1424
,SC,1425
,SC,1426
,SC,1427
,SC,1428
,SC,1429
,SC,1430
,SC,1431
,SC,1432
,SC,1433
,SC,1434
,SC,1435
,SC,1436
,SC,1437
,SC,1438
,SC,1439
,SC,1440
,SC,1441
,SC,1442
,SC,1443
,SC,1444
,SC,1445
,SC,1446
,SC,1447
,SC,1448
,SC,1449
,SC,1450
,SC,1451
,SC,1453
,SC,1454
,SC,1455
,SC,1456
,SC,1457
,SC,1458
,SC,1459
,SC,1460
,SC,1461
,SC,1462
,SC,1463
,SC,1464
,SC,1465
,SC,1466
,SC,1467
,SC,1468
,SC,1469
,SC,1470
,SC,1471
,SC,1472
,SC,1473
,SC,1474
,SC,1475
,SC,1476
,SC,1477
,SC,1478
,SC,1479
,SC,1480
,SC,1481
,SC,1482
,SC,1483
,SC,1484
,SC,1485
,SC,1486
,SC,1487
,SC,1488
,SC,1489
,SC,1490
,SC,1491
,SC,1492
,SC,1493
,SC,1494
,SC,1495
,SC,1496
,SC,1497
,SC,1498
,SC,1499
,SC,1500
,SC,1501
,SC,1502
,SC,1503
,SC,1504
,SC,1505
,SC,1506
,SC,1507
,SC,1508
,SC,1509
,SC,1510
,SC,1511
,SC,1512
,SC,1513
,SC,1514
,SC,1515
,SC,1516
,SC,1517
,SC,1518
,SC,1519
,SC,1520
,SC,1521
,SC,1522
,SC,1523
,SC,1524
,SC,1525
,SC,1526
,SC,1527
,SC,1528
,SC,1529
,SC,1530
,SC,1531
,SC,1532
,SC,1533
,SC,1534
,SC,1535
,SC,1536
,SC,1538
,SC,1539
,SC,1540
,SC,1541
,SC,1542
,SC,1543
,SC,1544
,SC,1545
,SC,1546
,SC,1547
,SC,1548
,SC,1549
,SC,1550
,SC,1551
,SC,1552
,SC,1553
,SC,1554
,SC,1555
,SC,1556
,SC,1557
,SC,1558
,SC,1559
,SC,1560
,SC,1561
,SC,1562
,SC,1563
,SC,1564
,SC,1565
,SC,1566
,SC,1567
,SC,1568
,SC,1569
,SC,1570
,SC,1571
,SC,1572
,SC,1573
,SC,1574
,SC,1575
,SC,1576
,SC,1577
,SC,1578
,SC,1579
,SC,1580
,SC,1581
,SC,1582
,SC,1583
,SC,1584
,SC,1585
,SC,1586
,SC,1587
,SC,1588
,SC,1589
,SC,1590
,SC,1591
,SC,1592
,SC,1593
,SC,1594
,SC,1595
,SC,1596
,SC,1597
,SC,1598
,SC,1599
,SC,1599
,SC,1601
,SC,1602
,SC,1603
,SC,1604
,SC,1605
,SC,1606
,SC,1607
,SC,1608
,SC,1609
,SC,1610
,SC,1611
,SC,1612
,SC,1613
,SC,1614
,SC,1615
,SC,1616
,SC,1617
,SC,1618
,SC,1619
,SC,1620
,SC,1621
,SC,1622
,SC,1623
,SC,1625
,SC,1626
,SC,1627
,SC,1628
,SC,1629
,SC,1630
,SC,1631
,SC,1632
,SC,1633
,SC,1634
,SC,1635
,SC,1636
,SC,1637
,SC,1638
,SC,1639
,SC,1640
,SC,1641
,SC,1642
,SC,1643
,SC,1644
,SC,1645
,SC,1646
,SC,1647
,SC,1648
,SC,1649
,SC,1650
,SC,1651
,SC,1652
,SC,1653
,SC,1654
,SC,1655
,SC,1656
,SC,1657
,SC,1658
,SC,1659
,SC,1660
,SC,1661
,SC,1662
,SC,1663
,SC,1664
,SC,1665
,SC,1666
,SC,1667
,SC,1668
,SC,1669
,SC,1670
,SC,1671
,SC,1672
,SC,1673
,SC,1674
,SC,1675
,SC,1676
,SC,1677
,SC,1678
,SC,1679
,SC,1680
,SC,1681
,SC,1682
,SC,1683
,SC,1684
,SC,1685
,SC,1686
,SC,1687
,SC,1688
,SC,1689
,SC,1690
,SC,1691
,SC,1692
,SC,1693
,SC,1694
,SC,1695
,SC,1696
,SC,1697
,SC,1698
,SC,1699
,SC,1700
,SC,1701
,SC,1702
,SC,1703
,SC,1704
,SC,1705
,SC,1706
,SC,1707
,SC,1708
,SC,1709
,SC,1710
,SC,1711
,SC,1712
,SC,1713
,SC,1714
,SC,1715
,SC,1716
,SC,1717
,SC,1718
,SC,1719
,SC,1720
,SC,1721
,SC,1722
,SC,1723
,SC,1724
,SC,1725
,SC,1726
,SC,1727
,SC,1728
,SC,1729
,SC,1730
,SC,1731
,SC,1732
,SC,1733
,SC,1734
,SC,1735
,SC,1736
,SC,1737
,SC,1738
,SC,1739
,SC,1740
,SC,1741
,SC,1742
,SC,1743
,SC,1744
,SC,1745
,SC,1746
,SC,1747
,SC,1748
,SC,1749
,SC,1750
,SC,1751
,SC,1752
,SC,1753
,SC,1754
,SC,1755
,SC,1756
,SC,1757
,SC,1758
,SC,1759
,SC,1760
,SC,1761
,SC,1762
,SC,1763
,SC,1764
,SC,1765
,SC,1766
,SC,1767
,SC,1768
,SC,1769
,SC,1770
,SC,1771
,SC,1772
,SC,1773
,SC,1774
,SC,1775
,SC,1776
,SC,1777
,SC,1778
,SC,1779
,SC,1779
,SC,1781
,SC,1782
,SC,1783
,SC,1784
,SC,1785
,SC,1786
,SC,1787
,SC,1788
,SC,1789
,SC,1790
,SC,1791
,SC,1792
,SC,1793
,SC,1794
,SC,1795
,SC,1796
,SC,1797
,SC,1798
,SC,1799
,SC,1800
,SC,1801
,SC,1802
,SC,1803
,SC,1804
,SC,1805
,SC,1806
,SC,1807
,SC,1808
,SC,1809
,SC,1810
,SC,1811
,SC,1812
,SC,1813
,SC,1814
,SC,1815
,SC,1816
,SC,1817
,SC,1818
,SC,1819
,SC,1820
,SC,1821
,SC,1822
,SC,1823
,SC,1824
,SC,1825
,SC,1826
,SC,1827
,SC,1828
,SC,1829
,SC,1830
,SC,1831
,SC,1832
,SC,1833
,SC,1834
,SC,1835
,SC,1836
,SC,1837
,SC,1838
,SC,1839
,SC,1840
,SC,1841
,SC,1842
,SC,1843
,SC,1844
,SC,1845
,SC,1846
,SC,1847
,SC,1848
,SC,1850
,SC,1851
,SC,1852
,SC,1853
,SC,1854
,SC,1855
,SC,1856
,SC,1857
,SC,1858
,SC,1859
,SC,1860
,SC,1861
,SC,1862
,SC,1863
,SC,1864
,SC,1865
,SC,1866
,SC,1867
,SC,1868
,SC,1869
,SC,1870
,SC,1871
,SC,1872
,SC,1873
,SC,1874
,SC,1875
,SC,1876
,SC,1877
,SC,1878
,SC,1879
,SC,1880
,SC,1881
,SC,1882
,SC,1883
,SC,1884
,SC,1885
,SC,1886
,SC,1887
,SC,1888
,SC,1889
,SC,1890
,SC,1891
,SC,1892
,SC,1893
,SC,1894
,SC,1895
,SC,1896
,SC,1897
,SC,1898
,SC,1899
,SC,1900
,SC,1901
,SC,1902
,SC,1903
,SC,1904
,SC,1905
,SC,1906
,SC,1907
,SC,1908
,SC,1909
,SC,1910
,SC,1911
,SC,1912
,SC,1913
,SC,1914
,SC,1915
,SC,1916
,SC,1917
,SC,1918
,SC,1919
,SC,1920
,SC,1921
,SC,1922
,SC,1923
,SC,1925
,SC,1926
,SC,1927
,SC,1928
,SC,1929
,SC,1930
,SC,1931
,SC,1932
,SC,1933
,SC,1934
,SC,1935
,SC,1936
,SC,1937
,SC,1938
,SC,1939
,SC,1940
,SC,1941
,SC,1942
,SC,1943
,SC,1944
,SC,1946
,SC,1947
,SC,1948
,SC,1949
,SC,1950
,SC,1951
,SC,1952
,SC,1953
,SC,1954
,SC,1955
,SC,1956
,SC,1957
,SC,1958
,SC,1959
,SC,1960
,SC,1961
,SC,1962
,SC,1963
,SC,1964
,SC,1965
,SC,1966
,SC,1967
,SC,1968
,SC,1969
,SC,1970
,SC,1971
,SC,1972
,SC,1974
,SC,1975
,SC,1976
,SC,1977
,SC,1978
,SC,1979
,SC,1980
,SC,1981
,SC,1982
,SC,1983
,SC,1984
,SC,1985
,SC,1986
,SC,1987
,SC,1988
,SC,1989
,SC,1990
,SC,1991
,SC,1992
,SC,1993
,SC,1994
,SC,1995
,SC,1996
,SC,1997
,SC,1998
,SC,1999
,SC,2000
,SC,2001
,SC,2002
,SC,2003
,SC,2004
,SC,2005
,SC,2006
,SC,2007
,SC,2008
,SC,2009
,SC,2010
,SC,2011
,SC,2014
,SC,2015
,SC,2016
,SC,2017
,SC,2018
,SC,2019
,SC,2020
,SC,2022
,SC,2023
,SC,2024
,SC,2025
,SC,2026
,SC,2027
,SC,2028
,SC,2029
,SC,2030
,SC,2031
,SC,2032
,SC,2033
,SC,2034
,SC,2035
,SC,2036
,SC,2037
,SC,2038
,SC,2039
,SC,2040
,SC,2041
,SC,2042
,SC,2043
,SC,2044
,SC,2045
,SC,2046
,SC,2047
,SC,2048
,SC,2049
,SC,2050
,SC,2052
,SC,2053
,SC,2054
,SC,2055
,SC,2056
,SC,2057
,SC,2058
,SC,2059
,SC,2060
,SC,2061
,SC,2062
,SC,2063
,SC,2064
,SC,2065
,SC,2066
,SC,2067
,SC,2068
,SC,2069
,SC,2070
,SC,2071
,SC,2072
,SC,2073
,SC,2074
,SC,2075
,SC,2076
,SC,2077
,SC,2078
,SC,2079
,SC,2080
,SC,2081
,SC,2082
,SC,2083
,SC,2084
,SC,2085
,SC,2086
,SC,2087
,SC,2088
,SC,2089
,SC,2090
,SC,2092
,SC,2093
,SC,2094
,SC,2095
,SC,2096
,SC,2097
,SC,2098
,SC,2099
,SC,2100
,SC,2101
,SC,2102
,SC,2103
,SC,2104
,SC,2105
,SC,2106
,SC,2107
,SC,2108
,SC,2109
,SC,2110
,SC,2111
,SC,2113
,SC,2114
,SC,2115
,SC,2116
,SC,2117
,SC,2118
,SC,2119
,SC,2120
,SC,2121
,SC,2123
,SC,2124
,SC,2125
,SC,2126
,SC,2127
,SC,2128
,SC,2129
,SC,2130
,SC,2131
,SC,2132
,SC,2133
,SC,2134
,SC,2135
,SC,2136
,SC,2137
,SC,2138
,SC,2139
,SC,2140
,SC,2141
,SC,2142
,SC,2143
,SC,2144
,SC,2145
,SC,2146
,SC,2147
,SC,2149
,SC,2150
,SC,2151
,SC,2152
,SC,2153
,SC,2154
,SC,2155
,SC,2156
,SC,2157
,SC,2158
,SC,2159
,SC,2160
,SC,2161
,SC,2162
,SC,2163
,SC,2164
,SC,2165
,SC,2166
,SC,2167
,SC,2168
,SC,2169
,SC,2170
,SC,2171
,SC,2172
,SC,2173
,SC,2174
,SC,2175
,SC,2176
,SC,2177
,SC,2178
,SC,2179
,SC,2180
,SC,2181
,SC,2182
,SC,2183
,SC,2184
,SC,2185
,SC,2186
,SC,2187
,SC,2188
,SC,2189
,SC,2190
,SC,2191
,SC,2192
,SC,2193
,SC,2194
,SC,2195
,SC,2196
,SC,2197
,SC,2198
,SC,2199
,SC,2200
,SC,2201
,SC,2202
,SC,2203
,SC,2204
,SC,2205
,SC,2206
,SC,2207
,SC,2208
,SC,2209
,SC,2210
,SC,2211
,SC,2212
,SC,2213
,SC,2214
,SC,2215
,SC,2216
,SC,2217
,SC,2218
,SC,2219
,SC,2220
,SC,2221
,SC,2222
,SC,2223
,SC,2224
,SC,2225
,SC,2226
,SC,2227
,SC,2228
,SC,2229
,SC,2230
,SC,2231
,SC,2232
,SC,2233
,SC,2234
,SC,2235
,SC,2236
,SC,2237
,SC,2238
,SC,2239
,SC,2240
,SC,2241
,SC,2242
,SC,2243
,SC,2244
,SC,2245
,SC,2246
,SC,2247
,SC,2248
,SC,2249
,SC,2250
,SC,2251
,SC,2252
,SC,2253
,SC,2254
,SC,2255
,SC,2256
,SC,2257
,SC,2258
,SC,2259
,SC,2260
,SC,2261
,SC,2262
,SC,2263
,SC,2264
,SC,2265
,SC,2266
,SC,2267
,SC,2268
,SC,2269
,SC,2270
,SC,2271
,SC,2272
,SC,2273
,SC,2274
,SC,2275
,SC,2276
,SC,2277
,SC,2278
,SC,2279
,SC,2280
,SC,2281
,SC,2282
,SC,2283
,SC,2284
,SC,2285
,SC,2286
,SC,2287
,SC,2288
,SC,2289
,SC,2290
,SC,2291
,SC,2292
,SC,2293
,SC,2294
,SC,2295
,SC,2296
,SC,2297
,SC,2298
,SC,2299
,SC,2300
,SC,2301
,SC,2302
,SC,2303
,SC,2304
,SC,2305
,SC,2306
,SC,2307
,SC,2308
,SC,2309
,SC,2310
,SC,2311
,SC,2312
,SC,2313
,SC,2314
,SC,2315
,SC,2316
,SC,2317
,SC,2318
,SC,2319
,SC,2320
,SC,2321
,SC,2322
,SC,2323
,SC,2324
,SC,2325
,SC,2326
,SC,2327
,SC,2328
,SC,2329
,SC,2330
,SC,2331
,SC,2332
,SC,2333
,SC,2334
,SC,2335
,SC,2336
,SC,2337
,SC,2338
,SC,2339
,SC,2340
,SC,2341
,SC,2342
,SC,2343
,SC,2344
,SC,2345
,SC,2346
,SC,2347
,SC,2348
,SC,2349
,SC,2350
,SC,2351
,SC,2352
,SC,2353
,SC,2354
,SC,2355
,SC,2356
,SC,2357
,SC,2358
,SC,2359
,SC,2360
,SC,2361
,SC,2362
,SC,2363
,SC,2364
,SC,2365
,SC,2366
,SC,2367
,SC,2368
,SC,2370
,SC,2371
,SC,2372
,SC,2373
,SC,2374
,SC,2375
,SC,2376
,SC,2377
,SC,2378
,SC,2379
,SC,2380
,SC,2381
,SC,2382
,SC,2383
,SC,2384
,SC,2385
,SC,2386
,SC,2387
,SC,2388
,SC,2389
,SC,2390
,SC,2391
,SC,2392
,SC,2393
,SC,2394
,SC,2395
,SC,2396
,SC,2397
,SC,2398
,SC,2399
,SC,2400
,SC,2401
,SC,2402
,SC,2403
,SC,2404
,SC,2405
,SC,2406
,SC,2407
,SC,2408
,SC,2409
,SC,2410
,SC,2411
,SC,2412
,SC,2413
,SC,2414
,SC,2415
,SC,2416
,SC,2417
,SC,2418
,SC,2419
,SC,2420
,SC,2421
,SC,2422
,SC,2423
,SC,2424
,SC,2425
,SC,2426
,SC,2427
,SC,2428
,SC,2429
,SC,2430
,SC,2431
,SC,2432
,SC,2433
,SC,2434
,SC,2435
,SC,2436
,SC,2437
,SC,2438
,SC,2439
,SC,2440
,SC,2441
,SC,2442
,SC,2443
,SC,2444
,SC,2445
,SC,2446
,SC,2447
,SC,2448
,SC,2449
,SC,2450
,SC,2451
,SC,2452
,SC,2453
,SC,2454
,SC,2455
,SC,2456
,SC,2457
,SC,2458
,SC,2459
,SC,2460
,SC,2461
,SC,2462
,SC,2463
,SC,2464
,SC,2465
,SC,2466
,SC,2467
,SC,2468
,SC,2469
,SC,2470
,SC,2471
,SC,2472
,SC,2473
,SC,2474
,SC,2475
,SC,2476
,SC,2477
,SC,2478
,SC,2479
,SC,2480
,SC,2481
,SC,2482
,SC,2483
,SC,2484
,SC,2485
,SC,2486
,SC,2487
,SC,2488
,SC,2489
,SC,2490
,SC,2491
,SC,2492
,SC,2493
,SC,2494
,SC,2495
,SC,2496
,SC,2497
,SC,2498
,SC,2499
,SC,2500
,SC,2501
,SC,2502
,SC,2503
,SC,2504
,SC,2505
,SC,2506
,SC,2507
,SC,2508
,SC,2509
,SC,2510
,SC,2512
,SC,2513
,SC,2514
,SC,2515
,SC,2516
,SC,2517
,SC,2518
,SC,2519
,SC,2520
,SC,2521
,SC,2522
,SC,2523
,SC,2524
,SC,2525
,SC,2526
,SC,2527
,SC,2528
,SC,2529
,SC,2530
,SC,2531
,SC,2532
,SC,2533
,SC,2534
,SC,2535
,SC,2536
,SC,2537
,SC,2538
,SC,2539
,SC,2540
,SC,2541
,SC,2542
,SC,2543
,SC,2544
,SC,2545
,SC,2546
,SC,2547
,SC,2548
,SC,2549
,SC,2550
,SC,2551
,SC,2552
,SC,2553
,SC,2554
,SC,2555
,SC,2556
,SC,2557
,SC,2558
,SC,2559
,SC,2560
,SC,2561
,SC,2562
,SC,2563
,SC,2564
,SC,2566
,SC,2568
,SC,2569
,SC,2570
,SC,2571
,SC,2572
,SC,2573
,SC,2574
,SC,2576
,SC,2577
,SC,2578
,SC,2579
,SC,2580
,SC,2581
,SC,2582
,SC,2582
,SC,2584
,SC,2585
,SC,2586
,SC,2587
,SC,2588
,SC,2589
,SC,2590
,SC,2591
,SC,2592
,SC,2593
,SC,2594
,SC,2595
,SC,2596
,SC,2597
,SC,2598
,SC,2600
,SC,2601
,SC,2602
,SC,2603
,SC,2604
,SC,2605
,SC,2606
,SC,2607
,SC,2608
,SC,2609
,SC,2610
,SC,2611
,SC,2612
,SC,2613
,SC,2614
,SC,2615
,SC,2616
,SC,2617
,SC,2618
,SC,2619
,SC,2620
,SC,2621
,SC,2622
,SC,2623
,SC,2624
,SC,2625
,SC,2626
,SC,2627
,SC,2628
,SC,2629
,SC,2630
,SC,2631
,SC,2632
,SC,2633
,SC,2634
,SC,2635
,SC,2636
,SC,2637
,SC,2638
,SC,2639
,SC,2640
,SC,2641
,SC,2642
,SC,2643
,SC,2644
,SC,2645
,SC,2646
,SC,2647
,SC,2648
,SC,2649
,SC,2650
,SC,2651
,SC,2652
,SC,2653
,SC,2654
,SC,2655
,SC,2656
,SC,2657
,SC,2658
,SC,2659
,SC,2660
,SC,2661
,SC,2662
,SC,2663
,SC,2664
,SC,2665
,SC,2667
,SC,2668
,SC,2669
,SC,2670
,SC,2671
,SC,2672
,SC,2673
,SC,2674
,SC,2675
,SC,2676
,SC,2677
,SC,2678
,SC,2679
,SC,2680
,SC,2681
,SC,2682
,SC,2683
,SC,2684
,SC,2685
,SC,2686
,SC,2687
,SC,2688
,SC,2689
,SC,2690
,SC,2691
,SC,2692
,SC,2693
,SC,2694
,SC,2695
,SC,2696
,SC,2697
,SC,2698
,SC,2699
,SC,2700
,SC,2701
,SC,2702
,SC,2704
,SC,2705
,SC,2706
,SC,2707
,SC,2708
,SC,2709
,SC,2710
,SC,2711
,SC,2712
,SC,2713
,SC,2714
,SC,2715
,SC,2716
,SC,2717
,SC,2718
,SC,2719
,SC,2720
,SC,2721
,SC,2722
,SC,2723
,SC,2724
,SC,2725
,SC,2726
,SC,2727
,SC,2728
,SC,2729
,SC,2730
,SC,2731
,SC,2732
,SC,2733
,SC,2734
,SC,2735
,SC,2736
,SC,2737
,SC,2738
,SC,2739
,SC,2740
,SC,2741
,SC,2742
,SC,2743
,SC,2744
,SC,2745
,SC,2746
,SC,2747
,SC,2748
,SC,2749
,SC,2750
,SC,2751
,SC,2752
,SC,2753
,SC,2754
,SC,2755
,SC,2756
,SC,2757
,SC,2758
,SC,2759
,SC,2760
,SC,2761
,SC,2762
,SC,2763
,SC,2764
,SC,2765
,SC,2766
,SC,2767
,SC,2768
,SC,2769
,SC,2770
,SC,2771
,SC,2773
,SC,2775
,SC,2776
,SC,2777
,SC,2778
,SC,2779
,SC,2780
,SC,2781
,SC,2782
,SC,2783
,SC,2784
,SC,2785
,SC,2786
,SC,2787
,SC,2788
,SC,2789
,SC,2791
,SC,2792
,SC,2793
,SC,2794
,SC,2795
,SC,2796
,SC,2797
,SC,2799
,SC,2800
,SC,2801
,SC,2802
,SC,2803
,SC,2804
,SC,2805
,SC,2806
,SC,2807
,SC,2808
,SC,2809
,SC,2810
,SC,2811
,SC,2812
,SC,2813
,SC,2814
,SC,2815
,SC,2816
,SC,2817
,SC,2818
,SC,2819
,SC,2820
,SC,2821
,SC,2822
,SC,2823
,SC,2824
,SC,2825
,SC,2826
,SC,2827
,SC,2828
,SC,2829
,SC,2830
,SC,2831
,SC,2832
,SC,2833
,SC,2834
,SC,2835
,SC,2836
,SC,2837
,SC,2838
,SC,2839
,SC,2840
,SC,2841
,SC,2842
,SC,2843
,SC,2844
,SC,2845
,SC,2846
,SC,2847
,SC,2848
,SC,2849
,SC,2850
,SC,2851
,SC,2852
,SC,2853
,SC,2854
,SC,2855
,SC,2856
,SC,2857
,SC,2858
,SC,2859
,SC,2860
,SC,2861
,SC,2862
,SC,2863
,SC,2864
,SC,2865
,SC,2866
,SC,2867
,SC,2868
,SC,2869
,SC,2870
,SC,2871
,SC,2872
,SC,2873
,SC,2874
,SC,2875
,SC,2876
,SC,2877
,SC,2878
,SC,2879
,SC,2880
,SC,2881
,SC,2882
,SC,2883
,SC,2884
,SC,2885
,SC,2886
,SC,2887
,SC,2888
,SC,2889
,SC,2890
,SC,2891
,SC,2892
,SC,2893
,SC,2894
,SC,2895
,SC,2896
,SC,2897
,SC,2898
,SC,2899
,SC,2900
,SC,2901
,SC,2902
,SC,2903
,SC,2904
,SC,2905
,SC,2906
,SC,2907
,SC,2908
,SC,2909
,SC,2910
,SC,2911
,SC,2912
,SC,2913
,SC,2914
,SC,2915
,SC,2916
,SC,2917
,SC,2918
,SC,2919
,SC,2920
,SC,2921
,SC,2922
,SC,2923
,SC,2924
,SC,2925
,SC,2926
,SC,2927
,SC,2928
,SC,2929
,SC,2930
,SC,2931
,SC,2932
,SC,2933
,SC,2934
,SC,2935
,SC,2936
,SC,2937
,SC,2938
,SC,2939
,SC,2940
,SC,2941
,SC,2942
,SC,2943
,SC,2944
,SC,2945
,SC,2946
,SC,2947
,SC,2948
,SC,2949
,SC,2950
,SC,2951
,SC,2952
,SC,2953
,SC,2954
,SC,2955
,SC,2956
,SC,2957
,SC,2958
,SC,2959
,SC,2960
,SC,2961
,SC,2962
,SC,2963
,SC,2964
,SC,2965
,SC,2966
,SC,2967
,SC,2968
,SC,2969
,SC,2970
,SC,2971
,SC,2972
,SC,2973
,SC,2974
,SC,2975
,SC,2976
,SC,2977
,SC,2978
,SC,2979
,SC,2980
,SC,2981
,SC,2982
,SC,2983
,SC,2984
,SC,2985
,SC,2986
,SC,2987
,SC,2988
,SC,2989
,SC,2990
,SC,2991
,SC,2992
,SC,2993
,SC,2994
,SC,2995
,SC,2996
,SC,2997
,SC,2998
,SC,2999
,SC,3000
,SC,3001
,SC,3002
,SC,3003
,SC,3004
,SC,3005
,SC,3006
,SC,3008
,SC,3009
,SC,3010
,SC,3011
,SC,3012
,SC,3013
,SC,3014
,SC,3015
,SC,3016
,SC,3017
,SC,3018
,SC,3019
,SC,3020
,SC,3021
,SC,3022
,SC,3023
,SC,3024
,SC,3025
,SC,3026
,SC,3027
,SC,3028
,SC,3029
,SC,3030
,SC,3031
,SC,3032
,SC,3034
,SC,3035
,SC,3036
,SC,3037
,SC,3038
,SC,3039
,SC,3040
,SC,3041
,SC,3042
,SC,3043
,SC,3044
,SC,3045
,SC,3046
,SC,3047
,SC,3048
,SC,3049
,SC,3050
,SC,3051
,SC,3052
,SC,3053
,SC,3054
,SC,3055
,SC,3056
,SC,3057
,SC,3058
,SC,3059
,SC,3060
,SC,3061
,SC,3062
,SC,3063
,SC,3064
,SC,3065
,SC,3066
,SC,3067
,SC,3068
,SC,3069
,SC,3070
,SC,3071
,SC,3072
,SC,3073
,SC,3074
,SC,3075
,SC,3076
,SC,3077
,SC,3078
,SC,3079
,SC,3080
,SC,3081
,SC,3082
,SC,3083
,SC,3084
,SC,3085
,SC,3086
,SC,3087
,SC,3088
,SC,3089
,SC,3090
,SC,3091
,SC,3092
,SC,3093
,SC,3094
,SC,3095
,SC,3096
,SC,3097
,SC,3098
,SC,3099
,SC,3100
,SC,3101
,SC,3102
,SC,3103
,SC,3104
,SC,3105
,SC,3106
,SC,3107
,SC,3108
,SC,3109
,SC,3110
,SC,3111
,SC,3112
,SC,3114
,SC,3115
,SC,3116
,SC,3117
,SC,3118
,SC,3119
,SC,3120
,SC,3121
,SC,3122
,SC,3123
,SC,3124
,SC,3125
,SC,3126
,SC,3127
,SC,3128
,SC,3129
,SC,3130
,SC,3131
,SC,3132
,SC,3133
,SC,3134
,SC,3136
,SC,3137
,SC,3138
,SC,3139
,SC,3140
,SC,3141
,SC,3142
,SC,3143
,SC,3144
,SC,3145
,SC,3146
,SC,3147
,SC,3148
,SC,3149
,SC,3149
,SC,3151
,SC,3152
,SC,3153
,SC,3154
,SC,3155
,SC,3156
,SC,3157
,SC,3158
,SC,3159
,SC,3160
,SC,3161
,SC,3162
,SC,3163
,SC,3164
,SC,3165
,SC,3166
,SC,3167
,SC,3168
,SC,3169
,SC,3170
,SC,3171
,SC,3172
,SC,3173
,SC,3174
,SC,3175
,SC,3176
,SC,3177
,SC,3178
,SC,3179
,SC,3180
,SC,3181
,SC,3182
,SC,3183
,SC,3184
,SC,3185
,SC,3186
,SC,3187
,SC,3189
,SC,3190
,SC,3191
,SC,3192
,SC,3193
,SC,3194
,SC,3195
,SC,3196
,SC,3197
,SC,3198
,SC,3199
,SC,3200
,SC,3201
,SC,3202
,SC,3203
,SC,3204
,SC,3205
,SC,3206
,SC,3207
,SC,3208
,SC,3209
,SC,3210
,SC,3211
,SC,3212
,SC,3213
,SC,3214
,SC,3215
,SC,3216
,SC,3217
,SC,3218
,SC,3219
,SC,3220
,SC,3221
,SC,3222
,SC,3223
,SC,3224
,SC,3225
,SC,3226
,SC,3227
,SC,3228
,SC,3229
,SC,3230
,SC,3231
,SC,3233
,SC,3234
,SC,3235
,SC,3236
,SC,3237
,SC,3238
,SC,3239
,SC,3240
,SC,3241
,SC,3242
,SC,3243
,SC,3244
,SC,3245
,SC,3247
,SC,3248
,SC,3249
,SC,3250
,SC,3251
,SC,3252
,SC,3253
,SC,3254
,SC,3255
,SC,3256
,SC,3257
,SC,3258
,SC,3259
,SC,3260
,SC,3261
,SC,3262
,SC,3263
,SC,3264
,SC,3265
,SC,3266
,SC,3267
,SC,3268
,SC,3269
,SC,3270
,SC,3271
,SC,3272
,SC,3273
,SC,3274
,SC,3275
,SC,3276
,SC,3277
,SC,3278
,SC,3279
,SC,3280
,SC,3281
,SC,3282
,SC,3283
,SC,3284
,SC,3285
,SC,3286
,SC,3287
,SC,3288
,SC,3289
,SC,3290
,SC,3291
,SC,3292
,SC,3293
,SC,3294
,SC,3295
,SC,3296
,SC,3297
,SC,3298
,SC,3299
,SC,3300
,SC,3302
,SC,3303
,SC,3304
,SC,3305
,SC,3306
,SC,3307
,SC,3308
,SC,3309
,SC,3310
,SC,3311
,SC,3312
,SC,3313
,SC,3314
,SC,3315
,SC,3316
,SC,3317
,SC,3318
,SC,3319
,SC,3320
,SC,3321
,SC,3322
,SC,3323
,SC,3324
,SC,3325
,SC,3326
,SC,3327
,SC,3328
,SC,3329
,SC,3331
,SC,3332
,SC,3333
,SC,3334
,SC,3335
,SC,3336
,SC,3337
,SC,3338
,SC,3339
,SC,3340
,SC,3341
,SC,3342
,SC,3343
,SC,3344
,SC,3345
,SC,3346
,SC,3347
,SC,3348
,SC,3349
,SC,3350
,SC,3351
,SC,3352
,SC,3353
,SC,3354
,SC,3355
,SC,3356
,SC,3357
,SC,3358
,SC,3359
,SC,3360
,SC,3361
,SC,3362
,SC,3363
,SC,3364
,SC,3365
,SC,3366
,SC,3367
,SC,3368
,SC,3369
,SC,3370
,SC,3371
,SC,3372
,SC,3373
,SC,3374
,SC,3375
,SC,3376
,SC,3377
,SC,3378
,SC,3379
,SC,3380
,SC,3381
,SC,3382
,SC,3383
,SC,3384
,SC,3385
,SC,3386
,SC,3387
,SC,3388
,SC,3389
,SC,3390
,SC,3391
,SC,3392
,SC,3393
,SC,3394
,SC,3395
,SC,3396
,SC,3397
,SC,3398
,SC,3399
,SC,3400
,SC,3401
,SC,3402
,SC,3403
,SC,3404
,SC,3405
,SC,3406
,SC,3407
,SC,3408
,ST,18
,ST,42
,ST,52
,ST,54
,ST,64
,ST,65
,ST,67
,ST,68
,ST,71
,ST,74
,ST,76
,ST,79
,ST,84
,ST,89
,ST,90
,ST,91
,ST,93
,ST,97
,ST,99
,ST,101
,ST,105
,ST,105
,ST,109
,ST,110
,ST,118
,ST,119
,ST,128
,ST,129
,ST,132
,ST,139
,ST,141
,ST,142
,ST,145
,ST,149
,ST,150
,ST,151
,ST,152
,ST,153
,ST,155
,ST,157
,ST,162
,ST,165
,ST,169
,ST,170
,ST,172
,ST,174
,ST,175
,ST,226
,ST,237
,ST,238
,ST,239
,ST,240
,ST,241
,ST,242
,ST,243
,ST,245
,ST,246
,ST,247
,ST,248
,ST,249
,ST,250
,ST,251
,ST,252
,ST,253
,ST,254
,ST,255
,ST,256
,ST,257
,ST,258
,ST,259
,ST,260
,ST,261
,ST,262
,ST,263
,ST,264
,ST,265
,ST,266
,ST,267
,ST,268
,ST,269
,ST,270
,ST,271
,ST,272
,ST,273
,ST,274
,ST,275
,ST,276
,ST,277
,ST,278
,ST,279
,ST,280
,ST,281
,ST,282
,ST,283
,ST,284
,ST,285
,ST,286
,ST,287
,ST,288
,ST,289
,ST,290
,ST,291
,ST,292
,ST,293
,ST,294
,ST,295
,ST,296
,ST,297
,ST,298
,ST,299
,ST,300
,ST,301
,ST,302
,ST,303
,ST,304
,ST,305
,ST,306
,ST,307
,ST,309
,ST,310
,ST,311
,ST,312
,ST,313
,ST,314
,ST,315
,ST,316
,ST,317
,ST,318
,ST,319
,ST,320
,ST,321
,ST,322
,ST,323
,ST,324
,ST,325
,ST,326
,ST,327
,ST,328
,ST,329
,ST,330
,ST,331
,ST,332
,ST,333
,ST,334
,ST,335
,ST,336
,ST,337
,ST,338
,ST,339
,ST,340
,ST,341
,ST,342
,ST,343
,ST,344
,ST,345
,ST,346
,ST,347
,ST,348
,ST,349
,ST,350
,ST,351
,ST,352
,ST,353
,ST,354
,ST,355
,ST,356
,ST,357
,ST,358
,ST,359
,ST,360
,ST,361
,ST,362
,ST,363
,ST,364
,ST,365
,ST,366
,ST,367
,ST,368
,ST,369
,ST,370
,ST,371
,ST,372
,ST,373
,ST,374
,ST,375
,ST,376
,ST,377
,ST,378
,ST,379
,ST,380
,ST,381
,ST,382
,ST,383
,ST,384
,ST,385
,ST,386
,ST,387
,ST,388
,ST,389
,ST,390
,ST,391
,ST,392
,ST,393
,ST,394
,ST,395
,ST,396
,ST,397
,ST,398
,ST,399
,ST,400
,ST,401
,ST,402
,ST,403
,ST,404
,ST,405
,ST,406
,ST,407
,ST,408
,ST,409
,ST,410
,ST,411
,ST,412
,ST,413
,ST,414
,ST,415
,ST,416
,ST,417
,ST,418
,ST,419
,ST,420
,ST,421
,ST,422
,ST,423
,ST,424
,ST,425
,ST,426
,ST,427
,ST,428
,ST,429
,ST,430
,ST,431
,ST,432
,ST,433
,ST,434
,ST,435
,ST,436
,ST,437
,ST,438
,ST,439
,ST,440
,ST,441
,ST,442
,ST,443
,ST,444
,ST,445
,ST,446
,ST,447
,ST,448
,ST,449
,ST,450
,ST,451
,ST,452
,ST,453
,ST,454
,ST,455
,ST,456
,ST,457
,ST,458
,ST,459
,ST,460
,ST,461
,ST,462
,ST,463
,ST,464
,ST,465
,ST,466
,ST,467
,ST,468
,ST,469
,ST,470
,ST,471
,ST,472
,ST,473
,ST,474
,ST,475
,ST,476
,ST,477
,ST,478
,ST,479
,ST,480
,ST,481
,ST,482
,ST,483
,ST,484
,ST,485
,ST,486
,ST,487
,ST,488
,ST,489
,ST,490
,ST,491
,ST,492
,ST,493
,ST,494
,ST,495
,ST,496
,ST,497
,ST,498
,ST,499
,ST,500
,ST,501
,ST,502
,ST,503
,ST,504
,ST,505
,ST,506
,ST,507
,ST,508
,ST,509
,ST,510
,ST,511
,ST,512
,ST,513
,ST,514
,ST,515
,ST,516
,ST,517
,ST,518
,ST,519
,ST,520
,ST,521
,ST,522
,ST,523
,ST,524
,ST,525
,ST,527
,ST,528
,ST,529
,ST,530
,ST,531
,ST,532
,ST,533
,ST,534
,ST,535
,ST,536
,ST,537
,ST,538
,ST,539
,ST,540
,ST,541
,ST,542
,ST,543
,ST,544
,ST,545
,ST,546
,ST,547
,ST,548
,ST,549
,ST,550
,ST,551
,ST,552
,ST,553
,ST,554
,ST,555
,ST,556
,ST,557
,ST,558
,ST,559
,ST,560
,ST,561
,ST,562
,ST,563
,ST,564
,ST,566
,ST,567
,ST,568
,ST,569
,ST,570
,ST,571
,ST,572
,ST,573
,ST,574
,ST,575
,ST,576
,ST,577
,ST,578
,ST,579
,ST,580
,ST,581
,ST,582
,ST,583
,ST,584
,ST,585
,ST,586
,ST,587
,ST,588
,ST,589
,ST,590
,ST,591
,ST,592
,ST,593
,ST,594
,ST,595
,ST,596
,ST,597
,ST,598
,ST,600
,ST,601
,ST,602
,ST,603
,ST,604
,ST,605
,ST,606
,ST,607
,ST,608
,ST,609
,ST,610
,ST,611
,ST,612
,ST,613
,ST,614
,ST,615
,ST,616
,ST,617
,ST,618
,ST,619
,ST,620
,ST,621
,ST,622
,ST,623
,ST,624
,ST,625
,ST,626
,ST,627
,ST,628
,ST,629
,ST,630
,ST,631
,ST,632
,ST,633
,ST,634
,ST,635
,ST,636
,ST,637
,ST,638
,ST,639
,ST,640
,ST,641
,ST,642
,ST,643
,ST,644
,ST,645
,ST,646
,ST,647
,ST,648
,ST,649
,ST,650
,ST,651
,ST,652
,ST,653
,ST,654
,ST,655
,ST,656
,ST,657
,ST,659
,ST,660
,ST,661
,ST,662
,ST,663
,ST,664
,ST,665
,ST,666
,ST,667
,ST,668
,ST,669
,ST,670
,ST,671
,ST,672
,ST,673
,ST,674
,ST,675
,ST,676
,ST,677
,ST,678
,ST,679
,ST,681
,ST,682
,ST,683
,ST,684
,ST,685
,ST,686
,ST,687
,ST,688
,ST,689
,ST,690
,ST,691
,ST,692
,ST,693
,ST,694
,ST,695
,ST,696
,ST,697
,ST,698
,ST,699
,ST,700
,ST,701
,ST,702
,ST,703
,ST,704
,ST,705
,ST,706
,ST,707
,ST,708
,ST,709
,ST,710
,ST,711
,ST,712
,ST,713
,ST,714
,ST,715
,ST,716
,ST,717
,ST,718
,ST,719
,ST,720
,ST,721
,ST,723
,ST,724
,ST,725
,ST,726
,ST,727
,ST,728
,ST,729
,ST,730
,ST,731
,ST,732
,ST,733
,ST,734
,ST,735
,ST,736
,ST,737
,ST,738
,ST,739
,ST,740
,ST,741
,ST,742
,ST,743
,ST,744
,ST,745
,ST,746
,ST,747
,ST,748
,ST,749
,ST,750
,ST,751
,ST,752
,ST,753
,ST,754
,ST,755
,ST,756
,ST,757
,ST,758
,ST,759
,ST,760
,ST,761
,ST,762
,ST,763
,ST,764
,ST,765
,ST,766
,ST,767
,ST,768
,ST,769
,ST,770
,ST,771
,ST,772
,ST,773
,ST,774
,ST,775
,ST,776
,ST,777
,ST,778
,ST,779
,ST,780
,ST,781
,ST,782
,ST,783
,ST,784
,ST,785
,ST,786
,ST,787
,ST,788
,ST,789
,ST,790
,ST,791
,ST,792
,ST,793
,ST,794
,ST,795
,ST,796
,ST,797
,ST,798
,ST,799
,ST,800
,ST,801
,ST,802
,ST,803
,ST,804
,ST,805
,ST,806
,ST,807
,ST,808
,ST,809
,ST,810
,ST,811
,ST,812
,ST,813
,ST,814
,ST,815
,ST,816
,ST,817
,ST,818
,ST,819
,ST,820
,ST,821
,ST,822
,ST,823
,ST,824
,ST,825
,ST,826
,ST,827
,ST,828
,ST,829
,ST,830
,ST,831
,ST,832
,ST,833
,ST,834
,ST,835
,ST,836
,ST,837
,ST,838
,ST,839
,ST,840
,ST,841
,ST,842
,ST,843
,ST,844
,ST,845
,ST,846
,ST,847
,ST,848
,ST,849
,ST,850
,ST,851
,ST,852
,ST,853
,ST,854
,ST,855
,ST,856
,ST,857
,ST,858
,ST,859
,ST,860
,ST,861
,ST,862
,ST,863
,ST,864
,ST,865
,ST,866
,ST,867
,ST,868
,ST,869
,ST,870
,ST,871
,ST,872
,ST,873
,ST,874
,ST,875
,ST,876
,ST,877
,ST,878
,ST,879
,ST,880
,ST,881
,ST,882
,ST,883
,ST,884
,ST,885
,ST,886
,ST,887
,ST,888
,ST,889
,ST,890
,ST,891
,ST,892
,ST,893
,ST,894
,ST,895
,ST,896
,ST,897
,ST,898
,ST,899
,ST,900
,ST,901
,ST,902
,ST,903
,ST,904
,ST,905
,ST,906
,ST,907
,ST,908
,ST,909
,ST,910
,ST,911
,ST,912
,ST,913
,ST,914
,ST,915
,ST,916
,ST,917
,ST,918
,ST,919
,ST,920
,ST,921
,ST,922
,ST,923
,ST,924
,ST,925
,ST,926
,ST,927
,ST,928
,ST,929
,ST,930
,ST,931
,ST,932
,ST,933
,ST,934
,ST,935
,ST,936
,ST,937
,ST,938
,ST,939
,ST,940
,ST,942
,ST,943
,ST,944
,ST,945
,ST,946
,ST,947
,ST,948
,ST,949
,ST,950
,ST,951
,ST,952
,ST,953
,ST,954
,ST,955
,ST,956
,ST,957
,ST,958
,ST,959
,ST,960
,ST,961
,ST,962
,ST,963
,ST,964
,ST,965
,ST,966
,ST,967
,ST,968
,ST,969
,ST,970
,ST,971
,ST,972
,ST,973
,ST,974
,ST,975
,ST,976
,ST,977
,ST,978
,ST,979
,ST,980
,ST,981
