crl_rank,category,category_rank
1,GEN,
2,GEN,
3,GEN,
4,OBC-NCL,1
5,GEN,
6,GEN-EWS,1
7,GEN,
8,GEN,
9,GEN,
10,GEN-EWS,2
11,GEN,
12,GEN,
13,GEN,
14,GEN,
15,GEN,
16,GEN,
17,GEN,
18,GEN,
19,GEN,
20,GEN-EWS,3
21,GEN,
22,OBC-NCL,2
23,GEN,
24,OBC-NCL,3
25,GEN,
26,GEN,
27,GEN,
28,GEN,
29,GEN,
30,GEN,
31,GEN,
32,GEN,
33,GEN,
34,OBC-NCL,4
35,OBC-NCL,5
36,GEN,
37,GEN,
38,GEN,
39,GEN,
40,OBC-NCL,6
41,GEN,
42,GEN,
43,OBC-NCL,7
44,GEN-EWS,4
45,GEN,
46,GEN,
47,GEN,
48,GEN,
49,GEN,
50,GEN,
51,GEN,
52,GEN,
53,GEN,
54,OBC-NCL,8
55,GEN,
56,GEN,
57,GEN,
58,GEN,
59,GEN,
60,GEN,
61,GEN,
62,GEN-EWS,5
63,GEN-EWS,6
64,OBC-NCL,9
65,GEN,
66,GEN,
67,GEN,
68,GEN,
69,GEN,
70,GEN,
71,GEN,
72,GEN,
73,SC,1
74,GEN,
75,GEN,
76,GEN,
77,GEN,
78,GEN,
79,GEN,
80,GEN-EWS,7
81,GEN,
82,GEN,
83,GEN,
84,GEN-EWS,8
85,GEN,
86,GEN,
87,GEN,
88,GEN,
89,GEN,
90,GEN,
91,GEN,
92,GEN,
93,GEN,
94,GEN,
95,GEN-EWS,9
96,GEN,
97,GEN,
98,GEN,
99,GEN,
100,OBC-NCL,10
101,GEN,
102,GEN,
103,GEN,
104,GEN,
105,GEN-EWS,10
106,GEN,
107,GEN,
108,GEN,
109,GEN,
110,OBC-NCL,11
111,GEN,
112,GEN,
113,GEN,
114,GEN,
115,GEN,
116,GEN,
117,GEN,
118,GEN,
119,GEN-EWS,11
120,GEN,
121,GEN,
122,GEN,
123,GEN,
124,GEN,
125,GEN-EWS,12
126,SC,2
127,GEN,
128,OBC-NCL,12
129,OBC-NCL,13
130,GEN,
131,GEN,
132,GEN,
133,GEN,
134,GEN,
135,GEN-EWS,13
136,GEN,
137,GEN,
138,GEN,
139,OBC-NCL,14
140,GEN,
141,GEN,
142,GEN,
143,GEN,
144,GEN,
145,GEN,
146,GEN,
147,GEN,
148,GEN,
149,GEN,
150,GEN,
151,GEN,
152,OBC-NCL,15
153,GEN,
154,GEN,
155,GEN,
156,GEN,
157,GEN,
158,GEN,
159,GEN,
160,GEN,
161,GEN,
162,GEN-EWS,14
163,GEN,
164,GEN,
165,GEN,
166,GEN,
167,GEN,
168,GEN,
169,GEN,
170,GEN,
171,OBC-NCL,16
172,GEN,
173,GEN,
174,GEN,
175,GEN,
176,GEN,
177,GEN,
178,GEN-EWS,15
179,GEN,
180,GEN,
181,GEN,
182,GEN,
183,GEN,
184,GEN,
185,GEN,
186,GEN,
187,GEN,
188,OBC-NCL,17
189,OBC-NCL,18
190,GEN,
191,OBC-NCL,19
192,OBC-NCL,20
193,GEN,
194,GEN,
195,SC,3
196,GEN,
197,GEN,
198,GEN,
199,OBC-NCL,21
200,GEN,
201,OBC-NCL,22
202,GEN,
203,GEN,
204,GEN,
205,GEN,
206,GEN-EWS,16
207,GEN,
208,GEN,
209,GEN,
210,GEN,
211,GEN,
212,GEN,
213,GEN,
214,GEN,
215,GEN,
216,OBC-NCL,23
217,GEN,
218,OBC-NCL,24
219,GEN,
220,GEN-EWS,17
221,GEN,
222,GEN,
223,GEN-EWS,18
224,GEN,
225,GEN,
226,GEN,
227,GEN,
228,GEN,
229,GEN,
230,GEN,
231,GEN,
232,GEN,
233,GEN,
234,GEN,
235,GEN,
236,GEN,
237,GEN,
238,GEN,
239,GEN,
240,GEN,
241,GEN-EWS,19
242,GEN-EWS,20
243,GEN,
244,GEN,
245,GEN,
246,GEN,
247,GEN,
248,GEN,
249,GEN,
250,SC,4
251,OBC-NCL,25
252,GEN,
253,GEN,
254,GEN,
255,GEN,
256,GEN-EWS,21
257,GEN,
258,GEN,
259,GEN,
260,GEN,
261,GEN,
262,GEN-EWS,22
263,GEN-EWS,23
264,GEN-EWS,24
265,GEN,
266,GEN,
267,GEN-EWS,25
268,GEN,
269,GEN,
270,GEN,
271,GEN,
272,GEN-EWS,26
273,GEN,
274,GEN-EWS,27
275,GEN,
276,GEN,
277,GEN,
278,GEN,
279,GEN,
280,GEN,
281,GEN-EWS,28
282,GEN,
283,GEN,
284,GEN,
285,GEN,
286,GEN,
287,GEN,
288,GEN,
289,GEN,
290,OBC-NCL,26
291,GEN-EWS,29
292,OBC-NCL,27
293,GEN,
294,GEN,
295,GEN,
296,GEN,
297,GEN,
298,GEN,
299,GEN-EWS,30
300,GEN-EWS,31
301,GEN,
302,GEN,
303,GEN,
304,GEN,
305,GEN,
306,GEN,
307,GEN,
308,GEN,
309,GEN,
310,GEN,
311,GEN,
312,OBC-NCL,28
313,OBC-NCL,29
314,GEN,
315,GEN,
316,OBC-NCL,30
317,GEN,
318,GEN,
319,GEN,
320,OBC-NCL,31
321,SC,5
322,GEN,
323,OBC-NCL,32
324,GEN,
325,GEN-EWS,32
326,OBC-NCL,33
327,GEN,
328,GEN,
329,GEN,
330,GEN-EWS,33
331,GEN,
332,OBC-NCL,34
333,GEN,
334,GEN,
335,OBC-NCL,35
336,GEN-EWS,34
337,GEN,
338,GEN,
339,OBC-NCL,36
340,GEN,
341,GEN,
342,GEN,
343,GEN,
344,GEN,
345,GEN,
346,GEN,
347,GEN,
348,OBC-NCL,37
349,OBC-NCL,38
350,GEN,
351,GEN,
352,GEN-EWS,35
353,GEN,
354,SC,6
355,GEN,
356,GEN,
357,GEN,
358,GEN,
359,GEN,
360,GEN,
361,GEN,
362,GEN,
363,GEN,
364,OBC-NCL,39
365,GEN-EWS,36
366,GEN,
367,GEN,
368,GEN,
369,GEN,
370,GEN,
371,GEN,
372,OBC-NCL,40
373,GEN,
374,GEN,
375,OBC-NCL,41
376,GEN,
377,GEN,
378,GEN,
379,GEN,
380,GEN-EWS,37
381,GEN,
382,GEN,
383,GEN,
384,GEN,
385,GEN,
386,GEN,
387,GEN,
388,GEN,
389,GEN,
390,GEN,
391,GEN,
392,GEN,
393,GEN,
394,GEN,
395,GEN,
396,GEN,
397,GEN,
398,GEN,
399,GEN,
400,GEN,
401,GEN,
402,GEN,
403,GEN,
404,GEN,
405,OBC-NCL,42
406,GEN,
407,GEN,
408,GEN,
409,GEN,
410,GEN,
411,GEN,
412,GEN,
413,GEN,
414,GEN,
415,GEN,
416,GEN,
417,GEN,
418,GEN,
419,GEN,
420,GEN,
421,GEN,
422,GEN,
423,GEN,
424,GEN,
425,GEN,
426,GEN,
427,GEN,
428,GEN-EWS,38
429,GEN,
430,GEN,
431,GEN-EWS,39
432,GEN,
433,GEN,
434,GEN,
435,GEN,
436,GEN-EWS,40
437,GEN-EWS,41
438,GEN,
439,GEN,
440,GEN,
441,GEN,
442,GEN,
443,GEN,
444,GEN,
445,GEN,
446,GEN,
447,GEN,
448,GEN,
449,GEN,
450,GEN,
451,OBC-NCL,43
452,GEN,
453,OBC-NCL,44
454,GEN,
455,GEN,
456,GEN,
457,GEN,
458,OBC-NCL,45
459,GEN,
460,GEN-EWS,42
461,OBC-NCL,46
462,GEN,
463,GEN,
464,OBC-NCL,47
465,OBC-NCL,48
466,OBC-NCL,49
467,GEN,
468,OBC-NCL,50
469,OBC-NCL,51
470,GEN,
471,GEN,
472,GEN-EWS,43
473,GEN,
474,GEN,
475,OBC-NCL,52
476,GEN,
477,GEN-EWS,44
478,GEN,
479,OBC-NCL,53
480,OBC-NCL,54
481,GEN,
482,GEN,
483,GEN,
484,GEN,
485,GEN,
486,GEN,
487,SC,7
488,OBC-NCL,55
489,GEN,
490,GEN,
491,OBC-NCL,56
492,GEN,
493,GEN,
494,GEN,
495,GEN,
496,OBC-NCL,57
497,GEN,
498,GEN,
499,GEN,
500,GEN-EWS,45
501,GEN,
502,GEN-EWS,46
503,GEN,
504,GEN,
505,GEN,
506,GEN,
507,GEN,
508,GEN,
509,GEN,
510,GEN,
511,GEN,
512,GEN-EWS,47
513,GEN-EWS,48
514,GEN,
515,GEN,
516,OBC-NCL,58
517,OBC-NCL,59
518,GEN,
519,GEN,
520,GEN,
521,GEN,
522,GEN,
523,GEN,
524,GEN,
525,SC,8
526,GEN,
527,OBC-NCL,60
528,GEN,
529,OBC-NCL,61
530,GEN,
531,GEN,
532,OBC-NCL,62
533,GEN,
534,OBC-NCL,63
535,GEN,
536,GEN-EWS,49
537,GEN,
538,GEN-EWS,50
539,GEN-EWS,51
540,GEN,
541,GEN,
542,GEN,
543,GEN,
544,GEN,
545,GEN,
546,GEN,
547,GEN-EWS,52
548,GEN,
549,GEN,
550,GEN,
551,GEN,
552,GEN,
553,GEN,
554,GEN,
555,GEN,
556,OBC-NCL,64
557,GEN,
558,GEN,
559,OBC-NCL,65
560,GEN,
561,GEN,
562,GEN,
563,GEN,
564,GEN,
565,GEN-EWS,53
566,GEN,
567,GEN,
568,GEN,
569,GEN,
570,GEN,
571,GEN,
572,GEN,
573,GEN,
574,GEN,
575,GEN,
576,GEN-EWS,54
577,GEN,
578,GEN-EWS,55
579,GEN,
580,GEN,
581,GEN,
582,GEN,
583,GEN,
584,GEN,
585,GEN,
586,GEN-EWS,56
587,GEN,
588,GEN-EWS,57
589,GEN,
590,OBC-NCL,66
591,OBC-NCL,67
592,GEN,
593,GEN,
594,GEN,
595,OBC-NCL,68
596,GEN,
597,OBC-NCL,69
598,GEN,
599,GEN,
600,OBC-NCL,70
601,GEN,
602,OBC-NCL,71
603,GEN,
604,GEN,
605,SC,9
606,GEN-EWS,58
607,OBC-NCL,72
608,GEN,
609,GEN,
610,GEN,
611,OBC-NCL,73
612,GEN-EWS,59
613,GEN,
614,GEN,
615,GEN,
616,GEN,
617,GEN,
618,GEN,
619,GEN,
620,GEN,
621,GEN,
622,OBC-NCL,74
623,GEN,
624,GEN-EWS,60
625,GEN,
626,GEN,
627,GEN,
628,GEN,
629,GEN,
630,OBC-NCL,75
631,GEN-EWS,61
632,GEN-EWS,62
633,OBC-NCL,76
634,GEN,
635,GEN,
636,OBC-NCL,77
637,GEN,
638,GEN,
639,OBC-NCL,78
640,GEN-EWS,63
641,GEN,
642,OBC-NCL,79
643,GEN,
644,ST,1
645,OBC-NCL,80
646,GEN,
647,OBC-NCL,81
648,GEN,
649,GEN-EWS,64
650,GEN,
651,GEN,
652,GEN,
653,OBC-NCL,82
654,GEN,
655,OBC-NCL,83
656,GEN-EWS,65
657,GEN,
658,GEN,
659,GEN,
660,GEN,
661,GEN-EWS,66
662,GEN,
663,GEN-EWS,67
664,OBC-NCL,84
665,GEN,
666,GEN,
667,GEN-EWS,68
668,OBC-NCL,85
669,GEN,
670,GEN,
671,GEN,
672,GEN,
673,GEN,
674,GEN,
675,GEN-EWS,69
676,GEN,
677,GEN,
678,GEN,
679,GEN,
680,GEN,
681,GEN-EWS,70
682,GEN-EWS,71
683,GEN,
684,GEN,
685,GEN-EWS,72
686,OBC-NCL,86
687,GEN,
688,OBC-NCL,87
689,OBC-NCL,88
690,GEN,
691,GEN,
692,GEN,
693,GEN,
694,GEN,
695,GEN,
696,GEN,
697,GEN,
698,GEN,
699,GEN-EWS,73
700,GEN,
701,GEN,
702,GEN,
703,GEN,
704,OBC-NCL,89
705,GEN,
706,GEN,
707,GEN,
708,GEN,
709,GEN-EWS,74
710,GEN,
711,GEN,
712,GEN,
713,GEN,
714,GEN,
715,GEN,
716,OBC-NCL,90
717,SC,10
718,GEN,
719,GEN,
720,GEN,
721,GEN,
722,GEN-EWS,75
723,GEN,
724,SC,11
725,GEN,
726,GEN,
727,OBC-NCL,91
728,OBC-NCL,92
729,GEN,
730,OBC-NCL,93
731,GEN-EWS,76
732,GEN,
733,GEN,
734,GEN,
735,GEN,
736,GEN,
737,GEN,
738,GEN,
739,GEN,
740,GEN-EWS,77
741,GEN,
742,GEN,
743,GEN,
744,GEN,
745,GEN,
746,OBC-NCL,94
747,GEN,
748,GEN,
749,GEN,
750,OBC-NCL,95
751,GEN,
752,GEN,
753,GEN,
754,GEN,
755,OBC-NCL,96
756,GEN,
757,OBC-NCL,97
758,OBC-NCL,98
759,GEN,
760,GEN,
761,GEN,
762,GEN,
763,GEN,
764,OBC-NCL,99
765,GEN-EWS,78
766,GEN,
767,OBC-NCL,100
768,GEN,
769,GEN-EWS,79
770,GEN,
771,GEN,
772,OBC-NCL,101
773,GEN,
774,GEN,
775,GEN,
776,GEN,
777,OBC-NCL,102
778,GEN,
779,GEN,
780,GEN,
781,GEN,
782,OBC-NCL,103
783,GEN,
784,OBC-NCL,104
785,GEN,
786,GEN,
787,GEN,
788,GEN,
789,GEN,
790,GEN,
791,GEN,
792,GEN,
793,GEN,
794,OBC-NCL,105
795,GEN,
796,GEN,
797,GEN,
798,GEN,
799,OBC-NCL,106
800,OBC-NCL,107
801,GEN,
802,GEN-EWS,80
803,GEN,
804,GEN,
805,GEN,
806,GEN,
807,GEN,
808,GEN,
809,GEN-EWS,81
810,GEN,
811,OBC-NCL,108
812,GEN,
813,GEN,
814,OBC-NCL,109
815,ST,2
816,GEN,
817,GEN,
818,OBC-NCL,110
819,GEN,
820,OBC-NCL,111
821,GEN,
822,GEN,
823,OBC-NCL,112
824,GEN,
825,OBC-NCL,113
826,GEN,
827,GEN,
828,GEN,
829,OBC-NCL,114
830,GEN,
831,GEN,
832,GEN,
833,GEN,
834,GEN,
835,SC,12
836,GEN,
837,GEN,
838,GEN,
839,OBC-NCL,115
840,GEN,
841,GEN-EWS,82
842,GEN,
843,GEN,
844,GEN-EWS,83
845,GEN-EWS,84
846,GEN,
847,GEN,
848,GEN,
849,GEN,
850,GEN,
851,OBC-NCL,116
852,GEN-EWS,85
853,GEN,
854,GEN,
855,SC,13
856,GEN-EWS,86
857,GEN,
858,GEN,
859,GEN,
860,GEN,
861,GEN,
862,GEN,
863,OBC-NCL,117
864,GEN,
865,OBC-NCL,118
866,GEN,
867,GEN,
868,GEN-EWS,87
869,OBC-NCL,119
870,GEN,
871,OBC-NCL,120
872,OBC-NCL,121
873,GEN,
874,GEN,
875,OBC-NCL,122
876,ST,3
877,GEN,
878,GEN,
879,GEN,
880,GEN-EWS,88
881,GEN,
882,GEN,
883,OBC-NCL,123
884,GEN-EWS,89
885,GEN,
886,GEN,
887,GEN,
888,GEN,
889,GEN,
890,GEN,
891,GEN,
892,GEN,
893,GEN,
894,GEN,
895,GEN,
896,GEN,
897,GEN,
898,GEN-EWS,90
899,GEN,
900,GEN,
901,GEN,
902,GEN,
903,GEN,
904,GEN,
905,GEN,
906,GEN,
907,GEN,
908,GEN,
909,OBC-NCL,124
910,GEN,
911,GEN,
912,OBC-NCL,125
913,GEN,
914,GEN,
915,GEN,
916,OBC-NCL,126
917,GEN,
918,GEN,
919,GEN,
920,GEN,
921,GEN-EWS,91
922,GEN,
923,GEN,
924,GEN,
925,GEN,
926,GEN,
927,GEN,
928,GEN,
929,GEN,
930,GEN,
931,GEN-EWS,92
932,GEN,
933,GEN,
934,GEN,
935,GEN,
936,GEN,
937,OBC-NCL,127
938,GEN,
939,GEN,
940,GEN,
941,GEN-EWS,93
942,GEN,
943,GEN,
944,GEN,
945,GEN,
946,GEN,
947,GEN,
948,GEN,
949,GEN,
950,GEN,
951,GEN,
952,GEN,
953,GEN,
954,OBC-NCL,128
955,GEN,
956,GEN,
957,GEN,
958,GEN-EWS,94
959,GEN,
960,GEN,
961,GEN,
962,GEN,
963,GEN,
964,GEN,
965,GEN,
966,GEN-EWS,95
967,GEN,
968,GEN,
969,GEN,
970,GEN,
971,GEN,
972,GEN,
973,GEN,
974,GEN,
975,GEN,
976,OBC-NCL,129
977,OBC-NCL,130
978,OBC-NCL,131
979,GEN,
980,OBC-NCL,132
981,GEN-EWS,96
982,GEN,
983,GEN,
984,GEN-EWS,97
985,GEN,
986,GEN,
987,GEN-EWS,98
988,GEN-EWS,99
989,OBC-NCL,133
990,OBC-NCL,134
991,OBC-NCL,135
992,SC,14
993,GEN,
994,GEN,
995,GEN,
996,GEN,
997,GEN,
998,GEN-EWS,100
999,GEN,
1000,GEN,
1001,GEN,
1002,GEN-EWS,101
1003,GEN,
1004,GEN,
1005,GEN,
1006,GEN,
1007,GEN,
1008,GEN,
1009,GEN,
1010,GEN,
1011,GEN,
1012,GEN,
1013,GEN-EWS,102
1014,OBC-NCL,136
1015,OBC-NCL,137
1016,GEN,
1017,GEN,
1018,GEN,
1019,GEN,
1020,GEN-EWS,103
1021,GEN-EWS,104
1022,OBC-NCL,138
1023,GEN,
1024,GEN-EWS,105
1025,GEN,
1026,GEN,
1027,GEN,
1028,GEN,
1029,GEN,
1030,GEN,
1031,GEN,
1032,GEN,
1033,GEN,
1034,GEN,
1035,GEN-EWS,106
1036,OBC-NCL,139
1037,GEN,
1038,OBC-NCL,140
1039,GEN,
1040,GEN,
1041,GEN,
1042,GEN,
1043,OBC-NCL,141
1044,ST,4
1045,GEN,
1046,GEN,
1047,GEN-EWS,107
1048,GEN,
1049,GEN,
1050,OBC-NCL,142
1051,OBC-NCL,143
1052,GEN-EWS,108
1053,GEN-EWS,109
1054,GEN,
1055,OBC-NCL,144
1056,GEN,
1057,GEN,
1058,OBC-NCL,145
1059,OBC-NCL,146
1060,GEN,
1061,GEN,
1062,GEN,
1063,GEN,
1064,OBC-NCL,147
1065,GEN,
1066,GEN,
1067,GEN,
1068,GEN,
1069,GEN-EWS,110
1070,OBC-NCL,148
1071,OBC-NCL,149
1072,GEN,
1073,GEN,
1074,GEN,
1075,GEN,
1076,OBC-NCL,150
1077,GEN-EWS,111
1078,GEN,
1079,GEN,
1080,GEN,
1081,GEN,
1082,GEN,
1083,GEN-EWS,112
1084,GEN,
1085,GEN-EWS,113
1086,GEN,
1087,OBC-NCL,151
1088,SC,15
1089,GEN,
1090,GEN,
1091,GEN,
1092,OBC-NCL,152
1093,GEN,
1094,GEN,
1095,GEN,
1096,GEN,
1097,OBC-NCL,153
1098,GEN,
1099,GEN-EWS,114
1100,GEN-EWS,115
1101,GEN,
1102,SC,16
1103,OBC-NCL,154
1104,GEN,
1105,GEN,
1106,OBC-NCL,155
1107,GEN,
1108,GEN,
1109,GEN,
1110,GEN-EWS,116
1111,GEN-EWS,117
1112,GEN,
1113,GEN,
1114,OBC-NCL,156
1115,GEN,
1116,GEN,
1117,GEN-EWS,118
1118,GEN,
1119,GEN,
1120,OBC-NCL,157
1121,GEN-EWS,119
1122,GEN,
1123,GEN,
1124,OBC-NCL,158
1125,GEN,
1126,GEN,
1127,SC,17
1128,GEN-EWS,120
1129,GEN,
1130,GEN,
1131,GEN,
1132,GEN,
1133,GEN,
1134,GEN,
1135,GEN-EWS,121
1136,GEN,
1137,GEN,
1138,GEN,
1139,GEN,
1140,GEN,
1141,GEN,
1142,GEN,
1143,GEN,
1144,GEN,
1145,GEN,
1146,GEN-EWS,122
1147,OBC-NCL,159
1148,GEN,
1149,GEN,
1150,GEN-EWS,123
1151,GEN,
1152,OBC-NCL,160
1153,GEN,
1154,GEN,
1155,GEN,
1156,GEN,
1157,GEN,
1158,OBC-NCL,161
1159,GEN,
1160,GEN,
1161,GEN-EWS,124
1162,GEN,
1163,GEN,
1164,GEN,
1165,GEN,
1166,GEN,
1167,OBC-NCL,162
1168,GEN-EWS,125
1169,GEN-EWS,126
1170,GEN-EWS,127
1171,GEN,
1172,GEN,
1173,GEN,
1174,GEN,
1175,GEN,
1176,OBC-NCL,163
1177,GEN-EWS,128
1178,OBC-NCL,164
1179,GEN,
1180,OBC-NCL,165
1181,GEN,
1182,GEN-EWS,129
1183,GEN,
1184,GEN,
1185,GEN,
1186,OBC-NCL,166
1187,OBC-NCL,167
1188,GEN,
1189,GEN,
1190,GEN,
1191,GEN-EWS,130
1192,OBC-NCL,168
1193,GEN-EWS,131
1194,GEN,
1195,OBC-NCL,169
1196,OBC-NCL,170
1197,GEN,
1198,GEN,
1199,SC,18
1200,OBC-NCL,171
1201,GEN,
1202,GEN,
1203,GEN,
1204,GEN,
1205,GEN,
1206,GEN,
1207,GEN,
1208,GEN,
1209,GEN,
1210,GEN,
1210,OBC-NCL,172
1212,GEN,
1213,GEN,
1214,OBC-NCL,173
1215,GEN,
1216,GEN,
1217,GEN,
1218,GEN,
1219,GEN-EWS,132
1220,GEN-EWS,133
1221,OBC-NCL,174
1222,GEN,
1223,GEN,
1224,GEN,
1225,GEN,
1226,GEN,
1227,GEN,
1228,GEN,
1229,GEN,
1230,GEN,
1231,GEN,
1232,GEN,
1233,GEN-EWS,134
1234,GEN,
1235,GEN-EWS,135
1236,GEN,
1237,GEN,
1238,OBC-NCL,175
1239,GEN,
1240,GEN,
1241,GEN,
1242,GEN,
1243,OBC-NCL,176
1244,GEN-EWS,136
1245,OBC-NCL,177
1246,GEN,
1247,GEN,
1248,GEN,
1249,GEN,
1250,GEN,
1251,OBC-NCL,178
1252,GEN-EWS,137
1253,GEN-EWS,138
1254,OBC-NCL,179
1255,GEN,
1256,GEN,
1257,GEN,
1258,ST,5
1259,GEN,
1260,GEN,
1261,GEN,
1262,GEN,
1263,OBC-NCL,180
1264,GEN,
1265,GEN,
1266,GEN,
1267,GEN,
1268,GEN,
1269,GEN,
1270,GEN,
1271,GEN,
1272,GEN,
1273,GEN,
1274,GEN,
1275,GEN-EWS,139
1276,GEN,
1277,GEN,
1278,OBC-NCL,181
1279,GEN,
1280,GEN,
1281,OBC-NCL,182
1282,GEN-EWS,140
1283,GEN,
1284,GEN,
1285,OBC-NCL,183
1286,GEN,
1287,GEN,
1288,GEN,
1289,GEN,
1290,GEN-EWS,141
1291,GEN,
1292,GEN,
1293,GEN-EWS,142
1294,GEN,
1295,OBC-NCL,184
1296,GEN,
1297,GEN,
1298,GEN,
1299,GEN,
1300,GEN,
1301,GEN,
1302,GEN,
1303,SC,19
1304,GEN,
1305,GEN,
1306,OBC-NCL,185
1307,OBC-NCL,186
1308,GEN,
1309,GEN,
1310,GEN,
1311,GEN,
1312,GEN,
1313,OBC-NCL,187
1314,GEN,
1315,GEN,
1316,GEN,
1317,GEN,
1318,GEN,
1319,GEN,
1320,GEN,
1321,GEN,
1322,GEN,
1323,GEN,
1324,OBC-NCL,188
1325,GEN,
1326,GEN,
1327,GEN-EWS,143
1328,OBC-NCL,189
1329,OBC-NCL,190
1330,GEN,
1331,GEN,
1332,OBC-NCL,191
1333,GEN,
1334,OBC-NCL,192
1335,GEN,
1336,GEN-EWS,144
1337,GEN,
1338,GEN-EWS,145
1339,OBC-NCL,193
1340,GEN,
1341,OBC-NCL,194
1342,OBC-NCL,195
1343,GEN,
1344,GEN,
1345,GEN-EWS,146
1346,OBC-NCL,196
1347,GEN-EWS,147
1348,GEN,
1349,GEN,
1350,OBC-NCL,197
1351,GEN,
1352,GEN,
1353,GEN,
1354,GEN-EWS,148
1355,GEN,
1356,GEN,
1357,OBC-NCL,198
1358,OBC-NCL,199
1359,OBC-NCL,200
1360,GEN,
1361,GEN,
1362,GEN,
1363,GEN-EWS,149
1364,GEN,
1365,GEN,
1366,GEN,
1367,GEN,
1368,GEN,
1369,GEN,
1370,OBC-NCL,201
1371,GEN,
1372,GEN,
1373,GEN,
1374,GEN-EWS,150
1375,OBC-NCL,202
1376,GEN,
1377,GEN-EWS,151
1378,GEN,
1379,GEN,
1380,GEN,
1381,GEN,
1382,GEN,
1383,GEN,
1384,OBC-NCL,203
1385,GEN,
1386,OBC-NCL,204
1387,GEN,
1388,GEN,
1389,GEN,
1390,GEN,
1391,GEN,
1392,GEN,
1393,OBC-NCL,205
1394,OBC-NCL,206
1395,GEN-EWS,152
1396,GEN-EWS,153
1397,GEN,
1398,GEN,
1399,GEN,
1400,GEN,
1401,OBC-NCL,207
1402,GEN,
1403,GEN,
1404,GEN,
1405,GEN,
1406,GEN,
1407,SC,20
1408,GEN,
1409,GEN,
1410,GEN-EWS,154
1411,GEN-EWS,155
1412,GEN,
1413,GEN,
1414,GEN,
1415,SC,21
1416,GEN-EWS,156
1417,GEN,
1418,GEN,
1419,GEN,
1420,GEN,
1421,GEN,
1422,GEN,
1423,GEN,
1424,GEN-EWS,157
1425,GEN,
1426,GEN,
1427,GEN,
1428,OBC-NCL,208
1429,GEN,
1430,OBC-NCL,209
1431,GEN,
1432,OBC-NCL,210
1433,GEN,
1434,GEN,
1435,GEN,
1436,GEN,
1437,GEN,
1438,GEN,
1439,GEN-EWS,158
1440,OBC-NCL,211
1441,GEN,
1442,GEN,
1443,GEN,
1444,GEN,
1445,GEN,
1446,GEN,
1447,GEN,
1448,OBC-NCL,212
1449,GEN,
1450,GEN-EWS,159
1451,OBC-NCL,213
1452,GEN,
1453,GEN,
1454,OBC-NCL,214
1455,GEN,
1456,GEN,
1457,GEN,
1458,GEN,
1459,OBC-NCL,215
1460,GEN,
1461,GEN,
1462,OBC-NCL,216
1463,GEN,
1464,GEN,
1465,OBC-NCL,217
1466,GEN,
1467,GEN-EWS,160
1468,GEN,
1469,GEN,
1470,GEN,
1471,OBC-NCL,218
1472,GEN,
1473,GEN,
1474,GEN,
1475,OBC-NCL,219
1476,GEN,
1477,GEN,
1478,GEN,
1479,GEN,
1480,GEN-EWS,161
1481,GEN,
1482,GEN-EWS,162
1483,OBC-NCL,220
1484,GEN,
1485,GEN,
1486,GEN,
1487,GEN,
1488,GEN,
1489,OBC-NCL,221
1490,GEN,
1491,GEN,
1492,GEN,
1493,GEN,
1494,GEN,
1495,GEN,
1496,ST,6
1497,GEN,
1498,GEN,
1499,GEN,
1500,GEN,
1501,OBC-NCL,222
1502,GEN,
1503,GEN,
1504,GEN,
1505,GEN,
1506,GEN,
1507,GEN-EWS,163
1508,GEN,
1509,OBC-NCL,223
1510,GEN,
1511,OBC-NCL,224
1512,GEN,
1513,GEN,
1514,GEN,
1515,GEN,
1516,GEN,
1517,GEN,
1518,GEN,
1519,GEN,
1520,OBC-NCL,225
1521,GEN,
1522,GEN,
1523,GEN,
1524,GEN,
1525,GEN,
1526,GEN,
1527,OBC-NCL,226
1528,GEN,
1529,GEN,
1530,GEN,
1531,GEN-EWS,164
1532,GEN,
1533,GEN,
1534,GEN,
1535,GEN,
1536,GEN,
1537,GEN-EWS,165
1538,GEN,
1539,GEN,
1540,OBC-NCL,227
1541,GEN,
1542,GEN,
1543,GEN,
1544,GEN,
1545,GEN,
1546,OBC-NCL,228
1547,OBC-NCL,229
1548,GEN,
1549,GEN,
1550,GEN,
1551,GEN,
1552,GEN,
1553,GEN,
1554,GEN,
1555,GEN,
1556,GEN,
1557,GEN,
1558,GEN,
1559,GEN,
1560,OBC-NCL,230
1561,GEN,
1562,GEN,
1563,GEN,
1564,GEN,
1565,GEN-EWS,166
1566,GEN-EWS,167
1567,GEN,
1568,GEN,
1569,OBC-NCL,231
1570,OBC-NCL,232
1571,GEN,
1572,GEN,
1573,GEN,
1574,OBC-NCL,233
1575,OBC-NCL,234
1576,OBC-NCL,235
1577,GEN,
1578,GEN,
1579,OBC-NCL,236
1580,GEN,
1581,GEN-EWS,168
1582,GEN-EWS,169
1583,GEN,
1584,OBC-NCL,237
1585,GEN,
1586,GEN,
1587,OBC-NCL,238
1588,GEN,
1589,OBC-NCL,239
1590,OBC-NCL,240
1591,GEN,
1592,OBC-NCL,241
1593,SC,22
1594,GEN,
1595,GEN,
1596,GEN,
1597,GEN,
1598,GEN,
1599,GEN-EWS,170
1600,GEN,
1601,GEN-EWS,171
1602,GEN,
1603,GEN,
1604,GEN,
1605,GEN,
1606,GEN,
1607,GEN,
1608,GEN,
1609,GEN,
1610,GEN,
1611,GEN,
1612,OBC-NCL,242
1613,OBC-NCL,243
1614,OBC-NCL,244
1615,GEN,
1616,GEN,
1617,OBC-NCL,245
1618,OBC-NCL,246
1619,OBC-NCL,247
1620,GEN,
1621,GEN,
1622,GEN,
1623,GEN,
1624,OBC-NCL,248
1625,OBC-NCL,249
1626,OBC-NCL,250
1627,GEN-EWS,172
1628,GEN-EWS,173
1629,GEN,
1630,OBC-NCL,251
1631,GEN-EWS,174
1632,GEN,
1633,GEN,
1634,GEN-EWS,175
1635,GEN,
1636,GEN,
1637,GEN,
1638,GEN,
1639,GEN-EWS,176
1640,GEN,
1641,GEN,
1642,GEN,
1643,OBC-NCL,252
1644,GEN-EWS,177
1645,GEN,
1646,GEN,
1647,GEN,
1648,GEN,
1649,GEN,
1650,GEN,
1651,SC,23
1652,GEN,
1653,GEN-EWS,178
1654,GEN,
1655,GEN,
1656,GEN,
1657,GEN,
1658,GEN,
1659,GEN,
1660,GEN,
1661,GEN-EWS,179
1662,OBC-NCL,253
1663,GEN,
1664,GEN,
1665,GEN,
1666,GEN,
1667,GEN,
1668,GEN-EWS,180
1669,GEN,
1670,GEN,
1671,GEN,
1672,GEN,
1673,OBC-NCL,254
1674,GEN,
1675,GEN-EWS,181
1676,GEN,
1677,GEN,
1678,GEN,
1679,OBC-NCL,255
1680,GEN,
1681,GEN,
1682,OBC-NCL,256
1683,GEN,
1684,GEN-EWS,182
1685,GEN,
1686,GEN,
1687,GEN,
1688,SC,24
1689,GEN-EWS,183
1690,GEN,
1691,GEN,
1692,GEN,
1693,GEN,
1694,OBC-NCL,257
1695,GEN,
1696,GEN,
1697,GEN,
1698,GEN,
1699,GEN,
1700,GEN,
1701,OBC-NCL,258
1702,GEN,
1702,GEN,
1704,GEN,
1705,GEN,
1706,GEN-EWS,184
1707,GEN,
1708,GEN,
1709,GEN,
1710,GEN,
1711,GEN,
1712,OBC-NCL,259
1713,GEN,
1714,OBC-NCL,260
1715,GEN,
1716,GEN,
1717,OBC-NCL,261
1718,GEN,
1719,GEN,
1720,GEN,
1721,GEN,
1722,GEN,
1723,GEN,
1724,OBC-NCL,262
1725,OBC-NCL,263
1726,GEN,
1727,OBC-NCL,264
1728,GEN,
1729,GEN,
1730,GEN,
1731,GEN,
1732,OBC-NCL,265
1733,GEN,
1734,GEN,
1735,GEN,
1736,SC,25
1737,GEN,
1738,GEN,
1739,GEN-EWS,185
1740,SC,26
1741,GEN-EWS,186
1742,GEN,
1743,OBC-NCL,266
1744,GEN,
1745,GEN,
1746,GEN-EWS,187
1747,GEN,
1748,GEN,
1749,GEN,
1750,GEN,
1751,GEN-EWS,188
1752,GEN,
1753,GEN,
1754,GEN,
1755,GEN,
1756,OBC-NCL,267
1757,GEN,
1758,GEN,
1759,OBC-NCL,268
1760,OBC-NCL,269
1761,GEN-EWS,189
1762,GEN,
1763,GEN,
1764,GEN,
1765,GEN-EWS,190
1766,GEN,
1767,GEN,
1768,GEN-EWS,191
1769,GEN,
1770,GEN,
1771,OBC-NCL,270
1772,GEN,
1773,GEN,
1774,GEN,
1775,GEN,
1776,GEN,
1777,OBC-NCL,271
1778,GEN-EWS,192
1779,GEN,
1780,GEN,
1781,GEN,
1782,GEN,
1783,GEN,
1784,GEN-EWS,193
1785,OBC-NCL,272
1786,GEN,
1787,GEN,
1788,GEN,
1789,GEN,
1790,GEN,
1791,GEN,
1792,GEN-EWS,194
1793,GEN,
1794,GEN,
1795,OBC-NCL,273
1796,GEN,
1797,GEN,
1798,GEN,
1799,GEN,
1800,OBC-NCL,274
1801,OBC-NCL,275
1802,OBC-NCL,276
1803,GEN,
1804,GEN,
1805,GEN,
1806,GEN,
1807,GEN,
1808,GEN,
1809,GEN,
1810,GEN,
1811,GEN,
1812,GEN-EWS,195
1813,GEN,
1814,GEN-EWS,196
1815,GEN,
1816,GEN,
1817,GEN,
1818,GEN,
1819,OBC-NCL,277
1820,OBC-NCL,278
1821,OBC-NCL,279
1822,GEN,
1823,OBC-NCL,280
1824,GEN,
1825,GEN,
1826,GEN,
1827,GEN,
1828,GEN-EWS,197
1829,GEN,
1830,OBC-NCL,281
1831,GEN,
1832,GEN-EWS,198
1833,GEN-EWS,199
1834,GEN,
1835,GEN,
1836,GEN-EWS,200
1837,GEN,
1838,GEN-EWS,201
1839,GEN,
1840,GEN,
1841,GEN,
1842,GEN,
1843,GEN,
1844,OBC-NCL,282
1845,GEN,
1846,GEN,
1847,GEN,
1848,GEN,
1849,GEN,
1850,GEN,
1851,GEN,
1852,OBC-NCL,283
1853,GEN,
1854,GEN,
1855,GEN,
1856,GEN,
1857,GEN,
1858,GEN,
1859,GEN,
1860,OBC-NCL,284
1861,GEN,
1862,OBC-NCL,285
1863,GEN-EWS,202
1864,GEN,
1865,GEN,
1866,OBC-NCL,286
1867,GEN,
1868,GEN,
1869,GEN,
1870,GEN,
1871,GEN,
1872,GEN,
1873,GEN,
1874,GEN-EWS,203
1875,GEN,
1876,OBC-NCL,287
1877,GEN,
1878,OBC-NCL,288
1879,GEN,
1880,GEN,
1881,GEN,
1882,GEN-EWS,204
1883,GEN,
1884,GEN,
1885,OBC-NCL,289
1886,OBC-NCL,290
1887,GEN,
1888,GEN,
1889,OBC-NCL,291
1890,GEN,
1891,GEN,
1892,GEN,
1893,GEN,
1894,GEN,
1895,OBC-NCL,292
1896,GEN,
1897,OBC-NCL,293
1898,OBC-NCL,294
1899,OBC-NCL,295
1900,GEN,
1901,GEN,
1902,OBC-NCL,296
1903,GEN-EWS,205
1904,OBC-NCL,297
1905,GEN,
1906,GEN,
1907,OBC-NCL,298
1908,GEN,
1909,OBC-NCL,299
1910,GEN,
1911,GEN,
1912,GEN-EWS,206
1913,GEN,
1914,GEN,
1915,GEN,
1916,OBC-NCL,300
1917,GEN,
1918,GEN,
1919,GEN,
1920,GEN,
1921,GEN,
1922,GEN,
1923,GEN,
1924,OBC-NCL,301
1925,GEN,
1926,GEN,
1927,OBC-NCL,302
1928,GEN,
1929,GEN,
1930,GEN,
1931,GEN,
1932,GEN,
1933,GEN,
1934,GEN,
1935,GEN,
1936,GEN,
1937,GEN,
1938,OBC-NCL,303
1939,GEN,
1940,GEN,
1941,GEN,
1942,GEN,
1943,GEN,
1944,SC,27
1945,GEN,
1946,GEN-EWS,207
1947,GEN,
1948,GEN,
1949,GEN,
1950,GEN,
1951,GEN,
1952,GEN-EWS,208
1953,GEN,
1954,GEN,
1955,GEN-EWS,209
1956,GEN,
1957,OBC-NCL,304
1958,GEN,
1959,GEN,
1960,GEN,
1961,GEN,
1962,GEN,
1963,GEN,
1964,GEN,
1965,GEN,
1966,GEN-EWS,210
1967,GEN,
1968,OBC-NCL,305
1969,ST,7
1970,GEN-EWS,211
1971,GEN,
1972,GEN,
1973,GEN-EWS,212
1974,GEN,
1975,GEN,
1976,OBC-NCL,306
1977,GEN-EWS,213
1978,SC,28
1979,GEN,
1980,GEN-EWS,214
1981,GEN,
1982,GEN,
1983,GEN,
1984,GEN,
1985,GEN,
1986,GEN,
1987,GEN,
1988,GEN,
1989,GEN,
1990,GEN-EWS,215
1991,GEN,
1992,GEN-EWS,216
1993,GEN,
1994,GEN,
1995,GEN,
1996,GEN,
1997,GEN-EWS,217
1998,GEN,
1999,GEN,
2000,GEN,
2001,OBC-NCL,307
2002,GEN,
2003,GEN,
2004,GEN,
2005,OBC-NCL,308
2006,OBC-NCL,309
2007,OBC-NCL,310
2008,GEN,
2009,GEN,
2010,GEN-EWS,218
2011,GEN,
2012,OBC-NCL,311
2013,GEN,
2014,GEN-EWS,219
2015,GEN,
2016,GEN,
2017,GEN-EWS,220
2018,OBC-NCL,312
2019,OBC-NCL,313
2020,GEN,
2021,OBC-NCL,314
2022,GEN,
2023,GEN,
2024,GEN-EWS,221
2025,OBC-NCL,315
2026,GEN,
2027,GEN,
2028,GEN,
2029,GEN,
2030,GEN,
2031,OBC-NCL,316
2032,GEN,
2033,GEN,
2034,GEN,
2035,GEN,
2036,GEN-EWS,222
2037,GEN,
2038,OBC-NCL,317
2039,GEN-EWS,223
2040,OBC-NCL,318
2041,SC,29
2042,GEN,
2043,GEN,
2044,GEN,
2045,GEN,
2046,GEN,
2047,OBC-NCL,319
2048,GEN,
2049,GEN,
2050,OBC-NCL,320
2051,OBC-NCL,321
2052,GEN,
2053,GEN,
2054,GEN,
2055,SC,30
2056,GEN,
2057,OBC-NCL,322
2058,SC,31
2059,OBC-NCL,323
2060,GEN,
2061,GEN,
2062,GEN,
2063,GEN,
2064,GEN-EWS,224
2065,GEN,
2066,OBC-NCL,324
2067,GEN,
2068,OBC-NCL,325
2069,GEN,
2070,GEN,
2071,GEN,
2072,GEN-EWS,225
2073,GEN,
2074,GEN,
2075,GEN,
2076,SC,32
2077,GEN,
2078,GEN,
2079,GEN,
2080,GEN,
2081,GEN,
2082,GEN,
2083,GEN,
2084,GEN,
2085,GEN,
2086,GEN-EWS,226
2087,OBC-NCL,326
2088,GEN,
2089,OBC-NCL,327
2090,GEN,
2091,GEN,
2092,OBC-NCL,328
2093,GEN,
2094,OBC-NCL,329
2095,GEN-EWS,227
2096,GEN-EWS,228
2097,GEN,
2098,GEN,
2099,GEN,
2100,GEN,
2101,GEN,
2102,GEN,
2103,GEN,
2104,GEN,
2105,GEN-EWS,229
2106,GEN,
2107,GEN,
2108,GEN,
2109,GEN,
2110,OBC-NCL,330
2111,GEN,
2112,GEN-EWS,230
2113,GEN,
2114,GEN-EWS,231
2115,GEN,
2116,GEN,
2117,GEN,
2118,GEN,
2119,GEN,
2120,OBC-NCL,331
2121,GEN,
2122,GEN-EWS,232
2123,GEN,
2124,GEN,
2125,GEN,
2126,GEN,
2127,GEN,
2128,GEN,
2129,GEN,
2130,GEN,
2131,GEN,
2132,OBC-NCL,332
2133,GEN,
2134,GEN-EWS,233
2135,GEN,
2136,GEN,
2137,OBC-NCL,333
2138,GEN,
2139,OBC-NCL,334
2140,GEN,
2141,OBC-NCL,335
2142,GEN-EWS,234
2143,GEN,
2144,GEN,
2145,GEN,
2146,OBC-NCL,336
2147,OBC-NCL,337
2148,GEN,
2149,OBC-NCL,338
2150,GEN-EWS,235
2151,OBC-NCL,339
2152,GEN-EWS,236
2153,OBC-NCL,340
2154,GEN,
2155,OBC-NCL,341
2156,OBC-NCL,342
2157,GEN,
2158,GEN,
2159,GEN,
2160,GEN,
2161,GEN,
2162,GEN,
2163,OBC-NCL,343
2164,GEN,
2165,GEN-EWS,237
2166,GEN,
2167,GEN,
2168,GEN,
2169,GEN,
2170,GEN,
2171,GEN,
2172,GEN,
2173,OBC-NCL,344
2174,OBC-NCL,345
2175,GEN,
2176,GEN,
2177,GEN,
2178,OBC-NCL,346
2179,OBC-NCL,347
2180,ST,8
2181,GEN,
2182,GEN,
2183,OBC-NCL,348
2184,GEN,
2185,OBC-NCL,349
2186,GEN,
2187,GEN,
2188,GEN,
2189,GEN,
2190,GEN,
2191,GEN-EWS,238
2192,GEN,
2193,GEN,
2194,GEN,
2195,OBC-NCL,350
2196,GEN,
2197,GEN,
2198,GEN-EWS,239
2199,GEN,
2200,GEN,
2201,GEN,
2202,GEN-EWS,240
2203,GEN,
2204,GEN,
2205,OBC-NCL,351
2206,GEN,
2207,GEN,
2208,GEN-EWS,241
2209,GEN,
2210,GEN,
2211,GEN,
2212,GEN,
2213,GEN,
2214,GEN,
2215,GEN,
2216,GEN,
2217,GEN,
2218,GEN,
2219,GEN,
2220,GEN,
2221,SC,33
2222,GEN,
2223,GEN,
2224,GEN,
2225,GEN,
2226,GEN,
2227,GEN,
2228,GEN,
2229,GEN,
2230,GEN,
2231,GEN,
2232,GEN,
2233,GEN,
2234,GEN-EWS,242
2235,GEN,
2236,OBC-NCL,352
2237,GEN,
2238,GEN,
2239,GEN,
2240,GEN-EWS,243
2241,GEN-EWS,244
2242,GEN,
2243,GEN,
2244,OBC-NCL,353
2245,GEN,
2246,OBC-NCL,354
2247,GEN,
2248,GEN,
2249,OBC-NCL,355
2250,GEN,
2251,GEN,
2252,OBC-NCL,356
2253,GEN,
2254,GEN,
2255,GEN,
2256,GEN,
2257,OBC-NCL,357
2258,OBC-NCL,358
2259,GEN,
2260,GEN,
2261,GEN,
2262,GEN,
2263,GEN,
2264,GEN,
2265,GEN,
2266,GEN,
2267,GEN-EWS,245
2268,OBC-NCL,359
2269,GEN,
2270,GEN-EWS,246
2271,GEN-EWS,247
2272,GEN,
2273,GEN,
2274,GEN-EWS,248
2275,GEN,
2276,OBC-NCL,360
2277,GEN-EWS,249
2278,GEN,
2279,GEN,
2280,GEN,
2281,OBC-NCL,361
2282,OBC-NCL,362
2283,SC,34
2284,ST,9
2285,GEN,
2286,GEN-EWS,250
2287,GEN,
2288,GEN-EWS,251
2289,GEN,
2290,GEN,
2291,GEN,
2292,GEN,
2293,GEN,
2294,OBC-NCL,363
2295,OBC-NCL,364
2296,GEN,
2297,GEN,
2298,GEN,
2299,GEN-EWS,252
2300,OBC-NCL,365
2301,GEN,
2302,GEN,
2303,GEN,
2304,GEN,
2305,GEN,
2306,GEN-EWS,253
2307,GEN,
2308,GEN,
2309,GEN,
2310,GEN,
2311,GEN,
2312,GEN,
2313,GEN,
2314,GEN,
2315,GEN-EWS,254
2316,GEN,
2317,OBC-NCL,366
2318,GEN-EWS,255
2319,GEN,
2320,GEN,
2321,GEN,
2322,GEN-EWS,256
2323,OBC-NCL,367
2324,GEN,
2325,GEN,
2326,GEN,
2327,GEN,
2328,OBC-NCL,368
2329,OBC-NCL,369
2330,OBC-NCL,370
2331,GEN,
2332,GEN,
2333,GEN,
2334,OBC-NCL,371
2335,GEN,
2336,GEN,
2337,GEN,
2338,GEN,
2339,GEN,
2340,GEN-EWS,257
2341,GEN,
2342,GEN-EWS,258
2343,GEN,
2344,GEN,
2345,OBC-NCL,372
2346,GEN,
2347,OBC-NCL,373
2348,GEN,
2349,GEN,
2350,GEN,
2351,GEN,
2352,SC,35
2353,GEN,
2354,OBC-NCL,374
2355,ST,10
2356,GEN-EWS,259
2357,GEN,
2358,GEN,
2359,GEN,
2360,GEN,
2361,GEN,
2362,GEN,
2363,GEN,
2364,OBC-NCL,375
2365,OBC-NCL,376
2366,GEN,
2367,GEN,
2368,GEN,
2369,GEN,
2370,OBC-NCL,377
2371,OBC-NCL,378
2372,GEN,
2373,GEN,
2374,OBC-NCL,379
2375,GEN-EWS,260
2376,GEN,
2377,GEN,
2378,GEN,
2379,GEN,
2380,GEN,
2381,GEN,
2382,GEN,
2383,GEN-EWS,261
2384,GEN,
2385,GEN,
2386,GEN,
2387,GEN,
2388,OBC-NCL,380
2389,GEN,
2390,GEN-EWS,262
2391,GEN-EWS,263
2392,GEN,
2393,OBC-NCL,381
2394,GEN,
2395,GEN,
2396,GEN,
2397,OBC-NCL,382
2398,OBC-NCL,383
2399,GEN,
2400,GEN,
2401,GEN-EWS,264
2402,GEN,
2403,GEN,
2404,GEN,
2405,GEN-EWS,265
2406,GEN,
2407,GEN,
2408,OBC-NCL,384
2409,GEN,
2410,GEN,
2411,OBC-NCL,385
2412,GEN,
2413,OBC-NCL,386
2414,GEN,
2415,GEN,
2416,GEN,
2417,GEN,
2418,GEN,
2419,GEN-EWS,266
2420,GEN,
2421,GEN,
2422,GEN,
2423,OBC-NCL,387
2424,OBC-NCL,388
2425,GEN,
2426,SC,36
2427,GEN,
2428,OBC-NCL,389
2429,GEN,
2430,GEN,
2431,GEN,
2432,OBC-NCL,390
2433,GEN,
2434,GEN,
2435,OBC-NCL,391
2436,OBC-NCL,392
2437,GEN,
2438,GEN,
2439,GEN,
2440,OBC-NCL,393
2441,GEN,
2442,GEN-EWS,267
2443,GEN-EWS,268
2444,OBC-NCL,394
2445,GEN,
2446,GEN,
2447,GEN,
2448,OBC-NCL,395
2449,OBC-NCL,396
2450,OBC-NCL,397
2451,OBC-NCL,398
2452,GEN,
2453,GEN,
2454,GEN,
2455,OBC-NCL,399
2456,GEN,
2457,GEN,
2458,OBC-NCL,400
2459,GEN,
2460,GEN,
2461,GEN,
2462,GEN,
2463,GEN,
2464,OBC-NCL,401
2465,GEN,
2466,GEN,
2467,OBC-NCL,402
2468,OBC-NCL,403
2469,GEN-EWS,269
2470,GEN,
2471,GEN,
2472,OBC-NCL,404
2473,OBC-NCL,405
2474,GEN,
2475,GEN,
2476,GEN,
2477,GEN,
2478,GEN-EWS,270
2479,OBC-NCL,406
2480,SC,37
2481,GEN,
2482,GEN-EWS,271
2483,OBC-NCL,407
2484,GEN,
2485,GEN,
2486,GEN-EWS,272
2487,GEN,
2488,GEN,
2489,GEN-EWS,273
2490,GEN,
2491,GEN,
2492,GEN,
2493,GEN-EWS,274
2494,GEN,
2495,SC,38
2496,GEN,
2497,OBC-NCL,408
2498,GEN,
2499,OBC-NCL,409
2500,GEN,
2501,GEN,
2502,GEN,
2503,GEN,
2504,GEN,
2505,OBC-NCL,410
2506,GEN,
2507,OBC-NCL,411
2508,GEN-EWS,275
2509,GEN,
2510,GEN-EWS,276
2511,GEN,
2512,OBC-NCL,412
2513,GEN,
2514,GEN,
2515,OBC-NCL,413
2516,OBC-NCL,414
2517,GEN,
2518,GEN,
2519,GEN,
2520,GEN-EWS,277
2521,GEN,
2522,GEN,
2523,GEN,
2524,GEN,
2525,GEN,
2526,GEN,
2527,GEN,
2528,GEN,
2529,GEN,
2530,GEN,
2531,OBC-NCL,415
2532,GEN-EWS,278
2533,GEN,
2534,GEN,
2535,GEN,
2536,GEN,
2537,OBC-NCL,416
2538,GEN,
2539,GEN,
2540,GEN,
2541,GEN,
2542,GEN,
2543,GEN,
2544,GEN,
2545,OBC-NCL,417
2546,GEN-EWS,279
2547,GEN,
2548,OBC-NCL,418
2549,OBC-NCL,419
2550,OBC-NCL,420
2551,OBC-NCL,421
2552,OBC-NCL,422
2553,GEN-EWS,280
2554,GEN,
2555,GEN-EWS,281
2556,GEN,
2557,GEN-EWS,282
2558,OBC-NCL,423
2559,GEN,
2560,GEN,
2561,GEN,
2562,OBC-NCL,424
2563,OBC-NCL,425
2564,GEN-EWS,283
2565,OBC-NCL,426
2566,GEN-EWS,284
2567,GEN,
2568,GEN,
2569,GEN,
2570,GEN,
2571,GEN,
2572,OBC-NCL,427
2573,GEN-EWS,285
2574,GEN-EWS,286
2575,GEN,
2576,OBC-NCL,428
2577,GEN,
2578,GEN,
2579,OBC-NCL,429
2580,OBC-NCL,430
2581,OBC-NCL,431
2582,GEN,
2583,GEN,
2584,GEN-EWS,287
2585,GEN,
2586,GEN,
2587,GEN,
2588,OBC-NCL,432
2589,GEN,
2590,GEN-EWS,288
2591,GEN,
2592,GEN,
2593,GEN-EWS,289
2594,GEN,
2595,GEN,
2596,OBC-NCL,433
2597,OBC-NCL,434
2598,GEN,
2599,GEN,
2600,GEN,
2601,GEN,
2602,OBC-NCL,435
2603,GEN,
2604,SC,39
2605,GEN-EWS,290
2606,GEN,
2607,GEN,
2608,GEN,
2609,GEN,
2610,GEN-EWS,291
2611,GEN,
2612,GEN-EWS,292
2613,GEN-EWS,293
2614,GEN-EWS,294
2615,SC,40
2616,GEN,
2617,GEN,
2618,GEN,
2619,GEN,
2620,GEN,
2621,GEN,
2622,GEN,
2623,OBC-NCL,436
2624,GEN,
2625,OBC-NCL,437
2626,GEN,
2627,GEN,
2628,OBC-NCL,438
2629,OBC-NCL,439
2630,ST,11
2631,GEN,
2632,GEN,
2633,OBC-NCL,440
2634,OBC-NCL,441
2635,GEN,
2636,OBC-NCL,442
2637,GEN-EWS,295
2638,GEN,
2639,OBC-NCL,443
2640,GEN,
2641,GEN,
2642,OBC-NCL,444
2643,GEN,
2644,GEN,
2645,GEN,
2646,GEN,
2647,GEN,
2648,GEN,
2649,OBC-NCL,445
2650,GEN,
2651,GEN,
2652,GEN,
2653,GEN,
2654,OBC-NCL,446
2655,GEN,
2656,GEN,
2657,GEN,
2658,SC,41
2659,GEN,
2660,OBC-NCL,447
2661,GEN,
2662,OBC-NCL,448
2663,GEN,
2664,GEN,
2665,GEN,
2666,OBC-NCL,449
2667,GEN,
2668,GEN-EWS,296
2669,GEN,
2670,GEN-EWS,297
2671,GEN-EWS,298
2672,GEN,
2673,OBC-NCL,450
2674,SC,42
2675,OBC-NCL,451
2676,OBC-NCL,452
2677,GEN,
2678,GEN,
2679,GEN,
2680,GEN,
2681,GEN-EWS,299
2682,GEN,
2683,GEN,
2684,GEN,
2685,GEN,
2686,OBC-NCL,453
2687,OBC-NCL,454
2688,OBC-NCL,455
2689,SC,43
2690,OBC-NCL,456
2691,GEN,
2692,GEN,
2693,GEN,
2694,GEN,
2695,OBC-NCL,457
2696,GEN,
2697,GEN,
2698,GEN,
2699,SC,44
2700,OBC-NCL,458
2701,GEN,
2702,GEN,
2703,SC,45
2704,OBC-NCL,459
2705,ST,12
2706,GEN,
2707,OBC-NCL,460
2708,OBC-NCL,461
2709,GEN,
2710,GEN-EWS,300
2711,GEN-EWS,301
2712,OBC-NCL,462
2713,GEN,
2714,ST,13
2715,GEN,
2716,GEN-EWS,302
2717,GEN,
2718,SC,46
2719,GEN,
2720,GEN-EWS,303
2721,GEN,
2722,GEN,
2723,GEN,
2724,GEN,
2725,GEN,
2726,GEN,
2727,OBC-NCL,463
2728,GEN,
2729,GEN,
2730,OBC-NCL,464
2731,GEN,
2732,GEN-EWS,304
2733,GEN,
2734,GEN,
2735,GEN,
2736,GEN,
2737,GEN,
2738,OBC-NCL,465
2739,GEN,
2740,GEN,
2741,GEN,
2742,GEN,
2743,GEN,
2744,OBC-NCL,466
2745,GEN,
2746,GEN-EWS,305
2747,GEN,
2748,GEN,
2749,GEN-EWS,306
2750,GEN,
2751,GEN,
2752,OBC-NCL,467
2753,GEN,
2754,OBC-NCL,468
2755,GEN-EWS,307
2756,GEN,
2757,GEN,
2758,GEN,
2759,GEN,
2760,GEN,
2761,GEN,
2762,GEN,
2763,GEN,
2764,GEN,
2765,GEN,
2766,GEN,
2767,GEN-EWS,308
2768,GEN,
2769,GEN-EWS,309
2770,GEN,
2771,OBC-NCL,469
2772,GEN,
2773,GEN,
2774,GEN,
2775,GEN,
2776,GEN,
2777,GEN,
2778,GEN,
2779,GEN,
2780,OBC-NCL,470
2781,GEN,
2782,GEN,
2783,GEN,
2784,OBC-NCL,471
2785,GEN,
2786,GEN,
2787,OBC-NCL,472
2788,GEN,
2789,GEN,
2790,GEN,
2791,OBC-NCL,473
2792,GEN,
2793,OBC-NCL,474
2794,GEN-EWS,310
2795,GEN,
2796,GEN-EWS,311
2797,OBC-NCL,475
2798,GEN,
2799,GEN,
2800,GEN,
2801,OBC-NCL,476
2802,GEN,
2803,GEN,
2804,OBC-NCL,477
2805,GEN,
2806,OBC-NCL,478
2807,GEN,
2808,GEN-EWS,312
2809,GEN,
2810,GEN,
2811,GEN,
2812,GEN,
2813,OBC-NCL,479
2814,GEN,
2815,OBC-NCL,480
2816,GEN-EWS,313
2817,GEN-EWS,314
2818,GEN,
2819,GEN,
2820,SC,47
2821,GEN,
2822,GEN,
2823,OBC-NCL,481
2824,GEN-EWS,315
2825,OBC-NCL,482
2826,GEN,
2827,GEN-EWS,316
2828,OBC-NCL,483
2829,GEN,
2830,OBC-NCL,484
2831,OBC-NCL,485
2832,GEN-EWS,317
2833,GEN,
2834,GEN,
2835,OBC-NCL,486
2836,GEN,
2837,GEN,
2838,OBC-NCL,487
2839,GEN,
2840,GEN,
2841,GEN,
2842,GEN,
2843,GEN,
2844,OBC-NCL,488
2845,GEN,
2846,GEN,
2847,GEN,
2848,OBC-NCL,489
2849,GEN,
2850,OBC-NCL,490
2851,GEN-EWS,318
2852,GEN,
2853,GEN,
2854,OBC-NCL,491
2855,GEN,
2856,GEN,
2857,GEN,
2858,GEN,
2859,GEN,
2860,GEN,
2861,OBC-NCL,492
2862,GEN,
2863,GEN-EWS,319
2864,OBC-NCL,493
2865,GEN,
2866,OBC-NCL,494
2867,GEN,
2868,GEN,
2869,OBC-NCL,495
2870,OBC-NCL,496
2871,GEN,
2872,GEN,
2873,GEN-EWS,320
2874,GEN,
2875,GEN,
2876,OBC-NCL,497
2877,GEN,
2878,OBC-NCL,498
2879,GEN-EWS,321
2880,GEN-EWS,322
2881,GEN-EWS,323
2882,OBC-NCL,499
2883,OBC-NCL,500
2884,GEN,
2885,GEN,
2886,GEN-EWS,324
2887,OBC-NCL,501
2888,GEN,
2889,GEN,
2890,GEN,
2891,GEN-EWS,325
2892,GEN,
2893,GEN,
2894,GEN-EWS,326
2895,GEN-EWS,327
2896,GEN,
2897,OBC-NCL,502
2898,GEN-EWS,328
2899,GEN,
2900,GEN,
2901,GEN,
2902,GEN,
2903,GEN,
2904,GEN,
2905,GEN,
2906,GEN,
2907,GEN,
2908,OBC-NCL,503
2909,GEN,
2910,GEN,
2911,GEN,
2912,GEN,
2913,GEN,
2914,OBC-NCL,504
2915,GEN,
2916,GEN,
2917,OBC-NCL,505
2918,GEN,
2919,OBC-NCL,506
2920,GEN-EWS,329
2921,OBC-NCL,507
2922,GEN,
2923,GEN-EWS,330
2924,GEN,
2925,GEN,
2926,OBC-NCL,508
2927,GEN,
2928,OBC-NCL,509
2929,GEN,
2930,GEN,
2931,GEN,
2932,GEN,
2933,SC,48
2934,OBC-NCL,510
2935,GEN-EWS,331
2936,GEN,
2937,GEN,
2938,GEN,
2939,GEN,
2940,GEN,
2941,OBC-NCL,511
2942,GEN,
2943,GEN,
2944,GEN,
2945,GEN,
2946,OBC-NCL,512
2947,GEN,
2948,GEN,
2949,GEN-EWS,332
2950,OBC-NCL,513
2951,OBC-NCL,514
2952,SC,49
2953,GEN,
2954,SC,50
2955,GEN,
2956,GEN,
2957,GEN,
2958,GEN,
2959,GEN,
2960,GEN,
2961,OBC-NCL,515
2962,GEN,
2963,GEN,
2964,GEN,
2965,GEN,
2966,GEN,
2967,SC,51
2968,GEN-EWS,333
2969,GEN,
2970,GEN,
2971,GEN-EWS,334
2972,GEN,
2973,GEN,
2974,GEN,
2975,GEN,
2976,GEN-EWS,335
2977,OBC-NCL,516
2978,GEN,
2979,OBC-NCL,517
2980,GEN,
2981,GEN,
2982,GEN,
2983,GEN,
2984,OBC-NCL,518
2985,GEN,
2986,GEN,
2987,GEN,
2988,OBC-NCL,519
2989,GEN-EWS,336
2990,GEN,
2991,GEN,
2992,SC,52
2993,GEN,
2994,GEN,
2995,GEN,
2996,GEN,
2997,GEN,
2998,GEN,
2999,OBC-NCL,520
3000,GEN,
3001,GEN,
3002,GEN,
3003,GEN,
3004,GEN,
3005,GEN-EWS,337
3006,GEN,
3007,GEN,
3008,GEN,
3009,GEN,
3010,GEN-EWS,338
3011,OBC-NCL,521
3012,GEN,
3013,OBC-NCL,522
3014,GEN,
3015,GEN,
3016,GEN,
3017,GEN,
3018,GEN,
3019,GEN,
3020,GEN,
3021,GEN,
3022,OBC-NCL,523
3023,OBC-NCL,524
3024,GEN,
3025,GEN,
3026,GEN,
3027,GEN,
3028,OBC-NCL,525
3029,GEN,
3030,GEN,
3031,OBC-NCL,526
3032,GEN-EWS,339
3033,GEN-EWS,340
3034,OBC-NCL,527
3035,OBC-NCL,528
3036,GEN,
3037,GEN-EWS,341
3038,GEN,
3039,GEN,
3040,OBC-NCL,529
3041,GEN,
3042,GEN,
3043,GEN-EWS,342
3044,OBC-NCL,530
3045,GEN,
3046,GEN,
3047,GEN-EWS,343
3048,GEN-EWS,344
3049,GEN-EWS,345
3050,GEN,
3051,GEN,
3052,GEN,
3053,GEN,
3054,GEN,
3055,GEN,
3056,GEN,
3057,GEN-EWS,346
3058,GEN,
3059,GEN,
3060,GEN,
3061,SC,53
3062,GEN,
3063,OBC-NCL,531
3064,OBC-NCL,532
3065,OBC-NCL,533
3066,GEN-EWS,347
3067,GEN-EWS,348
3068,GEN,
3069,GEN,
3070,GEN,
3071,GEN,
3072,GEN,
3073,GEN-EWS,349
3074,GEN,
3075,GEN,
3076,OBC-NCL,534
3077,OBC-NCL,535
3078,GEN-EWS,350
3079,GEN,
3080,OBC-NCL,536
3081,GEN,
3082,GEN,
3083,OBC-NCL,537
3084,GEN,
3084,OBC-NCL,538
3086,OBC-NCL,539
3087,GEN,
3088,OBC-NCL,540
3089,SC,54
3090,GEN,
3091,OBC-NCL,541
3092,OBC-NCL,542
3093,GEN-EWS,351
3094,GEN,
3095,GEN,
3096,GEN,
3097,GEN,
3098,GEN,
3099,OBC-NCL,543
3100,OBC-NCL,544
3101,GEN-EWS,352
3102,GEN,
3103,GEN,
3104,GEN,
3105,GEN,
3106,GEN,
3107,OBC-NCL,545
3108,GEN-EWS,353
3109,GEN,
3110,GEN-EWS,354
3111,OBC-NCL,546
3112,GEN,
3113,GEN-EWS,355
3114,GEN,
3115,GEN,
3116,SC,55
3117,GEN,
3118,GEN,
3119,GEN,
3120,GEN-EWS,356
3121,GEN,
3122,GEN,
3123,OBC-NCL,547
3124,GEN,
3125,GEN,
3126,OBC-NCL,548
3127,GEN,
3128,GEN,
3129,GEN,
3130,GEN-EWS,357
3131,GEN-EWS,358
3132,GEN,
3133,GEN,
3134,OBC-NCL,549
3135,GEN,
3136,OBC-NCL,550
3137,GEN,
3138,GEN,
3139,GEN,
3140,OBC-NCL,551
3141,GEN,
3142,GEN,
3143,OBC-NCL,552
3144,GEN,
3145,GEN-EWS,359
3146,OBC-NCL,553
3147,GEN,
3148,GEN-EWS,360
3149,SC,56
3150,GEN,
3151,GEN,
3152,OBC-NCL,554
3153,GEN-EWS,361
3154,GEN,
3155,GEN,
3156,OBC-NCL,555
3157,SC,57
3158,GEN,
3159,GEN,
3160,GEN,
3161,GEN,
3162,GEN,
3163,GEN,
3164,OBC-NCL,556
3165,GEN,
3166,GEN,
3167,GEN,
3168,GEN,
3169,GEN,
3170,OBC-NCL,557
3171,GEN,
3172,GEN,
3173,GEN-EWS,362
3174,OBC-NCL,558
3175,GEN,
3176,GEN,
3177,GEN,
3178,GEN,
3179,GEN,
3180,GEN,
3181,GEN,
3182,GEN,
3183,GEN,
3184,GEN,
3185,OBC-NCL,559
3186,GEN,
3187,SC,58
3188,OBC-NCL,560
3189,GEN-EWS,363
3190,GEN,
3191,OBC-NCL,561
3192,GEN-EWS,364
3193,GEN,
3194,GEN,
3195,GEN,
3196,GEN,
3197,GEN,
3198,GEN,
3199,GEN,
3200,GEN,
3201,GEN,
3202,GEN,
3203,GEN,
3204,GEN,
3205,GEN,
3206,GEN,
3207,GEN,
3208,GEN,
3209,GEN,
3210,GEN,
3211,GEN,
3212,GEN,
3213,OBC-NCL,562
3214,GEN-EWS,365
3215,GEN,
3216,GEN,
3217,OBC-NCL,563
3218,GEN,
3219,GEN,
3220,OBC-NCL,564
3221,ST,14
3222,SC,59
3223,GEN,
3224,GEN,
3225,GEN-EWS,366
3226,OBC-NCL,565
3227,OBC-NCL,566
3228,OBC-NCL,567
3229,GEN-EWS,367
3230,SC,60
3231,GEN,
3232,GEN,
3233,GEN,
3234,GEN,
3235,GEN,
3236,GEN,
3237,GEN,
3238,GEN,
3239,SC,61
3240,GEN,
3241,GEN,
3242,OBC-NCL,568
3243,GEN,
3244,GEN,
3245,OBC-NCL,569
3246,OBC-NCL,570
3247,OBC-NCL,571
3248,OBC-NCL,572
3249,GEN,
3250,OBC-NCL,573
3251,GEN,
3252,OBC-NCL,574
3253,GEN,
3254,OBC-NCL,575
3255,OBC-NCL,576
3256,GEN,
3257,GEN,
3258,GEN-EWS,368
3259,OBC-NCL,577
3260,GEN,
3261,GEN,
3262,GEN,
3263,GEN,
3264,GEN-EWS,369
3265,OBC-NCL,578
3266,GEN,
3267,GEN,
3268,GEN,
3269,GEN,
3270,GEN,
3271,OBC-NCL,579
3272,GEN,
3273,GEN,
3274,GEN,
3275,OBC-NCL,580
3276,OBC-NCL,581
3277,GEN,
3278,GEN,
3279,GEN,
3280,GEN,
3281,GEN,
3282,OBC-NCL,582
3283,GEN,
3284,GEN,
3285,GEN,
3286,GEN-EWS,370
3287,GEN,
3288,OBC-NCL,583
3289,OBC-NCL,584
3290,OBC-NCL,585
3291,GEN,
3292,GEN,
3293,GEN,
3294,GEN,
3295,GEN,
3296,GEN,
3297,SC,62
3298,GEN,
3299,GEN,
3300,GEN,
3301,GEN,
3302,GEN,
3303,GEN,
3304,OBC-NCL,586
3305,GEN-EWS,371
3306,GEN,
3307,GEN-EWS,372
3308,OBC-NCL,587
3309,GEN,
3310,GEN-EWS,373
3311,GEN,
3312,OBC-NCL,588
3313,GEN,
3314,GEN,
3315,GEN,
3316,GEN,
3317,GEN,
3318,GEN,
3319,GEN,
3320,GEN,
3321,GEN,
3322,GEN,
3323,GEN-EWS,374
3324,GEN-EWS,375
3325,GEN,
3326,OBC-NCL,589
3327,GEN,
3328,GEN,
3329,GEN,
3330,GEN,
3331,GEN-EWS,376
3332,OBC-NCL,590
3333,GEN-EWS,377
3334,GEN,
3335,GEN,
3336,GEN,
3337,OBC-NCL,591
3338,GEN,
3339,GEN,
3340,GEN,
3341,GEN,
3342,GEN,
3343,OBC-NCL,592
3344,GEN,
3345,OBC-NCL,593
3346,GEN,
3347,GEN,
3348,GEN,
3349,GEN,
3350,GEN,
3351,GEN,
3352,GEN,
3352,GEN-EWS,378
3354,GEN,
3355,GEN,
3356,GEN-EWS,379
3357,SC,63
3358,SC,64
3359,GEN,
3360,GEN,
3361,GEN,
3362,OBC-NCL,594
3363,GEN,
3364,GEN,
3365,GEN-EWS,380
3366,GEN,
3367,GEN,
3368,GEN,
3369,GEN,
3370,GEN,
3371,GEN,
3372,GEN,
3373,GEN,
3374,GEN,
3375,GEN,
3376,GEN,
3377,OBC-NCL,595
3378,GEN-EWS,381
3379,OBC-NCL,596
3380,GEN,
3381,GEN,
3382,GEN,
3383,GEN,
3384,GEN,
3385,GEN,
3386,OBC-NCL,597
3387,OBC-NCL,598
3388,GEN-EWS,382
3389,GEN,
3390,OBC-NCL,599
3391,GEN,
3392,GEN-EWS,383
3393,GEN,
3394,GEN-EWS,384
3395,GEN,
3396,GEN,
3397,GEN,
3398,GEN,
3399,GEN,
3400,GEN-EWS,385
3401,SC,65
3402,GEN,
3403,GEN-EWS,386
3404,GEN,
3405,OBC-NCL,600
3406,GEN,
3407,GEN-EWS,387
3408,GEN,
3409,GEN,
3410,GEN,
3411,GEN,
3412,OBC-NCL,601
3413,OBC-NCL,602
3414,GEN,
3415,OBC-NCL,603
3416,OBC-NCL,604
3417,OBC-NCL,605
3418,GEN,
3419,GEN,
3420,OBC-NCL,606
3421,GEN,
3422,GEN,
3423,GEN,
3424,GEN,
3425,GEN,
3426,GEN,
3427,GEN-EWS,388
3428,GEN-EWS,389
3429,OBC-NCL,607
3430,GEN,
3431,GEN,
3432,GEN,
3433,OBC-NCL,608
3434,GEN,
3435,OBC-NCL,609
3436,GEN,
3437,GEN-EWS,390
3438,GEN-EWS,391
3439,GEN,
3440,GEN,
3441,OBC-NCL,610
3442,GEN,
3443,OBC-NCL,611
3444,GEN,
3445,GEN,
3446,GEN,
3447,GEN,
3448,GEN,
3449,GEN,
3450,SC,66
3451,OBC-NCL,612
3452,OBC-NCL,613
3453,OBC-NCL,614
3454,SC,67
3455,GEN,
3456,GEN-EWS,392
3457,GEN,
3458,GEN-EWS,393
3459,OBC-NCL,615
3460,GEN-EWS,394
3461,GEN,
3462,GEN,
3463,OBC-NCL,616
3464,OBC-NCL,617
3465,OBC-NCL,618
3466,OBC-NCL,619
3467,GEN,
3468,GEN,
3469,GEN,
3470,GEN,
3471,GEN,
3472,SC,68
3473,GEN,
3474,GEN,
3475,OBC-NCL,620
3476,GEN,
3477,OBC-NCL,621
3478,GEN,
3479,GEN,
3480,SC,69
3481,GEN-EWS,395
3482,OBC-NCL,622
3483,OBC-NCL,623
3484,GEN,
3485,GEN,
3486,GEN,
3487,GEN,
3488,GEN-EWS,396
3489,GEN,
3490,GEN,
3491,OBC-NCL,624
3492,GEN,
3493,GEN,
3494,GEN-EWS,397
3495,GEN,
3496,GEN-EWS,398
3497,GEN-EWS,399
3498,GEN,
3499,OBC-NCL,625
3500,OBC-NCL,626
3501,OBC-NCL,627
3502,OBC-NCL,628
3503,GEN,
3504,GEN,
3505,GEN,
3506,OBC-NCL,629
3507,GEN-EWS,400
3508,ST,15
3509,GEN,
3510,GEN,
3511,GEN,
3512,GEN,
3513,GEN-EWS,401
3514,OBC-NCL,630
3515,OBC-NCL,631
3516,SC,70
3517,GEN,
3518,SC,71
3519,GEN,
3520,GEN,
3521,SC,72
3522,GEN-EWS,402
3523,GEN,
3524,OBC-NCL,632
3525,OBC-NCL,633
3526,GEN,
3527,GEN,
3528,OBC-NCL,634
3529,GEN-EWS,403
3530,GEN,
3531,GEN,
3532,GEN,
3533,GEN,
3534,GEN,
3535,OBC-NCL,635
3536,OBC-NCL,636
3537,OBC-NCL,637
3538,OBC-NCL,638
3539,GEN,
3540,GEN,
3541,GEN,
3542,GEN,
3543,GEN,
3544,GEN,
3545,OBC-NCL,639
3546,OBC-NCL,640
3547,GEN,
3548,OBC-NCL,641
3549,OBC-NCL,642
3550,GEN,
3551,GEN,
3552,GEN,
3553,GEN-EWS,404
3554,GEN-EWS,405
3555,GEN,
3556,GEN,
3557,OBC-NCL,643
3558,GEN,
3559,OBC-NCL,644
3560,GEN,
3561,GEN-EWS,406
3562,GEN-EWS,407
3563,GEN-EWS,408
3564,GEN,
3565,GEN,
3566,GEN-EWS,409
3567,GEN,
3568,OBC-NCL,645
3569,GEN,
3570,GEN-EWS,410
3571,OBC-NCL,646
3572,OBC-NCL,647
3573,GEN,
3574,OBC-NCL,648
3575,GEN,
3576,GEN,
3577,GEN,
3578,GEN,
3579,OBC-NCL,649
3580,OBC-NCL,650
3581,GEN,
3582,GEN,
3583,GEN,
3584,GEN,
3585,OBC-NCL,651
3586,OBC-NCL,652
3587,GEN,
3588,GEN,
3589,GEN,
3590,OBC-NCL,653
3591,GEN,
3592,GEN,
3593,GEN,
3594,OBC-NCL,654
3595,GEN,
3596,GEN,
3597,OBC-NCL,655
3598,OBC-NCL,656
3599,GEN,
3600,GEN,
3601,GEN,
3602,GEN,
3603,GEN,
3604,GEN,
3605,GEN,
3606,SC,73
3607,OBC-NCL,657
3608,GEN,
3609,OBC-NCL,658
3610,OBC-NCL,659
3611,OBC-NCL,660
3612,SC,74
3613,GEN,
3614,GEN-EWS,411
3615,GEN,
3616,GEN,
3617,GEN,
3618,OBC-NCL,661
3619,OBC-NCL,662
3620,GEN,
3621,GEN,
3622,GEN-EWS,412
3623,GEN,
3624,GEN,
3625,GEN-EWS,413
3626,GEN,
3627,GEN,
3628,GEN,
3629,GEN-EWS,414
3630,OBC-NCL,663
3631,GEN,
3632,OBC-NCL,664
3633,GEN,
3634,GEN-EWS,415
3635,GEN,
3636,GEN-EWS,416
3637,GEN,
3638,OBC-NCL,665
3639,OBC-NCL,666
3640,GEN-EWS,417
3641,GEN,
3642,GEN,
3643,GEN,
3644,GEN-EWS,418
3645,SC,75
3646,OBC-NCL,667
3647,GEN,
3648,OBC-NCL,668
3649,OBC-NCL,669
3650,OBC-NCL,670
3651,GEN,
3652,OBC-NCL,671
3653,GEN,
3654,GEN-EWS,419
3655,GEN,
3656,GEN,
3657,GEN,
3658,GEN,
3659,GEN,
3660,GEN-EWS,420
3661,GEN,
3662,GEN,
3663,GEN,
3664,OBC-NCL,672
3665,GEN,
3666,GEN,
3667,GEN,
3668,GEN,
3669,GEN,
3670,GEN,
3671,GEN,
3672,OBC-NCL,673
3673,GEN-EWS,421
3674,GEN,
3675,GEN,
3676,GEN,
3677,GEN,
3678,OBC-NCL,674
3679,GEN,
3680,GEN,
3681,OBC-NCL,675
3682,GEN,
3683,GEN,
3684,GEN,
3685,GEN,
3686,GEN,
3687,GEN-EWS,422
3688,GEN,
3689,GEN,
3690,GEN,
3691,GEN,
3692,OBC-NCL,676
3693,GEN,
3694,OBC-NCL,677
3695,GEN,
3696,GEN,
3697,GEN,
3698,GEN,
3699,GEN,
3700,GEN,
3701,GEN-EWS,423
3702,GEN,
3703,OBC-NCL,678
3704,GEN,
3705,GEN,
3706,GEN,
3707,GEN,
3708,OBC-NCL,679
3709,GEN-EWS,424
3710,GEN,
3711,GEN,
3712,GEN,
3713,OBC-NCL,680
3714,GEN-EWS,425
3715,SC,76
3716,OBC-NCL,681
3717,GEN,
3718,GEN,
3719,GEN,
3720,GEN,
3721,GEN,
3722,GEN,
3723,GEN,
3724,GEN,
3725,GEN-EWS,426
3726,OBC-NCL,682
3727,GEN-EWS,427
3728,GEN,
3729,GEN,
3730,OBC-NCL,683
3731,GEN,
3732,GEN-EWS,428
3733,GEN,
3734,GEN-EWS,429
3735,GEN,
3736,OBC-NCL,684
3737,GEN-EWS,430
3738,GEN,
3739,GEN,
3740,SC,77
3741,OBC-NCL,685
3742,GEN,
3743,OBC-NCL,686
3744,GEN-EWS,431
3745,GEN,
3746,GEN,
3747,OBC-NCL,687
3748,GEN-EWS,432
3749,OBC-NCL,688
3750,OBC-NCL,689
3751,GEN,
3752,GEN,
3753,GEN-EWS,433
3754,GEN,
3755,GEN,
3756,GEN,
3757,GEN,
3758,GEN,
3759,GEN,
3760,GEN,
3761,GEN-EWS,434
3762,GEN-EWS,435
3763,OBC-NCL,690
3764,GEN-EWS,436
3765,OBC-NCL,691
3766,GEN,
3767,OBC-NCL,692
3768,GEN,
3769,GEN,
3770,OBC-NCL,693
3771,ST,16
3772,OBC-NCL,694
3773,GEN,
3774,GEN,
3775,SC,78
3776,OBC-NCL,695
3777,SC,79
3778,GEN-EWS,437
3779,GEN-EWS,438
3780,OBC-NCL,696
3781,GEN,
3782,OBC-NCL,697
3783,GEN,
3784,GEN,
3785,GEN,
3786,GEN-EWS,439
3787,OBC-NCL,698
3788,GEN,
3789,GEN,
3790,GEN,
3791,GEN,
3792,OBC-NCL,699
3793,GEN,
3794,GEN,
3795,OBC-NCL,700
3796,OBC-NCL,701
3797,GEN,
3798,GEN-EWS,440
3799,GEN,
3800,GEN-EWS,441
3800,GEN-EWS,441
3802,GEN,
3803,OBC-NCL,702
3804,GEN,
3805,GEN,
3806,OBC-NCL,703
3807,GEN,
3808,GEN,
3809,GEN,
3810,OBC-NCL,704
3811,GEN-EWS,443
3812,GEN,
3813,GEN,
3814,GEN,
3815,OBC-NCL,705
3816,SC,80
3817,GEN,
3818,GEN,
3819,OBC-NCL,706
3820,GEN,
3821,GEN-EWS,444
3822,OBC-NCL,707
3823,GEN,
3824,GEN,
3825,OBC-NCL,708
3826,GEN,
3827,OBC-NCL,709
3828,GEN,
3829,GEN,
3830,GEN,
3831,GEN,
3832,GEN,
3833,GEN,
3834,GEN,
3835,GEN,
3836,SC,81
3837,OBC-NCL,710
3838,GEN,
3839,GEN,
3840,GEN,
3841,SC,82
3842,GEN,
3843,GEN,
3844,OBC-NCL,711
3845,OBC-NCL,712
3846,OBC-NCL,713
3847,GEN-EWS,445
3848,GEN,
3849,GEN-EWS,446
3850,GEN,
3851,OBC-NCL,714
3852,OBC-NCL,715
3853,GEN,
3854,GEN,
3855,GEN,
3856,GEN,
3857,GEN,
3858,GEN,
3859,GEN,
3860,GEN,
3861,GEN,
3862,GEN,
3863,GEN,
3864,OBC-NCL,716
3865,GEN,
3866,GEN,
3867,OBC-NCL,717
3868,OBC-NCL,718
3869,GEN,
3870,OBC-NCL,719
3871,GEN,
3872,GEN,
3873,GEN,
3874,GEN,
3875,OBC-NCL,720
3876,OBC-NCL,721
3877,GEN,
3878,GEN,
3879,GEN,
3880,ST,17
3881,GEN,
3882,GEN-EWS,447
3883,GEN,
3884,GEN,
3885,GEN,
3886,GEN,
3887,GEN,
3888,GEN,
3889,OBC-NCL,722
3890,GEN,
3891,GEN-EWS,448
3892,OBC-NCL,723
3893,GEN,
3894,OBC-NCL,724
3895,GEN,
3896,GEN,
3897,OBC-NCL,725
3898,GEN,
3899,OBC-NCL,726
3900,GEN-EWS,449
3901,OBC-NCL,727
3902,GEN-EWS,450
3903,SC,83
3904,GEN-EWS,451
3905,GEN,
3906,GEN,
3907,OBC-NCL,728
3908,OBC-NCL,729
3909,OBC-NCL,730
3910,GEN,
3911,GEN,
3912,OBC-NCL,731
3913,OBC-NCL,732
3914,GEN,
3915,GEN,
3916,OBC-NCL,733
3917,OBC-NCL,734
3918,GEN,
3919,GEN,
3920,GEN,
3921,GEN,
3922,GEN,
3923,OBC-NCL,735
3924,GEN,
3925,GEN,
3926,GEN,
3927,OBC-NCL,736
3928,GEN,
3929,GEN-EWS,452
3930,OBC-NCL,737
3931,GEN,
3932,GEN,
3933,SC,84
3934,GEN,
3935,GEN,
3936,GEN,
3937,GEN,
3938,GEN,
3939,GEN,
3940,GEN,
3941,OBC-NCL,738
3942,GEN,
3943,OBC-NCL,739
3944,GEN,
3945,GEN,
3946,GEN,
3947,GEN,
3948,OBC-NCL,740
3949,GEN-EWS,453
3950,GEN-EWS,454
3951,GEN,
3952,GEN,
3953,GEN-EWS,455
3954,OBC-NCL,741
3955,GEN,
3956,GEN,
3957,GEN-EWS,456
3958,OBC-NCL,742
3959,GEN,
3960,GEN,
3961,GEN,
3962,GEN-EWS,457
3963,GEN-EWS,458
3964,GEN,
3965,GEN,
3966,OBC-NCL,743
3967,OBC-NCL,744
3968,GEN,
3969,GEN,
3970,GEN,
3971,GEN-EWS,459
3972,GEN,
3973,GEN,
3974,GEN,
3975,OBC-NCL,745
3976,SC,85
3977,SC,86
3978,GEN,
3979,GEN,
3980,OBC-NCL,746
3981,GEN,
3982,GEN-EWS,460
3983,GEN,
3984,OBC-NCL,747
3985,GEN,
3986,GEN,
3987,GEN,
3988,GEN,
3989,GEN,
3990,OBC-NCL,748
3991,GEN,
3992,GEN-EWS,461
3993,GEN,
3994,GEN,
3995,GEN,
3996,GEN,
3997,GEN,
3998,GEN,
3999,OBC-NCL,749
4000,GEN,
4001,GEN,
4002,GEN-EWS,462
4003,OBC-NCL,750
4004,GEN-EWS,463
4005,GEN,
4006,GEN,
4007,GEN,
4008,GEN,
4009,GEN,
4010,GEN,
4011,GEN,
4012,GEN,
4013,OBC-NCL,751
4014,GEN,
4015,GEN,
4016,GEN,
4017,SC,87
4018,GEN-EWS,464
4019,OBC-NCL,752
4020,GEN-EWS,465
4021,GEN-EWS,466
4022,OBC-NCL,753
4023,OBC-NCL,754
4024,GEN,
4025,OBC-NCL,755
4026,GEN-EWS,467
4027,GEN-EWS,468
4028,GEN,
4029,GEN-EWS,469
4030,GEN,
4031,ST,18
4032,GEN,
4033,GEN,
4034,GEN,
4035,GEN,
4036,GEN,
4037,GEN,
4038,GEN,
4039,OBC-NCL,756
4040,GEN,
4041,OBC-NCL,757
4042,GEN,
4043,GEN,
4044,OBC-NCL,758
4045,GEN,
4046,OBC-NCL,759
4047,OBC-NCL,760
4048,GEN,
4049,GEN-EWS,470
4050,OBC-NCL,761
4051,GEN-EWS,471
4052,GEN,
4053,GEN,
4054,GEN,
4055,GEN,
4056,GEN,
4057,GEN,
4058,GEN,
4059,GEN,
4060,GEN,
4061,GEN,
4062,OBC-NCL,762
4063,GEN-EWS,472
4064,GEN,
4065,OBC-NCL,763
4066,GEN-EWS,473
4067,GEN,
4068,GEN,
4069,GEN,
4070,OBC-NCL,764
4071,OBC-NCL,765
4072,GEN,
4073,GEN,
4074,GEN,
4075,OBC-NCL,766
4076,GEN,
4077,GEN,
4078,GEN,
4079,OBC-NCL,767
4080,SC,88
4081,GEN,
4082,GEN,
4083,GEN,
4084,OBC-NCL,768
4085,GEN,
4086,GEN,
4087,OBC-NCL,769
4088,OBC-NCL,770
4089,GEN,
4090,GEN,
4091,GEN,
4092,GEN,
4093,GEN-EWS,474
4094,OBC-NCL,771
4095,GEN,
4096,OBC-NCL,772
4097,GEN,
4098,GEN,
4099,GEN,
4100,GEN,
4101,OBC-NCL,773
4102,GEN,
4103,OBC-NCL,774
4104,GEN,
4105,GEN,
4106,GEN,
4107,GEN,
4108,GEN,
4109,GEN,
4110,GEN,
4111,GEN,
4112,OBC-NCL,775
4113,OBC-NCL,776
4114,OBC-NCL,777
4115,GEN,
4116,GEN,
4117,GEN,
4118,GEN,
4119,GEN,
4120,OBC-NCL,778
4121,GEN,
4122,OBC-NCL,779
4123,GEN,
4124,GEN,
4125,GEN,
4126,OBC-NCL,780
4127,GEN,
4128,OBC-NCL,781
4129,GEN,
4130,GEN-EWS,475
4131,OBC-NCL,782
4132,GEN,
4133,GEN,
4134,GEN,
4135,SC,89
4136,GEN,
4137,GEN,
4138,OBC-NCL,783
4139,GEN,
4140,GEN,
4141,OBC-NCL,784
4142,GEN,
4143,OBC-NCL,785
4144,GEN,
4145,OBC-NCL,786
4146,GEN,
4147,OBC-NCL,787
4148,GEN,
4149,OBC-NCL,788
4150,GEN,
4151,GEN,
4152,GEN,
4153,GEN,
4154,GEN,
4155,GEN,
4156,GEN,
4157,OBC-NCL,789
4158,OBC-NCL,790
4159,GEN,
4160,GEN,
4161,GEN,
4162,GEN,
4163,GEN-EWS,476
4164,OBC-NCL,791
4165,OBC-NCL,792
4166,GEN,
4167,OBC-NCL,793
4168,OBC-NCL,794
4169,OBC-NCL,795
4170,GEN,
4171,GEN-EWS,477
4172,GEN-EWS,478
4173,OBC-NCL,796
4174,GEN,
4175,GEN,
4176,GEN,
4177,OBC-NCL,797
4178,GEN,
4179,GEN,
4180,OBC-NCL,798
4181,OBC-NCL,799
4182,GEN,
4183,OBC-NCL,800
4184,GEN,
4185,GEN,
4186,GEN,
4187,GEN,
4188,GEN,
4189,GEN,
4190,GEN,
4191,GEN-EWS,479
4192,GEN-EWS,480
4193,GEN,
4194,GEN,
4195,GEN,
4196,GEN-EWS,481
4197,GEN,
4198,OBC-NCL,801
4199,OBC-NCL,802
4200,GEN,
4201,OBC-NCL,803
4202,GEN,
4203,GEN,
4204,OBC-NCL,804
4205,OBC-NCL,805
4206,GEN,
4207,GEN,
4208,GEN,
4209,GEN,
4210,GEN,
4211,GEN,
4212,OBC-NCL,806
4213,GEN,
4214,GEN,
4215,OBC-NCL,807
4216,OBC-NCL,808
4217,GEN,
4218,GEN-EWS,482
4219,GEN,
4220,ST,19
4221,GEN-EWS,483
4222,GEN,
4223,OBC-NCL,809
4224,GEN,
4225,GEN,
4226,GEN,
4227,GEN,
4228,GEN,
4229,OBC-NCL,810
4230,GEN,
4231,OBC-NCL,811
4232,GEN,
4233,GEN,
4234,GEN,
4235,GEN,
4236,OBC-NCL,812
4237,GEN-EWS,484
4238,GEN,
4239,GEN,
4240,GEN,
4241,OBC-NCL,813
4242,GEN-EWS,485
4243,GEN,
4244,GEN,
4245,GEN,
4246,OBC-NCL,814
4247,GEN,
4248,GEN,
4249,OBC-NCL,815
4250,GEN,
4251,GEN,
4252,GEN-EWS,486
4253,GEN,
4254,GEN,
4255,GEN,
4256,GEN,
4257,GEN,
4258,GEN,
4259,GEN,
4260,OBC-NCL,816
4261,GEN,
4262,GEN,
4263,OBC-NCL,817
4264,GEN,
4265,OBC-NCL,818
4266,GEN,
4267,GEN-EWS,487
4268,GEN,
4269,OBC-NCL,819
4270,OBC-NCL,820
4271,GEN-EWS,488
4272,OBC-NCL,821
4273,GEN-EWS,489
4274,GEN,
4275,GEN,
4276,GEN,
4277,GEN,
4278,GEN,
4279,GEN,
4280,GEN,
4281,GEN,
4282,GEN-EWS,490
4283,GEN,
4284,OBC-NCL,822
4285,GEN-EWS,491
4286,GEN,
4287,GEN,
4288,OBC-NCL,823
4289,GEN,
4290,GEN,
4291,GEN,
4292,GEN,
4293,GEN,
4294,GEN,
4295,OBC-NCL,824
4296,GEN,
4297,GEN,
4298,GEN,
4299,GEN-EWS,492
4300,OBC-NCL,825
4301,GEN,
4302,GEN,
4303,GEN,
4304,GEN,
4305,GEN,
4306,GEN-EWS,493
4307,GEN,
4308,GEN,
4309,GEN,
4310,GEN,
4311,OBC-NCL,826
4312,OBC-NCL,827
4313,SC,90
4314,GEN,
4315,GEN-EWS,494
4316,GEN,
4317,GEN,
4318,GEN,
4319,GEN,
4320,GEN,
4321,OBC-NCL,828
4322,GEN,
4323,GEN,
4324,GEN,
4325,GEN,
4326,OBC-NCL,829
4327,GEN,
4328,OBC-NCL,830
4329,GEN-EWS,495
4330,OBC-NCL,831
4331,GEN-EWS,496
4332,GEN,
4333,GEN-EWS,497
4334,GEN,
4335,GEN,
4336,OBC-NCL,832
4337,OBC-NCL,833
4338,GEN-EWS,498
4339,GEN,
4340,OBC-NCL,834
4341,GEN,
4342,GEN,
4343,GEN,
4344,GEN,
4345,GEN,
4346,GEN,
4347,GEN,
4348,OBC-NCL,835
4349,GEN,
4350,GEN-EWS,499
4351,GEN-EWS,500
4352,GEN,
4353,GEN-EWS,501
4354,GEN-EWS,502
4355,GEN,
4356,GEN-EWS,503
4357,GEN,
4358,GEN,
4359,GEN,
4360,GEN,
4361,GEN,
4362,GEN,
4363,GEN,
4364,OBC-NCL,836
4365,OBC-NCL,837
4366,GEN,
4367,GEN,
4368,GEN-EWS,504
4369,OBC-NCL,838
4370,GEN,
4371,GEN-EWS,505
4372,GEN,
4373,GEN,
4374,GEN-EWS,506
4375,GEN,
4376,GEN,
4377,GEN,
4378,GEN,
4379,GEN,
4380,GEN-EWS,507
4381,GEN,
4382,GEN,
4383,GEN,
4384,GEN-EWS,508
4385,GEN-EWS,509
4386,GEN,
4387,OBC-NCL,839
4388,GEN,
4389,GEN,
4390,GEN,
4391,GEN,
4392,GEN-EWS,510
4393,OBC-NCL,840
4394,OBC-NCL,841
4395,GEN,
4396,OBC-NCL,842
4397,GEN,
4398,ST,20
4399,GEN,
4400,OBC-NCL,843
4401,GEN,
4402,GEN,
4403,OBC-NCL,844
4404,SC,91
4405,OBC-NCL,845
4406,OBC-NCL,846
4407,OBC-NCL,847
4408,OBC-NCL,848
4409,GEN-EWS,511
4410,GEN,
4411,GEN-EWS,512
4412,SC,92
4413,GEN,
4414,OBC-NCL,849
4415,GEN-EWS,513
4416,SC,93
4417,GEN,
4418,GEN,
4419,GEN,
4420,GEN,
4421,GEN,
4422,GEN,
4423,GEN-EWS,514
4424,GEN,
4425,GEN,
4426,GEN,
4427,GEN,
4428,GEN,
4429,GEN,
4430,GEN,
4431,SC,94
4432,GEN,
4433,GEN,
4434,SC,95
4435,GEN-EWS,515
4436,GEN,
4437,OBC-NCL,850
4438,OBC-NCL,851
4439,GEN,
4440,GEN,
4441,GEN-EWS,516
4442,GEN-EWS,517
4443,OBC-NCL,852
4444,GEN,
4445,OBC-NCL,853
4446,GEN-EWS,518
4447,GEN,
4448,OBC-NCL,854
4449,GEN-EWS,519
4450,GEN-EWS,520
4451,GEN,
4452,GEN,
4453,GEN-EWS,521
4454,GEN,
4455,GEN-EWS,522
4456,OBC-NCL,855
4457,OBC-NCL,856
4458,GEN,
4459,GEN,
4460,GEN-EWS,523
4461,GEN-EWS,524
4462,GEN,
4463,GEN,
4464,OBC-NCL,857
4465,GEN,
4466,GEN-EWS,525
4467,GEN,
4468,GEN,
4469,GEN,
4470,GEN,
4471,OBC-NCL,858
4472,GEN-EWS,526
4473,GEN-EWS,527
4474,GEN,
4475,GEN,
4476,GEN,
4477,GEN,
4478,GEN-EWS,528
4479,GEN,
4480,GEN,
4481,GEN-EWS,529
4482,GEN-EWS,530
4483,GEN-EWS,531
4484,GEN,
4485,GEN,
4486,GEN,
4487,GEN,
4488,OBC-NCL,859
4489,GEN,
4490,GEN,
4491,OBC-NCL,860
4492,GEN,
4493,GEN,
4494,GEN,
4495,GEN,
4496,GEN,
4497,OBC-NCL,861
4498,GEN,
4499,GEN,
4500,GEN,
4501,GEN,
4502,OBC-NCL,862
4503,GEN,
4504,GEN-EWS,532
4505,GEN,
4506,GEN,
4507,GEN,
4508,GEN,
4509,GEN,
4510,GEN,
4511,GEN,
4512,OBC-NCL,863
4513,GEN,
4514,GEN-EWS,533
4515,GEN-EWS,534
4516,GEN,
4517,OBC-NCL,864
4518,GEN,
4519,GEN-EWS,535
4520,GEN,
4521,GEN,
4522,OBC-NCL,865
4523,OBC-NCL,866
4524,GEN,
4525,OBC-NCL,867
4526,GEN,
4527,GEN-EWS,536
4528,OBC-NCL,868
4529,GEN,
4530,GEN,
4531,GEN,
4532,GEN,
4533,GEN,
4534,GEN,
4535,SC,96
4536,GEN,
4537,OBC-NCL,869
4538,GEN,
4539,GEN-EWS,537
4540,GEN,
4541,GEN,
4542,GEN,
4543,OBC-NCL,870
4544,GEN-EWS,538
4545,OBC-NCL,871
4546,GEN-EWS,539
4547,GEN,
4548,OBC-NCL,872
4549,GEN,
4550,OBC-NCL,873
4551,GEN,
4552,OBC-NCL,874
4553,GEN-EWS,540
4554,GEN,
4555,GEN,
4556,GEN,
4557,GEN,
4558,OBC-NCL,875
4559,GEN,
4560,GEN-EWS,541
4561,GEN,
4562,SC,97
4563,GEN,
4564,GEN,
4565,GEN,
4566,GEN,
4567,GEN,
4568,GEN,
4569,GEN,
4570,GEN,
4571,GEN,
4572,GEN,
4573,GEN,
4574,GEN-EWS,542
4575,GEN,
4576,OBC-NCL,876
4577,GEN,
4578,OBC-NCL,877
4579,GEN,
4580,GEN,
4581,GEN,
4582,GEN,
4583,SC,98
4584,OBC-NCL,878
4585,GEN,
4586,GEN,
4587,OBC-NCL,879
4588,GEN,
4589,GEN,
4590,GEN,
4591,GEN,
4592,GEN,
4593,GEN,
4594,GEN,
4595,GEN,
4596,GEN,
4597,GEN,
4598,OBC-NCL,880
4599,GEN,
4600,OBC-NCL,881
4601,OBC-NCL,882
4602,GEN,
4603,GEN,
4604,GEN,
4605,OBC-NCL,883
4606,OBC-NCL,884
4607,OBC-NCL,885
4608,OBC-NCL,886
4609,GEN,
4610,OBC-NCL,887
4611,ST,21
4612,GEN,
4613,GEN,
4614,OBC-NCL,888
4615,OBC-NCL,889
4616,GEN,
4617,GEN,
4618,GEN,
4619,GEN,
4620,GEN,
4621,GEN-EWS,543
4622,GEN,
4623,GEN,
4624,GEN,
4625,GEN,
4626,GEN,
4627,GEN-EWS,544
4628,GEN,
4629,GEN,
4630,GEN,
4631,GEN,
4632,GEN-EWS,545
4633,GEN,
4634,GEN,
4635,OBC-NCL,890
4636,GEN,
4637,OBC-NCL,891
4638,GEN-EWS,546
4639,GEN,
4640,GEN,
4641,GEN,
4642,GEN,
4643,GEN-EWS,547
4644,GEN,
4645,GEN,
4646,OBC-NCL,892
4647,GEN,
4648,GEN-EWS,548
4649,GEN,
4650,GEN,
4651,OBC-NCL,893
4652,GEN,
4653,GEN,
4654,GEN-EWS,549
4655,GEN,
4656,OBC-NCL,894
4657,GEN,
4658,GEN,
4659,GEN-EWS,550
4660,OBC-NCL,895
4661,OBC-NCL,896
4662,GEN,
4663,GEN,
4664,GEN,
4665,GEN,
4666,GEN,
4667,GEN,
4668,GEN-EWS,551
4669,OBC-NCL,897
4670,GEN-EWS,552
4671,GEN,
4672,GEN-EWS,553
4673,OBC-NCL,898
4674,GEN,
4675,GEN,
4676,OBC-NCL,899
4677,GEN,
4678,GEN,
4679,OBC-NCL,900
4680,OBC-NCL,901
4681,GEN,
4682,OBC-NCL,902
4683,GEN,
4684,GEN,
4685,OBC-NCL,903
4686,GEN,
4687,GEN,
4688,OBC-NCL,904
4689,ST,22
4690,GEN,
4691,GEN,
4692,GEN,
4693,GEN,
4694,GEN-EWS,554
4695,GEN-EWS,555
4696,GEN,
4697,GEN,
4698,GEN,
4699,GEN,
4700,GEN,
4701,GEN,
4702,GEN-EWS,556
4703,GEN,
4704,OBC-NCL,905
4705,GEN-EWS,557
4706,OBC-NCL,906
4707,GEN-EWS,558
4708,GEN,
4709,OBC-NCL,907
4710,GEN-EWS,559
4711,GEN,
4712,GEN-EWS,560
4713,GEN,
4714,GEN,
4715,OBC-NCL,908
4716,GEN,
4717,GEN,
4718,GEN,
4719,GEN,
4720,GEN,
4721,GEN,
4722,GEN,
4723,GEN,
4724,GEN,
4725,GEN,
4726,OBC-NCL,909
4727,GEN,
4728,GEN,
4729,OBC-NCL,910
4730,GEN,
4731,GEN,
4732,GEN,
4733,GEN,
4734,GEN,
4735,OBC-NCL,911
4736,GEN,
4737,GEN,
4738,GEN,
4739,GEN,
4740,GEN,
4741,OBC-NCL,912
4742,ST,23
4743,SC,99
4744,GEN,
4745,GEN,
4746,GEN,
4747,GEN,
4748,GEN,
4749,SC,100
4750,GEN,
4751,GEN,
4752,GEN,
4753,GEN,
4754,OBC-NCL,913
4755,OBC-NCL,914
4756,GEN,
4757,GEN,
4758,SC,101
4759,OBC-NCL,915
4760,OBC-NCL,916
4761,GEN,
4762,GEN,
4763,GEN,
4764,GEN,
4765,GEN,
4766,GEN-EWS,561
4767,GEN,
4768,GEN,
4769,GEN-EWS,562
4770,GEN,
4771,OBC-NCL,917
4772,GEN,
4773,OBC-NCL,918
4774,GEN,
4775,GEN-EWS,563
4776,GEN,
4777,GEN,
4778,GEN,
4779,GEN,
4780,GEN,
4781,OBC-NCL,919
4782,GEN,
4783,OBC-NCL,920
4784,GEN,
4785,GEN,
4786,OBC-NCL,921
4787,GEN,
4788,GEN,
4789,GEN-EWS,564
4790,GEN,
4791,OBC-NCL,922
4792,OBC-NCL,923
4793,OBC-NCL,924
4794,OBC-NCL,925
4795,GEN,
4796,GEN,
4797,GEN,
4798,GEN,
4799,GEN-EWS,565
4800,OBC-NCL,926
4801,GEN-EWS,566
4802,OBC-NCL,927
4803,GEN,
4804,GEN,
4805,GEN,
4806,OBC-NCL,928
4807,GEN,
4808,GEN,
4809,GEN-EWS,567
4810,OBC-NCL,929
4811,GEN,
4812,GEN,
4813,GEN,
4814,GEN,
4815,GEN-EWS,568
4816,GEN,
4817,GEN,
4818,GEN,
4819,GEN,
4820,GEN,
4821,GEN,
4822,GEN,
4823,GEN,
4824,GEN,
4825,GEN,
4826,OBC-NCL,930
4827,OBC-NCL,931
4828,GEN-EWS,569
4829,GEN,
4830,GEN-EWS,570
4831,GEN,
4832,GEN,
4833,OBC-NCL,932
4834,OBC-NCL,933
4835,GEN,
4836,GEN-EWS,571
4837,GEN,
4838,GEN,
4839,GEN-EWS,572
4840,GEN,
4841,GEN,
4842,GEN,
4843,GEN,
4844,GEN,
4845,OBC-NCL,934
4846,GEN,
4847,GEN,
4848,GEN,
4849,GEN,
4850,GEN,
4851,GEN,
4852,GEN,
4853,OBC-NCL,935
4854,GEN,
4855,GEN,
4856,GEN,
4857,GEN,
4858,GEN-EWS,573
4859,GEN,
4860,GEN,
4861,GEN,
4862,OBC-NCL,936
4863,GEN,
4864,GEN,
4865,GEN,
4866,GEN-EWS,574
4867,GEN,
4868,OBC-NCL,937
4869,GEN,
4870,OBC-NCL,938
4871,GEN,
4872,OBC-NCL,939
4873,OBC-NCL,940
4874,GEN,
4875,OBC-NCL,941
4876,GEN,
4877,GEN,
4878,GEN,
4879,GEN,
4880,GEN-EWS,575
4881,OBC-NCL,942
4882,GEN,
4883,GEN,
4884,GEN,
4885,OBC-NCL,943
4886,OBC-NCL,944
4887,SC,102
4888,GEN,
4889,GEN,
4890,GEN,
4891,GEN-EWS,576
4892,GEN-EWS,577
4893,GEN,
4894,GEN,
4895,GEN,
4896,SC,103
4897,OBC-NCL,945
4898,GEN,
4899,OBC-NCL,946
4900,GEN,
4901,GEN,
4902,SC,104
4903,GEN-EWS,578
4904,GEN,
4905,GEN,
4906,GEN,
4907,GEN,
4908,GEN,
4909,GEN,
4910,GEN,
4911,GEN,
4912,GEN,
4913,GEN,
4914,OBC-NCL,947
4915,GEN,
4916,GEN,
4917,OBC-NCL,948
4918,GEN-EWS,579
4919,GEN,
4920,GEN,
4921,SC,105
4922,GEN,
4923,GEN,
4924,GEN,
4925,GEN,
4926,GEN,
4927,GEN,
4928,GEN,
4929,GEN,
4930,GEN,
4931,GEN,
4932,GEN-EWS,580
4933,OBC-NCL,949
4934,GEN,
4935,GEN,
4936,GEN,
4937,GEN,
4938,GEN,
4939,OBC-NCL,950
4940,OBC-NCL,951
4941,GEN,
4942,GEN-EWS,581
4943,GEN,
4944,GEN,
4945,OBC-NCL,952
4946,GEN,
4947,OBC-NCL,953
4948,GEN,
4949,SC,106
4950,OBC-NCL,954
4951,GEN,
4952,OBC-NCL,955
4953,GEN-EWS,582
4954,GEN-EWS,583
4955,GEN-EWS,584
4956,GEN-EWS,585
4957,GEN,
4958,GEN,
4959,OBC-NCL,956
4960,GEN,
4961,GEN,
4962,GEN,
4963,GEN,
4964,GEN,
4965,GEN,
4966,GEN,
4967,GEN,
4968,OBC-NCL,957
4969,GEN,
4970,OBC-NCL,958
4971,GEN,
4972,GEN,
4973,GEN-EWS,586
4974,GEN,
4975,GEN-EWS,587
4976,GEN,
4976,OBC-NCL,959
4978,OBC-NCL,960
4979,GEN,
4980,GEN,
4981,OBC-NCL,961
4982,GEN,
4983,GEN,
4984,GEN,
4985,GEN,
4986,GEN,
4987,GEN,
4988,GEN,
4989,GEN,
4990,GEN,
4991,GEN,
4992,GEN,
4993,GEN,
4994,GEN,
4995,OBC-NCL,962
4996,GEN,
4997,GEN,
4998,GEN,
4999,GEN,
5000,GEN-EWS,588
5001,OBC-NCL,963
5002,OBC-NCL,964
5003,GEN,
5004,GEN,
5005,GEN,
5006,OBC-NCL,965
5007,OBC-NCL,966
5008,GEN,
5009,OBC-NCL,967
5010,GEN,
5011,GEN,
5012,OBC-NCL,968
5013,GEN,
5014,GEN,
5015,GEN,
5016,GEN,
5017,OBC-NCL,969
5018,GEN,
5019,OBC-NCL,970
5020,GEN,
5021,OBC-NCL,971
5022,GEN,
5023,GEN,
5024,OBC-NCL,972
5025,GEN,
5026,GEN,
5027,OBC-NCL,973
5028,GEN-EWS,589
5029,GEN,
5030,OBC-NCL,974
5031,GEN,
5032,GEN-EWS,590
5033,OBC-NCL,975
5034,OBC-NCL,976
5035,OBC-NCL,977
5036,GEN,
5037,GEN,
5038,OBC-NCL,978
5039,GEN,
5040,OBC-NCL,979
5041,GEN,
5042,GEN,
5043,GEN,
5044,GEN-EWS,591
5045,GEN,
5046,OBC-NCL,980
5047,GEN,
5048,GEN,
5049,GEN-EWS,592
5050,GEN-EWS,593
5051,OBC-NCL,981
5052,GEN,
5053,OBC-NCL,982
5054,GEN,
5055,GEN,
5056,GEN,
5057,GEN,
5058,GEN,
5059,GEN,
5060,OBC-NCL,983
5061,GEN,
5062,GEN-EWS,594
5063,GEN-EWS,595
5064,GEN,
5065,OBC-NCL,984
5066,GEN,
5067,GEN,
5068,OBC-NCL,985
5069,SC,107
5070,GEN,
5071,OBC-NCL,986
5072,GEN,
5073,GEN,
5074,GEN-EWS,596
5075,GEN,
5076,OBC-NCL,987
5077,GEN,
5078,GEN-EWS,597
5079,GEN,
5080,GEN-EWS,598
5081,GEN,
5082,OBC-NCL,988
5083,GEN,
5084,GEN,
5085,GEN,
5086,GEN,
5087,GEN,
5088,GEN,
5089,OBC-NCL,989
5090,GEN-EWS,599
5091,OBC-NCL,990
5092,GEN,
5093,GEN,
5094,GEN,
5095,GEN-EWS,600
5096,GEN,
5097,GEN,
5098,GEN-EWS,601
5099,GEN-EWS,602
5100,SC,108
5101,GEN,
5102,GEN,
5103,OBC-NCL,991
5104,GEN,
5105,GEN,
5106,GEN,
5107,OBC-NCL,992
5108,GEN-EWS,603
5109,GEN-EWS,604
5110,GEN,
5111,GEN,
5112,GEN,
5113,OBC-NCL,993
5114,GEN,
5115,OBC-NCL,994
5116,GEN,
5117,GEN,
5118,GEN,
5119,GEN,
5120,GEN,
5121,GEN-EWS,605
5122,OBC-NCL,995
5123,OBC-NCL,996
5124,GEN,
5125,SC,109
5126,GEN,
5127,GEN,
5128,GEN-EWS,606
5129,GEN-EWS,607
5130,GEN-EWS,608
5131,OBC-NCL,997
5132,GEN-EWS,609
5133,GEN,
5134,OBC-NCL,998
5135,OBC-NCL,999
5136,GEN,
5137,GEN,
5138,GEN-EWS,610
5139,OBC-NCL,1000
5140,GEN,
5141,GEN-EWS,611
5142,GEN,
5143,ST,24
5144,GEN,
5145,GEN,
5146,GEN,
5147,GEN,
5148,GEN-EWS,612
5149,GEN-EWS,613
5150,GEN-EWS,614
5151,OBC-NCL,1001
5152,OBC-NCL,1002
5153,OBC-NCL,1003
5154,OBC-NCL,1004
5155,OBC-NCL,1005
5156,GEN,
5157,OBC-NCL,1006
5158,GEN,
5159,GEN,
5160,GEN,
5161,GEN,
5162,GEN-EWS,615
5163,OBC-NCL,1007
5164,OBC-NCL,1008
5165,GEN,
5166,GEN,
5167,GEN-EWS,616
5168,OBC-NCL,1009
5169,OBC-NCL,1010
5170,OBC-NCL,1011
5171,GEN,
5172,GEN,
5173,GEN,
5174,GEN,
5175,GEN,
5176,OBC-NCL,1012
5177,GEN,
5178,GEN,
5179,OBC-NCL,1013
5180,GEN,
5181,OBC-NCL,1014
5182,GEN-EWS,617
5183,OBC-NCL,1015
5184,GEN,
5185,GEN,
5186,GEN,
5187,OBC-NCL,1016
5188,GEN,
5189,GEN,
5190,GEN,
5191,GEN,
5192,GEN-EWS,618
5193,OBC-NCL,1017
5194,GEN-EWS,619
5195,GEN,
5196,GEN,
5197,GEN,
5198,SC,110
5199,GEN,
5200,OBC-NCL,1018
5201,GEN,
5202,OBC-NCL,1019
5203,OBC-NCL,1020
5204,GEN,
5205,SC,111
5206,GEN,
5207,GEN,
5208,GEN-EWS,620
5209,OBC-NCL,1021
5210,GEN,
5211,GEN,
5212,GEN-EWS,621
5213,GEN,
5214,GEN,
5215,GEN,
5216,GEN-EWS,622
5217,GEN,
5218,OBC-NCL,1022
5219,GEN,
5220,GEN-EWS,623
5221,GEN,
5222,GEN,
5223,GEN,
5224,GEN-EWS,624
5225,OBC-NCL,1023
5226,GEN,
5227,GEN,
5228,OBC-NCL,1024
5229,GEN,
5230,GEN,
5231,GEN,
5232,GEN,
5233,GEN-EWS,625
5234,GEN,
5235,GEN,
5236,GEN,
5237,GEN,
5238,GEN,
5239,GEN,
5240,GEN,
5241,GEN,
5242,GEN,
5243,GEN-EWS,626
5244,OBC-NCL,1025
5245,OBC-NCL,1026
5246,GEN,
5247,ST,25
5248,GEN-EWS,627
5249,OBC-NCL,1027
5250,SC,112
5251,OBC-NCL,1028
5252,GEN-EWS,628
5253,GEN,
5254,GEN-EWS,629
5255,GEN,
5256,GEN,
5257,GEN,
5258,GEN,
5259,GEN-EWS,630
5260,GEN,
5261,GEN,
5262,GEN,
5263,OBC-NCL,1029
5264,OBC-NCL,1030
5265,GEN-EWS,631
5266,GEN-EWS,632
5267,GEN,
5268,GEN,
5269,GEN-EWS,633
5270,GEN,
5271,GEN,
5272,GEN,
5273,GEN,
5274,GEN,
5275,OBC-NCL,1031
5276,OBC-NCL,1032
5277,GEN,
5278,GEN-EWS,634
5279,SC,113
5280,GEN,
5281,GEN,
5282,GEN,
5283,GEN,
5284,GEN-EWS,635
5285,GEN,
5286,GEN,
5287,OBC-NCL,1033
5288,OBC-NCL,1034
5289,GEN-EWS,636
5290,GEN,
5291,OBC-NCL,1035
5292,GEN,
5293,GEN,
5294,GEN,
5295,GEN,
5296,GEN,
5297,GEN,
5298,GEN,
5299,SC,114
5300,GEN,
5301,GEN,
5302,SC,115
5303,GEN,
5304,OBC-NCL,1036
5305,OBC-NCL,1037
5306,OBC-NCL,1038
5307,GEN,
5308,GEN,
5309,GEN,
5310,GEN,
5311,GEN-EWS,637
5312,OBC-NCL,1039
5313,GEN-EWS,638
5314,OBC-NCL,1040
5315,SC,116
5316,GEN,
5317,OBC-NCL,1041
5318,ST,26
5319,GEN,
5320,GEN,
5321,GEN-EWS,639
5322,GEN,
5323,GEN,
5324,GEN-EWS,640
5325,GEN,
5326,GEN,
5327,GEN,
5328,GEN,
5329,OBC-NCL,1042
5330,GEN-EWS,641
5331,GEN,
5332,GEN-EWS,642
5333,SC,117
5334,GEN,
5335,GEN,
5336,GEN,
5337,GEN,
5338,OBC-NCL,1043
5339,GEN,
5340,GEN,
5341,GEN,
5342,GEN,
5343,GEN,
5344,GEN,
5345,GEN-EWS,643
5346,GEN-EWS,644
5347,GEN-EWS,645
5348,GEN-EWS,646
5349,GEN-EWS,647
5350,SC,118
5351,GEN,
5352,OBC-NCL,1044
5353,OBC-NCL,1045
5354,GEN,
5355,OBC-NCL,1046
5356,GEN,
5357,GEN,
5358,OBC-NCL,1047
5359,OBC-NCL,1048
5360,GEN,
5361,GEN-EWS,648
5362,GEN,
5363,OBC-NCL,1049
5364,GEN,
5365,GEN,
5366,GEN-EWS,649
5367,GEN,
5368,GEN,
5369,OBC-NCL,1050
5370,OBC-NCL,1051
5371,GEN,
5372,OBC-NCL,1052
5373,GEN,
5374,GEN,
5375,OBC-NCL,1053
5376,GEN,
5377,GEN,
5378,OBC-NCL,1054
5379,GEN,
5380,GEN,
5381,GEN,
5382,OBC-NCL,1055
5383,GEN,
5384,GEN,
5385,OBC-NCL,1056
5386,OBC-NCL,1057
5387,OBC-NCL,1058
5388,OBC-NCL,1059
5389,GEN,
5390,GEN,
5391,GEN-EWS,650
5392,OBC-NCL,1060
5393,OBC-NCL,1061
5394,GEN,
5395,GEN,
5396,GEN-EWS,651
5397,GEN,
5398,GEN,
5399,OBC-NCL,1062
5400,GEN,
5401,GEN,
5402,GEN,
5403,GEN,
5404,GEN-EWS,652
5405,GEN,
5406,OBC-NCL,1063
5407,GEN,
5408,GEN-EWS,653
5409,GEN,
5410,OBC-NCL,1064
5411,GEN-EWS,654
5412,OBC-NCL,1065
5413,GEN,
5414,GEN-EWS,655
5415,OBC-NCL,1066
5416,GEN,
5417,GEN,
5418,GEN,
5419,OBC-NCL,1067
5420,GEN,
5421,OBC-NCL,1068
5422,GEN,
5423,GEN,
5424,GEN,
5425,GEN,
5426,GEN,
5427,OBC-NCL,1069
5428,GEN,
5429,GEN-EWS,656
5430,GEN,
5431,GEN,
5432,GEN,
5433,OBC-NCL,1070
5434,GEN,
5435,GEN,
5436,GEN,
5437,GEN,
5438,GEN,
5439,GEN,
5440,GEN-EWS,657
5441,OBC-NCL,1071
5442,GEN-EWS,658
5443,GEN,
5444,OBC-NCL,1072
5445,GEN-EWS,659
5446,GEN-EWS,660
5447,GEN,
5448,GEN,
5449,OBC-NCL,1073
5450,GEN,
5451,GEN,
5452,OBC-NCL,1074
5453,GEN,
5454,GEN,
5455,GEN,
5456,GEN,
5457,GEN,
5458,GEN,
5459,GEN,
5460,GEN,
5461,GEN,
5462,GEN,
5463,GEN-EWS,661
5464,OBC-NCL,1075
5465,GEN,
5466,GEN,
5467,GEN,
5468,SC,119
5469,GEN,
5470,GEN,
5471,SC,120
5472,GEN,
5473,OBC-NCL,1076
5474,GEN,
5475,GEN,
5476,GEN,
5477,GEN,
5478,OBC-NCL,1077
5479,GEN,
5480,GEN-EWS,662
5481,GEN,
5482,GEN,
5483,GEN,
5484,GEN,
5485,GEN-EWS,663
5486,GEN,
5487,GEN,
5488,GEN-EWS,664
5489,GEN,
5490,GEN,
5491,GEN,
5492,GEN,
5493,OBC-NCL,1078
5494,OBC-NCL,1079
5495,GEN,
5496,GEN-EWS,665
5497,GEN,
5498,OBC-NCL,1080
5499,GEN,
5500,GEN,
5501,GEN,
5502,OBC-NCL,1081
5503,GEN,
5504,OBC-NCL,1082
5505,OBC-NCL,1083
5506,OBC-NCL,1084
5507,GEN,
5508,GEN,
5509,GEN,
5510,SC,121
5511,GEN,
5512,GEN,
5513,OBC-NCL,1085
5514,OBC-NCL,1086
5515,GEN,
5516,OBC-NCL,1087
5517,GEN,
5518,GEN,
5519,GEN,
5520,GEN,
5521,GEN-EWS,666
5522,GEN,
5523,OBC-NCL,1088
5524,GEN,
5525,OBC-NCL,1089
5526,GEN,
5527,GEN-EWS,667
5528,GEN,
5529,GEN,
5530,GEN,
5531,GEN,
5532,GEN-EWS,668
5533,GEN,
5534,GEN,
5535,GEN,
5536,GEN,
5537,GEN,
5538,GEN,
5539,GEN,
5540,GEN-EWS,669
5541,GEN,
5542,GEN,
5543,OBC-NCL,1090
5544,GEN,
5545,GEN-EWS,670
5546,GEN-EWS,671
5547,GEN,
5548,GEN,
5549,GEN,
5550,GEN,
5551,GEN,
5552,GEN-EWS,672
5553,GEN,
5554,GEN,
5555,GEN,
5556,GEN,
5557,GEN,
5558,OBC-NCL,1091
5559,GEN,
5560,GEN,
5561,GEN,
5562,GEN,
5563,GEN,
5564,GEN,
5565,OBC-NCL,1092
5566,GEN,
5567,GEN,
5568,GEN,
5569,GEN,
5570,GEN,
5571,OBC-NCL,1093
5572,GEN,
5573,GEN,
5574,SC,122
5575,GEN-EWS,673
5576,OBC-NCL,1094
5577,GEN,
5578,GEN,
5579,GEN,
5580,GEN,
5581,OBC-NCL,1095
5582,GEN,
5583,GEN,
5584,SC,123
5585,OBC-NCL,1096
5586,GEN,
5587,GEN,
5588,GEN-EWS,674
5589,OBC-NCL,1097
5590,GEN,
5591,OBC-NCL,1098
5592,GEN,
5593,OBC-NCL,1099
5594,OBC-NCL,1100
5595,GEN,
5596,GEN,
5597,GEN-EWS,675
5598,GEN,
5599,GEN,
5600,GEN,
5601,GEN,
5602,GEN,
5603,SC,124
5604,OBC-NCL,1101
5605,GEN-EWS,676
5606,OBC-NCL,1102
5607,GEN,
5608,GEN,
5609,OBC-NCL,1103
5610,GEN,
5611,GEN,
5612,GEN,
5613,GEN,
5614,GEN,
5615,GEN,
5616,GEN,
5617,GEN,
5618,GEN,
5619,GEN-EWS,677
5620,GEN,
5621,GEN-EWS,678
5622,OBC-NCL,1104
5623,GEN,
5624,GEN,
5625,OBC-NCL,1105
5626,OBC-NCL,1106
5627,GEN-EWS,679
5628,OBC-NCL,1107
5629,GEN-EWS,680
5630,GEN,
5631,GEN,
5632,GEN,
5633,OBC-NCL,1108
5634,GEN,
5635,GEN,
5636,GEN,
5637,GEN,
5638,GEN-EWS,681
5639,GEN-EWS,682
5640,GEN,
5641,GEN,
5642,GEN,
5643,GEN,
5644,GEN-EWS,683
5645,GEN,
5646,OBC-NCL,1109
5647,GEN,
5648,GEN,
5649,GEN,
5650,GEN,
5651,GEN,
5652,GEN,
5652,OBC-NCL,1110
5654,OBC-NCL,1111
5655,OBC-NCL,1112
5656,OBC-NCL,1113
5657,GEN,
5658,GEN,
5659,OBC-NCL,1114
5660,OBC-NCL,1115
5661,OBC-NCL,1116
5662,GEN-EWS,684
5663,GEN,
5664,OBC-NCL,1117
5665,GEN,
5666,GEN,
5667,SC,125
5668,OBC-NCL,1118
5669,GEN-EWS,685
5670,GEN-EWS,686
5671,OBC-NCL,1119
5672,GEN,
5673,GEN,
5674,GEN,
5675,OBC-NCL,1120
5676,GEN,
5677,GEN,
5678,GEN-EWS,687
5679,OBC-NCL,1121
5680,GEN-EWS,688
5681,GEN,
5682,GEN,
5683,GEN-EWS,689
5684,GEN-EWS,690
5685,GEN,
5686,GEN-EWS,691
5687,GEN,
5688,OBC-NCL,1122
5689,GEN,
5690,GEN,
5691,GEN,
5692,GEN,
5693,GEN,
5694,GEN,
5695,SC,126
5696,OBC-NCL,1123
5697,GEN,
5698,OBC-NCL,1124
5699,GEN,
5700,OBC-NCL,1125
5701,OBC-NCL,1126
5702,GEN,
5703,SC,127
5704,GEN,
5705,GEN,
5706,GEN,
5707,GEN-EWS,692
5708,GEN,
5709,GEN,
5710,GEN,
5711,OBC-NCL,1127
5712,GEN,
5713,GEN,
5714,GEN,
5715,GEN,
5716,GEN,
5717,GEN,
5718,OBC-NCL,1128
5719,GEN,
5720,GEN,
5721,GEN,
5722,SC,128
5723,OBC-NCL,1129
5724,SC,129
5725,GEN,
5726,GEN,
5727,GEN,
5728,GEN,
5729,GEN-EWS,693
5730,GEN-EWS,694
5731,OBC-NCL,1130
5732,GEN-EWS,695
5733,OBC-NCL,1131
5734,GEN-EWS,696
5735,GEN,
5736,GEN,
5737,GEN-EWS,697
5738,GEN,
5739,GEN,
5740,GEN,
5741,OBC-NCL,1132
5742,GEN-EWS,698
5743,OBC-NCL,1133
5744,GEN,
5745,GEN,
5746,ST,27
5747,GEN,
5748,OBC-NCL,1134
5749,GEN,
5750,GEN,
5751,GEN,
5752,OBC-NCL,1135
5753,GEN,
5754,GEN,
5755,GEN,
5756,GEN,
5757,GEN,
5758,GEN,
5759,GEN,
5760,GEN,
5761,OBC-NCL,1136
5762,GEN,
5763,GEN-EWS,699
5764,GEN,
5765,GEN-EWS,700
5766,GEN,
5767,GEN,
5768,GEN,
5769,GEN,
5770,GEN,
5771,GEN,
5772,SC,130
5773,GEN,
5774,GEN,
5775,OBC-NCL,1137
5776,GEN,
5777,GEN,
5778,GEN,
5779,GEN,
5780,OBC-NCL,1138
5781,GEN,
5782,GEN,
5783,GEN,
5784,GEN,
5785,GEN,
5786,GEN,
5787,GEN,
5788,GEN,
5789,OBC-NCL,1139
5790,GEN,
5791,OBC-NCL,1140
5792,OBC-NCL,1141
5793,GEN,
5794,OBC-NCL,1142
5795,GEN,
5796,GEN,
5797,GEN-EWS,701
5798,OBC-NCL,1143
5799,OBC-NCL,1144
5800,OBC-NCL,1145
5801,GEN-EWS,702
5802,GEN-EWS,703
5803,GEN-EWS,704
5804,GEN-EWS,705
5805,GEN,
5806,GEN,
5807,GEN-EWS,706
5808,GEN,
5809,GEN,
5810,GEN,
5811,SC,131
5812,GEN,
5813,GEN,
5814,OBC-NCL,1146
5815,GEN,
5816,GEN,
5817,GEN,
5818,OBC-NCL,1147
5819,GEN,
5820,OBC-NCL,1148
5821,GEN,
5822,GEN,
5823,GEN,
5824,OBC-NCL,1149
5825,GEN,
5826,GEN,
5827,GEN,
5828,GEN,
5829,OBC-NCL,1150
5830,GEN,
5831,GEN,
5832,OBC-NCL,1151
5833,GEN,
5834,OBC-NCL,1152
5835,GEN,
5836,GEN,
5837,GEN,
5838,GEN-EWS,707
5839,GEN-EWS,708
5840,OBC-NCL,1153
5841,GEN,
5842,GEN,
5843,OBC-NCL,1154
5844,GEN-EWS,709
5845,OBC-NCL,1155
5846,GEN,
5847,OBC-NCL,1156
5848,GEN-EWS,710
5849,OBC-NCL,1157
5850,GEN,
5851,GEN,
5852,GEN,
5853,GEN,
5854,OBC-NCL,1158
5855,GEN,
5856,OBC-NCL,1159
5857,GEN-EWS,711
5858,GEN,
5859,GEN,
5860,OBC-NCL,1160
5861,GEN-EWS,712
5862,OBC-NCL,1161
5863,GEN,
5864,OBC-NCL,1162
5865,GEN,
5866,OBC-NCL,1163
5867,GEN,
5868,GEN,
5869,GEN,
5870,GEN-EWS,713
5871,GEN,
5872,GEN,
5873,GEN,
5874,OBC-NCL,1164
5875,OBC-NCL,1165
5876,GEN,
5877,GEN,
5878,OBC-NCL,1166
5879,GEN,
5880,GEN,
5881,SC,132
5882,GEN,
5883,GEN,
5884,GEN,
5885,GEN,
5886,OBC-NCL,1167
5887,GEN,
5888,GEN,
5889,OBC-NCL,1168
5890,GEN-EWS,714
5891,GEN,
5892,GEN,
5893,GEN,
5894,OBC-NCL,1169
5895,SC,133
5896,GEN-EWS,715
5897,OBC-NCL,1170
5898,GEN-EWS,716
5899,OBC-NCL,1171
5900,GEN,
5901,GEN-EWS,717
5902,GEN,
5903,GEN,
5904,GEN,
5905,GEN,
5906,GEN,
5907,GEN-EWS,718
5908,OBC-NCL,1172
5909,GEN,
5910,GEN,
5911,GEN,
5912,GEN,
5913,SC,134
5914,GEN,
5915,GEN-EWS,719
5916,GEN,
5917,GEN,
5918,GEN,
5919,OBC-NCL,1173
5920,GEN,
5921,GEN,
5922,ST,28
5923,GEN,
5924,OBC-NCL,1174
5925,GEN,
5926,GEN,
5927,GEN,
5928,GEN,
5929,GEN,
5930,GEN,
5931,OBC-NCL,1175
5932,GEN,
5933,GEN,
5934,GEN,
5935,GEN,
5936,GEN,
5937,GEN,
5938,GEN,
5939,GEN,
5940,GEN,
5941,GEN,
5942,OBC-NCL,1176
5943,OBC-NCL,1177
5944,OBC-NCL,1178
5945,OBC-NCL,1179
5946,GEN,
5947,GEN,
5948,GEN,
5949,GEN,
5950,GEN,
5951,GEN,
5952,GEN,
5953,OBC-NCL,1180
5954,GEN,
5955,GEN,
5956,GEN,
5957,GEN,
5958,GEN,
5959,GEN,
5960,SC,135
5961,OBC-NCL,1181
5962,GEN,
5963,OBC-NCL,1182
5964,GEN,
5965,GEN,
5966,GEN-EWS,720
5967,GEN-EWS,721
5968,GEN,
5969,OBC-NCL,1183
5970,GEN-EWS,722
5971,GEN,
5972,GEN,
5973,GEN,
5974,GEN,
5975,OBC-NCL,1184
5976,OBC-NCL,1185
5977,OBC-NCL,1186
5978,GEN,
5979,GEN-EWS,723
5980,OBC-NCL,1187
5981,GEN,
5982,GEN,
5983,GEN-EWS,724
5984,GEN,
5985,OBC-NCL,1188
5986,GEN,
5987,GEN,
5988,GEN,
5989,GEN,
5990,SC,136
5991,OBC-NCL,1189
5992,GEN,
5993,GEN,
5994,OBC-NCL,1190
5995,OBC-NCL,1191
5996,GEN-EWS,725
5997,GEN,
5998,GEN,
5999,GEN,
6000,GEN-EWS,726
6001,GEN-EWS,727
6002,GEN,
6003,GEN,
6004,GEN,
6005,GEN,
6006,OBC-NCL,1192
6007,OBC-NCL,1193
6008,GEN,
6009,GEN,
6010,GEN,
6011,GEN,
6012,OBC-NCL,1194
6013,GEN,
6014,GEN,
6015,OBC-NCL,1195
6016,GEN,
6017,GEN,
6018,OBC-NCL,1196
6019,GEN-EWS,728
6020,GEN,
6021,GEN-EWS,729
6022,GEN,
6023,GEN,
6024,GEN,
6025,GEN,
6026,OBC-NCL,1197
6027,GEN,
6028,GEN,
6029,GEN,
6030,SC,137
6031,GEN,
6032,GEN,
6033,OBC-NCL,1198
6034,OBC-NCL,1199
6035,GEN,
6036,GEN,
6037,GEN-EWS,730
6038,GEN,
6039,OBC-NCL,1200
6040,GEN,
6041,GEN,
6042,GEN,
6043,GEN,
6044,OBC-NCL,1201
6045,GEN-EWS,731
6046,GEN,
6047,GEN,
6048,GEN,
6049,GEN,
6050,GEN,
6051,GEN-EWS,732
6052,GEN-EWS,733
6053,GEN-EWS,734
6054,GEN-EWS,735
6055,GEN-EWS,736
6056,GEN,
6057,GEN,
6058,OBC-NCL,1202
6059,OBC-NCL,1203
6060,GEN,
6061,OBC-NCL,1204
6062,GEN,
6063,GEN,
6064,OBC-NCL,1205
6065,GEN,
6066,GEN-EWS,737
6067,GEN-EWS,738
6068,GEN,
6069,GEN,
6070,OBC-NCL,1206
6071,SC,138
6072,GEN,
6073,GEN,
6074,GEN,
6075,OBC-NCL,1207
6076,GEN,
6077,GEN,
6078,GEN,
6079,SC,139
6080,GEN,
6081,GEN,
6082,ST,29
6083,SC,140
6084,SC,141
6085,GEN-EWS,739
6086,OBC-NCL,1208
6087,GEN,
6088,GEN,
6089,GEN,
6090,GEN,
6091,GEN,
6092,ST,30
6093,GEN,
6094,OBC-NCL,1209
6095,GEN,
6096,GEN,
6097,OBC-NCL,1210
6098,GEN,
6099,GEN,
6100,OBC-NCL,1211
6101,GEN,
6102,GEN,
6103,OBC-NCL,1212
6104,OBC-NCL,1213
6105,OBC-NCL,1214
6106,GEN,
6107,GEN,
6108,OBC-NCL,1215
6109,OBC-NCL,1216
6110,GEN,
6111,GEN,
6112,OBC-NCL,1217
6113,GEN,
6114,GEN,
6115,GEN,
6116,GEN-EWS,740
6117,OBC-NCL,1218
6118,ST,31
6119,OBC-NCL,1219
6120,GEN,
6121,GEN,
6122,GEN-EWS,741
6123,GEN-EWS,742
6124,GEN,
6125,GEN,
6126,GEN,
6127,GEN-EWS,743
6128,GEN-EWS,744
6129,OBC-NCL,1220
6130,GEN,
6131,OBC-NCL,1221
6132,SC,142
6133,GEN,
6133,OBC-NCL,1222
6135,OBC-NCL,1223
6136,GEN,
6137,GEN,
6138,GEN,
6139,GEN,
6140,GEN,
6141,GEN,
6142,OBC-NCL,1224
6143,GEN-EWS,745
6144,GEN,
6145,GEN,
6146,GEN-EWS,746
6147,OBC-NCL,1225
6148,GEN,
6149,GEN,
6150,GEN,
6151,GEN-EWS,747
6152,GEN,
6153,OBC-NCL,1226
6154,OBC-NCL,1227
6155,GEN,
6156,OBC-NCL,1228
6157,GEN,
6158,GEN,
6159,GEN,
6160,GEN,
6161,GEN-EWS,748
6162,OBC-NCL,1229
6163,GEN,
6164,OBC-NCL,1230
6165,GEN,
6166,GEN,
6167,GEN,
6168,GEN-EWS,749
6169,GEN,
6170,GEN,
6171,GEN-EWS,750
6172,ST,32
6173,GEN,
6174,OBC-NCL,1231
6175,OBC-NCL,1232
6176,GEN,
6177,GEN,
6178,OBC-NCL,1233
6179,GEN,
6180,GEN-EWS,751
6180,GEN-EWS,751
6182,GEN,
6183,GEN,
6184,GEN,
6185,OBC-NCL,1234
6186,GEN,
6187,GEN,
6188,GEN,
6189,GEN,
6190,GEN,
6191,ST,33
6192,GEN,
6193,GEN-EWS,753
6194,GEN-EWS,754
6195,GEN,
6196,GEN,
6197,GEN-EWS,755
6198,GEN,
6199,GEN,
6200,GEN,
6201,GEN,
6202,OBC-NCL,1235
6203,OBC-NCL,1236
6204,OBC-NCL,1237
6205,GEN,
6206,GEN,
6207,GEN,
6208,GEN,
6209,OBC-NCL,1238
6210,GEN,
6211,OBC-NCL,1239
6212,GEN,
6213,GEN-EWS,756
6214,GEN,
6215,GEN,
6216,GEN,
6217,OBC-NCL,1240
6218,GEN,
6219,GEN,
6220,OBC-NCL,1241
6221,OBC-NCL,1242
6222,OBC-NCL,1243
6223,GEN-EWS,757
6224,GEN,
6225,GEN,
6226,GEN,
6227,GEN-EWS,758
6228,GEN,
6229,GEN,
6230,GEN-EWS,759
6231,OBC-NCL,1244
6232,OBC-NCL,1245
6233,ST,34
6234,GEN,
6235,GEN-EWS,760
6236,OBC-NCL,1246
6237,GEN,
6238,GEN,
6239,OBC-NCL,1247
6240,OBC-NCL,1248
6241,OBC-NCL,1249
6242,OBC-NCL,1250
6243,GEN,
6244,GEN,
6245,GEN-EWS,761
6246,OBC-NCL,1251
6247,OBC-NCL,1252
6248,GEN,
6249,GEN,
6250,OBC-NCL,1253
6251,OBC-NCL,1254
6252,GEN,
6253,OBC-NCL,1255
6254,OBC-NCL,1256
6255,OBC-NCL,1257
6256,GEN,
6257,GEN,
6258,GEN,
6259,GEN,
6260,OBC-NCL,1258
6261,GEN,
6262,GEN,
6263,OBC-NCL,1259
6264,SC,143
6265,OBC-NCL,1260
6266,GEN,
6267,GEN-EWS,762
6268,GEN,
6269,GEN,
6270,GEN,
6271,GEN,
6272,OBC-NCL,1261
6273,OBC-NCL,1262
6274,GEN,
6275,GEN-EWS,763
6276,GEN-EWS,764
6277,OBC-NCL,1263
6278,GEN-EWS,765
6279,GEN,
6280,OBC-NCL,1264
6281,GEN,
6282,GEN,
6283,OBC-NCL,1265
6284,GEN,
6285,GEN,
6286,GEN,
6287,OBC-NCL,1266
6288,GEN,
6289,GEN,
6290,GEN-EWS,766
6291,OBC-NCL,1267
6292,OBC-NCL,1268
6293,GEN-EWS,767
6294,OBC-NCL,1269
6295,GEN-EWS,768
6296,OBC-NCL,1270
6297,GEN,
6298,OBC-NCL,1271
6299,OBC-NCL,1272
6300,GEN,
6301,GEN,
6302,OBC-NCL,1273
6303,GEN-EWS,769
6304,GEN-EWS,770
6305,GEN,
6306,GEN,
6307,GEN,
6308,SC,144
6309,GEN,
6310,GEN,
6311,GEN,
6312,GEN-EWS,771
6313,GEN,
6314,GEN,
6315,GEN,
6316,GEN,
6317,OBC-NCL,1274
6318,GEN-EWS,772
6319,GEN,
6320,GEN,
6321,GEN,
6322,GEN-EWS,773
6323,GEN,
6324,GEN,
6325,GEN,
6326,GEN-EWS,774
6327,GEN-EWS,775
6328,GEN,
6329,ST,35
6330,GEN-EWS,776
6331,GEN,
6332,GEN-EWS,777
6333,GEN-EWS,778
6334,GEN,
6335,GEN-EWS,779
6336,GEN,
6337,OBC-NCL,1275
6338,GEN-EWS,780
6339,GEN,
6340,GEN,
6341,GEN-EWS,781
6342,OBC-NCL,1276
6343,GEN,
6344,GEN,
6345,GEN,
6346,GEN,
6347,GEN,
6348,OBC-NCL,1277
6349,GEN,
6350,SC,145
6351,OBC-NCL,1278
6352,GEN,
6353,GEN,
6354,GEN-EWS,782
6355,GEN,
6356,OBC-NCL,1279
6357,OBC-NCL,1280
6358,GEN,
6359,OBC-NCL,1281
6360,OBC-NCL,1282
6361,GEN,
6362,OBC-NCL,1283
6363,GEN,
6364,GEN,
6365,GEN-EWS,783
6366,GEN,
6367,GEN-EWS,784
6368,GEN,
6369,GEN,
6370,OBC-NCL,1284
6371,GEN,
6372,GEN,
6373,OBC-NCL,1285
6374,GEN,
6375,GEN,
6376,GEN,
6377,SC,146
6378,GEN-EWS,785
6379,OBC-NCL,1286
6380,GEN,
6380,GEN,
6382,GEN,
6383,GEN,
6384,GEN,
6385,OBC-NCL,1287
6386,OBC-NCL,1288
6387,GEN,
6388,ST,36
6389,GEN,
6390,GEN,
6391,GEN,
6392,GEN,
6393,OBC-NCL,1289
6394,OBC-NCL,1290
6395,OBC-NCL,1291
6396,OBC-NCL,1292
6397,GEN,
6398,GEN,
6399,GEN,
6400,GEN,
6401,OBC-NCL,1293
6402,GEN,
6403,GEN,
6404,OBC-NCL,1294
6405,GEN,
6406,GEN,
6407,GEN,
6408,GEN,
6409,GEN,
6410,OBC-NCL,1295
6411,GEN,
6412,OBC-NCL,1296
6413,GEN,
6414,OBC-NCL,1297
6415,GEN,
6416,GEN,
6417,GEN,
6418,GEN,
6419,GEN-EWS,786
6420,GEN,
6421,GEN,
6422,GEN,
6423,GEN,
6424,GEN-EWS,787
6425,GEN,
6426,GEN,
6427,SC,147
6428,OBC-NCL,1298
6429,OBC-NCL,1299
6430,GEN-EWS,788
6431,GEN,
6432,GEN-EWS,789
6433,GEN,
6434,GEN,
6435,OBC-NCL,1300
6436,OBC-NCL,1301
6437,GEN,
6438,GEN,
6439,GEN-EWS,790
6440,GEN,
6441,SC,148
6442,OBC-NCL,1302
6443,OBC-NCL,1303
6444,GEN,
6445,OBC-NCL,1304
6446,GEN,
6447,GEN,
6448,GEN-EWS,791
6449,GEN,
6450,GEN,
6451,OBC-NCL,1305
6452,GEN-EWS,792
6453,GEN,
6454,GEN-EWS,793
6455,GEN,
6456,GEN-EWS,794
6457,GEN,
6458,GEN,
6459,OBC-NCL,1306
6460,OBC-NCL,1307
6461,GEN,
6462,GEN,
6463,OBC-NCL,1308
6464,GEN,
6465,GEN,
6466,GEN,
6467,GEN-EWS,795
6468,GEN,
6469,GEN-EWS,796
6470,GEN,
6471,GEN,
6472,OBC-NCL,1309
6473,GEN,
6474,SC,149
6475,GEN,
6476,GEN,
6477,GEN,
6478,GEN,
6479,GEN,
6480,GEN,
6481,OBC-NCL,1310
6482,GEN,
6483,GEN,
6484,GEN-EWS,797
6485,GEN,
6486,GEN,
6487,GEN,
6488,GEN,
6489,GEN,
6490,GEN,
6491,GEN,
6492,GEN-EWS,798
6493,OBC-NCL,1311
6494,GEN-EWS,799
6495,GEN,
6496,GEN-EWS,800
6497,GEN,
6498,GEN-EWS,801
6499,GEN,
6500,GEN,
6501,OBC-NCL,1312
6502,GEN,
6502,GEN-EWS,802
6504,GEN,
6505,GEN,
6506,OBC-NCL,1313
6507,GEN-EWS,803
6508,OBC-NCL,1314
6509,GEN-EWS,804
6510,OBC-NCL,1315
6511,GEN,
6512,GEN,
6513,GEN,
6514,OBC-NCL,1316
6515,GEN,
6516,OBC-NCL,1317
6517,GEN,
6518,GEN,
6519,GEN-EWS,805
6520,GEN,
6521,GEN,
6522,OBC-NCL,1318
6523,GEN,
6524,GEN-EWS,806
6525,GEN-EWS,807
6526,OBC-NCL,1319
6527,GEN,
6528,GEN-EWS,808
6529,OBC-NCL,1320
6530,GEN,
6531,GEN,
6532,GEN-EWS,809
6533,GEN,
6534,GEN,
6535,GEN,
6536,GEN,
6537,OBC-NCL,1321
6538,OBC-NCL,1322
6539,GEN,
6540,ST,37
6541,GEN-EWS,810
6542,GEN-EWS,811
6543,GEN,
6544,GEN,
6545,GEN,
6546,GEN,
6547,GEN,
6548,GEN,
6549,GEN-EWS,812
6550,OBC-NCL,1323
6551,GEN,
6552,OBC-NCL,1324
6553,GEN,
6554,SC,150
6555,ST,38
6556,GEN,
6557,GEN,
6558,GEN,
6559,GEN-EWS,813
6560,GEN,
6561,OBC-NCL,1325
6562,GEN,
6563,GEN-EWS,814
6564,GEN-EWS,815
6565,GEN,
6566,OBC-NCL,1326
6567,GEN,
6568,GEN,
6569,GEN,
6570,GEN,
6571,OBC-NCL,1327
6572,GEN,
6573,GEN,
6574,OBC-NCL,1328
6575,GEN,
6576,GEN-EWS,816
6577,GEN,
6578,GEN,
6579,OBC-NCL,1329
6580,GEN,
6581,GEN,
6582,GEN,
6583,GEN,
6584,ST,39
6585,GEN,
6586,GEN,
6587,GEN-EWS,817
6588,OBC-NCL,1330
6589,GEN,
6590,GEN,
6591,OBC-NCL,1331
6592,OBC-NCL,1332
6593,OBC-NCL,1333
6594,GEN,
6595,OBC-NCL,1334
6596,OBC-NCL,1335
6597,GEN-EWS,818
6598,GEN-EWS,819
6599,GEN,
6600,GEN,
6601,GEN-EWS,820
6602,GEN-EWS,821
6603,GEN,
6604,GEN-EWS,822
6605,OBC-NCL,1336
6606,GEN,
6607,GEN-EWS,823
6608,GEN,
6609,GEN,
6610,GEN-EWS,824
6611,GEN-EWS,825
6612,GEN-EWS,826
6613,GEN,
6614,GEN,
6615,GEN,
6616,OBC-NCL,1337
6617,GEN-EWS,827
6618,SC,151
6619,OBC-NCL,1338
6620,GEN,
6621,GEN,
6622,OBC-NCL,1339
6623,GEN,
6624,GEN,
6625,GEN,
6626,GEN-EWS,828
6627,GEN,
6628,GEN,
6629,GEN,
6630,OBC-NCL,1340
6631,GEN,
6632,GEN-EWS,829
6633,GEN,
6634,SC,152
6635,GEN,
6636,OBC-NCL,1341
6637,GEN,
6638,GEN,
6639,OBC-NCL,1342
6640,GEN,
6641,OBC-NCL,1343
6642,GEN,
6643,GEN,
6644,GEN,
6645,GEN,
6646,OBC-NCL,1344
6647,GEN,
6648,GEN,
6649,GEN-EWS,830
6650,GEN,
6651,SC,153
6652,GEN,
6653,OBC-NCL,1345
6654,GEN,
6655,GEN,
6656,GEN-EWS,831
6657,GEN,
6658,GEN,
6659,OBC-NCL,1346
6660,SC,154
6661,GEN,
6662,GEN,
6663,GEN-EWS,832
6664,GEN,
6665,OBC-NCL,1347
6666,OBC-NCL,1348
6667,GEN,
6668,GEN,
6669,GEN,
6670,GEN,
6671,GEN,
6672,GEN,
6673,GEN-EWS,833
6674,GEN,
6675,GEN,
6676,GEN,
6677,OBC-NCL,1349
6678,OBC-NCL,1350
6679,GEN,
6680,GEN,
6681,GEN,
6682,GEN,
6683,GEN,
6684,GEN,
6685,OBC-NCL,1351
6686,GEN,
6687,OBC-NCL,1352
6688,GEN,
6689,GEN,
6690,GEN,
6691,GEN-EWS,834
6692,GEN,
6693,SC,155
6694,ST,40
6695,OBC-NCL,1353
6696,GEN,
6697,OBC-NCL,1354
6698,OBC-NCL,1355
6699,OBC-NCL,1356
6700,GEN-EWS,835
6701,OBC-NCL,1357
6702,GEN,
6703,GEN,
6704,OBC-NCL,1358
6705,OBC-NCL,1359
6706,OBC-NCL,1360
6707,OBC-NCL,1361
6708,GEN,
6709,OBC-NCL,1362
6710,GEN,
6711,GEN,
6712,GEN,
6713,GEN,
6714,GEN-EWS,836
6715,GEN,
6716,GEN,
6717,GEN,
6718,GEN,
6719,GEN,
6720,GEN,
6721,GEN,
6722,GEN,
6723,GEN,
6724,GEN,
6725,OBC-NCL,1363
6726,GEN,
6727,OBC-NCL,1364
6728,GEN,
6729,OBC-NCL,1365
6730,GEN,
6731,GEN,
6732,GEN,
6733,ST,41
6734,GEN,
6735,GEN,
6736,GEN,
6737,GEN-EWS,837
6738,GEN,
6739,OBC-NCL,1366
6740,GEN,
6741,GEN-EWS,838
6742,GEN-EWS,839
6743,GEN-EWS,840
6744,GEN,
6745,GEN,
6746,SC,156
6747,GEN,
6748,GEN,
6749,GEN-EWS,841
6750,GEN,
6751,GEN,
6751,GEN,
6753,GEN,
6754,GEN,
6755,GEN,
6756,OBC-NCL,1367
6757,SC,157
6758,OBC-NCL,1368
6759,GEN,
6760,GEN,
6761,GEN-EWS,842
6762,SC,158
6763,GEN,
6764,OBC-NCL,1369
6765,OBC-NCL,1370
6766,GEN,
6767,GEN,
6768,OBC-NCL,1371
6769,GEN,
6770,GEN,
6771,GEN,
6772,SC,159
6773,OBC-NCL,1372
6774,GEN-EWS,843
6775,GEN,
6776,GEN,
6777,GEN,
6778,GEN,
6779,GEN,
6780,OBC-NCL,1373
6781,GEN,
6782,GEN,
6783,GEN,
6784,OBC-NCL,1374
6785,GEN,
6786,OBC-NCL,1375
6787,GEN-EWS,844
6788,GEN-EWS,845
6789,GEN,
6790,GEN,
6791,OBC-NCL,1376
6792,OBC-NCL,1377
6793,GEN,
6794,GEN,
6795,GEN,
6796,GEN,
6797,GEN,
6798,OBC-NCL,1378
6799,GEN,
6800,OBC-NCL,1379
6801,OBC-NCL,1380
6802,GEN-EWS,846
6803,GEN,
6804,OBC-NCL,1381
6805,OBC-NCL,1382
6806,GEN,
6807,OBC-NCL,1383
6808,GEN,
6809,GEN-EWS,847
6810,GEN-EWS,848
6811,GEN,
6812,GEN,
6813,OBC-NCL,1384
6814,GEN,
6815,GEN,
6816,GEN,
6817,GEN,
6818,SC,160
6819,GEN-EWS,849
6820,GEN-EWS,850
6821,GEN,
6822,GEN,
6823,GEN,
6824,GEN,
6825,GEN,
6826,GEN,
6827,OBC-NCL,1385
6828,GEN-EWS,851
6829,GEN,
6830,GEN-EWS,852
6831,GEN,
6832,GEN,
6833,GEN,
6834,OBC-NCL,1386
6835,GEN,
6836,GEN-EWS,853
6837,OBC-NCL,1387
6838,GEN,
6839,GEN-EWS,854
6840,GEN,
6841,GEN-EWS,855
6842,OBC-NCL,1388
6843,GEN-EWS,856
6844,GEN,
6845,GEN,
6846,GEN,
6847,OBC-NCL,1389
6848,GEN,
6849,GEN,
6850,OBC-NCL,1390
6851,OBC-NCL,1391
6852,OBC-NCL,1392
6853,GEN,
6854,GEN,
6855,GEN,
6856,OBC-NCL,1393
6857,OBC-NCL,1394
6858,GEN,
6859,GEN-EWS,857
6860,OBC-NCL,1395
6861,GEN,
6862,GEN,
6863,GEN-EWS,858
6864,SC,161
6865,GEN-EWS,859
6866,OBC-NCL,1396
6867,GEN,
6868,GEN,
6869,OBC-NCL,1397
6870,GEN,
6871,GEN-EWS,860
6872,GEN,
6873,GEN,
6874,GEN,
6875,OBC-NCL,1398
6876,OBC-NCL,1399
6877,GEN,
6878,GEN,
6879,OBC-NCL,1400
6880,OBC-NCL,1401
6881,OBC-NCL,1402
6882,GEN,
6883,OBC-NCL,1403
6884,GEN,
6885,GEN,
6886,GEN-EWS,861
6887,GEN,
6888,GEN,
6889,GEN-EWS,862
6890,GEN-EWS,863
6891,OBC-NCL,1404
6892,GEN,
6893,OBC-NCL,1405
6894,OBC-NCL,1406
6895,SC,162
6896,GEN-EWS,864
6897,OBC-NCL,1407
6898,GEN,
6899,OBC-NCL,1408
6900,GEN,
6901,GEN,
6902,GEN-EWS,865
6903,GEN,
6904,OBC-NCL,1409
6905,OBC-NCL,1410
6906,GEN-EWS,866
6907,GEN,
6908,GEN-EWS,867
6909,GEN,
6910,GEN,
6911,GEN,
6912,GEN-EWS,868
6913,OBC-NCL,1411
6914,OBC-NCL,1412
6915,GEN,
6916,GEN,
6917,GEN,
6918,GEN,
6919,GEN,
6920,GEN,
6921,GEN,
6922,GEN,
6923,OBC-NCL,1413
6924,GEN,
6925,GEN,
6926,GEN-EWS,869
6927,GEN,
6928,OBC-NCL,1414
6929,GEN-EWS,870
6930,GEN,
6931,GEN,
6932,GEN-EWS,871
6933,SC,163
6934,OBC-NCL,1415
6935,GEN,
6936,GEN,
6937,OBC-NCL,1416
6938,GEN,
6939,GEN-EWS,872
6940,OBC-NCL,1417
6941,GEN-EWS,873
6942,OBC-NCL,1418
6943,GEN,
6944,OBC-NCL,1419
6945,GEN,
6946,GEN,
6947,GEN,
6948,OBC-NCL,1420
6949,GEN-EWS,874
6950,OBC-NCL,1421
6951,GEN,
6952,OBC-NCL,1422
6953,GEN,
6954,GEN,
6955,GEN,
6956,OBC-NCL,1423
6957,OBC-NCL,1424
6958,OBC-NCL,1425
6959,OBC-NCL,1426
6960,GEN,
6961,GEN,
6962,GEN,
6963,GEN-EWS,875
6964,OBC-NCL,1427
6965,GEN,
6966,GEN,
6967,OBC-NCL,1428
6968,GEN,
6969,OBC-NCL,1429
6970,GEN,
6971,OBC-NCL,1430
6972,GEN-EWS,876
6973,GEN,
6974,GEN,
6975,GEN-EWS,877
6976,GEN,
6977,OBC-NCL,1431
6978,GEN,
6979,GEN-EWS,878
6980,GEN-EWS,879
6981,GEN,
6982,GEN,
6983,OBC-NCL,1432
6984,OBC-NCL,1433
6985,OBC-NCL,1434
6986,OBC-NCL,1435
6987,GEN-EWS,880
6988,GEN-EWS,881
6989,GEN,
6990,OBC-NCL,1436
6991,GEN,
6992,GEN-EWS,882
6993,GEN-EWS,883
6994,GEN,
6995,GEN,
6996,OBC-NCL,1437
6997,GEN-EWS,884
6998,OBC-NCL,1438
6999,GEN,
7000,GEN,
7001,GEN,
7002,GEN,
7003,GEN-EWS,885
7004,OBC-NCL,1439
7005,GEN-EWS,886
7006,GEN,
7007,GEN,
7008,OBC-NCL,1440
7009,GEN,
7010,OBC-NCL,1441
7011,GEN,
7012,GEN,
7013,OBC-NCL,1442
7014,GEN,
7015,GEN,
7016,GEN,
7017,GEN,
7018,GEN,
7019,GEN,
7020,OBC-NCL,1443
7021,GEN,
7022,OBC-NCL,1444
7023,GEN,
7024,OBC-NCL,1445
7025,GEN-EWS,887
7026,OBC-NCL,1446
7027,GEN,
7028,GEN,
7029,GEN,
7030,GEN,
7031,OBC-NCL,1447
7032,GEN-EWS,888
7033,OBC-NCL,1448
7034,GEN,
7035,OBC-NCL,1449
7036,OBC-NCL,1450
7037,GEN,
7038,OBC-NCL,1451
7039,GEN,
7040,GEN,
7041,OBC-NCL,1452
7042,OBC-NCL,1453
7043,GEN,
7044,GEN-EWS,889
7045,GEN,
7046,GEN,
7047,OBC-NCL,1454
7048,GEN,
7049,OBC-NCL,1455
7050,GEN-EWS,890
7051,GEN,
7052,GEN,
7053,GEN,
7054,GEN-EWS,891
7055,OBC-NCL,1456
7056,OBC-NCL,1457
7057,OBC-NCL,1458
7058,GEN,
7059,GEN-EWS,892
7060,OBC-NCL,1459
7061,OBC-NCL,1460
7062,GEN,
7063,GEN,
7064,GEN-EWS,893
7065,GEN-EWS,894
7066,GEN,
7067,GEN,
7068,OBC-NCL,1461
7069,GEN,
7070,GEN,
7071,GEN-EWS,895
7072,GEN-EWS,896
7073,GEN,
7074,GEN,
7075,GEN,
7076,OBC-NCL,1462
7077,GEN,
7078,OBC-NCL,1463
7079,GEN,
7080,GEN,
7081,GEN,
7082,SC,164
7083,GEN,
7084,GEN,
7085,OBC-NCL,1464
7086,GEN,
7087,OBC-NCL,1465
7088,GEN,
7089,ST,42
7090,GEN,
7091,GEN,
7092,GEN-EWS,897
7093,GEN,
7094,OBC-NCL,1466
7095,GEN,
7096,OBC-NCL,1467
7097,SC,165
7098,GEN,
7099,GEN,
7100,GEN,
7101,GEN,
7102,OBC-NCL,1468
7103,GEN,
7104,GEN,
7105,GEN,
7106,GEN-EWS,898
7107,GEN,
7108,OBC-NCL,1469
7109,GEN,
7110,OBC-NCL,1470
7111,GEN-EWS,899
7112,GEN-EWS,900
7113,GEN,
7114,GEN-EWS,901
7115,GEN,
7116,OBC-NCL,1471
7117,GEN,
7118,GEN,
7119,OBC-NCL,1472
7120,GEN,
7121,GEN,
7122,GEN,
7123,GEN,
7124,GEN,
7125,SC,166
7126,GEN,
7127,OBC-NCL,1473
7128,OBC-NCL,1474
7129,OBC-NCL,1475
7130,GEN,
7131,OBC-NCL,1476
7132,GEN,
7133,OBC-NCL,1477
7134,OBC-NCL,1478
7135,GEN,
7136,GEN,
7137,OBC-NCL,1479
7138,OBC-NCL,1480
7139,GEN,
7140,GEN,
7141,GEN,
7142,GEN-EWS,902
7143,OBC-NCL,1481
7144,OBC-NCL,1482
7145,GEN-EWS,903
7146,OBC-NCL,1483
7147,GEN-EWS,904
7148,GEN-EWS,905
7149,GEN,
7150,GEN-EWS,906
7151,GEN,
7152,GEN-EWS,907
7153,SC,167
7154,GEN,
7155,GEN,
7156,GEN-EWS,908
7157,GEN-EWS,909
7158,GEN,
7159,GEN,
7160,GEN,
7161,OBC-NCL,1484
7162,GEN,
7163,GEN,
7164,GEN,
7165,GEN,
7166,GEN,
7167,GEN,
7168,OBC-NCL,1485
7169,GEN,
7170,OBC-NCL,1486
7171,OBC-NCL,1487
7172,OBC-NCL,1488
7173,OBC-NCL,1489
7174,OBC-NCL,1490
7175,GEN,
7176,GEN,
7177,GEN,
7178,GEN-EWS,910
7179,GEN,
7180,GEN,
7181,GEN,
7182,GEN,
7183,GEN,
7184,OBC-NCL,1491
7185,GEN,
7186,OBC-NCL,1492
7187,OBC-NCL,1493
7188,GEN,
7189,GEN,
7190,OBC-NCL,1494
7191,GEN-EWS,911
7192,OBC-NCL,1495
7193,GEN,
7194,OBC-NCL,1496
7195,GEN-EWS,912
7196,OBC-NCL,1497
7197,SC,168
7198,GEN,
7199,GEN,
7200,GEN,
7201,OBC-NCL,1498
7202,GEN,
7203,OBC-NCL,1499
7204,OBC-NCL,1500
7205,OBC-NCL,1501
7206,GEN,
7207,OBC-NCL,1502
7208,GEN,
7209,GEN,
7210,GEN,
7211,GEN,
7212,GEN,
7213,GEN,
7214,GEN,
7215,OBC-NCL,1503
7216,GEN,
7217,GEN,
7218,GEN,
7219,SC,169
7220,GEN,
7221,GEN,
7222,GEN,
7223,GEN,
7224,GEN,
7225,GEN,
7226,OBC-NCL,1504
7227,GEN,
7228,GEN,
7229,GEN,
7230,GEN-EWS,913
7231,SC,170
7232,GEN,
7233,GEN,
7234,GEN,
7235,OBC-NCL,1505
7236,GEN,
7237,OBC-NCL,1506
7238,GEN-EWS,914
7239,GEN,
7240,OBC-NCL,1507
7241,GEN,
7242,OBC-NCL,1508
7243,OBC-NCL,1509
7244,OBC-NCL,1510
7245,GEN,
7246,GEN,
7247,OBC-NCL,1511
7248,GEN,
7249,GEN,
7250,GEN,
7251,SC,171
7252,GEN,
7253,GEN,
7254,GEN,
7255,OBC-NCL,1512
7256,GEN,
7257,GEN,
7258,SC,172
7259,OBC-NCL,1513
7260,GEN,
7261,GEN,
7262,OBC-NCL,1514
7263,GEN,
7264,GEN,
7265,OBC-NCL,1515
7266,GEN,
7267,GEN,
7268,GEN-EWS,915
7269,GEN,
7270,GEN,
7271,GEN,
7272,OBC-NCL,1516
7273,GEN,
7274,GEN,
7275,OBC-NCL,1517
7276,OBC-NCL,1518
7277,GEN-EWS,916
7278,GEN,
7279,SC,173
7280,GEN,
7281,GEN,
7282,GEN,
7283,GEN,
7284,OBC-NCL,1519
7285,GEN,
7286,GEN,
7287,OBC-NCL,1520
7288,GEN,
7289,GEN,
7290,GEN-EWS,917
7291,GEN,
7291,GEN,
7293,GEN,
7294,GEN-EWS,918
7295,GEN-EWS,919
7296,GEN,
7297,OBC-NCL,1521
7298,GEN,
7299,GEN,
7300,GEN,
7301,OBC-NCL,1522
7302,GEN,
7303,GEN,
7304,GEN,
7305,OBC-NCL,1523
7306,GEN-EWS,920
7307,GEN,
7308,GEN-EWS,921
7309,GEN,
7310,OBC-NCL,1524
7311,GEN,
7312,SC,174
7313,OBC-NCL,1525
7314,GEN-EWS,922
7315,GEN-EWS,923
7316,GEN,
7317,GEN,
7318,OBC-NCL,1526
7319,OBC-NCL,1527
7320,GEN-EWS,924
7321,GEN,
7322,OBC-NCL,1528
7323,GEN,
7324,GEN,
7325,OBC-NCL,1529
7326,GEN,
7327,GEN-EWS,925
7328,GEN,
7329,GEN,
7330,GEN,
7331,GEN,
7332,GEN,
7333,GEN-EWS,926
7334,OBC-NCL,1530
7335,GEN,
7336,GEN-EWS,927
7337,SC,175
7338,OBC-NCL,1531
7339,GEN,
7340,OBC-NCL,1532
7341,GEN,
7342,OBC-NCL,1533
7343,OBC-NCL,1534
7344,GEN,
7345,GEN,
7346,GEN,
7347,OBC-NCL,1535
7348,GEN,
7349,OBC-NCL,1536
7350,GEN,
7351,OBC-NCL,1537
7352,OBC-NCL,1538
7353,GEN,
7354,GEN,
7355,OBC-NCL,1539
7356,GEN-EWS,928
7357,OBC-NCL,1540
7358,OBC-NCL,1541
7359,GEN,
7360,GEN,
7361,GEN,
7362,GEN,
7363,GEN,
7364,GEN,
7365,GEN-EWS,929
7366,GEN-EWS,930
7367,OBC-NCL,1542
7368,GEN-EWS,931
7369,SC,176
7370,GEN,
7371,GEN-EWS,932
7372,GEN,
7373,GEN,
7374,GEN,
7375,GEN,
7376,SC,177
7377,GEN,
7378,GEN,
7379,GEN-EWS,933
7380,ST,43
7381,OBC-NCL,1543
7382,GEN-EWS,934
7383,GEN,
7384,GEN,
7385,GEN,
7386,OBC-NCL,1544
7387,GEN-EWS,935
7388,OBC-NCL,1545
7389,GEN,
7390,GEN,
7391,GEN,
7392,GEN,
7393,GEN,
7394,GEN-EWS,936
7395,GEN,
7396,GEN-EWS,937
7397,GEN,
7398,GEN,
7399,OBC-NCL,1546
7400,GEN-EWS,938
7401,OBC-NCL,1547
7402,GEN,
7403,GEN,
7404,SC,178
7405,GEN-EWS,939
7406,OBC-NCL,1548
7407,OBC-NCL,1549
7408,OBC-NCL,1550
7409,GEN,
7410,GEN-EWS,940
7411,OBC-NCL,1551
7412,OBC-NCL,1552
7413,GEN,
7414,GEN,
7415,GEN,
7416,GEN,
7417,GEN-EWS,941
7418,GEN-EWS,942
7419,GEN,
7420,GEN,
7421,OBC-NCL,1553
7422,GEN,
7423,GEN-EWS,943
7424,GEN,
7425,GEN,
7426,GEN,
7427,GEN,
7428,GEN,
7429,OBC-NCL,1554
7430,OBC-NCL,1555
7431,GEN-EWS,944
7432,GEN,
7433,GEN-EWS,945
7434,GEN,
7435,GEN,
7436,OBC-NCL,1556
7437,OBC-NCL,1557
7438,OBC-NCL,1558
7439,GEN,
7440,GEN,
7441,GEN-EWS,946
7442,GEN,
7443,OBC-NCL,1559
7444,GEN,
7445,GEN,
7446,GEN,
7447,OBC-NCL,1560
7448,OBC-NCL,1561
7449,GEN,
7450,GEN,
7451,OBC-NCL,1562
7452,OBC-NCL,1563
7453,OBC-NCL,1564
7454,GEN,
7454,GEN-EWS,947
7456,GEN,
7457,GEN,
7458,GEN,
7459,GEN-EWS,948
7460,GEN,
7461,GEN-EWS,949
7462,GEN,
7463,GEN-EWS,950
7464,GEN,
7465,GEN,
7466,OBC-NCL,1565
7467,GEN,
7468,GEN,
7469,GEN,
7470,OBC-NCL,1566
7471,GEN,
7472,OBC-NCL,1567
7473,OBC-NCL,1568
7474,GEN,
7475,OBC-NCL,1569
7476,GEN,
7477,GEN,
7478,GEN,
7479,GEN,
7480,GEN,
7481,OBC-NCL,1570
7482,GEN-EWS,951
7483,SC,179
7484,OBC-NCL,1571
7485,GEN,
7486,GEN,
7487,GEN-EWS,952
7488,OBC-NCL,1572
7489,GEN,
7490,OBC-NCL,1573
7491,GEN,
7492,GEN,
7493,GEN,
7494,GEN,
7495,SC,180
7496,GEN,
7497,GEN,
7498,OBC-NCL,1574
7499,GEN,
7500,GEN,
7501,GEN,
7502,GEN,
7503,GEN,
7504,GEN,
7505,OBC-NCL,1575
7506,SC,181
7507,OBC-NCL,1576
7508,GEN,
7509,GEN,
7510,GEN,
7511,OBC-NCL,1577
7512,GEN,
7513,OBC-NCL,1578
7514,GEN-EWS,953
7515,GEN,
7516,GEN,
7517,GEN,
7518,OBC-NCL,1579
7519,OBC-NCL,1580
7520,GEN,
7521,GEN,
7522,GEN,
7523,GEN,
7524,GEN-EWS,954
7525,OBC-NCL,1581
7526,OBC-NCL,1582
7527,OBC-NCL,1583
7528,OBC-NCL,1584
7529,GEN-EWS,955
7530,OBC-NCL,1585
7531,OBC-NCL,1586
7532,OBC-NCL,1587
7533,GEN-EWS,956
7534,GEN,
7535,SC,182
7536,GEN,
7537,GEN,
7538,GEN,
7539,OBC-NCL,1588
7540,GEN,
7541,GEN,
7542,GEN,
7543,GEN,
7544,GEN-EWS,957
7545,OBC-NCL,1589
7546,GEN-EWS,958
7547,GEN,
7548,GEN-EWS,959
7549,OBC-NCL,1590
7550,OBC-NCL,1591
7551,GEN,
7552,SC,183
7553,GEN,
7554,OBC-NCL,1592
7555,OBC-NCL,1593
7556,OBC-NCL,1594
7557,OBC-NCL,1595
7558,OBC-NCL,1596
7559,OBC-NCL,1597
7560,GEN,
7561,OBC-NCL,1598
7562,GEN,
7563,GEN,
7564,GEN,
7565,GEN,
7566,OBC-NCL,1599
7567,OBC-NCL,1600
7568,OBC-NCL,1601
7569,GEN-EWS,960
7570,GEN,
7571,GEN-EWS,961
7572,GEN,
7573,GEN,
7574,SC,184
7575,GEN,
7576,GEN,
7577,GEN,
7578,GEN,
7579,GEN,
7580,GEN,
7581,OBC-NCL,1602
7582,OBC-NCL,1603
7583,OBC-NCL,1604
7584,GEN-EWS,962
7585,GEN,
7586,OBC-NCL,1605
7587,GEN,
7588,GEN-EWS,963
7589,GEN,
7590,GEN,
7591,GEN,
7592,GEN,
7593,GEN,
7594,GEN,
7595,OBC-NCL,1606
7596,GEN-EWS,964
7597,GEN-EWS,965
7598,GEN,
7599,OBC-NCL,1607
7600,GEN-EWS,966
7601,GEN,
7602,GEN-EWS,967
7603,GEN,
7604,GEN,
7605,GEN,
7606,GEN,
7607,GEN,
7608,GEN,
7609,SC,185
7610,GEN,
7611,GEN,
7612,GEN,
7613,GEN-EWS,968
7614,GEN,
7615,GEN-EWS,969
7616,OBC-NCL,1608
7617,GEN,
7618,GEN,
7619,GEN,
7620,GEN-EWS,970
7621,GEN,
7622,GEN,
7623,GEN-EWS,971
7624,GEN,
7625,OBC-NCL,1609
7626,GEN-EWS,972
7627,GEN,
7628,GEN-EWS,973
7629,GEN,
7630,GEN,
7631,GEN,
7632,GEN,
7633,OBC-NCL,1610
7634,GEN,
7635,GEN,
7636,GEN-EWS,974
7637,GEN,
7638,GEN-EWS,975
7639,GEN-EWS,976
7640,GEN,
7641,OBC-NCL,1611
7642,GEN,
7643,GEN,
7644,OBC-NCL,1612
7645,ST,44
7646,GEN-EWS,977
7647,OBC-NCL,1613
7648,GEN,
7649,GEN,
7650,GEN,
7651,OBC-NCL,1614
7652,GEN,
7653,OBC-NCL,1615
7654,GEN-EWS,978
7655,GEN,
7656,GEN-EWS,979
7657,GEN-EWS,980
7658,OBC-NCL,1616
7659,GEN,
7660,GEN,
7661,GEN,
7662,OBC-NCL,1617
7663,OBC-NCL,1618
7664,GEN,
7665,OBC-NCL,1619
7666,GEN,
7667,SC,186
7668,GEN,
7669,GEN,
7670,GEN,
7671,GEN,
7672,GEN,
7673,OBC-NCL,1620
7674,GEN,
7675,GEN,
7675,GEN,
7677,GEN,
7678,GEN,
7679,GEN,
7680,GEN,
7681,GEN,
7682,OBC-NCL,1621
7683,GEN,
7684,GEN,
7685,OBC-NCL,1622
7686,OBC-NCL,1623
7687,GEN,
7688,GEN-EWS,981
7689,OBC-NCL,1624
7690,GEN,
7691,ST,45
7692,OBC-NCL,1625
7693,GEN,
7694,GEN,
7695,GEN-EWS,982
7696,GEN,
7697,GEN-EWS,983
7698,GEN,
7699,OBC-NCL,1626
7700,GEN,
7701,GEN,
7702,GEN,
7703,GEN,
7704,GEN,
7705,GEN,
7706,ST,46
7707,GEN,
7708,GEN,
7709,GEN-EWS,984
7710,GEN,
7711,OBC-NCL,1627
7712,GEN,
7713,GEN,
7714,GEN-EWS,985
7715,GEN,
7716,ST,47
7717,GEN,
7718,GEN,
7719,OBC-NCL,1628
7720,OBC-NCL,1629
7721,GEN,
7722,GEN-EWS,986
7723,OBC-NCL,1630
7724,GEN,
7725,GEN,
7726,OBC-NCL,1631
7727,GEN-EWS,987
7728,SC,187
7729,GEN,
7730,GEN,
7731,GEN,
7732,GEN,
7733,GEN-EWS,988
7734,GEN,
7735,GEN,
7736,OBC-NCL,1632
7737,GEN,
7738,GEN,
7739,GEN,
7740,OBC-NCL,1633
7741,GEN,
7742,OBC-NCL,1634
7743,GEN,
7744,GEN-EWS,989
7745,GEN,
7746,GEN,
7747,OBC-NCL,1635
7748,GEN,
7749,GEN,
7750,GEN-EWS,990
7751,GEN,
7752,GEN,
7753,GEN,
7754,GEN,
7755,SC,188
7756,OBC-NCL,1636
7757,SC,189
7758,OBC-NCL,1637
7759,GEN,
7760,OBC-NCL,1638
7761,GEN-EWS,991
7762,GEN,
7763,GEN,
7764,OBC-NCL,1639
7765,GEN-EWS,992
7766,GEN,
7767,GEN-EWS,993
7768,GEN,
7769,GEN-EWS,994
7770,GEN,
7771,OBC-NCL,1640
7772,SC,190
7773,OBC-NCL,1641
7774,GEN-EWS,995
7775,GEN-EWS,996
7776,GEN,
7777,SC,191
7778,GEN-EWS,997
7779,OBC-NCL,1642
7780,GEN,
7781,OBC-NCL,1643
7782,OBC-NCL,1644
7783,GEN,
7784,OBC-NCL,1645
7785,GEN,
7786,GEN,
7787,GEN,
7788,GEN-EWS,998
7789,GEN-EWS,999
7790,GEN,
7791,OBC-NCL,1646
7792,SC,192
7793,GEN,
7794,GEN,
7795,OBC-NCL,1647
7796,GEN,
7797,GEN,
7798,GEN,
7799,OBC-NCL,1648
7800,OBC-NCL,1649
7801,GEN,
7802,GEN,
7803,GEN,
7803,GEN,
7805,OBC-NCL,1650
7806,OBC-NCL,1651
7807,GEN,
7808,GEN,
7809,GEN-EWS,1000
7810,GEN,
7811,GEN,
7812,GEN,
7813,OBC-NCL,1652
7814,OBC-NCL,1653
7815,GEN,
7816,GEN,
7817,OBC-NCL,1654
7818,OBC-NCL,1655
7819,GEN,
7820,GEN,
7821,GEN-EWS,1001
7822,GEN,
7823,GEN,
7824,OBC-NCL,1656
7825,GEN,
7826,GEN-EWS,1002
7827,GEN,
7828,GEN,
7829,GEN,
7830,GEN,
7831,OBC-NCL,1657
7832,OBC-NCL,1658
7833,GEN,
7834,OBC-NCL,1659
7835,GEN,
7836,GEN,
7837,GEN-EWS,1003
7838,GEN,
7839,GEN,
7840,GEN,
7841,GEN,
7842,GEN,
7843,GEN,
7844,GEN,
7845,SC,193
7846,GEN,
7847,GEN,
7848,GEN,
7849,GEN,
7850,GEN,
7851,GEN,
7852,OBC-NCL,1660
7853,GEN,
7854,GEN,
7855,GEN,
7856,GEN,
7857,OBC-NCL,1661
7858,GEN,
7859,GEN,
7860,GEN-EWS,1004
7861,OBC-NCL,1662
7862,GEN-EWS,1005
7863,GEN,
7864,OBC-NCL,1663
7865,OBC-NCL,1664
7866,GEN,
7867,GEN,
7868,OBC-NCL,1665
7869,GEN,
7870,GEN,
7871,GEN,
7872,OBC-NCL,1666
7873,GEN,
7874,GEN,
7875,GEN,
7876,GEN,
7877,GEN,
7878,GEN,
7879,OBC-NCL,1667
7880,GEN,
7881,GEN,
7882,GEN-EWS,1006
7883,OBC-NCL,1668
7884,OBC-NCL,1669
7885,SC,194
7886,GEN,
7887,GEN,
7888,GEN,
7889,OBC-NCL,1670
7890,ST,48
7891,GEN,
7892,GEN,
7893,GEN,
7894,GEN,
7895,OBC-NCL,1671
7896,GEN,
7897,OBC-NCL,1672
7898,GEN,
7899,GEN,
7900,GEN,
7901,GEN,
7902,OBC-NCL,1673
7903,GEN,
7904,GEN,
7905,OBC-NCL,1674
7906,GEN,
7907,OBC-NCL,1675
7908,GEN,
7909,GEN,
7910,GEN,
7911,GEN,
7912,GEN,
7913,OBC-NCL,1676
7914,GEN,
7915,GEN,
7916,GEN,
7917,GEN,
7918,OBC-NCL,1677
7919,GEN,
7920,OBC-NCL,1678
7921,OBC-NCL,1679
7922,GEN-EWS,1007
7923,OBC-NCL,1680
7924,GEN,
7925,GEN,
7926,OBC-NCL,1681
7927,GEN,
7928,GEN,
7929,GEN,
7930,OBC-NCL,1682
7931,GEN,
7932,OBC-NCL,1683
7933,SC,195
7934,GEN,
7935,GEN,
7936,GEN,
7937,GEN,
7938,OBC-NCL,1684
7939,GEN,
7940,OBC-NCL,1685
7941,GEN,
7942,GEN-EWS,1008
7943,GEN-EWS,1009
7944,GEN,
7945,GEN,
7946,GEN,
7947,GEN-EWS,1010
7948,GEN,
7949,OBC-NCL,1686
7950,OBC-NCL,1687
7951,GEN,
7952,GEN,
7953,GEN,
7954,GEN,
7955,GEN,
7956,GEN,
7957,OBC-NCL,1688
7958,GEN,
7959,GEN,
7960,GEN,
7961,GEN,
7962,OBC-NCL,1689
7963,GEN,
7964,GEN-EWS,1011
7965,GEN,
7966,GEN,
7967,GEN,
7968,GEN,
7969,GEN,
7970,GEN,
7971,GEN-EWS,1012
7972,GEN,
7973,SC,196
7974,GEN,
7975,GEN,
7976,GEN,
7977,GEN,
7978,OBC-NCL,1690
7979,GEN,
7980,GEN-EWS,1013
7981,GEN-EWS,1014
7982,GEN,
7983,GEN,
7984,GEN,
7985,GEN,
7986,OBC-NCL,1691
7987,GEN,
7988,GEN,
7989,OBC-NCL,1692
7990,GEN,
7991,OBC-NCL,1693
7992,OBC-NCL,1694
7993,OBC-NCL,1695
7994,GEN-EWS,1015
7995,GEN-EWS,1016
7996,GEN,
7997,GEN-EWS,1017
7998,GEN,
7999,GEN,
8000,GEN,
8001,GEN-EWS,1018
8002,OBC-NCL,1696
8003,GEN,
8004,OBC-NCL,1697
8005,GEN,
8006,GEN,
8007,OBC-NCL,1698
8008,GEN,
8009,GEN,
8010,GEN,
8011,GEN,
8012,GEN,
8013,GEN,
8014,GEN,
8015,GEN-EWS,1019
8016,GEN,
8017,GEN,
8018,GEN,
8019,GEN,
8020,OBC-NCL,1699
8021,GEN,
8022,OBC-NCL,1700
8023,GEN-EWS,1020
8024,OBC-NCL,1701
8025,OBC-NCL,1702
8026,GEN,
8027,GEN,
8028,GEN,
8029,GEN,
8030,GEN,
8031,SC,197
8032,GEN,
8033,ST,49
8034,GEN,
8035,GEN,
8036,GEN,
8037,OBC-NCL,1703
8038,OBC-NCL,1704
8039,GEN,
8040,GEN,
8041,GEN,
8042,OBC-NCL,1705
8043,GEN,
8044,GEN,
8045,GEN,
8046,GEN,
8047,GEN-EWS,1021
8048,GEN,
8049,GEN-EWS,1022
8050,GEN-EWS,1023
8051,GEN,
8052,GEN-EWS,1024
8053,GEN,
8054,OBC-NCL,1706
8055,OBC-NCL,1707
8056,GEN,
8057,GEN,
8058,GEN,
8059,GEN-EWS,1025
8060,GEN,
8061,GEN,
8062,GEN-EWS,1026
8063,GEN,
8064,GEN,
8065,GEN,
8066,GEN-EWS,1027
8067,GEN-EWS,1028
8068,OBC-NCL,1708
8069,SC,198
8070,GEN,
8071,OBC-NCL,1709
8072,GEN,
8073,GEN,
8074,GEN,
8075,GEN,
8076,GEN-EWS,1029
8077,OBC-NCL,1710
8078,GEN,
8079,SC,199
8080,GEN,
8081,GEN,
8082,GEN-EWS,1030
8083,GEN,
8084,GEN,
8085,OBC-NCL,1711
8086,GEN-EWS,1031
8087,GEN-EWS,1032
8088,GEN,
8089,GEN-EWS,1033
8090,GEN,
8091,GEN,
8092,GEN,
8093,SC,200
8094,OBC-NCL,1712
8095,GEN,
8096,GEN,
8097,OBC-NCL,1713
8098,GEN,
8099,GEN,
8100,OBC-NCL,1714
8101,GEN-EWS,1034
8102,GEN,
8103,GEN-EWS,1035
8104,OBC-NCL,1715
8105,GEN,
8106,OBC-NCL,1716
8107,OBC-NCL,1717
8108,GEN,
8109,OBC-NCL,1718
8110,OBC-NCL,1719
8111,GEN,
8112,GEN,
8113,GEN,
8114,GEN-EWS,1036
8115,GEN,
8116,GEN,
8117,GEN,
8118,GEN,
8119,GEN,
8120,GEN,
8121,OBC-NCL,1720
8122,GEN,
8123,GEN,
8124,GEN,
8125,GEN,
8126,OBC-NCL,1721
8127,OBC-NCL,1722
8128,GEN,
8129,GEN-EWS,1037
8130,OBC-NCL,1723
8131,GEN,
8132,OBC-NCL,1724
8133,GEN-EWS,1038
8134,GEN-EWS,1039
8135,OBC-NCL,1725
8136,OBC-NCL,1726
8137,GEN,
8138,GEN,
8139,GEN,
8140,OBC-NCL,1727
8141,GEN,
8142,GEN-EWS,1040
8143,GEN,
8144,OBC-NCL,1728
8145,OBC-NCL,1729
8146,GEN-EWS,1041
8147,GEN-EWS,1042
8148,GEN,
8149,OBC-NCL,1730
8150,GEN,
8151,GEN,
8152,GEN-EWS,1043
8153,GEN,
8154,OBC-NCL,1731
8155,GEN,
8156,GEN,
8157,GEN,
8158,GEN,
8159,GEN,
8160,GEN,
8161,OBC-NCL,1732
8162,GEN,
8163,GEN,
8164,GEN-EWS,1044
8165,GEN-EWS,1045
8166,OBC-NCL,1733
8167,GEN,
8168,GEN,
8169,OBC-NCL,1734
8170,GEN,
8171,GEN,
8172,OBC-NCL,1735
8173,GEN,
8174,GEN-EWS,1046
8175,GEN,
8176,GEN,
8177,GEN,
8177,GEN-EWS,1047
8179,GEN,
8180,GEN,
8181,GEN,
8182,GEN,
8183,GEN-EWS,1048
8184,GEN,
8185,GEN,
8186,GEN,
8187,GEN,
8188,GEN-EWS,1049
8189,GEN-EWS,1050
8189,GEN-EWS,1050
8191,GEN-EWS,1052
8192,GEN,
8193,OBC-NCL,1736
8194,OBC-NCL,1737
8195,GEN,
8196,GEN,
8197,GEN,
8198,GEN,
8199,GEN,
8200,OBC-NCL,1738
8201,GEN,
8202,GEN,
8203,OBC-NCL,1739
8204,GEN,
8205,GEN,
8206,GEN,
8207,GEN,
8208,GEN-EWS,1053
8209,GEN,
8210,SC,201
8211,GEN,
8212,GEN-EWS,1054
8213,OBC-NCL,1740
8214,SC,202
8215,SC,203
8216,GEN,
8217,GEN,
8218,OBC-NCL,1741
8219,GEN,
8220,GEN,
8221,GEN,
8222,GEN,
8223,OBC-NCL,1742
8224,GEN,
8225,GEN,
8226,GEN-EWS,1055
8227,GEN,
8228,OBC-NCL,1743
8229,OBC-NCL,1744
8230,OBC-NCL,1745
8231,OBC-NCL,1746
8232,GEN,
8233,OBC-NCL,1747
8234,GEN,
8235,OBC-NCL,1748
8236,GEN,
8237,GEN,
8238,OBC-NCL,1749
8239,GEN,
8240,GEN,
8241,GEN,
8242,GEN,
8243,OBC-NCL,1750
8244,GEN,
8245,GEN-EWS,1056
8246,OBC-NCL,1751
8247,GEN-EWS,1057
8248,GEN,
8249,OBC-NCL,1752
8250,GEN,
8251,GEN,
8252,GEN,
8253,GEN,
8254,GEN,
8255,OBC-NCL,1753
8256,OBC-NCL,1754
8257,GEN,
8258,OBC-NCL,1755
8259,GEN,
8260,OBC-NCL,1756
8261,OBC-NCL,1757
8262,GEN-EWS,1058
8263,OBC-NCL,1758
8264,OBC-NCL,1759
8265,GEN,
8266,OBC-NCL,1760
8267,GEN,
8268,GEN,
8269,OBC-NCL,1761
8270,SC,204
8271,GEN,
8272,GEN,
8273,GEN,
8274,GEN,
8275,GEN,
8276,GEN,
8277,GEN,
8278,OBC-NCL,1762
8279,GEN,
8280,GEN,
8281,GEN,
8282,GEN,
8283,GEN,
8284,GEN,
8285,GEN,
8286,GEN,
8287,SC,205
8288,OBC-NCL,1763
8289,GEN,
8290,OBC-NCL,1764
8291,GEN,
8292,GEN-EWS,1059
8293,OBC-NCL,1765
8294,OBC-NCL,1766
8295,OBC-NCL,1767
8296,GEN,
8297,OBC-NCL,1768
8298,GEN,
8299,GEN,
8300,GEN-EWS,1060
8301,GEN,
8302,GEN,
8303,OBC-NCL,1769
8304,GEN,
8305,OBC-NCL,1770
8306,GEN,
8307,OBC-NCL,1771
8308,OBC-NCL,1772
8309,OBC-NCL,1773
8310,GEN,
8311,GEN,
8312,GEN,
8313,GEN,
8314,GEN,
8315,GEN,
8316,OBC-NCL,1774
8317,GEN,
8318,GEN,
8319,OBC-NCL,1775
8320,GEN,
8321,OBC-NCL,1776
8322,GEN,
8323,GEN,
8324,GEN-EWS,1061
8325,GEN,
8326,GEN-EWS,1062
8327,ST,50
8328,OBC-NCL,1777
8329,GEN,
8330,OBC-NCL,1778
8331,GEN,
8332,GEN-EWS,1063
8333,GEN,
8334,GEN-EWS,1064
8335,GEN-EWS,1065
8336,OBC-NCL,1779
8337,OBC-NCL,1780
8338,GEN,
8339,GEN-EWS,1066
8340,GEN,
8341,GEN-EWS,1067
8342,GEN-EWS,1068
8343,GEN,
8344,GEN,
8345,GEN-EWS,1069
8346,OBC-NCL,1781
8347,GEN,
8348,GEN,
8349,GEN,
8350,GEN,
8351,GEN,
8352,OBC-NCL,1782
8353,GEN,
8354,GEN,
8355,GEN,
8356,GEN,
8357,GEN-EWS,1070
8358,GEN,
8359,OBC-NCL,1783
8360,GEN,
8361,GEN,
8362,GEN,
8363,OBC-NCL,1784
8364,GEN,
8365,OBC-NCL,1785
8366,GEN,
8367,OBC-NCL,1786
8368,GEN-EWS,1071
8369,OBC-NCL,1787
8370,OBC-NCL,1788
8371,GEN,
8372,OBC-NCL,1789
8373,OBC-NCL,1790
8374,OBC-NCL,1791
8375,OBC-NCL,1792
8376,OBC-NCL,1793
8377,GEN,
8378,GEN-EWS,1072
8379,GEN,
8380,GEN,
8381,GEN-EWS,1073
8382,OBC-NCL,1794
8383,GEN,
8384,GEN-EWS,1074
8385,GEN-EWS,1075
8386,GEN,
8387,OBC-NCL,1795
8388,GEN,
8389,GEN,
8390,GEN,
8391,OBC-NCL,1796
8392,GEN-EWS,1076
8393,GEN,
8394,GEN,
8395,OBC-NCL,1797
8396,GEN-EWS,1077
8397,GEN,
8398,GEN,
8399,OBC-NCL,1798
8400,GEN,
8401,GEN,
8402,GEN,
8403,GEN,
8404,OBC-NCL,1799
8405,SC,206
8406,GEN,
8406,GEN,
8408,OBC-NCL,1800
8409,OBC-NCL,1801
8410,GEN,
8411,OBC-NCL,1802
8412,OBC-NCL,1803
8413,GEN,
8414,SC,207
8415,GEN,
8416,GEN,
8417,GEN,
8418,GEN,
8419,OBC-NCL,1804
8420,OBC-NCL,1805
8421,SC,208
8422,OBC-NCL,1806
8423,GEN,
8424,OBC-NCL,1807
8425,OBC-NCL,1808
8426,GEN,
8427,OBC-NCL,1809
8428,OBC-NCL,1810
8429,GEN,
8430,GEN-EWS,1078
8431,GEN-EWS,1079
8432,GEN,
8433,OBC-NCL,1811
8434,GEN,
8435,GEN,
8436,GEN,
8437,OBC-NCL,1812
8438,GEN,
8439,GEN,
8440,GEN,
8441,GEN-EWS,1080
8442,GEN,
8443,GEN,
8444,OBC-NCL,1813
8445,GEN,
8446,OBC-NCL,1814
8447,OBC-NCL,1815
8448,GEN,
8449,GEN-EWS,1081
8450,OBC-NCL,1816
8451,GEN,
8452,GEN-EWS,1082
8453,OBC-NCL,1817
8454,GEN,
8455,GEN,
8456,OBC-NCL,1818
8457,GEN-EWS,1083
8458,GEN,
8459,OBC-NCL,1819
8460,GEN,
8461,GEN,
8462,GEN,
8463,GEN,
8464,GEN,
8465,GEN,
8466,GEN,
8467,GEN,
8468,OBC-NCL,1820
8469,GEN,
8470,OBC-NCL,1821
8471,SC,209
8472,GEN-EWS,1084
8473,GEN,
8474,GEN,
8475,GEN,
8476,GEN,
8477,GEN,
8478,GEN-EWS,1085
8479,GEN,
8480,GEN,
8481,SC,210
8482,OBC-NCL,1822
8483,OBC-NCL,1823
8484,GEN-EWS,1086
8485,OBC-NCL,1824
8486,GEN,
8487,OBC-NCL,1825
8488,GEN,
8489,OBC-NCL,1826
8490,OBC-NCL,1827
8491,OBC-NCL,1828
8492,GEN,
8493,OBC-NCL,1829
8494,GEN,
8495,OBC-NCL,1830
8496,GEN-EWS,1087
8497,GEN,
8497,SC,211
8499,GEN,
8500,OBC-NCL,1831
8501,OBC-NCL,1832
8502,OBC-NCL,1833
8503,GEN,
8504,GEN,
8505,GEN-EWS,1088
8506,OBC-NCL,1834
8507,GEN,
8508,GEN-EWS,1089
8509,OBC-NCL,1835
8510,GEN,
8511,OBC-NCL,1836
8512,ST,51
8513,GEN,
8514,GEN,
8515,GEN-EWS,1090
8516,GEN,
8517,GEN,
8518,OBC-NCL,1837
8519,ST,52
8520,GEN,
8521,GEN,
8522,GEN,
8523,GEN-EWS,1091
8524,GEN,
8525,SC,212
8526,GEN-EWS,1092
8527,SC,213
8528,OBC-NCL,1838
8529,GEN,
8530,GEN,
8531,GEN,
8532,GEN,
8533,GEN,
8534,GEN,
8535,GEN,
8536,OBC-NCL,1839
8537,GEN,
8538,OBC-NCL,1840
8539,GEN,
8540,GEN,
8541,OBC-NCL,1841
8542,OBC-NCL,1842
8543,GEN,
8544,OBC-NCL,1843
8545,GEN,
8546,OBC-NCL,1844
8547,GEN-EWS,1093
8548,GEN,
8549,OBC-NCL,1845
8550,OBC-NCL,1846
8551,GEN,
8552,GEN,
8553,OBC-NCL,1847
8554,GEN,
8555,OBC-NCL,1848
8556,GEN-EWS,1094
8557,GEN-EWS,1095
8558,GEN,
8559,OBC-NCL,1849
8560,GEN,
8561,GEN,
8562,GEN,
8563,OBC-NCL,1850
8564,OBC-NCL,1851
8565,GEN,
8566,GEN,
8567,OBC-NCL,1852
8568,OBC-NCL,1853
8569,GEN,
8570,GEN,
8571,GEN,
8572,GEN,
8573,OBC-NCL,1854
8574,GEN,
8575,GEN,
8576,GEN,
8577,SC,214
8578,GEN,
8579,OBC-NCL,1855
8580,GEN,
8581,GEN,
8582,GEN,
8583,OBC-NCL,1856
8584,GEN,
8585,ST,53
8586,OBC-NCL,1857
8587,OBC-NCL,1858
8588,GEN,
8589,OBC-NCL,1859
8590,GEN,
8591,GEN,
8592,GEN,
8593,GEN,
8594,OBC-NCL,1860
8595,OBC-NCL,1861
8596,OBC-NCL,1862
8597,GEN,
8598,OBC-NCL,1863
8599,GEN-EWS,1096
8600,GEN,
8601,GEN,
8602,OBC-NCL,1864
8603,GEN,
8604,GEN,
8605,GEN-EWS,1097
8606,GEN,
8607,GEN,
8608,GEN,
8609,GEN,
8610,GEN,
8611,GEN,
8612,GEN-EWS,1098
8613,GEN,
8614,GEN,
8615,GEN,
8616,GEN-EWS,1099
8617,GEN,
8618,GEN,
8619,GEN,
8620,GEN-EWS,1100
8621,OBC-NCL,1865
8622,GEN-EWS,1101
8623,OBC-NCL,1866
8624,GEN-EWS,1102
8625,GEN,
8626,GEN,
8627,GEN,
8628,OBC-NCL,1867
8629,GEN,
8630,GEN,
8631,OBC-NCL,1868
8632,GEN,
8633,OBC-NCL,1869
8634,GEN,
8635,GEN,
8636,GEN-EWS,1103
8637,GEN,
8638,GEN-EWS,1104
8639,OBC-NCL,1870
8640,GEN-EWS,1105
8641,GEN,
8642,GEN,
8643,SC,215
8644,GEN,
8644,OBC-NCL,1871
8646,GEN,
8647,GEN,
8648,GEN,
8649,GEN,
8650,OBC-NCL,1872
8651,SC,216
8652,GEN-EWS,1106
8653,GEN,
8654,GEN,
8655,OBC-NCL,1873
8656,OBC-NCL,1874
8657,GEN,
8658,GEN,
8659,SC,217
8660,GEN,
8661,OBC-NCL,1875
8662,OBC-NCL,1876
8663,OBC-NCL,1877
8664,GEN-EWS,1107
8665,GEN,
8666,GEN,
8667,GEN,
8668,GEN,
8669,OBC-NCL,1878
8670,GEN,
8671,GEN,
8672,GEN-EWS,1108
8673,GEN,
8674,GEN,
8675,GEN,
8676,GEN,
8677,GEN,
8678,OBC-NCL,1879
8679,GEN,
8680,GEN,
8680,OBC-NCL,1880
8682,GEN,
8683,GEN,
8684,GEN-EWS,1109
8685,GEN,
8686,OBC-NCL,1881
8687,GEN,
8688,OBC-NCL,1882
8689,GEN,
8690,OBC-NCL,1883
8691,OBC-NCL,1884
8692,GEN,
8693,OBC-NCL,1885
8694,GEN-EWS,1110
8695,GEN,
8696,GEN,
8697,OBC-NCL,1886
8698,GEN,
8699,OBC-NCL,1887
8700,GEN,
8701,SC,218
8702,GEN-EWS,1111
8703,SC,219
8704,GEN,
8705,GEN,
8706,GEN-EWS,1112
8707,GEN-EWS,1113
8708,OBC-NCL,1888
8709,OBC-NCL,1889
8710,GEN,
8711,GEN,
8712,GEN,
8713,GEN,
8714,OBC-NCL,1890
8715,OBC-NCL,1891
8716,GEN,
8717,GEN,
8718,GEN-EWS,1114
8719,GEN,
8720,GEN,
8721,GEN,
8722,GEN,
8723,GEN,
8724,GEN-EWS,1115
8725,GEN,
8726,GEN,
8727,GEN,
8728,GEN,
8729,GEN,
8730,OBC-NCL,1892
8731,OBC-NCL,1893
8732,OBC-NCL,1894
8733,OBC-NCL,1895
8734,GEN,
8735,OBC-NCL,1896
8736,OBC-NCL,1897
8737,GEN,
8738,OBC-NCL,1898
8739,GEN,
8740,GEN,
8741,GEN,
8742,OBC-NCL,1899
8743,GEN,
8744,OBC-NCL,1900
8745,GEN,
8746,GEN,
8747,OBC-NCL,1901
8748,OBC-NCL,1902
8749,GEN,
8750,GEN,
8751,GEN,
8752,GEN,
8753,GEN,
8754,GEN,
8755,OBC-NCL,1903
8756,GEN,
8757,GEN,
8758,GEN,
8759,GEN,
8760,OBC-NCL,1904
8761,OBC-NCL,1905
8762,GEN-EWS,1116
8763,GEN,
8764,OBC-NCL,1906
8765,OBC-NCL,1907
8766,GEN,
8767,GEN,
8768,OBC-NCL,1908
8769,OBC-NCL,1909
8770,OBC-NCL,1910
8771,OBC-NCL,1911
8772,GEN-EWS,1117
8773,GEN,
8774,GEN,
8775,GEN-EWS,1118
8776,GEN,
8777,GEN,
8778,OBC-NCL,1912
8779,GEN,
8780,GEN,
8781,OBC-NCL,1913
8782,OBC-NCL,1914
8783,OBC-NCL,1915
8784,GEN,
8785,GEN,
8786,GEN,
8787,GEN-EWS,1119
8788,OBC-NCL,1916
8789,OBC-NCL,1917
8790,GEN,
8791,GEN-EWS,1120
8792,GEN,
8793,GEN-EWS,1121
8794,GEN-EWS,1122
8795,GEN,
8796,OBC-NCL,1918
8797,OBC-NCL,1919
8798,GEN,
8799,GEN-EWS,1123
8800,GEN-EWS,1124
8801,OBC-NCL,1920
8802,GEN,
8803,GEN,
8804,GEN,
8805,GEN,
8806,GEN,
8807,GEN-EWS,1125
8808,GEN,
8809,OBC-NCL,1921
8810,OBC-NCL,1922
8811,OBC-NCL,1923
8812,GEN,
8813,GEN,
8814,GEN,
8815,GEN,
8816,GEN-EWS,1126
8817,GEN-EWS,1127
8818,GEN,
8819,GEN-EWS,1128
8820,OBC-NCL,1924
8821,GEN-EWS,1129
8822,GEN,
8823,GEN,
8824,GEN,
8825,GEN,
8826,GEN,
8827,OBC-NCL,1925
8828,GEN,
8829,OBC-NCL,1926
8830,GEN,
8831,GEN,
8832,GEN,
8833,GEN,
8834,GEN-EWS,1130
8835,GEN,
8836,OBC-NCL,1927
8837,GEN,
8838,GEN,
8839,GEN-EWS,1131
8840,GEN,
8841,OBC-NCL,1928
8842,GEN,
8843,OBC-NCL,1929
8844,OBC-NCL,1930
8845,GEN,
8846,ST,54
8847,OBC-NCL,1931
8848,GEN,
8849,GEN,
8850,OBC-NCL,1932
8851,SC,220
8852,GEN,
8853,GEN,
8854,ST,55
8855,GEN,
8856,OBC-NCL,1933
8857,OBC-NCL,1934
8858,GEN,
8859,OBC-NCL,1935
8860,GEN,
8861,OBC-NCL,1936
8862,ST,56
8863,GEN,
8864,GEN,
8865,GEN,
8866,GEN,
8867,GEN,
8868,GEN-EWS,1132
8869,GEN,
8870,GEN,
8871,OBC-NCL,1937
8872,OBC-NCL,1938
8873,OBC-NCL,1939
8874,GEN,
8875,GEN-EWS,1133
8876,OBC-NCL,1940
8877,SC,221
8878,GEN,
8879,OBC-NCL,1941
8880,OBC-NCL,1942
8881,OBC-NCL,1943
8882,GEN-EWS,1134
8883,GEN,
8884,GEN-EWS,1135
8885,GEN-EWS,1136
8886,GEN,
8887,GEN-EWS,1137
8888,OBC-NCL,1944
8889,GEN,
8890,GEN-EWS,1138
8891,GEN,
8892,OBC-NCL,1945
8893,GEN,
8894,OBC-NCL,1946
8895,GEN-EWS,1139
8896,GEN,
8897,GEN,
8898,GEN-EWS,1140
8899,GEN-EWS,1141
8900,GEN,
8901,GEN,
8902,GEN,
8903,GEN,
8904,GEN-EWS,1142
8905,GEN,
8906,GEN,
8907,GEN-EWS,1143
8908,GEN,
8909,GEN,
8910,GEN,
8911,GEN,
8912,GEN,
8913,GEN,
8914,GEN,
8915,GEN-EWS,1144
8916,OBC-NCL,1947
8917,GEN,
8918,OBC-NCL,1948
8919,GEN,
8920,OBC-NCL,1949
8921,GEN,
8922,GEN-EWS,1145
8923,GEN-EWS,1146
8924,OBC-NCL,1950
8925,GEN,
8926,GEN,
8927,GEN,
8928,GEN-EWS,1147
8929,GEN-EWS,1148
8930,GEN,
8931,GEN,
8932,GEN,
8933,GEN,
8934,GEN,
8935,GEN,
8936,GEN,
8937,OBC-NCL,1951
8938,GEN-EWS,1149
8939,GEN,
8940,OBC-NCL,1952
8941,GEN,
8942,GEN,
8943,OBC-NCL,1953
8944,OBC-NCL,1954
8945,GEN-EWS,1150
8946,GEN,
8947,GEN,
8948,OBC-NCL,1955
8949,GEN,
8950,GEN,
8951,GEN,
8952,GEN,
8953,GEN,
8954,GEN,
8955,GEN,
8956,GEN,
8957,GEN-EWS,1151
8958,OBC-NCL,1956
8959,OBC-NCL,1957
8960,GEN,
8961,GEN-EWS,1152
8962,GEN,
8963,GEN,
8964,GEN,
8965,GEN,
8966,GEN,
8967,GEN,
8968,OBC-NCL,1958
8969,GEN,
8970,GEN,
8971,GEN,
8972,OBC-NCL,1959
8973,GEN,
8974,GEN,
8975,OBC-NCL,1960
8976,GEN,
8977,GEN,
8978,GEN,
8979,GEN,
8980,GEN,
8981,GEN,
8982,GEN,
8983,GEN-EWS,1153
8984,GEN,
8985,GEN,
8986,GEN-EWS,1154
8987,GEN,
8988,GEN-EWS,1155
8989,GEN,
8990,GEN,
8991,OBC-NCL,1961
8992,OBC-NCL,1962
8993,GEN,
8994,OBC-NCL,1963
8995,OBC-NCL,1964
8996,GEN,
8997,OBC-NCL,1965
8998,OBC-NCL,1966
8999,SC,222
9000,GEN,
9001,GEN,
9002,GEN,
9003,GEN-EWS,1156
9004,GEN,
9005,GEN-EWS,1157
9005,GEN-EWS,1157
9007,GEN,
9008,GEN,
9009,GEN,
9010,GEN,
9011,OBC-NCL,1967
9012,GEN,
9013,OBC-NCL,1968
9014,GEN,
9015,OBC-NCL,1969
9016,GEN-EWS,1159
9017,OBC-NCL,1970
9018,GEN,
9019,GEN-EWS,1160
9020,GEN,
9021,OBC-NCL,1971
9022,GEN,
9023,GEN-EWS,1161
9024,SC,223
9025,GEN,
9026,OBC-NCL,1972
9027,OBC-NCL,1973
9028,SC,224
9029,OBC-NCL,1974
9030,GEN,
9031,GEN-EWS,1162
9032,GEN,
9033,SC,225
9034,OBC-NCL,1975
9035,GEN,
9036,OBC-NCL,1976
9037,OBC-NCL,1977
9038,OBC-NCL,1978
9039,GEN,
9040,GEN-EWS,1163
9041,OBC-NCL,1979
9042,OBC-NCL,1980
9043,GEN,
9044,GEN,
9045,GEN-EWS,1164
9046,ST,57
9047,GEN,
9048,OBC-NCL,1981
9049,GEN,
9050,GEN,
9051,GEN,
9052,GEN,
9053,GEN,
9054,GEN-EWS,1165
9055,GEN,
9056,OBC-NCL,1982
9057,OBC-NCL,1983
9058,GEN,
9059,GEN,
9060,GEN,
9061,GEN,
9062,GEN-EWS,1166
9063,GEN,
9064,OBC-NCL,1984
9065,GEN,
9066,OBC-NCL,1985
9067,OBC-NCL,1986
9068,GEN,
9069,GEN,
9070,ST,58
9071,OBC-NCL,1987
9072,GEN,
9073,GEN,
9074,GEN,
9075,GEN,
9076,OBC-NCL,1988
9077,GEN,
9078,GEN-EWS,1167
9079,GEN,
9080,GEN,
9081,GEN,
9082,GEN,
9083,GEN,
9084,OBC-NCL,1989
9085,GEN-EWS,1168
9086,GEN,
9087,GEN,
9088,SC,226
9089,OBC-NCL,1990
9090,GEN,
9091,GEN,
9092,GEN,
9093,GEN,
9094,OBC-NCL,1991
9095,GEN,
9096,GEN,
9097,GEN,
9098,OBC-NCL,1992
9099,GEN,
9100,GEN,
9101,GEN,
9102,GEN,
9103,OBC-NCL,1993
9104,GEN,
9105,GEN,
9106,OBC-NCL,1994
9107,GEN,
9108,SC,227
9109,GEN,
9110,OBC-NCL,1995
9111,OBC-NCL,1996
9112,GEN,
9113,GEN-EWS,1169
9114,OBC-NCL,1997
9115,OBC-NCL,1998
9116,OBC-NCL,1999
9117,GEN,
9118,GEN,
9119,GEN,
9120,GEN,
9121,GEN,
9122,GEN-EWS,1170
9123,GEN,
9124,OBC-NCL,2000
9125,GEN,
9126,GEN,
9127,GEN,
9128,OBC-NCL,2001
9129,GEN,
9130,GEN,
9131,GEN-EWS,1171
9132,GEN-EWS,1172
9133,GEN-EWS,1173
9134,GEN-EWS,1174
9135,GEN-EWS,1175
9136,GEN,
9137,GEN,
9138,OBC-NCL,2002
9139,OBC-NCL,2003
9140,GEN,
9141,GEN,
9142,SC,228
9143,GEN-EWS,1176
9144,GEN-EWS,1177
9145,SC,229
9146,OBC-NCL,2004
9147,GEN-EWS,1178
9148,OBC-NCL,2005
9149,GEN,
9150,GEN,
9151,GEN,
9152,OBC-NCL,2006
9153,OBC-NCL,2007
9154,OBC-NCL,2008
9155,OBC-NCL,2009
9156,GEN,
9157,GEN,
9158,GEN,
9159,OBC-NCL,2010
9160,GEN,
9161,GEN,
9162,OBC-NCL,2011
9163,GEN-EWS,1179
9164,GEN,
9165,GEN,
9166,GEN,
9167,GEN,
9168,OBC-NCL,2012
9169,OBC-NCL,2013
9170,GEN-EWS,1180
9171,GEN,
9172,GEN-EWS,1181
9173,GEN,
9174,OBC-NCL,2014
9175,GEN,
9176,OBC-NCL,2015
9177,GEN,
9178,GEN,
9179,GEN,
9180,GEN-EWS,1182
9181,GEN,
9182,GEN,
9183,GEN,
9184,GEN,
9185,GEN-EWS,1183
9186,OBC-NCL,2016
9187,GEN,
9188,GEN,
9189,GEN,
9190,GEN,
9191,OBC-NCL,2017
9192,GEN,
9193,GEN,
9194,GEN,
9195,OBC-NCL,2018
9196,GEN,
9197,GEN,
9198,GEN,
9199,GEN,
9200,GEN,
9201,OBC-NCL,2019
9202,GEN,
9203,GEN,
9204,GEN,
9205,SC,230
9206,OBC-NCL,2020
9207,GEN,
9208,GEN,
9209,GEN,
9210,OBC-NCL,2021
9211,OBC-NCL,2022
9212,GEN,
9213,GEN,
9214,ST,59
9215,OBC-NCL,2023
9216,GEN,
9216,GEN-EWS,1184
9218,OBC-NCL,2024
9219,GEN-EWS,1185
9220,OBC-NCL,2025
9221,OBC-NCL,2026
9222,GEN,
9223,GEN,
9224,GEN,
9225,GEN,
9226,GEN-EWS,1186
9227,GEN-EWS,1187
9228,OBC-NCL,2027
9229,SC,231
9230,OBC-NCL,2028
9231,GEN,
9232,OBC-NCL,2029
9233,GEN,
9234,OBC-NCL,2030
9235,GEN,
9236,GEN,
9237,GEN,
9238,OBC-NCL,2031
9239,GEN,
9240,GEN-EWS,1188
9241,GEN,
9242,GEN,
9243,OBC-NCL,2032
9244,OBC-NCL,2033
9245,GEN-EWS,1189
9246,OBC-NCL,2034
9247,OBC-NCL,2035
9248,GEN,
9249,OBC-NCL,2036
9250,GEN-EWS,1190
9251,GEN,
9252,GEN,
9253,GEN,
9254,GEN,
9255,OBC-NCL,2037
9256,OBC-NCL,2038
9257,GEN-EWS,1191
9258,GEN-EWS,1192
9259,GEN,
9260,GEN,
9261,OBC-NCL,2039
9262,OBC-NCL,2040
9263,GEN,
9264,OBC-NCL,2041
9265,GEN,
9266,OBC-NCL,2042
9267,OBC-NCL,2043
9268,GEN,
9269,OBC-NCL,2044
9270,GEN,
9271,OBC-NCL,2045
9272,OBC-NCL,2046
9273,GEN,
9274,OBC-NCL,2047
9275,OBC-NCL,2048
9276,OBC-NCL,2049
9277,GEN,
9278,OBC-NCL,2050
9279,GEN,
9280,OBC-NCL,2051
9281,GEN,
9282,GEN,
9283,OBC-NCL,2052
9284,OBC-NCL,2053
9285,OBC-NCL,2054
9286,GEN,
9287,GEN,
9288,GEN-EWS,1193
9289,GEN,
9290,GEN,
9291,GEN,
9292,GEN,
9293,GEN,
9294,GEN,
9295,GEN-EWS,1194
9296,GEN,
9297,OBC-NCL,2055
9298,GEN-EWS,1195
9299,GEN,
9300,OBC-NCL,2056
9301,OBC-NCL,2057
9302,GEN,
9303,GEN,
9304,GEN,
9305,GEN,
9306,GEN-EWS,1196
9307,OBC-NCL,2058
9308,GEN-EWS,1197
9309,GEN,
9310,GEN-EWS,1198
9311,GEN,
9312,GEN-EWS,1199
9313,OBC-NCL,2059
9314,OBC-NCL,2060
9315,GEN,
9316,GEN,
9317,GEN,
9318,GEN,
9319,GEN-EWS,1200
9320,GEN,
9321,GEN,
9322,GEN,
9323,OBC-NCL,2061
9324,GEN,
9325,OBC-NCL,2062
9326,GEN-EWS,1201
9327,OBC-NCL,2063
9328,OBC-NCL,2064
9329,OBC-NCL,2065
9330,GEN,
9331,SC,232
9332,OBC-NCL,2066
9333,SC,233
9334,OBC-NCL,2067
9335,GEN,
9336,OBC-NCL,2068
9337,GEN,
9338,GEN,
9339,OBC-NCL,2069
9340,GEN,
9341,GEN,
9342,GEN,
9343,GEN,
9344,GEN,
9345,GEN,
9346,GEN,
9347,GEN,
9348,GEN-EWS,1202
9349,SC,234
9350,OBC-NCL,2070
9351,GEN,
9352,GEN,
9353,OBC-NCL,2071
9354,GEN,
9355,GEN,
9356,GEN,
9357,GEN,
9358,GEN,
9359,GEN,
9360,GEN,
9361,OBC-NCL,2072
9362,GEN,
9363,GEN,
9364,GEN-EWS,1203
9365,GEN,
9366,OBC-NCL,2073
9367,GEN,
9368,GEN-EWS,1204
9369,GEN,
9370,GEN-EWS,1205
9371,GEN,
9372,SC,235
9373,OBC-NCL,2074
9374,GEN,
9375,GEN,
9376,OBC-NCL,2075
9377,OBC-NCL,2076
9378,GEN,
9379,OBC-NCL,2077
9380,GEN-EWS,1206
9381,OBC-NCL,2078
9382,OBC-NCL,2079
9383,GEN,
9384,GEN-EWS,1207
9385,GEN,
9386,OBC-NCL,2080
9387,GEN,
9388,OBC-NCL,2081
9389,GEN,
9390,GEN-EWS,1208
9391,OBC-NCL,2082
9392,GEN,
9393,GEN,
9394,GEN,
9395,GEN-EWS,1209
9396,OBC-NCL,2083
9397,OBC-NCL,2084
9398,GEN,
9399,OBC-NCL,2085
9400,GEN,
9401,GEN-EWS,1210
9402,SC,236
9403,GEN-EWS,1211
9404,GEN,
9405,OBC-NCL,2086
9406,GEN,
9407,GEN,
9408,GEN,
9409,GEN,
9410,SC,237
9411,GEN,
9412,GEN,
9413,GEN-EWS,1212
9414,OBC-NCL,2087
9415,GEN,
9416,GEN,
9417,OBC-NCL,2088
9418,GEN-EWS,1213
9419,GEN,
9420,GEN,
9421,GEN,
9422,OBC-NCL,2089
9423,OBC-NCL,2090
9424,GEN,
9425,GEN,
9426,SC,238
9427,GEN,
9428,GEN,
9429,GEN-EWS,1214
9430,SC,239
9431,GEN-EWS,1215
9432,GEN-EWS,1216
9433,ST,60
9434,OBC-NCL,2091
9435,GEN-EWS,1217
9436,GEN,
9437,OBC-NCL,2092
9438,OBC-NCL,2093
9439,GEN,
9440,GEN,
9441,GEN,
9442,GEN,
9442,OBC-NCL,2094
9444,GEN,
9445,GEN,
9446,OBC-NCL,2095
9447,OBC-NCL,2096
9448,GEN,
9449,GEN,
9450,GEN,
9451,SC,240
9452,GEN,
9453,SC,241
9454,GEN-EWS,1218
9455,GEN,
9456,OBC-NCL,2097
9457,GEN,
9458,GEN-EWS,1219
9459,GEN,
9460,GEN-EWS,1220
9461,SC,242
9462,GEN,
9463,GEN,
9464,GEN,
9465,GEN,
9466,GEN,
9467,OBC-NCL,2098
9467,SC,243
9469,GEN,
9470,GEN,
9471,OBC-NCL,2099
9472,GEN,
9473,GEN,
9474,OBC-NCL,2100
9475,OBC-NCL,2101
9476,OBC-NCL,2102
9477,GEN-EWS,1221
9478,GEN,
9479,GEN,
9480,GEN,
9481,GEN,
9482,GEN,
9483,OBC-NCL,2103
9484,GEN,
9485,GEN-EWS,1222
9486,ST,61
9487,OBC-NCL,2104
9488,GEN-EWS,1223
9489,GEN-EWS,1224
9490,OBC-NCL,2105
9491,GEN,
9492,GEN,
9493,GEN,
9494,GEN,
9495,OBC-NCL,2106
9496,GEN,
9497,GEN,
9498,OBC-NCL,2107
9499,GEN,
9500,GEN,
9501,OBC-NCL,2108
9502,GEN,
9503,GEN,
9504,OBC-NCL,2109
9505,GEN,
9505,GEN-EWS,1225
9507,GEN-EWS,1226
9508,GEN,
9509,OBC-NCL,2110
9510,GEN,
9511,GEN,
9512,GEN-EWS,1227
9513,OBC-NCL,2111
9514,OBC-NCL,2112
9515,GEN,
9516,OBC-NCL,2113
9517,OBC-NCL,2114
9518,GEN,
9519,GEN,
9520,OBC-NCL,2115
9521,SC,244
9522,GEN-EWS,1228
9523,GEN,
9524,GEN,
9525,OBC-NCL,2116
9526,OBC-NCL,2117
9527,GEN,
9528,GEN,
9529,OBC-NCL,2118
9530,GEN,
9531,OBC-NCL,2119
9532,GEN,
9533,GEN,
9534,GEN,
9534,GEN-EWS,1229
9536,GEN,
9537,GEN-EWS,1230
9538,SC,245
9539,GEN-EWS,1231
9540,OBC-NCL,2120
9541,GEN-EWS,1232
9542,GEN,
9543,OBC-NCL,2121
9544,OBC-NCL,2122
9545,GEN,
9546,SC,246
9547,GEN,
9548,GEN-EWS,1233
9549,GEN,
9550,GEN,
9551,GEN,
9552,GEN-EWS,1234
9553,GEN-EWS,1235
9554,OBC-NCL,2123
9555,OBC-NCL,2124
9556,GEN,
9557,GEN-EWS,1236
9558,GEN,
9559,GEN-EWS,1237
9560,GEN-EWS,1238
9561,GEN,
9562,GEN,
9562,GEN,
9564,OBC-NCL,2125
9565,SC,247
9566,GEN,
9567,GEN,
9568,GEN,
9569,OBC-NCL,2126
9570,GEN,
9571,GEN,
9572,GEN,
9572,OBC-NCL,2127
9574,OBC-NCL,2128
9575,GEN,
9576,OBC-NCL,2129
9577,GEN-EWS,1239
9578,GEN,
9579,GEN,
9580,OBC-NCL,2130
9581,GEN,
9582,GEN,
9583,GEN,
9584,GEN,
9585,OBC-NCL,2131
9586,GEN,
9587,GEN,
9588,OBC-NCL,2132
9589,SC,248
9590,GEN,
9591,GEN,
9592,OBC-NCL,2133
9593,GEN,
9594,OBC-NCL,2134
9595,OBC-NCL,2135
9596,OBC-NCL,2136
9597,GEN-EWS,1240
9598,OBC-NCL,2137
9599,GEN,
9600,OBC-NCL,2138
9601,GEN,
9602,GEN,
9603,GEN,
9604,OBC-NCL,2139
9605,GEN-EWS,1241
9606,GEN,
9607,SC,249
9608,GEN,
9609,GEN,
9610,OBC-NCL,2140
9611,GEN,
9612,GEN,
9613,GEN,
9614,GEN,
9615,GEN,
9616,GEN,
9617,GEN,
9618,GEN,
9619,GEN,
9620,GEN-EWS,1242
9621,GEN,
9622,OBC-NCL,2141
9623,GEN,
9624,GEN,
9625,OBC-NCL,2142
9626,OBC-NCL,2143
9627,OBC-NCL,2144
9628,GEN,
9629,OBC-NCL,2145
9630,GEN,
9631,GEN,
9632,GEN,
9633,GEN,
9634,GEN,
9635,GEN,
9636,OBC-NCL,2146
9637,OBC-NCL,2147
9638,OBC-NCL,2148
9639,GEN,
9640,GEN,
9641,GEN,
9642,GEN,
9643,GEN,
9644,GEN,
9645,OBC-NCL,2149
9646,OBC-NCL,2150
9647,GEN-EWS,1243
9648,GEN,
9649,GEN,
9650,OBC-NCL,2151
9651,OBC-NCL,2152
9652,OBC-NCL,2153
9653,GEN,
9654,OBC-NCL,2154
9655,GEN-EWS,1244
9656,OBC-NCL,2155
9657,GEN,
9658,GEN,
9659,GEN,
9660,GEN,
9661,GEN-EWS,1245
9662,GEN-EWS,1246
9663,GEN,
9664,GEN,
9665,GEN-EWS,1247
9666,GEN,
9667,OBC-NCL,2156
9668,GEN-EWS,1248
9669,GEN,
9670,OBC-NCL,2157
9671,SC,250
9672,GEN,
9673,OBC-NCL,2158
9674,GEN,
9675,GEN,
9676,GEN,
9677,OBC-NCL,2159
9678,GEN,
9679,OBC-NCL,2160
9680,GEN,
9681,GEN,
9682,GEN-EWS,1249
9683,OBC-NCL,2161
9684,OBC-NCL,2162
9685,GEN,
9686,GEN,
9687,GEN,
9688,GEN,
9689,GEN-EWS,1250
9690,GEN,
9691,GEN,
9692,OBC-NCL,2163
9693,SC,251
9694,OBC-NCL,2164
9695,GEN,
9696,OBC-NCL,2165
9697,GEN,
9698,GEN,
9699,GEN,
9700,GEN,
9701,GEN,
9702,GEN,
9703,GEN-EWS,1251
9704,GEN-EWS,1252
9705,OBC-NCL,2166
9706,OBC-NCL,2167
9707,GEN,
9708,GEN,
9709,SC,252
9710,GEN,
9711,GEN,
9712,GEN,
9713,GEN-EWS,1253
9714,GEN,
9715,OBC-NCL,2168
9716,GEN,
9717,GEN,
9718,GEN,
9719,GEN,
9720,OBC-NCL,2169
9721,OBC-NCL,2170
9722,GEN,
9723,GEN-EWS,1254
9724,OBC-NCL,2171
9725,GEN,
9726,GEN,
9727,GEN,
9728,GEN,
9729,OBC-NCL,2172
9730,GEN,
9731,OBC-NCL,2173
9732,OBC-NCL,2174
9733,GEN-EWS,1255
9734,OBC-NCL,2175
9735,GEN,
9736,GEN,
9737,OBC-NCL,2176
9738,OBC-NCL,2177
9739,OBC-NCL,2178
9740,ST,62
9741,GEN-EWS,1256
9742,GEN-EWS,1257
9743,OBC-NCL,2179
9744,GEN-EWS,1258
9745,GEN,
9746,GEN-EWS,1259
9747,OBC-NCL,2180
9748,GEN,
9749,GEN,
9750,SC,253
9751,GEN,
9752,OBC-NCL,2181
9753,OBC-NCL,2182
9754,GEN-EWS,1260
9754,OBC-NCL,2183
9756,GEN,
9757,OBC-NCL,2184
9758,GEN,
9759,OBC-NCL,2185
9760,GEN,
9761,GEN-EWS,1261
9762,GEN-EWS,1262
9763,GEN,
9764,GEN,
9765,GEN,
9766,OBC-NCL,2186
9767,GEN-EWS,1263
9768,GEN,
9769,GEN,
9769,GEN,
9771,OBC-NCL,2187
9772,SC,254
9773,GEN-EWS,1264
9774,GEN,
9775,OBC-NCL,2188
9776,OBC-NCL,2189
9777,GEN,
9778,OBC-NCL,2190
9779,OBC-NCL,2191
9780,GEN,
9781,GEN-EWS,1265
9782,OBC-NCL,2192
9783,GEN,
9784,OBC-NCL,2193
9785,GEN,
9786,GEN,
9787,GEN,
9788,OBC-NCL,2194
9789,GEN-EWS,1266
9790,GEN,
9791,OBC-NCL,2195
9792,OBC-NCL,2196
9793,OBC-NCL,2197
9794,GEN,
9795,GEN,
9796,OBC-NCL,2198
9797,OBC-NCL,2199
9798,GEN-EWS,1267
9799,GEN,
9800,OBC-NCL,2200
9801,GEN,
9802,ST,63
9803,OBC-NCL,2201
9804,GEN,
9805,OBC-NCL,2202
9806,GEN-EWS,1268
9807,OBC-NCL,2203
9808,GEN,
9809,GEN,
9810,SC,255
9811,OBC-NCL,2204
9812,OBC-NCL,2205
9813,GEN-EWS,1269
9814,GEN-EWS,1270
9815,GEN,
9816,GEN,
9817,SC,256
9818,OBC-NCL,2206
9819,GEN,
9820,GEN,
9821,OBC-NCL,2207
9822,GEN-EWS,1271
9823,OBC-NCL,2208
9824,GEN-EWS,1272
9825,GEN-EWS,1273
9826,OBC-NCL,2209
9827,GEN,
9827,GEN,
9829,GEN,
9830,GEN,
9831,OBC-NCL,2210
9832,GEN-EWS,1274
9833,GEN,
9834,GEN,
9835,GEN,
9836,OBC-NCL,2211
9837,OBC-NCL,2212
9838,GEN,
9839,GEN,
9840,GEN,
9841,GEN-EWS,1275
9842,GEN,
9843,OBC-NCL,2213
9844,GEN-EWS,1276
9845,GEN,
9846,OBC-NCL,2214
9847,OBC-NCL,2215
9848,GEN,
9849,GEN-EWS,1277
9850,SC,257
9851,GEN,
9852,OBC-NCL,2216
9853,OBC-NCL,2217
9854,OBC-NCL,2218
9855,GEN-EWS,1278
9856,GEN,
9857,GEN,
9858,GEN,
9859,OBC-NCL,2219
9860,GEN,
9861,SC,258
9862,GEN,
9863,GEN-EWS,1279
9864,OBC-NCL,2220
9865,OBC-NCL,2221
9866,GEN-EWS,1280
9867,GEN,
9868,OBC-NCL,2222
9869,GEN-EWS,1281
9870,OBC-NCL,2223
9871,GEN,
9872,OBC-NCL,2224
9873,GEN,
9874,GEN,
9875,GEN,
9876,GEN-EWS,1282
9877,OBC-NCL,2225
9878,OBC-NCL,2226
9879,GEN,
9880,GEN,
9881,OBC-NCL,2227
9882,SC,259
9883,GEN,
9884,GEN,
9885,GEN-EWS,1283
9886,GEN,
9887,GEN,
9888,GEN,
9889,ST,65
9890,GEN,
9891,GEN,
9892,GEN,
9893,GEN-EWS,1284
9894,GEN,
9895,SC,260
9896,GEN-EWS,1285
9897,GEN,
9898,OBC-NCL,2228
9899,OBC-NCL,2229
9900,GEN,
9901,GEN,
9902,GEN,
9903,OBC-NCL,2230
9904,OBC-NCL,2231
9905,GEN,
9906,GEN,
9907,GEN-EWS,1286
9908,SC,261
9909,GEN,
9910,GEN,
9911,GEN-EWS,1287
9912,GEN,
9913,GEN,
9914,GEN,
9915,GEN,
9916,OBC-NCL,2232
9917,GEN,
9918,OBC-NCL,2233
9919,GEN,
9920,GEN-EWS,1288
9921,GEN,
9922,GEN,
9923,GEN,
9924,GEN,
9925,SC,262
9926,OBC-NCL,2234
9927,GEN,
9928,GEN,
9929,OBC-NCL,2235
9930,OBC-NCL,2236
9931,OBC-NCL,2237
9932,GEN,
9933,GEN,
9934,GEN,
9935,OBC-NCL,2238
9936,GEN,
9937,GEN,
9938,GEN,
9939,GEN,
9940,GEN,
9941,GEN,
9942,OBC-NCL,2239
9943,GEN,
9944,GEN-EWS,1289
9945,OBC-NCL,2240
9946,ST,66
9947,GEN,
9948,OBC-NCL,2241
9949,SC,263
9950,GEN,
9951,SC,264
9952,GEN,
9953,GEN,
9954,GEN-EWS,1290
9955,GEN,
9956,GEN-EWS,1291
9957,OBC-NCL,2242
9958,GEN-EWS,1292
9959,OBC-NCL,2243
9960,GEN,
9961,OBC-NCL,2244
9962,GEN,
9963,GEN,
9964,OBC-NCL,2245
9965,SC,265
9966,GEN,
9966,GEN,
9968,GEN,
9969,GEN,
9970,GEN,
9971,GEN,
9972,GEN,
9973,OBC-NCL,2246
9974,GEN,
9975,OBC-NCL,2247
9976,SC,266
9977,OBC-NCL,2248
9978,OBC-NCL,2249
9979,GEN-EWS,1293
9980,GEN-EWS,1294
9981,GEN,
9982,GEN,
9983,OBC-NCL,2250
9984,GEN-EWS,1295
9985,GEN,
9986,OBC-NCL,2251
9987,GEN-EWS,1296
9988,GEN,
9989,OBC-NCL,2252
9990,OBC-NCL,2253
9991,GEN-EWS,1297
9992,GEN,
9993,GEN,
9994,GEN-EWS,1298
9995,GEN,
9996,GEN-EWS,1299
9997,SC,267
9998,GEN,
9999,GEN,
10000,GEN,
10001,OBC-NCL,2254
10002,GEN-EWS,1300
10003,GEN,
10004,GEN,
10005,GEN,
10006,GEN-EWS,1301
10007,GEN,
10008,GEN,
10009,OBC-NCL,2255
10010,OBC-NCL,2256
10011,OBC-NCL,2257
10012,OBC-NCL,2258
10013,GEN-EWS,1302
10014,GEN,
10015,GEN-EWS,1303
10016,OBC-NCL,2259
10017,GEN,
10018,GEN,
10019,GEN,
10020,GEN,
10021,GEN-EWS,1304
10022,GEN,
10023,GEN,
10024,OBC-NCL,2260
10025,OBC-NCL,2261
10026,GEN-EWS,1305
10027,GEN-EWS,1306
10028,SC,268
10029,OBC-NCL,2262
10030,GEN,
10031,GEN,
10032,GEN-EWS,1307
10033,GEN,
10034,OBC-NCL,2263
10035,GEN,
10036,GEN,
10037,GEN,
10038,GEN,
10039,GEN-EWS,1308
10040,GEN,
10041,OBC-NCL,2264
10042,GEN,
10043,GEN,
10044,OBC-NCL,2265
10045,GEN,
10046,GEN,
10047,GEN,
10048,GEN,
10049,GEN,
10050,GEN,
10051,OBC-NCL,2266
10052,GEN,
10053,OBC-NCL,2267
10054,GEN,
10055,GEN-EWS,1309
10056,GEN,
10057,OBC-NCL,2268
10058,SC,269
10059,GEN,
10060,GEN,
10061,GEN,
10062,SC,270
10063,OBC-NCL,2269
10064,GEN-EWS,1310
10065,OBC-NCL,2270
10066,GEN,
10067,GEN,
10068,GEN-EWS,1311
10069,OBC-NCL,2271
10070,GEN,
10071,GEN,
10072,GEN,
10073,GEN,
10074,OBC-NCL,2272
10075,GEN,
10076,GEN,
10077,GEN,
10078,GEN-EWS,1312
10079,GEN-EWS,1313
10079,OBC-NCL,2273
10081,OBC-NCL,2274
10082,SC,271
10083,GEN,
10084,GEN,
10085,OBC-NCL,2275
10086,GEN,
10087,GEN-EWS,1314
10088,GEN-EWS,1315
10089,OBC-NCL,2276
10090,GEN,
10091,OBC-NCL,2277
10092,GEN,
10093,GEN,
10094,GEN,
10095,OBC-NCL,2278
10096,GEN,
10097,GEN,
10098,GEN,
10099,GEN,
10100,SC,272
10101,OBC-NCL,2279
10102,GEN,
10103,GEN,
10104,GEN,
10105,OBC-NCL,2280
10106,GEN,
10107,GEN,
10108,OBC-NCL,2281
10109,GEN,
10110,OBC-NCL,2282
10111,GEN,
10112,GEN,
10113,OBC-NCL,2283
10114,OBC-NCL,2284
10115,GEN-EWS,1316
10116,OBC-NCL,2285
10117,GEN,
10118,GEN,
10119,OBC-NCL,2286
10120,GEN,
10121,GEN,
10122,OBC-NCL,2287
10123,OBC-NCL,2288
10124,OBC-NCL,2289
10125,OBC-NCL,2290
10126,GEN,
10127,GEN,
10128,GEN,
10129,GEN,
10130,GEN-EWS,1317
10131,OBC-NCL,2291
10132,OBC-NCL,2292
10133,GEN,
10134,GEN-EWS,1318
10135,GEN,
10136,GEN-EWS,1319
10137,GEN,
10138,GEN,
10139,GEN,
10140,GEN,
10141,GEN-EWS,1320
10142,GEN,
10143,GEN-EWS,1321
10144,GEN,
10145,GEN,
10146,GEN,
10147,GEN,
10148,OBC-NCL,2293
10149,GEN,
10150,GEN,
10151,GEN,
10152,GEN,
10153,GEN,
10154,OBC-NCL,2294
10155,GEN,
10156,GEN,
10157,OBC-NCL,2295
10158,GEN,
10159,OBC-NCL,2296
10160,OBC-NCL,2297
10161,SC,273
10162,GEN,
10163,OBC-NCL,2298
10164,OBC-NCL,2299
10165,GEN-EWS,1322
10166,GEN,
10167,GEN,
10168,GEN-EWS,1323
10169,GEN,
10170,OBC-NCL,2300
10171,OBC-NCL,2301
10172,GEN,
10173,SC,274
10174,OBC-NCL,2302
10175,GEN,
10176,GEN,
10177,OBC-NCL,2303
10178,GEN,
10179,OBC-NCL,2304
10180,ST,67
10181,ST,68
10182,GEN,
10183,GEN,
10184,GEN-EWS,1324
10185,OBC-NCL,2305
10186,GEN,
10187,GEN,
10188,GEN,
10189,GEN,
10190,GEN-EWS,1325
10191,OBC-NCL,2306
10192,GEN,
10193,OBC-NCL,2307
10194,GEN-EWS,1326
10195,GEN,
10196,GEN,
10197,GEN-EWS,1327
10198,GEN-EWS,1328
10199,GEN-EWS,1329
10200,GEN,
10201,OBC-NCL,2308
10202,GEN,
10203,GEN-EWS,1330
10204,OBC-NCL,2309
10205,GEN,
10206,GEN,
10207,GEN,
10208,GEN,
10209,GEN,
10210,GEN-EWS,1331
10211,GEN,
10212,GEN-EWS,1332
10213,GEN,
10214,GEN-EWS,1333
10215,OBC-NCL,2310
10216,GEN,
10217,GEN-EWS,1334
10218,GEN-EWS,1335
10219,GEN,
10220,GEN,
10221,GEN,
10222,OBC-NCL,2311
10223,OBC-NCL,2312
10224,GEN,
10225,GEN,
10226,OBC-NCL,2313
10227,OBC-NCL,2314
10228,GEN-EWS,1336
10229,OBC-NCL,2315
10230,OBC-NCL,2316
10231,OBC-NCL,2317
10232,GEN,
10233,OBC-NCL,2318
10233,OBC-NCL,2318
10235,OBC-NCL,2320
10236,OBC-NCL,2321
10237,OBC-NCL,2322
10238,SC,275
10239,GEN,
10240,SC,276
10241,GEN,
10242,GEN,
10243,GEN,
10244,GEN,
10245,GEN,
10246,OBC-NCL,2323
10247,OBC-NCL,2324
10248,OBC-NCL,2325
10249,OBC-NCL,2326
10250,GEN,
10251,GEN,
10252,GEN,
10253,GEN-EWS,1337
10254,GEN,
10255,GEN,
10256,OBC-NCL,2327
10257,GEN,
10258,GEN,
10259,GEN-EWS,1338
10260,GEN,
10261,OBC-NCL,2328
10262,GEN,
10263,GEN,
10264,GEN,
10265,OBC-NCL,2329
10266,GEN,
10267,GEN,
10268,GEN,
10269,GEN,
10270,GEN,
10271,OBC-NCL,2330
10272,GEN,
10273,GEN,
10274,GEN,
10275,GEN-EWS,1339
10276,OBC-NCL,2331
10277,OBC-NCL,2332
10278,GEN,
10279,GEN,
10280,GEN-EWS,1340
10281,GEN-EWS,1341
10282,OBC-NCL,2333
10283,GEN,
10284,OBC-NCL,2334
10285,OBC-NCL,2335
10286,GEN-EWS,1342
10287,SC,277
10288,OBC-NCL,2336
10289,OBC-NCL,2337
10290,GEN,
10291,OBC-NCL,2338
10292,GEN-EWS,1343
10293,SC,278
10294,GEN,
10295,GEN,
10296,SC,279
10297,GEN,
10298,GEN,
10299,GEN-EWS,1344
10300,GEN,
10301,GEN,
10302,GEN,
10303,GEN,
10304,GEN,
10305,GEN-EWS,1345
10306,OBC-NCL,2339
10307,GEN,
10308,GEN,
10309,GEN,
10310,GEN,
10311,OBC-NCL,2340
10312,OBC-NCL,2341
10313,SC,280
10314,GEN-EWS,1346
10315,GEN,
10316,GEN,
10317,GEN,
10318,OBC-NCL,2342
10319,GEN,
10320,GEN-EWS,1347
10321,GEN,
10322,SC,281
10323,GEN-EWS,1348
10324,GEN-EWS,1349
10325,GEN-EWS,1350
10326,GEN,
10327,GEN,
10328,GEN-EWS,1351
10329,GEN-EWS,1352
10330,OBC-NCL,2343
10331,GEN-EWS,1353
10332,OBC-NCL,2344
10333,GEN,
10334,GEN-EWS,1354
10335,GEN-EWS,1355
10336,GEN,
10337,GEN,
10338,OBC-NCL,2345
10339,GEN-EWS,1356
10340,GEN,
10341,GEN,
10342,GEN,
10343,GEN-EWS,1357
10344,GEN-EWS,1358
10345,GEN,
10346,GEN,
10347,GEN,
10348,OBC-NCL,2346
10349,GEN,
10350,OBC-NCL,2347
10351,GEN-EWS,1359
10352,OBC-NCL,2348
10353,GEN,
10354,OBC-NCL,2349
10355,GEN,
10356,GEN,
10357,OBC-NCL,2350
10358,GEN,
10359,GEN,
10360,GEN,
10361,OBC-NCL,2351
10362,OBC-NCL,2352
10363,OBC-NCL,2353
10364,GEN,
10365,OBC-NCL,2354
10366,OBC-NCL,2355
10367,GEN,
10368,GEN-EWS,1360
10369,GEN,
10370,GEN,
10371,GEN,
10372,OBC-NCL,2356
10373,GEN,
10374,GEN,
10375,SC,282
10376,GEN,
10377,GEN,
10378,GEN,
10379,GEN,
10380,GEN,
10381,OBC-NCL,2357
10381,SC,283
10383,GEN,
10384,OBC-NCL,2358
10385,OBC-NCL,2359
10386,OBC-NCL,2360
10387,GEN,
10388,OBC-NCL,2361
10389,OBC-NCL,2362
10390,OBC-NCL,2363
10391,GEN,
10392,GEN,
10393,OBC-NCL,2364
10394,OBC-NCL,2365
10395,GEN-EWS,1361
10396,OBC-NCL,2366
10397,GEN,
10398,OBC-NCL,2367
10399,OBC-NCL,2368
10400,OBC-NCL,2369
10401,GEN-EWS,1362
10402,GEN,
10403,GEN,
10404,GEN-EWS,1363
10405,GEN,
10406,GEN,
10407,GEN,
10408,GEN-EWS,1364
10409,OBC-NCL,2370
10410,GEN-EWS,1365
10411,GEN,
10412,GEN-EWS,1366
10413,GEN,
10414,GEN-EWS,1367
10415,OBC-NCL,2371
10416,GEN,
10417,OBC-NCL,2372
10418,GEN,
10419,OBC-NCL,2373
10420,OBC-NCL,2374
10421,GEN,
10422,GEN,
10423,OBC-NCL,2375
10424,GEN,
10425,OBC-NCL,2376
10426,OBC-NCL,2377
10427,GEN,
10428,OBC-NCL,2378
10429,OBC-NCL,2379
10430,GEN,
10431,GEN,
10432,GEN,
10433,SC,284
10434,GEN,
10435,GEN,
10436,OBC-NCL,2380
10437,GEN,
10438,GEN,
10439,GEN,
10440,GEN-EWS,1368
10441,SC,285
10442,OBC-NCL,2381
10443,SC,286
10444,GEN,
10445,GEN,
10446,GEN,
10447,GEN,
10448,GEN,
10449,OBC-NCL,2382
10450,GEN,
10451,GEN,
10452,GEN-EWS,1369
10453,OBC-NCL,2383
10454,GEN-EWS,1370
10455,GEN,
10456,GEN,
10457,GEN,
10458,GEN,
10459,GEN-EWS,1371
10460,OBC-NCL,2384
10461,GEN-EWS,1372
10462,GEN-EWS,1373
10463,OBC-NCL,2385
10464,GEN,
10465,OBC-NCL,2386
10466,OBC-NCL,2387
10467,GEN-EWS,1374
10468,OBC-NCL,2388
10469,GEN-EWS,1375
10470,GEN,
10471,GEN,
10472,OBC-NCL,2389
10473,GEN,
10474,GEN,
10475,GEN,
10476,GEN,
10477,SC,287
10478,OBC-NCL,2390
10479,GEN,
10480,GEN-EWS,1376
10481,SC,288
10482,OBC-NCL,2391
10483,GEN,
10484,GEN,
10485,GEN,
10486,GEN-EWS,1377
10487,GEN,
10488,GEN,
10489,GEN,
10490,GEN,
10491,OBC-NCL,2392
10492,GEN,
10493,GEN,
10494,GEN-EWS,1378
10495,GEN-EWS,1379
10496,GEN-EWS,1380
10497,GEN,
10498,GEN,
10499,OBC-NCL,2393
10500,GEN,
10501,GEN,
10502,GEN-EWS,1381
10503,GEN,
10504,GEN,
10505,OBC-NCL,2394
10506,GEN,
10507,GEN,
10508,OBC-NCL,2395
10509,GEN-EWS,1382
10510,ST,69
10511,GEN-EWS,1383
10512,GEN-EWS,1384
10513,GEN-EWS,1385
10514,GEN-EWS,1386
10515,OBC-NCL,2396
10516,GEN,
10517,OBC-NCL,2397
10518,GEN-EWS,1387
10519,GEN,
10520,GEN,
10521,OBC-NCL,2398
10522,GEN,
10523,OBC-NCL,2399
10524,GEN,
10525,GEN,
10526,GEN-EWS,1388
10527,GEN,
10528,GEN,
10529,GEN,
10530,GEN,
10531,SC,289
10532,OBC-NCL,2400
10533,GEN-EWS,1389
10534,GEN,
10535,GEN,
10536,OBC-NCL,2401
10537,GEN,
10538,OBC-NCL,2402
10539,OBC-NCL,2403
10540,GEN-EWS,1390
10541,GEN,
10542,OBC-NCL,2404
10543,GEN,
10544,OBC-NCL,2405
10545,GEN,
10546,GEN,
10547,GEN,
10548,OBC-NCL,2406
10549,GEN,
10550,GEN,
10551,OBC-NCL,2407
10552,SC,290
10553,GEN,
10554,GEN-EWS,1391
10555,GEN-EWS,1392
10556,GEN,
10557,GEN,
10558,GEN,
10559,OBC-NCL,2408
10560,OBC-NCL,2409
10561,GEN,
10562,GEN-EWS,1393
10563,GEN,
10564,GEN-EWS,1394
10565,GEN,
10566,GEN,
10567,OBC-NCL,2410
10568,GEN,
10569,GEN,
10570,GEN,
10571,GEN,
10572,GEN-EWS,1395
10573,OBC-NCL,2411
10574,OBC-NCL,2412
10575,GEN,
10576,GEN,
10577,ST,70
10578,GEN,
10579,OBC-NCL,2413
10580,GEN,
10581,GEN,
10582,GEN,
10583,GEN,
10584,OBC-NCL,2414
10585,GEN,
10586,GEN,
10587,GEN,
10588,GEN,
10589,GEN,
10590,GEN,
10591,GEN,
10592,GEN,
10593,GEN-EWS,1396
10594,SC,291
10595,GEN,
10596,OBC-NCL,2415
10597,GEN,
10598,GEN,
10599,GEN,
10600,GEN,
10601,OBC-NCL,2416
10602,GEN-EWS,1397
10603,OBC-NCL,2417
10604,GEN,
10605,OBC-NCL,2418
10606,GEN-EWS,1398
10607,GEN,
10608,SC,292
10609,GEN,
10610,SC,293
10611,GEN,
10612,GEN,
10613,OBC-NCL,2419
10614,OBC-NCL,2420
10615,GEN-EWS,1399
10616,GEN-EWS,1400
10617,GEN,
10618,GEN-EWS,1401
10619,GEN,
10620,GEN,
10621,GEN,
10622,OBC-NCL,2421
10623,SC,294
10624,GEN,
10625,GEN,
10626,GEN,
10627,OBC-NCL,2422
10628,OBC-NCL,2423
10629,GEN,
10630,GEN,
10631,GEN,
10632,GEN,
10633,GEN,
10634,GEN,
10635,GEN,
10636,OBC-NCL,2424
10637,OBC-NCL,2425
10638,GEN,
10639,GEN,
10640,GEN-EWS,1402
10641,OBC-NCL,2426
10642,GEN,
10643,GEN,
10644,ST,71
10645,GEN,
10646,OBC-NCL,2427
10647,GEN-EWS,1403
10648,GEN,
10649,OBC-NCL,2428
10650,GEN,
10650,OBC-NCL,2429
10652,GEN,
10653,OBC-NCL,2430
10654,OBC-NCL,2431
10655,OBC-NCL,2432
10656,GEN,
10657,GEN,
10658,GEN,
10659,OBC-NCL,2433
10660,OBC-NCL,2434
10661,OBC-NCL,2435
10662,OBC-NCL,2436
10663,GEN,
10664,GEN-EWS,1404
10665,GEN-EWS,1405
10666,SC,295
10667,GEN-EWS,1406
10668,GEN,
10669,OBC-NCL,2437
10670,GEN,
10671,GEN-EWS,1407
10672,GEN,
10673,OBC-NCL,2438
10674,GEN,
10675,GEN,
10676,GEN,
10677,GEN,
10678,GEN,
10679,GEN,
10680,GEN-EWS,1408
10681,GEN,
10682,OBC-NCL,2439
10683,GEN,
10684,GEN,
10685,OBC-NCL,2440
10686,GEN,
10687,GEN-EWS,1409
10688,GEN,
10689,GEN,
10690,GEN,
10691,GEN,
10692,GEN,
10693,GEN,
10694,GEN,
10695,GEN,
10696,GEN,
10697,GEN,
10698,GEN,
10699,GEN,
10700,GEN-EWS,1410
10701,OBC-NCL,2441
10702,OBC-NCL,2442
10703,GEN,
10704,OBC-NCL,2443
10705,GEN,
10706,GEN-EWS,1411
10707,SC,296
10708,GEN,
10709,GEN,
10710,GEN,
10711,GEN,
10712,GEN,
10713,SC,297
10714,GEN,
10715,GEN,
10716,GEN-EWS,1412
10717,OBC-NCL,2444
10718,OBC-NCL,2445
10719,GEN-EWS,1413
10720,OBC-NCL,2446
10721,SC,298
10722,GEN-EWS,1414
10723,GEN,
10724,OBC-NCL,2447
10725,GEN,
10726,OBC-NCL,2448
10727,GEN,
10728,GEN,
10729,GEN-EWS,1415
10730,GEN,
10731,GEN,
10732,GEN,
10733,GEN,
10734,GEN-EWS,1416
10735,OBC-NCL,2449
10736,GEN-EWS,1417
10737,OBC-NCL,2450
10738,GEN,
10739,GEN,
10740,GEN,
10741,GEN,
10742,OBC-NCL,2451
10743,OBC-NCL,2452
10744,GEN,
10745,GEN,
10746,SC,299
10747,OBC-NCL,2453
10748,GEN-EWS,1418
10749,GEN,
10749,GEN-EWS,1419
10751,GEN,
10752,GEN-EWS,1420
10753,GEN,
10753,GEN,
10753,OBC-NCL,2454
10756,GEN,
10757,OBC-NCL,2455
10758,GEN,
10759,GEN,
10760,GEN-EWS,1421
10761,GEN,
10762,SC,300
10763,GEN,
10764,OBC-NCL,2456
10765,OBC-NCL,2457
10766,OBC-NCL,2458
10767,GEN,
10768,GEN,
10769,GEN-EWS,1422
10770,GEN,
10771,OBC-NCL,2459
10772,GEN,
10772,OBC-NCL,2460
10774,GEN,
10775,OBC-NCL,2461
10776,OBC-NCL,2462
10777,OBC-NCL,2463
10778,GEN,
10779,GEN,
10780,GEN,
10781,GEN,
10782,SC,301
10783,GEN-EWS,1423
10784,GEN,
10785,GEN,
10786,GEN-EWS,1424
10787,GEN,
10788,GEN,
10789,GEN,
10790,OBC-NCL,2464
10791,OBC-NCL,2465
10792,GEN,
10793,GEN,
10794,GEN-EWS,1425
10795,GEN,
10796,GEN-EWS,1426
10797,GEN,
10798,OBC-NCL,2466
10799,OBC-NCL,2467
10800,GEN,
10801,GEN,
10802,GEN,
10803,OBC-NCL,2468
10804,GEN,
10805,GEN,
10806,GEN-EWS,1427
10807,GEN,
10808,GEN-EWS,1428
10809,OBC-NCL,2469
10810,GEN,
10811,GEN,
10812,GEN,
10813,GEN,
10814,GEN,
10815,GEN,
10816,OBC-NCL,2470
10817,GEN,
10818,GEN,
10819,GEN-EWS,1429
10820,GEN-EWS,1430
10821,GEN,
10822,GEN,
10823,GEN,
10824,GEN-EWS,1431
10825,OBC-NCL,2471
10826,OBC-NCL,2472
10827,OBC-NCL,2473
10828,GEN,
10829,GEN-EWS,1432
10830,GEN,
10831,GEN,
10832,OBC-NCL,2474
10833,GEN,
10834,GEN-EWS,1433
10835,OBC-NCL,2475
10836,GEN,
10837,GEN,
10838,OBC-NCL,2476
10839,GEN-EWS,1434
10840,GEN,
10841,GEN,
10842,GEN,
10843,GEN,
10844,OBC-NCL,2477
10845,GEN,
10846,GEN,
10847,GEN-EWS,1435
10848,OBC-NCL,2478
10849,OBC-NCL,2479
10850,GEN,
10851,GEN,
10852,OBC-NCL,2480
10853,GEN,
10854,OBC-NCL,2481
10855,OBC-NCL,2482
10856,OBC-NCL,2483
10857,GEN,
10858,GEN,
10859,SC,302
10860,GEN,
10861,GEN,
10862,GEN,
10863,GEN,
10864,GEN,
10865,ST,72
10866,GEN,
10867,OBC-NCL,2484
10868,GEN,
10869,SC,303
10870,OBC-NCL,2485
10871,SC,304
10872,GEN,
10873,GEN,
10874,OBC-NCL,2486
10875,OBC-NCL,2487
10876,GEN,
10877,GEN,
10878,GEN,
10879,OBC-NCL,2488
10880,GEN-EWS,1436
10881,GEN,
10881,GEN-EWS,1437
10883,GEN,
10884,GEN,
10885,GEN,
10886,GEN-EWS,1438
10887,GEN,
10888,GEN-EWS,1439
10889,GEN,
10890,OBC-NCL,2489
10891,GEN,
10892,OBC-NCL,2490
10893,OBC-NCL,2491
10894,GEN,
10895,OBC-NCL,2492
10896,GEN,
10897,GEN,
10898,GEN,
10899,OBC-NCL,2493
10900,GEN,
10901,GEN,
10902,GEN-EWS,1440
10903,OBC-NCL,2494
10904,OBC-NCL,2495
10905,GEN,
10906,GEN,
10907,OBC-NCL,2496
10908,GEN,
10909,GEN,
10910,GEN,
10911,GEN-EWS,1441
10912,GEN,
10913,GEN,
10914,OBC-NCL,2497
10915,GEN,
10916,OBC-NCL,2498
10917,GEN,
10918,GEN,
10919,GEN,
10920,OBC-NCL,2499
10921,GEN-EWS,1442
10922,GEN,
10923,GEN,
10924,OBC-NCL,2500
10925,OBC-NCL,2501
10926,OBC-NCL,2502
10927,GEN,
10928,GEN-EWS,1443
10929,GEN-EWS,1444
10930,GEN,
10931,OBC-NCL,2503
10932,GEN,
10933,OBC-NCL,2504
10934,OBC-NCL,2505
10935,OBC-NCL,2506
10936,OBC-NCL,2507
10937,GEN,
10938,GEN,
10939,GEN-EWS,1445
10940,GEN-EWS,1446
10941,GEN,
10942,GEN,
10943,GEN,
10944,GEN,
10945,GEN,
10946,GEN,
10947,OBC-NCL,2508
10948,GEN,
10949,GEN,
10950,GEN,
10951,GEN,
10952,OBC-NCL,2509
10953,OBC-NCL,2510
10954,GEN,
10955,OBC-NCL,2511
10956,GEN,
10957,GEN,
10958,GEN,
10959,OBC-NCL,2512
10960,OBC-NCL,2513
10961,GEN,
10962,OBC-NCL,2514
10963,GEN,
10964,OBC-NCL,2515
10965,GEN,
10966,GEN,
10967,GEN,
10968,OBC-NCL,2516
10969,GEN,
10970,GEN,
10971,GEN,
10972,GEN,
10973,GEN,
10974,OBC-NCL,2517
10975,GEN,
10976,GEN,
10977,GEN,
10978,OBC-NCL,2518
10979,GEN,
10980,GEN-EWS,1447
10981,GEN,
10982,OBC-NCL,2519
10983,OBC-NCL,2520
10983,OBC-NCL,2520
10985,GEN,
10986,OBC-NCL,2522
10987,GEN,
10988,OBC-NCL,2523
10989,ST,73
10990,GEN,
10991,GEN-EWS,1448
10992,GEN,
10993,GEN,
10994,GEN,
10995,OBC-NCL,2524
10996,GEN-EWS,1449
10997,OBC-NCL,2525
10998,OBC-NCL,2526
10999,OBC-NCL,2527
11000,OBC-NCL,2528
11001,GEN,
11002,GEN,
11003,GEN,
11004,GEN,
11005,GEN-EWS,1450
11006,GEN-EWS,1451
11007,OBC-NCL,2529
11008,OBC-NCL,2530
11009,OBC-NCL,2531
11010,GEN,
11011,GEN,
11012,GEN,
11013,GEN,
11014,OBC-NCL,2532
11015,GEN-EWS,1452
11016,GEN-EWS,1453
11017,GEN,
11018,GEN,
11019,GEN,
11020,OBC-NCL,2533
11021,GEN,
11022,GEN-EWS,1454
11023,GEN,
11024,GEN,
11025,GEN,
11025,OBC-NCL,2534
11027,GEN,
11028,GEN,
11029,GEN-EWS,1455
11030,SC,305
11031,SC,306
11032,GEN,
11033,OBC-NCL,2535
11034,GEN,
11035,GEN-EWS,1456
11036,GEN,
11037,GEN,
11038,OBC-NCL,2536
11039,GEN-EWS,1457
11040,OBC-NCL,2537
11041,OBC-NCL,2538
11042,OBC-NCL,2539
11043,GEN,
11044,OBC-NCL,2540
11045,GEN,
11046,GEN,
11047,OBC-NCL,2541
11048,GEN-EWS,1458
11049,OBC-NCL,2542
11050,GEN,
11051,OBC-NCL,2543
11052,GEN,
11053,GEN,
11054,GEN,
11055,GEN-EWS,1459
11056,GEN,
11057,GEN,
11058,GEN-EWS,1460
11059,GEN,
11060,GEN,
11061,OBC-NCL,2544
11062,GEN,
11063,GEN,
11064,OBC-NCL,2545
11065,GEN,
11066,GEN-EWS,1461
11067,OBC-NCL,2546
11068,GEN,
11069,GEN,
11070,GEN,
11071,GEN,
11072,GEN,
11073,OBC-NCL,2547
11074,GEN-EWS,1462
11075,GEN,
11076,GEN-EWS,1463
11077,OBC-NCL,2548
11078,OBC-NCL,2549
11079,OBC-NCL,2550
11080,GEN,
11081,GEN,
11082,GEN,
11083,GEN,
11084,OBC-NCL,2551
11085,GEN,
11086,OBC-NCL,2552
11087,GEN-EWS,1464
11088,SC,307
11089,GEN,
11090,GEN,
11091,GEN,
11092,GEN,
11093,OBC-NCL,2553
11094,GEN,
11095,OBC-NCL,2554
11096,GEN,
11097,GEN-EWS,1465
11098,OBC-NCL,2555
11099,GEN,
11100,GEN,
11101,GEN,
11102,OBC-NCL,2556
11103,GEN,
11104,OBC-NCL,2557
11105,GEN-EWS,1466
11106,SC,308
11107,OBC-NCL,2558
11108,OBC-NCL,2559
11109,GEN,
11110,GEN,
11111,GEN,
11112,OBC-NCL,2560
11112,SC,309
11114,GEN,
11115,GEN-EWS,1467
11116,OBC-NCL,2561
11117,GEN-EWS,1468
11117,GEN-EWS,1468
11119,OBC-NCL,2562
11120,GEN,
11121,GEN,
11122,GEN,
11123,GEN,
11124,GEN-EWS,1470
11125,OBC-NCL,2563
11126,GEN-EWS,1471
11127,GEN,
11128,GEN,
11129,GEN,
11130,GEN-EWS,1472
11131,GEN-EWS,1473
11132,GEN,
11133,GEN-EWS,1474
11134,GEN,
11135,GEN,
11136,GEN,
11137,GEN,
11138,OBC-NCL,2564
11139,GEN,
11140,GEN,
11141,GEN-EWS,1475
11142,GEN,
11143,GEN,
11144,GEN,
11145,GEN,
11146,OBC-NCL,2565
11147,OBC-NCL,2566
11148,GEN-EWS,1476
11149,OBC-NCL,2567
11150,GEN-EWS,1477
11151,GEN,
11152,GEN,
11153,GEN-EWS,1478
11154,OBC-NCL,2568
11155,GEN,
11156,GEN-EWS,1479
11157,GEN,
11158,GEN,
11159,GEN,
11160,OBC-NCL,2569
11161,GEN,
11162,OBC-NCL,2570
11163,GEN,
11164,GEN,
11165,GEN-EWS,1480
11166,GEN,
11167,GEN-EWS,1481
11168,OBC-NCL,2571
11169,OBC-NCL,2572
11170,OBC-NCL,2573
11171,GEN,
11172,OBC-NCL,2574
11173,GEN,
11174,OBC-NCL,2575
11175,GEN-EWS,1482
11176,GEN-EWS,1483
11177,GEN-EWS,1484
11178,GEN,
11179,GEN,
11180,GEN,
11181,GEN,
11182,SC,310
11183,GEN,
11184,GEN,
11185,GEN,
11186,OBC-NCL,2576
11187,GEN-EWS,1485
11188,GEN-EWS,1486
11189,OBC-NCL,2577
11190,GEN,
11191,GEN,
11192,GEN,
11193,GEN,
11194,GEN,
11195,OBC-NCL,2578
11196,GEN,
11197,GEN,
11198,GEN,
11199,GEN,
11200,OBC-NCL,2579
11201,OBC-NCL,2580
11202,GEN-EWS,1487
11203,GEN,
11204,GEN,
11205,GEN,
11206,GEN,
11207,GEN,
11208,GEN-EWS,1488
11209,GEN,
11210,SC,311
11211,OBC-NCL,2581
11212,GEN-EWS,1489
11213,GEN,
11214,OBC-NCL,2582
11215,OBC-NCL,2583
11216,OBC-NCL,2584
11217,GEN,
11218,GEN-EWS,1490
11219,GEN,
11220,OBC-NCL,2585
11221,OBC-NCL,2586
11222,GEN,
11223,GEN,
11224,GEN,
11225,GEN,
11226,OBC-NCL,2587
11227,OBC-NCL,2588
11228,OBC-NCL,2589
11229,GEN,
11230,GEN-EWS,1491
11231,GEN-EWS,1492
11232,OBC-NCL,2590
11233,GEN,
11234,OBC-NCL,2591
11235,GEN-EWS,1493
11236,GEN,
11237,GEN,
11238,GEN,
11239,GEN,
11240,OBC-NCL,2592
11241,GEN,
11242,GEN,
11243,GEN,
11244,GEN,
11245,GEN,
11246,GEN,
11247,GEN-EWS,1494
11248,GEN,
11249,ST,74
11250,GEN,
11251,GEN,
11252,GEN,
11253,GEN,
11254,GEN,
11255,GEN,
11256,GEN-EWS,1495
11257,GEN,
11258,GEN,
11259,GEN,
11260,SC,312
11261,OBC-NCL,2593
11262,GEN-EWS,1496
11263,GEN,
11264,OBC-NCL,2594
11265,GEN-EWS,1497
11266,GEN,
11267,GEN,
11268,GEN,
11269,GEN,
11270,GEN-EWS,1498
11271,GEN,
11272,GEN,
11273,GEN,
11274,GEN-EWS,1499
11275,GEN,
11276,GEN,
11277,GEN,
11278,GEN,
11279,OBC-NCL,2595
11280,OBC-NCL,2596
11281,GEN,
11282,GEN,
11283,GEN,
11284,GEN,
11285,GEN,
11286,OBC-NCL,2597
11287,GEN,
11288,GEN,
11289,GEN,
11290,OBC-NCL,2598
11291,GEN,
11292,GEN,
11293,GEN-EWS,1500
11294,OBC-NCL,2599
11295,GEN-EWS,1501
11296,GEN,
11297,GEN,
11298,GEN,
11299,OBC-NCL,2600
11300,GEN,
11301,GEN,
11302,GEN,
11303,OBC-NCL,2601
11304,GEN,
11305,GEN,
11306,GEN,
11307,GEN,
11308,GEN,
11309,GEN,
11310,GEN,
11311,GEN-EWS,1502
11312,GEN,
11313,GEN,
11314,GEN,
11315,GEN,
11316,GEN,
11317,GEN,
11318,GEN,
11319,GEN-EWS,1503
11320,GEN,
11321,GEN-EWS,1504
11322,GEN,
11323,OBC-NCL,2602
11324,GEN,
11325,GEN,
11326,GEN-EWS,1505
11327,GEN-EWS,1506
11328,GEN-EWS,1507
11329,GEN,
11330,GEN,
11331,GEN,
11332,GEN,
11333,GEN,
11334,GEN-EWS,1508
11335,OBC-NCL,2603
11336,GEN,
11337,GEN,
11338,GEN,
11339,GEN,
11340,OBC-NCL,2604
11341,GEN,
11342,OBC-NCL,2605
11343,GEN,
11344,GEN,
11345,GEN-EWS,1509
11346,GEN-EWS,1510
11347,GEN,
11348,GEN,
11349,OBC-NCL,2606
11350,GEN,
11351,OBC-NCL,2607
11352,GEN,
11353,GEN-EWS,1511
11354,GEN,
11355,OBC-NCL,2608
11356,OBC-NCL,2609
11357,OBC-NCL,2610
11358,GEN,
11359,GEN,
11360,OBC-NCL,2611
11361,OBC-NCL,2612
11362,GEN,
11363,GEN,
11364,GEN-EWS,1512
11365,OBC-NCL,2613
11366,GEN,
11367,ST,75
11368,GEN-EWS,1513
11369,GEN-EWS,1514
11370,SC,313
11371,GEN-EWS,1515
11372,GEN,
11373,SC,314
11374,OBC-NCL,2614
11375,GEN,
11376,GEN,
11377,OBC-NCL,2615
11378,GEN,
11379,GEN,
11380,GEN-EWS,1516
11381,OBC-NCL,2616
11382,OBC-NCL,2617
11383,GEN,
11384,GEN,
11385,GEN-EWS,1517
11386,OBC-NCL,2618
11386,SC,315
11388,GEN,
11389,GEN,
11390,OBC-NCL,2619
11391,OBC-NCL,2620
11392,GEN,
11393,GEN,
11394,GEN,
11395,OBC-NCL,2621
11396,OBC-NCL,2622
11397,GEN-EWS,1518
11398,GEN-EWS,1519
11399,OBC-NCL,2623
11400,GEN,
11401,GEN,
11402,GEN-EWS,1520
11403,OBC-NCL,2624
11404,OBC-NCL,2625
11405,OBC-NCL,2626
11406,OBC-NCL,2627
11407,GEN,
11408,OBC-NCL,2628
11409,OBC-NCL,2629
11410,OBC-NCL,2630
11411,GEN,
11412,GEN-EWS,1521
11413,GEN,
11414,GEN,
11415,GEN,
11416,GEN,
11417,GEN,
11417,OBC-NCL,2631
11419,GEN,
11420,GEN,
11421,GEN,
11422,GEN-EWS,1522
11423,GEN,
11424,OBC-NCL,2632
11425,OBC-NCL,2633
11426,GEN,
11427,OBC-NCL,2634
11428,GEN-EWS,1523
11429,SC,316
11430,GEN,
11431,OBC-NCL,2635
11432,OBC-NCL,2636
11433,GEN,
11434,GEN,
11435,GEN,
11436,GEN,
11437,GEN,
11438,GEN,
11439,OBC-NCL,2637
11440,GEN,
11441,GEN,
11442,GEN,
11443,GEN,
11444,GEN,
11445,GEN,
11446,GEN-EWS,1524
11447,OBC-NCL,2638
11448,GEN,
11449,GEN,
11450,OBC-NCL,2639
11451,GEN,
11452,GEN,
11453,GEN,
11454,OBC-NCL,2640
11455,OBC-NCL,2641
11456,GEN,
11457,GEN,
11458,GEN,
11459,OBC-NCL,2642
11460,GEN,
11461,GEN,
11462,GEN-EWS,1525
11463,GEN-EWS,1526
11464,GEN,
11465,GEN-EWS,1527
11466,GEN-EWS,1528
11467,OBC-NCL,2643
11468,GEN,
11469,GEN-EWS,1529
11470,GEN,
11471,GEN,
11472,GEN,
11473,GEN,
11474,GEN,
11475,GEN,
11476,GEN,
11477,GEN-EWS,1530
11478,GEN-EWS,1531
11479,OBC-NCL,2644
11480,GEN,
11481,OBC-NCL,2645
11482,OBC-NCL,2646
11483,GEN,
11484,GEN,
11485,GEN,
11486,SC,317
11487,GEN-EWS,1532
11488,OBC-NCL,2647
11489,OBC-NCL,2648
11490,GEN,
11491,GEN,
11492,OBC-NCL,2649
11493,GEN,
11494,GEN,
11495,GEN,
11496,GEN,
11497,OBC-NCL,2650
11498,GEN-EWS,1533
11499,GEN,
11500,GEN,
11501,GEN-EWS,1534
11502,GEN,
11503,GEN,
11504,GEN,
11504,SC,318
11506,OBC-NCL,2651
11507,GEN,
11508,GEN,
11509,GEN-EWS,1535
11510,OBC-NCL,2652
11511,OBC-NCL,2653
11512,GEN,
11513,GEN,
11514,SC,319
11515,OBC-NCL,2654
11516,OBC-NCL,2655
11517,OBC-NCL,2656
11518,GEN,
11519,OBC-NCL,2657
11520,GEN,
11521,GEN,
11522,OBC-NCL,2658
11523,OBC-NCL,2659
11524,GEN,
11525,GEN,
11526,SC,320
11527,OBC-NCL,2660
11528,SC,321
11529,OBC-NCL,2661
11530,GEN,
11531,GEN-EWS,1536
11532,GEN,
11533,GEN,
11534,OBC-NCL,2662
11535,GEN,
11536,GEN-EWS,1537
11537,GEN,
11538,GEN,
11539,GEN,
11540,GEN,
11541,GEN,
11542,GEN,
11543,OBC-NCL,2663
11544,OBC-NCL,2664
11545,OBC-NCL,2665
11546,GEN,
11547,GEN-EWS,1538
11548,GEN,
11549,OBC-NCL,2666
11550,GEN,
11551,GEN,
11552,GEN,
11553,GEN,
11554,GEN,
11555,GEN,
11556,GEN,
11557,GEN,
11558,OBC-NCL,2667
11559,GEN,
11560,GEN,
11561,GEN-EWS,1539
11562,GEN,
11563,OBC-NCL,2668
11564,GEN,
11565,GEN,
11566,GEN,
11567,GEN,
11568,GEN,
11569,OBC-NCL,2669
11570,OBC-NCL,2670
11571,OBC-NCL,2671
11572,GEN,
11573,OBC-NCL,2672
11574,GEN-EWS,1540
11575,GEN-EWS,1541
11576,OBC-NCL,2673
11577,GEN,
11578,OBC-NCL,2674
11579,GEN,
11580,GEN,
11581,GEN-EWS,1542
11582,GEN,
11583,GEN,
11583,GEN-EWS,1543
11585,GEN,
11586,GEN,
11587,GEN,
11588,GEN,
11589,GEN-EWS,1544
11590,GEN,
11591,GEN,
11592,GEN,
11593,OBC-NCL,2675
11594,GEN,
11595,GEN-EWS,1545
11596,GEN,
11597,SC,322
11598,GEN,
11599,GEN-EWS,1546
11600,GEN,
11601,GEN,
11602,OBC-NCL,2676
11603,GEN,
11604,GEN-EWS,1547
11605,OBC-NCL,2677
11606,GEN,
11607,GEN,
11608,GEN,
11609,OBC-NCL,2678
11610,GEN,
11611,GEN,
11612,OBC-NCL,2679
11613,GEN,
11614,GEN-EWS,1548
11615,GEN,
11616,GEN-EWS,1549
11617,GEN,
11618,GEN,
11619,GEN,
11619,GEN,
11621,GEN,
11622,OBC-NCL,2680
11623,GEN,
11624,GEN,
11625,GEN,
11626,GEN,
11627,OBC-NCL,2681
11628,GEN,
11628,GEN,
11630,GEN-EWS,1550
11631,GEN,
11632,OBC-NCL,2682
11633,GEN-EWS,1551
11634,GEN,
11635,GEN,
11636,GEN-EWS,1552
11637,SC,323
11638,OBC-NCL,2683
11639,GEN,
11640,GEN,
11641,GEN,
11642,GEN,
11643,GEN,
11644,GEN,
11645,GEN,
11646,OBC-NCL,2684
11647,GEN,
11648,OBC-NCL,2685
11649,GEN,
11650,OBC-NCL,2686
11651,GEN-EWS,1553
11652,GEN,
11653,GEN,
11654,OBC-NCL,2687
11655,GEN,
11656,GEN-EWS,1554
11657,GEN,
11658,SC,324
11659,OBC-NCL,2688
11660,GEN,
11661,GEN,
11662,OBC-NCL,2689
11663,GEN,
11664,ST,76
11665,OBC-NCL,2690
11666,SC,325
11667,GEN-EWS,1555
11668,GEN,
11669,OBC-NCL,2691
11670,OBC-NCL,2692
11671,OBC-NCL,2693
11672,GEN,
11673,GEN,
11674,GEN,
11675,GEN,
11676,OBC-NCL,2694
11677,GEN,
11678,OBC-NCL,2695
11679,GEN,
11680,OBC-NCL,2696
11681,OBC-NCL,2697
11682,GEN-EWS,1556
11683,OBC-NCL,2698
11684,GEN,
11685,GEN,
11686,GEN,
11687,GEN,
11688,GEN-EWS,1557
11689,GEN-EWS,1558
11690,GEN-EWS,1559
11691,GEN,
11692,GEN,
11693,OBC-NCL,2699
11694,SC,326
11695,GEN,
11696,OBC-NCL,2700
11697,GEN-EWS,1560
11698,GEN,
11699,GEN-EWS,1561
11700,GEN,
11701,GEN-EWS,1562
11702,SC,327
11703,GEN,
11704,GEN-EWS,1563
11705,GEN-EWS,1564
11706,GEN,
11707,GEN,
11708,GEN,
11709,GEN,
11710,GEN,
11711,OBC-NCL,2701
11712,OBC-NCL,2702
11713,GEN,
11714,GEN,
11715,GEN,
11716,OBC-NCL,2703
11717,GEN-EWS,1565
11717,OBC-NCL,2704
11719,GEN,
11720,GEN-EWS,1566
11721,GEN-EWS,1567
11722,OBC-NCL,2705
11723,SC,328
11724,ST,77
11725,OBC-NCL,2706
11726,GEN,
11727,ST,78
11728,GEN,
11729,GEN-EWS,1568
11730,GEN,
11731,GEN,
11732,GEN,
11733,OBC-NCL,2707
11734,GEN,
11735,OBC-NCL,2708
11736,GEN,
11737,GEN,
11738,GEN,
11739,OBC-NCL,2709
11740,OBC-NCL,2710
11741,GEN,
11742,GEN,
11743,GEN,
11744,GEN,
11745,GEN,
11746,GEN-EWS,1569
11747,GEN,
11748,GEN,
11749,GEN,
11750,OBC-NCL,2711
11751,GEN,
11752,OBC-NCL,2712
11753,GEN,
11754,GEN,
11755,GEN,
11756,OBC-NCL,2713
11757,OBC-NCL,2714
11758,GEN,
11759,GEN,
11760,GEN,
11761,GEN,
11762,GEN,
11763,GEN,
11764,GEN,
11765,GEN,
11766,GEN,
11767,GEN,
11768,GEN-EWS,1570
11769,GEN,
11770,GEN,
11771,GEN,
11772,GEN,
11773,GEN,
11774,GEN,
11775,GEN-EWS,1571
11776,GEN-EWS,1572
11777,OBC-NCL,2715
11778,GEN,
11779,GEN,
11780,GEN,
11781,GEN,
11782,GEN,
11783,OBC-NCL,2716
11784,GEN-EWS,1573
11785,GEN,
11786,OBC-NCL,2717
11787,GEN,
11788,GEN,
11789,GEN,
11790,OBC-NCL,2718
11791,OBC-NCL,2719
11792,OBC-NCL,2720
11793,GEN,
11794,GEN,
11795,GEN,
11796,OBC-NCL,2721
11797,GEN,
11798,GEN-EWS,1574
11799,OBC-NCL,2722
11800,OBC-NCL,2723
11801,GEN,
11802,GEN,
11803,GEN,
11804,GEN,
11805,GEN,
11806,GEN,
11807,GEN,
11808,GEN,
11809,OBC-NCL,2724
11810,GEN,
11811,GEN,
11812,OBC-NCL,2725
11813,GEN-EWS,1575
11814,OBC-NCL,2726
11815,SC,329
11816,OBC-NCL,2727
11817,GEN,
11818,GEN,
11819,GEN,
11820,GEN,
11821,GEN-EWS,1576
11822,OBC-NCL,2728
11823,GEN,
11824,GEN,
11825,GEN-EWS,1577
11826,GEN,
11827,OBC-NCL,2729
11828,OBC-NCL,2730
11829,GEN,
11830,GEN,
11831,GEN-EWS,1578
11832,GEN-EWS,1579
11833,GEN,
11834,GEN,
11835,GEN,
11836,SC,330
11837,GEN,
11838,SC,331
11839,GEN,
11840,GEN,
11841,GEN,
11842,GEN,
11843,OBC-NCL,2731
11844,GEN-EWS,1580
11845,GEN-EWS,1581
11846,OBC-NCL,2732
11847,OBC-NCL,2733
11848,OBC-NCL,2734
11849,GEN,
11850,OBC-NCL,2735
11851,GEN,
11852,GEN,
11853,GEN,
11854,ST,79
11855,GEN,
11856,OBC-NCL,2736
11857,OBC-NCL,2737
11858,OBC-NCL,2738
11859,GEN,
11860,SC,332
11861,OBC-NCL,2739
11862,OBC-NCL,2740
11863,GEN,
11864,OBC-NCL,2741
11865,GEN,
11866,OBC-NCL,2742
11867,GEN,
11868,GEN-EWS,1582
11869,GEN,
11870,GEN,
11871,GEN,
11872,OBC-NCL,2743
11873,GEN,
11874,OBC-NCL,2744
11875,GEN,
11876,GEN,
11877,GEN-EWS,1583
11878,GEN,
11879,GEN,
11880,GEN,
11881,GEN,
11882,GEN,
11883,GEN,
11884,GEN-EWS,1584
11885,GEN,
11886,OBC-NCL,2745
11887,GEN,
11888,GEN,
11889,GEN-EWS,1585
11890,GEN,
11891,OBC-NCL,2746
11892,GEN,
11893,GEN,
11894,GEN,
11895,GEN-EWS,1586
11896,GEN,
11897,OBC-NCL,2747
11898,GEN,
11899,GEN-EWS,1587
11900,GEN,
11901,GEN-EWS,1588
11902,GEN,
11903,GEN,
11904,GEN,
11905,GEN,
11906,GEN,
11907,GEN-EWS,1589
11908,GEN,
11909,OBC-NCL,2748
11910,GEN,
11911,GEN,
11912,GEN-EWS,1590
11913,GEN-EWS,1591
11914,GEN,
11915,GEN,
11916,GEN,
11917,GEN,
11918,GEN-EWS,1592
11919,GEN,
11920,GEN,
11921,SC,333
11922,GEN,
11923,GEN-EWS,1593
11924,GEN-EWS,1594
11925,OBC-NCL,2749
11926,OBC-NCL,2750
11927,OBC-NCL,2751
11928,GEN,
11929,GEN,
11930,GEN-EWS,1595
11931,GEN,
11932,GEN,
11933,GEN,
11934,GEN,
11935,GEN,
11936,GEN,
11937,OBC-NCL,2752
11938,GEN,
11939,GEN,
11940,GEN,
11941,GEN,
11942,GEN,
11943,GEN,
11944,OBC-NCL,2753
11945,GEN,
11946,GEN,
11947,GEN-EWS,1596
11948,GEN,
11949,GEN,
11950,GEN,
11951,GEN,
11952,GEN,
11953,GEN-EWS,1597
11954,GEN-EWS,1598
11955,GEN,
11956,GEN,
11957,OBC-NCL,2754
11958,GEN,
11959,OBC-NCL,2755
11960,GEN,
11961,GEN,
11962,GEN,
11963,GEN,
11964,GEN,
11965,GEN,
11966,GEN-EWS,1599
11967,GEN-EWS,1600
11968,GEN,
11969,GEN-EWS,1601
11970,GEN-EWS,1602
11971,OBC-NCL,2756
11972,GEN,
11973,SC,335
11974,GEN-EWS,1603
11975,GEN-EWS,1604
11976,OBC-NCL,2757
11977,GEN-EWS,1605
11977,OBC-NCL,2758
11979,GEN-EWS,1606
11980,GEN,
11981,GEN,
11982,OBC-NCL,2759
11983,GEN-EWS,1607
11984,GEN-EWS,1608
11985,GEN,
11986,GEN-EWS,1609
11987,GEN,
11988,OBC-NCL,2760
11989,GEN,
11990,GEN,
11991,GEN-EWS,1610
11992,GEN-EWS,1611
11993,GEN,
11994,GEN,
11995,GEN,
11996,GEN-EWS,1612
11997,GEN,
11998,GEN-EWS,1613
11999,OBC-NCL,2761
12000,OBC-NCL,2762
12001,GEN,
12002,GEN-EWS,1614
12003,GEN,
12004,OBC-NCL,2763
12005,OBC-NCL,2764
12006,GEN,
12007,GEN,
12008,OBC-NCL,2765
12009,GEN,
12010,OBC-NCL,2766
12011,GEN,
12012,OBC-NCL,2767
12013,SC,336
12014,OBC-NCL,2768
12015,OBC-NCL,2769
12016,GEN,
12017,OBC-NCL,2770
12018,GEN,
12019,GEN,
12020,GEN-EWS,1615
12021,SC,337
12022,GEN,
12023,OBC-NCL,2771
12024,GEN,
12025,GEN,
12026,GEN,
12027,GEN,
12028,SC,338
12029,GEN,
12030,OBC-NCL,2772
12031,GEN,
12032,OBC-NCL,2773
12033,OBC-NCL,2774
12034,GEN,
12035,SC,339
12036,GEN,
12037,GEN-EWS,1616
12038,OBC-NCL,2775
12039,GEN,
12040,OBC-NCL,2776
12041,GEN,
12042,GEN,
12043,GEN,
12043,GEN-EWS,1617
12045,GEN,
12046,GEN,
12047,SC,340
12048,GEN,
12049,GEN,
12050,GEN,
12051,GEN,
12052,OBC-NCL,2777
12053,GEN,
12054,OBC-NCL,2778
12055,GEN-EWS,1618
12056,GEN-EWS,1619
12057,GEN,
12058,OBC-NCL,2779
12059,GEN,
12060,GEN,
12061,GEN,
12062,OBC-NCL,2780
12063,GEN,
12064,OBC-NCL,2781
12065,GEN-EWS,1620
12066,GEN-EWS,1621
12067,GEN-EWS,1622
12068,OBC-NCL,2782
12069,GEN,
12070,GEN,
12071,GEN,
12072,GEN,
12073,GEN,
12074,OBC-NCL,2783
12075,GEN,
12076,GEN,
12077,GEN,
12078,GEN,
12079,GEN,
12080,GEN,
12081,GEN,
12082,SC,341
12083,GEN-EWS,1623
12084,OBC-NCL,2784
12085,GEN,
12086,GEN,
12087,GEN,
12088,GEN-EWS,1624
12089,GEN,
12090,GEN,
12091,OBC-NCL,2785
12092,GEN,
12093,GEN-EWS,1625
12094,SC,342
12095,GEN,
12096,GEN,
12097,GEN,
12098,GEN-EWS,1626
12099,GEN,
12100,GEN,
12101,OBC-NCL,2786
12102,GEN,
12103,GEN,
12104,GEN,
12105,GEN-EWS,1627
12106,GEN-EWS,1628
12107,OBC-NCL,2787
12108,GEN,
12109,GEN,
12110,OBC-NCL,2788
12111,OBC-NCL,2789
12112,GEN,
12113,GEN-EWS,1629
12114,GEN-EWS,1630
12115,OBC-NCL,2790
12116,OBC-NCL,2791
12117,OBC-NCL,2792
12118,GEN-EWS,1631
12119,ST,80
12120,GEN,
12121,GEN-EWS,1632
12122,GEN,
12123,GEN,
12124,GEN,
12125,OBC-NCL,2793
12126,GEN,
12127,GEN,
12128,GEN,
12129,OBC-NCL,2794
12130,GEN-EWS,1633
12131,OBC-NCL,2795
12132,OBC-NCL,2796
12133,GEN,
12134,GEN-EWS,1634
12135,GEN,
12136,GEN,
12137,GEN,
12138,GEN-EWS,1635
12139,OBC-NCL,2797
12140,GEN-EWS,1636
12141,OBC-NCL,2798
12142,GEN,
12143,GEN,
12144,OBC-NCL,2799
12145,GEN,
12146,GEN,
12147,GEN,
12148,GEN-EWS,1637
12149,GEN-EWS,1638
12150,OBC-NCL,2800
12151,GEN,
12152,GEN,
12153,GEN,
12154,GEN,
12155,GEN,
12156,GEN,
12157,GEN-EWS,1639
12158,OBC-NCL,2801
12159,OBC-NCL,2802
12160,GEN,
12161,GEN,
12162,OBC-NCL,2803
12163,OBC-NCL,2804
12164,GEN,
12165,GEN,
12166,GEN-EWS,1640
12167,GEN,
12168,OBC-NCL,2805
12169,OBC-NCL,2806
12170,GEN-EWS,1641
12171,GEN,
12172,GEN,
12173,GEN-EWS,1642
12174,GEN,
12175,GEN-EWS,1643
12176,GEN,
12177,GEN,
12178,OBC-NCL,2807
12179,OBC-NCL,2808
12180,OBC-NCL,2809
12181,GEN-EWS,1644
12182,GEN,
12183,OBC-NCL,2810
12184,GEN-EWS,1645
12185,GEN,
12186,GEN,
12187,GEN,
12188,GEN,
12189,GEN,
12190,OBC-NCL,2811
12191,GEN,
12192,GEN,
12193,GEN,
12194,GEN-EWS,1646
12195,OBC-NCL,2812
12196,GEN,
12197,GEN,
12198,OBC-NCL,2813
12199,GEN,
12200,OBC-NCL,2814
12201,OBC-NCL,2815
12202,GEN-EWS,1647
12203,OBC-NCL,2816
12204,OBC-NCL,2817
12205,OBC-NCL,2818
12206,GEN,
12207,GEN,
12208,GEN-EWS,1648
12209,GEN,
12210,GEN,
12211,GEN,
12212,GEN,
12213,GEN,
12214,OBC-NCL,2819
12215,OBC-NCL,2820
12216,GEN-EWS,1649
12217,OBC-NCL,2821
12218,SC,343
12219,GEN,
12220,GEN,
12221,GEN,
12222,OBC-NCL,2822
12223,GEN,
12224,GEN,
12225,GEN,
12226,GEN,
12227,GEN,
12228,OBC-NCL,2823
12229,OBC-NCL,2824
12230,GEN,
12231,GEN,
12232,OBC-NCL,2825
12233,GEN-EWS,1650
12234,GEN,
12235,OBC-NCL,2826
12236,OBC-NCL,2827
12237,GEN,
12238,SC,344
12239,GEN-EWS,1651
12240,ST,81
12241,OBC-NCL,2828
12242,OBC-NCL,2829
12243,GEN,
12244,OBC-NCL,2830
12245,GEN,
12246,GEN,
12247,OBC-NCL,2831
12248,GEN,
12249,GEN,
12250,GEN-EWS,1652
12251,GEN-EWS,1653
12252,GEN,
12253,GEN,
12254,GEN,
12255,OBC-NCL,2832
12256,OBC-NCL,2833
12257,GEN-EWS,1654
12258,GEN,
12259,GEN-EWS,1655
12260,GEN-EWS,1656
12261,OBC-NCL,2834
12262,GEN,
12263,OBC-NCL,2835
12264,OBC-NCL,2836
12265,GEN-EWS,1657
12266,GEN,
12267,GEN,
12268,GEN,
12269,OBC-NCL,2837
12270,OBC-NCL,2838
12271,GEN,
12272,ST,82
12273,GEN,
12274,OBC-NCL,2839
12275,GEN,
12276,SC,345
12277,GEN-EWS,1658
12278,SC,346
12279,OBC-NCL,2840
12280,SC,347
12281,GEN,
12282,GEN,
12283,GEN,
12284,GEN,
12285,GEN,
12285,OBC-NCL,2841
12287,GEN,
12288,OBC-NCL,2842
12289,GEN-EWS,1659
12290,OBC-NCL,2843
12291,GEN,
12292,OBC-NCL,2844
12293,GEN,
12294,GEN,
12295,GEN,
12296,GEN,
12297,GEN,
12298,GEN,
12299,OBC-NCL,2845
12300,OBC-NCL,2846
12301,OBC-NCL,2847
12302,GEN,
12303,GEN,
12304,GEN,
12305,GEN,
12306,GEN,
12307,GEN-EWS,1660
12308,OBC-NCL,2848
12309,GEN-EWS,1661
12310,OBC-NCL,2849
12311,OBC-NCL,2850
12312,OBC-NCL,2851
12313,GEN,
12314,GEN,
12315,GEN,
12316,GEN,
12317,GEN,
12318,GEN,
12319,OBC-NCL,2852
12320,GEN-EWS,1662
12321,OBC-NCL,2853
12322,GEN,
12323,GEN-EWS,1663
12324,OBC-NCL,2854
12325,OBC-NCL,2855
12326,OBC-NCL,2856
12327,GEN,
12328,SC,348
12329,GEN-EWS,1664
12330,GEN,
12331,GEN,
12332,SC,349
12333,OBC-NCL,2857
12334,GEN,
12335,GEN,
12336,OBC-NCL,2858
12337,GEN,
12338,GEN,
12339,GEN-EWS,1665
12340,GEN,
12341,GEN,
12342,GEN,
12343,GEN,
12344,GEN-EWS,1666
12345,GEN,
12346,SC,350
12347,OBC-NCL,2859
12348,GEN-EWS,1667
12349,GEN,
12350,GEN,
12351,GEN-EWS,1668
12352,GEN-EWS,1669
12353,OBC-NCL,2860
12354,GEN,
12355,GEN-EWS,1670
12356,OBC-NCL,2861
12357,SC,351
12358,GEN,
12359,GEN,
12360,GEN,
12361,GEN,
12362,OBC-NCL,2862
12363,SC,352
12364,OBC-NCL,2863
12365,GEN,
12366,GEN,
12367,GEN,
12368,SC,353
12369,GEN-EWS,1671
12370,OBC-NCL,2864
12371,GEN-EWS,1672
12372,GEN,
12373,GEN,
12374,GEN,
12375,GEN,
12376,GEN,
12377,GEN,
12378,GEN-EWS,1673
12379,GEN,
12380,OBC-NCL,2865
12381,OBC-NCL,2866
12382,OBC-NCL,2867
12383,GEN,
12384,SC,354
12385,OBC-NCL,2868
12386,GEN,
12387,GEN,
12388,GEN,
12389,GEN,
12390,OBC-NCL,2869
12391,GEN-EWS,1674
12392,OBC-NCL,2870
12393,GEN-EWS,1675
12394,GEN,
12395,OBC-NCL,2871
12396,GEN,
12397,SC,355
12398,GEN,
12399,GEN-EWS,1676
12400,GEN,
12401,GEN-EWS,1677
12402,GEN,
12403,SC,356
12404,GEN-EWS,1678
12405,OBC-NCL,2872
12406,OBC-NCL,2873
12407,GEN,
12408,GEN-EWS,1679
12409,SC,357
12410,GEN-EWS,1680
12411,OBC-NCL,2874
12412,OBC-NCL,2875
12413,SC,358
12414,GEN,
12415,OBC-NCL,2876
12416,GEN,
12417,GEN,
12418,GEN,
12419,GEN,
12420,OBC-NCL,2877
12421,GEN,
12422,OBC-NCL,2878
12423,OBC-NCL,2879
12424,GEN,
12425,GEN,
12426,OBC-NCL,2880
12427,GEN,
12428,GEN,
12429,SC,359
12430,GEN,
12431,GEN-EWS,1681
12432,GEN,
12433,OBC-NCL,2881
12434,GEN,
12435,OBC-NCL,2882
12436,GEN,
12437,GEN,
12438,OBC-NCL,2883
12439,GEN,
12440,GEN,
12441,OBC-NCL,2884
12442,GEN,
12443,GEN-EWS,1682
12444,OBC-NCL,2885
12445,GEN,
12446,GEN,
12447,GEN,
12448,GEN,
12449,OBC-NCL,2886
12450,GEN-EWS,1683
12451,GEN,
12452,GEN,
12453,GEN,
12454,GEN,
12455,OBC-NCL,2887
12456,OBC-NCL,2888
12457,GEN,
12458,GEN-EWS,1684
12459,GEN,
12460,GEN,
12461,GEN-EWS,1685
12462,OBC-NCL,2889
12463,OBC-NCL,2890
12464,GEN,
12465,GEN,
12466,OBC-NCL,2891
12467,GEN,
12468,GEN,
12469,GEN,
12470,OBC-NCL,2892
12471,GEN,
12472,ST,83
12473,GEN,
12474,GEN-EWS,1686
12475,GEN,
12476,SC,361
12477,GEN,
12478,OBC-NCL,2893
12479,GEN,
12480,GEN,
12481,SC,362
12482,OBC-NCL,2894
12483,GEN,
12484,GEN,
12485,GEN,
12486,OBC-NCL,2895
12487,GEN-EWS,1687
12488,GEN,
12489,GEN,
12490,GEN-EWS,1688
12491,SC,363
12492,GEN-EWS,1689
12493,GEN-EWS,1690
12494,OBC-NCL,2896
12495,GEN,
12496,GEN,
12497,GEN,
12498,GEN,
12499,OBC-NCL,2897
12500,GEN,
12501,OBC-NCL,2898
12502,GEN-EWS,1691
12503,GEN,
12504,GEN,
12505,GEN,
12506,GEN,
12507,GEN-EWS,1692
12508,GEN,
12509,SC,364
12510,OBC-NCL,2899
12511,GEN,
12512,OBC-NCL,2900
12513,OBC-NCL,2901
12514,GEN,
12515,GEN,
12516,SC,365
12517,GEN-EWS,1693
12518,GEN,
12519,GEN,
12520,OBC-NCL,2902
12521,GEN,
12522,GEN,
12523,OBC-NCL,2903
12524,GEN,
12525,GEN,
12526,GEN,
12527,GEN,
12528,GEN,
12529,GEN-EWS,1694
12530,OBC-NCL,2904
12531,GEN-EWS,1695
12532,OBC-NCL,2905
12533,GEN,
12534,OBC-NCL,2906
12535,GEN,
12536,GEN-EWS,1696
12537,GEN,
12538,GEN-EWS,1697
12539,GEN,
12540,GEN-EWS,1698
12541,OBC-NCL,2907
12542,OBC-NCL,2908
12543,GEN-EWS,1699
12544,GEN,
12545,GEN,
12546,GEN,
12547,GEN-EWS,1700
12548,SC,366
12549,OBC-NCL,2909
12550,SC,367
12551,GEN-EWS,1701
12552,GEN,
12553,OBC-NCL,2910
12554,OBC-NCL,2911
12555,OBC-NCL,2912
12556,GEN,
12557,GEN,
12558,GEN,
12559,OBC-NCL,2913
12560,GEN,
12561,GEN-EWS,1702
12562,OBC-NCL,2914
12563,OBC-NCL,2915
12564,GEN,
12565,GEN,
12566,GEN,
12567,GEN,
12568,GEN,
12569,GEN,
12570,GEN,
12571,GEN-EWS,1703
12572,GEN,
12573,GEN,
12574,GEN,
12575,GEN,
12576,OBC-NCL,2916
12577,GEN-EWS,1704
12578,GEN,
12579,OBC-NCL,2917
12580,GEN,
12581,OBC-NCL,2918
12582,GEN,
12583,GEN-EWS,1705
12584,GEN,
12585,OBC-NCL,2919
12586,GEN,
12587,GEN,
12588,GEN,
12589,OBC-NCL,2920
12590,GEN,
12591,GEN,
12592,GEN-EWS,1706
12593,OBC-NCL,2921
12594,GEN,
12595,GEN,
12596,GEN,
12597,GEN,
12598,OBC-NCL,2922
12599,OBC-NCL,2923
12600,GEN,
12601,OBC-NCL,2924
12602,GEN-EWS,1707
12603,GEN,
12604,GEN,
12605,GEN,
12606,GEN,
12607,GEN,
12608,GEN,
12609,GEN,
12610,GEN,
12611,OBC-NCL,2925
12612,GEN,
12613,GEN,
12614,OBC-NCL,2926
12615,GEN,
12616,OBC-NCL,2927
12617,GEN,
12618,OBC-NCL,2928
12619,GEN,
12620,GEN,
12621,GEN,
12622,GEN,
12623,GEN,
12624,OBC-NCL,2929
12625,GEN,
12626,GEN,
12627,OBC-NCL,2930
12628,GEN,
12629,GEN-EWS,1708
12630,GEN,
12631,GEN,
12632,GEN,
12633,OBC-NCL,2931
12633,SC,368
12635,SC,369
12636,OBC-NCL,2932
12637,GEN-EWS,1709
12638,GEN,
12639,GEN-EWS,1710
12640,GEN,
12641,GEN,
12642,GEN-EWS,1711
12643,GEN,
12644,GEN,
12645,ST,84
12646,GEN-EWS,1712
12647,GEN-EWS,1713
12648,GEN,
12649,GEN-EWS,1714
12650,GEN,
12651,GEN-EWS,1715
12652,GEN-EWS,1716
12653,SC,370
12654,OBC-NCL,2933
12655,GEN-EWS,1717
12656,GEN,
12657,GEN,
12658,OBC-NCL,2934
12659,GEN,
12660,GEN-EWS,1718
12661,GEN,
12662,GEN,
12663,GEN,
12664,OBC-NCL,2935
12665,OBC-NCL,2936
12666,GEN,
12667,GEN,
12668,GEN,
12669,GEN,
12670,GEN,
12671,GEN-EWS,1719
12672,OBC-NCL,2937
12673,OBC-NCL,2938
12674,GEN,
12675,GEN-EWS,1720
12676,GEN,
12677,GEN,
12678,GEN,
12679,GEN,
12680,GEN,
12681,GEN,
12682,GEN,
12683,GEN,
12684,GEN,
12685,GEN,
12686,GEN-EWS,1721
12687,OBC-NCL,2939
12688,OBC-NCL,2940
12689,GEN,
12690,OBC-NCL,2941
12691,GEN,
12692,GEN,
12693,GEN,
12694,GEN,
12695,GEN,
12696,OBC-NCL,2942
12697,GEN,
12698,OBC-NCL,2943
12699,OBC-NCL,2944
12700,GEN-EWS,1722
12701,GEN,
12702,OBC-NCL,2945
12703,GEN,
12704,GEN-EWS,1723
12705,GEN,
12706,OBC-NCL,2946
12707,OBC-NCL,2947
12708,GEN-EWS,1724
12709,GEN,
12710,GEN,
12711,GEN-EWS,1725
12712,SC,371
12713,GEN,
12714,GEN,
12715,OBC-NCL,2948
12716,GEN,
12717,GEN,
12718,GEN,
12719,GEN,
12720,GEN-EWS,1726
12721,OBC-NCL,2949
12722,OBC-NCL,2950
12723,GEN,
12724,GEN-EWS,1727
12725,GEN,
12726,GEN,
12727,OBC-NCL,2951
12728,GEN-EWS,1728
12729,GEN,
12730,OBC-NCL,2952
12731,GEN,
12732,GEN,
12733,GEN,
12734,GEN,
12735,OBC-NCL,2953
12736,GEN,
12737,SC,373
12738,GEN-EWS,1729
12739,OBC-NCL,2954
12740,GEN-EWS,1730
12741,GEN,
12742,GEN-EWS,1731
12743,OBC-NCL,2955
12744,OBC-NCL,2956
12745,GEN,
12746,OBC-NCL,2957
12747,OBC-NCL,2958
12748,GEN-EWS,1732
12749,OBC-NCL,2959
12750,OBC-NCL,2960
12751,GEN-EWS,1733
12752,GEN,
12753,GEN,
12754,OBC-NCL,2961
12755,OBC-NCL,2962
12756,OBC-NCL,2963
12757,GEN,
12758,GEN,
12759,GEN,
12760,OBC-NCL,2964
12761,GEN-EWS,1734
12762,GEN,
12763,OBC-NCL,2965
12764,OBC-NCL,2966
12765,GEN,
12766,GEN-EWS,1735
12767,GEN-EWS,1736
12768,OBC-NCL,2967
12769,OBC-NCL,2968
12770,GEN-EWS,1737
12771,GEN-EWS,1738
12772,OBC-NCL,2969
12773,GEN,
12774,GEN-EWS,1739
12775,OBC-NCL,2970
12776,OBC-NCL,2971
12777,GEN,
12778,OBC-NCL,2972
12779,GEN,
12780,GEN,
12781,GEN-EWS,1740
12782,GEN,
12783,OBC-NCL,2973
12784,GEN,
12785,GEN,
12786,OBC-NCL,2974
12787,GEN,
12788,OBC-NCL,2975
12789,GEN,
12790,GEN,
12791,OBC-NCL,2976
12792,GEN,
12793,GEN,
12794,GEN,
12795,GEN,
12796,GEN,
12797,GEN,
12798,GEN-EWS,1741
12799,OBC-NCL,2977
12800,OBC-NCL,2978
12801,GEN,
12802,GEN,
12803,OBC-NCL,2979
12804,GEN,
12805,SC,374
12806,GEN,
12807,SC,375
12808,OBC-NCL,2980
12809,GEN-EWS,1742
12810,GEN,
12811,OBC-NCL,2981
12812,GEN,
12813,GEN,
12814,GEN,
12815,OBC-NCL,2982
12816,GEN,
12817,GEN,
12818,OBC-NCL,2983
12819,OBC-NCL,2984
12820,GEN-EWS,1743
12821,GEN,
12822,GEN,
12823,GEN,
12824,GEN,
12825,GEN-EWS,1744
12826,GEN,
12827,OBC-NCL,2985
12828,GEN,
12829,GEN,
12830,GEN,
12831,GEN,
12832,ST,85
12833,GEN,
12834,GEN,
12835,SC,376
12836,GEN,
12837,GEN-EWS,1745
12838,GEN,
12839,OBC-NCL,2986
12840,OBC-NCL,2987
12841,SC,377
12842,OBC-NCL,2988
12843,SC,378
12844,OBC-NCL,2989
12845,OBC-NCL,2990
12846,GEN,
12847,GEN,
12848,GEN,
12849,GEN-EWS,1746
12850,OBC-NCL,2991
12851,GEN,
12852,GEN,
12853,GEN,
12854,OBC-NCL,2992
12855,GEN,
12856,OBC-NCL,2993
12857,SC,379
12858,GEN,
12859,SC,380
12860,GEN-EWS,1747
12861,GEN,
12862,SC,381
12863,GEN,
12864,GEN,
12865,ST,86
12866,GEN,
12867,OBC-NCL,2994
12868,OBC-NCL,2995
12869,GEN,
12870,OBC-NCL,2996
12871,GEN,
12872,GEN,
12873,OBC-NCL,2997
12874,GEN,
12875,OBC-NCL,2998
12876,OBC-NCL,2999
12877,GEN,
12878,GEN,
12879,SC,382
12880,SC,383
12881,OBC-NCL,3000
12882,GEN-EWS,1748
12883,OBC-NCL,3001
12884,GEN,
12885,GEN-EWS,1749
12886,GEN-EWS,1750
12887,GEN,
12888,OBC-NCL,3002
12889,GEN-EWS,1751
12890,GEN,
12891,GEN-EWS,1752
12892,GEN,
12893,GEN-EWS,1753
12894,GEN-EWS,1754
12895,GEN-EWS,1755
12896,GEN,
12897,GEN-EWS,1756
12898,GEN,
12899,GEN,
12900,GEN-EWS,1757
12901,SC,384
12902,GEN,
12903,GEN,
12904,GEN-EWS,1758
12905,GEN-EWS,1759
12906,GEN-EWS,1760
12907,GEN-EWS,1761
12908,OBC-NCL,3003
12909,GEN,
12910,OBC-NCL,3004
12911,GEN,
12912,GEN,
12913,GEN,
12914,GEN,
12915,OBC-NCL,3005
12916,GEN,
12917,GEN-EWS,1762
12918,GEN,
12919,GEN,
12920,GEN-EWS,1763
12921,GEN,
12922,GEN,
12923,GEN,
12924,GEN,
12925,GEN,
12926,GEN,
12927,GEN,
12928,SC,385
12929,GEN,
12930,GEN,
12931,GEN,
12932,GEN-EWS,1764
12933,GEN,
12934,OBC-NCL,3006
12935,GEN-EWS,1765
12936,GEN,
12937,GEN,
12938,GEN-EWS,1766
12939,GEN,
12940,GEN,
12941,GEN-EWS,1767
12942,OBC-NCL,3007
12943,SC,386
12944,GEN,
12945,GEN,
12946,GEN,
12947,GEN,
12948,OBC-NCL,3008
12949,GEN,
12950,GEN,
12951,GEN,
12952,GEN,
12953,GEN,
12954,GEN,
12955,OBC-NCL,3009
12956,GEN,
12957,GEN,
12958,GEN-EWS,1768
12959,OBC-NCL,3010
12960,OBC-NCL,3011
12961,GEN,
12962,OBC-NCL,3012
12963,GEN,
12964,GEN,
12965,OBC-NCL,3013
12966,GEN,
12967,GEN,
12968,GEN,
12969,GEN,
12970,GEN-EWS,1769
12971,GEN-EWS,1770
12972,OBC-NCL,3014
12973,SC,387
12974,GEN,
12975,GEN,
12976,GEN,
12977,OBC-NCL,3015
12978,GEN,
12979,GEN,
12980,GEN,
12981,OBC-NCL,3016
12982,OBC-NCL,3017
12983,GEN,
12984,GEN,
12985,OBC-NCL,3018
12986,OBC-NCL,3019
12987,GEN,
12988,GEN,
12989,GEN-EWS,1771
12990,OBC-NCL,3020
12991,OBC-NCL,3021
12992,GEN,
12993,SC,388
12994,OBC-NCL,3022
12995,OBC-NCL,3023
12996,GEN,
12997,OBC-NCL,3024
12998,GEN,
12999,GEN,
13000,OBC-NCL,3025
13001,OBC-NCL,3026
13002,GEN,
13003,GEN-EWS,1772
13004,GEN-EWS,1773
13005,SC,389
13006,GEN,
13007,OBC-NCL,3027
13008,OBC-NCL,3028
13009,GEN,
13010,GEN,
13011,GEN,
13012,GEN-EWS,1774
13013,OBC-NCL,3029
13014,GEN,
13015,GEN,
13016,OBC-NCL,3030
13017,GEN-EWS,1775
13018,GEN,
13019,OBC-NCL,3031
13020,GEN-EWS,1776
13021,OBC-NCL,3032
13022,GEN-EWS,1777
13023,OBC-NCL,3033
13024,OBC-NCL,3034
13025,GEN,
13026,ST,87
13027,GEN-EWS,1778
13028,GEN,
13029,OBC-NCL,3035
13030,GEN-EWS,1779
13031,GEN,
13032,OBC-NCL,3036
13033,GEN,
13034,GEN,
13035,GEN,
13036,GEN-EWS,1780
13037,GEN,
13038,GEN,
13039,OBC-NCL,3037
13040,GEN,
13041,GEN,
13042,GEN-EWS,1781
13043,OBC-NCL,3038
13044,GEN-EWS,1782
13045,GEN-EWS,1783
13046,GEN,
13047,OBC-NCL,3039
13048,GEN,
13049,GEN-EWS,1784
13050,GEN,
13051,GEN,
13052,GEN,
13053,OBC-NCL,3040
13054,GEN,
13055,GEN-EWS,1785
13056,GEN,
13057,OBC-NCL,3041
13058,OBC-NCL,3042
13059,GEN,
13060,GEN,
13061,GEN-EWS,1786
13062,GEN,
13063,OBC-NCL,3043
13064,GEN,
13065,GEN,
13066,GEN,
13067,GEN,
13068,GEN,
13069,OBC-NCL,3044
13070,GEN,
13071,GEN,
13072,GEN,
13073,GEN,
13074,GEN,
13075,GEN,
13076,GEN,
13077,GEN,
13077,OBC-NCL,3045
13079,GEN,
13080,OBC-NCL,3046
13081,GEN,
13082,OBC-NCL,3047
13083,GEN,
13084,GEN-EWS,1787
13085,GEN,
13086,OBC-NCL,3048
13087,GEN,
13088,SC,390
13089,OBC-NCL,3049
13090,GEN,
13091,OBC-NCL,3050
13092,GEN,
13093,OBC-NCL,3051
13094,GEN,
13095,GEN,
13096,OBC-NCL,3052
13097,OBC-NCL,3053
13098,GEN,
13099,OBC-NCL,3054
13100,GEN-EWS,1788
13101,GEN,
13102,GEN,
13103,GEN,
13104,GEN,
13105,OBC-NCL,3055
13106,OBC-NCL,3056
13107,GEN-EWS,1789
13108,OBC-NCL,3057
13109,GEN,
13110,GEN-EWS,1790
13111,GEN,
13112,GEN-EWS,1791
13113,GEN,
13114,GEN,
13115,SC,391
13116,GEN,
13117,GEN,
13118,GEN,
13119,GEN,
13120,GEN,
13121,SC,392
13122,GEN,
13123,OBC-NCL,3058
13124,SC,393
13125,GEN,
13126,GEN-EWS,1792
13127,GEN,
13128,GEN,
13129,GEN,
13130,GEN,
13131,GEN-EWS,1793
13132,GEN,
13133,GEN-EWS,1794
13134,OBC-NCL,3059
13135,GEN,
13136,OBC-NCL,3060
13137,OBC-NCL,3061
13138,GEN,
13139,GEN-EWS,1795
13140,GEN,
13141,GEN,
13142,GEN-EWS,1796
13143,GEN,
13144,GEN,
13145,OBC-NCL,3062
13146,GEN,
13147,GEN,
13148,GEN,
13149,GEN-EWS,1797
13150,OBC-NCL,3063
13151,GEN,
13152,SC,394
13153,GEN-EWS,1798
13154,GEN,
13155,OBC-NCL,3064
13156,GEN,
13157,GEN,
13158,GEN,
13159,GEN,
13160,GEN-EWS,1799
13161,GEN,
13162,GEN-EWS,1800
13163,GEN,
13164,GEN,
13165,GEN,
13166,GEN-EWS,1801
13167,SC,395
13168,GEN,
13169,GEN,
13170,GEN,
13171,GEN,
13172,GEN-EWS,1802
13173,GEN-EWS,1803
13174,GEN,
13175,GEN,
13176,GEN,
13177,OBC-NCL,3065
13178,GEN,
13179,GEN,
13180,GEN,
13181,GEN,
13182,OBC-NCL,3066
13183,GEN,
13183,ST,88
13185,GEN,
13186,OBC-NCL,3067
13187,GEN,
13188,OBC-NCL,3068
13189,GEN,
13190,GEN,
13191,OBC-NCL,3069
13192,OBC-NCL,3070
13193,GEN,
13194,ST,89
13195,GEN,
13196,GEN-EWS,1804
13197,OBC-NCL,3071
13198,OBC-NCL,3072
13199,OBC-NCL,3073
13200,GEN,
13201,GEN,
13202,SC,397
13203,GEN,
13204,GEN-EWS,1805
13205,OBC-NCL,3074
13206,OBC-NCL,3075
13207,GEN,
13208,GEN,
13209,GEN,
13210,OBC-NCL,3076
13211,GEN,
13212,GEN,
13213,GEN,
13214,GEN-EWS,1806
13215,GEN-EWS,1807
13216,GEN,
13217,OBC-NCL,3077
13218,OBC-NCL,3078
13219,OBC-NCL,3079
13220,OBC-NCL,3080
13221,OBC-NCL,3081
13222,GEN,
13223,GEN,
13224,GEN,
13225,OBC-NCL,3082
13226,GEN,
13227,SC,398
13228,GEN,
13229,SC,399
13230,SC,400
13231,OBC-NCL,3083
13232,GEN,
13233,GEN,
13234,GEN,
13235,OBC-NCL,3084
13236,GEN,
13237,ST,90
13238,OBC-NCL,3085
13239,GEN,
13240,GEN,
13241,GEN,
13242,SC,401
13243,OBC-NCL,3086
13244,GEN,
13245,GEN,
13246,GEN,
13247,GEN-EWS,1808
13248,OBC-NCL,3087
13249,OBC-NCL,3088
13250,OBC-NCL,3089
13251,GEN,
13252,GEN,
13253,GEN,
13254,GEN-EWS,1809
13255,OBC-NCL,3090
13256,GEN,
13257,GEN,
13258,GEN,
13259,OBC-NCL,3091
13260,GEN,
13261,OBC-NCL,3092
13262,SC,402
13263,OBC-NCL,3093
13264,GEN-EWS,1810
13265,GEN,
13266,OBC-NCL,3094
13267,GEN,
13268,GEN,
13269,GEN,
13270,GEN,
13271,OBC-NCL,3095
13272,GEN,
13273,GEN,
13274,GEN,
13275,OBC-NCL,3096
13276,GEN,
13277,GEN,
13278,GEN,
13279,GEN,
13280,GEN,
13281,GEN,
13282,GEN,
13283,GEN,
13284,GEN-EWS,1811
13285,GEN-EWS,1812
13286,GEN,
13287,GEN-EWS,1813
13288,OBC-NCL,3097
13289,GEN,
13290,OBC-NCL,3098
13291,OBC-NCL,3099
13292,GEN-EWS,1814
13293,GEN,
13294,OBC-NCL,3100
13295,GEN,
13296,GEN,
13297,GEN,
13298,GEN,
13299,GEN,
13300,GEN,
13301,OBC-NCL,3101
13302,GEN,
13303,OBC-NCL,3102
13304,GEN,
13305,GEN-EWS,1815
13306,OBC-NCL,3103
13307,OBC-NCL,3104
13308,OBC-NCL,3105
13309,GEN-EWS,1816
13310,OBC-NCL,3106
13311,GEN,
13312,GEN,
13313,GEN,
13314,GEN-EWS,1817
13315,GEN,
13316,GEN,
13317,GEN,
13318,GEN-EWS,1818
13319,OBC-NCL,3107
13320,GEN-EWS,1819
13321,SC,404
13322,GEN,
13323,GEN-EWS,1820
13324,GEN-EWS,1821
13325,OBC-NCL,3108
13326,GEN,
13327,OBC-NCL,3109
13328,OBC-NCL,3110
13329,OBC-NCL,3111
13330,GEN,
13331,GEN,
13332,GEN,
13333,OBC-NCL,3112
13334,GEN,
13335,GEN,
13336,OBC-NCL,3113
13337,GEN,
13338,OBC-NCL,3114
13339,GEN,
13340,GEN,
13341,SC,405
13342,OBC-NCL,3115
13343,GEN,
13344,OBC-NCL,3116
13345,GEN,
13346,OBC-NCL,3117
13347,OBC-NCL,3118
13348,OBC-NCL,3119
13349,OBC-NCL,3120
13350,OBC-NCL,3121
13351,GEN-EWS,1822
13352,GEN,
13353,GEN,
13354,OBC-NCL,3122
13355,GEN,
13356,GEN-EWS,1823
13357,GEN,
13358,GEN,
13359,GEN,
13360,GEN-EWS,1824
13361,GEN-EWS,1825
13362,GEN,
13363,OBC-NCL,3123
13364,GEN,
13365,GEN-EWS,1826
13366,GEN-EWS,1827
13367,GEN,
13368,OBC-NCL,3124
13369,OBC-NCL,3125
13370,GEN-EWS,1828
13371,GEN,
13372,GEN,
13373,GEN,
13374,OBC-NCL,3126
13375,GEN,
13376,GEN,
13377,OBC-NCL,3127
13378,GEN,
13379,GEN,
13380,OBC-NCL,3128
13381,GEN,
13382,GEN,
13383,GEN,
13384,GEN,
13385,OBC-NCL,3129
13386,GEN-EWS,1829
13387,GEN-EWS,1830
13388,SC,406
13389,OBC-NCL,3130
13390,GEN-EWS,1831
13391,GEN,
13392,OBC-NCL,3131
13393,OBC-NCL,3132
13394,OBC-NCL,3133
13395,OBC-NCL,3134
13396,GEN-EWS,1832
13397,GEN,
13398,GEN-EWS,1833
13399,GEN,
13400,OBC-NCL,3135
13401,GEN-EWS,1834
13402,GEN-EWS,1835
13403,GEN,
13404,GEN,
13405,GEN-EWS,1836
13406,GEN,
13407,OBC-NCL,3136
13408,GEN,
13409,OBC-NCL,3137
13410,OBC-NCL,3138
13411,GEN-EWS,1837
13412,GEN,
13413,GEN,
13414,GEN-EWS,1838
13415,SC,407
13416,GEN,
13417,GEN,
13418,SC,408
13419,GEN-EWS,1839
13420,OBC-NCL,3139
13421,OBC-NCL,3140
13422,GEN,
13423,GEN,
13424,GEN,
13425,GEN,
13426,SC,409
13427,GEN,
13428,GEN,
13429,GEN,
13430,OBC-NCL,3141
13431,GEN,
13432,OBC-NCL,3142
13433,GEN-EWS,1840
13434,OBC-NCL,3143
13435,GEN,
13436,OBC-NCL,3144
13437,GEN,
13438,OBC-NCL,3145
13439,GEN,
13440,GEN-EWS,1841
13441,GEN,
13442,OBC-NCL,3146
13443,OBC-NCL,3147
13444,OBC-NCL,3148
13445,GEN,
13446,GEN,
13447,OBC-NCL,3149
13448,GEN,
13449,GEN,
13450,GEN,
13451,OBC-NCL,3150
13452,OBC-NCL,3151
13453,OBC-NCL,3152
13454,SC,410
13455,GEN,
13456,GEN,
13457,OBC-NCL,3153
13458,OBC-NCL,3154
13459,GEN,
13460,OBC-NCL,3155
13461,GEN,
13462,OBC-NCL,3156
13463,OBC-NCL,3157
13464,OBC-NCL,3158
13465,GEN,
13466,OBC-NCL,3159
13467,GEN,
13468,GEN,
13469,GEN,
13470,OBC-NCL,3160
13471,GEN,
13472,GEN,
13473,GEN,
13474,OBC-NCL,3161
13475,GEN,
13475,GEN,
13477,GEN,
13478,OBC-NCL,3162
13479,OBC-NCL,3163
13480,GEN,
13481,OBC-NCL,3164
13482,GEN,
13483,OBC-NCL,3165
13484,GEN,
13485,GEN,
13486,GEN-EWS,1842
13487,GEN,
13488,GEN-EWS,1843
13489,GEN-EWS,1844
13490,SC,411
13491,GEN,
13492,OBC-NCL,3166
13493,GEN,
13494,OBC-NCL,3167
13495,GEN,
13496,OBC-NCL,3168
13497,GEN,
13498,GEN-EWS,1845
13499,OBC-NCL,3169
13500,GEN,
13501,GEN-EWS,1846
13502,GEN,
13503,GEN-EWS,1847
13504,GEN-EWS,1848
13504,OBC-NCL,3170
13506,SC,412
13507,OBC-NCL,3171
13508,GEN,
13509,GEN,
13510,GEN-EWS,1849
13511,GEN-EWS,1850
13512,GEN,
13513,OBC-NCL,3172
13514,GEN-EWS,1851
13515,GEN,
13516,OBC-NCL,3173
13517,SC,413
13518,GEN,
13519,GEN,
13520,GEN,
13521,GEN,
13522,OBC-NCL,3174
13523,GEN,
13524,GEN,
13525,GEN,
13526,SC,414
13527,OBC-NCL,3175
13528,GEN,
13529,OBC-NCL,3176
13530,GEN-EWS,1852
13531,GEN,
13532,GEN,
13533,GEN-EWS,1853
13534,GEN,
13535,GEN,
13536,GEN-EWS,1854
13537,ST,91
13538,GEN-EWS,1855
13539,GEN,
13540,GEN,
13541,OBC-NCL,3177
13542,GEN,
13543,GEN-EWS,1856
13544,GEN,
13544,OBC-NCL,3178
13546,GEN-EWS,1857
13547,OBC-NCL,3179
13548,OBC-NCL,3180
13549,GEN,
13550,GEN,
13551,GEN,
13552,GEN,
13553,GEN,
13554,OBC-NCL,3181
13555,GEN,
13556,SC,415
13557,GEN-EWS,1858
13558,GEN-EWS,1859
13559,GEN,
13560,GEN,
13561,GEN,
13562,GEN,
13563,GEN,
13564,GEN,
13565,GEN,
13566,SC,416
13567,OBC-NCL,3182
13568,GEN,
13569,OBC-NCL,3183
13570,GEN-EWS,1860
13571,GEN,
13572,ST,92
13573,GEN,
13574,OBC-NCL,3184
13575,GEN,
13576,GEN,
13577,GEN,
13578,OBC-NCL,3185
13579,GEN,
13580,GEN,
13581,GEN,
13582,GEN,
13583,GEN,
13584,OBC-NCL,3186
13585,OBC-NCL,3187
13586,GEN,
13587,GEN,
13588,GEN,
13589,GEN-EWS,1861
13590,GEN,
13591,OBC-NCL,3188
13592,OBC-NCL,3189
13593,GEN,
13594,OBC-NCL,3190
13595,GEN,
13596,GEN,
13597,GEN,
13598,OBC-NCL,3191
13599,GEN,
13600,OBC-NCL,3192
13601,GEN,
13602,GEN,
13603,OBC-NCL,3193
13604,OBC-NCL,3194
13605,GEN,
13606,GEN,
13607,GEN,
13608,OBC-NCL,3195
13609,OBC-NCL,3196
13610,OBC-NCL,3197
13611,GEN,
13612,GEN,
13613,GEN,
13614,GEN,
13615,OBC-NCL,3198
13616,GEN-EWS,1862
13617,GEN,
13618,OBC-NCL,3199
13619,OBC-NCL,3200
13620,GEN,
13621,ST,93
13622,GEN,
13623,GEN,
13624,GEN,
13625,GEN,
13626,OBC-NCL,3201
13627,GEN,
13628,OBC-NCL,3202
13629,GEN-EWS,1863
13630,OBC-NCL,3203
13631,GEN,
13632,OBC-NCL,3204
13633,OBC-NCL,3205
13634,OBC-NCL,3206
13635,GEN,
13636,GEN,
13637,SC,417
13638,OBC-NCL,3207
13639,OBC-NCL,3208
13640,GEN,
13641,OBC-NCL,3209
13642,SC,418
13643,OBC-NCL,3210
13644,GEN-EWS,1864
13645,SC,419
13646,OBC-NCL,3211
13647,SC,420
13648,OBC-NCL,3212
13649,GEN-EWS,1865
13650,GEN,
13651,GEN,
13652,OBC-NCL,3213
13653,OBC-NCL,3214
13654,OBC-NCL,3215
13655,GEN,
13656,GEN,
13657,GEN,
13658,OBC-NCL,3216
13659,GEN,
13660,GEN-EWS,1866
13661,GEN,
13662,OBC-NCL,3217
13663,GEN,
13664,SC,421
13665,OBC-NCL,3218
13666,GEN,
13667,OBC-NCL,3219
13668,GEN-EWS,1867
13669,GEN,
13670,GEN,
13671,GEN,
13672,GEN,
13673,OBC-NCL,3220
13674,GEN,
13675,GEN,
13676,GEN,
13677,GEN,
13678,GEN,
13679,GEN,
13680,GEN,
13681,SC,422
13682,OBC-NCL,3221
13683,GEN,
13684,GEN,
13685,SC,423
13686,GEN-EWS,1868
13687,GEN,
13687,GEN,
13689,GEN,
13690,GEN,
13691,GEN,
13692,GEN,
13693,GEN-EWS,1869
13694,GEN,
13695,OBC-NCL,3222
13696,OBC-NCL,3223
13697,ST,95
13698,OBC-NCL,3224
13699,GEN,
13700,GEN-EWS,1870
13701,OBC-NCL,3225
13702,GEN,
13703,GEN,
13704,OBC-NCL,3226
13705,OBC-NCL,3227
13706,GEN,
13707,GEN,
13708,GEN,
13709,SC,424
13710,GEN,
13711,GEN,
13712,GEN,
13713,OBC-NCL,3228
13714,OBC-NCL,3229
13715,GEN,
13716,OBC-NCL,3230
13717,GEN,
13718,GEN,
13719,GEN,
13720,OBC-NCL,3231
13721,GEN,
13722,OBC-NCL,3232
13723,GEN,
13724,GEN-EWS,1871
13725,GEN-EWS,1872
13726,GEN,
13727,GEN,
13728,OBC-NCL,3233
13729,GEN-EWS,1873
13730,GEN,
13731,GEN-EWS,1874
13732,OBC-NCL,3234
13733,GEN,
13734,GEN,
13735,GEN,
13736,GEN,
13737,OBC-NCL,3235
13738,OBC-NCL,3236
13739,OBC-NCL,3237
13740,SC,425
13741,GEN,
13742,GEN,
13743,OBC-NCL,3238
13744,OBC-NCL,3239
13745,GEN-EWS,1875
13746,GEN,
13747,GEN,
13748,GEN-EWS,1876
13749,GEN-EWS,1877
13750,OBC-NCL,3240
13751,OBC-NCL,3241
13752,OBC-NCL,3242
13753,ST,96
13754,GEN,
13755,OBC-NCL,3243
13756,OBC-NCL,3244
13757,GEN,
13758,GEN,
13759,SC,426
13760,GEN-EWS,1878
13761,OBC-NCL,3245
13762,GEN-EWS,1879
13763,GEN,
13764,GEN-EWS,1880
13765,GEN,
13766,GEN,
13767,GEN,
13767,OBC-NCL,3246
13769,OBC-NCL,3247
13770,GEN-EWS,1881
13771,GEN,
13772,GEN,
13773,GEN,
13774,GEN,
13775,GEN,
13776,GEN,
13777,GEN,
13778,OBC-NCL,3248
13779,GEN-EWS,1882
13780,GEN,
13781,GEN,
13782,OBC-NCL,3249
13783,GEN,
13784,OBC-NCL,3250
13785,OBC-NCL,3251
13786,OBC-NCL,3252
13787,GEN,
13788,OBC-NCL,3253
13789,GEN-EWS,1883
13790,GEN,
13791,GEN,
13792,GEN,
13793,OBC-NCL,3254
13794,GEN-EWS,1884
13795,GEN-EWS,1885
13796,GEN,
13797,GEN,
13798,GEN,
13799,GEN,
13800,GEN,
13801,GEN,
13802,GEN,
13803,GEN,
13804,SC,427
13805,SC,428
13806,OBC-NCL,3255
13807,GEN,
13808,GEN,
13809,GEN,
13810,OBC-NCL,3256
13811,GEN,
13812,OBC-NCL,3257
13813,GEN,
13814,GEN,
13815,GEN-EWS,1886
13816,GEN,
13817,GEN,
13818,GEN,
13819,GEN,
13820,GEN,
13821,GEN-EWS,1887
13822,OBC-NCL,3258
13823,OBC-NCL,3259
13824,GEN,
13825,GEN,
13826,OBC-NCL,3260
13827,GEN,
13828,GEN,
13829,OBC-NCL,3261
13830,GEN,
13831,OBC-NCL,3262
13832,OBC-NCL,3263
13833,GEN,
13834,OBC-NCL,3264
13835,GEN-EWS,1888
13836,GEN,
13837,GEN,
13838,GEN,
13838,OBC-NCL,3265
13840,GEN,
13841,GEN,
13842,OBC-NCL,3266
13843,GEN,
13844,GEN,
13845,ST,97
13846,OBC-NCL,3267
13847,GEN,
13848,GEN-EWS,1889
13849,GEN-EWS,1890
13850,GEN,
13851,GEN,
13852,GEN,
13853,OBC-NCL,3268
13854,OBC-NCL,3269
13855,GEN,
13856,OBC-NCL,3270
13857,OBC-NCL,3271
13858,OBC-NCL,3272
13859,GEN,
13860,GEN-EWS,1891
13861,GEN,
13862,GEN-EWS,1892
13863,GEN-EWS,1893
13864,GEN,
13865,GEN,
13866,GEN,
13867,OBC-NCL,3273
13868,GEN,
13869,OBC-NCL,3274
13870,OBC-NCL,3275
13871,GEN,
13872,GEN,
13873,GEN,
13874,GEN,
13875,GEN,
13876,GEN,
13877,GEN,
13878,OBC-NCL,3276
13879,ST,98
13880,OBC-NCL,3277
13881,GEN,
13882,GEN,
13883,GEN,
13884,GEN,
13885,GEN,
13886,GEN,
13887,GEN,
13888,GEN,
13889,OBC-NCL,3278
13890,GEN,
13890,OBC-NCL,3279
13892,GEN,
13892,OBC-NCL,3280
13894,GEN-EWS,1894
13895,GEN,
13896,GEN,
13897,OBC-NCL,3281
13898,GEN-EWS,1895
13899,GEN,
13900,OBC-NCL,3282
13901,GEN-EWS,1896
13902,GEN,
13903,GEN,
13904,GEN,
13905,OBC-NCL,3283
13906,OBC-NCL,3284
13907,GEN-EWS,1897
13908,GEN,
13908,OBC-NCL,3285
13910,GEN,
13911,GEN,
13912,GEN,
13913,GEN,
13914,GEN,
13915,OBC-NCL,3286
13916,OBC-NCL,3287
13917,GEN,
13918,GEN,
13919,OBC-NCL,3288
13920,GEN,
13921,GEN,
13922,SC,429
13923,GEN,
13924,OBC-NCL,3289
13925,GEN,
13926,GEN,
13927,GEN,
13928,GEN,
13929,GEN,
13930,GEN,
13931,OBC-NCL,3290
13932,GEN,
13933,GEN,
13934,GEN,
13935,GEN-EWS,1898
13936,GEN,
13937,GEN,
13937,GEN-EWS,1899
13939,SC,430
13940,GEN,
13941,GEN-EWS,1900
13942,OBC-NCL,3291
13943,GEN,
13944,OBC-NCL,3292
13945,GEN,
13946,GEN,
13947,ST,99
13948,OBC-NCL,3293
13949,GEN-EWS,1901
13950,GEN-EWS,1902
13951,OBC-NCL,3294
13952,GEN,
13953,OBC-NCL,3295
13954,GEN,
13955,GEN,
13956,GEN,
13957,GEN-EWS,1903
13958,GEN-EWS,1904
13959,GEN,
13960,OBC-NCL,3296
13961,SC,431
13962,GEN-EWS,1905
13963,GEN,
13964,GEN,
13965,OBC-NCL,3297
13966,OBC-NCL,3298
13967,GEN,
13968,ST,100
13969,GEN-EWS,1906
13970,GEN,
13971,OBC-NCL,3299
13972,OBC-NCL,3300
13973,GEN,
13974,OBC-NCL,3301
13975,OBC-NCL,3302
13976,GEN,
13977,SC,432
13978,OBC-NCL,3303
13979,OBC-NCL,3304
13980,OBC-NCL,3305
13981,OBC-NCL,3306
13982,OBC-NCL,3307
13983,GEN,
13984,GEN,
13985,OBC-NCL,3308
13986,GEN,
13987,OBC-NCL,3309
13988,GEN,
13989,GEN-EWS,1907
13990,GEN,
13991,GEN,
13992,OBC-NCL,3310
13993,GEN-EWS,1908
13994,OBC-NCL,3311
13995,GEN,
13996,GEN,
13997,GEN,
13998,OBC-NCL,3312
13999,GEN,
14000,GEN,
14001,GEN,
14002,OBC-NCL,3313
14003,OBC-NCL,3314
14004,GEN,
14005,GEN,
14006,OBC-NCL,3315
14007,OBC-NCL,3316
14008,GEN,
14009,GEN-EWS,1909
14010,GEN,
14011,OBC-NCL,3317
14012,SC,433
14013,GEN,
14014,GEN-EWS,1910
14015,GEN,
14016,GEN,
14017,GEN,
14018,GEN,
14019,GEN,
14020,GEN-EWS,1911
14021,ST,101
14022,GEN,
14023,OBC-NCL,3318
14024,GEN,
14025,GEN,
14026,GEN,
14027,ST,102
14028,GEN,
14029,GEN-EWS,1912
14030,GEN,
14031,OBC-NCL,3319
14032,OBC-NCL,3320
14033,GEN-EWS,1913
14034,GEN,
14035,GEN-EWS,1914
14036,GEN,
14037,GEN,
14038,OBC-NCL,3321
14039,GEN,
14040,GEN,
14041,OBC-NCL,3322
14042,GEN,
14043,GEN,
14044,GEN-EWS,1915
14045,GEN,
14046,OBC-NCL,3323
14047,OBC-NCL,3324
14048,OBC-NCL,3325
14049,OBC-NCL,3326
14050,OBC-NCL,3327
14051,GEN,
14052,GEN,
14053,OBC-NCL,3328
14054,OBC-NCL,3329
14055,OBC-NCL,3330
14056,OBC-NCL,3331
14057,OBC-NCL,3332
14058,GEN,
14059,GEN-EWS,1916
14060,SC,434
14061,OBC-NCL,3333
14062,GEN,
14063,OBC-NCL,3334
14064,GEN,
14065,GEN,
14066,OBC-NCL,3335
14067,GEN,
14068,GEN,
14069,OBC-NCL,3336
14070,GEN,
14071,OBC-NCL,3337
14072,OBC-NCL,3338
14073,OBC-NCL,3339
14074,GEN-EWS,1917
14075,OBC-NCL,3340
14076,OBC-NCL,3341
14077,OBC-NCL,3342
14078,GEN-EWS,1918
14079,GEN,
14080,GEN,
14081,OBC-NCL,3343
14082,GEN-EWS,1919
14083,GEN,
14084,GEN,
14085,GEN,
14086,GEN,
14087,OBC-NCL,3344
14088,GEN,
14089,OBC-NCL,3345
14090,GEN,
14091,GEN,
14092,OBC-NCL,3346
14093,GEN,
14094,GEN,
14095,OBC-NCL,3347
14096,OBC-NCL,3348
14097,OBC-NCL,3349
14098,GEN,
14099,GEN,
14100,GEN,
14101,OBC-NCL,3350
14102,GEN,
14103,GEN-EWS,1920
14104,OBC-NCL,3351
14105,GEN,
14106,OBC-NCL,3352
14107,OBC-NCL,3353
14108,GEN,
14109,GEN-EWS,1921
14110,GEN,
14111,OBC-NCL,3354
14112,GEN-EWS,1922
14113,GEN,
14114,OBC-NCL,3355
14115,GEN,
14116,OBC-NCL,3356
14117,OBC-NCL,3357
14118,GEN,
14119,GEN,
14120,GEN,
14121,GEN,
14122,GEN,
14123,GEN-EWS,1923
14124,SC,435
14125,GEN,
14126,SC,436
14127,OBC-NCL,3358
14128,GEN,
14129,OBC-NCL,3359
14130,GEN,
14131,OBC-NCL,3360
14132,OBC-NCL,3361
14133,GEN-EWS,1924
14134,GEN,
14135,GEN,
14136,GEN-EWS,1925
14137,GEN,
14138,GEN,
14138,OBC-NCL,3362
14140,OBC-NCL,3363
14141,GEN-EWS,1926
14142,OBC-NCL,3364
14143,GEN,
14144,GEN,
14145,GEN,
14146,OBC-NCL,3365
14147,GEN,
14148,GEN-EWS,1927
14149,SC,437
14150,OBC-NCL,3366
14151,GEN,
14152,GEN,
14153,OBC-NCL,3367
14154,GEN,
14155,GEN-EWS,1928
14156,GEN,
14157,GEN-EWS,1929
14158,GEN,
14159,GEN,
14160,OBC-NCL,3368
14161,GEN,
14162,OBC-NCL,3369
14163,GEN,
14164,GEN,
14165,GEN,
14166,GEN-EWS,1930
14167,GEN,
14168,GEN-EWS,1931
14169,OBC-NCL,3370
14170,OBC-NCL,3371
14171,GEN-EWS,1932
14172,GEN,
14173,GEN,
14174,GEN-EWS,1933
14175,GEN,
14176,OBC-NCL,3372
14177,GEN,
14178,GEN-EWS,1934
14179,GEN,
14180,GEN,
14181,GEN,
14182,GEN-EWS,1935
14183,OBC-NCL,3373
14184,OBC-NCL,3374
14185,OBC-NCL,3375
14186,GEN,
14187,GEN,
14188,GEN-EWS,1936
14189,GEN,
14190,GEN,
14191,OBC-NCL,3376
14192,GEN-EWS,1937
14193,GEN,
14194,GEN,
14195,GEN-EWS,1938
14195,GEN-EWS,1938
14197,OBC-NCL,3377
14198,GEN,
14199,GEN-EWS,1940
14200,ST,103
14201,GEN-EWS,1941
14202,OBC-NCL,3378
14203,GEN,
14204,OBC-NCL,3379
14205,GEN,
14206,GEN-EWS,1942
14207,GEN,
14208,GEN,
14209,GEN,
14210,OBC-NCL,3380
14211,GEN,
14212,GEN,
14213,GEN-EWS,1943
14214,GEN,
14215,OBC-NCL,3381
14216,OBC-NCL,3382
14217,GEN,
14218,OBC-NCL,3383
14219,GEN,
14220,GEN,
14221,GEN,
14222,GEN,
14223,GEN,
14224,GEN,
14225,OBC-NCL,3384
14226,GEN,
14227,OBC-NCL,3385
14228,OBC-NCL,3386
14229,GEN,
14230,GEN,
14231,OBC-NCL,3387
14232,GEN,
14233,OBC-NCL,3388
14234,GEN,
14235,OBC-NCL,3389
14236,GEN,
14237,OBC-NCL,3390
14238,OBC-NCL,3391
14239,GEN,
14240,GEN-EWS,1944
14241,GEN-EWS,1945
14242,SC,438
14243,GEN,
14244,OBC-NCL,3392
14245,GEN-EWS,1946
14246,SC,439
14247,GEN,
14248,SC,440
14249,GEN,
14250,GEN,
14251,GEN-EWS,1947
14252,SC,441
14253,GEN-EWS,1948
14254,OBC-NCL,3393
14255,OBC-NCL,3394
14256,GEN,
14257,OBC-NCL,3395
14258,GEN,
14259,OBC-NCL,3396
14260,OBC-NCL,3397
14261,OBC-NCL,3398
14262,GEN,
14263,GEN,
14264,GEN,
14265,OBC-NCL,3399
14266,GEN-EWS,1949
14267,OBC-NCL,3400
14268,OBC-NCL,3401
14269,GEN-EWS,1950
14270,GEN,
14271,OBC-NCL,3402
14272,GEN,
14273,GEN,
14274,GEN-EWS,1951
14275,OBC-NCL,3403
14276,GEN,
14277,OBC-NCL,3404
14278,GEN,
14279,GEN,
14280,OBC-NCL,3405
14281,GEN-EWS,1952
14282,GEN,
14283,GEN,
14284,GEN,
14285,GEN-EWS,1953
14285,GEN-EWS,1953
14287,GEN,
14287,OBC-NCL,3406
14289,OBC-NCL,3407
14290,GEN-EWS,1955
14291,SC,442
14292,GEN,
14293,GEN-EWS,1956
14294,GEN,
14295,GEN,
14296,GEN,
14297,SC,443
14298,GEN,
14299,GEN,
14300,GEN,
14301,OBC-NCL,3408
14302,GEN-EWS,1957
14303,GEN-EWS,1958
14304,GEN,
14305,GEN,
14306,GEN,
14307,OBC-NCL,3409
14308,GEN,
14309,GEN,
14310,GEN,
14311,GEN,
14312,GEN,
14313,GEN,
14314,GEN,
14315,GEN-EWS,1959
14316,GEN,
14317,GEN,
14318,GEN-EWS,1960
14319,OBC-NCL,3410
14320,SC,444
14321,GEN,
14322,OBC-NCL,3411
14323,GEN,
14324,GEN,
14325,GEN-EWS,1961
14326,GEN-EWS,1962
14327,OBC-NCL,3412
14328,GEN,
14329,OBC-NCL,3413
14330,OBC-NCL,3414
14331,GEN,
14332,GEN,
14333,GEN,
14334,GEN,
14335,GEN,
14336,GEN,
14337,OBC-NCL,3415
14338,GEN-EWS,1963
14339,SC,445
14340,GEN,
14340,GEN,
14342,GEN-EWS,1964
14343,OBC-NCL,3416
14344,OBC-NCL,3417
14345,GEN,
14346,OBC-NCL,3418
14347,SC,446
14348,GEN,
14349,OBC-NCL,3419
14350,GEN,
14351,GEN,
14352,OBC-NCL,3420
14353,GEN,
14354,OBC-NCL,3421
14355,GEN-EWS,1965
14356,SC,447
14357,SC,448
14358,OBC-NCL,3422
14359,GEN-EWS,1966
14360,GEN,
14361,OBC-NCL,3423
14362,GEN,
14363,OBC-NCL,3424
14364,GEN,
14365,OBC-NCL,3425
14366,OBC-NCL,3426
14367,GEN,
14368,OBC-NCL,3427
14369,GEN,
14370,OBC-NCL,3428
14371,OBC-NCL,3429
14372,GEN,
14373,OBC-NCL,3430
14374,GEN,
14375,GEN,
14376,GEN,
14377,OBC-NCL,3431
14378,OBC-NCL,3432
14379,OBC-NCL,3433
14380,GEN-EWS,1967
14381,GEN,
14382,GEN,
14383,OBC-NCL,3434
14384,GEN,
14385,OBC-NCL,3435
14386,SC,449
14387,GEN,
14388,GEN,
14389,OBC-NCL,3436
14390,GEN-EWS,1968
14391,OBC-NCL,3437
14392,OBC-NCL,3438
14393,GEN-EWS,1969
14394,GEN-EWS,1970
14395,OBC-NCL,3439
14396,GEN-EWS,1971
14397,SC,450
14398,GEN,
14399,GEN-EWS,1972
14400,OBC-NCL,3440
14401,GEN,
14402,GEN,
14403,GEN,
14404,GEN,
14405,OBC-NCL,3441
14406,OBC-NCL,3442
14407,OBC-NCL,3443
14408,GEN-EWS,1973
14409,GEN,
14410,GEN,
14411,GEN,
14412,GEN,
14413,GEN,
14414,SC,451
14415,OBC-NCL,3444
14416,OBC-NCL,3445
14417,GEN,
14418,OBC-NCL,3446
14419,OBC-NCL,3447
14420,GEN,
14421,GEN,
14422,OBC-NCL,3448
14423,OBC-NCL,3449
14424,SC,452
14425,GEN,
14426,OBC-NCL,3450
14427,GEN-EWS,1974
14428,GEN-EWS,1975
14429,OBC-NCL,3451
14430,SC,453
14431,GEN,
14432,OBC-NCL,3452
14433,GEN,
14434,GEN-EWS,1976
14435,GEN-EWS,1977
14436,OBC-NCL,3453
14437,OBC-NCL,3454
14438,OBC-NCL,3455
14439,GEN,
14440,OBC-NCL,3456
14441,GEN,
14442,GEN-EWS,1978
14443,SC,454
14444,GEN-EWS,1979
14445,SC,455
14446,OBC-NCL,3457
14447,GEN,
14448,OBC-NCL,3458
14449,GEN,
14450,SC,456
14451,GEN-EWS,1980
14452,GEN,
14453,GEN,
14454,SC,457
14455,OBC-NCL,3459
14456,GEN,
14457,GEN,
14458,OBC-NCL,3460
14459,SC,458
14460,OBC-NCL,3461
14461,OBC-NCL,3462
14462,GEN-EWS,1981
14463,GEN,
14464,GEN,
14465,OBC-NCL,3463
14466,GEN,
14467,OBC-NCL,3464
14468,GEN,
14469,GEN,
14470,GEN,
14471,OBC-NCL,3465
14472,ST,104
14473,GEN-EWS,1982
14474,GEN,
14475,GEN,
14476,OBC-NCL,3466
14477,GEN,
14478,OBC-NCL,3467
14479,SC,459
14480,GEN,
14481,GEN,
14482,GEN,
14483,GEN-EWS,1983
14484,GEN,
14485,OBC-NCL,3468
14486,OBC-NCL,3469
14487,GEN,
14488,GEN,
14489,GEN-EWS,1984
14490,OBC-NCL,3470
14491,GEN,
14492,GEN,
14493,GEN-EWS,1985
14494,GEN-EWS,1986
14495,GEN-EWS,1987
14496,OBC-NCL,3471
14497,OBC-NCL,3472
14498,GEN,
14499,GEN,
14500,GEN,
14501,SC,460
14502,GEN,
14503,OBC-NCL,3473
14504,GEN,
14505,OBC-NCL,3474
14506,GEN,
14507,OBC-NCL,3475
14508,GEN-EWS,1988
14509,GEN,
14510,OBC-NCL,3476
14511,OBC-NCL,3477
14512,GEN,
14513,GEN,
14514,GEN,
14515,OBC-NCL,3478
14516,GEN-EWS,1989
14517,OBC-NCL,3479
14518,OBC-NCL,3480
14519,GEN,
14520,GEN,
14521,GEN,
14522,OBC-NCL,3481
14523,OBC-NCL,3482
14524,GEN,
14525,GEN-EWS,1990
14526,GEN-EWS,1991
14527,OBC-NCL,3483
14528,OBC-NCL,3484
14529,GEN,
14530,GEN,
14531,GEN,
14532,GEN,
14533,GEN,
14534,GEN,
14535,GEN-EWS,1992
14536,SC,461
14537,OBC-NCL,3485
14538,OBC-NCL,3486
14539,GEN,
14540,GEN,
14541,GEN,
14542,GEN-EWS,1993
14543,GEN,
14544,GEN,
14545,GEN,
14546,OBC-NCL,3487
14547,GEN-EWS,1994
14548,OBC-NCL,3488
14549,GEN,
14550,GEN,
14551,GEN,
14552,GEN,
14553,GEN-EWS,1995
14554,GEN,
14555,GEN,
14556,GEN,
14557,OBC-NCL,3489
14558,GEN,
14559,OBC-NCL,3490
14560,GEN,
14561,GEN,
14562,OBC-NCL,3491
14563,GEN-EWS,1996
14564,GEN-EWS,1997
14565,OBC-NCL,3492
14566,OBC-NCL,3493
14567,GEN,
14568,GEN,
14569,GEN,
14570,GEN,
14571,GEN,
14572,GEN,
14573,GEN,
14574,GEN,
14575,GEN,
14576,GEN,
14577,OBC-NCL,3494
14578,ST,105
14579,GEN,
14580,OBC-NCL,3495
14581,GEN,
14582,GEN,
14583,GEN,
14584,OBC-NCL,3496
14585,GEN,
14586,GEN,
14587,GEN,
14588,GEN,
14589,GEN,
14590,GEN,
14591,GEN,
14592,GEN,
14593,GEN-EWS,1998
14594,OBC-NCL,3497
14595,OBC-NCL,3498
14596,GEN,
14597,OBC-NCL,3499
14598,GEN-EWS,1999
14599,GEN,
14600,GEN,
14601,GEN-EWS,2000
14602,SC,462
14603,GEN-EWS,2001
14604,GEN-EWS,2002
14605,GEN,
14606,GEN,
14607,GEN,
14608,GEN,
14609,GEN,
14610,GEN-EWS,2003
14611,GEN,
14612,GEN,
14613,GEN-EWS,2004
14614,GEN-EWS,2005
14615,GEN,
14616,GEN,
14617,GEN,
14618,GEN-EWS,2006
14619,GEN,
14620,GEN,
14621,OBC-NCL,3500
14622,GEN,
14623,OBC-NCL,3501
14624,GEN,
14625,GEN,
14626,OBC-NCL,3502
14627,GEN,
14628,GEN,
14629,OBC-NCL,3503
14630,GEN-EWS,2007
14631,OBC-NCL,3504
14632,GEN,
14633,OBC-NCL,3505
14634,GEN,
14635,GEN-EWS,2008
14636,GEN-EWS,2009
14637,GEN-EWS,2010
14638,GEN,
14639,GEN,
14640,GEN,
14641,GEN,
14642,GEN,
14643,SC,463
14644,GEN-EWS,2011
14645,GEN-EWS,2012
14646,GEN,
14647,GEN-EWS,2013
14648,OBC-NCL,3506
14649,GEN,
14650,SC,464
14651,GEN,
14652,GEN,
14653,OBC-NCL,3507
14654,OBC-NCL,3508
14655,GEN-EWS,2014
14656,GEN,
14657,OBC-NCL,3509
14658,GEN,
14659,GEN,
14660,GEN,
14661,GEN-EWS,2015
14662,GEN,
14663,GEN,
14664,GEN,
14665,OBC-NCL,3510
14666,OBC-NCL,3511
14667,GEN-EWS,2016
14668,OBC-NCL,3512
14669,GEN-EWS,2017
14670,GEN,
14671,GEN-EWS,2018
14672,OBC-NCL,3513
14673,GEN,
14674,GEN,
14675,OBC-NCL,3514
14676,OBC-NCL,3515
14677,OBC-NCL,3516
14678,GEN-EWS,2019
14679,GEN,
14680,OBC-NCL,3517
14681,OBC-NCL,3518
14682,SC,466
14683,OBC-NCL,3519
14684,GEN-EWS,2020
14685,OBC-NCL,3520
14686,GEN,
14687,GEN,
14688,OBC-NCL,3521
14689,OBC-NCL,3522
14690,GEN,
14691,SC,467
14692,GEN,
14693,OBC-NCL,3523
14694,OBC-NCL,3524
14695,OBC-NCL,3525
14696,OBC-NCL,3526
14697,OBC-NCL,3527
14698,GEN,
14699,GEN,
14700,GEN,
14701,OBC-NCL,3528
14702,GEN,
14703,GEN,
14704,GEN,
14705,GEN-EWS,2021
14706,GEN-EWS,2022
14707,OBC-NCL,3529
14708,GEN,
14709,GEN-EWS,2023
14710,OBC-NCL,3530
14711,GEN-EWS,2024
14711,SC,468
14713,OBC-NCL,3531
14714,GEN-EWS,2025
14715,OBC-NCL,3532
14716,GEN,
14717,OBC-NCL,3533
14718,OBC-NCL,3534
14719,GEN-EWS,2026
14720,GEN,
14721,GEN,
14722,OBC-NCL,3535
14723,GEN,
14724,GEN,
14725,OBC-NCL,3536
14726,GEN,
14727,GEN,
14728,GEN,
14729,GEN,
14730,OBC-NCL,3537
14731,OBC-NCL,3538
14732,GEN,
14733,GEN-EWS,2027
14734,GEN-EWS,2028
14735,GEN,
14736,ST,106
14737,OBC-NCL,3539
14738,OBC-NCL,3540
14739,GEN,
14740,GEN,
14741,GEN,
14742,OBC-NCL,3541
14743,GEN,
14744,GEN,
14745,GEN,
14746,OBC-NCL,3542
14747,GEN,
14748,OBC-NCL,3543
14749,GEN-EWS,2029
14750,GEN,
14751,GEN,
14752,OBC-NCL,3544
14753,GEN,
14754,GEN,
14755,GEN,
14756,SC,469
14757,GEN,
14758,OBC-NCL,3545
14759,GEN,
14760,GEN-EWS,2030
14761,GEN,
14762,GEN-EWS,2031
14763,GEN,
14764,OBC-NCL,3546
14765,GEN,
14766,GEN,
14767,GEN,
14768,GEN,
14769,GEN,
14770,GEN,
14771,OBC-NCL,3547
14772,OBC-NCL,3548
14773,SC,470
14774,OBC-NCL,3549
14775,GEN,
14776,GEN,
14777,OBC-NCL,3550
14778,OBC-NCL,3551
14779,GEN,
14780,SC,471
14781,OBC-NCL,3552
14782,OBC-NCL,3553
14783,GEN,
14784,GEN,
14785,OBC-NCL,3554
14786,OBC-NCL,3555
14787,GEN,
14788,OBC-NCL,3556
14789,GEN,
14790,OBC-NCL,3557
14791,GEN,
14792,GEN,
14793,GEN,
14794,OBC-NCL,3558
14795,OBC-NCL,3559
14796,GEN,
14797,GEN,
14798,OBC-NCL,3560
14799,GEN,
14800,GEN,
14801,GEN-EWS,2032
14802,GEN,
14803,OBC-NCL,3561
14804,GEN,
14805,GEN,
14806,GEN-EWS,2033
14807,OBC-NCL,3562
14808,OBC-NCL,3563
14809,OBC-NCL,3564
14810,GEN,
14811,GEN,
14812,SC,472
14813,GEN,
14814,OBC-NCL,3565
14815,GEN,
14816,OBC-NCL,3566
14817,GEN,
14818,OBC-NCL,3567
14819,GEN,
14820,GEN,
14821,OBC-NCL,3568
14822,GEN,
14823,GEN-EWS,2034
14824,GEN-EWS,2035
14825,SC,473
14826,OBC-NCL,3569
14827,OBC-NCL,3570
14828,OBC-NCL,3571
14829,OBC-NCL,3572
14830,OBC-NCL,3573
14831,OBC-NCL,3574
14832,GEN,
14833,GEN,
14834,GEN,
14835,GEN,
14836,GEN,
14837,GEN,
14838,GEN,
14839,GEN,
14840,SC,474
14841,ST,107
14842,GEN,
14843,GEN-EWS,2036
14844,GEN-EWS,2037
14845,GEN,
14846,GEN,
14847,GEN,
14848,GEN,
14849,GEN,
14850,GEN,
14851,OBC-NCL,3575
14852,GEN,
14853,GEN-EWS,2038
14854,OBC-NCL,3576
14855,GEN,
14856,GEN,
14857,GEN,
14858,OBC-NCL,3577
14859,GEN,
14860,GEN,
14861,GEN-EWS,2039
14862,GEN,
14863,SC,475
14864,GEN,
14865,GEN,
14866,GEN,
14867,GEN,
14868,GEN-EWS,2040
14869,GEN,
14870,GEN-EWS,2041
14871,OBC-NCL,3578
14872,OBC-NCL,3579
14873,GEN,
14874,GEN,
14875,GEN,
14876,GEN,
14877,OBC-NCL,3580
14878,GEN,
14879,OBC-NCL,3581
14880,GEN,
14881,OBC-NCL,3582
14882,GEN,
14883,GEN,
14884,OBC-NCL,3583
14885,OBC-NCL,3584
14886,GEN,
14887,OBC-NCL,3585
14888,GEN,
14889,GEN,
14890,GEN,
14891,OBC-NCL,3586
14892,OBC-NCL,3587
14893,GEN,
14894,GEN,
14895,GEN,
14896,OBC-NCL,3588
14897,GEN,
14898,GEN,
14899,GEN-EWS,2042
14900,GEN,
14901,GEN,
14902,GEN,
14903,OBC-NCL,3589
14904,SC,476
14905,OBC-NCL,3590
14906,OBC-NCL,3591
14907,OBC-NCL,3592
14908,GEN-EWS,2043
14909,OBC-NCL,3593
14910,OBC-NCL,3594
14911,GEN-EWS,2044
14912,OBC-NCL,3595
14913,OBC-NCL,3596
14914,GEN,
14915,GEN,
14916,OBC-NCL,3597
14917,OBC-NCL,3598
14918,OBC-NCL,3599
14919,GEN,
14920,OBC-NCL,3600
14921,OBC-NCL,3601
14922,OBC-NCL,3602
14923,GEN,
14924,OBC-NCL,3603
14925,GEN,
14926,GEN,
14927,GEN,
14928,GEN,
14929,GEN,
14930,GEN-EWS,2045
14931,GEN,
14932,OBC-NCL,3604
14933,GEN-EWS,2046
14934,GEN,
14935,GEN,
14936,OBC-NCL,3605
14937,GEN-EWS,2047
14938,OBC-NCL,3606
14939,GEN,
14940,GEN,
14941,GEN,
14942,GEN,
14943,GEN-EWS,2048
14944,GEN-EWS,2049
14945,GEN,
14946,GEN,
14947,GEN,
14948,OBC-NCL,3607
14949,GEN,
14950,GEN-EWS,2050
14951,GEN-EWS,2051
14952,GEN,
14953,GEN-EWS,2052
14954,GEN-EWS,2053
14955,GEN-EWS,2054
14956,GEN,
14957,GEN,
14958,GEN,
14959,OBC-NCL,3608
14960,GEN,
14961,GEN,
14962,GEN,
14963,OBC-NCL,3609
14964,GEN,
14965,OBC-NCL,3610
14966,GEN,
14967,OBC-NCL,3611
14968,OBC-NCL,3612
14969,OBC-NCL,3613
14970,GEN,
14971,GEN,
14972,GEN-EWS,2055
14973,GEN,
14974,GEN,
14975,ST,108
14976,GEN,
14977,GEN,
14978,OBC-NCL,3614
14979,GEN,
14980,GEN,
14981,OBC-NCL,3615
14982,GEN,
14983,GEN,
14984,GEN,
14985,GEN,
14986,GEN,
14987,OBC-NCL,3616
14988,GEN,
14989,GEN-EWS,2056
14990,OBC-NCL,3617
14991,GEN,
14992,GEN-EWS,2057
14993,GEN,
14994,OBC-NCL,3618
14995,GEN,
14996,GEN,
14997,GEN,
14998,SC,477
14999,OBC-NCL,3619
15000,GEN,
15001,GEN,
15002,GEN,
15003,GEN,
15004,OBC-NCL,3620
15005,OBC-NCL,3621
15006,GEN,
15007,GEN,
15008,OBC-NCL,3622
15009,GEN,
15010,GEN,
15011,SC,478
15012,GEN,
15013,OBC-NCL,3623
15014,GEN,
15015,OBC-NCL,3624
15016,OBC-NCL,3625
15017,OBC-NCL,3626
15018,GEN,
15019,OBC-NCL,3627
15020,GEN-EWS,2058
15021,OBC-NCL,3628
15022,OBC-NCL,3629
15023,GEN,
15024,GEN,
15025,GEN-EWS,2059
15026,GEN-EWS,2060
15027,SC,479
15028,GEN,
15029,GEN,
15030,OBC-NCL,3630
15031,OBC-NCL,3631
15032,GEN,
15033,GEN,
15034,GEN,
15035,OBC-NCL,3632
15036,OBC-NCL,3633
15036,OBC-NCL,3633
15038,OBC-NCL,3635
15039,GEN,
15040,OBC-NCL,3636
15041,GEN,
15042,OBC-NCL,3637
15043,OBC-NCL,3638
15044,GEN,
15045,OBC-NCL,3639
15046,OBC-NCL,3640
15047,GEN,
15048,GEN-EWS,2061
15049,OBC-NCL,3641
15050,GEN,
15051,GEN,
15052,GEN,
15053,GEN,
15054,GEN,
15055,GEN,
15056,GEN,
15057,GEN,
15058,GEN,
15059,OBC-NCL,3642
15060,OBC-NCL,3643
15061,GEN,
15062,GEN,
15063,GEN,
15064,OBC-NCL,3644
15065,SC,480
15066,OBC-NCL,3645
15067,GEN,
15068,GEN,
15069,GEN-EWS,2062
15070,OBC-NCL,3646
15071,GEN,
15072,GEN-EWS,2063
15073,OBC-NCL,3647
15074,GEN,
15074,SC,481
15076,OBC-NCL,3648
15077,GEN,
15078,GEN,
15079,GEN,
15080,OBC-NCL,3649
15081,GEN,
15082,GEN,
15083,GEN-EWS,2064
15084,GEN,
15085,SC,482
15086,GEN,
15087,GEN,
15088,GEN,
15089,GEN-EWS,2065
15090,GEN,
15091,OBC-NCL,3650
15092,GEN,
15093,GEN,
15094,GEN,
15095,GEN,
15096,OBC-NCL,3651
15097,GEN,
15098,OBC-NCL,3652
15099,OBC-NCL,3653
15100,GEN,
15101,GEN-EWS,2066
15102,OBC-NCL,3654
15103,GEN,
15104,OBC-NCL,3655
15105,GEN,
15106,GEN,
15107,GEN-EWS,2067
15108,GEN,
15109,GEN,
15110,OBC-NCL,3656
15111,OBC-NCL,3657
15112,GEN,
15113,GEN,
15114,SC,483
15115,OBC-NCL,3658
15116,GEN-EWS,2068
15117,OBC-NCL,3659
15118,OBC-NCL,3660
15119,OBC-NCL,3661
15120,SC,484
15121,GEN,
15122,OBC-NCL,3662
15123,GEN,
15124,GEN,
15125,GEN,
15126,SC,485
15127,OBC-NCL,3663
15128,GEN-EWS,2069
15129,OBC-NCL,3664
15130,GEN,
15131,OBC-NCL,3665
15132,GEN,
15133,GEN,
15134,GEN,
15135,OBC-NCL,3666
15136,OBC-NCL,3667
15137,SC,486
15138,OBC-NCL,3668
15139,OBC-NCL,3669
15140,OBC-NCL,3670
15141,OBC-NCL,3671
15142,OBC-NCL,3672
15143,GEN-EWS,2070
15144,OBC-NCL,3673
15145,GEN,
15146,GEN,
15147,GEN-EWS,2071
15148,GEN,
15149,GEN,
15150,OBC-NCL,3674
15151,OBC-NCL,3675
15152,GEN,
15153,GEN,
15154,SC,487
15155,GEN-EWS,2072
15156,GEN,
15157,GEN,
15158,GEN,
15159,SC,488
15160,GEN,
15161,GEN-EWS,2073
15162,GEN,
15163,GEN,
15164,GEN-EWS,2074
15165,OBC-NCL,3676
15166,GEN,
15167,SC,489
15168,GEN,
15169,GEN-EWS,2075
15170,OBC-NCL,3677
15171,GEN,
15172,GEN,
15173,GEN,
15174,OBC-NCL,3678
15175,GEN,
15176,GEN,
15177,GEN-EWS,2076
15178,GEN,
15179,GEN-EWS,2077
15180,GEN,
15181,GEN,
15182,GEN,
15183,OBC-NCL,3679
15184,GEN-EWS,2078
15185,SC,490
15186,GEN,
15187,GEN,
15188,GEN,
15189,SC,491
15190,GEN,
15191,GEN,
15192,OBC-NCL,3680
15193,GEN,
15194,GEN,
15195,OBC-NCL,3681
15196,GEN-EWS,2079
15197,SC,492
15198,GEN,
15199,GEN,
15200,GEN,
15201,GEN,
15202,GEN,
15203,GEN-EWS,2080
15204,GEN,
15205,GEN,
15206,GEN-EWS,2081
15207,GEN-EWS,2082
15208,GEN,
15209,OBC-NCL,3682
15210,GEN,
15211,OBC-NCL,3683
15212,GEN-EWS,2083
15213,GEN,
15214,OBC-NCL,3684
15215,GEN-EWS,2084
15216,GEN,
15217,OBC-NCL,3685
15218,GEN,
15219,GEN-EWS,2085
15220,OBC-NCL,3686
15221,OBC-NCL,3687
15222,GEN,
15223,GEN,
15224,GEN,
15225,GEN,
15226,GEN,
15227,GEN-EWS,2086
15228,GEN,
15229,SC,493
15230,GEN,
15231,GEN,
15232,GEN-EWS,2087
15233,GEN,
15233,GEN,
15235,GEN-EWS,2088
15236,GEN-EWS,2089
15237,SC,494
15238,GEN,
15239,OBC-NCL,3688
15240,GEN,
15241,GEN-EWS,2090
15242,GEN,
15243,OBC-NCL,3689
15244,OBC-NCL,3690
15245,OBC-NCL,3691
15246,OBC-NCL,3692
15247,GEN,
15248,GEN,
15249,GEN,
15250,SC,495
15251,SC,496
15252,OBC-NCL,3693
15253,OBC-NCL,3694
15254,GEN,
15255,GEN-EWS,2091
15256,GEN-EWS,2092
15257,GEN,
15258,GEN,
15259,GEN,
15260,GEN-EWS,2093
15261,OBC-NCL,3695
15262,GEN,
15263,GEN-EWS,2094
15264,GEN,
15265,GEN,
15266,OBC-NCL,3696
15267,GEN,
15268,OBC-NCL,3697
15269,GEN-EWS,2095
15270,GEN,
15271,GEN,
15272,OBC-NCL,3698
15273,GEN,
15274,GEN,
15275,GEN,
15276,GEN,
15277,GEN-EWS,2096
15278,GEN,
15279,OBC-NCL,3699
15280,GEN,
15280,GEN,
15282,OBC-NCL,3700
15283,GEN,
15284,OBC-NCL,3701
15285,OBC-NCL,3702
15286,OBC-NCL,3703
15287,GEN-EWS,2097
15288,GEN-EWS,2098
15289,GEN,
15290,GEN,
15291,GEN,
15292,GEN,
15293,OBC-NCL,3704
15294,OBC-NCL,3705
15295,GEN,
15296,GEN,
15297,GEN,
15298,GEN,
15299,OBC-NCL,3706
15299,OBC-NCL,3706
15301,GEN,
15302,GEN,
15303,GEN,
15304,GEN-EWS,2099
15305,GEN-EWS,2100
15306,OBC-NCL,3708
15307,GEN-EWS,2101
15308,GEN,
15309,OBC-NCL,3709
15310,GEN,
15311,GEN,
15312,GEN,
15313,GEN-EWS,2102
15314,ST,109
15315,GEN,
15316,GEN,
15317,GEN,
15318,OBC-NCL,3710
15319,GEN,
15320,GEN,
15321,SC,497
15322,GEN,
15323,OBC-NCL,3711
15324,OBC-NCL,3712
15325,OBC-NCL,3713
15326,GEN,
15327,GEN-EWS,2103
15328,GEN,
15329,GEN,
15330,OBC-NCL,3714
15331,GEN,
15332,GEN,
15333,GEN,
15334,SC,498
15335,GEN,
15336,SC,499
15337,GEN,
15338,OBC-NCL,3715
15339,GEN,
15340,GEN,
15341,OBC-NCL,3716
15342,GEN,
15343,GEN,
15344,GEN,
15345,GEN,
15346,GEN,
15347,GEN,
15348,SC,500
15349,GEN-EWS,2104
15350,OBC-NCL,3717
15351,GEN,
15352,GEN,
15353,OBC-NCL,3718
15354,GEN,
15355,GEN,
15356,GEN,
15357,OBC-NCL,3719
15358,GEN-EWS,2105
15359,OBC-NCL,3720
15360,GEN,
15361,GEN,
15362,OBC-NCL,3721
15363,GEN-EWS,2106
15364,GEN,
15365,GEN-EWS,2107
15366,OBC-NCL,3722
15367,GEN,
15368,ST,110
15369,OBC-NCL,3723
15370,OBC-NCL,3724
15371,OBC-NCL,3725
15372,GEN,
15373,GEN-EWS,2108
15374,SC,501
15375,GEN,
15376,GEN,
15377,SC,502
15378,GEN-EWS,2109
15379,GEN-EWS,2110
15380,GEN,
15381,GEN,
15382,OBC-NCL,3726
15383,OBC-NCL,3727
15384,GEN,
15385,OBC-NCL,3728
15386,OBC-NCL,3729
15387,OBC-NCL,3730
15388,OBC-NCL,3731
15389,GEN,
15390,GEN,
15391,OBC-NCL,3732
15392,OBC-NCL,3733
15393,GEN,
15394,OBC-NCL,3734
15395,GEN,
15396,GEN-EWS,2111
15397,GEN,
15398,GEN-EWS,2112
15399,GEN,
15400,GEN,
15401,GEN,
15402,GEN-EWS,2113
15403,GEN,
15404,GEN,
15405,OBC-NCL,3735
15406,OBC-NCL,3736
15407,GEN,
15408,OBC-NCL,3737
15409,GEN,
15410,OBC-NCL,3738
15411,GEN,
15412,GEN,
15413,OBC-NCL,3739
15414,GEN,
15415,GEN-EWS,2114
15416,OBC-NCL,3740
15417,GEN,
15418,GEN,
15419,OBC-NCL,3741
15420,OBC-NCL,3742
15421,GEN,
15422,GEN,
15423,OBC-NCL,3743
15424,GEN-EWS,2115
15425,GEN,
15426,OBC-NCL,3744
15427,GEN,
15428,GEN,
15429,OBC-NCL,3745
15430,OBC-NCL,3746
15431,OBC-NCL,3747
15432,GEN,
15433,GEN,
15434,GEN,
15435,OBC-NCL,3748
15436,GEN,
15437,GEN-EWS,2116
15438,OBC-NCL,3749
15439,OBC-NCL,3750
15440,OBC-NCL,3751
15441,GEN-EWS,2117
15442,GEN,
15443,GEN-EWS,2118
15444,OBC-NCL,3752
15445,OBC-NCL,3753
15446,OBC-NCL,3754
15447,GEN,
15448,GEN,
15449,GEN,
15450,ST,111
15451,GEN-EWS,2119
15452,OBC-NCL,3755
15453,GEN,
15454,GEN,
15454,GEN,
15456,GEN,
15457,GEN-EWS,2120
15458,OBC-NCL,3756
15459,GEN,
15460,GEN,
15461,GEN,
15462,GEN-EWS,2121
15463,GEN-EWS,2122
15464,GEN,
15465,GEN,
15466,GEN,
15467,OBC-NCL,3757
15468,GEN-EWS,2123
15469,GEN,
15470,GEN,
15471,GEN,
15472,GEN,
15473,GEN,
15474,GEN-EWS,2124
15475,OBC-NCL,3758
15476,GEN,
15477,OBC-NCL,3759
15478,GEN,
15479,GEN,
15480,OBC-NCL,3760
15481,GEN,
15482,OBC-NCL,3761
15483,GEN,
15484,OBC-NCL,3762
15485,GEN,
15486,GEN,
15487,GEN-EWS,2125
15488,GEN,
15489,GEN-EWS,2126
15490,OBC-NCL,3763
15491,GEN,
15492,GEN,
15493,GEN,
15494,OBC-NCL,3764
15495,OBC-NCL,3765
15496,GEN,
15497,GEN,
15498,OBC-NCL,3766
15499,GEN-EWS,2127
15500,OBC-NCL,3767
15501,GEN,
15502,GEN,
15503,GEN,
15504,GEN,
15504,OBC-NCL,3768
15506,OBC-NCL,3769
15507,GEN,
15508,GEN,
15509,GEN,
15510,SC,503
15511,OBC-NCL,3770
15512,GEN,
15513,GEN,
15514,GEN-EWS,2128
15515,GEN,
15516,GEN-EWS,2129
15517,GEN,
15518,GEN,
15519,SC,504
15520,GEN,
15521,OBC-NCL,3771
15522,OBC-NCL,3772
15523,GEN,
15524,OBC-NCL,3773
15525,GEN-EWS,2130
15526,GEN,
15527,OBC-NCL,3774
15528,OBC-NCL,3775
15529,OBC-NCL,3776
15530,GEN,
15531,GEN,
15532,GEN,
15532,OBC-NCL,3777
15534,OBC-NCL,3778
15535,GEN,
15536,OBC-NCL,3779
15537,GEN-EWS,2131
15538,GEN,
15539,GEN-EWS,2132
15540,GEN,
15541,SC,505
15542,GEN-EWS,2133
15543,GEN-EWS,2134
15544,GEN,
15545,OBC-NCL,3780
15546,GEN,
15547,OBC-NCL,3781
15548,GEN-EWS,2135
15549,OBC-NCL,3782
15550,GEN,
15551,GEN,
15552,GEN,
15553,OBC-NCL,3783
15554,GEN,
15555,OBC-NCL,3784
15556,OBC-NCL,3785
15556,OBC-NCL,3785
15558,GEN,
15559,GEN,
15560,GEN,
15561,GEN,
15562,GEN,
15563,GEN-EWS,2136
15564,OBC-NCL,3787
15565,OBC-NCL,3788
15566,GEN,
15567,GEN,
15568,GEN-EWS,2137
15569,OBC-NCL,3789
15570,OBC-NCL,3790
15571,GEN,
15572,GEN,
15573,GEN,
15574,GEN,
15575,OBC-NCL,3791
15576,GEN,
15577,GEN,
15578,GEN,
15579,GEN,
15580,GEN,
15581,GEN,
15582,GEN,
15583,GEN,
15584,GEN-EWS,2138
15585,OBC-NCL,3792
15586,OBC-NCL,3793
15587,OBC-NCL,3794
15588,GEN,
15589,OBC-NCL,3795
15590,GEN,
15591,GEN,
15592,GEN,
15593,GEN-EWS,2139
15594,OBC-NCL,3796
15595,GEN,
15596,ST,112
15597,GEN,
15598,GEN,
15599,GEN,
15600,GEN,
15601,GEN,
15602,GEN,
15603,OBC-NCL,3797
15604,GEN,
15605,GEN,
15606,GEN-EWS,2140
15607,OBC-NCL,3798
15608,GEN-EWS,2141
15609,GEN,
15610,OBC-NCL,3799
15611,GEN,
15612,GEN,
15613,GEN-EWS,2142
15614,GEN,
15615,GEN-EWS,2143
15616,OBC-NCL,3800
15617,GEN,
15618,GEN,
15619,GEN,
15620,OBC-NCL,3801
15621,GEN,
15622,GEN-EWS,2144
15623,SC,506
15624,GEN,
15625,GEN-EWS,2145
15626,OBC-NCL,3802
15627,OBC-NCL,3803
15628,GEN,
15629,SC,507
15630,OBC-NCL,3804
15631,ST,113
15632,GEN,
15633,GEN,
15634,GEN-EWS,2146
15635,OBC-NCL,3805
15636,GEN,
15636,OBC-NCL,3806
15638,GEN,
15638,OBC-NCL,3807
15640,OBC-NCL,3808
15641,OBC-NCL,3809
15642,GEN-EWS,2147
15643,GEN-EWS,2148
15644,SC,508
15645,SC,509
15646,OBC-NCL,3810
15647,GEN,
15648,GEN,
15649,OBC-NCL,3811
15650,GEN,
15651,GEN,
15652,OBC-NCL,3812
15653,OBC-NCL,3813
15654,GEN,
15655,GEN-EWS,2149
15656,GEN,
15657,OBC-NCL,3814
15658,GEN-EWS,2150
15659,OBC-NCL,3815
15660,GEN,
15661,OBC-NCL,3816
15662,GEN,
15663,OBC-NCL,3817
15664,OBC-NCL,3818
15665,GEN,
15666,ST,114
15667,OBC-NCL,3819
15668,GEN-EWS,2151
15669,GEN,
15670,OBC-NCL,3820
15671,GEN,
15672,GEN,
15673,ST,115
15674,GEN-EWS,2152
15675,GEN,
15675,GEN-EWS,2153
15677,OBC-NCL,3821
15678,OBC-NCL,3822
15679,OBC-NCL,3823
15680,GEN,
15681,GEN,
15682,GEN,
15683,OBC-NCL,3824
15684,GEN,
15685,GEN,
15686,GEN,
15687,GEN,
15688,OBC-NCL,3825
15689,OBC-NCL,3826
15690,OBC-NCL,3827
15691,GEN,
15692,OBC-NCL,3828
15693,GEN,
15694,GEN-EWS,2154
15694,OBC-NCL,3829
15696,GEN,
15697,GEN-EWS,2155
15698,GEN-EWS,2156
15699,GEN-EWS,2157
15700,GEN,
15701,GEN-EWS,2158
15702,OBC-NCL,3830
15703,GEN,
15704,GEN,
15705,GEN-EWS,2159
15706,GEN,
15707,OBC-NCL,3831
15708,OBC-NCL,3832
15709,GEN-EWS,2160
15710,OBC-NCL,3833
15711,GEN,
15712,GEN,
15713,GEN,
15714,GEN-EWS,2161
15715,GEN,
15716,GEN,
15717,OBC-NCL,3834
15718,SC,510
15719,GEN,
15720,GEN,
15721,OBC-NCL,3835
15722,GEN,
15723,GEN,
15724,GEN,
15725,OBC-NCL,3836
15726,GEN-EWS,2162
15727,OBC-NCL,3837
15728,GEN,
15729,OBC-NCL,3838
15730,GEN,
15731,GEN,
15732,GEN,
15733,GEN-EWS,2163
15734,GEN,
15735,OBC-NCL,3839
15736,OBC-NCL,3840
15737,OBC-NCL,3841
15738,GEN,
15739,GEN,
15740,GEN,
15741,GEN-EWS,2164
15742,GEN,
15743,OBC-NCL,3842
15744,GEN,
15745,OBC-NCL,3843
15745,OBC-NCL,3843
15747,GEN,
15748,GEN-EWS,2165
15749,GEN-EWS,2166
15750,GEN-EWS,2167
15751,GEN-EWS,2168
15752,GEN,
15753,GEN,
15754,GEN,
15755,GEN,
15756,OBC-NCL,3845
15757,OBC-NCL,3846
15758,GEN,
15759,GEN-EWS,2169
15760,OBC-NCL,3847
15761,GEN,
15762,GEN,
15763,OBC-NCL,3848
15764,OBC-NCL,3849
15765,OBC-NCL,3850
15766,GEN,
15767,SC,512
15768,GEN,
15769,OBC-NCL,3851
15770,GEN,
15771,OBC-NCL,3852
15772,OBC-NCL,3853
15773,GEN-EWS,2170
15774,SC,513
15775,ST,116
15776,GEN,
15777,GEN,
15778,GEN-EWS,2171
15779,OBC-NCL,3854
15780,GEN-EWS,2172
15781,GEN,
15782,GEN,
15783,GEN-EWS,2173
15784,GEN,
15785,OBC-NCL,3855
15786,GEN-EWS,2174
15787,GEN,
15788,OBC-NCL,3856
15789,OBC-NCL,3857
15790,OBC-NCL,3858
15791,GEN-EWS,2175
15792,OBC-NCL,3859
15793,GEN-EWS,2176
15794,GEN,
15795,OBC-NCL,3860
15796,GEN,
15797,GEN,
15797,GEN-EWS,2177
15799,OBC-NCL,3861
15800,GEN,
15801,GEN,
15802,OBC-NCL,3862
15803,GEN,
15804,GEN,
15805,GEN,
15806,GEN-EWS,2178
15807,GEN,
15808,GEN,
15809,GEN,
15810,GEN,
15811,GEN,
15812,GEN,
15813,GEN-EWS,2179
15814,GEN,
15815,GEN,
15816,OBC-NCL,3863
15817,GEN,
15818,GEN-EWS,2180
15819,GEN,
15820,GEN,
15821,GEN,
15822,OBC-NCL,3864
15823,GEN,
15824,OBC-NCL,3865
15825,SC,515
15826,GEN,
15827,OBC-NCL,3866
15828,OBC-NCL,3867
15829,GEN-EWS,2181
15830,GEN,
15831,OBC-NCL,3868
15832,GEN,
15833,GEN,
15834,GEN,
15835,GEN,
15836,GEN,
15837,GEN,
15838,GEN-EWS,2182
15839,GEN,
15840,GEN,
15841,GEN,
15842,GEN-EWS,2183
15843,GEN,
15844,GEN,
15845,GEN,
15846,GEN,
15847,GEN,
15848,GEN,
15849,GEN,
15850,GEN,
15851,OBC-NCL,3869
15852,OBC-NCL,3870
15853,GEN,
15854,GEN,
15855,GEN-EWS,2184
15856,GEN,
15857,GEN-EWS,2185
15858,GEN,
15859,GEN,
15860,GEN,
15861,GEN,
15862,OBC-NCL,3871
15863,ST,117
15864,GEN,
15865,GEN-EWS,2186
15866,OBC-NCL,3872
15867,OBC-NCL,3873
15868,GEN,
15869,GEN,
15870,OBC-NCL,3874
15871,GEN-EWS,2187
15872,OBC-NCL,3875
15873,GEN-EWS,2188
15874,GEN,
15875,GEN-EWS,2189
15876,GEN,
15877,GEN,
15878,GEN-EWS,2190
15879,GEN,
15880,GEN,
15881,OBC-NCL,3876
15882,GEN-EWS,2191
15883,GEN,
15884,GEN,
15885,GEN-EWS,2192
15886,SC,516
15887,GEN-EWS,2193
15888,GEN,
15889,GEN,
15890,OBC-NCL,3877
15891,GEN,
15892,GEN,
15893,GEN,
15894,OBC-NCL,3878
15895,GEN,
15896,OBC-NCL,3879
15897,GEN,
15898,GEN,
15899,GEN,
15900,GEN-EWS,2194
15900,OBC-NCL,3880
15902,GEN-EWS,2195
15903,GEN-EWS,2196
15904,GEN,
15905,GEN,
15906,GEN,
15907,OBC-NCL,3881
15908,GEN,
15909,GEN,
15910,GEN,
15911,GEN,
15912,GEN,
15913,GEN,
15914,GEN-EWS,2197
15915,GEN,
15916,OBC-NCL,3882
15917,GEN,
15918,GEN,
15919,GEN-EWS,2198
15920,GEN,
15921,GEN-EWS,2199
15922,GEN,
15923,ST,118
15924,OBC-NCL,3883
15925,OBC-NCL,3884
15926,GEN,
15927,GEN,
15928,GEN,
15929,OBC-NCL,3885
15930,GEN,
15931,OBC-NCL,3886
15932,OBC-NCL,3887
15933,GEN-EWS,2200
15934,GEN,
15935,GEN,
15936,OBC-NCL,3888
15937,GEN,
15938,GEN,
15939,GEN-EWS,2201
15940,SC,517
15941,GEN-EWS,2202
15942,GEN,
15943,GEN,
15944,OBC-NCL,3889
15945,GEN,
15946,GEN-EWS,2203
15947,OBC-NCL,3890
15948,GEN-EWS,2204
15949,OBC-NCL,3891
15950,SC,518
15951,GEN,
15952,ST,119
15953,GEN-EWS,2205
15954,OBC-NCL,3892
15955,GEN,
15956,GEN,
15957,GEN,
15958,GEN,
15959,OBC-NCL,3893
15960,OBC-NCL,3894
15961,GEN,
15962,GEN,
15963,GEN-EWS,2206
15964,GEN,
15965,OBC-NCL,3895
15966,GEN,
15967,GEN,
15968,GEN,
15969,OBC-NCL,3896
15970,GEN-EWS,2207
15971,SC,519
15972,OBC-NCL,3897
15973,GEN,
15974,OBC-NCL,3898
15975,OBC-NCL,3899
15976,GEN,
15977,GEN,
15978,GEN,
15979,SC,520
15980,GEN,
15981,GEN,
15982,GEN,
15983,GEN,
15984,OBC-NCL,3900
15985,GEN,
15986,GEN-EWS,2208
15987,OBC-NCL,3901
15988,GEN-EWS,2209
15989,GEN,
15990,OBC-NCL,3902
15991,GEN,
15992,OBC-NCL,3903
15993,GEN,
15994,GEN,
15995,GEN,
15996,GEN,
15997,GEN,
15998,GEN,
15999,GEN,
16000,GEN,
16001,GEN,
16002,OBC-NCL,3904
16003,GEN-EWS,2210
16004,GEN-EWS,2211
16005,GEN,
16006,GEN,
16007,GEN,
16008,GEN-EWS,2212
16009,GEN,
16010,SC,521
16011,OBC-NCL,3905
16012,GEN,
16013,OBC-NCL,3906
16014,GEN,
16015,GEN-EWS,2213
16016,OBC-NCL,3907
16017,GEN,
16018,GEN,
16018,GEN,
16020,OBC-NCL,3908
16021,GEN,
16022,OBC-NCL,3909
16023,GEN-EWS,2214
16024,GEN-EWS,2215
16025,GEN,
16026,OBC-NCL,3910
16027,GEN-EWS,2216
16028,GEN,
16029,GEN,
16030,OBC-NCL,3911
16031,OBC-NCL,3912
16032,OBC-NCL,3913
16033,GEN-EWS,2217
16034,GEN,
16035,OBC-NCL,3914
16036,GEN,
16037,GEN,
16038,GEN,
16039,GEN,
16040,GEN,
16041,OBC-NCL,3915
16042,GEN-EWS,2218
16043,GEN,
16044,GEN-EWS,2219
16045,GEN,
16046,OBC-NCL,3916
16047,GEN,
16048,OBC-NCL,3917
16049,GEN,
16050,OBC-NCL,3918
16051,GEN-EWS,2220
16052,OBC-NCL,3919
16053,OBC-NCL,3920
16054,GEN-EWS,2221
16055,GEN,
16056,GEN-EWS,2222
16057,GEN-EWS,2223
16058,GEN,
16059,OBC-NCL,3921
16060,OBC-NCL,3922
16061,GEN-EWS,2224
16062,GEN,
16063,ST,121
16064,GEN,
16065,OBC-NCL,3923
16066,GEN,
16067,OBC-NCL,3924
16068,OBC-NCL,3925
16069,OBC-NCL,3926
16070,GEN,
16071,GEN,
16072,OBC-NCL,3927
16073,GEN-EWS,2225
16074,SC,523
16075,OBC-NCL,3928
16076,GEN,
16077,OBC-NCL,3929
16078,OBC-NCL,3930
16079,OBC-NCL,3931
16080,OBC-NCL,3932
16081,GEN,
16082,SC,524
16083,OBC-NCL,3933
16084,GEN,
16085,GEN-EWS,2226
16086,GEN,
16087,GEN,
16088,GEN,
16089,GEN-EWS,2227
16090,GEN,
16091,GEN,
16092,GEN,
16093,OBC-NCL,3934
16094,GEN,
16095,GEN,
16096,GEN,
16097,OBC-NCL,3935
16098,GEN,
16099,OBC-NCL,3936
16100,OBC-NCL,3937
16101,GEN,
16102,GEN-EWS,2228
16103,OBC-NCL,3938
16104,OBC-NCL,3939
16105,OBC-NCL,3940
16106,SC,525
16107,GEN,
16108,GEN-EWS,2229
16109,OBC-NCL,3941
16110,SC,526
16111,GEN,
16112,SC,527
16113,GEN,
16114,GEN,
16115,GEN,
16115,OBC-NCL,3942
16117,GEN,
16118,GEN-EWS,2230
16119,GEN-EWS,2231
16120,GEN,
16121,GEN,
16122,GEN,
16123,OBC-NCL,3943
16124,GEN,
16125,OBC-NCL,3944
16126,GEN,
16127,GEN,
16127,OBC-NCL,3945
16129,GEN,
16130,GEN,
16131,GEN-EWS,2232
16132,GEN,
16133,OBC-NCL,3946
16134,GEN-EWS,2233
16135,OBC-NCL,3947
16136,OBC-NCL,3948
16137,OBC-NCL,3949
16138,GEN,
16139,GEN,
16139,GEN,
16141,GEN,
16142,OBC-NCL,3950
16143,GEN,
16144,OBC-NCL,3951
16145,GEN,
16146,OBC-NCL,3952
16147,GEN,
16148,GEN,
16149,GEN,
16150,OBC-NCL,3953
16151,OBC-NCL,3954
16152,GEN,
16153,GEN,
16154,GEN-EWS,2234
16155,GEN,
16156,GEN-EWS,2235
16157,OBC-NCL,3955
16158,GEN-EWS,2236
16159,GEN-EWS,2237
16160,OBC-NCL,3956
16161,GEN-EWS,2238
16162,GEN,
16163,GEN,
16164,OBC-NCL,3957
16165,GEN,
16166,GEN-EWS,2239
16167,GEN,
16168,OBC-NCL,3958
16169,SC,528
16170,GEN,
16171,GEN,
16171,GEN-EWS,2240
16173,GEN,
16174,GEN,
16175,GEN,
16176,GEN,
16177,OBC-NCL,3959
16178,GEN,
16179,GEN,
16180,GEN,
16181,GEN,
16181,OBC-NCL,3960
16183,GEN-EWS,2241
16184,GEN,
16185,GEN,
16186,SC,529
16187,OBC-NCL,3961
16188,GEN-EWS,2242
16189,GEN,
16190,GEN,
16191,OBC-NCL,3962
16192,GEN,
16193,OBC-NCL,3963
16194,OBC-NCL,3964
16195,GEN,
16196,GEN,
16197,OBC-NCL,3965
16198,OBC-NCL,3966
16199,OBC-NCL,3967
16200,OBC-NCL,3968
16201,GEN-EWS,2243
16202,GEN,
16203,OBC-NCL,3969
16204,SC,530
16205,OBC-NCL,3970
16206,GEN,
16207,GEN,
16208,OBC-NCL,3971
16209,OBC-NCL,3972
16210,GEN-EWS,2244
16211,GEN-EWS,2245
16212,GEN,
16213,GEN,
16214,GEN,
16215,OBC-NCL,3973
16216,GEN,
16217,GEN,
16218,GEN-EWS,2246
16219,GEN-EWS,2247
16220,GEN,
16221,SC,531
16222,GEN,
16223,GEN,
16224,OBC-NCL,3974
16225,OBC-NCL,3975
16226,GEN,
16227,GEN,
16228,OBC-NCL,3976
16229,OBC-NCL,3977
16230,GEN,
16231,GEN-EWS,2248
16232,GEN-EWS,2249
16233,OBC-NCL,3978
16234,GEN,
16235,GEN,
16236,GEN,
16237,GEN-EWS,2250
16238,OBC-NCL,3979
16239,OBC-NCL,3980
16240,GEN-EWS,2251
16241,GEN,
16242,GEN,
16243,OBC-NCL,3981
16244,GEN,
16245,GEN,
16246,GEN-EWS,2252
16247,OBC-NCL,3982
16248,GEN,
16249,OBC-NCL,3983
16250,GEN,
16251,GEN,
16252,GEN,
16252,SC,532
16254,OBC-NCL,3984
16255,GEN,
16256,OBC-NCL,3985
16257,OBC-NCL,3986
16258,GEN,
16259,GEN,
16260,GEN-EWS,2253
16261,GEN,
16262,OBC-NCL,3987
16263,GEN-EWS,2254
16264,GEN,
16265,GEN-EWS,2255
16266,GEN,
16267,OBC-NCL,3988
16268,SC,533
16269,OBC-NCL,3989
16270,GEN-EWS,2256
16271,GEN,
16272,OBC-NCL,3990
16273,GEN,
16274,ST,122
16275,GEN,
16276,GEN,
16277,OBC-NCL,3991
16278,GEN,
16279,GEN,
16280,GEN,
16281,GEN,
16282,OBC-NCL,3992
16283,OBC-NCL,3993
16284,GEN,
16285,GEN-EWS,2257
16286,OBC-NCL,3994
16287,OBC-NCL,3995
16288,GEN,
16289,GEN,
16290,GEN,
16291,GEN-EWS,2258
16292,GEN,
16293,GEN,
16294,OBC-NCL,3996
16295,GEN,
16296,GEN,
16297,ST,123
16298,GEN,
16299,GEN,
16300,OBC-NCL,3997
16301,GEN-EWS,2259
16302,GEN,
16303,OBC-NCL,3998
16304,GEN,
16305,OBC-NCL,3999
16306,OBC-NCL,4000
16307,GEN,
16308,GEN,
16309,ST,124
16310,GEN,
16311,GEN,
16312,GEN,
16313,OBC-NCL,4001
16314,OBC-NCL,4002
16315,GEN,
16316,GEN,
16317,GEN,
16318,GEN,
16319,OBC-NCL,4003
16320,GEN,
16321,GEN,
16322,GEN-EWS,2260
16323,GEN,
16324,GEN,
16325,GEN,
16326,OBC-NCL,4004
16327,GEN-EWS,2261
16328,GEN,
16329,GEN,
16330,OBC-NCL,4005
16331,GEN,
16332,GEN-EWS,2262
16333,GEN,
16334,GEN,
16335,GEN-EWS,2263
16336,OBC-NCL,4006
16337,OBC-NCL,4007
16338,GEN-EWS,2264
16339,GEN,
16340,SC,534
16341,OBC-NCL,4008
16342,GEN,
16343,OBC-NCL,4009
16344,OBC-NCL,4010
16345,GEN-EWS,2265
16346,GEN,
16347,GEN,
16348,GEN,
16349,GEN-EWS,2266
16350,OBC-NCL,4011
16351,GEN,
16352,GEN-EWS,2267
16353,SC,535
16354,GEN,
16355,GEN,
16356,OBC-NCL,4012
16357,OBC-NCL,4013
16358,GEN-EWS,2268
16359,GEN,
16360,GEN-EWS,2269
16361,GEN,
16362,GEN,
16363,ST,125
16364,GEN,
16365,GEN,
16366,GEN,
16367,GEN,
16368,GEN,
16369,GEN,
16370,GEN,
16371,GEN,
16372,OBC-NCL,4014
16373,GEN,
16374,GEN,
16375,GEN,
16376,GEN,
16377,OBC-NCL,4015
16378,OBC-NCL,4016
16379,GEN,
16380,OBC-NCL,4017
16381,GEN,
16382,SC,536
16383,OBC-NCL,4018
16384,OBC-NCL,4019
16385,OBC-NCL,4020
16386,GEN,
16387,GEN,
16388,GEN,
16389,OBC-NCL,4021
16390,OBC-NCL,4022
16391,GEN-EWS,2270
16392,OBC-NCL,4023
16393,OBC-NCL,4024
16394,OBC-NCL,4025
16395,GEN,
16396,GEN,
16397,SC,537
16398,GEN,
16399,OBC-NCL,4026
16400,OBC-NCL,4027
16401,GEN,
16402,GEN,
16403,GEN,
16404,GEN-EWS,2271
16405,GEN,
16406,GEN,
16407,OBC-NCL,4028
16408,OBC-NCL,4029
16409,GEN,
16410,GEN,
16411,GEN,
16412,GEN,
16413,GEN,
16414,OBC-NCL,4030
16415,GEN,
16416,GEN,
16417,GEN,
16418,GEN,
16419,GEN,
16420,OBC-NCL,4031
16421,OBC-NCL,4032
16422,GEN,
16423,GEN-EWS,2272
16424,GEN,
16425,GEN-EWS,2273
16426,GEN-EWS,2274
16427,GEN,
16428,GEN,
16429,OBC-NCL,4033
16430,OBC-NCL,4034
16431,OBC-NCL,4035
16432,OBC-NCL,4036
16433,GEN-EWS,2275
16434,GEN,
16435,GEN-EWS,2276
16436,GEN,
16437,OBC-NCL,4037
16438,GEN,
16439,OBC-NCL,4038
16440,GEN-EWS,2277
16441,OBC-NCL,4039
16442,SC,538
16443,OBC-NCL,4040
16444,GEN,
16445,SC,539
16446,OBC-NCL,4041
16447,GEN,
16448,GEN,
16449,OBC-NCL,4042
16450,GEN,
16451,GEN,
16452,GEN-EWS,2278
16453,GEN,
16454,GEN,
16455,GEN-EWS,2279
16456,GEN-EWS,2280
16457,GEN,
16458,GEN,
16459,GEN,
16460,GEN,
16461,GEN,
16462,GEN-EWS,2281
16463,OBC-NCL,4043
16464,GEN,
16465,GEN-EWS,2282
16466,GEN,
16467,ST,127
16468,GEN,
16469,GEN,
16470,GEN,
16471,OBC-NCL,4044
16472,OBC-NCL,4045
16473,OBC-NCL,4046
16474,OBC-NCL,4047
16475,GEN,
16476,OBC-NCL,4048
16477,OBC-NCL,4049
16478,GEN,
16479,GEN,
16480,OBC-NCL,4050
16481,OBC-NCL,4051
16482,GEN-EWS,2283
16483,GEN,
16484,GEN-EWS,2284
16485,OBC-NCL,4052
16486,GEN-EWS,2285
16487,GEN-EWS,2286
16488,GEN,
16489,OBC-NCL,4053
16490,OBC-NCL,4054
16491,GEN,
16492,OBC-NCL,4055
16493,GEN,
16494,GEN,
16495,OBC-NCL,4056
16496,OBC-NCL,4057
16497,OBC-NCL,4058
16498,OBC-NCL,4059
16499,GEN,
16499,OBC-NCL,4060
16501,GEN-EWS,2287
16502,GEN,
16503,GEN,
16504,GEN,
16505,GEN-EWS,2288
16506,GEN,
16507,OBC-NCL,4061
16508,GEN,
16509,ST,128
16510,GEN,
16511,OBC-NCL,4062
16512,GEN,
16513,GEN,
16514,OBC-NCL,4063
16515,GEN,
16516,GEN,
16517,OBC-NCL,4064
16518,GEN,
16519,OBC-NCL,4065
16520,GEN,
16521,GEN-EWS,2289
16522,GEN,
16523,GEN-EWS,2290
16524,GEN-EWS,2291
16525,GEN,
16526,GEN,
16527,OBC-NCL,4066
16528,GEN-EWS,2292
16529,GEN,
16530,OBC-NCL,4067
16531,OBC-NCL,4068
16532,GEN,
16533,OBC-NCL,4069
16534,GEN,
16535,GEN,
16536,GEN,
16537,OBC-NCL,4070
16538,GEN,
16539,GEN,
16540,OBC-NCL,4071
16541,GEN,
16542,OBC-NCL,4072
16543,OBC-NCL,4073
16544,OBC-NCL,4074
16545,GEN-EWS,2293
16546,OBC-NCL,4075
16547,GEN-EWS,2294
16548,SC,540
16549,GEN,
16550,GEN,
16551,OBC-NCL,4076
16552,OBC-NCL,4077
16553,OBC-NCL,4078
16554,GEN-EWS,2295
16555,GEN,
16556,OBC-NCL,4079
16557,GEN,
16558,GEN,
16559,GEN-EWS,2296
16560,SC,541
16561,OBC-NCL,4080
16562,GEN-EWS,2297
16563,SC,542
16564,GEN,
16565,GEN,
16566,OBC-NCL,4081
16567,OBC-NCL,4082
16568,OBC-NCL,4083
16569,GEN,
16570,GEN,
16571,SC,543
16572,SC,544
16573,GEN,
16574,GEN,
16575,GEN,
16575,GEN-EWS,2298
16577,GEN-EWS,2299
16578,OBC-NCL,4084
16579,GEN,
16580,GEN,
16581,GEN-EWS,2300
16582,SC,545
16583,GEN,
16584,OBC-NCL,4085
16585,GEN-EWS,2301
16586,GEN,
16587,GEN,
16588,GEN,
16589,GEN,
16590,GEN,
16591,GEN-EWS,2302
16592,GEN,
16593,GEN,
16594,GEN,
16595,ST,129
16596,GEN,
16597,OBC-NCL,4086
16598,OBC-NCL,4087
16599,GEN,
16600,GEN,
16601,GEN,
16602,GEN,
16603,GEN,
16604,GEN-EWS,2303
16605,GEN,
16606,GEN,
16607,OBC-NCL,4088
16608,GEN,
16609,GEN,
16610,GEN,
16611,GEN,
16612,GEN,
16613,GEN,
16613,GEN,
16615,GEN,
16616,GEN,
16617,OBC-NCL,4089
16618,GEN-EWS,2304
16619,GEN,
16620,OBC-NCL,4090
16621,OBC-NCL,4091
16622,GEN,
16623,GEN-EWS,2305
16624,GEN,
16625,GEN,
16626,GEN,
16627,GEN,
16628,GEN-EWS,2306
16629,GEN,
16630,OBC-NCL,4092
16631,OBC-NCL,4093
16632,GEN-EWS,2307
16633,GEN,
16634,GEN,
16635,GEN,
16636,OBC-NCL,4094
16637,GEN,
16638,GEN,
16639,GEN,
16640,GEN,
16641,OBC-NCL,4095
16642,GEN,
16643,GEN,
16644,GEN,
16645,OBC-NCL,4096
16646,OBC-NCL,4097
16647,GEN,
16648,GEN-EWS,2308
16649,OBC-NCL,4098
16650,OBC-NCL,4099
16651,GEN,
16652,GEN,
16653,OBC-NCL,4100
16654,OBC-NCL,4101
16655,GEN,
16656,GEN-EWS,2309
16657,GEN,
16658,OBC-NCL,4102
16658,OBC-NCL,4102
16660,GEN,
16661,OBC-NCL,4104
16662,GEN,
16663,SC,546
16664,GEN,
16665,OBC-NCL,4105
16666,SC,548
16667,OBC-NCL,4106
16668,GEN,
16669,OBC-NCL,4107
16670,OBC-NCL,4108
16671,GEN-EWS,2310
16672,GEN,
16673,GEN-EWS,2311
16674,OBC-NCL,4109
16675,SC,549
16676,GEN,
16677,OBC-NCL,4110
16678,OBC-NCL,4111
16679,GEN,
16680,ST,130
16681,OBC-NCL,4112
16682,GEN,
16683,GEN,
16684,OBC-NCL,4113
16685,OBC-NCL,4114
16686,GEN-EWS,2312
16687,GEN,
16688,GEN,
16689,GEN-EWS,2313
16690,GEN-EWS,2314
16691,GEN-EWS,2315
16692,OBC-NCL,4115
16693,OBC-NCL,4116
16694,GEN,
16695,GEN-EWS,2316
16696,GEN,
16697,GEN,
16698,GEN,
16699,GEN-EWS,2317
16700,OBC-NCL,4117
16701,GEN,
16702,GEN-EWS,2318
16703,OBC-NCL,4118
16704,GEN-EWS,2319
16705,GEN,
16706,GEN,
16707,ST,131
16708,SC,550
16709,OBC-NCL,4119
16710,GEN,
16711,GEN,
16712,GEN,
16713,GEN,
16714,GEN,
16715,GEN,
16716,SC,552
16717,OBC-NCL,4120
16718,GEN,
16719,SC,553
16720,OBC-NCL,4121
16721,OBC-NCL,4122
16721,OBC-NCL,4122
16723,GEN-EWS,2320
16724,GEN,
16725,GEN-EWS,2321
16726,OBC-NCL,4124
16727,GEN,
16728,SC,554
16729,GEN-EWS,2322
16730,GEN-EWS,2323
16731,SC,555
16732,OBC-NCL,4125
16733,GEN-EWS,2324
16734,GEN,
16735,GEN-EWS,2325
16736,SC,556
16737,GEN-EWS,2326
16738,OBC-NCL,4126
16739,OBC-NCL,4127
16740,OBC-NCL,4128
16741,SC,557
16742,GEN,
16743,GEN-EWS,2327
16744,SC,558
16745,OBC-NCL,4129
16746,GEN-EWS,2328
16747,OBC-NCL,4130
16748,GEN,
16749,GEN,
16750,OBC-NCL,4131
16751,GEN,
16752,OBC-NCL,4132
16753,OBC-NCL,4133
16754,OBC-NCL,4134
16755,GEN,
16756,GEN,
16757,GEN,
16758,GEN,
16759,OBC-NCL,4135
16760,OBC-NCL,4136
16761,OBC-NCL,4137
16762,GEN,
16763,GEN,
16764,GEN,
16765,GEN,
16766,SC,559
16767,GEN,
16768,OBC-NCL,4138
16769,GEN,
16770,GEN-EWS,2329
16771,GEN,
16772,GEN,
16773,GEN,
16774,GEN,
16775,GEN,
16776,OBC-NCL,4139
16777,GEN-EWS,2330
16778,GEN,
16779,OBC-NCL,4140
16780,GEN,
16781,GEN,
16782,GEN,
16783,OBC-NCL,4141
16784,GEN,
16785,OBC-NCL,4142
16786,OBC-NCL,4143
16787,OBC-NCL,4144
16788,GEN-EWS,2331
16789,GEN,
16790,GEN,
16791,OBC-NCL,4145
16792,GEN,
16793,GEN,
16794,GEN,
16795,GEN,
16796,OBC-NCL,4146
16797,GEN,
16798,OBC-NCL,4147
16799,OBC-NCL,4148
16800,GEN,
16801,GEN,
16802,OBC-NCL,4149
16803,OBC-NCL,4150
16804,GEN,
16805,OBC-NCL,4151
16806,GEN,
16807,OBC-NCL,4152
16808,GEN,
16809,GEN-EWS,2332
16810,SC,560
16811,GEN,
16812,GEN,
16813,GEN-EWS,2333
16814,GEN,
16815,OBC-NCL,4153
16816,GEN-EWS,2334
16817,OBC-NCL,4154
16818,GEN,
16819,GEN,
16820,GEN-EWS,2335
16821,GEN,
16822,OBC-NCL,4155
16823,GEN-EWS,2336
16824,OBC-NCL,4156
16825,GEN,
16826,SC,561
16827,OBC-NCL,4157
16828,GEN,
16829,OBC-NCL,4158
16830,OBC-NCL,4159
16831,OBC-NCL,4160
16832,GEN,
16833,ST,132
16834,GEN,
16835,GEN,
16836,GEN,
16837,SC,562
16838,GEN-EWS,2337
16839,GEN,
16840,GEN,
16841,GEN,
16842,GEN,
16843,GEN-EWS,2338
16844,OBC-NCL,4161
16845,OBC-NCL,4162
16846,GEN,
16847,GEN,
16848,GEN,
16849,OBC-NCL,4163
16850,GEN-EWS,2339
16851,OBC-NCL,4164
16852,GEN,
16853,GEN-EWS,2340
16854,GEN,
16855,OBC-NCL,4165
16856,GEN-EWS,2341
16857,GEN,
16858,OBC-NCL,4166
16859,GEN,
16860,GEN,
16861,OBC-NCL,4167
16862,ST,133
16863,GEN,
16864,GEN,
16865,OBC-NCL,4168
16866,OBC-NCL,4169
16867,OBC-NCL,4170
16868,GEN,
16869,GEN,
16870,OBC-NCL,4171
16871,GEN,
16872,OBC-NCL,4172
16873,GEN,
16874,OBC-NCL,4173
16875,GEN,
16876,OBC-NCL,4174
16877,GEN,
16878,GEN,
16879,GEN,
16880,GEN,
16881,GEN,
16882,OBC-NCL,4175
16883,GEN,
16884,GEN,
16885,OBC-NCL,4176
16886,GEN,
16887,OBC-NCL,4177
16888,GEN,
16889,GEN,
16890,GEN,
16891,GEN-EWS,2342
16892,GEN,
16893,OBC-NCL,4178
16894,GEN,
16895,GEN,
16895,OBC-NCL,4179
16897,GEN,
16898,GEN-EWS,2343
16899,GEN-EWS,2344
16900,GEN,
16901,GEN,
16902,GEN,
16903,SC,564
16904,GEN,
16905,GEN,
16906,GEN,
16906,OBC-NCL,4180
16908,GEN,
16908,GEN-EWS,2345
16910,GEN,
16911,GEN-EWS,2346
16912,GEN,
16913,OBC-NCL,4181
16914,GEN,
16915,OBC-NCL,4182
16916,GEN,
16917,OBC-NCL,4183
16918,GEN,
16919,GEN,
16920,GEN,
16921,GEN,
16922,GEN,
16923,GEN-EWS,2347
16924,SC,565
16925,OBC-NCL,4184
16926,OBC-NCL,4185
16927,GEN,
16928,OBC-NCL,4186
16929,GEN,
16930,GEN,
16931,GEN,
16932,GEN-EWS,2348
16933,OBC-NCL,4187
16934,GEN,
16935,SC,566
16936,GEN,
16937,GEN,
16938,GEN,
16939,GEN,
16940,OBC-NCL,4188
16941,OBC-NCL,4189
16942,GEN,
16943,GEN-EWS,2349
16944,GEN,
16945,GEN,
16946,GEN-EWS,2350
16947,OBC-NCL,4190
16948,OBC-NCL,4191
16949,GEN,
16950,GEN,
16951,OBC-NCL,4192
16952,GEN,
16953,GEN-EWS,2351
16954,GEN,
16955,GEN-EWS,2352
16956,OBC-NCL,4193
16957,GEN,
16958,GEN,
16959,GEN,
16960,GEN,
16961,GEN-EWS,2353
16962,GEN,
16963,OBC-NCL,4194
16964,GEN,
16965,GEN-EWS,2354
16966,GEN-EWS,2355
16967,OBC-NCL,4195
16968,GEN-EWS,2356
16969,GEN,
16970,GEN,
16971,OBC-NCL,4196
16972,GEN,
16973,GEN,
16974,GEN-EWS,2357
16975,GEN-EWS,2358
16976,OBC-NCL,4197
16977,GEN,
16978,OBC-NCL,4198
16979,GEN,
16980,GEN,
16981,OBC-NCL,4199
16982,OBC-NCL,4200
16983,GEN-EWS,2359
16984,GEN-EWS,2360
16985,GEN-EWS,2361
16986,GEN,
16987,GEN,
16988,GEN,
16989,GEN,
16990,GEN,
16991,GEN-EWS,2362
16992,GEN,
16993,GEN,
16993,GEN,
16995,GEN-EWS,2363
16996,GEN,
16997,GEN-EWS,2364
16998,GEN-EWS,2365
16999,GEN-EWS,2366
17000,GEN,
17001,GEN,
17002,OBC-NCL,4201
17003,OBC-NCL,4202
17004,GEN,
17005,GEN,
17006,GEN-EWS,2367
17007,ST,134
17008,GEN,
17009,GEN,
17010,GEN,
17010,GEN,
17012,OBC-NCL,4203
17013,GEN,
17014,GEN,
17015,GEN,
17016,GEN-EWS,2368
17017,GEN-EWS,2369
17018,GEN,
17019,GEN,
17020,GEN-EWS,2370
17021,GEN,
17022,OBC-NCL,4204
17023,OBC-NCL,4205
17024,GEN,
17025,GEN,
17026,OBC-NCL,4206
17027,GEN,
17028,GEN-EWS,2371
17029,GEN-EWS,2372
17030,ST,135
17031,GEN-EWS,2373
17032,OBC-NCL,4207
17033,GEN,
17034,GEN-EWS,2374
17035,OBC-NCL,4208
17036,OBC-NCL,4209
17037,GEN,
17038,GEN,
17039,SC,568
17040,GEN,
17041,SC,569
17042,GEN,
17043,GEN,
17044,GEN,
17045,GEN-EWS,2375
17046,OBC-NCL,4210
17047,GEN-EWS,2376
17048,OBC-NCL,4211
17049,GEN,
17050,OBC-NCL,4212
17051,GEN,
17052,GEN,
17053,GEN,
17054,GEN-EWS,2377
17055,GEN,
17056,GEN,
17057,GEN,
17058,GEN,
17059,GEN,
17060,OBC-NCL,4213
17061,GEN,
17061,GEN,
17063,GEN,
17064,GEN-EWS,2378
17065,OBC-NCL,4214
17066,GEN,
17067,GEN-EWS,2379
17068,GEN,
17068,OBC-NCL,4215
17070,GEN-EWS,2380
17071,GEN,
17072,OBC-NCL,4216
17073,OBC-NCL,4217
17074,GEN,
17074,OBC-NCL,4218
17076,GEN,
17077,GEN-EWS,2381
17078,GEN,
17079,OBC-NCL,4219
17080,GEN-EWS,2382
17081,OBC-NCL,4220
17082,GEN,
17083,GEN,
17084,OBC-NCL,4221
17085,GEN-EWS,2383
17086,GEN,
17087,GEN,
17088,SC,570
17089,GEN,
17090,OBC-NCL,4222
17091,GEN,
17092,GEN,
17093,GEN,
17094,GEN,
17095,GEN,
17096,GEN-EWS,2384
17097,GEN,
17098,OBC-NCL,4223
17098,OBC-NCL,4223
17100,GEN-EWS,2385
17101,SC,571
17102,GEN,
17103,GEN-EWS,2386
17104,SC,572
17105,OBC-NCL,4225
17106,GEN,
17107,SC,573
17108,OBC-NCL,4226
17109,GEN,
17110,OBC-NCL,4227
17111,GEN,
17112,GEN,
17113,GEN,
17114,OBC-NCL,4228
17115,SC,574
17116,GEN,
17117,GEN,
17118,OBC-NCL,4229
17119,OBC-NCL,4230
17120,GEN-EWS,2387
17121,GEN,
17122,OBC-NCL,4231
17123,OBC-NCL,4232
17124,OBC-NCL,4233
17125,GEN,
17126,GEN,
17127,GEN,
17128,GEN,
17129,OBC-NCL,4234
17130,GEN-EWS,2388
17131,GEN-EWS,2389
17132,OBC-NCL,4235
17133,OBC-NCL,4236
17134,GEN,
17135,GEN,
17136,OBC-NCL,4237
17137,OBC-NCL,4238
17138,GEN,
17139,GEN,
17140,OBC-NCL,4239
17141,GEN-EWS,2390
17142,SC,575
17143,GEN,
17144,GEN-EWS,2391
17145,GEN-EWS,2392
17146,GEN-EWS,2393
17147,OBC-NCL,4240
17148,GEN,
17149,OBC-NCL,4241
17150,OBC-NCL,4242
17151,GEN,
17152,GEN,
17153,OBC-NCL,4243
17154,OBC-NCL,4244
17155,GEN,
17156,OBC-NCL,4245
17157,OBC-NCL,4246
17158,GEN,
17159,OBC-NCL,4247
17160,OBC-NCL,4248
17161,GEN-EWS,2394
17162,GEN,
17163,OBC-NCL,4249
17164,GEN-EWS,2395
17165,GEN,
17166,GEN-EWS,2396
17167,GEN,
17167,OBC-NCL,4250
17169,OBC-NCL,4251
17170,GEN,
17171,OBC-NCL,4252
17172,GEN,
17173,GEN,
17174,GEN-EWS,2397
17175,SC,576
17176,GEN,
17177,GEN-EWS,2398
17178,OBC-NCL,4253
17179,GEN-EWS,2399
17180,GEN-EWS,2400
17181,GEN,
17182,GEN,
17183,GEN,
17184,OBC-NCL,4254
17185,GEN,
17186,OBC-NCL,4255
17187,GEN,
17188,GEN,
17189,GEN,
17190,GEN,
17191,GEN,
17192,OBC-NCL,4256
17193,GEN,
17194,SC,577
17195,GEN,
17196,GEN,
17197,GEN,
17198,GEN,
17199,OBC-NCL,4257
17200,GEN,
17201,OBC-NCL,4258
17202,GEN,
17203,OBC-NCL,4259
17204,OBC-NCL,4260
17205,OBC-NCL,4261
17206,GEN-EWS,2401
17207,GEN-EWS,2402
17208,GEN-EWS,2403
17209,GEN-EWS,2404
17210,OBC-NCL,4262
17211,OBC-NCL,4263
17212,GEN,
17213,GEN,
17214,GEN,
17215,OBC-NCL,4264
17216,SC,578
17217,OBC-NCL,4265
17218,OBC-NCL,4266
17219,GEN-EWS,2405
17220,GEN,
17221,OBC-NCL,4267
17222,OBC-NCL,4268
17223,SC,579
17224,GEN,
17225,GEN,
17226,OBC-NCL,4269
17227,OBC-NCL,4270
17228,GEN,
17229,OBC-NCL,4271
17230,OBC-NCL,4272
17231,GEN-EWS,2406
17232,GEN-EWS,2407
17233,GEN,
17234,GEN,
17235,OBC-NCL,4273
17236,GEN-EWS,2408
17237,GEN-EWS,2409
17238,GEN-EWS,2410
17239,GEN,
17240,OBC-NCL,4274
17241,GEN,
17242,GEN,
17243,GEN,
17244,GEN,
17245,GEN-EWS,2411
17246,GEN-EWS,2412
17247,GEN,
17248,GEN,
17249,GEN,
17250,GEN,
17251,GEN-EWS,2413
17252,GEN,
17253,GEN,
17254,GEN,
17255,GEN,
17256,GEN,
17257,GEN,
17258,GEN,
17259,OBC-NCL,4275
17260,GEN,
17261,GEN,
17262,GEN-EWS,2414
17263,OBC-NCL,4276
17264,GEN,
17265,GEN,
17266,GEN,
17267,GEN,
17268,GEN,
17269,OBC-NCL,4277
17270,GEN,
17271,OBC-NCL,4278
17272,GEN,
17273,GEN,
17274,OBC-NCL,4279
17275,SC,580
17276,GEN-EWS,2415
17277,GEN-EWS,2416
17278,GEN,
17279,GEN,
17280,GEN,
17281,GEN,
17282,OBC-NCL,4280
17283,GEN,
17284,GEN,
17285,GEN,
17286,GEN-EWS,2417
17287,GEN,
17288,GEN-EWS,2418
17289,OBC-NCL,4281
17290,OBC-NCL,4282
17291,OBC-NCL,4283
17292,OBC-NCL,4284
17293,GEN-EWS,2419
17294,GEN-EWS,2420
17295,GEN,
17296,GEN,
17297,GEN-EWS,2421
17298,GEN,
17299,GEN,
17300,GEN,
17301,GEN,
17302,GEN,
17303,GEN,
17304,OBC-NCL,4285
17305,GEN,
17306,GEN,
17307,GEN,
17308,OBC-NCL,4286
17309,OBC-NCL,4287
17310,OBC-NCL,4288
17311,GEN,
17312,OBC-NCL,4289
17313,GEN,
17314,GEN-EWS,2422
17315,GEN,
17316,OBC-NCL,4290
17317,GEN,
17318,SC,581
17319,GEN,
17320,GEN,
17321,GEN-EWS,2423
17322,OBC-NCL,4291
17323,GEN,
17324,OBC-NCL,4292
17325,GEN,
17326,GEN-EWS,2424
17327,GEN-EWS,2425
17328,GEN-EWS,2426
17329,SC,582
17330,GEN-EWS,2427
17331,GEN,
17332,OBC-NCL,4293
17333,GEN,
17334,OBC-NCL,4294
17335,OBC-NCL,4295
17336,OBC-NCL,4296
17337,GEN,
17338,GEN,
17339,GEN-EWS,2428
17340,OBC-NCL,4297
17341,GEN-EWS,2429
17342,GEN,
17343,GEN,
17344,SC,583
17345,GEN,
17346,GEN-EWS,2430
17347,GEN,
17348,GEN,
17349,GEN,
17350,OBC-NCL,4298
17351,ST,136
17352,GEN,
17353,GEN-EWS,2431
17354,GEN,
17355,OBC-NCL,4299
17356,GEN,
17357,GEN-EWS,2432
17358,GEN-EWS,2433
17359,GEN,
17360,GEN,
17361,OBC-NCL,4300
17362,OBC-NCL,4301
17363,GEN,
17364,GEN,
17365,GEN,
17366,GEN-EWS,2434
17367,OBC-NCL,4302
17368,OBC-NCL,4303
17369,OBC-NCL,4304
17370,OBC-NCL,4305
17371,GEN-EWS,2435
17372,OBC-NCL,4306
17373,GEN,
17374,GEN-EWS,2436
17375,GEN,
17376,GEN,
17377,OBC-NCL,4307
17378,OBC-NCL,4308
17379,GEN,
17380,OBC-NCL,4309
17381,GEN,
17382,GEN,
17383,GEN,
17384,OBC-NCL,4310
17385,OBC-NCL,4311
17386,GEN-EWS,2437
17387,GEN,
17388,GEN,
17389,OBC-NCL,4312
17390,OBC-NCL,4313
17391,GEN-EWS,2438
17392,GEN-EWS,2439
17393,OBC-NCL,4314
17394,GEN,
17395,GEN,
17396,GEN,
17397,GEN,
17398,GEN,
17399,GEN,
17400,OBC-NCL,4315
17401,OBC-NCL,4316
17402,GEN,
17403,GEN,
17404,GEN,
17405,GEN,
17406,GEN-EWS,2440
17407,OBC-NCL,4317
17408,GEN,
17409,OBC-NCL,4318
17410,GEN,
17411,SC,584
17412,OBC-NCL,4319
17413,OBC-NCL,4320
17414,OBC-NCL,4321
17415,GEN,
17416,GEN,
17417,GEN,
17418,GEN,
17419,GEN,
17420,OBC-NCL,4322
17421,GEN-EWS,2441
17422,GEN,
17423,SC,585
17424,OBC-NCL,4323
17425,GEN,
17426,OBC-NCL,4324
17427,GEN,
17428,OBC-NCL,4325
17429,GEN,
17430,GEN,
17431,GEN,
17432,OBC-NCL,4326
17433,GEN,
17434,GEN-EWS,2442
17435,GEN-EWS,2443
17436,SC,586
17437,GEN,
17438,OBC-NCL,4327
17439,GEN,
17440,GEN,
17441,GEN,
17442,GEN,
17443,GEN,
17444,GEN-EWS,2444
17445,OBC-NCL,4328
17446,GEN,
17446,GEN,
17448,GEN,
17449,GEN,
17450,OBC-NCL,4329
17451,OBC-NCL,4330
17452,GEN-EWS,2445
17453,OBC-NCL,4331
17454,OBC-NCL,4332
17455,GEN,
17456,GEN-EWS,2446
17457,OBC-NCL,4333
17458,GEN,
17459,GEN-EWS,2447
17460,GEN,
17461,GEN,
17462,GEN,
17463,GEN-EWS,2448
17464,GEN-EWS,2449
17465,OBC-NCL,4334
17466,GEN,
17467,OBC-NCL,4335
17468,OBC-NCL,4336
17469,GEN-EWS,2450
17470,GEN,
17471,GEN-EWS,2451
17472,GEN-EWS,2452
17473,SC,587
17474,GEN,
17475,SC,588
17476,GEN,
17477,GEN,
17478,OBC-NCL,4337
17479,GEN,
17480,OBC-NCL,4338
17481,SC,589
17482,GEN,
17483,OBC-NCL,4339
17484,GEN,
17485,GEN,
17486,SC,590
17487,GEN-EWS,2453
17488,GEN,
17489,GEN-EWS,2454
17490,OBC-NCL,4340
17491,GEN,
17492,GEN,
17493,OBC-NCL,4341
17494,OBC-NCL,4342
17495,GEN,
17496,OBC-NCL,4343
17497,OBC-NCL,4344
17498,ST,137
17499,GEN,
17500,GEN,
17501,OBC-NCL,4345
17502,GEN,
17503,GEN,
17504,GEN,
17505,GEN,
17506,GEN,
17507,SC,591
17508,GEN,
17509,GEN-EWS,2455
17510,GEN-EWS,2456
17511,ST,138
17512,GEN-EWS,2457
17513,OBC-NCL,4346
17514,GEN,
17515,GEN-EWS,2458
17516,GEN,
17517,GEN,
17518,GEN,
17519,OBC-NCL,4347
17520,GEN-EWS,2459
17521,OBC-NCL,4348
17522,OBC-NCL,4349
17523,GEN,
17524,GEN,
17525,GEN,
17526,OBC-NCL,4350
17527,GEN,
17527,GEN,
17529,GEN,
17530,GEN,
17531,GEN,
17532,GEN,
17533,GEN,
17534,GEN,
17535,GEN-EWS,2460
17536,GEN,
17537,GEN,
17538,SC,592
17539,GEN-EWS,2461
17540,GEN,
17541,SC,593
17542,GEN,
17543,GEN,
17544,GEN-EWS,2462
17545,GEN,
17546,GEN,
17547,GEN-EWS,2463
17548,OBC-NCL,4351
17549,OBC-NCL,4352
17550,GEN,
17551,OBC-NCL,4353
17552,OBC-NCL,4354
17553,GEN,
17554,OBC-NCL,4355
17555,GEN-EWS,2464
17556,GEN,
17557,GEN-EWS,2465
17558,OBC-NCL,4356
17559,GEN,
17560,GEN,
17561,OBC-NCL,4357
17562,GEN,
17563,GEN,
17564,OBC-NCL,4358
17565,GEN,
17566,OBC-NCL,4359
17567,OBC-NCL,4360
17568,OBC-NCL,4361
17569,OBC-NCL,4362
17570,OBC-NCL,4363
17571,GEN-EWS,2466
17572,OBC-NCL,4364
17573,GEN,
17574,OBC-NCL,4365
17575,OBC-NCL,4366
17576,GEN,
17577,GEN-EWS,2467
17578,OBC-NCL,4367
17579,GEN-EWS,2468
17580,OBC-NCL,4368
17581,GEN,
17582,SC,594
17583,GEN,
17584,GEN-EWS,2469
17585,OBC-NCL,4369
17586,OBC-NCL,4370
17587,OBC-NCL,4371
17588,GEN-EWS,2470
17589,OBC-NCL,4372
17590,GEN,
17591,GEN,
17592,GEN,
17593,OBC-NCL,4373
17594,GEN,
17595,SC,595
17596,ST,139
17597,OBC-NCL,4374
17598,GEN,
17599,GEN,
17600,OBC-NCL,4375
17601,GEN,
17602,GEN-EWS,2471
17603,GEN,
17604,GEN,
17605,GEN,
17606,GEN-EWS,2472
17607,GEN,
17608,OBC-NCL,4376
17609,GEN-EWS,2473
17610,OBC-NCL,4377
17611,GEN-EWS,2474
17612,OBC-NCL,4378
17613,GEN,
17614,GEN,
17615,GEN,
17616,SC,596
17617,GEN,
17618,GEN,
17619,GEN,
17620,OBC-NCL,4379
17621,GEN,
17622,GEN-EWS,2475
17623,GEN,
17624,GEN-EWS,2476
17625,GEN,
17626,GEN,
17627,GEN,
17628,GEN,
17629,GEN,
17630,GEN,
17631,GEN,
17632,OBC-NCL,4380
17633,GEN-EWS,2477
17634,OBC-NCL,4381
17635,OBC-NCL,4382
17636,GEN-EWS,2478
17637,GEN,
17638,OBC-NCL,4383
17639,OBC-NCL,4384
17640,OBC-NCL,4385
17641,GEN,
17642,SC,597
17643,GEN,
17644,GEN,
17645,OBC-NCL,4386
17646,GEN,
17647,OBC-NCL,4387
17648,OBC-NCL,4388
17649,OBC-NCL,4389
17650,OBC-NCL,4390
17651,GEN,
17652,GEN-EWS,2479
17653,GEN-EWS,2480
17654,GEN,
17655,GEN-EWS,2481
17656,SC,598
17657,OBC-NCL,4391
17658,GEN,
17659,GEN-EWS,2482
17660,OBC-NCL,4392
17661,GEN-EWS,2483
17662,GEN,
17663,OBC-NCL,4393
17664,GEN,
17665,GEN,
17666,GEN-EWS,2484
17667,GEN-EWS,2485
17668,GEN,
17669,GEN,
17670,GEN,
17671,GEN-EWS,2486
17672,GEN-EWS,2487
17673,OBC-NCL,4394
17674,GEN-EWS,2488
17675,OBC-NCL,4395
17676,OBC-NCL,4396
17677,ST,140
17678,OBC-NCL,4397
17679,GEN,
17680,GEN,
17681,OBC-NCL,4398
17682,GEN,
17683,OBC-NCL,4399
17684,GEN,
17685,GEN-EWS,2489
17686,GEN-EWS,2490
17687,GEN,
17688,GEN,
17689,GEN,
17690,GEN,
17691,GEN-EWS,2491
17692,OBC-NCL,4400
17693,OBC-NCL,4401
17694,OBC-NCL,4402
17695,GEN,
17696,OBC-NCL,4403
17697,ST,141
17698,GEN,
17699,OBC-NCL,4404
17700,OBC-NCL,4405
17701,GEN,
17702,OBC-NCL,4406
17703,GEN,
17704,GEN,
17705,GEN,
17706,OBC-NCL,4407
17707,GEN-EWS,2492
17708,OBC-NCL,4408
17709,GEN,
17710,OBC-NCL,4409
17711,GEN,
17712,GEN,
17712,OBC-NCL,4410
17714,OBC-NCL,4411
17715,GEN,
17716,OBC-NCL,4412
17717,OBC-NCL,4413
17718,OBC-NCL,4414
17719,OBC-NCL,4415
17720,GEN,
17721,GEN-EWS,2493
17722,OBC-NCL,4416
17723,OBC-NCL,4417
17724,OBC-NCL,4418
17725,GEN-EWS,2494
17726,OBC-NCL,4419
17727,GEN,
17728,GEN-EWS,2495
17729,GEN,
17730,GEN,
17731,GEN,
17732,OBC-NCL,4420
17733,GEN,
17734,GEN-EWS,2496
17735,GEN-EWS,2497
17736,GEN,
17737,ST,142
17738,GEN,
17739,OBC-NCL,4421
17740,GEN-EWS,2498
17741,GEN,
17742,OBC-NCL,4422
17743,GEN,
17744,GEN-EWS,2499
17745,GEN,
17746,GEN,
17747,OBC-NCL,4423
17748,GEN-EWS,2500
17749,GEN-EWS,2501
17750,GEN,
17751,GEN,
17752,GEN,
17753,GEN-EWS,2502
17754,GEN,
17755,GEN,
17756,GEN,
17757,OBC-NCL,4424
17758,OBC-NCL,4425
17759,OBC-NCL,4426
17760,GEN,
17761,GEN-EWS,2503
17762,GEN,
17763,GEN-EWS,2504
17764,OBC-NCL,4427
17765,GEN,
17766,OBC-NCL,4428
17767,OBC-NCL,4429
17768,OBC-NCL,4430
17769,GEN,
17770,OBC-NCL,4431
17771,OBC-NCL,4432
17772,ST,143
17773,GEN,
17774,GEN,
17775,SC,599
17776,GEN-EWS,2505
17777,OBC-NCL,4433
17778,OBC-NCL,4434
17779,OBC-NCL,4435
17780,OBC-NCL,4436
17781,GEN-EWS,2506
17782,OBC-NCL,4437
17783,GEN,
17784,GEN,
17785,GEN,
17786,GEN,
17787,GEN,
17788,GEN-EWS,2507
17789,OBC-NCL,4438
17790,GEN-EWS,2508
17791,OBC-NCL,4439
17792,SC,600
17793,GEN,
17794,GEN-EWS,2509
17795,GEN,
17796,GEN-EWS,2510
17797,OBC-NCL,4440
17798,GEN,
17799,GEN-EWS,2511
17800,OBC-NCL,4441
17801,GEN,
17802,GEN-EWS,2512
17803,OBC-NCL,4442
17804,GEN-EWS,2513
17805,OBC-NCL,4443
17806,GEN,
17807,OBC-NCL,4444
17808,GEN,
17809,GEN-EWS,2514
17810,GEN-EWS,2515
17811,GEN,
17812,GEN,
17813,GEN,
17814,GEN,
17815,OBC-NCL,4445
17816,OBC-NCL,4446
17817,OBC-NCL,4447
17818,OBC-NCL,4448
17819,GEN,
17820,GEN,
17821,GEN,
17822,GEN,
17823,GEN-EWS,2516
17824,GEN-EWS,2517
17825,GEN-EWS,2518
17826,SC,601
17827,GEN,
17828,GEN,
17829,GEN,
17830,OBC-NCL,4449
17831,GEN,
17832,GEN,
17833,OBC-NCL,4450
17834,GEN-EWS,2519
17835,GEN,
17836,OBC-NCL,4451
17837,GEN-EWS,2520
17838,GEN,
17839,OBC-NCL,4452
17840,OBC-NCL,4453
17841,OBC-NCL,4454
17842,GEN,
17843,GEN,
17844,GEN-EWS,2521
17845,GEN-EWS,2522
17846,GEN,
17847,OBC-NCL,4455
17848,OBC-NCL,4456
17849,OBC-NCL,4457
17850,GEN,
17851,OBC-NCL,4458
17852,GEN,
17853,OBC-NCL,4459
17854,GEN-EWS,2523
17855,OBC-NCL,4460
17856,GEN,
17857,GEN,
17858,GEN,
17859,OBC-NCL,4461
17860,GEN,
17861,OBC-NCL,4462
17862,GEN,
17863,GEN,
17864,GEN,
17865,OBC-NCL,4463
17866,OBC-NCL,4464
17867,GEN,
17868,GEN-EWS,2524
17869,GEN,
17870,GEN,
17871,OBC-NCL,4465
17872,GEN,
17873,OBC-NCL,4466
17874,GEN-EWS,2525
17875,GEN,
17876,OBC-NCL,4467
17877,GEN-EWS,2526
17878,OBC-NCL,4468
17879,GEN,
17879,GEN-EWS,2527
17881,OBC-NCL,4469
17882,GEN,
17883,GEN,
17884,OBC-NCL,4470
17885,GEN,
17885,SC,602
17887,GEN,
17888,GEN,
17889,GEN,
17890,GEN,
17891,GEN,
17892,OBC-NCL,4471
17893,GEN,
17894,GEN,
17895,GEN,
17896,GEN-EWS,2528
17897,GEN,
17898,OBC-NCL,4472
17899,GEN,
17900,GEN,
17901,OBC-NCL,4473
17902,GEN-EWS,2529
17903,SC,603
17904,OBC-NCL,4474
17905,GEN,
17906,GEN-EWS,2530
17907,GEN,
17908,GEN-EWS,2531
17909,GEN,
17910,ST,144
17911,OBC-NCL,4475
17912,OBC-NCL,4476
17913,SC,604
17914,GEN,
17915,GEN,
17916,GEN,
17917,GEN,
17918,OBC-NCL,4477
17919,GEN-EWS,2532
17920,OBC-NCL,4478
17921,OBC-NCL,4479
17922,GEN-EWS,2533
17923,OBC-NCL,4480
17924,GEN,
17925,GEN,
17926,GEN,
17927,GEN,
17928,GEN,
17929,OBC-NCL,4481
17929,SC,605
17931,GEN-EWS,2534
17932,GEN,
17933,GEN,
17934,OBC-NCL,4482
17935,GEN,
17936,GEN,
17937,GEN-EWS,2535
17938,GEN,
17939,GEN,
17940,GEN,
17941,GEN-EWS,2536
17942,GEN,
17943,OBC-NCL,4483
17944,GEN,
17945,OBC-NCL,4484
17946,GEN,
17947,SC,606
17948,GEN-EWS,2537
17949,GEN,
17950,OBC-NCL,4485
17951,OBC-NCL,4486
17952,GEN-EWS,2538
17953,GEN,
17954,OBC-NCL,4487
17955,GEN-EWS,2539
17956,OBC-NCL,4488
17957,OBC-NCL,4489
17958,SC,607
17959,GEN-EWS,2540
17960,GEN,
17961,GEN,
17962,GEN-EWS,2541
17963,OBC-NCL,4490
17964,GEN,
17965,GEN,
17966,GEN,
17967,GEN,
17968,SC,608
17969,GEN-EWS,2542
17970,GEN-EWS,2543
17971,ST,145
17972,GEN-EWS,2544
17973,OBC-NCL,4491
17974,OBC-NCL,4492
17975,GEN,
17976,OBC-NCL,4493
17977,OBC-NCL,4494
17978,GEN-EWS,2545
17979,GEN,
17980,GEN-EWS,2546
17981,GEN,
17982,OBC-NCL,4495
17983,SC,609
17984,OBC-NCL,4496
17985,GEN-EWS,2547
17986,GEN,
17987,GEN,
17988,GEN,
17988,OBC-NCL,4497
17990,GEN,
17991,GEN-EWS,2548
17992,ST,146
17993,OBC-NCL,4498
17994,GEN,
17995,OBC-NCL,4499
17996,GEN,
17997,GEN,
17998,GEN-EWS,2549
17999,GEN,
18000,GEN-EWS,2550
18001,OBC-NCL,4500
18002,GEN,
18003,GEN,
18004,GEN-EWS,2551
18005,GEN,
18006,OBC-NCL,4501
18007,OBC-NCL,4502
18008,OBC-NCL,4503
18009,GEN,
18010,GEN,
18011,GEN,
18012,GEN,
18013,SC,610
18014,GEN,
18015,GEN,
18016,GEN,
18017,GEN,
18018,GEN,
18019,GEN,
18020,OBC-NCL,4504
18021,GEN-EWS,2552
18022,GEN,
18023,OBC-NCL,4505
18024,GEN,
18025,SC,611
18026,OBC-NCL,4506
18027,GEN,
18028,SC,612
18029,OBC-NCL,4507
18030,GEN-EWS,2553
18031,GEN-EWS,2554
18032,OBC-NCL,4508
18033,GEN,
18034,GEN,
18035,GEN,
18036,OBC-NCL,4509
18037,OBC-NCL,4510
18038,OBC-NCL,4511
18039,GEN,
18040,OBC-NCL,4512
18041,GEN-EWS,2555
18042,GEN,
18043,SC,613
18044,GEN,
18045,GEN-EWS,2556
18046,GEN,
18047,OBC-NCL,4513
18048,GEN-EWS,2557
18049,GEN-EWS,2558
18050,GEN,
18051,GEN,
18052,SC,614
18053,SC,615
18054,GEN,
18055,GEN,
18056,OBC-NCL,4514
18057,GEN-EWS,2559
18058,GEN,
18059,OBC-NCL,4515
18060,GEN,
18061,GEN,
18062,GEN-EWS,2560
18063,OBC-NCL,4516
18064,GEN,
18065,GEN-EWS,2561
18066,OBC-NCL,4517
18067,GEN,
18068,OBC-NCL,4518
18069,GEN,
18070,GEN-EWS,2562
18071,GEN-EWS,2563
18072,ST,147
18073,GEN,
18074,GEN-EWS,2564
18075,GEN,
18076,GEN-EWS,2565
18077,GEN,
18078,OBC-NCL,4519
18079,OBC-NCL,4520
18080,GEN,
18081,GEN,
18082,GEN-EWS,2566
18083,GEN-EWS,2567
18084,GEN,
18085,GEN,
18086,GEN,
18086,OBC-NCL,4521
18088,SC,616
18089,GEN,
18090,SC,617
18091,GEN-EWS,2568
18092,GEN,
18093,GEN-EWS,2569
18094,GEN-EWS,2570
18095,GEN,
18096,OBC-NCL,4522
18097,OBC-NCL,4523
18098,GEN,
18099,OBC-NCL,4524
18100,GEN,
18101,GEN-EWS,2571
18102,GEN,
18103,OBC-NCL,4525
18104,GEN,
18105,OBC-NCL,4526
18106,GEN,
18107,GEN-EWS,2572
18108,GEN,
18109,OBC-NCL,4527
18110,OBC-NCL,4528
18111,OBC-NCL,4529
18112,OBC-NCL,4530
18113,GEN,
18114,GEN,
18115,GEN,
18116,GEN-EWS,2573
18117,SC,618
18118,GEN,
18119,OBC-NCL,4531
18120,GEN,
18121,GEN,
18122,GEN,
18123,GEN,
18124,OBC-NCL,4532
18125,OBC-NCL,4533
18126,GEN,
18127,GEN,
18128,OBC-NCL,4534
18129,GEN-EWS,2574
18130,GEN,
18131,GEN,
18132,GEN-EWS,2575
18133,GEN,
18134,GEN-EWS,2576
18135,GEN,
18136,OBC-NCL,4535
18137,OBC-NCL,4536
18138,GEN,
18139,OBC-NCL,4537
18140,GEN,
18141,OBC-NCL,4538
18142,OBC-NCL,4539
18143,GEN,
18144,GEN,
18145,GEN,
18146,GEN,
18147,GEN,
18148,GEN,
18149,GEN,
18150,GEN,
18151,GEN,
18152,OBC-NCL,4540
18153,GEN,
18154,OBC-NCL,4541
18155,GEN,
18156,OBC-NCL,4542
18157,GEN,
18158,SC,619
18159,GEN-EWS,2577
18160,GEN,
18161,GEN,
18162,OBC-NCL,4543
18163,GEN-EWS,2578
18164,GEN,
18165,GEN,
18166,GEN,
18167,GEN,
18168,GEN,
18169,GEN-EWS,2579
18170,GEN,
18171,OBC-NCL,4544
18172,GEN-EWS,2580
18173,GEN,
18174,OBC-NCL,4545
18175,GEN-EWS,2581
18176,OBC-NCL,4546
18177,GEN-EWS,2582
18178,GEN,
18179,OBC-NCL,4547
18180,OBC-NCL,4548
18181,GEN-EWS,2583
18182,GEN-EWS,2584
18183,GEN,
18184,GEN,
18185,OBC-NCL,4549
18186,GEN,
18187,GEN-EWS,2585
18188,GEN,
18189,SC,620
18190,GEN,
18191,GEN,
18192,OBC-NCL,4550
18193,OBC-NCL,4551
18194,GEN,
18194,GEN-EWS,2586
18196,GEN-EWS,2587
18197,GEN,
18198,OBC-NCL,4552
18199,OBC-NCL,4553
18200,GEN-EWS,2588
18201,SC,621
18202,OBC-NCL,4554
18203,GEN-EWS,2589
18204,OBC-NCL,4555
18205,OBC-NCL,4556
18206,SC,622
18207,GEN-EWS,2590
18208,OBC-NCL,4557
18209,GEN,
18209,GEN,
18211,GEN,
18212,OBC-NCL,4558
18213,GEN,
18214,OBC-NCL,4559
18215,GEN-EWS,2591
18216,OBC-NCL,4560
18217,GEN,
18218,OBC-NCL,4561
18219,OBC-NCL,4562
18220,GEN-EWS,2592
18221,GEN,
18222,OBC-NCL,4563
18223,ST,148
18224,GEN,
18225,GEN-EWS,2593
18226,OBC-NCL,4564
18227,GEN,
18228,OBC-NCL,4565
18229,GEN-EWS,2594
18230,GEN,
18231,GEN,
18231,OBC-NCL,4566
18233,GEN,
18234,OBC-NCL,4567
18235,OBC-NCL,4568
18236,GEN,
18237,GEN-EWS,2595
18238,GEN-EWS,2596
18239,GEN,
18240,OBC-NCL,4569
18241,OBC-NCL,4570
18242,OBC-NCL,4571
18243,GEN,
18244,GEN,
18245,GEN,
18246,GEN,
18247,OBC-NCL,4572
18248,GEN,
18249,GEN,
18250,OBC-NCL,4573
18251,GEN-EWS,2597
18252,OBC-NCL,4574
18253,GEN-EWS,2598
18254,GEN-EWS,2599
18255,GEN,
18256,GEN,
18257,GEN-EWS,2600
18258,OBC-NCL,4575
18259,OBC-NCL,4576
18260,SC,623
18261,OBC-NCL,4577
18262,GEN,
18263,GEN-EWS,2601
18264,GEN-EWS,2602
18265,ST,149
18266,GEN,
18267,OBC-NCL,4578
18268,OBC-NCL,4579
18269,GEN,
18270,OBC-NCL,4580
18271,GEN,
18272,OBC-NCL,4581
18273,OBC-NCL,4582
18274,GEN,
18275,GEN,
18276,ST,150
18277,GEN,
18278,OBC-NCL,4583
18279,GEN,
18280,GEN-EWS,2603
18281,GEN,
18282,OBC-NCL,4584
18283,GEN-EWS,2604
18284,SC,625
18285,OBC-NCL,4585
18286,GEN,
18287,GEN,
18288,GEN-EWS,2605
18289,GEN-EWS,2606
18290,GEN,
18291,OBC-NCL,4586
18292,SC,626
18293,GEN,
18294,GEN-EWS,2607
18295,OBC-NCL,4587
18296,OBC-NCL,4588
18297,GEN-EWS,2608
18298,GEN-EWS,2609
18299,GEN-EWS,2610
18300,SC,627
18301,OBC-NCL,4589
18302,GEN,
18303,OBC-NCL,4590
18304,GEN-EWS,2611
18305,GEN,
18306,OBC-NCL,4591
18307,OBC-NCL,4592
18308,GEN,
18309,OBC-NCL,4593
18310,OBC-NCL,4594
18311,ST,151
18312,GEN,
18313,GEN,
18314,GEN,
18314,OBC-NCL,4595
18316,GEN,
18317,GEN-EWS,2612
18318,GEN,
18319,GEN-EWS,2613
18320,GEN-EWS,2614
18321,GEN,
18322,GEN-EWS,2615
18323,OBC-NCL,4596
18324,GEN-EWS,2616
18325,GEN,
18326,ST,152
18327,OBC-NCL,4597
18328,GEN,
18329,OBC-NCL,4598
18330,GEN,
18331,GEN,
18332,GEN,
18333,OBC-NCL,4599
18334,GEN,
18335,GEN-EWS,2617
18336,OBC-NCL,4600
18337,GEN,
18338,OBC-NCL,4601
18339,OBC-NCL,4602
18340,SC,628
18341,GEN,
18342,OBC-NCL,4603
18343,GEN-EWS,2618
18344,GEN,
18345,GEN,
18346,GEN-EWS,2619
18347,OBC-NCL,4604
18348,GEN,
18349,OBC-NCL,4605
18350,SC,629
18351,GEN,
18352,GEN,
18353,OBC-NCL,4606
18354,GEN-EWS,2620
18355,GEN-EWS,2621
18356,GEN,
18357,GEN,
18358,GEN,
18359,GEN-EWS,2622
18360,GEN,
18361,GEN,
18362,GEN,
18363,GEN-EWS,2623
18364,GEN,
18365,GEN,
18366,GEN,
18367,GEN-EWS,2624
18368,GEN,
18369,OBC-NCL,4607
18370,GEN,
18371,GEN,
18372,GEN,
18373,GEN,
18374,GEN,
18375,GEN,
18376,OBC-NCL,4608
18377,GEN,
18378,GEN-EWS,2625
18379,GEN,
18380,OBC-NCL,4609
18381,GEN,
18382,GEN,
18383,OBC-NCL,4610
18384,GEN,
18385,GEN,
18386,GEN,
18387,GEN,
18388,GEN,
18389,OBC-NCL,4611
18390,GEN-EWS,2626
18391,GEN,
18392,GEN,
18393,SC,630
18394,OBC-NCL,4612
18395,GEN-EWS,2627
18396,GEN,
18397,GEN,
18398,GEN-EWS,2628
18399,OBC-NCL,4613
18400,GEN,
18401,GEN,
18402,GEN,
18403,OBC-NCL,4614
18404,OBC-NCL,4615
18405,GEN-EWS,2629
18406,GEN,
18407,SC,631
18408,GEN,
18409,GEN-EWS,2630
18410,GEN,
18411,GEN,
18412,GEN,
18413,GEN,
18414,GEN,
18415,GEN,
18416,GEN,
18417,OBC-NCL,4616
18418,GEN,
18419,GEN,
18420,GEN,
18421,OBC-NCL,4617
18422,GEN,
18423,OBC-NCL,4618
18424,GEN-EWS,2631
18425,OBC-NCL,4619
18426,GEN,
18427,OBC-NCL,4620
18428,GEN,
18429,OBC-NCL,4621
18430,GEN,
18431,GEN-EWS,2632
18432,OBC-NCL,4622
18433,OBC-NCL,4623
18434,SC,632
18435,OBC-NCL,4624
18436,GEN,
18437,GEN,
18438,SC,633
18439,OBC-NCL,4625
18440,GEN-EWS,2633
18441,GEN,
18442,GEN-EWS,2634
18443,GEN,
18444,GEN-EWS,2635
18445,GEN-EWS,2636
18446,GEN,
18447,OBC-NCL,4626
18448,OBC-NCL,4627
18449,OBC-NCL,4628
18450,GEN,
18451,GEN,
18452,GEN,
18453,OBC-NCL,4629
18454,OBC-NCL,4630
18455,GEN,
18456,GEN,
18457,OBC-NCL,4631
18458,OBC-NCL,4632
18459,SC,634
18460,GEN-EWS,2637
18461,OBC-NCL,4633
18462,GEN,
18463,GEN,
18464,GEN,
18465,GEN-EWS,2638
18466,OBC-NCL,4634
18467,GEN-EWS,2639
18468,OBC-NCL,4635
18469,OBC-NCL,4636
18470,GEN,
18471,GEN,
18472,GEN,
18473,GEN-EWS,2640
18474,GEN-EWS,2641
18475,GEN,
18476,SC,635
18477,OBC-NCL,4637
18478,GEN,
18479,GEN,
18480,GEN-EWS,2642
18481,OBC-NCL,4638
18482,OBC-NCL,4639
18483,OBC-NCL,4640
18484,GEN,
18485,OBC-NCL,4641
18486,GEN-EWS,2643
18487,GEN,
18488,GEN,
18489,OBC-NCL,4642
18490,GEN-EWS,2644
18491,SC,636
18492,GEN,
18492,OBC-NCL,4643
18494,GEN,
18495,GEN,
18496,GEN-EWS,2645
18497,OBC-NCL,4644
18498,GEN,
18499,OBC-NCL,4645
18500,OBC-NCL,4646
18501,GEN,
18502,OBC-NCL,4647
18503,GEN-EWS,2646
18504,OBC-NCL,4648
18505,GEN,
18506,OBC-NCL,4649
18507,GEN,
18508,OBC-NCL,4650
18509,GEN,
18510,GEN,
18511,GEN,
18512,OBC-NCL,4651
18513,OBC-NCL,4652
18514,GEN,
18515,GEN,
18516,GEN,
18517,GEN-EWS,2647
18518,OBC-NCL,4653
18519,GEN,
18519,OBC-NCL,4654
18521,OBC-NCL,4655
18522,SC,637
18523,GEN,
18524,GEN,
18525,GEN,
18526,GEN,
18527,OBC-NCL,4656
18528,GEN-EWS,2648
18529,GEN,
18530,GEN,
18531,SC,638
18532,GEN,
18533,GEN,
18534,OBC-NCL,4657
18535,GEN-EWS,2649
18536,SC,639
18537,GEN,
18538,OBC-NCL,4658
18539,GEN,
18540,OBC-NCL,4659
18541,GEN,
18542,GEN-EWS,2650
18543,GEN,
18544,GEN,
18544,OBC-NCL,4660
18546,OBC-NCL,4661
18547,GEN,
18548,GEN-EWS,2651
18549,OBC-NCL,4662
18550,GEN-EWS,2652
18551,GEN,
18552,SC,640
18553,OBC-NCL,4663
18554,SC,641
18555,OBC-NCL,4664
18556,GEN,
18557,GEN,
18558,GEN,
18559,OBC-NCL,4665
18560,GEN,
18561,GEN,
18562,GEN,
18563,GEN,
18564,GEN,
18565,GEN,
18566,ST,153
18567,GEN,
18568,GEN,
18569,GEN-EWS,2653
18570,GEN-EWS,2654
18571,OBC-NCL,4666
18572,GEN,
18573,SC,642
18574,GEN,
18575,GEN,
18576,GEN,
18577,GEN,
18578,GEN-EWS,2655
18579,OBC-NCL,4667
18580,GEN,
18581,GEN,
18582,GEN-EWS,2656
18583,OBC-NCL,4668
18584,GEN,
18585,SC,643
18586,OBC-NCL,4669
18587,GEN,
18588,GEN-EWS,2657
18589,GEN,
18589,GEN-EWS,2658
18591,GEN-EWS,2659
18592,GEN,
18593,OBC-NCL,4670
18594,GEN,
18595,GEN,
18596,OBC-NCL,4671
18597,OBC-NCL,4672
18598,GEN-EWS,2660
18599,OBC-NCL,4673
18600,GEN,
18601,GEN,
18602,SC,644
18603,GEN,
18604,GEN,
18605,OBC-NCL,4674
18606,SC,645
18607,GEN,
18608,OBC-NCL,4675
18609,GEN,
18610,GEN-EWS,2661
18611,OBC-NCL,4676
18612,OBC-NCL,4677
18613,GEN,
18614,GEN,
18615,GEN,
18616,SC,646
18617,GEN,
18618,GEN-EWS,2662
18619,OBC-NCL,4678
18620,OBC-NCL,4679
18621,GEN,
18622,OBC-NCL,4680
18623,OBC-NCL,4681
18624,GEN-EWS,2663
18625,SC,647
18626,OBC-NCL,4682
18627,GEN,
18628,GEN,
18629,GEN,
18630,GEN,
18631,OBC-NCL,4683
18632,OBC-NCL,4684
18633,OBC-NCL,4685
18634,GEN-EWS,2664
18635,GEN-EWS,2665
18636,ST,154
18637,GEN-EWS,2666
18638,GEN-EWS,2667
18639,OBC-NCL,4686
18640,GEN,
18641,OBC-NCL,4687
18642,GEN,
18642,GEN,
18644,GEN-EWS,2668
18645,GEN,
18646,OBC-NCL,4688
18647,GEN,
18648,OBC-NCL,4689
18649,OBC-NCL,4690
18650,OBC-NCL,4691
18651,OBC-NCL,4692
18652,SC,648
18653,GEN,
18654,GEN,
18655,OBC-NCL,4693
18656,GEN,
18657,GEN,
18658,GEN,
18659,GEN,
18659,GEN-EWS,2669
18661,GEN,
18662,OBC-NCL,4694
18663,GEN,
18664,OBC-NCL,4695
18665,GEN,
18666,GEN,
18667,GEN-EWS,2670
18668,GEN,
18669,GEN,
18669,GEN-EWS,2671
18671,GEN,
18672,GEN,
18673,GEN,
18674,SC,649
18675,OBC-NCL,4696
18676,GEN-EWS,2672
18677,GEN,
18678,OBC-NCL,4697
18679,GEN,
18680,GEN,
18681,OBC-NCL,4698
18682,GEN,
18683,OBC-NCL,4699
18684,GEN,
18685,GEN,
18686,GEN,
18687,SC,650
18688,GEN,
18689,GEN,
18690,OBC-NCL,4700
18691,OBC-NCL,4701
18692,GEN,
18693,GEN,
18694,OBC-NCL,4702
18695,GEN,
18696,GEN,
18697,OBC-NCL,4703
18698,GEN-EWS,2673
18699,GEN,
18700,GEN,
18701,GEN,
18702,OBC-NCL,4704
18703,GEN,
18704,OBC-NCL,4705
18705,OBC-NCL,4706
18706,OBC-NCL,4707
18707,GEN,
18708,GEN,
18709,GEN,
18710,OBC-NCL,4708
18711,GEN,
18712,OBC-NCL,4709
18713,GEN,
18714,GEN,
18715,OBC-NCL,4710
18716,ST,156
18717,GEN,
18718,OBC-NCL,4711
18719,GEN,
18720,GEN-EWS,2674
18721,GEN,
18722,OBC-NCL,4712
18723,OBC-NCL,4713
18724,GEN,
18724,OBC-NCL,4714
18726,GEN,
18727,GEN-EWS,2675
18728,GEN-EWS,2676
18729,SC,651
18730,GEN-EWS,2677
18731,GEN,
18732,GEN-EWS,2678
18733,OBC-NCL,4715
18734,OBC-NCL,4716
18735,GEN,
18736,OBC-NCL,4717
18737,GEN,
18738,GEN,
18739,GEN,
18740,OBC-NCL,4718
18741,OBC-NCL,4719
18742,GEN,
18743,GEN-EWS,2679
18744,GEN,
18745,GEN-EWS,2680
18746,GEN,
18747,GEN,
18748,OBC-NCL,4720
18749,OBC-NCL,4721
18750,GEN-EWS,2681
18751,GEN,
18752,OBC-NCL,4722
18753,GEN-EWS,2682
18754,GEN,
18755,GEN,
18756,SC,652
18757,GEN,
18758,GEN,
18759,OBC-NCL,4723
18760,GEN,
18761,GEN,
18762,GEN-EWS,2683
18763,GEN,
18764,SC,653
18765,OBC-NCL,4724
18766,OBC-NCL,4725
18767,GEN,
18768,GEN,
18769,SC,655
18770,GEN-EWS,2684
18771,GEN,
18772,OBC-NCL,4726
18773,GEN,
18774,ST,158
18775,GEN,
18776,GEN-EWS,2685
18777,OBC-NCL,4727
18778,GEN-EWS,2686
18779,OBC-NCL,4728
18780,GEN,
18781,OBC-NCL,4729
18782,GEN,
18783,GEN,
18784,GEN,
18785,GEN-EWS,2687
18786,SC,656
18787,SC,657
18788,GEN,
18789,OBC-NCL,4730
18790,GEN,
18791,GEN,
18792,GEN,
18793,GEN,
18794,GEN,
18795,OBC-NCL,4731
18796,OBC-NCL,4732
18797,OBC-NCL,4733
18798,OBC-NCL,4734
18799,GEN,
18800,SC,658
18801,GEN,
18802,GEN,
18803,GEN,
18804,GEN,
18805,GEN,
18806,GEN-EWS,2688
18807,GEN,
18808,GEN-EWS,2689
18809,OBC-NCL,4735
18810,GEN-EWS,2690
18811,GEN,
18812,GEN-EWS,2691
18813,GEN-EWS,2692
18814,GEN,
18815,OBC-NCL,4736
18816,GEN,
18817,GEN,
18818,GEN,
18819,OBC-NCL,4737
18820,OBC-NCL,4738
18821,OBC-NCL,4739
18822,GEN,
18823,OBC-NCL,4740
18824,OBC-NCL,4741
18825,GEN,
18826,GEN-EWS,2693
18827,GEN,
18828,OBC-NCL,4742
18829,SC,660
18830,GEN,
18831,GEN-EWS,2694
18832,OBC-NCL,4743
18833,GEN,
18834,GEN,
18835,SC,661
18836,GEN,
18837,GEN,
18838,GEN-EWS,2695
18839,GEN,
18840,GEN-EWS,2696
18841,GEN,
18842,GEN,
18843,OBC-NCL,4744
18844,GEN,
18845,GEN,
18846,GEN-EWS,2697
18847,OBC-NCL,4745
18848,GEN,
18849,GEN,
18850,GEN,
18851,GEN-EWS,2698
18852,OBC-NCL,4746
18853,GEN,
18854,OBC-NCL,4747
18855,GEN,
18856,OBC-NCL,4748
18857,GEN,
18858,OBC-NCL,4749
18859,OBC-NCL,4750
18860,OBC-NCL,4751
18861,GEN,
18862,GEN,
18863,OBC-NCL,4752
18864,GEN-EWS,2699
18865,ST,159
18866,GEN,
18867,OBC-NCL,4753
18868,OBC-NCL,4754
18869,OBC-NCL,4755
18870,SC,662
18871,GEN,
18872,SC,663
18873,OBC-NCL,4756
18874,GEN,
18875,GEN,
18876,GEN,
18877,GEN-EWS,2700
18878,GEN-EWS,2701
18879,GEN,
18880,OBC-NCL,4757
18881,OBC-NCL,4758
18882,OBC-NCL,4759
18883,GEN,
18884,GEN,
18885,GEN,
18886,GEN,
18887,GEN,
18888,OBC-NCL,4760
18889,GEN,
18890,GEN,
18891,OBC-NCL,4761
18892,GEN-EWS,2702
18893,GEN-EWS,2703
18894,OBC-NCL,4762
18895,OBC-NCL,4763
18896,GEN,
18897,GEN,
18898,GEN,
18899,OBC-NCL,4764
18900,GEN-EWS,2704
18901,OBC-NCL,4765
18902,GEN,
18903,GEN,
18904,OBC-NCL,4766
18905,OBC-NCL,4767
18906,OBC-NCL,4768
18907,OBC-NCL,4769
18908,GEN,
18909,GEN,
18910,ST,160
18911,OBC-NCL,4770
18912,OBC-NCL,4771
18913,OBC-NCL,4772
18914,OBC-NCL,4773
18915,GEN,
18916,GEN,
18917,GEN,
18918,GEN,
18919,GEN,
18920,GEN,
18921,OBC-NCL,4774
18922,GEN,
18923,GEN,
18924,GEN-EWS,2705
18925,OBC-NCL,4775
18926,GEN,
18927,GEN,
18928,GEN,
18929,GEN,
18930,OBC-NCL,4776
18931,GEN-EWS,2706
18932,GEN-EWS,2707
18933,GEN-EWS,2708
18934,GEN,
18935,OBC-NCL,4777
18936,GEN,
18937,OBC-NCL,4778
18938,GEN,
18939,GEN,
18940,OBC-NCL,4779
18941,GEN,
18942,OBC-NCL,4780
18943,GEN,
18944,GEN,
18945,GEN,
18946,OBC-NCL,4781
18947,GEN,
18948,OBC-NCL,4782
18949,GEN,
18950,GEN,
18951,GEN,
18952,GEN,
18953,OBC-NCL,4783
18954,GEN,
18955,GEN-EWS,2709
18956,GEN,
18957,SC,664
18958,GEN,
18959,OBC-NCL,4784
18960,GEN,
18961,GEN,
18962,SC,665
18963,OBC-NCL,4785
18964,OBC-NCL,4786
18965,GEN-EWS,2710
18966,GEN,
18967,GEN-EWS,2711
18968,GEN,
18969,OBC-NCL,4787
18970,OBC-NCL,4788
18971,OBC-NCL,4789
18972,GEN,
18973,OBC-NCL,4790
18974,GEN,
18975,OBC-NCL,4791
18976,GEN,
18977,OBC-NCL,4792
18978,SC,666
18979,GEN-EWS,2712
18980,GEN,
18981,GEN,
18982,OBC-NCL,4793
18983,OBC-NCL,4794
18984,OBC-NCL,4795
18985,GEN,
18986,GEN,
18987,OBC-NCL,4796
18988,GEN-EWS,2713
18989,GEN,
18990,OBC-NCL,4797
18991,GEN,
18992,OBC-NCL,4798
18993,GEN,
18994,GEN,
18995,GEN,
18996,GEN,
18997,GEN,
18998,OBC-NCL,4799
18999,SC,667
19000,OBC-NCL,4800
19001,OBC-NCL,4801
19002,GEN,
19003,GEN,
19004,GEN,
19005,GEN-EWS,2714
19006,OBC-NCL,4802
19007,OBC-NCL,4803
19008,OBC-NCL,4804
19009,SC,668
19010,GEN,
19011,SC,670
19012,GEN-EWS,2715
19013,OBC-NCL,4805
19014,GEN,
19015,GEN,
19016,OBC-NCL,4806
19017,GEN,
19018,GEN,
19019,OBC-NCL,4807
19020,GEN,
19021,GEN,
19022,OBC-NCL,4808
19023,OBC-NCL,4809
19024,GEN,
19025,OBC-NCL,4810
19026,GEN,
19027,OBC-NCL,4811
19028,OBC-NCL,4812
19029,GEN-EWS,2716
19030,GEN,
19030,OBC-NCL,4813
19032,OBC-NCL,4814
19033,GEN-EWS,2717
19034,GEN,
19035,GEN,
19036,GEN,
19037,GEN,
19038,ST,161
19039,OBC-NCL,4815
19040,OBC-NCL,4816
19041,GEN,
19042,GEN,
19043,GEN,
19044,GEN,
19045,GEN-EWS,2718
19046,GEN-EWS,2719
19047,OBC-NCL,4817
19048,GEN,
19049,OBC-NCL,4818
19050,ST,162
19051,GEN,
19052,GEN,
19053,GEN,
19054,OBC-NCL,4819
19055,GEN,
19056,SC,671
19057,OBC-NCL,4820
19058,OBC-NCL,4821
19059,OBC-NCL,4822
19060,OBC-NCL,4823
19061,SC,672
19062,GEN,
19063,GEN,
19064,OBC-NCL,4824
19065,GEN,
19066,GEN,
19067,GEN,
19068,GEN,
19069,OBC-NCL,4825
19070,GEN,
19071,GEN,
19072,GEN,
19073,OBC-NCL,4826
19074,GEN,
19075,GEN,
19076,GEN,
19077,GEN,
19078,GEN,
19079,OBC-NCL,4827
19080,GEN,
19081,OBC-NCL,4828
19082,GEN,
19083,OBC-NCL,4829
19084,GEN,
19085,GEN,
19086,GEN,
19087,OBC-NCL,4830
19088,GEN-EWS,2720
19089,GEN,
19090,GEN,
19091,OBC-NCL,4831
19092,OBC-NCL,4832
19093,GEN-EWS,2721
19094,GEN,
19095,GEN,
19096,GEN,
19097,OBC-NCL,4833
19098,OBC-NCL,4834
19099,SC,673
19100,GEN,
19101,GEN-EWS,2722
19102,OBC-NCL,4835
19103,GEN,
19104,GEN-EWS,2723
19105,GEN-EWS,2724
19106,GEN,
19107,OBC-NCL,4836
19108,GEN,
19109,OBC-NCL,4837
19110,GEN-EWS,2725
19111,GEN,
19112,GEN,
19113,GEN,
19113,GEN,
19115,OBC-NCL,4838
19116,OBC-NCL,4839
19117,GEN,
19118,GEN,
19119,GEN,
19120,GEN,
19121,OBC-NCL,4840
19122,GEN,
19123,OBC-NCL,4841
19124,GEN-EWS,2726
19125,OBC-NCL,4842
19126,GEN,
19127,OBC-NCL,4843
19128,GEN-EWS,2727
19129,GEN,
19130,GEN,
19131,OBC-NCL,4844
19132,GEN,
19133,GEN-EWS,2728
19134,GEN,
19135,GEN,
19136,OBC-NCL,4845
19137,OBC-NCL,4846
19138,OBC-NCL,4847
19139,GEN,
19139,OBC-NCL,4848
19141,OBC-NCL,4849
19142,OBC-NCL,4850
19143,GEN,
19144,GEN,
19145,GEN,
19146,GEN,
19147,GEN,
19148,GEN-EWS,2729
19149,GEN,
19150,OBC-NCL,4851
19151,GEN,
19152,OBC-NCL,4852
19153,GEN,
19154,GEN,
19155,GEN,
19156,GEN-EWS,2730
19157,GEN,
19158,GEN,
19159,GEN,
19160,GEN,
19161,GEN,
19162,OBC-NCL,4853
19163,GEN,
19164,GEN-EWS,2731
19165,GEN,
19166,GEN,
19167,GEN,
19168,OBC-NCL,4854
19169,GEN,
19170,OBC-NCL,4855
19171,GEN,
19172,SC,675
19173,GEN,
19174,GEN,
19175,OBC-NCL,4856
19176,GEN,
19177,GEN,
19177,GEN-EWS,2732
19179,OBC-NCL,4857
19180,GEN,
19181,GEN,
19182,OBC-NCL,4858
19183,GEN,
19183,GEN,
19185,GEN,
19186,OBC-NCL,4859
19187,GEN,
19188,OBC-NCL,4860
19189,OBC-NCL,4861
19190,SC,676
19191,GEN-EWS,2733
19192,GEN,
19193,GEN-EWS,2734
19194,GEN,
19195,OBC-NCL,4862
19196,GEN,
19197,GEN,
19198,OBC-NCL,4863
19199,GEN,
19200,GEN,
19201,OBC-NCL,4864
19202,OBC-NCL,4865
19203,GEN,
19204,GEN,
19205,OBC-NCL,4866
19206,ST,163
19207,OBC-NCL,4867
19208,GEN-EWS,2735
19209,GEN-EWS,2736
19210,SC,677
19211,OBC-NCL,4868
19212,GEN,
19213,GEN,
19214,GEN,
19215,GEN-EWS,2737
19216,GEN-EWS,2738
19217,GEN,
19218,GEN,
19219,GEN,
19220,OBC-NCL,4869
19221,OBC-NCL,4870
19222,GEN,
19223,GEN,
19224,OBC-NCL,4871
19225,GEN,
19226,GEN,
19227,OBC-NCL,4872
19228,GEN,
19229,GEN,
19230,OBC-NCL,4873
19231,OBC-NCL,4874
19232,GEN,
19233,OBC-NCL,4875
19234,GEN,
19235,GEN-EWS,2739
19236,GEN,
19237,GEN,
19238,OBC-NCL,4876
19239,GEN,
19240,GEN,
19241,GEN-EWS,2740
19242,GEN,
19243,OBC-NCL,4877
19244,GEN,
19245,GEN,
19246,GEN,
19247,ST,164
19248,OBC-NCL,4878
19249,GEN,
19250,GEN,
19251,GEN-EWS,2741
19252,OBC-NCL,4879
19253,GEN,
19254,OBC-NCL,4880
19255,GEN,
19256,GEN,
19257,GEN,
19257,OBC-NCL,4881
19259,GEN,
19260,GEN-EWS,2742
19261,OBC-NCL,4882
19262,OBC-NCL,4883
19263,GEN,
19264,OBC-NCL,4884
19265,OBC-NCL,4885
19266,GEN,
19267,GEN,
19268,GEN,
19269,GEN,
19270,OBC-NCL,4886
19271,GEN-EWS,2743
19271,SC,678
19273,GEN,
19274,OBC-NCL,4887
19275,GEN,
19276,GEN,
19277,GEN,
19278,GEN,
19279,GEN,
19280,OBC-NCL,4888
19281,GEN,
19282,ST,165
19283,OBC-NCL,4889
19284,GEN-EWS,2744
19285,GEN-EWS,2745
19286,OBC-NCL,4890
19287,GEN,
19288,OBC-NCL,4891
19289,OBC-NCL,4892
19290,GEN,
19291,OBC-NCL,4893
19292,OBC-NCL,4894
19293,GEN,
19294,GEN,
19295,OBC-NCL,4895
19296,GEN,
19297,GEN,
19298,GEN,
19299,GEN-EWS,2746
19300,GEN,
19301,GEN,
19302,OBC-NCL,4896
19303,GEN,
19304,GEN,
19305,GEN,
19306,OBC-NCL,4897
19307,ST,166
19308,GEN-EWS,2747
19309,OBC-NCL,4898
19310,OBC-NCL,4899
19311,SC,680
19312,OBC-NCL,4900
19313,GEN,
19314,GEN,
19315,GEN-EWS,2748
19316,OBC-NCL,4901
19317,OBC-NCL,4902
19318,OBC-NCL,4903
19319,SC,681
19320,OBC-NCL,4904
19321,GEN-EWS,2749
19322,OBC-NCL,4905
19323,GEN-EWS,2750
19324,ST,167
19325,ST,168
19326,GEN,
19327,GEN,
19328,OBC-NCL,4906
19329,SC,682
19330,OBC-NCL,4907
19331,GEN-EWS,2751
19332,OBC-NCL,4908
19333,GEN-EWS,2752
19334,GEN,
19335,GEN-EWS,2753
19336,OBC-NCL,4909
19337,OBC-NCL,4910
19338,GEN,
19339,ST,169
19340,GEN,
19341,OBC-NCL,4911
19342,OBC-NCL,4912
19343,GEN,
19344,OBC-NCL,4913
19345,GEN,
19346,GEN,
19347,GEN-EWS,2754
19348,GEN,
19349,GEN,
19350,GEN,
19351,GEN,
19352,OBC-NCL,4914
19352,OBC-NCL,4914
19354,OBC-NCL,4916
19355,GEN,
19356,GEN,
19357,OBC-NCL,4917
19358,GEN-EWS,2755
19359,GEN,
19360,GEN-EWS,2756
19361,GEN,
19362,GEN,
19363,ST,170
19364,GEN,
19365,GEN,
19366,GEN-EWS,2757
19367,GEN-EWS,2758
19368,GEN,
19369,GEN,
19370,OBC-NCL,4918
19371,GEN,
19372,GEN,
19373,GEN,
19374,GEN,
19375,OBC-NCL,4919
19376,SC,683
19377,OBC-NCL,4920
19378,GEN,
19379,GEN,
19380,GEN,
19381,GEN,
19382,GEN,
19383,OBC-NCL,4921
19384,GEN-EWS,2759
19385,GEN-EWS,2760
19386,SC,684
19387,OBC-NCL,4922
19388,OBC-NCL,4923
19389,GEN-EWS,2761
19390,GEN-EWS,2762
19391,GEN-EWS,2763
19392,OBC-NCL,4924
19393,GEN,
19394,GEN-EWS,2764
19395,OBC-NCL,4925
19396,OBC-NCL,4926
19397,GEN,
19398,GEN,
19399,SC,685
19400,GEN,
19401,GEN,
19402,GEN,
19403,GEN,
19404,GEN,
19405,GEN-EWS,2765
19406,GEN,
19407,GEN,
19408,OBC-NCL,4927
19409,GEN,
19410,GEN,
19411,GEN,
19412,GEN,
19413,GEN,
19414,GEN-EWS,2766
19415,GEN,
19416,OBC-NCL,4928
19417,SC,686
19418,GEN,
19419,GEN,
19420,GEN,
19421,SC,687
19422,OBC-NCL,4929
19423,OBC-NCL,4930
19424,GEN,
19425,GEN-EWS,2767
19426,GEN,
19427,OBC-NCL,4931
19428,GEN,
19428,OBC-NCL,4932
19430,GEN-EWS,2768
19431,GEN,
19432,GEN-EWS,2769
19433,OBC-NCL,4933
19434,GEN,
19435,OBC-NCL,4934
19436,GEN,
19437,GEN,
19438,GEN,
19439,GEN-EWS,2770
19440,OBC-NCL,4935
19441,GEN,
19442,OBC-NCL,4936
19442,OBC-NCL,4936
19444,OBC-NCL,4938
19445,GEN-EWS,2771
19446,GEN,
19447,GEN,
19448,GEN,
19449,GEN,
19450,SC,688
19451,GEN,
19452,SC,689
19453,OBC-NCL,4939
19454,GEN-EWS,2772
19455,SC,690
19456,OBC-NCL,4940
19457,GEN,
19458,GEN,
19459,GEN,
19460,GEN-EWS,2773
19461,GEN,
19462,GEN-EWS,2774
19463,OBC-NCL,4941
19464,GEN,
19465,GEN,
19466,GEN,
19467,OBC-NCL,4942
19468,GEN,
19469,OBC-NCL,4943
19470,GEN,
19471,GEN,
19472,OBC-NCL,4944
19473,GEN,
19474,GEN,
19475,GEN-EWS,2775
19476,OBC-NCL,4945
19477,OBC-NCL,4946
19478,OBC-NCL,4947
19479,GEN,
19480,OBC-NCL,4948
19481,OBC-NCL,4949
19482,GEN,
19483,OBC-NCL,4950
19484,SC,691
19485,GEN,
19485,GEN-EWS,2776
19487,GEN-EWS,2777
19488,GEN,
19488,GEN,
19490,OBC-NCL,4951
19491,GEN,
19492,SC,692
19493,GEN,
19494,OBC-NCL,4952
19495,GEN,
19496,OBC-NCL,4953
19497,GEN,
19498,GEN,
19499,OBC-NCL,4954
19500,GEN,
19501,GEN,
19502,SC,693
19503,GEN,
19504,GEN,
19505,GEN,
19506,GEN,
19507,GEN,
19508,GEN,
19509,OBC-NCL,4955
19510,GEN,
19511,OBC-NCL,4956
19512,OBC-NCL,4957
19513,GEN,
19514,GEN-EWS,2778
19515,GEN,
19516,GEN,
19517,OBC-NCL,4958
19518,GEN,
19519,OBC-NCL,4959
19520,OBC-NCL,4960
19521,GEN,
19522,GEN,
19523,OBC-NCL,4961
19524,GEN-EWS,2779
19525,GEN,
19526,GEN-EWS,2780
19527,GEN,
19528,GEN,
19529,OBC-NCL,4962
19530,GEN,
19531,GEN,
19532,GEN,
19533,GEN,
19534,GEN,
19535,GEN,
19536,GEN,
19537,GEN,
19538,GEN,
19539,GEN,
19540,GEN,
19541,GEN,
19542,GEN,
19543,GEN,
19544,GEN-EWS,2781
19545,GEN,
19546,OBC-NCL,4963
19547,GEN-EWS,2782
19548,GEN,
19549,GEN,
19550,GEN,
19551,GEN,
19552,GEN,
19553,GEN,
19554,SC,694
19555,GEN-EWS,2783
19556,SC,695
19557,OBC-NCL,4964
19558,OBC-NCL,4965
19559,GEN-EWS,2784
19560,GEN,
19561,GEN,
19562,GEN-EWS,2785
19563,GEN,
19564,OBC-NCL,4966
19565,SC,696
19566,GEN-EWS,2786
19567,GEN,
19568,OBC-NCL,4967
19569,OBC-NCL,4968
19570,OBC-NCL,4969
19571,GEN,
19572,GEN-EWS,2787
19573,OBC-NCL,4970
19574,GEN,
19575,GEN,
19575,GEN-EWS,2788
19577,GEN,
19578,GEN,
19579,OBC-NCL,4971
19580,GEN,
19581,GEN-EWS,2789
19582,GEN,
19583,GEN-EWS,2790
19584,OBC-NCL,4972
19585,GEN-EWS,2791
19586,GEN,
19587,GEN,
19588,GEN-EWS,2792
19589,OBC-NCL,4973
19590,OBC-NCL,4974
19591,GEN-EWS,2793
19592,GEN-EWS,2794
19593,OBC-NCL,4975
19594,GEN,
19595,GEN,
19596,GEN,
19597,ST,171
19598,GEN-EWS,2795
19599,OBC-NCL,4976
19600,GEN-EWS,2796
19601,GEN,
19602,GEN,
19603,GEN,
19604,GEN,
19605,GEN,
19606,GEN,
19606,GEN,
19608,GEN-EWS,2797
19609,GEN,
19610,GEN,
19611,GEN,
19612,GEN,
19613,OBC-NCL,4977
19614,GEN,
19615,GEN,
19616,GEN,
19617,GEN,
19618,OBC-NCL,4978
19619,OBC-NCL,4979
19620,OBC-NCL,4980
19621,GEN-EWS,2798
19622,ST,172
19623,GEN,
19624,GEN,
19625,GEN,
19626,GEN,
19627,GEN,
19628,GEN,
19629,OBC-NCL,4981
19630,OBC-NCL,4982
19631,OBC-NCL,4983
19632,GEN,
19633,GEN,
19634,OBC-NCL,4984
19635,GEN,
19636,OBC-NCL,4985
19637,OBC-NCL,4986
19638,GEN,
19639,GEN-EWS,2799
19640,GEN,
19640,GEN-EWS,2800
19642,GEN-EWS,2801
19643,GEN,
19644,GEN-EWS,2802
19645,GEN-EWS,2803
19646,GEN,
19647,OBC-NCL,4987
19648,GEN-EWS,2804
19649,GEN-EWS,2805
19650,SC,697
19651,GEN-EWS,2806
19652,GEN,
19653,GEN,
19654,GEN,
19655,GEN,
19656,OBC-NCL,4988
19657,GEN,
19658,OBC-NCL,4989
19659,GEN,
19660,GEN,
19661,GEN-EWS,2807
19662,GEN,
19663,OBC-NCL,4990
19664,OBC-NCL,4991
19665,GEN,
19666,OBC-NCL,4992
19667,GEN-EWS,2808
19668,OBC-NCL,4993
19669,OBC-NCL,4994
19670,GEN,
19671,GEN,
19672,GEN,
19673,GEN,
19674,GEN,
19675,ST,173
19676,GEN-EWS,2809
19677,GEN,
19678,GEN,
19679,OBC-NCL,4995
19680,OBC-NCL,4996
19681,GEN,
19682,GEN,
19683,OBC-NCL,4997
19684,SC,698
19685,OBC-NCL,4998
19686,OBC-NCL,4999
19687,GEN-EWS,2810
19688,GEN,
19689,GEN,
19690,OBC-NCL,5000
19691,GEN,
19691,OBC-NCL,5001
19693,GEN,
19694,OBC-NCL,5002
19695,GEN,
19696,OBC-NCL,5003
19697,GEN,
19698,GEN,
19699,OBC-NCL,5004
19700,OBC-NCL,5005
19701,OBC-NCL,5006
19702,OBC-NCL,5007
19703,GEN,
19704,GEN,
19705,GEN,
19706,GEN,
19706,GEN,
19708,GEN-EWS,2811
19709,OBC-NCL,5008
19710,GEN,
19711,OBC-NCL,5009
19712,OBC-NCL,5010
19713,GEN,
19714,GEN,
19715,GEN-EWS,2812
19716,GEN,
19717,GEN,
19718,GEN,
19719,OBC-NCL,5011
19720,GEN-EWS,2813
19721,GEN-EWS,2814
19722,SC,699
19723,OBC-NCL,5012
19724,GEN,
19725,GEN-EWS,2815
19726,SC,700
19727,GEN-EWS,2816
19728,OBC-NCL,5013
19729,GEN-EWS,2817
19730,OBC-NCL,5014
19731,OBC-NCL,5015
19732,OBC-NCL,5016
19733,GEN,
19734,GEN,
19735,OBC-NCL,5017
19736,GEN,
19737,GEN,
19738,GEN,
19739,GEN,
19740,GEN,
19741,GEN,
19742,OBC-NCL,5018
19743,OBC-NCL,5019
19744,GEN,
19745,OBC-NCL,5020
19746,GEN-EWS,2818
19747,GEN-EWS,2819
19748,GEN-EWS,2820
19749,GEN,
19750,GEN,
19751,GEN,
19752,GEN,
19753,GEN,
19754,GEN-EWS,2821
19755,GEN-EWS,2822
19756,GEN,
19757,GEN-EWS,2823
19758,GEN,
19759,GEN,
19760,OBC-NCL,5021
19761,GEN-EWS,2824
19762,ST,174
19763,GEN-EWS,2825
19764,OBC-NCL,5022
19765,SC,701
19766,OBC-NCL,5023
19767,GEN-EWS,2826
19768,GEN,
19769,OBC-NCL,5024
19770,OBC-NCL,5025
19771,OBC-NCL,5026
19772,GEN-EWS,2827
19773,OBC-NCL,5027
19774,GEN,
19775,GEN-EWS,2828
19776,GEN,
19777,SC,702
19778,GEN,
19779,GEN,
19780,GEN,
19781,GEN-EWS,2829
19782,GEN,
19783,OBC-NCL,5028
19784,OBC-NCL,5029
19785,OBC-NCL,5030
19786,GEN,
19787,OBC-NCL,5031
19788,OBC-NCL,5032
19789,GEN-EWS,2830
19790,ST,175
19791,OBC-NCL,5033
19792,GEN-EWS,2831
19793,GEN-EWS,2832
19794,GEN-EWS,2833
19795,GEN,
19796,GEN-EWS,2834
19797,GEN,
19798,GEN-EWS,2835
19799,GEN,
19800,GEN,
19801,OBC-NCL,5034
19802,OBC-NCL,5035
19803,OBC-NCL,5036
19804,OBC-NCL,5037
19805,GEN,
19806,GEN,
19807,OBC-NCL,5038
19808,GEN-EWS,2836
19809,GEN,
19810,GEN,
19811,GEN,
19812,GEN,
19813,OBC-NCL,5039
19814,GEN-EWS,2837
19815,OBC-NCL,5040
19816,GEN,
19817,GEN,
19818,GEN,
19819,OBC-NCL,5041
19820,GEN,
19821,OBC-NCL,5042
19822,OBC-NCL,5043
19823,GEN-EWS,2838
19824,GEN,
19825,GEN,
19826,GEN,
19827,GEN,
19828,GEN,
19829,GEN-EWS,2839
19830,GEN,
19831,GEN,
19832,SC,703
19833,OBC-NCL,5044
19834,GEN,
19835,GEN,
19836,OBC-NCL,5045
19837,GEN,
19838,OBC-NCL,5046
19839,OBC-NCL,5047
19840,OBC-NCL,5048
19841,GEN,
19842,OBC-NCL,5049
19843,GEN,
19844,OBC-NCL,5050
19845,GEN,
19846,SC,705
19847,GEN-EWS,2840
19848,GEN,
19849,GEN-EWS,2841
19850,GEN,
19851,GEN-EWS,2842
19852,GEN,
19853,GEN-EWS,2843
19854,GEN,
19855,ST,177
19856,GEN,
19857,GEN,
19858,GEN,
19859,OBC-NCL,5051
19860,GEN,
19861,GEN-EWS,2844
19862,GEN-EWS,2845
19863,GEN,
19864,GEN,
19865,GEN,
19866,OBC-NCL,5052
19867,GEN,
19868,GEN,
19869,GEN,
19870,GEN,
19871,OBC-NCL,5053
19872,GEN-EWS,2846
19873,GEN-EWS,2847
19874,OBC-NCL,5054
19875,OBC-NCL,5055
19876,GEN,
19877,OBC-NCL,5056
19878,GEN,
19879,OBC-NCL,5057
19880,GEN,
19881,GEN,
19882,SC,706
19883,GEN,
19884,OBC-NCL,5058
19885,GEN,
19886,ST,178
19887,GEN,
19888,GEN,
19889,OBC-NCL,5059
19890,GEN,
19891,SC,707
19892,GEN-EWS,2848
19893,SC,708
19894,SC,709
19895,GEN-EWS,2849
19896,GEN,
19897,OBC-NCL,5060
19898,ST,179
19899,OBC-NCL,5061
19900,GEN,
19901,GEN,
19902,GEN-EWS,2850
19903,GEN,
19904,GEN,
19905,GEN,
19906,GEN,
19907,GEN-EWS,2851
19908,GEN,
19909,OBC-NCL,5062
19910,GEN,
19911,OBC-NCL,5063
19912,GEN-EWS,2852
19913,GEN-EWS,2853
19914,OBC-NCL,5064
19915,GEN,
19916,GEN-EWS,2854
19917,OBC-NCL,5065
19918,GEN-EWS,2855
19919,GEN,
19920,OBC-NCL,5066
19921,GEN,
19922,GEN,
19923,GEN,
19924,GEN-EWS,2856
19925,OBC-NCL,5067
19926,OBC-NCL,5068
19927,GEN-EWS,2857
19928,GEN,
19929,GEN,
19930,OBC-NCL,5069
19931,GEN-EWS,2858
19932,GEN-EWS,2859
19933,GEN,
19934,GEN-EWS,2860
19935,GEN,
19936,GEN,
19937,OBC-NCL,5070
19938,GEN-EWS,2861
19939,GEN,
19940,OBC-NCL,5071
19941,GEN-EWS,2862
19942,GEN-EWS,2863
19943,OBC-NCL,5072
19944,GEN-EWS,2864
19945,GEN,
19946,GEN,
19947,OBC-NCL,5073
19948,GEN,
19949,OBC-NCL,5074
19950,GEN,
19951,GEN,
19952,GEN,
19953,GEN,
19954,OBC-NCL,5075
19955,GEN,
19956,OBC-NCL,5076
19957,GEN,
19958,SC,710
19959,OBC-NCL,5077
19960,SC,711
19961,OBC-NCL,5078
19962,GEN,
19963,OBC-NCL,5079
19964,GEN,
19965,OBC-NCL,5080
19966,OBC-NCL,5081
19967,GEN-EWS,2865
19968,GEN,
19969,GEN,
19970,OBC-NCL,5082
19971,OBC-NCL,5083
19972,GEN,
19973,GEN,
19974,GEN,
19975,GEN,
19976,GEN,
19977,GEN,
19978,GEN,
19979,GEN,
19980,GEN,
19981,GEN,
19982,GEN,
19983,GEN-EWS,2866
19984,GEN-EWS,2867
19985,SC,712
19986,GEN,
19987,GEN,
19988,OBC-NCL,5084
19989,OBC-NCL,5085
19990,GEN,
19991,GEN,
19992,GEN-EWS,2868
19993,GEN-EWS,2869
19994,GEN-EWS,2870
19995,GEN,
19996,GEN-EWS,2871
19997,OBC-NCL,5086
19998,GEN,
19999,OBC-NCL,5087
20000,OBC-NCL,5088
20001,GEN,
20002,OBC-NCL,5089
20003,GEN,
20004,GEN,
20004,OBC-NCL,5090
20006,GEN-EWS,2872
20007,OBC-NCL,5091
20008,GEN-EWS,2873
20009,GEN,
20010,GEN,
20011,OBC-NCL,5092
20012,GEN,
20013,GEN-EWS,2874
20014,GEN-EWS,2875
20015,GEN,
20016,GEN-EWS,2876
20017,GEN,
20018,OBC-NCL,5093
20019,OBC-NCL,5094
20020,OBC-NCL,5095
20021,GEN,
20022,GEN,
20023,GEN,
20024,GEN,
20025,OBC-NCL,5096
20026,GEN-EWS,2877
20027,SC,713
20028,OBC-NCL,5097
20029,GEN-EWS,2878
20030,GEN,
20031,GEN,
20032,GEN,
20033,GEN,
20034,OBC-NCL,5098
20035,GEN,
20036,OBC-NCL,5099
20037,OBC-NCL,5100
20038,OBC-NCL,5101
20039,GEN,
20040,GEN,
20041,GEN,
20042,GEN-EWS,2879
20043,GEN,
20044,GEN,
20045,GEN,
20046,OBC-NCL,5102
20047,GEN,
20048,GEN,
20049,OBC-NCL,5103
20050,OBC-NCL,5104
20051,GEN,
20052,GEN,
20053,GEN,
20054,GEN,
20055,GEN-EWS,2880
20056,GEN-EWS,2881
20057,OBC-NCL,5105
20058,GEN,
20059,GEN,
20060,GEN,
20061,SC,714
20062,GEN-EWS,2882
20063,OBC-NCL,5106
20064,SC,715
20065,GEN,
20066,OBC-NCL,5107
20067,GEN-EWS,2883
20068,OBC-NCL,5108
20069,GEN-EWS,2884
20070,GEN-EWS,2885
20071,GEN-EWS,2886
20072,OBC-NCL,5109
20073,GEN,
20074,GEN-EWS,2887
20075,GEN,
20076,SC,716
20077,GEN,
20078,SC,717
20079,OBC-NCL,5110
20080,GEN-EWS,2888
20081,OBC-NCL,5111
20082,GEN,
20083,OBC-NCL,5112
20084,OBC-NCL,5113
20085,GEN,
20086,GEN,
20087,GEN,
20088,OBC-NCL,5114
20089,GEN,
20090,GEN-EWS,2889
20091,OBC-NCL,5115
20092,GEN,
20093,SC,718
20094,GEN,
20095,OBC-NCL,5116
20096,OBC-NCL,5117
20097,GEN,
20098,GEN,
20099,GEN-EWS,2890
20100,GEN,
20101,OBC-NCL,5118
20102,GEN,
20103,GEN,
20104,GEN-EWS,2891
20105,GEN-EWS,2892
20106,GEN,
20107,GEN,
20108,GEN,
20109,GEN-EWS,2893
20110,GEN-EWS,2894
20111,GEN,
20112,GEN,
20113,GEN-EWS,2895
20114,OBC-NCL,5119
20115,SC,719
20116,GEN,
20117,GEN,
20118,GEN,
20119,GEN,
20120,GEN-EWS,2896
20121,GEN-EWS,2897
20122,GEN,
20123,GEN-EWS,2898
20124,GEN-EWS,2899
20125,GEN,
20126,GEN,
20127,OBC-NCL,5120
20128,GEN,
20129,GEN,
20130,GEN,
20131,GEN,
20132,GEN,
20133,OBC-NCL,5121
20134,GEN,
20135,GEN,
20136,GEN,
20137,SC,720
20138,GEN,
20139,GEN-EWS,2900
20140,GEN,
20141,GEN-EWS,2901
20142,OBC-NCL,5122
20143,GEN,
20143,GEN-EWS,2902
20145,GEN,
20146,SC,721
20147,GEN,
20148,GEN,
20149,OBC-NCL,5123
20150,GEN-EWS,2903
20151,SC,722
20152,OBC-NCL,5124
20153,OBC-NCL,5125
20154,GEN,
20155,GEN-EWS,2904
20156,GEN,
20157,GEN-EWS,2905
20158,GEN,
20159,GEN,
20160,GEN-EWS,2906
20161,GEN,
20162,GEN,
20163,OBC-NCL,5126
20164,GEN,
20165,OBC-NCL,5127
20166,GEN-EWS,2907
20167,GEN,
20168,GEN,
20169,GEN,
20170,GEN,
20171,GEN,
20172,OBC-NCL,5128
20173,GEN-EWS,2908
20174,GEN,
20175,GEN-EWS,2909
20176,OBC-NCL,5129
20177,OBC-NCL,5130
20178,OBC-NCL,5131
20179,GEN-EWS,2910
20180,OBC-NCL,5132
20181,OBC-NCL,5133
20182,GEN,
20183,SC,723
20184,GEN,
20185,GEN,
20186,OBC-NCL,5134
20187,GEN,
20188,OBC-NCL,5135
20189,GEN,
20190,OBC-NCL,5136
20191,GEN-EWS,2911
20192,OBC-NCL,5137
20193,GEN,
20194,GEN,
20195,OBC-NCL,5138
20196,GEN-EWS,2912
20196,OBC-NCL,5139
20198,OBC-NCL,5140
20199,OBC-NCL,5141
20200,GEN-EWS,2913
20201,GEN,
20202,GEN-EWS,2914
20203,GEN-EWS,2915
20204,GEN,
20205,OBC-NCL,5142
20206,GEN,
20206,GEN,
20208,OBC-NCL,5143
20209,GEN-EWS,2916
20210,OBC-NCL,5144
20211,OBC-NCL,5145
20212,SC,724
20213,GEN,
20214,OBC-NCL,5146
20215,GEN,
20216,OBC-NCL,5147
20217,GEN,
20218,OBC-NCL,5148
20219,GEN,
20220,OBC-NCL,5149
20221,GEN-EWS,2917
20222,GEN,
20223,GEN-EWS,2918
20224,GEN-EWS,2919
20225,GEN-EWS,2920
20226,GEN,
20227,ST,180
20228,GEN-EWS,2921
20229,OBC-NCL,5150
20230,GEN,
20231,GEN-EWS,2922
20232,GEN-EWS,2923
20233,GEN,
20234,GEN,
20235,OBC-NCL,5151
20236,GEN,
20237,GEN,
20238,OBC-NCL,5152
20239,GEN-EWS,2924
20240,GEN-EWS,2925
20241,OBC-NCL,5153
20242,OBC-NCL,5154
20243,GEN,
20244,OBC-NCL,5155
20245,GEN,
20246,GEN,
20247,GEN,
20248,GEN,
20249,GEN,
20250,OBC-NCL,5156
20251,GEN-EWS,2926
20252,OBC-NCL,5157
20253,OBC-NCL,5158
20254,GEN,
20255,GEN-EWS,2927
20256,GEN-EWS,2928
20257,GEN,
20258,GEN,
20259,SC,725
20260,GEN-EWS,2929
20261,GEN,
20262,GEN,
20263,OBC-NCL,5159
20264,OBC-NCL,5160
20265,GEN,
20266,GEN,
20267,GEN,
20268,GEN,
20269,GEN,
20270,GEN-EWS,2930
20271,GEN,
20272,OBC-NCL,5161
20273,GEN,
20274,GEN,
20275,GEN,
20276,SC,726
20277,GEN,
20278,OBC-NCL,5162
20279,GEN,
20280,OBC-NCL,5163
20281,GEN,
20282,GEN,
20283,SC,727
20284,GEN-EWS,2931
20285,GEN,
20286,GEN,
20287,GEN-EWS,2932
20288,OBC-NCL,5164
20289,GEN,
20290,OBC-NCL,5165
20291,GEN,
20292,OBC-NCL,5166
20293,GEN,
20294,GEN,
20295,GEN,
20296,GEN,
20297,OBC-NCL,5167
20298,GEN,
20299,GEN,
20300,OBC-NCL,5168
20301,GEN,
20302,OBC-NCL,5169
20303,GEN,
20304,OBC-NCL,5170
20305,GEN,
20306,GEN,
20307,OBC-NCL,5171
20308,OBC-NCL,5172
20309,OBC-NCL,5173
20310,OBC-NCL,5174
20311,OBC-NCL,5175
20312,GEN,
20313,GEN,
20314,GEN,
20315,GEN,
20316,GEN-EWS,2933
20317,OBC-NCL,5176
20318,OBC-NCL,5177
20319,GEN,
20320,GEN,
20321,GEN,
20322,GEN,
20323,GEN,
20324,OBC-NCL,5178
20325,GEN,
20326,GEN,
20327,GEN,
20328,OBC-NCL,5179
20329,OBC-NCL,5180
20330,OBC-NCL,5181
20331,OBC-NCL,5182
20332,GEN-EWS,2934
20333,GEN,
20334,GEN,
20335,GEN,
20336,GEN,
20337,GEN,
20338,GEN,
20339,GEN-EWS,2935
20340,OBC-NCL,5183
20341,OBC-NCL,5184
20342,GEN,
20343,OBC-NCL,5185
20344,GEN,
20345,GEN-EWS,2936
20346,GEN-EWS,2937
20347,OBC-NCL,5186
20348,GEN,
20349,OBC-NCL,5187
20350,OBC-NCL,5188
20351,GEN,
20352,OBC-NCL,5189
20353,GEN-EWS,2938
20354,GEN,
20355,OBC-NCL,5190
20356,GEN,
20357,OBC-NCL,5191
20358,GEN-EWS,2939
20359,GEN,
20360,GEN,
20361,OBC-NCL,5192
20362,GEN-EWS,2940
20363,GEN,
20364,OBC-NCL,5193
20365,GEN-EWS,2941
20366,GEN,
20367,OBC-NCL,5194
20368,OBC-NCL,5195
20369,GEN-EWS,2942
20370,GEN,
20371,GEN,
20372,GEN,
20373,OBC-NCL,5196
20374,GEN,
20375,GEN-EWS,2943
20376,GEN,
20377,OBC-NCL,5197
20378,GEN,
20379,GEN,
20380,OBC-NCL,5198
20381,OBC-NCL,5199
20382,OBC-NCL,5200
20383,GEN,
20384,OBC-NCL,5201
20385,OBC-NCL,5202
20386,GEN,
20387,OBC-NCL,5203
20388,GEN-EWS,2944
20389,GEN,
20390,GEN-EWS,2945
20391,OBC-NCL,5204
20392,OBC-NCL,5205
20393,GEN-EWS,2946
20394,OBC-NCL,5206
20395,GEN,
20396,OBC-NCL,5207
20397,OBC-NCL,5208
20398,GEN,
20399,GEN,
20400,OBC-NCL,5209
20401,OBC-NCL,5210
20402,GEN,
20403,GEN,
20404,OBC-NCL,5211
20405,GEN-EWS,2947
20406,GEN,
20407,SC,728
20408,GEN,
20409,GEN,
20410,GEN,
20411,GEN,
20412,OBC-NCL,5212
20413,GEN,
20414,GEN,
20415,ST,181
20416,OBC-NCL,5213
20417,OBC-NCL,5214
20418,OBC-NCL,5215
20419,OBC-NCL,5216
20420,GEN,
20421,OBC-NCL,5217
20422,GEN,
20423,GEN-EWS,2948
20424,GEN-EWS,2949
20425,OBC-NCL,5218
20426,GEN,
20427,OBC-NCL,5219
20428,GEN,
20429,GEN,
20430,GEN-EWS,2950
20431,GEN,
20432,OBC-NCL,5220
20433,OBC-NCL,5221
20434,GEN,
20435,GEN,
20436,GEN,
20437,GEN-EWS,2951
20438,OBC-NCL,5222
20439,GEN,
20440,GEN,
20441,GEN,
20442,GEN-EWS,2952
20443,OBC-NCL,5223
20444,OBC-NCL,5224
20445,GEN,
20446,GEN,
20447,ST,182
20448,GEN,
20449,GEN,
20450,GEN-EWS,2953
20451,OBC-NCL,5225
20452,GEN-EWS,2954
20453,GEN-EWS,2955
20454,OBC-NCL,5226
20455,GEN-EWS,2956
20456,OBC-NCL,5227
20457,OBC-NCL,5228
20458,GEN-EWS,2957
20459,OBC-NCL,5229
20460,OBC-NCL,5230
20461,OBC-NCL,5231
20462,GEN,
20463,GEN,
20464,GEN,
20465,GEN,
20466,GEN,
20467,OBC-NCL,5232
20468,OBC-NCL,5233
20469,OBC-NCL,5234
20470,OBC-NCL,5235
20471,GEN-EWS,2958
20472,GEN,
20473,OBC-NCL,5236
20474,GEN-EWS,2959
20475,OBC-NCL,5237
20476,OBC-NCL,5238
20477,OBC-NCL,5239
20478,GEN-EWS,2960
20479,GEN,
20480,GEN-EWS,2961
20481,GEN-EWS,2962
20482,GEN-EWS,2963
20483,SC,729
20484,OBC-NCL,5240
20485,GEN,
20486,GEN-EWS,2964
20487,GEN,
20488,SC,730
20489,OBC-NCL,5241
20490,OBC-NCL,5242
20491,OBC-NCL,5243
20492,GEN-EWS,2965
20493,GEN,
20494,GEN,
20495,GEN,
20496,GEN,
20497,GEN,
20498,GEN-EWS,2966
20499,GEN,
20500,OBC-NCL,5244
20501,OBC-NCL,5245
20502,OBC-NCL,5246
20503,GEN-EWS,2967
20504,GEN,
20505,GEN-EWS,2968
20506,GEN,
20507,OBC-NCL,5247
20508,OBC-NCL,5248
20509,GEN-EWS,2969
20510,OBC-NCL,5249
20511,OBC-NCL,5250
20512,GEN,
20513,GEN,
20514,OBC-NCL,5251
20515,OBC-NCL,5252
20516,GEN,
20517,GEN-EWS,2970
20518,GEN-EWS,2971
20519,SC,731
20520,OBC-NCL,5253
20521,OBC-NCL,5254
20522,OBC-NCL,5255
20523,GEN,
20524,GEN,
20525,GEN,
20526,OBC-NCL,5256
20527,GEN,
20528,GEN-EWS,2972
20529,GEN,
20530,OBC-NCL,5257
20531,GEN-EWS,2973
20532,GEN,
20533,GEN,
20534,OBC-NCL,5258
20535,GEN,
20536,GEN-EWS,2974
20537,OBC-NCL,5259
20538,ST,183
20539,GEN,
20540,GEN,
20541,OBC-NCL,5260
20542,GEN,
20543,GEN,
20544,OBC-NCL,5261
20545,OBC-NCL,5262
20546,GEN,
20547,OBC-NCL,5263
20548,GEN-EWS,2975
20549,GEN,
20550,GEN,
20551,GEN,
20552,GEN,
20553,OBC-NCL,5264
20554,GEN,
20555,OBC-NCL,5265
20556,GEN,
20557,GEN,
20558,SC,732
20559,GEN-EWS,2976
20560,OBC-NCL,5266
20561,OBC-NCL,5267
20562,GEN-EWS,2977
20563,GEN,
20564,GEN,
20565,GEN,
20566,GEN-EWS,2978
20567,GEN,
20568,GEN,
20569,GEN,
20570,GEN,
20571,GEN,
20572,OBC-NCL,5268
20573,GEN,
20574,GEN,
20575,OBC-NCL,5269
20576,OBC-NCL,5270
20577,GEN,
20578,GEN,
20579,GEN,
20580,GEN,
20581,GEN,
20582,GEN-EWS,2979
20583,OBC-NCL,5271
20584,OBC-NCL,5272
20585,GEN,
20586,GEN,
20587,OBC-NCL,5273
20588,SC,733
20589,OBC-NCL,5274
20590,OBC-NCL,5275
20591,GEN,
20592,GEN,
20593,GEN,
20594,SC,734
20595,GEN,
20596,GEN-EWS,2980
20597,ST,184
20598,OBC-NCL,5276
20599,OBC-NCL,5277
20600,GEN,
20601,GEN,
20602,GEN-EWS,2981
20603,GEN,
20604,OBC-NCL,5278
20605,GEN,
20606,GEN,
20607,GEN,
20608,OBC-NCL,5279
20609,GEN-EWS,2982
20610,GEN-EWS,2983
20611,OBC-NCL,5280
20612,GEN,
20613,GEN,
20614,OBC-NCL,5281
20615,GEN,
20616,OBC-NCL,5282
20617,GEN,
20618,GEN,
20619,GEN,
20620,OBC-NCL,5283
20621,GEN,
20622,OBC-NCL,5284
20623,GEN,
20624,GEN,
20625,GEN-EWS,2984
20626,GEN,
20627,GEN,
20628,OBC-NCL,5285
20629,GEN,
20630,GEN,
20631,GEN-EWS,2985
20632,GEN,
20632,OBC-NCL,5286
20634,GEN,
20635,GEN,
20636,GEN,
20637,GEN,
20638,GEN,
20639,GEN,
20640,OBC-NCL,5287
20641,GEN-EWS,2986
20642,OBC-NCL,5288
20643,GEN,
20644,OBC-NCL,5289
20645,OBC-NCL,5290
20646,OBC-NCL,5291
20647,GEN,
20648,GEN-EWS,2987
20649,GEN,
20650,SC,735
20651,OBC-NCL,5292
20652,GEN,
20653,OBC-NCL,5293
20654,OBC-NCL,5294
20655,GEN,
20656,GEN,
20657,GEN,
20658,GEN,
20659,GEN,
20660,GEN,
20661,GEN,
20662,GEN,
20663,GEN-EWS,2988
20664,OBC-NCL,5295
20665,GEN,
20666,GEN,
20667,GEN,
20668,GEN,
20669,GEN,
20670,GEN,
20671,GEN,
20672,GEN,
20673,GEN,
20674,GEN,
20675,GEN,
20676,GEN,
20677,GEN,
20678,GEN-EWS,2989
20679,OBC-NCL,5296
20680,GEN,
20681,GEN,
20682,GEN,
20683,GEN,
20684,GEN-EWS,2990
20685,GEN-EWS,2991
20686,GEN,
20687,OBC-NCL,5297
20688,OBC-NCL,5298
20689,GEN,
20690,GEN,
20691,GEN,
20692,OBC-NCL,5299
20693,GEN-EWS,2992
20694,GEN,
20695,SC,736
20696,OBC-NCL,5300
20697,SC,737
20698,OBC-NCL,5301
20699,GEN,
20699,OBC-NCL,5302
20701,OBC-NCL,5303
20702,OBC-NCL,5304
20703,GEN-EWS,2993
20704,OBC-NCL,5305
20705,GEN,
20706,OBC-NCL,5306
20707,GEN,
20708,GEN,
20708,GEN-EWS,2994
20708,OBC-NCL,5307
20711,GEN,
20712,OBC-NCL,5308
20713,GEN-EWS,2995
20714,GEN,
20715,OBC-NCL,5309
20716,GEN,
20717,OBC-NCL,5310
20718,OBC-NCL,5311
20719,OBC-NCL,5312
20720,GEN-EWS,2996
20721,GEN-EWS,2997
20722,GEN,
20722,OBC-NCL,5313
20724,OBC-NCL,5314
20725,GEN,
20726,GEN,
20727,OBC-NCL,5315
20728,GEN,
20729,GEN,
20730,GEN,
20731,OBC-NCL,5316
20732,GEN,
20733,GEN,
20734,GEN,
20735,GEN-EWS,2998
20736,OBC-NCL,5317
20737,GEN,
20738,GEN,
20739,GEN,
20740,OBC-NCL,5318
20741,GEN,
20742,SC,738
20743,GEN,
20744,GEN-EWS,2999
20745,GEN-EWS,3000
20746,OBC-NCL,5319
20747,GEN,
20748,OBC-NCL,5320
20749,GEN-EWS,3001
20750,OBC-NCL,5321
20751,GEN,
20752,OBC-NCL,5322
20753,OBC-NCL,5323
20754,GEN,
20755,GEN,
20756,GEN,
20757,GEN-EWS,3002
20757,SC,739
20759,OBC-NCL,5324
20760,GEN,
20761,GEN,
20762,GEN,
20763,GEN-EWS,3003
20764,GEN,
20765,GEN,
20766,OBC-NCL,5325
20767,SC,740
20768,OBC-NCL,5326
20769,OBC-NCL,5327
20770,OBC-NCL,5328
20771,GEN,
20772,GEN,
20773,GEN,
20774,GEN,
20775,GEN,
20776,GEN,
20777,GEN,
20778,GEN,
20779,GEN-EWS,3004
20780,GEN-EWS,3005
20781,OBC-NCL,5329
20782,GEN,
20783,OBC-NCL,5330
20784,GEN-EWS,3006
20785,OBC-NCL,5331
20786,GEN,
20787,OBC-NCL,5332
20788,GEN,
20789,OBC-NCL,5333
20790,GEN,
20791,OBC-NCL,5334
20792,OBC-NCL,5335
20793,OBC-NCL,5336
20794,OBC-NCL,5337
20795,GEN,
20796,GEN,
20797,GEN-EWS,3007
20798,GEN,
20799,GEN,
20800,GEN,
20801,OBC-NCL,5338
20802,GEN,
20803,GEN-EWS,3008
20804,GEN-EWS,3009
20805,GEN-EWS,3010
20806,SC,741
20807,GEN,
20808,GEN,
20809,GEN-EWS,3011
20810,OBC-NCL,5339
20811,OBC-NCL,5340
20812,GEN,
20813,GEN,
20814,GEN-EWS,3012
20815,OBC-NCL,5341
20816,GEN,
20817,OBC-NCL,5342
20818,GEN,
20819,OBC-NCL,5343
20820,GEN,
20821,GEN-EWS,3013
20822,GEN,
20823,GEN,
20824,GEN-EWS,3014
20825,GEN,
20826,OBC-NCL,5344
20827,GEN,
20828,OBC-NCL,5345
20829,OBC-NCL,5346
20830,GEN,
20831,GEN-EWS,3015
20832,OBC-NCL,5347
20833,GEN,
20834,GEN,
20835,GEN,
20836,GEN,
20837,OBC-NCL,5348
20838,GEN,
20839,GEN-EWS,3016
20840,GEN,
20841,OBC-NCL,5349
20842,OBC-NCL,5350
20843,GEN-EWS,3017
20844,GEN,
20845,GEN-EWS,3018
20846,GEN-EWS,3019
20847,GEN-EWS,3020
20848,OBC-NCL,5351
20849,GEN-EWS,3021
20850,OBC-NCL,5352
20851,GEN,
20852,GEN-EWS,3022
20853,OBC-NCL,5353
20854,GEN,
20855,OBC-NCL,5354
20856,SC,742
20857,OBC-NCL,5355
20858,OBC-NCL,5356
20859,GEN-EWS,3023
20860,OBC-NCL,5357
20861,GEN,
20862,OBC-NCL,5358
20863,GEN-EWS,3024
20864,GEN,
20865,GEN,
20866,GEN,
20867,OBC-NCL,5359
20868,OBC-NCL,5360
20869,GEN,
20870,GEN,
20870,ST,185
20872,GEN,
20873,GEN,
20874,GEN,
20875,SC,743
20876,GEN-EWS,3025
20877,SC,744
20878,GEN-EWS,3026
20879,GEN,
20880,GEN,
20881,GEN-EWS,3027
20882,GEN,
20883,GEN-EWS,3028
20884,GEN,
20885,GEN,
20886,GEN-EWS,3029
20887,GEN,
20888,GEN,
20889,OBC-NCL,5361
20890,GEN,
20891,GEN,
20892,GEN,
20893,GEN,
20894,GEN,
20895,OBC-NCL,5362
20896,OBC-NCL,5363
20897,GEN,
20898,OBC-NCL,5364
20899,GEN,
20900,GEN-EWS,3030
20901,GEN,
20902,ST,186
20903,GEN-EWS,3031
20904,OBC-NCL,5365
20905,GEN,
20906,GEN,
20906,OBC-NCL,5366
20908,GEN,
20909,GEN,
20910,GEN,
20911,GEN-EWS,3032
20912,OBC-NCL,5367
20912,OBC-NCL,5367
20914,GEN-EWS,3033
20915,GEN,
20916,ST,187
20917,GEN-EWS,3034
20918,OBC-NCL,5369
20919,GEN,
20920,ST,188
20921,GEN,
20922,GEN,
20923,GEN,
20924,GEN,
20925,GEN,
20926,GEN,
20927,GEN,
20928,GEN,
20929,OBC-NCL,5370
20930,GEN,
20931,GEN,
20932,GEN,
20933,GEN,
20934,SC,745
20935,GEN,
20936,OBC-NCL,5371
20937,GEN,
20938,GEN-EWS,3035
20939,GEN,
20940,GEN,
20941,OBC-NCL,5372
20942,GEN,
20943,GEN-EWS,3036
20944,GEN,
20945,GEN,
20946,GEN,
20946,OBC-NCL,5373
20948,GEN,
20949,GEN-EWS,3037
20950,SC,746
20951,GEN-EWS,3038
20952,GEN-EWS,3039
20953,GEN,
20954,GEN,
20955,GEN-EWS,3040
20956,OBC-NCL,5374
20957,GEN,
20958,SC,747
20959,SC,748
20960,OBC-NCL,5375
20961,GEN,
20961,OBC-NCL,5376
20963,GEN,
20964,OBC-NCL,5377
20965,OBC-NCL,5378
20966,GEN-EWS,3041
20967,GEN,
20968,GEN,
20969,OBC-NCL,5379
20970,GEN-EWS,3042
20971,OBC-NCL,5380
20972,GEN,
20973,GEN-EWS,3043
20974,GEN,
20975,GEN,
20975,OBC-NCL,5381
20977,SC,749
20978,SC,750
20979,OBC-NCL,5382
20980,OBC-NCL,5383
20981,GEN,
20982,GEN,
20982,OBC-NCL,5384
20984,GEN,
20985,ST,189
20986,OBC-NCL,5385
20987,GEN,
20988,GEN-EWS,3044
20989,OBC-NCL,5386
20990,GEN,
20991,OBC-NCL,5387
20992,GEN,
20993,OBC-NCL,5388
20994,OBC-NCL,5389
20995,GEN,
20996,OBC-NCL,5390
20997,OBC-NCL,5391
20998,OBC-NCL,5392
20999,GEN,
21000,SC,751
21001,OBC-NCL,5393
21002,GEN,
21002,OBC-NCL,5394
21004,GEN,
21005,GEN,
21006,OBC-NCL,5395
21007,GEN-EWS,3045
21008,GEN-EWS,3046
21009,OBC-NCL,5396
21010,GEN,
21011,OBC-NCL,5397
21012,OBC-NCL,5398
21013,GEN,
21014,GEN,
21015,OBC-NCL,5399
21016,OBC-NCL,5400
21017,OBC-NCL,5401
21018,OBC-NCL,5402
21019,GEN,
21020,GEN,
21021,GEN,
21022,GEN-EWS,3047
21023,SC,752
21024,GEN,
21025,OBC-NCL,5403
21026,GEN,
21027,GEN-EWS,3048
21028,OBC-NCL,5404
21029,GEN,
21030,GEN-EWS,3049
21031,GEN,
21032,GEN,
21033,OBC-NCL,5405
21034,GEN,
21035,OBC-NCL,5406
21036,OBC-NCL,5407
21037,GEN,
21038,OBC-NCL,5408
21039,SC,753
21040,GEN-EWS,3050
21041,GEN,
21042,OBC-NCL,5409
21043,GEN-EWS,3051
21044,GEN,
21045,OBC-NCL,5410
21046,GEN,
21047,GEN,
21048,OBC-NCL,5411
21049,GEN,
21050,GEN,
21051,GEN,
21052,GEN-EWS,3052
21053,GEN-EWS,3053
21054,OBC-NCL,5412
21055,GEN-EWS,3054
21056,GEN,
21057,ST,190
21058,OBC-NCL,5413
21059,OBC-NCL,5414
21060,GEN,
21060,GEN-EWS,3055
21062,GEN,
21063,OBC-NCL,5415
21064,GEN,
21065,OBC-NCL,5416
21066,OBC-NCL,5417
21067,OBC-NCL,5418
21068,GEN-EWS,3056
21069,GEN-EWS,3057
21070,ST,191
21071,GEN,
21072,GEN,
21073,GEN,
21074,OBC-NCL,5419
21075,GEN,
21076,GEN,
21077,GEN,
21078,OBC-NCL,5420
21079,GEN-EWS,3058
21080,GEN-EWS,3059
21081,OBC-NCL,5421
21082,OBC-NCL,5422
21083,GEN,
21084,OBC-NCL,5423
21085,GEN-EWS,3060
21086,OBC-NCL,5424
21087,OBC-NCL,5425
21088,GEN-EWS,3061
21089,GEN,
21090,GEN,
21091,GEN,
21092,GEN,
21093,GEN,
21094,OBC-NCL,5426
21095,GEN,
21096,OBC-NCL,5427
21097,GEN-EWS,3062
21098,OBC-NCL,5428
21099,GEN-EWS,3063
21100,OBC-NCL,5429
21101,GEN,
21102,GEN,
21103,GEN-EWS,3064
21104,GEN,
21105,GEN,
21106,OBC-NCL,5430
21107,OBC-NCL,5431
21108,GEN,
21109,OBC-NCL,5432
21110,GEN-EWS,3065
21111,GEN,
21112,OBC-NCL,5433
21113,GEN-EWS,3066
21114,GEN,
21115,OBC-NCL,5434
21116,GEN,
21117,GEN,
21118,GEN,
21119,GEN,
21120,GEN,
21121,OBC-NCL,5435
21122,GEN,
21123,OBC-NCL,5436
21124,GEN,
21125,GEN,
21126,GEN,
21127,OBC-NCL,5437
21128,GEN,
21129,GEN,
21130,GEN,
21131,GEN-EWS,3067
21132,GEN,
21133,GEN-EWS,3068
21134,GEN,
21135,GEN,
21136,GEN-EWS,3069
21137,GEN,
21138,GEN,
21139,ST,192
21140,GEN,
21141,OBC-NCL,5438
21142,GEN-EWS,3070
21143,OBC-NCL,5439
21144,OBC-NCL,5440
21145,GEN,
21146,GEN,
21147,GEN,
21148,GEN,
21149,GEN,
21150,OBC-NCL,5441
21151,SC,755
21152,SC,756
21153,GEN-EWS,3071
21154,OBC-NCL,5442
21155,OBC-NCL,5443
21156,GEN,
21157,OBC-NCL,5444
21158,OBC-NCL,5445
21159,GEN,
21160,OBC-NCL,5446
21161,GEN,
21162,GEN,
21163,GEN-EWS,3072
21164,OBC-NCL,5447
21165,GEN,
21166,GEN,
21167,OBC-NCL,5448
21168,GEN,
21169,OBC-NCL,5449
21170,OBC-NCL,5450
21171,GEN,
21172,OBC-NCL,5451
21173,OBC-NCL,5452
21174,GEN,
21175,OBC-NCL,5453
21176,OBC-NCL,5454
21177,GEN-EWS,3073
21178,GEN,
21179,GEN,
21180,OBC-NCL,5455
21181,GEN-EWS,3074
21182,OBC-NCL,5456
21183,GEN,
21184,GEN-EWS,3075
21185,GEN-EWS,3076
21186,OBC-NCL,5457
21187,GEN,
21188,GEN,
21189,GEN,
21190,OBC-NCL,5458
21191,GEN,
21192,GEN,
21193,GEN-EWS,3077
21194,GEN,
21195,GEN,
21196,OBC-NCL,5459
21197,OBC-NCL,5460
21198,OBC-NCL,5461
21199,GEN,
21200,GEN-EWS,3078
21201,SC,757
21202,GEN,
21203,GEN,
21204,GEN,
21205,GEN,
21206,GEN,
21207,GEN,
21208,OBC-NCL,5462
21209,GEN,
21210,GEN-EWS,3079
21211,GEN,
21212,SC,758
21213,GEN,
21214,OBC-NCL,5463
21215,GEN,
21216,GEN,
21217,GEN-EWS,3080
21218,GEN,
21219,GEN-EWS,3081
21220,GEN,
21221,GEN,
21222,GEN,
21223,OBC-NCL,5464
21224,GEN,
21225,OBC-NCL,5465
21226,GEN,
21227,GEN,
21228,GEN-EWS,3082
21229,OBC-NCL,5466
21230,OBC-NCL,5467
21231,GEN,
21232,SC,759
21233,GEN-EWS,3083
21234,GEN,
21235,GEN,
21236,GEN,
21237,GEN,
21238,GEN-EWS,3084
21239,SC,760
21240,GEN,
21241,OBC-NCL,5468
21242,GEN,
21243,GEN,
21244,GEN,
21245,SC,761
21246,OBC-NCL,5469
21247,GEN,
21248,GEN,
21249,GEN-EWS,3085
21250,GEN,
21251,OBC-NCL,5470
21252,GEN,
21253,GEN,
21254,GEN,
21255,OBC-NCL,5471
21256,GEN,
21257,GEN,
21258,GEN,
21259,GEN,
21260,GEN,
21261,GEN-EWS,3086
21262,GEN,
21263,GEN,
21264,GEN-EWS,3087
21265,GEN,
21266,OBC-NCL,5472
21267,OBC-NCL,5473
21268,GEN-EWS,3088
21269,OBC-NCL,5474
21270,GEN-EWS,3089
21271,GEN,
21272,GEN-EWS,3090
21273,GEN-EWS,3091
21274,GEN,
21275,OBC-NCL,5475
21276,GEN,
21277,GEN-EWS,3092
21278,GEN-EWS,3093
21279,OBC-NCL,5476
21280,GEN,
21281,GEN,
21282,GEN,
21283,GEN,
21284,GEN-EWS,3094
21285,GEN,
21286,OBC-NCL,5477
21287,GEN,
21288,OBC-NCL,5478
21289,OBC-NCL,5479
21290,GEN,
21291,OBC-NCL,5480
21292,GEN,
21293,GEN,
21294,GEN,
21295,GEN,
21296,GEN,
21297,OBC-NCL,5481
21298,GEN,
21299,GEN,
21300,GEN,
21301,GEN,
21302,GEN,
21303,GEN,
21304,GEN,
21305,OBC-NCL,5482
21306,OBC-NCL,5483
21307,GEN-EWS,3095
21308,OBC-NCL,5484
21309,GEN,
21310,GEN-EWS,3096
21311,GEN,
21312,GEN,
21313,GEN,
21314,GEN-EWS,3097
21315,GEN,
21316,GEN-EWS,3098
21317,OBC-NCL,5485
21318,GEN,
21319,OBC-NCL,5486
21320,GEN,
21321,GEN,
21322,SC,763
21323,OBC-NCL,5487
21324,GEN-EWS,3099
21324,SC,764
21326,GEN,
21327,GEN-EWS,3100
21328,GEN,
21329,SC,765
21330,ST,193
21331,OBC-NCL,5488
21332,OBC-NCL,5489
21333,GEN,
21334,OBC-NCL,5490
21335,OBC-NCL,5491
21336,GEN,
21337,GEN,
21338,GEN,
21339,GEN,
21340,GEN,
21341,GEN-EWS,3101
21342,GEN-EWS,3102
21343,GEN,
21344,GEN,
21345,OBC-NCL,5492
21346,GEN,
21347,GEN,
21348,GEN,
21349,GEN,
21350,GEN,
21351,GEN,
21352,GEN,
21353,GEN-EWS,3103
21354,GEN,
21355,GEN,
21356,GEN-EWS,3104
21357,GEN,
21358,OBC-NCL,5493
21359,GEN,
21360,GEN,
21361,GEN,
21362,GEN-EWS,3105
21363,GEN,
21364,OBC-NCL,5494
21365,GEN-EWS,3106
21366,GEN-EWS,3107
21367,GEN,
21368,GEN,
21369,GEN,
21370,OBC-NCL,5495
21371,GEN,
21372,GEN,
21373,GEN,
21374,GEN,
21375,GEN,
21376,OBC-NCL,5496
21377,OBC-NCL,5497
21378,OBC-NCL,5498
21379,OBC-NCL,5499
21380,GEN,
21381,SC,767
21382,OBC-NCL,5500
21383,GEN,
21384,GEN,
21385,GEN,
21386,GEN,
21387,GEN,
21388,GEN-EWS,3108
21389,GEN,
21390,OBC-NCL,5501
21391,OBC-NCL,5502
21392,SC,768
21393,GEN,
21394,OBC-NCL,5503
21395,GEN,
21396,OBC-NCL,5504
21397,GEN,
21398,OBC-NCL,5505
21399,GEN,
21400,SC,769
21401,GEN,
21402,GEN,
21403,OBC-NCL,5506
21404,ST,194
21405,GEN-EWS,3109
21406,OBC-NCL,5507
21407,GEN,
21408,GEN,
21409,OBC-NCL,5508
21410,GEN-EWS,3110
21411,OBC-NCL,5509
21412,GEN-EWS,3111
21413,GEN-EWS,3112
21414,SC,770
21415,GEN-EWS,3113
21416,GEN,
21417,OBC-NCL,5510
21418,GEN,
21418,GEN,
21420,GEN,
21421,GEN-EWS,3114
21422,GEN-EWS,3115
21423,GEN,
21424,GEN,
21425,GEN,
21426,GEN-EWS,3116
21427,GEN,
21428,OBC-NCL,5511
21429,OBC-NCL,5512
21430,GEN-EWS,3117
21431,SC,771
21432,GEN,
21433,GEN-EWS,3118
21434,GEN,
21435,OBC-NCL,5513
21436,OBC-NCL,5514
21437,GEN,
21438,GEN,
21439,OBC-NCL,5515
21440,OBC-NCL,5516
21441,OBC-NCL,5517
21442,OBC-NCL,5518
21443,OBC-NCL,5519
21444,GEN-EWS,3119
21445,GEN-EWS,3120
21446,GEN,
21447,GEN,
21448,GEN-EWS,3121
21449,GEN,
21450,GEN,
21451,GEN-EWS,3122
21452,OBC-NCL,5520
21453,GEN,
21454,OBC-NCL,5521
21455,OBC-NCL,5522
21456,GEN,
21457,GEN,
21458,GEN,
21459,SC,772
21460,GEN,
21461,GEN,
21462,OBC-NCL,5523
21463,GEN,
21464,OBC-NCL,5524
21465,GEN-EWS,3123
21466,GEN,
21467,SC,773
21468,GEN-EWS,3124
21469,GEN,
21470,GEN-EWS,3125
21471,GEN,
21472,GEN,
21473,SC,774
21474,OBC-NCL,5525
21475,OBC-NCL,5526
21476,GEN,
21477,GEN,
21478,SC,775
21479,GEN-EWS,3126
21480,GEN,
21481,GEN,
21482,GEN,
21483,GEN,
21484,GEN,
21485,OBC-NCL,5527
21486,GEN,
21487,OBC-NCL,5528
21488,GEN,
21489,SC,776
21490,OBC-NCL,5529
21491,GEN,
21492,OBC-NCL,5530
21493,GEN,
21494,GEN-EWS,3127
21495,GEN,
21496,OBC-NCL,5531
21497,GEN,
21498,SC,777
21499,GEN,
21500,GEN,
21501,GEN,
21502,GEN,
21503,OBC-NCL,5532
21504,GEN-EWS,3128
21505,GEN,
21506,OBC-NCL,5533
21507,OBC-NCL,5534
21508,GEN-EWS,3129
21509,GEN-EWS,3130
21510,GEN,
21511,GEN,
21511,SC,778
21513,OBC-NCL,5535
21514,GEN,
21515,SC,779
21516,OBC-NCL,5536
21517,GEN-EWS,3131
21518,GEN,
21519,GEN,
21520,OBC-NCL,5537
21521,GEN,
21522,GEN,
21523,GEN,
21524,GEN-EWS,3132
21525,GEN,
21526,GEN-EWS,3133
21527,OBC-NCL,5538
21528,GEN,
21529,GEN-EWS,3134
21530,GEN,
21531,OBC-NCL,5539
21532,GEN-EWS,3135
21533,OBC-NCL,5540
21534,GEN-EWS,3136
21535,GEN-EWS,3137
21536,OBC-NCL,5541
21537,GEN,
21538,GEN,
21539,OBC-NCL,5542
21540,GEN-EWS,3138
21541,GEN,
21542,GEN,
21543,GEN,
21544,GEN,
21545,GEN,
21546,OBC-NCL,5543
21547,OBC-NCL,5544
21548,OBC-NCL,5545
21549,GEN,
21550,OBC-NCL,5546
21551,OBC-NCL,5547
21552,GEN-EWS,3139
21553,OBC-NCL,5548
21554,GEN,
21555,GEN-EWS,3140
21556,GEN,
21557,GEN,
21558,GEN,
21559,GEN,
21560,GEN,
21561,GEN,
21562,OBC-NCL,5549
21563,GEN,
21564,OBC-NCL,5550
21565,GEN-EWS,3141
21566,GEN,
21567,GEN,
21568,SC,780
21569,OBC-NCL,5551
21570,GEN,
21571,ST,195
21572,OBC-NCL,5552
21573,OBC-NCL,5553
21574,OBC-NCL,5554
21575,GEN,
21576,GEN,
21577,OBC-NCL,5555
21578,OBC-NCL,5556
21579,GEN-EWS,3142
21580,OBC-NCL,5557
21581,GEN,
21582,OBC-NCL,5558
21583,SC,781
21584,SC,782
21585,GEN,
21586,GEN,
21587,GEN,
21588,GEN,
21589,OBC-NCL,5559
21590,GEN,
21591,SC,783
21592,GEN,
21593,GEN,
21594,OBC-NCL,5560
21595,OBC-NCL,5561
21596,GEN,
21597,OBC-NCL,5562
21598,GEN,
21599,OBC-NCL,5563
21600,GEN-EWS,3143
21601,GEN,
21602,GEN,
21603,GEN,
21604,GEN,
21605,GEN,
21606,GEN,
21607,GEN,
21608,GEN,
21609,GEN,
21610,GEN,
21611,GEN,
21612,OBC-NCL,5564
21613,GEN,
21614,GEN,
21615,GEN-EWS,3144
21616,GEN-EWS,3145
21617,GEN-EWS,3146
21618,OBC-NCL,5565
21619,GEN-EWS,3147
21620,GEN,
21621,GEN,
21622,OBC-NCL,5566
21623,GEN,
21624,GEN,
21625,GEN,
21626,OBC-NCL,5567
21627,GEN-EWS,3148
21628,GEN,
21629,GEN,
21630,OBC-NCL,5568
21631,OBC-NCL,5569
21632,GEN,
21633,GEN,
21634,OBC-NCL,5570
21635,GEN-EWS,3149
21636,OBC-NCL,5571
21637,OBC-NCL,5572
21638,GEN,
21639,GEN,
21640,GEN-EWS,3150
21641,OBC-NCL,5573
21642,OBC-NCL,5574
21643,GEN,
21644,GEN,
21645,GEN,
21646,GEN,
21647,OBC-NCL,5575
21648,GEN,
21649,OBC-NCL,5576
21650,GEN-EWS,3151
21651,GEN,
21652,OBC-NCL,5577
21653,GEN,
21654,GEN-EWS,3152
21655,OBC-NCL,5578
21656,GEN,
21657,GEN,
21658,GEN-EWS,3153
21659,GEN,
21660,GEN,
21661,GEN-EWS,3154
21662,SC,784
21663,OBC-NCL,5579
21664,OBC-NCL,5580
21665,GEN,
21666,GEN-EWS,3155
21667,OBC-NCL,5581
21668,GEN-EWS,3156
21669,ST,196
21670,GEN-EWS,3157
21671,OBC-NCL,5582
21672,GEN-EWS,3158
21673,GEN,
21674,GEN-EWS,3159
21675,GEN,
21676,GEN,
21676,GEN,
21678,GEN,
21679,GEN,
21680,OBC-NCL,5583
21681,GEN,
21682,OBC-NCL,5584
21683,GEN-EWS,3160
21684,GEN,
21685,GEN,
21686,OBC-NCL,5585
21687,OBC-NCL,5586
21688,GEN,
21689,OBC-NCL,5587
21690,GEN,
21691,OBC-NCL,5588
21692,GEN-EWS,3161
21693,GEN,
21694,OBC-NCL,5589
21695,OBC-NCL,5590
21696,OBC-NCL,5591
21697,GEN,
21697,GEN,
21699,GEN,
21700,OBC-NCL,5592
21701,GEN,
21702,GEN,
21703,OBC-NCL,5593
21704,OBC-NCL,5594
21705,GEN,
21706,OBC-NCL,5595
21707,ST,197
21708,OBC-NCL,5596
21709,OBC-NCL,5597
21710,GEN,
21711,GEN,
21712,ST,198
21713,GEN-EWS,3162
21714,OBC-NCL,5598
21715,GEN,
21716,OBC-NCL,5599
21717,OBC-NCL,5600
21718,GEN,
21719,OBC-NCL,5601
21720,OBC-NCL,5602
21721,GEN,
21722,GEN-EWS,3163
21723,GEN,
21724,OBC-NCL,5603
21725,GEN,
21726,GEN,
21727,OBC-NCL,5604
21728,GEN-EWS,3164
21729,GEN,
21730,OBC-NCL,5605
21731,SC,785
21732,OBC-NCL,5606
21733,GEN,
21734,GEN-EWS,3165
21735,GEN-EWS,3166
21736,OBC-NCL,5607
21737,GEN,
21738,GEN,
21739,OBC-NCL,5608
21740,GEN,
21741,GEN-EWS,3167
21742,GEN,
21743,OBC-NCL,5609
21744,GEN-EWS,3168
21745,SC,786
21746,OBC-NCL,5610
21747,GEN,
21748,SC,787
21749,GEN,
21750,GEN,
21751,GEN,
21752,GEN,
21753,OBC-NCL,5611
21754,GEN,
21755,GEN,
21756,GEN,
21757,SC,788
21758,GEN-EWS,3169
21759,OBC-NCL,5612
21760,GEN,
21761,OBC-NCL,5613
21762,GEN,
21763,OBC-NCL,5614
21764,GEN-EWS,3170
21765,GEN,
21766,GEN-EWS,3171
21767,GEN,
21768,GEN,
21769,GEN,
21770,GEN,
21771,GEN-EWS,3172
21772,GEN,
21773,GEN,
21774,GEN-EWS,3173
21775,GEN,
21776,GEN,
21777,GEN,
21778,GEN-EWS,3174
21779,OBC-NCL,5615
21780,GEN,
21781,OBC-NCL,5616
21782,GEN,
21783,GEN-EWS,3175
21784,OBC-NCL,5617
21785,GEN,
21785,OBC-NCL,5618
21787,GEN-EWS,3176
21788,GEN,
21789,GEN-EWS,3177
21790,SC,789
21791,GEN-EWS,3178
21792,GEN,
21793,GEN,
21794,GEN,
21795,GEN,
21795,OBC-NCL,5619
21797,GEN,
21798,GEN,
21799,OBC-NCL,5620
21800,OBC-NCL,5621
21801,GEN,
21802,GEN,
21803,GEN,
21804,GEN,
21805,GEN,
21806,GEN,
21807,GEN,
21808,GEN,
21809,GEN,
21810,GEN,
21810,OBC-NCL,5622
21812,GEN,
21813,OBC-NCL,5623
21814,GEN-EWS,3179
21815,OBC-NCL,5624
21816,OBC-NCL,5625
21817,GEN-EWS,3180
21818,GEN,
21819,GEN,
21820,OBC-NCL,5626
21821,GEN,
21822,GEN,
21823,GEN,
21824,GEN,
21825,GEN-EWS,3181
21825,OBC-NCL,5627
21827,GEN,
21828,GEN,
21829,SC,790
21830,SC,791
21831,GEN,
21831,GEN,
21833,GEN-EWS,3182
21834,GEN,
21835,GEN,
21836,GEN,
21837,OBC-NCL,5628
21838,GEN,
21839,GEN,
21840,GEN-EWS,3183
21841,GEN,
21842,GEN,
21843,GEN,
21844,GEN,
21845,GEN,
21846,OBC-NCL,5629
21847,GEN,
21848,GEN-EWS,3184
21849,GEN,
21850,OBC-NCL,5630
21851,GEN,
21852,GEN,
21853,OBC-NCL,5631
21854,SC,792
21855,SC,793
21856,ST,199
21857,GEN,
21858,GEN,
21859,GEN-EWS,3185
21860,GEN,
21861,GEN,
21862,GEN,
21863,OBC-NCL,5632
21864,OBC-NCL,5633
21865,GEN-EWS,3186
21866,OBC-NCL,5634
21867,GEN,
21868,GEN,
21869,GEN-EWS,3187
21870,GEN,
21871,OBC-NCL,5635
21872,GEN,
21872,GEN-EWS,3188
21874,GEN,
21875,GEN,
21876,GEN,
21877,GEN-EWS,3189
21878,GEN,
21879,OBC-NCL,5636
21880,GEN,
21881,GEN,
21882,GEN-EWS,3190
21883,GEN,
21884,GEN,
21885,OBC-NCL,5637
21886,GEN,
21887,OBC-NCL,5638
21888,GEN-EWS,3191
21889,SC,795
21890,OBC-NCL,5639
21891,GEN-EWS,3192
21892,ST,200
21893,GEN,
21894,GEN,
21895,GEN-EWS,3193
21896,OBC-NCL,5640
21897,OBC-NCL,5641
21898,OBC-NCL,5642
21899,GEN-EWS,3194
21900,SC,796
21901,GEN,
21902,OBC-NCL,5643
21903,GEN,
21904,GEN-EWS,3195
21905,GEN-EWS,3196
21906,OBC-NCL,5644
21906,OBC-NCL,5644
21908,GEN,
21909,GEN,
21910,GEN,
21911,OBC-NCL,5646
21912,OBC-NCL,5647
21913,OBC-NCL,5648
21914,OBC-NCL,5649
21915,OBC-NCL,5650
21916,GEN,
21917,GEN,
21918,OBC-NCL,5651
21919,GEN-EWS,3197
21920,GEN,
21921,OBC-NCL,5652
21922,OBC-NCL,5653
21923,GEN,
21924,GEN,
21925,OBC-NCL,5654
21926,GEN,
21927,GEN,
21927,SC,797
21929,GEN,
21930,GEN,
21931,ST,201
21932,GEN-EWS,3198
21933,GEN,
21934,GEN-EWS,3199
21935,GEN,
21936,GEN,
21937,OBC-NCL,5655
21938,OBC-NCL,5656
21939,OBC-NCL,5657
21940,GEN-EWS,3200
21941,OBC-NCL,5658
21942,GEN,
21943,GEN-EWS,3201
21944,OBC-NCL,5659
21945,OBC-NCL,5660
21946,GEN,
21947,OBC-NCL,5661
21948,GEN,
21949,OBC-NCL,5662
21950,OBC-NCL,5663
21951,GEN,
21952,GEN,
21953,OBC-NCL,5664
21954,GEN-EWS,3202
21955,OBC-NCL,5665
21956,OBC-NCL,5666
21957,GEN,
21958,OBC-NCL,5667
21959,OBC-NCL,5668
21960,OBC-NCL,5669
21961,GEN,
21962,OBC-NCL,5670
21963,GEN,
21964,OBC-NCL,5671
21965,GEN,
21966,OBC-NCL,5672
21967,GEN-EWS,3203
21968,GEN,
21969,GEN,
21970,GEN,
21971,GEN,
21972,GEN,
21973,OBC-NCL,5673
21974,GEN-EWS,3204
21975,GEN-EWS,3205
21976,OBC-NCL,5674
21977,GEN,
21978,GEN-EWS,3206
21978,OBC-NCL,5675
21980,GEN,
21981,GEN,
21982,GEN,
21983,GEN-EWS,3207
21984,GEN,
21985,GEN,
21986,OBC-NCL,5676
21987,GEN,
21988,OBC-NCL,5677
21989,OBC-NCL,5678
21990,OBC-NCL,5679
21991,OBC-NCL,5680
21992,GEN,
21993,GEN,
21994,GEN,
21995,OBC-NCL,5681
21996,ST,202
21997,GEN,
21998,OBC-NCL,5682
21999,OBC-NCL,5683
22000,GEN,
22001,OBC-NCL,5684
22002,OBC-NCL,5685
22003,GEN,
22004,GEN,
22005,GEN-EWS,3208
22006,GEN,
22007,GEN,
22008,OBC-NCL,5686
22009,GEN,
22009,GEN-EWS,3209
22011,GEN-EWS,3210
22012,SC,799
22013,GEN,
22014,OBC-NCL,5687
22014,OBC-NCL,5687
22016,OBC-NCL,5689
22017,OBC-NCL,5690
22018,GEN,
22019,GEN,
22019,SC,800
22021,GEN,
22022,GEN,
22023,OBC-NCL,5691
22024,OBC-NCL,5692
22025,GEN,
22026,GEN,
22027,GEN,
22028,GEN,
22029,GEN-EWS,3211
22030,OBC-NCL,5693
22031,OBC-NCL,5694
22032,OBC-NCL,5695
22033,GEN,
22034,GEN,
22035,GEN,
22036,GEN,
22037,GEN,
22038,GEN,
22039,GEN,
22040,OBC-NCL,5696
22041,OBC-NCL,5697
22042,GEN,
22043,OBC-NCL,5698
22044,OBC-NCL,5699
22045,OBC-NCL,5700
22046,OBC-NCL,5701
22047,GEN,
22048,GEN-EWS,3212
22049,GEN,
22050,OBC-NCL,5702
22051,GEN,
22052,OBC-NCL,5703
22053,OBC-NCL,5704
22054,OBC-NCL,5705
22055,GEN-EWS,3213
22056,OBC-NCL,5706
22057,SC,802
22058,GEN,
22059,GEN,
22060,GEN,
22060,OBC-NCL,5707
22062,OBC-NCL,5708
22063,OBC-NCL,5709
22064,GEN,
22065,GEN,
22066,GEN,
22067,OBC-NCL,5710
22068,GEN,
22069,GEN-EWS,3214
22070,OBC-NCL,5711
22071,GEN,
22072,GEN,
22073,GEN,
22074,GEN,
22074,OBC-NCL,5712
22076,GEN,
22077,OBC-NCL,5713
22078,GEN,
22079,OBC-NCL,5714
22080,GEN,
22081,GEN,
22082,GEN,
22083,OBC-NCL,5715
22084,GEN,
22085,GEN,
22086,GEN,
22087,GEN,
22088,GEN-EWS,3215
22089,GEN,
22090,OBC-NCL,5716
22091,GEN-EWS,3216
22092,GEN,
22093,OBC-NCL,5717
22094,GEN,
22095,OBC-NCL,5718
22096,GEN,
22097,OBC-NCL,5719
22098,SC,804
22099,GEN-EWS,3217
22100,OBC-NCL,5720
22101,OBC-NCL,5721
22102,GEN,
22103,GEN,
22104,OBC-NCL,5722
22105,OBC-NCL,5723
22106,GEN-EWS,3218
22107,GEN,
22108,OBC-NCL,5724
22109,OBC-NCL,5725
22110,GEN-EWS,3219
22111,GEN,
22112,GEN,
22113,OBC-NCL,5726
22114,GEN,
22115,GEN,
22116,GEN,
22117,GEN,
22118,OBC-NCL,5727
22119,GEN,
22120,GEN,
22121,OBC-NCL,5728
22122,GEN,
22123,GEN-EWS,3220
22124,GEN,
22125,OBC-NCL,5729
22126,SC,805
22127,OBC-NCL,5730
22128,GEN,
22129,GEN-EWS,3221
22130,OBC-NCL,5731
22131,GEN-EWS,3222
22132,SC,806
22133,GEN,
22134,GEN,
22135,GEN,
22135,GEN,
22137,GEN,
22138,GEN-EWS,3223
22139,OBC-NCL,5732
22140,GEN,
22141,GEN,
22142,OBC-NCL,5733
22143,GEN-EWS,3224
22144,SC,807
22145,OBC-NCL,5734
22146,GEN,
22147,GEN,
22148,GEN,
22149,SC,808
22150,GEN,
22151,OBC-NCL,5735
22152,SC,809
22153,GEN,
22154,GEN,
22155,SC,810
22156,GEN,
22157,GEN,
22158,GEN,
22159,GEN,
22160,GEN,
22161,OBC-NCL,5736
22162,GEN-EWS,3225
22163,ST,203
22164,GEN,
22165,OBC-NCL,5737
22166,GEN-EWS,3226
22167,GEN,
22168,OBC-NCL,5738
22169,GEN,
22170,OBC-NCL,5739
22171,GEN-EWS,3227
22172,GEN-EWS,3228
22173,GEN-EWS,3229
22174,OBC-NCL,5740
22175,OBC-NCL,5741
22176,OBC-NCL,5742
22177,SC,811
22178,GEN,
22179,GEN,
22180,OBC-NCL,5743
22181,GEN,
22182,GEN,
22183,GEN,
22184,GEN-EWS,3230
22185,GEN,
22186,OBC-NCL,5744
22187,OBC-NCL,5745
22188,GEN-EWS,3231
22189,GEN-EWS,3232
22190,GEN-EWS,3233
22191,OBC-NCL,5746
22192,OBC-NCL,5747
22193,OBC-NCL,5748
22194,GEN,
22195,OBC-NCL,5749
22196,GEN,
22197,GEN,
22198,GEN,
22199,GEN,
22200,GEN,
22201,OBC-NCL,5750
22202,GEN,
22203,OBC-NCL,5751
22204,GEN,
22205,GEN,
22206,GEN-EWS,3234
22207,GEN-EWS,3235
22208,GEN-EWS,3236
22209,GEN,
22210,GEN-EWS,3237
22211,GEN,
22212,GEN,
22213,GEN,
22214,GEN-EWS,3238
22215,GEN,
22216,OBC-NCL,5752
22217,OBC-NCL,5753
22218,GEN,
22219,GEN,
22220,GEN,
22221,GEN,
22222,GEN,
22223,GEN-EWS,3239
22224,GEN,
22225,GEN,
22226,SC,813
22227,GEN-EWS,3240
22228,GEN-EWS,3241
22229,GEN,
22230,GEN-EWS,3242
22231,GEN,
22232,OBC-NCL,5754
22233,GEN,
22234,GEN,
22235,OBC-NCL,5755
22236,GEN,
22237,GEN,
22238,GEN,
22239,SC,814
22240,GEN,
22241,OBC-NCL,5756
22242,SC,815
22243,OBC-NCL,5757
22244,OBC-NCL,5758
22245,OBC-NCL,5759
22246,GEN,
22247,GEN,
22248,GEN,
22249,OBC-NCL,5760
22250,GEN,
22251,GEN-EWS,3243
22252,OBC-NCL,5761
22253,GEN,
22254,GEN-EWS,3244
22255,GEN,
22256,OBC-NCL,5762
22257,GEN,
22258,OBC-NCL,5763
22259,GEN-EWS,3245
22260,GEN,
22261,OBC-NCL,5764
22262,GEN,
22263,GEN,
22264,GEN-EWS,3246
22265,GEN-EWS,3247
22266,GEN,
22267,GEN,
22268,GEN,
22269,GEN-EWS,3248
22270,GEN,
22271,GEN-EWS,3249
22272,GEN,
22273,GEN,
22274,GEN,
22275,GEN,
22276,GEN-EWS,3250
22277,GEN,
22278,GEN,
22279,GEN,
22280,GEN,
22281,GEN,
22282,GEN,
22283,GEN,
22284,OBC-NCL,5765
22285,SC,816
22286,GEN,
22287,GEN,
22288,OBC-NCL,5766
22289,GEN,
22290,GEN-EWS,3251
22291,GEN,
22292,GEN-EWS,3252
22293,OBC-NCL,5767
22294,OBC-NCL,5768
22295,GEN,
22296,OBC-NCL,5769
22297,OBC-NCL,5770
22298,ST,204
22299,OBC-NCL,5771
22300,GEN,
22301,GEN,
22302,GEN,
22303,GEN-EWS,3253
22304,OBC-NCL,5772
22305,GEN,
22306,SC,817
22307,GEN,
22308,ST,205
22309,GEN,
22310,GEN,
22311,OBC-NCL,5773
22312,OBC-NCL,5774
22313,GEN,
22314,GEN,
22315,GEN,
22316,GEN,
22317,GEN-EWS,3254
22318,GEN,
22319,OBC-NCL,5775
22320,OBC-NCL,5776
22321,GEN,
22322,GEN,
22323,GEN-EWS,3255
22324,OBC-NCL,5777
22325,GEN,
22326,OBC-NCL,5778
22327,GEN,
22328,SC,818
22329,ST,206
22330,GEN,
22331,OBC-NCL,5779
22332,ST,207
22333,SC,819
22334,GEN-EWS,3256
22335,GEN-EWS,3257
22336,GEN,
22337,GEN,
22338,GEN-EWS,3258
22339,OBC-NCL,5780
22340,OBC-NCL,5781
22341,GEN,
22342,GEN,
22343,SC,820
22344,OBC-NCL,5782
22345,OBC-NCL,5783
22346,OBC-NCL,5784
22347,GEN-EWS,3259
22348,OBC-NCL,5785
22349,GEN-EWS,3260
22350,GEN,
22351,GEN-EWS,3261
22352,GEN,
22353,OBC-NCL,5786
22353,OBC-NCL,5786
22355,GEN,
22356,GEN,
22357,GEN,
22358,SC,821
22359,GEN-EWS,3262
22360,OBC-NCL,5788
22361,GEN,
22362,GEN,
22363,GEN-EWS,3263
22364,OBC-NCL,5789
22365,GEN,
22366,GEN-EWS,3264
22367,GEN,
22368,OBC-NCL,5790
22369,OBC-NCL,5791
22370,GEN,
22371,GEN,
22372,GEN,
22373,GEN,
22374,GEN,
22375,SC,822
22376,OBC-NCL,5792
22377,GEN-EWS,3265
22378,OBC-NCL,5793
22379,GEN,
22380,GEN,
22381,ST,208
22382,GEN,
22383,GEN,
22384,SC,823
22385,GEN-EWS,3266
22385,SC,824
22387,OBC-NCL,5794
22388,GEN-EWS,3267
22389,GEN,
22390,GEN,
22391,GEN,
22391,OBC-NCL,5795
22393,GEN,
22394,GEN-EWS,3268
22395,OBC-NCL,5796
22396,GEN,
22397,GEN-EWS,3269
22398,GEN,
22399,GEN-EWS,3270
22400,GEN-EWS,3271
22401,GEN,
22402,GEN-EWS,3272
22403,GEN-EWS,3273
22404,OBC-NCL,5797
22405,GEN,
22406,GEN-EWS,3274
22407,OBC-NCL,5798
22408,OBC-NCL,5799
22409,OBC-NCL,5800
22410,GEN-EWS,3275
22411,GEN,
22412,GEN,
22413,OBC-NCL,5801
22414,GEN,
22415,GEN,
22416,GEN,
22417,GEN,
22418,GEN,
22419,GEN-EWS,3276
22420,OBC-NCL,5802
22421,OBC-NCL,5803
22422,GEN,
22423,SC,825
22424,GEN-EWS,3277
22425,OBC-NCL,5804
22426,GEN-EWS,3278
22427,OBC-NCL,5805
22428,OBC-NCL,5806
22429,GEN,
22430,OBC-NCL,5807
22431,ST,209
22432,ST,210
22433,OBC-NCL,5808
22434,GEN,
22435,SC,826
22436,GEN,
22437,ST,211
22438,GEN-EWS,3279
22439,OBC-NCL,5809
22440,OBC-NCL,5810
22441,GEN,
22442,GEN-EWS,3280
22443,OBC-NCL,5811
22444,GEN,
22445,GEN,
22446,GEN,
22446,OBC-NCL,5812
22448,SC,828
22449,OBC-NCL,5813
22450,GEN-EWS,3281
22451,OBC-NCL,5814
22452,OBC-NCL,5815
22453,GEN-EWS,3282
22454,OBC-NCL,5816
22455,OBC-NCL,5817
22456,GEN-EWS,3283
22457,OBC-NCL,5818
22458,GEN,
22459,OBC-NCL,5819
22460,OBC-NCL,5820
22461,OBC-NCL,5821
22462,OBC-NCL,5822
22463,GEN,
22464,GEN,
22465,OBC-NCL,5823
22466,GEN,
22467,GEN,
22468,OBC-NCL,5824
22469,GEN,
22470,OBC-NCL,5825
22471,GEN,
22472,GEN,
22473,GEN,
22474,ST,212
22475,GEN,
22476,GEN,
22477,GEN-EWS,3284
22478,OBC-NCL,5826
22479,GEN,
22480,GEN,
22481,ST,213
22482,GEN-EWS,3285
22483,OBC-NCL,5827
22484,GEN-EWS,3286
22485,GEN-EWS,3287
22486,GEN-EWS,3288
22487,GEN-EWS,3289
22488,GEN,
22489,OBC-NCL,5828
22490,GEN-EWS,3290
22491,GEN,
22492,GEN,
22493,GEN-EWS,3291
22494,GEN,
22495,GEN,
22496,GEN,
22497,GEN,
22498,ST,214
22499,OBC-NCL,5829
22500,GEN,
22501,GEN,
22502,GEN,
22503,OBC-NCL,5830
22504,GEN,
22505,GEN-EWS,3292
22506,GEN,
22507,GEN,
22508,OBC-NCL,5831
22509,OBC-NCL,5832
22510,GEN,
22511,GEN,
22512,GEN,
22513,SC,829
22514,GEN-EWS,3293
22515,OBC-NCL,5833
22516,GEN,
22517,OBC-NCL,5834
22518,GEN-EWS,3294
22519,GEN,
22519,GEN-EWS,3295
22521,GEN,
22522,GEN,
22523,GEN,
22524,GEN-EWS,3296
22525,GEN-EWS,3297
22526,GEN,
22527,OBC-NCL,5835
22528,OBC-NCL,5836
22529,OBC-NCL,5837
22530,GEN,
22531,OBC-NCL,5838
22531,OBC-NCL,5838
22533,GEN,
22533,OBC-NCL,5840
22535,GEN,
22536,SC,830
22537,GEN,
22537,OBC-NCL,5841
22539,GEN,
22540,GEN-EWS,3298
22540,OBC-NCL,5842
22542,GEN,
22543,SC,831
22544,GEN,
22545,GEN,
22546,GEN,
22547,GEN-EWS,3299
22548,GEN,
22549,GEN,
22550,GEN,
22551,OBC-NCL,5843
22552,GEN-EWS,3300
22553,OBC-NCL,5844
22554,GEN,
22555,GEN,
22556,GEN-EWS,3301
22557,GEN,
22558,GEN,
22559,OBC-NCL,5845
22560,GEN,
22560,OBC-NCL,5846
22560,OBC-NCL,5846
22563,GEN,
22564,GEN,
22565,GEN-EWS,3302
22566,GEN-EWS,3303
22567,GEN,
22568,GEN,
22569,GEN,
22570,GEN,
22571,GEN,
22572,GEN,
22573,OBC-NCL,5848
22574,OBC-NCL,5849
22575,GEN-EWS,3304
22576,GEN,
22577,OBC-NCL,5850
22578,OBC-NCL,5851
22579,GEN-EWS,3305
22580,GEN,
22581,GEN,
22582,GEN,
22583,OBC-NCL,5852
22584,OBC-NCL,5853
22585,GEN,
22586,OBC-NCL,5854
22587,GEN,
22588,OBC-NCL,5855
22589,GEN-EWS,3306
22590,GEN-EWS,3307
22591,GEN,
22592,GEN,
22593,GEN-EWS,3308
22593,OBC-NCL,5856
22595,GEN,
22596,GEN,
22597,OBC-NCL,5857
22598,GEN,
22599,GEN,
22600,OBC-NCL,5858
22601,GEN,
22602,GEN,
22603,GEN-EWS,3309
22604,GEN-EWS,3310
22604,GEN-EWS,3310
22606,GEN,
22607,GEN-EWS,3312
22608,GEN,
22609,GEN,
22610,GEN,
22611,OBC-NCL,5859
22612,OBC-NCL,5860
22613,GEN,
22614,GEN,
22615,GEN,
22616,OBC-NCL,5861
22617,OBC-NCL,5862
22618,OBC-NCL,5863
22618,OBC-NCL,5863
22620,GEN,
22621,ST,215
22622,GEN-EWS,3313
22623,GEN,
22624,OBC-NCL,5865
22625,OBC-NCL,5866
22626,GEN,
22627,OBC-NCL,5867
22628,OBC-NCL,5868
22629,GEN-EWS,3314
22630,GEN,
22631,GEN-EWS,3315
22632,GEN-EWS,3316
22633,OBC-NCL,5869
22634,GEN-EWS,3317
22635,GEN-EWS,3318
22636,GEN-EWS,3319
22637,GEN,
22638,OBC-NCL,5870
22639,GEN,
22640,OBC-NCL,5871
22641,OBC-NCL,5872
22642,GEN-EWS,3320
22643,GEN,
22644,GEN,
22645,GEN,
22646,OBC-NCL,5873
22647,GEN,
22648,SC,832
22649,OBC-NCL,5874
22650,GEN,
22651,GEN-EWS,3321
22652,OBC-NCL,5875
22653,GEN,
22654,OBC-NCL,5876
22655,OBC-NCL,5877
22656,GEN-EWS,3322
22657,GEN,
22658,GEN-EWS,3323
22659,GEN,
22660,GEN,
22661,OBC-NCL,5878
22662,GEN,
22663,OBC-NCL,5879
22664,GEN,
22665,OBC-NCL,5880
22666,GEN,
22667,GEN,
22668,GEN,
22669,OBC-NCL,5881
22670,SC,833
22671,GEN,
22672,OBC-NCL,5882
22673,OBC-NCL,5883
22674,GEN,
22675,GEN,
22676,GEN,
22676,GEN,
22678,ST,216
22679,GEN,
22680,OBC-NCL,5884
22681,GEN-EWS,3324
22682,GEN,
22683,GEN-EWS,3325
22684,GEN,
22685,GEN-EWS,3326
22686,SC,834
22687,GEN,
22688,GEN,
22689,OBC-NCL,5885
22690,OBC-NCL,5886
22691,SC,835
22692,GEN,
22693,GEN-EWS,3327
22694,OBC-NCL,5887
22695,OBC-NCL,5888
22696,GEN,
22697,GEN-EWS,3328
22697,OBC-NCL,5889
22699,OBC-NCL,5890
22699,SC,836
22701,GEN,
22702,SC,837
22703,GEN,
22704,GEN,
22705,GEN,
22706,GEN,
22707,GEN,
22708,GEN,
22708,OBC-NCL,5891
22710,GEN,
22711,GEN,
22712,GEN-EWS,3329
22712,OBC-NCL,5892
22714,SC,838
22715,OBC-NCL,5893
22716,GEN-EWS,3330
22717,OBC-NCL,5894
22718,ST,217
22719,SC,839
22720,GEN,
22721,OBC-NCL,5895
22722,GEN-EWS,3331
22723,SC,840
22724,SC,841
22725,GEN,
22725,GEN,
22727,GEN-EWS,3332
22728,ST,218
22729,GEN,
22730,SC,842
22731,OBC-NCL,5896
22731,OBC-NCL,5896
22733,GEN,
22734,GEN,
22734,OBC-NCL,5898
22736,OBC-NCL,5899
22737,GEN,
22738,OBC-NCL,5900
22739,GEN,
22740,SC,843
22741,GEN-EWS,3333
22742,GEN,
22743,OBC-NCL,5901
22744,GEN-EWS,3334
22745,GEN,
22746,OBC-NCL,5902
22747,OBC-NCL,5903
22748,GEN,
22749,GEN,
22750,GEN-EWS,3335
22751,OBC-NCL,5904
22752,GEN,
22753,GEN-EWS,3336
22754,GEN,
22755,GEN,
22756,OBC-NCL,5905
22757,GEN,
22758,GEN,
22759,SC,844
22760,GEN,
22761,GEN,
22761,OBC-NCL,5906
22763,GEN,
22764,SC,845
22765,GEN,
22766,GEN,
22767,GEN,
22768,GEN-EWS,3337
22769,GEN,
22770,SC,846
22771,GEN,
22772,GEN,
22773,SC,847
22774,GEN-EWS,3338
22775,SC,848
22776,GEN-EWS,3339
22777,OBC-NCL,5907
22778,OBC-NCL,5908
22779,GEN,
22780,GEN,
22781,GEN,
22782,OBC-NCL,5909
22783,OBC-NCL,5910
22784,GEN,
22785,GEN,
22786,GEN,
22787,GEN-EWS,3340
22788,OBC-NCL,5911
22789,GEN,
22790,OBC-NCL,5912
22791,GEN,
22792,GEN,
22793,GEN,
22794,GEN-EWS,3341
22795,GEN,
22796,OBC-NCL,5913
22797,SC,849
22798,OBC-NCL,5914
22799,OBC-NCL,5915
22800,GEN,
22801,GEN-EWS,3342
22802,GEN,
22803,GEN-EWS,3343
22804,OBC-NCL,5916
22805,OBC-NCL,5917
22806,GEN,
22807,GEN,
22808,GEN,
22809,GEN-EWS,3344
22810,GEN,
22811,OBC-NCL,5918
22812,SC,850
22813,GEN,
22814,OBC-NCL,5919
22815,OBC-NCL,5920
22816,GEN,
22817,GEN,
22818,GEN,
22819,OBC-NCL,5921
22820,OBC-NCL,5922
22821,GEN,
22822,GEN,
22823,SC,852
22824,GEN-EWS,3345
22825,GEN,
22826,OBC-NCL,5923
22827,GEN,
22828,OBC-NCL,5924
22829,GEN,
22830,GEN,
22831,GEN-EWS,3346
22832,OBC-NCL,5925
22833,ST,219
22834,OBC-NCL,5926
22835,GEN-EWS,3347
22836,OBC-NCL,5927
22837,GEN,
22838,GEN,
22839,ST,220
22840,GEN,
22841,OBC-NCL,5928
22842,OBC-NCL,5929
22843,SC,853
22844,GEN,
22845,SC,854
22846,GEN,
22847,OBC-NCL,5930
22848,GEN,
22849,OBC-NCL,5931
22850,SC,855
22851,GEN,
22852,GEN,
22853,OBC-NCL,5932
22854,GEN,
22855,GEN-EWS,3348
22856,OBC-NCL,5933
22857,OBC-NCL,5934
22858,GEN,
22859,GEN-EWS,3349
22860,GEN-EWS,3350
22861,OBC-NCL,5935
22862,GEN,
22863,GEN,
22864,GEN-EWS,3351
22865,OBC-NCL,5936
22866,GEN,
22867,SC,856
22868,GEN,
22869,GEN,
22870,GEN,
22871,GEN,
22872,OBC-NCL,5937
22873,GEN,
22874,GEN-EWS,3352
22875,GEN-EWS,3353
22876,GEN,
22877,OBC-NCL,5938
22878,GEN,
22879,GEN-EWS,3354
22880,GEN-EWS,3355
22881,OBC-NCL,5939
22882,GEN-EWS,3356
22883,GEN,
22884,SC,857
22885,OBC-NCL,5940
22886,GEN,
22887,GEN,
22888,GEN-EWS,3357
22889,GEN-EWS,3358
22890,OBC-NCL,5941
22891,OBC-NCL,5942
22892,GEN,
22893,OBC-NCL,5943
22894,GEN-EWS,3359
22895,GEN,
22896,GEN-EWS,3360
22897,GEN,
22898,GEN,
22899,GEN,
22900,GEN,
22901,SC,858
22902,GEN,
22903,GEN,
22904,OBC-NCL,5944
22905,GEN,
22906,GEN,
22907,GEN,
22908,SC,859
22909,GEN,
22910,OBC-NCL,5945
22911,GEN,
22912,GEN,
22913,GEN,
22914,GEN,
22915,GEN-EWS,3361
22916,OBC-NCL,5946
22917,GEN-EWS,3362
22918,GEN,
22919,GEN,
22920,GEN,
22921,OBC-NCL,5947
22922,GEN,
22923,GEN-EWS,3363
22924,GEN-EWS,3364
22925,GEN,
22926,GEN,
22927,OBC-NCL,5948
22928,GEN,
22929,GEN,
22930,OBC-NCL,5949
22931,GEN-EWS,3365
22932,ST,221
22933,OBC-NCL,5950
22934,GEN,
22935,GEN,
22936,GEN,
22937,GEN-EWS,3366
22938,OBC-NCL,5951
22939,OBC-NCL,5952
22940,GEN-EWS,3367
22941,GEN,
22942,GEN,
22943,OBC-NCL,5953
22944,OBC-NCL,5954
22945,OBC-NCL,5955
22946,GEN,
22947,GEN,
22948,GEN-EWS,3368
22949,GEN-EWS,3369
22950,GEN-EWS,3370
22951,GEN-EWS,3371
22952,GEN,
22953,GEN,
22954,GEN-EWS,3372
22955,GEN,
22956,GEN,
22957,GEN,
22958,GEN,
22959,GEN,
22960,GEN,
22961,GEN,
22962,ST,222
22963,GEN-EWS,3373
22964,GEN,
22965,OBC-NCL,5956
22966,SC,860
22967,GEN,
22968,OBC-NCL,5957
22969,OBC-NCL,5958
22970,GEN,
22971,OBC-NCL,5959
22972,GEN,
22973,GEN-EWS,3374
22974,OBC-NCL,5960
22975,GEN,
22976,GEN,
22977,GEN-EWS,3375
22978,OBC-NCL,5961
22979,GEN,
22980,GEN,
22981,OBC-NCL,5962
22982,GEN,
22983,GEN,
22984,OBC-NCL,5963
22985,GEN,
22986,GEN,
22987,GEN-EWS,3376
22988,GEN,
22989,GEN,
22990,GEN,
22991,GEN,
22992,GEN,
22993,GEN,
22994,GEN,
22995,OBC-NCL,5964
22996,OBC-NCL,5965
22997,GEN,
22998,GEN,
22999,GEN,
22999,OBC-NCL,5966
23001,GEN-EWS,3377
23002,GEN,
23003,GEN-EWS,3378
23004,GEN-EWS,3379
23005,GEN-EWS,3380
23005,GEN-EWS,3380
23007,GEN-EWS,3382
23008,GEN,
23009,GEN,
23010,OBC-NCL,5967
23011,GEN,
23012,GEN,
23013,GEN,
23013,GEN,
23015,OBC-NCL,5968
23016,GEN-EWS,3383
23017,OBC-NCL,5969
23018,OBC-NCL,5970
23019,GEN,
23020,GEN,
23021,GEN,
23022,GEN,
23023,GEN,
23024,GEN,
23025,SC,862
23026,GEN,
23027,GEN,
23028,GEN,
23029,GEN-EWS,3384
23030,GEN,
23031,GEN-EWS,3385
23032,GEN,
23033,GEN,
23034,GEN,
23035,GEN,
23036,OBC-NCL,5971
23037,GEN,
23038,OBC-NCL,5972
23039,GEN,
23040,GEN,
23041,GEN,
23042,GEN,
23043,GEN,
23044,OBC-NCL,5973
23045,GEN,
23046,GEN-EWS,3386
23047,GEN,
23048,SC,863
23049,OBC-NCL,5974
23050,GEN,
23051,SC,864
23052,GEN-EWS,3387
23053,GEN,
23054,OBC-NCL,5975
23055,GEN,
23056,OBC-NCL,5976
23057,GEN,
23058,OBC-NCL,5977
23059,GEN,
23060,GEN-EWS,3388
23061,GEN-EWS,3389
23062,SC,865
23063,GEN,
23064,GEN,
23065,GEN,
23066,GEN-EWS,3390
23067,GEN-EWS,3391
23068,OBC-NCL,5978
23069,GEN,
23070,GEN-EWS,3392
23071,GEN-EWS,3393
23072,GEN,
23073,SC,866
23074,GEN,
23075,GEN-EWS,3394
23076,GEN,
23077,GEN,
23078,GEN,
23079,GEN,
23080,OBC-NCL,5979
23081,GEN,
23082,GEN-EWS,3395
23083,GEN,
23084,GEN,
23085,OBC-NCL,5980
23086,OBC-NCL,5981
23087,OBC-NCL,5982
23088,GEN,
23089,GEN,
23090,OBC-NCL,5983
23091,GEN,
23092,GEN-EWS,3396
23093,OBC-NCL,5984
23094,ST,223
23095,GEN,
23096,GEN-EWS,3397
23097,OBC-NCL,5985
23098,OBC-NCL,5986
23099,GEN,
23100,OBC-NCL,5987
23101,GEN,
23102,OBC-NCL,5988
23103,GEN-EWS,3398
23104,OBC-NCL,5989
23105,GEN,
23106,GEN,
23107,SC,867
23108,GEN,
23109,GEN,
23110,GEN,
23111,GEN,
23112,GEN-EWS,3399
23113,GEN-EWS,3400
23113,OBC-NCL,5990
23115,GEN,
23116,OBC-NCL,5991
23117,GEN,
23118,GEN-EWS,3401
23119,GEN,
23120,GEN,
23121,GEN,
23122,GEN,
23123,GEN,
23124,OBC-NCL,5992
23125,GEN-EWS,3402
23126,GEN,
23127,GEN,
23128,OBC-NCL,5993
23129,GEN,
23130,OBC-NCL,5994
23131,OBC-NCL,5995
23132,GEN,
23133,ST,224
23134,GEN,
23135,GEN,
23136,GEN,
23137,GEN,
23138,GEN,
23139,GEN,
23140,GEN,
23141,GEN-EWS,3403
23142,SC,868
23143,GEN,
23144,GEN,
23145,GEN-EWS,3404
23146,GEN,
23147,GEN,
23148,GEN,
23149,SC,870
23150,GEN,
23151,GEN,
23152,GEN,
23153,GEN,
23154,GEN,
23155,GEN,
23156,OBC-NCL,5996
23157,GEN-EWS,3405
23158,GEN,
23159,GEN,
23160,GEN,
23161,GEN-EWS,3406
23162,GEN-EWS,3407
23163,ST,225
23164,GEN,
23165,GEN,
23166,GEN,
23166,GEN-EWS,3408
23168,OBC-NCL,5997
23169,GEN,
23170,OBC-NCL,5998
23171,GEN-EWS,3409
23172,GEN,
23173,OBC-NCL,5999
23174,GEN-EWS,3410
23175,OBC-NCL,6000
23176,GEN,
23177,GEN,
23178,GEN,
23179,GEN,
23180,SC,872
23181,GEN,
23182,GEN,
23183,GEN,
23184,GEN,
23185,OBC-NCL,6001
23186,GEN,
23187,GEN-EWS,3411
23188,GEN,
23189,GEN,
23190,OBC-NCL,6002
23191,OBC-NCL,6003
23192,GEN,
23193,OBC-NCL,6004
23193,SC,873
23195,SC,874
23196,OBC-NCL,6005
23197,GEN,
23198,OBC-NCL,6006
23199,OBC-NCL,6007
23200,GEN,
23201,GEN-EWS,3412
23202,GEN,
23203,GEN-EWS,3413
23204,OBC-NCL,6008
23205,OBC-NCL,6009
23206,GEN,
23207,GEN-EWS,3414
23208,OBC-NCL,6010
23209,OBC-NCL,6011
23210,OBC-NCL,6012
23211,OBC-NCL,6013
23212,OBC-NCL,6014
23213,GEN,
23214,GEN,
23215,GEN,
23215,GEN,
23217,OBC-NCL,6015
23218,OBC-NCL,6016
23219,OBC-NCL,6017
23220,OBC-NCL,6018
23221,GEN-EWS,3415
23222,OBC-NCL,6019
23223,GEN,
23224,GEN,
23225,SC,875
23226,OBC-NCL,6020
23227,GEN-EWS,3416
23228,GEN,
23229,GEN,
23230,GEN,
23231,GEN,
23232,OBC-NCL,6021
23233,GEN,
23234,OBC-NCL,6022
23235,GEN,
23236,GEN,
23237,GEN,
23238,OBC-NCL,6023
23239,OBC-NCL,6024
23240,GEN,
23241,GEN-EWS,3417
23242,OBC-NCL,6025
23243,GEN,
23244,OBC-NCL,6026
23245,GEN,
23246,OBC-NCL,6027
23247,OBC-NCL,6028
23248,GEN,
23248,OBC-NCL,6029
23250,OBC-NCL,6030
23251,GEN-EWS,3418
23252,GEN,
23253,OBC-NCL,6031
23254,GEN,
23255,OBC-NCL,6032
23256,GEN,
23257,OBC-NCL,6033
23258,GEN,
23258,OBC-NCL,6034
23260,GEN,
23261,GEN,
23262,GEN-EWS,3419
23263,OBC-NCL,6035
23264,OBC-NCL,6036
23265,ST,226
23266,GEN,
23267,GEN-EWS,3420
23268,OBC-NCL,6037
23269,SC,876
23270,OBC-NCL,6038
23271,SC,877
23272,GEN,
23273,SC,878
23274,ST,227
23275,GEN,
23276,GEN,
23277,GEN,
23278,SC,879
23279,GEN,
23279,OBC-NCL,6039
23281,SC,880
23282,SC,881
23283,GEN-EWS,3421
23284,GEN,
23285,GEN,
23286,GEN,
23287,GEN-EWS,3422
23288,GEN,
23289,GEN,
23290,OBC-NCL,6040
23291,OBC-NCL,6041
23292,GEN,
23293,GEN,
23294,GEN,
23295,GEN,
23296,OBC-NCL,6042
23297,OBC-NCL,6043
23298,GEN,
23299,OBC-NCL,6044
23300,OBC-NCL,6045
23301,GEN,
23302,GEN,
23303,OBC-NCL,6046
23304,OBC-NCL,6047
23305,GEN,
23306,GEN,
23307,GEN-EWS,3423
23308,GEN,
23309,SC,882
23310,OBC-NCL,6048
23311,GEN-EWS,3424
23312,GEN-EWS,3425
23313,OBC-NCL,6049
23314,OBC-NCL,6050
23315,GEN,
23316,GEN,
23317,GEN,
23318,GEN,
23319,GEN,
23320,GEN,
23321,GEN-EWS,3426
23322,GEN-EWS,3427
23323,GEN-EWS,3428
23324,SC,883
23325,OBC-NCL,6051
23326,ST,228
23327,GEN,
23328,SC,884
23329,GEN,
23330,GEN-EWS,3429
23331,SC,885
23332,GEN,
23333,OBC-NCL,6052
23334,SC,886
23335,GEN,
23336,GEN,
23337,GEN,
23338,GEN,
23339,GEN,
23340,GEN,
23341,GEN,
23342,GEN-EWS,3430
23343,OBC-NCL,6053
23344,GEN,
23345,OBC-NCL,6054
23346,OBC-NCL,6055
23347,OBC-NCL,6056
23348,GEN,
23349,OBC-NCL,6057
23350,OBC-NCL,6058
23351,GEN,
23352,GEN-EWS,3431
23353,GEN,
23354,ST,229
23355,OBC-NCL,6059
23356,GEN,
23357,OBC-NCL,6060
23358,GEN,
23359,GEN,
23360,GEN,
23361,GEN,
23362,OBC-NCL,6061
23363,OBC-NCL,6062
23364,GEN,
23365,GEN,
23365,OBC-NCL,6063
23367,OBC-NCL,6064
23368,GEN,
23369,OBC-NCL,6065
23370,OBC-NCL,6066
23371,OBC-NCL,6067
23372,GEN,
23373,GEN-EWS,3432
23374,GEN-EWS,3433
23375,SC,887
23376,GEN,
23377,GEN,
23378,GEN,
23379,GEN,
23380,OBC-NCL,6068
23381,OBC-NCL,6069
23382,OBC-NCL,6070
23382,SC,888
23384,GEN,
23385,OBC-NCL,6071
23386,GEN,
23387,OBC-NCL,6072
23388,GEN,
23389,GEN,
23390,GEN-EWS,3434
23391,GEN,
23392,OBC-NCL,6073
23393,OBC-NCL,6074
23394,OBC-NCL,6075
23395,GEN,
23396,GEN,
23397,GEN,
23398,OBC-NCL,6076
23399,SC,889
23400,GEN-EWS,3435
23401,GEN,
23402,GEN,
23403,OBC-NCL,6077
23404,OBC-NCL,6078
23405,GEN,
23406,GEN,
23407,GEN,
23408,ST,230
23409,GEN,
23410,OBC-NCL,6079
23411,GEN,
23412,OBC-NCL,6080
23413,GEN-EWS,3436
23414,GEN,
23415,GEN,
23416,OBC-NCL,6081
23417,SC,891
23418,GEN,
23419,OBC-NCL,6082
23420,OBC-NCL,6083
23421,OBC-NCL,6084
23422,OBC-NCL,6085
23422,SC,892
23424,GEN,
23425,GEN,
23426,ST,231
23427,GEN,
23428,GEN,
23429,GEN,
23430,GEN,
23431,OBC-NCL,6086
23432,GEN-EWS,3437
23433,OBC-NCL,6087
23434,GEN-EWS,3438
23435,GEN-EWS,3439
23436,OBC-NCL,6088
23437,GEN,
23437,OBC-NCL,6089
23439,GEN,
23440,OBC-NCL,6090
23441,OBC-NCL,6091
23442,OBC-NCL,6092
23443,GEN,
23444,SC,893
23445,GEN,
23446,GEN,
23447,OBC-NCL,6093
23448,SC,894
23449,GEN,
23450,GEN-EWS,3440
23451,GEN,
23452,GEN-EWS,3441
23453,GEN,
23454,GEN,
23455,GEN,
23456,GEN,
23457,GEN-EWS,3442
23458,GEN,
23459,GEN,
23460,GEN-EWS,3443
23461,OBC-NCL,6094
23462,GEN,
23463,OBC-NCL,6095
23464,OBC-NCL,6096
23465,GEN-EWS,3444
23466,GEN,
23467,GEN,
23468,GEN,
23469,GEN,
23470,GEN,
23471,GEN,
23472,SC,896
23473,GEN-EWS,3445
23474,OBC-NCL,6097
23475,SC,897
23476,OBC-NCL,6098
23477,GEN,
23478,OBC-NCL,6099
23479,GEN,
23480,OBC-NCL,6100
23481,GEN,
23482,ST,232
23483,OBC-NCL,6101
23484,GEN,
23485,GEN,
23486,GEN-EWS,3446
23487,GEN,
23488,GEN,
23489,GEN,
23490,SC,898
23491,GEN,
23492,SC,899
23493,OBC-NCL,6102
23494,OBC-NCL,6103
23495,GEN,
23496,OBC-NCL,6104
23497,GEN,
23498,OBC-NCL,6105
23499,OBC-NCL,6106
23500,GEN-EWS,3447
23501,GEN,
23502,ST,233
23503,GEN,
23504,OBC-NCL,6107
23505,GEN,
23506,GEN-EWS,3448
23507,GEN-EWS,3449
23508,GEN-EWS,3450
23509,OBC-NCL,6108
23510,GEN,
23511,GEN,
23512,GEN,
23513,SC,900
23514,OBC-NCL,6109
23515,GEN,
23516,OBC-NCL,6110
23517,OBC-NCL,6111
23518,SC,901
23519,OBC-NCL,6112
23520,GEN,
23521,SC,902
23522,GEN,
23523,OBC-NCL,6113
23524,GEN,
23525,GEN,
23526,GEN-EWS,3451
23527,OBC-NCL,6114
23528,GEN,
23529,SC,903
23530,GEN-EWS,3452
23531,GEN,
23532,GEN,
23533,OBC-NCL,6115
23534,OBC-NCL,6116
23535,GEN,
23536,OBC-NCL,6117
23537,GEN,
23538,OBC-NCL,6118
23539,GEN,
23540,GEN,
23541,GEN,
23542,GEN,
23543,OBC-NCL,6119
23544,GEN-EWS,3453
23545,GEN,
23546,GEN-EWS,3454
23547,OBC-NCL,6120
23548,GEN,
23549,GEN-EWS,3455
23550,OBC-NCL,6121
23551,GEN,
23552,OBC-NCL,6122
23553,SC,904
23554,GEN,
23555,OBC-NCL,6123
23556,OBC-NCL,6124
23557,OBC-NCL,6125
23558,GEN,
23559,GEN,
23560,SC,905
23561,GEN-EWS,3456
23562,GEN-EWS,3457
23563,GEN-EWS,3458
23564,GEN-EWS,3459
23565,GEN,
23566,OBC-NCL,6126
23567,GEN-EWS,3460
23568,OBC-NCL,6127
23569,GEN-EWS,3461
23570,GEN,
23571,GEN,
23572,OBC-NCL,6128
23573,GEN-EWS,3462
23574,OBC-NCL,6129
23575,GEN,
23576,GEN,
23577,OBC-NCL,6130
23578,GEN-EWS,3463
23579,OBC-NCL,6131
23580,OBC-NCL,6132
23581,ST,234
23582,GEN,
23583,GEN,
23584,OBC-NCL,6133
23585,GEN,
23586,OBC-NCL,6134
23587,GEN-EWS,3464
23588,ST,235
23589,GEN-EWS,3465
23590,GEN,
23591,GEN,
23592,OBC-NCL,6135
23593,GEN,
23594,GEN,
23595,GEN,
23596,OBC-NCL,6136
23597,GEN,
23598,GEN-EWS,3466
23599,GEN,
23599,GEN-EWS,3467
23601,GEN,
23602,GEN,
23603,SC,906
23604,GEN-EWS,3468
23605,GEN,
23606,OBC-NCL,6137
23607,OBC-NCL,6138
23608,GEN,
23609,OBC-NCL,6139
23610,GEN-EWS,3469
23611,ST,236
23612,GEN-EWS,3470
23613,GEN,
23613,OBC-NCL,6140
23615,GEN,
23616,GEN,
23617,SC,907
23618,OBC-NCL,6141
23619,OBC-NCL,6142
23620,OBC-NCL,6143
23621,GEN,
23622,GEN-EWS,3471
23623,GEN,
23624,GEN,
23625,SC,908
23626,GEN-EWS,3472
23627,GEN,
23628,GEN,
23629,OBC-NCL,6144
23630,OBC-NCL,6145
23631,GEN-EWS,3473
23632,GEN-EWS,3474
23633,OBC-NCL,6146
23634,GEN,
23635,OBC-NCL,6147
23636,SC,909
23637,OBC-NCL,6148
23638,OBC-NCL,6149
23639,GEN,
23640,GEN,
23641,SC,910
23642,GEN,
23643,OBC-NCL,6150
23644,GEN,
23645,GEN,
23646,GEN,
23647,GEN,
23648,GEN,
23649,GEN,
23650,GEN,
23651,GEN,
23652,GEN,
23653,GEN,
23654,GEN,
23655,GEN-EWS,3475
23656,OBC-NCL,6151
23657,GEN,
23658,SC,911
23659,OBC-NCL,6152
23660,SC,912
23661,OBC-NCL,6153
23662,GEN,
23663,GEN,
23664,GEN-EWS,3476
23665,OBC-NCL,6154
23666,GEN,
23667,GEN-EWS,3477
23668,OBC-NCL,6155
23669,GEN,
23670,GEN-EWS,3478
23671,GEN-EWS,3479
23672,OBC-NCL,6156
23673,GEN-EWS,3480
23674,GEN-EWS,3481
23675,OBC-NCL,6157
23676,GEN,
23677,OBC-NCL,6158
23678,GEN,
23679,OBC-NCL,6159
23680,GEN,
23681,GEN-EWS,3482
23682,ST,237
23683,GEN,
23684,GEN,
23684,OBC-NCL,6160
23686,GEN,
23687,GEN-EWS,3483
23688,SC,913
23689,GEN,
23690,OBC-NCL,6161
23691,GEN-EWS,3484
23692,OBC-NCL,6162
23693,OBC-NCL,6163
23694,GEN,
23695,GEN,
23696,OBC-NCL,6164
23697,GEN,
23698,GEN,
23699,GEN,
23700,GEN,
23701,GEN,
23702,OBC-NCL,6165
23703,OBC-NCL,6166
23704,OBC-NCL,6167
23705,GEN-EWS,3485
23706,OBC-NCL,6168
23707,GEN-EWS,3486
23708,OBC-NCL,6169
23709,OBC-NCL,6170
23710,GEN,
23711,GEN,
23712,GEN,
23713,GEN,
23714,GEN,
23715,SC,915
23716,OBC-NCL,6171
23717,GEN,
23718,GEN-EWS,3487
23719,OBC-NCL,6172
23720,OBC-NCL,6173
23721,GEN,
23722,OBC-NCL,6174
23723,OBC-NCL,6175
23724,GEN,
23725,GEN,
23726,GEN,
23727,OBC-NCL,6176
23728,GEN,
23729,GEN,
23730,GEN,
23731,GEN,
23732,OBC-NCL,6177
23733,GEN,
23734,OBC-NCL,6178
23735,OBC-NCL,6179
23736,GEN,
23737,GEN,
23738,GEN,
23739,GEN,
23740,GEN-EWS,3488
23741,GEN-EWS,3489
23742,GEN,
23743,GEN,
23744,GEN,
23745,GEN,
23746,OBC-NCL,6180
23747,OBC-NCL,6181
23748,GEN,
23748,SC,916
23750,GEN,
23751,GEN-EWS,3490
23752,OBC-NCL,6182
23753,GEN,
23754,GEN,
23755,GEN,
23756,SC,917
23757,GEN,
23758,GEN-EWS,3491
23759,OBC-NCL,6183
23760,OBC-NCL,6184
23761,GEN,
23762,GEN,
23763,GEN,
23764,GEN-EWS,3492
23765,GEN,
23766,OBC-NCL,6185
23767,SC,918
23768,GEN,
23769,GEN,
23770,OBC-NCL,6186
23771,OBC-NCL,6187
23772,OBC-NCL,6188
23773,GEN-EWS,3493
23773,OBC-NCL,6189
23775,OBC-NCL,6190
23776,GEN,
23777,GEN-EWS,3494
23778,GEN,
23779,OBC-NCL,6191
23780,GEN,
23781,GEN,
23782,OBC-NCL,6192
23782,OBC-NCL,6192
23784,GEN,
23785,OBC-NCL,6194
23786,GEN-EWS,3495
23787,GEN,
23788,GEN,
23789,GEN,
23790,OBC-NCL,6195
23791,GEN,
23792,GEN-EWS,3496
23793,GEN,
23794,GEN-EWS,3497
23795,GEN,
23796,GEN,
23797,GEN,
23798,GEN,
23799,GEN-EWS,3498
23800,SC,920
23801,GEN,
23802,GEN,
23803,OBC-NCL,6196
23804,GEN,
23805,GEN,
23806,GEN,
23807,OBC-NCL,6197
23808,GEN-EWS,3499
23809,SC,921
23810,OBC-NCL,6198
23811,GEN,
23812,GEN,
23813,GEN,
23814,OBC-NCL,6199
23815,OBC-NCL,6200
23816,GEN,
23817,GEN-EWS,3500
23818,GEN,
23819,GEN-EWS,3501
23820,OBC-NCL,6201
23821,GEN,
23822,GEN,
23823,GEN-EWS,3502
23824,OBC-NCL,6202
23825,OBC-NCL,6203
23826,OBC-NCL,6204
23827,GEN,
23828,GEN,
23829,OBC-NCL,6205
23830,OBC-NCL,6206
23831,SC,922
23832,OBC-NCL,6207
23833,GEN,
23834,OBC-NCL,6208
23835,OBC-NCL,6209
23836,OBC-NCL,6210
23837,OBC-NCL,6211
23838,GEN,
23839,GEN,
23840,GEN,
23841,OBC-NCL,6212
23842,SC,923
23843,ST,238
23844,GEN,
23845,SC,924
23846,GEN,
23847,GEN,
23848,OBC-NCL,6213
23849,GEN,
23850,GEN-EWS,3503
23851,GEN,
23851,OBC-NCL,6214
23853,OBC-NCL,6215
23854,SC,926
23855,GEN,
23856,OBC-NCL,6216
23857,GEN-EWS,3504
23858,OBC-NCL,6217
23859,GEN,
23860,GEN-EWS,3505
23861,GEN,
23862,GEN,
23863,OBC-NCL,6218
23864,GEN,
23864,OBC-NCL,6219
23866,GEN-EWS,3506
23867,OBC-NCL,6220
23868,GEN,
23869,GEN,
23870,GEN,
23871,OBC-NCL,6221
23872,OBC-NCL,6222
23873,GEN,
23874,OBC-NCL,6223
23875,GEN,
23876,GEN,
23877,GEN,
23878,GEN,
23879,OBC-NCL,6224
23880,GEN,
23881,OBC-NCL,6225
23882,OBC-NCL,6226
23883,GEN-EWS,3507
23884,GEN-EWS,3508
23885,GEN,
23886,GEN,
23887,GEN,
23888,GEN,
23889,GEN,
23890,ST,239
23891,GEN-EWS,3509
23892,GEN-EWS,3510
23893,OBC-NCL,6227
23894,GEN,
23895,OBC-NCL,6228
23896,OBC-NCL,6229
23897,GEN-EWS,3511
23898,OBC-NCL,6230
23899,GEN,
23900,SC,928
23901,OBC-NCL,6231
23902,GEN-EWS,3512
23903,OBC-NCL,6232
23904,OBC-NCL,6233
23905,GEN-EWS,3513
23906,GEN,
23907,GEN-EWS,3514
23908,OBC-NCL,6234
23909,OBC-NCL,6235
23910,OBC-NCL,6236
23911,SC,929
23912,GEN,
23913,GEN,
23914,GEN,
23915,GEN-EWS,3515
23916,GEN-EWS,3516
23917,OBC-NCL,6237
23918,ST,240
23919,GEN,
23920,OBC-NCL,6238
23921,OBC-NCL,6239
23922,GEN-EWS,3517
23923,OBC-NCL,6240
23924,SC,930
23925,GEN,
23926,OBC-NCL,6241
23927,GEN-EWS,3518
23928,OBC-NCL,6242
23929,GEN,
23930,GEN,
23930,GEN-EWS,3519
23932,GEN,
23933,GEN,
23934,OBC-NCL,6243
23935,GEN,
23936,OBC-NCL,6244
23937,OBC-NCL,6245
23938,OBC-NCL,6246
23939,OBC-NCL,6247
23940,GEN,
23940,OBC-NCL,6248
23942,GEN,
23943,GEN,
23944,GEN,
23945,OBC-NCL,6249
23946,GEN-EWS,3520
23946,GEN-EWS,3520
23948,GEN,
23949,OBC-NCL,6250
23950,GEN,
23950,OBC-NCL,6251
23950,OBC-NCL,6251
23953,OBC-NCL,6253
23954,OBC-NCL,6254
23955,GEN-EWS,3522
23956,GEN,
23957,OBC-NCL,6255
23958,GEN,
23959,OBC-NCL,6256
23960,GEN,
23961,GEN,
23962,OBC-NCL,6257
23963,GEN,
23964,GEN,
23965,GEN,
23966,OBC-NCL,6258
23967,GEN,
23968,GEN-EWS,3523
23969,OBC-NCL,6259
23970,GEN-EWS,3524
23971,GEN-EWS,3525
23972,OBC-NCL,6260
23973,GEN,
23974,GEN,
23975,OBC-NCL,6261
23976,OBC-NCL,6262
23977,SC,932
23978,GEN-EWS,3526
23979,GEN,
23980,OBC-NCL,6263
23981,GEN,
23982,GEN,
23983,OBC-NCL,6264
23984,OBC-NCL,6265
23985,OBC-NCL,6266
23986,GEN-EWS,3527
23987,OBC-NCL,6267
23988,GEN-EWS,3528
23989,OBC-NCL,6268
23990,GEN,
23991,OBC-NCL,6269
23992,OBC-NCL,6270
23993,OBC-NCL,6271
23994,GEN,
23995,OBC-NCL,6272
23996,GEN,
23997,GEN,
23998,SC,933
23999,GEN,
24000,SC,934
24001,GEN,
24002,OBC-NCL,6273
24003,OBC-NCL,6274
24004,OBC-NCL,6275
24005,OBC-NCL,6276
24006,GEN,
24007,GEN,
24008,GEN,
24009,ST,242
24010,GEN,
24011,GEN-EWS,3529
24012,SC,935
24013,GEN-EWS,3530
24014,OBC-NCL,6277
24015,GEN,
24016,OBC-NCL,6278
24017,GEN,
24018,ST,243
24019,GEN,
24020,GEN,
24021,GEN,
24022,OBC-NCL,6279
24023,GEN,
24024,OBC-NCL,6280
24025,GEN-EWS,3531
24026,GEN,
24027,GEN-EWS,3532
24028,OBC-NCL,6281
24029,OBC-NCL,6282
24030,GEN,
24031,GEN,
24032,GEN,
24032,GEN-EWS,3533
24034,GEN,
24035,GEN,
24036,GEN,
24037,SC,936
24038,OBC-NCL,6283
24039,GEN-EWS,3534
24040,OBC-NCL,6284
24041,SC,937
24042,GEN,
24043,GEN,
24044,GEN-EWS,3535
24045,GEN,
24046,OBC-NCL,6285
24047,GEN-EWS,3536
24048,OBC-NCL,6286
24049,GEN,
24050,OBC-NCL,6287
24051,GEN,
24052,OBC-NCL,6288
24053,SC,938
24054,OBC-NCL,6289
24055,GEN-EWS,3537
24056,OBC-NCL,6290
24057,OBC-NCL,6291
24058,OBC-NCL,6292
24059,GEN,
24060,OBC-NCL,6293
24061,GEN-EWS,3538
24062,OBC-NCL,6294
24063,SC,939
24064,GEN-EWS,3539
24065,ST,244
24066,SC,940
24067,GEN,
24068,GEN,
24069,OBC-NCL,6295
24070,GEN,
24071,GEN,
24072,OBC-NCL,6296
24073,GEN,
24074,GEN,
24075,SC,941
24076,OBC-NCL,6297
24077,GEN,
24078,GEN,
24079,OBC-NCL,6298
24080,GEN,
24081,GEN-EWS,3540
24082,GEN,
24083,GEN-EWS,3541
24084,GEN-EWS,3542
24085,OBC-NCL,6299
24086,ST,245
24087,SC,942
24088,OBC-NCL,6300
24089,GEN,
24090,OBC-NCL,6301
24091,OBC-NCL,6302
24092,GEN,
24093,OBC-NCL,6303
24094,GEN,
24095,OBC-NCL,6304
24096,ST,246
24097,GEN,
24098,GEN,
24099,GEN,
24100,OBC-NCL,6305
24101,OBC-NCL,6306
24102,GEN,
24103,GEN,
24104,GEN-EWS,3543
24105,GEN-EWS,3544
24106,OBC-NCL,6307
24107,OBC-NCL,6308
24108,OBC-NCL,6309
24109,GEN,
24110,OBC-NCL,6310
24111,GEN,
24112,GEN,
24113,OBC-NCL,6311
24114,OBC-NCL,6312
24115,OBC-NCL,6313
24116,GEN,
24117,GEN,
24118,GEN,
24119,GEN-EWS,3545
24120,OBC-NCL,6314
24121,GEN,
24122,GEN,
24123,OBC-NCL,6315
24124,OBC-NCL,6316
24125,GEN-EWS,3546
24126,GEN-EWS,3547
24127,GEN-EWS,3548
24128,GEN,
24129,OBC-NCL,6317
24130,GEN,
24131,OBC-NCL,6318
24132,OBC-NCL,6319
24133,GEN,
24134,GEN,
24135,GEN,
24136,GEN,
24137,GEN,
24138,GEN,
24139,GEN-EWS,3549
24140,GEN,
24141,OBC-NCL,6320
24142,GEN,
24143,GEN,
24144,GEN,
24145,GEN,
24146,OBC-NCL,6321
24147,GEN-EWS,3550
24148,GEN-EWS,3551
24149,OBC-NCL,6322
24150,ST,248
24151,GEN,
24152,OBC-NCL,6323
24153,OBC-NCL,6324
24154,OBC-NCL,6325
24155,GEN,
24156,OBC-NCL,6326
24157,GEN-EWS,3552
24158,GEN,
24159,GEN-EWS,3553
24160,OBC-NCL,6327
24161,OBC-NCL,6328
24162,GEN,
24163,SC,943
24164,OBC-NCL,6329
24165,GEN,
24166,GEN,
24167,OBC-NCL,6330
24168,GEN,
24169,GEN-EWS,3554
24170,GEN,
24171,OBC-NCL,6331
24172,GEN-EWS,3555
24173,OBC-NCL,6332
24174,GEN,
24175,GEN,
24176,OBC-NCL,6333
24177,GEN,
24178,GEN,
24179,GEN-EWS,3556
24180,GEN,
24181,GEN,
24182,GEN-EWS,3557
24183,GEN-EWS,3558
24184,GEN,
24185,OBC-NCL,6334
24186,GEN,
24187,GEN,
24188,OBC-NCL,6335
24189,GEN,
24190,OBC-NCL,6336
24191,SC,944
24192,GEN-EWS,3559
24193,GEN,
24194,GEN,
24195,GEN,
24196,GEN,
24197,OBC-NCL,6337
24198,GEN,
24199,OBC-NCL,6338
24200,OBC-NCL,6339
24201,GEN,
24202,GEN,
24203,OBC-NCL,6340
24204,GEN,
24205,OBC-NCL,6341
24206,GEN,
24207,GEN,
24208,SC,945
24209,GEN,
24210,OBC-NCL,6342
24211,GEN,
24212,GEN,
24213,GEN,
24214,GEN,
24215,OBC-NCL,6343
24216,GEN,
24217,GEN,
24218,GEN,
24219,OBC-NCL,6344
24220,OBC-NCL,6345
24221,OBC-NCL,6346
24222,GEN,
24223,OBC-NCL,6347
24224,GEN,
24225,GEN-EWS,3560
24226,OBC-NCL,6348
24227,OBC-NCL,6349
24228,GEN-EWS,3561
24229,GEN,
24230,OBC-NCL,6350
24231,GEN,
24232,GEN-EWS,3562
24233,OBC-NCL,6351
24234,GEN,
24235,GEN,
24235,GEN,
24237,OBC-NCL,6352
24238,GEN-EWS,3563
24239,GEN,
24240,GEN,
24241,SC,946
24242,GEN-EWS,3564
24243,SC,947
24244,OBC-NCL,6353
24245,OBC-NCL,6354
24246,OBC-NCL,6355
24247,GEN,
24248,OBC-NCL,6356
24249,GEN,
24250,GEN-EWS,3565
24251,GEN,
24252,OBC-NCL,6357
24253,GEN,
24254,GEN-EWS,3566
24255,GEN,
24256,GEN-EWS,3567
24257,GEN-EWS,3568
24258,GEN,
24259,GEN-EWS,3569
24260,GEN,
24261,GEN,
24262,GEN,
24263,GEN,
24264,GEN,
24265,GEN,
24266,GEN,
24267,GEN,
24268,OBC-NCL,6358
24269,GEN-EWS,3570
24270,OBC-NCL,6359
24271,GEN-EWS,3571
24272,GEN,
24273,OBC-NCL,6360
24274,OBC-NCL,6361
24275,OBC-NCL,6362
24276,SC,948
24277,GEN-EWS,3572
24278,OBC-NCL,6363
24279,OBC-NCL,6364
24280,GEN-EWS,3573
24281,GEN,
24282,GEN,
24283,OBC-NCL,6365
24284,OBC-NCL,6366
24285,OBC-NCL,6367
24286,GEN-EWS,3574
24287,ST,249
24288,GEN,
24289,GEN-EWS,3575
24290,ST,250
24291,GEN,
24292,GEN,
24293,GEN-EWS,3576
24294,GEN,
24295,OBC-NCL,6368
24296,GEN-EWS,3577
24296,OBC-NCL,6369
24298,OBC-NCL,6370
24299,GEN,
24300,GEN,
24301,GEN,
24302,OBC-NCL,6371
24303,GEN,
24304,GEN,
24305,GEN,
24306,GEN,
24307,GEN-EWS,3578
24308,OBC-NCL,6372
24309,GEN-EWS,3579
24310,GEN,
24311,OBC-NCL,6373
24312,SC,949
24313,OBC-NCL,6374
24314,OBC-NCL,6375
24315,GEN-EWS,3580
24316,OBC-NCL,6376
24317,GEN-EWS,3581
24318,GEN,
24319,OBC-NCL,6377
24320,OBC-NCL,6378
24320,OBC-NCL,6378
24322,GEN,
24323,OBC-NCL,6380
24324,GEN,
24325,GEN-EWS,3582
24326,GEN,
24327,GEN,
24328,OBC-NCL,6381
24329,OBC-NCL,6382
24330,GEN,
24331,GEN,
24332,GEN,
24332,GEN,
24334,GEN,
24335,OBC-NCL,6383
24336,GEN-EWS,3583
24337,GEN,
24338,GEN,
24339,SC,950
24340,GEN,
24341,GEN-EWS,3584
24342,GEN,
24343,OBC-NCL,6384
24344,OBC-NCL,6385
24345,GEN-EWS,3585
24346,GEN-EWS,3586
24347,GEN,
24348,GEN,
24349,GEN,
24350,OBC-NCL,6386
24351,GEN,
24352,OBC-NCL,6387
24353,GEN,
24354,GEN,
24355,GEN-EWS,3587
24356,GEN,
24357,OBC-NCL,6388
24358,OBC-NCL,6389
24359,SC,951
24360,GEN,
24361,GEN,
24362,OBC-NCL,6390
24362,SC,952
24364,GEN,
24365,OBC-NCL,6391
24366,GEN-EWS,3588
24367,SC,953
24368,GEN,
24369,GEN,
24369,OBC-NCL,6392
24371,OBC-NCL,6393
24372,GEN,
24373,GEN,
24374,GEN,
24375,GEN-EWS,3589
24376,OBC-NCL,6394
24377,OBC-NCL,6395
24378,GEN,
24379,OBC-NCL,6396
24380,OBC-NCL,6397
24381,GEN-EWS,3590
24382,GEN-EWS,3591
24383,GEN,
24384,GEN,
24385,GEN,
24386,OBC-NCL,6398
24387,OBC-NCL,6399
24388,GEN,
24389,GEN-EWS,3592
24390,OBC-NCL,6400
24391,GEN,
24392,GEN,
24393,OBC-NCL,6401
24394,GEN,
24395,OBC-NCL,6402
24396,OBC-NCL,6403
24397,GEN-EWS,3593
24398,GEN,
24399,OBC-NCL,6404
24400,GEN,
24401,OBC-NCL,6405
24402,GEN-EWS,3594
24403,OBC-NCL,6406
24404,GEN,
24405,SC,954
24406,GEN,
24407,OBC-NCL,6407
24408,GEN-EWS,3595
24409,GEN,
24410,OBC-NCL,6408
24411,OBC-NCL,6409
24412,GEN-EWS,3596
24413,OBC-NCL,6410
24414,ST,251
24415,OBC-NCL,6411
24416,OBC-NCL,6412
24417,GEN,
24418,GEN,
24419,OBC-NCL,6413
24420,GEN,
24421,GEN,
24422,GEN,
24423,OBC-NCL,6414
24424,OBC-NCL,6415
24425,GEN,
24426,OBC-NCL,6416
24427,OBC-NCL,6417
24428,GEN,
24429,GEN-EWS,3597
24430,GEN,
24431,OBC-NCL,6418
24432,GEN-EWS,3598
24433,OBC-NCL,6419
24434,OBC-NCL,6420
24435,OBC-NCL,6421
24436,SC,956
24437,OBC-NCL,6422
24438,GEN,
24439,GEN-EWS,3599
24440,GEN,
24441,SC,957
24442,OBC-NCL,6423
24443,OBC-NCL,6424
24444,GEN,
24445,GEN,
24446,GEN-EWS,3600
24447,OBC-NCL,6425
24448,GEN,
24449,OBC-NCL,6426
24450,GEN-EWS,3601
24451,OBC-NCL,6427
24452,GEN-EWS,3602
24453,OBC-NCL,6428
24454,OBC-NCL,6429
24455,GEN-EWS,3603
24456,GEN,
24457,GEN,
24458,OBC-NCL,6430
24459,ST,252
24460,GEN,
24461,GEN,
24462,SC,959
24463,GEN,
24463,GEN,
24465,GEN,
24466,GEN,
24467,GEN-EWS,3604
24468,OBC-NCL,6431
24469,GEN-EWS,3605
24470,OBC-NCL,6432
24471,GEN-EWS,3606
24472,GEN,
24472,GEN,
24474,OBC-NCL,6433
24475,GEN,
24476,OBC-NCL,6434
24477,GEN,
24478,OBC-NCL,6435
24479,GEN-EWS,3607
24480,OBC-NCL,6436
24481,GEN,
24482,GEN,
24483,GEN,
24484,GEN,
24485,GEN-EWS,3608
24486,GEN,
24487,OBC-NCL,6437
24488,GEN,
24489,SC,960
24490,SC,961
24491,OBC-NCL,6438
24492,OBC-NCL,6439
24493,GEN,
24494,GEN-EWS,3609
24495,GEN,
24496,OBC-NCL,6440
24497,GEN,
24498,GEN-EWS,3610
24499,GEN,
24500,GEN,
24500,GEN,
24502,OBC-NCL,6441
24503,GEN,
24504,OBC-NCL,6442
24505,OBC-NCL,6443
24506,GEN,
24507,GEN-EWS,3611
24508,OBC-NCL,6444
24509,GEN,
24510,OBC-NCL,6445
24511,OBC-NCL,6446
24512,OBC-NCL,6447
24513,OBC-NCL,6448
24514,GEN,
24514,GEN,
24516,GEN-EWS,3612
24517,GEN,
24518,GEN,
24519,GEN-EWS,3613
24520,GEN,
24521,OBC-NCL,6449
24522,SC,962
24523,GEN,
24524,OBC-NCL,6450
24525,GEN,
24526,GEN-EWS,3614
24527,OBC-NCL,6451
24528,GEN-EWS,3615
24529,GEN,
24530,GEN-EWS,3616
24531,GEN-EWS,3617
24532,GEN,
24533,GEN,
24534,GEN,
24535,OBC-NCL,6452
24536,GEN,
24537,GEN-EWS,3618
24538,OBC-NCL,6453
24539,GEN,
24540,GEN-EWS,3619
24540,OBC-NCL,6454
24542,GEN,
24543,SC,963
24544,GEN,
24545,GEN,
24546,GEN,
24546,GEN-EWS,3620
24548,GEN-EWS,3621
24549,GEN-EWS,3622
24550,OBC-NCL,6455
24551,GEN,
24552,GEN-EWS,3623
24553,GEN,
24553,SC,964
24555,GEN,
24556,GEN,
24557,GEN,
24558,OBC-NCL,6456
24559,GEN,
24560,GEN,
24561,OBC-NCL,6457
24562,OBC-NCL,6458
24563,GEN,
24564,ST,253
24565,GEN-EWS,3624
24566,OBC-NCL,6459
24567,OBC-NCL,6460
24568,GEN,
24569,GEN,
24570,GEN-EWS,3625
24571,GEN,
24572,GEN-EWS,3626
24573,OBC-NCL,6461
24574,GEN,
24575,GEN,
24576,GEN,
24577,GEN-EWS,3627
24578,GEN,
24578,GEN,
24580,GEN,
24581,GEN-EWS,3628
24582,GEN,
24583,OBC-NCL,6462
24584,GEN-EWS,3629
24585,OBC-NCL,6463
24586,GEN,
24587,OBC-NCL,6464
24588,GEN,
24589,GEN,
24590,GEN,
24591,GEN,
24592,GEN-EWS,3630
24593,GEN,
24594,GEN,
24595,GEN,
24596,GEN,
24597,OBC-NCL,6465
24598,GEN-EWS,3631
24599,GEN-EWS,3632
24600,GEN,
24601,GEN,
24602,GEN-EWS,3633
24603,OBC-NCL,6466
24604,OBC-NCL,6467
24605,OBC-NCL,6468
24606,GEN,
24607,GEN-EWS,3634
24608,GEN,
24609,OBC-NCL,6469
24610,GEN,
24611,GEN,
24612,GEN,
24613,OBC-NCL,6470
24614,GEN,
24615,OBC-NCL,6471
24616,OBC-NCL,6472
24617,GEN,
24618,GEN,
24619,OBC-NCL,6473
24620,OBC-NCL,6474
24621,GEN,
24621,GEN-EWS,3635
24623,GEN,
24624,GEN,
24625,GEN,
24626,GEN,
24627,GEN,
24628,GEN,
24629,OBC-NCL,6475
24630,GEN-EWS,3636
24631,GEN-EWS,3637
24632,OBC-NCL,6476
24633,GEN,
24634,GEN,
24635,OBC-NCL,6477
24636,GEN-EWS,3638
24637,GEN-EWS,3639
24637,OBC-NCL,6478
24639,OBC-NCL,6479
24640,GEN,
24641,GEN,
24642,OBC-NCL,6480
24643,OBC-NCL,6481
24644,GEN,
24645,GEN,
24646,GEN,
24647,GEN,
24648,GEN-EWS,3640
24649,SC,965
24650,GEN,
24651,GEN,
24652,GEN-EWS,3641
24653,GEN,
24654,OBC-NCL,6482
24655,GEN,
24656,GEN-EWS,3642
24657,OBC-NCL,6483
24658,GEN-EWS,3643
24658,OBC-NCL,6484
24660,GEN,
24661,OBC-NCL,6485
24662,GEN,
24663,OBC-NCL,6486
24664,OBC-NCL,6487
24665,GEN,
24666,OBC-NCL,6488
24667,OBC-NCL,6489
24668,GEN,
24669,SC,966
24670,OBC-NCL,6490
24671,GEN-EWS,3644
24672,GEN,
24673,GEN,
24674,SC,967
24675,SC,968
24676,GEN,
24677,OBC-NCL,6491
24678,OBC-NCL,6492
24679,OBC-NCL,6493
24680,GEN,
24681,GEN-EWS,3645
24682,GEN,
24683,GEN,
24684,GEN-EWS,3646
24685,OBC-NCL,6494
24686,GEN-EWS,3647
24687,OBC-NCL,6495
24688,OBC-NCL,6496
24689,GEN,
24690,GEN-EWS,3648
24691,GEN,
24692,OBC-NCL,6497
24693,GEN-EWS,3649
24694,GEN,
24695,GEN-EWS,3650
24696,GEN,
24697,GEN,
24698,GEN,
24699,OBC-NCL,6498
24700,GEN,
24701,OBC-NCL,6499
24702,GEN-EWS,3651
24703,GEN-EWS,3652
24704,GEN-EWS,3653
24705,OBC-NCL,6500
24706,GEN,
24707,GEN-EWS,3654
24708,OBC-NCL,6501
24709,GEN-EWS,3655
24710,GEN,
24711,OBC-NCL,6502
24712,GEN,
24713,GEN,
24714,SC,969
24715,GEN-EWS,3656
24716,OBC-NCL,6503
24717,SC,970
24718,GEN,
24719,OBC-NCL,6504
24720,GEN,
24720,GEN-EWS,3657
24722,GEN,
24723,OBC-NCL,6505
24724,OBC-NCL,6506
24725,GEN,
24726,GEN-EWS,3658
24727,GEN,
24728,GEN-EWS,3659
24729,GEN,
24730,GEN,
24731,GEN,
24732,GEN-EWS,3660
24733,GEN-EWS,3661
24734,GEN,
24735,SC,971
24736,GEN-EWS,3662
24737,OBC-NCL,6507
24738,OBC-NCL,6508
24739,SC,972
24740,GEN,
24741,GEN,
24742,GEN-EWS,3663
24743,OBC-NCL,6509
24744,GEN,
24745,OBC-NCL,6510
24746,OBC-NCL,6511
24747,SC,973
24748,GEN,
24749,GEN,
24750,GEN-EWS,3664
24751,GEN,
24752,SC,974
24753,OBC-NCL,6512
24754,OBC-NCL,6513
24755,GEN,
24756,GEN,
24757,OBC-NCL,6514
24758,GEN-EWS,3665
24759,GEN,
24760,OBC-NCL,6515
24761,GEN,
24762,GEN,
24763,OBC-NCL,6516
24764,ST,254
24765,GEN,
24766,GEN-EWS,3666
24767,OBC-NCL,6517
24768,GEN-EWS,3667
24769,ST,256
24770,GEN,
24771,OBC-NCL,6518
24772,GEN,
24773,GEN,
24774,GEN,
24775,OBC-NCL,6519
24776,OBC-NCL,6520
24777,GEN-EWS,3668
24778,OBC-NCL,6521
24779,OBC-NCL,6522
24780,GEN,
24781,SC,975
24782,SC,976
24783,GEN,
24784,GEN-EWS,3669
24785,GEN,
24786,GEN-EWS,3670
24787,SC,977
24788,OBC-NCL,6523
24789,ST,257
24790,OBC-NCL,6524
24791,OBC-NCL,6525
24792,GEN,
24793,OBC-NCL,6526
24794,GEN,
24795,OBC-NCL,6527
24796,GEN,
24797,GEN-EWS,3671
24798,GEN-EWS,3672
24799,GEN,
24800,GEN-EWS,3673
24801,OBC-NCL,6528
24802,OBC-NCL,6529
24803,GEN-EWS,3674
24804,GEN,
24805,SC,978
24806,GEN-EWS,3675
24807,GEN-EWS,3676
24808,ST,258
24809,GEN,
24810,SC,979
24811,GEN,
24812,GEN,
24813,OBC-NCL,6530
24814,OBC-NCL,6531
24815,GEN,
24816,OBC-NCL,6532
24817,GEN,
24818,GEN,
24819,OBC-NCL,6533
24820,SC,980
24821,GEN-EWS,3677
24822,OBC-NCL,6534
24823,OBC-NCL,6535
24824,ST,259
24825,OBC-NCL,6536
24826,GEN,
24827,GEN,
24828,GEN,
24829,OBC-NCL,6537
24830,GEN-EWS,3678
24831,OBC-NCL,6538
24832,OBC-NCL,6539
24833,OBC-NCL,6540
24834,GEN,
24835,OBC-NCL,6541
24836,ST,260
24837,ST,261
24838,GEN,
24839,GEN-EWS,3679
24840,GEN,
24841,GEN,
24842,GEN,
24843,GEN,
24844,GEN,
24844,OBC-NCL,6542
24846,SC,982
24847,GEN-EWS,3680
24848,GEN,
24849,OBC-NCL,6543
24850,OBC-NCL,6544
24851,GEN,
24852,OBC-NCL,6545
24852,ST,262
24854,GEN,
24855,OBC-NCL,6546
24856,OBC-NCL,6547
24857,GEN-EWS,3681
24858,OBC-NCL,6548
24859,GEN,
24860,OBC-NCL,6549
24861,ST,263
24862,OBC-NCL,6550
24863,OBC-NCL,6551
24864,OBC-NCL,6552
24865,GEN,
24866,OBC-NCL,6553
24867,OBC-NCL,6554
24868,GEN-EWS,3682
24869,GEN-EWS,3683
24870,OBC-NCL,6555
24871,GEN,
24872,GEN-EWS,3684
24873,OBC-NCL,6556
24874,GEN,
24875,GEN,
24876,OBC-NCL,6557
24877,OBC-NCL,6558
24878,OBC-NCL,6559
24879,OBC-NCL,6560
24880,GEN,
24881,OBC-NCL,6561
24882,GEN-EWS,3685
24883,OBC-NCL,6562
24884,GEN-EWS,3686
24885,OBC-NCL,6563
24886,GEN,
24887,GEN,
24888,OBC-NCL,6564
24889,OBC-NCL,6565
24890,OBC-NCL,6566
24891,OBC-NCL,6567
24892,GEN,
24893,OBC-NCL,6568
24894,GEN,
24895,OBC-NCL,6569
24896,OBC-NCL,6570
24897,GEN,
24898,GEN,
24899,OBC-NCL,6571
24900,GEN,
24901,GEN,
24902,GEN,
24903,GEN,
24904,GEN,
24905,OBC-NCL,6572
24906,GEN-EWS,3687
24907,GEN-EWS,3688
24908,GEN,
24909,GEN,
24910,GEN,
24911,GEN,
24912,GEN-EWS,3689
24913,GEN,
24914,OBC-NCL,6573
24915,GEN,
24916,GEN,
24917,GEN,
24918,GEN-EWS,3690
24919,OBC-NCL,6574
24920,OBC-NCL,6575
24921,GEN,
24921,GEN-EWS,3691
24923,GEN,
24924,ST,264
24925,OBC-NCL,6576
24926,GEN-EWS,3692
24927,OBC-NCL,6577
24928,OBC-NCL,6578
24929,GEN,
24930,GEN,
24931,OBC-NCL,6579
24932,OBC-NCL,6580
24933,GEN,
24934,OBC-NCL,6581
24935,GEN,
24936,GEN,
24937,GEN,
24938,GEN,
24939,OBC-NCL,6582
24940,GEN,
24941,OBC-NCL,6583
24942,GEN-EWS,3693
24943,GEN,
24944,OBC-NCL,6584
24945,GEN,
24946,OBC-NCL,6585
24947,GEN,
24948,SC,984
24949,OBC-NCL,6586
24950,OBC-NCL,6587
24951,GEN,
24952,OBC-NCL,6588
24953,GEN,
24954,OBC-NCL,6589
24955,GEN,
24956,GEN-EWS,3694
24957,GEN,
24958,OBC-NCL,6590
24959,GEN,
24960,GEN,
24961,GEN,
24962,GEN,
24963,OBC-NCL,6591
24964,GEN-EWS,3695
24965,GEN-EWS,3696
24966,OBC-NCL,6592
24967,OBC-NCL,6593
24968,GEN-EWS,3697
24969,GEN-EWS,3698
24970,GEN,
24971,GEN-EWS,3699
24972,GEN-EWS,3700
24973,GEN,
24974,GEN-EWS,3701
24975,OBC-NCL,6594
24976,OBC-NCL,6595
24977,GEN-EWS,3702
24978,OBC-NCL,6596
24979,OBC-NCL,6597
24980,GEN-EWS,3703
24981,OBC-NCL,6598
24982,SC,985
24983,SC,986
24984,GEN-EWS,3704
24985,GEN,
24986,OBC-NCL,6599
24987,GEN,
24988,GEN,
24989,GEN,
24990,OBC-NCL,6600
24991,GEN,
24992,OBC-NCL,6601
24993,GEN,
24993,GEN,
24995,GEN-EWS,3705
24996,OBC-NCL,6602
24997,OBC-NCL,6603
24998,GEN,
24999,GEN,
25000,GEN,
25001,OBC-NCL,6604
25002,GEN-EWS,3706
25003,OBC-NCL,6605
25004,GEN,
25005,GEN-EWS,3707
25006,GEN,
25007,ST,265
25008,GEN,
25009,OBC-NCL,6606
25010,GEN,
25011,GEN,
25012,OBC-NCL,6607
25013,OBC-NCL,6608
25014,GEN,
25015,OBC-NCL,6609
25016,OBC-NCL,6610
25017,SC,987
25018,GEN,
25019,GEN,
25020,GEN,
25021,GEN,
25022,GEN,
25023,GEN,
25024,GEN,
25025,GEN,
25026,OBC-NCL,6611
25027,OBC-NCL,6612
25028,GEN,
25029,GEN-EWS,3708
25030,GEN-EWS,3709
25031,OBC-NCL,6613
25032,GEN-EWS,3710
25033,GEN,
25034,GEN,
25035,GEN,
25036,GEN-EWS,3711
25037,GEN,
25038,GEN-EWS,3712
25039,GEN-EWS,3713
25040,GEN-EWS,3714
25041,OBC-NCL,6614
25042,OBC-NCL,6615
25043,GEN,
25044,GEN,
25045,OBC-NCL,6616
25046,GEN,
25047,GEN,
25047,OBC-NCL,6617
25049,OBC-NCL,6618
25050,OBC-NCL,6619
25051,GEN,
25052,GEN,
25053,GEN,
25054,GEN,
25055,OBC-NCL,6620
25056,GEN-EWS,3715
25057,SC,988
25058,GEN,
25059,OBC-NCL,6621
25060,OBC-NCL,6622
25061,GEN,
25062,GEN,
25063,GEN,
25064,GEN,
25065,OBC-NCL,6623
25066,GEN,
25067,OBC-NCL,6624
25068,OBC-NCL,6625
25069,OBC-NCL,6626
25070,GEN,
25071,OBC-NCL,6627
25072,SC,989
25073,GEN,
25074,GEN,
25075,OBC-NCL,6628
25076,SC,990
25077,OBC-NCL,6629
25078,OBC-NCL,6630
25079,OBC-NCL,6631
25080,OBC-NCL,6632
25081,OBC-NCL,6633
25082,GEN,
25083,GEN,
25084,GEN,
25085,GEN,
25086,OBC-NCL,6634
25087,OBC-NCL,6635
25088,SC,991
25089,SC,992
25090,SC,993
25091,OBC-NCL,6636
25092,OBC-NCL,6637
25093,GEN,
25094,GEN,
25095,GEN,
25096,GEN,
25097,GEN,
25098,OBC-NCL,6638
25099,GEN,
25100,OBC-NCL,6639
25101,OBC-NCL,6640
25102,GEN-EWS,3716
25102,SC,994
25104,GEN-EWS,3717
25105,GEN,
25106,OBC-NCL,6641
25107,OBC-NCL,6642
25108,GEN,
25109,GEN,
25110,SC,995
25111,GEN,
25112,GEN,
25113,GEN-EWS,3718
25114,GEN,
25115,OBC-NCL,6643
25116,GEN-EWS,3719
25117,GEN,
25117,OBC-NCL,6644
25119,OBC-NCL,6645
25119,OBC-NCL,6645
25121,GEN,
25122,OBC-NCL,6647
25123,GEN-EWS,3720
25124,GEN,
25125,OBC-NCL,6648
25126,OBC-NCL,6649
25127,GEN-EWS,3721
25128,GEN,
25129,OBC-NCL,6650
25130,GEN-EWS,3722
25131,GEN,
25132,OBC-NCL,6651
25133,OBC-NCL,6652
25134,GEN,
25135,GEN,
25136,GEN,
25137,GEN,
25138,SC,996
25139,GEN,
25140,SC,997
25141,GEN,
25142,OBC-NCL,6653
25143,GEN-EWS,3723
25144,GEN,
25145,GEN-EWS,3724
25146,OBC-NCL,6654
25147,OBC-NCL,6655
25148,GEN-EWS,3725
25149,GEN,
25150,OBC-NCL,6656
25151,GEN,
25152,GEN,
25153,GEN,
25154,OBC-NCL,6657
25155,GEN,
25156,OBC-NCL,6658
25157,OBC-NCL,6659
25158,OBC-NCL,6660
25159,GEN-EWS,3726
25160,OBC-NCL,6661
25161,GEN,
25162,OBC-NCL,6662
25163,GEN,
25164,GEN,
25165,OBC-NCL,6663
25166,GEN,
25167,GEN,
25168,SC,998
25169,GEN-EWS,3727
25170,GEN,
25171,GEN,
25172,OBC-NCL,6664
25173,GEN,
25174,GEN,
25175,GEN-EWS,3728
25176,OBC-NCL,6665
25177,OBC-NCL,6666
25178,SC,999
25179,GEN-EWS,3729
25180,OBC-NCL,6667
25181,OBC-NCL,6668
25182,OBC-NCL,6669
25183,SC,1000
25184,GEN,
25185,GEN,
25186,GEN,
25187,GEN,
25188,GEN-EWS,3730
25189,OBC-NCL,6670
25190,GEN-EWS,3731
25191,GEN,
25191,SC,1001
25193,OBC-NCL,6671
25194,OBC-NCL,6672
25195,OBC-NCL,6673
25196,SC,1002
25197,GEN-EWS,3732
25198,GEN,
25199,GEN,
25200,GEN,
25201,GEN-EWS,3733
25202,GEN,
25203,SC,1003
25204,SC,1004
25205,GEN,
25206,GEN,
25207,GEN,
25208,GEN-EWS,3734
25209,GEN,
25210,GEN,
25211,GEN,
25212,OBC-NCL,6674
25213,GEN,
25214,GEN,
25215,GEN-EWS,3735
25216,GEN,
25217,SC,1005
25218,GEN-EWS,3736
25219,GEN,
25220,GEN-EWS,3737
25221,GEN,
25222,GEN,
25223,GEN,
25224,GEN,
25225,GEN,
25226,GEN,
25227,GEN-EWS,3738
25228,GEN,
25229,OBC-NCL,6675
25230,GEN-EWS,3739
25231,GEN-EWS,3740
25232,GEN-EWS,3741
25233,SC,1006
25234,GEN,
25235,OBC-NCL,6676
25236,GEN,
25237,GEN-EWS,3742
25238,OBC-NCL,6677
25239,SC,1008
25240,GEN,
25241,OBC-NCL,6678
25242,OBC-NCL,6679
25243,GEN-EWS,3743
25244,OBC-NCL,6680
25245,GEN,
25246,GEN,
25247,GEN,
25248,GEN,
25249,GEN,
25250,OBC-NCL,6681
25251,GEN,
25252,GEN,
25253,GEN,
25254,GEN,
25255,GEN,
25256,OBC-NCL,6682
25256,OBC-NCL,6682
25258,OBC-NCL,6684
25259,OBC-NCL,6685
25260,GEN,
25261,OBC-NCL,6686
25262,GEN,
25263,OBC-NCL,6687
25264,GEN,
25265,GEN,
25266,GEN-EWS,3744
25267,GEN,
25268,OBC-NCL,6688
25269,GEN,
25270,GEN,
25271,SC,1009
25272,OBC-NCL,6689
25273,GEN-EWS,3745
25274,GEN-EWS,3746
25275,GEN,
25276,ST,267
25277,GEN-EWS,3747
25278,GEN,
25279,GEN,
25280,GEN,
25281,GEN,
25282,GEN,
25283,GEN,
25284,GEN,
25285,GEN,
25286,OBC-NCL,6690
25287,SC,1010
25288,GEN-EWS,3748
25289,GEN,
25290,GEN,
25291,GEN,
25292,GEN,
25293,GEN,
25294,GEN,
25295,GEN,
25296,OBC-NCL,6691
25297,OBC-NCL,6692
25298,OBC-NCL,6693
25299,OBC-NCL,6694
25300,OBC-NCL,6695
25301,GEN,
25302,GEN-EWS,3749
25303,OBC-NCL,6696
25304,OBC-NCL,6697
25305,OBC-NCL,6698
25306,GEN,
25307,ST,268
25308,SC,1011
25309,GEN-EWS,3750
25310,GEN,
25311,GEN,
25312,GEN-EWS,3751
25313,GEN,
25314,GEN,
25315,GEN-EWS,3752
25316,OBC-NCL,6699
25317,OBC-NCL,6700
25318,GEN-EWS,3753
25319,GEN,
25320,OBC-NCL,6701
25321,GEN-EWS,3754
25322,OBC-NCL,6702
25323,GEN,
25324,GEN,
25325,OBC-NCL,6703
25326,SC,1012
25327,OBC-NCL,6704
25328,GEN,
25329,GEN,
25330,OBC-NCL,6705
25331,GEN-EWS,3755
25332,GEN,
25333,GEN,
25334,GEN,
25335,OBC-NCL,6706
25336,GEN-EWS,3756
25337,OBC-NCL,6707
25338,GEN,
25339,OBC-NCL,6708
25340,GEN,
25341,GEN,
25342,OBC-NCL,6709
25343,GEN,
25344,OBC-NCL,6710
25345,GEN,
25346,GEN,
25347,GEN-EWS,3757
25348,OBC-NCL,6711
25349,GEN,
25350,GEN,
25351,GEN,
25352,OBC-NCL,6712
25353,GEN,
25354,OBC-NCL,6713
25355,OBC-NCL,6714
25356,OBC-NCL,6715
25357,GEN-EWS,3758
25358,OBC-NCL,6716
25359,GEN-EWS,3759
25360,GEN,
25361,GEN-EWS,3760
25361,OBC-NCL,6717
25363,OBC-NCL,6718
25364,GEN,
25365,OBC-NCL,6719
25366,SC,1013
25367,GEN-EWS,3761
25368,GEN-EWS,3762
25369,GEN-EWS,3763
25370,GEN,
25371,OBC-NCL,6720
25372,OBC-NCL,6721
25373,GEN,
25374,OBC-NCL,6722
25375,OBC-NCL,6723
25376,OBC-NCL,6724
25377,GEN,
25378,GEN-EWS,3764
25379,GEN,
25380,GEN,
25381,OBC-NCL,6725
25382,GEN,
25383,GEN,
25384,OBC-NCL,6726
25385,GEN,
25386,GEN,
25387,OBC-NCL,6727
25388,OBC-NCL,6728
25389,GEN,
25390,OBC-NCL,6729
25391,OBC-NCL,6730
25392,GEN-EWS,3765
25393,GEN,
25394,GEN-EWS,3766
25395,GEN-EWS,3767
25396,SC,1016
25397,GEN,
25398,GEN,
25399,GEN-EWS,3768
25400,OBC-NCL,6731
25401,OBC-NCL,6732
25402,OBC-NCL,6733
25403,OBC-NCL,6734
25404,OBC-NCL,6735
25405,SC,1017
25406,GEN,
25407,GEN,
25408,GEN,
25409,GEN-EWS,3769
25410,GEN,
25411,GEN,
25411,OBC-NCL,6736
25413,OBC-NCL,6737
25414,OBC-NCL,6738
25415,GEN-EWS,3770
25416,OBC-NCL,6739
25417,GEN,
25418,GEN,
25419,OBC-NCL,6740
25420,GEN,
25421,OBC-NCL,6741
25422,GEN-EWS,3771
25423,OBC-NCL,6742
25424,GEN-EWS,3772
25425,OBC-NCL,6743
25426,GEN,
25427,GEN-EWS,3773
25428,GEN,
25429,GEN-EWS,3774
25430,OBC-NCL,6744
25431,GEN,
25432,GEN,
25433,GEN,
25434,OBC-NCL,6745
25435,OBC-NCL,6746
25436,OBC-NCL,6747
25437,GEN,
25438,GEN-EWS,3775
25439,GEN-EWS,3776
25440,GEN,
25441,OBC-NCL,6748
25441,OBC-NCL,6748
25443,SC,1018
25444,GEN,
25445,GEN,
25446,OBC-NCL,6750
25447,GEN,
25448,OBC-NCL,6751
25449,OBC-NCL,6752
25450,OBC-NCL,6753
25451,OBC-NCL,6754
25452,GEN,
25453,GEN,
25454,GEN-EWS,3777
25455,OBC-NCL,6755
25456,GEN,
25457,GEN,
25458,GEN,
25459,GEN-EWS,3778
25460,GEN,
25461,GEN,
25462,GEN,
25463,GEN,
25464,GEN,
25465,GEN,
25466,OBC-NCL,6756
25467,GEN,
25468,OBC-NCL,6757
25469,GEN,
25470,GEN-EWS,3779
25471,GEN,
25472,GEN-EWS,3780
25473,OBC-NCL,6758
25474,OBC-NCL,6759
25475,GEN,
25476,GEN,
25477,OBC-NCL,6760
25478,GEN,
25479,OBC-NCL,6761
25480,OBC-NCL,6762
25481,GEN,
25482,GEN-EWS,3781
25483,OBC-NCL,6763
25484,GEN-EWS,3782
25485,GEN,
25486,GEN,
25487,GEN,
25488,OBC-NCL,6764
25489,GEN,
25490,GEN,
25491,GEN,
25492,GEN,
25493,GEN,
25494,GEN,
25495,GEN,
25496,GEN,
25497,GEN-EWS,3783
25498,GEN,
25499,SC,1020
25500,OBC-NCL,6765
25501,GEN,
25502,OBC-NCL,6766
25503,OBC-NCL,6767
25504,OBC-NCL,6768
25505,GEN-EWS,3784
25506,GEN-EWS,3785
25507,OBC-NCL,6769
25508,OBC-NCL,6770
25509,GEN,
25510,GEN,
25511,GEN-EWS,3786
25512,ST,269
25513,GEN-EWS,3787
25514,OBC-NCL,6771
25515,OBC-NCL,6772
25516,SC,1021
25517,OBC-NCL,6773
25518,GEN,
25519,OBC-NCL,6774
25520,GEN-EWS,3788
25521,OBC-NCL,6775
25522,GEN,
25523,GEN-EWS,3789
25524,GEN-EWS,3790
25525,GEN,
25526,SC,1022
25527,GEN-EWS,3791
25528,OBC-NCL,6776
25529,GEN,
25530,OBC-NCL,6777
25531,OBC-NCL,6778
25532,GEN,
25533,GEN,
25534,GEN,
25535,GEN,
25536,OBC-NCL,6779
25537,GEN,
25538,SC,1023
25539,OBC-NCL,6780
25540,OBC-NCL,6781
25541,OBC-NCL,6782
25542,OBC-NCL,6783
25543,GEN,
25544,GEN-EWS,3792
25545,OBC-NCL,6784
25546,GEN,
25547,GEN-EWS,3793
25548,GEN,
25549,OBC-NCL,6785
25550,OBC-NCL,6786
25551,GEN-EWS,3794
25552,GEN,
25553,GEN,
25554,SC,1024
25555,GEN,
25556,OBC-NCL,6787
25557,OBC-NCL,6788
25558,GEN,
25559,OBC-NCL,6789
25560,SC,1025
25561,GEN,
25562,GEN,
25563,GEN,
25564,OBC-NCL,6790
25565,GEN,
25566,GEN,
25567,GEN-EWS,3795
25568,GEN,
25569,GEN,
25569,OBC-NCL,6791
25571,OBC-NCL,6792
25572,GEN-EWS,3796
25573,OBC-NCL,6793
25574,GEN,
25575,GEN-EWS,3797
25576,GEN-EWS,3798
25577,GEN,
25578,GEN,
25579,ST,270
25580,OBC-NCL,6794
25581,GEN,
25582,GEN,
25583,SC,1026
25584,GEN,
25585,GEN,
25586,SC,1027
25587,GEN,
25588,OBC-NCL,6795
25589,OBC-NCL,6796
25590,OBC-NCL,6797
25591,SC,1028
25592,SC,1029
25593,GEN,
25594,OBC-NCL,6798
25595,GEN-EWS,3799
25596,GEN-EWS,3800
25597,OBC-NCL,6799
25598,OBC-NCL,6800
25599,OBC-NCL,6801
25600,GEN,
25601,GEN,
25602,GEN,
25603,OBC-NCL,6802
25604,GEN-EWS,3801
25605,OBC-NCL,6803
25606,GEN,
25607,OBC-NCL,6804
25608,OBC-NCL,6805
25609,GEN,
25610,OBC-NCL,6806
25611,GEN,
25612,GEN,
25613,OBC-NCL,6807
25614,OBC-NCL,6808
25615,OBC-NCL,6809
25616,GEN,
25617,OBC-NCL,6810
25618,ST,271
25619,GEN-EWS,3802
25620,GEN,
25621,OBC-NCL,6811
25622,GEN,
25623,OBC-NCL,6812
25624,OBC-NCL,6813
25625,OBC-NCL,6814
25626,GEN-EWS,3803
25627,GEN,
25628,GEN,
25629,OBC-NCL,6815
25630,OBC-NCL,6816
25631,OBC-NCL,6817
25632,OBC-NCL,6818
25633,GEN-EWS,3804
25634,GEN-EWS,3805
25635,GEN,
25636,OBC-NCL,6819
25637,GEN,
25638,OBC-NCL,6820
25639,GEN,
25640,OBC-NCL,6821
25641,GEN,
25641,OBC-NCL,6822
25643,SC,1030
25644,GEN,
25645,GEN-EWS,3806
25646,OBC-NCL,6823
25647,GEN,
25648,OBC-NCL,6824
25649,GEN,
25650,GEN,
25651,GEN,
25652,GEN,
25653,GEN,
25654,GEN,
25655,GEN,
25656,OBC-NCL,6825
25657,ST,272
25658,GEN-EWS,3807
25659,GEN,
25660,GEN,
25661,OBC-NCL,6826
25662,GEN-EWS,3808
25663,OBC-NCL,6827
25664,SC,1031
25665,GEN-EWS,3809
25666,GEN,
25667,GEN,
25668,OBC-NCL,6828
25669,GEN,
25670,OBC-NCL,6829
25671,GEN-EWS,3810
25672,GEN,
25673,OBC-NCL,6830
25674,OBC-NCL,6831
25675,OBC-NCL,6832
25676,OBC-NCL,6833
25677,GEN-EWS,3811
25678,OBC-NCL,6834
25679,OBC-NCL,6835
25680,OBC-NCL,6836
25681,GEN-EWS,3812
25682,OBC-NCL,6837
25683,GEN-EWS,3813
25684,GEN,
25685,OBC-NCL,6838
25686,SC,1033
25687,GEN,
25688,GEN,
25689,GEN-EWS,3814
25690,GEN-EWS,3815
25691,GEN,
25692,OBC-NCL,6839
25693,GEN-EWS,3816
25694,OBC-NCL,6840
25695,OBC-NCL,6841
25696,ST,273
25697,GEN,
25698,GEN,
25699,GEN,
25700,GEN,
25701,OBC-NCL,6842
25702,OBC-NCL,6843
25703,GEN,
25704,GEN,
25705,GEN,
25706,GEN,
25707,OBC-NCL,6844
25708,SC,1034
25709,GEN,
25709,OBC-NCL,6845
25711,GEN,
25712,OBC-NCL,6846
25713,GEN,
25714,GEN,
25714,OBC-NCL,6847
25716,GEN,
25717,GEN,
25718,GEN,
25719,SC,1035
25720,GEN,
25721,GEN-EWS,3817
25721,OBC-NCL,6848
25723,OBC-NCL,6849
25724,GEN,
25725,OBC-NCL,6850
25726,GEN,
25727,GEN-EWS,3818
25728,GEN-EWS,3819
25729,GEN-EWS,3820
25730,OBC-NCL,6851
25731,OBC-NCL,6852
25732,OBC-NCL,6853
25733,OBC-NCL,6854
25734,GEN-EWS,3821
25735,GEN,
25736,OBC-NCL,6855
25737,GEN,
25738,OBC-NCL,6856
25739,GEN-EWS,3822
25740,GEN,
25741,SC,1036
25742,GEN-EWS,3823
25743,GEN-EWS,3824
25744,GEN-EWS,3825
25745,GEN-EWS,3826
25746,OBC-NCL,6857
25747,GEN,
25748,GEN,
25749,SC,1037
25750,GEN-EWS,3827
25751,GEN,
25752,OBC-NCL,6858
25753,GEN,
25754,GEN,
25755,GEN,
25756,GEN,
25757,GEN-EWS,3828
25758,SC,1038
25759,GEN,
25760,GEN-EWS,3829
25761,GEN,
25762,OBC-NCL,6859
25763,GEN,
25764,GEN,
25765,GEN-EWS,3830
25766,GEN,
25767,OBC-NCL,6860
25768,GEN-EWS,3831
25769,GEN,
25770,OBC-NCL,6861
25771,GEN,
25772,GEN,
25773,GEN,
25774,GEN-EWS,3832
25775,GEN,
25776,GEN-EWS,3833
25777,ST,276
25778,OBC-NCL,6862
25779,GEN-EWS,3834
25780,GEN,
25781,OBC-NCL,6863
25782,GEN,
25783,OBC-NCL,6864
25784,GEN,
25785,GEN,
25786,ST,277
25787,OBC-NCL,6865
25788,GEN-EWS,3835
25789,OBC-NCL,6866
25790,OBC-NCL,6867
25791,GEN-EWS,3836
25792,GEN,
25793,OBC-NCL,6868
25794,OBC-NCL,6869
25795,OBC-NCL,6870
25796,GEN,
25797,GEN-EWS,3837
25798,OBC-NCL,6871
25799,GEN,
25800,OBC-NCL,6872
25801,OBC-NCL,6873
25802,GEN,
25803,OBC-NCL,6874
25804,OBC-NCL,6875
25805,GEN,
25805,OBC-NCL,6876
25807,OBC-NCL,6877
25808,GEN,
25809,OBC-NCL,6878
25810,OBC-NCL,6879
25811,GEN-EWS,3838
25812,GEN,
25813,GEN-EWS,3839
25814,GEN-EWS,3840
25814,OBC-NCL,6880
25816,OBC-NCL,6881
25817,OBC-NCL,6882
25818,GEN,
25819,OBC-NCL,6883
25820,OBC-NCL,6884
25821,GEN,
25822,GEN,
25823,GEN,
25824,GEN,
25825,OBC-NCL,6885
25826,OBC-NCL,6886
25827,GEN,
25828,SC,1040
25829,OBC-NCL,6887
25830,GEN,
25831,GEN,
25832,OBC-NCL,6888
25833,OBC-NCL,6889
25834,SC,1041
25835,OBC-NCL,6890
25836,GEN-EWS,3841
25837,GEN,
25838,GEN,
25839,GEN,
25840,GEN,
25841,SC,1042
25842,GEN,
25843,GEN,
25844,GEN-EWS,3842
25845,OBC-NCL,6891
25846,GEN-EWS,3843
25847,GEN,
25847,OBC-NCL,6892
25849,OBC-NCL,6893
25850,ST,279
25851,GEN,
25852,GEN-EWS,3844
25853,GEN,
25853,GEN-EWS,3845
25855,SC,1043
25856,GEN-EWS,3846
25857,SC,1044
25858,GEN,
25859,OBC-NCL,6894
25860,OBC-NCL,6895
25861,GEN-EWS,3847
25862,GEN,
25863,GEN,
25864,OBC-NCL,6896
25865,OBC-NCL,6897
25866,GEN-EWS,3848
25867,GEN,
25868,SC,1045
25869,GEN,
25870,GEN-EWS,3849
25871,ST,280
25872,OBC-NCL,6898
25873,OBC-NCL,6899
25874,GEN,
25875,GEN,
25876,GEN-EWS,3850
25877,GEN,
25878,GEN-EWS,3851
25879,SC,1047
25880,OBC-NCL,6900
25881,GEN,
25882,GEN,
25883,OBC-NCL,6901
25884,OBC-NCL,6902
25885,OBC-NCL,6903
25886,OBC-NCL,6904
25887,GEN,
25887,SC,1048
25889,OBC-NCL,6905
25890,OBC-NCL,6906
25891,ST,281
25892,GEN-EWS,3852
25893,GEN-EWS,3853
25894,OBC-NCL,6907
25895,OBC-NCL,6908
25896,GEN-EWS,3854
25897,GEN,
25897,OBC-NCL,6909
25899,GEN,
25900,GEN,
25901,GEN-EWS,3855
25902,GEN-EWS,3856
25903,GEN,
25904,SC,1049
25905,OBC-NCL,6910
25906,GEN-EWS,3857
25907,OBC-NCL,6911
25908,GEN,
25909,OBC-NCL,6912
25910,ST,282
25911,OBC-NCL,6913
25912,GEN,
25913,OBC-NCL,6914
25914,OBC-NCL,6915
25915,GEN-EWS,3858
25916,GEN,
25917,OBC-NCL,6916
25918,SC,1050
25919,GEN,
25920,OBC-NCL,6917
25921,GEN,
25922,ST,283
25923,OBC-NCL,6918
25924,OBC-NCL,6919
25925,GEN,
25926,GEN-EWS,3859
25927,OBC-NCL,6920
25928,OBC-NCL,6921
25929,GEN,
25930,OBC-NCL,6922
25931,SC,1051
25932,GEN-EWS,3860
25933,GEN,
25934,OBC-NCL,6923
25935,GEN-EWS,3861
25936,GEN,
25937,GEN-EWS,3862
25938,GEN,
25939,OBC-NCL,6924
25940,GEN-EWS,3863
25941,OBC-NCL,6925
25942,GEN,
25943,GEN,
25944,GEN-EWS,3864
25945,OBC-NCL,6926
25946,OBC-NCL,6927
25947,GEN-EWS,3865
25948,OBC-NCL,6928
25948,OBC-NCL,6928
25950,GEN,
25951,GEN-EWS,3866
25952,OBC-NCL,6930
25953,OBC-NCL,6931
25954,GEN,
25955,OBC-NCL,6932
25956,GEN,
25957,OBC-NCL,6933
25958,OBC-NCL,6934
25959,OBC-NCL,6935
25960,SC,1053
25961,GEN,
25962,GEN-EWS,3867
25963,GEN,
25964,GEN,
25965,OBC-NCL,6936
25966,GEN,
25967,GEN,
25968,GEN-EWS,3868
25969,OBC-NCL,6937
25970,SC,1055
25971,GEN,
25972,OBC-NCL,6938
25973,GEN,
25974,GEN,
25975,GEN,
25976,OBC-NCL,6939
25977,GEN-EWS,3869
25978,GEN,
25979,GEN-EWS,3870
25980,GEN,
25980,OBC-NCL,6940
25982,GEN,
25983,GEN,
25984,GEN,
25985,GEN,
25986,OBC-NCL,6941
25987,GEN-EWS,3871
25988,OBC-NCL,6942
25989,GEN,
25990,GEN,
25991,GEN-EWS,3872
25992,OBC-NCL,6943
25993,OBC-NCL,6944
25994,OBC-NCL,6945
25995,SC,1056
25996,GEN,
25997,GEN,
25998,OBC-NCL,6946
25999,GEN,
25999,OBC-NCL,6947
26001,GEN,
26002,GEN,
26003,ST,284
26004,GEN,
26005,GEN,
26006,OBC-NCL,6948
26007,GEN,
26008,OBC-NCL,6949
26009,GEN,
26010,GEN-EWS,3873
26011,GEN-EWS,3874
26012,GEN,
26013,GEN-EWS,3875
26014,OBC-NCL,6950
26015,OBC-NCL,6951
26016,GEN-EWS,3876
26017,GEN,
26018,GEN-EWS,3877
26019,OBC-NCL,6952
26020,OBC-NCL,6953
26021,GEN,
26022,OBC-NCL,6954
26023,GEN,
26024,GEN-EWS,3878
26025,GEN,
26026,OBC-NCL,6955
26027,OBC-NCL,6956
26028,OBC-NCL,6957
26029,OBC-NCL,6958
26030,GEN-EWS,3879
26031,GEN-EWS,3880
26032,OBC-NCL,6959
26033,OBC-NCL,6960
26034,OBC-NCL,6961
26035,OBC-NCL,6962
26036,GEN,
26037,GEN,
26038,OBC-NCL,6963
26039,OBC-NCL,6964
26040,GEN,
26041,OBC-NCL,6965
26042,GEN,
26043,OBC-NCL,6966
26044,GEN,
26045,OBC-NCL,6967
26046,OBC-NCL,6968
26047,GEN,
26048,OBC-NCL,6969
26049,GEN,
26050,OBC-NCL,6970
26051,OBC-NCL,6971
26052,GEN,
26053,GEN,
26054,GEN,
26055,OBC-NCL,6972
26056,GEN,
26057,OBC-NCL,6973
26058,GEN,
26059,GEN-EWS,3881
26060,GEN,
26061,GEN,
26062,GEN-EWS,3882
26063,GEN,
26064,GEN,
26065,GEN,
26066,GEN,
26067,GEN-EWS,3883
26068,OBC-NCL,6974
26069,GEN,
26069,OBC-NCL,6975
26071,SC,1059
26072,SC,1060
26073,GEN,
26074,OBC-NCL,6976
26075,OBC-NCL,6977
26076,OBC-NCL,6978
26077,GEN,
26078,OBC-NCL,6979
26079,GEN-EWS,3884
26080,GEN,
26081,GEN,
26082,SC,1061
26083,GEN-EWS,3885
26084,SC,1062
26085,GEN-EWS,3886
26086,GEN,
26087,GEN,
26088,GEN,
26089,OBC-NCL,6980
26090,SC,1063
26091,GEN,
26092,ST,285
26093,GEN,
26094,GEN,
26095,GEN,
26096,GEN,
26097,OBC-NCL,6981
26098,GEN,
26098,GEN,
26100,GEN,
26101,OBC-NCL,6982
26101,SC,1064
26103,OBC-NCL,6983
26104,GEN,
26105,OBC-NCL,6984
26106,GEN-EWS,3887
26107,OBC-NCL,6985
26108,GEN,
26109,GEN,
26110,GEN,
26111,OBC-NCL,6986
26112,GEN,
26113,GEN-EWS,3888
26114,OBC-NCL,6987
26115,GEN,
26116,GEN,
26117,OBC-NCL,6988
26118,SC,1067
26119,OBC-NCL,6989
26120,GEN,
26121,GEN,
26122,SC,1068
26123,GEN,
26124,GEN,
26125,OBC-NCL,6990
26126,SC,1069
26127,OBC-NCL,6991
26128,GEN-EWS,3889
26129,OBC-NCL,6992
26130,GEN,
26131,GEN,
26132,GEN-EWS,3890
26133,SC,1070
26134,GEN,
26135,GEN,
26136,OBC-NCL,6993
26137,GEN,
26138,OBC-NCL,6994
26139,GEN,
26140,GEN,
26141,ST,286
26142,OBC-NCL,6995
26143,OBC-NCL,6996
26144,OBC-NCL,6997
26145,GEN,
26146,GEN,
26147,GEN,
26148,SC,1072
26149,GEN,
26150,GEN-EWS,3891
26151,SC,1073
26152,GEN,
26153,GEN-EWS,3892
26154,GEN-EWS,3893
26155,OBC-NCL,6998
26156,OBC-NCL,6999
26157,GEN-EWS,3894
26158,GEN,
26159,OBC-NCL,7000
26160,OBC-NCL,7001
26161,OBC-NCL,7002
26162,OBC-NCL,7003
26162,OBC-NCL,7003
26164,GEN,
26165,GEN,
26166,GEN,
26167,GEN,
26168,GEN,
26169,GEN,
26170,SC,1074
26171,GEN,
26172,OBC-NCL,7005
26173,OBC-NCL,7006
26174,GEN-EWS,3895
26175,GEN,
26176,GEN,
26177,OBC-NCL,7007
26178,GEN,
26179,OBC-NCL,7008
26180,GEN-EWS,3896
26181,GEN,
26182,OBC-NCL,7009
26183,GEN,
26184,OBC-NCL,7010
26185,GEN,
26186,OBC-NCL,7011
26187,GEN,
26188,OBC-NCL,7012
26189,GEN-EWS,3897
26190,GEN-EWS,3898
26191,GEN-EWS,3899
26192,GEN-EWS,3900
26193,GEN,
26194,GEN,
26195,GEN,
26196,ST,287
26197,GEN,
26198,GEN,
26199,GEN,
26200,GEN,
26201,GEN,
26202,OBC-NCL,7013
26203,GEN,
26204,GEN,
26205,SC,1075
26206,GEN,
26207,OBC-NCL,7014
26208,GEN,
26209,GEN,
26210,GEN,
26211,OBC-NCL,7015
26212,GEN-EWS,3901
26213,OBC-NCL,7016
26214,OBC-NCL,7017
26215,GEN,
26216,OBC-NCL,7018
26217,GEN,
26218,OBC-NCL,7019
26219,SC,1076
26220,GEN,
26221,GEN-EWS,3902
26222,SC,1077
26223,GEN,
26224,GEN,
26225,OBC-NCL,7020
26226,GEN,
26227,GEN-EWS,3903
26228,OBC-NCL,7021
26229,OBC-NCL,7022
26230,GEN,
26231,OBC-NCL,7023
26232,OBC-NCL,7024
26233,GEN-EWS,3904
26234,GEN,
26235,OBC-NCL,7025
26236,OBC-NCL,7026
26237,OBC-NCL,7027
26238,OBC-NCL,7028
26239,OBC-NCL,7029
26240,GEN,
26241,GEN,
26242,GEN,
26243,OBC-NCL,7030
26244,OBC-NCL,7031
26245,OBC-NCL,7032
26246,OBC-NCL,7033
26247,OBC-NCL,7034
26247,OBC-NCL,7034
26249,GEN,
26250,OBC-NCL,7036
26251,GEN,
26252,OBC-NCL,7037
26253,GEN,
26254,GEN,
26255,GEN,
26256,GEN-EWS,3905
26257,OBC-NCL,7038
26258,ST,289
26259,GEN-EWS,3906
26260,GEN-EWS,3907
26261,GEN,
26262,GEN,
26263,GEN,
26264,GEN,
26265,GEN,
26266,OBC-NCL,7039
26267,GEN,
26268,GEN,
26269,OBC-NCL,7040
26270,GEN,
26271,GEN,
26272,GEN,
26273,GEN,
26274,GEN,
26275,GEN-EWS,3908
26276,OBC-NCL,7041
26277,OBC-NCL,7042
26278,GEN-EWS,3909
26279,OBC-NCL,7043
26280,GEN-EWS,3910
26281,OBC-NCL,7044
26282,OBC-NCL,7045
26283,OBC-NCL,7046
26284,GEN,
26285,OBC-NCL,7047
26286,GEN,
26287,GEN-EWS,3911
26288,GEN,
26289,GEN,
26290,GEN-EWS,3912
26291,GEN,
26292,GEN,
26293,OBC-NCL,7048
26294,GEN,
26295,GEN,
26296,GEN,
26297,OBC-NCL,7049
26298,GEN,
26299,ST,290
26300,GEN,
26301,GEN-EWS,3913
26302,GEN-EWS,3914
26303,GEN,
26304,GEN,
26305,OBC-NCL,7050
26306,OBC-NCL,7051
26307,GEN,
26308,GEN-EWS,3915
26309,GEN-EWS,3916
26310,GEN-EWS,3917
26311,OBC-NCL,7052
26312,OBC-NCL,7053
26313,OBC-NCL,7054
26314,GEN,
26315,GEN,
26316,GEN-EWS,3918
26317,GEN,
26318,OBC-NCL,7055
26319,GEN-EWS,3919
26320,GEN-EWS,3920
26321,OBC-NCL,7056
26322,GEN,
26323,GEN,
26324,SC,1079
26325,GEN,
26326,OBC-NCL,7057
26327,GEN,
26328,GEN,
26329,SC,1080
26330,SC,1081
26331,GEN-EWS,3921
26332,GEN,
26333,OBC-NCL,7058
26334,GEN,
26335,ST,291
26336,OBC-NCL,7059
26337,GEN-EWS,3922
26338,OBC-NCL,7060
26339,GEN-EWS,3923
26340,GEN,
26341,GEN,
26342,GEN,
26343,SC,1082
26344,GEN-EWS,3924
26345,GEN-EWS,3925
26346,GEN-EWS,3926
26346,OBC-NCL,7061
26348,OBC-NCL,7062
26349,GEN,
26350,SC,1083
26351,GEN,
26352,GEN,
26353,GEN,
26354,OBC-NCL,7063
26355,GEN-EWS,3927
26356,OBC-NCL,7064
26357,OBC-NCL,7065
26358,GEN-EWS,3928
26359,GEN-EWS,3929
26360,GEN,
26361,GEN,
26362,GEN-EWS,3930
26363,GEN,
26364,OBC-NCL,7066
26365,GEN,
26366,GEN,
26367,GEN,
26368,GEN-EWS,3931
26369,GEN,
26370,GEN-EWS,3932
26371,OBC-NCL,7067
26372,GEN,
26373,GEN-EWS,3933
26374,GEN,
26375,OBC-NCL,7068
26376,OBC-NCL,7069
26377,GEN-EWS,3934
26378,OBC-NCL,7070
26379,GEN,
26380,GEN,
26381,OBC-NCL,7071
26382,GEN,
26383,GEN,
26384,GEN-EWS,3935
26385,OBC-NCL,7072
26386,GEN-EWS,3936
26387,OBC-NCL,7073
26388,GEN,
26389,GEN,
26390,GEN,
26391,OBC-NCL,7074
26392,GEN,
26393,OBC-NCL,7075
26394,GEN,
26395,OBC-NCL,7076
26396,GEN,
26396,GEN,
26398,GEN,
26399,GEN-EWS,3937
26400,SC,1084
26401,GEN-EWS,3938
26402,GEN,
26403,GEN,
26404,GEN-EWS,3939
26405,GEN-EWS,3940
26406,GEN,
26407,ST,292
26408,OBC-NCL,7077
26409,GEN,
26410,GEN,
26411,GEN,
26412,OBC-NCL,7078
26413,GEN,
26414,OBC-NCL,7079
26415,GEN,
26416,GEN-EWS,3941
26417,GEN,
26418,GEN,
26419,GEN,
26420,OBC-NCL,7080
26421,GEN,
26422,GEN,
26423,OBC-NCL,7081
26424,GEN,
26425,GEN-EWS,3942
26426,GEN-EWS,3943
26427,GEN,
26427,OBC-NCL,7082
26429,GEN,
26430,GEN,
26431,OBC-NCL,7083
26432,GEN-EWS,3944
26433,OBC-NCL,7084
26434,GEN,
26435,GEN,
26436,GEN,
26437,GEN-EWS,3945
26438,GEN-EWS,3946
26439,OBC-NCL,7085
26440,GEN,
26441,GEN-EWS,3947
26442,GEN-EWS,3948
26443,OBC-NCL,7086
26444,OBC-NCL,7087
26445,GEN-EWS,3949
26446,GEN,
26447,GEN,
26448,OBC-NCL,7088
26449,GEN,
26450,GEN-EWS,3950
26451,ST,293
26452,OBC-NCL,7089
26453,GEN,
26454,GEN,
26455,GEN-EWS,3951
26456,GEN,
26457,OBC-NCL,7090
26458,ST,294
26459,SC,1085
26460,GEN,
26461,GEN,
26462,GEN,
26463,GEN-EWS,3952
26464,GEN,
26465,OBC-NCL,7091
26466,GEN,
26467,OBC-NCL,7092
26468,ST,295
26469,OBC-NCL,7093
26470,OBC-NCL,7094
26471,OBC-NCL,7095
26472,OBC-NCL,7096
26473,OBC-NCL,7097
26474,OBC-NCL,7098
26475,GEN,
26476,OBC-NCL,7099
26477,GEN,
26478,GEN-EWS,3953
26479,OBC-NCL,7100
26480,GEN-EWS,3954
26481,GEN,
26482,GEN,
26483,GEN,
26484,OBC-NCL,7101
26485,GEN,
26486,OBC-NCL,7102
26487,OBC-NCL,7103
26488,GEN,
26489,OBC-NCL,7104
26490,SC,1086
26491,GEN-EWS,3955
26492,OBC-NCL,7105
26493,GEN-EWS,3956
26494,OBC-NCL,7106
26495,SC,1090
26496,GEN-EWS,3957
26497,GEN,
26498,OBC-NCL,7107
26499,GEN,
26500,SC,1091
26501,OBC-NCL,7108
26502,OBC-NCL,7109
26503,GEN-EWS,3958
26504,GEN,
26505,ST,297
26506,OBC-NCL,7110
26507,OBC-NCL,7111
26508,GEN,
26509,GEN,
26510,GEN,
26511,GEN,
26512,GEN,
26513,OBC-NCL,7112
26514,OBC-NCL,7113
26515,SC,1092
26516,GEN,
26517,GEN-EWS,3959
26518,OBC-NCL,7114
26519,GEN,
26520,GEN,
26521,ST,298
26522,GEN,
26523,GEN-EWS,3960
26524,GEN-EWS,3961
26525,GEN-EWS,3962
26526,OBC-NCL,7115
26527,GEN,
26528,OBC-NCL,7116
26529,OBC-NCL,7117
26530,OBC-NCL,7118
26531,OBC-NCL,7119
26532,GEN,
26533,GEN,
26534,GEN,
26535,GEN,
26536,OBC-NCL,7120
26537,OBC-NCL,7121
26538,GEN-EWS,3963
26539,GEN,
26540,OBC-NCL,7122
26541,GEN,
26542,OBC-NCL,7123
26543,GEN,
26544,OBC-NCL,7124
26545,OBC-NCL,7125
26546,GEN,
26547,OBC-NCL,7126
26548,GEN,
26549,OBC-NCL,7127
26550,OBC-NCL,7128
26551,OBC-NCL,7129
26552,GEN,
26553,OBC-NCL,7130
26554,GEN-EWS,3964
26555,GEN-EWS,3965
26556,GEN,
26557,GEN,
26558,ST,299
26559,OBC-NCL,7131
26560,OBC-NCL,7132
26561,GEN,
26562,GEN,
26563,GEN,
26564,SC,1093
26565,GEN,
26566,GEN,
26567,GEN,
26568,GEN,
26569,OBC-NCL,7133
26570,GEN,
26571,OBC-NCL,7134
26572,GEN,
26573,OBC-NCL,7135
26574,GEN,
26575,GEN,
26576,OBC-NCL,7136
26577,GEN-EWS,3966
26578,GEN-EWS,3967
26579,GEN,
26580,GEN-EWS,3968
26581,OBC-NCL,7137
26582,OBC-NCL,7138
26583,OBC-NCL,7139
26584,GEN,
26585,GEN-EWS,3969
26586,OBC-NCL,7140
26587,GEN-EWS,3970
26588,GEN-EWS,3971
26589,GEN,
26590,OBC-NCL,7141
26591,SC,1094
26592,GEN-EWS,3972
26593,OBC-NCL,7142
26594,GEN,
26595,GEN-EWS,3973
26596,GEN,
26597,OBC-NCL,7143
26598,ST,300
26599,GEN,
26600,GEN,
26601,GEN,
26602,OBC-NCL,7144
26603,OBC-NCL,7145
26604,OBC-NCL,7146
26605,GEN-EWS,3974
26606,OBC-NCL,7147
26607,SC,1095
26608,GEN,
26609,OBC-NCL,7148
26610,GEN,
26611,GEN,
26612,GEN,
26613,OBC-NCL,7149
26614,GEN-EWS,3975
26615,GEN,
26616,GEN-EWS,3976
26617,GEN,
26618,GEN-EWS,3977
26619,GEN,
26619,GEN,
26621,GEN,
26622,OBC-NCL,7150
26623,GEN,
26624,OBC-NCL,7151
26625,OBC-NCL,7152
26626,OBC-NCL,7153
26627,GEN,
26628,GEN,
26629,SC,1096
26630,GEN-EWS,3978
26631,GEN,
26632,GEN-EWS,3979
26633,OBC-NCL,7154
26634,OBC-NCL,7155
26635,GEN,
26635,OBC-NCL,7156
26637,OBC-NCL,7157
26638,SC,1097
26639,GEN,
26640,GEN,
26641,SC,1098
26642,OBC-NCL,7158
26643,GEN,
26644,GEN,
26645,SC,1099
26646,GEN,
26647,GEN,
26648,ST,301
26649,ST,302
26650,GEN,
26651,GEN,
26652,GEN,
26652,GEN,
26654,OBC-NCL,7159
26655,OBC-NCL,7160
26656,GEN,
26657,GEN-EWS,3980
26658,OBC-NCL,7161
26659,GEN,
26660,SC,1100
26661,OBC-NCL,7162
26662,GEN,
26663,SC,1101
26664,GEN,
26665,ST,303
26666,GEN,
26667,GEN,
26668,GEN-EWS,3981
26669,GEN,
26670,SC,1102
26671,GEN-EWS,3982
26672,OBC-NCL,7163
26673,GEN,
26674,OBC-NCL,7164
26675,GEN,
26676,GEN,
26677,OBC-NCL,7165
26678,GEN,
26679,OBC-NCL,7166
26680,OBC-NCL,7167
26681,GEN-EWS,3983
26682,GEN-EWS,3984
26683,GEN-EWS,3985
26684,GEN-EWS,3986
26685,OBC-NCL,7168
26686,OBC-NCL,7169
26687,GEN,
26688,OBC-NCL,7170
26689,OBC-NCL,7171
26690,OBC-NCL,7172
26691,GEN-EWS,3987
26692,GEN,
26693,OBC-NCL,7173
26694,GEN,
26695,OBC-NCL,7174
26696,GEN,
26697,ST,304
26698,OBC-NCL,7175
26699,OBC-NCL,7176
26700,OBC-NCL,7177
26701,OBC-NCL,7178
26702,OBC-NCL,7179
26703,GEN-EWS,3988
26704,GEN,
26705,OBC-NCL,7180
26706,OBC-NCL,7181
26707,GEN,
26708,GEN,
26709,GEN-EWS,3989
26710,OBC-NCL,7182
26711,SC,1103
26712,SC,1104
26713,GEN,
26714,GEN-EWS,3990
26715,GEN-EWS,3991
26716,GEN-EWS,3992
26717,SC,1105
26718,GEN,
26719,GEN-EWS,3993
26720,GEN-EWS,3994
26721,GEN,
26722,GEN,
26723,SC,1106
26724,OBC-NCL,7183
26725,OBC-NCL,7184
26726,GEN,
26727,OBC-NCL,7185
26728,SC,1107
26729,GEN,
26730,GEN,
26731,GEN,
26732,ST,305
26733,GEN,
26734,GEN,
26735,OBC-NCL,7186
26736,GEN,
26737,GEN,
26738,OBC-NCL,7187
26739,OBC-NCL,7188
26740,ST,306
26741,GEN,
26742,GEN-EWS,3995
26743,GEN-EWS,3996
26744,GEN,
26745,OBC-NCL,7189
26746,GEN,
26747,OBC-NCL,7190
26748,GEN,
26749,ST,307
26750,GEN,
26751,SC,1108
26752,GEN,
26753,OBC-NCL,7191
26754,GEN,
26755,OBC-NCL,7192
26756,OBC-NCL,7193
26757,GEN,
26758,GEN,
26759,OBC-NCL,7194
26760,OBC-NCL,7195
26761,GEN,
26762,OBC-NCL,7196
26763,GEN,
26764,OBC-NCL,7197
26765,OBC-NCL,7198
26766,GEN,
26767,GEN-EWS,3997
26768,SC,1110
26769,GEN,
26770,GEN,
26771,SC,1111
26772,GEN,
26773,SC,1112
26774,GEN-EWS,3998
26775,GEN-EWS,3999
26776,GEN,
26777,GEN,
26778,GEN-EWS,4000
26779,GEN,
26780,GEN,
26781,GEN,
26782,GEN-EWS,4001
26783,GEN,
26784,SC,1113
26785,GEN,
26786,OBC-NCL,7199
26787,GEN,
26788,OBC-NCL,7200
26789,GEN,
26790,GEN,
26791,ST,309
26792,SC,1114
26793,GEN-EWS,4002
26794,GEN-EWS,4003
26795,OBC-NCL,7201
26796,GEN-EWS,4004
26797,GEN,
26798,GEN-EWS,4005
26799,GEN,
26800,GEN-EWS,4006
26801,GEN-EWS,4007
26802,GEN,
26803,GEN-EWS,4008
26804,OBC-NCL,7202
26805,GEN-EWS,4009
26806,GEN,
26807,OBC-NCL,7203
26808,GEN-EWS,4010
26809,SC,1116
26810,GEN,
26811,OBC-NCL,7204
26812,OBC-NCL,7205
26813,GEN-EWS,4011
26814,GEN-EWS,4012
26815,GEN-EWS,4013
26816,SC,1117
26817,GEN,
26818,GEN-EWS,4014
26819,GEN,
26820,OBC-NCL,7206
26821,GEN,
26822,GEN-EWS,4015
26823,OBC-NCL,7207
26824,GEN-EWS,4016
26825,GEN,
26826,GEN-EWS,4017
26827,GEN,
26828,GEN,
26829,GEN-EWS,4018
26830,OBC-NCL,7208
26831,GEN,
26832,GEN,
26833,GEN,
26834,SC,1118
26835,SC,1119
26836,GEN,
26837,GEN,
26838,GEN,
26839,OBC-NCL,7209
26840,GEN,
26841,OBC-NCL,7210
26842,GEN,
26843,GEN,
26844,GEN,
26845,GEN,
26846,OBC-NCL,7211
26847,OBC-NCL,7212
26848,OBC-NCL,7213
26849,OBC-NCL,7214
26850,GEN,
26851,OBC-NCL,7215
26852,OBC-NCL,7216
26853,GEN,
26854,GEN,
26855,GEN,
26856,ST,310
26857,GEN,
26858,GEN,
26859,GEN,
26860,GEN,
26861,GEN-EWS,4019
26862,GEN,
26863,GEN-EWS,4020
26864,OBC-NCL,7217
26865,GEN,
26866,GEN-EWS,4021
26867,GEN,
26868,OBC-NCL,7218
26869,OBC-NCL,7219
26870,OBC-NCL,7220
26871,GEN,
26872,OBC-NCL,7221
26873,GEN,
26874,GEN,
26875,GEN,
26876,GEN-EWS,4022
26877,OBC-NCL,7222
26878,GEN,
26879,GEN,
26880,OBC-NCL,7223
26881,GEN,
26882,GEN,
26883,GEN,
26884,GEN,
26885,GEN,
26886,OBC-NCL,7224
26887,SC,1120
26888,OBC-NCL,7225
26889,GEN,
26890,GEN-EWS,4023
26891,OBC-NCL,7226
26892,GEN,
26893,OBC-NCL,7227
26894,GEN-EWS,4024
26895,GEN-EWS,4025
26896,GEN,
26897,GEN,
26898,GEN-EWS,4026
26899,GEN,
26900,GEN-EWS,4027
26901,OBC-NCL,7228
26902,OBC-NCL,7229
26903,OBC-NCL,7230
26904,OBC-NCL,7231
26905,GEN,
26906,OBC-NCL,7232
26907,GEN-EWS,4028
26908,GEN,
26909,OBC-NCL,7233
26910,OBC-NCL,7234
26911,OBC-NCL,7235
26912,GEN,
26913,GEN,
26914,GEN,
26915,GEN-EWS,4029
26916,GEN,
26917,GEN,
26918,GEN,
26919,ST,311
26920,GEN,
26921,OBC-NCL,7236
26922,OBC-NCL,7237
26923,GEN,
26924,GEN,
26925,OBC-NCL,7238
26926,GEN,
26927,GEN,
26928,SC,1122
26929,GEN,
26930,OBC-NCL,7239
26931,GEN-EWS,4030
26932,GEN-EWS,4031
26933,OBC-NCL,7240
26934,GEN,
26935,GEN,
26936,GEN,
26937,SC,1123
26938,OBC-NCL,7241
26939,GEN-EWS,4032
26940,GEN,
26940,SC,1124
26942,GEN-EWS,4033
26943,GEN,
26944,SC,1125
26945,GEN,
26946,GEN,
26947,GEN-EWS,4034
26948,OBC-NCL,7242
26949,GEN-EWS,4035
26950,GEN,
26951,GEN,
26952,GEN-EWS,4036
26953,GEN,
26954,GEN,
26955,GEN,
26956,GEN-EWS,4037
26957,GEN,
26958,GEN,
26959,OBC-NCL,7243
26960,GEN,
26961,GEN,
26962,OBC-NCL,7244
26962,OBC-NCL,7244
26964,GEN-EWS,4038
26965,GEN,
26966,SC,1128
26967,GEN,
26968,GEN,
26969,OBC-NCL,7246
26970,GEN,
26971,OBC-NCL,7247
26972,OBC-NCL,7248
26973,GEN,
26974,OBC-NCL,7249
26975,GEN-EWS,4039
26976,OBC-NCL,7250
26977,GEN,
26978,GEN-EWS,4040
26979,GEN,
26980,OBC-NCL,7251
26981,GEN,
26982,OBC-NCL,7252
26983,OBC-NCL,7253
26984,GEN,
26985,OBC-NCL,7254
26986,SC,1129
26987,GEN,
26988,OBC-NCL,7255
26989,GEN-EWS,4041
26990,OBC-NCL,7256
26991,OBC-NCL,7257
26992,OBC-NCL,7258
26993,GEN,
26994,OBC-NCL,7259
26995,GEN,
26996,GEN-EWS,4042
26997,OBC-NCL,7260
26998,GEN-EWS,4043
26999,GEN-EWS,4044
27000,GEN-EWS,4045
27001,OBC-NCL,7261
27002,OBC-NCL,7262
27003,OBC-NCL,7263
27004,GEN-EWS,4046
27005,OBC-NCL,7264
27006,GEN,
27006,SC,1130
27008,OBC-NCL,7265
27009,OBC-NCL,7266
27010,GEN,
27011,SC,1131
27012,GEN,
27013,GEN-EWS,4047
27013,OBC-NCL,7267
27015,ST,312
27016,SC,1132
27017,OBC-NCL,7268
27018,GEN-EWS,4048
27019,OBC-NCL,7269
27020,GEN-EWS,4049
27021,OBC-NCL,7270
27022,GEN-EWS,4050
27023,GEN,
27024,OBC-NCL,7271
27025,GEN,
27026,GEN-EWS,4051
27027,GEN-EWS,4052
27028,OBC-NCL,7272
27029,GEN,
27029,OBC-NCL,7273
27031,GEN,
27032,OBC-NCL,7274
27033,GEN-EWS,4053
27034,OBC-NCL,7275
27035,OBC-NCL,7276
27036,GEN-EWS,4054
27037,OBC-NCL,7277
27038,GEN,
27039,GEN,
27040,OBC-NCL,7278
27041,GEN,
27042,GEN,
27043,OBC-NCL,7279
27044,OBC-NCL,7280
27045,GEN,
27046,GEN,
27047,GEN,
27048,OBC-NCL,7281
27049,GEN,
27050,GEN-EWS,4055
27051,SC,1134
27052,OBC-NCL,7282
27053,GEN,
27054,GEN,
27055,GEN,
27056,GEN,
27057,GEN,
27058,GEN,
27059,OBC-NCL,7283
27060,GEN,
27060,OBC-NCL,7284
27062,GEN,
27063,OBC-NCL,7285
27064,GEN,
27065,OBC-NCL,7286
27066,GEN-EWS,4056
27067,GEN,
27068,OBC-NCL,7287
27069,OBC-NCL,7288
27070,GEN,
27071,GEN-EWS,4057
27072,GEN,
27073,GEN,
27074,OBC-NCL,7289
27075,GEN,
27076,GEN,
27077,SC,1135
27078,GEN,
27079,OBC-NCL,7290
27080,OBC-NCL,7291
27081,OBC-NCL,7292
27082,OBC-NCL,7293
27083,OBC-NCL,7294
27084,GEN,
27085,GEN,
27086,GEN-EWS,4058
27087,ST,313
27088,OBC-NCL,7295
27089,GEN-EWS,4059
27090,GEN-EWS,4060
27091,SC,1136
27092,GEN,
27093,GEN-EWS,4061
27094,OBC-NCL,7296
27095,GEN,
27096,SC,1137
27097,OBC-NCL,7297
27098,GEN,
27099,OBC-NCL,7298
27100,GEN,
27101,GEN,
27102,GEN,
27103,GEN,
27104,OBC-NCL,7299
27105,GEN,
27106,OBC-NCL,7300
27107,GEN,
27108,OBC-NCL,7301
27109,GEN-EWS,4062
27110,GEN-EWS,4063
27111,OBC-NCL,7302
27112,GEN,
27113,GEN,
27114,OBC-NCL,7303
27115,GEN-EWS,4064
27116,GEN,
27117,GEN,
27118,OBC-NCL,7304
27119,GEN-EWS,4065
27120,GEN,
27121,OBC-NCL,7305
27122,OBC-NCL,7306
27123,GEN,
27124,OBC-NCL,7307
27125,SC,1138
27126,GEN,
27127,GEN,
27128,OBC-NCL,7308
27129,OBC-NCL,7309
27130,GEN-EWS,4066
27131,OBC-NCL,7310
27132,GEN,
27133,OBC-NCL,7311
27134,GEN,
27135,SC,1139
27136,GEN,
27137,GEN-EWS,4067
27138,GEN-EWS,4068
27139,GEN,
27140,GEN,
27140,GEN-EWS,4069
27142,OBC-NCL,7312
27143,OBC-NCL,7313
27144,OBC-NCL,7314
27145,OBC-NCL,7315
27146,GEN-EWS,4070
27147,OBC-NCL,7316
27148,GEN,
27149,OBC-NCL,7317
27150,GEN-EWS,4071
27151,OBC-NCL,7318
27152,GEN,
27152,GEN-EWS,4072
27154,GEN,
27154,OBC-NCL,7319
27156,GEN-EWS,4073
27157,GEN,
27158,SC,1140
27159,GEN,
27160,OBC-NCL,7320
27161,OBC-NCL,7321
27162,GEN-EWS,4074
27163,GEN,
27164,OBC-NCL,7322
27165,GEN-EWS,4075
27166,GEN,
27167,SC,1141
27168,GEN,
27169,OBC-NCL,7323
27170,GEN,
27171,GEN,
27172,OBC-NCL,7324
27173,OBC-NCL,7325
27174,GEN-EWS,4076
27175,OBC-NCL,7326
27176,OBC-NCL,7327
27177,OBC-NCL,7328
27178,GEN-EWS,4077
27179,OBC-NCL,7329
27180,GEN,
27181,OBC-NCL,7330
27182,SC,1142
27183,GEN-EWS,4078
27184,GEN-EWS,4079
27185,GEN-EWS,4080
27186,GEN,
27187,OBC-NCL,7331
27188,OBC-NCL,7332
27189,GEN,
27190,GEN,
27191,OBC-NCL,7333
27192,GEN,
27193,OBC-NCL,7334
27194,GEN,
27195,GEN,
27196,GEN,
27197,GEN,
27198,GEN,
27199,OBC-NCL,7335
27200,GEN-EWS,4081
27201,GEN,
27202,GEN-EWS,4082
27203,OBC-NCL,7336
27204,GEN-EWS,4083
27205,GEN,
27206,GEN-EWS,4084
27207,GEN-EWS,4085
27208,GEN,
27209,GEN,
27210,SC,1144
27211,OBC-NCL,7337
27212,OBC-NCL,7338
27213,GEN,
27214,OBC-NCL,7339
27214,OBC-NCL,7339
27216,GEN-EWS,4086
27217,OBC-NCL,7341
27218,GEN,
27219,GEN,
27220,OBC-NCL,7342
27221,GEN,
27222,GEN,
27223,OBC-NCL,7343
27224,GEN,
27225,SC,1145
27226,GEN,
27227,OBC-NCL,7344
27228,OBC-NCL,7345
27229,GEN,
27230,OBC-NCL,7346
27231,GEN-EWS,4087
27232,OBC-NCL,7347
27233,OBC-NCL,7348
27234,GEN-EWS,4088
27235,OBC-NCL,7349
27236,OBC-NCL,7350
27237,GEN,
27238,GEN,
27239,GEN,
27240,OBC-NCL,7351
27241,OBC-NCL,7352
27242,ST,314
27243,GEN,
27244,GEN,
27245,SC,1146
27246,GEN,
27247,GEN,
27248,GEN,
27249,OBC-NCL,7353
27250,GEN,
27251,GEN,
27252,GEN,
27253,GEN-EWS,4089
27254,GEN,
27255,GEN,
27256,OBC-NCL,7354
27257,GEN,
27258,OBC-NCL,7355
27259,OBC-NCL,7356
27260,OBC-NCL,7357
27261,GEN-EWS,4090
27262,GEN-EWS,4091
27263,GEN,
27264,GEN,
27265,OBC-NCL,7358
27266,GEN-EWS,4092
27267,GEN,
27268,GEN-EWS,4093
27269,OBC-NCL,7359
27270,GEN,
27271,GEN,
27272,GEN-EWS,4094
27273,OBC-NCL,7360
27274,GEN-EWS,4095
27275,GEN,
27276,GEN,
27276,ST,315
27278,OBC-NCL,7361
27279,OBC-NCL,7362
27280,GEN-EWS,4096
27281,GEN-EWS,4097
27282,OBC-NCL,7363
27283,GEN,
27284,OBC-NCL,7364
27285,GEN,
27286,SC,1149
27287,GEN-EWS,4098
27288,OBC-NCL,7365
27289,OBC-NCL,7366
27290,GEN,
27291,GEN,
27292,GEN,
27293,GEN,
27294,OBC-NCL,7367
27295,GEN,
27296,OBC-NCL,7368
27297,OBC-NCL,7369
27298,GEN,
27299,GEN,
27300,OBC-NCL,7370
27301,OBC-NCL,7371
27302,GEN,
27303,GEN,
27304,GEN,
27305,OBC-NCL,7372
27306,OBC-NCL,7373
27307,GEN,
27308,GEN,
27309,GEN-EWS,4099
27310,GEN,
27311,GEN,
27312,GEN-EWS,4100
27313,GEN,
27314,GEN,
27315,GEN,
27316,OBC-NCL,7374
27317,GEN,
27318,OBC-NCL,7375
27319,OBC-NCL,7376
27320,GEN,
27321,GEN-EWS,4101
27322,OBC-NCL,7377
27323,OBC-NCL,7378
27324,GEN-EWS,4102
27325,GEN-EWS,4103
27326,GEN-EWS,4104
27327,GEN,
27328,OBC-NCL,7379
27329,SC,1151
27330,OBC-NCL,7380
27331,GEN-EWS,4105
27332,OBC-NCL,7381
27333,GEN,
27334,SC,1152
27335,GEN,
27336,OBC-NCL,7382
27337,GEN,
27338,OBC-NCL,7383
27339,OBC-NCL,7384
27340,OBC-NCL,7385
27341,OBC-NCL,7386
27342,OBC-NCL,7387
27343,GEN-EWS,4106
27344,GEN,
27345,OBC-NCL,7388
27346,ST,317
27347,OBC-NCL,7389
27348,GEN,
27349,GEN,
27350,GEN-EWS,4107
27351,GEN,
27352,GEN,
27353,GEN-EWS,4108
27354,OBC-NCL,7390
27355,SC,1154
27356,OBC-NCL,7391
27357,GEN-EWS,4109
27358,GEN-EWS,4110
27359,GEN,
27360,GEN,
27361,ST,318
27362,OBC-NCL,7392
27363,GEN,
27364,GEN,
27365,OBC-NCL,7393
27366,GEN,
27367,GEN-EWS,4111
27368,OBC-NCL,7394
27369,OBC-NCL,7395
27370,OBC-NCL,7396
27371,GEN,
27372,GEN-EWS,4112
27373,ST,319
27374,OBC-NCL,7397
27375,GEN,
27376,OBC-NCL,7398
27377,GEN-EWS,4113
27378,GEN-EWS,4114
27379,GEN-EWS,4115
27380,GEN-EWS,4116
27381,GEN,
27382,OBC-NCL,7399
27383,OBC-NCL,7400
27384,OBC-NCL,7401
27385,GEN,
27386,GEN-EWS,4117
27387,GEN,
27388,OBC-NCL,7402
27389,SC,1157
27390,OBC-NCL,7403
27391,GEN,
27392,GEN,
27393,GEN-EWS,4118
27394,OBC-NCL,7404
27395,GEN-EWS,4119
27396,GEN,
27397,GEN,
27398,OBC-NCL,7405
27399,OBC-NCL,7406
27400,SC,1159
27401,GEN-EWS,4120
27401,OBC-NCL,7407
27403,GEN,
27404,GEN,
27405,OBC-NCL,7408
27406,GEN,
27407,GEN,
27408,GEN,
27409,GEN,
27410,GEN,
27411,OBC-NCL,7409
27412,OBC-NCL,7410
27413,GEN,
27414,GEN-EWS,4121
27415,OBC-NCL,7411
27416,GEN,
27417,GEN-EWS,4122
27418,GEN,
27419,ST,320
27420,OBC-NCL,7412
27421,GEN-EWS,4123
27421,GEN-EWS,4123
27423,GEN,
27424,OBC-NCL,7413
27425,GEN,
27426,GEN-EWS,4125
27427,GEN-EWS,4126
27428,OBC-NCL,7414
27429,GEN,
27430,OBC-NCL,7415
27431,GEN-EWS,4127
27431,OBC-NCL,7416
27433,GEN-EWS,4128
27434,GEN-EWS,4129
27435,GEN-EWS,4130
27436,OBC-NCL,7417
27437,OBC-NCL,7418
27438,SC,1160
27439,SC,1161
27440,OBC-NCL,7419
27441,OBC-NCL,7420
27442,GEN,
27443,OBC-NCL,7421
27444,OBC-NCL,7422
27445,GEN,
27446,GEN-EWS,4131
27447,GEN-EWS,4132
27448,GEN,
27449,GEN,
27450,OBC-NCL,7423
27451,GEN,
27452,OBC-NCL,7424
27453,GEN,
27454,SC,1162
27455,GEN-EWS,4133
27456,OBC-NCL,7425
27457,GEN,
27458,GEN-EWS,4134
27459,ST,321
27460,OBC-NCL,7426
27461,GEN-EWS,4135
27462,OBC-NCL,7427
27463,OBC-NCL,7428
27464,GEN,
27465,GEN,
27466,SC,1165
27467,OBC-NCL,7429
27468,GEN,
27469,OBC-NCL,7430
27470,OBC-NCL,7431
27471,ST,322
27472,OBC-NCL,7432
27473,GEN-EWS,4136
27474,SC,1166
27475,GEN,
27476,OBC-NCL,7433
27477,OBC-NCL,7434
27478,OBC-NCL,7435
27479,GEN,
27480,GEN,
27481,GEN,
27482,GEN,
27483,GEN,
27484,GEN-EWS,4137
27485,GEN,
27486,GEN-EWS,4138
27487,OBC-NCL,7436
27488,GEN,
27489,OBC-NCL,7437
27490,GEN-EWS,4139
27491,GEN-EWS,4140
27492,GEN,
27493,SC,1167
27494,OBC-NCL,7438
27495,GEN-EWS,4141
27496,GEN,
27497,OBC-NCL,7439
27498,GEN,
27499,GEN-EWS,4142
27500,GEN,
27501,GEN,
27502,OBC-NCL,7440
27503,GEN-EWS,4143
27504,GEN-EWS,4144
27505,GEN,
27506,OBC-NCL,7441
27507,GEN-EWS,4145
27508,GEN,
27509,GEN,
27510,GEN,
27511,GEN-EWS,4146
27512,ST,323
27513,GEN-EWS,4147
27514,SC,1169
27515,SC,1170
27516,OBC-NCL,7442
27517,GEN,
27518,GEN,
27519,OBC-NCL,7443
27520,OBC-NCL,7444
27521,GEN,
27522,GEN-EWS,4148
27523,OBC-NCL,7445
27524,GEN-EWS,4149
27525,GEN-EWS,4150
27526,OBC-NCL,7446
27527,GEN,
27528,GEN,
27529,OBC-NCL,7447
27530,GEN,
27531,GEN-EWS,4151
27532,GEN,
27533,GEN,
27534,OBC-NCL,7448
27535,OBC-NCL,7449
27536,GEN-EWS,4152
27537,GEN,
27538,OBC-NCL,7450
27539,OBC-NCL,7451
27540,ST,324
27541,GEN,
27542,OBC-NCL,7452
27543,GEN,
27544,GEN-EWS,4153
27545,SC,1171
27546,GEN,
27547,OBC-NCL,7453
27548,ST,325
27549,GEN,
27550,GEN-EWS,4154
27551,GEN,
27552,GEN,
27553,SC,1172
27554,GEN,
27555,OBC-NCL,7454
27556,GEN-EWS,4155
27557,GEN,
27558,GEN,
27559,GEN,
27560,GEN,
27561,GEN-EWS,4156
27562,GEN-EWS,4157
27563,GEN,
27564,GEN,
27565,OBC-NCL,7455
27566,GEN,
27567,OBC-NCL,7456
27568,OBC-NCL,7457
27569,OBC-NCL,7458
27570,OBC-NCL,7459
27571,GEN-EWS,4158
27572,GEN,
27573,GEN,
27574,ST,326
27575,GEN,
27575,OBC-NCL,7460
27577,GEN,
27578,OBC-NCL,7461
27579,GEN,
27580,GEN-EWS,4159
27581,GEN,
27582,SC,1173
27583,GEN,
27584,OBC-NCL,7462
27585,GEN-EWS,4160
27586,OBC-NCL,7463
27587,GEN,
27588,OBC-NCL,7464
27589,GEN,
27590,GEN-EWS,4161
27591,GEN,
27592,GEN,
27593,GEN,
27594,GEN,
27595,GEN-EWS,4162
27596,GEN,
27597,GEN,
27598,OBC-NCL,7465
27599,GEN,
27600,GEN-EWS,4163
27601,GEN,
27602,OBC-NCL,7466
27603,OBC-NCL,7467
27604,GEN-EWS,4164
27605,GEN,
27606,OBC-NCL,7468
27607,ST,327
27608,OBC-NCL,7469
27609,GEN,
27610,OBC-NCL,7470
27611,GEN,
27612,OBC-NCL,7471
27613,GEN-EWS,4165
27614,OBC-NCL,7472
27615,OBC-NCL,7473
27616,OBC-NCL,7474
27617,GEN,
27618,OBC-NCL,7475
27619,GEN,
27620,OBC-NCL,7476
27621,GEN,
27622,OBC-NCL,7477
27623,OBC-NCL,7478
27624,GEN,
27625,GEN,
27626,GEN-EWS,4166
27627,GEN,
27628,GEN,
27628,OBC-NCL,7479
27630,GEN,
27631,GEN,
27632,GEN-EWS,4167
27633,GEN,
27634,GEN-EWS,4168
27635,GEN,
27635,OBC-NCL,7480
27637,GEN,
27638,ST,328
27639,OBC-NCL,7481
27640,GEN,
27641,GEN-EWS,4169
27642,GEN,
27643,OBC-NCL,7482
27644,GEN,
27645,GEN-EWS,4170
27646,GEN-EWS,4171
27647,OBC-NCL,7483
27648,GEN,
27649,SC,1174
27650,OBC-NCL,7484
27651,GEN,
27652,OBC-NCL,7485
27653,GEN,
27654,GEN,
27655,OBC-NCL,7486
27656,OBC-NCL,7487
27657,GEN,
27658,GEN-EWS,4172
27659,OBC-NCL,7488
27660,GEN-EWS,4173
27661,GEN,
27662,SC,1176
27663,OBC-NCL,7489
27664,OBC-NCL,7490
27665,OBC-NCL,7491
27666,OBC-NCL,7492
27667,GEN,
27668,GEN,
27669,GEN,
27670,OBC-NCL,7493
27671,OBC-NCL,7494
27672,GEN,
27673,GEN,
27674,GEN,
27675,OBC-NCL,7495
27676,GEN-EWS,4174
27677,OBC-NCL,7496
27678,OBC-NCL,7497
27679,GEN-EWS,4175
27680,OBC-NCL,7498
27681,GEN-EWS,4176
27682,GEN,
27682,SC,1177
27684,GEN-EWS,4177
27685,OBC-NCL,7499
27685,SC,1178
27687,SC,1179
27688,OBC-NCL,7500
27689,GEN,
27690,GEN,
27691,SC,1180
27692,GEN,
27693,OBC-NCL,7501
27694,GEN-EWS,4178
27695,GEN-EWS,4179
27696,GEN-EWS,4180
27697,GEN,
27698,GEN,
27698,OBC-NCL,7502
27700,GEN-EWS,4181
27701,GEN,
27702,GEN-EWS,4182
27703,GEN,
27704,GEN-EWS,4183
27705,GEN,
27706,GEN,
27707,GEN,
27708,OBC-NCL,7503
27709,OBC-NCL,7504
27710,OBC-NCL,7505
27711,GEN,
27712,OBC-NCL,7506
27713,GEN-EWS,4184
27714,GEN,
27715,OBC-NCL,7507
27716,GEN,
27717,GEN-EWS,4185
27718,SC,1181
27719,OBC-NCL,7508
27720,GEN,
27721,ST,329
27722,GEN,
27723,GEN,
27724,OBC-NCL,7509
27725,OBC-NCL,7510
27726,GEN-EWS,4186
27727,SC,1182
27728,OBC-NCL,7511
27729,GEN,
27730,GEN,
27731,GEN,
27732,GEN,
27733,GEN,
27734,GEN,
27735,GEN-EWS,4187
27736,GEN,
27737,GEN,
27738,OBC-NCL,7512
27739,GEN,
27740,OBC-NCL,7513
27741,GEN,
27742,OBC-NCL,7514
27743,GEN,
27744,OBC-NCL,7515
27745,GEN,
27746,GEN-EWS,4188
27747,GEN,
27748,GEN,
27749,GEN,
27750,SC,1183
27751,GEN-EWS,4189
27752,OBC-NCL,7516
27753,GEN-EWS,4190
27754,GEN,
27755,GEN-EWS,4191
27756,OBC-NCL,7517
27757,GEN,
27758,GEN-EWS,4192
27758,OBC-NCL,7518
27760,GEN,
27761,GEN,
27762,OBC-NCL,7519
27763,GEN,
27764,OBC-NCL,7520
27765,OBC-NCL,7521
27766,GEN,
27767,GEN,
27768,GEN,
27769,GEN,
27770,GEN,
27771,SC,1184
27772,OBC-NCL,7522
27773,OBC-NCL,7523
27774,GEN,
27775,GEN,
27776,OBC-NCL,7524
27777,OBC-NCL,7525
27778,GEN-EWS,4193
27779,OBC-NCL,7526
27780,GEN,
27781,ST,330
27782,OBC-NCL,7527
27783,GEN,
27784,GEN,
27785,OBC-NCL,7528
27786,OBC-NCL,7529
27787,GEN,
27788,OBC-NCL,7530
27789,OBC-NCL,7531
27790,OBC-NCL,7532
27791,OBC-NCL,7533
27792,OBC-NCL,7534
27793,OBC-NCL,7535
27794,OBC-NCL,7536
27795,OBC-NCL,7537
27796,GEN,
27797,OBC-NCL,7538
27798,OBC-NCL,7539
27799,GEN-EWS,4194
27800,GEN,
27801,OBC-NCL,7540
27802,GEN,
27802,OBC-NCL,7541
27804,GEN,
27805,GEN,
27806,OBC-NCL,7542
27807,OBC-NCL,7543
27808,GEN,
27809,OBC-NCL,7544
27810,OBC-NCL,7545
27811,OBC-NCL,7546
27812,GEN,
27813,GEN,
27814,GEN-EWS,4195
27815,GEN-EWS,4196
27816,GEN,
27817,GEN,
27818,SC,1186
27819,OBC-NCL,7547
27820,SC,1187
27821,OBC-NCL,7548
27822,OBC-NCL,7549
27823,GEN,
27824,GEN-EWS,4197
27825,OBC-NCL,7550
27826,OBC-NCL,7551
27827,SC,1188
27828,GEN-EWS,4198
27829,GEN-EWS,4199
27830,GEN,
27831,GEN-EWS,4200
27832,GEN-EWS,4201
27833,OBC-NCL,7552
27834,GEN,
27835,GEN,
27836,ST,331
27837,OBC-NCL,7553
27838,GEN,
27839,OBC-NCL,7554
27840,GEN,
27841,OBC-NCL,7555
27842,OBC-NCL,7556
27843,GEN,
27844,GEN,
27845,GEN,
27846,OBC-NCL,7557
27847,OBC-NCL,7558
27848,GEN,
27849,GEN,
27850,GEN,
27851,GEN,
27852,OBC-NCL,7559
27853,GEN,
27854,GEN,
27855,GEN,
27856,GEN,
27857,OBC-NCL,7560
27858,GEN,
27859,GEN,
27860,GEN,
27861,GEN,
27862,GEN,
27863,GEN,
27864,GEN,
27865,GEN,
27866,GEN,
27867,GEN,
27868,OBC-NCL,7561
27869,GEN,
27870,OBC-NCL,7562
27871,OBC-NCL,7563
27872,SC,1189
27873,GEN,
27874,GEN-EWS,4202
27875,GEN,
27876,OBC-NCL,7564
27877,GEN,
27878,GEN-EWS,4203
27879,GEN,
27880,SC,1190
27881,GEN,
27882,OBC-NCL,7565
27883,GEN,
27884,GEN,
27885,OBC-NCL,7566
27886,GEN-EWS,4204
27887,OBC-NCL,7567
27888,GEN,
27889,OBC-NCL,7568
27890,GEN,
27891,GEN,
27892,OBC-NCL,7569
27893,OBC-NCL,7570
27894,GEN-EWS,4205
27895,GEN,
27896,SC,1191
27897,GEN-EWS,4206
27898,GEN,
27899,GEN,
27900,GEN,
27901,OBC-NCL,7571
27902,GEN,
27903,GEN,
27904,OBC-NCL,7572
27905,GEN-EWS,4207
27906,GEN,
27907,ST,332
27908,SC,1192
27909,OBC-NCL,7573
27910,GEN,
27911,OBC-NCL,7574
27912,GEN-EWS,4208
27913,OBC-NCL,7575
27914,GEN,
27915,GEN,
27916,GEN,
27917,SC,1193
27918,GEN,
27919,OBC-NCL,7576
27920,GEN-EWS,4209
27921,GEN,
27922,GEN,
27923,OBC-NCL,7577
27924,OBC-NCL,7578
27925,GEN,
27926,GEN,
27927,GEN,
27928,SC,1194
27929,GEN,
27930,GEN,
27931,GEN-EWS,4210
27932,OBC-NCL,7579
27933,OBC-NCL,7580
27934,OBC-NCL,7581
27935,OBC-NCL,7582
27936,GEN,
27937,GEN-EWS,4211
27938,GEN,
27939,SC,1196
27940,OBC-NCL,7583
27941,OBC-NCL,7584
27942,OBC-NCL,7585
27943,OBC-NCL,7586
27944,OBC-NCL,7587
27945,GEN,
27946,GEN,
27946,GEN,
27948,GEN-EWS,4212
27949,SC,1197
27950,OBC-NCL,7588
27951,GEN,
27952,OBC-NCL,7589
27953,GEN,
27954,GEN-EWS,4213
27955,GEN,
27956,OBC-NCL,7590
27957,GEN,
27958,GEN-EWS,4214
27959,GEN,
27960,GEN,
27961,GEN,
27962,GEN,
27963,GEN,
27964,OBC-NCL,7591
27965,OBC-NCL,7592
27966,OBC-NCL,7593
27967,OBC-NCL,7594
27968,GEN-EWS,4215
27969,SC,1198
27970,GEN,
27971,OBC-NCL,7595
27972,OBC-NCL,7596
27973,GEN,
27974,GEN,
27975,ST,333
27976,GEN,
27976,GEN,
27978,OBC-NCL,7597
27979,SC,1199
27980,GEN,
27980,GEN,
27982,GEN-EWS,4216
27983,OBC-NCL,7598
27984,OBC-NCL,7599
27985,GEN,
27986,GEN,
27987,GEN,
27988,GEN,
27989,GEN,
27990,GEN-EWS,4217
27991,GEN,
27992,OBC-NCL,7600
27993,OBC-NCL,7601
27994,ST,334
27995,GEN,
27996,GEN-EWS,4218
27996,SC,1200
27998,OBC-NCL,7602
27999,GEN,
27999,GEN-EWS,4219
28001,GEN-EWS,4220
28002,OBC-NCL,7603
28003,OBC-NCL,7604
28004,GEN,
28005,OBC-NCL,7605
28006,OBC-NCL,7606
28007,GEN,
28008,OBC-NCL,7607
28009,GEN-EWS,4221
28010,GEN,
28011,OBC-NCL,7608
28012,GEN,
28012,ST,336
28014,GEN,
28015,OBC-NCL,7609
28016,GEN,
28017,OBC-NCL,7610
28018,GEN,
28019,GEN-EWS,4222
28020,OBC-NCL,7611
28021,GEN,
28022,GEN,
28023,GEN,
28024,OBC-NCL,7612
28025,GEN,
28026,OBC-NCL,7613
28027,GEN,
28028,GEN-EWS,4223
28029,ST,337
28030,GEN,
28031,GEN,
28032,GEN,
28033,GEN-EWS,4224
28034,GEN,
28035,GEN,
28036,GEN,
28037,ST,338
28038,GEN,
28039,OBC-NCL,7614
28040,GEN-EWS,4225
28041,GEN-EWS,4226
28042,GEN-EWS,4227
28043,OBC-NCL,7615
28044,GEN,
28045,SC,1201
28046,OBC-NCL,7616
28047,GEN-EWS,4228
28048,GEN,
28049,GEN,
28050,GEN-EWS,4229
28051,OBC-NCL,7617
28052,GEN,
28053,OBC-NCL,7618
28054,GEN-EWS,4230
28055,GEN-EWS,4231
28056,GEN,
28057,GEN,
28058,OBC-NCL,7619
28059,GEN-EWS,4232
28059,OBC-NCL,7620
28061,OBC-NCL,7621
28062,GEN,
28063,GEN,
28064,GEN,
28065,GEN,
28066,ST,339
28067,OBC-NCL,7622
28068,OBC-NCL,7623
28069,GEN,
28070,GEN,
28071,OBC-NCL,7624
28072,OBC-NCL,7625
28073,OBC-NCL,7626
28074,GEN,
28075,OBC-NCL,7627
28076,OBC-NCL,7628
28077,SC,1202
28078,SC,1203
28079,GEN,
28080,GEN,
28081,GEN-EWS,4233
28082,ST,340
28083,GEN,
28084,OBC-NCL,7629
28085,GEN-EWS,4234
28086,GEN,
28087,GEN-EWS,4235
28088,GEN,
28089,SC,1204
28090,GEN-EWS,4236
28091,OBC-NCL,7630
28092,SC,1205
28093,ST,341
28094,OBC-NCL,7631
28095,OBC-NCL,7632
28096,OBC-NCL,7633
28097,GEN,
28098,GEN-EWS,4237
28099,GEN,
28100,GEN,
28101,GEN-EWS,4238
28102,GEN,
28103,GEN,
28104,OBC-NCL,7634
28105,GEN,
28106,OBC-NCL,7635
28107,GEN,
28108,GEN,
28109,GEN,
28110,GEN-EWS,4239
28111,GEN,
28111,GEN,
28113,GEN-EWS,4240
28114,GEN,
28115,GEN-EWS,4241
28116,OBC-NCL,7636
28117,OBC-NCL,7637
28118,OBC-NCL,7638
28119,GEN,
28120,OBC-NCL,7639
28121,SC,1206
28122,GEN,
28123,GEN,
28123,OBC-NCL,7640
28125,OBC-NCL,7641
28126,GEN,
28127,GEN,
28128,OBC-NCL,7642
28129,GEN,
28130,OBC-NCL,7643
28131,OBC-NCL,7644
28132,OBC-NCL,7645
28133,OBC-NCL,7646
28134,SC,1207
28135,GEN-EWS,4242
28136,GEN,
28137,OBC-NCL,7647
28138,GEN-EWS,4243
28139,SC,1208
28140,GEN-EWS,4244
28141,GEN,
28142,OBC-NCL,7648
28143,OBC-NCL,7649
28144,GEN-EWS,4245
28145,SC,1209
28146,GEN-EWS,4246
28147,GEN,
28148,GEN,
28149,OBC-NCL,7650
28150,OBC-NCL,7651
28151,GEN,
28152,OBC-NCL,7652
28153,OBC-NCL,7653
28154,GEN,
28155,GEN-EWS,4247
28156,GEN,
28157,OBC-NCL,7654
28158,GEN-EWS,4248
28159,OBC-NCL,7655
28160,GEN,
28161,OBC-NCL,7656
28162,GEN,
28163,GEN,
28164,GEN,
28165,OBC-NCL,7657
28166,SC,1210
28167,GEN-EWS,4249
28168,GEN,
28169,GEN,
28170,OBC-NCL,7658
28171,GEN,
28172,GEN-EWS,4250
28173,OBC-NCL,7659
28174,OBC-NCL,7660
28175,OBC-NCL,7661
28176,OBC-NCL,7662
28177,OBC-NCL,7663
28178,OBC-NCL,7664
28179,OBC-NCL,7665
28180,SC,1211
28181,GEN,
28182,OBC-NCL,7666
28183,GEN,
28184,GEN,
28185,GEN,
28186,GEN,
28187,OBC-NCL,7667
28188,GEN,
28189,GEN,
28190,OBC-NCL,7668
28191,ST,343
28192,GEN,
28193,GEN,
28194,OBC-NCL,7669
28195,GEN,
28195,SC,1212
28197,GEN-EWS,4251
28198,OBC-NCL,7670
28199,GEN,
28200,OBC-NCL,7671
28201,SC,1213
28202,SC,1214
28203,SC,1215
28204,GEN,
28205,GEN-EWS,4252
28205,ST,344
28207,GEN-EWS,4253
28208,GEN-EWS,4254
28209,OBC-NCL,7672
28210,GEN-EWS,4255
28211,GEN-EWS,4256
28212,GEN,
28213,OBC-NCL,7673
28214,GEN,
28215,OBC-NCL,7674
28216,GEN,
28217,GEN,
28218,GEN,
28219,GEN,
28220,OBC-NCL,7675
28221,GEN,
28222,GEN,
28223,OBC-NCL,7676
28224,OBC-NCL,7677
28225,GEN,
28226,OBC-NCL,7678
28227,OBC-NCL,7679
28228,GEN,
28229,GEN,
28230,OBC-NCL,7680
28231,OBC-NCL,7681
28232,OBC-NCL,7682
28233,GEN,
28234,GEN,
28235,GEN-EWS,4257
28236,GEN,
28237,GEN-EWS,4258
28238,OBC-NCL,7683
28239,GEN,
28240,GEN,
28241,OBC-NCL,7684
28242,GEN,
28243,GEN,
28244,OBC-NCL,7685
28245,SC,1216
28246,OBC-NCL,7686
28247,GEN,
28248,OBC-NCL,7687
28249,OBC-NCL,7688
28250,GEN-EWS,4259
28251,OBC-NCL,7689
28252,GEN,
28253,GEN,
28254,OBC-NCL,7690
28255,GEN,
28256,GEN,
28257,GEN,
28258,SC,1217
28259,OBC-NCL,7691
28260,GEN-EWS,4260
28261,GEN,
28262,OBC-NCL,7692
28263,OBC-NCL,7693
28264,GEN,
28265,GEN,
28266,OBC-NCL,7694
28267,GEN,
28267,OBC-NCL,7695
28269,GEN,
28270,GEN,
28271,GEN,
28272,GEN,
28273,SC,1218
28274,GEN-EWS,4261
28275,OBC-NCL,7696
28276,GEN,
28277,GEN-EWS,4262
28278,SC,1219
28279,GEN,
28280,GEN,
28281,GEN,
28282,GEN-EWS,4263
28283,GEN,
28284,SC,1220
28285,SC,1221
28286,OBC-NCL,7697
28287,OBC-NCL,7698
28288,OBC-NCL,7699
28289,OBC-NCL,7700
28290,GEN,
28291,GEN,
28292,GEN,
28293,OBC-NCL,7701
28294,GEN,
28295,GEN,
28296,OBC-NCL,7702
28297,OBC-NCL,7703
28298,GEN-EWS,4264
28299,OBC-NCL,7704
28300,GEN-EWS,4265
28301,GEN,
28302,GEN,
28303,OBC-NCL,7705
28304,ST,345
28305,GEN-EWS,4266
28306,OBC-NCL,7706
28307,OBC-NCL,7707
28308,OBC-NCL,7708
28309,SC,1223
28310,GEN,
28311,GEN,
28312,GEN,
28313,GEN,
28314,OBC-NCL,7709
28315,OBC-NCL,7710
28316,OBC-NCL,7711
28317,GEN,
28318,OBC-NCL,7712
28319,OBC-NCL,7713
28320,GEN-EWS,4267
28321,GEN,
28322,OBC-NCL,7714
28323,OBC-NCL,7715
28324,GEN-EWS,4268
28325,OBC-NCL,7716
28326,OBC-NCL,7717
28327,GEN-EWS,4269
28328,GEN-EWS,4270
28329,GEN,
28330,GEN,
28331,GEN,
28332,OBC-NCL,7718
28333,GEN,
28334,OBC-NCL,7719
28335,GEN,
28336,SC,1224
28337,OBC-NCL,7720
28338,GEN-EWS,4271
28339,OBC-NCL,7721
28340,GEN,
28341,GEN-EWS,4272
28342,SC,1225
28343,OBC-NCL,7722
28344,GEN,
28345,OBC-NCL,7723
28346,GEN,
28347,GEN,
28348,GEN,
28349,GEN,
28350,OBC-NCL,7724
28351,GEN,
28352,OBC-NCL,7725
28353,OBC-NCL,7726
28354,GEN,
28355,OBC-NCL,7727
28356,GEN,
28357,SC,1227
28358,GEN,
28359,GEN-EWS,4273
28360,OBC-NCL,7728
28361,GEN,
28362,GEN-EWS,4274
28363,GEN,
28364,GEN-EWS,4275
28365,SC,1228
28366,GEN,
28367,ST,346
28368,SC,1229
28369,SC,1230
28370,SC,1231
28371,OBC-NCL,7729
28372,GEN,
28373,GEN,
28374,GEN,
28375,GEN,
28376,GEN,
28377,OBC-NCL,7730
28378,SC,1232
28379,GEN,
28380,GEN,
28381,GEN,
28382,GEN,
28383,OBC-NCL,7731
28384,GEN,
28385,GEN,
28385,GEN,
28387,SC,1233
28388,OBC-NCL,7732
28389,GEN,
28390,GEN,
28391,GEN-EWS,4276
28392,OBC-NCL,7733
28393,OBC-NCL,7734
28394,GEN-EWS,4277
28395,GEN,
28396,OBC-NCL,7735
28397,GEN,
28398,GEN,
28399,GEN-EWS,4278
28400,OBC-NCL,7736
28401,OBC-NCL,7737
28402,OBC-NCL,7738
28403,GEN,
28404,OBC-NCL,7739
28405,GEN,
28406,OBC-NCL,7740
28407,GEN,
28408,OBC-NCL,7741
28409,GEN,
28410,GEN-EWS,4279
28411,GEN-EWS,4280
28412,GEN-EWS,4281
28413,OBC-NCL,7742
28414,GEN,
28415,GEN-EWS,4282
28416,OBC-NCL,7743
28417,GEN,
28418,GEN,
28419,OBC-NCL,7744
28420,OBC-NCL,7745
28421,SC,1234
28422,OBC-NCL,7746
28423,GEN,
28424,OBC-NCL,7747
28425,GEN,
28426,GEN-EWS,4283
28427,GEN,
28428,GEN,
28429,ST,347
28430,OBC-NCL,7748
28431,SC,1235
28432,OBC-NCL,7749
28433,GEN,
28434,GEN,
28435,GEN,
28436,GEN,
28437,GEN-EWS,4284
28438,GEN,
28439,OBC-NCL,7750
28440,GEN-EWS,4285
28441,OBC-NCL,7751
28442,GEN-EWS,4286
28443,GEN,
28444,GEN,
28445,GEN-EWS,4287
28446,GEN,
28447,OBC-NCL,7752
28448,GEN,
28449,GEN,
28450,GEN,
28451,GEN,
28451,GEN-EWS,4288
28453,OBC-NCL,7753
28454,ST,348
28455,GEN,
28456,GEN-EWS,4289
28457,OBC-NCL,7754
28458,GEN-EWS,4290
28459,GEN,
28460,SC,1236
28461,GEN,
28462,GEN-EWS,4291
28463,OBC-NCL,7755
28464,GEN-EWS,4292
28465,OBC-NCL,7756
28466,OBC-NCL,7757
28467,OBC-NCL,7758
28468,OBC-NCL,7759
28469,SC,1237
28470,OBC-NCL,7760
28471,GEN,
28472,GEN,
28473,OBC-NCL,7761
28474,GEN,
28475,OBC-NCL,7762
28476,GEN,
28477,OBC-NCL,7763
28478,GEN-EWS,4293
28479,OBC-NCL,7764
28480,OBC-NCL,7765
28481,SC,1239
28482,GEN,
28483,OBC-NCL,7766
28484,OBC-NCL,7767
28485,GEN-EWS,4294
28486,GEN-EWS,4295
28487,GEN,
28488,OBC-NCL,7768
28489,OBC-NCL,7769
28490,GEN,
28491,OBC-NCL,7770
28492,OBC-NCL,7771
28493,GEN,
28494,GEN,
28495,GEN-EWS,4296
28496,GEN,
28496,OBC-NCL,7772
28498,OBC-NCL,7773
28499,OBC-NCL,7774
28500,GEN,
28501,GEN,
28502,OBC-NCL,7775
28503,GEN-EWS,4297
28504,GEN,
28505,GEN,
28506,GEN,
28507,OBC-NCL,7776
28508,GEN,
28509,GEN,
28510,OBC-NCL,7777
28511,OBC-NCL,7778
28512,GEN,
28513,GEN,
28514,OBC-NCL,7779
28515,OBC-NCL,7780
28516,SC,1240
28517,GEN-EWS,4298
28518,GEN,
28519,OBC-NCL,7781
28520,OBC-NCL,7782
28521,GEN,
28522,GEN,
28523,OBC-NCL,7783
28524,SC,1241
28525,GEN,
28526,OBC-NCL,7784
28527,OBC-NCL,7785
28528,SC,1242
28529,OBC-NCL,7786
28530,OBC-NCL,7787
28531,GEN-EWS,4299
28532,GEN,
28533,GEN,
28533,GEN,
28535,GEN-EWS,4300
28536,OBC-NCL,7788
28537,GEN,
28538,GEN-EWS,4301
28539,GEN-EWS,4302
28540,GEN,
28541,OBC-NCL,7789
28542,GEN,
28543,OBC-NCL,7790
28544,GEN-EWS,4303
28545,OBC-NCL,7791
28546,GEN,
28547,GEN,
28548,OBC-NCL,7792
28549,OBC-NCL,7793
28550,OBC-NCL,7794
28551,OBC-NCL,7795
28552,OBC-NCL,7796
28553,GEN,
28554,GEN-EWS,4304
28555,GEN,
28556,ST,349
28557,SC,1243
28558,GEN,
28559,OBC-NCL,7797
28560,GEN,
28561,GEN,
28562,SC,1244
28563,OBC-NCL,7798
28564,OBC-NCL,7799
28565,OBC-NCL,7800
28566,GEN-EWS,4305
28567,OBC-NCL,7801
28568,OBC-NCL,7802
28569,OBC-NCL,7803
28570,GEN,
28571,GEN,
28572,OBC-NCL,7804
28573,GEN,
28574,GEN-EWS,4306
28575,GEN,
28576,OBC-NCL,7805
28577,GEN,
28577,SC,1245
28579,GEN-EWS,4307
28580,GEN,
28581,OBC-NCL,7806
28582,GEN,
28583,OBC-NCL,7807
28584,GEN,
28585,GEN,
28586,GEN-EWS,4308
28587,OBC-NCL,7808
28588,GEN,
28588,OBC-NCL,7809
28590,OBC-NCL,7810
28591,OBC-NCL,7811
28592,GEN-EWS,4309
28593,OBC-NCL,7812
28594,GEN,
28594,GEN,
28596,OBC-NCL,7813
28597,OBC-NCL,7814
28598,GEN,
28599,GEN,
28600,GEN,
28601,GEN,
28602,GEN,
28603,OBC-NCL,7815
28604,GEN,
28605,GEN,
28605,GEN-EWS,4310
28607,GEN,
28608,GEN,
28609,GEN,
28610,OBC-NCL,7816
28611,GEN,
28612,GEN,
28613,GEN-EWS,4311
28614,GEN,
28615,GEN,
28616,GEN,
28617,GEN,
28618,OBC-NCL,7817
28619,OBC-NCL,7818
28620,OBC-NCL,7819
28621,OBC-NCL,7820
28621,OBC-NCL,7820
28623,GEN,
28624,GEN-EWS,4312
28625,ST,350
28626,GEN,
28627,OBC-NCL,7822
28628,GEN,
28629,OBC-NCL,7823
28630,OBC-NCL,7824
28631,GEN-EWS,4313
28632,OBC-NCL,7825
28633,OBC-NCL,7826
28634,GEN,
28635,OBC-NCL,7827
28636,GEN,
28637,OBC-NCL,7828
28638,GEN,
28639,GEN,
28640,GEN-EWS,4314
28641,GEN,
28642,OBC-NCL,7829
28643,OBC-NCL,7830
28644,OBC-NCL,7831
28645,GEN-EWS,4315
28646,GEN,
28647,OBC-NCL,7832
28648,ST,351
28649,OBC-NCL,7833
28650,OBC-NCL,7834
28651,GEN,
28652,GEN,
28653,GEN,
28654,GEN,
28655,OBC-NCL,7835
28656,SC,1246
28657,OBC-NCL,7836
28658,OBC-NCL,7837
28659,GEN,
28660,GEN-EWS,4316
28661,GEN-EWS,4317
28662,GEN,
28663,GEN,
28664,GEN,
28665,OBC-NCL,7838
28666,GEN,
28667,GEN-EWS,4318
28668,GEN,
28669,OBC-NCL,7839
28670,GEN,
28671,OBC-NCL,7840
28672,GEN-EWS,4319
28673,GEN,
28674,SC,1247
28675,GEN-EWS,4320
28676,GEN,
28677,GEN-EWS,4321
28678,OBC-NCL,7841
28679,GEN,
28680,SC,1249
28681,GEN,
28682,GEN,
28683,SC,1250
28684,GEN-EWS,4322
28685,SC,1251
28686,GEN,
28687,GEN,
28688,GEN,
28689,OBC-NCL,7842
28690,GEN,
28691,OBC-NCL,7843
28692,OBC-NCL,7844
28693,OBC-NCL,7845
28694,GEN,
28695,GEN,
28696,OBC-NCL,7846
28697,GEN,
28698,OBC-NCL,7847
28699,GEN,
28700,GEN,
28701,OBC-NCL,7848
28702,GEN,
28703,GEN,
28704,GEN,
28704,OBC-NCL,7849
28706,OBC-NCL,7850
28707,GEN,
28707,OBC-NCL,7851
28709,GEN-EWS,4323
28710,GEN-EWS,4324
28711,OBC-NCL,7852
28712,OBC-NCL,7853
28713,GEN,
28714,GEN-EWS,4325
28715,GEN-EWS,4326
28716,OBC-NCL,7854
28717,GEN-EWS,4327
28718,OBC-NCL,7855
28719,ST,352
28720,GEN,
28721,OBC-NCL,7856
28722,GEN-EWS,4328
28723,GEN-EWS,4329
28724,GEN,
28725,SC,1254
28726,GEN,
28727,OBC-NCL,7857
28728,GEN,
28729,OBC-NCL,7858
28730,GEN,
28731,ST,353
28732,GEN,
28733,OBC-NCL,7859
28734,GEN,
28734,GEN-EWS,4330
28734,OBC-NCL,7860
28737,OBC-NCL,7861
28738,GEN,
28739,SC,1255
28740,GEN,
28741,OBC-NCL,7862
28742,OBC-NCL,7863
28743,GEN,
28744,GEN-EWS,4331
28745,GEN-EWS,4332
28746,SC,1256
28747,GEN-EWS,4333
28748,GEN,
28749,GEN,
28749,GEN-EWS,4334
28751,SC,1257
28752,GEN-EWS,4335
28753,GEN-EWS,4336
28753,SC,1258
28755,OBC-NCL,7864
28756,OBC-NCL,7865
28757,OBC-NCL,7866
28758,GEN-EWS,4337
28759,GEN-EWS,4338
28760,GEN-EWS,4339
28761,GEN-EWS,4340
28762,OBC-NCL,7867
28763,GEN,
28764,GEN,
28765,GEN,
28766,OBC-NCL,7868
28767,GEN-EWS,4341
28768,GEN,
28769,OBC-NCL,7869
28770,GEN-EWS,4342
28771,OBC-NCL,7870
28772,GEN,
28773,GEN,
28774,GEN,
28775,GEN,
28776,OBC-NCL,7871
28777,OBC-NCL,7872
28778,GEN,
28779,GEN,
28780,GEN,
28780,OBC-NCL,7873
28782,GEN,
28782,GEN-EWS,4343
28784,GEN,
28785,OBC-NCL,7874
28786,OBC-NCL,7875
28787,GEN-EWS,4344
28788,OBC-NCL,7876
28789,OBC-NCL,7877
28790,GEN,
28791,OBC-NCL,7878
28792,GEN-EWS,4345
28793,GEN,
28794,OBC-NCL,7879
28795,GEN-EWS,4346
28796,GEN-EWS,4347
28797,OBC-NCL,7880
28797,OBC-NCL,7880
28799,OBC-NCL,7882
28800,GEN-EWS,4348
28801,GEN,
28802,OBC-NCL,7883
28803,GEN-EWS,4349
28803,OBC-NCL,7884
28805,SC,1259
28806,ST,354
28807,OBC-NCL,7885
28808,GEN-EWS,4350
28809,ST,355
28810,GEN,
28811,GEN-EWS,4351
28812,GEN,
28813,GEN,
28814,SC,1260
28815,OBC-NCL,7886
28816,SC,1261
28817,GEN,
28818,GEN-EWS,4352
28819,ST,356
28820,GEN,
28821,GEN,
28822,OBC-NCL,7887
28823,OBC-NCL,7888
28824,GEN,
28824,SC,1262
28826,GEN-EWS,4353
28827,OBC-NCL,7889
28828,OBC-NCL,7890
28829,GEN,
28830,GEN,
28831,OBC-NCL,7891
28832,GEN-EWS,4354
28833,OBC-NCL,7892
28834,GEN,
28835,GEN-EWS,4355
28836,GEN,
28837,SC,1263
28838,GEN,
28839,GEN,
28840,GEN-EWS,4356
28841,SC,1264
28842,OBC-NCL,7893
28843,GEN,
28844,GEN,
28844,GEN,
28846,GEN,
28847,GEN,
28848,GEN,
28849,OBC-NCL,7894
28850,GEN-EWS,4357
28851,OBC-NCL,7895
28852,OBC-NCL,7896
28853,GEN-EWS,4358
28854,GEN-EWS,4359
28855,GEN-EWS,4360
28856,GEN,
28857,GEN,
28858,SC,1265
28859,OBC-NCL,7897
28860,GEN,
28861,OBC-NCL,7898
28862,GEN,
28862,GEN-EWS,4361
28864,OBC-NCL,7899
28865,OBC-NCL,7900
28866,OBC-NCL,7901
28867,OBC-NCL,7902
28868,ST,359
28869,GEN,
28870,OBC-NCL,7903
28871,OBC-NCL,7904
28872,GEN,
28873,SC,1267
28874,OBC-NCL,7905
28874,OBC-NCL,7905
28876,GEN,
28877,GEN,
28878,GEN,
28879,OBC-NCL,7907
28880,GEN,
28881,GEN-EWS,4362
28882,OBC-NCL,7908
28883,GEN,
28884,GEN-EWS,4363
28885,GEN,
28886,GEN,
28887,OBC-NCL,7909
28888,ST,360
28889,SC,1269
28890,SC,1270
28891,GEN,
28892,GEN,
28893,OBC-NCL,7910
28894,GEN,
28895,GEN,
28896,SC,1271
28897,OBC-NCL,7911
28898,OBC-NCL,7912
28899,GEN,
28900,GEN-EWS,4364
28901,GEN,
28902,OBC-NCL,7913
28903,GEN-EWS,4365
28904,OBC-NCL,7914
28905,GEN,
28906,GEN,
28907,GEN,
28908,OBC-NCL,7915
28909,SC,1272
28910,GEN-EWS,4366
28911,OBC-NCL,7916
28912,GEN-EWS,4367
28913,SC,1273
28914,OBC-NCL,7917
28915,GEN,
28916,GEN,
28917,GEN,
28918,ST,361
28919,OBC-NCL,7918
28920,GEN,
28921,ST,362
28922,GEN,
28923,OBC-NCL,7919
28924,OBC-NCL,7920
28925,GEN-EWS,4368
28926,OBC-NCL,7921
28927,GEN,
28928,GEN-EWS,4369
28929,GEN,
28930,GEN,
28931,GEN-EWS,4370
28932,OBC-NCL,7922
28933,GEN,
28934,SC,1274
28935,OBC-NCL,7923
28936,SC,1275
28937,OBC-NCL,7924
28938,GEN-EWS,4371
28939,GEN,
28940,OBC-NCL,7925
28941,GEN-EWS,4372
28942,GEN,
28943,SC,1277
28944,GEN-EWS,4373
28945,SC,1278
28946,GEN,
28947,GEN,
28948,GEN,
28949,OBC-NCL,7926
28950,GEN,
28951,GEN-EWS,4374
28952,GEN,
28952,SC,1279
28954,GEN,
28955,GEN,
28956,SC,1280
28957,GEN,
28958,GEN,
28959,GEN,
28960,GEN,
28960,OBC-NCL,7927
28962,OBC-NCL,7928
28963,GEN,
28964,GEN-EWS,4375
28965,GEN,
28966,GEN-EWS,4376
28967,SC,1281
28968,GEN,
28969,GEN,
28970,GEN,
28971,GEN,
28972,OBC-NCL,7929
28973,GEN-EWS,4377
28974,GEN,
28975,GEN,
28976,GEN,
28977,OBC-NCL,7930
28978,GEN,
,GEN-EWS,4378
,GEN-EWS,4379
,GEN-EWS,4380
,GEN-EWS,4381
,GEN-EWS,4382
,GEN-EWS,4383
,GEN-EWS,4384
,GEN-EWS,4385
,GEN-EWS,4386
,GEN-EWS,4387
,GEN-EWS,4388
,GEN-EWS,4389
,GEN-EWS,4390
,GEN-EWS,4391
,GEN-EWS,4392
,GEN-EWS,4393
,GEN-EWS,4394
,GEN-EWS,4395
,GEN-EWS,4396
,GEN-EWS,4397
,GEN-EWS,4398
,GEN-EWS,4399
,GEN-EWS,4400
,GEN-EWS,4401
,GEN-EWS,4402
,GEN-EWS,4403
,GEN-EWS,4404
,GEN-EWS,4405
,GEN-EWS,4406
,GEN-EWS,4407
,GEN-EWS,4408
,GEN-EWS,4409
,GEN-EWS,4410
,GEN-EWS,4411
,GEN-EWS,4412
,GEN-EWS,4413
,GEN-EWS,4414
,GEN-EWS,4415
,GEN-EWS,4416
,GEN-EWS,4417
,GEN-EWS,4418
,GEN-EWS,4419
,GEN-EWS,4420
,GEN-EWS,4421
,GEN-EWS,4422
,GEN-EWS,4423
,GEN-EWS,4424
,GEN-EWS,4425
,GEN-EWS,4426
,GEN-EWS,4427
,GEN-EWS,4428
,GEN-EWS,4429
,GEN-EWS,4430
,GEN-EWS,4431
,GEN-EWS,4432
,GEN-EWS,4433
,GEN-EWS,4434
,GEN-EWS,4435
,GEN-EWS,4436
,GEN-EWS,4437
,GEN-EWS,4438
,GEN-EWS,4439
,GEN-EWS,4440
,GEN-EWS,4441
,GEN-EWS,4442
,GEN-EWS,4443
,GEN-EWS,4444
,GEN-EWS,4445
,GEN-EWS,4446
,GEN-EWS,4447
,GEN-EWS,4448
,GEN-EWS,4448
,GEN-EWS,4450
,GEN-EWS,4451
,GEN-EWS,4452
,GEN-EWS,4453
,GEN-EWS,4454
,GEN-EWS,4455
,GEN-EWS,4456
,GEN-EWS,4457
,GEN-EWS,4458
,GEN-EWS,4459
,GEN-EWS,4460
,GEN-EWS,4461
,GEN-EWS,4462
,GEN-EWS,4463
,GEN-EWS,4464
,GEN-EWS,4465
,GEN-EWS,4466
,GEN-EWS,4467
,GEN-EWS,4468
,GEN-EWS,4469
,GEN-EWS,4470
,GEN-EWS,4471
,GEN-EWS,4472
,GEN-EWS,4473
,GEN-EWS,4474
,GEN-EWS,4475
,GEN-EWS,4476
,GEN-EWS,4477
,GEN-EWS,4478
,GEN-EWS,4479
,GEN-EWS,4480
,GEN-EWS,4481
,GEN-EWS,4482
,GEN-EWS,4483
,GEN-EWS,4484
,GEN-EWS,4485
,GEN-EWS,4486
,GEN-EWS,4487
,GEN-EWS,4488
,GEN-EWS,4489
,GEN-EWS,4490
,GEN-EWS,4491
,GEN-EWS,4492
,GEN-EWS,4493
,GEN-EWS,4494
,GEN-EWS,4495
,GEN-EWS,4496
,GEN-EWS,4497
,GEN-EWS,4498
,GEN-EWS,4499
,GEN-EWS,4500
,GEN-EWS,4501
,GEN-EWS,4502
,GEN-EWS,4503
,GEN-EWS,4504
,GEN-EWS,4505
,GEN-EWS,4506
,GEN-EWS,4507
,GEN-EWS,4508
,GEN-EWS,4509
,GEN-EWS,4510
,GEN-EWS,4511
,GEN-EWS,4512
,GEN-EWS,4513
,GEN-EWS,4514
,GEN-EWS,4515
,GEN-EWS,4516
,GEN-EWS,4517
,GEN-EWS,4518
,GEN-EWS,4519
,GEN-EWS,4520
,GEN-EWS,4521
,GEN-EWS,4522
,GEN-EWS,4523
,GEN-EWS,4524
,GEN-EWS,4525
,GEN-EWS,4526
,GEN-EWS,4527
,GEN-EWS,4528
,GEN-EWS,4529
,GEN-EWS,4530
,GEN-EWS,4531
,GEN-EWS,4532
,GEN-EWS,4533
,GEN-EWS,4534
,GEN-EWS,4535
,GEN-EWS,4536
,GEN-EWS,4537
,GEN-EWS,4538
,GEN-EWS,4539
,GEN-EWS,4540
,GEN-EWS,4541
,GEN-EWS,4542
,GEN-EWS,4543
,GEN-EWS,4544
,GEN-EWS,4545
,GEN-EWS,4546
,GEN-EWS,4547
,GEN-EWS,4548
,GEN-EWS,4549
,GEN-EWS,4550
,GEN-EWS,4551
,GEN-EWS,4552
,GEN-EWS,4553
,GEN-EWS,4554
,GEN-EWS,4555
,GEN-EWS,4556
,GEN-EWS,4557
,GEN-EWS,4558
,GEN-EWS,4559
,GEN-EWS,4560
,GEN-EWS,4561
,GEN-EWS,4562
,GEN-EWS,4563
,GEN-EWS,4564
,GEN-EWS,4565
,GEN-EWS,4566
,GEN-EWS,4567
,GEN-EWS,4568
,GEN-EWS,4569
,GEN-EWS,4570
,GEN-EWS,4571
,GEN-EWS,4572
,GEN-EWS,4573
,GEN-EWS,4574
,GEN-EWS,4575
,GEN-EWS,4576
,GEN-EWS,4577
,GEN-EWS,4578
,GEN-EWS,4579
,GEN-EWS,4580
,GEN-EWS,4581
,GEN-EWS,4582
,GEN-EWS,4583
,GEN-EWS,4584
,GEN-EWS,4585
,GEN-EWS,4586
,GEN-EWS,4587
,GEN-EWS,4588
,GEN-EWS,4589
,GEN-EWS,4590
,GEN-EWS,4591
,GEN-EWS,4592
,GEN-EWS,4593
,GEN-EWS,4594
,GEN-EWS,4595
,GEN-EWS,4596
,GEN-EWS,4597
,GEN-EWS,4598
,GEN-EWS,4599
,GEN-EWS,4600
,GEN-EWS,4601
,GEN-EWS,4602
,GEN-EWS,4603
,GEN-EWS,4604
,GEN-EWS,4605
,GEN-EWS,4606
,GEN-EWS,4607
,GEN-EWS,4608
,GEN-EWS,4609
,GEN-EWS,4610
,GEN-EWS,4611
,GEN-EWS,4612
,GEN-EWS,4613
,GEN-EWS,4614
,GEN-EWS,4615
,GEN-EWS,4616
,GEN-EWS,4617
,GEN-EWS,4618
,GEN-EWS,4619
,GEN-EWS,4620
,GEN-EWS,4621
,GEN-EWS,4622
,GEN-EWS,4623
,GEN-EWS,4624
,GEN-EWS,4625
,GEN-EWS,4626
,GEN-EWS,4627
,GEN-EWS,4628
,GEN-EWS,4629
,GEN-EWS,4630
,GEN-EWS,4631
,GEN-EWS,4632
,GEN-EWS,4633
,GEN-EWS,4634
,GEN-EWS,4635
,GEN-EWS,4636
,GEN-EWS,4637
,GEN-EWS,4638
,GEN-EWS,4639
,GEN-EWS,4640
,GEN-EWS,4641
,GEN-EWS,4642
,GEN-EWS,4643
,GEN-EWS,4644
,GEN-EWS,4645
,GEN-EWS,4646
,GEN-EWS,4647
,GEN-EWS,4648
,GEN-EWS,4649
,GEN-EWS,4650
,GEN-EWS,4651
,GEN-EWS,4652
,GEN-EWS,4653
,GEN-EWS,4654
,GEN-EWS,4655
,GEN-EWS,4656
,GEN-EWS,4657
,GEN-EWS,4658
,GEN-EWS,4659
,GEN-EWS,4660
,GEN-EWS,4661
,GEN-EWS,4662
,GEN-EWS,4663
,GEN-EWS,4664
,GEN-EWS,4665
,GEN-EWS,4666
,GEN-EWS,4667
,GEN-EWS,4668
,GEN-EWS,4669
,GEN-EWS,4670
,GEN-EWS,4671
,GEN-EWS,4672
,GEN-EWS,4673
,GEN-EWS,4674
,GEN-EWS,4675
,GEN-EWS,4676
,GEN-EWS,4677
,GEN-EWS,4678
,GEN-EWS,4679
,GEN-EWS,4680
,GEN-EWS,4681
,GEN-EWS,4682
,GEN-EWS,4683
,GEN-EWS,4684
,GEN-EWS,4685
,GEN-EWS,4686
,GEN-EWS,4687
,GEN-EWS,4688
,GEN-EWS,4689
,GEN-EWS,4690
,GEN-EWS,4691
,GEN-EWS,4692
,GEN-EWS,4693
,GEN-EWS,4694
,GEN-EWS,4695
,GEN-EWS,4696
,GEN-EWS,4697
,GEN-EWS,4698
,GEN-EWS,4699
,GEN-EWS,4700
,GEN-EWS,4701
,GEN-EWS,4702
,GEN-EWS,4703
,GEN-EWS,4704
,GEN-EWS,4705
,GEN-EWS,4706
,GEN-EWS,4707
,GEN-EWS,4708
,GEN-EWS,4709
,GEN-EWS,4710
,GEN-EWS,4711
,GEN-EWS,4712
,GEN-EWS,4713
,GEN-EWS,4714
,GEN-EWS,4715
,GEN-EWS,4716
,GEN-EWS,4717
,GEN-EWS,4718
,GEN-EWS,4719
,GEN-EWS,4720
,GEN-EWS,4721
,GEN-EWS,4722
,GEN-EWS,4723
,GEN-EWS,4724
,GEN-EWS,4725
,GEN-EWS,4726
,GEN-EWS,4727
,GEN-EWS,4728
,GEN-EWS,4729
,GEN-EWS,4730
,GEN-EWS,4731
,GEN-EWS,4732
,GEN-EWS,4733
,GEN-EWS,4734
,GEN-EWS,4735
,GEN-EWS,4736
,GEN-EWS,4737
,GEN-EWS,4738
,GEN-EWS,4739
,GEN-EWS,4740
,GEN-EWS,4741
,GEN-EWS,4742
,GEN-EWS,4743
,GEN-EWS,4744
,GEN-EWS,4745
,GEN-EWS,4746
,GEN-EWS,4747
,GEN-EWS,4748
,GEN-EWS,4749
,GEN-EWS,4750
,GEN-EWS,4751
,GEN-EWS,4752
,GEN-EWS,4753
,GEN-EWS,4754
,GEN-EWS,4755
,GEN-EWS,4756
,GEN-EWS,4757
,GEN-EWS,4758
,GEN-EWS,4759
,GEN-EWS,4760
,GEN-EWS,4761
,GEN-EWS,4762
,GEN-EWS,4763
,GEN-EWS,4764
,GEN-EWS,4765
,GEN-EWS,4766
,GEN-EWS,4767
,GEN-EWS,4768
,GEN-EWS,4769
,GEN-EWS,4770
,GEN-EWS,4771
,GEN-EWS,4772
,GEN-EWS,4773
,GEN-EWS,4774
,GEN-EWS,4775
,GEN-EWS,4776
,GEN-EWS,4777
,GEN-EWS,4778
,GEN-EWS,4779
,GEN-EWS,4780
,GEN-EWS,4781
,GEN-EWS,4782
,GEN-EWS,4783
,GEN-EWS,4784
,GEN-EWS,4785
,GEN-EWS,4786
,GEN-EWS,4787
,GEN-EWS,4788
,GEN-EWS,4789
,GEN-EWS,4790
,GEN-EWS,4791
,GEN-EWS,4792
,GEN-EWS,4793
,GEN-EWS,4794
,GEN-EWS,4795
,GEN-EWS,4796
,GEN-EWS,4797
,GEN-EWS,4798
,GEN-EWS,4799
,GEN-EWS,4800
,GEN-EWS,4801
,GEN-EWS,4802
,GEN-EWS,4803
,GEN-EWS,4804
,GEN-EWS,4805
,GEN-EWS,4806
,GEN-EWS,4807
,GEN-EWS,4808
,GEN-EWS,4809
,GEN-EWS,4810
,GEN-EWS,4811
,GEN-EWS,4812
,GEN-EWS,4813
,GEN-EWS,4814
,GEN-EWS,4815
,GEN-EWS,4816
,GEN-EWS,4817
,GEN-EWS,4818
,GEN-EWS,4819
,GEN-EWS,4820
,GEN-EWS,4821
,GEN-EWS,4822
,GEN-EWS,4823
,GEN-EWS,4824
,GEN-EWS,4825
,GEN-EWS,4826
,GEN-EWS,4827
,GEN-EWS,4828
,GEN-EWS,4829
,GEN-EWS,4830
,GEN-EWS,4831
,GEN-EWS,4832
,GEN-EWS,4833
,GEN-EWS,4834
,GEN-EWS,4835
,GEN-EWS,4836
,GEN-EWS,4837
,GEN-EWS,4838
,GEN-EWS,4839
,GEN-EWS,4840
,GEN-EWS,4841
,GEN-EWS,4842
,GEN-EWS,4843
,GEN-EWS,4844
,GEN-EWS,4845
,GEN-EWS,4846
,GEN-EWS,4847
,GEN-EWS,4848
,GEN-EWS,4849
,GEN-EWS,4850
,GEN-EWS,4851
,GEN-EWS,4852
,GEN-EWS,4853
,GEN-EWS,4854
,GEN-EWS,4855
,GEN-EWS,4856
,GEN-EWS,4857
,GEN-EWS,4858
,GEN-EWS,4859
,GEN-EWS,4860
,GEN-EWS,4861
,GEN-EWS,4862
,GEN-EWS,4863
,GEN-EWS,4864
,GEN-EWS,4865
,GEN-EWS,4866
,GEN-EWS,4867
,GEN-EWS,4868
,GEN-EWS,4869
,GEN-EWS,4870
,GEN-EWS,4871
,GEN-EWS,4872
,GEN-EWS,4873
,GEN-EWS,4874
,GEN-EWS,4875
,GEN-EWS,4876
,GEN-EWS,4877
,GEN-EWS,4878
,GEN-EWS,4879
,GEN-EWS,4880
,GEN-EWS,4881
,GEN-EWS,4882
,GEN-EWS,4883
,GEN-EWS,4884
,GEN-EWS,4885
,GEN-EWS,4886
,GEN-EWS,4887
,GEN-EWS,4888
,GEN-EWS,4889
,GEN-EWS,4890
,GEN-EWS,4891
,GEN-EWS,4892
,GEN-EWS,4893
,GEN-EWS,4894
,GEN-EWS,4895
,GEN-EWS,4896
,GEN-EWS,4897
,GEN-EWS,4898
,GEN-EWS,4899
,GEN-EWS,4900
,GEN-EWS,4901
,GEN-EWS,4902
,GEN-EWS,4903
,GEN-EWS,4904
,GEN-EWS,4905
,GEN-EWS,4906
,GEN-EWS,4907
,GEN-EWS,4908
,GEN-EWS,4909
,GEN-EWS,4910
,GEN-EWS,4911
,GEN-EWS,4912
,GEN-EWS,4913
,GEN-EWS,4914
,GEN-EWS,4915
,GEN-EWS,4916
,GEN-EWS,4917
,GEN-EWS,4918
,GEN-EWS,4919
,GEN-EWS,4920
,GEN-EWS,4921
,GEN-EWS,4922
,GEN-EWS,4923
,GEN-EWS,4924
,GEN-EWS,4925
,GEN-EWS,4926
,GEN-EWS,4927
,GEN-EWS,4928
,GEN-EWS,4929
,GEN-EWS,4930
,GEN-EWS,4931
,GEN-EWS,4932
,GEN-EWS,4933
,GEN-EWS,4934
,GEN-EWS,4935
,GEN-EWS,4936
,GEN-EWS,4937
,GEN-EWS,4938
,GEN-EWS,4939
,GEN-EWS,4940
,GEN-EWS,4941
,GEN-EWS,4942
,GEN-EWS,4943
,GEN-EWS,4944
,GEN-EWS,4945
,GEN-EWS,4946
,GEN-EWS,4947
,GEN-EWS,4948
,GEN-EWS,4949
,GEN-EWS,4950
,GEN-EWS,4951
,GEN-EWS,4952
,GEN-EWS,4953
,GEN-EWS,4954
,GEN-EWS,4955
,GEN-EWS,4956
,GEN-EWS,4957
,GEN-EWS,4958
,GEN-EWS,4959
,GEN-EWS,4960
,GEN-EWS,4961
,GEN-EWS,4962
,GEN-EWS,4963
,GEN-EWS,4964
,GEN-EWS,4965
,GEN-EWS,4966
,GEN-EWS,4967
,GEN-EWS,4968
,GEN-EWS,4969
,GEN-EWS,4970
,GEN-EWS,4971
,GEN-EWS,4972
,GEN-EWS,4973
,GEN-EWS,4974
,GEN-EWS,4975
,GEN-EWS,4976
,GEN-EWS,4977
,GEN-EWS,4978
,GEN-EWS,4979
,GEN-EWS,4980
,GEN-EWS,4981
,GEN-EWS,4982
,GEN-EWS,4983
,GEN-EWS,4984
,GEN-EWS,4985
,GEN-EWS,4986
,GEN-EWS,4987
,GEN-EWS,4988
,OBC-NCL,7931
,OBC-NCL,7932
,OBC-NCL,7933
,OBC-NCL,7934
,OBC-NCL,7935
,OBC-NCL,7936
,OBC-NCL,7937
,OBC-NCL,7938
,OBC-NCL,7939
,OBC-NCL,7940
,OBC-NCL,7941
,OBC-NCL,7942
,OBC-NCL,7943
,OBC-NCL,7944
,OBC-NCL,7945
,OBC-NCL,7946
,OBC-NCL,7947
,OBC-NCL,7948
,OBC-NCL,7949
,OBC-NCL,7950
,OBC-NCL,7951
,OBC-NCL,7951
,OBC-NCL,7953
,OBC-NCL,7954
,OBC-NCL,7955
,OBC-NCL,7956
,OBC-NCL,7957
,OBC-NCL,7958
,OBC-NCL,7959
,OBC-NCL,7960
,OBC-NCL,7961
,OBC-NCL,7962
,OBC-NCL,7963
,OBC-NCL,7964
,OBC-NCL,7965
,OBC-NCL,7966
,OBC-NCL,7967
,OBC-NCL,7968
,OBC-NCL,7969
,OBC-NCL,7970
,OBC-NCL,7971
,OBC-NCL,7972
,OBC-NCL,7973
,OBC-NCL,7974
,OBC-NCL,7975
,OBC-NCL,7976
,OBC-NCL,7977
,OBC-NCL,7978
,OBC-NCL,7979
,OBC-NCL,7980
,OBC-NCL,7981
,OBC-NCL,7982
,OBC-NCL,7983
,OBC-NCL,7984
,OBC-NCL,7985
,OBC-NCL,7986
,OBC-NCL,7987
,OBC-NCL,7988
,OBC-NCL,7989
,OBC-NCL,7990
,OBC-NCL,7991
,OBC-NCL,7992
,OBC-NCL,7993
,OBC-NCL,7994
,OBC-NCL,7995
,OBC-NCL,7996
,OBC-NCL,7997
,OBC-NCL,7998
,OBC-NCL,7999
,OBC-NCL,8000
,OBC-NCL,8001
,OBC-NCL,8002
,OBC-NCL,8003
,OBC-NCL,8004
,OBC-NCL,8005
,OBC-NCL,8006
,OBC-NCL,8007
,OBC-NCL,8008
,OBC-NCL,8009
,OBC-NCL,8010
,OBC-NCL,8011
,OBC-NCL,8012
,OBC-NCL,8013
,OBC-NCL,8014
,OBC-NCL,8015
,OBC-NCL,8016
,OBC-NCL,8017
,OBC-NCL,8018
,OBC-NCL,8019
,OBC-NCL,8020
,OBC-NCL,8021
,OBC-NCL,8022
,OBC-NCL,8023
,OBC-NCL,8024
,OBC-NCL,8025
,OBC-NCL,8026
,OBC-NCL,8027
,OBC-NCL,8028
,OBC-NCL,8029
,OBC-NCL,8030
,OBC-NCL,8031
,OBC-NCL,8032
,OBC-NCL,8033
,OBC-NCL,8034
,OBC-NCL,8035
,OBC-NCL,8036
,OBC-NCL,8037
,OBC-NCL,8038
,OBC-NCL,8039
,OBC-NCL,8040
,OBC-NCL,8041
,OBC-NCL,8042
,OBC-NCL,8043
,OBC-NCL,8044
,OBC-NCL,8045
,OBC-NCL,8046
,OBC-NCL,8047
,OBC-NCL,8048
,OBC-NCL,8049
,OBC-NCL,8050
,OBC-NCL,8051
,OBC-NCL,8052
,OBC-NCL,8053
,OBC-NCL,8054
,OBC-NCL,8055
,OBC-NCL,8056
,OBC-NCL,8057
,OBC-NCL,8058
,OBC-NCL,8059
,OBC-NCL,8060
,OBC-NCL,8061
,OBC-NCL,8062
,OBC-NCL,8063
,OBC-NCL,8064
,OBC-NCL,8065
,OBC-NCL,8066
,OBC-NCL,8067
,OBC-NCL,8068
,OBC-NCL,8069
,OBC-NCL,8070
,OBC-NCL,8071
,OBC-NCL,8072
,OBC-NCL,8073
,OBC-NCL,8074
,OBC-NCL,8075
,OBC-NCL,8076
,OBC-NCL,8077
,OBC-NCL,8078
,OBC-NCL,8079
,OBC-NCL,8080
,OBC-NCL,8081
,OBC-NCL,8081
,OBC-NCL,8083
,OBC-NCL,8084
,OBC-NCL,8085
,OBC-NCL,8086
,OBC-NCL,8087
,OBC-NCL,8088
,OBC-NCL,8089
,OBC-NCL,8090
,OBC-NCL,8091
,OBC-NCL,8092
,OBC-NCL,8093
,OBC-NCL,8094
,OBC-NCL,8095
,OBC-NCL,8096
,OBC-NCL,8097
,OBC-NCL,8098
,OBC-NCL,8099
,OBC-NCL,8100
,OBC-NCL,8101
,OBC-NCL,8102
,OBC-NCL,8103
,OBC-NCL,8104
,OBC-NCL,8105
,OBC-NCL,8106
,OBC-NCL,8107
,OBC-NCL,8108
,OBC-NCL,8109
,OBC-NCL,8110
,OBC-NCL,8111
,OBC-NCL,8112
,OBC-NCL,8113
,OBC-NCL,8114
,OBC-NCL,8115
,OBC-NCL,8116
,OBC-NCL,8117
,OBC-NCL,8118
,OBC-NCL,8119
,OBC-NCL,8120
,OBC-NCL,8121
,OBC-NCL,8122
,OBC-NCL,8123
,OBC-NCL,8124
,OBC-NCL,8125
,OBC-NCL,8126
,OBC-NCL,8127
,OBC-NCL,8128
,OBC-NCL,8129
,OBC-NCL,8130
,OBC-NCL,8131
,OBC-NCL,8132
,OBC-NCL,8133
,OBC-NCL,8133
,OBC-NCL,8135
,OBC-NCL,8136
,OBC-NCL,8137
,OBC-NCL,8138
,OBC-NCL,8139
,OBC-NCL,8140
,OBC-NCL,8141
,OBC-NCL,8142
,OBC-NCL,8143
,OBC-NCL,8144
,OBC-NCL,8145
,OBC-NCL,8146
,OBC-NCL,8147
,OBC-NCL,8148
,OBC-NCL,8149
,OBC-NCL,8150
,OBC-NCL,8151
,OBC-NCL,8152
,OBC-NCL,8153
,OBC-NCL,8154
,OBC-NCL,8155
,OBC-NCL,8156
,OBC-NCL,8157
,OBC-NCL,8158
,OBC-NCL,8159
,OBC-NCL,8160
,OBC-NCL,8161
,OBC-NCL,8162
,OBC-NCL,8163
,OBC-NCL,8164
,OBC-NCL,8165
,OBC-NCL,8166
,OBC-NCL,8167
,OBC-NCL,8168
,OBC-NCL,8169
,OBC-NCL,8170
,OBC-NCL,8171
,OBC-NCL,8172
,OBC-NCL,8173
,OBC-NCL,8174
,OBC-NCL,8175
,OBC-NCL,8176
,OBC-NCL,8177
,OBC-NCL,8178
,OBC-NCL,8179
,OBC-NCL,8180
,OBC-NCL,8181
,OBC-NCL,8182
,OBC-NCL,8183
,OBC-NCL,8184
,OBC-NCL,8185
,OBC-NCL,8186
,OBC-NCL,8187
,OBC-NCL,8188
,OBC-NCL,8189
,OBC-NCL,8190
,OBC-NCL,8191
,OBC-NCL,8192
,OBC-NCL,8193
,OBC-NCL,8194
,OBC-NCL,8195
,OBC-NCL,8196
,OBC-NCL,8197
,OBC-NCL,8198
,OBC-NCL,8199
,OBC-NCL,8200
,OBC-NCL,8201
,OBC-NCL,8202
,OBC-NCL,8203
,OBC-NCL,8204
,OBC-NCL,8205
,OBC-NCL,8206
,OBC-NCL,8207
,OBC-NCL,8208
,OBC-NCL,8209
,OBC-NCL,8210
,OBC-NCL,8211
,OBC-NCL,8212
,OBC-NCL,8213
,OBC-NCL,8214
,OBC-NCL,8215
,OBC-NCL,8216
,OBC-NCL,8217
,OBC-NCL,8218
,OBC-NCL,8219
,OBC-NCL,8220
,OBC-NCL,8221
,OBC-NCL,8222
,OBC-NCL,8223
,OBC-NCL,8224
,OBC-NCL,8225
,OBC-NCL,8226
,OBC-NCL,8227
,OBC-NCL,8228
,OBC-NCL,8229
,OBC-NCL,8230
,OBC-NCL,8231
,OBC-NCL,8232
,OBC-NCL,8233
,OBC-NCL,8234
,OBC-NCL,8235
,OBC-NCL,8236
,OBC-NCL,8237
,OBC-NCL,8238
,OBC-NCL,8239
,OBC-NCL,8240
,OBC-NCL,8241
,OBC-NCL,8242
,OBC-NCL,8243
,OBC-NCL,8244
,OBC-NCL,8245
,OBC-NCL,8246
,OBC-NCL,8247
,OBC-NCL,8248
,OBC-NCL,8249
,OBC-NCL,8250
,OBC-NCL,8251
,OBC-NCL,8252
,OBC-NCL,8253
,OBC-NCL,8254
,OBC-NCL,8255
,OBC-NCL,8256
,OBC-NCL,8257
,OBC-NCL,8258
,OBC-NCL,8259
,OBC-NCL,8260
,OBC-NCL,8261
,OBC-NCL,8262
,OBC-NCL,8263
,OBC-NCL,8264
,OBC-NCL,8265
,OBC-NCL,8266
,OBC-NCL,8267
,OBC-NCL,8268
,OBC-NCL,8269
,OBC-NCL,8270
,OBC-NCL,8271
,OBC-NCL,8272
,OBC-NCL,8273
,OBC-NCL,8274
,OBC-NCL,8275
,OBC-NCL,8276
,OBC-NCL,8277
,OBC-NCL,8278
,OBC-NCL,8279
,OBC-NCL,8280
,OBC-NCL,8281
,OBC-NCL,8282
,OBC-NCL,8283
,OBC-NCL,8284
,OBC-NCL,8285
,OBC-NCL,8286
,OBC-NCL,8287
,OBC-NCL,8288
,OBC-NCL,8289
,OBC-NCL,8290
,OBC-NCL,8291
,OBC-NCL,8292
,OBC-NCL,8293
,OBC-NCL,8294
,OBC-NCL,8295
,OBC-NCL,8296
,OBC-NCL,8297
,OBC-NCL,8298
,OBC-NCL,8299
,OBC-NCL,8300
,OBC-NCL,8301
,OBC-NCL,8302
,OBC-NCL,8303
,OBC-NCL,8304
,OBC-NCL,8305
,OBC-NCL,8306
,OBC-NCL,8307
,OBC-NCL,8308
,OBC-NCL,8309
,OBC-NCL,8310
,OBC-NCL,8311
,OBC-NCL,8312
,OBC-NCL,8313
,OBC-NCL,8314
,OBC-NCL,8315
,OBC-NCL,8316
,OBC-NCL,8317
,OBC-NCL,8318
,OBC-NCL,8319
,OBC-NCL,8320
,OBC-NCL,8321
,OBC-NCL,8322
,OBC-NCL,8323
,OBC-NCL,8324
,OBC-NCL,8325
,OBC-NCL,8326
,OBC-NCL,8327
,OBC-NCL,8328
,OBC-NCL,8329
,OBC-NCL,8330
,OBC-NCL,8331
,OBC-NCL,8332
,OBC-NCL,8333
,OBC-NCL,8334
,OBC-NCL,8335
,OBC-NCL,8336
,OBC-NCL,8337
,OBC-NCL,8338
,OBC-NCL,8339
,OBC-NCL,8340
,OBC-NCL,8341
,OBC-NCL,8342
,OBC-NCL,8343
,OBC-NCL,8344
,OBC-NCL,8345
,OBC-NCL,8346
,OBC-NCL,8347
,OBC-NCL,8348
,OBC-NCL,8349
,OBC-NCL,8350
,OBC-NCL,8351
,OBC-NCL,8352
,OBC-NCL,8353
,OBC-NCL,8354
,OBC-NCL,8355
,OBC-NCL,8356
,OBC-NCL,8357
,OBC-NCL,8358
,OBC-NCL,8359
,OBC-NCL,8360
,OBC-NCL,8361
,OBC-NCL,8362
,OBC-NCL,8363
,OBC-NCL,8364
,OBC-NCL,8365
,OBC-NCL,8366
,OBC-NCL,8367
,OBC-NCL,8368
,OBC-NCL,8369
,OBC-NCL,8370
,OBC-NCL,8371
,OBC-NCL,8372
,OBC-NCL,8373
,OBC-NCL,8374
,OBC-NCL,8375
,OBC-NCL,8376
,OBC-NCL,8377
,OBC-NCL,8378
,OBC-NCL,8379
,OBC-NCL,8380
,OBC-NCL,8381
,OBC-NCL,8382
,OBC-NCL,8383
,OBC-NCL,8384
,OBC-NCL,8385
,OBC-NCL,8386
,OBC-NCL,8387
,OBC-NCL,8388
,OBC-NCL,8389
,OBC-NCL,8390
,OBC-NCL,8391
,OBC-NCL,8392
,OBC-NCL,8393
,OBC-NCL,8394
,OBC-NCL,8395
,OBC-NCL,8396
,OBC-NCL,8397
,OBC-NCL,8398
,OBC-NCL,8399
,OBC-NCL,8400
,OBC-NCL,8401
,OBC-NCL,8402
,OBC-NCL,8403
,OBC-NCL,8404
,OBC-NCL,8405
,OBC-NCL,8406
,OBC-NCL,8407
,OBC-NCL,8408
,OBC-NCL,8409
,OBC-NCL,8410
,OBC-NCL,8411
,OBC-NCL,8412
,OBC-NCL,8413
,OBC-NCL,8414
,OBC-NCL,8415
,OBC-NCL,8416
,OBC-NCL,8417
,OBC-NCL,8417
,OBC-NCL,8419
,OBC-NCL,8420
,OBC-NCL,8421
,OBC-NCL,8422
,OBC-NCL,8423
,OBC-NCL,8424
,OBC-NCL,8425
,OBC-NCL,8426
,OBC-NCL,8427
,OBC-NCL,8428
,OBC-NCL,8429
,OBC-NCL,8430
,OBC-NCL,8431
,OBC-NCL,8432
,OBC-NCL,8433
,OBC-NCL,8434
,OBC-NCL,8435
,OBC-NCL,8436
,OBC-NCL,8437
,OBC-NCL,8438
,OBC-NCL,8439
,OBC-NCL,8440
,OBC-NCL,8441
,OBC-NCL,8442
,OBC-NCL,8443
,OBC-NCL,8444
,OBC-NCL,8445
,OBC-NCL,8446
,OBC-NCL,8447
,OBC-NCL,8448
,OBC-NCL,8449
,OBC-NCL,8450
,OBC-NCL,8451
,OBC-NCL,8452
,OBC-NCL,8453
,OBC-NCL,8454
,OBC-NCL,8455
,OBC-NCL,8456
,OBC-NCL,8457
,OBC-NCL,8458
,OBC-NCL,8459
,OBC-NCL,8460
,OBC-NCL,8461
,OBC-NCL,8461
,OBC-NCL,8463
,OBC-NCL,8464
,OBC-NCL,8465
,OBC-NCL,8466
,OBC-NCL,8467
,OBC-NCL,8468
,OBC-NCL,8469
,OBC-NCL,8470
,OBC-NCL,8471
,OBC-NCL,8472
,OBC-NCL,8473
,OBC-NCL,8474
,OBC-NCL,8475
,OBC-NCL,8476
,OBC-NCL,8477
,OBC-NCL,8478
,OBC-NCL,8478
,OBC-NCL,8480
,OBC-NCL,8481
,OBC-NCL,8482
,OBC-NCL,8483
,OBC-NCL,8483
,OBC-NCL,8485
,OBC-NCL,8486
,OBC-NCL,8487
,OBC-NCL,8488
,OBC-NCL,8489
,OBC-NCL,8490
,OBC-NCL,8491
,OBC-NCL,8492
,OBC-NCL,8493
,OBC-NCL,8494
,OBC-NCL,8495
,OBC-NCL,8496
,OBC-NCL,8497
,OBC-NCL,8498
,OBC-NCL,8499
,OBC-NCL,8500
,OBC-NCL,8501
,OBC-NCL,8502
,OBC-NCL,8503
,OBC-NCL,8504
,OBC-NCL,8505
,OBC-NCL,8506
,OBC-NCL,8507
,OBC-NCL,8508
,OBC-NCL,8509
,OBC-NCL,8510
,OBC-NCL,8511
,OBC-NCL,8512
,OBC-NCL,8513
,OBC-NCL,8514
,OBC-NCL,8515
,OBC-NCL,8516
,OBC-NCL,8517
,OBC-NCL,8518
,OBC-NCL,8519
,OBC-NCL,8520
,OBC-NCL,8521
,OBC-NCL,8522
,OBC-NCL,8523
,OBC-NCL,8524
,OBC-NCL,8525
,OBC-NCL,8526
,OBC-NCL,8527
,OBC-NCL,8528
,OBC-NCL,8529
,OBC-NCL,8530
,OBC-NCL,8531
,OBC-NCL,8532
,OBC-NCL,8533
,OBC-NCL,8534
,OBC-NCL,8535
,OBC-NCL,8536
,OBC-NCL,8537
,OBC-NCL,8538
,OBC-NCL,8539
,OBC-NCL,8540
,OBC-NCL,8541
,OBC-NCL,8542
,OBC-NCL,8543
,OBC-NCL,8544
,OBC-NCL,8545
,OBC-NCL,8546
,OBC-NCL,8547
,OBC-NCL,8548
,OBC-NCL,8549
,OBC-NCL,8550
,OBC-NCL,8551
,OBC-NCL,8552
,OBC-NCL,8553
,OBC-NCL,8554
,OBC-NCL,8555
,OBC-NCL,8556
,OBC-NCL,8557
,OBC-NCL,8558
,OBC-NCL,8559
,OBC-NCL,8560
,OBC-NCL,8561
,OBC-NCL,8562
,OBC-NCL,8563
,OBC-NCL,8564
,OBC-NCL,8565
,OBC-NCL,8566
,OBC-NCL,8567
,OBC-NCL,8568
,OBC-NCL,8569
,OBC-NCL,8570
,OBC-NCL,8571
,OBC-NCL,8572
,OBC-NCL,8573
,OBC-NCL,8574
,OBC-NCL,8575
,OBC-NCL,8575
,OBC-NCL,8577
,OBC-NCL,8578
,OBC-NCL,8579
,OBC-NCL,8580
,OBC-NCL,8581
,OBC-NCL,8582
,OBC-NCL,8583
,OBC-NCL,8584
,OBC-NCL,8585
,OBC-NCL,8586
,OBC-NCL,8587
,OBC-NCL,8588
,OBC-NCL,8589
,OBC-NCL,8590
,OBC-NCL,8591
,OBC-NCL,8592
,OBC-NCL,8593
,OBC-NCL,8594
,OBC-NCL,8595
,OBC-NCL,8596
,OBC-NCL,8597
,OBC-NCL,8598
,OBC-NCL,8599
,OBC-NCL,8600
,OBC-NCL,8601
,OBC-NCL,8602
,OBC-NCL,8603
,OBC-NCL,8604
,OBC-NCL,8605
,OBC-NCL,8606
,OBC-NCL,8607
,OBC-NCL,8608
,OBC-NCL,8609
,OBC-NCL,8610
,OBC-NCL,8611
,OBC-NCL,8612
,OBC-NCL,8613
,OBC-NCL,8614
,OBC-NCL,8615
,OBC-NCL,8616
,OBC-NCL,8617
,OBC-NCL,8618
,OBC-NCL,8619
,OBC-NCL,8620
,OBC-NCL,8621
,OBC-NCL,8622
,OBC-NCL,8623
,OBC-NCL,8624
,OBC-NCL,8625
,OBC-NCL,8626
,OBC-NCL,8627
,OBC-NCL,8628
,OBC-NCL,8629
,OBC-NCL,8630
,OBC-NCL,8631
,OBC-NCL,8632
,OBC-NCL,8633
,OBC-NCL,8634
,OBC-NCL,8635
,OBC-NCL,8636
,OBC-NCL,8637
,OBC-NCL,8638
,OBC-NCL,8639
,OBC-NCL,8640
,OBC-NCL,8641
,OBC-NCL,8642
,OBC-NCL,8643
,OBC-NCL,8644
,OBC-NCL,8645
,OBC-NCL,8646
,OBC-NCL,8647
,OBC-NCL,8648
,OBC-NCL,8649
,OBC-NCL,8650
,OBC-NCL,8651
,OBC-NCL,8652
,OBC-NCL,8653
,OBC-NCL,8654
,OBC-NCL,8655
,OBC-NCL,8656
,OBC-NCL,8657
,OBC-NCL,8658
,OBC-NCL,8659
,OBC-NCL,8660
,OBC-NCL,8661
,OBC-NCL,8662
,OBC-NCL,8663
,OBC-NCL,8664
,OBC-NCL,8665
,OBC-NCL,8666
,OBC-NCL,8667
,OBC-NCL,8668
,OBC-NCL,8669
,OBC-NCL,8670
,OBC-NCL,8671
,OBC-NCL,8672
,OBC-NCL,8673
,OBC-NCL,8674
,OBC-NCL,8675
,OBC-NCL,8676
,OBC-NCL,8677
,OBC-NCL,8678
,OBC-NCL,8679
,OBC-NCL,8680
,OBC-NCL,8681
,OBC-NCL,8682
,OBC-NCL,8683
,OBC-NCL,8684
,OBC-NCL,8685
,OBC-NCL,8686
,OBC-NCL,8687
,OBC-NCL,8688
,OBC-NCL,8689
,OBC-NCL,8690
,OBC-NCL,8691
,OBC-NCL,8692
,OBC-NCL,8693
,OBC-NCL,8694
,OBC-NCL,8695
,OBC-NCL,8696
,OBC-NCL,8697
,OBC-NCL,8698
,OBC-NCL,8699
,OBC-NCL,8700
,OBC-NCL,8701
,OBC-NCL,8702
,OBC-NCL,8703
,OBC-NCL,8704
,OBC-NCL,8705
,OBC-NCL,8706
,OBC-NCL,8707
,OBC-NCL,8708
,OBC-NCL,8709
,OBC-NCL,8710
,OBC-NCL,8711
,OBC-NCL,8712
,OBC-NCL,8713
,OBC-NCL,8714
,OBC-NCL,8715
,OBC-NCL,8715
,OBC-NCL,8717
,OBC-NCL,8718
,OBC-NCL,8719
,OBC-NCL,8720
,OBC-NCL,8721
,OBC-NCL,8722
,OBC-NCL,8723
,OBC-NCL,8724
,OBC-NCL,8725
,OBC-NCL,8726
,OBC-NCL,8727
,OBC-NCL,8728
,OBC-NCL,8729
,OBC-NCL,8730
,OBC-NCL,8731
,OBC-NCL,8732
,OBC-NCL,8733
,OBC-NCL,8734
,OBC-NCL,8735
,OBC-NCL,8736
,OBC-NCL,8737
,OBC-NCL,8738
,OBC-NCL,8739
,OBC-NCL,8740
,OBC-NCL,8741
,OBC-NCL,8742
,OBC-NCL,8743
,OBC-NCL,8744
,OBC-NCL,8745
,OBC-NCL,8746
,OBC-NCL,8747
,OBC-NCL,8748
,OBC-NCL,8749
,OBC-NCL,8750
,OBC-NCL,8751
,OBC-NCL,8752
,OBC-NCL,8753
,OBC-NCL,8754
,OBC-NCL,8755
,OBC-NCL,8756
,OBC-NCL,8757
,OBC-NCL,8758
,OBC-NCL,8759
,OBC-NCL,8760
,OBC-NCL,8761
,OBC-NCL,8762
,OBC-NCL,8763
,OBC-NCL,8764
,OBC-NCL,8765
,OBC-NCL,8766
,OBC-NCL,8767
,OBC-NCL,8768
,OBC-NCL,8769
,OBC-NCL,8770
,OBC-NCL,8771
,OBC-NCL,8772
,OBC-NCL,8773
,OBC-NCL,8774
,OBC-NCL,8775
,OBC-NCL,8776
,OBC-NCL,8777
,OBC-NCL,8777
,OBC-NCL,8779
,OBC-NCL,8780
,OBC-NCL,8781
,OBC-NCL,8782
,OBC-NCL,8783
,OBC-NCL,8784
,OBC-NCL,8785
,OBC-NCL,8786
,OBC-NCL,8787
,OBC-NCL,8788
,OBC-NCL,8789
,OBC-NCL,8790
,OBC-NCL,8791
,OBC-NCL,8792
,OBC-NCL,8793
,OBC-NCL,8794
,OBC-NCL,8795
,OBC-NCL,8796
,OBC-NCL,8797
,OBC-NCL,8798
,OBC-NCL,8799
,OBC-NCL,8800
,OBC-NCL,8801
,OBC-NCL,8802
,OBC-NCL,8803
,OBC-NCL,8804
,OBC-NCL,8805
,OBC-NCL,8806
,OBC-NCL,8807
,OBC-NCL,8808
,OBC-NCL,8809
,OBC-NCL,8810
,OBC-NCL,8811
,OBC-NCL,8812
,OBC-NCL,8813
,OBC-NCL,8814
,OBC-NCL,8815
,OBC-NCL,8816
,OBC-NCL,8817
,OBC-NCL,8818
,OBC-NCL,8819
,OBC-NCL,8820
,OBC-NCL,8821
,OBC-NCL,8822
,OBC-NCL,8823
,OBC-NCL,8824
,OBC-NCL,8825
,OBC-NCL,8826
,OBC-NCL,8827
,OBC-NCL,8828
,OBC-NCL,8829
,OBC-NCL,8830
,OBC-NCL,8831
,OBC-NCL,8832
,OBC-NCL,8833
,OBC-NCL,8834
,OBC-NCL,8835
,OBC-NCL,8836
,OBC-NCL,8837
,OBC-NCL,8838
,OBC-NCL,8839
,OBC-NCL,8840
,OBC-NCL,8841
,OBC-NCL,8842
,OBC-NCL,8843
,OBC-NCL,8844
,OBC-NCL,8845
,OBC-NCL,8846
,OBC-NCL,8847
,OBC-NCL,8848
,OBC-NCL,8849
,OBC-NCL,8850
,OBC-NCL,8851
,OBC-NCL,8852
,OBC-NCL,8853
,OBC-NCL,8854
,OBC-NCL,8855
,OBC-NCL,8856
,OBC-NCL,8857
,OBC-NCL,8858
,OBC-NCL,8859
,OBC-NCL,8860
,OBC-NCL,8861
,OBC-NCL,8862
,OBC-NCL,8863
,OBC-NCL,8864
,OBC-NCL,8865
,OBC-NCL,8866
,OBC-NCL,8867
,OBC-NCL,8868
,OBC-NCL,8869
,OBC-NCL,8870
,OBC-NCL,8871
,OBC-NCL,8872
,OBC-NCL,8873
,OBC-NCL,8874
,OBC-NCL,8875
,OBC-NCL,8876
,OBC-NCL,8877
,OBC-NCL,8878
,OBC-NCL,8879
,OBC-NCL,8880
,OBC-NCL,8881
,OBC-NCL,8882
,OBC-NCL,8883
,OBC-NCL,8884
,OBC-NCL,8884
,OBC-NCL,8886
,OBC-NCL,8887
,OBC-NCL,8888
,OBC-NCL,8889
,OBC-NCL,8890
,OBC-NCL,8891
,OBC-NCL,8892
,OBC-NCL,8893
,OBC-NCL,8894
,OBC-NCL,8895
,OBC-NCL,8896
,OBC-NCL,8897
,OBC-NCL,8898
,OBC-NCL,8899
,OBC-NCL,8900
,OBC-NCL,8901
,OBC-NCL,8902
,OBC-NCL,8903
,OBC-NCL,8904
,OBC-NCL,8905
,OBC-NCL,8906
,OBC-NCL,8907
,OBC-NCL,8908
,OBC-NCL,8909
,OBC-NCL,8910
,OBC-NCL,8911
,OBC-NCL,8912
,OBC-NCL,8913
,OBC-NCL,8914
,OBC-NCL,8915
,OBC-NCL,8916
,OBC-NCL,8917
,OBC-NCL,8918
,OBC-NCL,8919
,OBC-NCL,8919
,OBC-NCL,8921
,OBC-NCL,8922
,OBC-NCL,8923
,OBC-NCL,8924
,OBC-NCL,8925
,OBC-NCL,8926
,OBC-NCL,8927
,OBC-NCL,8928
,OBC-NCL,8929
,OBC-NCL,8930
,OBC-NCL,8931
,OBC-NCL,8932
,OBC-NCL,8933
,OBC-NCL,8934
,OBC-NCL,8935
,OBC-NCL,8936
,OBC-NCL,8937
,OBC-NCL,8938
,OBC-NCL,8939
,OBC-NCL,8940
,OBC-NCL,8941
,OBC-NCL,8942
,OBC-NCL,8943
,OBC-NCL,8944
,OBC-NCL,8945
,OBC-NCL,8946
,OBC-NCL,8947
,OBC-NCL,8948
,OBC-NCL,8949
,OBC-NCL,8950
,OBC-NCL,8951
,OBC-NCL,8952
,OBC-NCL,8953
,OBC-NCL,8954
,OBC-NCL,8955
,OBC-NCL,8956
,OBC-NCL,8957
,OBC-NCL,8958
,OBC-NCL,8959
,OBC-NCL,8960
,OBC-NCL,8961
,OBC-NCL,8962
,OBC-NCL,8963
,OBC-NCL,8964
,OBC-NCL,8965
,OBC-NCL,8966
,OBC-NCL,8967
,OBC-NCL,8968
,OBC-NCL,8969
,OBC-NCL,8970
,OBC-NCL,8971
,OBC-NCL,8972
,OBC-NCL,8973
,OBC-NCL,8974
,OBC-NCL,8975
,OBC-NCL,8976
,OBC-NCL,8977
,OBC-NCL,8978
,OBC-NCL,8979
,OBC-NCL,8980
,OBC-NCL,8981
,OBC-NCL,8982
,OBC-NCL,8983
,OBC-NCL,8984
,OBC-NCL,8985
,OBC-NCL,8986
,OBC-NCL,8987
,OBC-NCL,8988
,OBC-NCL,8989
,OBC-NCL,8990
,OBC-NCL,8991
,OBC-NCL,8992
,OBC-NCL,8993
,OBC-NCL,8994
,OBC-NCL,8995
,OBC-NCL,8996
,OBC-NCL,8997
,OBC-NCL,8998
,OBC-NCL,8999
,OBC-NCL,9000
,OBC-NCL,9001
,OBC-NCL,9002
,OBC-NCL,9003
,OBC-NCL,9004
,OBC-NCL,9005
,OBC-NCL,9006
,OBC-NCL,9007
,OBC-NCL,9008
,OBC-NCL,9009
,OBC-NCL,9010
,OBC-NCL,9011
,OBC-NCL,9012
,OBC-NCL,9013
,OBC-NCL,9014
,OBC-NCL,9015
,OBC-NCL,9016
,OBC-NCL,9017
,OBC-NCL,9018
,OBC-NCL,9019
,OBC-NCL,9020
,OBC-NCL,9021
,OBC-NCL,9022
,OBC-NCL,9023
,OBC-NCL,9023
,OBC-NCL,9025
,OBC-NCL,9026
,OBC-NCL,9027
,OBC-NCL,9028
,OBC-NCL,9029
,OBC-NCL,9030
,OBC-NCL,9031
,OBC-NCL,9032
,OBC-NCL,9033
,OBC-NCL,9034
,OBC-NCL,9035
,OBC-NCL,9036
,OBC-NCL,9037
,OBC-NCL,9038
,OBC-NCL,9039
,OBC-NCL,9040
,OBC-NCL,9041
,OBC-NCL,9042
,OBC-NCL,9043
,OBC-NCL,9044
,OBC-NCL,9045
,OBC-NCL,9046
,OBC-NCL,9047
,OBC-NCL,9048
,OBC-NCL,9049
,OBC-NCL,9050
,OBC-NCL,9051
,OBC-NCL,9052
,OBC-NCL,9053
,OBC-NCL,9054
,OBC-NCL,9055
,OBC-NCL,9056
,OBC-NCL,9057
,OBC-NCL,9058
,OBC-NCL,9059
,OBC-NCL,9060
,OBC-NCL,9061
,OBC-NCL,9062
,OBC-NCL,9063
,OBC-NCL,9064
,OBC-NCL,9065
,OBC-NCL,9066
,OBC-NCL,9067
,OBC-NCL,9067
,OBC-NCL,9069
,OBC-NCL,9070
,OBC-NCL,9071
,OBC-NCL,9072
,OBC-NCL,9073
,OBC-NCL,9074
,OBC-NCL,9075
,OBC-NCL,9076
,OBC-NCL,9077
,OBC-NCL,9078
,OBC-NCL,9079
,OBC-NCL,9080
,OBC-NCL,9081
,OBC-NCL,9082
,OBC-NCL,9083
,OBC-NCL,9084
,OBC-NCL,9085
,OBC-NCL,9086
,OBC-NCL,9087
,OBC-NCL,9088
,OBC-NCL,9089
,OBC-NCL,9090
,OBC-NCL,9091
,OBC-NCL,9092
,OBC-NCL,9093
,OBC-NCL,9094
,OBC-NCL,9095
,OBC-NCL,9096
,OBC-NCL,9097
,OBC-NCL,9098
,OBC-NCL,9099
,OBC-NCL,9100
,OBC-NCL,9101
,OBC-NCL,9102
,OBC-NCL,9103
,OBC-NCL,9104
,OBC-NCL,9105
,OBC-NCL,9106
,OBC-NCL,9107
,OBC-NCL,9108
,OBC-NCL,9109
,OBC-NCL,9110
,OBC-NCL,9111
,OBC-NCL,9112
,OBC-NCL,9113
,OBC-NCL,9114
,OBC-NCL,9115
,OBC-NCL,9116
,OBC-NCL,9117
,OBC-NCL,9118
,OBC-NCL,9119
,OBC-NCL,9120
,OBC-NCL,9121
,OBC-NCL,9122
,OBC-NCL,9123
,OBC-NCL,9124
,OBC-NCL,9125
,OBC-NCL,9126
,OBC-NCL,9127
,OBC-NCL,9128
,OBC-NCL,9129
,OBC-NCL,9130
,OBC-NCL,9131
,OBC-NCL,9131
,OBC-NCL,9133
,OBC-NCL,9134
,OBC-NCL,9135
,OBC-NCL,9136
,OBC-NCL,9137
,OBC-NCL,9138
,OBC-NCL,9139
,OBC-NCL,9140
,OBC-NCL,9141
,OBC-NCL,9142
,OBC-NCL,9143
,OBC-NCL,9144
,OBC-NCL,9145
,OBC-NCL,9146
,OBC-NCL,9147
,OBC-NCL,9148
,OBC-NCL,9149
,OBC-NCL,9150
,OBC-NCL,9151
,OBC-NCL,9152
,OBC-NCL,9153
,OBC-NCL,9154
,OBC-NCL,9155
,OBC-NCL,9156
,OBC-NCL,9157
,OBC-NCL,9158
,OBC-NCL,9159
,OBC-NCL,9160
,OBC-NCL,9161
,OBC-NCL,9162
,OBC-NCL,9163
,OBC-NCL,9164
,OBC-NCL,9165
,OBC-NCL,9166
,OBC-NCL,9167
,OBC-NCL,9168
,OBC-NCL,9169
,OBC-NCL,9170
,OBC-NCL,9171
,OBC-NCL,9172
,OBC-NCL,9173
,OBC-NCL,9174
,OBC-NCL,9175
,OBC-NCL,9176
,OBC-NCL,9177
,OBC-NCL,9178
,OBC-NCL,9179
,OBC-NCL,9180
,OBC-NCL,9181
,OBC-NCL,9182
,OBC-NCL,9183
,OBC-NCL,9184
,OBC-NCL,9185
,OBC-NCL,9186
,OBC-NCL,9187
,OBC-NCL,9188
,OBC-NCL,9189
,OBC-NCL,9190
,OBC-NCL,9191
,OBC-NCL,9192
,OBC-NCL,9193
,OBC-NCL,9194
,OBC-NCL,9195
,OBC-NCL,9196
,OBC-NCL,9197
,OBC-NCL,9198
,OBC-NCL,9199
,OBC-NCL,9200
,OBC-NCL,9201
,OBC-NCL,9202
,OBC-NCL,9203
,OBC-NCL,9204
,OBC-NCL,9205
,OBC-NCL,9206
,OBC-NCL,9207
,OBC-NCL,9208
,OBC-NCL,9209
,OBC-NCL,9210
,OBC-NCL,9211
,OBC-NCL,9212
,OBC-NCL,9213
,OBC-NCL,9214
,OBC-NCL,9215
,OBC-NCL,9216
,OBC-NCL,9217
,OBC-NCL,9218
,OBC-NCL,9219
,OBC-NCL,9220
,OBC-NCL,9221
,SC,334
,SC,360
,SC,372
,SC,396
,SC,403
,SC,465
,SC,511
,SC,514
,SC,522
,SC,547
,SC,551
,SC,563
,SC,567
,SC,624
,SC,654
,SC,659
,SC,669
,SC,674
,SC,679
,SC,704
,SC,754
,SC,762
,SC,766
,SC,794
,SC,798
,SC,801
,SC,803
,SC,812
,SC,827
,SC,851
,SC,861
,SC,869
,SC,871
,SC,890
,SC,895
,SC,914
,SC,919
,SC,925
,SC,927
,SC,931
,SC,955
,SC,958
,SC,981
,SC,983
,SC,1007
,SC,1014
,SC,1015
,SC,1019
,SC,1032
,SC,1039
,SC,1046
,SC,1052
,SC,1054
,SC,1057
,SC,1058
,SC,1065
,SC,1066
,SC,1071
,SC,1078
,SC,1087
,SC,1088
,SC,1089
,SC,1109
,SC,1115
,SC,1121
,SC,1126
,SC,1127
,SC,1133
,SC,1143
,SC,1147
,SC,1148
,SC,1150
,SC,1153
,SC,1155
,SC,1156
,SC,1158
,SC,1163
,SC,1164
,SC,1168
,SC,1175
,SC,1185
,SC,1195
,SC,1222
,SC,1226
,SC,1238
,SC,1248
,SC,1252
,SC,1253
,SC,1266
,SC,1268
,SC,1276
,SC,1282
,SC,1283
,SC,1284
,SC,1285
,SC,1286
,SC,1287
,SC,1288
,SC,1289
,SC,1290
,SC,1291
,SC,1292
,SC,1293
,SC,1294
,SC,1295
,SC,1296
,SC,1297
,SC,1298
,SC,1299
,SC,1300
,SC,1301
,SC,1302
,SC,1303
,SC,1304
,SC,1305
,SC,1306
,SC,1307
,SC,1308
,SC,1309
,SC,1310
,SC,1311
,SC,1312
,SC,1313
,SC,1314
,SC,1315
,SC,1316
,SC,1317
,SC,1318
,SC,1319
,SC,1320
,SC,1321
,SC,1322
,SC,1323
,SC,1324
,SC,1325
,SC,1326
,SC,1327
,SC,1328
,SC,1329
,SC,1330
,SC,1331
,SC,1332
,SC,1333
,SC,1334
,SC,1335
,SC,1336
,SC,1337
,SC,1338
,SC,1339
,SC,1340
,SC,1341
,SC,1342
,SC,1343
,SC,1344
,SC,1345
,SC,1346
,SC,1347
,SC,1348
,SC,1349
,SC,1350
,SC,1351
,SC,1352
,SC,1353
,SC,1354
,SC,1355
,SC,1356
,SC,1357
,SC,1358
,SC,1359
,SC,1360
,SC,1361
,SC,1362
,SC,1363
,SC,1364
,SC,1365
,SC,1366
,SC,1367
,SC,1368
,SC,1369
,SC,1370
,SC,1371
,SC,1372
,SC,1373
,SC,1374
,SC,1375
,SC,1376
,SC,1377
,SC,1378
,SC,1379
,SC,1380
,SC,1381
,SC,1382
,SC,1383
,SC,1384
,SC,1385
,SC,1386
,SC,1387
,SC,1388
,SC,1389
,SC,1390
,SC,1391
,SC,1392
,SC,1393
,SC,1394
,SC,1395
,SC,1396
,SC,1397
,SC,1398
,SC,1399
,SC,1400
,SC,1401
,SC,1402
,SC,1403
,SC,1404
,SC,1405
,SC,1406
,SC,1407
,SC,1408
,SC,1409
,SC,1410
,SC,1411
,SC,1412
,SC,1413
,SC,1414
,SC,1415
,SC,1416
,SC,1417
,SC,1418
,SC,1419
,SC,1420
,SC,1421
,SC,1422
,SC,1423
,SC,1424
,SC,1425
,SC,1426
,SC,1427
,SC,1428
,SC,1429
,SC,1430
,SC,1431
,SC,1432
,SC,1433
,SC,1434
,SC,1435
,SC,1436
,SC,1437
,SC,1438
,SC,1439
,SC,1440
,SC,1441
,SC,1442
,SC,1443
,SC,1444
,SC,1445
,SC,1446
,SC,1447
,SC,1448
,SC,1449
,SC,1450
,SC,1451
,SC,1452
,SC,1453
,SC,1454
,SC,1455
,SC,1456
,SC,1457
,SC,1458
,SC,1459
,SC,1460
,SC,1461
,SC,1462
,SC,1463
,SC,1464
,SC,1465
,SC,1466
,SC,1467
,SC,1468
,SC,1469
,SC,1470
,SC,1471
,SC,1472
,SC,1473
,SC,1474
,SC,1475
,SC,1476
,SC,1477
,SC,1478
,SC,1479
,SC,1480
,SC,1481
,SC,1482
,SC,1483
,SC,1484
,SC,1485
,SC,1486
,SC,1487
,SC,1488
,SC,1489
,SC,1490
,SC,1491
,SC,1492
,SC,1493
,SC,1494
,SC,1495
,SC,1496
,SC,1497
,SC,1498
,SC,1499
,SC,1500
,SC,1501
,SC,1502
,SC,1503
,SC,1504
,SC,1505
,SC,1506
,SC,1507
,SC,1508
,SC,1509
,SC,1510
,SC,1511
,SC,1512
,SC,1513
,SC,1514
,SC,1515
,SC,1516
,SC,1517
,SC,1518
,SC,1519
,SC,1520
,SC,1521
,SC,1522
,SC,1523
,SC,1524
,SC,1525
,SC,1526
,SC,1527
,SC,1528
,SC,1529
,SC,1530
,SC,1531
,SC,1532
,SC,1533
,SC,1534
,SC,1535
,SC,1536
,SC,1537
,SC,1538
,SC,1539
,SC,1540
,SC,1541
,SC,1542
,SC,1543
,SC,1544
,SC,1545
,SC,1546
,SC,1547
,SC,1548
,SC,1549
,SC,1550
,SC,1551
,SC,1552
,SC,1553
,SC,1554
,SC,1555
,SC,1556
,SC,1557
,SC,1558
,SC,1559
,SC,1560
,SC,1561
,SC,1562
,SC,1563
,SC,1564
,SC,1565
,SC,1566
,SC,1567
,SC,1568
,SC,1569
,SC,1570
,SC,1571
,SC,1572
,SC,1573
,SC,1574
,SC,1575
,SC,1576
,SC,1577
,SC,1578
,SC,1579
,SC,1580
,SC,1581
,SC,1582
,SC,1583
,SC,1584
,SC,1585
,SC,1586
,SC,1587
,SC,1588
,SC,1589
,SC,1590
,SC,1591
,SC,1592
,SC,1593
,SC,1594
,SC,1595
,SC,1596
,SC,1597
,SC,1598
,SC,1599
,SC,1600
,SC,1601
,SC,1602
,SC,1603
,SC,1604
,SC,1605
,SC,1606
,SC,1607
,SC,1608
,SC,1609
,SC,1610
,SC,1611
,SC,1612
,SC,1613
,SC,1614
,SC,1615
,SC,1616
,SC,1617
,SC,1618
,SC,1619
,SC,1620
,SC,1621
,SC,1622
,SC,1623
,SC,1624
,SC,1625
,SC,1626
,SC,1627
,SC,1628
,SC,1629
,SC,1630
,SC,1631
,SC,1632
,SC,1633
,SC,1634
,SC,1635
,SC,1636
,SC,1637
,SC,1638
,SC,1639
,SC,1640
,SC,1641
,SC,1642
,SC,1643
,SC,1644
,SC,1645
,SC,1646
,SC,1647
,SC,1648
,SC,1649
,SC,1650
,SC,1651
,SC,1652
,SC,1653
,SC,1654
,SC,1655
,SC,1656
,SC,1657
,SC,1658
,SC,1659
,SC,1660
,SC,1661
,SC,1662
,SC,1663
,SC,1664
,SC,1665
,SC,1666
,SC,1667
,SC,1668
,SC,1669
,SC,1670
,SC,1671
,SC,1672
,SC,1673
,SC,1673
,SC,1675
,SC,1676
,SC,1677
,SC,1678
,SC,1679
,SC,1680
,SC,1681
,SC,1682
,SC,1683
,SC,1684
,SC,1685
,SC,1686
,SC,1687
,SC,1688
,SC,1689
,SC,1690
,SC,1691
,SC,1692
,SC,1693
,SC,1694
,SC,1695
,SC,1696
,SC,1697
,SC,1698
,SC,1699
,SC,1700
,SC,1701
,SC,1702
,SC,1703
,SC,1704
,SC,1705
,SC,1706
,SC,1707
,SC,1708
,SC,1709
,SC,1710
,SC,1711
,SC,1712
,SC,1713
,SC,1714
,SC,1715
,SC,1716
,SC,1717
,SC,1718
,SC,1719
,SC,1720
,SC,1721
,SC,1722
,SC,1723
,SC,1724
,SC,1725
,SC,1726
,SC,1727
,SC,1728
,SC,1729
,SC,1730
,SC,1731
,SC,1732
,SC,1733
,SC,1734
,SC,1735
,SC,1736
,SC,1737
,SC,1738
,SC,1739
,SC,1739
,SC,1741
,SC,1742
,SC,1743
,SC,1744
,SC,1745
,SC,1746
,SC,1747
,SC,1748
,SC,1749
,SC,1750
,SC,1751
,SC,1752
,SC,1753
,SC,1754
,SC,1755
,SC,1756
,SC,1757
,SC,1758
,SC,1759
,SC,1760
,SC,1761
,SC,1762
,SC,1763
,SC,1764
,SC,1765
,SC,1766
,SC,1767
,SC,1768
,SC,1769
,SC,1770
,SC,1771
,SC,1772
,SC,1773
,SC,1774
,SC,1775
,SC,1776
,SC,1777
,SC,1778
,SC,1779
,SC,1780
,SC,1781
,SC,1782
,SC,1783
,SC,1784
,SC,1785
,SC,1786
,SC,1787
,SC,1788
,SC,1789
,SC,1790
,SC,1791
,SC,1792
,SC,1793
,SC,1794
,SC,1795
,SC,1796
,SC,1797
,SC,1798
,SC,1799
,SC,1800
,SC,1801
,SC,1802
,SC,1803
,SC,1804
,SC,1805
,SC,1806
,SC,1807
,SC,1808
,SC,1809
,SC,1810
,SC,1811
,SC,1812
,SC,1813
,SC,1814
,SC,1815
,SC,1816
,SC,1817
,SC,1818
,SC,1819
,SC,1820
,SC,1821
,SC,1822
,SC,1823
,SC,1824
,SC,1825
,SC,1826
,SC,1827
,SC,1828
,SC,1829
,SC,1830
,SC,1831
,SC,1832
,SC,1833
,SC,1834
,SC,1835
,SC,1836
,SC,1837
,SC,1838
,SC,1839
,SC,1840
,SC,1841
,SC,1842
,SC,1843
,SC,1844
,SC,1845
,SC,1846
,SC,1847
,SC,1848
,SC,1849
,SC,1850
,SC,1851
,SC,1852
,SC,1853
,SC,1854
,SC,1855
,SC,1856
,SC,1857
,SC,1858
,SC,1859
,SC,1860
,SC,1861
,SC,1862
,SC,1863
,SC,1864
,SC,1865
,SC,1866
,SC,1867
,SC,1868
,SC,1869
,SC,1870
,SC,1871
,SC,1872
,SC,1873
,SC,1874
,SC,1875
,SC,1876
,SC,1877
,SC,1878
,SC,1879
,SC,1880
,SC,1881
,SC,1882
,SC,1883
,SC,1884
,SC,1885
,SC,1886
,SC,1887
,SC,1888
,SC,1889
,SC,1890
,SC,1891
,SC,1892
,SC,1893
,SC,1894
,SC,1895
,SC,1896
,SC,1897
,SC,1898
,SC,1899
,SC,1900
,SC,1901
,SC,1902
,SC,1903
,SC,1904
,SC,1905
,SC,1906
,SC,1907
,SC,1908
,SC,1909
,SC,1910
,SC,1911
,SC,1912
,SC,1913
,SC,1914
,SC,1915
,SC,1916
,SC,1917
,SC,1918
,SC,1919
,SC,1920
,SC,1921
,SC,1922
,SC,1923
,SC,1924
,SC,1925
,SC,1926
,SC,1927
,SC,1928
,SC,1929
,SC,1930
,SC,1931
,SC,1932
,SC,1933
,SC,1934
,SC,1935
,SC,1936
,SC,1937
,SC,1938
,SC,1939
,SC,1940
,SC,1941
,SC,1942
,SC,1943
,SC,1944
,SC,1945
,SC,1946
,SC,1947
,SC,1948
,SC,1949
,SC,1950
,SC,1951
,SC,1952
,SC,1953
,SC,1954
,SC,1955
,SC,1956
,SC,1957
,SC,1958
,SC,1959
,SC,1960
,SC,1961
,SC,1962
,SC,1963
,SC,1964
,SC,1965
,SC,1966
,SC,1967
,SC,1968
,SC,1969
,SC,1970
,SC,1971
,SC,1972
,SC,1973
,SC,1974
,SC,1975
,SC,1976
,SC,1977
,SC,1978
,SC,1979
,SC,1980
,SC,1981
,SC,1982
,SC,1983
,SC,1984
,SC,1985
,SC,1986
,SC,1987
,SC,1988
,SC,1989
,SC,1990
,SC,1991
,SC,1992
,SC,1993
,SC,1994
,SC,1995
,SC,1996
,SC,1997
,SC,1998
,SC,1999
,SC,2000
,SC,2001
,SC,2002
,SC,2003
,SC,2004
,SC,2005
,SC,2006
,SC,2007
,SC,2008
,SC,2009
,SC,2010
,SC,2011
,SC,2012
,SC,2013
,SC,2014
,SC,2015
,SC,2016
,SC,2017
,SC,2018
,SC,2019
,SC,2020
,SC,2021
,SC,2022
,SC,2023
,SC,2024
,SC,2025
,SC,2026
,SC,2027
,SC,2028
,SC,2029
,SC,2030
,SC,2031
,SC,2032
,SC,2033
,SC,2034
,SC,2035
,SC,2036
,SC,2037
,SC,2038
,SC,2039
,SC,2040
,SC,2041
,SC,2042
,SC,2043
,SC,2044
,SC,2045
,SC,2046
,SC,2047
,SC,2048
,SC,2049
,SC,2050
,SC,2051
,SC,2052
,SC,2053
,SC,2054
,SC,2055
,SC,2056
,SC,2057
,SC,2058
,SC,2059
,SC,2060
,SC,2061
,SC,2062
,SC,2062
,SC,2064
,SC,2065
,SC,2066
,SC,2067
,SC,2068
,SC,2069
,SC,2070
,SC,2071
,SC,2072
,SC,2073
,SC,2074
,SC,2075
,SC,2076
,SC,2077
,SC,2078
,SC,2079
,SC,2080
,SC,2081
,SC,2082
,SC,2083
,SC,2084
,SC,2085
,SC,2086
,SC,2087
,SC,2088
,SC,2089
,SC,2090
,SC,2091
,SC,2092
,SC,2093
,SC,2094
,SC,2095
,SC,2096
,SC,2097
,SC,2098
,SC,2099
,SC,2100
,SC,2101
,SC,2102
,SC,2103
,SC,2104
,SC,2105
,SC,2106
,SC,2107
,SC,2108
,SC,2109
,SC,2110
,SC,2111
,SC,2112
,SC,2113
,SC,2114
,SC,2115
,SC,2116
,SC,2117
,SC,2118
,SC,2119
,SC,2120
,SC,2121
,SC,2122
,SC,2123
,SC,2124
,SC,2125
,SC,2126
,SC,2127
,SC,2128
,SC,2129
,SC,2130
,SC,2131
,SC,2132
,SC,2133
,SC,2134
,SC,2135
,SC,2136
,SC,2137
,SC,2138
,SC,2139
,SC,2140
,SC,2141
,SC,2142
,SC,2143
,SC,2144
,SC,2145
,SC,2146
,SC,2147
,SC,2148
,SC,2149
,SC,2150
,SC,2151
,SC,2152
,SC,2153
,SC,2154
,SC,2155
,SC,2156
,SC,2157
,SC,2158
,SC,2159
,SC,2160
,SC,2161
,SC,2162
,SC,2163
,SC,2164
,SC,2165
,SC,2166
,SC,2167
,SC,2168
,SC,2169
,SC,2170
,SC,2171
,SC,2172
,SC,2173
,SC,2174
,SC,2175
,SC,2176
,SC,2177
,SC,2178
,SC,2179
,SC,2180
,SC,2181
,SC,2182
,SC,2183
,SC,2184
,SC,2185
,SC,2186
,SC,2187
,SC,2188
,SC,2189
,SC,2190
,SC,2191
,SC,2192
,SC,2193
,SC,2194
,SC,2195
,SC,2196
,SC,2197
,SC,2198
,SC,2199
,SC,2200
,SC,2201
,SC,2202
,SC,2203
,SC,2204
,SC,2205
,SC,2206
,SC,2207
,SC,2208
,SC,2209
,SC,2210
,SC,2211
,SC,2212
,SC,2213
,SC,2214
,SC,2215
,SC,2216
,SC,2217
,SC,2218
,SC,2219
,SC,2220
,SC,2221
,SC,2222
,SC,2223
,SC,2224
,SC,2225
,SC,2226
,SC,2227
,SC,2228
,SC,2229
,SC,2230
,SC,2231
,SC,2232
,SC,2233
,SC,2234
,SC,2235
,SC,2236
,SC,2237
,SC,2238
,SC,2239
,SC,2240
,SC,2241
,SC,2242
,SC,2243
,SC,2244
,SC,2245
,SC,2246
,SC,2247
,SC,2248
,SC,2249
,SC,2250
,SC,2251
,SC,2252
,SC,2253
,SC,2254
,SC,2255
,SC,2256
,SC,2257
,SC,2258
,SC,2259
,SC,2260
,SC,2261
,SC,2262
,SC,2263
,SC,2264
,SC,2265
,SC,2266
,SC,2267
,SC,2268
,SC,2269
,SC,2270
,SC,2271
,SC,2272
,SC,2273
,SC,2274
,SC,2275
,SC,2276
,SC,2277
,SC,2278
,SC,2279
,SC,2280
,SC,2281
,SC,2282
,SC,2283
,SC,2284
,SC,2285
,SC,2286
,SC,2287
,SC,2288
,SC,2289
,SC,2290
,SC,2291
,SC,2292
,SC,2293
,SC,2294
,SC,2295
,SC,2296
,SC,2297
,SC,2298
,SC,2299
,SC,2300
,SC,2301
,SC,2302
,SC,2303
,SC,2304
,SC,2305
,SC,2306
,SC,2307
,SC,2308
,SC,2309
,SC,2310
,SC,2311
,SC,2312
,SC,2313
,SC,2314
,SC,2315
,SC,2316
,SC,2317
,SC,2318
,SC,2319
,SC,2320
,SC,2321
,SC,2322
,SC,2323
,SC,2324
,SC,2325
,SC,2326
,SC,2327
,SC,2328
,SC,2329
,SC,2330
,SC,2331
,SC,2332
,SC,2333
,SC,2334
,SC,2335
,SC,2336
,SC,2337
,SC,2338
,SC,2339
,SC,2340
,SC,2341
,SC,2342
,SC,2343
,SC,2344
,SC,2345
,SC,2346
,SC,2347
,SC,2347
,SC,2349
,SC,2350
,SC,2351
,SC,2352
,SC,2353
,SC,2354
,SC,2355
,SC,2356
,SC,2357
,SC,2358
,SC,2359
,SC,2360
,SC,2360
,SC,2362
,SC,2363
,SC,2364
,SC,2365
,SC,2366
,SC,2367
,SC,2368
,SC,2369
,SC,2370
,SC,2371
,SC,2372
,SC,2373
,SC,2374
,SC,2375
,SC,2376
,SC,2377
,SC,2378
,SC,2379
,SC,2380
,SC,2381
,SC,2382
,SC,2383
,SC,2384
,SC,2385
,SC,2386
,SC,2387
,SC,2388
,SC,2389
,SC,2390
,SC,2391
,SC,2392
,SC,2393
,SC,2394
,SC,2395
,SC,2396
,SC,2397
,SC,2398
,SC,2399
,SC,2400
,SC,2401
,SC,2402
,SC,2403
,SC,2403
,SC,2405
,SC,2406
,SC,2407
,SC,2408
,SC,2409
,SC,2410
,SC,2411
,SC,2412
,SC,2413
,SC,2414
,SC,2415
,SC,2416
,SC,2417
,SC,2418
,SC,2419
,SC,2420
,SC,2421
,SC,2422
,SC,2423
,SC,2424
,SC,2425
,SC,2426
,SC,2427
,SC,2428
,SC,2429
,SC,2430
,SC,2431
,SC,2432
,SC,2433
,SC,2434
,SC,2435
,SC,2436
,SC,2437
,SC,2438
,SC,2439
,SC,2440
,SC,2441
,SC,2442
,SC,2443
,SC,2444
,SC,2445
,SC,2446
,SC,2447
,SC,2448
,SC,2449
,SC,2450
,SC,2451
,SC,2452
,SC,2453
,SC,2454
,SC,2455
,SC,2456
,SC,2457
,SC,2458
,SC,2459
,SC,2460
,SC,2461
,SC,2462
,SC,2463
,SC,2464
,SC,2465
,SC,2466
,SC,2467
,SC,2468
,SC,2469
,SC,2470
,SC,2471
,SC,2472
,SC,2473
,SC,2474
,SC,2475
,SC,2476
,SC,2477
,SC,2478
,SC,2479
,SC,2480
,SC,2481
,SC,2482
,SC,2483
,SC,2484
,SC,2484
,SC,2486
,SC,2487
,SC,2488
,SC,2489
,SC,2490
,SC,2491
,SC,2492
,SC,2493
,SC,2494
,SC,2494
,SC,2496
,SC,2497
,SC,2498
,SC,2499
,SC,2500
,SC,2501
,SC,2502
,SC,2503
,SC,2504
,SC,2505
,SC,2506
,SC,2507
,SC,2508
,SC,2509
,SC,2510
,SC,2511
,SC,2512
,SC,2513
,SC,2514
,SC,2515
,SC,2516
,SC,2517
,SC,2518
,SC,2519
,SC,2520
,SC,2521
,SC,2522
,SC,2523
,SC,2524
,SC,2525
,SC,2526
,SC,2527
,SC,2528
,SC,2529
,SC,2530
,SC,2531
,SC,2532
,SC,2533
,SC,2534
,SC,2535
,SC,2536
,SC,2537
,SC,2538
,SC,2539
,SC,2540
,SC,2541
,SC,2542
,SC,2543
,SC,2544
,SC,2545
,SC,2546
,SC,2547
,SC,2548
,SC,2549
,SC,2550
,SC,2551
,SC,2552
,SC,2553
,SC,2554
,SC,2555
,SC,2556
,SC,2557
,SC,2558
,SC,2559
,SC,2560
,SC,2561
,SC,2562
,SC,2563
,SC,2564
,SC,2565
,SC,2566
,SC,2567
,SC,2568
,SC,2569
,SC,2570
,SC,2571
,SC,2572
,SC,2573
,SC,2574
,SC,2575
,SC,2576
,SC,2577
,SC,2578
,SC,2579
,SC,2580
,SC,2581
,SC,2582
,SC,2583
,SC,2584
,SC,2585
,SC,2586
,SC,2587
,SC,2588
,SC,2589
,SC,2590
,SC,2591
,SC,2592
,SC,2593
,SC,2594
,SC,2595
,SC,2596
,SC,2597
,SC,2598
,SC,2599
,SC,2600
,SC,2601
,SC,2602
,SC,2603
,SC,2604
,SC,2605
,SC,2606
,SC,2607
,SC,2607
,SC,2609
,SC,2610
,SC,2611
,SC,2612
,SC,2613
,SC,2614
,SC,2615
,SC,2616
,SC,2617
,SC,2618
,SC,2619
,SC,2620
,SC,2621
,SC,2622
,SC,2623
,SC,2624
,SC,2625
,SC,2626
,SC,2627
,SC,2628
,SC,2629
,SC,2630
,SC,2631
,SC,2632
,SC,2633
,SC,2634
,SC,2635
,SC,2636
,SC,2637
,SC,2638
,SC,2639
,SC,2640
,SC,2641
,SC,2642
,SC,2643
,SC,2644
,SC,2645
,SC,2646
,SC,2647
,SC,2648
,SC,2649
,SC,2650
,SC,2651
,SC,2652
,SC,2653
,SC,2654
,SC,2655
,SC,2656
,SC,2657
,SC,2658
,SC,2659
,SC,2660
,SC,2661
,SC,2662
,SC,2663
,SC,2664
,SC,2665
,SC,2666
,SC,2667
,SC,2668
,SC,2669
,SC,2670
,SC,2671
,SC,2672
,SC,2673
,SC,2674
,SC,2675
,SC,2676
,SC,2677
,SC,2678
,SC,2679
,SC,2680
,SC,2681
,SC,2682
,SC,2683
,SC,2684
,SC,2685
,SC,2686
,SC,2687
,SC,2688
,SC,2689
,SC,2690
,SC,2691
,SC,2692
,SC,2693
,SC,2694
,SC,2695
,SC,2696
,SC,2697
,SC,2698
,SC,2699
,SC,2700
,SC,2701
,SC,2702
,SC,2703
,SC,2704
,SC,2705
,SC,2706
,SC,2707
,SC,2708
,SC,2709
,SC,2710
,SC,2711
,SC,2712
,SC,2713
,SC,2714
,SC,2715
,SC,2716
,SC,2717
,SC,2718
,SC,2719
,SC,2720
,SC,2721
,SC,2722
,SC,2723
,SC,2724
,SC,2725
,SC,2726
,SC,2727
,SC,2728
,SC,2729
,SC,2730
,SC,2731
,SC,2732
,SC,2733
,SC,2734
,SC,2735
,SC,2736
,SC,2737
,SC,2737
,SC,2739
,SC,2740
,SC,2741
,SC,2742
,SC,2743
,SC,2744
,SC,2745
,SC,2746
,SC,2747
,SC,2748
,SC,2749
,SC,2750
,SC,2751
,SC,2752
,SC,2753
,SC,2754
,SC,2755
,SC,2756
,SC,2757
,SC,2758
,SC,2759
,SC,2760
,SC,2761
,SC,2762
,SC,2763
,SC,2764
,SC,2765
,SC,2766
,SC,2767
,SC,2768
,SC,2769
,SC,2770
,SC,2771
,SC,2772
,SC,2773
,SC,2774
,SC,2775
,SC,2776
,SC,2777
,SC,2778
,SC,2779
,SC,2780
,SC,2781
,SC,2782
,SC,2783
,SC,2784
,SC,2785
,SC,2786
,SC,2787
,SC,2788
,SC,2789
,SC,2790
,SC,2791
,SC,2792
,SC,2793
,SC,2794
,SC,2795
,SC,2796
,SC,2797
,SC,2798
,SC,2799
,SC,2800
,SC,2801
,SC,2802
,SC,2803
,SC,2804
,SC,2805
,SC,2806
,SC,2807
,SC,2808
,SC,2809
,SC,2810
,SC,2811
,SC,2812
,SC,2813
,SC,2814
,SC,2815
,SC,2816
,SC,2817
,SC,2818
,SC,2819
,SC,2820
,SC,2821
,SC,2822
,SC,2823
,SC,2824
,SC,2825
,SC,2826
,SC,2827
,SC,2828
,SC,2829
,SC,2830
,SC,2831
,SC,2832
,SC,2833
,SC,2834
,SC,2835
,SC,2836
,SC,2837
,SC,2838
,SC,2839
,SC,2840
,SC,2841
,SC,2842
,SC,2843
,SC,2844
,SC,2845
,SC,2846
,SC,2847
,SC,2848
,SC,2849
,SC,2850
,SC,2851
,SC,2852
,SC,2853
,SC,2854
,SC,2855
,SC,2856
,SC,2857
,SC,2858
,SC,2859
,SC,2860
,SC,2861
,SC,2862
,SC,2863
,SC,2864
,SC,2865
,SC,2866
,SC,2867
,SC,2868
,SC,2869
,SC,2870
,SC,2871
,SC,2872
,SC,2873
,SC,2874
,SC,2875
,SC,2876
,SC,2877
,SC,2878
,SC,2879
,SC,2880
,SC,2881
,SC,2882
,SC,2883
,SC,2884
,SC,2885
,SC,2886
,SC,2887
,SC,2888
,SC,2889
,SC,2890
,SC,2891
,SC,2892
,SC,2893
,SC,2894
,SC,2895
,SC,2896
,SC,2897
,SC,2898
,SC,2899
,SC,2900
,SC,2901
,SC,2902
,SC,2903
,SC,2904
,SC,2905
,SC,2906
,SC,2907
,SC,2908
,SC,2909
,SC,2910
,SC,2911
,SC,2912
,SC,2913
,SC,2914
,SC,2915
,SC,2916
,SC,2917
,SC,2918
,SC,2919
,SC,2920
,SC,2921
,SC,2922
,SC,2923
,SC,2924
,SC,2925
,SC,2926
,SC,2927
,SC,2928
,SC,2929
,SC,2930
,SC,2931
,SC,2932
,SC,2933
,SC,2934
,SC,2935
,SC,2936
,SC,2937
,SC,2938
,SC,2939
,SC,2940
,SC,2941
,SC,2942
,SC,2943
,SC,2944
,SC,2945
,SC,2946
,SC,2947
,SC,2948
,SC,2949
,SC,2950
,SC,2951
,SC,2952
,SC,2953
,SC,2954
,SC,2955
,SC,2956
,SC,2957
,SC,2958
,SC,2959
,SC,2960
,SC,2961
,SC,2962
,SC,2963
,SC,2964
,SC,2965
,SC,2966
,SC,2967
,SC,2968
,SC,2969
,SC,2970
,SC,2971
,SC,2972
,SC,2973
,SC,2974
,SC,2975
,SC,2976
,SC,2977
,SC,2978
,SC,2979
,SC,2980
,SC,2981
,SC,2982
,SC,2983
,SC,2984
,SC,2985
,SC,2986
,SC,2987
,SC,2988
,SC,2989
,SC,2990
,SC,2991
,SC,2992
,SC,2993
,SC,2994
,SC,2995
,SC,2996
,SC,2997
,SC,2998
,SC,2999
,SC,3000
,SC,3001
,SC,3002
,SC,3003
,SC,3004
,SC,3005
,SC,3006
,SC,3007
,SC,3008
,SC,3009
,SC,3010
,SC,3011
,SC,3012
,SC,3013
,SC,3014
,SC,3015
,SC,3016
,SC,3017
,SC,3018
,SC,3019
,SC,3020
,SC,3021
,SC,3022
,SC,3023
,SC,3024
,SC,3025
,SC,3026
,SC,3027
,SC,3028
,SC,3029
,SC,3030
,SC,3031
,SC,3032
,SC,3033
,SC,3034
,SC,3035
,SC,3036
,SC,3037
,SC,3038
,SC,3039
,SC,3040
,SC,3041
,SC,3042
,SC,3043
,SC,3044
,SC,3045
,SC,3046
,SC,3047
,SC,3048
,SC,3049
,SC,3050
,SC,3051
,SC,3052
,SC,3053
,SC,3054
,SC,3055
,SC,3056
,SC,3057
,SC,3058
,SC,3059
,SC,3060
,SC,3061
,SC,3062
,SC,3063
,SC,3064
,SC,3065
,SC,3066
,SC,3067
,SC,3068
,SC,3069
,SC,3070
,SC,3071
,SC,3072
,SC,3073
,SC,3074
,SC,3075
,SC,3076
,SC,3077
,SC,3078
,SC,3079
,SC,3080
,SC,3081
,SC,3082
,SC,3083
,SC,3084
,SC,3085
,SC,3086
,SC,3087
,SC,3088
,SC,3089
,SC,3090
,SC,3091
,SC,3092
,SC,3093
,SC,3094
,SC,3095
,SC,3095
,SC,3097
,SC,3098
,SC,3099
,SC,3100
,SC,3101
,SC,3102
,SC,3103
,SC,3104
,SC,3105
,SC,3106
,SC,3107
,SC,3108
,SC,3109
,SC,3110
,SC,3111
,SC,3112
,SC,3113
,SC,3114
,SC,3115
,SC,3116
,SC,3117
,SC,3118
,SC,3119
,SC,3120
,SC,3121
,SC,3122
,SC,3123
,SC,3124
,SC,3125
,SC,3126
,SC,3127
,SC,3128
,SC,3129
,SC,3130
,SC,3131
,SC,3132
,SC,3133
,SC,3134
,SC,3134
,SC,3136
,SC,3137
,SC,3138
,SC,3139
,SC,3140
,SC,3141
,SC,3142
,SC,3143
,SC,3144
,SC,3145
,SC,3146
,SC,3147
,SC,3148
,SC,3149
,SC,3150
,SC,3151
,SC,3152
,SC,3153
,SC,3154
,SC,3155
,SC,3156
,SC,3157
,SC,3158
,SC,3159
,SC,3160
,SC,3161
,SC,3162
,SC,3163
,SC,3164
,SC,3165
,SC,3166
,SC,3167
,SC,3168
,SC,3169
,SC,3170
,SC,3171
,SC,3172
,SC,3173
,SC,3174
,SC,3175
,SC,3176
,SC,3177
,SC,3178
,SC,3179
,SC,3180
,SC,3181
,SC,3182
,SC,3183
,SC,3184
,SC,3185
,SC,3186
,SC,3187
,SC,3188
,SC,3189
,SC,3190
,SC,3191
,SC,3192
,SC,3193
,SC,3194
,SC,3195
,SC,3196
,SC,3197
,SC,3198
,SC,3199
,SC,3200
,SC,3201
,SC,3202
,SC,3203
,SC,3204
,SC,3205
,SC,3206
,SC,3207
,SC,3208
,SC,3209
,SC,3210
,SC,3211
,SC,3212
,SC,3213
,SC,3214
,SC,3215
,SC,3216
,SC,3217
,SC,3218
,SC,3219
,SC,3220
,SC,3221
,SC,3222
,SC,3223
,SC,3224
,SC,3225
,SC,3226
,SC,3227
,SC,3228
,SC,3229
,SC,3230
,SC,3231
,SC,3232
,SC,3233
,SC,3234
,SC,3235
,SC,3236
,SC,3237
,SC,3238
,SC,3239
,SC,3240
,SC,3241
,SC,3242
,SC,3243
,SC,3244
,SC,3245
,SC,3246
,SC,3247
,SC,3248
,SC,3249
,SC,3250
,SC,3251
,SC,3252
,SC,3253
,SC,3254
,SC,3255
,SC,3256
,SC,3257
,SC,3258
,SC,3259
,SC,3260
,SC,3261
,SC,3262
,SC,3263
,SC,3264
,SC,3265
,SC,3266
,SC,3267
,SC,3268
,SC,3269
,SC,3270
,SC,3271
,SC,3272
,SC,3273
,SC,3274
,SC,3275
,SC,3276
,SC,3277
,SC,3278
,SC,3279
,SC,3280
,SC,3281
,SC,3282
,SC,3283
,SC,3284
,SC,3285
,SC,3285
,SC,3287
,SC,3288
,SC,3289
,SC,3290
,SC,3291
,SC,3292
,SC,3293
,SC,3294
,SC,3295
,SC,3296
,SC,3297
,SC,3298
,SC,3299
,SC,3300
,SC,3301
,SC,3302
,SC,3303
,SC,3304
,SC,3305
,SC,3306
,SC,3307
,SC,3308
,SC,3308
,SC,3310
,SC,3311
,SC,3312
,SC,3313
,SC,3314
,SC,3315
,SC,3316
,SC,3317
,SC,3318
,SC,3319
,SC,3320
,SC,3321
,SC,3322
,SC,3323
,SC,3324
,SC,3325
,SC,3326
,SC,3327
,SC,3328
,SC,3329
,SC,3330
,SC,3331
,SC,3332
,SC,3333
,SC,3334
,SC,3335
,SC,3336
,SC,3337
,SC,3338
,SC,3339
,SC,3340
,SC,3341
,SC,3342
,SC,3343
,SC,3344
,SC,3345
,SC,3346
,SC,3347
,SC,3348
,SC,3349
,SC,3350
,SC,3351
,SC,3352
,SC,3353
,SC,3354
,SC,3355
,SC,3356
,SC,3357
,SC,3358
,SC,3359
,SC,3360
,SC,3361
,SC,3362
,SC,3363
,SC,3364
,SC,3365
,SC,3366
,SC,3367
,SC,3368
,SC,3369
,SC,3370
,SC,3371
,SC,3372
,SC,3373
,SC,3374
,SC,3375
,SC,3376
,SC,3377
,SC,3378
,SC,3379
,SC,3380
,SC,3381
,SC,3382
,SC,3383
,SC,3384
,SC,3385
,SC,3386
,SC,3387
,SC,3388
,SC,3389
,SC,3390
,SC,3391
,SC,3392
,SC,3393
,SC,3394
,SC,3395
,SC,3396
,SC,3397
,SC,3398
,SC,3399
,SC,3400
,SC,3401
,SC,3402
,SC,3403
,SC,3404
,SC,3405
,SC,3406
,SC,3407
,SC,3408
,SC,3409
,SC,3410
,SC,3411
,SC,3412
,SC,3413
,SC,3414
,SC,3415
,SC,3416
,SC,3417
,SC,3418
,SC,3419
,SC,3420
,SC,3421
,SC,3422
,SC,3423
,SC,3424
,SC,3425
,SC,3426
,SC,3427
,SC,3428
,SC,3429
,SC,3429
,SC,3431
,SC,3432
,SC,3433
,SC,3434
,SC,3435
,SC,3436
,SC,3436
,SC,3438
,SC,3439
,SC,3440
,SC,3441
,SC,3442
,SC,3443
,SC,3444
,SC,3445
,SC,3446
,SC,3447
,SC,3448
,SC,3449
,SC,3450
,SC,3451
,SC,3452
,SC,3453
,SC,3454
,SC,3455
,SC,3456
,SC,3457
,SC,3458
,SC,3459
,SC,3460
,SC,3461
,SC,3462
,SC,3463
,SC,3464
,SC,3465
,SC,3466
,SC,3467
,SC,3468
,SC,3469
,SC,3470
,SC,3471
,SC,3472
,SC,3473
,SC,3474
,SC,3475
,SC,3476
,SC,3477
,SC,3478
,SC,3479
,SC,3480
,SC,3481
,SC,3482
,SC,3483
,SC,3484
,SC,3484
,SC,3486
,SC,3487
,SC,3488
,SC,3489
,SC,3490
,SC,3491
,SC,3492
,SC,3493
,SC,3494
,SC,3495
,SC,3496
,SC,3497
,SC,3498
,SC,3499
,SC,3500
,SC,3501
,SC,3502
,SC,3503
,SC,3504
,SC,3505
,SC,3506
,SC,3507
,SC,3508
,SC,3509
,SC,3510
,SC,3511
,SC,3512
,SC,3513
,SC,3514
,SC,3515
,SC,3516
,SC,3517
,SC,3518
,SC,3519
,SC,3520
,SC,3521
,SC,3522
,SC,3523
,SC,3524
,SC,3525
,SC,3526
,SC,3527
,SC,3528
,SC,3529
,SC,3530
,SC,3531
,SC,3532
,SC,3533
,SC,3534
,SC,3535
,SC,3536
,SC,3537
,SC,3538
,SC,3539
,SC,3540
,SC,3541
,SC,3542
,SC,3543
,SC,3544
,SC,3545
,SC,3546
,SC,3547
,SC,3548
,SC,3549
,SC,3550
,SC,3551
,SC,3552
,SC,3553
,SC,3554
,SC,3555
,SC,3556
,SC,3557
,SC,3558
,SC,3559
,SC,3560
,SC,3561
,SC,3562
,SC,3563
,SC,3564
,SC,3565
,SC,3566
,SC,3567
,SC,3568
,SC,3569
,SC,3570
,SC,3571
,SC,3572
,SC,3573
,SC,3574
,SC,3575
,SC,3576
,SC,3577
,SC,3578
,SC,3579
,SC,3580
,SC,3581
,SC,3582
,SC,3583
,SC,3584
,SC,3585
,SC,3586
,SC,3587
,SC,3588
,SC,3589
,SC,3590
,SC,3591
,SC,3592
,SC,3593
,SC,3594
,SC,3595
,SC,3596
,SC,3597
,SC,3598
,SC,3599
,SC,3600
,SC,3601
,SC,3602
,SC,3603
,SC,3604
,SC,3605
,SC,3606
,SC,3607
,SC,3608
,SC,3608
,SC,3610
,SC,3611
,SC,3612
,SC,3613
,SC,3614
,SC,3615
,SC,3616
,SC,3617
,SC,3618
,SC,3619
,SC,3620
,SC,3621
,SC,3622
,SC,3623
,SC,3624
,SC,3625
,SC,3626
,SC,3627
,SC,3628
,SC,3629
,SC,3630
,SC,3631
,SC,3632
,SC,3633
,SC,3634
,SC,3635
,SC,3636
,SC,3637
,SC,3638
,SC,3639
,SC,3640
,SC,3641
,SC,3642
,SC,3643
,SC,3644
,SC,3645
,SC,3646
,SC,3647
,SC,3648
,SC,3649
,SC,3650
,SC,3651
,SC,3652
,SC,3653
,SC,3654
,SC,3655
,SC,3656
,SC,3657
,SC,3658
,SC,3659
,SC,3660
,SC,3661
,SC,3662
,SC,3663
,SC,3664
,SC,3665
,SC,3666
,SC,3667
,SC,3668
,SC,3669
,SC,3670
,SC,3671
,SC,3672
,SC,3673
,SC,3674
,SC,3675
,SC,3676
,SC,3677
,SC,3678
,SC,3679
,SC,3680
,SC,3681
,SC,3682
,SC,3683
,SC,3684
,SC,3685
,SC,3686
,SC,3687
,SC,3688
,SC,3689
,SC,3690
,SC,3691
,SC,3692
,SC,3693
,SC,3694
,SC,3695
,SC,3696
,SC,3697
,SC,3698
,SC,3699
,SC,3700
,SC,3701
,SC,3702
,SC,3703
,SC,3704
,SC,3705
,SC,3706
,SC,3707
,SC,3708
,SC,3709
,SC,3710
,SC,3711
,SC,3712
,SC,3713
,SC,3714
,SC,3715
,SC,3716
,SC,3717
,SC,3718
,SC,3719
,SC,3720
,SC,3721
,SC,3722
,SC,3723
,SC,3724
,SC,3725
,SC,3726
,SC,3727
,SC,3728
,SC,3729
,SC,3730
,SC,3731
,SC,3732
,SC,3733
,SC,3734
,SC,3735
,SC,3736
,SC,3737
,SC,3737
,SC,3739
,SC,3740
,SC,3741
,SC,3742
,SC,3743
,SC,3744
,SC,3745
,SC,3746
,SC,3747
,SC,3748
,SC,3749
,SC,3750
,SC,3751
,SC,3752
,SC,3753
,SC,3754
,SC,3755
,SC,3756
,SC,3757
,SC,3758
,SC,3759
,SC,3760
,SC,3761
,SC,3762
,SC,3763
,SC,3764
,SC,3765
,SC,3766
,SC,3767
,SC,3768
,SC,3769
,SC,3770
,SC,3771
,SC,3772
,SC,3773
,SC,3774
,SC,3775
,SC,3776
,SC,3777
,SC,3778
,SC,3779
,SC,3780
,SC,3781
,SC,3782
,SC,3783
,SC,3784
,SC,3785
,SC,3786
,SC,3787
,SC,3788
,SC,3789
,SC,3790
,SC,3791
,SC,3792
,SC,3793
,SC,3794
,SC,3795
,SC,3796
,SC,3797
,SC,3798
,SC,3799
,SC,3800
,SC,3801
,SC,3802
,SC,3803
,SC,3804
,SC,3805
,SC,3806
,SC,3807
,SC,3808
,SC,3809
,SC,3810
,SC,3811
,SC,3812
,SC,3813
,SC,3814
,SC,3815
,SC,3816
,SC,3817
,SC,3818
,SC,3819
,SC,3820
,SC,3821
,SC,3822
,SC,3823
,SC,3824
,SC,3825
,SC,3826
,SC,3827
,SC,3828
,SC,3829
,SC,3830
,SC,3831
,SC,3832
,SC,3833
,SC,3834
,SC,3835
,SC,3836
,SC,3837
,SC,3838
,SC,3839
,SC,3840
,SC,3841
,SC,3842
,SC,3843
,SC,3844
,SC,3845
,SC,3846
,SC,3847
,SC,3848
,SC,3849
,SC,3850
,SC,3851
,SC,3852
,SC,3853
,SC,3854
,SC,3855
,SC,3856
,SC,3857
,SC,3858
,SC,3859
,SC,3860
,SC,3861
,SC,3862
,SC,3863
,SC,3864
,SC,3865
,SC,3866
,SC,3867
,SC,3868
,SC,3869
,SC,3870
,SC,3871
,SC,3872
,SC,3873
,SC,3874
,SC,3875
,SC,3876
,SC,3877
,SC,3878
,SC,3879
,SC,3880
,SC,3881
,SC,3882
,SC,3883
,SC,3884
,SC,3885
,SC,3886
,SC,3887
,SC,3888
,SC,3889
,SC,3890
,SC,3891
,SC,3892
,SC,3893
,SC,3894
,SC,3895
,SC,3896
,SC,3896
,SC,3898
,SC,3899
,SC,3900
,SC,3901
,SC,3902
,SC,3903
,SC,3904
,SC,3905
,SC,3906
,SC,3907
,SC,3907
,SC,3907
,SC,3910
,SC,3911
,SC,3912
,SC,3913
,SC,3914
,SC,3915
,SC,3916
,SC,3917
,SC,3918
,SC,3919
,SC,3920
,SC,3921
,SC,3922
,SC,3923
,SC,3924
,SC,3925
,SC,3926
,SC,3926
,SC,3928
,SC,3929
,SC,3930
,SC,3931
,SC,3932
,SC,3933
,SC,3934
,SC,3935
,SC,3936
,SC,3937
,SC,3938
,SC,3939
,SC,3940
,SC,3941
,SC,3942
,SC,3943
,SC,3944
,SC,3945
,SC,3946
,SC,3947
,SC,3948
,SC,3949
,SC,3950
,SC,3951
,SC,3952
,SC,3953
,SC,3954
,SC,3955
,SC,3956
,SC,3957
,SC,3958
,SC,3959
,SC,3960
,SC,3961
,SC,3962
,SC,3963
,SC,3964
,SC,3965
,SC,3966
,SC,3967
,SC,3968
,SC,3969
,SC,3970
,SC,3971
,SC,3972
,SC,3973
,SC,3974
,SC,3975
,SC,3975
,SC,3977
,SC,3978
,SC,3979
,SC,3980
,SC,3981
,SC,3982
,SC,3983
,SC,3984
,SC,3985
,SC,3986
,SC,3987
,SC,3988
,SC,3989
,SC,3990
,SC,3991
,SC,3992
,SC,3993
,SC,3994
,SC,3995
,SC,3996
,SC,3997
,SC,3998
,SC,3999
,SC,4000
,SC,4001
,SC,4001
,SC,4003
,SC,4004
,SC,4005
,SC,4006
,SC,4007
,SC,4008
,SC,4009
,SC,4010
,SC,4011
,SC,4012
,SC,4013
,SC,4014
,SC,4015
,SC,4016
,SC,4017
,SC,4018
,SC,4019
,SC,4020
,SC,4021
,SC,4022
,SC,4023
,SC,4024
,SC,4025
,SC,4026
,SC,4027
,SC,4028
,SC,4029
,SC,4030
,SC,4031
,SC,4032
,SC,4033
,SC,4034
,SC,4035
,SC,4036
,SC,4036
,SC,4038
,SC,4039
,SC,4040
,SC,4041
,SC,4042
,SC,4043
,SC,4044
,SC,4045
,SC,4046
,SC,4047
,SC,4048
,SC,4049
,SC,4050
,SC,4051
,SC,4052
,SC,4053
,SC,4054
,SC,4055
,SC,4056
,SC,4057
,SC,4058
,SC,4059
,SC,4060
,SC,4061
,SC,4062
,SC,4063
,SC,4064
,SC,4065
,SC,4066
,SC,4067
,SC,4068
,SC,4069
,SC,4069
,SC,4071
,SC,4072
,SC,4073
,SC,4074
,SC,4074
,SC,4076
,SC,4077
,SC,4078
,SC,4079
,SC,4080
,SC,4081
,SC,4082
,SC,4083
,SC,4084
,SC,4085
,SC,4086
,SC,4087
,SC,4088
,SC,4089
,SC,4090
,SC,4091
,SC,4092
,SC,4093
,SC,4094
,SC,4095
,SC,4096
,SC,4097
,SC,4098
,SC,4099
,SC,4100
,SC,4101
,SC,4102
,SC,4103
,SC,4104
,SC,4105
,SC,4106
,SC,4107
,SC,4108
,SC,4109
,SC,4110
,SC,4111
,SC,4112
,SC,4113
,SC,4114
,SC,4115
,SC,4116
,SC,4117
,SC,4118
,SC,4119
,SC,4120
,SC,4121
,SC,4122
,SC,4123
,SC,4124
,SC,4125
,SC,4126
,SC,4127
,SC,4128
,SC,4129
,SC,4130
,SC,4131
,SC,4132
,SC,4133
,SC,4134
,SC,4135
,SC,4136
,SC,4137
,SC,4138
,SC,4139
,SC,4140
,SC,4141
,SC,4142
,SC,4143
,SC,4144
,SC,4145
,SC,4146
,SC,4147
,SC,4148
,SC,4149
,SC,4150
,SC,4151
,SC,4152
,SC,4153
,SC,4154
,SC,4155
,SC,4156
,SC,4157
,SC,4158
,SC,4159
,SC,4160
,SC,4161
,SC,4162
,SC,4163
,SC,4164
,SC,4165
,SC,4166
,SC,4167
,SC,4168
,SC,4169
,SC,4170
,SC,4171
,SC,4172
,SC,4173
,SC,4174
,SC,4175
,SC,4176
,SC,4177
,SC,4178
,SC,4179
,SC,4180
,SC,4181
,SC,4182
,SC,4183
,SC,4184
,SC,4185
,SC,4185
,SC,4187
,SC,4188
,SC,4189
,SC,4190
,SC,4191
,SC,4192
,SC,4193
,SC,4194
,SC,4195
,SC,4196
,SC,4197
,SC,4198
,SC,4199
,SC,4200
,SC,4200
,SC,4202
,SC,4203
,SC,4203
,SC,4205
,SC,4206
,SC,4207
,SC,4208
,SC,4209
,SC,4210
,SC,4211
,SC,4212
,SC,4213
,SC,4214
,SC,4215
,SC,4216
,SC,4217
,SC,4218
,SC,4219
,SC,4220
,SC,4221
,SC,4222
,SC,4223
,SC,4224
,SC,4225
,SC,4226
,SC,4227
,SC,4228
,SC,4229
,SC,4230
,SC,4231
,SC,4232
,SC,4233
,SC,4234
,SC,4235
,SC,4236
,SC,4237
,SC,4238
,SC,4239
,SC,4240
,SC,4241
,SC,4242
,SC,4243
,SC,4244
,SC,4245
,SC,4246
,SC,4247
,SC,4248
,SC,4249
,SC,4250
,SC,4251
,SC,4252
,SC,4253
,SC,4254
,SC,4255
,SC,4256
,SC,4257
,SC,4258
,SC,4259
,SC,4260
,SC,4261
,SC,4262
,SC,4263
,SC,4264
,SC,4265
,SC,4266
,SC,4267
,SC,4268
,SC,4269
,SC,4270
,SC,4271
,SC,4272
,SC,4273
,SC,4274
,SC,4275
,SC,4276
,SC,4277
,SC,4278
,SC,4279
,SC,4280
,SC,4281
,SC,4282
,SC,4283
,SC,4284
,SC,4285
,SC,4286
,SC,4287
,SC,4288
,SC,4289
,SC,4290
,SC,4291
,SC,4292
,SC,4292
,SC,4294
,SC,4295
,SC,4296
,SC,4297
,SC,4298
,SC,4299
,SC,4300
,SC,4301
,SC,4302
,SC,4303
,SC,4304
,SC,4305
,SC,4306
,SC,4307
,SC,4308
,SC,4309
,SC,4310
,SC,4311
,SC,4312
,SC,4313
,SC,4314
,SC,4315
,SC,4316
,SC,4317
,SC,4318
,SC,4319
,SC,4320
,SC,4321
,SC,4322
,SC,4323
,SC,4324
,SC,4325
,SC,4326
,SC,4327
,SC,4328
,SC,4329
,SC,4330
,SC,4331
,SC,4332
,SC,4333
,SC,4334
,SC,4335
,SC,4336
,SC,4337
,SC,4338
,SC,4339
,SC,4340
,SC,4341
,SC,4342
,SC,4343
,SC,4344
,SC,4345
,SC,4346
,SC,4347
,SC,4348
,SC,4348
,SC,4350
,SC,4351
,SC,4352
,SC,4353
,SC,4354
,SC,4355
,SC,4356
,SC,4357
,SC,4358
,SC,4359
,SC,4360
,SC,4361
,SC,4362
,SC,4363
,SC,4364
,SC,4365
,SC,4366
,SC,4367
,SC,4368
,SC,4369
,SC,4370
,SC,4371
,SC,4372
,SC,4373
,SC,4374
,SC,4375
,SC,4376
,SC,4377
,SC,4378
,SC,4379
,SC,4380
,SC,4381
,SC,4382
,SC,4383
,SC,4384
,SC,4385
,SC,4386
,SC,4387
,SC,4388
,SC,4389
,SC,4390
,SC,4391
,SC,4392
,SC,4393
,SC,4394
,SC,4395
,SC,4396
,SC,4397
,SC,4398
,SC,4399
,SC,4400
,SC,4401
,SC,4402
,SC,4403
,SC,4404
,SC,4405
,SC,4406
,SC,4407
,SC,4408
,SC,4409
,SC,4410
,SC,4411
,SC,4412
,SC,4413
,SC,4414
,SC,4415
,ST,64
,ST,94
,ST,120
,ST,126
,ST,155
,ST,157
,ST,176
,ST,241
,ST,247
,ST,255
,ST,266
,ST,274
,ST,275
,ST,278
,ST,288
,ST,296
,ST,308
,ST,316
,ST,335
,ST,342
,ST,357
,ST,357
,ST,363
,ST,364
,ST,365
,ST,366
,ST,367
,ST,368
,ST,369
,ST,370
,ST,371
,ST,372
,ST,373
,ST,374
,ST,375
,ST,376
,ST,377
,ST,378
,ST,379
,ST,380
,ST,381
,ST,382
,ST,383
,ST,384
,ST,385
,ST,386
,ST,387
,ST,388
,ST,389
,ST,390
,ST,391
,ST,392
,ST,393
,ST,394
,ST,395
,ST,396
,ST,397
,ST,398
,ST,399
,ST,400
,ST,401
,ST,402
,ST,403
,ST,404
,ST,405
,ST,406
,ST,407
,ST,408
,ST,409
,ST,410
,ST,411
,ST,412
,ST,413
,ST,414
,ST,415
,ST,416
,ST,417
,ST,418
,ST,419
,ST,420
,ST,421
,ST,422
,ST,423
,ST,424
,ST,425
,ST,426
,ST,427
,ST,428
,ST,429
,ST,430
,ST,431
,ST,432
,ST,433
,ST,434
,ST,435
,ST,436
,ST,437
,ST,438
,ST,439
,ST,440
,ST,441
,ST,442
,ST,443
,ST,444
,ST,445
,ST,446
,ST,447
,ST,448
,ST,449
,ST,450
,ST,451
,ST,452
,ST,453
,ST,454
,ST,455
,ST,456
,ST,457
,ST,458
,ST,459
,ST,460
,ST,461
,ST,462
,ST,463
,ST,464
,ST,465
,ST,466
,ST,467
,ST,468
,ST,469
,ST,470
,ST,471
,ST,472
,ST,473
,ST,474
,ST,475
,ST,476
,ST,477
,ST,478
,ST,479
,ST,480
,ST,481
,ST,482
,ST,483
,ST,484
,ST,485
,ST,486
,ST,487
,ST,488
,ST,489
,ST,490
,ST,491
,ST,492
,ST,493
,ST,494
,ST,495
,ST,496
,ST,497
,ST,498
,ST,499
,ST,500
,ST,501
,ST,502
,ST,503
,ST,504
,ST,505
,ST,506
,ST,507
,ST,508
,ST,509
,ST,510
,ST,511
,ST,512
,ST,513
,ST,514
,ST,515
,ST,516
,ST,517
,ST,518
,ST,519
,ST,520
,ST,521
,ST,522
,ST,523
,ST,524
,ST,525
,ST,526
,ST,527
,ST,528
,ST,529
,ST,530
,ST,531
,ST,532
,ST,533
,ST,534
,ST,535
,ST,536
,ST,537
,ST,538
,ST,539
,ST,540
,ST,541
,ST,542
,ST,543
,ST,544
,ST,545
,ST,546
,ST,547
,ST,548
,ST,549
,ST,550
,ST,551
,ST,552
,ST,553
,ST,554
,ST,555
,ST,556
,ST,557
,ST,558
,ST,559
,ST,560
,ST,561
,ST,562
,ST,563
,ST,564
,ST,565
,ST,566
,ST,567
,ST,568
,ST,569
,ST,570
,ST,571
,ST,572
,ST,573
,ST,574
,ST,575
,ST,576
,ST,577
,ST,578
,ST,579
,ST,580
,ST,581
,ST,582
,ST,583
,ST,584
,ST,585
,ST,586
,ST,587
,ST,588
,ST,589
,ST,590
,ST,591
,ST,592
,ST,593
,ST,594
,ST,595
,ST,596
,ST,597
,ST,598
,ST,599
,ST,600
,ST,601
,ST,602
,ST,603
,ST,604
,ST,605
,ST,606
,ST,607
,ST,608
,ST,609
,ST,610
,ST,611
,ST,612
,ST,613
,ST,614
,ST,615
,ST,616
,ST,617
,ST,618
,ST,619
,ST,620
,ST,621
,ST,622
,ST,623
,ST,624
,ST,625
,ST,626
,ST,627
,ST,628
,ST,629
,ST,630
,ST,631
,ST,632
,ST,633
,ST,634
,ST,635
,ST,636
,ST,637
,ST,638
,ST,639
,ST,640
,ST,641
,ST,642
,ST,643
,ST,644
,ST,645
,ST,646
,ST,647
,ST,648
,ST,649
,ST,650
,ST,651
,ST,652
,ST,653
,ST,654
,ST,655
,ST,656
,ST,657
,ST,658
,ST,659
,ST,660
,ST,661
,ST,662
,ST,663
,ST,664
,ST,665
,ST,666
,ST,667
,ST,668
,ST,669
,ST,670
,ST,671
,ST,672
,ST,673
,ST,674
,ST,675
,ST,676
,ST,677
,ST,678
,ST,679
,ST,680
,ST,681
,ST,682
,ST,683
,ST,684
,ST,685
,ST,686
,ST,687
,ST,688
,ST,689
,ST,690
,ST,691
,ST,692
,ST,693
,ST,694
,ST,695
,ST,696
,ST,697
,ST,698
,ST,699
,ST,700
,ST,701
,ST,702
,ST,703
,ST,704
,ST,705
,ST,706
,ST,707
,ST,708
,ST,709
,ST,710
,ST,711
,ST,712
,ST,713
,ST,714
,ST,715
,ST,716
,ST,717
,ST,718
,ST,719
,ST,720
,ST,721
,ST,722
,ST,723
,ST,724
,ST,725
,ST,726
,ST,727
,ST,728
,ST,729
,ST,730
,ST,731
,ST,732
,ST,733
,ST,734
,ST,735
,ST,736
,ST,737
,ST,738
,ST,739
,ST,740
,ST,741
,ST,742
,ST,743
,ST,744
,ST,745
,ST,746
,ST,747
,ST,748
,ST,749
,ST,750
,ST,751
,ST,752
,ST,753
,ST,754
,ST,755
,ST,756
,ST,757
,ST,758
,ST,759
,ST,760
,ST,761
,ST,762
,ST,763
,ST,764
,ST,765
,ST,766
,ST,767
,ST,768
,ST,769
,ST,770
,ST,771
,ST,772
,ST,773
,ST,774
,ST,775
,ST,776
,ST,777
,ST,778
,ST,779
,ST,780
,ST,781
,ST,782
,ST,783
,ST,784
,ST,785
,ST,786
,ST,787
,ST,788
,ST,789
,ST,790
,ST,791
,ST,792
,ST,793
,ST,794
,ST,795
,ST,796
,ST,797
,ST,798
,ST,799
,ST,800
,ST,801
,ST,802
,ST,803
,ST,804
,ST,805
,ST,806
,ST,807
,ST,808
,ST,809
,ST,810
,ST,811
,ST,812
,ST,813
,ST,814
,ST,815
,ST,816
,ST,817
,ST,818
,ST,819
,ST,820
,ST,821
,ST,822
,ST,823
,ST,824
,ST,825
,ST,826
,ST,827
,ST,828
,ST,829
,ST,830
,ST,831
,ST,832
,ST,833
,ST,834
,ST,835
,ST,836
,ST,837
,ST,838
,ST,839
,ST,840
,ST,841
,ST,842
,ST,843
,ST,844
,ST,845
,ST,846
,ST,847
,ST,848
,ST,849
,ST,850
,ST,851
,ST,852
,ST,853
,ST,854
,ST,855
,ST,856
,ST,857
,ST,858
,ST,859
,ST,860
,ST,861
,ST,862
,ST,863
,ST,864
,ST,865
,ST,866
,ST,867
,ST,868
,ST,869
,ST,870
,ST,871
,ST,872
,ST,873
,ST,874
,ST,875
,ST,876
,ST,877
,ST,878
,ST,879
,ST,880
,ST,881
,ST,882
,ST,883
,ST,884
,ST,885
,ST,886
,ST,887
,ST,888
,ST,889
,ST,890
,ST,890
,ST,892
,ST,893
,ST,894
,ST,895
,ST,896
,ST,897
,ST,898
,ST,899
,ST,900
,ST,901
,ST,902
,ST,903
,ST,904
,ST,905
,ST,906
,ST,907
,ST,908
,ST,909
,ST,910
,ST,911
,ST,912
,ST,913
,ST,914
,ST,915
,ST,916
,ST,917
,ST,918
,ST,919
,ST,920
,ST,921
,ST,922
,ST,923
,ST,924
,ST,925
,ST,926
,ST,927
,ST,928
,ST,929
,ST,930
,ST,930
,ST,932
,ST,933
,ST,934
,ST,935
,ST,936
,ST,937
,ST,938
,ST,939
,ST,940
,ST,941
,ST,942
,ST,943
,ST,944
,ST,945
,ST,946
,ST,947
,ST,948
,ST,949
,ST,950
,ST,951
,ST,952
,ST,953
,ST,954
,ST,955
,ST,956
,ST,957
,ST,958
,ST,959
,ST,960
,ST,961
,ST,962
,ST,963
,ST,964
,ST,965
,ST,966
,ST,967
,ST,968
,ST,969
,ST,970
,ST,971
,ST,972
,ST,973
,ST,974
,ST,975
,ST,976
,ST,977
,ST,978
,ST,979
,ST,980
,ST,981
,ST,982
,ST,983
,ST,984
,ST,985
,ST,986
,ST,987
,ST,988
,ST,989
,ST,990
,ST,991
,ST,992
,ST,993
,ST,994
,ST,995
,ST,996
,ST,997
,ST,998
,ST,999
,ST,1000
,ST,1001
,ST,1002
,ST,1003
,ST,1004
,ST,1005
,ST,1006
,ST,1007
,ST,1008
,ST,1009
,ST,1010
,ST,1011
,ST,1012
,ST,1013
,ST,1014
,ST,1015
,ST,1016
,ST,1017
,ST,1018
,ST,1019
,ST,1020
,ST,1021
,ST,1022
,ST,1023
,ST,1024
,ST,1025
,ST,1026
,ST,1027
,ST,1028
,ST,1029
,ST,1030
,ST,1031
,ST,1032
,ST,1033
,ST,1034
,ST,1035
,ST,1036
,ST,1037
,ST,1038
,ST,1039
,ST,1040
,ST,1040
,ST,1042
,ST,1043
,ST,1044
,ST,1045
,ST,1046
,ST,1047
,ST,1048
,ST,1049
,ST,1050
,ST,1051
,ST,1052
,ST,1053
,ST,1054
,ST,1055
,ST,1056
,ST,1057
,ST,1058
,ST,1059
,ST,1060
,ST,1061
,ST,1062
,ST,1063
,ST,1064
,ST,1065
,ST,1066
,ST,1067
,ST,1068
,ST,1069
,ST,1070
,ST,1071
,ST,1072
,ST,1073
,ST,1074
,ST,1075
,ST,1076
,ST,1077
,ST,1078
,ST,1079
,ST,1080
,ST,1081
,ST,1082
,ST,1083
,ST,1084
,ST,1085
,ST,1086
,ST,1087
,ST,1088
,ST,1089
,ST,1090
,ST,1091
,ST,1092
,ST,1093
,ST,1094
,ST,1095
,ST,1096
,ST,1097
,ST,1098
,ST,1099
,ST,1100
,ST,1101
,ST,1102
,ST,1103
,ST,1104
,ST,1105
,ST,1106
,ST,1107
,ST,1108
,ST,1109
,ST,1110
,ST,1111
,ST,1112
,ST,1113
,ST,1114
,ST,1115
,ST,1116
,ST,1117
,ST,1118
,ST,1119
,ST,1120
,ST,1121
,ST,1122
,ST,1123
,ST,1124
,ST,1125
,ST,1126
,ST,1127
,ST,1128
,ST,1129
,ST,1130
,ST,1131
,ST,1132
,ST,1133
,ST,1134
,ST,1135
,ST,1136
,ST,1137
,ST,1138
,ST,1139
,ST,1140
,ST,1141
,ST,1142
,ST,1143
,ST,1144
,ST,1145
,ST,1146
,ST,1147
,ST,1148
,ST,1149
,ST,1150
,ST,1151
,ST,1152
,ST,1153
,ST,1154
,ST,1155
,ST,1156
,ST,1157
,ST,1158
,ST,1159
,ST,1160
,ST,1161
,ST,1162
,ST,1163
,ST,1164
,ST,1165
,ST,1166
,ST,1167
,ST,1168
,ST,1168
,ST,1170
,ST,1171
,ST,1172
,ST,1173
,ST,1174
,ST,1175
,ST,1176
,ST,1177
,ST,1178
,ST,1179
,ST,1180
,ST,1181
,ST,1182
,ST,1183
,ST,1184
,ST,1185
,ST,1186
,ST,1187
,ST,1188
,ST,1189
,ST,1190
,ST,1191
,ST,1192
,ST,1193
,ST,1194
,ST,1195
,ST,1196
,ST,1197
,ST,1198
,ST,1199
,ST,1200
,ST,1201
,ST,1202
,ST,1203
,ST,1204
,ST,1205
,ST,1206
,ST,1207
,ST,1208
,ST,1209
,ST,1210
,ST,1211
,ST,1212
,ST,1213
,ST,1214
,ST,1215
,ST,1216
,ST,1217
,ST,1218
,ST,1219
,ST,1220
,ST,1221
,ST,1222
,ST,1223
,ST,1224
,ST,1225
,ST,1226
,ST,1227
,ST,1228
,ST,1229
,ST,1230
,ST,1231
,ST,1232
,ST,1233
,ST,1234
,ST,1235
,ST,1236
,ST,1237
,ST,1238
,ST,1239
,ST,1240
,ST,1241
,ST,1242
,ST,1243
,ST,1244
,ST,1245
,ST,1246
,ST,1247
,ST,1248
,ST,1249
,ST,1250
,ST,1251
,ST,1252
,ST,1253
,ST,1254
,ST,1255
,ST,1256
,ST,1257
,ST,1258
,ST,1259
,ST,1260
,ST,1261
,ST,1262
,ST,1263
,ST,1264
,ST,1265
,ST,1266
,ST,1267
,ST,1268
,ST,1269
,ST,1270
,ST,1271
,ST,1272
,ST,1273
,ST,1274
,ST,1275
,ST,1276
,ST,1277
,ST,1278
,ST,1279
,ST,1280
,ST,1281
,ST,1282
,ST,1283
,ST,1284
,ST,1285
,ST,1286
,ST,1287
,ST,1288
,ST,1289
,ST,1290
,ST,1291
,ST,1292
,ST,1293
,ST,1294
,ST,1295
,ST,1296
,ST,1297
,ST,1298
,ST,1299
,ST,1300
,ST,1301
,ST,1302
,ST,1303
,ST,1304
,ST,1305
,ST,1306
,ST,1307
,ST,1308
,ST,1309
,ST,1310
,ST,1311
,ST,1312
,ST,1313
,ST,1314
,ST,1315
,ST,1316
,ST,1317
,ST,1318
,ST,1319
,ST,1320
,ST,1321
,ST,1322
,ST,1323
,ST,1324
,ST,1325
,ST,1326
,ST,1327
,ST,1328
,ST,1329
,ST,1330
,ST,1331
,ST,1332
,ST,1333
,ST,1334
,ST,1335
,ST,1336
,ST,1337
,ST,1338
,ST,1339
,ST,1340
,ST,1341
,ST,1342
,ST,1343
,ST,1344
,ST,1345
,ST,1346
,ST,1347
,ST,1348
,ST,1349
,ST,1350
,ST,1351
,ST,1352
,ST,1353
,ST,1354
,ST,1355
,ST,1356
,ST,1357
,ST,1358
,ST,1359
,ST,1360
,ST,1361
,ST,1362
,ST,1363
,ST,1364
,ST,1365
,ST,1366
,ST,1367
,ST,1368
,ST,1369
,ST,1370
,ST,1371
,ST,1372
,ST,1373
,ST,1374
,ST,1375
,ST,1376
,ST,1377
,ST,1378
,ST,1379
,ST,1380
,ST,1381
,ST,1382
,ST,1383
,ST,1384
,ST,1385
,ST,1386
,ST,1387
,ST,1388
,ST,1389
,ST,1390
,ST,1391
,ST,1392
,ST,1393
,ST,1394
,ST,1395
,ST,1396
,ST,1396
,ST,1398
,ST,1399
,ST,1400
,ST,1401
,ST,1402
,ST,1403
,ST,1404
,ST,1405
,ST,1406
,ST,1407
,ST,1408
,ST,1409
,ST,1410
,ST,1411
,ST,1412
,ST,1413
,ST,1414
,ST,1415
,ST,1416
,ST,1417
,ST,1418
,ST,1419
,ST,1420
,ST,1421
,ST,1422
,ST,1423
,ST,1424
,ST,1425
,ST,1426
,ST,1427
,ST,1428
,ST,1429
,ST,1430
,ST,1431
,ST,1432
,ST,1433
,ST,1434
,ST,1435
,ST,1436
,ST,1437
,ST,1437
,ST,1439
,ST,1440
,ST,1441
,ST,1442
,ST,1443
,ST,1444
,ST,1445
,ST,1446
,ST,1447
,ST,1448
,ST,1449
,ST,1450
,ST,1451
,ST,1452
,ST,1453
,ST,1454
,ST,1455
,ST,1456
,ST,1457
,ST,1458
,ST,1459
,ST,1460
,ST,1461
,ST,1462
,ST,1463
,ST,1464
,ST,1465
,ST,1466
,ST,1467
,ST,1468
,ST,1469
,ST,1470
,ST,1471
,ST,1472
,ST,1473
,ST,1474
,ST,1475
,ST,1476
,ST,1477
,ST,1478
,ST,1479
,ST,1480
,ST,1481
,ST,1482
,ST,1483
,ST,1484
,ST,1485
,ST,1486
,ST,1487
,ST,1488
,ST,1489
,ST,1490
,ST,1491
,ST,1492
,ST,1493
,ST,1494
,ST,1495
,ST,1496
,ST,1497
,ST,1498
,ST,1499
,ST,1500
,ST,1501
,ST,1502
,ST,1503
,ST,1504
,ST,1505
,ST,1506
,ST,1507
,ST,1508
,ST,1509
,ST,1510
,ST,1511
,ST,1512
,ST,1513
,ST,1514
,ST,1515
,ST,1516
,ST,1517
,ST,1518
,ST,1519
,ST,1520
,ST,1521
,ST,1522
,ST,1523
,ST,1524
,ST,1525
,ST,1526
,ST,1527
,ST,1528
,ST,1529
,ST,1530
,ST,1530
,ST,1532
,ST,1533
,ST,1534
,ST,1535
,ST,1536
,ST,1537
,ST,1538
,ST,1539
,ST,1540
,ST,1541
,ST,1542
,ST,1543
,ST,1544
,ST,1545
,ST,1546
,ST,1547
,ST,1548
,ST,1549
,ST,1550
,ST,1551
,ST,1552
,ST,1553
,ST,1554
