crl_rank,category,category_rank
1,GEN,
2,GEN,
3,GEN,
4,GEN-EWS,1
5,GEN,
6,GEN,
7,GEN,
8,GEN,
9,GEN,
10,GEN,
11,GEN,
12,GEN,
13,GEN,
14,GEN,
15,GEN,
16,GEN,
17,GEN,
18,GEN,
19,GEN,
20,GEN,
21,GEN,
22,GEN,
23,GEN,
24,GEN,
25,GEN,
26,GEN,
27,GEN,
28,GEN,
29,GEN,
30,GEN,
31,GEN,
32,GEN,
33,GEN,
34,GEN,
35,GEN,
36,OBC-NCL,1
37,GEN,
38,OBC-NCL,2
39,GEN,
40,GEN,
41,GEN,
42,GEN,
43,GEN,
44,GEN,
45,GEN,
46,GEN,
47,GEN,
48,GEN,
49,GEN,
50,GEN-EWS,2
51,GEN,
52,GEN,
53,GEN,
54,GEN,
55,GEN,
56,OBC-NCL,3
57,GEN,
58,GEN,
59,OBC-NCL,4
60,GEN,
61,GEN,
62,GEN,
63,GEN-EWS,3
64,GEN,
65,GEN,
66,GEN,
67,GEN,
68,GEN,
69,GEN-EWS,4
70,GEN,
71,GEN,
72,GEN,
73,GEN,
74,GEN,
75,GEN,
76,GEN,
77,GEN,
78,GEN-EWS,5
79,GEN,
80,GEN,
81,GEN,
82,GEN,
83,GEN,
84,GEN,
85,GEN,
86,GEN,
87,GEN,
88,GEN,
89,GEN,
90,OBC-NCL,5
91,GEN,
92,GEN,
93,GEN,
94,GEN,
95,GEN,
96,GEN-EWS,6
97,GEN,
98,GEN,
99,GEN,
100,GEN,
101,GEN-EWS,7
102,GEN,
103,OBC-NCL,6
104,GEN-EWS,8
105,GEN,
106,OBC-NCL,7
107,GEN-EWS,9
108,GEN,
109,GEN,
110,GEN,
111,GEN,
112,GEN,
113,GEN,
114,GEN,
115,GEN,
116,GEN,
117,GEN,
118,GEN,
119,GEN,
120,GEN,
121,GEN,
122,GEN,
123,OBC-NCL,8
124,OBC-NCL,9
125,GEN,
126,OBC-NCL,10
127,GEN,
128,GEN,
129,GEN,
130,GEN,
131,GEN,
132,GEN,
133,GEN,
134,GEN,
135,GEN,
136,GEN,
137,GEN,
138,GEN,
139,GEN,
140,OBC-NCL,11
141,SC,1
142,GEN,
143,GEN,
144,GEN,
145,GEN,
146,GEN,
147,OBC-NCL,12
148,GEN,
149,GEN,
150,GEN,
151,GEN,
152,GEN,
153,OBC-NCL,13
154,GEN,
155,GEN,
156,GEN,
157,GEN,
158,GEN,
159,GEN,
160,GEN,
161,GEN,
162,SC,2
163,GEN,
164,GEN,
165,GEN,
166,GEN,
167,GEN,
168,GEN,
169,GEN,
170,GEN,
171,GEN-EWS,10
172,GEN,
173,GEN,
174,GEN,
175,GEN,
176,GEN,
177,GEN,
178,GEN,
179,GEN-EWS,11
180,GEN,
181,GEN,
182,GEN,
183,GEN-EWS,12
184,GEN,
185,GEN,
186,GEN,
187,GEN,
188,OBC-NCL,14
189,GEN,
190,OBC-NCL,15
191,GEN,
192,GEN,
193,GEN,
194,GEN,
195,GEN,
196,OBC-NCL,16
197,GEN-EWS,13
198,GEN,
199,GEN,
200,GEN-EWS,14
201,GEN,
202,GEN,
203,GEN,
204,GEN,
205,OBC-NCL,17
206,GEN,
207,GEN,
208,GEN-EWS,15
209,GEN-EWS,16
210,GEN,
211,GEN,
212,GEN-EWS,17
213,GEN,
214,OBC-NCL,18
215,GEN,
216,GEN,
217,GEN,
218,GEN,
219,GEN,
220,GEN,
221,ST,1
222,GEN-EWS,18
223,OBC-NCL,19
224,GEN,
225,GEN,
226,GEN,
227,OBC-NCL,20
228,GEN,
229,GEN,
230,GEN,
231,OBC-NCL,21
232,OBC-NCL,22
233,GEN-EWS,19
234,GEN,
235,GEN,
236,GEN,
237,GEN,
238,OBC-NCL,23
239,GEN,
240,OBC-NCL,24
241,OBC-NCL,25
242,SC,3
243,GEN,
244,GEN,
245,GEN-EWS,20
246,GEN,
247,GEN,
248,GEN,
249,GEN,
250,GEN-EWS,21
251,GEN,
252,GEN,
253,GEN,
254,GEN,
255,GEN,
256,GEN,
257,GEN,
258,OBC-NCL,26
259,GEN,
260,GEN-EWS,22
261,GEN,
262,GEN,
263,GEN,
264,GEN,
265,GEN,
266,GEN,
267,GEN,
268,GEN,
269,GEN,
270,OBC-NCL,27
271,GEN-EWS,23
272,GEN,
273,GEN,
274,OBC-NCL,28
275,GEN,
276,GEN,
277,GEN,
278,OBC-NCL,29
279,GEN,
280,GEN,
281,OBC-NCL,30
282,GEN,
283,GEN,
284,GEN,
285,GEN,
286,OBC-NCL,31
287,GEN,
288,GEN,
289,GEN,
290,GEN,
291,GEN,
292,GEN,
293,GEN,
294,GEN,
295,GEN,
296,GEN,
297,GEN,
298,OBC-NCL,32
299,GEN,
300,GEN,
301,OBC-NCL,33
302,GEN,
303,GEN,
304,GEN,
305,GEN,
306,OBC-NCL,34
307,GEN,
308,GEN,
309,GEN,
310,GEN,
311,GEN,
312,OBC-NCL,35
313,GEN,
314,GEN,
315,GEN,
316,GEN,
317,GEN,
318,GEN,
319,GEN,
320,GEN,
321,GEN,
322,GEN,
323,GEN-EWS,24
324,GEN,
325,GEN,
326,OBC-NCL,36
327,GEN,
328,GEN,
329,SC,4
330,GEN-EWS,25
331,GEN,
332,GEN,
333,GEN,
334,GEN,
335,GEN,
336,GEN,
337,GEN,
338,GEN,
339,GEN,
340,GEN,
341,GEN,
342,GEN,
343,GEN,
344,GEN,
345,GEN,
346,GEN,
347,GEN,
348,GEN,
349,OBC-NCL,37
350,GEN,
351,GEN,
352,GEN,
353,GEN-EWS,26
354,GEN,
355,GEN,
356,GEN,
357,GEN,
358,GEN,
359,GEN,
360,GEN,
361,GEN,
362,GEN,
363,GEN,
364,GEN,
365,GEN,
366,OBC-NCL,38
367,GEN,
368,GEN,
369,GEN,
370,GEN,
371,GEN,
372,GEN,
373,GEN,
374,GEN,
375,OBC-NCL,39
376,GEN,
377,OBC-NCL,40
378,OBC-NCL,41
379,GEN,
380,GEN,
381,GEN,
382,GEN,
383,GEN,
384,GEN,
385,GEN,
386,GEN,
387,GEN-EWS,27
388,GEN,
389,OBC-NCL,42
390,GEN,
391,GEN,
392,GEN,
393,GEN-EWS,28
394,GEN,
395,GEN,
396,GEN,
397,GEN,
398,GEN,
399,GEN,
400,GEN,
401,OBC-NCL,43
402,GEN,
403,OBC-NCL,44
404,GEN,
405,GEN,
406,GEN-EWS,29
407,OBC-NCL,45
408,GEN,
409,GEN,
410,GEN,
411,OBC-NCL,46
412,GEN,
413,GEN,
414,GEN,
415,GEN,
416,GEN,
417,GEN,
418,GEN-EWS,30
419,GEN,
420,GEN,
421,GEN,
422,GEN,
423,GEN,
424,OBC-NCL,47
425,OBC-NCL,48
426,GEN-EWS,31
427,GEN,
428,GEN,
429,GEN,
430,OBC-NCL,49
431,OBC-NCL,50
432,GEN,
433,GEN,
434,GEN,
435,GEN,
436,GEN,
437,GEN,
438,GEN,
439,GEN,
440,GEN,
441,OBC-NCL,51
442,GEN,
443,GEN,
444,GEN-EWS,32
445,GEN-EWS,33
446,GEN,
447,GEN,
448,ST,2
449,GEN,
450,OBC-NCL,52
451,GEN,
452,GEN,
453,GEN,
454,GEN,
455,GEN-EWS,34
456,GEN,
457,GEN,
458,GEN,
459,GEN,
460,GEN,
461,GEN,
462,GEN,
463,GEN,
464,GEN,
465,GEN,
466,OBC-NCL,53
467,GEN,
468,GEN,
469,GEN,
470,GEN,
471,GEN,
472,GEN,
473,GEN,
474,GEN,
475,GEN,
476,GEN,
477,GEN,
478,GEN,
479,OBC-NCL,54
480,GEN-EWS,35
481,GEN,
482,GEN,
483,GEN-EWS,36
484,GEN-EWS,37
485,GEN-EWS,38
486,GEN,
487,GEN,
488,GEN,
489,GEN,
490,GEN,
491,GEN-EWS,39
492,GEN,
493,OBC-NCL,55
494,GEN,
495,GEN,
496,GEN,
497,GEN,
498,GEN,
499,GEN,
500,GEN,
501,GEN,
502,GEN,
503,GEN,
504,GEN,
505,GEN,
506,GEN,
507,GEN,
508,OBC-NCL,56
509,GEN,
510,GEN,
511,GEN,
512,OBC-NCL,57
513,GEN,
514,GEN,
515,OBC-NCL,58
516,GEN,
517,SC,5
518,GEN,
519,GEN,
520,GEN,
521,GEN,
522,GEN,
523,GEN,
524,GEN,
525,GEN,
526,OBC-NCL,59
527,GEN,
528,GEN,
529,GEN,
530,GEN,
531,GEN,
532,GEN-EWS,40
533,GEN,
534,GEN,
535,GEN,
536,GEN,
537,GEN,
538,OBC-NCL,60
539,GEN,
540,GEN-EWS,41
541,GEN,
542,GEN,
543,GEN,
544,GEN,
545,GEN-EWS,42
546,GEN,
547,GEN,
548,GEN-EWS,43
549,OBC-NCL,61
550,GEN-EWS,44
551,GEN,
552,OBC-NCL,62
553,GEN,
554,OBC-NCL,63
555,GEN,
556,GEN,
557,GEN,
558,GEN,
559,GEN,
560,OBC-NCL,64
561,GEN,
562,GEN,
563,GEN-EWS,45
564,GEN-EWS,46
565,GEN,
566,GEN,
567,GEN-EWS,47
568,GEN-EWS,48
569,OBC-NCL,65
570,GEN,
571,GEN,
572,GEN,
573,GEN,
574,GEN,
575,GEN,
576,GEN,
577,GEN,
578,OBC-NCL,66
579,GEN,
580,GEN,
581,GEN,
582,OBC-NCL,67
583,GEN,
584,OBC-NCL,68
585,GEN-EWS,49
586,GEN,
587,GEN,
588,GEN,
589,GEN-EWS,50
590,GEN,
591,GEN,
592,GEN,
593,GEN,
594,GEN,
595,OBC-NCL,69
596,GEN,
597,OBC-NCL,70
598,SC,6
599,GEN,
600,GEN,
601,OBC-NCL,71
602,GEN,
603,GEN,
604,GEN,
605,GEN,
606,OBC-NCL,72
607,GEN,
608,GEN,
609,GEN,
610,OBC-NCL,73
611,GEN,
612,GEN,
613,GEN,
614,GEN-EWS,51
615,GEN,
616,GEN,
617,OBC-NCL,74
618,GEN,
619,GEN,
620,GEN,
621,GEN,
622,GEN,
623,GEN,
624,GEN,
625,GEN,
626,GEN-EWS,52
627,GEN,
628,GEN,
629,GEN,
630,GEN,
631,GEN-EWS,53
632,GEN,
633,GEN,
634,OBC-NCL,75
635,GEN,
636,GEN,
637,GEN,
638,GEN,
639,OBC-NCL,76
640,GEN,
641,SC,7
642,GEN,
643,GEN,
644,SC,8
645,OBC-NCL,77
646,GEN,
647,GEN,
648,GEN-EWS,54
649,GEN,
650,GEN-EWS,55
651,GEN,
652,GEN,
653,OBC-NCL,78
654,GEN,
655,GEN-EWS,56
656,GEN,
657,GEN,
658,SC,9
659,GEN,
660,GEN,
661,GEN,
662,GEN,
663,GEN,
664,GEN-EWS,57
665,GEN,
666,GEN,
667,OBC-NCL,79
668,GEN,
669,GEN,
670,GEN,
671,GEN,
672,OBC-NCL,80
673,GEN,
674,GEN-EWS,58
675,GEN,
676,GEN,
677,GEN,
678,GEN,
679,GEN-EWS,59
680,GEN,
681,GEN,
682,OBC-NCL,81
683,GEN-EWS,60
684,GEN,
685,GEN,
686,OBC-NCL,82
687,GEN,
688,GEN-EWS,61
689,GEN,
690,GEN,
691,GEN,
692,GEN,
693,GEN,
694,GEN,
695,GEN,
696,GEN,
697,GEN,
698,OBC-NCL,83
699,GEN,
700,OBC-NCL,84
701,GEN-EWS,62
702,GEN,
703,OBC-NCL,85
704,OBC-NCL,86
705,GEN,
706,GEN,
707,GEN,
708,GEN,
709,SC,10
710,GEN,
711,GEN,
712,OBC-NCL,87
713,GEN,
714,GEN,
715,GEN,
716,GEN,
717,GEN,
718,GEN,
719,GEN,
720,GEN,
721,GEN,
722,GEN,
723,GEN,
724,GEN,
725,GEN,
726,GEN-EWS,63
727,GEN,
728,GEN,
729,GEN,
730,GEN,
731,GEN,
732,OBC-NCL,88
733,SC,11
734,GEN,
735,GEN,
736,GEN-EWS,64
737,GEN,
738,GEN,
739,GEN,
740,GEN,
741,GEN,
742,GEN,
743,GEN,
744,GEN,
745,OBC-NCL,89
746,GEN-EWS,65
747,GEN,
748,GEN,
749,GEN,
750,GEN-EWS,66
751,GEN,
752,GEN,
753,GEN-EWS,67
754,OBC-NCL,90
755,GEN,
756,GEN,
757,GEN,
758,OBC-NCL,91
759,GEN,
760,GEN,
761,GEN,
762,GEN,
763,GEN,
764,OBC-NCL,92
765,GEN,
766,GEN,
767,GEN-EWS,68
768,OBC-NCL,93
769,GEN,
770,GEN,
771,GEN,
772,GEN,
773,GEN,
774,GEN,
775,GEN,
776,GEN,
777,GEN,
778,OBC-NCL,94
779,GEN,
780,GEN,
781,GEN,
782,GEN,
783,GEN,
784,GEN,
785,GEN,
786,GEN,
787,GEN,
788,GEN,
789,GEN,
790,GEN,
791,GEN,
792,GEN,
793,GEN,
794,GEN,
795,GEN,
796,GEN,
797,GEN,
798,GEN,
799,OBC-NCL,95
800,GEN,
801,GEN,
802,SC,12
803,GEN,
804,GEN,
805,GEN,
806,GEN,
807,GEN,
808,GEN,
809,GEN,
810,OBC-NCL,96
811,GEN,
812,GEN-EWS,69
813,GEN,
814,GEN,
815,GEN,
816,GEN,
817,OBC-NCL,97
818,GEN,
819,GEN,
820,GEN,
821,GEN,
822,GEN-EWS,70
823,OBC-NCL,98
824,GEN,
825,GEN-EWS,71
826,GEN,
827,GEN,
828,GEN,
829,GEN,
830,GEN,
831,GEN,
832,GEN,
833,GEN,
834,GEN,
835,GEN,
836,GEN,
837,GEN,
838,GEN,
839,OBC-NCL,99
840,GEN,
841,GEN,
842,GEN,
843,GEN,
844,GEN,
845,GEN,
846,GEN,
847,GEN,
848,GEN,
849,GEN,
850,GEN,
851,OBC-NCL,100
852,GEN,
853,GEN,
854,GEN,
855,GEN,
856,GEN,
857,GEN,
858,OBC-NCL,101
859,GEN,
860,GEN,
861,GEN,
862,GEN,
863,OBC-NCL,102
864,GEN-EWS,72
865,GEN,
866,GEN,
867,OBC-NCL,103
868,GEN,
869,GEN,
870,OBC-NCL,104
871,GEN,
872,GEN,
873,GEN,
874,GEN,
875,GEN,
876,GEN,
877,GEN,
878,GEN,
879,GEN,
880,GEN,
881,GEN,
882,GEN,
883,GEN,
884,OBC-NCL,105
885,OBC-NCL,106
886,GEN,
887,GEN,
888,GEN,
889,GEN,
890,GEN,
891,OBC-NCL,107
892,OBC-NCL,108
893,GEN,
894,GEN,
895,GEN,
896,GEN,
897,OBC-NCL,109
898,GEN-EWS,73
899,GEN,
900,GEN,
901,GEN,
902,GEN,
903,GEN,
904,GEN,
905,GEN,
906,GEN,
907,GEN,
908,OBC-NCL,110
909,GEN-EWS,74
910,GEN-EWS,75
911,GEN-EWS,76
912,GEN,
913,OBC-NCL,111
914,OBC-NCL,112
915,OBC-NCL,113
916,GEN,
917,GEN,
918,GEN,
919,GEN,
920,GEN-EWS,77
921,GEN,
922,GEN,
923,GEN,
924,GEN,
925,GEN,
926,GEN,
927,GEN,
928,GEN,
929,GEN,
930,GEN,
931,GEN,
932,GEN-EWS,78
933,OBC-NCL,114
934,OBC-NCL,115
935,GEN,
936,GEN,
937,OBC-NCL,116
938,ST,3
939,GEN,
940,GEN,
941,GEN,
942,GEN,
943,GEN,
944,GEN,
945,GEN,
946,GEN-EWS,79
947,GEN,
948,OBC-NCL,117
949,GEN,
950,GEN,
951,GEN,
952,OBC-NCL,118
953,GEN,
954,GEN,
955,GEN,
956,GEN,
957,SC,13
958,GEN,
959,GEN,
960,GEN,
961,OBC-NCL,119
962,GEN,
963,OBC-NCL,120
964,GEN,
965,OBC-NCL,121
966,GEN,
967,GEN,
968,GEN,
969,OBC-NCL,122
970,GEN,
971,GEN,
972,OBC-NCL,123
973,GEN,
974,GEN,
975,GEN-EWS,80
976,GEN,
977,OBC-NCL,124
978,GEN-EWS,81
979,GEN-EWS,82
980,GEN,
981,GEN,
982,GEN,
983,GEN-EWS,83
984,OBC-NCL,125
985,SC,14
986,GEN-EWS,84
987,GEN-EWS,85
988,GEN,
989,GEN,
990,GEN,
991,GEN,
992,GEN,
993,GEN,
994,GEN,
995,GEN,
996,GEN,
997,GEN,
998,GEN,
999,GEN,
1000,OBC-NCL,126
1001,GEN,
1002,GEN,
1003,GEN,
1004,GEN,
1005,OBC-NCL,127
1006,GEN,
1007,OBC-NCL,128
1008,GEN,
1009,GEN,
1010,GEN,
1011,OBC-NCL,129
1012,GEN,
1013,GEN,
1014,GEN,
1015,GEN,
1016,GEN,
1017,GEN,
1018,GEN,
1019,GEN,
1020,GEN,
1021,GEN,
1022,GEN,
1023,GEN,
1024,GEN,
1025,GEN,
1026,OBC-NCL,130
1027,GEN,
1028,GEN,
1029,GEN,
1030,GEN,
1031,GEN,
1032,GEN,
1033,OBC-NCL,131
1034,GEN,
1035,GEN,
1036,GEN,
1037,GEN,
1038,GEN,
1039,OBC-NCL,132
1040,OBC-NCL,133
1041,GEN,
1042,GEN-EWS,86
1043,GEN,
1044,GEN,
1045,GEN,
1046,GEN,
1047,GEN-EWS,87
1048,GEN,
1049,OBC-NCL,134
1050,GEN,
1051,GEN,
1052,OBC-NCL,135
1053,OBC-NCL,136
1054,GEN,
1055,GEN,
1056,OBC-NCL,137
1057,OBC-NCL,138
1058,GEN,
1059,GEN,
1060,GEN-EWS,88
1061,GEN,
1062,GEN,
1063,GEN,
1064,GEN,
1065,GEN,
1066,GEN,
1067,GEN,
1068,GEN,
1069,GEN,
1070,GEN,
1071,GEN,
1072,GEN,
1073,GEN-EWS,89
1074,OBC-NCL,139
1075,GEN,
1076,GEN,
1077,GEN,
1078,GEN,
1079,GEN,
1080,GEN,
1081,GEN,
1082,GEN,
1083,GEN,
1084,GEN,
1085,GEN,
1086,GEN,
1087,SC,15
1088,OBC-NCL,140
1089,GEN,
1090,GEN,
1091,GEN,
1092,OBC-NCL,141
1093,GEN,
1094,GEN,
1095,OBC-NCL,142
1096,GEN,
1097,GEN,
1098,GEN,
1099,OBC-NCL,143
1100,GEN,
1101,GEN,
1102,GEN,
1103,OBC-NCL,144
1104,GEN,
1105,GEN,
1106,GEN,
1107,GEN,
1108,OBC-NCL,145
1109,GEN,
1110,GEN,
1111,GEN,
1112,GEN,
1113,OBC-NCL,146
1114,GEN,
1115,GEN,
1116,GEN,
1117,GEN-EWS,90
1118,GEN,
1119,GEN,
1120,GEN-EWS,91
1121,GEN,
1122,OBC-NCL,147
1123,GEN,
1124,GEN,
1125,GEN,
1126,GEN,
1127,GEN,
1128,GEN,
1129,GEN-EWS,92
1130,GEN,
1131,GEN,
1132,GEN,
1133,GEN-EWS,93
1134,GEN,
1135,GEN,
1136,GEN,
1137,GEN,
1138,GEN,
1139,GEN,
1140,GEN,
1141,GEN,
1142,GEN,
1143,GEN,
1144,GEN,
1145,GEN,
1146,OBC-NCL,148
1147,OBC-NCL,149
1148,GEN,
1149,GEN,
1150,GEN,
1151,GEN,
1152,GEN,
1153,GEN,
1154,GEN,
1155,GEN,
1156,OBC-NCL,150
1157,GEN,
1158,GEN-EWS,94
1159,GEN,
1160,GEN,
1161,GEN,
1162,OBC-NCL,151
1163,GEN,
1164,GEN,
1165,GEN,
1166,GEN,
1167,OBC-NCL,152
1168,GEN,
1169,OBC-NCL,153
1170,GEN,
1171,GEN,
1172,GEN,
1173,GEN,
1174,OBC-NCL,154
1175,GEN,
1176,GEN,
1177,GEN-EWS,95
1178,GEN-EWS,96
1179,OBC-NCL,155
1180,GEN,
1181,OBC-NCL,156
1182,GEN,
1183,GEN,
1184,GEN,
1185,GEN,
1186,GEN-EWS,97
1187,OBC-NCL,157
1188,GEN,
1189,GEN,
1190,GEN,
1191,OBC-NCL,158
1192,GEN-EWS,98
1193,GEN,
1194,GEN,
1195,GEN,
1196,GEN,
1197,GEN,
1198,GEN-EWS,99
1199,GEN,
1200,GEN,
1201,GEN,
1202,GEN,
1203,GEN,
1204,GEN,
1205,GEN,
1206,GEN-EWS,100
1207,GEN,
1208,OBC-NCL,159
1209,GEN,
1210,GEN,
1211,GEN,
1212,GEN,
1213,GEN,
1214,GEN,
1215,GEN,
1216,GEN,
1217,GEN,
1218,GEN,
1219,GEN,
1220,GEN,
1221,ST,4
1222,GEN,
1223,GEN,
1224,GEN-EWS,101
1225,GEN,
1226,GEN,
1227,GEN,
1228,GEN,
1229,GEN,
1230,GEN,
1231,GEN,
1232,GEN,
1233,OBC-NCL,160
1234,GEN,
1235,GEN,
1236,GEN,
1237,GEN,
1238,GEN,
1239,GEN,
1240,GEN,
1241,GEN,
1242,GEN,
1243,GEN,
1244,GEN,
1245,GEN,
1246,GEN-EWS,102
1247,GEN-EWS,103
1248,GEN,
1249,GEN,
1250,GEN,
1251,GEN,
1252,GEN,
1253,OBC-NCL,161
1254,GEN,
1255,GEN,
1256,GEN,
1257,GEN,
1258,GEN,
1259,OBC-NCL,162
1260,OBC-NCL,163
1261,GEN,
1262,OBC-NCL,164
1263,GEN-EWS,104
1264,SC,16
1265,GEN,
1266,GEN,
1267,GEN,
1268,OBC-NCL,165
1269,GEN,
1270,GEN-EWS,105
1271,GEN,
1272,GEN,
1273,GEN,
1274,GEN,
1275,OBC-NCL,166
1276,GEN,
1277,GEN-EWS,106
1278,GEN,
1279,GEN,
1280,GEN,
1281,GEN-EWS,107
1282,GEN,
1283,GEN-EWS,108
1284,GEN,
1285,GEN,
1286,GEN,
1287,GEN,
1288,OBC-NCL,167
1289,GEN,
1290,GEN,
1291,GEN,
1292,GEN,
1293,GEN,
1294,GEN,
1295,OBC-NCL,168
1296,GEN,
1297,GEN,
1298,GEN,
1299,GEN,
1300,GEN,
1301,GEN,
1302,GEN,
1303,SC,17
1304,GEN-EWS,109
1305,GEN-EWS,110
1306,GEN-EWS,111
1307,OBC-NCL,169
1308,OBC-NCL,170
1309,GEN,
1310,OBC-NCL,171
1311,GEN,
1312,GEN,
1313,OBC-NCL,172
1314,GEN,
1315,GEN,
1316,GEN-EWS,112
1317,GEN,
1318,GEN,
1319,GEN,
1320,GEN,
1321,OBC-NCL,173
1322,GEN,
1323,GEN,
1324,GEN,
1325,OBC-NCL,174
1326,GEN,
1327,GEN,
1328,ST,5
1329,GEN,
1330,GEN,
1331,GEN,
1332,GEN,
1333,GEN,
1334,GEN-EWS,113
1335,GEN,
1336,GEN,
1337,GEN,
1338,GEN,
1339,GEN,
1340,OBC-NCL,175
1341,GEN,
1342,OBC-NCL,176
1343,GEN-EWS,114
1344,GEN,
1345,GEN,
1346,GEN-EWS,115
1347,GEN,
1348,GEN,
1349,GEN,
1350,GEN,
1351,OBC-NCL,177
1352,OBC-NCL,178
1353,GEN-EWS,116
1354,GEN-EWS,117
1355,GEN,
1356,GEN,
1357,GEN,
1358,OBC-NCL,179
1359,GEN,
1360,OBC-NCL,180
1361,OBC-NCL,181
1362,GEN,
1363,OBC-NCL,182
1364,GEN,
1365,GEN,
1366,GEN,
1367,GEN,
1368,GEN,
1369,GEN-EWS,118
1370,GEN,
1371,OBC-NCL,183
1372,GEN,
1373,GEN,
1374,GEN,
1375,OBC-NCL,184
1376,GEN,
1377,GEN,
1378,GEN,
1379,GEN,
1380,GEN,
1381,GEN,
1382,GEN,
1383,GEN,
1384,GEN,
1385,GEN,
1386,GEN,
1387,GEN,
1388,OBC-NCL,185
1389,OBC-NCL,186
1390,GEN,
1391,OBC-NCL,187
1392,GEN-EWS,119
1393,GEN,
1394,OBC-NCL,188
1395,GEN,
1396,GEN,
1397,GEN,
1398,GEN,
1399,OBC-NCL,189
1400,GEN,
1401,GEN,
1402,GEN-EWS,120
1403,GEN,
1404,GEN-EWS,121
1405,GEN,
1406,GEN,
1407,GEN,
1408,GEN-EWS,122
1409,GEN,
1410,GEN,
1411,GEN,
1412,OBC-NCL,190
1413,GEN,
1414,OBC-NCL,191
1415,GEN,
1416,GEN,
1417,GEN,
1418,GEN,
1419,OBC-NCL,192
1420,GEN,
1421,GEN,
1422,OBC-NCL,193
1423,GEN-EWS,123
1424,GEN,
1425,OBC-NCL,194
1426,GEN,
1427,GEN-EWS,124
1428,GEN-EWS,125
1429,OBC-NCL,195
1430,GEN,
1431,GEN-EWS,126
1432,GEN,
1433,GEN,
1434,GEN,
1435,GEN,
1436,OBC-NCL,196
1437,GEN,
1438,GEN,
1439,GEN,
1440,GEN,
1441,OBC-NCL,197
1442,GEN,
1443,OBC-NCL,198
1444,OBC-NCL,199
1445,GEN,
1446,OBC-NCL,200
1447,GEN,
1448,GEN-EWS,127
1449,GEN,
1450,OBC-NCL,201
1451,GEN,
1452,GEN,
1453,GEN,
1454,GEN,
1455,GEN,
1456,OBC-NCL,202
1457,GEN,
1458,GEN,
1459,GEN,
1460,GEN,
1461,GEN,
1462,SC,18
1463,GEN,
1464,GEN,
1465,GEN,
1466,GEN,
1467,GEN,
1468,GEN,
1469,OBC-NCL,203
1470,GEN,
1471,GEN,
1472,GEN,
1473,GEN-EWS,128
1474,GEN,
1475,GEN-EWS,129
1476,GEN,
1477,GEN-EWS,130
1478,OBC-NCL,204
1479,GEN,
1480,GEN,
1481,GEN,
1482,GEN-EWS,131
1483,OBC-NCL,205
1484,GEN,
1485,GEN,
1486,OBC-NCL,206
1487,GEN,
1488,SC,19
1489,GEN,
1490,GEN,
1491,OBC-NCL,207
1492,GEN,
1493,GEN,
1494,GEN,
1495,GEN,
1496,GEN,
1497,GEN,
1498,GEN,
1499,GEN,
1500,GEN,
1501,GEN,
1502,GEN,
1503,GEN,
1504,GEN,
1505,GEN,
1506,GEN,
1507,GEN,
1508,GEN,
1509,GEN-EWS,132
1510,GEN,
1511,GEN,
1512,OBC-NCL,208
1513,OBC-NCL,209
1514,GEN,
1515,GEN,
1516,GEN,
1517,GEN,
1518,GEN,
1519,GEN,
1520,GEN,
1521,GEN-EWS,133
1522,ST,6
1523,OBC-NCL,210
1524,GEN,
1525,GEN,
1526,GEN,
1527,OBC-NCL,211
1528,GEN,
1529,OBC-NCL,212
1530,SC,20
1531,GEN,
1532,GEN,
1533,GEN,
1534,OBC-NCL,213
1535,GEN-EWS,134
1536,OBC-NCL,214
1537,GEN,
1538,OBC-NCL,215
1539,OBC-NCL,216
1540,GEN,
1541,OBC-NCL,217
1542,GEN,
1543,GEN,
1544,GEN,
1545,GEN,
1546,GEN,
1547,GEN,
1548,GEN,
1549,GEN,
1550,GEN,
1551,GEN,
1552,GEN,
1553,GEN,
1554,OBC-NCL,218
1555,GEN,
1556,GEN,
1557,GEN,
1558,GEN,
1559,OBC-NCL,219
1560,GEN,
1561,GEN,
1562,GEN-EWS,135
1563,GEN,
1564,GEN-EWS,136
1565,GEN,
1566,OBC-NCL,220
1567,GEN,
1568,SC,21
1569,SC,22
1570,OBC-NCL,221
1571,GEN,
1572,GEN,
1573,GEN,
1574,GEN,
1575,GEN,
1576,GEN,
1577,GEN,
1578,GEN,
1579,GEN,
1580,GEN-EWS,137
1581,GEN,
1582,OBC-NCL,222
1583,GEN,
1584,GEN,
1585,GEN,
1586,GEN,
1587,GEN,
1588,GEN-EWS,138
1589,GEN,
1590,OBC-NCL,223
1591,GEN,
1592,GEN,
1593,GEN,
1594,GEN,
1595,GEN,
1596,GEN,
1597,OBC-NCL,224
1598,GEN,
1599,GEN,
1600,GEN,
1601,GEN,
1602,GEN,
1603,GEN,
1604,OBC-NCL,225
1605,GEN,
1605,GEN-EWS,139
1607,GEN,
1608,GEN,
1609,GEN,
1610,GEN,
1611,GEN,
1612,GEN,
1613,SC,23
1614,GEN,
1615,GEN,
1616,GEN,
1617,GEN-EWS,140
1618,GEN,
1619,OBC-NCL,226
1620,GEN,
1621,GEN,
1622,GEN,
1623,OBC-NCL,227
1624,GEN,
1625,OBC-NCL,228
1626,GEN,
1627,GEN,
1628,GEN,
1629,GEN,
1630,GEN,
1631,OBC-NCL,229
1632,GEN,
1633,GEN,
1634,OBC-NCL,230
1635,GEN-EWS,141
1636,GEN,
1637,GEN,
1638,OBC-NCL,231
1639,GEN-EWS,142
1640,GEN,
1641,GEN,
1642,OBC-NCL,232
1643,OBC-NCL,233
1644,GEN,
1645,GEN,
1646,GEN,
1647,GEN,
1648,GEN,
1649,GEN,
1650,OBC-NCL,234
1651,GEN,
1652,OBC-NCL,235
1653,OBC-NCL,236
1654,GEN,
1655,OBC-NCL,237
1656,GEN,
1657,GEN,
1658,GEN,
1659,GEN,
1660,GEN,
1660,GEN,
1662,GEN,
1663,OBC-NCL,238
1664,GEN,
1665,GEN,
1666,GEN,
1667,GEN,
1668,OBC-NCL,239
1669,GEN,
1670,GEN,
1671,GEN,
1672,OBC-NCL,240
1673,GEN,
1674,GEN,
1675,GEN,
1676,GEN,
1677,GEN,
1678,GEN,
1679,GEN,
1680,GEN,
1681,GEN,
1682,GEN-EWS,143
1683,OBC-NCL,241
1684,GEN,
1685,GEN,
1686,GEN,
1687,GEN-EWS,144
1688,GEN-EWS,145
1689,GEN,
1690,GEN,
1691,GEN,
1692,GEN,
1693,GEN,
1694,GEN,
1695,GEN,
1696,GEN-EWS,146
1697,GEN-EWS,147
1698,GEN,
1699,GEN,
1700,GEN,
1701,GEN,
1702,GEN,
1703,GEN,
1704,GEN,
1705,SC,24
1706,GEN,
1707,GEN,
1708,GEN,
1709,OBC-NCL,242
1710,GEN,
1711,GEN,
1712,GEN,
1713,GEN,
1714,GEN,
1715,OBC-NCL,243
1716,GEN-EWS,148
1717,OBC-NCL,244
1718,GEN,
1719,GEN-EWS,149
1720,GEN,
1721,OBC-NCL,245
1722,OBC-NCL,246
1723,OBC-NCL,247
1724,GEN,
1725,GEN-EWS,150
1726,GEN,
1727,GEN,
1728,GEN,
1729,GEN,
1730,GEN,
1731,GEN,
1732,GEN,
1733,GEN,
1734,OBC-NCL,248
1735,SC,25
1736,GEN,
1737,GEN,
1738,GEN,
1739,GEN,
1740,GEN,
1741,GEN,
1742,GEN,
1743,GEN,
1744,GEN,
1745,GEN,
1746,GEN,
1747,GEN,
1748,GEN,
1749,OBC-NCL,249
1750,OBC-NCL,250
1751,GEN,
1752,GEN,
1753,GEN,
1754,GEN,
1755,GEN,
1756,GEN,
1757,GEN,
1758,SC,26
1759,GEN,
1760,GEN,
1761,GEN,
1762,OBC-NCL,251
1763,GEN,
1764,OBC-NCL,252
1765,GEN,
1766,GEN,
1767,GEN,
1768,GEN,
1769,GEN,
1770,OBC-NCL,253
1771,GEN,
1772,GEN,
1773,GEN,
1774,GEN,
1775,GEN,
1776,OBC-NCL,254
1777,OBC-NCL,255
1778,GEN,
1779,GEN,
1780,GEN,
1781,GEN,
1782,GEN,
1783,GEN-EWS,151
1784,GEN,
1785,GEN,
1786,GEN,
1787,GEN-EWS,152
1788,GEN-EWS,153
1789,OBC-NCL,256
1790,GEN,
1791,GEN,
1792,GEN,
1793,GEN,
1794,GEN,
1795,GEN,
1796,GEN,
1797,GEN,
1798,SC,27
1799,OBC-NCL,257
1800,GEN,
1801,GEN,
1802,OBC-NCL,258
1803,GEN,
1804,GEN,
1805,GEN,
1806,GEN,
1807,GEN,
1808,GEN,
1809,GEN,
1810,GEN,
1811,GEN,
1812,GEN,
1813,GEN,
1814,OBC-NCL,259
1815,OBC-NCL,260
1816,OBC-NCL,261
1817,OBC-NCL,262
1818,GEN,
1819,GEN,
1820,GEN,
1821,GEN,
1822,GEN-EWS,154
1823,GEN,
1824,GEN,
1825,GEN,
1826,OBC-NCL,263
1827,GEN,
1828,GEN,
1829,GEN,
1830,GEN,
1831,SC,28
1832,GEN,
1833,SC,29
1834,GEN,
1835,GEN,
1836,GEN,
1837,GEN-EWS,155
1838,GEN,
1839,GEN,
1840,GEN,
1841,OBC-NCL,264
1842,GEN,
1843,GEN,
1844,GEN,
1845,GEN,
1846,GEN,
1847,GEN-EWS,156
1848,GEN,
1849,GEN,
1850,GEN,
1851,GEN,
1852,GEN,
1853,GEN,
1854,GEN,
1855,SC,30
1856,GEN-EWS,157
1857,OBC-NCL,265
1858,GEN,
1859,SC,31
1860,GEN,
1861,GEN,
1862,GEN-EWS,158
1863,GEN,
1864,OBC-NCL,266
1865,GEN,
1866,GEN,
1867,GEN-EWS,159
1868,GEN,
1869,GEN,
1870,OBC-NCL,267
1871,GEN,
1872,GEN,
1873,GEN,
1874,GEN,
1875,GEN,
1876,GEN,
1877,GEN,
1878,OBC-NCL,268
1879,GEN,
1880,GEN,
1881,OBC-NCL,269
1882,GEN,
1883,OBC-NCL,270
1884,OBC-NCL,271
1885,GEN-EWS,160
1886,GEN,
1887,GEN,
1888,GEN,
1889,GEN,
1890,GEN,
1891,GEN,
1892,GEN,
1893,GEN-EWS,161
1894,OBC-NCL,272
1895,GEN,
1896,OBC-NCL,273
1897,GEN,
1898,OBC-NCL,274
1899,GEN,
1900,GEN-EWS,162
1901,GEN,
1902,GEN,
1903,GEN,
1904,GEN,
1905,GEN,
1906,OBC-NCL,275
1907,GEN,
1908,GEN,
1909,GEN,
1910,GEN,
1911,GEN,
1912,GEN,
1913,GEN,
1914,GEN,
1915,GEN,
1916,GEN,
1917,GEN-EWS,163
1918,GEN-EWS,164
1919,OBC-NCL,276
1920,GEN,
1921,GEN,
1922,OBC-NCL,277
1923,OBC-NCL,278
1924,OBC-NCL,279
1925,GEN,
1926,GEN-EWS,165
1927,GEN,
1928,OBC-NCL,280
1929,GEN,
1930,OBC-NCL,281
1931,GEN,
1932,GEN,
1933,GEN,
1934,GEN,
1935,GEN,
1936,GEN,
1937,GEN,
1938,GEN,
1939,GEN,
1940,GEN,
1941,GEN,
1942,GEN,
1943,OBC-NCL,282
1944,GEN,
1945,GEN,
1946,GEN-EWS,166
1947,GEN,
1948,GEN,
1949,GEN,
1950,GEN,
1951,GEN,
1952,OBC-NCL,283
1953,GEN,
1954,GEN,
1955,GEN,
1956,GEN,
1957,GEN,
1958,GEN,
1959,GEN,
1960,GEN,
1961,GEN,
1962,GEN,
1963,GEN,
1964,GEN,
1965,GEN-EWS,167
1966,GEN,
1967,GEN,
1968,GEN,
1969,GEN,
1970,GEN,
1971,OBC-NCL,284
1972,GEN,
1973,GEN,
1974,GEN-EWS,168
1975,GEN,
1976,GEN,
1977,GEN,
1978,GEN,
1979,GEN,
1980,GEN,
1981,GEN,
1982,OBC-NCL,285
1983,OBC-NCL,286
1984,GEN,
1985,GEN,
1986,GEN,
1987,OBC-NCL,287
1988,GEN,
1989,OBC-NCL,288
1990,OBC-NCL,289
1991,GEN,
1992,GEN,
1993,GEN,
1994,OBC-NCL,290
1995,GEN-EWS,169
1996,SC,32
1997,GEN,
1998,GEN,
1999,GEN,
2000,GEN,
2001,OBC-NCL,291
2002,OBC-NCL,292
2003,GEN,
2004,GEN,
2005,OBC-NCL,293
2006,GEN-EWS,170
2007,GEN,
2008,GEN,
2009,GEN,
2010,GEN,
2011,GEN-EWS,171
2012,GEN,
2013,OBC-NCL,294
2014,OBC-NCL,295
2015,GEN,
2016,GEN-EWS,172
2017,GEN,
2018,OBC-NCL,296
2019,GEN,
2020,GEN,
2021,OBC-NCL,297
2022,OBC-NCL,298
2023,OBC-NCL,299
2024,GEN,
2025,OBC-NCL,300
2026,GEN,
2027,GEN,
2028,OBC-NCL,301
2029,GEN,
2030,GEN,
2031,GEN,
2032,GEN,
2033,GEN,
2034,GEN-EWS,173
2035,GEN,
2036,GEN,
2037,OBC-NCL,302
2038,GEN,
2039,GEN,
2040,ST,7
2041,GEN,
2042,GEN,
2043,GEN,
2044,GEN,
2045,GEN,
2046,GEN,
2047,GEN-EWS,174
2048,GEN,
2049,GEN,
2050,GEN,
2051,GEN,
2052,GEN,
2053,GEN,
2054,OBC-NCL,303
2055,GEN,
2056,GEN,
2057,GEN,
2058,GEN-EWS,175
2059,OBC-NCL,304
2060,GEN-EWS,176
2061,GEN,
2062,OBC-NCL,305
2063,GEN,
2064,OBC-NCL,306
2065,OBC-NCL,307
2066,GEN,
2067,GEN,
2068,GEN-EWS,177
2069,GEN,
2070,GEN,
2071,OBC-NCL,308
2072,GEN,
2073,GEN,
2074,GEN,
2075,OBC-NCL,309
2076,GEN,
2077,GEN,
2078,OBC-NCL,310
2079,GEN,
2080,GEN,
2081,GEN,
2082,GEN-EWS,178
2083,OBC-NCL,311
2084,OBC-NCL,312
2085,GEN,
2086,OBC-NCL,313
2087,SC,33
2088,GEN,
2089,GEN,
2090,SC,34
2091,OBC-NCL,314
2092,GEN,
2093,GEN,
2094,GEN,
2095,GEN,
2096,GEN,
2097,GEN,
2098,GEN,
2099,OBC-NCL,315
2100,GEN,
2101,SC,35
2102,OBC-NCL,316
2103,GEN,
2104,GEN,
2105,GEN,
2106,GEN,
2107,GEN,
2108,GEN,
2109,GEN,
2110,OBC-NCL,317
2111,GEN,
2112,SC,36
2113,ST,8
2114,GEN,
2115,GEN,
2116,GEN,
2117,SC,37
2118,GEN,
2119,GEN,
2120,GEN,
2121,GEN-EWS,179
2122,GEN,
2123,GEN-EWS,180
2124,GEN,
2125,GEN,
2126,GEN,
2127,OBC-NCL,318
2128,GEN,
2129,GEN,
2130,OBC-NCL,319
2131,GEN,
2132,GEN,
2133,GEN,
2134,OBC-NCL,320
2135,GEN,
2136,GEN,
2137,GEN,
2138,GEN,
2139,GEN,
2140,GEN,
2141,GEN,
2142,GEN,
2143,GEN,
2144,GEN,
2145,GEN,
2146,GEN,
2147,OBC-NCL,321
2148,GEN,
2149,GEN,
2150,GEN,
2151,GEN,
2152,GEN,
2153,GEN,
2154,GEN,
2155,GEN,
2156,GEN,
2157,GEN,
2158,GEN,
2159,GEN,
2160,GEN,
2161,GEN,
2162,GEN,
2163,GEN-EWS,181
2164,GEN,
2165,GEN,
2166,GEN,
2167,GEN,
2168,GEN,
2169,OBC-NCL,322
2170,OBC-NCL,323
2171,GEN,
2172,GEN,
2173,GEN-EWS,182
2174,OBC-NCL,324
2175,GEN,
2176,GEN,
2177,GEN,
2178,GEN,
2179,GEN,
2180,OBC-NCL,325
2181,GEN,
2182,GEN,
2183,GEN,
2184,GEN,
2185,OBC-NCL,326
2186,GEN,
2187,GEN,
2188,OBC-NCL,327
2189,GEN,
2190,GEN,
2191,GEN,
2192,GEN-EWS,183
2193,GEN,
2194,GEN,
2195,GEN-EWS,184
2196,OBC-NCL,328
2197,GEN-EWS,185
2198,GEN-EWS,186
2199,GEN,
2200,GEN-EWS,187
2201,GEN,
2202,GEN,
2203,GEN-EWS,188
2204,GEN,
2205,GEN,
2206,GEN,
2207,GEN,
2208,GEN,
2209,GEN,
2210,GEN,
2211,SC,38
2212,GEN,
2213,GEN,
2214,OBC-NCL,329
2215,GEN,
2216,GEN,
2217,GEN-EWS,189
2218,GEN,
2219,GEN,
2220,GEN,
2221,GEN,
2222,GEN,
2223,GEN,
2224,GEN,
2225,GEN-EWS,190
2226,GEN,
2227,GEN,
2228,GEN-EWS,191
2229,GEN,
2230,GEN,
2231,GEN,
2232,GEN,
2233,OBC-NCL,330
2234,GEN,
2235,OBC-NCL,331
2236,GEN,
2237,GEN,
2238,GEN,
2239,GEN,
2240,GEN,
2241,GEN,
2242,GEN,
2243,GEN,
2244,GEN,
2245,OBC-NCL,332
2246,GEN,
2247,GEN,
2248,OBC-NCL,333
2249,OBC-NCL,334
2250,GEN,
2251,GEN,
2252,OBC-NCL,335
2253,GEN,
2254,OBC-NCL,336
2255,GEN,
2256,OBC-NCL,337
2257,GEN-EWS,192
2258,GEN,
2259,GEN-EWS,193
2260,GEN,
2261,GEN,
2262,GEN,
2263,GEN,
2264,GEN,
2265,GEN,
2266,GEN-EWS,194
2267,GEN,
2268,GEN,
2269,GEN-EWS,195
2270,GEN,
2271,GEN,
2272,GEN,
2273,GEN-EWS,196
2274,OBC-NCL,338
2275,GEN,
2276,GEN,
2277,GEN,
2278,OBC-NCL,339
2279,GEN,
2280,GEN,
2281,GEN,
2282,GEN,
2283,GEN,
2284,GEN,
2285,GEN,
2286,GEN-EWS,197
2287,GEN,
2288,GEN,
2289,SC,39
2290,GEN,
2291,GEN,
2292,GEN,
2293,GEN,
2294,GEN,
2295,OBC-NCL,340
2296,GEN,
2297,GEN,
2298,GEN,
2299,GEN,
2300,GEN,
2301,GEN,
2302,GEN,
2303,GEN,
2304,GEN,
2305,GEN,
2306,GEN,
2307,GEN,
2308,OBC-NCL,341
2309,OBC-NCL,342
2310,GEN,
2311,GEN,
2312,OBC-NCL,343
2313,GEN,
2314,SC,40
2315,OBC-NCL,344
2316,GEN,
2317,OBC-NCL,345
2318,GEN,
2319,GEN,
2320,GEN,
2321,GEN,
2322,GEN,
2323,GEN,
2324,GEN,
2325,GEN,
2326,GEN,
2327,GEN,
2328,GEN,
2329,GEN,
2330,GEN-EWS,198
2331,OBC-NCL,346
2332,GEN-EWS,199
2333,GEN-EWS,200
2334,GEN,
2335,GEN,
2336,GEN,
2337,GEN,
2338,GEN,
2339,GEN,
2340,GEN,
2341,GEN,
2342,GEN-EWS,201
2343,GEN,
2344,GEN,
2345,GEN,
2346,GEN,
2347,GEN,
2348,GEN,
2349,GEN,
2350,GEN,
2351,GEN,
2352,GEN,
2353,GEN,
2354,GEN,
2355,GEN,
2356,GEN,
2357,OBC-NCL,347
2358,GEN-EWS,202
2359,GEN,
2360,OBC-NCL,348
2361,GEN-EWS,203
2362,GEN,
2363,GEN,
2364,GEN,
2365,GEN,
2366,GEN,
2367,GEN,
2368,GEN,
2369,GEN-EWS,204
2370,GEN-EWS,205
2371,GEN,
2372,OBC-NCL,349
2373,GEN,
2374,GEN-EWS,206
2375,GEN-EWS,207
2376,GEN,
2377,GEN,
2378,GEN,
2379,OBC-NCL,350
2380,GEN,
2381,GEN,
2382,GEN,
2383,GEN,
2384,GEN,
2385,GEN,
2386,OBC-NCL,351
2387,GEN,
2388,GEN,
2389,GEN,
2390,GEN,
2391,GEN,
2392,GEN,
2393,GEN,
2394,GEN-EWS,208
2395,GEN,
2396,GEN,
2397,OBC-NCL,352
2398,GEN,
2399,GEN,
2400,GEN,
2401,GEN,
2402,GEN,
2403,GEN,
2404,GEN,
2405,GEN,
2406,OBC-NCL,353
2407,GEN-EWS,209
2408,GEN,
2409,OBC-NCL,354
2410,GEN,
2411,GEN-EWS,210
2412,GEN,
2413,OBC-NCL,355
2414,OBC-NCL,356
2415,GEN,
2416,GEN,
2417,GEN,
2418,GEN,
2419,GEN,
2420,GEN,
2421,OBC-NCL,357
2422,OBC-NCL,358
2423,GEN-EWS,211
2424,OBC-NCL,359
2425,GEN-EWS,212
2426,GEN,
2427,OBC-NCL,360
2428,OBC-NCL,361
2429,OBC-NCL,362
2430,GEN,
2431,GEN,
2432,GEN,
2433,OBC-NCL,363
2434,GEN,
2435,GEN-EWS,213
2436,GEN,
2437,GEN,
2438,OBC-NCL,364
2439,GEN,
2440,GEN,
2441,GEN,
2442,GEN,
2443,GEN,
2444,GEN,
2445,GEN,
2446,OBC-NCL,365
2447,GEN,
2448,GEN,
2449,GEN,
2450,GEN,
2451,GEN,
2452,OBC-NCL,366
2453,SC,41
2454,GEN,
2455,GEN-EWS,214
2456,OBC-NCL,367
2457,GEN,
2458,GEN,
2459,GEN-EWS,215
2460,GEN,
2461,GEN-EWS,216
2462,GEN,
2463,GEN,
2464,GEN,
2465,OBC-NCL,368
2466,GEN,
2467,GEN,
2468,OBC-NCL,369
2469,GEN,
2470,GEN,
2471,GEN,
2472,GEN,
2473,OBC-NCL,370
2474,GEN,
2475,GEN,
2476,GEN,
2477,OBC-NCL,371
2478,GEN,
2479,GEN,
2480,GEN,
2481,OBC-NCL,372
2482,GEN,
2483,GEN,
2484,GEN-EWS,217
2485,GEN,
2486,GEN-EWS,218
2487,GEN-EWS,219
2488,GEN,
2489,GEN,
2490,OBC-NCL,373
2491,GEN,
2492,OBC-NCL,374
2493,GEN,
2494,GEN,
2495,GEN,
2496,GEN,
2497,GEN,
2498,GEN,
2499,GEN,
2500,GEN,
2501,GEN,
2502,GEN-EWS,220
2503,GEN,
2504,GEN,
2505,GEN,
2506,GEN,
2507,GEN,
2508,OBC-NCL,375
2509,GEN,
2510,GEN,
2511,GEN,
2512,GEN,
2513,OBC-NCL,376
2514,OBC-NCL,377
2515,GEN-EWS,221
2516,OBC-NCL,378
2517,GEN,
2518,GEN,
2519,GEN,
2520,OBC-NCL,379
2521,GEN,
2522,GEN,
2523,GEN,
2524,OBC-NCL,380
2525,GEN,
2526,GEN,
2527,GEN,
2528,GEN,
2529,GEN,
2530,GEN,
2531,GEN,
2532,GEN,
2533,GEN,
2534,GEN,
2535,GEN-EWS,222
2536,GEN,
2537,SC,42
2538,GEN,
2539,OBC-NCL,381
2540,GEN,
2541,GEN,
2542,GEN,
2543,GEN,
2544,GEN,
2545,GEN,
2546,OBC-NCL,382
2547,GEN,
2548,OBC-NCL,383
2549,OBC-NCL,384
2550,GEN,
2551,GEN,
2552,GEN,
2553,GEN,
2554,GEN,
2555,GEN,
2556,GEN,
2557,GEN,
2558,GEN,
2559,GEN,
2560,OBC-NCL,385
2561,GEN-EWS,223
2562,GEN,
2563,GEN,
2564,OBC-NCL,386
2565,GEN,
2566,GEN,
2567,GEN,
2568,GEN,
2569,GEN-EWS,224
2570,OBC-NCL,387
2571,GEN,
2572,GEN,
2573,OBC-NCL,388
2574,GEN,
2575,GEN,
2576,GEN-EWS,225
2577,OBC-NCL,389
2578,GEN,
2579,GEN,
2580,GEN,
2581,GEN,
2582,GEN,
2583,GEN,
2584,GEN,
2585,GEN,
2586,OBC-NCL,390
2587,OBC-NCL,391
2588,OBC-NCL,392
2589,GEN,
2590,GEN,
2591,GEN,
2592,GEN,
2593,OBC-NCL,393
2594,GEN,
2595,OBC-NCL,394
2596,OBC-NCL,395
2597,GEN,
2598,GEN,
2599,GEN-EWS,226
2600,GEN,
2601,GEN,
2602,GEN,
2603,GEN,
2604,OBC-NCL,396
2605,GEN,
2606,GEN,
2607,GEN,
2608,SC,43
2609,OBC-NCL,397
2610,GEN-EWS,227
2611,OBC-NCL,398
2612,GEN,
2613,GEN,
2614,GEN,
2615,GEN,
2616,GEN,
2617,OBC-NCL,399
2618,OBC-NCL,400
2619,GEN,
2620,GEN,
2621,GEN,
2622,GEN,
2623,OBC-NCL,401
2624,GEN,
2625,GEN,
2626,GEN,
2627,GEN,
2628,OBC-NCL,402
2629,GEN,
2630,GEN,
2631,GEN,
2632,GEN,
2633,GEN,
2634,GEN,
2635,GEN,
2636,GEN,
2637,GEN,
2638,OBC-NCL,403
2639,GEN,
2640,GEN,
2641,GEN,
2642,OBC-NCL,404
2643,GEN,
2644,GEN,
2645,GEN,
2646,GEN,
2647,GEN,
2648,OBC-NCL,405
2649,GEN,
2650,GEN,
2651,GEN-EWS,228
2652,OBC-NCL,406
2653,GEN,
2654,GEN,
2655,GEN,
2656,GEN,
2657,GEN,
2658,GEN,
2659,GEN,
2660,GEN,
2661,GEN,
2662,GEN,
2663,GEN,
2664,OBC-NCL,407
2665,GEN,
2666,GEN,
2667,OBC-NCL,408
2668,OBC-NCL,409
2669,GEN,
2670,GEN,
2671,GEN,
2672,GEN,
2673,GEN,
2674,GEN,
2675,OBC-NCL,410
2676,GEN-EWS,229
2677,GEN,
2678,GEN,
2679,GEN,
2680,GEN-EWS,230
2681,SC,44
2682,GEN,
2683,GEN,
2684,GEN,
2685,SC,45
2686,GEN,
2687,GEN-EWS,231
2688,OBC-NCL,411
2689,GEN-EWS,232
2690,GEN,
2691,GEN,
2692,GEN,
2693,GEN,
2694,GEN,
2695,GEN,
2696,GEN,
2697,GEN,
2698,GEN,
2699,GEN,
2700,GEN,
2701,OBC-NCL,412
2702,GEN,
2703,GEN,
2704,GEN,
2705,GEN,
2706,GEN,
2707,OBC-NCL,413
2708,GEN-EWS,233
2709,GEN,
2710,GEN,
2711,GEN,
2712,GEN,
2713,GEN,
2714,GEN,
2715,OBC-NCL,414
2716,GEN,
2717,GEN,
2718,OBC-NCL,415
2719,GEN,
2720,OBC-NCL,416
2721,GEN,
2722,OBC-NCL,417
2723,OBC-NCL,418
2724,GEN,
2725,OBC-NCL,419
2726,GEN,
2727,OBC-NCL,420
2728,GEN,
2729,GEN,
2730,GEN-EWS,234
2731,OBC-NCL,421
2732,GEN-EWS,235
2733,GEN-EWS,236
2734,GEN,
2735,GEN,
2736,GEN,
2737,GEN-EWS,237
2738,ST,9
2739,OBC-NCL,422
2740,GEN,
2741,GEN,
2742,GEN,
2743,GEN,
2744,OBC-NCL,423
2745,GEN-EWS,238
2746,GEN,
2747,OBC-NCL,424
2748,GEN,
2749,GEN,
2750,GEN,
2751,GEN-EWS,239
2752,GEN,
2753,OBC-NCL,425
2754,GEN,
2755,GEN,
2756,GEN,
2757,GEN,
2758,GEN-EWS,240
2759,GEN,
2760,GEN,
2761,GEN,
2762,OBC-NCL,426
2763,GEN,
2764,GEN,
2765,OBC-NCL,427
2766,GEN,
2767,GEN,
2768,OBC-NCL,428
2769,GEN,
2770,OBC-NCL,429
2771,GEN,
2772,OBC-NCL,430
2773,GEN,
2774,GEN,
2775,OBC-NCL,431
2776,GEN,
2777,GEN-EWS,241
2778,GEN,
2779,SC,46
2780,GEN,
2781,GEN,
2782,GEN,
2783,GEN-EWS,242
2784,GEN,
2785,GEN,
2786,GEN,
2787,GEN,
2788,GEN,
2789,GEN,
2790,GEN,
2791,GEN,
2792,GEN,
2793,OBC-NCL,432
2794,GEN,
2795,GEN,
2796,GEN,
2797,OBC-NCL,433
2798,OBC-NCL,434
2799,GEN,
2800,GEN,
2801,GEN,
2802,GEN,
2803,OBC-NCL,435
2804,ST,10
2805,GEN,
2806,GEN,
2807,GEN,
2808,GEN,
2809,GEN,
2810,GEN,
2811,OBC-NCL,436
2812,GEN,
2813,GEN-EWS,243
2814,GEN-EWS,244
2815,GEN,
2816,GEN,
2817,GEN,
2818,GEN-EWS,245
2819,OBC-NCL,437
2820,GEN,
2821,OBC-NCL,438
2822,GEN,
2823,GEN,
2824,GEN,
2825,GEN,
2826,GEN,
2827,GEN,
2828,GEN,
2829,GEN-EWS,246
2830,GEN,
2831,GEN,
2832,GEN,
2833,OBC-NCL,439
2834,GEN,
2835,GEN-EWS,247
2836,GEN,
2837,GEN,
2838,GEN-EWS,248
2839,GEN,
2840,GEN,
2841,GEN,
2842,GEN,
2843,GEN,
2844,GEN,
2845,GEN,
2846,GEN,
2847,GEN,
2848,GEN,
2849,OBC-NCL,440
2850,GEN-EWS,249
2851,GEN,
2852,GEN,
2853,GEN,
2854,GEN-EWS,250
2855,OBC-NCL,441
2856,OBC-NCL,442
2857,GEN,
2858,GEN,
2859,GEN,
2860,GEN,
2861,OBC-NCL,443
2862,OBC-NCL,444
2863,GEN,
2864,OBC-NCL,445
2865,OBC-NCL,446
2866,GEN,
2867,GEN,
2868,GEN,
2869,GEN-EWS,251
2870,OBC-NCL,447
2871,GEN,
2872,GEN,
2873,OBC-NCL,448
2874,OBC-NCL,449
2875,GEN,
2876,GEN,
2877,GEN,
2878,OBC-NCL,450
2879,GEN,
2880,OBC-NCL,451
2881,GEN,
2882,GEN,
2883,OBC-NCL,452
2884,OBC-NCL,453
2885,GEN,
2886,GEN,
2887,GEN,
2888,GEN-EWS,252
2889,GEN,
2890,GEN,
2891,OBC-NCL,454
2892,GEN,
2893,OBC-NCL,455
2894,OBC-NCL,456
2895,GEN-EWS,253
2896,GEN,
2897,GEN,
2898,GEN,
2899,GEN,
2900,OBC-NCL,457
2901,GEN,
2902,OBC-NCL,458
2903,GEN,
2904,GEN-EWS,254
2905,GEN,
2906,GEN,
2907,GEN,
2908,GEN-EWS,255
2909,OBC-NCL,459
2910,GEN,
2911,GEN,
2912,GEN,
2913,OBC-NCL,460
2914,GEN,
2915,GEN-EWS,256
2916,GEN,
2916,GEN,
2917,GEN,
2918,GEN,
2919,GEN,
2920,GEN-EWS,257
2921,GEN,
2922,GEN,
2923,GEN,
2924,GEN,
2925,GEN,
2926,GEN,
2927,OBC-NCL,461
2928,OBC-NCL,462
2929,GEN-EWS,258
2930,OBC-NCL,463
2931,GEN,
2932,GEN,
2933,GEN,
2934,GEN,
2935,GEN,
2936,OBC-NCL,464
2937,OBC-NCL,465
2938,GEN,
2939,GEN,
2940,GEN,
2941,GEN,
2942,GEN,
2943,GEN,
2944,GEN-EWS,259
2945,GEN,
2946,GEN,
2947,GEN,
2948,OBC-NCL,466
2949,GEN,
2950,OBC-NCL,467
2951,OBC-NCL,468
2952,GEN,
2953,GEN,
2954,GEN,
2955,OBC-NCL,469
2956,GEN,
2957,GEN,
2958,GEN-EWS,260
2959,GEN-EWS,261
2960,GEN,
2961,OBC-NCL,470
2962,GEN,
2963,GEN,
2964,GEN,
2965,GEN-EWS,262
2966,OBC-NCL,471
2967,GEN,
2968,GEN,
2969,GEN,
2970,GEN,
2971,GEN-EWS,263
2972,GEN,
2973,ST,11
2974,OBC-NCL,472
2975,OBC-NCL,473
2976,GEN,
2977,GEN,
2978,OBC-NCL,474
2979,GEN,
2980,GEN,
2981,GEN-EWS,264
2982,GEN,
2983,GEN,
2984,GEN,
2985,GEN,
2986,OBC-NCL,475
2987,GEN,
2988,GEN,
2989,GEN,
2990,GEN-EWS,265
2991,GEN-EWS,266
2992,GEN-EWS,267
2993,GEN,
2994,GEN,
2995,GEN,
2996,GEN,
2997,GEN,
2998,OBC-NCL,476
2999,GEN,
3000,OBC-NCL,477
3001,OBC-NCL,478
3002,GEN,
3003,GEN-EWS,268
3004,GEN,
3005,GEN,
3006,GEN,
3007,GEN,
3008,OBC-NCL,479
3009,OBC-NCL,480
3010,GEN,
3011,GEN,
3012,GEN,
3013,OBC-NCL,481
3014,GEN,
3015,GEN,
3016,GEN,
3017,GEN,
3018,GEN,
3019,GEN,
3020,GEN,
3021,GEN,
3022,GEN,
3023,GEN,
3024,GEN,
3025,GEN,
3026,GEN,
3027,OBC-NCL,482
3028,GEN,
3029,OBC-NCL,483
3030,OBC-NCL,484
3031,OBC-NCL,485
3032,GEN,
3033,GEN,
3034,GEN-EWS,269
3035,OBC-NCL,486
3036,GEN-EWS,270
3037,OBC-NCL,487
3038,OBC-NCL,488
3039,GEN,
3040,GEN-EWS,271
3041,GEN,
3042,GEN,
3043,GEN,
3044,GEN-EWS,272
3045,OBC-NCL,489
3046,GEN,
3047,GEN,
3048,GEN,
3049,OBC-NCL,490
3050,GEN,
3051,GEN,
3052,GEN,
3053,GEN,
3054,GEN,
3055,GEN,
3056,GEN,
3057,GEN,
3058,GEN,
3059,OBC-NCL,491
3060,OBC-NCL,492
3061,GEN,
3062,GEN,
3063,GEN,
3064,GEN-EWS,273
3065,GEN,
3066,OBC-NCL,493
3067,OBC-NCL,494
3068,GEN,
3069,GEN-EWS,274
3070,OBC-NCL,495
3071,GEN-EWS,275
3072,GEN,
3073,GEN-EWS,276
3074,GEN,
3075,OBC-NCL,496
3076,GEN,
3077,GEN,
3078,GEN,
3079,GEN-EWS,277
3080,GEN,
3081,GEN,
3082,GEN-EWS,278
3083,GEN,
3084,GEN-EWS,279
3085,ST,12
3086,GEN,
3087,GEN,
3088,OBC-NCL,497
3089,GEN,
3090,OBC-NCL,498
3091,GEN,
3092,GEN,
3093,GEN,
3094,OBC-NCL,499
3095,OBC-NCL,500
3096,OBC-NCL,501
3097,GEN,
3098,GEN,
3099,OBC-NCL,502
3100,SC,47
3101,OBC-NCL,503
3102,GEN,
3103,GEN,
3104,SC,48
3105,GEN,
3106,OBC-NCL,504
3107,GEN,
3108,GEN,
3109,GEN,
3110,GEN,
3111,GEN-EWS,280
3112,GEN,
3113,GEN,
3114,OBC-NCL,505
3115,GEN,
3116,GEN,
3117,GEN,
3118,GEN,
3119,OBC-NCL,506
3120,OBC-NCL,507
3121,OBC-NCL,508
3122,GEN,
3123,GEN,
3124,GEN,
3125,GEN,
3126,GEN,
3127,OBC-NCL,509
3128,GEN-EWS,281
3129,GEN,
3130,GEN,
3131,OBC-NCL,510
3132,GEN-EWS,282
3133,GEN,
3134,GEN,
3135,GEN-EWS,283
3136,GEN,
3137,GEN,
3138,GEN,
3139,GEN,
3140,GEN,
3141,OBC-NCL,511
3142,GEN,
3143,OBC-NCL,512
3144,GEN,
3145,OBC-NCL,513
3146,GEN,
3147,GEN,
3148,OBC-NCL,514
3149,GEN,
3150,GEN,
3151,GEN,
3152,GEN,
3153,GEN,
3154,GEN-EWS,284
3155,GEN,
3156,GEN,
3157,GEN,
3158,GEN,
3159,GEN,
3160,OBC-NCL,515
3161,OBC-NCL,516
3162,GEN-EWS,285
3163,GEN,
3164,GEN,
3165,GEN,
3166,GEN,
3167,GEN,
3168,GEN,
3169,GEN,
3170,OBC-NCL,517
3171,GEN,
3172,GEN,
3173,GEN,
3174,OBC-NCL,518
3175,GEN,
3176,GEN,
3177,GEN,
3178,GEN,
3179,GEN,
3180,GEN,
3181,GEN,
3182,GEN,
3183,GEN,
3184,GEN,
3185,GEN,
3186,GEN,
3187,SC,49
3188,GEN-EWS,286
3189,GEN,
3190,GEN,
3191,GEN,
3192,GEN,
3193,GEN,
3194,GEN,
3195,GEN,
3196,GEN,
3197,GEN,
3198,OBC-NCL,519
3199,GEN,
3200,GEN,
3201,GEN,
3202,GEN,
3203,GEN,
3204,GEN,
3205,GEN,
3206,GEN,
3207,GEN,
3208,GEN,
3209,GEN,
3210,GEN,
3211,GEN,
3212,GEN,
3213,GEN,
3214,OBC-NCL,520
3215,GEN,
3216,GEN,
3217,GEN,
3218,OBC-NCL,521
3219,OBC-NCL,522
3220,GEN,
3221,GEN,
3222,GEN-EWS,287
3223,GEN,
3224,GEN,
3225,GEN,
3226,GEN,
3227,GEN,
3228,GEN,
3229,GEN,
3230,GEN,
3231,GEN,
3232,GEN-EWS,288
3233,GEN,
3234,OBC-NCL,523
3235,GEN,
3236,GEN,
3237,OBC-NCL,524
3238,GEN-EWS,289
3239,GEN,
3240,GEN,
3241,GEN,
3242,GEN,
3243,GEN-EWS,290
3244,GEN,
3245,GEN,
3246,GEN,
3247,GEN,
3248,GEN,
3249,GEN,
3249,GEN-EWS,291
3251,SC,50
3252,GEN,
3253,GEN,
3254,GEN,
3255,GEN,
3256,GEN,
3257,GEN,
3258,OBC-NCL,525
3259,GEN,
3260,GEN,
3261,GEN,
3262,OBC-NCL,526
3263,GEN,
3264,GEN,
3265,GEN,
3266,GEN,
3267,GEN,
3268,GEN,
3269,GEN,
3270,ST,13
3271,GEN-EWS,292
3272,OBC-NCL,527
3273,GEN,
3274,OBC-NCL,528
3275,OBC-NCL,529
3276,GEN-EWS,293
3277,GEN-EWS,294
3278,GEN,
3279,OBC-NCL,530
3280,GEN,
3281,OBC-NCL,531
3282,GEN,
3283,GEN,
3284,GEN,
3285,GEN,
3286,SC,51
3287,GEN,
3288,GEN,
3289,OBC-NCL,532
3290,GEN,
3291,GEN,
3292,OBC-NCL,533
3293,GEN,
3294,GEN,
3295,OBC-NCL,534
3296,GEN,
3297,GEN-EWS,295
3298,GEN,
3299,GEN-EWS,296
3300,GEN,
3301,OBC-NCL,535
3302,OBC-NCL,536
3303,OBC-NCL,537
3304,GEN,
3305,OBC-NCL,538
3306,GEN,
3307,GEN,
3308,GEN,
3309,OBC-NCL,539
3310,GEN,
3311,GEN,
3312,ST,14
3313,GEN,
3314,GEN,
3315,GEN,
3316,GEN,
3317,GEN,
3318,GEN,
3319,GEN-EWS,297
3320,GEN,
3321,GEN,
3322,GEN,
3323,GEN,
3324,GEN,
3325,OBC-NCL,540
3326,GEN,
3327,OBC-NCL,541
3328,GEN-EWS,298
3329,GEN,
3330,GEN-EWS,299
3331,GEN,
3332,GEN-EWS,300
3333,GEN,
3334,GEN-EWS,301
3335,GEN,
3336,OBC-NCL,542
3337,OBC-NCL,543
3338,GEN,
3339,GEN,
3340,OBC-NCL,544
3341,GEN,
3342,GEN-EWS,302
3343,GEN,
3344,GEN,
3345,GEN,
3346,GEN,
3347,GEN,
3348,GEN,
3348,GEN,
3350,GEN-EWS,303
3351,GEN,
3352,GEN-EWS,304
3353,GEN,
3354,GEN,
3355,OBC-NCL,545
3356,GEN-EWS,305
3357,GEN,
3358,OBC-NCL,546
3359,OBC-NCL,547
3360,GEN,
3361,GEN-EWS,306
3362,GEN,
3363,GEN,
3364,GEN,
3365,GEN,
3366,GEN,
3367,OBC-NCL,548
3368,SC,52
3369,GEN,
3370,GEN,
3371,OBC-NCL,549
3372,GEN,
3373,GEN,
3374,GEN,
3375,GEN,
3376,GEN,
3377,GEN-EWS,307
3378,GEN,
3379,GEN,
3380,GEN,
3381,GEN,
3382,GEN,
3383,OBC-NCL,550
3384,GEN,
3385,GEN,
3386,OBC-NCL,551
3387,GEN,
3388,GEN,
3389,GEN,
3390,GEN,
3391,OBC-NCL,552
3392,GEN,
3393,GEN,
3394,OBC-NCL,553
3395,GEN-EWS,308
3396,GEN,
3397,GEN,
3398,GEN,
3399,OBC-NCL,554
3400,GEN-EWS,309
3401,GEN,
3402,GEN,
3403,GEN,
3404,OBC-NCL,555
3405,OBC-NCL,556
3406,GEN,
3407,GEN,
3408,GEN,
3409,GEN,
3410,GEN-EWS,310
3411,GEN,
3412,GEN,
3413,GEN,
3414,GEN,
3415,GEN,
3416,GEN,
3417,GEN-EWS,311
3418,GEN,
3419,SC,53
3420,GEN,
3421,GEN,
3422,GEN,
3423,GEN,
3424,GEN-EWS,312
3425,GEN,
3426,GEN,
3427,OBC-NCL,557
3428,GEN,
3429,OBC-NCL,558
3430,GEN,
3431,GEN,
3432,SC,54
3433,GEN-EWS,313
3434,GEN,
3435,GEN,
3436,GEN,
3437,OBC-NCL,559
3438,OBC-NCL,560
3439,GEN,
3440,GEN,
3441,OBC-NCL,561
3442,GEN-EWS,314
3443,GEN,
3444,GEN,
3445,GEN,
3446,GEN,
3447,OBC-NCL,562
3448,GEN-EWS,315
3449,GEN-EWS,316
3450,OBC-NCL,563
3451,GEN-EWS,317
3452,GEN-EWS,318
3453,GEN,
3454,GEN,
3455,OBC-NCL,564
3456,GEN,
3457,OBC-NCL,565
3458,GEN,
3459,OBC-NCL,566
3460,GEN,
3461,GEN,
3462,OBC-NCL,567
3463,GEN,
3464,GEN,
3465,GEN-EWS,319
3466,GEN,
3467,GEN,
3468,GEN,
3469,GEN,
3470,GEN,
3471,GEN,
3472,GEN,
3473,GEN,
3474,GEN-EWS,320
3475,OBC-NCL,568
3476,GEN,
3477,SC,55
3478,GEN-EWS,321
3479,GEN,
3480,GEN,
3481,OBC-NCL,569
3482,GEN,
3483,OBC-NCL,570
3484,GEN,
3485,GEN,
3486,OBC-NCL,571
3487,GEN,
3488,SC,56
3489,GEN,
3490,GEN,
3491,OBC-NCL,572
3492,GEN,
3493,GEN,
3494,OBC-NCL,573
3495,GEN,
3496,GEN,
3497,GEN,
3498,GEN,
3499,OBC-NCL,574
3500,OBC-NCL,575
3501,GEN,
3502,GEN,
3502,GEN,
3503,GEN,
3504,GEN,
3505,GEN,
3506,GEN,
3507,GEN-EWS,322
3508,SC,57
3509,GEN-EWS,323
3510,GEN,
3511,GEN,
3512,GEN,
3513,OBC-NCL,576
3514,OBC-NCL,577
3515,GEN,
3516,OBC-NCL,578
3517,GEN,
3518,GEN,
3519,OBC-NCL,579
3520,GEN,
3521,OBC-NCL,580
3522,OBC-NCL,581
3523,OBC-NCL,582
3524,GEN,
3525,GEN,
3526,GEN,
3527,OBC-NCL,583
3528,GEN,
3529,OBC-NCL,584
3530,GEN,
3531,GEN-EWS,324
3532,OBC-NCL,585
3533,GEN,
3534,GEN,
3535,GEN-EWS,325
3536,GEN,
3537,GEN,
3538,SC,58
3539,GEN-EWS,326
3540,OBC-NCL,586
3541,GEN,
3542,GEN,
3543,GEN,
3544,GEN,
3545,GEN,
3546,GEN-EWS,327
3547,GEN,
3548,GEN,
3549,GEN,
3550,OBC-NCL,587
3551,OBC-NCL,588
3552,GEN,
3553,GEN,
3554,GEN,
3555,GEN,
3556,OBC-NCL,589
3557,GEN,
3558,GEN,
3559,OBC-NCL,590
3560,OBC-NCL,591
3561,GEN,
3562,GEN,
3563,GEN,
3564,GEN,
3565,GEN,
3566,GEN,
3567,GEN,
3568,GEN,
3569,OBC-NCL,592
3570,GEN,
3571,GEN,
3572,SC,59
3573,GEN,
3574,GEN,
3575,OBC-NCL,593
3576,OBC-NCL,594
3577,GEN,
3578,GEN,
3579,GEN,
3580,GEN-EWS,328
3581,OBC-NCL,595
3582,GEN,
3583,OBC-NCL,596
3584,GEN,
3585,GEN,
3586,GEN,
3587,GEN,
3588,GEN,
3589,OBC-NCL,597
3590,GEN,
3591,GEN,
3592,GEN,
3593,SC,60
3594,GEN-EWS,329
3595,GEN,
3596,GEN,
3597,GEN,
3598,OBC-NCL,598
3599,GEN,
3600,OBC-NCL,599
3601,GEN,
3602,GEN-EWS,330
3603,OBC-NCL,600
3604,OBC-NCL,601
3605,GEN,
3606,GEN-EWS,331
3607,GEN,
3608,GEN,
3609,GEN-EWS,332
3610,GEN,
3611,GEN,
3612,GEN,
3613,OBC-NCL,602
3614,GEN,
3615,OBC-NCL,603
3616,OBC-NCL,604
3617,GEN-EWS,333
3618,OBC-NCL,605
3619,GEN-EWS,334
3620,GEN,
3621,OBC-NCL,606
3622,OBC-NCL,607
3623,GEN,
3624,OBC-NCL,608
3625,GEN-EWS,335
3626,GEN,
3627,GEN,
3628,GEN,
3629,GEN,
3630,GEN-EWS,336
3631,GEN,
3632,GEN,
3633,GEN,
3634,OBC-NCL,609
3635,GEN-EWS,337
3636,GEN,
3637,GEN,
3638,GEN,
3639,GEN,
3640,GEN,
3641,SC,61
3642,GEN,
3643,GEN-EWS,338
3644,GEN-EWS,339
3645,OBC-NCL,610
3646,GEN,
3647,GEN-EWS,340
3648,GEN,
3649,GEN,
3650,GEN,
3651,GEN,
3652,GEN,
3653,GEN-EWS,341
3654,GEN,
3655,GEN,
3656,OBC-NCL,611
3657,GEN-EWS,342
3658,GEN,
3659,GEN,
3660,GEN,
3661,GEN-EWS,343
3662,OBC-NCL,612
3663,GEN,
3664,GEN,
3665,OBC-NCL,613
3666,GEN,
3667,GEN,
3668,GEN,
3669,OBC-NCL,614
3670,GEN,
3671,GEN,
3672,GEN,
3673,OBC-NCL,615
3674,GEN,
3675,GEN,
3676,GEN,
3677,OBC-NCL,616
3678,GEN-EWS,344
3679,GEN,
3680,GEN,
3681,GEN,
3682,GEN,
3683,GEN,
3684,GEN,
3685,GEN,
3686,GEN,
3687,OBC-NCL,617
3688,GEN,
3689,OBC-NCL,618
3690,GEN,
3691,OBC-NCL,619
3692,OBC-NCL,620
3693,GEN,
3694,GEN,
3695,GEN,
3696,GEN,
3697,GEN,
3698,OBC-NCL,621
3699,SC,62
3700,GEN,
3701,GEN,
3702,GEN,
3703,GEN,
3704,OBC-NCL,622
3705,GEN,
3706,GEN,
3707,GEN,
3708,GEN,
3709,SC,63
3710,GEN,
3711,GEN-EWS,345
3712,GEN,
3713,OBC-NCL,623
3714,GEN-EWS,346
3715,OBC-NCL,624
3716,GEN,
3717,GEN-EWS,347
3718,GEN,
3719,GEN,
3720,GEN,
3721,GEN-EWS,348
3722,GEN,
3723,OBC-NCL,625
3724,GEN-EWS,349
3725,GEN,
3725,OBC-NCL,626
3727,GEN,
3728,GEN,
3729,GEN,
3730,GEN,
3731,GEN,
3732,GEN,
3733,GEN,
3734,GEN,
3735,GEN,
3736,GEN,
3737,GEN,
3738,GEN-EWS,350
3739,OBC-NCL,627
3740,OBC-NCL,628
3741,GEN,
3741,OBC-NCL,629
3743,GEN,
3744,GEN,
3745,OBC-NCL,630
3746,GEN,
3747,GEN,
3748,GEN,
3749,OBC-NCL,631
3750,GEN,
3751,GEN-EWS,351
3752,OBC-NCL,632
3753,GEN,
3754,OBC-NCL,633
3755,OBC-NCL,634
3756,GEN,
3757,OBC-NCL,635
3758,GEN,
3759,GEN,
3760,OBC-NCL,636
3761,SC,64
3762,GEN,
3763,GEN-EWS,352
3764,GEN,
3765,OBC-NCL,637
3766,GEN,
3767,GEN,
3768,OBC-NCL,638
3769,SC,65
3770,GEN,
3771,GEN,
3772,OBC-NCL,639
3773,GEN,
3774,GEN,
3775,OBC-NCL,640
3776,OBC-NCL,641
3777,GEN,
3778,GEN,
3779,GEN-EWS,353
3780,GEN-EWS,354
3781,GEN,
3782,GEN,
3783,GEN,
3784,OBC-NCL,642
3785,GEN-EWS,355
3786,GEN-EWS,356
3787,GEN,
3788,GEN,
3789,OBC-NCL,643
3790,OBC-NCL,644
3791,GEN,
3792,GEN,
3793,GEN,
3794,GEN,
3795,GEN,
3796,GEN-EWS,357
3797,GEN,
3798,GEN,
3799,GEN,
3800,GEN,
3801,GEN,
3802,GEN,
3803,GEN,
3804,OBC-NCL,645
3805,GEN,
3806,OBC-NCL,646
3807,OBC-NCL,647
3808,GEN,
3809,GEN,
3810,GEN,
3811,OBC-NCL,648
3812,GEN,
3813,GEN,
3814,GEN,
3815,GEN,
3816,GEN,
3817,GEN,
3818,GEN,
3819,GEN,
3820,GEN,
3821,ST,15
3822,GEN,
3823,GEN,
3824,GEN,
3825,GEN,
3826,GEN-EWS,358
3827,GEN,
3828,GEN,
3829,GEN,
3830,GEN,
3831,GEN,
3832,GEN,
3833,GEN,
3834,GEN-EWS,359
3835,GEN,
3836,GEN,
3837,OBC-NCL,649
3838,GEN,
3839,OBC-NCL,650
3840,GEN,
3841,GEN,
3842,GEN,
3843,GEN-EWS,360
3844,GEN,
3845,GEN,
3846,GEN,
3847,GEN,
3848,OBC-NCL,651
3849,GEN,
3850,GEN,
3851,GEN,
3852,GEN-EWS,361
3853,GEN-EWS,362
3854,GEN,
3855,GEN,
3856,GEN,
3857,GEN,
3858,GEN,
3859,GEN,
3860,GEN,
3861,OBC-NCL,652
3862,GEN,
3863,OBC-NCL,653
3864,GEN,
3865,OBC-NCL,654
3866,GEN,
3867,GEN,
3868,GEN,
3869,GEN,
3870,GEN,
3871,GEN-EWS,363
3872,GEN,
3873,GEN,
3874,GEN,
3875,OBC-NCL,655
3876,OBC-NCL,656
3877,GEN,
3878,OBC-NCL,657
3879,OBC-NCL,658
3880,GEN-EWS,364
3881,GEN,
3882,GEN,
3883,GEN,
3884,GEN,
3885,OBC-NCL,659
3886,ST,16
3887,GEN,
3888,GEN-EWS,365
3889,GEN,
3890,GEN-EWS,366
3891,OBC-NCL,660
3892,OBC-NCL,661
3893,GEN,
3894,OBC-NCL,662
3895,GEN,
3896,GEN,
3897,GEN,
3898,GEN,
3899,GEN-EWS,367
3900,GEN,
3901,GEN,
3902,GEN,
3903,GEN,
3904,OBC-NCL,663
3905,GEN,
3906,GEN,
3907,OBC-NCL,664
3908,GEN,
3909,GEN,
3910,GEN,
3911,OBC-NCL,665
3912,GEN,
3913,GEN,
3914,GEN,
3915,OBC-NCL,666
3916,GEN,
3917,GEN,
3918,GEN,
3919,GEN-EWS,368
3920,OBC-NCL,667
3921,GEN-EWS,369
3922,GEN,
3923,GEN,
3924,OBC-NCL,668
3925,GEN,
3926,OBC-NCL,669
3927,OBC-NCL,670
3928,ST,17
3929,GEN-EWS,370
3930,GEN,
3931,GEN,
3932,GEN,
3933,OBC-NCL,671
3934,GEN,
3935,GEN,
3936,GEN,
3937,GEN-EWS,371
3938,GEN,
3939,OBC-NCL,672
3940,OBC-NCL,673
3941,GEN,
3942,GEN,
3943,GEN,
3944,GEN,
3945,GEN,
3946,GEN,
3947,GEN,
3948,GEN-EWS,372
3949,GEN,
3950,GEN,
3951,GEN-EWS,373
3952,OBC-NCL,674
3953,GEN,
3954,GEN,
3955,GEN,
3956,OBC-NCL,675
3957,GEN,
3957,GEN,
3959,GEN-EWS,374
3960,GEN,
3961,GEN,
3962,OBC-NCL,676
3963,GEN,
3964,GEN-EWS,375
3965,OBC-NCL,677
3966,GEN,
3967,GEN-EWS,376
3968,GEN,
3969,GEN,
3970,GEN,
3971,GEN-EWS,377
3972,GEN,
3973,GEN,
3974,GEN,
3975,GEN-EWS,378
3976,GEN,
3977,GEN,
3978,GEN,
3979,ST,18
3980,GEN,
3981,GEN-EWS,379
3982,GEN,
3983,GEN,
3984,GEN-EWS,380
3985,GEN,
3986,OBC-NCL,678
3987,OBC-NCL,679
3988,OBC-NCL,680
3989,GEN,
3990,GEN,
3991,GEN,
3992,GEN,
3993,GEN,
3994,OBC-NCL,681
3995,GEN-EWS,381
3996,GEN,
3997,GEN,
3998,GEN,
3999,GEN,
4000,GEN,
4001,OBC-NCL,682
4002,OBC-NCL,683
4003,GEN,
4004,GEN-EWS,382
4005,GEN,
4006,GEN-EWS,383
4007,GEN-EWS,384
4008,GEN-EWS,385
4009,GEN-EWS,386
4010,OBC-NCL,684
4011,GEN,
4012,GEN,
4013,GEN,
4014,GEN,
4015,GEN,
4016,GEN,
4017,OBC-NCL,685
4018,OBC-NCL,686
4019,GEN,
4020,GEN,
4021,GEN,
4022,SC,66
4023,GEN,
4024,GEN,
4025,GEN,
4026,GEN,
4027,GEN,
4028,GEN,
4029,GEN,
4030,GEN,
4031,GEN,
4032,GEN,
4033,OBC-NCL,687
4034,GEN,
4035,GEN,
4036,GEN,
4037,GEN,
4038,GEN-EWS,387
4039,OBC-NCL,688
4040,GEN,
4041,OBC-NCL,689
4042,OBC-NCL,690
4043,GEN,
4044,OBC-NCL,691
4045,GEN,
4046,OBC-NCL,692
4047,GEN,
4048,GEN,
4049,GEN-EWS,388
4050,GEN,
4051,GEN,
4052,GEN,
4053,GEN,
4054,GEN,
4055,GEN,
4056,GEN,
4057,ST,19
4058,OBC-NCL,693
4059,GEN-EWS,389
4060,GEN,
4061,GEN,
4062,GEN-EWS,390
4063,GEN,
4064,GEN,
4065,GEN-EWS,391
4066,GEN,
4067,OBC-NCL,694
4068,GEN-EWS,392
4069,GEN-EWS,393
4070,GEN-EWS,394
4071,GEN,
4072,GEN,
4073,GEN,
4074,OBC-NCL,695
4075,OBC-NCL,696
4076,GEN,
4077,OBC-NCL,697
4078,GEN,
4079,GEN,
4080,GEN-EWS,395
4081,GEN-EWS,396
4082,GEN,
4083,GEN,
4084,GEN,
4085,GEN,
4086,GEN,
4087,OBC-NCL,698
4088,GEN-EWS,397
4089,GEN-EWS,398
4090,GEN,
4091,OBC-NCL,699
4092,GEN,
4093,GEN,
4094,OBC-NCL,700
4095,SC,67
4096,GEN,
4097,GEN,
4098,GEN,
4099,GEN,
4100,GEN-EWS,399
4101,SC,68
4102,OBC-NCL,701
4103,GEN,
4104,GEN,
4105,GEN,
4106,GEN,
4107,GEN,
4108,GEN-EWS,400
4109,GEN-EWS,401
4110,GEN,
4111,GEN,
4112,GEN,
4113,GEN,
4114,SC,69
4115,GEN,
4116,GEN,
4117,GEN,
4118,GEN,
4119,GEN,
4120,OBC-NCL,702
4121,GEN,
4122,GEN,
4123,GEN,
4124,SC,70
4125,OBC-NCL,703
4126,GEN,
4127,GEN,
4128,GEN,
4129,GEN,
4130,GEN,
4131,GEN,
4132,GEN,
4133,GEN,
4134,GEN,
4135,GEN,
4136,GEN,
4137,GEN,
4138,OBC-NCL,704
4139,OBC-NCL,705
4140,GEN,
4141,GEN,
4142,GEN,
4143,GEN,
4144,GEN,
4145,GEN,
4146,GEN,
4147,GEN,
4148,GEN,
4149,GEN,
4150,GEN,
4151,OBC-NCL,706
4152,GEN,
4153,GEN,
4154,OBC-NCL,707
4155,OBC-NCL,708
4156,OBC-NCL,709
4157,GEN-EWS,402
4158,GEN,
4159,GEN,
4160,GEN,
4161,GEN,
4162,GEN,
4163,GEN,
4164,SC,71
4165,OBC-NCL,710
4166,GEN,
4167,GEN,
4168,GEN,
4169,GEN,
4170,OBC-NCL,711
4171,GEN,
4172,GEN-EWS,403
4173,GEN,
4174,GEN,
4175,GEN-EWS,404
4176,GEN,
4177,OBC-NCL,712
4178,GEN,
4179,GEN,
4180,GEN,
4181,GEN,
4182,GEN,
4183,OBC-NCL,713
4184,GEN,
4185,GEN-EWS,405
4186,GEN,
4187,GEN,
4188,GEN,
4189,SC,72
4190,OBC-NCL,714
4191,GEN,
4192,GEN,
4193,GEN,
4194,GEN,
4195,GEN,
4196,GEN,
4197,OBC-NCL,715
4198,GEN-EWS,406
4199,OBC-NCL,716
4200,GEN,
4201,OBC-NCL,717
4202,OBC-NCL,718
4203,GEN,
4204,GEN,
4205,OBC-NCL,719
4206,GEN,
4207,GEN,
4208,OBC-NCL,720
4209,OBC-NCL,721
4210,GEN,
4211,OBC-NCL,722
4212,GEN,
4213,GEN,
4214,GEN,
4215,GEN,
4216,OBC-NCL,723
4217,OBC-NCL,724
4218,GEN,
4219,GEN,
4220,GEN,
4221,GEN,
4222,GEN,
4223,GEN,
4224,GEN,
4225,OBC-NCL,725
4226,GEN,
4227,GEN,
4228,GEN-EWS,407
4229,GEN,
4230,GEN,
4231,GEN,
4232,GEN,
4233,GEN,
4234,GEN,
4235,GEN,
4236,SC,73
4237,GEN-EWS,408
4238,GEN,
4239,GEN,
4240,SC,74
4241,GEN,
4242,GEN,
4243,GEN,
4244,GEN,
4245,GEN,
4246,GEN-EWS,409
4247,OBC-NCL,726
4248,GEN,
4249,GEN-EWS,410
4250,GEN,
4251,GEN-EWS,411
4252,GEN,
4253,GEN-EWS,412
4254,GEN,
4255,GEN,
4256,GEN,
4257,GEN-EWS,413
4258,OBC-NCL,727
4259,GEN,
4260,OBC-NCL,728
4261,GEN,
4262,GEN,
4263,GEN,
4264,GEN,
4265,GEN,
4266,GEN,
4267,OBC-NCL,729
4268,GEN,
4269,GEN-EWS,414
4270,GEN,
4271,GEN,
4272,GEN,
4273,GEN,
4274,OBC-NCL,730
4275,OBC-NCL,731
4276,GEN,
4277,OBC-NCL,732
4278,OBC-NCL,733
4279,ST,20
4280,GEN-EWS,415
4281,OBC-NCL,734
4282,GEN,
4283,GEN,
4284,GEN,
4285,GEN,
4286,OBC-NCL,735
4287,GEN,
4288,GEN,
4289,GEN-EWS,416
4290,OBC-NCL,736
4291,OBC-NCL,737
4292,GEN,
4293,OBC-NCL,738
4294,OBC-NCL,739
4295,GEN,
4296,GEN,
4297,OBC-NCL,740
4298,GEN,
4299,OBC-NCL,741
4300,OBC-NCL,742
4301,GEN,
4302,GEN,
4303,GEN-EWS,417
4304,GEN,
4305,GEN,
4306,GEN,
4307,GEN-EWS,418
4308,OBC-NCL,743
4309,GEN,
4310,GEN,
4311,GEN,
4312,GEN,
4313,GEN,
4314,GEN,
4315,GEN,
4316,GEN,
4317,GEN,
4318,GEN,
4319,GEN,
4320,GEN,
4321,OBC-NCL,744
4322,OBC-NCL,745
4323,OBC-NCL,746
4324,GEN,
4325,GEN-EWS,419
4326,GEN-EWS,420
4327,GEN,
4328,GEN,
4329,GEN,
4330,GEN-EWS,421
4331,GEN,
4332,GEN,
4333,GEN,
4334,GEN,
4335,GEN,
4336,GEN,
4337,GEN,
4338,GEN,
4339,GEN-EWS,422
4340,GEN-EWS,423
4341,GEN,
4342,GEN,
4343,GEN,
4344,GEN,
4345,OBC-NCL,747
4346,OBC-NCL,748
4347,GEN-EWS,424
4348,GEN,
4349,OBC-NCL,749
4350,GEN,
4351,GEN,
4352,GEN,
4353,GEN,
4354,GEN,
4355,GEN-EWS,425
4356,OBC-NCL,750
4357,OBC-NCL,751
4358,GEN,
4359,OBC-NCL,752
4360,GEN,
4361,GEN,
4362,GEN,
4363,GEN,
4364,GEN-EWS,426
4365,SC,75
4366,OBC-NCL,753
4367,OBC-NCL,754
4368,GEN,
4369,GEN,
4370,GEN,
4371,GEN,
4372,GEN-EWS,427
4373,GEN-EWS,428
4374,GEN-EWS,429
4375,GEN,
4376,GEN,
4377,GEN,
4378,GEN,
4379,GEN,
4380,OBC-NCL,755
4381,GEN,
4382,OBC-NCL,756
4383,OBC-NCL,757
4384,OBC-NCL,758
4385,GEN,
4386,GEN,
4387,GEN-EWS,430
4388,GEN-EWS,431
4389,GEN-EWS,432
4390,GEN,
4391,OBC-NCL,759
4392,GEN,
4393,OBC-NCL,760
4394,GEN,
4395,GEN,
4396,GEN,
4397,OBC-NCL,761
4398,GEN,
4399,GEN,
4400,GEN-EWS,433
4401,GEN,
4402,GEN,
4403,GEN,
4404,GEN-EWS,434
4405,OBC-NCL,762
4406,GEN,
4407,GEN,
4408,GEN,
4409,GEN,
4410,GEN,
4411,GEN,
4412,OBC-NCL,763
4413,GEN,
4414,GEN-EWS,435
4415,GEN,
4416,GEN,
4417,OBC-NCL,764
4418,GEN-EWS,436
4419,GEN,
4420,GEN,
4421,GEN,
4422,GEN,
4423,OBC-NCL,765
4424,OBC-NCL,766
4425,GEN,
4426,GEN,
4427,GEN,
4428,GEN,
4429,OBC-NCL,767
4430,GEN,
4431,GEN,
4432,GEN,
4433,OBC-NCL,768
4434,SC,76
4435,OBC-NCL,769
4436,GEN,
4437,OBC-NCL,770
4438,GEN,
4439,GEN-EWS,437
4440,OBC-NCL,771
4441,GEN,
4442,GEN,
4443,GEN,
4444,GEN,
4445,GEN-EWS,438
4446,GEN,
4447,GEN,
4448,GEN,
4449,OBC-NCL,772
4450,GEN,
4451,GEN,
4452,GEN,
4453,GEN,
4454,OBC-NCL,773
4455,GEN,
4456,GEN-EWS,439
4457,GEN-EWS,440
4458,GEN,
4459,GEN,
4460,GEN,
4461,GEN,
4462,GEN,
4463,GEN-EWS,441
4464,GEN,
4465,OBC-NCL,774
4466,GEN,
4467,GEN-EWS,442
4468,GEN,
4469,GEN,
4470,OBC-NCL,775
4471,GEN,
4472,GEN,
4473,OBC-NCL,776
4474,GEN,
4475,SC,77
4476,GEN,
4477,GEN-EWS,443
4478,GEN,
4479,GEN-EWS,444
4480,GEN,
4481,GEN,
4482,OBC-NCL,777
4483,GEN,
4484,SC,78
4485,GEN,
4486,GEN-EWS,445
4487,GEN,
4488,OBC-NCL,778
4489,GEN-EWS,446
4490,SC,79
4491,GEN,
4492,GEN,
4493,GEN,
4494,GEN,
4495,GEN,
4496,GEN,
4497,GEN,
4498,GEN,
4499,GEN,
4500,GEN,
4501,GEN,
4502,GEN,
4503,OBC-NCL,779
4504,GEN,
4505,GEN,
4506,GEN,
4507,SC,80
4508,GEN,
4509,GEN-EWS,447
4510,OBC-NCL,780
4511,GEN,
4512,OBC-NCL,781
4513,OBC-NCL,782
4514,GEN,
4515,GEN,
4516,GEN,
4517,GEN,
4518,GEN,
4519,GEN,
4520,GEN,
4521,GEN,
4522,GEN,
4523,GEN,
4524,ST,21
4525,GEN-EWS,448
4526,GEN,
4527,OBC-NCL,783
4528,GEN,
4529,GEN,
4530,GEN,
4531,GEN-EWS,449
4532,GEN-EWS,450
4533,OBC-NCL,784
4534,GEN,
4535,GEN,
4536,GEN-EWS,451
4537,OBC-NCL,785
4538,GEN,
4539,OBC-NCL,786
4540,GEN,
4541,GEN,
4542,GEN,
4543,GEN,
4544,GEN,
4545,GEN,
4546,GEN-EWS,452
4547,GEN-EWS,453
4548,GEN,
4549,GEN,
4550,GEN,
4551,GEN,
4552,GEN,
4553,GEN-EWS,454
4554,OBC-NCL,787
4555,GEN,
4556,GEN,
4557,OBC-NCL,788
4558,GEN,
4559,GEN,
4560,OBC-NCL,789
4561,SC,81
4562,OBC-NCL,790
4563,OBC-NCL,791
4564,GEN-EWS,455
4565,GEN,
4566,GEN-EWS,456
4567,GEN,
4568,GEN-EWS,457
4569,GEN,
4570,GEN,
4571,GEN,
4572,OBC-NCL,792
4573,GEN-EWS,458
4574,OBC-NCL,793
4575,GEN,
4576,GEN,
4577,GEN,
4578,GEN,
4579,GEN,
4580,GEN-EWS,459
4581,GEN,
4582,SC,82
4583,GEN,
4584,GEN,
4585,GEN-EWS,460
4586,GEN,
4587,GEN-EWS,461
4588,GEN,
4589,GEN,
4590,GEN,
4591,GEN,
4592,OBC-NCL,794
4593,GEN,
4594,OBC-NCL,795
4595,OBC-NCL,796
4596,GEN,
4597,GEN,
4598,OBC-NCL,797
4599,GEN,
4600,GEN,
4601,GEN,
4602,GEN,
4603,GEN,
4604,GEN,
4605,GEN-EWS,462
4606,GEN,
4607,GEN,
4608,GEN,
4609,GEN-EWS,463
4610,GEN,
4611,GEN,
4612,GEN-EWS,464
4613,OBC-NCL,798
4614,GEN-EWS,465
4615,GEN,
4616,GEN,
4617,GEN,
4618,GEN,
4619,GEN,
4620,GEN,
4621,GEN,
4622,GEN,
4623,GEN,
4624,GEN,
4625,GEN,
4626,GEN,
4627,GEN,
4628,GEN-EWS,466
4629,SC,83
4630,GEN,
4631,GEN,
4632,GEN,
4633,GEN,
4634,GEN,
4635,OBC-NCL,799
4636,OBC-NCL,800
4637,GEN,
4638,GEN,
4639,GEN,
4640,GEN-EWS,467
4641,GEN,
4642,OBC-NCL,801
4643,GEN,
4644,GEN,
4645,GEN,
4646,GEN-EWS,468
4647,GEN,
4648,GEN,
4649,OBC-NCL,802
4650,GEN-EWS,469
4651,GEN,
4652,GEN,
4653,OBC-NCL,803
4654,GEN,
4655,OBC-NCL,804
4656,GEN-EWS,470
4657,GEN,
4658,GEN,
4659,GEN,
4660,GEN,
4661,OBC-NCL,805
4662,GEN,
4663,GEN-EWS,471
4664,GEN,
4665,GEN,
4666,GEN,
4667,SC,84
4668,GEN,
4669,OBC-NCL,806
4670,OBC-NCL,807
4671,GEN,
4672,GEN,
4673,GEN,
4674,GEN,
4675,GEN,
4676,GEN,
4677,GEN-EWS,472
4678,GEN,
4679,GEN,
4680,GEN,
4681,GEN,
4682,OBC-NCL,808
4683,GEN,
4684,GEN,
4685,GEN,
4686,GEN,
4687,GEN-EWS,473
4688,GEN,
4689,GEN,
4690,GEN,
4691,GEN-EWS,474
4692,GEN,
4693,GEN,
4694,GEN,
4695,GEN,
4696,GEN,
4697,GEN,
4698,GEN,
4699,GEN,
4700,OBC-NCL,809
4701,GEN,
4702,GEN,
4703,GEN,
4704,GEN,
4705,GEN-EWS,475
4706,GEN-EWS,476
4707,SC,85
4708,OBC-NCL,810
4709,GEN,
4710,OBC-NCL,811
4711,OBC-NCL,812
4712,OBC-NCL,813
4713,GEN,
4714,GEN,
4715,GEN,
4716,OBC-NCL,814
4717,GEN,
4718,GEN,
4719,GEN,
4720,SC,86
4721,GEN,
4722,GEN,
4723,GEN,
4724,GEN,
4725,OBC-NCL,815
4726,GEN,
4727,GEN-EWS,477
4728,GEN,
4729,GEN,
4730,GEN,
4731,GEN,
4732,GEN-EWS,478
4733,GEN-EWS,479
4734,GEN,
4735,OBC-NCL,816
4736,GEN,
4737,GEN,
4738,GEN,
4739,OBC-NCL,817
4740,GEN,
4741,GEN,
4742,GEN,
4743,GEN,
4744,GEN,
4745,GEN-EWS,480
4746,GEN,
4747,GEN,
4748,GEN-EWS,481
4749,GEN,
4750,GEN,
4751,GEN,
4752,GEN,
4753,GEN-EWS,482
4754,GEN,
4755,GEN,
4756,OBC-NCL,818
4757,GEN,
4758,GEN,
4759,GEN,
4760,GEN,
4761,GEN,
4762,GEN,
4763,GEN,
4764,OBC-NCL,819
4765,GEN-EWS,483
4766,OBC-NCL,820
4767,GEN,
4768,OBC-NCL,821
4769,GEN,
4770,GEN,
4771,GEN,
4772,GEN-EWS,484
4773,GEN,
4774,GEN,
4775,GEN,
4776,GEN,
4777,OBC-NCL,822
4778,GEN,
4779,GEN,
4780,OBC-NCL,823
4781,OBC-NCL,824
4782,OBC-NCL,825
4783,GEN,
4784,GEN,
4785,GEN,
4786,GEN,
4787,GEN,
4788,OBC-NCL,826
4789,GEN,
4790,GEN,
4791,GEN,
4792,OBC-NCL,827
4793,GEN,
4794,GEN,
4795,GEN,
4796,GEN,
4797,GEN,
4798,GEN-EWS,485
4799,GEN,
4800,GEN,
4801,GEN,
4802,GEN,
4803,GEN,
4804,OBC-NCL,828
4805,GEN,
4806,GEN,
4807,GEN,
4808,GEN,
4809,OBC-NCL,829
4810,GEN,
4811,GEN,
4812,GEN,
4813,GEN,
4814,OBC-NCL,830
4815,GEN-EWS,486
4816,GEN,
4817,GEN,
4818,OBC-NCL,831
4819,GEN,
4820,GEN-EWS,487
4821,GEN,
4822,OBC-NCL,832
4823,GEN,
4824,GEN,
4825,GEN-EWS,488
4826,GEN,
4827,GEN,
4828,GEN,
4829,GEN,
4830,GEN,
4831,GEN,
4832,GEN-EWS,489
4833,GEN,
4834,GEN,
4835,GEN,
4836,GEN,
4837,OBC-NCL,833
4838,GEN,
4839,GEN,
4840,GEN,
4841,GEN,
4842,GEN,
4843,GEN,
4844,GEN,
4845,OBC-NCL,834
4846,GEN,
4847,GEN,
4848,GEN,
4849,GEN,
4850,OBC-NCL,835
4851,GEN,
4852,GEN,
4853,OBC-NCL,836
4854,GEN,
4855,OBC-NCL,837
4856,GEN,
4857,GEN,
4858,GEN,
4859,GEN,
4860,OBC-NCL,838
4861,GEN-EWS,490
4862,GEN,
4863,GEN,
4864,GEN,
4865,GEN,
4866,GEN,
4867,GEN,
4868,GEN,
4869,GEN,
4870,GEN,
4871,GEN-EWS,491
4872,SC,87
4873,OBC-NCL,839
4874,GEN,
4875,GEN,
4876,GEN,
4877,GEN,
4878,GEN,
4879,OBC-NCL,840
4880,SC,88
4881,GEN,
4882,GEN,
4883,OBC-NCL,841
4884,GEN,
4885,GEN,
4886,GEN,
4887,GEN,
4888,OBC-NCL,842
4889,OBC-NCL,843
4890,GEN-EWS,492
4891,GEN,
4892,OBC-NCL,844
4893,GEN,
4894,GEN,
4895,GEN-EWS,493
4896,GEN,
4897,GEN,
4898,GEN,
4898,GEN,
4900,GEN,
4901,GEN-EWS,494
4902,GEN-EWS,495
4903,GEN,
4904,GEN-EWS,496
4905,GEN-EWS,497
4906,GEN,
4907,OBC-NCL,845
4908,GEN,
4909,GEN-EWS,498
4910,GEN,
4911,GEN-EWS,499
4912,GEN,
4913,GEN,
4914,GEN,
4915,OBC-NCL,846
4916,GEN,
4917,GEN,
4918,GEN,
4919,GEN,
4920,GEN-EWS,500
4921,GEN-EWS,501
4922,ST,22
4923,GEN,
4924,OBC-NCL,847
4925,GEN-EWS,502
4926,OBC-NCL,848
4927,GEN,
4928,GEN,
4929,GEN,
4930,GEN,
4931,GEN,
4932,GEN,
4933,GEN,
4934,GEN,
4935,GEN,
4936,GEN,
4937,GEN-EWS,503
4938,GEN,
4939,GEN,
4940,GEN,
4941,GEN,
4942,GEN,
4943,GEN-EWS,504
4944,GEN,
4945,OBC-NCL,849
4946,OBC-NCL,850
4947,OBC-NCL,851
4948,OBC-NCL,852
4949,SC,89
4950,OBC-NCL,853
4951,GEN-EWS,505
4952,GEN,
4953,GEN,
4954,OBC-NCL,854
4955,GEN,
4956,GEN,
4957,GEN,
4958,GEN,
4959,GEN,
4960,GEN,
4961,GEN,
4962,GEN,
4963,GEN,
4964,GEN,
4965,GEN,
4966,GEN,
4967,GEN,
4968,OBC-NCL,855
4969,GEN,
4970,GEN,
4971,OBC-NCL,856
4972,GEN,
4973,GEN,
4974,GEN,
4975,GEN,
4976,OBC-NCL,857
4977,GEN,
4978,GEN,
4979,GEN-EWS,506
4980,GEN,
4981,GEN,
4982,GEN,
4983,GEN,
4984,OBC-NCL,858
4985,OBC-NCL,859
4986,OBC-NCL,860
4987,OBC-NCL,861
4988,GEN,
4989,GEN-EWS,507
4990,SC,90
4991,GEN,
4992,GEN,
4993,GEN,
4994,GEN,
4995,GEN,
4996,GEN,
4997,GEN,
4998,GEN,
4999,GEN,
5000,GEN,
5001,OBC-NCL,862
5002,GEN,
5003,OBC-NCL,863
5004,OBC-NCL,864
5005,GEN,
5006,GEN,
5007,GEN,
5008,GEN,
5009,GEN,
5010,GEN,
5011,GEN,
5012,GEN,
5013,GEN,
5014,SC,91
5015,GEN,
5016,GEN,
5017,OBC-NCL,865
5018,GEN-EWS,508
5019,GEN,
5020,OBC-NCL,866
5021,OBC-NCL,867
5022,OBC-NCL,868
5023,GEN,
5024,OBC-NCL,869
5025,GEN,
5026,GEN,
5027,OBC-NCL,870
5028,GEN,
5029,OBC-NCL,871
5030,GEN,
5031,SC,92
5032,SC,93
5033,GEN,
5034,GEN,
5035,OBC-NCL,872
5036,GEN,
5037,GEN,
5038,GEN-EWS,509
5039,GEN,
5040,GEN,
5041,GEN,
5042,OBC-NCL,873
5043,GEN,
5044,OBC-NCL,874
5045,GEN,
5046,GEN-EWS,510
5047,GEN,
5048,OBC-NCL,875
5049,GEN,
5050,OBC-NCL,876
5051,GEN,
5052,OBC-NCL,877
5053,GEN,
5054,GEN,
5055,GEN,
5056,GEN,
5057,GEN-EWS,511
5058,GEN,
5059,OBC-NCL,878
5060,GEN,
5061,GEN,
5062,GEN,
5063,GEN,
5064,GEN,
5065,GEN,
5066,GEN,
5067,OBC-NCL,879
5068,OBC-NCL,880
5069,GEN-EWS,512
5070,GEN,
5071,GEN,
5072,GEN-EWS,513
5073,GEN-EWS,514
5074,GEN,
5075,GEN,
5076,GEN-EWS,515
5077,GEN,
5078,GEN,
5079,OBC-NCL,881
5080,GEN,
5081,OBC-NCL,882
5082,GEN,
5083,GEN-EWS,516
5084,GEN,
5085,GEN,
5086,GEN,
5087,GEN,
5088,OBC-NCL,883
5089,OBC-NCL,884
5090,GEN,
5091,OBC-NCL,885
5092,OBC-NCL,886
5093,GEN,
5094,GEN-EWS,517
5095,GEN,
5096,OBC-NCL,887
5097,GEN,
5098,GEN,
5099,OBC-NCL,888
5100,GEN,
5101,GEN-EWS,518
5102,GEN,
5103,GEN,
5104,GEN,
5105,OBC-NCL,889
5106,GEN,
5107,GEN,
5108,GEN-EWS,519
5109,GEN,
5109,GEN-EWS,520
5111,GEN-EWS,521
5112,OBC-NCL,890
5113,GEN,
5114,GEN-EWS,522
5115,GEN,
5116,OBC-NCL,891
5117,OBC-NCL,892
5118,OBC-NCL,893
5119,GEN,
5120,GEN,
5121,GEN,
5122,GEN,
5123,GEN,
5124,GEN,
5125,OBC-NCL,894
5126,GEN,
5127,OBC-NCL,895
5128,GEN,
5129,GEN,
5130,OBC-NCL,896
5131,SC,94
5132,GEN,
5133,OBC-NCL,897
5134,GEN,
5135,GEN-EWS,523
5136,GEN,
5137,GEN-EWS,524
5138,GEN,
5139,GEN,
5140,GEN,
5141,OBC-NCL,898
5142,GEN,
5143,OBC-NCL,899
5144,GEN,
5145,GEN,
5146,OBC-NCL,900
5147,SC,95
5148,GEN-EWS,525
5149,GEN,
5150,GEN,
5151,OBC-NCL,901
5152,GEN,
5153,OBC-NCL,902
5154,GEN,
5155,OBC-NCL,903
5156,OBC-NCL,904
5157,GEN,
5158,GEN,
5159,GEN,
5160,GEN,
5161,GEN,
5162,OBC-NCL,905
5163,GEN,
5164,OBC-NCL,906
5165,OBC-NCL,907
5166,GEN,
5167,GEN-EWS,526
5168,GEN,
5169,GEN-EWS,527
5169,GEN-EWS,527
5171,OBC-NCL,908
5172,GEN-EWS,529
5173,GEN,
5174,GEN,
5175,GEN,
5176,GEN,
5177,GEN-EWS,530
5178,OBC-NCL,909
5179,GEN,
5180,GEN-EWS,531
5181,GEN,
5182,GEN,
5183,GEN,
5184,GEN,
5185,GEN,
5186,OBC-NCL,910
5187,OBC-NCL,911
5188,GEN,
5189,GEN,
5190,GEN,
5191,GEN,
5192,GEN-EWS,532
5193,OBC-NCL,912
5194,GEN,
5195,GEN-EWS,533
5196,GEN-EWS,534
5197,GEN,
5198,GEN-EWS,535
5199,OBC-NCL,913
5200,GEN,
5201,OBC-NCL,914
5202,GEN,
5203,OBC-NCL,915
5204,GEN-EWS,536
5205,GEN,
5206,GEN,
5207,GEN,
5208,GEN,
5209,GEN-EWS,537
5210,GEN,
5211,OBC-NCL,916
5212,GEN,
5213,GEN,
5214,GEN,
5215,OBC-NCL,917
5216,GEN-EWS,538
5217,OBC-NCL,918
5218,GEN,
5219,GEN,
5220,GEN-EWS,539
5221,GEN,
5222,GEN,
5223,GEN-EWS,540
5224,GEN,
5225,GEN,
5226,GEN,
5227,GEN,
5227,GEN,
5229,GEN,
5230,GEN,
5231,GEN,
5232,GEN,
5233,GEN-EWS,541
5234,SC,96
5235,GEN,
5236,GEN,
5237,GEN,
5238,GEN,
5239,GEN,
5240,GEN,
5241,GEN,
5242,GEN,
5243,GEN-EWS,542
5244,OBC-NCL,919
5245,OBC-NCL,920
5246,GEN,
5247,GEN,
5248,GEN,
5249,GEN,
5250,GEN,
5251,ST,23
5252,GEN,
5253,GEN,
5254,GEN,
5255,GEN,
5256,GEN,
5257,GEN,
5258,GEN,
5259,OBC-NCL,921
5260,GEN,
5261,GEN,
5262,OBC-NCL,922
5263,GEN,
5264,GEN,
5265,GEN,
5266,GEN,
5267,GEN,
5268,GEN,
5269,GEN,
5270,GEN,
5271,GEN,
5272,GEN,
5273,GEN,
5274,OBC-NCL,923
5275,OBC-NCL,924
5276,GEN,
5277,OBC-NCL,925
5278,OBC-NCL,926
5279,OBC-NCL,927
5280,GEN,
5281,GEN,
5282,GEN-EWS,543
5283,GEN,
5284,GEN,
5285,SC,97
5286,GEN,
5287,GEN,
5288,GEN,
5289,OBC-NCL,928
5290,GEN,
5291,OBC-NCL,929
5292,GEN,
5293,GEN,
5294,GEN,
5295,GEN,
5296,GEN,
5297,GEN-EWS,544
5298,GEN,
5299,OBC-NCL,930
5300,GEN,
5301,GEN,
5302,GEN,
5303,GEN,
5304,GEN,
5305,OBC-NCL,931
5306,GEN,
5307,OBC-NCL,932
5308,GEN-EWS,545
5309,GEN-EWS,546
5310,GEN,
5311,GEN,
5312,OBC-NCL,933
5313,GEN,
5314,GEN,
5315,GEN,
5316,GEN,
5317,GEN,
5318,GEN,
5319,GEN,
5320,GEN-EWS,547
5321,OBC-NCL,934
5322,GEN,
5323,OBC-NCL,935
5324,GEN-EWS,548
5325,GEN,
5326,GEN,
5327,GEN,
5328,OBC-NCL,936
5329,GEN,
5330,OBC-NCL,937
5331,GEN-EWS,549
5332,GEN,
5333,OBC-NCL,938
5334,GEN,
5335,GEN,
5336,OBC-NCL,939
5337,OBC-NCL,940
5338,GEN,
5339,GEN,
5340,OBC-NCL,941
5341,GEN,
5342,OBC-NCL,942
5343,OBC-NCL,943
5344,OBC-NCL,944
5345,GEN-EWS,550
5346,OBC-NCL,945
5347,GEN,
5348,GEN,
5349,GEN,
5350,GEN,
5351,GEN,
5352,OBC-NCL,946
5353,GEN,
5354,GEN-EWS,551
5355,GEN,
5356,GEN,
5357,GEN,
5358,GEN,
5359,GEN,
5360,GEN,
5361,GEN,
5362,GEN,
5363,GEN,
5364,OBC-NCL,947
5365,GEN,
5366,OBC-NCL,948
5367,GEN,
5368,GEN,
5369,GEN,
5370,GEN,
5371,GEN,
5372,GEN,
5373,GEN,
5374,GEN,
5375,OBC-NCL,949
5376,GEN-EWS,552
5377,OBC-NCL,950
5378,OBC-NCL,951
5379,GEN,
5380,GEN,
5381,GEN-EWS,553
5382,GEN,
5383,SC,98
5384,GEN,
5385,GEN,
5386,GEN,
5387,GEN-EWS,554
5388,OBC-NCL,952
5389,OBC-NCL,953
5390,GEN,
5391,GEN,
5392,OBC-NCL,954
5393,SC,99
5394,GEN-EWS,555
5395,GEN,
5396,GEN,
5397,GEN,
5398,GEN-EWS,556
5399,OBC-NCL,955
5400,OBC-NCL,956
5401,GEN,
5402,GEN,
5403,GEN,
5404,OBC-NCL,957
5405,GEN-EWS,557
5406,GEN,
5407,GEN,
5408,GEN,
5409,GEN,
5410,GEN,
5411,GEN,
5412,GEN-EWS,558
5413,GEN-EWS,559
5414,OBC-NCL,958
5415,GEN,
5416,GEN,
5417,GEN,
5418,GEN,
5419,GEN,
5420,GEN,
5421,GEN,
5422,GEN-EWS,560
5423,GEN,
5424,GEN-EWS,561
5425,GEN,
5426,OBC-NCL,959
5427,GEN,
5428,OBC-NCL,960
5429,GEN,
5430,GEN,
5431,OBC-NCL,961
5432,GEN-EWS,562
5433,OBC-NCL,962
5434,GEN,
5435,GEN,
5436,OBC-NCL,963
5437,GEN-EWS,563
5438,GEN-EWS,564
5439,GEN,
5440,GEN,
5441,OBC-NCL,964
5442,OBC-NCL,965
5443,OBC-NCL,966
5444,OBC-NCL,967
5445,GEN,
5446,GEN,
5447,GEN-EWS,565
5448,GEN,
5449,GEN,
5450,GEN,
5451,GEN,
5452,GEN,
5453,OBC-NCL,968
5454,GEN,
5455,GEN,
5456,OBC-NCL,969
5457,OBC-NCL,970
5458,GEN,
5459,GEN,
5460,GEN,
5461,GEN,
5462,OBC-NCL,971
5463,GEN,
5464,GEN,
5465,GEN,
5466,OBC-NCL,972
5467,SC,100
5468,GEN,
5469,GEN,
5470,GEN,
5471,GEN,
5472,OBC-NCL,973
5473,OBC-NCL,974
5474,GEN,
5475,GEN-EWS,566
5476,OBC-NCL,975
5477,GEN-EWS,567
5478,OBC-NCL,976
5479,GEN,
5480,GEN,
5481,GEN,
5482,GEN,
5483,OBC-NCL,977
5484,GEN,
5485,GEN,
5486,GEN,
5487,GEN,
5488,OBC-NCL,978
5489,GEN,
5490,GEN,
5491,GEN-EWS,568
5492,GEN,
5493,OBC-NCL,979
5494,GEN,
5495,GEN,
5496,OBC-NCL,980
5496,OBC-NCL,980
5498,OBC-NCL,982
5499,OBC-NCL,983
5500,GEN,
5501,GEN-EWS,569
5502,OBC-NCL,984
5503,GEN,
5504,GEN,
5505,GEN,
5506,GEN-EWS,570
5507,GEN,
5508,GEN-EWS,571
5509,GEN,
5510,GEN,
5511,GEN,
5512,GEN,
5513,GEN,
5514,GEN,
5515,GEN,
5516,GEN,
5517,GEN,
5518,OBC-NCL,985
5519,GEN,
5520,GEN,
5521,OBC-NCL,986
5522,GEN,
5523,OBC-NCL,987
5524,GEN,
5525,GEN,
5526,GEN,
5527,OBC-NCL,988
5528,GEN,
5529,GEN,
5530,GEN,
5531,GEN,
5532,GEN-EWS,572
5533,GEN,
5534,OBC-NCL,989
5535,GEN-EWS,573
5536,GEN,
5537,GEN,
5538,GEN-EWS,574
5539,OBC-NCL,990
5540,GEN-EWS,575
5541,GEN,
5542,GEN,
5543,GEN,
5544,GEN-EWS,576
5545,GEN,
5546,OBC-NCL,991
5547,GEN,
5548,GEN,
5549,OBC-NCL,992
5550,GEN,
5551,GEN-EWS,577
5552,GEN,
5553,GEN-EWS,578
5554,GEN-EWS,579
5555,OBC-NCL,993
5556,GEN,
5557,GEN,
5558,GEN,
5559,GEN,
5560,GEN,
5561,GEN,
5562,OBC-NCL,994
5563,GEN,
5564,GEN,
5565,OBC-NCL,995
5566,GEN,
5567,OBC-NCL,996
5568,GEN,
5569,GEN-EWS,580
5570,GEN,
5571,OBC-NCL,997
5572,GEN,
5573,OBC-NCL,998
5574,GEN,
5575,GEN,
5576,GEN-EWS,581
5577,OBC-NCL,999
5578,OBC-NCL,1000
5579,GEN,
5580,GEN,
5581,OBC-NCL,1001
5582,GEN,
5583,GEN,
5584,GEN-EWS,582
5585,GEN,
5586,GEN,
5587,OBC-NCL,1002
5588,OBC-NCL,1003
5589,OBC-NCL,1004
5590,GEN,
5591,GEN-EWS,583
5592,GEN,
5593,GEN-EWS,584
5594,GEN,
5595,GEN,
5596,GEN,
5597,GEN,
5598,GEN,
5599,GEN,
5600,OBC-NCL,1005
5601,GEN,
5602,GEN,
5603,GEN,
5604,GEN,
5605,GEN,
5606,GEN,
5607,GEN,
5608,GEN,
5609,GEN,
5610,GEN,
5611,GEN,
5612,GEN-EWS,585
5613,GEN,
5614,GEN,
5615,OBC-NCL,1006
5616,OBC-NCL,1007
5617,GEN,
5618,GEN,
5619,GEN-EWS,586
5620,GEN,
5621,GEN,
5622,OBC-NCL,1008
5623,GEN-EWS,587
5624,GEN,
5625,GEN,
5626,GEN,
5627,OBC-NCL,1009
5628,GEN,
5629,SC,101
5630,GEN,
5631,GEN,
5632,GEN,
5633,OBC-NCL,1010
5634,GEN,
5635,GEN,
5636,GEN,
5637,GEN,
5638,OBC-NCL,1011
5639,GEN,
5640,GEN,
5641,OBC-NCL,1012
5642,GEN,
5643,OBC-NCL,1013
5644,GEN,
5645,OBC-NCL,1014
5646,OBC-NCL,1015
5647,GEN,
5648,GEN,
5649,GEN-EWS,588
5650,OBC-NCL,1016
5651,GEN,
5652,GEN,
5653,OBC-NCL,1017
5654,GEN,
5655,GEN,
5656,GEN,
5657,OBC-NCL,1018
5658,GEN,
5659,GEN,
5660,GEN,
5661,GEN,
5662,SC,102
5663,GEN,
5664,GEN,
5665,GEN,
5666,GEN-EWS,589
5667,GEN,
5668,GEN,
5669,GEN,
5670,OBC-NCL,1019
5671,OBC-NCL,1020
5672,OBC-NCL,1021
5673,GEN,
5674,GEN,
5675,SC,103
5676,GEN,
5677,OBC-NCL,1022
5678,GEN,
5679,OBC-NCL,1023
5680,GEN,
5681,GEN,
5682,SC,104
5683,GEN,
5684,GEN,
5685,GEN,
5686,GEN,
5687,OBC-NCL,1024
5688,OBC-NCL,1025
5689,GEN-EWS,590
5690,GEN,
5691,OBC-NCL,1026
5692,GEN,
5693,GEN,
5694,GEN,
5695,GEN,
5696,GEN-EWS,591
5697,GEN-EWS,592
5698,GEN,
5699,GEN-EWS,593
5700,GEN,
5701,OBC-NCL,1027
5702,GEN,
5703,OBC-NCL,1028
5704,GEN,
5705,GEN,
5706,GEN,
5707,OBC-NCL,1029
5708,GEN-EWS,594
5709,GEN-EWS,595
5710,OBC-NCL,1030
5711,GEN-EWS,596
5712,OBC-NCL,1031
5713,GEN-EWS,597
5714,OBC-NCL,1032
5715,OBC-NCL,1033
5716,OBC-NCL,1034
5717,GEN,
5718,GEN,
5719,GEN,
5720,OBC-NCL,1035
5721,GEN,
5722,OBC-NCL,1036
5723,OBC-NCL,1037
5724,GEN,
5725,GEN,
5726,OBC-NCL,1038
5727,OBC-NCL,1039
5728,OBC-NCL,1040
5729,GEN,
5730,GEN,
5731,GEN,
5732,GEN-EWS,598
5733,OBC-NCL,1041
5734,GEN,
5735,GEN,
5736,GEN-EWS,599
5737,GEN,
5738,GEN,
5739,OBC-NCL,1042
5740,GEN,
5741,GEN,
5742,GEN,
5743,OBC-NCL,1043
5744,OBC-NCL,1044
5745,GEN,
5746,GEN,
5747,GEN,
5748,OBC-NCL,1045
5749,GEN,
5750,GEN-EWS,600
5751,GEN,
5752,GEN-EWS,601
5753,OBC-NCL,1046
5754,GEN,
5755,GEN-EWS,602
5756,GEN,
5757,GEN,
5758,OBC-NCL,1047
5759,GEN,
5760,OBC-NCL,1048
5761,GEN,
5762,OBC-NCL,1049
5763,GEN-EWS,603
5764,GEN,
5765,OBC-NCL,1050
5766,OBC-NCL,1051
5767,GEN,
5768,GEN,
5769,GEN,
5770,OBC-NCL,1052
5771,OBC-NCL,1053
5772,GEN,
5773,OBC-NCL,1054
5774,GEN,
5775,GEN-EWS,604
5776,GEN,
5777,GEN,
5778,OBC-NCL,1055
5779,OBC-NCL,1056
5780,SC,105
5781,GEN-EWS,605
5782,OBC-NCL,1057
5783,OBC-NCL,1058
5784,OBC-NCL,1059
5785,OBC-NCL,1060
5786,OBC-NCL,1061
5787,OBC-NCL,1062
5788,GEN,
5789,OBC-NCL,1063
5790,OBC-NCL,1064
5791,GEN,
5792,GEN,
5793,OBC-NCL,1065
5794,GEN,
5795,GEN,
5796,GEN-EWS,606
5797,GEN,
5798,GEN,
5799,OBC-NCL,1066
5800,GEN,
5801,GEN,
5802,ST,24
5803,GEN,
5804,GEN,
5805,GEN,
5806,GEN,
5807,GEN,
5808,GEN-EWS,607
5809,GEN,
5810,OBC-NCL,1067
5811,GEN,
5812,GEN-EWS,608
5813,GEN,
5814,OBC-NCL,1068
5815,GEN,
5816,GEN,
5817,OBC-NCL,1069
5818,GEN,
5819,OBC-NCL,1070
5820,GEN-EWS,609
5821,GEN-EWS,610
5822,GEN,
5823,GEN,
5824,GEN,
5825,GEN,
5826,GEN,
5827,GEN,
5828,GEN,
5829,GEN,
5830,GEN,
5831,GEN-EWS,611
5832,GEN-EWS,612
5833,OBC-NCL,1071
5834,GEN,
5835,GEN,
5836,GEN,
5837,GEN,
5838,GEN,
5839,GEN,
5840,GEN,
5841,OBC-NCL,1072
5842,GEN,
5843,OBC-NCL,1073
5844,GEN,
5845,GEN,
5846,GEN,
5847,OBC-NCL,1074
5848,OBC-NCL,1075
5849,GEN,
5850,GEN,
5851,GEN,
5852,GEN,
5853,GEN,
5854,GEN,
5855,GEN,
5856,GEN,
5857,GEN,
5858,OBC-NCL,1076
5859,GEN,
5860,GEN,
5861,GEN-EWS,613
5862,GEN-EWS,614
5863,GEN-EWS,615
5864,GEN,
5865,GEN,
5866,GEN-EWS,616
5867,GEN,
5868,GEN,
5869,GEN,
5870,OBC-NCL,1077
5871,GEN,
5872,GEN,
5873,GEN,
5874,GEN,
5875,SC,106
5876,GEN,
5877,GEN,
5878,GEN,
5879,SC,107
5880,GEN,
5881,GEN,
5882,GEN,
5883,GEN,
5884,GEN,
5885,GEN,
5886,GEN-EWS,617
5887,GEN,
5888,GEN-EWS,618
5889,OBC-NCL,1078
5890,GEN,
5891,OBC-NCL,1079
5892,GEN,
5893,GEN,
5894,GEN,
5895,GEN,
5896,GEN-EWS,619
5897,GEN,
5898,OBC-NCL,1080
5899,GEN-EWS,620
5900,OBC-NCL,1081
5901,GEN,
5902,GEN,
5903,GEN-EWS,621
5904,GEN,
5905,GEN-EWS,622
5906,GEN,
5907,GEN,
5908,GEN,
5909,GEN,
5910,OBC-NCL,1082
5911,OBC-NCL,1083
5912,GEN,
5913,OBC-NCL,1084
5914,GEN,
5915,GEN,
5916,GEN,
5917,OBC-NCL,1085
5918,GEN,
5919,OBC-NCL,1086
5920,GEN,
5921,GEN,
5922,GEN,
5923,GEN,
5924,GEN-EWS,623
5925,GEN,
5926,GEN-EWS,624
5927,GEN,
5928,GEN,
5929,GEN,
5930,GEN,
5931,GEN,
5932,GEN,
5933,GEN,
5934,GEN,
5935,GEN,
5936,GEN,
5937,GEN,
5938,GEN,
5939,GEN,
5940,GEN,
5941,OBC-NCL,1087
5942,GEN,
5943,GEN,
5944,GEN,
5945,OBC-NCL,1088
5946,GEN,
5947,GEN,
5948,OBC-NCL,1089
5949,OBC-NCL,1090
5950,GEN,
5951,GEN-EWS,625
5952,GEN-EWS,626
5953,GEN,
5954,GEN,
5955,GEN,
5956,GEN,
5957,GEN,
5958,OBC-NCL,1091
5959,GEN,
5960,GEN,
5961,GEN,
5962,GEN,
5963,GEN,
5964,GEN,
5965,GEN,
5966,GEN,
5967,ST,25
5968,OBC-NCL,1092
5969,GEN,
5970,OBC-NCL,1093
5971,GEN,
5972,GEN,
5973,GEN,
5974,GEN,
5975,GEN-EWS,627
5976,OBC-NCL,1094
5977,GEN,
5978,OBC-NCL,1095
5979,GEN,
5980,GEN,
5981,GEN,
5982,GEN,
5983,GEN-EWS,628
5984,GEN,
5985,OBC-NCL,1096
5986,GEN,
5987,GEN,
5988,GEN-EWS,629
5989,GEN,
5990,OBC-NCL,1097
5991,GEN,
5992,GEN-EWS,631
5993,OBC-NCL,1098
5994,GEN,
5995,GEN,
5996,OBC-NCL,1099
5997,GEN,
5998,OBC-NCL,1100
5999,GEN,
6000,GEN-EWS,632
6001,GEN-EWS,633
6002,OBC-NCL,1101
6003,GEN,
6004,GEN,
6005,GEN,
6006,GEN,
6007,GEN,
6008,GEN,
6009,GEN,
6010,GEN,
6011,GEN,
6012,OBC-NCL,1102
6013,GEN-EWS,634
6014,GEN,
6015,GEN,
6016,GEN,
6017,OBC-NCL,1103
6018,GEN-EWS,635
6019,GEN,
6020,GEN-EWS,636
6021,GEN-EWS,637
6022,GEN-EWS,638
6023,GEN,
6024,GEN,
6025,GEN-EWS,639
6026,GEN,
6027,GEN,
6028,GEN,
6029,GEN-EWS,640
6030,GEN,
6031,GEN,
6032,GEN,
6033,GEN-EWS,641
6034,GEN,
6035,GEN,
6036,OBC-NCL,1104
6037,GEN-EWS,642
6038,GEN-EWS,643
6039,GEN,
6040,GEN-EWS,644
6041,GEN,
6042,GEN,
6043,GEN,
6044,GEN,
6045,GEN,
6046,GEN,
6047,GEN,
6048,GEN,
6049,GEN,
6050,GEN,
6051,GEN,
6052,GEN,
6053,OBC-NCL,1105
6054,SC,108
6055,GEN,
6056,OBC-NCL,1106
6057,GEN,
6058,GEN,
6059,GEN,
6060,GEN,
6061,OBC-NCL,1107
6062,OBC-NCL,1108
6063,GEN-EWS,645
6064,GEN,
6065,OBC-NCL,1109
6066,GEN,
6067,GEN,
6068,OBC-NCL,1110
6069,GEN-EWS,646
6070,GEN,
6071,GEN-EWS,647
6072,GEN,
6073,GEN,
6074,OBC-NCL,1111
6075,GEN,
6076,OBC-NCL,1112
6077,GEN,
6078,GEN,
6079,GEN,
6080,GEN,
6081,OBC-NCL,1113
6082,GEN,
6083,GEN-EWS,648
6084,GEN-EWS,649
6085,GEN,
6086,GEN,
6087,GEN,
6088,GEN,
6089,GEN-EWS,650
6090,GEN-EWS,651
6091,OBC-NCL,1114
6092,GEN,
6093,OBC-NCL,1115
6094,GEN-EWS,652
6095,GEN,
6095,OBC-NCL,1116
6097,GEN,
6098,GEN,
6099,OBC-NCL,1117
6100,OBC-NCL,1118
6101,GEN,
6102,GEN-EWS,653
6103,GEN,
6104,GEN,
6105,GEN,
6106,GEN,
6107,GEN,
6108,GEN,
6109,GEN-EWS,654
6110,GEN,
6111,OBC-NCL,1119
6112,GEN-EWS,655
6113,OBC-NCL,1120
6114,GEN,
6115,GEN,
6116,GEN,
6117,GEN,
6118,GEN,
6119,GEN,
6120,GEN-EWS,656
6121,GEN,
6122,OBC-NCL,1121
6123,OBC-NCL,1122
6124,GEN,
6125,GEN,
6126,GEN,
6127,GEN,
6128,GEN,
6129,GEN,
6130,GEN,
6131,GEN,
6132,GEN,
6133,GEN,
6134,GEN-EWS,657
6135,GEN,
6136,GEN,
6137,GEN,
6138,GEN,
6139,GEN,
6140,GEN-EWS,658
6141,OBC-NCL,1123
6142,GEN,
6143,GEN,
6144,OBC-NCL,1124
6145,GEN,
6146,GEN,
6147,GEN,
6148,GEN,
6149,OBC-NCL,1125
6150,GEN,
6151,GEN,
6152,GEN,
6153,GEN,
6154,GEN,
6155,GEN,
6156,GEN,
6157,SC,109
6158,GEN,
6159,GEN,
6160,GEN,
6161,GEN-EWS,659
6162,GEN,
6163,GEN,
6164,SC,110
6165,GEN,
6166,GEN,
6167,OBC-NCL,1126
6168,OBC-NCL,1127
6169,SC,111
6170,OBC-NCL,1128
6171,GEN,
6172,GEN,
6173,GEN-EWS,660
6174,OBC-NCL,1129
6175,GEN-EWS,661
6176,GEN,
6177,GEN-EWS,662
6178,GEN,
6179,OBC-NCL,1130
6180,GEN,
6181,GEN,
6182,GEN-EWS,663
6183,GEN,
6184,OBC-NCL,1131
6185,OBC-NCL,1132
6186,GEN,
6187,GEN,
6188,GEN,
6189,GEN,
6190,GEN,
6191,OBC-NCL,1133
6192,GEN,
6193,GEN,
6194,GEN,
6195,GEN-EWS,664
6196,OBC-NCL,1134
6197,GEN-EWS,665
6198,GEN,
6199,GEN,
6200,OBC-NCL,1135
6201,GEN,
6202,OBC-NCL,1136
6203,GEN,
6204,GEN,
6205,GEN,
6206,GEN,
6207,GEN,
6208,GEN,
6209,OBC-NCL,1137
6210,GEN,
6211,GEN,
6212,GEN,
6213,GEN,
6214,GEN-EWS,666
6215,GEN,
6216,GEN,
6217,GEN-EWS,667
6218,OBC-NCL,1138
6219,OBC-NCL,1139
6220,OBC-NCL,1140
6221,OBC-NCL,1141
6222,GEN,
6223,GEN,
6224,GEN,
6225,ST,26
6226,GEN,
6227,OBC-NCL,1142
6228,GEN,
6229,OBC-NCL,1143
6230,GEN,
6231,OBC-NCL,1144
6232,GEN,
6233,GEN,
6234,OBC-NCL,1145
6235,OBC-NCL,1146
6236,GEN-EWS,668
6237,GEN,
6238,GEN,
6239,OBC-NCL,1147
6240,GEN,
6241,SC,112
6242,OBC-NCL,1148
6243,GEN-EWS,669
6244,GEN,
6245,GEN,
6246,GEN,
6247,GEN,
6248,GEN,
6249,GEN,
6250,GEN,
6251,OBC-NCL,1149
6252,OBC-NCL,1150
6253,OBC-NCL,1151
6254,GEN,
6255,GEN,
6256,GEN,
6257,GEN,
6258,GEN,
6259,OBC-NCL,1152
6260,GEN,
6261,GEN,
6262,GEN-EWS,670
6263,OBC-NCL,1153
6264,GEN,
6265,GEN,
6266,GEN,
6267,GEN,
6268,GEN,
6269,GEN-EWS,671
6270,GEN,
6271,GEN,
6272,GEN-EWS,672
6273,SC,113
6274,GEN,
6275,OBC-NCL,1154
6276,SC,114
6277,GEN-EWS,673
6278,OBC-NCL,1155
6279,SC,115
6280,GEN,
6281,GEN-EWS,674
6282,GEN,
6283,GEN,
6284,GEN,
6285,GEN,
6286,GEN,
6287,GEN,
6288,GEN,
6289,OBC-NCL,1156
6290,GEN-EWS,675
6291,GEN,
6292,OBC-NCL,1157
6293,GEN,
6294,GEN,
6295,GEN,
6296,GEN,
6297,GEN,
6298,OBC-NCL,1158
6299,GEN-EWS,676
6300,GEN,
6301,GEN,
6302,GEN,
6303,GEN,
6304,GEN,
6305,GEN,
6306,GEN,
6307,GEN-EWS,677
6308,GEN,
6309,OBC-NCL,1159
6310,GEN,
6311,OBC-NCL,1160
6312,GEN,
6313,SC,116
6314,GEN,
6315,GEN,
6316,OBC-NCL,1161
6317,GEN-EWS,678
6318,OBC-NCL,1162
6319,GEN-EWS,679
6320,OBC-NCL,1163
6321,GEN,
6322,OBC-NCL,1164
6323,OBC-NCL,1165
6324,GEN,
6325,GEN,
6326,GEN-EWS,680
6327,GEN,
6328,OBC-NCL,1166
6329,OBC-NCL,1167
6330,GEN,
6331,OBC-NCL,1168
6332,OBC-NCL,1169
6333,GEN,
6334,GEN,
6335,GEN,
6336,GEN-EWS,681
6337,GEN,
6338,GEN,
6339,GEN,
6340,OBC-NCL,1170
6341,GEN,
6342,OBC-NCL,1171
6343,GEN,
6344,GEN,
6345,GEN,
6346,OBC-NCL,1172
6347,GEN,
6348,GEN,
6349,GEN,
6350,GEN,
6351,GEN,
6352,GEN,
6353,GEN,
6354,GEN,
6355,GEN,
6356,GEN,
6357,GEN,
6358,GEN,
6359,GEN,
6360,OBC-NCL,1173
6361,GEN,
6362,GEN,
6363,GEN-EWS,682
6364,GEN,
6365,GEN,
6366,OBC-NCL,1174
6367,GEN,
6368,GEN-EWS,683
6369,GEN,
6370,OBC-NCL,1175
6371,GEN,
6372,OBC-NCL,1176
6373,GEN,
6374,OBC-NCL,1177
6375,GEN,
6376,GEN,
6377,OBC-NCL,1178
6378,GEN,
6379,GEN,
6380,GEN,
6381,GEN,
6382,GEN,
6383,OBC-NCL,1179
6384,GEN,
6385,GEN-EWS,684
6386,GEN,
6387,OBC-NCL,1180
6388,GEN,
6389,GEN,
6390,OBC-NCL,1181
6391,GEN,
6392,GEN,
6393,GEN,
6394,OBC-NCL,1182
6395,GEN-EWS,685
6396,OBC-NCL,1183
6397,OBC-NCL,1184
6398,OBC-NCL,1185
6399,GEN,
6400,OBC-NCL,1186
6401,GEN-EWS,686
6402,GEN,
6403,GEN,
6404,OBC-NCL,1187
6405,GEN-EWS,687
6406,GEN,
6407,SC,117
6408,GEN,
6409,GEN,
6410,OBC-NCL,1188
6411,GEN,
6412,GEN-EWS,688
6413,GEN,
6414,GEN,
6415,GEN,
6416,GEN,
6417,GEN,
6418,GEN,
6419,GEN,
6420,GEN,
6421,GEN,
6422,GEN,
6423,GEN,
6424,GEN,
6425,OBC-NCL,1189
6426,OBC-NCL,1190
6427,GEN,
6428,GEN,
6429,SC,118
6430,GEN,
6431,GEN-EWS,689
6432,GEN,
6433,GEN,
6434,GEN,
6435,GEN-EWS,690
6436,OBC-NCL,1191
6437,GEN,
6438,GEN-EWS,691
6439,GEN,
6440,GEN,
6441,GEN,
6442,GEN,
6443,GEN,
6444,GEN-EWS,692
6445,GEN,
6446,GEN,
6447,GEN,
6448,OBC-NCL,1192
6449,GEN,
6450,OBC-NCL,1193
6451,GEN,
6452,GEN,
6453,GEN-EWS,693
6454,GEN,
6455,GEN,
6456,GEN,
6457,OBC-NCL,1194
6458,GEN,
6459,GEN,
6460,GEN,
6461,GEN,
6462,OBC-NCL,1195
6463,GEN,
6464,GEN,
6465,GEN,
6466,GEN,
6467,SC,119
6468,GEN,
6469,GEN,
6470,GEN,
6471,GEN,
6472,GEN,
6473,GEN-EWS,694
6474,GEN,
6475,SC,120
6476,GEN,
6477,GEN,
6478,GEN,
6479,GEN,
6480,GEN,
6481,GEN-EWS,695
6482,OBC-NCL,1196
6483,GEN,
6484,GEN,
6485,GEN,
6486,SC,121
6487,GEN,
6488,GEN,
6489,GEN-EWS,696
6490,GEN,
6491,OBC-NCL,1197
6492,GEN,
6493,OBC-NCL,1198
6494,OBC-NCL,1199
6495,GEN-EWS,697
6496,GEN,
6497,GEN,
6498,GEN,
6499,OBC-NCL,1200
6500,GEN,
6501,GEN,
6502,GEN,
6503,GEN,
6504,GEN,
6505,GEN,
6506,GEN,
6507,GEN,
6508,GEN,
6509,GEN,
6510,GEN,
6511,GEN,
6512,GEN-EWS,698
6513,GEN,
6514,GEN,
6515,GEN,
6516,OBC-NCL,1201
6517,GEN,
6518,GEN,
6519,GEN-EWS,699
6520,GEN,
6521,OBC-NCL,1202
6522,GEN,
6523,OBC-NCL,1203
6524,GEN-EWS,700
6525,OBC-NCL,1204
6526,OBC-NCL,1205
6527,GEN,
6528,OBC-NCL,1206
6529,GEN,
6530,GEN-EWS,701
6531,OBC-NCL,1207
6532,GEN,
6533,OBC-NCL,1208
6534,GEN,
6535,OBC-NCL,1209
6536,OBC-NCL,1210
6537,GEN-EWS,702
6538,SC,122
6539,GEN,
6540,GEN,
6541,GEN,
6542,GEN-EWS,703
6543,GEN,
6544,OBC-NCL,1211
6545,OBC-NCL,1212
6546,SC,123
6547,GEN-EWS,704
6548,GEN,
6549,GEN,
6550,GEN,
6551,OBC-NCL,1213
6552,GEN-EWS,705
6553,GEN,
6554,GEN,
6555,OBC-NCL,1214
6556,GEN,
6557,GEN,
6558,OBC-NCL,1215
6559,OBC-NCL,1216
6560,OBC-NCL,1217
6561,GEN,
6562,GEN,
6563,OBC-NCL,1218
6564,GEN,
6565,GEN,
6566,GEN,
6567,GEN,
6568,GEN,
6569,GEN,
6570,GEN,
6571,GEN,
6572,GEN-EWS,706
6573,GEN,
6574,GEN,
6575,GEN,
6576,GEN,
6577,GEN-EWS,707
6578,GEN,
6579,OBC-NCL,1219
6580,OBC-NCL,1220
6581,SC,124
6582,GEN-EWS,708
6583,OBC-NCL,1221
6584,GEN,
6585,GEN,
6586,GEN,
6587,GEN,
6588,GEN,
6589,GEN-EWS,709
6590,GEN,
6591,GEN,
6592,OBC-NCL,1222
6593,GEN,
6594,GEN-EWS,710
6595,GEN-EWS,711
6596,GEN,
6597,GEN-EWS,712
6598,OBC-NCL,1223
6599,GEN-EWS,713
6600,GEN-EWS,714
6601,OBC-NCL,1224
6602,GEN,
6603,GEN,
6604,GEN,
6605,GEN,
6606,GEN,
6607,GEN,
6608,GEN,
6609,GEN,
6610,GEN,
6611,OBC-NCL,1225
6612,GEN-EWS,715
6613,GEN,
6614,OBC-NCL,1226
6615,GEN,
6616,GEN,
6617,GEN-EWS,716
6618,GEN-EWS,717
6619,GEN-EWS,718
6620,GEN,
6621,GEN,
6622,OBC-NCL,1227
6623,OBC-NCL,1228
6624,GEN-EWS,719
6625,GEN,
6626,OBC-NCL,1229
6627,GEN,
6628,GEN,
6629,OBC-NCL,1230
6630,GEN-EWS,720
6631,GEN,
6632,GEN,
6633,GEN,
6634,GEN,
6635,GEN-EWS,721
6636,OBC-NCL,1231
6637,GEN,
6638,OBC-NCL,1232
6639,GEN,
6640,GEN-EWS,722
6641,GEN,
6642,GEN,
6643,GEN,
6644,OBC-NCL,1233
6645,GEN,
6646,GEN,
6647,OBC-NCL,1234
6648,GEN,
6649,GEN-EWS,723
6650,GEN,
6651,GEN,
6652,GEN-EWS,724
6653,GEN,
6654,GEN,
6655,GEN,
6656,GEN,
6657,OBC-NCL,1235
6658,OBC-NCL,1236
6659,GEN-EWS,725
6660,GEN,
6661,GEN,
6662,GEN,
6663,OBC-NCL,1237
6664,GEN,
6665,GEN,
6666,OBC-NCL,1238
6667,GEN-EWS,726
6668,GEN,
6669,GEN-EWS,727
6670,GEN,
6671,GEN,
6672,GEN-EWS,728
6673,GEN,
6674,GEN,
6675,GEN,
6676,OBC-NCL,1239
6677,GEN-EWS,729
6678,OBC-NCL,1240
6679,GEN,
6680,GEN,
6681,GEN,
6682,GEN,
6683,OBC-NCL,1241
6684,OBC-NCL,1242
6685,GEN,
6686,GEN,
6687,GEN,
6688,GEN,
6689,GEN,
6690,GEN,
6691,GEN,
6692,GEN,
6693,GEN,
6694,OBC-NCL,1243
6695,GEN,
6696,GEN,
6697,GEN,
6698,GEN,
6699,SC,125
6700,OBC-NCL,1244
6701,GEN,
6702,GEN,
6703,GEN,
6704,GEN,
6705,GEN,
6706,OBC-NCL,1245
6707,OBC-NCL,1246
6708,GEN,
6709,GEN,
6710,OBC-NCL,1247
6711,GEN,
6712,GEN,
6713,GEN-EWS,730
6714,GEN,
6715,GEN,
6716,GEN,
6717,GEN,
6718,GEN,
6719,GEN,
6720,GEN,
6721,GEN,
6722,GEN-EWS,731
6723,GEN,
6724,GEN,
6725,GEN,
6726,GEN,
6727,GEN,
6728,GEN,
6729,OBC-NCL,1248
6730,GEN,
6731,GEN,
6732,GEN,
6733,GEN,
6734,OBC-NCL,1249
6735,GEN-EWS,732
6736,GEN,
6737,OBC-NCL,1250
6738,GEN,
6739,GEN,
6740,OBC-NCL,1251
6741,GEN,
6742,GEN,
6743,GEN,
6744,OBC-NCL,1252
6745,GEN,
6746,OBC-NCL,1253
6747,GEN,
6748,GEN,
6749,GEN,
6750,GEN-EWS,733
6751,GEN,
6752,GEN,
6753,GEN,
6754,GEN,
6755,GEN-EWS,734
6756,OBC-NCL,1254
6757,OBC-NCL,1255
6758,GEN-EWS,735
6759,GEN,
6760,GEN-EWS,736
6761,GEN,
6762,GEN,
6763,GEN,
6764,GEN-EWS,737
6765,GEN-EWS,738
6766,OBC-NCL,1256
6767,GEN,
6768,GEN,
6769,GEN,
6770,GEN,
6771,GEN,
6772,GEN,
6773,GEN,
6774,OBC-NCL,1257
6775,GEN,
6776,GEN,
6777,GEN,
6778,GEN,
6779,OBC-NCL,1258
6780,GEN,
6781,GEN,
6782,GEN,
6783,GEN-EWS,739
6784,GEN-EWS,740
6785,GEN,
6786,GEN,
6787,GEN,
6788,GEN,
6789,GEN,
6790,OBC-NCL,1259
6791,OBC-NCL,1260
6792,OBC-NCL,1261
6793,GEN,
6794,GEN,
6795,GEN,
6796,GEN,
6797,GEN-EWS,741
6798,OBC-NCL,1262
6799,GEN,
6800,GEN,
6801,GEN,
6802,GEN,
6803,GEN,
6804,OBC-NCL,1263
6805,GEN,
6806,SC,126
6807,GEN,
6808,GEN,
6809,GEN,
6810,OBC-NCL,1264
6811,GEN,
6812,GEN,
6813,GEN-EWS,742
6814,OBC-NCL,1265
6815,GEN,
6816,OBC-NCL,1266
6817,GEN,
6818,GEN,
6819,GEN,
6820,OBC-NCL,1267
6821,GEN,
6822,OBC-NCL,1268
6823,OBC-NCL,1269
6824,GEN,
6825,GEN,
6826,OBC-NCL,1270
6827,OBC-NCL,1271
6828,GEN,
6829,GEN,
6830,OBC-NCL,1272
6831,OBC-NCL,1273
6832,GEN,
6833,GEN,
6834,GEN,
6835,GEN,
6836,GEN,
6837,GEN,
6838,GEN-EWS,743
6839,GEN,
6840,GEN,
6841,GEN,
6842,GEN,
6843,GEN-EWS,744
6844,GEN-EWS,745
6845,GEN-EWS,746
6846,OBC-NCL,1274
6847,GEN,
6848,GEN,
6849,OBC-NCL,1275
6850,GEN,
6851,GEN,
6852,GEN,
6853,OBC-NCL,1276
6854,GEN,
6855,GEN,
6856,GEN-EWS,747
6857,GEN,
6858,GEN,
6859,GEN,
6860,GEN,
6861,GEN,
6862,GEN,
6863,GEN,
6864,GEN,
6865,GEN,
6866,GEN,
6867,OBC-NCL,1277
6868,GEN,
6869,OBC-NCL,1278
6870,GEN-EWS,748
6871,GEN,
6872,OBC-NCL,1279
6873,GEN-EWS,749
6874,OBC-NCL,1280
6875,GEN-EWS,750
6876,GEN,
6877,GEN,
6878,GEN,
6879,GEN,
6880,GEN,
6881,OBC-NCL,1281
6882,GEN,
6883,GEN,
6884,GEN,
6885,OBC-NCL,1282
6886,SC,127
6887,GEN,
6888,OBC-NCL,1283
6889,GEN-EWS,751
6890,GEN,
6891,GEN-EWS,752
6892,GEN,
6893,OBC-NCL,1284
6894,GEN,
6895,GEN,
6896,GEN-EWS,753
6897,GEN,
6898,GEN,
6899,GEN,
6900,GEN,
6901,GEN,
6902,GEN,
6903,OBC-NCL,1285
6904,OBC-NCL,1286
6905,OBC-NCL,1287
6906,GEN,
6907,GEN,
6908,GEN,
6909,OBC-NCL,1288
6910,GEN,
6911,GEN,
6912,GEN,
6913,GEN-EWS,754
6914,OBC-NCL,1289
6915,SC,128
6916,OBC-NCL,1290
6917,GEN,
6918,GEN,
6919,SC,129
6920,GEN-EWS,755
6921,GEN,
6922,GEN-EWS,756
6923,OBC-NCL,1291
6924,GEN,
6925,OBC-NCL,1292
6926,GEN,
6927,GEN,
6928,GEN,
6929,GEN,
6930,GEN,
6931,GEN,
6932,GEN,
6933,GEN,
6934,SC,130
6935,OBC-NCL,1293
6936,OBC-NCL,1294
6937,GEN,
6938,GEN,
6939,OBC-NCL,1295
6940,GEN,
6941,GEN,
6942,GEN-EWS,757
6943,GEN,
6944,OBC-NCL,1296
6945,GEN,
6946,GEN,
6947,GEN,
6948,GEN,
6949,GEN,
6950,GEN,
6951,SC,131
6952,GEN,
6953,GEN,
6954,OBC-NCL,1297
6955,GEN,
6956,OBC-NCL,1298
6957,GEN,
6958,SC,132
6959,GEN,
6960,GEN,
6961,OBC-NCL,1299
6962,GEN,
6963,GEN-EWS,758
6964,OBC-NCL,1300
6965,GEN-EWS,759
6966,OBC-NCL,1301
6967,GEN,
6968,OBC-NCL,1302
6969,GEN,
6970,GEN-EWS,760
6971,OBC-NCL,1303
6972,GEN,
6973,SC,133
6974,GEN-EWS,761
6975,GEN,
6976,GEN,
6977,GEN,
6978,GEN,
6979,OBC-NCL,1304
6980,OBC-NCL,1305
6981,GEN,
6982,SC,134
6983,GEN,
6984,GEN,
6985,OBC-NCL,1306
6986,GEN,
6987,GEN,
6988,GEN,
6989,GEN-EWS,762
6990,GEN,
6991,OBC-NCL,1307
6992,GEN,
6993,OBC-NCL,1308
6994,GEN,
6995,OBC-NCL,1309
6996,GEN,
6997,SC,135
6998,GEN,
6999,GEN,
7000,GEN-EWS,763
7001,SC,136
7002,GEN,
7003,GEN,
7004,GEN-EWS,764
7005,OBC-NCL,1310
7006,GEN,
7007,OBC-NCL,1311
7008,ST,27
7009,OBC-NCL,1312
7010,OBC-NCL,1313
7011,GEN,
7012,GEN,
7013,GEN,
7014,GEN,
7015,GEN,
7016,GEN,
7017,GEN-EWS,765
7018,GEN,
7019,GEN,
7020,GEN,
7021,GEN,
7022,GEN,
7023,GEN,
7024,GEN-EWS,766
7025,GEN,
7026,GEN,
7027,GEN,
7028,GEN,
7029,GEN,
7030,GEN,
7031,GEN,
7032,OBC-NCL,1314
7033,GEN,
7034,GEN-EWS,767
7035,GEN,
7036,GEN,
7037,GEN,
7038,GEN,
7039,GEN,
7040,GEN,
7041,GEN,
7042,GEN,
7043,GEN,
7044,GEN,
7045,GEN,
7046,OBC-NCL,1315
7047,GEN,
7048,GEN-EWS,768
7049,GEN-EWS,769
7050,GEN,
7051,GEN,
7052,GEN,
7053,GEN,
7054,GEN,
7055,GEN,
7056,GEN-EWS,770
7057,OBC-NCL,1316
7058,OBC-NCL,1317
7059,GEN,
7060,GEN,
7061,OBC-NCL,1318
7062,OBC-NCL,1319
7063,GEN,
7064,GEN,
7065,GEN-EWS,771
7066,GEN,
7067,GEN,
7068,GEN,
7069,GEN,
7070,OBC-NCL,1320
7071,SC,137
7072,GEN,
7073,GEN,
7074,GEN,
7075,GEN,
7076,GEN,
7077,GEN,
7078,GEN,
7079,GEN-EWS,772
7080,GEN,
7081,OBC-NCL,1321
7082,GEN,
7083,GEN,
7084,GEN,
7085,GEN,
7086,GEN,
7087,OBC-NCL,1322
7088,GEN,
7089,GEN,
7090,GEN,
7091,OBC-NCL,1323
7092,GEN,
7093,GEN,
7094,GEN,
7095,GEN-EWS,773
7096,GEN-EWS,774
7097,GEN,
7098,OBC-NCL,1324
7099,GEN-EWS,775
7100,GEN,
7101,OBC-NCL,1325
7102,GEN,
7103,GEN,
7104,OBC-NCL,1326
7105,OBC-NCL,1327
7106,GEN-EWS,776
7107,GEN-EWS,777
7108,OBC-NCL,1328
7109,GEN,
7110,SC,138
7111,GEN,
7112,GEN,
7113,GEN,
7114,GEN,
7115,OBC-NCL,1329
7116,GEN,
7117,GEN,
7118,GEN,
7119,GEN,
7120,OBC-NCL,1330
7121,OBC-NCL,1331
7122,GEN-EWS,778
7123,GEN,
7124,GEN,
7125,GEN-EWS,779
7126,GEN,
7127,GEN,
7128,GEN,
7129,GEN,
7130,GEN,
7131,GEN,
7132,GEN,
7133,GEN,
7134,SC,139
7135,GEN,
7136,GEN-EWS,780
7137,OBC-NCL,1332
7138,GEN-EWS,781
7139,GEN,
7140,GEN,
7141,OBC-NCL,1333
7142,GEN,
7143,ST,28
7144,GEN,
7145,OBC-NCL,1334
7146,OBC-NCL,1335
7147,GEN,
7148,GEN,
7149,GEN-EWS,782
7150,OBC-NCL,1336
7151,GEN,
7152,GEN,
7153,GEN,
7154,GEN-EWS,783
7155,GEN,
7156,GEN,
7157,GEN,
7158,GEN-EWS,784
7159,OBC-NCL,1337
7160,OBC-NCL,1338
7161,SC,140
7162,GEN-EWS,785
7163,GEN,
7164,GEN,
7165,GEN,
7166,GEN,
7167,GEN,
7168,GEN,
7169,OBC-NCL,1339
7170,OBC-NCL,1340
7171,OBC-NCL,1341
7172,GEN,
7173,GEN,
7174,GEN,
7175,GEN,
7176,GEN-EWS,786
7177,GEN-EWS,787
7178,OBC-NCL,1342
7179,GEN,
7180,GEN,
7181,GEN,
7182,OBC-NCL,1343
7183,GEN,
7184,GEN,
7185,GEN,
7186,OBC-NCL,1344
7187,GEN-EWS,788
7188,GEN-EWS,789
7189,OBC-NCL,1345
7190,GEN,
7191,GEN-EWS,790
7192,GEN,
7193,GEN-EWS,791
7194,SC,141
7195,OBC-NCL,1346
7196,GEN,
7197,GEN-EWS,792
7198,GEN,
7199,GEN,
7200,GEN,
7201,OBC-NCL,1347
7202,GEN-EWS,793
7203,GEN,
7204,GEN,
7205,SC,142
7206,GEN,
7207,GEN,
7208,GEN,
7209,OBC-NCL,1348
7210,GEN,
7211,GEN-EWS,794
7212,GEN,
7213,GEN-EWS,795
7214,GEN,
7215,OBC-NCL,1349
7216,GEN,
7217,ST,29
7218,GEN,
7219,GEN,
7220,GEN,
7221,GEN,
7222,GEN-EWS,796
7223,GEN-EWS,797
7224,GEN,
7225,GEN,
7226,GEN,
7227,GEN,
7228,GEN,
7229,GEN,
7230,GEN,
7231,GEN,
7232,GEN,
7233,GEN,
7234,GEN-EWS,798
7235,GEN-EWS,799
7236,GEN,
7237,GEN,
7238,GEN,
7239,GEN,
7240,GEN,
7241,GEN,
7242,OBC-NCL,1350
7243,GEN,
7244,GEN,
7245,OBC-NCL,1351
7246,GEN,
7247,GEN,
7248,GEN,
7249,GEN,
7250,OBC-NCL,1352
7251,GEN,
7252,GEN,
7253,GEN,
7254,GEN,
7255,GEN,
7256,GEN,
7257,OBC-NCL,1353
7258,GEN,
7259,GEN,
7260,OBC-NCL,1354
7261,GEN,
7262,GEN,
7263,GEN-EWS,800
7264,GEN,
7265,OBC-NCL,1355
7266,GEN,
7267,GEN,
7268,GEN,
7269,OBC-NCL,1356
7270,GEN,
7271,GEN,
7272,GEN,
7273,OBC-NCL,1357
7274,OBC-NCL,1358
7275,GEN,
7276,GEN-EWS,801
7277,SC,143
7278,OBC-NCL,1359
7279,GEN,
7280,SC,144
7281,GEN,
7282,GEN-EWS,802
7283,OBC-NCL,1360
7284,GEN,
7285,OBC-NCL,1361
7286,GEN,
7287,GEN-EWS,803
7288,OBC-NCL,1362
7289,GEN,
7290,GEN,
7291,GEN,
7292,GEN,
7293,GEN,
7294,GEN,
7295,GEN-EWS,804
7296,GEN,
7297,GEN,
7298,GEN,
7299,GEN-EWS,805
7300,OBC-NCL,1363
7301,GEN,
7302,GEN,
7303,GEN-EWS,806
7304,GEN,
7305,OBC-NCL,1364
7306,GEN,
7307,GEN,
7308,GEN-EWS,807
7309,GEN,
7310,GEN-EWS,808
7311,GEN,
7312,OBC-NCL,1365
7313,GEN,
7314,OBC-NCL,1366
7315,OBC-NCL,1367
7316,GEN,
7317,GEN-EWS,809
7318,GEN,
7319,OBC-NCL,1368
7320,GEN,
7321,GEN,
7322,GEN-EWS,810
7323,GEN,
7324,GEN,
7325,GEN,
7326,GEN,
7327,OBC-NCL,1369
7328,GEN,
7329,GEN,
7330,GEN,
7331,GEN,
7332,GEN,
7333,GEN,
7334,OBC-NCL,1370
7335,GEN-EWS,811
7336,GEN,
7337,GEN,
7338,GEN,
7339,GEN-EWS,812
7340,GEN,
7341,GEN,
7342,GEN,
7343,OBC-NCL,1371
7344,GEN,
7345,OBC-NCL,1372
7346,OBC-NCL,1373
7347,GEN,
7348,GEN,
7349,GEN,
7350,GEN,
7351,GEN-EWS,813
7352,GEN-EWS,814
7353,OBC-NCL,1374
7354,GEN,
7355,GEN,
7356,OBC-NCL,1375
7357,GEN,
7358,GEN,
7359,GEN,
7360,GEN,
7361,GEN,
7362,GEN,
7363,GEN,
7364,GEN,
7365,GEN-EWS,815
7366,GEN,
7367,GEN,
7368,GEN,
7369,OBC-NCL,1376
7370,GEN,
7371,GEN,
7372,GEN-EWS,816
7373,OBC-NCL,1377
7374,GEN-EWS,817
7375,SC,145
7376,GEN-EWS,818
7377,GEN,
7378,GEN,
7379,GEN,
7380,GEN,
7381,GEN,
7382,OBC-NCL,1378
7383,GEN,
7384,OBC-NCL,1379
7385,GEN,
7386,GEN,
7387,GEN,
7388,GEN,
7389,OBC-NCL,1380
7390,GEN,
7391,GEN,
7392,GEN,
7393,GEN,
7394,GEN,
7395,OBC-NCL,1381
7396,OBC-NCL,1382
7397,GEN,
7398,GEN,
7399,GEN-EWS,819
7400,GEN,
7401,GEN,
7402,OBC-NCL,1383
7403,GEN,
7404,OBC-NCL,1384
7405,GEN,
7406,GEN,
7407,OBC-NCL,1385
7408,GEN,
7409,GEN,
7410,GEN,
7411,GEN-EWS,820
7412,OBC-NCL,1386
7413,GEN,
7414,GEN,
7415,GEN,
7416,OBC-NCL,1387
7417,GEN,
7418,GEN,
7419,GEN,
7420,GEN,
7421,GEN,
7422,GEN,
7423,GEN,
7424,OBC-NCL,1388
7425,GEN-EWS,821
7426,OBC-NCL,1389
7427,GEN,
7428,OBC-NCL,1390
7429,GEN,
7430,OBC-NCL,1391
7431,GEN,
7432,GEN,
7433,GEN-EWS,822
7434,GEN,
7435,GEN,
7436,OBC-NCL,1392
7437,GEN-EWS,823
7438,GEN,
7439,GEN,
7440,GEN,
7441,GEN,
7442,GEN,
7443,GEN,
7444,GEN,
7445,GEN-EWS,824
7446,GEN,
7447,GEN-EWS,1393
7448,GEN-EWS,825
7449,GEN,
7450,GEN-EWS,826
7451,GEN,
7451,OBC-NCL,1394
7453,GEN,
7454,OBC-NCL,1395
7455,GEN,
7456,GEN,
7457,GEN,
7458,GEN,
7459,GEN,
7460,GEN,
7461,GEN,
7462,GEN,
7463,GEN,
7464,GEN,
7465,GEN,
7466,GEN,
7467,OBC-NCL,1396
7468,GEN,
7469,OBC-NCL,1397
7470,GEN,
7471,GEN,
7472,OBC-NCL,1398
7473,OBC-NCL,1399
7474,OBC-NCL,1400
7475,GEN,
7476,GEN,
7477,GEN,
7478,GEN-EWS,827
7479,GEN,
7480,OBC-NCL,1401
7481,GEN,
7482,SC,146
7483,GEN,
7484,GEN,
7485,GEN,
7486,GEN,
7487,OBC-NCL,1402
7488,GEN,
7489,ST,30
7490,GEN-EWS,828
7491,GEN,
7492,GEN,
7493,GEN,
7494,OBC-NCL,1403
7495,GEN,
7496,GEN-EWS,829
7497,OBC-NCL,1404
7498,GEN,
7499,GEN,
7500,OBC-NCL,1405
7501,GEN,
7502,GEN,
7503,GEN,
7504,GEN,
7505,GEN,
7506,GEN,
7507,SC,147
7508,OBC-NCL,1406
7509,GEN,
7510,OBC-NCL,1407
7511,GEN,
7512,GEN,
7513,GEN,
7514,GEN,
7515,GEN-EWS,830
7516,GEN,
7517,OBC-NCL,1408
7518,GEN,
7519,GEN,
7520,GEN,
7521,SC,148
7522,GEN-EWS,831
7523,GEN,
7524,GEN,
7525,OBC-NCL,1409
7526,GEN-EWS,832
7527,GEN,
7528,GEN,
7529,GEN,
7530,GEN,
7531,GEN-EWS,833
7532,OBC-NCL,1410
7533,GEN,
7534,GEN,
7535,GEN-EWS,834
7536,SC,149
7537,GEN,
7538,GEN,
7539,GEN-EWS,835
7540,GEN-EWS,836
7541,GEN,
7542,GEN,
7543,GEN,
7544,OBC-NCL,1411
7545,GEN,
7546,GEN,
7547,ST,31
7548,GEN,
7549,GEN,
7550,GEN,
7551,GEN,
7552,GEN,
7553,GEN,
7554,GEN,
7555,GEN,
7556,GEN,
7557,OBC-NCL,1412
7558,SC,150
7559,OBC-NCL,1413
7560,GEN,
7561,GEN-EWS,837
7562,GEN,
7563,GEN-EWS,838
7564,GEN,
7565,OBC-NCL,1414
7566,GEN,
7567,GEN,
7568,OBC-NCL,1415
7569,GEN,
7570,GEN,
7571,GEN-EWS,839
7572,OBC-NCL,1416
7573,GEN,
7574,GEN-EWS,840
7575,GEN-EWS,841
7576,OBC-NCL,1417
7577,OBC-NCL,1418
7578,GEN,
7579,GEN-EWS,842
7580,GEN,
7581,GEN,
7582,OBC-NCL,1419
7583,GEN,
7584,GEN,
7585,GEN,
7586,GEN,
7587,GEN,
7588,GEN,
7589,GEN,
7590,GEN-EWS,843
7591,GEN,
7592,GEN,
7593,SC,151
7594,OBC-NCL,1420
7595,GEN,
7596,OBC-NCL,1421
7597,GEN,
7598,GEN,
7599,OBC-NCL,1422
7600,GEN-EWS,844
7601,GEN,
7602,OBC-NCL,1423
7603,GEN,
7604,OBC-NCL,1424
7605,GEN,
7606,GEN,
7607,GEN,
7608,GEN,
7609,GEN,
7610,GEN,
7611,OBC-NCL,1425
7612,GEN,
7613,GEN,
7614,GEN,
7615,OBC-NCL,1426
7616,GEN,
7617,GEN-EWS,845
7618,OBC-NCL,1427
7619,GEN,
7620,GEN,
7621,ST,32
7622,GEN-EWS,846
7623,GEN,
7624,GEN-EWS,847
7625,GEN,
7626,GEN,
7627,GEN,
7628,GEN,
7629,GEN,
7630,OBC-NCL,1428
7631,GEN,
7632,GEN-EWS,848
7633,GEN-EWS,849
7634,GEN,
7635,GEN,
7636,GEN,
7637,GEN-EWS,850
7638,GEN,
7639,OBC-NCL,1429
7640,OBC-NCL,1430
7641,GEN,
7642,GEN,
7643,GEN,
7644,GEN,
7645,SC,152
7646,GEN,
7647,OBC-NCL,1431
7648,OBC-NCL,1432
7649,GEN,
7650,OBC-NCL,1433
7651,GEN,
7652,GEN-EWS,851
7653,GEN,
7654,GEN,
7655,OBC-NCL,1434
7656,GEN,
7657,GEN,
7658,GEN,
7659,OBC-NCL,1435
7660,GEN-EWS,852
7661,GEN-EWS,853
7662,GEN,
7663,GEN,
7664,GEN-EWS,854
7665,GEN,
7666,GEN,
7667,GEN-EWS,855
7668,SC,153
7669,GEN,
7670,OBC-NCL,1436
7671,GEN,
7672,GEN,
7673,GEN,
7674,GEN,
7675,GEN,
7676,GEN,
7677,GEN,
7678,GEN,
7679,GEN,
7680,GEN-EWS,856
7681,GEN,
7682,GEN,
7683,OBC-NCL,1437
7684,GEN-EWS,857
7685,OBC-NCL,1438
7686,GEN,
7687,GEN,
7688,ST,33
7689,GEN-EWS,858
7690,GEN,
7691,GEN,
7692,GEN,
7693,OBC-NCL,1439
7694,GEN,
7695,OBC-NCL,1440
7696,GEN,
7697,OBC-NCL,1441
7698,GEN-EWS,859
7699,GEN,
7700,GEN,
7701,GEN,
7702,GEN,
7703,GEN,
7704,GEN,
7705,OBC-NCL,1442
7706,GEN,
7707,GEN,
7708,GEN,
7709,OBC-NCL,1443
7710,GEN,
7711,GEN,
7712,GEN,
7713,GEN,
7714,GEN,
7715,GEN-EWS,860
7716,OBC-NCL,1444
7717,OBC-NCL,1445
7718,GEN,
7719,GEN,
7720,GEN,
7721,SC,154
7722,GEN,
7723,GEN,
7724,GEN,
7725,GEN,
7726,GEN-EWS,861
7727,OBC-NCL,1446
7728,GEN,
7729,GEN,
7730,GEN,
7731,GEN,
7732,GEN,
7733,GEN,
7734,OBC-NCL,1447
7735,GEN,
7736,GEN-EWS,862
7737,OBC-NCL,1448
7738,GEN,
7739,GEN,
7740,GEN,
7741,GEN,
7742,GEN,
7743,GEN,
7744,GEN,
7745,GEN,
7746,GEN,
7747,OBC-NCL,1449
7748,GEN,
7749,OBC-NCL,1450
7750,OBC-NCL,1451
7751,GEN-EWS,863
7752,GEN,
7753,GEN,
7754,OBC-NCL,1452
7755,GEN,
7756,GEN,
7757,GEN,
7758,GEN-EWS,864
7759,GEN,
7760,GEN,
7761,GEN,
7762,OBC-NCL,1453
7763,OBC-NCL,1454
7764,GEN,
7765,GEN,
7766,GEN,
7767,GEN,
7768,GEN,
7769,GEN,
7770,GEN,
7771,GEN,
7772,GEN,
7773,GEN,
7774,GEN,
7775,GEN,
7776,OBC-NCL,1455
7777,GEN,
7778,OBC-NCL,1456
7779,OBC-NCL,1457
7780,GEN-EWS,865
7781,GEN,
7782,GEN,
7783,GEN,
7784,GEN,
7785,GEN,
7786,GEN,
7787,GEN,
7788,OBC-NCL,1458
7789,OBC-NCL,1459
7790,SC,155
7791,GEN,
7792,GEN-EWS,866
7793,GEN,
7794,GEN,
7795,GEN-EWS,867
7796,GEN,
7797,GEN,
7798,GEN,
7799,GEN-EWS,868
7800,GEN-EWS,869
7801,GEN,
7802,OBC-NCL,1460
7803,GEN,
7804,GEN,
7805,OBC-NCL,1461
7806,GEN,
7807,GEN,
7808,GEN-EWS,870
7809,GEN,
7810,GEN,
7811,GEN,
7812,GEN,
7813,GEN,
7814,GEN,
7815,OBC-NCL,1462
7816,GEN,
7817,GEN,
7818,GEN,
7819,OBC-NCL,1463
7820,GEN,
7821,GEN,
7822,GEN,
7823,GEN,
7824,GEN-EWS,871
7825,GEN-EWS,872
7826,OBC-NCL,1464
7827,GEN,
7828,GEN,
7829,GEN,
7830,GEN,
7831,SC,156
7832,GEN,
7833,OBC-NCL,1465
7834,GEN,
7835,GEN,
7836,GEN,
7837,GEN,
7838,GEN,
7839,GEN,
7840,GEN,
7841,GEN,
7842,GEN,
7843,OBC-NCL,1466
7844,GEN,
7845,OBC-NCL,1467
7846,GEN,
7847,GEN,
7848,GEN,
7849,GEN,
7850,GEN,
7851,GEN,
7852,OBC-NCL,1468
7853,GEN-EWS,873
7854,GEN,
7855,GEN-EWS,874
7856,GEN,
7857,GEN-EWS,875
7858,GEN,
7859,GEN-EWS,876
7860,GEN,
7861,GEN,
7862,GEN,
7863,GEN,
7864,GEN,
7865,OBC-NCL,1469
7866,GEN,
7867,SC,157
7868,GEN,
7869,OBC-NCL,1470
7870,GEN,
7871,GEN,
7872,GEN-EWS,877
7873,OBC-NCL,1471
7874,OBC-NCL,1472
7875,GEN,
7876,GEN,
7877,GEN,
7878,GEN,
7879,GEN-EWS,878
7880,GEN-EWS,879
7881,GEN,
7882,ST,34
7883,OBC-NCL,1473
7884,GEN-EWS,880
7885,GEN,
7886,GEN-EWS,881
7887,GEN-EWS,882
7888,GEN,
7889,GEN,
7890,GEN,
7891,GEN,
7892,GEN,
7893,GEN-EWS,883
7894,GEN-EWS,884
7895,OBC-NCL,1474
7896,OBC-NCL,1475
7897,GEN,
7898,GEN,
7899,GEN,
7900,OBC-NCL,1476
7901,GEN,
7902,GEN,
7903,GEN,
7904,GEN,
7905,GEN,
7906,GEN-EWS,885
7907,SC,158
7908,GEN-EWS,886
7909,GEN,
7910,OBC-NCL,1477
7911,GEN,
7912,GEN,
7913,GEN,
7914,GEN,
7915,GEN,
7916,GEN,
7917,GEN,
7918,GEN-EWS,887
7919,GEN,
7920,GEN,
7921,GEN,
7922,OBC-NCL,1478
7923,OBC-NCL,1479
7924,GEN,
7925,GEN-EWS,888
7926,GEN,
7927,GEN-EWS,889
7928,GEN,
7929,GEN,
7930,OBC-NCL,1480
7931,SC,159
7932,GEN,
7933,GEN,
7934,GEN,
7935,GEN-EWS,890
7936,GEN-EWS,891
7937,GEN,
7938,OBC-NCL,1481
7939,GEN-EWS,892
7940,GEN,
7941,GEN,
7942,GEN,
7943,GEN,
7944,GEN,
7945,GEN,
7946,GEN,
7947,OBC-NCL,1482
7948,GEN,
7949,GEN,
7950,GEN,
7951,OBC-NCL,1483
7952,OBC-NCL,1484
7953,GEN,
7954,OBC-NCL,1485
7955,OBC-NCL,1486
7956,OBC-NCL,1487
7957,OBC-NCL,1488
7958,GEN,
7959,GEN,
7960,GEN,
7961,GEN,
7962,GEN,
7963,GEN-EWS,893
7964,OBC-NCL,1489
7965,OBC-NCL,1490
7966,GEN,
7967,GEN,
7968,GEN,
7969,GEN,
7970,GEN,
7971,OBC-NCL,1491
7972,OBC-NCL,1492
7973,GEN,
7974,GEN,
7975,GEN,
7976,GEN-EWS,894
7977,GEN,
7978,GEN-EWS,895
7979,GEN,
7980,GEN,
7981,GEN,
7982,GEN,
7983,GEN-EWS,896
7984,GEN,
7985,GEN,
7986,GEN,
7987,OBC-NCL,1493
7988,GEN,
7989,GEN,
7990,GEN,
7991,GEN,
7992,GEN,
7993,GEN,
7994,GEN-EWS,897
7995,GEN,
7996,GEN,
7997,OBC-NCL,1494
7998,GEN,
7999,GEN,
8000,GEN,
8001,OBC-NCL,1495
8002,GEN,
8003,OBC-NCL,1496
8004,GEN,
8005,GEN,
8006,GEN,
8007,OBC-NCL,1497
8008,GEN,
8009,GEN,
8010,GEN,
8011,GEN,
8012,GEN,
8013,OBC-NCL,1498
8014,GEN,
8015,GEN-EWS,898
8016,OBC-NCL,1499
8017,GEN,
8018,GEN,
8019,OBC-NCL,1500
8020,GEN-EWS,899
8021,GEN-EWS,900
8022,GEN-EWS,901
8023,GEN,
8024,GEN-EWS,902
8025,GEN,
8026,GEN,
8027,OBC-NCL,1501
8028,GEN,
8029,GEN,
8030,OBC-NCL,1502
8031,GEN,
8032,OBC-NCL,1503
8033,OBC-NCL,1504
8034,GEN-EWS,903
8035,GEN,
8036,OBC-NCL,1505
8037,GEN,
8038,GEN-EWS,904
8039,GEN,
8040,GEN,
8041,GEN,
8042,GEN,
8043,GEN,
8044,GEN,
8045,GEN,
8046,SC,160
8047,GEN,
8048,GEN,
8049,GEN,
8050,GEN,
8051,GEN,
8052,GEN,
8053,GEN,
8054,GEN,
8055,OBC-NCL,1506
8056,GEN,
8057,GEN,
8058,OBC-NCL,1507
8059,GEN,
8060,OBC-NCL,1508
8061,OBC-NCL,1509
8062,GEN-EWS,905
8063,GEN,
8064,OBC-NCL,1510
8065,GEN,
8066,GEN,
8066,GEN,
8068,GEN-EWS,906
8069,GEN,
8070,GEN,
8071,OBC-NCL,1511
8072,OBC-NCL,1512
8073,OBC-NCL,1513
8074,GEN,
8075,GEN,
8076,GEN,
8077,OBC-NCL,1514
8078,GEN,
8079,GEN,
8080,GEN-EWS,907
8081,GEN-EWS,908
8082,GEN,
8083,OBC-NCL,1515
8084,GEN-EWS,909
8085,GEN,
8086,GEN,
8087,GEN,
8088,GEN-EWS,910
8089,GEN-EWS,911
8090,GEN,
8091,GEN,
8092,GEN,
8093,OBC-NCL,1516
8094,OBC-NCL,1517
8095,ST,35
8096,OBC-NCL,1518
8097,GEN,
8098,SC,161
8099,GEN,
8099,GEN-EWS,912
8101,OBC-NCL,1519
8102,GEN,
8103,SC,162
8104,OBC-NCL,1520
8105,OBC-NCL,1521
8106,GEN,
8107,GEN,
8108,OBC-NCL,1522
8109,OBC-NCL,1523
8110,GEN-EWS,913
8111,GEN,
8112,GEN-EWS,914
8113,GEN,
8114,GEN,
8115,GEN,
8116,SC,163
8117,GEN,
8118,GEN,
8119,GEN-EWS,915
8120,GEN-EWS,916
8121,GEN,
8122,OBC-NCL,1524
8123,GEN,
8124,GEN,
8125,GEN,
8126,GEN,
8127,GEN-EWS,917
8128,OBC-NCL,1525
8129,GEN,
8130,GEN,
8131,GEN-EWS,918
8132,GEN,
8133,GEN,
8134,OBC-NCL,1526
8135,GEN-EWS,919
8136,GEN,
8136,GEN,
8138,GEN-EWS,920
8139,GEN-EWS,921
8140,GEN,
8141,GEN,
8142,GEN,
8143,OBC-NCL,1527
8144,GEN,
8145,GEN,
8146,GEN-EWS,922
8147,GEN,
8148,GEN,
8149,GEN,
8150,GEN,
8151,OBC-NCL,1528
8152,OBC-NCL,1529
8153,GEN,
8154,GEN,
8155,OBC-NCL,1530
8156,GEN,
8157,SC,164
8158,GEN-EWS,923
8159,GEN,
8160,GEN,
8161,GEN,
8162,OBC-NCL,1531
8163,GEN,
8164,GEN,
8165,GEN,
8166,GEN-EWS,924
8167,OBC-NCL,1532
8168,OBC-NCL,1533
8169,GEN,
8170,GEN-EWS,925
8171,GEN-EWS,926
8172,OBC-NCL,1534
8173,GEN,
8174,GEN,
8175,GEN,
8176,GEN,
8177,GEN,
8178,GEN,
8179,OBC-NCL,1535
8180,GEN,
8181,GEN,
8182,GEN,
8183,GEN,
8184,GEN,
8185,OBC-NCL,1536
8186,GEN,
8187,GEN,
8188,OBC-NCL,1537
8189,OBC-NCL,1538
8190,GEN,
8191,GEN,
8192,OBC-NCL,1539
8193,GEN,
8194,GEN,
8195,SC,165
8196,OBC-NCL,1540
8197,GEN,
8198,GEN,
8199,GEN,
8200,GEN,
8201,OBC-NCL,1541
8202,GEN,
8203,SC,166
8204,GEN,
8205,GEN-EWS,927
8206,GEN,
8207,GEN,
8208,GEN,
8209,OBC-NCL,1542
8210,OBC-NCL,1543
8211,ST,36
8212,GEN,
8213,OBC-NCL,1544
8214,OBC-NCL,1545
8215,GEN,
8216,GEN,
8217,GEN,
8218,GEN,
8219,ST,37
8220,GEN,
8221,SC,167
8222,GEN,
8223,GEN,
8224,OBC-NCL,1546
8225,GEN,
8226,OBC-NCL,1547
8227,OBC-NCL,1548
8228,GEN-EWS,928
8229,GEN,
8230,GEN,
8231,GEN-EWS,929
8232,OBC-NCL,1549
8233,SC,168
8234,ST,38
8235,GEN,
8236,GEN,
8237,GEN-EWS,930
8238,OBC-NCL,1550
8239,GEN,
8240,GEN,
8241,SC,169
8242,GEN,
8243,GEN,
8244,GEN,
8245,GEN,
8246,OBC-NCL,1551
8247,GEN,
8248,OBC-NCL,1552
8249,GEN,
8250,OBC-NCL,1553
8251,GEN,
8252,GEN-EWS,931
8253,GEN,
8254,OBC-NCL,1554
8255,OBC-NCL,1555
8256,GEN,
8257,GEN,
8258,OBC-NCL,1556
8259,GEN,
8260,GEN,
8261,GEN,
8262,OBC-NCL,1557
8263,GEN,
8264,GEN,
8265,OBC-NCL,1558
8266,GEN,
8267,GEN,
8268,GEN,
8269,GEN,
8270,GEN-EWS,932
8271,ST,39
8272,GEN-EWS,933
8273,OBC-NCL,1559
8274,GEN,
8275,GEN,
8276,GEN-EWS,934
8277,GEN,
8278,OBC-NCL,1560
8279,GEN,
8280,GEN,
8281,OBC-NCL,1561
8282,GEN,
8283,OBC-NCL,1562
8284,GEN,
8285,OBC-NCL,1563
8286,OBC-NCL,1564
8287,GEN,
8288,GEN,
8289,OBC-NCL,1565
8290,GEN,
8291,GEN,
8292,OBC-NCL,1566
8293,GEN,
8294,GEN,
8295,GEN-EWS,935
8296,GEN-EWS,936
8297,OBC-NCL,1567
8298,GEN-EWS,937
8299,OBC-NCL,1568
8300,OBC-NCL,1569
8301,GEN,
8302,GEN,
8303,GEN,
8304,OBC-NCL,1570
8305,GEN,
8306,GEN,
8307,GEN,
8308,OBC-NCL,1571
8309,OBC-NCL,1572
8310,GEN,
8311,GEN,
8312,GEN,
8313,GEN-EWS,938
8314,OBC-NCL,1573
8315,OBC-NCL,1574
8316,GEN,
8317,GEN,
8318,OBC-NCL,1575
8319,GEN,
8320,GEN,
8321,GEN-EWS,939
8322,GEN,
8323,OBC-NCL,1576
8324,GEN-EWS,940
8325,GEN,
8326,GEN,
8327,GEN,
8328,OBC-NCL,1577
8329,GEN,
8330,GEN,
8331,GEN,
8332,GEN,
8333,GEN,
8334,OBC-NCL,1578
8335,GEN,
8336,GEN-EWS,941
8337,GEN,
8338,GEN,
8339,GEN,
8340,GEN,
8341,OBC-NCL,1579
8342,OBC-NCL,1580
8343,OBC-NCL,1581
8344,OBC-NCL,1582
8345,GEN,
8346,GEN,
8347,GEN,
8348,GEN,
8349,GEN-EWS,942
8350,GEN,
8351,GEN-EWS,943
8352,GEN,
8353,GEN-EWS,944
8354,GEN-EWS,945
8355,GEN-EWS,946
8356,GEN-EWS,947
8357,GEN-EWS,948
8358,OBC-NCL,1583
8359,SC,170
8360,GEN,
8361,GEN,
8362,OBC-NCL,1584
8363,GEN,
8364,OBC-NCL,1585
8365,GEN,
8366,GEN,
8367,GEN-EWS,949
8368,GEN,
8369,OBC-NCL,1586
8370,GEN,
8371,OBC-NCL,1587
8372,OBC-NCL,1588
8373,GEN-EWS,950
8374,GEN-EWS,951
8375,GEN,
8376,OBC-NCL,1589
8377,GEN,
8378,GEN-EWS,952
8379,GEN,
8380,SC,171
8381,GEN,
8382,GEN,
8383,OBC-NCL,1590
8384,GEN,
8385,GEN,
8386,GEN,
8387,GEN-EWS,953
8388,GEN,
8389,GEN,
8390,GEN,
8391,GEN,
8392,GEN-EWS,954
8393,OBC-NCL,1591
8394,GEN,
8395,OBC-NCL,1592
8396,GEN,
8397,GEN,
8398,GEN,
8399,GEN,
8400,GEN,
8401,GEN,
8402,GEN,
8403,GEN,
8404,GEN-EWS,955
8405,OBC-NCL,1593
8406,SC,172
8407,GEN,
8408,GEN,
8409,OBC-NCL,1594
8410,GEN,
8411,GEN,
8412,OBC-NCL,1595
8413,OBC-NCL,1596
8414,GEN-EWS,956
8415,GEN,
8416,OBC-NCL,1597
8417,GEN,
8418,GEN-EWS,957
8419,GEN,
8420,GEN,
8421,GEN,
8422,GEN,
8423,GEN,
8424,GEN,
8425,GEN-EWS,958
8426,GEN,
8427,GEN,
8428,OBC-NCL,1598
8429,GEN,
8430,GEN,
8431,OBC-NCL,1599
8432,GEN-EWS,959
8433,OBC-NCL,1600
8434,OBC-NCL,1601
8435,GEN,
8436,OBC-NCL,1602
8437,GEN,
8438,GEN,
8439,GEN,
8440,GEN,
8441,GEN-EWS,960
8442,GEN,
8443,OBC-NCL,1603
8444,GEN,
8445,GEN,
8446,OBC-NCL,1604
8447,GEN,
8448,GEN,
8449,GEN,
8450,GEN,
8451,GEN,
8452,GEN,
8453,GEN-EWS,961
8454,GEN,
8455,GEN-EWS,962
8456,GEN-EWS,963
8457,GEN,
8458,GEN,
8459,GEN-EWS,964
8460,OBC-NCL,1605
8461,GEN,
8462,OBC-NCL,1606
8463,OBC-NCL,1607
8464,GEN,
8465,SC,173
8466,OBC-NCL,1608
8467,GEN-EWS,965
8468,GEN,
8469,GEN,
8470,OBC-NCL,1609
8471,GEN,
8472,GEN,
8473,GEN,
8474,GEN,
8475,OBC-NCL,1610
8476,OBC-NCL,1611
8477,GEN-EWS,966
8478,OBC-NCL,1612
8479,GEN,
8480,GEN,
8481,GEN,
8482,GEN,
8483,GEN,
8484,OBC-NCL,1613
8485,OBC-NCL,1614
8486,GEN,
8487,GEN,
8488,OBC-NCL,1615
8489,OBC-NCL,1616
8490,GEN,
8491,SC,174
8492,GEN,
8493,GEN-EWS,967
8494,GEN,
8495,GEN,
8496,GEN,
8497,GEN,
8498,GEN-EWS,968
8499,GEN,
8500,GEN-EWS,969
8501,OBC-NCL,1617
8502,GEN,
8503,GEN,
8504,OBC-NCL,1618
8505,OBC-NCL,1619
8506,GEN,
8507,GEN,
8508,OBC-NCL,1620
8509,GEN,
8510,OBC-NCL,1621
8511,OBC-NCL,1622
8512,GEN,
8513,GEN-EWS,1623
8514,GEN-EWS,970
8515,GEN,
8516,GEN,
8517,GEN-EWS,971
8518,OBC-NCL,1624
8519,GEN,
8520,GEN,
8521,GEN-EWS,972
8522,OBC-NCL,1625
8523,OBC-NCL,1626
8524,GEN,
8525,GEN,
8526,GEN,
8527,GEN,
8528,GEN,
8529,GEN,
8530,OBC-NCL,1627
8531,OBC-NCL,1628
8532,GEN,
8533,GEN,
8534,GEN-EWS,973
8535,OBC-NCL,1629
8536,OBC-NCL,1630
8537,GEN,
8538,GEN,
8539,GEN,
8540,GEN,
8541,OBC-NCL,1631
8542,GEN,
8543,GEN,
8544,GEN,
8545,GEN,
8546,GEN,
8547,OBC-NCL,1632
8548,GEN,
8549,OBC-NCL,1633
8550,GEN-EWS,974
8551,GEN,
8552,SC,175
8553,GEN,
8554,GEN,
8555,GEN,
8556,GEN,
8557,GEN-EWS,975
8558,GEN,
8559,GEN,
8560,GEN,
8561,OBC-NCL,1634
8562,GEN-EWS,976
8563,GEN,
8564,OBC-NCL,1635
8565,GEN,
8566,GEN,
8567,GEN-EWS,977
8568,GEN,
8569,GEN,
8570,GEN,
8571,GEN,
8572,GEN,
8573,GEN,
8574,GEN,
8575,OBC-NCL,1636
8576,GEN,
8577,GEN,
8578,GEN,
8579,OBC-NCL,1637
8580,GEN,
8581,GEN,
8582,GEN,
8583,GEN,
8584,OBC-NCL,1638
8585,OBC-NCL,1639
8586,GEN-EWS,978
8587,OBC-NCL,1640
8588,OBC-NCL,1641
8589,GEN,
8590,GEN-EWS,979
8591,GEN,
8592,GEN,
8593,GEN-EWS,980
8594,GEN-EWS,981
8595,OBC-NCL,1642
8596,GEN,
8597,OBC-NCL,1643
8598,GEN,
8599,GEN-EWS,982
8600,GEN,
8601,OBC-NCL,1644
8602,OBC-NCL,1645
8603,GEN,
8604,GEN,
8605,GEN,
8606,GEN,
8607,GEN,
8608,SC,176
8609,OBC-NCL,1646
8610,OBC-NCL,1647
8611,GEN,
8612,GEN,
8613,SC,177
8614,GEN,
8615,GEN,
8616,GEN,
8617,GEN,
8618,GEN-EWS,983
8619,OBC-NCL,1648
8620,OBC-NCL,1649
8621,GEN,
8622,GEN,
8623,GEN,
8624,GEN,
8625,OBC-NCL,1650
8626,GEN,
8627,GEN-EWS,984
8628,OBC-NCL,1651
8629,GEN,
8630,OBC-NCL,1652
8631,GEN-EWS,985
8632,GEN-EWS,986
8633,OBC-NCL,1653
8634,OBC-NCL,1654
8635,SC,178
8636,GEN,
8637,GEN,
8638,GEN-EWS,987
8639,OBC-NCL,1655
8640,OBC-NCL,1656
8641,OBC-NCL,1657
8642,GEN,
8643,GEN-EWS,988
8644,GEN,
8645,OBC-NCL,1658
8646,GEN,
8647,GEN-EWS,989
8648,GEN-EWS,990
8649,GEN,
8650,GEN,
8651,OBC-NCL,1659
8652,OBC-NCL,1660
8653,GEN,
8654,GEN,
8655,GEN,
8656,OBC-NCL,1661
8657,OBC-NCL,1662
8658,GEN,
8659,OBC-NCL,1663
8660,GEN-EWS,991
8661,GEN,
8662,GEN,
8663,GEN,
8664,GEN,
8665,GEN,
8666,GEN-EWS,992
8667,GEN,
8668,GEN,
8669,GEN,
8670,GEN-EWS,993
8671,OBC-NCL,1664
8672,GEN,
8673,GEN-EWS,994
8674,GEN,
8675,GEN,
8676,GEN-EWS,995
8677,GEN,
8678,GEN,
8679,GEN,
8680,GEN,
8681,GEN,
8682,GEN,
8683,GEN,
8684,GEN,
8685,GEN,
8686,GEN,
8687,GEN,
8688,OBC-NCL,1665
8689,GEN,
8690,GEN,
8691,GEN-EWS,996
8692,OBC-NCL,1666
8693,GEN,
8694,OBC-NCL,1667
8695,GEN,
8696,GEN-EWS,997
8697,GEN,
8698,GEN,
8699,OBC-NCL,1668
8700,GEN-EWS,998
8701,GEN,
8702,GEN,
8703,OBC-NCL,1669
8704,GEN,
8705,OBC-NCL,1670
8706,GEN,
8707,GEN,
8708,GEN,
8709,GEN-EWS,999
8710,GEN,
8711,GEN,
8712,OBC-NCL,1671
8713,GEN,
8714,GEN,
8715,GEN,
8716,GEN,
8717,GEN,
8718,GEN,
8719,GEN,
8720,GEN,
8721,GEN,
8722,SC,179
8723,GEN,
8724,GEN-EWS,1000
8725,OBC-NCL,1672
8726,OBC-NCL,1673
8727,GEN-EWS,1001
8728,GEN,
8729,GEN,
8730,GEN,
8731,GEN,
8732,GEN,
8733,GEN,
8734,OBC-NCL,1674
8735,OBC-NCL,1675
8736,GEN,
8737,GEN,
8738,GEN,
8739,GEN,
8740,OBC-NCL,1676
8741,GEN,
8742,OBC-NCL,1677
8743,GEN-EWS,1002
8744,GEN,
8745,GEN,
8746,OBC-NCL,1678
8747,GEN-EWS,1003
8748,OBC-NCL,1679
8749,GEN,
8750,GEN-EWS,1004
8751,GEN,
8752,GEN,
8753,GEN-EWS,1005
8754,GEN-EWS,1006
8755,GEN-EWS,1007
8756,GEN,
8757,GEN,
8758,GEN,
8759,OBC-NCL,1680
8760,GEN,
8761,GEN,
8762,GEN-EWS,1008
8763,GEN-EWS,1009
8764,GEN-EWS,1010
8765,GEN,
8766,GEN,
8767,ST,40
8768,GEN,
8769,GEN,
8770,GEN-EWS,1011
8771,GEN,
8772,OBC-NCL,1681
8773,GEN-EWS,1012
8774,GEN,
8775,GEN,
8776,OBC-NCL,1682
8777,GEN,
8778,GEN,
8779,GEN,
8780,OBC-NCL,1683
8781,GEN,
8782,OBC-NCL,1684
8783,GEN,
8784,GEN-EWS,1013
8785,GEN,
8786,OBC-NCL,1685
8787,GEN,
8788,GEN-EWS,1014
8789,GEN,
8790,GEN,
8791,GEN-EWS,1015
8792,GEN,
8793,GEN-EWS,1016
8794,GEN,
8795,GEN,
8796,GEN,
8797,GEN,
8797,OBC-NCL,1686
8799,OBC-NCL,1687
8800,GEN,
8801,OBC-NCL,1688
8802,GEN,
8803,GEN-EWS,1017
8804,OBC-NCL,1689
8805,GEN,
8806,GEN,
8807,OBC-NCL,1690
8808,GEN,
8809,OBC-NCL,1691
8810,GEN,
8811,GEN-EWS,1018
8812,GEN-EWS,1019
8813,GEN,
8814,GEN-EWS,1020
8815,GEN-EWS,1021
8816,GEN,
8817,OBC-NCL,1692
8818,OBC-NCL,1693
8819,GEN,
8820,GEN-EWS,1022
8821,GEN,
8822,GEN,
8823,GEN,
8824,GEN-EWS,1023
8825,OBC-NCL,1694
8826,GEN,
8827,GEN,
8828,OBC-NCL,1695
8829,GEN,
8830,GEN,
8831,GEN,
8832,GEN,
8833,GEN,
8834,GEN,
8835,GEN,
8836,GEN,
8837,GEN,
8838,GEN,
8839,GEN,
8840,OBC-NCL,1696
8841,GEN-EWS,1024
8842,GEN,
8843,OBC-NCL,1697
8844,GEN,
8845,OBC-NCL,1698
8846,GEN,
8847,GEN,
8848,GEN-EWS,1025
8849,GEN,
8850,OBC-NCL,1699
8851,GEN,
8852,GEN,
8853,SC,180
8854,GEN-EWS,1026
8855,GEN,
8856,GEN,
8857,OBC-NCL,1700
8858,OBC-NCL,1701
8859,OBC-NCL,1702
8860,GEN,
8861,OBC-NCL,1703
8862,GEN,
8863,GEN,
8864,GEN,
8865,GEN,
8866,GEN,
8867,GEN,
8868,GEN,
8869,GEN-EWS,1027
8870,OBC-NCL,1704
8871,SC,181
8872,OBC-NCL,1705
8873,GEN,
8874,OBC-NCL,1706
8875,GEN,
8876,GEN,
8877,OBC-NCL,1707
8878,GEN,
8879,GEN,
8880,OBC-NCL,1708
8881,GEN,
8882,OBC-NCL,1709
8883,GEN,
8884,GEN,
8885,GEN,
8886,GEN,
8887,GEN,
8888,GEN,
8889,SC,182
8890,GEN,
8891,GEN,
8892,OBC-NCL,1710
8893,GEN,
8894,GEN,
8895,GEN,
8896,SC,183
8897,GEN,
8898,GEN-EWS,1028
8899,GEN-EWS,1029
8900,GEN,
8901,GEN,
8902,OBC-NCL,1711
8903,GEN,
8904,GEN,
8905,GEN-EWS,1030
8906,GEN,
8907,GEN-EWS,1031
8908,GEN,
8909,SC,184
8910,GEN,
8911,GEN,
8912,GEN,
8913,GEN,
8914,GEN,
8915,GEN,
8916,GEN,
8917,OBC-NCL,1712
8918,GEN,
8919,GEN,
8920,OBC-NCL,1713
8921,GEN,
8922,GEN,
8923,GEN,
8924,GEN,
8925,GEN,
8926,ST,41
8927,OBC-NCL,1714
8928,GEN,
8929,GEN-EWS,1032
8930,OBC-NCL,1715
8931,OBC-NCL,1716
8932,GEN,
8933,GEN,
8934,OBC-NCL,1717
8935,OBC-NCL,1718
8936,GEN,
8937,GEN,
8938,GEN-EWS,1033
8939,OBC-NCL,1719
8940,GEN,
8941,GEN-EWS,1034
8942,GEN,
8943,GEN,
8944,GEN,
8945,GEN,
8946,GEN,
8947,GEN,
8948,GEN,
8949,GEN,
8950,GEN,
8951,GEN,
8952,GEN-EWS,1035
8953,GEN,
8954,GEN,
8955,GEN,
8956,OBC-NCL,1720
8957,GEN-EWS,1036
8958,OBC-NCL,1721
8959,GEN-EWS,1037
8960,OBC-NCL,1722
8961,GEN,
8962,GEN,
8963,GEN-EWS,1038
8964,GEN,
8965,GEN,
8966,OBC-NCL,1723
8967,OBC-NCL,1724
8968,GEN,
8969,GEN,
8970,GEN,
8971,OBC-NCL,1725
8972,OBC-NCL,1726
8973,GEN,
8974,OBC-NCL,1727
8975,OBC-NCL,1728
8976,GEN,
8977,GEN,
8978,GEN,
8979,GEN,
8980,GEN,
8981,OBC-NCL,1729
8982,OBC-NCL,1730
8983,GEN,
8984,OBC-NCL,1731
8985,GEN,
8986,GEN,
8987,OBC-NCL,1732
8988,GEN,
8989,GEN,
8990,GEN,
8991,GEN-EWS,1039
8992,GEN,
8993,GEN,
8994,GEN,
8995,GEN,
8996,GEN,
8997,GEN,
8998,OBC-NCL,1733
8999,GEN,
9000,GEN,
9001,GEN,
9002,GEN,
9003,OBC-NCL,1734
9004,GEN,
9005,GEN,
9006,OBC-NCL,1735
9007,GEN,
9008,GEN,
9009,SC,185
9010,GEN,
9011,GEN,
9012,OBC-NCL,1736
9013,OBC-NCL,1737
9014,GEN-EWS,1041
9015,GEN,
9016,GEN-EWS,1042
9017,OBC-NCL,1738
9018,GEN,
9019,GEN,
9020,GEN,
9021,GEN,
9022,GEN,
9023,GEN,
9024,SC,186
9025,GEN-EWS,1043
9026,GEN,
9027,GEN,
9028,OBC-NCL,1739
9029,GEN,
9030,OBC-NCL,1740
9031,GEN-EWS,1044
9032,GEN,
9033,GEN-EWS,1045
9034,GEN-EWS,1046
9035,GEN,
9036,GEN,
9037,GEN,
9038,GEN-EWS,1047
9039,OBC-NCL,1741
9040,OBC-NCL,1742
9041,GEN,
9042,GEN-EWS,1048
9043,OBC-NCL,1743
9044,GEN-EWS,1049
9045,GEN,
9046,OBC-NCL,1744
9047,GEN,
9048,GEN,
9049,GEN-EWS,1050
9050,GEN,
9051,OBC-NCL,1745
9052,GEN,
9053,GEN,
9054,GEN,
9055,GEN,
9056,GEN,
9057,OBC-NCL,1746
9058,OBC-NCL,1747
9059,GEN,
9060,OBC-NCL,1748
9061,GEN,
9062,GEN-EWS,1051
9063,GEN,
9064,GEN,
9065,GEN,
9066,GEN-EWS,1052
9067,OBC-NCL,1749
9068,GEN,
9069,GEN,
9070,GEN,
9071,OBC-NCL,1750
9072,OBC-NCL,1751
9073,GEN,
9074,OBC-NCL,1752
9075,GEN,
9076,GEN,
9077,GEN,
9078,GEN-EWS,1053
9079,GEN-EWS,1054
9080,OBC-NCL,1753
9081,GEN,
9082,GEN,
9083,GEN,
9084,OBC-NCL,1754
9085,GEN,
9086,GEN,
9087,GEN,
9088,GEN,
9089,GEN,
9090,GEN,
9091,GEN,
9092,GEN-EWS,1055
9093,GEN-EWS,1056
9094,GEN,
9095,OBC-NCL,1755
9096,OBC-NCL,1756
9097,GEN,
9098,GEN,
9099,SC,187
9100,GEN,
9101,GEN,
9102,OBC-NCL,1757
9103,GEN,
9104,OBC-NCL,1758
9105,GEN,
9106,ST,42
9107,GEN,
9108,GEN,
9109,GEN,
9110,GEN,
9111,GEN,
9112,GEN,
9113,GEN,
9114,GEN,
9115,GEN-EWS,1057
9116,GEN,
9117,GEN,
9118,GEN,
9119,OBC-NCL,1759
9120,OBC-NCL,1760
9121,GEN-EWS,1058
9122,GEN,
9123,GEN,
9124,GEN,
9125,GEN,
9126,OBC-NCL,1761
9127,OBC-NCL,1762
9128,SC,188
9129,GEN-EWS,1059
9130,GEN,
9131,GEN,
9132,OBC-NCL,1763
9133,GEN,
9134,GEN-EWS,1060
9135,GEN,
9136,OBC-NCL,1764
9137,GEN,
9138,GEN-EWS,1061
9139,OBC-NCL,1765
9140,OBC-NCL,1766
9141,GEN,
9142,GEN,
9143,GEN-EWS,1062
9144,GEN,
9145,GEN,
9146,GEN,
9147,GEN,
9148,GEN-EWS,1063
9149,OBC-NCL,1767
9150,ST,43
9151,OBC-NCL,1768
9152,GEN,
9153,GEN,
9154,OBC-NCL,1769
9155,SC,189
9156,GEN,
9157,GEN,
9158,OBC-NCL,1770
9159,GEN,
9160,GEN,
9161,GEN,
9162,GEN,
9163,GEN,
9164,OBC-NCL,1771
9165,GEN,
9166,GEN,
9167,SC,190
9168,GEN,
9169,GEN,
9170,GEN,
9171,OBC-NCL,1772
9172,GEN,
9173,GEN,
9174,GEN,
9175,GEN,
9176,GEN,
9177,GEN,
9178,OBC-NCL,1773
9179,GEN,
9180,GEN-EWS,1064
9181,GEN,
9182,OBC-NCL,1774
9183,GEN,
9184,GEN-EWS,1065
9185,GEN,
9186,GEN,
9187,OBC-NCL,1775
9188,GEN,
9189,SC,191
9190,GEN,
9191,OBC-NCL,1776
9192,GEN,
9193,OBC-NCL,1777
9194,SC,192
9195,GEN,
9196,GEN,
9197,GEN,
9198,GEN,
9199,OBC-NCL,1778
9200,GEN-EWS,1066
9201,GEN,
9202,GEN,
9203,GEN-EWS,1067
9204,GEN,
9205,SC,193
9206,GEN,
9207,GEN,
9208,OBC-NCL,1779
9209,SC,194
9210,OBC-NCL,1780
9211,GEN-EWS,1068
9212,GEN,
9213,GEN,
9214,GEN,
9215,OBC-NCL,1781
9216,GEN,
9217,OBC-NCL,1782
9218,GEN-EWS,1069
9219,GEN-EWS,1070
9220,OBC-NCL,1783
9221,OBC-NCL,1784
9222,GEN,
9223,GEN,
9224,GEN,
9225,OBC-NCL,1785
9226,GEN,
9227,GEN,
9228,GEN,
9229,GEN,
9230,GEN-EWS,1071
9231,SC,195
9232,GEN-EWS,1072
9233,OBC-NCL,1786
9234,GEN,
9235,GEN,
9236,GEN-EWS,1073
9237,GEN,
9238,GEN-EWS,1074
9239,OBC-NCL,1787
9240,GEN,
9241,GEN,
9242,GEN,
9243,GEN-EWS,1075
9244,GEN,
9245,GEN,
9246,SC,196
9247,GEN,
9248,OBC-NCL,1788
9249,GEN,
9250,OBC-NCL,1789
9251,OBC-NCL,1790
9252,OBC-NCL,1791
9253,OBC-NCL,1792
9254,GEN-EWS,1076
9255,GEN,
9256,GEN,
9257,GEN,
9258,GEN,
9259,GEN,
9260,GEN,
9261,OBC-NCL,1793
9262,OBC-NCL,1794
9263,GEN,
9264,GEN-EWS,1077
9265,GEN,
9266,GEN,
9267,GEN,
9268,GEN,
9269,GEN,
9270,GEN-EWS,1078
9271,GEN,
9272,GEN,
9273,OBC-NCL,1795
9274,GEN,
9275,GEN,
9276,GEN-EWS,1079
9277,GEN-EWS,1080
9278,GEN-EWS,1081
9279,GEN,
9280,GEN-EWS,1082
9281,GEN,
9282,GEN-EWS,1083
9283,GEN,
9284,GEN,
9285,OBC-NCL,1796
9286,GEN-EWS,1084
9287,OBC-NCL,1797
9288,OBC-NCL,1798
9289,GEN,
9290,GEN-EWS,1085
9291,GEN,
9292,OBC-NCL,1799
9293,GEN,
9294,GEN,
9295,GEN,
9296,OBC-NCL,1800
9297,GEN-EWS,1086
9298,GEN,
9299,GEN,
9300,GEN,
9301,GEN,
9302,GEN-EWS,1087
9303,GEN,
9304,GEN,
9305,OBC-NCL,1801
9306,OBC-NCL,1802
9307,GEN-EWS,1088
9308,SC,197
9309,GEN,
9310,OBC-NCL,1803
9311,GEN,
9312,GEN-EWS,1089
9313,OBC-NCL,1804
9314,GEN,
9315,GEN,
9316,OBC-NCL,1805
9317,OBC-NCL,1806
9318,GEN,
9319,GEN-EWS,1090
9320,OBC-NCL,1807
9321,GEN-EWS,1091
9322,OBC-NCL,1808
9323,GEN-EWS,1092
9324,SC,198
9325,GEN-EWS,1093
9326,GEN,
9327,OBC-NCL,1809
9328,GEN,
9329,GEN,
9330,OBC-NCL,1810
9331,OBC-NCL,1811
9332,OBC-NCL,1812
9333,GEN,
9334,OBC-NCL,1813
9335,OBC-NCL,1814
9336,GEN,
9337,GEN,
9338,GEN,
9339,GEN,
9340,OBC-NCL,1815
9341,GEN,
9342,GEN,
9343,OBC-NCL,1816
9344,SC,199
9345,GEN-EWS,1094
9346,GEN,
9347,GEN,
9348,GEN,
9349,GEN,
9350,GEN,
9351,GEN-EWS,1095
9352,GEN,
9353,GEN,
9354,GEN,
9355,GEN,
9356,OBC-NCL,1817
9357,GEN,
9358,GEN,
9359,GEN-EWS,1096
9360,OBC-NCL,1818
9361,GEN,
9362,OBC-NCL,1819
9363,OBC-NCL,1820
9364,GEN,
9365,GEN,
9366,GEN,
9367,OBC-NCL,1821
9368,OBC-NCL,1822
9369,GEN,
9370,GEN,
9371,SC,200
9372,OBC-NCL,1823
9373,GEN,
9374,GEN-EWS,1097
9375,GEN,
9376,GEN,
9377,GEN,
9378,GEN,
9379,GEN-EWS,1098
9380,GEN,
9381,GEN,
9382,GEN,
9383,OBC-NCL,1824
9384,GEN-EWS,1099
9385,GEN,
9386,OBC-NCL,1825
9387,GEN,
9388,GEN,
9389,GEN-EWS,1100
9390,GEN,
9391,GEN,
9392,OBC-NCL,1826
9393,GEN,
9394,GEN,
9395,OBC-NCL,1827
9396,GEN,
9397,GEN-EWS,1101
9398,GEN,
9399,GEN,
9400,OBC-NCL,1828
9401,OBC-NCL,1829
9402,GEN,
9403,GEN,
9404,GEN-EWS,1102
9405,GEN,
9406,GEN-EWS,1103
9407,GEN-EWS,1104
9408,GEN,
9409,GEN,
9410,OBC-NCL,1830
9411,OBC-NCL,1831
9412,GEN,
9413,OBC-NCL,1832
9414,GEN,
9415,OBC-NCL,1833
9416,GEN,
9417,GEN,
9418,GEN-EWS,1105
9419,SC,201
9420,GEN,
9421,GEN,
9422,SC,202
9423,GEN,
9424,GEN-EWS,1106
9425,GEN,
9426,GEN-EWS,1107
9427,GEN-EWS,1108
9428,GEN,
9429,GEN,
9430,GEN,
9431,GEN,
9432,GEN,
9433,GEN,
9434,GEN,
9435,GEN,
9436,OBC-NCL,1834
9437,GEN,
9438,GEN-EWS,1109
9439,GEN-EWS,1110
9440,GEN,
9441,OBC-NCL,1835
9442,OBC-NCL,1836
9443,GEN-EWS,1111
9444,SC,203
9445,GEN,
9446,GEN,
9447,GEN,
9448,SC,204
9449,GEN-EWS,1112
9450,GEN,
9451,GEN-EWS,1113
9452,GEN,
9453,GEN,
9454,OBC-NCL,1837
9455,GEN,
9456,GEN,
9457,GEN,
9458,OBC-NCL,1838
9459,GEN,
9460,GEN-EWS,1114
9461,GEN,
9462,OBC-NCL,1839
9463,GEN,
9464,OBC-NCL,1840
9465,OBC-NCL,1841
9466,OBC-NCL,1842
9467,GEN-EWS,1115
9468,GEN,
9469,GEN,
9470,SC,205
9471,GEN,
9472,GEN,
9473,GEN-EWS,1116
9474,OBC-NCL,1843
9475,OBC-NCL,1844
9476,GEN,
9477,GEN,
9478,SC,206
9479,GEN-EWS,1117
9480,GEN,
9481,GEN,
9482,OBC-NCL,1845
9483,GEN-EWS,1118
9484,GEN-EWS,1119
9485,GEN,
9486,OBC-NCL,1846
9487,OBC-NCL,1847
9488,GEN,
9489,OBC-NCL,1848
9490,GEN,
9491,GEN-EWS,1120
9492,GEN,
9493,ST,44
9494,GEN-EWS,1121
9495,GEN,
9496,GEN,
9497,GEN,
9498,GEN,
9499,GEN-EWS,1122
9500,GEN-EWS,1123
9501,OBC-NCL,1849
9502,GEN,
9503,OBC-NCL,1850
9504,GEN,
9505,GEN,
9506,GEN,
9507,OBC-NCL,1851
9508,GEN,
9509,GEN-EWS,1124
9510,GEN,
9511,GEN-EWS,1125
9512,GEN-EWS,1126
9513,GEN,
9514,GEN,
9515,GEN,
9516,OBC-NCL,1852
9517,OBC-NCL,1853
9518,OBC-NCL,1854
9519,GEN,
9520,GEN,
9521,OBC-NCL,1855
9522,GEN,
9523,GEN,
9524,GEN,
9525,SC,207
9526,GEN,
9527,GEN-EWS,1127
9528,OBC-NCL,1856
9529,OBC-NCL,1857
9530,GEN,
9531,GEN,
9532,OBC-NCL,1858
9533,GEN,
9534,OBC-NCL,1859
9535,GEN,
9536,GEN,
9537,GEN,
9538,GEN,
9539,GEN,
9540,GEN,
9541,GEN,
9542,OBC-NCL,1860
9543,GEN,
9544,GEN-EWS,1128
9545,GEN-EWS,1129
9546,GEN,
9547,GEN,
9548,OBC-NCL,1861
9549,GEN-EWS,1130
9550,SC,208
9551,OBC-NCL,1862
9552,GEN,
9553,GEN-EWS,1131
9554,GEN,
9555,GEN,
9556,GEN-EWS,1132
9557,GEN,
9558,OBC-NCL,1863
9559,GEN,
9560,OBC-NCL,1864
9561,OBC-NCL,1865
9562,GEN-EWS,1133
9563,GEN,
9564,GEN,
9565,OBC-NCL,1866
9566,GEN-EWS,1134
9567,GEN,
9568,GEN,
9569,GEN-EWS,1135
9570,OBC-NCL,1867
9571,GEN,
9572,OBC-NCL,1868
9573,OBC-NCL,1869
9574,GEN,
9575,GEN-EWS,1136
9576,OBC-NCL,1870
9577,OBC-NCL,1871
9578,OBC-NCL,1872
9579,OBC-NCL,1873
9580,GEN,
9581,GEN,
9582,GEN-EWS,1137
9583,GEN,
9584,GEN-EWS,1138
9585,OBC-NCL,1874
9586,GEN,
9586,GEN,
9588,GEN,
9589,OBC-NCL,1875
9590,GEN,
9591,GEN,
9592,OBC-NCL,1876
9593,GEN,
9594,GEN,
9595,GEN,
9596,GEN,
9597,GEN-EWS,1139
9598,GEN,
9599,GEN-EWS,1140
9600,GEN-EWS,1141
9601,GEN,
9602,GEN-EWS,1142
9603,OBC-NCL,1877
9604,OBC-NCL,1878
9605,GEN,
9606,OBC-NCL,1879
9607,OBC-NCL,1880
9608,GEN,
9609,OBC-NCL,1881
9610,GEN,
9611,GEN,
9612,OBC-NCL,1882
9613,SC,209
9614,GEN-EWS,1143
9615,GEN,
9616,GEN-EWS,1144
9617,GEN,
9618,GEN,
9619,GEN,
9620,GEN,
9621,GEN,
9622,GEN,
9623,OBC-NCL,1883
9624,GEN,
9625,OBC-NCL,1884
9626,GEN,
9627,GEN,
9628,GEN,
9629,GEN,
9630,OBC-NCL,1885
9631,OBC-NCL,1886
9632,OBC-NCL,1887
9633,GEN-EWS,1145
9634,OBC-NCL,1888
9635,OBC-NCL,1889
9636,GEN,
9637,GEN,
9638,GEN-EWS,1146
9639,GEN,
9640,OBC-NCL,1890
9641,GEN,
9642,GEN,
9643,SC,210
9644,SC,211
9645,GEN,
9646,GEN-EWS,1147
9647,GEN,
9648,GEN,
9649,GEN,
9650,GEN,
9651,GEN,
9652,OBC-NCL,1891
9653,OBC-NCL,1892
9654,GEN,
9655,GEN,
9656,GEN,
9657,OBC-NCL,1893
9658,GEN,
9659,GEN-EWS,1148
9660,GEN,
9661,GEN,
9662,GEN,
9663,OBC-NCL,1894
9664,GEN-EWS,1149
9665,GEN,
9666,GEN,
9667,SC,212
9668,GEN,
9669,OBC-NCL,1895
9670,OBC-NCL,1896
9671,OBC-NCL,1897
9672,SC,213
9673,GEN,
9674,GEN,
9675,GEN,
9676,GEN-EWS,1150
9677,GEN,
9678,OBC-NCL,1898
9679,GEN,
9680,OBC-NCL,1899
9681,GEN,
9682,GEN-EWS,1151
9683,OBC-NCL,1900
9684,OBC-NCL,1901
9685,GEN,
9686,GEN,
9687,OBC-NCL,1902
9688,ST,45
9689,GEN,
9690,GEN,
9691,GEN,
9692,GEN,
9693,GEN,
9694,GEN-EWS,1152
9695,GEN,
9696,GEN,
9697,GEN,
9698,GEN-EWS,1153
9699,GEN-EWS,1154
9700,OBC-NCL,1903
9701,GEN,
9702,GEN,
9703,GEN,
9704,OBC-NCL,1904
9705,OBC-NCL,1905
9706,OBC-NCL,1906
9707,OBC-NCL,1907
9708,GEN-EWS,1155
9709,GEN,
9710,GEN,
9711,OBC-NCL,1908
9712,OBC-NCL,1909
9713,GEN,
9714,OBC-NCL,1910
9715,GEN-EWS,1156
9716,GEN,
9717,GEN-EWS,1157
9718,GEN,
9719,GEN-EWS,1158
9720,GEN,
9721,OBC-NCL,1911
9722,OBC-NCL,1912
9723,GEN,
9724,GEN,
9725,GEN,
9726,OBC-NCL,1913
9727,GEN,
9728,OBC-NCL,1914
9729,OBC-NCL,1915
9730,SC,214
9731,GEN,
9732,OBC-NCL,1916
9733,GEN,
9734,OBC-NCL,1917
9735,OBC-NCL,1918
9736,OBC-NCL,1919
9737,GEN,
9738,GEN,
9739,GEN,
9740,GEN,
9741,OBC-NCL,1920
9742,GEN,
9743,OBC-NCL,1921
9744,GEN,
9745,OBC-NCL,1922
9746,GEN,
9747,GEN,
9748,OBC-NCL,1923
9749,OBC-NCL,1924
9750,OBC-NCL,1925
9751,GEN,
9752,OBC-NCL,1926
9753,GEN,
9754,GEN,
9755,OBC-NCL,1927
9756,GEN,
9757,GEN-EWS,1159
9758,GEN,
9759,OBC-NCL,1928
9760,GEN,
9761,GEN,
9762,OBC-NCL,1929
9763,GEN,
9764,GEN,
9765,GEN,
9766,GEN-EWS,1160
9767,GEN,
9768,GEN,
9769,OBC-NCL,1930
9770,GEN,
9771,GEN,
9772,SC,215
9773,GEN-EWS,1161
9774,GEN,
9775,GEN,
9776,OBC-NCL,1931
9777,GEN-EWS,1162
9778,GEN,
9779,GEN,
9780,GEN,
9781,GEN,
9782,GEN-EWS,1163
9783,OBC-NCL,1932
9784,GEN,
9785,GEN,
9786,GEN,
9787,OBC-NCL,1933
9788,ST,46
9789,GEN,
9790,GEN-EWS,1164
9791,GEN,
9792,OBC-NCL,1934
9793,OBC-NCL,1935
9794,OBC-NCL,1936
9795,GEN,
9796,OBC-NCL,1937
9797,GEN,
9798,GEN-EWS,1165
9799,GEN,
9800,GEN,
9801,OBC-NCL,1938
9802,GEN,
9803,GEN,
9804,GEN,
9805,OBC-NCL,1939
9806,GEN,
9807,GEN,
9808,GEN,
9809,OBC-NCL,1940
9810,OBC-NCL,1941
9811,GEN-EWS,1166
9812,GEN-EWS,1167
9813,OBC-NCL,1942
9814,OBC-NCL,1943
9815,GEN,
9816,GEN-EWS,1168
9817,OBC-NCL,1944
9818,GEN,
9819,OBC-NCL,1945
9820,GEN,
9821,GEN,
9822,GEN,
9823,GEN,
9824,OBC-NCL,1946
9825,OBC-NCL,1947
9826,GEN,
9827,SC,216
9828,GEN-EWS,1169
9829,OBC-NCL,1948
9830,GEN,
9831,GEN,
9832,OBC-NCL,1949
9833,GEN,
9834,GEN,
9835,OBC-NCL,1950
9836,GEN,
9837,OBC-NCL,1951
9838,OBC-NCL,1952
9839,GEN,
9840,SC,217
9841,GEN,
9842,GEN-EWS,1170
9843,GEN,
9844,OBC-NCL,1953
9845,GEN,
9846,OBC-NCL,1954
9847,GEN,
9848,GEN,
9849,GEN-EWS,1171
9850,GEN-EWS,1172
9851,GEN,
9852,OBC-NCL,1955
9853,GEN,
9854,GEN,
9855,GEN,
9856,OBC-NCL,1956
9857,OBC-NCL,1957
9858,GEN,
9859,GEN,
9860,GEN,
9861,GEN-EWS,1173
9862,GEN-EWS,1174
9863,GEN,
9864,OBC-NCL,1958
9865,GEN,
9866,GEN-EWS,1175
9867,GEN,
9868,GEN-EWS,1176
9869,OBC-NCL,1959
9870,GEN,
9871,OBC-NCL,1960
9872,GEN-EWS,1177
9873,GEN,
9874,OBC-NCL,1961
9875,GEN,
9876,OBC-NCL,1962
9877,GEN,
9878,SC,218
9879,GEN,
9880,GEN,
9881,GEN,
9882,GEN,
9883,OBC-NCL,1963
9884,GEN,
9885,OBC-NCL,1964
9886,GEN,
9887,GEN,
9888,OBC-NCL,1965
9889,GEN-EWS,1178
9890,OBC-NCL,1966
9891,GEN,
9892,GEN,
9893,GEN-EWS,1179
9894,OBC-NCL,1967
9895,GEN-EWS,1180
9896,GEN-EWS,1181
9897,GEN,
9898,GEN,
9899,GEN,
9900,GEN,
9901,GEN-EWS,1182
9902,GEN,
9903,GEN,
9904,GEN,
9905,SC,219
9906,GEN-EWS,1183
9907,GEN,
9908,OBC-NCL,1968
9909,GEN,
9910,SC,220
9911,GEN,
9912,GEN,
9913,GEN-EWS,1184
9914,GEN,
9915,GEN-EWS,1185
9916,GEN,
9917,GEN,
9918,GEN,
9919,GEN,
9920,GEN-EWS,1186
9921,GEN,
9922,GEN,
9923,GEN,
9924,OBC-NCL,1969
9925,GEN-EWS,1187
9926,GEN-EWS,1188
9927,OBC-NCL,1970
9928,OBC-NCL,1971
9929,GEN-EWS,1189
9930,OBC-NCL,1972
9931,GEN,
9932,GEN-EWS,1190
9933,GEN,
9934,OBC-NCL,1973
9935,GEN,
9936,GEN,
9937,GEN-EWS,1191
9938,GEN,
9939,OBC-NCL,1974
9940,GEN,
9941,GEN,
9942,OBC-NCL,1975
9943,GEN,
9944,GEN,
9945,OBC-NCL,1976
9946,GEN,
9947,GEN-EWS,1192
9948,OBC-NCL,1977
9949,GEN,
9950,GEN-EWS,1193
9951,GEN,
9952,GEN-EWS,1194
9953,GEN,
9954,OBC-NCL,1978
9955,GEN,
9956,GEN,
9957,GEN-EWS,1195
9958,OBC-NCL,1979
9959,GEN,
9960,GEN,
9961,GEN,
9962,GEN,
9963,GEN,
9964,OBC-NCL,1980
9965,GEN,
9966,GEN,
9967,GEN,
9968,GEN,
9969,GEN,
9970,GEN,
9971,OBC-NCL,1981
9972,GEN,
9973,GEN-EWS,1196
9974,OBC-NCL,1982
9975,GEN-EWS,1197
9976,GEN,
9977,GEN,
9978,GEN,
9979,OBC-NCL,1983
9980,GEN,
9981,GEN,
9982,GEN,
9983,GEN,
9984,OBC-NCL,1984
9985,GEN,
9986,OBC-NCL,1985
9987,OBC-NCL,1986
9988,GEN,
9989,GEN,
9990,GEN,
9991,OBC-NCL,1987
9992,GEN,
9993,GEN,
9994,GEN,
9995,GEN-EWS,1198
9996,GEN,
9997,GEN,
9998,GEN,
9999,GEN,
10000,GEN-EWS,1199
10001,GEN,
10002,GEN,
10003,GEN,
10004,GEN,
10005,GEN,
10006,GEN-EWS,1200
10007,GEN,
10008,OBC-NCL,1988
10009,GEN-EWS,1201
10010,GEN-EWS,1202
10011,GEN,
10012,GEN,
10013,SC,221
10014,OBC-NCL,1989
10015,GEN,
10016,GEN,
10017,GEN-EWS,1203
10018,GEN,
10019,OBC-NCL,1990
10020,GEN,
10021,GEN,
10022,GEN,
10023,GEN,
10024,GEN,
10025,GEN,
10026,GEN,
10027,GEN,
10028,GEN-EWS,1204
10029,GEN,
10030,OBC-NCL,1991
10031,GEN-EWS,1205
10032,GEN,
10033,GEN-EWS,1206
10034,OBC-NCL,1992
10035,GEN,
10036,GEN,
10037,GEN,
10038,GEN-EWS,1207
10039,OBC-NCL,1993
10040,GEN-EWS,1208
10041,GEN-EWS,1209
10042,GEN,
10043,GEN,
10044,GEN,
10045,GEN,
10046,GEN-EWS,1210
10047,OBC-NCL,1994
10048,GEN,
10049,GEN,
10050,GEN,
10051,GEN,
10052,OBC-NCL,1995
10053,GEN,
10054,GEN,
10055,GEN-EWS,1211
10056,GEN,
10057,GEN,
10058,GEN-EWS,1212
10059,OBC-NCL,1996
10060,GEN,
10061,SC,222
10062,GEN-EWS,1213
10063,GEN,
10064,OBC-NCL,1997
10065,GEN-EWS,1214
10066,GEN,
10067,GEN,
10068,OBC-NCL,1998
10069,GEN,
10070,GEN,
10071,OBC-NCL,1999
10072,GEN,
10073,OBC-NCL,2000
10074,OBC-NCL,2001
10075,GEN,
10076,SC,223
10077,GEN,
10078,GEN,
10079,GEN,
10080,OBC-NCL,2002
10081,OBC-NCL,2003
10082,GEN,
10083,GEN,
10084,OBC-NCL,2004
10085,SC,224
10086,GEN-EWS,1215
10087,GEN-EWS,1216
10088,GEN-EWS,1217
10089,OBC-NCL,2005
10090,GEN-EWS,1218
10091,OBC-NCL,2006
10092,GEN,
10093,GEN,
10094,GEN,
10095,GEN,
10096,OBC-NCL,2007
10097,GEN,
10098,GEN,
10099,GEN,
10100,OBC-NCL,2008
10101,OBC-NCL,2009
10102,GEN,
10103,GEN,
10104,GEN,
10105,GEN-EWS,1219
10106,OBC-NCL,2010
10107,GEN,
10108,GEN,
10109,OBC-NCL,2011
10110,OBC-NCL,2012
10111,OBC-NCL,2013
10112,GEN,
10113,OBC-NCL,2014
10114,GEN-EWS,1220
10115,GEN-EWS,1221
10116,OBC-NCL,2015
10117,GEN,
10118,GEN,
10119,GEN,
10120,OBC-NCL,2016
10121,GEN,
10122,OBC-NCL,2017
10123,OBC-NCL,2018
10124,OBC-NCL,2019
10125,GEN,
10126,GEN,
10127,GEN,
10128,GEN,
10129,OBC-NCL,2020
10130,GEN,
10131,OBC-NCL,2021
10132,GEN,
10133,OBC-NCL,2022
10134,GEN,
10135,GEN,
10136,GEN,
10137,GEN,
10138,GEN,
10139,GEN,
10140,GEN,
10141,GEN-EWS,1222
10142,GEN,
10143,GEN,
10144,GEN,
10145,GEN-EWS,1223
10146,OBC-NCL,2023
10147,GEN-EWS,1224
10148,GEN,
10149,GEN-EWS,1225
10150,GEN,
10150,OBC-NCL,2024
10152,OBC-NCL,2025
10153,OBC-NCL,2026
10154,OBC-NCL,2027
10155,GEN-EWS,1226
10156,GEN-EWS,1227
10157,GEN,
10158,OBC-NCL,2028
10159,GEN-EWS,1228
10160,GEN,
10161,GEN,
10162,OBC-NCL,2029
10163,OBC-NCL,2030
10164,GEN,
10165,ST,47
10166,OBC-NCL,2031
10167,GEN,
10168,GEN,
10169,OBC-NCL,2032
10170,GEN,
10171,OBC-NCL,2033
10172,OBC-NCL,2034
10173,GEN,
10174,GEN,
10175,GEN,
10176,GEN-EWS,1229
10177,GEN,
10178,GEN,
10179,OBC-NCL,2035
10180,GEN,
10181,OBC-NCL,2036
10182,GEN,
10183,GEN,
10184,GEN,
10185,GEN,
10186,GEN-EWS,1230
10187,OBC-NCL,2037
10188,GEN,
10189,GEN,
10190,GEN,
10191,GEN,
10192,GEN,
10193,GEN-EWS,1231
10194,GEN,
10195,GEN,
10196,GEN,
10197,GEN,
10198,GEN-EWS,1232
10199,GEN,
10200,GEN-EWS,1233
10201,GEN-EWS,1234
10202,GEN,
10203,OBC-NCL,2038
10204,GEN,
10205,GEN-EWS,1235
10206,GEN,
10207,GEN,
10208,SC,225
10209,GEN,
10210,GEN,
10211,OBC-NCL,2039
10212,OBC-NCL,2040
10213,GEN,
10214,OBC-NCL,2041
10215,GEN-EWS,1236
10216,OBC-NCL,2042
10217,GEN,
10218,OBC-NCL,2043
10219,GEN,
10220,GEN,
10221,OBC-NCL,2044
10222,GEN,
10223,OBC-NCL,2045
10224,GEN,
10225,GEN,
10226,GEN,
10227,GEN,
10228,GEN,
10229,GEN,
10230,GEN,
10231,GEN,
10232,SC,226
10233,GEN,
10234,GEN-EWS,1237
10235,GEN,
10236,GEN-EWS,1238
10237,GEN,
10238,GEN,
10239,GEN,
10240,OBC-NCL,2046
10241,OBC-NCL,2047
10242,GEN,
10243,GEN,
10244,GEN,
10245,GEN-EWS,1239
10246,GEN,
10247,OBC-NCL,2048
10248,OBC-NCL,2049
10249,GEN,
10250,OBC-NCL,2050
10251,GEN-EWS,1240
10252,OBC-NCL,2051
10253,OBC-NCL,2052
10254,GEN,
10255,GEN,
10256,OBC-NCL,2053
10257,OBC-NCL,2054
10258,SC,227
10259,GEN,
10260,GEN,
10261,OBC-NCL,2055
10262,OBC-NCL,2056
10263,OBC-NCL,2057
10264,GEN-EWS,1241
10265,GEN,
10266,OBC-NCL,2058
10267,OBC-NCL,2059
10268,GEN,
10269,GEN,
10270,GEN-EWS,1242
10271,OBC-NCL,2060
10272,OBC-NCL,2061
10273,GEN-EWS,1243
10274,GEN,
10275,GEN,
10276,GEN,
10277,GEN,
10278,OBC-NCL,2062
10279,OBC-NCL,2063
10280,GEN-EWS,1244
10281,GEN,
10282,GEN,
10283,OBC-NCL,2064
10284,GEN,
10285,GEN,
10286,GEN-EWS,1245
10287,GEN,
10288,OBC-NCL,2065
10289,GEN,
10290,GEN,
10291,GEN,
10292,GEN,
10293,GEN-EWS,1246
10294,GEN,
10295,GEN,
10296,OBC-NCL,2066
10297,GEN-EWS,1247
10298,GEN,
10299,OBC-NCL,2067
10300,GEN,
10301,SC,228
10302,GEN,
10303,GEN,
10304,GEN-EWS,1248
10305,GEN,
10306,OBC-NCL,2068
10307,GEN,
10308,OBC-NCL,2069
10309,OBC-NCL,2070
10310,ST,48
10311,GEN,
10312,OBC-NCL,2071
10313,OBC-NCL,2072
10314,GEN,
10315,GEN-EWS,1249
10316,GEN,
10317,GEN,
10318,SC,229
10319,ST,49
10320,OBC-NCL,2073
10321,GEN,
10322,OBC-NCL,2074
10323,GEN,
10324,GEN,
10325,GEN,
10326,GEN,
10327,OBC-NCL,2075
10328,GEN,
10329,GEN,
10330,GEN,
10331,GEN-EWS,1250
10332,OBC-NCL,2076
10333,GEN,
10334,OBC-NCL,2077
10335,GEN-EWS,1251
10336,GEN,
10337,GEN,
10338,GEN,
10339,OBC-NCL,2078
10340,GEN,
10341,GEN,
10342,GEN,
10343,GEN,
10344,GEN,
10345,GEN-EWS,1252
10346,GEN-EWS,1253
10347,GEN,
10348,GEN,
10349,OBC-NCL,2079
10350,GEN,
10351,GEN,
10352,GEN,
10353,GEN,
10354,GEN,
10355,GEN,
10356,GEN-EWS,1254
10357,GEN,
10358,GEN,
10359,GEN-EWS,1255
10360,GEN,
10361,GEN,
10362,GEN,
10363,GEN,
10364,GEN,
10365,GEN,
10366,GEN,
10367,GEN,
10368,OBC-NCL,2080
10369,GEN,
10370,GEN-EWS,1256
10371,GEN-EWS,1257
10372,GEN,
10373,GEN,
10374,GEN,
10375,OBC-NCL,2081
10376,SC,230
10377,GEN,
10378,OBC-NCL,2082
10379,GEN,
10380,GEN,
10381,GEN,
10382,GEN,
10383,OBC-NCL,2083
10384,OBC-NCL,2084
10385,GEN,
10386,OBC-NCL,2085
10387,GEN,
10388,GEN,
10389,OBC-NCL,2086
10390,GEN,
10391,GEN,
10392,GEN,
10393,GEN,
10394,GEN,
10395,GEN,
10396,GEN,
10397,GEN,
10398,OBC-NCL,2087
10399,GEN,
10400,GEN,
10401,GEN,
10402,OBC-NCL,2088
10403,GEN,
10404,GEN-EWS,1258
10405,GEN-EWS,1259
10406,GEN,
10407,GEN,
10408,GEN,
10409,GEN-EWS,1260
10410,GEN,
10411,GEN,
10412,GEN-EWS,1261
10413,GEN,
10414,GEN-EWS,1262
10415,GEN-EWS,1263
10416,SC,231
10417,GEN,
10418,OBC-NCL,2089
10419,GEN,
10420,GEN,
10420,GEN-EWS,1264
10422,GEN,
10423,GEN-EWS,1265
10424,GEN-EWS,1266
10425,OBC-NCL,2090
10426,GEN,
10427,ST,50
10428,GEN,
10429,GEN-EWS,1267
10430,OBC-NCL,2091
10431,GEN,
10432,OBC-NCL,2092
10433,GEN-EWS,1268
10434,GEN-EWS,1269
10435,OBC-NCL,2093
10436,GEN,
10437,GEN,
10438,GEN,
10439,GEN-EWS,1270
10440,GEN-EWS,1271
10441,OBC-NCL,2094
10442,OBC-NCL,2095
10443,GEN,
10444,GEN,
10445,OBC-NCL,2096
10446,GEN,
10447,GEN-EWS,1272
10448,OBC-NCL,2097
10449,ST,51
10450,GEN,
10451,ST,52
10452,GEN,
10453,GEN,
10454,OBC-NCL,2098
10455,SC,232
10456,GEN,
10457,GEN-EWS,1273
10458,GEN,
10459,GEN,
10460,OBC-NCL,2099
10461,GEN,
10462,GEN,
10463,OBC-NCL,2100
10464,SC,233
10465,OBC-NCL,2101
10466,OBC-NCL,2102
10467,GEN,
10468,GEN,
10469,OBC-NCL,2103
10470,OBC-NCL,2104
10471,OBC-NCL,2105
10472,ST,53
10473,GEN,
10474,GEN,
10475,GEN,
10476,GEN,
10477,GEN,
10478,GEN,
10479,OBC-NCL,2106
10480,OBC-NCL,2107
10481,GEN,
10482,OBC-NCL,2108
10483,GEN,
10484,GEN,
10485,GEN,
10486,GEN,
10487,OBC-NCL,2109
10488,GEN,
10489,GEN-EWS,1274
10490,OBC-NCL,2110
10491,GEN,
10492,GEN,
10493,GEN-EWS,1275
10494,GEN,
10495,GEN,
10496,GEN,
10497,GEN-EWS,1276
10498,OBC-NCL,2111
10499,OBC-NCL,2112
10500,GEN-EWS,1277
10501,OBC-NCL,2113
10502,GEN,
10503,GEN,
10504,GEN,
10505,ST,54
10506,OBC-NCL,2114
10507,GEN,
10508,OBC-NCL,2115
10509,OBC-NCL,2116
10510,GEN,
10511,GEN,
10512,OBC-NCL,2117
10513,GEN-EWS,1278
10514,GEN,
10515,OBC-NCL,2118
10516,ST,55
10517,OBC-NCL,2119
10518,GEN,
10519,OBC-NCL,2120
10520,GEN,
10521,GEN,
10522,GEN,
10523,OBC-NCL,2121
10524,OBC-NCL,2122
10525,GEN-EWS,1279
10526,GEN-EWS,1280
10527,OBC-NCL,2123
10528,GEN,
10529,GEN,
10530,OBC-NCL,2124
10531,GEN,
10532,GEN,
10533,GEN,
10534,GEN,
10535,OBC-NCL,2125
10536,GEN,
10537,GEN,
10538,ST,56
10539,GEN,
10540,OBC-NCL,2126
10541,GEN,
10542,GEN,
10543,GEN,
10544,GEN,
10545,GEN-EWS,1281
10546,OBC-NCL,2127
10547,OBC-NCL,2128
10548,OBC-NCL,2129
10549,GEN,
10550,OBC-NCL,2130
10551,GEN,
10552,GEN,
10553,GEN,
10554,SC,234
10555,SC,235
10556,GEN-EWS,1282
10557,GEN-EWS,1283
10558,GEN,
10559,GEN,
10560,GEN-EWS,1284
10561,GEN,
10562,GEN-EWS,1285
10563,GEN-EWS,1286
10564,GEN-EWS,1287
10565,GEN,
10566,GEN,
10567,GEN,
10568,GEN,
10569,OBC-NCL,2131
10570,GEN,
10571,GEN,
10572,GEN,
10573,GEN,
10574,GEN,
10575,GEN-EWS,1288
10576,GEN,
10577,OBC-NCL,2132
10578,GEN-EWS,1289
10579,GEN,
10580,GEN,
10581,GEN-EWS,1290
10582,OBC-NCL,2133
10583,GEN,
10584,GEN-EWS,1291
10585,GEN-EWS,1292
10586,OBC-NCL,2134
10587,GEN,
10588,GEN,
10589,GEN,
10590,GEN,
10591,GEN-EWS,1293
10592,GEN-EWS,1294
10593,GEN,
10594,GEN-EWS,1295
10595,OBC-NCL,2135
10596,OBC-NCL,2136
10597,OBC-NCL,2137
10598,OBC-NCL,2138
10599,ST,57
10600,GEN,
10601,OBC-NCL,2139
10602,GEN,
10603,GEN-EWS,1296
10604,GEN-EWS,1297
10605,GEN,
10606,GEN,
10607,GEN-EWS,1298
10608,GEN,
10609,GEN,
10610,GEN-EWS,1299
10611,GEN,
10612,GEN-EWS,1300
10613,GEN,
10614,OBC-NCL,2140
10615,GEN,
10616,GEN,
10617,GEN,
10618,GEN,
10619,GEN,
10620,GEN,
10621,GEN,
10622,GEN,
10623,GEN,
10624,GEN,
10625,GEN,
10625,GEN-EWS,1301
10627,GEN,
10628,GEN,
10629,GEN,
10630,GEN-EWS,1302
10631,GEN,
10632,GEN,
10633,GEN,
10634,GEN,
10635,GEN-EWS,1303
10636,GEN,
10637,GEN,
10638,GEN,
10639,OBC-NCL,2141
10640,OBC-NCL,2142
10641,GEN,
10642,GEN,
10643,OBC-NCL,2143
10644,GEN,
10644,GEN,
10646,GEN-EWS,1304
10647,GEN,
10648,GEN,
10649,GEN,
10650,GEN,
10651,GEN,
10652,OBC-NCL,2144
10653,OBC-NCL,2145
10654,OBC-NCL,2146
10655,GEN,
10656,GEN,
10657,SC,236
10658,OBC-NCL,2147
10659,GEN-EWS,1305
10660,OBC-NCL,2148
10661,GEN,
10662,GEN,
10663,GEN,
10664,OBC-NCL,2149
10665,OBC-NCL,2150
10666,OBC-NCL,2151
10667,OBC-NCL,2152
10668,GEN,
10669,GEN,
10670,GEN,
10671,GEN,
10672,GEN,
10673,OBC-NCL,2153
10674,GEN,
10675,GEN,
10676,GEN-EWS,1306
10677,GEN-EWS,1307
10678,GEN,
10679,GEN,
10680,OBC-NCL,2154
10681,GEN,
10682,OBC-NCL,2155
10683,GEN,
10684,GEN,
10685,OBC-NCL,2156
10686,GEN,
10687,OBC-NCL,2157
10688,GEN,
10689,GEN,
10690,GEN,
10691,OBC-NCL,2158
10692,GEN-EWS,1308
10693,GEN,
10694,GEN,
10695,GEN,
10696,GEN-EWS,1309
10697,GEN,
10698,GEN,
10699,OBC-NCL,2159
10700,GEN,
10701,GEN,
10702,GEN,
10703,GEN,
10704,GEN-EWS,1310
10705,GEN,
10705,GEN,
10707,GEN,
10708,GEN,
10709,OBC-NCL,2160
10710,GEN,
10711,GEN,
10712,GEN,
10713,GEN,
10714,GEN,
10715,GEN,
10716,GEN,
10717,GEN,
10718,GEN,
10719,GEN,
10720,SC,237
10721,GEN-EWS,1311
10722,GEN,
10723,GEN,
10724,OBC-NCL,2161
10725,GEN-EWS,1312
10726,GEN-EWS,1313
10727,OBC-NCL,2162
10728,GEN,
10729,SC,238
10730,OBC-NCL,2163
10731,GEN,
10732,GEN,
10733,GEN,
10734,GEN,
10735,GEN,
10736,GEN-EWS,1314
10737,OBC-NCL,2164
10738,GEN,
10739,GEN-EWS,1315
10740,OBC-NCL,2165
10741,GEN,
10742,GEN,
10743,GEN,
10744,GEN,
10745,GEN-EWS,1316
10746,GEN,
10747,SC,239
10748,OBC-NCL,2166
10749,GEN,
10750,GEN,
10751,GEN,
10752,OBC-NCL,2167
10753,GEN,
10754,GEN-EWS,1317
10755,OBC-NCL,2168
10756,GEN,
10757,OBC-NCL,2169
10758,GEN,
10759,OBC-NCL,2170
10760,OBC-NCL,2171
10761,GEN-EWS,1318
10762,OBC-NCL,2172
10763,GEN,
10764,GEN,
10765,GEN-EWS,1319
10766,OBC-NCL,2173
10767,GEN-EWS,1320
10768,GEN,
10769,OBC-NCL,2174
10770,GEN,
10771,OBC-NCL,2175
10772,GEN,
10773,GEN,
10774,GEN,
10775,GEN,
10776,GEN,
10777,GEN,
10778,OBC-NCL,2176
10779,GEN,
10780,GEN,
10781,GEN-EWS,1321
10782,SC,240
10783,GEN,
10784,GEN,
10785,GEN,
10786,GEN,
10787,GEN,
10788,GEN,
10789,GEN,
10790,GEN,
10791,GEN,
10792,OBC-NCL,2177
10793,GEN-EWS,1322
10794,GEN-EWS,1323
10795,GEN,
10796,OBC-NCL,2178
10797,OBC-NCL,2179
10798,GEN,
10799,GEN,
10800,GEN,
10801,GEN,
10802,OBC-NCL,2180
10803,GEN,
10804,OBC-NCL,2181
10805,GEN,
10806,OBC-NCL,2182
10807,ST,58
10808,GEN,
10809,GEN-EWS,1324
10810,GEN,
10811,GEN-EWS,1325
10812,OBC-NCL,2183
10813,GEN,
10814,GEN,
10815,GEN,
10816,GEN,
10817,GEN,
10818,OBC-NCL,2184
10819,GEN,
10820,GEN,
10821,GEN,
10822,GEN,
10823,SC,241
10824,GEN,
10825,GEN-EWS,1326
10826,GEN-EWS,1327
10827,GEN,
10828,GEN,
10829,GEN,
10830,GEN,
10831,GEN,
10832,OBC-NCL,2185
10833,GEN-EWS,1328
10834,GEN,
10835,GEN,
10836,GEN,
10837,GEN,
10838,GEN,
10839,GEN,
10840,OBC-NCL,2186
10841,SC,242
10842,GEN,
10843,GEN,
10844,GEN,
10845,OBC-NCL,2187
10846,GEN,
10847,OBC-NCL,2188
10848,GEN,
10849,GEN,
10850,OBC-NCL,2189
10851,GEN,
10852,GEN,
10853,OBC-NCL,2190
10854,GEN,
10855,GEN,
10856,GEN,
10857,GEN,
10858,GEN,
10859,OBC-NCL,2191
10860,GEN,
10861,GEN,
10862,GEN,
10863,GEN,
10864,GEN,
10865,OBC-NCL,2192
10866,GEN,
10867,GEN,
10868,GEN,
10869,GEN-EWS,1329
10870,OBC-NCL,2193
10871,GEN,
10872,GEN,
10873,GEN,
10874,GEN,
10875,GEN-EWS,1330
10876,OBC-NCL,2194
10877,OBC-NCL,2195
10878,OBC-NCL,2196
10879,GEN-EWS,1331
10880,OBC-NCL,2197
10881,OBC-NCL,2198
10882,GEN,
10883,OBC-NCL,2199
10884,GEN,
10885,GEN,
10886,GEN-EWS,1332
10887,GEN,
10888,GEN,
10889,GEN,
10890,OBC-NCL,2200
10891,GEN,
10892,OBC-NCL,2201
10893,OBC-NCL,2202
10894,GEN,
10895,GEN,
10896,GEN-EWS,1333
10897,GEN,
10898,GEN,
10899,OBC-NCL,2203
10900,GEN,
10901,OBC-NCL,2204
10902,OBC-NCL,2205
10903,GEN,
10904,GEN,
10905,GEN,
10906,OBC-NCL,2206
10907,GEN,
10908,GEN,
10909,GEN,
10910,GEN,
10911,OBC-NCL,2207
10912,GEN,
10913,GEN,
10914,GEN,
10915,GEN,
10916,GEN-EWS,1334
10917,GEN,
10918,GEN,
10919,OBC-NCL,2208
10920,SC,243
10921,OBC-NCL,2209
10922,SC,244
10923,GEN-EWS,1335
10924,GEN,
10925,GEN,
10926,GEN,
10927,GEN,
10928,GEN,
10929,GEN,
10930,GEN,
10931,GEN,
10932,GEN-EWS,1336
10933,GEN-EWS,1337
10934,GEN,
10935,OBC-NCL,2210
10936,OBC-NCL,2211
10937,OBC-NCL,2212
10938,OBC-NCL,2213
10939,OBC-NCL,2214
10940,OBC-NCL,2215
10941,GEN,
10942,OBC-NCL,2216
10943,GEN-EWS,1338
10944,OBC-NCL,2217
10945,OBC-NCL,2218
10946,GEN,
10947,GEN,
10947,OBC-NCL,2219
10949,GEN,
10950,GEN,
10951,GEN,
10952,GEN,
10953,GEN,
10954,GEN,
10955,GEN-EWS,1339
10956,GEN,
10957,GEN,
10958,OBC-NCL,2220
10959,GEN-EWS,1340
10960,GEN,
10961,GEN,
10962,OBC-NCL,2221
10963,OBC-NCL,2222
10964,GEN,
10965,GEN,
10966,GEN,
10967,GEN,
10968,GEN,
10969,OBC-NCL,2223
10970,GEN,
10971,OBC-NCL,2224
10972,GEN,
10973,GEN,
10974,GEN,
10975,GEN,
10976,OBC-NCL,2225
10977,GEN,
10978,GEN,
10979,OBC-NCL,2226
10980,GEN,
10981,GEN,
10982,GEN,
10983,GEN-EWS,1341
10984,GEN,
10985,OBC-NCL,2227
10986,GEN-EWS,1342
10987,SC,245
10988,GEN,
10989,GEN,
10990,OBC-NCL,2228
10991,GEN,
10992,GEN,
10993,GEN-EWS,1343
10994,GEN,
10995,GEN,
10996,OBC-NCL,2229
10997,GEN,
10998,OBC-NCL,2230
10999,GEN,
11000,GEN-EWS,1344
11001,GEN-EWS,1345
11002,OBC-NCL,2231
11003,GEN,
11004,GEN,
11005,GEN,
11006,GEN,
11007,GEN,
11008,GEN,
11009,OBC-NCL,2232
11010,GEN,
11011,GEN,
11012,GEN,
11013,OBC-NCL,2233
11014,GEN,
11015,GEN-EWS,1346
11016,OBC-NCL,2234
11017,GEN,
11018,GEN,
11019,SC,246
11020,GEN-EWS,1347
11021,GEN,
11022,GEN,
11023,GEN-EWS,1348
11024,OBC-NCL,2235
11025,GEN,
11026,GEN,
11027,GEN,
11028,OBC-NCL,2236
11029,OBC-NCL,2237
11030,GEN-EWS,1349
11031,GEN-EWS,1350
11032,GEN-EWS,1351
11033,GEN,
11034,OBC-NCL,2238
11035,GEN,
11036,OBC-NCL,2239
11037,GEN,
11038,GEN-EWS,1352
11039,GEN,
11040,GEN,
11041,OBC-NCL,2240
11042,GEN,
11043,OBC-NCL,2241
11044,GEN-EWS,1353
11045,GEN-EWS,1354
11046,GEN,
11047,OBC-NCL,2242
11048,GEN,
11049,GEN-EWS,1355
11050,GEN-EWS,1356
11051,GEN,
11052,GEN,
11053,GEN,
11054,GEN,
11055,OBC-NCL,2243
11056,GEN,
11057,GEN,
11058,GEN,
11059,OBC-NCL,2244
11060,GEN,
11061,GEN,
11062,GEN,
11063,GEN,
11064,GEN,
11065,GEN,
11066,GEN,
11067,GEN,
11068,GEN,
11069,OBC-NCL,2245
11070,GEN,
11071,GEN,
11072,OBC-NCL,2246
11073,GEN,
11074,GEN,
11075,GEN,
11076,GEN,
11077,GEN,
11078,GEN-EWS,1357
11079,OBC-NCL,2247
11080,GEN,
11081,GEN,
11082,GEN,
11083,GEN,
11084,GEN,
11085,GEN,
11086,OBC-NCL,2248
11087,GEN,
11088,OBC-NCL,2249
11089,OBC-NCL,2250
11090,GEN,
11091,GEN,
11092,OBC-NCL,2251
11093,GEN,
11094,GEN,
11095,GEN,
11096,GEN-EWS,1358
11097,GEN-EWS,1359
11098,OBC-NCL,2252
11099,GEN,
11100,GEN,
11101,GEN-EWS,1360
11102,GEN,
11103,GEN,
11104,GEN,
11105,GEN,
11106,OBC-NCL,2253
11107,GEN,
11108,GEN,
11109,GEN,
11110,GEN,
11111,GEN,
11112,GEN,
11113,OBC-NCL,2254
11114,GEN,
11115,GEN,
11116,GEN,
11117,OBC-NCL,2255
11118,GEN-EWS,1361
11119,GEN-EWS,1362
11120,OBC-NCL,2256
11121,GEN,
11122,GEN,
11123,GEN,
11124,GEN,
11125,GEN,
11126,OBC-NCL,2257
11127,GEN,
11128,OBC-NCL,2258
11129,OBC-NCL,2259
11130,GEN-EWS,1363
11131,GEN,
11132,GEN-EWS,1364
11133,OBC-NCL,2260
11134,OBC-NCL,2261
11135,GEN,
11136,SC,247
11137,GEN,
11138,GEN,
11139,OBC-NCL,2262
11140,OBC-NCL,2263
11141,GEN,
11142,GEN-EWS,1365
11143,GEN,
11144,GEN,
11145,GEN-EWS,1366
11146,GEN,
11147,GEN,
11148,GEN,
11149,OBC-NCL,2264
11150,GEN,
11151,OBC-NCL,2265
11152,GEN-EWS,1367
11153,OBC-NCL,2266
11154,GEN,
11155,GEN,
11156,GEN,
11157,GEN,
11158,GEN,
11159,OBC-NCL,2267
11160,GEN,
11161,GEN,
11162,GEN,
11163,GEN,
11164,OBC-NCL,2268
11165,GEN,
11166,GEN,
11167,GEN,
11168,OBC-NCL,2269
11169,GEN,
11170,GEN,
11171,GEN,
11172,GEN,
11173,OBC-NCL,2270
11174,OBC-NCL,2271
11175,SC,248
11176,GEN,
11177,GEN,
11178,GEN,
11179,GEN,
11180,GEN,
11181,GEN,
11182,GEN,
11183,GEN,
11184,GEN-EWS,1368
11185,OBC-NCL,2272
11186,GEN-EWS,1369
11187,GEN,
11188,GEN-EWS,1370
11189,GEN,
11190,GEN,
11191,GEN,
11192,GEN,
11193,GEN,
11194,GEN,
11195,OBC-NCL,2273
11196,GEN-EWS,1371
11197,OBC-NCL,2274
11198,GEN,
11199,GEN,
11200,SC,249
11201,GEN,
11202,GEN,
11203,GEN,
11204,GEN-EWS,1372
11205,GEN,
11206,GEN,
11207,GEN,
11208,GEN,
11209,GEN,
11210,GEN,
11211,GEN,
11212,GEN,
11213,OBC-NCL,2275
11214,GEN,
11215,OBC-NCL,2276
11216,ST,59
11217,GEN-EWS,1373
11218,OBC-NCL,2277
11219,OBC-NCL,2278
11220,GEN-EWS,1374
11221,SC,250
11222,GEN,
11223,GEN,
11224,GEN,
11225,OBC-NCL,2279
11226,OBC-NCL,2280
11227,OBC-NCL,2281
11228,GEN,
11229,GEN,
11230,OBC-NCL,2282
11231,GEN,
11232,GEN,
11233,OBC-NCL,2283
11234,OBC-NCL,2284
11235,OBC-NCL,2285
11236,GEN,
11237,GEN,
11238,OBC-NCL,2286
11239,GEN,
11240,GEN,
11241,GEN,
11242,SC,251
11243,OBC-NCL,2287
11244,GEN,
11245,GEN,
11246,GEN,
11247,GEN-EWS,1375
11248,OBC-NCL,2288
11249,OBC-NCL,2289
11250,GEN,
11251,GEN-EWS,1376
11252,GEN,
11253,GEN,
11254,GEN,
11255,GEN,
11256,GEN,
11257,GEN,
11258,GEN,
11259,GEN,
11260,OBC-NCL,2290
11261,OBC-NCL,2291
11262,GEN,
11263,GEN,
11264,SC,252
11265,OBC-NCL,2292
11266,GEN,
11267,GEN,
11268,GEN,
11269,GEN,
11270,GEN,
11271,GEN,
11272,GEN,
11273,OBC-NCL,2293
11274,GEN,
11275,OBC-NCL,2294
11276,OBC-NCL,2295
11277,SC,253
11278,OBC-NCL,2296
11279,ST,60
11280,SC,254
11281,OBC-NCL,2297
11282,SC,255
11283,GEN,
11284,OBC-NCL,2298
11285,GEN,
11286,OBC-NCL,2299
11287,GEN,
11288,GEN-EWS,1377
11289,GEN,
11290,GEN-EWS,1378
11291,GEN,
11292,GEN,
11293,GEN,
11294,GEN,
11295,OBC-NCL,2300
11296,GEN,
11297,GEN,
11298,GEN,
11299,GEN,
11300,GEN,
11301,GEN,
11302,GEN,
11303,GEN,
11304,GEN,
11305,GEN-EWS,1379
11306,GEN-EWS,1380
11307,SC,256
11308,OBC-NCL,2301
11309,OBC-NCL,2302
11310,OBC-NCL,2303
11311,GEN,
11312,OBC-NCL,2304
11313,GEN,
11314,GEN-EWS,1381
11315,GEN,
11316,GEN,
11317,GEN,
11318,GEN-EWS,1382
11319,GEN,
11320,OBC-NCL,2305
11321,GEN,
11322,OBC-NCL,2306
11323,GEN,
11324,GEN,
11325,GEN-EWS,1383
11326,GEN,
11327,GEN,
11328,GEN-EWS,1384
11329,GEN-EWS,1385
11330,OBC-NCL,2307
11331,OBC-NCL,2308
11332,GEN,
11333,GEN-EWS,1386
11334,GEN-EWS,1387
11335,GEN,
11336,GEN,
11337,OBC-NCL,2309
11338,OBC-NCL,2310
11339,GEN,
11340,OBC-NCL,2311
11341,OBC-NCL,2312
11342,GEN,
11343,SC,257
11344,GEN-EWS,1388
11345,GEN,
11346,OBC-NCL,2313
11347,GEN,
11348,GEN,
11349,GEN,
11350,OBC-NCL,2314
11351,GEN,
11352,GEN,
11353,OBC-NCL,2315
11354,GEN,
11355,SC,258
11356,OBC-NCL,2316
11357,GEN,
11358,OBC-NCL,2317
11359,GEN,
11360,GEN,
11361,GEN,
11362,GEN,
11363,GEN,
11364,OBC-NCL,2318
11365,GEN-EWS,1389
11366,GEN,
11367,GEN,
11368,GEN,
11369,GEN,
11370,OBC-NCL,2319
11371,GEN,
11372,OBC-NCL,2320
11373,OBC-NCL,2321
11374,GEN-EWS,1390
11375,GEN,
11376,GEN,
11377,OBC-NCL,2322
11378,GEN-EWS,1391
11379,GEN-EWS,1392
11380,OBC-NCL,2323
11381,OBC-NCL,2324
11382,SC,259
11383,GEN,
11384,GEN,
11385,GEN,
11386,SC,260
11387,GEN,
11388,OBC-NCL,2325
11389,GEN,
11390,SC,261
11391,GEN,
11392,OBC-NCL,2326
11393,GEN,
11394,GEN,
11394,GEN,
11396,SC,262
11397,GEN,
11398,GEN,
11399,OBC-NCL,2327
11400,OBC-NCL,2328
11401,GEN,
11402,GEN,
11403,GEN,
11404,GEN,
11405,GEN,
11406,GEN,
11407,GEN,
11408,GEN,
11409,SC,263
11410,GEN,
11411,GEN,
11412,GEN,
11413,GEN-EWS,1393
11414,OBC-NCL,2329
11415,OBC-NCL,2330
11416,OBC-NCL,2331
11417,GEN-EWS,1394
11418,GEN,
11419,GEN-EWS,1395
11420,GEN,
11421,GEN,
11422,GEN-EWS,1396
11423,OBC-NCL,2332
11424,GEN,
11425,GEN,
11426,GEN-EWS,1397
11427,GEN-EWS,1398
11428,GEN,
11429,GEN-EWS,1399
11430,OBC-NCL,2333
11431,GEN,
11432,GEN,
11433,GEN,
11434,OBC-NCL,2334
11435,OBC-NCL,2335
11436,OBC-NCL,2336
11437,GEN,
11438,GEN,
11439,SC,264
11440,GEN,
11441,OBC-NCL,2337
11442,GEN,
11443,OBC-NCL,2338
11444,OBC-NCL,2339
11445,GEN,
11446,GEN,
11447,OBC-NCL,2340
11448,OBC-NCL,2341
11449,GEN,
11450,GEN,
11451,GEN,
11452,OBC-NCL,2342
11453,GEN,
11454,OBC-NCL,2343
11455,OBC-NCL,2344
11456,GEN,
11457,GEN-EWS,1400
11458,GEN,
11459,OBC-NCL,2345
11460,GEN,
11461,GEN-EWS,1401
11462,GEN-EWS,1402
11463,GEN,
11464,GEN,
11465,OBC-NCL,2346
11466,GEN-EWS,1403
11467,GEN,
11468,GEN,
11469,GEN-EWS,1404
11470,GEN,
11471,GEN,
11472,OBC-NCL,2347
11473,OBC-NCL,2348
11474,OBC-NCL,2349
11475,GEN,
11476,GEN,
11477,ST,61
11478,GEN,
11479,OBC-NCL,2350
11480,GEN,
11481,OBC-NCL,2351
11482,OBC-NCL,2352
11483,GEN,
11484,OBC-NCL,2353
11485,GEN,
11486,GEN,
11487,OBC-NCL,2354
11488,GEN,
11489,GEN-EWS,1405
11490,OBC-NCL,2355
11491,GEN,
11492,GEN,
11493,GEN-EWS,1406
11494,OBC-NCL,2356
11495,GEN,
11496,GEN,
11497,SC,265
11498,OBC-NCL,2357
11499,GEN-EWS,1407
11500,OBC-NCL,2358
11501,OBC-NCL,2359
11502,GEN,
11503,GEN,
11504,GEN,
11505,GEN-EWS,1408
11506,GEN,
11507,GEN,
11508,GEN,
11509,GEN,
11510,GEN,
11511,GEN,
11512,GEN,
11513,GEN,
11514,GEN,
11515,GEN,
11516,OBC-NCL,2360
11517,OBC-NCL,2361
11518,GEN,
11519,GEN,
11520,GEN,
11521,OBC-NCL,2362
11522,GEN,
11523,GEN,
11524,GEN,
11525,GEN,
11526,GEN,
11527,GEN,
11528,GEN,
11529,GEN-EWS,1409
11530,GEN,
11531,GEN-EWS,1410
11532,GEN,
11533,GEN,
11534,GEN,
11535,GEN,
11536,GEN,
11537,GEN,
11538,GEN,
11539,GEN,
11540,GEN,
11541,GEN,
11542,GEN-EWS,1411
11543,OBC-NCL,2363
11544,GEN-EWS,1412
11545,GEN,
11546,GEN,
11547,GEN,
11548,GEN,
11549,GEN-EWS,1413
11550,SC,266
11551,GEN,
11552,GEN-EWS,1414
11553,GEN,
11554,OBC-NCL,2364
11555,GEN-EWS,1415
11556,GEN,
11557,GEN,
11558,GEN,
11559,GEN,
11560,OBC-NCL,2365
11561,GEN-EWS,1416
11562,GEN,
11563,GEN,
11564,OBC-NCL,2366
11565,GEN,
11566,OBC-NCL,2367
11567,OBC-NCL,2368
11568,GEN-EWS,1417
11569,GEN,
11570,GEN-EWS,1418
11571,GEN,
11572,GEN-EWS,1419
11573,GEN,
11574,GEN,
11575,GEN,
11576,GEN,
11577,GEN,
11578,OBC-NCL,2369
11579,OBC-NCL,2370
11580,OBC-NCL,2371
11581,SC,267
11582,GEN,
11583,GEN,
11584,GEN,
11585,GEN,
11586,GEN,
11587,GEN,
11588,GEN-EWS,1420
11589,GEN-EWS,1421
11590,GEN-EWS,1422
11591,GEN,
11592,GEN,
11593,GEN-EWS,1423
11594,OBC-NCL,2372
11595,GEN,
11596,GEN,
11597,GEN-EWS,1424
11598,OBC-NCL,2373
11599,GEN,
11600,GEN,
11601,GEN-EWS,1425
11602,GEN,
11603,GEN,
11604,OBC-NCL,2374
11605,GEN-EWS,1426
11606,OBC-NCL,2375
11607,GEN,
11608,GEN,
11609,GEN,
11610,GEN,
11611,GEN,
11612,OBC-NCL,2376
11613,GEN,
11614,OBC-NCL,2377
11615,GEN,
11616,GEN,
11617,GEN-EWS,1427
11618,GEN-EWS,1428
11619,OBC-NCL,2378
11620,OBC-NCL,2379
11621,GEN,
11622,OBC-NCL,2380
11623,GEN,
11624,SC,268
11625,OBC-NCL,2381
11626,GEN,
11627,OBC-NCL,2382
11628,GEN,
11629,SC,269
11630,GEN-EWS,1429
11631,GEN-EWS,1430
11632,GEN,
11633,GEN,
11634,SC,270
11635,OBC-NCL,2383
11636,SC,271
11637,GEN,
11638,SC,272
11639,GEN-EWS,1431
11640,ST,62
11641,OBC-NCL,2384
11642,SC,273
11643,GEN,
11644,GEN,
11645,OBC-NCL,2385
11646,GEN,
11647,OBC-NCL,2386
11648,GEN,
11649,OBC-NCL,2387
11650,GEN,
11651,GEN,
11652,GEN,
11653,OBC-NCL,2388
11654,GEN,
11655,GEN,
11656,GEN,
11657,GEN,
11658,OBC-NCL,2389
11659,OBC-NCL,2390
11660,GEN,
11661,GEN,
11662,GEN,
11663,OBC-NCL,2391
11664,GEN,
11665,GEN,
11666,GEN,
11667,OBC-NCL,2392
11668,GEN,
11669,GEN,
11670,OBC-NCL,2393
11671,OBC-NCL,2394
11672,OBC-NCL,2395
11673,GEN,
11674,GEN,
11675,GEN,
11676,GEN,
11677,GEN,
11678,GEN,
11679,GEN,
11680,GEN,
11681,OBC-NCL,2396
11682,GEN,
11683,GEN,
11684,GEN,
11685,OBC-NCL,2397
11686,OBC-NCL,2398
11687,GEN,
11688,GEN,
11689,GEN,
11690,GEN,
11691,GEN,
11692,OBC-NCL,2399
11693,OBC-NCL,2400
11694,GEN,
11695,GEN-EWS,1432
11696,GEN,
11697,GEN,
11698,GEN,
11699,GEN,
11700,GEN,
11701,GEN,
11702,GEN-EWS,1433
11703,GEN,
11704,GEN,
11705,GEN-EWS,1434
11706,OBC-NCL,2401
11707,GEN,
11708,GEN-EWS,1435
11709,GEN-EWS,1436
11710,GEN,
11711,GEN-EWS,1437
11712,GEN-EWS,1438
11713,OBC-NCL,2402
11714,GEN-EWS,1439
11715,GEN,
11716,GEN-EWS,1440
11717,GEN,
11718,GEN,
11719,GEN-EWS,1441
11720,GEN,
11721,GEN,
11722,GEN-EWS,1442
11723,GEN,
11724,GEN,
11725,GEN,
11726,GEN,
11727,OBC-NCL,2403
11728,GEN,
11729,OBC-NCL,2404
11730,OBC-NCL,2405
11731,OBC-NCL,2406
11732,GEN,
11733,OBC-NCL,2407
11734,GEN,
11735,OBC-NCL,2408
11736,GEN,
11737,GEN,
11738,OBC-NCL,2409
11739,GEN,
11740,GEN-EWS,1443
11741,SC,274
11742,GEN,
11743,GEN,
11744,GEN,
11745,GEN,
11746,GEN,
11747,SC,275
11748,GEN,
11749,GEN,
11750,OBC-NCL,2410
11751,GEN-EWS,1444
11752,OBC-NCL,2411
11753,GEN-EWS,1445
11754,OBC-NCL,2412
11755,GEN,
11756,GEN-EWS,1446
11757,OBC-NCL,2413
11758,GEN,
11759,GEN-EWS,1447
11760,OBC-NCL,2414
11761,OBC-NCL,2415
11762,GEN,
11763,OBC-NCL,2416
11764,ST,63
11765,GEN,
11766,GEN,
11767,GEN,
11768,GEN-EWS,1448
11769,GEN,
11770,GEN,
11771,GEN,
11772,GEN,
11772,OBC-NCL,2417
11774,GEN,
11775,GEN,
11776,GEN,
11777,OBC-NCL,2418
11778,OBC-NCL,2419
11779,GEN,
11780,GEN,
11781,GEN,
11782,GEN-EWS,1449
11783,OBC-NCL,2420
11784,OBC-NCL,2421
11785,GEN,
11786,GEN,
11787,OBC-NCL,2422
11788,OBC-NCL,2423
11789,GEN,
11790,GEN,
11791,GEN,
11792,GEN,
11793,GEN,
11794,OBC-NCL,2424
11795,OBC-NCL,2425
11796,GEN-EWS,1450
11797,GEN,
11798,GEN,
11799,GEN,
11800,GEN,
11801,GEN,
11802,GEN-EWS,1451
11803,GEN,
11804,GEN,
11805,GEN,
11806,GEN,
11807,GEN,
11808,OBC-NCL,2426
11809,GEN-EWS,1452
11810,OBC-NCL,2427
11811,GEN-EWS,1453
11812,OBC-NCL,2428
11813,GEN,
11814,GEN,
11815,OBC-NCL,2429
11816,GEN,
11817,GEN-EWS,1454
11818,OBC-NCL,2430
11819,GEN,
11820,GEN-EWS,1455
11821,GEN,
11822,GEN,
11823,GEN,
11824,GEN,
11825,OBC-NCL,2431
11826,GEN,
11827,GEN,
11828,GEN,
11829,GEN,
11830,OBC-NCL,2432
11831,GEN,
11831,GEN-EWS,1456
11833,GEN-EWS,1457
11834,GEN,
11835,OBC-NCL,2433
11836,OBC-NCL,2434
11837,GEN,
11838,GEN,
11839,GEN-EWS,1458
11840,GEN,
11841,GEN-EWS,1459
11842,SC,276
11843,GEN,
11844,GEN,
11845,SC,277
11846,OBC-NCL,2435
11847,GEN,
11848,GEN,
11849,GEN,
11850,GEN,
11851,GEN,
11852,OBC-NCL,2436
11853,GEN,
11854,GEN,
11855,GEN,
11856,GEN-EWS,1460
11857,GEN,
11858,GEN,
11859,OBC-NCL,2437
11860,OBC-NCL,2438
11861,OBC-NCL,2439
11862,SC,278
11863,GEN,
11864,OBC-NCL,2440
11865,OBC-NCL,2441
11866,OBC-NCL,2442
11867,GEN,
11868,GEN-EWS,1461
11869,GEN,
11870,GEN,
11871,GEN-EWS,1462
11872,GEN,
11873,GEN,
11874,GEN,
11875,OBC-NCL,2443
11876,GEN,
11877,OBC-NCL,2444
11878,GEN,
11879,GEN,
11880,GEN,
11881,GEN,
11882,GEN,
11883,GEN,
11884,OBC-NCL,2445
11885,GEN-EWS,1463
11886,GEN,
11887,GEN,
11888,OBC-NCL,2446
11889,GEN-EWS,1464
11890,OBC-NCL,2447
11891,OBC-NCL,2448
11892,GEN-EWS,1465
11893,GEN,
11894,OBC-NCL,2449
11895,OBC-NCL,2450
11896,GEN,
11897,GEN,
11898,GEN,
11899,GEN,
11900,GEN-EWS,1466
11901,GEN,
11902,GEN-EWS,1467
11903,GEN,
11904,GEN-EWS,1468
11905,GEN,
11906,GEN-EWS,1469
11907,GEN,
11908,GEN,
11909,GEN-EWS,1470
11910,GEN,
11911,GEN-EWS,1471
11912,GEN,
11913,OBC-NCL,2451
11914,OBC-NCL,2452
11915,GEN,
11916,GEN,
11917,GEN-EWS,1472
11918,OBC-NCL,2453
11919,GEN,
11920,GEN,
11921,GEN,
11922,GEN,
11923,GEN,
11924,GEN,
11925,GEN-EWS,1473
11926,GEN,
11927,GEN,
11928,GEN,
11929,OBC-NCL,2454
11930,GEN,
11931,OBC-NCL,2455
11932,GEN-EWS,1474
11933,GEN,
11934,GEN,
11935,OBC-NCL,2456
11936,GEN,
11937,GEN,
11938,GEN,
11939,GEN,
11940,OBC-NCL,2457
11941,GEN,
11942,OBC-NCL,2458
11943,GEN,
11944,GEN-EWS,1475
11945,OBC-NCL,2459
11946,GEN-EWS,1476
11947,GEN,
11948,GEN,
11949,GEN,
11950,GEN-EWS,1477
11951,OBC-NCL,2460
11952,GEN,
11953,GEN,
11954,SC,279
11955,OBC-NCL,2461
11956,GEN-EWS,1478
11957,GEN,
11958,GEN,
11959,GEN,
11960,GEN,
11961,GEN,
11962,GEN,
11963,GEN,
11964,GEN,
11965,GEN-EWS,1479
11966,SC,280
11967,GEN,
11968,OBC-NCL,2462
11969,GEN,
11970,GEN,
11971,GEN,
11972,GEN,
11973,OBC-NCL,2463
11974,GEN,
11975,GEN,
11976,GEN-EWS,1480
11977,GEN,
11978,GEN,
11979,OBC-NCL,2464
11980,GEN,
11981,GEN,
11982,SC,281
11983,GEN-EWS,1481
11984,GEN,
11985,GEN,
11986,GEN,
11987,GEN,
11988,OBC-NCL,2465
11989,GEN-EWS,1482
11990,OBC-NCL,2466
11991,GEN,
11992,GEN,
11993,GEN-EWS,1483
11994,GEN-EWS,1484
11995,OBC-NCL,2467
11996,GEN,
11997,OBC-NCL,2468
11998,GEN-EWS,1485
11999,OBC-NCL,2469
11999,OBC-NCL,2469
12001,GEN,
12002,GEN-EWS,1486
12003,GEN,
12004,GEN,
12005,GEN,
12006,OBC-NCL,2471
12007,GEN,
12008,GEN,
12009,GEN,
12010,GEN,
12011,GEN-EWS,1487
12012,OBC-NCL,2472
12013,OBC-NCL,2473
12014,GEN,
12015,GEN,
12016,OBC-NCL,2474
12017,GEN-EWS,1488
12018,GEN,
12019,GEN,
12020,GEN,
12021,OBC-NCL,2475
12022,GEN,
12023,GEN-EWS,1489
12024,OBC-NCL,2476
12025,GEN,
12026,GEN,
12027,GEN,
12028,OBC-NCL,2477
12029,GEN,
12030,GEN-EWS,1490
12031,OBC-NCL,2478
12032,OBC-NCL,2479
12033,OBC-NCL,2480
12034,GEN,
12035,GEN,
12036,GEN,
12037,GEN,
12038,GEN,
12039,GEN,
12040,OBC-NCL,2481
12041,SC,282
12042,GEN,
12043,GEN-EWS,1491
12044,GEN-EWS,1492
12045,OBC-NCL,2482
12046,OBC-NCL,2483
12047,GEN,
12048,GEN,
12049,GEN,
12050,OBC-NCL,2484
12051,GEN,
12052,GEN,
12053,GEN,
12054,GEN,
12055,GEN,
12056,GEN,
12057,GEN,
12058,GEN,
12059,GEN,
12060,GEN-EWS,1493
12061,GEN-EWS,1494
12062,GEN,
12063,GEN,
12064,GEN-EWS,1495
12065,OBC-NCL,2485
12066,GEN,
12067,GEN,
12068,GEN,
12069,GEN,
12070,GEN,
12071,GEN,
12072,GEN,
12073,GEN-EWS,1496
12074,GEN,
12075,OBC-NCL,2486
12076,GEN,
12077,GEN,
12078,GEN-EWS,1497
12079,GEN,
12080,OBC-NCL,2487
12081,GEN-EWS,1498
12082,GEN,
12083,GEN,
12084,GEN,
12085,GEN,
12086,GEN,
12087,SC,283
12088,GEN,
12089,GEN,
12090,GEN,
12091,GEN,
12092,GEN,
12093,GEN-EWS,1499
12094,GEN,
12095,GEN,
12096,GEN,
12097,GEN,
12098,GEN,
12099,GEN,
12100,GEN,
12101,OBC-NCL,2488
12102,GEN,
12103,GEN,
12104,GEN,
12105,GEN,
12106,GEN,
12107,GEN,
12108,GEN,
12109,GEN,
12110,GEN-EWS,1500
12111,GEN,
12112,GEN-EWS,1501
12113,OBC-NCL,2489
12114,GEN,
12115,GEN,
12116,GEN-EWS,1502
12117,OBC-NCL,2490
12118,GEN-EWS,1503
12119,GEN-EWS,1504
12120,GEN-EWS,1505
12121,OBC-NCL,2491
12122,GEN-EWS,1506
12123,GEN,
12124,SC,284
12125,GEN,
12126,GEN-EWS,1507
12127,OBC-NCL,2492
12128,GEN-EWS,1508
12129,GEN,
12130,GEN,
12131,OBC-NCL,2493
12132,GEN,
12133,GEN,
12134,OBC-NCL,2494
12135,GEN,
12136,GEN,
12137,GEN,
12138,OBC-NCL,2495
12139,GEN,
12140,GEN,
12141,GEN-EWS,1509
12142,OBC-NCL,2496
12143,GEN-EWS,1510
12144,GEN,
12145,GEN,
12146,GEN-EWS,1511
12147,GEN-EWS,1512
12148,GEN,
12149,GEN,
12150,GEN,
12151,GEN,
12152,GEN,
12153,GEN,
12154,GEN,
12155,GEN,
12156,GEN,
12157,GEN,
12158,GEN,
12159,GEN-EWS,1513
12160,GEN,
12161,GEN,
12162,OBC-NCL,2497
12163,OBC-NCL,2498
12164,GEN,
12165,GEN,
12166,GEN-EWS,1514
12167,OBC-NCL,2499
12168,OBC-NCL,2500
12169,GEN,
12170,GEN-EWS,1515
12171,OBC-NCL,2501
12172,GEN,
12173,GEN,
12174,OBC-NCL,2502
12175,OBC-NCL,2503
12176,GEN,
12177,GEN,
12178,GEN,
12179,GEN-EWS,1516
12180,OBC-NCL,2504
12181,GEN,
12182,GEN,
12183,GEN,
12184,SC,285
12185,SC,286
12186,OBC-NCL,2505
12187,GEN,
12188,GEN,
12189,GEN-EWS,1517
12190,GEN,
12191,GEN,
12192,OBC-NCL,2506
12193,GEN,
12194,GEN,
12195,GEN,
12196,OBC-NCL,2507
12197,GEN-EWS,1518
12198,GEN,
12199,ST,64
12200,GEN-EWS,1519
12201,OBC-NCL,2508
12202,GEN-EWS,1520
12203,GEN,
12204,GEN,
12205,OBC-NCL,2509
12206,GEN,
12207,GEN-EWS,1521
12208,OBC-NCL,2510
12209,OBC-NCL,2511
12210,GEN,
12211,GEN-EWS,1522
12212,GEN,
12213,GEN-EWS,1523
12214,GEN,
12215,GEN,
12216,OBC-NCL,2512
12217,GEN,
12218,OBC-NCL,2513
12219,GEN,
12220,GEN,
12221,GEN-EWS,1524
12222,GEN,
12223,OBC-NCL,2514
12224,GEN-EWS,1525
12225,GEN-EWS,1526
12226,GEN-EWS,1527
12227,OBC-NCL,2515
12228,GEN,
12229,GEN,
12230,ST,65
12231,GEN-EWS,1528
12232,OBC-NCL,2516
12233,GEN,
12234,GEN,
12235,GEN,
12236,GEN-EWS,1529
12237,GEN,
12238,GEN-EWS,1530
12239,GEN,
12240,OBC-NCL,2517
12241,GEN,
12242,GEN,
12243,OBC-NCL,2518
12244,GEN,
12245,GEN,
12246,GEN,
12247,GEN,
12248,SC,287
12249,GEN,
12250,GEN,
12251,OBC-NCL,2519
12252,OBC-NCL,2520
12253,OBC-NCL,2521
12254,OBC-NCL,2522
12255,GEN,
12256,GEN,
12257,GEN-EWS,1531
12258,GEN,
12259,OBC-NCL,2523
12260,OBC-NCL,2524
12261,GEN-EWS,1532
12262,GEN,
12263,GEN,
12264,GEN,
12265,OBC-NCL,2525
12266,GEN,
12267,GEN,
12268,GEN,
12269,GEN,
12270,GEN,
12271,GEN,
12272,OBC-NCL,2526
12273,GEN,
12274,OBC-NCL,2527
12275,GEN-EWS,1533
12276,GEN,
12277,GEN,
12278,GEN,
12279,GEN,
12280,OBC-NCL,2528
12281,GEN,
12282,GEN,
12283,GEN,
12284,OBC-NCL,2529
12285,GEN,
12286,GEN-EWS,1534
12287,OBC-NCL,2530
12288,GEN,
12289,GEN,
12290,GEN,
12291,GEN-EWS,1535
12292,GEN,
12293,GEN,
12294,GEN,
12295,GEN,
12296,GEN-EWS,1536
12297,GEN-EWS,1537
12297,GEN-EWS,1537
12299,GEN,
12300,GEN,
12301,GEN,
12302,GEN,
12303,GEN,
12304,GEN-EWS,1539
12305,OBC-NCL,2531
12306,GEN,
12307,OBC-NCL,2532
12308,GEN-EWS,1540
12309,SC,288
12310,OBC-NCL,2533
12311,GEN,
12312,GEN-EWS,1541
12313,OBC-NCL,2534
12314,GEN-EWS,1542
12315,GEN-EWS,1543
12316,OBC-NCL,2535
12317,GEN-EWS,1544
12318,GEN-EWS,1545
12319,OBC-NCL,2536
12320,SC,289
12321,GEN-EWS,1546
12322,GEN,
12323,GEN,
12324,OBC-NCL,2537
12325,GEN,
12326,GEN,
12327,GEN-EWS,1547
12328,GEN,
12329,OBC-NCL,2538
12330,GEN,
12331,GEN,
12332,GEN,
12333,OBC-NCL,2539
12334,GEN,
12335,GEN,
12336,GEN-EWS,1548
12337,GEN,
12338,GEN,
12339,GEN,
12340,OBC-NCL,2540
12341,GEN,
12342,SC,290
12343,GEN,
12344,GEN-EWS,1549
12345,GEN,
12346,OBC-NCL,2541
12347,GEN,
12348,OBC-NCL,2542
12349,GEN,
12350,GEN-EWS,1550
12351,GEN,
12352,GEN,
12353,GEN,
12354,GEN-EWS,1551
12355,GEN-EWS,1552
12356,GEN,
12357,GEN,
12358,OBC-NCL,2543
12359,GEN,
12360,GEN,
12361,GEN,
12362,GEN,
12363,GEN,
12364,GEN,
12365,OBC-NCL,2544
12366,OBC-NCL,2545
12367,GEN-EWS,1553
12368,OBC-NCL,2546
12369,GEN-EWS,1554
12370,SC,291
12371,GEN,
12372,GEN,
12373,SC,292
12374,SC,293
12375,OBC-NCL,2547
12376,GEN-EWS,1555
12377,OBC-NCL,2548
12378,GEN,
12379,GEN-EWS,1556
12380,GEN,
12381,GEN-EWS,1557
12382,OBC-NCL,2549
12383,GEN,
12384,OBC-NCL,2550
12385,GEN,
12386,GEN,
12387,GEN-EWS,1558
12388,GEN,
12389,GEN,
12390,GEN,
12391,OBC-NCL,2551
12392,GEN,
12393,GEN-EWS,1559
12394,GEN,
12395,GEN,
12396,GEN,
12397,OBC-NCL,2552
12398,GEN-EWS,1560
12399,GEN,
12400,GEN,
12401,GEN,
12402,GEN-EWS,1561
12403,OBC-NCL,2553
12404,GEN,
12405,GEN,
12406,GEN,
12407,GEN,
12408,GEN,
12409,GEN,
12410,GEN,
12411,GEN-EWS,1562
12412,GEN,
12413,GEN-EWS,1563
12414,GEN,
12415,SC,294
12416,GEN-EWS,1564
12417,GEN,
12418,GEN,
12419,GEN,
12420,OBC-NCL,2554
12421,GEN,
12422,GEN-EWS,1565
12423,GEN,
12424,GEN,
12425,GEN,
12426,OBC-NCL,2555
12427,GEN,
12428,GEN,
12429,OBC-NCL,2556
12430,GEN,
12431,GEN-EWS,1566
12432,GEN,
12433,GEN,
12434,OBC-NCL,2557
12435,GEN,
12436,GEN-EWS,1567
12437,OBC-NCL,2558
12438,GEN,
12439,GEN,
12440,GEN-EWS,1568
12441,GEN,
12442,OBC-NCL,2559
12443,GEN,
12444,OBC-NCL,2560
12445,GEN,
12446,GEN-EWS,1569
12447,OBC-NCL,2561
12448,GEN,
12449,OBC-NCL,2562
12450,OBC-NCL,2563
12451,GEN,
12452,GEN,
12453,OBC-NCL,2564
12454,OBC-NCL,2565
12455,GEN,
12456,GEN,
12457,SC,295
12458,GEN,
12459,GEN-EWS,1570
12460,GEN,
12461,GEN,
12462,GEN,
12463,GEN,
12464,GEN,
12465,GEN-EWS,1571
12466,GEN-EWS,1572
12467,GEN,
12468,OBC-NCL,2566
12469,OBC-NCL,2567
12470,GEN,
12471,GEN-EWS,1573
12472,GEN,
12472,GEN,
12474,OBC-NCL,2568
12475,OBC-NCL,2569
12476,GEN-EWS,1574
12477,GEN,
12478,GEN,
12479,GEN,
12480,GEN,
12481,GEN,
12482,GEN,
12483,GEN,
12484,SC,296
12485,GEN,
12486,GEN,
12487,GEN,
12488,OBC-NCL,2570
12489,OBC-NCL,2571
12490,GEN,
12491,GEN-EWS,1575
12492,GEN,
12493,GEN,
12494,GEN,
12495,GEN,
12496,GEN,
12497,GEN,
12498,GEN,
12499,GEN-EWS,1576
12500,GEN,
12501,OBC-NCL,2572
12502,SC,297
12503,GEN,
12504,GEN,
12505,GEN,
12506,OBC-NCL,2573
12507,OBC-NCL,2574
12508,OBC-NCL,2575
12509,GEN,
12510,OBC-NCL,2576
12511,GEN,
12512,GEN-EWS,1577
12513,OBC-NCL,2577
12514,GEN-EWS,1578
12515,GEN,
12516,OBC-NCL,2578
12517,GEN,
12518,GEN,
12519,GEN-EWS,1579
12520,GEN,
12521,GEN,
12522,SC,298
12523,GEN,
12524,OBC-NCL,2579
12525,OBC-NCL,2580
12526,GEN,
12527,ST,66
12528,GEN,
12529,GEN,
12530,GEN,
12531,OBC-NCL,2581
12532,OBC-NCL,2582
12533,GEN,
12534,GEN,
12535,GEN-EWS,1580
12536,GEN,
12537,GEN,
12538,GEN,
12539,GEN,
12540,GEN,
12541,GEN,
12542,SC,299
12543,GEN,
12544,OBC-NCL,2583
12545,GEN,
12546,OBC-NCL,2584
12547,GEN,
12548,GEN,
12549,OBC-NCL,2585
12550,GEN,
12551,OBC-NCL,2586
12552,OBC-NCL,2587
12553,OBC-NCL,2588
12554,GEN,
12555,OBC-NCL,2589
12556,OBC-NCL,2590
12557,GEN,
12558,OBC-NCL,2591
12559,GEN,
12560,GEN,
12561,OBC-NCL,2592
12562,GEN,
12563,OBC-NCL,2593
12564,GEN,
12565,GEN-EWS,1581
12566,OBC-NCL,2594
12567,GEN,
12568,GEN,
12569,OBC-NCL,2595
12570,GEN,
12571,OBC-NCL,2596
12572,GEN-EWS,1582
12573,OBC-NCL,2597
12574,OBC-NCL,2598
12575,SC,301
12576,GEN,
12577,GEN,
12578,OBC-NCL,2599
12579,GEN,
12580,GEN,
12581,GEN-EWS,1583
12582,GEN-EWS,1584
12583,OBC-NCL,2600
12584,GEN,
12585,GEN-EWS,1585
12586,GEN,
12587,GEN,
12588,SC,302
12589,GEN,
12590,GEN,
12591,GEN-EWS,1586
12592,OBC-NCL,2601
12593,OBC-NCL,2602
12594,GEN,
12595,OBC-NCL,2603
12596,GEN,
12597,GEN,
12598,OBC-NCL,2604
12599,SC,303
12600,GEN-EWS,1587
12601,GEN,
12602,OBC-NCL,2605
12603,GEN-EWS,1588
12604,SC,304
12605,GEN,
12606,GEN,
12607,GEN,
12608,GEN,
12609,OBC-NCL,2606
12610,OBC-NCL,2607
12611,OBC-NCL,2608
12612,OBC-NCL,2609
12613,GEN,
12614,GEN,
12615,GEN,
12616,GEN,
12617,GEN,
12618,GEN,
12619,OBC-NCL,2610
12620,OBC-NCL,2611
12621,ST,67
12622,GEN,
12623,GEN-EWS,1589
12624,GEN,
12625,GEN,
12626,GEN,
12627,GEN,
12628,GEN,
12629,GEN-EWS,1590
12630,GEN-EWS,1591
12631,GEN,
12632,GEN,
12633,GEN,
12634,GEN,
12635,GEN,
12636,OBC-NCL,2612
12637,SC,305
12638,GEN-EWS,1592
12639,SC,306
12640,GEN,
12641,GEN,
12642,GEN,
12643,GEN,
12644,OBC-NCL,2613
12645,GEN,
12646,GEN,
12647,GEN,
12648,GEN,
12649,OBC-NCL,2614
12650,OBC-NCL,2615
12651,GEN,
12652,OBC-NCL,2616
12653,OBC-NCL,2617
12654,GEN,
12655,GEN-EWS,1594
12656,GEN,
12657,GEN,
12658,OBC-NCL,2618
12659,GEN,
12660,OBC-NCL,2619
12661,GEN,
12662,GEN-EWS,1595
12663,GEN,
12664,GEN,
12665,GEN-EWS,1596
12666,OBC-NCL,2620
12667,GEN,
12668,OBC-NCL,2621
12669,GEN,
12670,GEN-EWS,1597
12671,OBC-NCL,2622
12672,GEN,
12673,GEN,
12674,GEN,
12675,OBC-NCL,2623
12676,GEN,
12677,GEN,
12678,GEN,
12679,GEN-EWS,1598
12680,GEN,
12681,OBC-NCL,2624
12682,GEN,
12683,GEN-EWS,1599
12684,GEN-EWS,1600
12685,GEN,
12686,GEN,
12687,GEN,
12688,GEN-EWS,1601
12689,GEN,
12690,GEN,
12691,GEN,
12692,GEN,
12693,GEN,
12694,GEN-EWS,1602
12695,GEN,
12696,OBC-NCL,2625
12697,GEN-EWS,1603
12698,GEN,
12699,GEN,
12700,GEN,
12701,GEN-EWS,1604
12702,GEN,
12703,GEN-EWS,1605
12704,GEN-EWS,1606
12705,GEN,
12706,GEN,
12707,GEN-EWS,1607
12708,GEN,
12709,SC,307
12710,GEN-EWS,1608
12711,GEN,
12712,OBC-NCL,2626
12713,GEN-EWS,1609
12714,GEN,
12715,GEN-EWS,1610
12716,GEN,
12717,OBC-NCL,2627
12718,OBC-NCL,2628
12719,GEN,
12720,GEN,
12721,GEN,
12722,OBC-NCL,2629
12723,GEN,
12724,GEN,
12725,GEN,
12725,ST,68
12727,GEN,
12728,GEN,
12729,GEN,
12730,OBC-NCL,2630
12731,OBC-NCL,2631
12732,OBC-NCL,2632
12733,OBC-NCL,2633
12734,GEN,
12735,GEN,
12736,GEN,
12737,GEN,
12738,GEN-EWS,1611
12739,GEN-EWS,1612
12740,GEN-EWS,1613
12741,GEN,
12742,GEN,
12743,GEN-EWS,1614
12744,OBC-NCL,2634
12745,OBC-NCL,2635
12746,GEN,
12747,OBC-NCL,2636
12748,GEN,
12749,GEN,
12750,GEN,
12751,GEN,
12752,GEN,
12753,GEN,
12754,GEN,
12755,GEN,
12756,GEN,
12757,GEN,
12758,GEN,
12759,GEN,
12760,GEN,
12761,OBC-NCL,2637
12762,GEN,
12763,OBC-NCL,2638
12764,GEN,
12765,GEN-EWS,1615
12766,GEN-EWS,1616
12767,OBC-NCL,2639
12768,GEN,
12769,GEN,
12770,GEN,
12771,GEN,
12772,GEN,
12773,GEN-EWS,1617
12774,GEN-EWS,1618
12775,OBC-NCL,2640
12776,GEN,
12777,GEN,
12778,GEN-EWS,1619
12779,GEN,
12780,GEN,
12781,GEN-EWS,1620
12782,GEN,
12783,GEN,
12784,SC,308
12785,GEN,
12786,GEN-EWS,1621
12787,OBC-NCL,2642
12788,GEN-EWS,1622
12789,GEN,
12790,GEN,
12791,OBC-NCL,2643
12792,OBC-NCL,2644
12793,GEN-EWS,1623
12794,GEN,
12795,GEN,
12796,GEN,
12797,GEN,
12798,GEN,
12799,OBC-NCL,2645
12800,GEN,
12801,GEN,
12802,GEN,
12802,GEN-EWS,1624
12804,GEN,
12805,OBC-NCL,2646
12806,OBC-NCL,2647
12807,GEN,
12808,GEN,
12809,OBC-NCL,2648
12810,GEN,
12811,GEN,
12812,GEN,
12813,GEN,
12814,GEN,
12815,OBC-NCL,2649
12816,GEN-EWS,1625
12817,GEN,
12818,SC,309
12819,OBC-NCL,2650
12820,GEN-EWS,1626
12821,GEN,
12822,GEN,
12823,OBC-NCL,2651
12824,OBC-NCL,2652
12825,OBC-NCL,2653
12826,OBC-NCL,2654
12827,GEN,
12828,OBC-NCL,2655
12829,GEN-EWS,1627
12830,GEN,
12831,GEN,
12832,GEN,
12833,GEN,
12834,GEN,
12835,OBC-NCL,2656
12836,OBC-NCL,2657
12837,GEN-EWS,1628
12838,SC,310
12839,GEN,
12840,GEN,
12841,OBC-NCL,2658
12842,GEN,
12843,OBC-NCL,2659
12844,GEN-EWS,1629
12845,OBC-NCL,2660
12846,GEN,
12847,GEN,
12848,OBC-NCL,2661
12849,GEN,
12850,OBC-NCL,2662
12851,GEN,
12852,GEN,
12853,GEN,
12854,OBC-NCL,2663
12855,OBC-NCL,2664
12856,GEN,
12857,GEN,
12858,OBC-NCL,2665
12859,GEN,
12860,GEN-EWS,1630
12861,OBC-NCL,2666
12862,GEN,
12863,SC,311
12864,GEN-EWS,1631
12865,GEN,
12866,GEN,
12867,GEN,
12868,GEN,
12869,OBC-NCL,2667
12870,OBC-NCL,2668
12871,GEN,
12872,OBC-NCL,2669
12873,OBC-NCL,2670
12874,GEN,
12875,GEN-EWS,1632
12876,GEN,
12877,GEN,
12878,GEN,
12879,GEN,
12880,GEN-EWS,1633
12881,GEN-EWS,1634
12882,OBC-NCL,2671
12883,OBC-NCL,2672
12884,GEN,
12885,GEN,
12886,SC,312
12887,OBC-NCL,2673
12888,OBC-NCL,2674
12889,OBC-NCL,2675
12890,SC,313
12891,GEN,
12892,GEN,
12893,OBC-NCL,2676
12894,GEN,
12895,OBC-NCL,2677
12896,GEN,
12897,SC,314
12898,GEN,
12899,OBC-NCL,2678
12900,GEN,
12901,GEN,
12902,GEN,
12903,OBC-NCL,2679
12904,GEN,
12905,GEN,
12906,GEN,
12907,GEN,
12908,GEN,
12909,GEN,
12910,GEN,
12911,GEN,
12912,GEN-EWS,1635
12913,ST,69
12914,GEN,
12915,OBC-NCL,2680
12916,GEN,
12917,GEN,
12918,GEN,
12919,OBC-NCL,2681
12920,OBC-NCL,2682
12921,OBC-NCL,2683
12922,GEN,
12923,GEN,
12924,GEN,
12925,GEN-EWS,1636
12926,GEN,
12927,GEN,
12928,GEN,
12929,GEN-EWS,1637
12930,GEN-EWS,1638
12931,GEN,
12932,GEN,
12933,GEN,
12934,SC,315
12935,GEN,
12936,OBC-NCL,2684
12937,GEN-EWS,1639
12938,GEN,
12939,GEN,
12940,GEN,
12941,GEN,
12942,GEN-EWS,1640
12943,GEN-EWS,1641
12944,GEN,
12945,OBC-NCL,2685
12946,GEN,
12947,GEN,
12948,OBC-NCL,2686
12949,GEN,
12950,SC,316
12951,GEN,
12952,OBC-NCL,2687
12953,GEN-EWS,1642
12954,GEN,
12955,SC,317
12956,GEN,
12957,GEN,
12958,OBC-NCL,2688
12959,GEN,
12960,GEN-EWS,1643
12961,SC,318
12962,OBC-NCL,2689
12963,GEN,
12964,OBC-NCL,2690
12965,GEN-EWS,1644
12966,OBC-NCL,2691
12967,GEN,
12968,GEN,
12969,GEN-EWS,1645
12970,GEN,
12971,GEN,
12972,GEN,
12973,GEN,
12974,OBC-NCL,2692
12975,OBC-NCL,2693
12976,GEN,
12977,GEN-EWS,1646
12978,GEN,
12979,GEN-EWS,1647
12980,GEN,
12981,GEN,
12982,SC,319
12983,GEN-EWS,1648
12984,OBC-NCL,2694
12985,GEN,
12986,GEN,
12987,GEN,
12988,OBC-NCL,2695
12989,GEN,
12990,GEN-EWS,1649
12991,GEN,
12992,OBC-NCL,2696
12993,GEN-EWS,1650
12994,GEN-EWS,1651
12995,GEN,
12996,OBC-NCL,2697
12997,OBC-NCL,2698
12998,OBC-NCL,2699
12999,GEN-EWS,1652
13000,GEN,
13001,GEN,
13002,GEN-EWS,1653
13003,GEN,
13004,GEN-EWS,1654
13005,GEN,
13006,GEN,
13007,GEN,
13008,GEN-EWS,1655
13009,OBC-NCL,2700
13010,GEN,
13011,GEN,
13012,OBC-NCL,2701
13013,GEN-EWS,1656
13014,GEN,
13015,OBC-NCL,2702
13016,GEN,
13017,GEN,
13018,GEN,
13019,GEN,
13020,OBC-NCL,2703
13021,GEN-EWS,1657
13022,GEN,
13023,GEN-EWS,1658
13024,GEN,
13025,GEN-EWS,1659
13026,GEN,
13027,GEN,
13028,GEN-EWS,1660
13029,GEN,
13030,GEN,
13031,GEN,
13032,GEN,
13033,GEN,
13034,GEN-EWS,1661
13035,OBC-NCL,2704
13036,OBC-NCL,2705
13037,GEN-EWS,1662
13038,GEN-EWS,1663
13039,OBC-NCL,2706
13040,GEN-EWS,1664
13041,GEN,
13042,GEN,
13043,GEN,
13044,GEN,
13045,GEN,
13046,OBC-NCL,2707
13047,OBC-NCL,2708
13048,GEN-EWS,1665
13049,GEN-EWS,1666
13050,GEN,
13051,GEN,
13052,GEN-EWS,1667
13053,GEN-EWS,1668
13054,GEN,
13055,GEN,
13056,GEN-EWS,1669
13057,GEN-EWS,1670
13058,OBC-NCL,2709
13059,OBC-NCL,2710
13060,OBC-NCL,2711
13061,GEN,
13062,GEN,
13063,GEN,
13064,OBC-NCL,2712
13065,GEN,
13066,OBC-NCL,2713
13067,GEN,
13068,OBC-NCL,2714
13069,GEN,
13070,SC,320
13071,OBC-NCL,2715
13072,GEN-EWS,1671
13073,OBC-NCL,2716
13074,GEN-EWS,1672
13075,GEN,
13076,SC,321
13077,GEN,
13078,GEN,
13079,OBC-NCL,2717
13080,OBC-NCL,2718
13081,GEN,
13082,GEN,
13083,GEN,
13084,GEN,
13085,OBC-NCL,2719
13086,GEN,
13087,GEN,
13088,GEN-EWS,1673
13089,OBC-NCL,2720
13090,GEN,
13091,GEN,
13092,GEN-EWS,1674
13093,OBC-NCL,2721
13094,GEN,
13095,GEN,
13096,GEN,
13097,GEN,
13098,GEN,
13099,GEN,
13100,OBC-NCL,2722
13101,GEN,
13102,OBC-NCL,2723
13103,GEN-EWS,1675
13104,GEN,
13105,GEN,
13106,GEN-EWS,1676
13107,GEN,
13108,GEN,
13109,GEN,
13110,OBC-NCL,2724
13111,GEN-EWS,1677
13112,GEN,
13113,GEN,
13114,GEN-EWS,1678
13115,GEN,
13116,GEN,
13117,GEN,
13118,OBC-NCL,2725
13119,OBC-NCL,2726
13120,GEN,
13121,OBC-NCL,2727
13122,OBC-NCL,2728
13123,GEN-EWS,1679
13124,GEN-EWS,1680
13125,OBC-NCL,2729
13126,OBC-NCL,2730
13127,GEN,
13128,OBC-NCL,2731
13129,OBC-NCL,2732
13130,GEN,
13131,GEN,
13132,GEN-EWS,1681
13133,GEN,
13134,GEN-EWS,1682
13135,GEN-EWS,1683
13136,GEN,
13137,GEN,
13138,GEN,
13139,GEN,
13140,OBC-NCL,2733
13141,GEN-EWS,1684
13142,GEN-EWS,1685
13143,GEN,
13144,GEN-EWS,1686
13145,OBC-NCL,2734
13146,GEN,
13147,OBC-NCL,2735
13148,GEN,
13149,GEN,
13150,GEN,
13151,GEN,
13152,GEN,
13153,OBC-NCL,2736
13154,GEN,
13155,GEN,
13156,GEN,
13157,OBC-NCL,2737
13158,GEN-EWS,1687
13159,GEN,
13160,GEN-EWS,1688
13161,GEN,
13162,GEN-EWS,1689
13163,OBC-NCL,2738
13164,GEN,
13165,GEN,
13166,OBC-NCL,2739
13167,GEN,
13168,GEN-EWS,1690
13169,OBC-NCL,2740
13170,OBC-NCL,2741
13171,OBC-NCL,2742
13172,OBC-NCL,2743
13173,OBC-NCL,2744
13174,GEN-EWS,1691
13175,OBC-NCL,2745
13176,GEN,
13177,GEN,
13178,GEN,
13179,OBC-NCL,2746
13180,OBC-NCL,2747
13181,GEN-EWS,1692
13182,GEN,
13183,GEN-EWS,1693
13184,GEN,
13185,GEN-EWS,1694
13186,GEN,
13187,GEN-EWS,1695
13188,OBC-NCL,2748
13189,GEN,
13190,GEN,
13191,GEN,
13192,OBC-NCL,2749
13193,GEN,
13194,OBC-NCL,2750
13195,GEN,
13196,GEN-EWS,1696
13197,GEN,
13198,GEN,
13199,GEN,
13200,GEN,
13201,GEN,
13202,GEN,
13203,GEN-EWS,1697
13204,SC,323
13205,GEN,
13206,GEN,
13207,OBC-NCL,2751
13208,GEN,
13209,GEN-EWS,1698
13210,GEN,
13211,GEN,
13212,OBC-NCL,2752
13213,OBC-NCL,2753
13214,GEN-EWS,1699
13215,GEN,
13216,GEN-EWS,1700
13217,OBC-NCL,2754
13218,GEN,
13219,SC,324
13220,GEN,
13221,GEN,
13222,GEN,
13223,GEN,
13224,OBC-NCL,2755
13225,GEN,
13226,OBC-NCL,2756
13227,OBC-NCL,2757
13228,SC,325
13229,GEN,
13230,GEN-EWS,1701
13231,GEN-EWS,1702
13232,GEN,
13233,GEN,
13234,GEN,
13235,GEN,
13236,GEN,
13237,OBC-NCL,2758
13238,OBC-NCL,2759
13239,GEN,
13240,GEN-EWS,1703
13241,GEN,
13242,GEN-EWS,1704
13243,GEN,
13244,GEN,
13245,GEN,
13246,GEN,
13247,GEN,
13248,GEN,
13249,GEN,
13250,OBC-NCL,2760
13251,GEN,
13252,GEN,
13253,GEN,
13254,GEN-EWS,1705
13255,OBC-NCL,2761
13256,GEN,
13257,GEN,
13258,GEN-EWS,1706
13259,GEN,
13260,GEN,
13261,GEN,
13262,GEN-EWS,1707
13263,GEN,
13264,GEN,
13265,GEN-EWS,1708
13266,GEN,
13267,GEN,
13268,GEN,
13269,GEN,
13270,OBC-NCL,2762
13271,GEN-EWS,1709
13272,GEN,
13273,GEN,
13274,GEN,
13275,GEN,
13276,GEN,
13277,OBC-NCL,2763
13278,GEN,
13279,GEN,
13280,GEN,
13281,GEN,
13282,GEN,
13283,GEN-EWS,1710
13284,GEN,
13285,GEN,
13286,GEN,
13287,GEN,
13288,GEN,
13289,GEN-EWS,1711
13290,GEN,
13291,GEN,
13292,GEN,
13293,SC,326
13294,GEN-EWS,1712
13295,GEN,
13296,GEN,
13297,GEN,
13298,GEN,
13299,GEN,
13300,GEN,
13301,GEN,
13302,GEN,
13303,OBC-NCL,2764
13304,GEN,
13305,GEN,
13306,GEN,
13307,GEN,
13308,OBC-NCL,2765
13309,GEN,
13310,SC,327
13311,GEN,
13312,OBC-NCL,2766
13313,GEN,
13314,GEN,
13315,GEN,
13316,GEN,
13317,OBC-NCL,2767
13318,GEN,
13319,ST,70
13320,OBC-NCL,2768
13321,GEN-EWS,1713
13322,GEN,
13323,GEN,
13324,OBC-NCL,2769
13325,GEN,
13326,GEN,
13327,GEN,
13328,GEN-EWS,1714
13329,OBC-NCL,2770
13330,OBC-NCL,2771
13331,GEN,
13332,GEN-EWS,1715
13333,GEN,
13334,GEN,
13335,OBC-NCL,2772
13336,GEN,
13337,GEN,
13338,OBC-NCL,2774
13339,GEN,
13340,OBC-NCL,2775
13341,GEN-EWS,1716
13342,GEN,
13343,GEN,
13344,GEN,
13345,GEN,
13346,OBC-NCL,2776
13347,GEN,
13348,GEN-EWS,1717
13349,OBC-NCL,2777
13350,GEN,
13351,GEN-EWS,1718
13352,GEN-EWS,1719
13353,OBC-NCL,2778
13354,GEN,
13355,OBC-NCL,2779
13356,GEN,
13357,GEN,
13358,GEN,
13359,GEN,
13360,GEN-EWS,1720
13361,GEN,
13362,GEN,
13363,GEN,
13364,GEN-EWS,1721
13365,OBC-NCL,2780
13366,GEN,
13367,GEN,
13368,GEN,
13369,GEN,
13370,GEN,
13371,GEN-EWS,1722
13372,OBC-NCL,2781
13373,GEN,
13374,GEN,
13375,GEN,
13376,GEN,
13377,GEN,
13378,OBC-NCL,2782
13379,OBC-NCL,2783
13380,OBC-NCL,2784
13381,GEN,
13382,GEN,
13383,OBC-NCL,2785
13384,GEN-EWS,1723
13385,GEN-EWS,1724
13386,GEN,
13387,OBC-NCL,2786
13388,GEN,
13389,GEN,
13390,OBC-NCL,2787
13391,OBC-NCL,2788
13392,OBC-NCL,2789
13393,GEN-EWS,1725
13394,GEN,
13395,GEN,
13396,GEN,
13397,GEN,
13398,GEN,
13399,GEN,
13400,GEN-EWS,1726
13401,GEN,
13402,OBC-NCL,2790
13403,GEN-EWS,1727
13404,GEN,
13405,GEN,
13406,OBC-NCL,2791
13407,GEN-EWS,1728
13408,OBC-NCL,2792
13409,GEN,
13410,OBC-NCL,2793
13411,GEN,
13412,GEN,
13413,OBC-NCL,2794
13414,GEN,
13415,GEN-EWS,1729
13416,GEN-EWS,1730
13417,GEN-EWS,1731
13418,GEN,
13419,GEN,
13420,GEN-EWS,1732
13421,GEN-EWS,1733
13422,GEN,
13423,GEN,
13424,GEN,
13425,GEN,
13426,GEN,
13427,GEN-EWS,1734
13428,OBC-NCL,2795
13429,OBC-NCL,2796
13430,GEN,
13431,GEN,
13432,GEN,
13433,GEN-EWS,1735
13434,OBC-NCL,2797
13435,GEN,
13436,GEN,
13437,GEN-EWS,1736
13438,GEN,
13439,GEN,
13440,GEN-EWS,1737
13441,OBC-NCL,2798
13442,GEN-EWS,1738
13443,OBC-NCL,2799
13444,OBC-NCL,2800
13445,GEN-EWS,1739
13446,GEN,
13447,GEN,
13448,GEN,
13449,GEN-EWS,1740
13450,GEN,
13451,OBC-NCL,2801
13452,OBC-NCL,2802
13453,GEN-EWS,1741
13454,GEN,
13455,GEN,
13456,GEN-EWS,1742
13457,GEN,
13458,GEN,
13459,GEN,
13460,GEN,
13461,GEN-EWS,1743
13462,GEN,
13463,OBC-NCL,2803
13464,GEN,
13465,GEN,
13466,GEN,
13467,GEN,
13468,GEN,
13469,OBC-NCL,2804
13470,GEN,
13471,OBC-NCL,2805
13472,OBC-NCL,2806
13473,OBC-NCL,2807
13474,OBC-NCL,2808
13475,SC,328
13476,OBC-NCL,2809
13477,OBC-NCL,2810
13478,OBC-NCL,2811
13479,ST,71
13480,OBC-NCL,2812
13481,GEN,
13482,OBC-NCL,2813
13483,OBC-NCL,2814
13484,GEN,
13485,GEN,
13486,OBC-NCL,2815
13487,GEN,
13488,OBC-NCL,2816
13489,GEN-EWS,1744
13490,GEN,
13491,OBC-NCL,2817
13492,GEN,
13493,GEN,
13494,SC,329
13495,GEN-EWS,1745
13496,GEN,
13497,GEN,
13498,GEN,
13499,GEN-EWS,1746
13500,GEN,
13501,OBC-NCL,2818
13502,SC,330
13503,GEN,
13504,OBC-NCL,2819
13505,OBC-NCL,2820
13506,OBC-NCL,2821
13507,GEN,
13508,GEN-EWS,1747
13509,GEN,
13510,GEN,
13511,GEN-EWS,1748
13512,GEN-EWS,1749
13513,GEN,
13514,GEN,
13515,GEN,
13516,GEN,
13517,GEN,
13518,GEN,
13519,SC,331
13520,GEN-EWS,1750
13521,GEN,
13522,GEN,
13523,GEN-EWS,1751
13524,GEN,
13525,GEN,
13526,GEN,
13527,GEN,
13528,OBC-NCL,2822
13529,GEN,
13530,GEN,
13531,OBC-NCL,2823
13532,SC,332
13533,GEN,
13534,OBC-NCL,2824
13535,GEN,
13536,SC,333
13537,GEN,
13538,GEN,
13539,ST,72
13540,GEN-EWS,1752
13541,GEN,
13542,GEN,
13543,OBC-NCL,2825
13544,OBC-NCL,2826
13545,OBC-NCL,2827
13546,GEN,
13547,GEN-EWS,1753
13548,OBC-NCL,2828
13549,GEN,
13550,GEN,
13551,GEN,
13552,SC,334
13553,OBC-NCL,2829
13554,GEN,
13555,GEN,
13556,GEN-EWS,1754
13557,GEN,
13558,GEN,
13559,GEN,
13560,GEN,
13561,GEN,
13562,GEN-EWS,1755
13563,SC,335
13564,GEN,
13565,GEN,
13566,OBC-NCL,2830
13567,GEN,
13568,GEN,
13569,GEN,
13570,GEN-EWS,1756
13571,GEN,
13572,GEN,
13573,OBC-NCL,2831
13574,GEN,
13575,OBC-NCL,2832
13576,OBC-NCL,2833
13577,GEN,
13578,GEN,
13579,GEN,
13580,GEN,
13581,OBC-NCL,2834
13582,OBC-NCL,2835
13583,GEN,
13584,GEN,
13585,GEN,
13586,GEN,
13587,GEN,
13588,OBC-NCL,2836
13589,GEN-EWS,1757
13590,GEN-EWS,1758
13591,GEN,
13592,GEN,
13593,OBC-NCL,2837
13594,GEN,
13595,OBC-NCL,2838
13596,GEN,
13597,GEN,
13598,GEN,
13599,GEN,
13600,OBC-NCL,2839
13601,GEN-EWS,1759
13602,GEN,
13603,GEN,
13604,GEN,
13605,GEN,
13606,GEN,
13607,GEN,
13608,OBC-NCL,2840
13609,GEN,
13610,OBC-NCL,2841
13611,OBC-NCL,2842
13612,GEN,
13613,OBC-NCL,2843
13614,GEN,
13615,OBC-NCL,2844
13616,GEN,
13617,GEN,
13618,GEN-EWS,1760
13619,GEN-EWS,1761
13620,ST,73
13621,GEN,
13622,SC,336
13623,GEN,
13624,GEN,
13625,OBC-NCL,2845
13626,GEN,
13627,GEN-EWS,1762
13628,OBC-NCL,2846
13629,OBC-NCL,2847
13630,OBC-NCL,2848
13631,OBC-NCL,2849
13632,GEN,
13633,GEN-EWS,1763
13634,OBC-NCL,2850
13635,GEN,
13636,OBC-NCL,2851
13637,GEN,
13638,GEN,
13639,GEN,
13640,GEN,
13641,GEN,
13642,GEN-EWS,1764
13643,GEN-EWS,1765
13644,GEN,
13645,GEN,
13646,GEN,
13647,GEN,
13648,GEN,
13649,OBC-NCL,2852
13650,OBC-NCL,2853
13651,GEN,
13652,GEN,
13653,ST,74
13654,OBC-NCL,2854
13655,GEN,
13656,GEN-EWS,1766
13657,GEN,
13658,SC,337
13659,GEN,
13660,GEN,
13661,GEN,
13662,GEN,
13663,SC,338
13664,GEN,
13664,GEN-EWS,1767
13666,GEN,
13667,GEN,
13668,GEN,
13669,GEN,
13670,GEN-EWS,1768
13671,GEN,
13672,ST,75
13673,GEN-EWS,1769
13674,GEN,
13675,GEN-EWS,1770
13676,GEN,
13677,GEN-EWS,1771
13678,GEN,
13679,OBC-NCL,2855
13680,GEN,
13681,GEN,
13682,OBC-NCL,2856
13683,GEN,
13684,GEN,
13685,GEN,
13686,GEN,
13687,GEN,
13688,OBC-NCL,2857
13689,GEN,
13690,GEN,
13691,OBC-NCL,2858
13692,GEN,
13693,GEN,
13694,GEN-EWS,1772
13695,GEN,
13696,OBC-NCL,2859
13697,GEN,
13698,GEN,
13699,GEN-EWS,1773
13700,OBC-NCL,2860
13701,GEN,
13702,GEN,
13703,GEN,
13704,GEN,
13705,OBC-NCL,2861
13706,GEN,
13707,OBC-NCL,2862
13708,GEN,
13709,GEN,
13710,GEN-EWS,1774
13711,GEN,
13712,GEN,
13713,GEN,
13714,GEN,
13715,GEN,
13716,OBC-NCL,2863
13717,GEN,
13718,GEN,
13719,GEN-EWS,1775
13720,OBC-NCL,2864
13721,OBC-NCL,2865
13722,OBC-NCL,2866
13723,GEN,
13724,GEN,
13725,SC,339
13726,OBC-NCL,2867
13727,OBC-NCL,2868
13728,GEN,
13729,GEN,
13730,OBC-NCL,2869
13731,OBC-NCL,2870
13732,OBC-NCL,2871
13733,GEN,
13734,GEN-EWS,1776
13735,GEN-EWS,1777
13736,GEN,
13737,OBC-NCL,2872
13738,GEN-EWS,1778
13739,GEN,
13740,GEN,
13741,GEN,
13742,GEN,
13743,OBC-NCL,2873
13744,GEN,
13745,OBC-NCL,2874
13746,GEN,
13747,OBC-NCL,2875
13748,GEN,
13749,GEN-EWS,1779
13750,GEN,
13751,GEN,
13752,GEN,
13753,GEN,
13754,OBC-NCL,2876
13755,GEN,
13756,SC,341
13757,GEN,
13758,GEN-EWS,1780
13759,GEN,
13760,GEN,
13761,GEN,
13762,GEN-EWS,1781
13763,GEN,
13764,GEN,
13765,OBC-NCL,2877
13766,GEN-EWS,1782
13767,GEN-EWS,1783
13768,GEN,
13769,GEN,
13770,GEN,
13771,GEN,
13772,GEN,
13773,SC,342
13774,OBC-NCL,2878
13775,GEN,
13776,GEN,
13777,SC,343
13778,GEN-EWS,1784
13779,GEN,
13780,SC,344
13781,GEN,
13782,GEN-EWS,1785
13783,GEN-EWS,1786
13784,GEN,
13785,GEN,
13786,OBC-NCL,2879
13787,OBC-NCL,2880
13788,GEN,
13789,GEN,
13790,GEN,
13791,GEN,
13792,GEN-EWS,1787
13793,GEN,
13794,OBC-NCL,2881
13795,OBC-NCL,2882
13796,GEN,
13797,OBC-NCL,2883
13798,GEN,
13799,GEN-EWS,1788
13800,GEN-EWS,1789
13801,GEN,
13802,GEN,
13803,GEN-EWS,1790
13804,OBC-NCL,2884
13805,GEN,
13806,OBC-NCL,2885
13807,GEN,
13808,GEN,
13809,GEN,
13810,GEN,
13811,GEN,
13812,OBC-NCL,2886
13813,GEN,
13814,OBC-NCL,2887
13815,GEN,
13816,GEN-EWS,1791
13817,GEN,
13818,OBC-NCL,2888
13819,GEN,
13820,GEN,
13821,GEN,
13822,GEN-EWS,1792
13823,GEN,
13824,GEN,
13825,GEN,
13826,GEN-EWS,1793
13827,GEN,
13828,OBC-NCL,2889
13829,GEN,
13830,OBC-NCL,2890
13831,GEN-EWS,1794
13832,GEN,
13833,GEN,
13834,OBC-NCL,2891
13835,GEN-EWS,1795
13836,OBC-NCL,2892
13837,GEN,
13838,GEN,
13839,GEN,
13840,OBC-NCL,2893
13841,GEN,
13842,GEN,
13843,GEN,
13844,GEN-EWS,1796
13845,GEN-EWS,1797
13846,GEN,
13847,OBC-NCL,2894
13848,GEN,
13849,GEN,
13850,OBC-NCL,2895
13851,OBC-NCL,2896
13852,GEN-EWS,1798
13853,GEN,
13854,GEN,
13855,GEN,
13856,OBC-NCL,2897
13857,OBC-NCL,2898
13858,OBC-NCL,2899
13859,OBC-NCL,2900
13860,GEN,
13861,GEN,
13862,GEN,
13863,GEN,
13864,ST,76
13865,OBC-NCL,2901
13866,GEN,
13867,GEN,
13868,GEN,
13869,OBC-NCL,2902
13870,GEN,
13871,GEN,
13872,OBC-NCL,2903
13873,GEN,
13874,GEN,
13875,GEN,
13876,GEN,
13877,GEN,
13878,OBC-NCL,2904
13879,GEN,
13880,GEN,
13881,GEN-EWS,1799
13882,GEN-EWS,1800
13883,OBC-NCL,2905
13884,GEN,
13885,GEN-EWS,1801
13886,GEN,
13887,GEN,
13888,GEN,
13889,GEN,
13890,GEN,
13891,ST,77
13892,GEN-EWS,1802
13893,GEN,
13894,OBC-NCL,2906
13895,OBC-NCL,2907
13896,GEN-EWS,1803
13897,GEN,
13898,GEN,
13899,OBC-NCL,2908
13900,GEN,
13901,SC,345
13902,OBC-NCL,2909
13903,GEN,
13904,OBC-NCL,2910
13905,GEN-EWS,1804
13906,GEN,
13907,SC,346
13908,OBC-NCL,2911
13909,GEN,
13910,GEN-EWS,1805
13911,GEN,
13912,GEN,
13913,GEN-EWS,1806
13914,GEN,
13915,GEN,
13916,GEN,
13917,SC,347
13918,GEN,
13919,GEN,
13920,GEN,
13921,OBC-NCL,2912
13922,GEN,
13923,OBC-NCL,2913
13924,GEN,
13925,GEN,
13926,GEN,
13927,GEN,
13928,GEN,
13929,OBC-NCL,2914
13930,GEN-EWS,1807
13931,GEN,
13932,GEN-EWS,1808
13933,GEN,
13934,OBC-NCL,2915
13935,GEN-EWS,1809
13936,GEN-EWS,1810
13937,OBC-NCL,2916
13938,GEN,
13939,GEN-EWS,1811
13940,GEN-EWS,1812
13941,GEN-EWS,1813
13942,OBC-NCL,2917
13943,OBC-NCL,2918
13944,GEN,
13945,GEN,
13946,OBC-NCL,2919
13947,GEN,
13948,GEN-EWS,1814
13949,OBC-NCL,2920
13950,GEN-EWS,1815
13951,OBC-NCL,2921
13952,OBC-NCL,2922
13953,GEN,
13954,GEN-EWS,1816
13955,OBC-NCL,2923
13956,OBC-NCL,2924
13957,OBC-NCL,2925
13958,GEN,
13959,OBC-NCL,2926
13960,GEN,
13961,GEN,
13962,GEN,
13963,GEN-EWS,1817
13964,GEN,
13965,GEN,
13966,GEN,
13967,GEN,
13968,GEN-EWS,1818
13969,OBC-NCL,2927
13970,GEN,
13971,GEN,
13972,GEN,
13973,OBC-NCL,2928
13974,GEN,
13975,GEN,
13976,OBC-NCL,2929
13977,GEN,
13978,OBC-NCL,2930
13979,SC,348
13980,GEN,
13981,GEN-EWS,1819
13982,OBC-NCL,2931
13983,GEN-EWS,1820
13984,GEN,
13985,GEN,
13986,GEN,
13987,OBC-NCL,2932
13988,GEN,
13989,OBC-NCL,2933
13990,GEN-EWS,1821
13991,OBC-NCL,2934
13992,GEN,
13993,GEN,
13994,GEN,
13994,GEN,
13996,OBC-NCL,2935
13997,GEN,
13998,OBC-NCL,2936
13999,GEN,
14000,GEN,
14001,OBC-NCL,2937
14002,GEN,
14003,GEN-EWS,1822
14004,GEN-EWS,1823
14005,GEN,
14006,GEN,
14007,GEN,
14008,GEN,
14009,OBC-NCL,2938
14010,GEN,
14011,GEN-EWS,1824
14012,GEN,
14013,OBC-NCL,2939
14014,GEN-EWS,1825
14015,GEN,
14016,OBC-NCL,2940
14017,GEN,
14018,GEN,
14019,GEN,
14020,GEN,
14021,GEN-EWS,1826
14022,GEN,
14023,GEN,
14024,GEN-EWS,1827
14025,GEN-EWS,1828
14026,GEN,
14027,GEN-EWS,1829
14028,GEN,
14029,GEN-EWS,1831
14030,OBC-NCL,2941
14031,GEN,
14032,GEN,
14033,GEN,
14034,GEN-EWS,1832
14035,OBC-NCL,2942
14036,OBC-NCL,2943
14037,GEN,
14038,GEN-EWS,1833
14039,OBC-NCL,2944
14040,GEN,
14041,GEN-EWS,1834
14042,GEN,
14043,GEN,
14044,GEN,
14045,OBC-NCL,2945
14046,GEN-EWS,1835
14047,GEN,
14048,OBC-NCL,2946
14049,GEN,
14050,OBC-NCL,2947
14051,OBC-NCL,2948
14052,GEN,
14053,OBC-NCL,2949
14054,GEN,
14055,SC,349
14056,GEN,
14057,GEN-EWS,1836
14058,GEN-EWS,1837
14059,OBC-NCL,2950
14060,GEN,
14061,GEN,
14062,GEN,
14063,OBC-NCL,2951
14064,GEN,
14065,GEN,
14066,GEN,
14067,GEN,
14068,GEN-EWS,1838
14069,GEN-EWS,1839
14070,GEN,
14071,GEN,
14072,OBC-NCL,2953
14073,GEN-EWS,1840
14074,OBC-NCL,2954
14075,GEN-EWS,1841
14076,GEN-EWS,1842
14077,OBC-NCL,2955
14078,OBC-NCL,2956
14079,ST,78
14080,OBC-NCL,2957
14081,SC,350
14082,GEN,
14083,GEN-EWS,1843
14084,GEN,
14085,OBC-NCL,2958
14086,GEN,
14087,OBC-NCL,2959
14088,GEN,
14089,GEN,
14090,GEN,
14091,GEN,
14092,GEN-EWS,1844
14093,SC,351
14094,GEN-EWS,1845
14095,OBC-NCL,2960
14096,GEN,
14097,GEN,
14098,GEN,
14099,GEN,
14100,GEN,
14101,GEN,
14102,GEN,
14103,GEN,
14104,GEN-EWS,1846
14105,GEN,
14106,GEN,
14107,GEN,
14108,GEN,
14109,GEN,
14110,GEN,
14111,GEN-EWS,1847
14112,OBC-NCL,2961
14113,GEN-EWS,1848
14114,GEN,
14115,GEN,
14116,GEN,
14117,GEN,
14118,GEN,
14119,GEN,
14120,GEN,
14121,GEN,
14122,GEN-EWS,1849
14123,GEN,
14124,GEN,
14125,GEN,
14126,GEN-EWS,1850
14127,GEN,
14128,GEN,
14129,OBC-NCL,2962
14130,GEN,
14131,GEN,
14132,GEN,
14133,GEN-EWS,1851
14134,GEN,
14135,GEN,
14136,OBC-NCL,2963
14137,GEN,
14138,GEN-EWS,1852
14139,OBC-NCL,2964
14140,GEN,
14141,GEN,
14142,OBC-NCL,2965
14143,GEN,
14143,GEN,
14145,OBC-NCL,2966
14146,OBC-NCL,2967
14147,GEN,
14148,GEN-EWS,1853
14149,GEN,
14150,OBC-NCL,2968
14151,GEN,
14152,GEN,
14153,GEN,
14154,GEN,
14155,GEN-EWS,1854
14156,OBC-NCL,2969
14157,OBC-NCL,2970
14158,GEN,
14159,OBC-NCL,2971
14160,GEN,
14161,OBC-NCL,2972
14162,OBC-NCL,2973
14163,GEN,
14164,OBC-NCL,2974
14165,GEN,
14166,GEN-EWS,1855
14167,GEN,
14168,GEN,
14169,OBC-NCL,2975
14170,ST,79
14171,GEN,
14172,GEN,
14173,GEN,
14174,OBC-NCL,2976
14175,OBC-NCL,2977
14176,GEN,
14177,GEN-EWS,1856
14178,GEN,
14179,SC,353
14180,OBC-NCL,2978
14181,GEN,
14182,GEN,
14183,GEN,
14184,GEN,
14185,GEN-EWS,1857
14186,GEN,
14187,GEN-EWS,1858
14188,GEN-EWS,1859
14189,GEN,
14190,GEN,
14191,GEN,
14192,OBC-NCL,2979
14193,GEN-EWS,1860
14194,GEN,
14195,GEN,
14196,GEN,
14197,OBC-NCL,2980
14198,OBC-NCL,2981
14199,GEN,
14200,GEN,
14201,GEN-EWS,1861
14202,OBC-NCL,2982
14203,OBC-NCL,2983
14204,GEN,
14205,GEN,
14206,GEN,
14207,GEN,
14208,OBC-NCL,2984
14209,OBC-NCL,2985
14210,GEN,
14211,GEN,
14212,SC,354
14213,GEN,
14214,GEN-EWS,1862
14215,GEN,
14216,GEN,
14217,OBC-NCL,2986
14218,OBC-NCL,2987
14219,GEN,
14220,GEN,
14221,OBC-NCL,2988
14222,GEN,
14223,GEN,
14224,OBC-NCL,2989
14225,GEN,
14226,OBC-NCL,2990
14227,GEN,
14228,GEN,
14229,OBC-NCL,2991
14230,GEN,
14231,OBC-NCL,2992
14232,GEN,
14233,GEN,
14234,GEN-EWS,1863
14235,GEN,
14236,GEN,
14237,SC,355
14238,GEN,
14239,OBC-NCL,2993
14240,GEN,
14241,OBC-NCL,2994
14241,OBC-NCL,2994
14243,GEN,
14244,GEN,
14245,GEN,
14246,GEN,
14247,GEN,
14248,GEN,
14249,GEN-EWS,1864
14250,GEN,
14251,GEN-EWS,1865
14252,GEN,
14253,GEN-EWS,1866
14254,GEN,
14255,GEN-EWS,1867
14256,OBC-NCL,2996
14257,GEN,
14258,OBC-NCL,2997
14259,GEN,
14260,GEN,
14261,GEN,
14262,GEN,
14263,OBC-NCL,2998
14264,ST,80
14265,OBC-NCL,2999
14266,OBC-NCL,3000
14267,GEN,
14268,GEN,
14269,GEN,
14270,OBC-NCL,3001
14271,GEN,
14272,OBC-NCL,3002
14273,GEN-EWS,1868
14274,GEN,
14275,GEN,
14276,OBC-NCL,3003
14277,GEN,
14278,GEN-EWS,1869
14279,GEN,
14280,GEN,
14281,GEN,
14282,GEN,
14283,GEN,
14284,OBC-NCL,3004
14285,GEN,
14286,GEN-EWS,1870
14287,GEN-EWS,1871
14288,OBC-NCL,3005
14289,GEN,
14290,GEN,
14291,SC,356
14292,GEN-EWS,1872
14293,GEN-EWS,1873
14294,GEN,
14295,GEN-EWS,1874
14296,OBC-NCL,3006
14297,GEN,
14298,OBC-NCL,3007
14299,OBC-NCL,3008
14300,GEN,
14301,GEN-EWS,1875
14302,GEN,
14303,OBC-NCL,3009
14304,GEN,
14305,GEN,
14306,GEN,
14307,OBC-NCL,3010
14308,GEN,
14309,GEN,
14310,GEN,
14311,OBC-NCL,3011
14312,GEN,
14313,GEN-EWS,1876
14314,GEN-EWS,1877
14315,GEN-EWS,1878
14316,GEN,
14317,OBC-NCL,3012
14318,GEN,
14319,SC,357
14320,OBC-NCL,3013
14321,SC,358
14322,OBC-NCL,3014
14323,GEN,
14324,GEN,
14325,OBC-NCL,3015
14326,GEN-EWS,1879
14327,GEN-EWS,1880
14328,GEN-EWS,1881
14329,GEN,
14330,GEN,
14331,GEN-EWS,1882
14332,GEN,
14333,SC,359
14334,GEN,
14335,GEN,
14336,GEN-EWS,1883
14337,GEN,
14338,GEN,
14339,GEN,
14340,GEN,
14341,GEN,
14342,SC,360
14343,OBC-NCL,3016
14344,GEN,
14345,GEN,
14346,GEN,
14347,GEN,
14348,GEN,
14349,GEN-EWS,1884
14350,GEN-EWS,1885
14351,GEN,
14352,GEN,
14353,GEN,
14354,GEN,
14355,GEN,
14356,GEN,
14357,GEN,
14358,GEN,
14359,OBC-NCL,3017
14360,GEN,
14361,GEN-EWS,1886
14362,GEN,
14363,GEN,
14364,GEN,
14365,OBC-NCL,3018
14366,GEN,
14367,GEN,
14368,OBC-NCL,3019
14369,GEN,
14370,GEN,
14371,GEN-EWS,1887
14372,GEN,
14373,GEN,
14374,OBC-NCL,3020
14375,GEN,
14376,GEN-EWS,1888
14377,GEN,
14378,ST,81
14379,GEN,
14380,OBC-NCL,3021
14381,SC,361
14382,GEN,
14383,OBC-NCL,3022
14384,GEN-EWS,1889
14385,GEN,
14386,GEN-EWS,1890
14387,GEN-EWS,1891
14388,OBC-NCL,3023
14389,GEN,
14390,GEN,
14391,OBC-NCL,3024
14392,GEN,
14393,GEN,
14394,GEN,
14395,GEN-EWS,1892
14396,GEN,
14397,OBC-NCL,3025
14398,OBC-NCL,3026
14399,GEN,
14400,GEN-EWS,1893
14401,GEN,
14402,OBC-NCL,3027
14403,OBC-NCL,3028
14404,GEN,
14405,GEN,
14406,GEN,
14407,OBC-NCL,3029
14408,GEN,
14409,GEN,
14410,GEN,
14411,OBC-NCL,3030
14412,GEN,
14413,GEN,
14414,OBC-NCL,3031
14415,GEN,
14416,GEN,
14417,GEN,
14418,OBC-NCL,3032
14419,GEN,
14420,OBC-NCL,3033
14421,OBC-NCL,3034
14422,GEN,
14423,GEN,
14424,GEN,
14425,GEN,
14426,GEN,
14427,OBC-NCL,3035
14428,GEN,
14429,GEN,
14430,GEN,
14431,OBC-NCL,3036
14432,GEN,
14433,GEN-EWS,1894
14434,OBC-NCL,3037
14435,GEN-EWS,1895
14436,GEN,
14437,OBC-NCL,3038
14438,OBC-NCL,3039
14439,OBC-NCL,3040
14440,GEN-EWS,1896
14441,GEN,
14442,GEN,
14443,OBC-NCL,3041
14444,GEN,
14445,GEN,
14446,OBC-NCL,3042
14447,GEN,
14448,ST,82
14449,GEN,
14450,GEN-EWS,1897
14451,GEN,
14452,GEN,
14453,GEN,
14454,GEN,
14455,OBC-NCL,3043
14456,OBC-NCL,3044
14457,GEN,
14458,OBC-NCL,3045
14459,GEN,
14460,GEN,
14461,GEN,
14462,GEN,
14463,GEN,
14464,OBC-NCL,3046
14465,GEN,
14466,GEN,
14467,GEN,
14468,GEN,
14469,OBC-NCL,3047
14470,GEN,
14471,GEN,
14472,OBC-NCL,3048
14473,OBC-NCL,3049
14474,GEN,
14475,GEN,
14476,GEN,
14477,OBC-NCL,3050
14478,OBC-NCL,3051
14479,OBC-NCL,3052
14480,OBC-NCL,3053
14481,GEN,
14482,OBC-NCL,3054
14483,OBC-NCL,3055
14484,GEN,
14485,OBC-NCL,3056
14486,GEN-EWS,1898
14487,GEN,
14488,OBC-NCL,3057
14489,GEN,
14490,GEN,
14491,OBC-NCL,3058
14492,GEN,
14493,GEN,
14494,GEN,
14495,GEN,
14496,GEN,
14497,GEN,
14498,GEN,
14499,OBC-NCL,3059
14500,OBC-NCL,3060
14501,GEN,
14502,OBC-NCL,3061
14503,GEN,
14504,OBC-NCL,3062
14505,GEN,
14506,GEN,
14507,OBC-NCL,3063
14508,GEN,
14509,OBC-NCL,3064
14510,GEN,
14511,GEN,
14512,GEN,
14513,GEN,
14514,GEN,
14515,GEN-EWS,1899
14516,GEN-EWS,1900
14517,GEN,
14518,OBC-NCL,3065
14519,GEN,
14520,GEN,
14521,GEN-EWS,1901
14522,SC,362
14523,OBC-NCL,3066
14524,OBC-NCL,3067
14525,GEN-EWS,1902
14526,GEN,
14527,GEN,
14528,GEN,
14529,GEN,
14530,OBC-NCL,3068
14531,GEN,
14532,OBC-NCL,3069
14533,SC,363
14534,GEN,
14535,GEN,
14536,ST,83
14537,GEN,
14538,GEN,
14539,OBC-NCL,3070
14540,GEN-EWS,1903
14541,GEN,
14542,GEN,
14543,GEN-EWS,1904
14544,GEN,
14545,OBC-NCL,3071
14546,GEN,
14547,GEN-EWS,1905
14548,OBC-NCL,3072
14549,OBC-NCL,3073
14550,OBC-NCL,3074
14551,GEN,
14552,GEN,
14553,SC,364
14554,OBC-NCL,3075
14555,OBC-NCL,3076
14556,GEN,
14557,OBC-NCL,3077
14558,GEN,
14559,OBC-NCL,3078
14560,GEN-EWS,1906
14561,GEN,
14562,GEN,
14563,GEN-EWS,1907
14564,OBC-NCL,3079
14565,GEN,
14566,GEN,
14567,GEN,
14568,OBC-NCL,3080
14569,GEN,
14570,GEN-EWS,1908
14571,GEN-EWS,1909
14572,OBC-NCL,3081
14573,OBC-NCL,3082
14574,OBC-NCL,3083
14575,GEN,
14576,OBC-NCL,3084
14577,GEN,
14578,OBC-NCL,3085
14579,GEN,
14580,GEN,
14581,GEN,
14582,GEN-EWS,1910
14583,OBC-NCL,3086
14584,OBC-NCL,3087
14585,OBC-NCL,3088
14586,ST,84
14587,OBC-NCL,3089
14588,GEN-EWS,1911
14589,GEN,
14590,GEN-EWS,1912
14591,OBC-NCL,3090
14592,GEN,
14593,OBC-NCL,3091
14594,GEN,
14595,GEN-EWS,1913
14596,GEN-EWS,1914
14597,OBC-NCL,3092
14598,GEN,
14599,GEN,
14600,GEN,
14601,GEN,
14602,SC,365
14603,OBC-NCL,3093
14604,OBC-NCL,3094
14605,GEN-EWS,1915
14606,GEN,
14607,OBC-NCL,3095
14608,OBC-NCL,3096
14609,OBC-NCL,3097
14610,OBC-NCL,3098
14611,OBC-NCL,3099
14612,GEN-EWS,1916
14613,GEN,
14614,GEN,
14615,GEN,
14616,GEN-EWS,1917
14617,OBC-NCL,3100
14618,OBC-NCL,3101
14619,OBC-NCL,3102
14620,OBC-NCL,3103
14621,GEN,
14622,GEN,
14623,OBC-NCL,3104
14624,GEN-EWS,1918
14625,GEN,
14626,GEN-EWS,1919
14627,GEN,
14628,ST,85
14629,OBC-NCL,3105
14630,GEN-EWS,1920
14631,GEN,
14632,OBC-NCL,3106
14633,GEN,
14634,GEN,
14635,GEN,
14636,GEN,
14637,OBC-NCL,3107
14638,OBC-NCL,3108
14639,OBC-NCL,3109
14640,GEN,
14641,SC,366
14642,GEN,
14643,GEN,
14644,OBC-NCL,3110
14645,GEN,
14646,GEN,
14647,OBC-NCL,3111
14648,GEN-EWS,1921
14649,GEN,
14650,GEN,
14651,OBC-NCL,3112
14652,GEN-EWS,1922
14653,SC,367
14654,OBC-NCL,3113
14655,GEN,
14656,GEN,
14657,GEN,
14658,GEN,
14659,GEN,
14660,GEN-EWS,1923
14661,GEN-EWS,1924
14662,GEN,
14663,GEN-EWS,1925
14664,OBC-NCL,3114
14665,OBC-NCL,3115
14666,GEN,
14667,GEN,
14668,GEN-EWS,1926
14669,GEN-EWS,1927
14670,GEN,
14671,GEN,
14672,GEN,
14673,GEN,
14674,GEN,
14675,GEN,
14676,GEN,
14677,OBC-NCL,3116
14678,GEN-EWS,1928
14679,GEN-EWS,1929
14680,GEN-EWS,1930
14681,GEN,
14682,GEN-EWS,1931
14683,GEN,
14684,OBC-NCL,3117
14685,GEN,
14686,GEN,
14687,OBC-NCL,3118
14688,GEN,
14689,GEN,
14690,OBC-NCL,3119
14691,GEN-EWS,1932
14692,GEN,
14693,OBC-NCL,3120
14694,GEN-EWS,1933
14695,GEN,
14696,GEN,
14697,GEN,
14698,GEN,
14699,GEN,
14700,GEN,
14701,GEN-EWS,1934
14702,GEN,
14703,OBC-NCL,3121
14704,GEN,
14705,GEN,
14706,GEN,
14707,GEN,
14708,OBC-NCL,3122
14709,GEN,
14710,GEN,
14711,GEN,
14712,GEN-EWS,1935
14713,GEN,
14714,GEN-EWS,1936
14715,GEN,
14716,GEN,
14717,GEN,
14718,GEN,
14719,GEN,
14720,SC,368
14721,OBC-NCL,3123
14722,GEN-EWS,1937
14723,GEN,
14724,GEN,
14725,GEN-EWS,1938
14726,OBC-NCL,3124
14727,GEN,
14728,GEN,
14729,GEN,
14730,GEN,
14731,GEN,
14732,OBC-NCL,3125
14733,GEN,
14734,OBC-NCL,3126
14735,OBC-NCL,3127
14736,GEN,
14737,OBC-NCL,3128
14738,GEN,
14739,GEN,
14740,GEN,
14741,OBC-NCL,3129
14742,GEN,
14743,GEN,
14744,GEN,
14745,GEN,
14746,OBC-NCL,3130
14747,GEN,
14748,GEN,
14749,GEN-EWS,1939
14750,GEN,
14751,OBC-NCL,3131
14752,GEN,
14753,GEN,
14754,OBC-NCL,3132
14755,GEN,
14756,GEN,
14757,GEN,
14758,ST,86
14759,GEN,
14760,GEN-EWS,1940
14761,GEN,
14762,GEN,
14763,GEN,
14764,GEN,
14765,OBC-NCL,3133
14766,OBC-NCL,3134
14767,GEN,
14768,GEN,
14769,GEN-EWS,1941
14770,GEN,
14771,OBC-NCL,3135
14772,GEN,
14773,GEN-EWS,1942
14774,SC,369
14775,OBC-NCL,3137
14776,GEN,
14777,GEN,
14778,GEN,
14779,GEN,
14780,GEN,
14781,GEN,
14782,GEN,
14783,GEN,
14784,GEN,
14785,GEN,
14786,OBC-NCL,3138
14787,GEN,
14788,GEN-EWS,1943
14789,OBC-NCL,3139
14790,OBC-NCL,3140
14791,GEN,
14792,GEN,
14793,GEN,
14794,GEN,
14795,GEN,
14796,OBC-NCL,3141
14797,GEN,
14798,SC,370
14799,GEN,
14800,GEN,
14801,GEN,
14802,OBC-NCL,3142
14803,GEN,
14804,GEN,
14805,GEN-EWS,1944
14806,GEN,
14807,OBC-NCL,3143
14808,GEN,
14809,GEN,
14810,GEN,
14811,OBC-NCL,3144
14812,GEN-EWS,1945
14813,GEN,
14814,OBC-NCL,3145
14815,GEN,
14816,SC,371
14817,SC,372
14818,GEN-EWS,1946
14819,GEN-EWS,1947
14820,GEN-EWS,1948
14821,GEN,
14822,GEN,
14823,OBC-NCL,3146
14824,GEN-EWS,1949
14825,GEN,
14826,GEN,
14827,GEN,
14828,GEN-EWS,1950
14829,OBC-NCL,3147
14830,GEN,
14831,GEN,
14832,OBC-NCL,3148
14833,OBC-NCL,3149
14834,GEN,
14835,GEN,
14836,SC,373
14837,GEN,
14838,GEN,
14839,GEN,
14840,GEN,
14841,OBC-NCL,3150
14842,GEN,
14843,OBC-NCL,3151
14844,OBC-NCL,3152
14845,OBC-NCL,3153
14846,OBC-NCL,3154
14847,GEN,
14848,SC,374
14849,GEN,
14850,GEN,
14851,OBC-NCL,3155
14852,GEN-EWS,1951
14853,GEN-EWS,1952
14854,GEN,
14855,ST,87
14856,GEN,
14857,GEN,
14858,GEN,
14859,GEN,
14860,GEN-EWS,1953
14861,GEN,
14862,OBC-NCL,3156
14863,OBC-NCL,3157
14864,OBC-NCL,3158
14865,GEN,
14866,OBC-NCL,3159
14867,OBC-NCL,3160
14868,GEN,
14869,OBC-NCL,3161
14870,SC,375
14871,OBC-NCL,3162
14872,OBC-NCL,3163
14873,GEN,
14873,OBC-NCL,3164
14875,GEN,
14876,GEN-EWS,1954
14877,GEN,
14878,GEN,
14879,GEN-EWS,1955
14880,OBC-NCL,3165
14881,OBC-NCL,3166
14882,GEN,
14883,GEN,
14884,GEN,
14885,OBC-NCL,3167
14886,SC,376
14887,OBC-NCL,3168
14888,GEN-EWS,1956
14889,GEN,
14890,OBC-NCL,3169
14891,ST,88
14892,OBC-NCL,3170
14893,OBC-NCL,3171
14894,GEN,
14895,GEN,
14896,OBC-NCL,3172
14897,OBC-NCL,3173
14898,GEN,
14899,GEN,
14900,GEN,
14901,GEN-EWS,1957
14902,OBC-NCL,3174
14903,GEN-EWS,1958
14904,GEN,
14905,GEN,
14906,GEN,
14907,OBC-NCL,3175
14908,GEN-EWS,1959
14909,GEN,
14910,GEN,
14911,GEN,
14912,OBC-NCL,3176
14913,GEN,
14914,OBC-NCL,3177
14915,ST,89
14916,GEN,
14917,GEN,
14918,GEN-EWS,1960
14919,ST,90
14920,OBC-NCL,3178
14921,GEN,
14922,GEN-EWS,1961
14923,GEN,
14924,OBC-NCL,3179
14925,GEN,
14926,GEN,
14927,GEN,
14928,GEN,
14929,GEN,
14930,GEN,
14931,GEN,
14932,GEN-EWS,1962
14933,OBC-NCL,3180
14934,GEN,
14935,GEN,
14936,GEN,
14937,OBC-NCL,3181
14938,GEN,
14939,GEN,
14940,GEN,
14941,OBC-NCL,3182
14942,OBC-NCL,3183
14943,GEN,
14944,GEN,
14945,GEN,
14946,SC,377
14947,OBC-NCL,3184
14948,GEN,
14949,GEN,
14950,OBC-NCL,3185
14951,GEN,
14952,OBC-NCL,3186
14953,GEN,
14954,OBC-NCL,3187
14955,OBC-NCL,3188
14956,GEN,
14957,GEN,
14958,GEN,
14959,GEN,
14960,GEN,
14961,OBC-NCL,3189
14962,GEN,
14963,OBC-NCL,3190
14964,GEN,
14965,GEN,
14966,OBC-NCL,3191
14967,GEN,
14968,OBC-NCL,3192
14969,OBC-NCL,3193
14970,GEN,
14971,GEN,
14972,GEN-EWS,1963
14973,OBC-NCL,3194
14974,GEN,
14975,GEN,
14976,OBC-NCL,3195
14977,GEN-EWS,1964
14978,GEN,
14979,GEN,
14980,OBC-NCL,3196
14981,OBC-NCL,3197
14982,GEN,
14983,GEN,
14984,OBC-NCL,3198
14985,GEN,
14986,OBC-NCL,3199
14987,GEN,
14988,GEN,
14989,GEN,
14990,GEN-EWS,1965
14991,GEN,
14992,GEN,
14993,GEN,
14994,OBC-NCL,3200
14995,OBC-NCL,3201
14996,GEN,
14997,GEN,
14998,GEN,
14999,GEN,
15000,GEN-EWS,1966
15001,GEN,
15002,OBC-NCL,3202
15003,GEN-EWS,1967
15004,GEN-EWS,1968
15005,GEN,
15006,SC,378
15007,OBC-NCL,3203
15008,GEN,
15009,GEN,
15010,GEN,
15011,GEN,
15012,GEN,
15013,GEN,
15014,GEN,
15015,OBC-NCL,3204
15016,GEN,
15017,OBC-NCL,3205
15018,GEN-EWS,1969
15019,GEN,
15020,GEN,
15021,GEN-EWS,1970
15022,GEN,
15023,GEN,
15024,GEN-EWS,1971
15025,GEN,
15026,GEN,
15027,GEN-EWS,1972
15028,OBC-NCL,3206
15029,OBC-NCL,3207
15030,OBC-NCL,3208
15031,GEN,
15032,GEN,
15033,GEN,
15034,GEN,
15035,GEN,
15036,GEN,
15037,GEN-EWS,1973
15038,OBC-NCL,3209
15039,GEN,
15040,GEN,
15041,GEN,
15042,GEN-EWS,1974
15043,GEN,
15044,GEN-EWS,1975
15045,OBC-NCL,3210
15046,GEN,
15047,GEN,
15048,OBC-NCL,3211
15049,GEN,
15050,GEN,
15051,GEN,
15052,GEN,
15053,OBC-NCL,3212
15054,OBC-NCL,3213
15055,GEN,
15056,OBC-NCL,3214
15057,OBC-NCL,3215
15058,OBC-NCL,3216
15059,GEN,
15060,GEN,
15061,GEN-EWS,1976
15062,GEN,
15063,GEN,
15064,OBC-NCL,3217
15065,GEN-EWS,1977
15066,GEN,
15067,GEN-EWS,1978
15068,OBC-NCL,3218
15069,GEN,
15070,GEN,
15071,GEN,
15072,OBC-NCL,3219
15073,OBC-NCL,3220
15074,GEN,
15075,GEN,
15076,GEN-EWS,1979
15077,OBC-NCL,3221
15078,GEN-EWS,1980
15079,OBC-NCL,3222
15080,OBC-NCL,3223
15081,GEN-EWS,1981
15082,OBC-NCL,3224
15083,GEN-EWS,1982
15084,ST,91
15085,OBC-NCL,3225
15086,GEN,
15086,GEN,
15088,GEN,
15089,GEN,
15090,OBC-NCL,3226
15091,GEN,
15092,SC,380
15093,OBC-NCL,3227
15094,OBC-NCL,3228
15095,GEN,
15096,OBC-NCL,3229
15097,OBC-NCL,3230
15098,GEN,
15099,GEN-EWS,1983
15100,SC,381
15101,OBC-NCL,3231
15102,GEN,
15103,GEN,
15104,GEN,
15105,OBC-NCL,3232
15106,GEN-EWS,1984
15107,OBC-NCL,3233
15108,GEN-EWS,1985
15109,OBC-NCL,3234
15110,GEN-EWS,1986
15111,GEN,
15112,OBC-NCL,3235
15113,GEN,
15114,GEN,
15115,GEN-EWS,1987
15116,GEN,
15117,GEN,
15118,GEN,
15119,GEN,
15120,GEN-EWS,1988
15121,GEN,
15122,GEN,
15123,OBC-NCL,3236
15124,GEN,
15125,OBC-NCL,3237
15126,OBC-NCL,3238
15127,OBC-NCL,3239
15128,GEN,
15129,SC,382
15130,SC,383
15131,OBC-NCL,3240
15132,GEN,
15133,GEN-EWS,1989
15134,GEN-EWS,1990
15135,GEN,
15136,OBC-NCL,3241
15137,GEN,
15138,GEN-EWS,1991
15139,ST,92
15140,GEN,
15141,GEN-EWS,1992
15142,GEN-EWS,1993
15143,GEN-EWS,1994
15144,OBC-NCL,3242
15145,GEN,
15146,GEN-EWS,1995
15147,OBC-NCL,3243
15148,GEN,
15149,GEN,
15150,OBC-NCL,3244
15151,OBC-NCL,3245
15152,GEN,
15153,GEN,
15154,OBC-NCL,3246
15155,GEN,
15156,GEN,
15157,GEN,
15158,GEN,
15159,GEN,
15160,OBC-NCL,3247
15161,GEN-EWS,1996
15162,OBC-NCL,3248
15163,GEN,
15164,GEN,
15165,GEN,
15166,GEN,
15167,GEN,
15168,GEN-EWS,1997
15169,OBC-NCL,3249
15170,OBC-NCL,3250
15171,GEN,
15172,GEN,
15173,OBC-NCL,3251
15174,OBC-NCL,3252
15175,OBC-NCL,3253
15176,GEN,
15177,SC,384
15178,GEN,
15179,GEN,
15180,OBC-NCL,3254
15181,GEN-EWS,1998
15182,GEN,
15183,GEN,
15184,GEN,
15185,GEN,
15186,GEN-EWS,1999
15187,GEN,
15188,OBC-NCL,3255
15189,GEN,
15190,GEN,
15191,GEN,
15192,GEN,
15193,GEN-EWS,2000
15194,GEN,
15195,GEN-EWS,2001
15196,GEN-EWS,2002
15197,OBC-NCL,3256
15198,GEN-EWS,2003
15199,GEN,
15200,OBC-NCL,3257
15201,GEN,
15202,GEN,
15203,GEN,
15204,GEN,
15205,GEN-EWS,2004
15206,GEN,
15207,SC,385
15208,GEN,
15209,GEN,
15210,GEN-EWS,2005
15211,GEN-EWS,2006
15212,SC,386
15213,GEN,
15214,SC,387
15215,GEN,
15216,GEN,
15217,SC,388
15218,OBC-NCL,3258
15219,OBC-NCL,3259
15220,GEN,
15221,GEN,
15222,GEN-EWS,2007
15223,GEN-EWS,2008
15224,GEN,
15225,OBC-NCL,3260
15226,GEN-EWS,2009
15227,GEN,
15228,GEN,
15229,GEN,
15230,GEN,
15231,GEN,
15232,OBC-NCL,3261
15233,GEN,
15234,GEN,
15235,OBC-NCL,3262
15236,GEN,
15237,SC,389
15238,OBC-NCL,3263
15239,GEN-EWS,2010
15240,GEN-EWS,2011
15241,OBC-NCL,3264
15242,GEN,
15243,GEN,
15244,GEN-EWS,2012
15245,OBC-NCL,3265
15246,GEN,
15247,GEN-EWS,2013
15248,OBC-NCL,3266
15249,GEN,
15250,GEN,
15250,GEN,
15252,GEN,
15253,GEN,
15254,GEN,
15255,GEN,
15256,GEN,
15257,OBC-NCL,3267
15258,GEN-EWS,2014
15259,GEN,
15260,GEN,
15261,GEN,
15262,OBC-NCL,3268
15263,GEN,
15264,GEN,
15265,GEN,
15266,GEN,
15267,GEN,
15268,OBC-NCL,3269
15269,GEN-EWS,2015
15270,GEN-EWS,2016
15271,GEN,
15272,GEN-EWS,2017
15273,OBC-NCL,3270
15274,GEN,
15275,OBC-NCL,3271
15276,GEN,
15277,GEN,
15278,GEN-EWS,2018
15279,GEN,
15280,GEN,
15281,GEN,
15282,GEN,
15283,OBC-NCL,3272
15284,OBC-NCL,3273
15285,GEN,
15286,OBC-NCL,3274
15287,GEN,
15288,SC,390
15289,OBC-NCL,3275
15290,GEN-EWS,2019
15291,GEN,
15292,GEN,
15293,SC,391
15294,GEN,
15295,OBC-NCL,3276
15296,GEN,
15297,GEN,
15298,GEN-EWS,2020
15299,GEN,
15300,GEN,
15301,GEN,
15302,SC,392
15303,GEN,
15304,GEN-EWS,2021
15305,GEN,
15306,GEN-EWS,2022
15307,GEN,
15308,GEN,
15309,GEN-EWS,2023
15310,GEN,
15311,GEN,
15312,OBC-NCL,3277
15313,OBC-NCL,3278
15314,OBC-NCL,3279
15315,GEN,
15316,GEN,
15317,GEN,
15318,GEN,
15319,GEN-EWS,2024
15320,GEN,
15321,GEN,
15322,GEN,
15323,GEN,
15324,GEN-EWS,2025
15325,OBC-NCL,3280
15326,GEN,
15327,GEN,
15328,GEN,
15329,GEN,
15330,GEN,
15331,GEN,
15332,GEN,
15333,GEN-EWS,2026
15334,GEN,
15335,OBC-NCL,3281
15336,GEN,
15337,GEN,
15338,GEN,
15339,GEN,
15340,OBC-NCL,3282
15341,OBC-NCL,3283
15342,GEN,
15343,GEN,
15344,GEN,
15345,OBC-NCL,3284
15346,GEN,
15347,GEN,
15348,GEN,
15349,GEN,
15350,GEN,
15351,GEN-EWS,2027
15352,GEN,
15353,GEN,
15354,OBC-NCL,3285
15355,GEN,
15356,GEN-EWS,2028
15357,OBC-NCL,3286
15358,OBC-NCL,3287
15359,GEN,
15360,OBC-NCL,3288
15361,GEN-EWS,2029
15362,GEN,
15363,GEN,
15364,GEN,
15365,OBC-NCL,3289
15366,GEN,
15367,GEN-EWS,2030
15368,GEN-EWS,2031
15369,GEN,
15370,GEN,
15371,GEN,
15372,GEN,
15373,GEN,
15374,GEN,
15375,GEN-EWS,2032
15376,GEN,
15377,GEN-EWS,2033
15378,GEN,
15379,OBC-NCL,3290
15380,OBC-NCL,3291
15381,OBC-NCL,3292
15382,GEN-EWS,2034
15383,GEN,
15384,GEN-EWS,2035
15385,GEN,
15386,OBC-NCL,3294
15387,GEN,
15388,GEN,
15389,OBC-NCL,3295
15390,GEN,
15391,GEN,
15392,GEN,
15393,OBC-NCL,3296
15394,GEN,
15395,GEN,
15396,GEN,
15397,GEN,
15398,GEN-EWS,2036
15399,GEN,
15400,GEN,
15401,GEN,
15402,OBC-NCL,3297
15403,GEN,
15404,OBC-NCL,3298
15405,GEN,
15406,GEN,
15407,GEN,
15408,GEN,
15409,GEN-EWS,2037
15410,OBC-NCL,3299
15411,GEN,
15412,GEN-EWS,2038
15413,GEN,
15414,GEN,
15415,SC,393
15416,OBC-NCL,3300
15417,OBC-NCL,3301
15418,GEN,
15419,GEN,
15420,GEN,
15421,GEN,
15422,GEN,
15423,GEN,
15424,GEN-EWS,2039
15425,GEN,
15426,GEN-EWS,2040
15427,GEN,
15428,GEN,
15429,GEN,
15430,GEN-EWS,2041
15431,SC,394
15432,GEN,
15433,GEN,
15434,GEN,
15435,GEN,
15436,GEN,
15437,GEN-EWS,2042
15438,OBC-NCL,3302
15439,GEN-EWS,2043
15440,GEN,
15441,GEN,
15442,GEN,
15443,OBC-NCL,3303
15444,OBC-NCL,3304
15445,OBC-NCL,3305
15446,GEN,
15447,OBC-NCL,3306
15448,GEN,
15449,OBC-NCL,3307
15450,GEN,
15451,OBC-NCL,3308
15452,GEN,
15453,GEN-EWS,2044
15454,OBC-NCL,3309
15455,OBC-NCL,3310
15456,GEN,
15457,GEN,
15458,ST,93
15459,GEN,
15460,OBC-NCL,3311
15461,GEN,
15462,OBC-NCL,3312
15463,OBC-NCL,3313
15464,OBC-NCL,3314
15465,GEN,
15466,GEN,
15467,GEN-EWS,2045
15468,GEN,
15469,OBC-NCL,3315
15470,OBC-NCL,3316
15471,GEN,
15472,GEN-EWS,2046
15473,SC,395
15474,GEN,
15475,SC,396
15476,OBC-NCL,3317
15477,GEN,
15478,GEN,
15479,GEN,
15480,GEN,
15481,OBC-NCL,3318
15482,OBC-NCL,3319
15483,GEN,
15484,GEN,
15485,GEN,
15486,GEN,
15487,GEN,
15488,GEN-EWS,2047
15489,GEN,
15490,GEN,
15491,GEN,
15492,OBC-NCL,3320
15493,GEN,
15494,GEN-EWS,2048
15495,GEN,
15496,OBC-NCL,3321
15497,GEN,
15498,GEN,
15499,GEN,
15500,GEN,
15501,OBC-NCL,3322
15502,OBC-NCL,3323
15503,GEN,
15504,GEN,
15505,OBC-NCL,3324
15506,GEN,
15507,GEN,
15508,GEN,
15509,GEN-EWS,2049
15510,GEN,
15511,GEN,
15512,SC,397
15513,GEN,
15514,SC,398
15515,GEN,
15516,GEN,
15517,GEN,
15518,GEN,
15519,GEN,
15520,OBC-NCL,3326
15521,GEN,
15522,GEN,
15523,GEN,
15524,GEN-EWS,2050
15525,OBC-NCL,3327
15526,GEN-EWS,2051
15527,GEN,
15528,GEN,
15529,OBC-NCL,3328
15530,GEN,
15531,GEN,
15532,GEN,
15533,OBC-NCL,3329
15534,OBC-NCL,3330
15535,GEN-EWS,2052
15536,GEN,
15537,OBC-NCL,3331
15538,GEN,
15539,SC,399
15540,OBC-NCL,3332
15541,GEN,
15542,OBC-NCL,3333
15543,SC,400
15544,GEN-EWS,2053
15545,OBC-NCL,3334
15546,GEN,
15547,GEN,
15548,OBC-NCL,3335
15549,GEN,
15550,OBC-NCL,3336
15551,GEN,
15552,GEN,
15553,GEN,
15554,GEN,
15555,ST,94
15556,OBC-NCL,3337
15557,GEN,
15558,GEN,
15559,GEN,
15560,GEN,
15561,OBC-NCL,3338
15562,GEN-EWS,2054
15563,GEN-EWS,2055
15564,GEN,
15565,OBC-NCL,3339
15566,GEN-EWS,2056
15567,SC,401
15568,OBC-NCL,3340
15569,OBC-NCL,3341
15570,GEN,
15571,GEN-EWS,2057
15572,GEN,
15573,GEN,
15574,OBC-NCL,3342
15575,GEN,
15576,GEN-EWS,2058
15577,GEN-EWS,2059
15578,GEN,
15579,GEN,
15580,GEN,
15581,GEN,
15582,GEN,
15583,GEN,
15584,GEN,
15585,GEN,
15586,GEN-EWS,2060
15587,SC,402
15588,GEN,
15589,GEN,
15590,GEN,
15591,GEN,
15592,GEN,
15593,OBC-NCL,3343
15594,GEN,
15595,GEN-EWS,2061
15596,SC,403
15597,GEN,
15598,GEN-EWS,2062
15599,GEN,
15600,GEN,
15601,OBC-NCL,3344
15602,OBC-NCL,3345
15603,OBC-NCL,3346
15604,GEN,
15605,OBC-NCL,3347
15606,GEN,
15607,OBC-NCL,3348
15608,OBC-NCL,3349
15609,GEN,
15610,GEN-EWS,2063
15611,GEN-EWS,2064
15612,GEN,
15613,OBC-NCL,3350
15614,GEN,
15615,OBC-NCL,3351
15616,GEN,
15617,OBC-NCL,3352
15618,SC,404
15619,OBC-NCL,3353
15620,GEN,
15621,OBC-NCL,3354
15622,GEN,
15623,GEN,
15624,GEN,
15625,GEN,
15626,GEN,
15627,OBC-NCL,3355
15628,GEN,
15629,OBC-NCL,3356
15630,GEN,
15631,SC,405
15632,GEN,
15633,GEN,
15634,GEN,
15635,GEN,
15636,OBC-NCL,3357
15637,OBC-NCL,3358
15638,GEN,
15639,SC,406
15640,GEN,
15641,GEN,
15642,GEN-EWS,2065
15643,GEN,
15644,GEN,
15645,GEN,
15646,GEN,
15647,OBC-NCL,3359
15648,GEN,
15649,OBC-NCL,3360
15650,GEN,
15651,OBC-NCL,3361
15652,GEN,
15653,GEN,
15654,GEN-EWS,2066
15655,GEN,
15656,GEN-EWS,2067
15657,OBC-NCL,3362
15658,OBC-NCL,3363
15659,GEN,
15660,GEN-EWS,2068
15661,GEN,
15662,GEN-EWS,2069
15663,GEN-EWS,2070
15664,GEN,
15665,OBC-NCL,3364
15666,GEN,
15667,OBC-NCL,3365
15668,GEN,
15669,GEN,
15670,OBC-NCL,3366
15671,GEN,
15672,OBC-NCL,3367
15673,GEN,
15674,OBC-NCL,3368
15675,GEN,
15676,GEN-EWS,2071
15677,OBC-NCL,3369
15678,GEN-EWS,2072
15679,OBC-NCL,3370
15680,OBC-NCL,3371
15681,GEN,
15682,GEN,
15683,GEN,
15684,GEN,
15685,OBC-NCL,3372
15686,GEN,
15687,GEN,
15688,GEN,
15689,GEN-EWS,2073
15690,OBC-NCL,3373
15691,GEN-EWS,2074
15692,GEN,
15693,OBC-NCL,3374
15694,OBC-NCL,3375
15695,GEN,
15696,GEN,
15697,GEN-EWS,2075
15698,GEN,
15699,OBC-NCL,3376
15700,GEN,
15701,GEN,
15702,GEN-EWS,2076
15703,GEN,
15704,GEN,
15705,OBC-NCL,3377
15706,GEN,
15707,GEN-EWS,2077
15708,GEN,
15709,GEN-EWS,2078
15710,GEN,
15711,GEN,
15712,GEN,
15713,GEN,
15714,OBC-NCL,3378
15715,GEN,
15716,GEN-EWS,2079
15717,GEN,
15718,GEN,
15719,OBC-NCL,3379
15720,GEN,
15721,GEN,
15722,GEN,
15723,GEN,
15724,GEN,
15725,GEN,
15726,OBC-NCL,3380
15727,OBC-NCL,3381
15728,GEN,
15729,GEN,
15730,OBC-NCL,3382
15731,GEN-EWS,2080
15732,GEN,
15733,GEN-EWS,2081
15734,GEN,
15735,GEN-EWS,2082
15736,OBC-NCL,3383
15737,GEN-EWS,2083
15738,GEN,
15739,GEN-EWS,2084
15740,SC,407
15741,GEN,
15742,GEN,
15743,OBC-NCL,3384
15744,GEN,
15745,GEN,
15746,GEN,
15747,OBC-NCL,3385
15748,GEN,
15749,GEN,
15750,OBC-NCL,3386
15751,OBC-NCL,3387
15752,GEN-EWS,2085
15753,OBC-NCL,3388
15754,GEN,
15755,SC,408
15756,GEN,
15757,GEN,
15758,GEN,
15759,OBC-NCL,3389
15760,GEN-EWS,2086
15761,GEN,
15762,GEN,
15763,GEN-EWS,2087
15764,OBC-NCL,3390
15765,GEN,
15766,GEN,
15767,GEN,
15768,GEN,
15769,GEN,
15770,SC,409
15771,OBC-NCL,3391
15772,OBC-NCL,3392
15773,GEN,
15774,OBC-NCL,3393
15775,OBC-NCL,3394
15776,GEN-EWS,2088
15777,GEN-EWS,2089
15778,GEN,
15779,OBC-NCL,3395
15780,GEN,
15781,GEN,
15782,OBC-NCL,3396
15783,GEN-EWS,2090
15784,GEN,
15785,GEN-EWS,2091
15786,GEN-EWS,2092
15787,OBC-NCL,3397
15788,GEN,
15789,GEN,
15790,GEN,
15791,GEN,
15792,GEN-EWS,2093
15793,GEN,
15794,OBC-NCL,3398
15795,GEN,
15796,GEN,
15797,GEN,
15798,GEN,
15799,GEN-EWS,2094
15800,OBC-NCL,3399
15801,GEN,
15802,OBC-NCL,3400
15803,GEN-EWS,2095
15804,OBC-NCL,3401
15805,OBC-NCL,3402
15806,GEN,
15807,GEN,
15808,OBC-NCL,3403
15809,OBC-NCL,3404
15810,GEN-EWS,2096
15811,GEN-EWS,2097
15812,OBC-NCL,3405
15813,OBC-NCL,3406
15814,GEN-EWS,2098
15815,GEN,
15816,GEN,
15817,GEN,
15818,GEN,
15819,OBC-NCL,3407
15820,OBC-NCL,3408
15821,GEN,
15822,GEN,
15823,GEN-EWS,2099
15824,SC,410
15825,GEN,
15826,OBC-NCL,3409
15827,GEN,
15828,GEN,
15829,SC,411
15830,GEN,
15831,GEN,
15832,GEN,
15833,OBC-NCL,3410
15834,OBC-NCL,3411
15835,GEN-EWS,2100
15836,GEN,
15837,GEN,
15838,GEN,
15839,GEN-EWS,2101
15840,OBC-NCL,3412
15841,GEN,
15842,OBC-NCL,3413
15843,GEN,
15844,OBC-NCL,3414
15845,GEN,
15846,OBC-NCL,3415
15847,OBC-NCL,3416
15848,SC,412
15849,GEN-EWS,2102
15850,SC,413
15851,GEN,
15852,GEN-EWS,2103
15853,GEN,
15854,GEN,
15855,GEN,
15856,GEN,
15857,GEN,
15858,GEN-EWS,2104
15859,GEN,
15860,OBC-NCL,3417
15861,OBC-NCL,3418
15862,OBC-NCL,3419
15863,OBC-NCL,3420
15864,GEN-EWS,2105
15865,GEN,
15866,OBC-NCL,3421
15867,GEN-EWS,2106
15868,OBC-NCL,3422
15869,GEN-EWS,2107
15870,OBC-NCL,3423
15871,GEN,
15872,OBC-NCL,3424
15873,GEN-EWS,2108
15874,GEN,
15875,GEN-EWS,2109
15876,GEN,
15877,OBC-NCL,3425
15878,GEN,
15879,GEN,
15880,OBC-NCL,3426
15881,GEN,
15882,OBC-NCL,3427
15883,OBC-NCL,3428
15884,OBC-NCL,3429
15885,GEN-EWS,2110
15886,OBC-NCL,3430
15887,OBC-NCL,3431
15888,OBC-NCL,3432
15889,OBC-NCL,3433
15890,OBC-NCL,3434
15891,OBC-NCL,3435
15892,GEN-EWS,2111
15893,OBC-NCL,3436
15894,GEN,
15895,GEN,
15896,GEN,
15897,GEN,
15898,GEN,
15899,GEN-EWS,2112
15900,GEN,
15901,GEN-EWS,2113
15902,OBC-NCL,3437
15903,SC,414
15904,ST,95
15905,GEN,
15906,OBC-NCL,3438
15907,GEN,
15908,GEN,
15909,OBC-NCL,3439
15910,GEN-EWS,2114
15911,GEN-EWS,2115
15912,GEN,
15913,GEN,
15914,GEN,
15915,GEN,
15916,GEN,
15917,GEN,
15918,GEN,
15919,SC,416
15920,GEN,
15921,GEN,
15922,GEN,
15923,GEN,
15924,GEN,
15925,GEN,
15926,GEN,
15927,GEN,
15928,GEN,
15929,GEN,
15930,GEN,
15931,OBC-NCL,3440
15932,GEN,
15933,GEN,
15934,OBC-NCL,3441
15935,GEN,
15936,GEN,
15937,GEN,
15938,GEN,
15939,GEN-EWS,2116
15940,OBC-NCL,3442
15941,GEN,
15942,GEN,
15943,GEN,
15944,OBC-NCL,3443
15945,GEN,
15946,SC,417
15947,OBC-NCL,3444
15948,SC,418
15949,OBC-NCL,3445
15950,GEN,
15951,GEN,
15952,GEN-EWS,2117
15953,OBC-NCL,3446
15954,GEN,
15955,OBC-NCL,3447
15956,GEN,
15957,GEN,
15958,GEN,
15959,GEN,
15960,GEN-EWS,2118
15961,SC,419
15962,GEN-EWS,2119
15963,GEN,
15964,GEN,
15965,GEN,
15966,GEN,
15967,GEN-EWS,2120
15968,GEN,
15969,OBC-NCL,3448
15970,GEN,
15971,OBC-NCL,3449
15972,GEN,
15973,ST,96
15974,OBC-NCL,3450
15975,OBC-NCL,3451
15976,GEN,
15977,OBC-NCL,3452
15978,GEN,
15979,GEN,
15980,OBC-NCL,3453
15981,GEN,
15982,GEN,
15983,OBC-NCL,3454
15984,GEN,
15985,GEN,
15986,GEN,
15987,OBC-NCL,3455
15988,GEN,
15989,OBC-NCL,3456
15990,GEN,
15991,GEN,
15992,GEN,
15993,GEN-EWS,2122
15994,GEN,
15995,GEN-EWS,2123
15996,GEN,
15997,GEN,
15998,OBC-NCL,3457
15999,ST,97
16000,GEN,
16001,GEN,
16002,OBC-NCL,3458
16003,OBC-NCL,3459
16004,GEN,
16005,ST,98
16006,OBC-NCL,3460
16007,GEN,
16008,GEN,
16009,GEN,
16010,GEN,
16011,GEN,
16012,OBC-NCL,3461
16013,GEN,
16014,GEN,
16015,GEN,
16016,SC,420
16017,GEN-EWS,2124
16018,OBC-NCL,3462
16019,GEN,
16020,GEN,
16021,GEN,
16022,GEN-EWS,2125
16023,GEN,
16024,GEN,
16025,OBC-NCL,3463
16026,OBC-NCL,3464
16027,GEN,
16028,GEN,
16029,GEN-EWS,2126
16030,GEN-EWS,2127
16031,SC,421
16032,GEN,
16033,GEN,
16034,GEN-EWS,2128
16035,ST,99
16036,GEN-EWS,2129
16037,GEN,
16038,GEN,
16039,GEN-EWS,2130
16040,OBC-NCL,3465
16041,GEN,
16042,GEN-EWS,2131
16043,GEN,
16044,SC,422
16045,GEN,
16046,OBC-NCL,3466
16047,GEN,
16048,SC,423
16049,GEN,
16050,OBC-NCL,3467
16051,GEN-EWS,2132
16052,OBC-NCL,3468
16053,GEN,
16054,GEN,
16055,GEN,
16056,GEN,
16057,GEN,
16058,GEN,
16059,GEN-EWS,2133
16060,OBC-NCL,3469
16061,OBC-NCL,3470
16062,GEN-EWS,2134
16063,OBC-NCL,3471
16064,GEN,
16065,GEN,
16066,OBC-NCL,3472
16067,GEN,
16068,GEN,
16069,GEN,
16070,OBC-NCL,3473
16071,OBC-NCL,3474
16072,OBC-NCL,3475
16073,ST,100
16074,GEN,
16075,GEN,
16076,GEN-EWS,2135
16077,GEN,
16078,GEN-EWS,2136
16079,GEN,
16080,OBC-NCL,3476
16081,GEN,
16082,GEN,
16083,GEN,
16084,GEN-EWS,2137
16085,GEN-EWS,2138
16085,OBC-NCL,3477
16087,GEN-EWS,2139
16088,OBC-NCL,3478
16089,SC,424
16090,OBC-NCL,3480
16091,GEN,
16092,OBC-NCL,3481
16093,GEN,
16094,GEN,
16095,GEN,
16096,GEN,
16097,GEN,
16098,GEN,
16099,GEN,
16100,GEN,
16101,GEN,
16102,ST,101
16103,GEN-EWS,2140
16104,OBC-NCL,3482
16105,GEN-EWS,2141
16106,GEN,
16107,OBC-NCL,3483
16108,GEN,
16109,GEN,
16110,OBC-NCL,3484
16111,GEN-EWS,2142
16112,OBC-NCL,3485
16113,GEN,
16114,GEN,
16115,OBC-NCL,3486
16116,GEN,
16117,GEN,
16118,OBC-NCL,3487
16119,OBC-NCL,3488
16120,SC,425
16121,GEN,
16122,GEN-EWS,2143
16123,GEN,
16124,GEN,
16125,GEN,
16126,ST,102
16127,GEN-EWS,2144
16128,GEN,
16129,GEN-EWS,2145
16130,GEN,
16131,GEN-EWS,2146
16132,OBC-NCL,3489
16133,GEN,
16134,GEN,
16135,GEN,
16136,OBC-NCL,3490
16137,GEN,
16138,GEN-EWS,2147
16139,OBC-NCL,3491
16140,GEN,
16141,GEN-EWS,2148
16142,GEN,
16143,OBC-NCL,3492
16144,GEN,
16145,GEN,
16146,GEN,
16147,OBC-NCL,3493
16148,GEN,
16149,GEN,
16150,OBC-NCL,3494
16151,OBC-NCL,3495
16152,GEN,
16153,GEN,
16154,GEN,
16155,GEN,
16156,GEN,
16157,GEN-EWS,2149
16158,GEN-EWS,2150
16159,GEN,
16160,OBC-NCL,3496
16161,OBC-NCL,3497
16162,GEN,
16163,OBC-NCL,3498
16164,GEN,
16165,OBC-NCL,3499
16166,OBC-NCL,3500
16167,GEN,
16168,GEN,
16169,GEN,
16170,GEN,
16171,GEN,
16172,OBC-NCL,3501
16173,GEN,
16174,GEN-EWS,2151
16175,GEN-EWS,2152
16176,GEN-EWS,2153
16177,GEN-EWS,2154
16178,OBC-NCL,3502
16179,GEN,
16180,GEN-EWS,2155
16181,GEN,
16182,GEN,
16183,GEN-EWS,2156
16184,GEN-EWS,2157
16185,GEN,
16186,OBC-NCL,3503
16187,OBC-NCL,3504
16188,GEN-EWS,2158
16189,GEN,
16190,GEN-EWS,2159
16191,GEN-EWS,2160
16192,SC,426
16193,GEN,
16194,OBC-NCL,3505
16195,GEN,
16196,GEN,
16197,OBC-NCL,3506
16198,OBC-NCL,3507
16199,GEN,
16200,GEN,
16201,GEN,
16202,GEN,
16203,OBC-NCL,3508
16204,GEN,
16205,GEN,
16206,GEN,
16207,GEN-EWS,2161
16208,GEN,
16209,OBC-NCL,3509
16210,GEN-EWS,2162
16211,GEN,
16212,OBC-NCL,3510
16213,GEN,
16214,OBC-NCL,3511
16215,OBC-NCL,3512
16216,GEN,
16217,GEN-EWS,2163
16218,OBC-NCL,3513
16219,GEN,
16220,OBC-NCL,3514
16221,GEN,
16222,GEN-EWS,2164
16223,OBC-NCL,3515
16224,GEN,
16225,GEN,
16225,GEN,
16227,GEN,
16228,OBC-NCL,3516
16229,SC,427
16230,GEN-EWS,2165
16231,GEN-EWS,2166
16232,GEN,
16233,GEN-EWS,2167
16234,GEN,
16235,OBC-NCL,3517
16236,OBC-NCL,3518
16237,GEN,
16238,GEN-EWS,2168
16239,SC,428
16240,GEN,
16241,OBC-NCL,3519
16242,GEN,
16243,SC,429
16244,OBC-NCL,3520
16245,OBC-NCL,3521
16246,GEN,
16246,GEN-EWS,2169
16248,GEN,
16249,GEN,
16250,OBC-NCL,3522
16251,GEN-EWS,2170
16252,GEN,
16253,GEN,
16254,GEN,
16255,OBC-NCL,3523
16256,SC,430
16257,OBC-NCL,3524
16258,OBC-NCL,3525
16259,GEN,
16260,GEN-EWS,2171
16261,OBC-NCL,3526
16262,OBC-NCL,3527
16263,GEN-EWS,2172
16264,GEN,
16265,OBC-NCL,3528
16266,GEN,
16267,GEN-EWS,2173
16268,GEN,
16269,GEN,
16270,OBC-NCL,3529
16271,GEN,
16272,GEN,
16273,OBC-NCL,3530
16274,GEN,
16275,GEN-EWS,2174
16276,GEN,
16277,OBC-NCL,3531
16278,GEN,
16279,SC,431
16280,OBC-NCL,3532
16281,GEN,
16282,GEN,
16283,GEN,
16284,GEN,
16285,OBC-NCL,3533
16286,GEN,
16287,GEN,
16288,GEN,
16289,OBC-NCL,3534
16290,SC,432
16291,OBC-NCL,3535
16292,GEN,
16293,SC,433
16294,OBC-NCL,3536
16295,GEN,
16296,GEN,
16297,OBC-NCL,3537
16298,OBC-NCL,3538
16299,GEN-EWS,2175
16300,OBC-NCL,3539
16301,GEN,
16302,GEN-EWS,2176
16303,GEN,
16304,GEN,
16305,GEN,
16306,GEN,
16307,GEN,
16308,GEN,
16309,GEN,
16310,OBC-NCL,3540
16311,GEN,
16312,OBC-NCL,3541
16313,OBC-NCL,3542
16314,GEN,
16315,GEN-EWS,2177
16316,GEN-EWS,2178
16317,OBC-NCL,3543
16318,OBC-NCL,3544
16319,GEN,
16320,OBC-NCL,3545
16321,OBC-NCL,3546
16322,OBC-NCL,3547
16323,OBC-NCL,3548
16324,OBC-NCL,3549
16325,SC,434
16326,GEN,
16327,GEN,
16328,GEN-EWS,2179
16329,OBC-NCL,3550
16330,GEN,
16331,GEN-EWS,2180
16332,GEN-EWS,2181
16333,SC,435
16334,GEN,
16335,GEN-EWS,2182
16336,GEN-EWS,2183
16337,GEN,
16338,GEN,
16339,GEN,
16340,GEN,
16341,GEN,
16342,GEN-EWS,2184
16343,OBC-NCL,3551
16344,OBC-NCL,3552
16345,GEN,
16346,GEN,
16347,OBC-NCL,3553
16348,SC,436
16349,OBC-NCL,3554
16350,SC,437
16351,GEN-EWS,2185
16352,OBC-NCL,3555
16353,GEN,
16354,GEN,
16355,GEN,
16356,GEN,
16357,GEN,
16358,GEN,
16359,GEN,
16360,GEN,
16361,GEN,
16362,GEN,
16363,GEN-EWS,2186
16364,GEN,
16365,GEN,
16366,GEN,
16367,GEN,
16368,GEN,
16369,GEN-EWS,2187
16370,GEN,
16371,GEN,
16372,GEN,
16373,GEN-EWS,2188
16374,GEN,
16375,GEN,
16376,OBC-NCL,3556
16377,GEN,
16378,GEN,
16379,SC,438
16380,GEN,
16381,OBC-NCL,3557
16382,GEN,
16383,GEN,
16384,GEN,
16385,GEN,
16386,OBC-NCL,3558
16387,GEN-EWS,2189
16388,GEN,
16389,GEN,
16390,GEN,
16391,GEN,
16392,OBC-NCL,3559
16393,GEN-EWS,2190
16394,GEN,
16395,GEN,
16396,GEN,
16397,GEN,
16398,GEN-EWS,2191
16399,GEN,
16400,GEN,
16401,GEN,
16402,GEN,
16403,OBC-NCL,3560
16404,OBC-NCL,3561
16405,GEN,
16406,GEN-EWS,2192
16407,GEN,
16408,SC,440
16409,GEN,
16410,GEN,
16411,GEN,
16412,GEN,
16413,OBC-NCL,3562
16414,OBC-NCL,3563
16415,GEN,
16416,GEN,
16417,GEN,
16418,OBC-NCL,3564
16419,GEN,
16420,GEN,
16421,GEN,
16422,GEN-EWS,2193
16423,GEN,
16424,GEN,
16425,GEN-EWS,2194
16426,GEN,
16427,GEN,
16428,GEN,
16429,GEN,
16430,OBC-NCL,3565
16431,OBC-NCL,3566
16432,GEN-EWS,2195
16433,OBC-NCL,3567
16434,GEN-EWS,2196
16435,GEN-EWS,2197
16436,GEN,
16437,OBC-NCL,3568
16438,OBC-NCL,3569
16439,OBC-NCL,3570
16440,GEN,
16441,OBC-NCL,3571
16442,GEN,
16443,OBC-NCL,3572
16444,GEN,
16445,GEN,
16446,GEN-EWS,2198
16447,GEN,
16448,GEN,
16449,GEN,
16450,GEN,
16451,GEN,
16452,GEN,
16453,GEN,
16454,OBC-NCL,3573
16455,GEN,
16456,OBC-NCL,3574
16457,GEN-EWS,2199
16458,GEN,
16459,GEN-EWS,2200
16460,GEN,
16461,GEN,
16462,GEN,
16463,GEN,
16464,GEN-EWS,2201
16465,GEN-EWS,2202
16466,GEN-EWS,2203
16467,GEN-EWS,2204
16468,GEN,
16469,OBC-NCL,3575
16470,GEN,
16471,OBC-NCL,3576
16472,GEN,
16473,GEN,
16474,GEN-EWS,2205
16475,GEN-EWS,2206
16476,OBC-NCL,3577
16477,GEN,
16478,GEN,
16479,OBC-NCL,3578
16480,GEN,
16481,GEN,
16482,GEN-EWS,2207
16483,GEN,
16484,OBC-NCL,3579
16485,GEN-EWS,2208
16486,GEN-EWS,2209
16487,OBC-NCL,3580
16488,GEN,
16489,GEN,
16490,GEN-EWS,2210
16491,OBC-NCL,3581
16492,OBC-NCL,3582
16492,SC,441
16494,OBC-NCL,3583
16495,OBC-NCL,3584
16496,GEN-EWS,2211
16497,SC,442
16498,GEN,
16499,OBC-NCL,3585
16500,GEN,
16501,OBC-NCL,3586
16502,GEN,
16503,GEN,
16504,GEN-EWS,2212
16505,SC,443
16506,GEN-EWS,2213
16507,GEN,
16508,GEN,
16509,GEN-EWS,2214
16510,GEN,
16511,GEN,
16512,GEN,
16513,OBC-NCL,3587
16514,GEN,
16515,OBC-NCL,3588
16516,GEN-EWS,2215
16517,GEN,
16518,GEN,
16519,GEN-EWS,2216
16520,GEN,
16521,GEN,
16522,GEN,
16523,GEN-EWS,2217
16524,OBC-NCL,3589
16525,GEN,
16526,GEN,
16527,GEN,
16528,GEN-EWS,2218
16529,GEN-EWS,2219
16530,GEN,
16531,OBC-NCL,3590
16532,GEN-EWS,2220
16533,GEN,
16534,GEN,
16535,OBC-NCL,3591
16536,GEN,
16537,OBC-NCL,3592
16538,GEN,
16539,GEN-EWS,2221
16540,GEN,
16541,GEN,
16542,GEN,
16543,GEN,
16544,OBC-NCL,3593
16545,GEN,
16546,OBC-NCL,3594
16547,GEN,
16548,GEN,
16549,OBC-NCL,3595
16550,GEN,
16551,OBC-NCL,3596
16552,OBC-NCL,3597
16553,ST,103
16554,GEN-EWS,2222
16555,GEN-EWS,2223
16556,GEN,
16557,GEN,
16558,GEN,
16559,OBC-NCL,3598
16560,OBC-NCL,3599
16561,GEN,
16562,OBC-NCL,3600
16563,GEN,
16564,GEN-EWS,2224
16565,GEN-EWS,2225
16566,OBC-NCL,3601
16567,GEN,
16568,OBC-NCL,3602
16569,GEN,
16570,GEN,
16571,GEN,
16572,SC,444
16573,GEN,
16574,GEN,
16575,GEN,
16576,ST,104
16577,GEN,
16578,GEN-EWS,2226
16579,OBC-NCL,3603
16580,GEN-EWS,2227
16581,OBC-NCL,3604
16582,GEN-EWS,2228
16583,OBC-NCL,3605
16584,GEN,
16585,GEN,
16586,GEN-EWS,2229
16587,OBC-NCL,3606
16588,GEN,
16589,OBC-NCL,3607
16590,GEN,
16591,GEN,
16592,GEN,
16593,GEN-EWS,2230
16594,GEN,
16595,GEN,
16596,GEN-EWS,2231
16597,OBC-NCL,3608
16598,OBC-NCL,3609
16599,OBC-NCL,3610
16600,OBC-NCL,3611
16601,GEN-EWS,2232
16602,OBC-NCL,3612
16603,GEN-EWS,2233
16604,GEN-EWS,2234
16605,OBC-NCL,3614
16606,GEN-EWS,2235
16607,GEN-EWS,2236
16608,GEN-EWS,2237
16609,GEN,
16610,OBC-NCL,3615
16611,GEN-EWS,2238
16612,SC,446
16613,GEN,
16614,GEN-EWS,2239
16615,OBC-NCL,3616
16616,GEN,
16617,GEN,
16618,OBC-NCL,3617
16619,GEN,
16620,GEN,
16620,OBC-NCL,3618
16622,GEN,
16623,GEN,
16624,OBC-NCL,3619
16625,ST,105
16626,SC,447
16627,OBC-NCL,3620
16628,GEN,
16629,GEN,
16630,GEN-EWS,2240
16631,GEN-EWS,2241
16632,OBC-NCL,3621
16633,GEN,
16634,GEN,
16635,GEN,
16636,GEN,
16636,GEN,
16638,GEN,
16639,OBC-NCL,3622
16640,GEN,
16641,GEN,
16642,GEN,
16643,GEN,
16644,ST,106
16645,OBC-NCL,3623
16646,OBC-NCL,3624
16647,GEN,
16648,GEN,
16649,OBC-NCL,3625
16650,GEN,
16651,GEN,
16652,OBC-NCL,3626
16653,OBC-NCL,3627
16654,OBC-NCL,3628
16655,GEN,
16656,OBC-NCL,3629
16657,GEN,
16658,OBC-NCL,3630
16659,GEN-EWS,2242
16660,GEN,
16661,GEN,
16662,GEN,
16663,GEN,
16664,GEN,
16665,OBC-NCL,3631
16666,GEN,
16667,GEN,
16668,GEN,
16669,GEN-EWS,2243
16670,SC,448
16671,OBC-NCL,3632
16672,GEN-EWS,2244
16673,GEN,
16674,GEN,
16675,OBC-NCL,3633
16676,OBC-NCL,3634
16677,GEN,
16678,GEN,
16679,GEN,
16680,GEN,
16681,GEN,
16682,GEN-EWS,2245
16683,GEN,
16684,GEN,
16685,GEN,
16686,GEN,
16687,SC,449
16688,GEN,
16689,GEN-EWS,2246
16690,GEN,
16691,OBC-NCL,3635
16692,SC,450
16693,GEN,
16694,OBC-NCL,3636
16695,GEN,
16696,ST,107
16697,GEN,
16698,GEN,
16699,SC,451
16700,OBC-NCL,3637
16701,GEN,
16702,GEN-EWS,2247
16703,GEN,
16704,OBC-NCL,3638
16705,OBC-NCL,3639
16706,GEN,
16707,GEN,
16708,GEN-EWS,2248
16709,OBC-NCL,3640
16710,GEN-EWS,2249
16711,GEN-EWS,2250
16712,GEN,
16713,GEN-EWS,2251
16714,GEN,
16715,GEN,
16716,OBC-NCL,3641
16717,GEN,
16718,GEN-EWS,2252
16719,OBC-NCL,3642
16720,GEN,
16721,GEN,
16722,GEN,
16723,GEN,
16724,GEN,
16725,OBC-NCL,3643
16726,GEN,
16727,OBC-NCL,3644
16728,GEN,
16729,GEN,
16730,GEN,
16731,OBC-NCL,3645
16732,GEN,
16733,OBC-NCL,3646
16734,OBC-NCL,3647
16735,GEN,
16736,GEN,
16737,OBC-NCL,3648
16738,GEN,
16739,GEN,
16740,GEN,
16741,OBC-NCL,3649
16741,OBC-NCL,3649
16743,GEN,
16744,GEN,
16745,GEN-EWS,2253
16746,OBC-NCL,3651
16747,GEN,
16748,GEN,
16749,GEN,
16750,GEN,
16751,GEN,
16752,OBC-NCL,3652
16753,GEN,
16754,OBC-NCL,3653
16755,GEN,
16755,OBC-NCL,3654
16757,SC,452
16758,GEN,
16759,GEN,
16760,GEN,
16761,GEN,
16762,GEN,
16763,GEN-EWS,2254
16764,GEN,
16765,OBC-NCL,3655
16766,OBC-NCL,3656
16767,GEN-EWS,2255
16768,GEN,
16769,OBC-NCL,3657
16770,GEN,
16771,OBC-NCL,3658
16772,GEN-EWS,2256
16773,OBC-NCL,3659
16774,GEN,
16775,OBC-NCL,3660
16776,OBC-NCL,3661
16777,OBC-NCL,3662
16778,OBC-NCL,3663
16779,OBC-NCL,3664
16780,GEN,
16781,GEN-EWS,2257
16782,GEN,
16783,OBC-NCL,3665
16784,GEN-EWS,2258
16785,SC,453
16786,GEN,
16787,OBC-NCL,3666
16788,OBC-NCL,3667
16789,GEN,
16790,GEN,
16791,OBC-NCL,3668
16792,GEN,
16793,GEN,
16794,GEN-EWS,2259
16795,GEN,
16796,GEN,
16797,OBC-NCL,3669
16798,OBC-NCL,3670
16799,GEN,
16799,OBC-NCL,3671
16801,OBC-NCL,3672
16802,SC,454
16803,GEN,
16804,OBC-NCL,3673
16805,GEN-EWS,2260
16806,GEN,
16807,OBC-NCL,3674
16808,GEN,
16809,SC,455
16810,GEN,
16811,OBC-NCL,3675
16812,GEN,
16813,GEN,
16814,GEN-EWS,2261
16815,GEN,
16816,GEN-EWS,2262
16817,GEN,
16818,OBC-NCL,3676
16819,GEN,
16820,GEN-EWS,2263
16821,OBC-NCL,3677
16822,GEN,
16823,GEN-EWS,2264
16824,GEN,
16825,OBC-NCL,3678
16826,OBC-NCL,3679
16827,GEN-EWS,2265
16828,GEN,
16829,GEN,
16830,GEN,
16831,GEN-EWS,2266
16832,GEN,
16833,GEN,
16834,GEN,
16835,OBC-NCL,3680
16836,GEN-EWS,2267
16837,GEN-EWS,2268
16838,GEN,
16839,GEN,
16840,GEN-EWS,2269
16841,OBC-NCL,3681
16842,GEN,
16843,GEN,
16844,GEN,
16845,GEN,
16846,GEN,
16847,GEN-EWS,2270
16848,GEN,
16849,GEN,
16850,GEN,
16851,GEN,
16852,GEN,
16853,OBC-NCL,3682
16854,OBC-NCL,3683
16855,GEN,
16856,SC,456
16857,GEN,
16858,GEN,
16859,GEN,
16860,GEN,
16861,GEN,
16862,GEN,
16863,GEN,
16864,GEN,
16865,GEN,
16866,GEN,
16867,GEN,
16868,GEN-EWS,2271
16869,GEN,
16870,SC,457
16871,GEN,
16872,GEN,
16873,GEN,
16874,OBC-NCL,3684
16875,GEN,
16876,GEN-EWS,2272
16877,GEN,
16878,GEN,
16879,OBC-NCL,3685
16880,GEN-EWS,2273
16881,OBC-NCL,3686
16882,GEN,
16883,GEN-EWS,2274
16884,OBC-NCL,3687
16885,GEN,
16886,GEN,
16887,OBC-NCL,3688
16888,OBC-NCL,3689
16889,OBC-NCL,3690
16890,GEN,
16891,GEN,
16892,GEN,
16893,GEN,
16894,GEN-EWS,2275
16895,OBC-NCL,3691
16896,GEN-EWS,2276
16897,GEN,
16898,OBC-NCL,3692
16899,GEN-EWS,2277
16900,GEN,
16901,GEN,
16902,GEN,
16903,GEN,
16904,GEN,
16905,GEN,
16906,GEN-EWS,2278
16907,OBC-NCL,3693
16908,SC,458
16909,OBC-NCL,3694
16910,GEN-EWS,2279
16911,OBC-NCL,3695
16912,GEN,
16913,GEN,
16914,GEN,
16915,GEN,
16916,OBC-NCL,3696
16917,GEN,
16918,OBC-NCL,3697
16919,GEN,
16920,GEN,
16921,GEN,
16922,GEN,
16923,OBC-NCL,3698
16924,GEN-EWS,2280
16925,GEN,
16926,GEN,
16927,GEN,
16928,GEN,
16929,OBC-NCL,3699
16930,OBC-NCL,3700
16931,GEN-EWS,2281
16932,GEN-EWS,2282
16933,OBC-NCL,3701
16934,OBC-NCL,3702
16935,GEN,
16936,OBC-NCL,3703
16937,GEN,
16938,GEN,
16939,GEN,
16940,OBC-NCL,3704
16941,GEN,
16942,OBC-NCL,3705
16943,GEN-EWS,2283
16944,OBC-NCL,3706
16945,GEN,
16946,GEN,
16947,GEN,
16948,GEN,
16949,OBC-NCL,3707
16950,GEN,
16951,GEN-EWS,2284
16952,GEN-EWS,2285
16953,OBC-NCL,3708
16954,GEN,
16955,OBC-NCL,3709
16956,GEN,
16957,OBC-NCL,3710
16958,GEN,
16959,GEN,
16960,GEN,
16961,GEN,
16962,OBC-NCL,3711
16963,GEN,
16964,OBC-NCL,3712
16965,SC,459
16966,GEN,
16967,GEN-EWS,2286
16968,GEN-EWS,2287
16969,OBC-NCL,3713
16970,GEN,
16971,GEN,
16972,GEN,
16973,GEN,
16974,OBC-NCL,3715
16975,OBC-NCL,3716
16976,GEN,
16977,OBC-NCL,3717
16978,OBC-NCL,3718
16979,GEN,
16980,OBC-NCL,3719
16981,OBC-NCL,3720
16982,OBC-NCL,3721
16983,OBC-NCL,3722
16984,OBC-NCL,3723
16985,GEN-EWS,2288
16986,GEN,
16987,OBC-NCL,3724
16988,GEN,
16989,SC,460
16990,SC,461
16991,SC,462
16992,OBC-NCL,3725
16993,OBC-NCL,3726
16994,GEN,
16995,OBC-NCL,3727
16996,GEN,
16997,SC,463
16998,GEN,
16999,GEN-EWS,2289
17000,OBC-NCL,3728
17001,GEN,
17002,OBC-NCL,3729
17003,GEN,
17004,GEN,
17005,GEN,
17006,GEN,
17007,GEN,
17008,GEN-EWS,2290
17009,OBC-NCL,3730
17010,GEN-EWS,2291
17011,OBC-NCL,3731
17012,SC,464
17013,OBC-NCL,3732
17014,GEN,
17015,OBC-NCL,3733
17016,ST,108
17017,OBC-NCL,3734
17018,GEN-EWS,2292
17019,OBC-NCL,3735
17020,GEN,
17021,SC,465
17022,GEN,
17023,GEN,
17024,GEN,
17025,GEN,
17026,GEN,
17027,GEN,
17028,OBC-NCL,3736
17029,GEN,
17030,GEN,
17031,GEN,
17032,GEN-EWS,2293
17033,OBC-NCL,3737
17034,GEN,
17035,OBC-NCL,3738
17036,OBC-NCL,3739
17037,OBC-NCL,3740
17038,GEN,
17039,GEN,
17040,OBC-NCL,3741
17041,OBC-NCL,3742
17042,GEN-EWS,2294
17043,GEN-EWS,2295
17044,GEN-EWS,2296
17045,OBC-NCL,3743
17046,OBC-NCL,3744
17047,GEN,
17048,GEN,
17049,GEN,
17050,GEN,
17051,OBC-NCL,3745
17052,OBC-NCL,3746
17053,GEN,
17054,SC,466
17055,GEN-EWS,2297
17056,OBC-NCL,3747
17057,GEN,
17058,OBC-NCL,3748
17059,GEN,
17060,GEN,
17061,SC,467
17062,ST,109
17063,GEN-EWS,2298
17064,GEN,
17065,GEN,
17066,GEN,
17067,GEN,
17068,GEN,
17069,OBC-NCL,3749
17070,OBC-NCL,3750
17071,GEN,
17072,GEN,
17073,GEN-EWS,2299
17074,GEN,
17075,GEN,
17076,GEN,
17077,OBC-NCL,3751
17078,GEN,
17079,GEN,
17080,OBC-NCL,3752
17081,GEN,
17082,GEN,
17083,GEN,
17084,GEN,
17085,OBC-NCL,3753
17086,GEN,
17087,GEN,
17088,OBC-NCL,3754
17089,OBC-NCL,3755
17090,SC,468
17091,GEN,
17092,GEN-EWS,2300
17093,GEN,
17094,GEN,
17095,GEN,
17096,GEN-EWS,2301
17097,OBC-NCL,3756
17098,GEN-EWS,2302
17099,OBC-NCL,3757
17100,GEN-EWS,2303
17101,GEN-EWS,2304
17102,GEN,
17103,GEN,
17104,OBC-NCL,3758
17105,GEN-EWS,2305
17106,GEN,
17107,GEN,
17108,GEN,
17109,GEN,
17110,GEN-EWS,2306
17111,GEN-EWS,2307
17112,OBC-NCL,3759
17113,SC,469
17114,OBC-NCL,3760
17115,GEN,
17116,GEN,
17117,GEN-EWS,2308
17118,GEN,
17119,GEN,
17120,GEN,
17121,GEN,
17122,GEN-EWS,2309
17123,GEN,
17124,GEN,
17125,GEN,
17126,GEN,
17127,OBC-NCL,3761
17128,GEN,
17129,GEN,
17130,GEN,
17131,GEN-EWS,2310
17132,GEN,
17133,GEN,
17134,GEN-EWS,2311
17135,GEN,
17136,GEN-EWS,2312
17137,GEN,
17138,GEN,
17139,OBC-NCL,3762
17140,GEN,
17141,GEN-EWS,2313
17142,GEN-EWS,2314
17143,OBC-NCL,3763
17144,GEN,
17145,GEN,
17146,GEN-EWS,2315
17147,GEN,
17148,GEN,
17149,GEN-EWS,2316
17150,SC,470
17151,OBC-NCL,3764
17152,GEN-EWS,2317
17153,SC,471
17154,GEN,
17155,GEN,
17156,GEN,
17157,GEN-EWS,2318
17158,GEN-EWS,2319
17159,GEN,
17160,GEN,
17161,GEN,
17162,GEN,
17163,GEN,
17164,GEN,
17165,GEN,
17166,GEN,
17167,GEN,
17168,GEN,
17169,OBC-NCL,3766
17170,GEN,
17171,GEN-EWS,2320
17172,GEN,
17173,GEN,
17174,OBC-NCL,3767
17175,GEN,
17176,GEN,
17177,OBC-NCL,3768
17178,GEN,
17178,SC,472
17180,OBC-NCL,3769
17181,GEN,
17182,GEN,
17183,GEN,
17184,OBC-NCL,3770
17185,OBC-NCL,3771
17186,SC,473
17187,GEN,
17188,GEN,
17189,GEN,
17190,SC,474
17191,GEN-EWS,2321
17192,GEN-EWS,2322
17193,GEN,
17194,GEN,
17195,OBC-NCL,3772
17196,GEN,
17197,OBC-NCL,3773
17198,GEN,
17199,OBC-NCL,3774
17200,OBC-NCL,3775
17201,OBC-NCL,3776
17202,GEN-EWS,2323
17203,GEN-EWS,2324
17204,OBC-NCL,3777
17205,OBC-NCL,3778
17206,OBC-NCL,3779
17207,GEN,
17208,OBC-NCL,3780
17209,GEN,
17210,OBC-NCL,3781
17211,GEN,
17212,GEN,
17213,GEN,
17214,GEN,
17215,SC,475
17216,GEN-EWS,2325
17217,GEN-EWS,2326
17218,GEN,
17219,OBC-NCL,3782
17220,OBC-NCL,3783
17221,SC,476
17222,GEN-EWS,2327
17223,GEN-EWS,2328
17224,GEN,
17225,SC,477
17226,OBC-NCL,3784
17227,GEN,
17228,GEN,
17229,SC,478
17230,GEN,
17231,OBC-NCL,3785
17232,GEN,
17233,GEN,
17234,GEN-EWS,2329
17235,GEN-EWS,2330
17236,GEN,
17237,OBC-NCL,3786
17238,GEN,
17239,GEN,
17240,GEN,
17241,GEN,
17242,OBC-NCL,3787
17243,GEN,
17244,GEN-EWS,2331
17245,OBC-NCL,3788
17246,GEN,
17247,GEN,
17248,GEN-EWS,2332
17249,OBC-NCL,3789
17250,GEN,
17251,GEN,
17252,GEN,
17253,GEN,
17254,GEN,
17255,GEN,
17256,GEN,
17257,OBC-NCL,3790
17258,GEN,
17259,GEN,
17260,GEN,
17261,GEN-EWS,2333
17262,GEN,
17263,OBC-NCL,3791
17264,GEN,
17265,OBC-NCL,3792
17266,GEN-EWS,2334
17267,GEN,
17268,OBC-NCL,3793
17269,GEN-EWS,2335
17270,OBC-NCL,3794
17271,OBC-NCL,3795
17272,OBC-NCL,3796
17273,OBC-NCL,3797
17274,GEN,
17274,OBC-NCL,3798
17276,GEN,
17277,GEN,
17278,GEN,
17279,GEN,
17280,GEN,
17281,GEN,
17282,GEN,
17283,GEN-EWS,2336
17284,GEN-EWS,2337
17285,OBC-NCL,3800
17286,GEN,
17287,GEN,
17288,GEN,
17289,GEN,
17290,GEN-EWS,2338
17291,GEN,
17292,GEN,
17293,GEN,
17294,GEN-EWS,2339
17295,GEN,
17296,GEN,
17296,OBC-NCL,3801
17298,OBC-NCL,3802
17299,OBC-NCL,3803
17300,GEN-EWS,2340
17301,GEN,
17302,OBC-NCL,3804
17303,OBC-NCL,3805
17304,OBC-NCL,3806
17305,OBC-NCL,3807
17306,OBC-NCL,3808
17307,GEN,
17308,GEN,
17309,GEN,
17310,GEN,
17311,GEN,
17312,GEN,
17313,GEN,
17314,OBC-NCL,3809
17315,GEN,
17316,GEN,
17317,OBC-NCL,3810
17318,GEN-EWS,2341
17319,GEN,
17320,OBC-NCL,3811
17321,GEN,
17322,SC,479
17323,OBC-NCL,3812
17324,GEN,
17325,OBC-NCL,3813
17326,OBC-NCL,3814
17327,GEN,
17328,OBC-NCL,3815
17329,OBC-NCL,3816
17330,GEN-EWS,2342
17331,GEN-EWS,2343
17332,GEN,
17333,SC,480
17334,GEN,
17335,OBC-NCL,3817
17336,GEN,
17337,OBC-NCL,3818
17338,GEN,
17339,GEN-EWS,2344
17340,GEN,
17341,GEN,
17342,GEN-EWS,2345
17343,SC,481
17344,GEN,
17345,GEN,
17346,GEN,
17347,GEN-EWS,2346
17348,GEN,
17349,GEN,
17350,GEN,
17351,OBC-NCL,3819
17352,GEN,
17353,GEN,
17354,SC,482
17355,OBC-NCL,3820
17356,GEN,
17357,OBC-NCL,3821
17358,OBC-NCL,3822
17359,GEN,
17360,GEN,
17361,GEN,
17362,OBC-NCL,3823
17363,OBC-NCL,3824
17364,GEN,
17365,GEN,
17366,GEN,
17367,GEN,
17368,OBC-NCL,3825
17369,GEN,
17370,OBC-NCL,3826
17371,GEN,
17372,GEN,
17373,OBC-NCL,3827
17374,GEN-EWS,2347
17375,SC,483
17376,GEN-EWS,2348
17377,GEN,
17378,GEN,
17379,OBC-NCL,3828
17380,OBC-NCL,3829
17381,GEN,
17382,GEN,
17383,GEN,
17384,GEN-EWS,2349
17385,OBC-NCL,3830
17386,GEN,
17387,GEN,
17388,GEN-EWS,2350
17389,GEN,
17390,OBC-NCL,3831
17391,GEN,
17392,GEN-EWS,2351
17393,GEN,
17394,GEN,
17395,OBC-NCL,3832
17396,GEN,
17397,GEN-EWS,2352
17398,GEN,
17399,OBC-NCL,3833
17400,OBC-NCL,3834
17401,GEN,
17402,GEN,
17403,SC,484
17404,GEN,
17405,GEN,
17406,GEN,
17407,GEN,
17408,GEN,
17409,OBC-NCL,3835
17410,OBC-NCL,3836
17411,GEN,
17412,GEN,
17413,OBC-NCL,3837
17414,OBC-NCL,3838
17415,GEN,
17416,GEN,
17417,OBC-NCL,3839
17418,OBC-NCL,3840
17419,GEN-EWS,2353
17420,GEN,
17421,GEN,
17422,GEN,
17423,SC,485
17424,GEN-EWS,2354
17425,GEN-EWS,2355
17426,GEN,
17427,OBC-NCL,3841
17428,OBC-NCL,3842
17429,SC,486
17430,GEN,
17431,GEN,
17432,GEN,
17433,GEN,
17434,OBC-NCL,3843
17435,GEN,
17436,GEN-EWS,2356
17437,GEN,
17438,GEN,
17439,GEN,
17440,OBC-NCL,3844
17441,OBC-NCL,3845
17442,GEN,
17443,GEN,
17444,GEN,
17445,OBC-NCL,3846
17446,GEN,
17447,GEN,
17448,OBC-NCL,3847
17449,GEN-EWS,2357
17450,OBC-NCL,3848
17451,GEN-EWS,2358
17452,GEN-EWS,2359
17453,GEN,
17454,GEN,
17455,GEN-EWS,2360
17456,GEN-EWS,2361
17457,GEN,
17458,GEN,
17459,GEN,
17460,OBC-NCL,3849
17461,OBC-NCL,3850
17462,GEN-EWS,2362
17462,GEN-EWS,2362
17464,GEN,
17465,GEN,
17466,GEN,
17467,GEN-EWS,2364
17468,GEN,
17469,GEN-EWS,2365
17470,SC,487
17471,GEN,
17472,GEN,
17473,GEN-EWS,2366
17474,OBC-NCL,3851
17475,GEN-EWS,2367
17476,GEN,
17477,GEN-EWS,2368
17478,GEN-EWS,2369
17479,OBC-NCL,3852
17480,GEN,
17481,OBC-NCL,3853
17482,GEN,
17483,GEN-EWS,2370
17484,GEN,
17485,GEN,
17486,GEN-EWS,2371
17487,GEN,
17488,GEN,
17489,OBC-NCL,3854
17490,GEN,
17491,OBC-NCL,3855
17492,GEN,
17493,GEN,
17494,OBC-NCL,3856
17495,OBC-NCL,3857
17496,GEN,
17497,GEN,
17498,OBC-NCL,3858
17499,GEN,
17500,OBC-NCL,3859
17501,GEN,
17502,GEN,
17503,GEN-EWS,2372
17504,GEN,
17505,GEN,
17506,OBC-NCL,3860
17507,OBC-NCL,3861
17508,GEN,
17509,OBC-NCL,3862
17510,GEN,
17511,GEN,
17512,OBC-NCL,3863
17513,GEN,
17514,GEN-EWS,2373
17515,GEN,
17516,GEN,
17517,GEN,
17518,OBC-NCL,3864
17519,GEN,
17520,GEN,
17521,GEN-EWS,2374
17522,GEN,
17523,GEN,
17524,GEN,
17525,GEN,
17526,GEN,
17527,GEN,
17528,GEN-EWS,2375
17529,GEN,
17530,GEN,
17531,GEN,
17532,GEN-EWS,2376
17533,OBC-NCL,3865
17534,OBC-NCL,3866
17535,GEN-EWS,2377
17536,OBC-NCL,3867
17537,OBC-NCL,3868
17538,GEN,
17539,GEN,
17540,SC,488
17541,GEN,
17542,GEN,
17543,OBC-NCL,3869
17544,OBC-NCL,3870
17545,GEN,
17546,GEN,
17547,GEN,
17548,GEN,
17549,OBC-NCL,3871
17550,OBC-NCL,3872
17551,GEN-EWS,2378
17552,GEN,
17553,GEN,
17554,GEN,
17555,OBC-NCL,3873
17556,GEN,
17557,GEN,
17558,GEN,
17559,GEN-EWS,2379
17560,GEN,
17561,OBC-NCL,3874
17562,GEN,
17563,GEN,
17564,OBC-NCL,3875
17565,OBC-NCL,3876
17566,GEN,
17567,GEN-EWS,2380
17568,OBC-NCL,3877
17569,GEN,
17570,GEN,
17571,GEN,
17572,GEN,
17573,GEN,
17574,GEN,
17575,GEN-EWS,2381
17576,OBC-NCL,3878
17577,OBC-NCL,3879
17578,GEN,
17579,GEN,
17580,ST,110
17581,GEN,
17582,OBC-NCL,3880
17583,GEN,
17584,ST,111
17585,GEN,
17586,OBC-NCL,3881
17587,GEN,
17588,GEN-EWS,2382
17589,OBC-NCL,3882
17590,GEN,
17591,OBC-NCL,3883
17592,OBC-NCL,3884
17593,GEN-EWS,2383
17594,GEN,
17595,GEN,
17596,GEN,
17597,GEN,
17598,GEN,
17599,GEN,
17600,GEN,
17601,GEN,
17602,GEN,
17603,GEN-EWS,2384
17604,GEN,
17605,SC,489
17606,OBC-NCL,3885
17607,GEN,
17608,GEN,
17609,GEN,
17610,GEN,
17611,GEN-EWS,2385
17612,GEN,
17613,OBC-NCL,3886
17614,GEN,
17615,OBC-NCL,3887
17616,GEN,
17617,GEN-EWS,2386
17617,OBC-NCL,3888
17619,GEN,
17620,OBC-NCL,3889
17621,GEN,
17622,GEN-EWS,2387
17623,GEN,
17624,OBC-NCL,3890
17625,GEN,
17626,OBC-NCL,3891
17627,GEN-EWS,2388
17628,GEN,
17629,OBC-NCL,3892
17630,GEN,
17631,GEN,
17632,GEN,
17633,OBC-NCL,3893
17634,GEN,
17635,OBC-NCL,3894
17636,OBC-NCL,3895
17637,GEN,
17638,GEN,
17639,GEN,
17640,GEN,
17641,SC,490
17642,GEN,
17643,SC,491
17644,GEN,
17645,GEN,
17646,OBC-NCL,3896
17647,GEN,
17648,GEN-EWS,2389
17649,OBC-NCL,3897
17650,GEN,
17651,GEN-EWS,2390
17652,GEN,
17653,GEN-EWS,2391
17654,SC,492
17655,OBC-NCL,3898
17656,OBC-NCL,3899
17657,GEN-EWS,2392
17658,GEN,
17659,GEN-EWS,2393
17660,OBC-NCL,3900
17661,GEN,
17662,GEN,
17663,GEN,
17664,GEN,
17665,GEN,
17666,SC,493
17667,GEN,
17668,OBC-NCL,3901
17669,OBC-NCL,3902
17670,GEN,
17671,GEN-EWS,2394
17672,OBC-NCL,3903
17673,OBC-NCL,3904
17674,GEN,
17675,GEN,
17676,OBC-NCL,3905
17677,GEN-EWS,2395
17678,GEN,
17679,GEN,
17680,GEN-EWS,2396
17681,OBC-NCL,3906
17682,OBC-NCL,3907
17683,OBC-NCL,3908
17684,ST,112
17685,GEN,
17686,OBC-NCL,3909
17687,OBC-NCL,3910
17688,GEN,
17689,GEN-EWS,2397
17690,SC,494
17691,OBC-NCL,3911
17692,GEN,
17693,GEN,
17694,GEN,
17695,GEN,
17696,GEN,
17697,GEN,
17698,GEN-EWS,2398
17699,ST,113
17700,OBC-NCL,3912
17701,GEN,
17702,SC,495
17703,OBC-NCL,3913
17704,GEN,
17705,OBC-NCL,3914
17706,GEN,
17707,GEN,
17708,GEN,
17709,OBC-NCL,3915
17710,GEN-EWS,2399
17711,GEN,
17712,OBC-NCL,3916
17713,OBC-NCL,3917
17714,OBC-NCL,3918
17715,OBC-NCL,3919
17716,GEN,
17717,GEN,
17718,GEN,
17719,GEN,
17720,OBC-NCL,3920
17721,GEN,
17722,GEN,
17723,OBC-NCL,3921
17724,GEN,
17724,GEN,
17726,SC,496
17727,GEN,
17728,GEN,
17729,GEN,
17730,OBC-NCL,3922
17731,GEN,
17732,GEN,
17733,GEN,
17734,GEN-EWS,2400
17735,OBC-NCL,3923
17736,GEN-EWS,2401
17737,GEN-EWS,2402
17738,OBC-NCL,3924
17739,GEN,
17740,GEN,
17741,SC,497
17742,OBC-NCL,3925
17743,GEN,
17744,GEN,
17745,OBC-NCL,3926
17746,GEN,
17747,GEN,
17748,OBC-NCL,3927
17748,OBC-NCL,3927
17750,GEN,
17751,GEN,
17752,GEN-EWS,2403
17753,OBC-NCL,3929
17754,OBC-NCL,3930
17755,GEN,
17756,OBC-NCL,3931
17757,GEN-EWS,2404
17758,GEN,
17759,OBC-NCL,3932
17760,OBC-NCL,3933
17761,GEN-EWS,2405
17762,OBC-NCL,3934
17763,OBC-NCL,3935
17764,OBC-NCL,3936
17765,OBC-NCL,3937
17766,GEN,
17766,SC,498
17768,GEN,
17769,OBC-NCL,3938
17770,GEN,
17771,OBC-NCL,3939
17772,OBC-NCL,3940
17773,GEN,
17774,OBC-NCL,3941
17775,OBC-NCL,3942
17776,OBC-NCL,3943
17777,OBC-NCL,3944
17778,GEN,
17779,GEN,
17780,GEN-EWS,2406
17781,OBC-NCL,3945
17782,GEN-EWS,2407
17783,GEN,
17784,GEN,
17785,OBC-NCL,3946
17786,GEN,
17787,ST,114
17788,OBC-NCL,3947
17789,GEN,
17790,GEN,
17791,OBC-NCL,3948
17792,GEN,
17793,OBC-NCL,3949
17794,GEN-EWS,2408
17795,GEN,
17796,SC,499
17797,OBC-NCL,3950
17798,OBC-NCL,3951
17799,GEN-EWS,2409
17800,GEN,
17801,OBC-NCL,3952
17802,GEN-EWS,2410
17803,OBC-NCL,3953
17804,GEN,
17805,SC,500
17806,SC,501
17807,GEN,
17808,ST,115
17809,GEN,
17810,OBC-NCL,3955
17811,GEN,
17812,GEN,
17813,GEN,
17814,GEN,
17815,OBC-NCL,3956
17816,OBC-NCL,3957
17817,GEN,
17818,GEN,
17819,GEN,
17820,OBC-NCL,3958
17821,GEN,
17822,GEN,
17823,GEN,
17824,GEN,
17825,GEN-EWS,2411
17826,GEN,
17827,SC,502
17828,GEN-EWS,2412
17829,ST,116
17830,OBC-NCL,3959
17831,GEN-EWS,2413
17832,GEN,
17833,GEN,
17834,GEN,
17835,GEN-EWS,2414
17836,OBC-NCL,3960
17837,OBC-NCL,3961
17838,OBC-NCL,3962
17839,GEN,
17840,GEN,
17841,GEN,
17842,OBC-NCL,3963
17843,GEN,
17844,GEN,
17845,GEN-EWS,2415
17846,OBC-NCL,3964
17847,GEN-EWS,2416
17848,GEN,
17849,SC,503
17850,OBC-NCL,3965
17851,GEN-EWS,2417
17852,GEN,
17853,GEN,
17854,GEN,
17855,OBC-NCL,3966
17856,GEN,
17857,GEN,
17858,OBC-NCL,3967
17859,GEN,
17860,GEN,
17861,GEN,
17862,GEN-EWS,2418
17863,OBC-NCL,3968
17864,GEN,
17865,GEN,
17866,OBC-NCL,3969
17867,GEN,
17868,GEN,
17869,GEN,
17870,OBC-NCL,3970
17871,GEN,
17872,OBC-NCL,3971
17873,GEN-EWS,2419
17874,GEN,
17875,OBC-NCL,3972
17876,GEN-EWS,2420
17877,OBC-NCL,3973
17878,GEN-EWS,2421
17879,SC,504
17880,OBC-NCL,3974
17881,GEN-EWS,2422
17882,GEN-EWS,2423
17883,GEN-EWS,2424
17884,GEN,
17885,GEN-EWS,2425
17886,OBC-NCL,3975
17887,GEN-EWS,2426
17888,GEN,
17889,OBC-NCL,3977
17890,GEN-EWS,2427
17891,GEN-EWS,2428
17892,OBC-NCL,3978
17893,OBC-NCL,3979
17894,GEN,
17895,OBC-NCL,3980
17896,GEN,
17897,GEN-EWS,2429
17898,SC,505
17899,GEN,
17900,OBC-NCL,3981
17901,GEN-EWS,2430
17902,GEN,
17903,GEN,
17904,GEN,
17905,GEN,
17906,GEN,
17907,GEN,
17908,OBC-NCL,3983
17909,GEN,
17910,GEN-EWS,2431
17911,OBC-NCL,3984
17912,GEN,
17913,GEN,
17914,GEN,
17915,GEN,
17916,OBC-NCL,3985
17917,GEN-EWS,2432
17918,OBC-NCL,3986
17919,GEN,
17920,GEN,
17921,OBC-NCL,3987
17922,GEN,
17923,GEN,
17924,GEN,
17925,GEN-EWS,2433
17926,GEN,
17927,OBC-NCL,3988
17928,SC,506
17929,GEN-EWS,2434
17930,OBC-NCL,3989
17931,OBC-NCL,3990
17932,GEN-EWS,2435
17933,GEN,
17934,GEN,
17935,OBC-NCL,3991
17936,GEN,
17937,GEN,
17938,GEN,
17939,GEN,
17940,GEN,
17941,GEN,
17942,OBC-NCL,3992
17943,GEN,
17944,OBC-NCL,3993
17945,GEN,
17946,OBC-NCL,3994
17947,OBC-NCL,3995
17948,GEN-EWS,2436
17949,GEN,
17950,GEN-EWS,2437
17951,OBC-NCL,3996
17952,OBC-NCL,3997
17953,SC,507
17954,GEN,
17955,GEN,
17956,GEN-EWS,2438
17957,OBC-NCL,3998
17958,OBC-NCL,3999
17959,GEN,
17960,GEN-EWS,2439
17961,GEN,
17962,GEN-EWS,2440
17963,GEN,
17964,GEN,
17965,GEN,
17966,SC,508
17967,GEN-EWS,2441
17968,SC,509
17969,GEN-EWS,2442
17970,OBC-NCL,4000
17971,OBC-NCL,4001
17972,GEN,
17973,GEN,
17974,OBC-NCL,4002
17975,GEN,
17976,GEN,
17977,GEN,
17978,OBC-NCL,4003
17979,OBC-NCL,4004
17980,OBC-NCL,4005
17981,SC,510
17982,GEN,
17983,GEN,
17984,GEN-EWS,2443
17985,GEN-EWS,2444
17985,OBC-NCL,4006
17987,OBC-NCL,4007
17988,GEN,
17989,GEN,
17990,OBC-NCL,4008
17991,OBC-NCL,4009
17992,SC,511
17993,GEN,
17994,GEN,
17995,GEN,
17996,GEN,
17997,GEN,
17998,GEN,
17999,OBC-NCL,4010
18000,GEN,
18001,GEN-EWS,2445
18002,GEN-EWS,2446
18003,GEN,
18004,GEN,
18005,GEN,
18006,GEN,
18007,GEN-EWS,2447
18008,GEN,
18009,GEN,
18010,OBC-NCL,4011
18011,GEN-EWS,2448
18012,SC,512
18013,OBC-NCL,4012
18014,GEN,
18015,GEN,
18016,ST,117
18017,GEN,
18018,OBC-NCL,4013
18019,GEN,
18020,OBC-NCL,4014
18021,GEN,
18022,GEN,
18023,OBC-NCL,4015
18024,GEN,
18025,GEN,
18026,OBC-NCL,4016
18027,GEN,
18028,OBC-NCL,4017
18029,GEN,
18030,GEN,
18031,OBC-NCL,4018
18032,GEN,
18033,GEN,
18034,OBC-NCL,4019
18035,GEN-EWS,2449
18036,OBC-NCL,4020
18037,GEN,
18038,SC,513
18039,GEN,
18040,OBC-NCL,4021
18041,OBC-NCL,4022
18042,GEN,
18043,OBC-NCL,4023
18044,GEN,
18045,OBC-NCL,4024
18046,GEN,
18047,GEN-EWS,2450
18048,GEN-EWS,2451
18049,OBC-NCL,4025
18050,OBC-NCL,4026
18051,GEN,
18052,GEN,
18053,OBC-NCL,4027
18054,OBC-NCL,4028
18055,OBC-NCL,4029
18056,GEN,
18057,GEN-EWS,2452
18058,GEN,
18059,GEN,
18060,OBC-NCL,4030
18061,GEN,
18062,GEN-EWS,2453
18063,OBC-NCL,4031
18064,GEN,
18065,GEN,
18066,GEN,
18067,GEN,
18068,OBC-NCL,4032
18069,GEN,
18070,GEN-EWS,2454
18071,GEN,
18072,GEN,
18073,OBC-NCL,4033
18074,GEN-EWS,2455
18075,OBC-NCL,4034
18076,GEN-EWS,2456
18077,GEN,
18078,GEN,
18079,SC,514
18080,GEN,
18081,OBC-NCL,4035
18082,GEN,
18083,GEN,
18084,GEN,
18085,GEN-EWS,2457
18086,GEN,
18087,OBC-NCL,4036
18088,GEN,
18089,GEN-EWS,2458
18090,GEN-EWS,2459
18091,GEN,
18092,GEN,
18093,GEN,
18094,OBC-NCL,4037
18095,GEN-EWS,2460
18096,OBC-NCL,4038
18097,OBC-NCL,4039
18098,OBC-NCL,4040
18099,OBC-NCL,4041
18100,GEN,
18101,GEN,
18102,GEN,
18103,OBC-NCL,4042
18104,GEN,
18105,GEN,
18106,GEN-EWS,2461
18107,GEN,
18108,GEN,
18109,GEN,
18110,OBC-NCL,4043
18111,GEN,
18112,GEN,
18113,SC,515
18114,GEN-EWS,2462
18115,OBC-NCL,4044
18116,GEN,
18117,OBC-NCL,4045
18118,OBC-NCL,4046
18119,OBC-NCL,4047
18120,ST,118
18121,GEN-EWS,2463
18122,GEN,
18123,ST,119
18124,GEN-EWS,2464
18125,GEN,
18126,GEN,
18127,GEN,
18128,GEN,
18129,GEN,
18130,OBC-NCL,4048
18131,GEN-EWS,2465
18132,SC,516
18133,GEN,
18134,OBC-NCL,4049
18135,GEN,
18136,GEN,
18137,SC,518
18138,GEN,
18139,OBC-NCL,4050
18140,GEN-EWS,2466
18141,GEN,
18142,OBC-NCL,4052
18143,SC,519
18144,GEN,
18145,OBC-NCL,4053
18146,GEN-EWS,2467
18147,GEN-EWS,2468
18148,OBC-NCL,4054
18149,GEN,
18150,GEN,
18151,GEN,
18152,OBC-NCL,4055
18153,GEN,
18154,GEN,
18155,OBC-NCL,4056
18156,GEN,
18157,OBC-NCL,4057
18158,OBC-NCL,4058
18159,GEN,
18160,GEN,
18161,GEN-EWS,2469
18162,GEN,
18163,GEN-EWS,2470
18164,OBC-NCL,4059
18165,GEN,
18166,GEN,
18167,GEN,
18168,OBC-NCL,4060
18169,GEN-EWS,2471
18170,OBC-NCL,4061
18171,GEN-EWS,2472
18172,GEN,
18173,OBC-NCL,4062
18174,OBC-NCL,4063
18175,GEN-EWS,2473
18176,GEN-EWS,2474
18177,GEN-EWS,2475
18178,GEN,
18179,OBC-NCL,4064
18180,GEN,
18181,GEN,
18182,GEN,
18183,GEN,
18184,GEN,
18185,GEN-EWS,2476
18186,OBC-NCL,4065
18187,GEN,
18188,GEN,
18189,GEN,
18190,GEN-EWS,2477
18191,OBC-NCL,4067
18192,GEN,
18193,OBC-NCL,4068
18194,GEN,
18195,GEN,
18196,GEN,
18197,GEN,
18198,OBC-NCL,4069
18199,GEN-EWS,2478
18200,GEN,
18201,GEN,
18202,GEN,
18203,OBC-NCL,4070
18204,OBC-NCL,4071
18205,GEN-EWS,2479
18206,GEN,
18207,GEN,
18208,OBC-NCL,4072
18209,GEN-EWS,2480
18210,GEN,
18211,GEN,
18212,GEN,
18213,OBC-NCL,4073
18214,GEN,
18215,OBC-NCL,4074
18216,GEN-EWS,2481
18217,GEN,
18218,GEN,
18219,GEN-EWS,2482
18220,GEN-EWS,2483
18221,GEN,
18222,OBC-NCL,4075
18223,GEN,
18224,OBC-NCL,4076
18225,GEN,
18226,OBC-NCL,4077
18227,GEN,
18228,GEN,
18229,GEN-EWS,2484
18230,OBC-NCL,4078
18231,SC,521
18232,OBC-NCL,4079
18233,OBC-NCL,4080
18234,OBC-NCL,4081
18235,GEN-EWS,2485
18236,GEN,
18237,GEN,
18238,GEN,
18239,GEN-EWS,2486
18240,GEN,
18241,OBC-NCL,4082
18242,GEN,
18243,GEN,
18244,GEN,
18245,GEN-EWS,2487
18246,GEN,
18247,GEN,
18248,GEN,
18249,GEN-EWS,2488
18250,GEN,
18251,GEN,
18252,GEN,
18253,GEN,
18254,GEN,
18255,SC,522
18256,ST,120
18257,GEN,
18258,OBC-NCL,4083
18259,OBC-NCL,4084
18260,SC,523
18261,OBC-NCL,4085
18262,GEN,
18263,GEN,
18264,SC,524
18265,GEN,
18266,GEN,
18267,GEN,
18268,GEN,
18269,GEN,
18270,GEN,
18271,GEN-EWS,2490
18272,OBC-NCL,4086
18273,GEN,
18274,OBC-NCL,4087
18275,OBC-NCL,4088
18276,GEN,
18277,GEN,
18278,GEN,
18279,GEN-EWS,2491
18280,OBC-NCL,4089
18281,OBC-NCL,4090
18282,OBC-NCL,4091
18283,GEN,
18284,GEN-EWS,2492
18285,GEN,
18286,GEN,
18286,SC,525
18288,GEN-EWS,2493
18289,GEN,
18290,GEN-EWS,2494
18291,GEN,
18292,OBC-NCL,4092
18293,GEN,
18294,OBC-NCL,4093
18295,GEN-EWS,2495
18296,OBC-NCL,4094
18297,GEN,
18298,GEN,
18299,OBC-NCL,4095
18300,GEN-EWS,2496
18301,GEN,
18302,GEN,
18303,GEN,
18304,GEN,
18305,GEN,
18306,GEN-EWS,2497
18307,GEN,
18308,GEN,
18309,GEN,
18310,OBC-NCL,4096
18311,OBC-NCL,4097
18312,OBC-NCL,4098
18313,GEN,
18314,GEN-EWS,2498
18315,GEN,
18316,GEN,
18317,OBC-NCL,4099
18318,OBC-NCL,4100
18319,GEN,
18320,GEN-EWS,2499
18321,OBC-NCL,4101
18322,GEN,
18323,OBC-NCL,4102
18324,SC,526
18325,GEN,
18326,GEN-EWS,2500
18327,GEN,
18328,GEN,
18329,GEN,
18330,GEN,
18331,OBC-NCL,4103
18332,GEN-EWS,2501
18333,GEN,
18334,GEN,
18335,GEN-EWS,2502
18336,GEN,
18337,OBC-NCL,4104
18338,GEN,
18339,OBC-NCL,4105
18340,GEN,
18341,GEN-EWS,2503
18342,GEN,
18343,GEN,
18344,GEN-EWS,2504
18345,OBC-NCL,4106
18346,GEN,
18347,GEN,
18348,GEN-EWS,2505
18349,GEN,
18350,GEN,
18351,GEN,
18352,OBC-NCL,4108
18353,OBC-NCL,4109
18354,GEN-EWS,2506
18355,OBC-NCL,4110
18356,OBC-NCL,4111
18357,GEN,
18357,OBC-NCL,4112
18359,OBC-NCL,4113
18360,GEN,
18361,GEN,
18362,OBC-NCL,4114
18363,GEN,
18364,GEN,
18365,OBC-NCL,4115
18366,GEN,
18367,GEN,
18368,OBC-NCL,4116
18369,GEN-EWS,2507
18370,GEN,
18371,GEN,
18372,GEN-EWS,2508
18373,GEN-EWS,2509
18374,GEN,
18375,OBC-NCL,4117
18376,GEN-EWS,2510
18377,GEN-EWS,2511
18378,GEN-EWS,2512
18379,GEN,
18380,GEN,
18381,GEN,
18382,GEN,
18383,GEN,
18384,GEN-EWS,2513
18385,OBC-NCL,4118
18386,OBC-NCL,4119
18387,GEN,
18388,GEN,
18389,GEN-EWS,2514
18390,GEN,
18391,GEN,
18392,GEN-EWS,2515
18393,OBC-NCL,4120
18394,OBC-NCL,4121
18395,GEN,
18396,SC,527
18397,GEN,
18398,GEN-EWS,2516
18399,GEN,
18400,GEN,
18401,GEN,
18402,GEN-EWS,2517
18403,OBC-NCL,4122
18404,GEN,
18405,OBC-NCL,4123
18406,SC,528
18407,OBC-NCL,4124
18408,GEN,
18409,GEN-EWS,2518
18410,GEN-EWS,2519
18411,OBC-NCL,4125
18412,GEN,
18413,GEN-EWS,2520
18414,GEN,
18415,OBC-NCL,4126
18416,GEN-EWS,2521
18417,GEN,
18418,OBC-NCL,4127
18419,GEN,
18420,GEN-EWS,2522
18421,GEN,
18422,GEN,
18423,OBC-NCL,4128
18424,OBC-NCL,4129
18425,OBC-NCL,4130
18426,GEN-EWS,2523
18427,GEN,
18428,OBC-NCL,4131
18429,GEN-EWS,2524
18430,OBC-NCL,4132
18431,OBC-NCL,4133
18432,OBC-NCL,4134
18433,GEN,
18434,GEN-EWS,2525
18435,GEN,
18436,GEN,
18437,SC,529
18438,GEN-EWS,2526
18439,GEN-EWS,2527
18440,GEN,
18441,OBC-NCL,4135
18442,GEN,
18443,GEN-EWS,2528
18444,GEN,
18445,OBC-NCL,4136
18446,GEN,
18447,GEN,
18448,GEN,
18449,OBC-NCL,4137
18450,SC,530
18451,OBC-NCL,4138
18452,OBC-NCL,4139
18453,GEN,
18454,GEN-EWS,2529
18455,GEN,
18455,OBC-NCL,4140
18457,GEN,
18458,OBC-NCL,4141
18459,OBC-NCL,4142
18460,GEN-EWS,2530
18461,GEN,
18462,GEN,
18463,GEN-EWS,2531
18464,OBC-NCL,4143
18465,OBC-NCL,4144
18466,OBC-NCL,4145
18467,GEN,
18468,GEN,
18469,GEN,
18470,GEN,
18471,GEN,
18472,OBC-NCL,4146
18473,OBC-NCL,4147
18474,GEN-EWS,2532
18475,OBC-NCL,4148
18476,GEN,
18477,GEN-EWS,2533
18478,GEN,
18479,GEN,
18479,ST,121
18481,GEN,
18482,OBC-NCL,4149
18483,GEN,
18484,GEN,
18485,OBC-NCL,4150
18486,GEN,
18487,OBC-NCL,4151
18488,GEN,
18489,GEN,
18490,OBC-NCL,4152
18491,GEN,
18492,GEN-EWS,2534
18493,GEN,
18494,OBC-NCL,4153
18495,GEN-EWS,2535
18496,OBC-NCL,4154
18497,OBC-NCL,4155
18498,GEN,
18499,OBC-NCL,4156
18500,OBC-NCL,4157
18501,GEN-EWS,2536
18502,OBC-NCL,4158
18503,GEN,
18504,OBC-NCL,4159
18505,GEN,
18506,OBC-NCL,4160
18507,GEN,
18508,OBC-NCL,4161
18509,OBC-NCL,4162
18510,OBC-NCL,4163
18511,GEN,
18512,OBC-NCL,4164
18513,OBC-NCL,4165
18514,SC,531
18515,GEN,
18516,OBC-NCL,4166
18517,OBC-NCL,4167
18518,GEN,
18519,GEN-EWS,2537
18520,GEN,
18521,ST,122
18522,SC,532
18523,OBC-NCL,4168
18524,OBC-NCL,4169
18525,GEN,
18526,GEN,
18527,GEN,
18528,OBC-NCL,4170
18529,OBC-NCL,4171
18530,GEN,
18531,GEN,
18532,GEN-EWS,2538
18533,GEN,
18534,GEN,
18535,OBC-NCL,4172
18536,GEN,
18537,OBC-NCL,4173
18538,OBC-NCL,4174
18539,OBC-NCL,4175
18540,GEN-EWS,2539
18541,GEN,
18542,GEN-EWS,2540
18543,GEN,
18544,OBC-NCL,4176
18545,OBC-NCL,4177
18546,OBC-NCL,4178
18547,GEN,
18548,GEN,
18549,GEN,
18550,GEN,
18551,OBC-NCL,4179
18552,GEN,
18553,GEN-EWS,2541
18554,OBC-NCL,4180
18555,GEN,
18556,GEN-EWS,2542
18557,OBC-NCL,4181
18558,SC,533
18559,GEN,
18560,GEN,
18561,OBC-NCL,4182
18562,OBC-NCL,4183
18563,OBC-NCL,4184
18564,GEN,
18565,GEN,
18566,GEN,
18567,GEN,
18568,GEN,
18569,GEN,
18570,GEN,
18571,OBC-NCL,4185
18572,SC,534
18573,OBC-NCL,4186
18574,OBC-NCL,4187
18575,OBC-NCL,4188
18576,GEN-EWS,2543
18577,GEN,
18578,GEN,
18579,GEN,
18580,GEN,
18581,SC,535
18582,OBC-NCL,4189
18583,OBC-NCL,4190
18584,GEN,
18585,GEN,
18586,OBC-NCL,4191
18587,GEN,
18588,OBC-NCL,4192
18589,GEN,
18590,ST,123
18591,GEN,
18592,GEN,
18593,GEN,
18594,GEN,
18595,OBC-NCL,4193
18596,GEN-EWS,2544
18597,SC,536
18598,GEN-EWS,2545
18599,SC,537
18600,OBC-NCL,4194
18601,OBC-NCL,4195
18602,GEN,
18603,GEN,
18604,GEN,
18605,GEN-EWS,2546
18606,OBC-NCL,4196
18607,GEN,
18608,ST,124
18609,SC,538
18610,GEN,
18611,GEN-EWS,2547
18612,GEN-EWS,2548
18613,GEN,
18614,GEN,
18615,GEN,
18616,OBC-NCL,4197
18617,GEN-EWS,2549
18618,GEN,
18619,GEN-EWS,2550
18620,OBC-NCL,4198
18621,GEN,
18622,GEN,
18623,GEN,
18624,OBC-NCL,4199
18625,GEN,
18626,GEN,
18627,GEN,
18628,OBC-NCL,4200
18629,OBC-NCL,4201
18630,GEN,
18631,GEN,
18632,OBC-NCL,4202
18633,GEN-EWS,2551
18634,GEN,
18635,GEN,
18636,GEN,
18637,GEN,
18638,GEN-EWS,2552
18639,OBC-NCL,4204
18640,OBC-NCL,4205
18641,OBC-NCL,4206
18642,GEN,
18643,GEN,
18644,OBC-NCL,4207
18645,OBC-NCL,4208
18646,GEN,
18647,GEN-EWS,2553
18648,GEN,
18649,GEN,
18650,OBC-NCL,4209
18651,GEN,
18652,GEN,
18653,GEN,
18654,GEN,
18655,GEN,
18656,GEN,
18657,GEN,
18658,OBC-NCL,4210
18659,GEN,
18660,GEN-EWS,2554
18661,GEN,
18662,GEN,
18663,GEN,
18664,OBC-NCL,4211
18665,SC,539
18666,GEN,
18667,GEN-EWS,2555
18668,GEN,
18669,OBC-NCL,4212
18670,OBC-NCL,4213
18671,OBC-NCL,4214
18672,GEN-EWS,2556
18673,GEN,
18674,GEN,
18675,GEN,
18676,OBC-NCL,4215
18677,SC,540
18678,GEN,
18679,GEN,
18680,GEN,
18681,GEN-EWS,2557
18682,GEN,
18683,GEN,
18684,GEN-EWS,2558
18685,GEN-EWS,2559
18686,OBC-NCL,4216
18687,GEN,
18688,GEN-EWS,2560
18689,OBC-NCL,4217
18690,GEN-EWS,2561
18691,GEN,
18692,OBC-NCL,4218
18693,OBC-NCL,4219
18694,GEN,
18695,OBC-NCL,4220
18696,GEN,
18697,OBC-NCL,4221
18698,OBC-NCL,4222
18699,GEN,
18700,OBC-NCL,4223
18701,GEN,
18702,OBC-NCL,4224
18703,GEN,
18704,GEN,
18705,GEN,
18706,GEN,
18707,GEN,
18708,GEN,
18709,GEN,
18710,OBC-NCL,4225
18711,SC,541
18712,GEN,
18713,SC,542
18714,GEN,
18715,OBC-NCL,4226
18716,GEN,
18717,OBC-NCL,4227
18718,GEN,
18718,OBC-NCL,4228
18720,GEN,
18721,GEN,
18722,GEN-EWS,2562
18723,OBC-NCL,4229
18724,GEN,
18725,OBC-NCL,4230
18726,GEN,
18727,GEN,
18728,GEN-EWS,2563
18729,GEN,
18730,GEN,
18731,OBC-NCL,4231
18732,GEN,
18733,OBC-NCL,4232
18734,GEN-EWS,2564
18735,GEN,
18736,GEN,
18737,GEN,
18738,GEN-EWS,2565
18739,SC,543
18740,GEN-EWS,2566
18741,OBC-NCL,4233
18742,GEN,
18743,GEN,
18744,GEN,
18745,GEN,
18746,GEN-EWS,2567
18747,OBC-NCL,4234
18747,OBC-NCL,4234
18749,GEN,
18750,GEN-EWS,2568
18751,GEN,
18752,OBC-NCL,4236
18753,GEN-EWS,2569
18754,GEN,
18755,OBC-NCL,4237
18756,OBC-NCL,4238
18757,GEN,
18758,GEN,
18759,GEN,
18760,GEN-EWS,2570
18761,OBC-NCL,4239
18762,GEN,
18763,GEN,
18764,GEN,
18765,GEN-EWS,2571
18766,GEN,
18767,GEN,
18768,GEN,
18769,OBC-NCL,4240
18770,GEN,
18771,OBC-NCL,4241
18772,GEN,
18773,GEN,
18774,OBC-NCL,4242
18775,GEN-EWS,2573
18776,GEN,
18777,GEN,
18778,GEN,
18779,GEN-EWS,2574
18780,OBC-NCL,4243
18781,GEN,
18782,GEN-EWS,2575
18783,GEN-EWS,2576
18784,GEN-EWS,2577
18785,OBC-NCL,4244
18786,OBC-NCL,4245
18787,OBC-NCL,4246
18788,GEN,
18789,GEN,
18790,GEN,
18791,OBC-NCL,4247
18792,OBC-NCL,4248
18793,OBC-NCL,4249
18794,GEN,
18795,OBC-NCL,4250
18796,GEN,
18797,OBC-NCL,4251
18798,GEN-EWS,2578
18799,GEN,
18800,OBC-NCL,4252
18801,GEN-EWS,2579
18802,OBC-NCL,4253
18803,GEN,
18804,GEN,
18805,OBC-NCL,4254
18806,GEN,
18807,OBC-NCL,4255
18808,GEN,
18809,GEN-EWS,2580
18810,GEN,
18811,GEN,
18812,OBC-NCL,4256
18813,OBC-NCL,4257
18814,GEN,
18815,GEN,
18816,OBC-NCL,4258
18817,GEN,
18818,GEN,
18819,OBC-NCL,4259
18820,OBC-NCL,4260
18821,GEN,
18822,GEN,
18823,OBC-NCL,4261
18824,SC,544
18825,OBC-NCL,4262
18826,OBC-NCL,4263
18827,SC,545
18828,GEN-EWS,2581
18829,OBC-NCL,4264
18830,GEN,
18831,GEN,
18832,GEN,
18833,GEN-EWS,2582
18834,GEN-EWS,2583
18835,GEN-EWS,2584
18836,GEN,
18837,GEN,
18838,SC,546
18839,OBC-NCL,4265
18840,GEN,
18841,GEN,
18842,GEN,
18843,GEN,
18844,GEN,
18845,GEN,
18846,GEN,
18847,OBC-NCL,4266
18848,OBC-NCL,4267
18849,GEN-EWS,2586
18850,GEN,
18851,GEN-EWS,2587
18852,OBC-NCL,4268
18853,OBC-NCL,4269
18854,GEN,
18855,OBC-NCL,4270
18856,GEN,
18857,OBC-NCL,4271
18858,GEN,
18859,OBC-NCL,4272
18860,OBC-NCL,4273
18861,GEN,
18862,GEN-EWS,2588
18863,GEN,
18864,GEN,
18865,OBC-NCL,4274
18866,GEN,
18867,GEN-EWS,2589
18868,GEN,
18869,GEN,
18870,OBC-NCL,4275
18871,GEN,
18871,GEN,
18873,GEN,
18874,GEN,
18875,GEN-EWS,2590
18876,GEN,
18877,GEN,
18878,GEN,
18879,GEN,
18880,GEN,
18881,GEN-EWS,2591
18882,SC,547
18883,GEN-EWS,2592
18884,GEN,
18885,OBC-NCL,4276
18886,GEN,
18887,OBC-NCL,4277
18888,OBC-NCL,4278
18889,GEN-EWS,2593
18890,GEN-EWS,2594
18891,OBC-NCL,4279
18892,GEN,
18893,GEN-EWS,2595
18894,GEN,
18895,GEN,
18896,GEN-EWS,2596
18897,GEN,
18898,OBC-NCL,4280
18899,GEN,
18900,GEN,
18901,GEN,
18902,SC,548
18903,GEN,
18904,GEN,
18905,GEN,
18906,OBC-NCL,4281
18907,OBC-NCL,4282
18908,OBC-NCL,4283
18909,GEN,
18910,GEN-EWS,2597
18911,GEN-EWS,2598
18912,GEN,
18913,OBC-NCL,4284
18914,GEN,
18915,OBC-NCL,4285
18916,GEN,
18917,OBC-NCL,4286
18918,GEN,
18919,GEN,
18920,GEN,
18921,GEN,
18922,GEN,
18923,GEN,
18924,GEN,
18925,GEN-EWS,2599
18926,OBC-NCL,4287
18927,GEN,
18928,OBC-NCL,4288
18929,GEN,
18930,OBC-NCL,4289
18931,SC,549
18932,GEN-EWS,2600
18933,GEN,
18934,GEN,
18935,GEN,
18936,GEN,
18937,OBC-NCL,4290
18938,GEN,
18939,OBC-NCL,4291
18940,GEN-EWS,2601
18941,OBC-NCL,4292
18942,OBC-NCL,4293
18943,OBC-NCL,4294
18944,OBC-NCL,4295
18945,GEN-EWS,2602
18946,OBC-NCL,4296
18947,GEN,
18948,OBC-NCL,4297
18949,GEN,
18950,GEN,
18951,SC,550
18952,GEN,
18953,GEN-EWS,2603
18954,GEN,
18955,GEN,
18956,GEN,
18957,GEN,
18958,GEN-EWS,2604
18959,OBC-NCL,4298
18960,GEN-EWS,2605
18961,GEN,
18962,GEN,
18963,GEN,
18964,OBC-NCL,4299
18965,GEN,
18966,SC,551
18967,GEN,
18968,GEN,
18968,OBC-NCL,4300
18970,GEN-EWS,2606
18971,GEN,
18972,GEN-EWS,2607
18973,GEN,
18974,GEN-EWS,2608
18975,OBC-NCL,4301
18976,GEN-EWS,2609
18977,GEN,
18978,GEN,
18979,OBC-NCL,4302
18980,GEN-EWS,2610
18981,GEN,
18982,GEN,
18983,GEN,
18984,OBC-NCL,4303
18985,SC,552
18986,GEN,
18987,GEN,
18988,GEN,
18989,GEN,
18990,GEN,
18991,GEN,
18992,GEN,
18993,GEN,
18994,OBC-NCL,4304
18995,OBC-NCL,4305
18996,OBC-NCL,4306
18997,GEN,
18998,GEN,
18999,GEN,
19000,GEN,
19001,GEN,
19002,GEN,
19003,GEN,
19004,GEN,
19005,GEN,
19006,OBC-NCL,4307
19007,GEN-EWS,2612
19008,OBC-NCL,4308
19009,GEN,
19010,GEN,
19011,GEN-EWS,2613
19012,GEN,
19013,GEN,
19014,GEN,
19015,GEN,
19016,GEN,
19017,GEN,
19018,GEN,
19019,GEN,
19020,GEN-EWS,2614
19021,OBC-NCL,4309
19022,GEN-EWS,2615
19023,GEN,
19024,GEN,
19025,GEN,
19026,GEN,
19027,GEN,
19028,GEN,
19029,GEN,
19030,OBC-NCL,4310
19031,OBC-NCL,4311
19032,OBC-NCL,4312
19033,GEN,
19034,GEN,
19035,GEN,
19036,GEN,
19037,GEN-EWS,2616
19038,OBC-NCL,4313
19039,GEN,
19040,OBC-NCL,4314
19041,GEN-EWS,2617
19042,GEN,
19043,OBC-NCL,4315
19044,GEN,
19045,OBC-NCL,4316
19046,GEN,
19047,GEN,
19048,OBC-NCL,4317
19049,GEN,
19050,GEN,
19051,GEN,
19052,GEN,
19053,GEN-EWS,2618
19054,GEN,
19055,GEN,
19056,GEN-EWS,2619
19057,GEN-EWS,2620
19058,GEN,
19059,GEN,
19060,GEN,
19061,SC,553
19062,GEN,
19063,GEN,
19064,GEN,
19065,OBC-NCL,4318
19066,GEN,
19067,GEN-EWS,2621
19068,GEN,
19069,GEN,
19070,OBC-NCL,4319
19071,GEN,
19072,GEN,
19073,SC,554
19074,OBC-NCL,4320
19075,OBC-NCL,4321
19076,GEN,
19077,GEN,
19078,GEN,
19079,OBC-NCL,4322
19080,GEN,
19081,OBC-NCL,4323
19082,GEN-EWS,2622
19083,GEN,
19084,GEN-EWS,2623
19085,GEN,
19086,OBC-NCL,4324
19087,GEN,
19088,OBC-NCL,4325
19089,GEN,
19090,GEN,
19091,GEN,
19092,GEN,
19093,GEN,
19094,OBC-NCL,4326
19095,GEN-EWS,2624
19096,OBC-NCL,4327
19097,GEN,
19098,GEN,
19099,GEN,
19100,GEN,
19101,OBC-NCL,4328
19102,GEN-EWS,2625
19103,OBC-NCL,4329
19104,GEN,
19105,GEN,
19106,OBC-NCL,4330
19107,GEN,
19108,GEN,
19109,OBC-NCL,4331
19110,GEN,
19111,GEN,
19112,GEN-EWS,2626
19113,GEN,
19114,GEN,
19115,GEN,
19116,OBC-NCL,4332
19117,OBC-NCL,4333
19118,GEN,
19119,ST,125
19120,OBC-NCL,4334
19121,OBC-NCL,4335
19122,GEN,
19123,GEN-EWS,2627
19124,GEN,
19125,OBC-NCL,4336
19126,OBC-NCL,4337
19127,OBC-NCL,4338
19128,GEN,
19129,GEN-EWS,2628
19130,GEN,
19131,OBC-NCL,4339
19132,GEN,
19133,OBC-NCL,4340
19134,OBC-NCL,4341
19135,GEN,
19136,GEN-EWS,2629
19137,GEN,
19138,GEN,
19138,OBC-NCL,4342
19140,GEN,
19141,GEN,
19142,GEN,
19143,OBC-NCL,4343
19144,OBC-NCL,4344
19145,OBC-NCL,4345
19146,GEN,
19147,GEN,
19148,GEN,
19149,GEN,
19150,GEN,
19151,OBC-NCL,4346
19152,GEN,
19153,OBC-NCL,4347
19154,GEN-EWS,2630
19155,OBC-NCL,4348
19156,GEN,
19157,OBC-NCL,4349
19158,GEN,
19159,GEN-EWS,2631
19160,GEN,
19161,GEN,
19162,GEN,
19163,OBC-NCL,4350
19164,OBC-NCL,4351
19165,GEN,
19166,GEN,
19167,GEN,
19168,GEN-EWS,2632
19169,OBC-NCL,4352
19170,GEN,
19171,GEN,
19172,GEN,
19173,GEN-EWS,2633
19174,GEN-EWS,2634
19175,GEN-EWS,2635
19176,GEN-EWS,2636
19177,OBC-NCL,4353
19178,GEN,
19179,SC,555
19180,GEN,
19181,GEN,
19182,GEN-EWS,2637
19183,GEN,
19184,GEN,
19185,GEN-EWS,2638
19186,GEN,
19187,GEN,
19188,GEN,
19189,GEN,
19190,GEN,
19191,OBC-NCL,4354
19192,OBC-NCL,4355
19193,OBC-NCL,4356
19194,GEN-EWS,2639
19195,GEN,
19196,GEN,
19197,GEN,
19198,ST,126
19199,GEN-EWS,2640
19200,OBC-NCL,4357
19201,SC,556
19202,GEN,
19203,GEN,
19204,GEN-EWS,2641
19205,GEN,
19206,GEN,
19207,GEN,
19208,ST,127
19209,GEN,
19210,GEN,
19211,GEN,
19212,GEN,
19213,GEN-EWS,2642
19214,GEN-EWS,2643
19215,OBC-NCL,4358
19216,GEN,
19217,OBC-NCL,4359
19218,GEN-EWS,2644
19219,GEN,
19220,OBC-NCL,4360
19221,GEN-EWS,2645
19222,GEN-EWS,2646
19223,GEN,
19223,GEN,
19225,GEN,
19226,GEN,
19227,GEN,
19228,GEN,
19229,OBC-NCL,4361
19230,SC,557
19231,GEN-EWS,2647
19232,OBC-NCL,4362
19233,OBC-NCL,4363
19234,GEN,
19235,OBC-NCL,4364
19236,GEN,
19237,SC,558
19238,GEN,
19239,OBC-NCL,4366
19240,GEN,
19241,OBC-NCL,4367
19242,OBC-NCL,4368
19243,GEN,
19244,OBC-NCL,4369
19245,OBC-NCL,4370
19246,GEN-EWS,2648
19247,GEN,
19248,GEN,
19249,GEN,
19250,GEN,
19251,OBC-NCL,4371
19252,OBC-NCL,4372
19253,GEN,
19254,GEN,
19255,GEN,
19256,GEN,
19257,GEN,
19258,GEN,
19259,GEN,
19260,OBC-NCL,4373
19261,GEN,
19262,OBC-NCL,4374
19263,OBC-NCL,4375
19264,GEN-EWS,2649
19265,GEN,
19266,GEN,
19267,OBC-NCL,4376
19268,GEN,
19269,OBC-NCL,4377
19270,ST,128
19271,GEN,
19272,GEN-EWS,2650
19273,GEN,
19274,GEN,
19275,GEN-EWS,2651
19276,OBC-NCL,4378
19277,OBC-NCL,4379
19278,OBC-NCL,4380
19279,OBC-NCL,4381
19280,GEN-EWS,2652
19281,OBC-NCL,4382
19282,GEN,
19283,OBC-NCL,4383
19284,GEN,
19285,GEN-EWS,2653
19286,GEN,
19287,GEN,
19288,GEN,
19289,GEN,
19290,GEN,
19291,GEN-EWS,2654
19292,OBC-NCL,4384
19293,GEN,
19294,GEN,
19295,GEN,
19296,OBC-NCL,4385
19296,OBC-NCL,4385
19298,SC,559
19299,SC,560
19300,OBC-NCL,4387
19301,GEN-EWS,2655
19302,GEN,
19303,OBC-NCL,4388
19304,GEN,
19305,OBC-NCL,4389
19306,SC,561
19307,OBC-NCL,4390
19308,OBC-NCL,4391
19309,GEN-EWS,2656
19310,GEN-EWS,2657
19311,GEN,
19312,ST,129
19313,GEN-EWS,2658
19314,GEN,
19315,GEN-EWS,2659
19316,GEN,
19317,GEN,
19318,GEN-EWS,2660
19319,GEN,
19320,GEN,
19321,OBC-NCL,4392
19322,GEN,
19323,OBC-NCL,4393
19324,OBC-NCL,4394
19325,GEN,
19326,OBC-NCL,4395
19327,OBC-NCL,4396
19328,GEN-EWS,2661
19329,GEN,
19330,OBC-NCL,4397
19331,OBC-NCL,4398
19332,OBC-NCL,4399
19333,OBC-NCL,4400
19334,OBC-NCL,4401
19335,GEN-EWS,2662
19336,OBC-NCL,4402
19337,SC,562
19338,OBC-NCL,4403
19339,GEN,
19340,GEN,
19341,GEN,
19342,GEN,
19343,OBC-NCL,4404
19344,OBC-NCL,4405
19345,OBC-NCL,4406
19346,GEN,
19347,GEN-EWS,2663
19348,GEN,
19349,OBC-NCL,4407
19350,ST,130
19351,GEN,
19352,GEN,
19353,GEN,
19354,GEN,
19355,GEN,
19356,GEN,
19357,GEN-EWS,2664
19358,GEN-EWS,2665
19359,GEN-EWS,2666
19360,GEN,
19361,GEN,
19362,GEN,
19363,GEN,
19364,GEN,
19365,GEN,
19366,ST,131
19367,GEN,
19368,SC,563
19369,OBC-NCL,4408
19370,GEN,
19371,GEN,
19372,GEN,
19373,OBC-NCL,4409
19374,GEN,
19375,GEN-EWS,2667
19376,OBC-NCL,4410
19377,OBC-NCL,4411
19378,OBC-NCL,4412
19379,OBC-NCL,4413
19380,GEN,
19381,GEN-EWS,2668
19382,GEN,
19383,GEN-EWS,2669
19384,SC,564
19385,OBC-NCL,4414
19386,OBC-NCL,4415
19387,GEN,
19388,GEN,
19389,OBC-NCL,4416
19390,OBC-NCL,4417
19391,GEN,
19392,SC,565
19393,OBC-NCL,4418
19394,GEN,
19395,GEN,
19396,ST,132
19397,GEN,
19398,OBC-NCL,4419
19399,GEN,
19400,GEN-EWS,2670
19401,GEN,
19402,GEN-EWS,2671
19403,OBC-NCL,4420
19404,GEN,
19405,GEN,
19406,GEN,
19407,OBC-NCL,4421
19408,GEN-EWS,2672
19409,SC,566
19410,GEN,
19411,OBC-NCL,4422
19412,GEN,
19413,GEN,
19414,GEN,
19415,GEN,
19416,GEN,
19417,GEN-EWS,2673
19418,GEN,
19419,GEN,
19420,OBC-NCL,4423
19421,GEN,
19422,OBC-NCL,4424
19423,GEN,
19424,GEN,
19425,GEN,
19426,GEN-EWS,2674
19427,GEN,
19428,GEN,
19429,GEN,
19430,GEN,
19431,GEN,
19432,GEN-EWS,2675
19433,OBC-NCL,4425
19434,GEN-EWS,2676
19435,GEN,
19436,GEN,
19437,GEN,
19438,GEN,
19439,OBC-NCL,4426
19440,GEN,
19441,OBC-NCL,4427
19442,GEN,
19443,GEN,
19444,SC,567
19445,GEN-EWS,2677
19446,GEN,
19447,OBC-NCL,4428
19448,GEN,
19449,OBC-NCL,4429
19450,OBC-NCL,4430
19451,GEN,
19452,OBC-NCL,4431
19453,GEN,
19454,OBC-NCL,4432
19455,OBC-NCL,4433
19456,GEN,
19457,GEN,
19458,OBC-NCL,4434
19459,OBC-NCL,4435
19460,GEN-EWS,2679
19461,OBC-NCL,4436
19462,GEN,
19463,GEN,
19464,GEN,
19465,OBC-NCL,4437
19466,GEN-EWS,2680
19467,GEN,
19468,GEN,
19469,GEN-EWS,2681
19470,GEN,
19471,GEN,
19472,GEN-EWS,2682
19473,GEN,
19474,GEN,
19475,OBC-NCL,4438
19476,GEN-EWS,2683
19477,OBC-NCL,4439
19478,OBC-NCL,4440
19479,GEN,
19480,GEN,
19481,OBC-NCL,4441
19482,OBC-NCL,4442
19483,GEN,
19484,ST,133
19485,GEN,
19486,GEN,
19487,GEN,
19488,GEN,
19489,OBC-NCL,4443
19490,OBC-NCL,4444
19491,GEN-EWS,2684
19492,GEN,
19493,GEN,
19494,OBC-NCL,4445
19495,GEN,
19496,OBC-NCL,4446
19497,GEN,
19498,GEN-EWS,2685
19499,GEN-EWS,2686
19500,GEN-EWS,2687
19501,GEN-EWS,2688
19502,GEN,
19503,GEN,
19504,GEN-EWS,2689
19505,OBC-NCL,4447
19506,GEN,
19507,OBC-NCL,4448
19508,GEN,
19509,OBC-NCL,4449
19510,GEN,
19511,OBC-NCL,4450
19512,GEN,
19513,GEN,
19514,GEN,
19515,GEN,
19516,GEN-EWS,2690
19517,OBC-NCL,4451
19518,OBC-NCL,4452
19519,GEN-EWS,2691
19520,GEN,
19521,GEN,
19522,GEN,
19523,GEN,
19524,GEN,
19525,GEN-EWS,2693
19526,GEN-EWS,2694
19527,OBC-NCL,4453
19528,GEN-EWS,2695
19529,GEN-EWS,2696
19530,GEN,
19531,SC,568
19532,GEN,
19533,GEN,
19534,GEN,
19535,GEN-EWS,2697
19536,GEN,
19537,OBC-NCL,4454
19538,GEN,
19539,OBC-NCL,4455
19540,GEN,
19541,GEN-EWS,2698
19542,GEN,
19543,GEN,
19544,OBC-NCL,4456
19545,OBC-NCL,4457
19546,GEN,
19547,GEN,
19548,OBC-NCL,4458
19549,GEN-EWS,2699
19550,OBC-NCL,4459
19551,OBC-NCL,4460
19552,OBC-NCL,4461
19553,GEN,
19554,GEN,
19555,GEN-EWS,2700
19556,GEN,
19557,OBC-NCL,4462
19558,GEN,
19559,OBC-NCL,4463
19560,OBC-NCL,4464
19561,GEN,
19562,GEN,
19563,OBC-NCL,4465
19564,GEN-EWS,2701
19565,OBC-NCL,4466
19566,GEN-EWS,2702
19567,GEN-EWS,2703
19568,SC,569
19569,OBC-NCL,4467
19570,GEN-EWS,2704
19571,GEN,
19572,GEN,
19573,GEN,
19574,GEN,
19575,OBC-NCL,4468
19576,GEN,
19577,OBC-NCL,4469
19578,GEN,
19579,GEN,
19580,GEN,
19581,GEN,
19582,OBC-NCL,4470
19583,GEN,
19584,GEN-EWS,2705
19585,OBC-NCL,4471
19586,GEN,
19587,GEN,
19588,OBC-NCL,4472
19589,ST,134
19590,GEN,
19591,GEN,
19592,GEN,
19593,GEN,
19594,SC,570
19595,GEN,
19596,GEN-EWS,2706
19597,GEN,
19598,GEN,
19599,GEN,
19600,GEN,
19601,OBC-NCL,4473
19602,GEN,
19603,GEN-EWS,2707
19604,OBC-NCL,4474
19605,OBC-NCL,4475
19606,OBC-NCL,4476
19607,GEN,
19607,GEN,
19609,OBC-NCL,4477
19610,SC,571
19611,GEN-EWS,2708
19612,GEN,
19613,GEN-EWS,2709
19614,GEN,
19615,GEN,
19616,GEN,
19617,GEN,
19618,OBC-NCL,4478
19619,GEN,
19620,GEN,
19621,GEN-EWS,2710
19622,GEN,
19623,GEN-EWS,2711
19624,GEN-EWS,2712
19625,OBC-NCL,4479
19626,GEN,
19627,GEN,
19628,OBC-NCL,4480
19629,GEN,
19630,GEN,
19631,SC,572
19632,GEN-EWS,2713
19633,GEN,
19634,GEN,
19635,OBC-NCL,4481
19636,GEN,
19637,SC,573
19638,GEN,
19639,GEN,
19640,GEN-EWS,2714
19641,GEN,
19642,GEN,
19643,GEN,
19644,GEN-EWS,2715
19645,GEN,
19646,GEN,
19647,OBC-NCL,4482
19648,OBC-NCL,4483
19649,GEN-EWS,2716
19650,GEN,
19651,GEN-EWS,2717
19652,GEN,
19653,GEN,
19654,OBC-NCL,4484
19655,OBC-NCL,4485
19656,GEN,
19657,GEN,
19658,GEN,
19659,GEN,
19660,GEN-EWS,2718
19661,OBC-NCL,4486
19662,GEN,
19663,OBC-NCL,4487
19664,OBC-NCL,4488
19665,GEN,
19665,GEN,
19667,GEN-EWS,2719
19668,OBC-NCL,4489
19669,SC,574
19670,GEN,
19671,GEN,
19672,GEN-EWS,2720
19673,GEN-EWS,2721
19674,SC,575
19675,GEN,
19676,OBC-NCL,4490
19677,SC,576
19678,GEN,
19679,OBC-NCL,4491
19680,GEN-EWS,2722
19681,GEN-EWS,2723
19682,GEN,
19683,SC,577
19684,OBC-NCL,4492
19685,OBC-NCL,4493
19686,OBC-NCL,4494
19687,GEN,
19688,OBC-NCL,4495
19689,GEN,
19690,GEN,
19691,GEN,
19692,GEN-EWS,2724
19693,GEN-EWS,2725
19694,GEN,
19695,GEN,
19696,GEN-EWS,2726
19697,GEN,
19698,GEN,
19699,GEN,
19700,GEN,
19701,OBC-NCL,4497
19702,OBC-NCL,4498
19703,GEN,
19704,GEN,
19705,GEN,
19706,OBC-NCL,4499
19707,OBC-NCL,4500
19708,OBC-NCL,4501
19709,GEN-EWS,2727
19710,GEN,
19711,OBC-NCL,4502
19712,GEN-EWS,2728
19713,GEN-EWS,2729
19714,GEN,
19715,OBC-NCL,4503
19716,GEN,
19717,GEN,
19718,ST,135
19719,OBC-NCL,4504
19720,GEN,
19721,SC,579
19722,GEN,
19723,GEN,
19724,GEN,
19725,GEN,
19726,GEN-EWS,2730
19727,OBC-NCL,4505
19728,OBC-NCL,4506
19729,GEN-EWS,2731
19730,OBC-NCL,4507
19731,GEN,
19732,GEN,
19733,OBC-NCL,4508
19734,GEN-EWS,2732
19735,OBC-NCL,4509
19736,OBC-NCL,4510
19737,GEN-EWS,2733
19738,SC,580
19739,GEN,
19740,SC,581
19741,GEN,
19742,OBC-NCL,4511
19743,GEN-EWS,2734
19744,GEN-EWS,2735
19745,GEN,
19746,SC,582
19747,GEN,
19747,OBC-NCL,4512
19749,GEN,
19750,OBC-NCL,4513
19751,OBC-NCL,4514
19752,GEN,
19753,SC,583
19754,GEN-EWS,2736
19755,GEN,
19756,GEN,
19757,OBC-NCL,4516
19758,GEN,
19759,OBC-NCL,4517
19760,GEN-EWS,2737
19761,GEN,
19762,OBC-NCL,4518
19763,OBC-NCL,4519
19764,SC,584
19765,GEN,
19766,GEN,
19767,GEN,
19768,OBC-NCL,4520
19769,OBC-NCL,4521
19770,GEN,
19771,GEN,
19772,GEN,
19773,GEN-EWS,2738
19774,OBC-NCL,4522
19775,GEN,
19776,GEN,
19777,GEN,
19778,GEN,
19779,OBC-NCL,4523
19780,OBC-NCL,4524
19781,GEN,
19782,GEN,
19783,OBC-NCL,4525
19784,SC,585
19785,ST,136
19786,GEN,
19787,OBC-NCL,4526
19788,GEN,
19789,SC,586
19790,GEN,
19791,OBC-NCL,4527
19792,GEN,
19793,GEN-EWS,2739
19794,OBC-NCL,4528
19795,OBC-NCL,4529
19796,OBC-NCL,4530
19797,GEN,
19798,OBC-NCL,4531
19799,GEN-EWS,2740
19800,OBC-NCL,4532
19801,SC,587
19802,OBC-NCL,4533
19803,OBC-NCL,4534
19804,GEN,
19805,OBC-NCL,4535
19806,OBC-NCL,4536
19807,GEN-EWS,2741
19808,GEN,
19809,OBC-NCL,4537
19810,GEN-EWS,2742
19811,GEN,
19812,ST,137
19813,GEN,
19814,GEN,
19815,OBC-NCL,4538
19816,GEN,
19817,GEN-EWS,2743
19818,GEN,
19819,GEN,
19820,OBC-NCL,4539
19821,GEN,
19822,GEN,
19823,GEN,
19824,GEN,
19825,GEN,
19826,GEN,
19827,GEN-EWS,2744
19828,GEN,
19829,GEN,
19830,GEN-EWS,2745
19831,GEN-EWS,2746
19832,GEN,
19833,SC,588
19834,OBC-NCL,4540
19835,OBC-NCL,4541
19836,GEN,
19837,OBC-NCL,4542
19838,GEN,
19839,OBC-NCL,4543
19840,GEN,
19841,GEN,
19842,GEN,
19843,GEN,
19844,OBC-NCL,4544
19845,SC,589
19846,OBC-NCL,4545
19847,OBC-NCL,4546
19848,GEN,
19849,GEN,
19850,OBC-NCL,4547
19851,OBC-NCL,4548
19852,GEN-EWS,2747
19853,GEN,
19854,GEN-EWS,2748
19855,GEN,
19856,GEN,
19857,GEN,
19858,GEN,
19859,OBC-NCL,4549
19860,GEN,
19861,GEN,
19862,GEN,
19863,GEN,
19864,OBC-NCL,4550
19865,GEN,
19866,GEN,
19867,GEN,
19868,GEN,
19869,GEN,
19870,OBC-NCL,4551
19871,GEN,
19872,GEN,
19873,OBC-NCL,4552
19874,GEN,
19875,OBC-NCL,4553
19876,OBC-NCL,4554
19877,OBC-NCL,4555
19878,GEN-EWS,2749
19879,GEN,
19880,GEN-EWS,2750
19881,OBC-NCL,4556
19882,SC,590
19883,GEN,
19884,OBC-NCL,4557
19885,OBC-NCL,4558
19886,GEN,
19887,GEN,
19888,GEN,
19889,GEN,
19890,GEN-EWS,2751
19891,GEN,
19892,GEN,
19893,SC,591
19894,GEN-EWS,2752
19895,GEN,
19896,GEN,
19897,GEN,
19898,GEN,
19899,GEN,
19900,GEN-EWS,2753
19901,GEN,
19902,GEN,
19903,GEN-EWS,2754
19904,OBC-NCL,4559
19905,GEN,
19906,GEN,
19907,OBC-NCL,4560
19908,GEN,
19909,GEN,
19910,GEN,
19911,GEN,
19912,GEN,
19913,OBC-NCL,4561
19914,OBC-NCL,4562
19915,GEN,
19916,GEN,
19917,GEN,
19918,GEN,
19919,GEN,
19920,OBC-NCL,4563
19921,GEN,
19922,GEN-EWS,2755
19923,GEN-EWS,2756
19924,GEN,
19925,SC,592
19926,GEN,
19927,GEN,
19928,GEN,
19929,GEN-EWS,2757
19930,GEN,
19931,GEN,
19932,GEN-EWS,2758
19933,GEN,
19934,GEN-EWS,2759
19935,GEN,
19936,GEN,
19937,GEN,
19938,GEN,
19939,GEN-EWS,2760
19940,GEN,
19941,OBC-NCL,4564
19942,GEN,
19943,GEN-EWS,2761
19944,OBC-NCL,4565
19945,GEN,
19945,SC,593
19947,GEN,
19948,OBC-NCL,4566
19949,OBC-NCL,4567
19950,GEN-EWS,2762
19951,OBC-NCL,4568
19952,OBC-NCL,4569
19953,GEN,
19954,GEN,
19955,GEN,
19956,OBC-NCL,4570
19957,OBC-NCL,4571
19958,GEN,
19959,OBC-NCL,4572
19960,GEN,
19961,ST,138
19962,GEN,
19963,GEN,
19964,GEN-EWS,2763
19965,OBC-NCL,4573
19966,GEN-EWS,2764
19967,GEN,
19968,GEN-EWS,2765
19969,GEN,
19970,GEN,
19971,OBC-NCL,4574
19972,OBC-NCL,4575
19973,GEN,
19974,OBC-NCL,4576
19975,GEN,
19976,GEN-EWS,2766
19977,OBC-NCL,4577
19978,GEN,
19979,OBC-NCL,4578
19980,GEN,
19981,OBC-NCL,4579
19982,SC,594
19983,OBC-NCL,4580
19984,GEN,
19985,GEN-EWS,2767
19986,GEN,
19987,OBC-NCL,4581
19988,OBC-NCL,4582
19989,OBC-NCL,4583
19990,GEN,
19991,OBC-NCL,4584
19992,GEN,
19993,GEN,
19994,GEN,
19995,GEN,
19996,GEN-EWS,2768
19997,GEN,
19998,GEN,
19999,OBC-NCL,4585
20000,GEN,
20001,GEN,
20002,GEN-EWS,2769
20003,GEN,
20004,OBC-NCL,4586
20005,GEN,
20006,GEN,
20007,GEN,
20008,GEN,
20009,OBC-NCL,4587
20010,GEN,
20011,OBC-NCL,4588
20012,OBC-NCL,4589
20013,GEN,
20014,GEN-EWS,2770
20015,GEN-EWS,2771
20016,OBC-NCL,4590
20017,GEN-EWS,2772
20018,GEN,
20019,OBC-NCL,4591
20020,OBC-NCL,4592
20021,GEN-EWS,2773
20022,GEN,
20023,GEN,
20024,GEN-EWS,2774
20025,OBC-NCL,4593
20026,GEN-EWS,2775
20027,GEN,
20028,OBC-NCL,4594
20029,GEN,
20030,OBC-NCL,4595
20031,GEN,
20032,GEN,
20033,GEN,
20034,OBC-NCL,4596
20035,GEN-EWS,2776
20036,OBC-NCL,4597
20037,OBC-NCL,4598
20038,OBC-NCL,4599
20039,GEN-EWS,2777
20040,GEN,
20041,OBC-NCL,4600
20042,GEN,
20043,GEN-EWS,2778
20044,GEN,
20045,OBC-NCL,4601
20046,SC,595
20047,GEN-EWS,2779
20048,OBC-NCL,4602
20049,GEN-EWS,2780
20050,GEN,
20051,GEN-EWS,2781
20052,GEN,
20053,OBC-NCL,4603
20054,GEN,
20055,GEN,
20056,OBC-NCL,4604
20057,GEN,
20058,GEN,
20059,OBC-NCL,4605
20060,GEN,
20061,OBC-NCL,4606
20062,GEN,
20063,GEN,
20064,GEN,
20065,GEN-EWS,2782
20066,OBC-NCL,4607
20067,OBC-NCL,4608
20068,OBC-NCL,4609
20069,GEN,
20070,OBC-NCL,4610
20071,GEN,
20072,OBC-NCL,4611
20073,GEN-EWS,2783
20074,GEN,
20075,GEN,
20076,OBC-NCL,4612
20077,GEN,
20078,OBC-NCL,4613
20079,OBC-NCL,4614
20080,GEN,
20081,GEN,
20082,OBC-NCL,4615
20083,GEN-EWS,2784
20084,GEN,
20085,OBC-NCL,4616
20086,GEN-EWS,2785
20087,GEN-EWS,2786
20088,OBC-NCL,4617
20089,OBC-NCL,4618
20090,OBC-NCL,4619
20091,GEN-EWS,2787
20092,OBC-NCL,4620
20093,GEN,
20094,OBC-NCL,4621
20095,GEN,
20096,GEN,
20097,GEN,
20098,OBC-NCL,4622
20099,OBC-NCL,4623
20100,GEN,
20101,OBC-NCL,4624
20102,GEN,
20103,OBC-NCL,4625
20104,OBC-NCL,4626
20105,GEN,
20106,GEN,
20107,OBC-NCL,4627
20108,OBC-NCL,4628
20109,GEN,
20110,GEN-EWS,2788
20111,GEN,
20112,GEN-EWS,2789
20113,SC,596
20114,GEN,
20115,GEN,
20116,GEN-EWS,2790
20117,OBC-NCL,4629
20118,GEN-EWS,2791
20119,OBC-NCL,4630
20120,GEN,
20121,SC,597
20122,GEN,
20123,OBC-NCL,4631
20124,GEN-EWS,2792
20125,OBC-NCL,4632
20126,GEN,
20127,GEN,
20128,GEN,
20129,GEN-EWS,2793
20130,GEN,
20131,GEN-EWS,2794
20132,GEN,
20133,GEN-EWS,2795
20134,GEN,
20135,SC,598
20136,OBC-NCL,4633
20137,GEN-EWS,2796
20138,OBC-NCL,4634
20139,SC,599
20140,GEN,
20141,GEN,
20142,GEN,
20143,OBC-NCL,4635
20144,OBC-NCL,4636
20145,GEN-EWS,2797
20146,GEN,
20147,GEN,
20148,OBC-NCL,4637
20149,GEN,
20150,GEN,
20151,GEN,
20152,OBC-NCL,4638
20153,GEN,
20154,GEN-EWS,2798
20155,GEN-EWS,2799
20156,GEN,
20157,OBC-NCL,4639
20158,GEN,
20159,GEN,
20160,GEN,
20161,GEN,
20162,GEN,
20163,GEN,
20164,OBC-NCL,4640
20165,GEN,
20166,OBC-NCL,4641
20167,SC,600
20168,GEN-EWS,2800
20169,SC,601
20170,OBC-NCL,4642
20171,GEN,
20172,GEN,
20173,GEN,
20174,GEN,
20175,OBC-NCL,4643
20176,GEN-EWS,2801
20177,GEN,
20178,GEN,
20179,GEN-EWS,2802
20180,GEN,
20181,GEN,
20182,GEN,
20183,GEN,
20184,SC,602
20185,SC,603
20186,GEN,
20187,GEN,
20188,GEN,
20189,OBC-NCL,4644
20190,GEN,
20191,OBC-NCL,4645
20192,OBC-NCL,4646
20193,ST,139
20194,GEN,
20195,GEN,
20196,GEN,
20197,GEN,
20198,OBC-NCL,4647
20199,GEN,
20200,OBC-NCL,4648
20201,GEN,
20202,SC,604
20203,ST,140
20204,GEN-EWS,2803
20205,GEN,
20206,GEN,
20207,OBC-NCL,4649
20208,GEN,
20209,GEN,
20210,GEN,
20211,OBC-NCL,4650
20212,GEN,
20213,GEN,
20214,GEN-EWS,2804
20215,GEN-EWS,2805
20216,OBC-NCL,4651
20217,GEN,
20218,GEN,
20219,OBC-NCL,4652
20220,OBC-NCL,4653
20221,GEN,
20222,GEN-EWS,2806
20223,GEN,
20224,GEN,
20225,OBC-NCL,4654
20226,OBC-NCL,4655
20227,OBC-NCL,4656
20228,SC,605
20229,GEN,
20230,GEN,
20231,GEN,
20232,OBC-NCL,4657
20233,GEN-EWS,2807
20234,OBC-NCL,4658
20235,SC,606
20236,GEN-EWS,2808
20237,GEN,
20238,GEN,
20239,GEN,
20240,GEN,
20241,GEN,
20242,GEN,
20243,OBC-NCL,4659
20244,GEN,
20245,GEN,
20246,GEN,
20247,OBC-NCL,4660
20248,GEN,
20249,GEN,
20250,GEN,
20251,GEN,
20252,SC,607
20253,GEN-EWS,2809
20254,OBC-NCL,4661
20255,GEN,
20256,OBC-NCL,4662
20257,GEN,
20258,OBC-NCL,4663
20259,GEN,
20260,GEN,
20261,GEN,
20262,GEN,
20263,GEN-EWS,2810
20264,OBC-NCL,4664
20265,GEN,
20266,OBC-NCL,4665
20267,GEN,
20268,SC,608
20269,GEN,
20270,OBC-NCL,4666
20271,OBC-NCL,4667
20272,GEN,
20273,OBC-NCL,4668
20274,GEN-EWS,2811
20275,OBC-NCL,4669
20276,GEN,
20277,GEN,
20278,GEN,
20278,OBC-NCL,4670
20280,GEN,
20281,OBC-NCL,4671
20282,GEN,
20283,GEN,
20284,GEN,
20285,GEN,
20286,GEN,
20287,GEN,
20288,GEN-EWS,2812
20289,GEN,
20290,GEN,
20291,OBC-NCL,4672
20292,OBC-NCL,4673
20293,GEN,
20294,GEN,
20295,GEN,
20296,OBC-NCL,4674
20297,GEN,
20298,OBC-NCL,4675
20299,GEN,
20300,GEN,
20301,GEN,
20302,ST,141
20303,SC,609
20304,GEN,
20305,GEN,
20306,GEN,
20307,GEN,
20308,ST,142
20309,GEN,
20310,GEN-EWS,2813
20311,GEN-EWS,2814
20312,GEN,
20313,OBC-NCL,4676
20314,GEN,
20315,SC,610
20316,GEN,
20317,OBC-NCL,4677
20318,OBC-NCL,4678
20319,GEN,
20320,GEN,
20321,GEN,
20322,GEN,
20323,GEN,
20324,GEN,
20325,GEN,
20326,GEN,
20327,GEN-EWS,2815
20328,OBC-NCL,4679
20329,GEN,
20330,GEN,
20331,GEN,
20332,GEN,
20333,GEN,
20334,GEN-EWS,2816
20335,GEN,
20336,OBC-NCL,4680
20337,GEN,
20338,OBC-NCL,4681
20339,GEN,
20340,GEN,
20341,GEN,
20342,SC,611
20343,OBC-NCL,4682
20344,SC,612
20345,GEN,
20346,GEN,
20347,GEN,
20348,GEN,
20349,GEN,
20350,GEN,
20351,GEN,
20352,OBC-NCL,4683
20353,GEN,
20354,GEN,
20355,GEN,
20356,GEN,
20357,GEN,
20358,OBC-NCL,4684
20359,GEN-EWS,2817
20360,GEN,
20361,GEN-EWS,2818
20362,GEN-EWS,2819
20363,OBC-NCL,4685
20364,GEN-EWS,2820
20365,ST,143
20366,GEN,
20367,OBC-NCL,4686
20368,GEN,
20369,GEN-EWS,2821
20370,GEN,
20371,OBC-NCL,4687
20372,GEN,
20373,GEN,
20374,OBC-NCL,4688
20375,OBC-NCL,4689
20376,GEN,
20377,GEN,
20378,OBC-NCL,4690
20379,GEN,
20380,GEN,
20381,GEN,
20382,GEN,
20383,OBC-NCL,4691
20384,GEN,
20385,GEN,
20386,GEN,
20387,OBC-NCL,4693
20388,GEN,
20389,GEN,
20390,GEN-EWS,2822
20391,SC,613
20392,GEN-EWS,2823
20393,GEN,
20394,GEN,
20395,OBC-NCL,4694
20396,OBC-NCL,4695
20397,GEN,
20398,GEN-EWS,2824
20399,GEN,
20400,GEN,
20401,GEN,
20402,GEN,
20403,OBC-NCL,4696
20404,GEN,
20405,GEN,
20406,GEN,
20407,GEN,
20408,GEN,
20409,OBC-NCL,4697
20410,GEN,
20411,OBC-NCL,4698
20412,GEN,
20413,GEN,
20414,GEN,
20415,GEN,
20416,GEN-EWS,2825
20417,GEN-EWS,2826
20418,GEN,
20419,GEN,
20420,GEN,
20421,GEN,
20422,GEN,
20423,GEN,
20424,OBC-NCL,4699
20425,OBC-NCL,4700
20426,GEN,
20427,GEN,
20428,SC,614
20429,GEN,
20430,GEN,
20431,GEN,
20432,GEN,
20433,OBC-NCL,4701
20434,GEN,
20435,GEN,
20436,GEN,
20437,GEN,
20438,SC,615
20439,GEN,
20440,GEN,
20441,SC,616
20442,GEN,
20443,OBC-NCL,4702
20444,GEN,
20445,GEN,
20446,OBC-NCL,4703
20447,GEN-EWS,2827
20448,GEN-EWS,2828
20449,OBC-NCL,4704
20450,GEN-EWS,2829
20451,OBC-NCL,4705
20452,GEN,
20453,OBC-NCL,4706
20454,GEN,
20455,OBC-NCL,4707
20456,GEN,
20457,SC,617
20458,GEN,
20459,GEN,
20460,GEN-EWS,2830
20461,GEN-EWS,2831
20462,GEN,
20463,GEN,
20464,GEN,
20465,GEN,
20466,GEN,
20467,GEN,
20468,OBC-NCL,4708
20469,GEN,
20470,GEN,
20471,GEN,
20472,GEN,
20473,GEN,
20474,GEN,
20475,OBC-NCL,4709
20476,OBC-NCL,4710
20477,GEN,
20478,GEN-EWS,2832
20479,GEN,
20480,OBC-NCL,4711
20481,GEN,
20481,OBC-NCL,4712
20483,GEN,
20484,GEN-EWS,2833
20485,OBC-NCL,4713
20486,GEN,
20487,GEN,
20488,GEN,
20489,GEN,
20490,GEN,
20491,GEN,
20492,GEN,
20493,GEN-EWS,2834
20494,OBC-NCL,4714
20495,GEN,
20496,GEN,
20497,GEN,
20498,OBC-NCL,4715
20499,OBC-NCL,4716
20500,SC,618
20501,GEN,
20502,GEN,
20503,OBC-NCL,4717
20504,GEN,
20505,GEN,
20506,GEN,
20507,ST,144
20508,OBC-NCL,4718
20509,GEN,
20510,OBC-NCL,4719
20511,GEN,
20512,GEN,
20513,GEN,
20514,GEN,
20515,OBC-NCL,4720
20516,GEN-EWS,2835
20517,GEN-EWS,2836
20518,OBC-NCL,4721
20519,SC,619
20520,GEN,
20521,GEN,
20522,GEN,
20523,OBC-NCL,4722
20524,GEN,
20525,OBC-NCL,4723
20526,GEN-EWS,2837
20527,OBC-NCL,4724
20528,SC,620
20529,GEN,
20530,GEN,
20531,OBC-NCL,4725
20532,GEN-EWS,2838
20533,GEN-EWS,2839
20534,GEN,
20535,GEN-EWS,2840
20536,OBC-NCL,4726
20537,GEN,
20538,GEN,
20539,GEN,
20540,GEN,
20541,GEN,
20542,OBC-NCL,4727
20543,GEN,
20544,OBC-NCL,4728
20545,GEN,
20546,GEN,
20547,GEN,
20548,GEN,
20549,GEN,
20550,GEN-EWS,2841
20551,SC,621
20552,GEN,
20553,GEN,
20554,OBC-NCL,4729
20555,OBC-NCL,4730
20556,OBC-NCL,4731
20557,GEN,
20558,GEN-EWS,2842
20559,GEN,
20560,GEN,
20561,GEN,
20562,GEN,
20563,OBC-NCL,4732
20564,GEN,
20565,OBC-NCL,4733
20566,OBC-NCL,4734
20567,OBC-NCL,4735
20568,GEN-EWS,2843
20569,OBC-NCL,4736
20570,OBC-NCL,4737
20571,GEN,
20571,GEN,
20571,GEN,
20574,ST,145
20575,OBC-NCL,4738
20576,GEN-EWS,2844
20577,GEN,
20578,GEN,
20579,OBC-NCL,4739
20580,GEN,
20581,OBC-NCL,4740
20582,GEN-EWS,2845
20583,GEN,
20584,GEN,
20585,GEN,
20586,SC,622
20587,GEN,
20588,GEN,
20589,GEN,
20590,GEN,
20591,OBC-NCL,4741
20592,OBC-NCL,4742
20593,GEN,
20594,OBC-NCL,4743
20595,OBC-NCL,4744
20596,GEN,
20597,OBC-NCL,4745
20598,OBC-NCL,4746
20599,OBC-NCL,4747
20600,GEN,
20601,GEN-EWS,2846
20602,OBC-NCL,4748
20603,OBC-NCL,4749
20604,GEN,
20605,GEN,
20606,GEN,
20607,OBC-NCL,4750
20608,GEN,
20609,GEN,
20610,GEN,
20611,GEN-EWS,2847
20612,GEN,
20613,OBC-NCL,4751
20614,GEN,
20615,GEN,
20615,GEN,
20617,GEN,
20618,GEN-EWS,2848
20619,OBC-NCL,4752
20620,GEN,
20621,ST,146
20622,OBC-NCL,4753
20623,OBC-NCL,4754
20624,SC,623
20625,GEN-EWS,2849
20626,GEN,
20627,GEN,
20628,GEN,
20629,OBC-NCL,4755
20630,GEN,
20631,SC,624
20632,OBC-NCL,4756
20633,GEN-EWS,2850
20634,GEN-EWS,2851
20635,GEN,
20636,GEN,
20637,GEN,
20638,GEN-EWS,2852
20639,SC,625
20640,GEN-EWS,2853
20641,GEN-EWS,2854
20642,GEN,
20643,GEN,
20644,OBC-NCL,4757
20645,GEN,
20646,GEN-EWS,2855
20647,GEN,
20648,GEN,
20649,GEN-EWS,2856
20650,GEN,
20651,GEN,
20652,GEN,
20653,OBC-NCL,4758
20654,GEN,
20655,OBC-NCL,4759
20656,GEN,
20657,GEN-EWS,2857
20658,GEN-EWS,2858
20659,GEN,
20660,GEN,
20661,SC,626
20662,OBC-NCL,4760
20663,GEN,
20664,GEN,
20665,OBC-NCL,4761
20666,OBC-NCL,4762
20667,GEN,
20668,GEN,
20669,GEN,
20670,OBC-NCL,4763
20671,OBC-NCL,4764
20672,OBC-NCL,4765
20673,GEN-EWS,2859
20674,GEN-EWS,2860
20675,GEN,
20676,GEN,
20677,OBC-NCL,4766
20678,GEN,
20679,GEN,
20680,OBC-NCL,4767
20681,GEN-EWS,2861
20682,OBC-NCL,4768
20683,OBC-NCL,4769
20684,OBC-NCL,4770
20685,SC,627
20686,GEN-EWS,2862
20687,GEN,
20688,OBC-NCL,4771
20689,GEN,
20690,GEN,
20691,GEN-EWS,2863
20692,GEN,
20693,GEN,
20694,SC,628
20695,GEN,
20696,OBC-NCL,4772
20697,GEN-EWS,2864
20698,OBC-NCL,4773
20699,GEN,
20700,OBC-NCL,4774
20701,GEN,
20702,OBC-NCL,4775
20703,GEN,
20704,OBC-NCL,4776
20705,GEN-EWS,2865
20706,GEN,
20707,OBC-NCL,4777
20708,GEN,
20709,GEN,
20710,GEN,
20711,OBC-NCL,4778
20712,GEN,
20713,GEN-EWS,2866
20714,SC,629
20715,OBC-NCL,4779
20716,GEN,
20717,GEN-EWS,2867
20718,GEN,
20719,OBC-NCL,4780
20720,OBC-NCL,4781
20721,GEN,
20722,OBC-NCL,4782
20723,GEN,
20724,OBC-NCL,4783
20725,SC,630
20726,GEN,
20727,OBC-NCL,4784
20728,OBC-NCL,4785
20729,SC,631
20730,GEN,
20731,GEN,
20732,GEN,
20733,GEN,
20734,GEN,
20735,GEN,
20736,GEN,
20737,GEN-EWS,2868
20738,GEN,
20739,OBC-NCL,4786
20740,GEN,
20741,OBC-NCL,4787
20742,GEN,
20743,OBC-NCL,4788
20744,GEN,
20745,GEN,
20746,GEN-EWS,2869
20747,GEN,
20748,GEN,
20749,GEN-EWS,2870
20750,OBC-NCL,4789
20751,GEN,
20752,GEN,
20753,GEN,
20754,GEN-EWS,2871
20755,GEN,
20756,GEN,
20757,GEN,
20758,OBC-NCL,4790
20759,OBC-NCL,4791
20760,GEN-EWS,2872
20761,GEN,
20762,OBC-NCL,4792
20763,OBC-NCL,4793
20764,GEN-EWS,2873
20765,GEN-EWS,2874
20766,GEN,
20767,GEN-EWS,2875
20768,GEN,
20769,GEN,
20770,GEN-EWS,2876
20771,GEN,
20772,GEN,
20773,OBC-NCL,4794
20774,OBC-NCL,4795
20775,GEN,
20776,OBC-NCL,4796
20777,OBC-NCL,4797
20778,GEN,
20779,ST,147
20780,GEN,
20781,GEN,
20782,GEN-EWS,2877
20783,GEN,
20784,OBC-NCL,4798
20785,OBC-NCL,4799
20786,SC,632
20787,GEN,
20788,GEN,
20789,GEN,
20790,GEN,
20791,OBC-NCL,4800
20792,OBC-NCL,4801
20793,OBC-NCL,4802
20794,GEN-EWS,2878
20795,GEN,
20796,GEN-EWS,2879
20797,OBC-NCL,4803
20798,GEN-EWS,2880
20799,OBC-NCL,4804
20800,GEN,
20801,GEN-EWS,2881
20802,GEN,
20803,GEN,
20804,OBC-NCL,4805
20805,OBC-NCL,4806
20806,OBC-NCL,4807
20807,OBC-NCL,4808
20808,GEN-EWS,2882
20809,GEN,
20810,GEN,
20811,GEN,
20812,OBC-NCL,4809
20813,GEN-EWS,2883
20814,GEN-EWS,2884
20815,GEN,
20816,OBC-NCL,4810
20817,OBC-NCL,4811
20818,GEN,
20819,GEN,
20820,OBC-NCL,4812
20821,OBC-NCL,4813
20822,OBC-NCL,4814
20823,GEN,
20824,GEN,
20825,GEN,
20826,OBC-NCL,4815
20827,OBC-NCL,4816
20827,OBC-NCL,4816
20829,GEN,
20830,OBC-NCL,4818
20831,GEN,
20832,OBC-NCL,4819
20833,GEN-EWS,2885
20834,GEN-EWS,2886
20835,GEN,
20836,GEN,
20837,GEN,
20838,OBC-NCL,4820
20839,OBC-NCL,4821
20840,OBC-NCL,4822
20841,GEN,
20842,GEN-EWS,2887
20843,OBC-NCL,4823
20844,GEN,
20845,GEN-EWS,2888
20846,GEN,
20847,OBC-NCL,4824
20848,GEN,
20849,ST,148
20850,ST,149
20851,GEN,
20852,OBC-NCL,4825
20853,GEN,
20854,GEN,
20855,GEN,
20856,GEN,
20857,GEN,
20858,OBC-NCL,4826
20859,GEN-EWS,2889
20860,SC,633
20861,GEN,
20862,GEN,
20863,OBC-NCL,4827
20864,GEN,
20865,GEN,
20866,OBC-NCL,4828
20867,OBC-NCL,4829
20868,GEN,
20869,GEN,
20870,GEN-EWS,2890
20871,OBC-NCL,4830
20872,GEN,
20873,GEN,
20874,OBC-NCL,4831
20875,ST,150
20876,GEN,
20877,GEN-EWS,2891
20878,GEN,
20879,GEN-EWS,2892
20880,OBC-NCL,4832
20881,OBC-NCL,4833
20882,GEN,
20883,GEN,
20884,GEN-EWS,2893
20885,OBC-NCL,4834
20886,GEN,
20887,GEN,
20888,GEN,
20889,GEN,
20890,OBC-NCL,4835
20891,GEN,
20892,OBC-NCL,4836
20893,GEN,
20894,GEN,
20895,OBC-NCL,4837
20896,GEN,
20897,GEN,
20898,GEN,
20899,GEN,
20900,OBC-NCL,4838
20901,GEN-EWS,2894
20902,OBC-NCL,4839
20903,OBC-NCL,4840
20904,GEN,
20905,SC,634
20906,GEN,
20907,GEN,
20908,SC,635
20909,GEN,
20910,GEN,
20911,GEN,
20912,OBC-NCL,4841
20913,OBC-NCL,4842
20914,OBC-NCL,4843
20915,OBC-NCL,4844
20916,GEN-EWS,2895
20916,OBC-NCL,4845
20918,OBC-NCL,4846
20919,GEN-EWS,2896
20920,GEN,
20921,GEN,
20922,OBC-NCL,4847
20923,GEN,
20924,GEN,
20925,GEN,
20926,GEN-EWS,2897
20927,GEN,
20928,GEN,
20929,GEN-EWS,2898
20930,GEN,
20931,GEN-EWS,2899
20932,OBC-NCL,4848
20933,OBC-NCL,4849
20934,OBC-NCL,4850
20935,GEN,
20936,GEN,
20937,GEN,
20938,GEN-EWS,2900
20939,GEN-EWS,2901
20940,GEN,
20941,GEN,
20942,GEN-EWS,2902
20943,OBC-NCL,4851
20944,GEN,
20945,GEN-EWS,2903
20946,GEN,
20947,GEN,
20948,OBC-NCL,4852
20949,GEN-EWS,2904
20950,GEN-EWS,2905
20951,GEN,
20952,GEN,
20953,GEN,
20954,GEN-EWS,2906
20955,GEN,
20956,GEN,
20957,GEN,
20957,OBC-NCL,4853
20959,GEN,
20960,GEN,
20961,GEN,
20962,GEN,
20963,GEN-EWS,2907
20964,GEN,
20965,GEN,
20966,OBC-NCL,4854
20967,GEN,
20968,OBC-NCL,4855
20969,SC,636
20970,GEN-EWS,2908
20971,GEN-EWS,2909
20972,OBC-NCL,4856
20973,GEN,
20974,GEN,
20975,GEN,
20976,GEN,
20977,GEN,
20978,GEN,
20979,OBC-NCL,4857
20980,GEN,
20981,OBC-NCL,4858
20982,GEN-EWS,2910
20983,GEN-EWS,2911
20984,GEN-EWS,2912
20985,GEN-EWS,2913
20986,GEN,
20987,OBC-NCL,4859
20988,GEN,
20989,ST,151
20990,SC,637
20991,GEN,
20992,GEN,
20993,OBC-NCL,4860
20994,GEN,
20995,OBC-NCL,4861
20996,OBC-NCL,4862
20997,SC,638
20998,GEN,
20999,GEN,
21000,OBC-NCL,4863
21001,GEN,
21002,GEN,
21003,SC,639
21004,OBC-NCL,4864
21005,OBC-NCL,4865
21006,SC,640
21007,GEN,
21008,GEN,
21009,GEN,
21010,GEN,
21011,OBC-NCL,4866
21012,GEN,
21013,GEN-EWS,2914
21014,GEN,
21015,OBC-NCL,4867
21016,GEN,
21017,GEN,
21018,OBC-NCL,4868
21019,GEN-EWS,2915
21020,GEN,
21021,GEN,
21022,GEN,
21023,GEN,
21024,GEN,
21025,OBC-NCL,4869
21026,GEN,
21027,GEN,
21028,GEN,
21029,GEN,
21031,GEN,
21032,GEN,
21033,GEN,
21034,OBC-NCL,4870
21035,GEN,
21036,GEN-EWS,2917
21037,GEN,
21038,OBC-NCL,4871
21039,GEN,
21040,GEN,
21041,OBC-NCL,4872
21042,GEN,
21043,OBC-NCL,4873
21044,OBC-NCL,4874
21045,GEN,
21046,OBC-NCL,4875
21047,SC,641
21048,GEN,
21049,OBC-NCL,4876
21050,GEN-EWS,2918
21051,GEN,
21052,GEN-EWS,2919
21053,GEN,
21054,OBC-NCL,4877
21055,OBC-NCL,4878
21056,GEN,
21057,OBC-NCL,4879
21058,GEN,
21059,OBC-NCL,4880
21060,GEN,
21061,GEN,
21062,GEN,
21063,GEN,
21064,OBC-NCL,4881
21065,SC,642
21066,GEN,
21067,OBC-NCL,4882
21068,GEN,
21069,OBC-NCL,4883
21070,OBC-NCL,4884
21071,SC,643
21072,GEN-EWS,2920
21073,SC,644
21074,GEN,
21075,OBC-NCL,4885
21076,OBC-NCL,4886
21077,OBC-NCL,4887
21078,GEN-EWS,2921
21079,GEN,
21080,OBC-NCL,4888
21081,OBC-NCL,4889
21082,OBC-NCL,4890
21083,GEN,
21084,GEN-EWS,2922
21085,OBC-NCL,4891
21086,GEN,
21087,GEN,
21088,OBC-NCL,4892
21089,OBC-NCL,4893
21090,GEN,
21091,GEN,
21092,OBC-NCL,4894
21093,GEN,
21094,OBC-NCL,4895
21095,OBC-NCL,4896
21096,GEN,
21097,OBC-NCL,4897
21098,GEN,
21099,OBC-NCL,4898
21100,OBC-NCL,4899
21101,OBC-NCL,4900
21102,OBC-NCL,4901
21103,GEN,
21104,ST,152
21105,GEN,
21106,SC,645
21107,GEN,
21108,ST,153
21109,GEN,
21110,GEN,
21111,OBC-NCL,4902
21112,OBC-NCL,4903
21113,OBC-NCL,4904
21114,GEN,
21115,GEN-EWS,2923
21116,GEN,
21117,GEN,
21118,GEN,
21119,GEN,
21120,GEN-EWS,2924
21121,GEN,
21122,GEN,
21123,SC,646
21124,OBC-NCL,4905
21125,OBC-NCL,4906
21126,GEN,
21127,GEN,
21128,GEN-EWS,2925
21129,GEN-EWS,2926
21130,GEN-EWS,2927
21131,GEN,
21132,GEN,
21133,GEN,
21134,OBC-NCL,4907
21135,OBC-NCL,4908
21136,GEN-EWS,2928
21137,GEN,
21138,GEN-EWS,2929
21139,GEN-EWS,2930
21140,GEN,
21141,GEN-EWS,2931
21142,OBC-NCL,4909
21143,OBC-NCL,4910
21144,OBC-NCL,4911
21145,OBC-NCL,4912
21146,GEN,
21147,GEN-EWS,2932
21148,OBC-NCL,4913
21149,GEN,
21150,GEN,
21151,OBC-NCL,4914
21152,OBC-NCL,4915
21153,OBC-NCL,4916
21154,GEN,
21155,OBC-NCL,4917
21156,SC,647
21157,GEN,
21158,GEN,
21159,GEN,
21160,OBC-NCL,4918
21161,GEN,
21162,OBC-NCL,4919
21163,GEN-EWS,2933
21164,OBC-NCL,4920
21165,SC,648
21166,GEN,
21167,SC,649
21168,GEN,
21169,SC,650
21170,GEN-EWS,2934
21171,GEN,
21172,OBC-NCL,4921
21173,GEN,
21174,OBC-NCL,4922
21175,GEN,
21176,GEN,
21177,GEN,
21178,OBC-NCL,4923
21179,GEN,
21180,SC,651
21181,SC,652
21182,GEN,
21183,GEN,
21184,GEN,
21185,OBC-NCL,4924
21186,OBC-NCL,4925
21187,GEN,
21188,GEN-EWS,2935
21189,GEN,
21190,GEN,
21191,GEN-EWS,2936
21192,GEN-EWS,2937
21193,SC,653
21194,GEN,
21195,GEN,
21196,GEN-EWS,2938
21197,GEN,
21198,GEN-EWS,2939
21199,GEN,
21200,GEN-EWS,2940
21201,GEN-EWS,2941
21202,GEN,
21203,GEN,
21204,GEN-EWS,2942
21205,OBC-NCL,4926
21206,GEN,
21207,OBC-NCL,4927
21208,GEN-EWS,2943
21209,GEN,
21210,GEN,
21211,OBC-NCL,4928
21212,OBC-NCL,4929
21213,OBC-NCL,4930
21214,GEN,
21215,GEN-EWS,2944
21216,GEN,
21217,GEN,
21218,GEN-EWS,2945
21219,GEN-EWS,2946
21220,OBC-NCL,4931
21221,OBC-NCL,4932
21222,SC,654
21223,GEN-EWS,2947
21224,GEN,
21225,GEN-EWS,2948
21226,GEN,
21227,GEN,
21228,GEN-EWS,2949
21229,GEN,
21230,GEN-EWS,2950
21231,GEN,
21232,OBC-NCL,4933
21233,GEN,
21234,GEN-EWS,2951
21235,GEN,
21236,GEN-EWS,2952
21237,OBC-NCL,4934
21238,OBC-NCL,4935
21239,GEN,
21240,GEN,
21241,GEN,
21242,GEN,
21243,GEN,
21244,GEN,
21245,GEN,
21246,GEN,
21247,GEN,
21248,GEN-EWS,2954
21249,GEN,
21250,GEN-EWS,2955
21251,GEN-EWS,2956
21252,GEN,
21253,GEN,
21254,GEN-EWS,2957
21255,GEN,
21256,OBC-NCL,4937
21257,GEN,
21258,GEN-EWS,2958
21259,GEN,
21260,GEN,
21261,OBC-NCL,4939
21262,GEN,
21263,GEN,
21264,GEN-EWS,2959
21265,GEN,
21266,OBC-NCL,4940
21267,GEN-EWS,2960
21268,OBC-NCL,4941
21269,OBC-NCL,4942
21270,GEN,
21271,GEN,
21272,GEN,
21273,GEN-EWS,2961
21274,GEN-EWS,2962
21275,GEN,
21276,GEN-EWS,2963
21277,SC,655
21278,OBC-NCL,4943
21279,GEN,
21280,GEN,
21281,GEN,
21282,OBC-NCL,4944
21283,GEN,
21284,GEN-EWS,2964
21285,GEN,
21286,OBC-NCL,4945
21287,GEN,
21288,ST,154
21289,GEN,
21290,GEN,
21291,GEN,
21292,GEN,
21293,OBC-NCL,4946
21294,OBC-NCL,4947
21295,GEN,
21296,OBC-NCL,4948
21297,GEN,
21298,GEN,
21299,OBC-NCL,4949
21300,GEN,
21301,GEN,
21302,OBC-NCL,4950
21303,GEN,
21304,GEN-EWS,2965
21305,GEN,
21306,GEN,
21307,GEN,
21308,GEN,
21309,OBC-NCL,4951
21310,GEN,
21311,GEN,
21312,GEN,
21313,GEN,
21314,GEN-EWS,2966
21315,OBC-NCL,4952
21316,GEN,
21317,OBC-NCL,4953
21318,GEN,
21319,OBC-NCL,4954
21320,GEN,
21321,OBC-NCL,4955
21322,GEN,
21323,GEN-EWS,2967
21324,GEN,
21325,GEN,
21326,GEN,
21327,GEN,
21328,GEN,
21329,OBC-NCL,4956
21330,GEN,
21331,GEN-EWS,2968
21332,GEN,
21333,OBC-NCL,4957
21334,OBC-NCL,4958
21335,GEN,
21336,GEN-EWS,2969
21337,GEN,
21338,OBC-NCL,4959
21339,GEN,
21340,OBC-NCL,4960
21341,OBC-NCL,4961
21342,OBC-NCL,4962
21343,GEN,
21344,GEN,
21345,GEN,
21346,OBC-NCL,4963
21347,GEN,
21348,GEN-EWS,2970
21349,OBC-NCL,4964
21350,GEN,
21351,GEN,
21352,GEN,
21353,SC,656
21354,GEN,
21355,GEN,
21356,OBC-NCL,4965
21357,GEN-EWS,2971
21358,GEN,
21359,GEN,
21360,GEN,
21361,GEN,
21362,OBC-NCL,4966
21363,OBC-NCL,4967
21364,OBC-NCL,4968
21365,ST,155
21366,OBC-NCL,4969
21367,GEN,
21368,OBC-NCL,4970
21369,GEN,
21370,GEN,
21371,GEN,
21372,GEN,
21373,OBC-NCL,4971
21374,GEN-EWS,2972
21375,GEN,
21376,GEN,
21377,OBC-NCL,4972
21378,GEN-EWS,2973
21379,GEN,
21380,OBC-NCL,4973
21381,GEN,
21382,GEN,
21383,GEN,
21384,GEN,
21385,SC,657
21386,GEN-EWS,2974
21387,GEN,
21388,GEN,
21389,GEN,
21390,OBC-NCL,4974
21391,GEN,
21392,GEN,
21393,GEN-EWS,2975
21394,SC,658
21395,GEN,
21396,GEN,
21397,GEN-EWS,2976
21398,OBC-NCL,4975
21399,OBC-NCL,4976
21400,GEN,
21401,GEN-EWS,2977
21402,GEN,
21403,GEN,
21404,GEN,
21405,GEN,
21406,GEN,
21407,OBC-NCL,4977
21408,OBC-NCL,4978
21409,GEN,
21410,GEN,
21411,GEN,
21412,OBC-NCL,4979
21413,GEN,
21414,OBC-NCL,4980
21415,GEN,
21416,OBC-NCL,4981
21417,OBC-NCL,4982
21418,GEN,
21419,GEN,
21420,OBC-NCL,4983
21421,GEN,
21422,OBC-NCL,4984
21423,GEN,
21424,GEN-EWS,2978
21425,GEN,
21426,OBC-NCL,4985
21427,GEN,
21428,GEN,
21429,GEN-EWS,2979
21430,ST,156
21431,OBC-NCL,4986
21432,GEN,
21433,GEN,
21434,GEN-EWS,2980
21435,OBC-NCL,4987
21436,GEN-EWS,2981
21437,GEN,
21438,OBC-NCL,4988
21439,OBC-NCL,4989
21440,OBC-NCL,4990
21441,GEN,
21442,OBC-NCL,4991
21443,GEN,
21444,GEN,
21445,GEN,
21446,GEN,
21447,GEN,
21448,SC,659
21449,SC,660
21450,GEN,
21451,GEN,
21452,OBC-NCL,4992
21452,OBC-NCL,4992
21454,GEN,
21455,OBC-NCL,4994
21456,OBC-NCL,4995
21457,GEN-EWS,2983
21458,GEN,
21459,GEN,
21460,SC,661
21461,SC,662
21462,GEN,
21463,OBC-NCL,4996
21464,OBC-NCL,4997
21465,GEN-EWS,2984
21466,OBC-NCL,4998
21467,GEN-EWS,2985
21468,OBC-NCL,4999
21469,GEN-EWS,2986
21470,OBC-NCL,5000
21471,OBC-NCL,5001
21472,GEN,
21473,OBC-NCL,5002
21474,OBC-NCL,5003
21475,OBC-NCL,5004
21476,GEN,
21477,GEN,
21478,GEN,
21479,GEN-EWS,2987
21480,GEN-EWS,2988
21481,GEN-EWS,2989
21482,GEN-EWS,2990
21483,GEN-EWS,2991
21484,GEN,
21485,OBC-NCL,5005
21486,GEN,
21487,OBC-NCL,5006
21488,GEN,
21489,GEN,
21490,GEN,
21491,GEN,
21492,OBC-NCL,5007
21493,GEN,
21494,OBC-NCL,5008
21495,GEN,
21496,GEN,
21497,GEN,
21498,GEN-EWS,2992
21499,OBC-NCL,5009
21500,GEN,
21501,GEN,
21502,GEN,
21503,GEN,
21504,GEN,
21505,GEN-EWS,2993
21506,GEN,
21507,OBC-NCL,5010
21508,OBC-NCL,5011
21509,OBC-NCL,5012
21510,GEN-EWS,2994
21511,GEN,
21512,GEN,
21513,GEN,
21514,OBC-NCL,5013
21515,OBC-NCL,5014
21516,GEN-EWS,2995
21517,GEN,
21518,GEN,
21519,OBC-NCL,5016
21520,GEN-EWS,2996
21521,GEN,
21522,GEN,
21523,OBC-NCL,5017
21524,GEN,
21525,GEN,
21526,GEN,
21527,GEN,
21528,GEN,
21529,GEN,
21530,OBC-NCL,5018
21531,GEN-EWS,2997
21532,GEN,
21533,GEN,
21534,GEN,
21535,GEN,
21536,OBC-NCL,5019
21537,GEN,
21538,GEN-EWS,2998
21539,OBC-NCL,5020
21540,GEN,
21541,OBC-NCL,5021
21542,OBC-NCL,5022
21543,GEN-EWS,2999
21544,OBC-NCL,5023
21545,GEN,
21546,GEN,
21547,GEN-EWS,3000
21548,GEN,
21549,GEN-EWS,3001
21550,GEN,
21551,OBC-NCL,5024
21552,GEN,
21553,SC,663
21554,GEN-EWS,3002
21555,GEN,
21556,GEN,
21557,GEN,
21558,OBC-NCL,5025
21559,GEN-EWS,3003
21560,GEN,
21561,GEN,
21562,GEN,
21563,GEN-EWS,3004
21564,OBC-NCL,5026
21565,OBC-NCL,5027
21566,GEN-EWS,3005
21567,OBC-NCL,5028
21568,GEN-EWS,3006
21569,OBC-NCL,5029
21570,GEN-EWS,3007
21571,GEN,
21572,GEN-EWS,3008
21573,GEN,
21574,GEN,
21575,GEN-EWS,3009
21576,GEN,
21577,OBC-NCL,5030
21578,GEN,
21579,GEN,
21580,GEN,
21581,OBC-NCL,5031
21582,GEN,
21583,GEN,
21584,GEN-EWS,3010
21585,GEN,
21585,OBC-NCL,5032
21587,OBC-NCL,5033
21588,GEN,
21589,GEN,
21590,OBC-NCL,5034
21591,OBC-NCL,5035
21592,GEN,
21593,OBC-NCL,5036
21594,GEN,
21595,GEN,
21596,GEN,
21597,GEN-EWS,3011
21598,GEN,
21599,GEN,
21600,OBC-NCL,5037
21601,GEN,
21602,GEN-EWS,3012
21603,GEN,
21604,OBC-NCL,5038
21605,GEN-EWS,3013
21606,GEN,
21607,OBC-NCL,5039
21608,OBC-NCL,5040
21609,SC,664
21610,GEN,
21611,GEN,
21612,SC,665
21613,GEN,
21614,GEN,
21615,GEN-EWS,3014
21616,GEN,
21617,OBC-NCL,5041
21618,GEN-EWS,3015
21619,GEN-EWS,3016
21620,ST,157
21621,OBC-NCL,5042
21622,OBC-NCL,5043
21623,GEN,
21624,OBC-NCL,5044
21625,OBC-NCL,5045
21626,OBC-NCL,5046
21627,GEN,
21628,OBC-NCL,5047
21629,OBC-NCL,5048
21630,GEN,
21631,GEN,
21632,GEN,
21633,OBC-NCL,5049
21634,OBC-NCL,5050
21635,GEN,
21636,GEN,
21637,GEN,
21638,GEN-EWS,3017
21639,OBC-NCL,5051
21640,OBC-NCL,5052
21641,OBC-NCL,5053
21642,GEN,
21643,GEN,
21644,OBC-NCL,5054
21645,GEN,
21646,GEN-EWS,3018
21647,GEN,
21648,GEN,
21649,GEN,
21650,GEN,
21651,GEN,
21652,OBC-NCL,5055
21653,OBC-NCL,5056
21654,OBC-NCL,5058
21655,GEN,
21656,GEN,
21657,GEN,
21658,GEN,
21659,GEN,
21660,GEN,
21661,GEN,
21662,OBC-NCL,5059
21663,GEN,
21664,GEN,
21665,GEN,
21666,OBC-NCL,5060
21667,OBC-NCL,5061
21668,GEN-EWS,3019
21669,OBC-NCL,5062
21670,GEN-EWS,3020
21671,GEN,
21672,GEN,
21673,GEN,
21674,GEN-EWS,3021
21675,GEN-EWS,3022
21676,OBC-NCL,5063
21677,GEN,
21678,OBC-NCL,5064
21679,GEN,
21680,OBC-NCL,5065
21681,GEN-EWS,3023
21682,GEN,
21683,OBC-NCL,5066
21684,SC,666
21685,GEN,
21686,OBC-NCL,5067
21687,OBC-NCL,5068
21688,GEN-EWS,3024
21689,GEN,
21690,GEN-EWS,3025
21691,GEN,
21692,GEN-EWS,3026
21693,GEN,
21694,OBC-NCL,5070
21695,GEN,
21696,GEN-EWS,3027
21697,GEN-EWS,3028
21698,OBC-NCL,5071
21699,OBC-NCL,5072
21700,GEN,
21701,GEN,
21702,GEN,
21703,GEN,
21704,OBC-NCL,5073
21705,GEN-EWS,3029
21706,OBC-NCL,5074
21707,GEN,
21708,OBC-NCL,5075
21708,OBC-NCL,5075
21710,GEN,
21711,GEN,
21712,GEN,
21713,GEN,
21714,GEN,
21715,GEN-EWS,3030
21716,GEN,
21717,OBC-NCL,5077
21718,GEN,
21719,GEN,
21720,GEN,
21721,GEN,
21722,GEN,
21723,OBC-NCL,5078
21724,OBC-NCL,5079
21725,OBC-NCL,5080
21726,OBC-NCL,5081
21727,OBC-NCL,5082
21728,GEN-EWS,3033
21729,SC,667
21730,OBC-NCL,5083
21731,GEN,
21732,GEN,
21733,OBC-NCL,5084
21734,GEN,
21735,GEN,
21736,OBC-NCL,5085
21737,GEN-EWS,3034
21738,GEN,
21739,GEN,
21740,GEN,
21741,GEN,
21742,GEN,
21743,GEN-EWS,3035
21744,GEN,
21745,GEN,
21746,GEN,
21747,OBC-NCL,5086
21748,GEN,
21749,GEN-EWS,3036
21750,OBC-NCL,5087
21751,GEN,
21752,GEN,
21753,GEN,
21754,OBC-NCL,5088
21755,GEN,
21756,GEN,
21757,OBC-NCL,5089
21758,GEN,
21759,GEN,
21760,GEN,
21761,GEN,
21762,GEN,
21763,GEN,
21764,GEN,
21765,GEN,
21766,GEN-EWS,3037
21767,OBC-NCL,5090
21768,OBC-NCL,5091
21769,GEN,
21770,GEN,
21771,GEN,
21772,OBC-NCL,5092
21773,GEN,
21774,GEN,
21775,GEN,
21776,GEN,
21777,SC,668
21778,OBC-NCL,5093
21779,GEN,
21780,OBC-NCL,5094
21781,GEN,
21782,OBC-NCL,5095
21783,GEN,
21784,OBC-NCL,5096
21785,GEN,
21786,OBC-NCL,5097
21787,OBC-NCL,5098
21788,OBC-NCL,5099
21789,GEN,
21790,GEN-EWS,3038
21791,GEN,
21792,OBC-NCL,5100
21793,OBC-NCL,5101
21794,OBC-NCL,5102
21795,GEN,
21796,GEN,
21797,OBC-NCL,5103
21798,OBC-NCL,5104
21799,OBC-NCL,5105
21800,GEN,
21801,GEN,
21802,GEN,
21803,GEN,
21804,GEN,
21805,GEN,
21806,GEN,
21807,GEN,
21808,GEN,
21809,GEN,
21810,GEN-EWS,3039
21811,GEN-EWS,3040
21812,OBC-NCL,5106
21813,GEN-EWS,3041
21814,GEN,
21815,SC,669
21816,OBC-NCL,5107
21817,GEN-EWS,3042
21818,GEN-EWS,3043
21819,OBC-NCL,5108
21820,GEN,
21821,GEN,
21822,GEN,
21823,GEN,
21824,OBC-NCL,5109
21825,OBC-NCL,5110
21826,GEN,
21827,OBC-NCL,5111
21828,SC,670
21829,OBC-NCL,5112
21830,GEN,
21831,GEN,
21832,OBC-NCL,5113
21833,SC,671
21834,GEN,
21835,OBC-NCL,5114
21836,GEN,
21837,OBC-NCL,5115
21838,OBC-NCL,5116
21839,GEN,
21840,OBC-NCL,5117
21841,GEN,
21842,OBC-NCL,5118
21843,GEN,
21844,GEN-EWS,3044
21845,GEN,
21846,GEN,
21847,GEN,
21848,GEN-EWS,3045
21849,GEN,
21850,GEN,
21851,GEN,
21852,OBC-NCL,5119
21853,GEN,
21854,ST,158
21855,OBC-NCL,5120
21856,GEN,
21857,GEN,
21858,GEN,
21859,GEN-EWS,3046
21860,GEN,
21861,GEN,
21862,GEN,
21863,GEN-EWS,3047
21864,GEN-EWS,3048
21865,GEN-EWS,3049
21866,OBC-NCL,5121
21867,GEN,
21868,GEN,
21869,OBC-NCL,5122
21870,OBC-NCL,5123
21871,OBC-NCL,5124
21872,GEN,
21873,GEN,
21874,OBC-NCL,5125
21875,GEN,
21876,OBC-NCL,5126
21877,OBC-NCL,5127
21878,OBC-NCL,5128
21879,GEN,
21880,GEN,
21881,OBC-NCL,5129
21882,GEN,
21883,OBC-NCL,5130
21884,GEN,
21885,GEN,
21886,OBC-NCL,5131
21887,OBC-NCL,5132
21888,OBC-NCL,5133
21889,SC,672
21890,GEN,
21891,OBC-NCL,5134
21892,GEN,
21893,GEN,
21894,GEN,
21895,SC,673
21896,GEN,
21897,GEN,
21898,GEN,
21899,GEN,
21900,GEN-EWS,3050
21901,OBC-NCL,5135
21902,GEN,
21903,GEN,
21904,GEN,
21905,GEN,
21906,OBC-NCL,5136
21907,OBC-NCL,5137
21908,GEN-EWS,3051
21909,GEN,
21910,GEN,
21911,GEN,
21912,OBC-NCL,5138
21913,GEN,
21914,GEN,
21915,GEN,
21916,OBC-NCL,5139
21917,GEN,
21918,OBC-NCL,5140
21919,GEN,
21920,OBC-NCL,5141
21921,OBC-NCL,5142
21922,OBC-NCL,5143
21923,GEN-EWS,3052
21924,OBC-NCL,5144
21925,GEN,
21926,OBC-NCL,5145
21927,GEN,
21928,GEN,
21929,GEN,
21930,GEN-EWS,3053
21931,GEN,
21932,OBC-NCL,5146
21933,GEN-EWS,3054
21934,GEN-EWS,3055
21935,GEN-EWS,3056
21936,GEN,
21937,GEN,
21938,GEN,
21939,GEN,
21940,GEN,
21941,GEN,
21942,GEN-EWS,3057
21943,GEN,
21944,GEN,
21945,OBC-NCL,5147
21946,OBC-NCL,5148
21947,GEN,
21948,GEN,
21949,OBC-NCL,5149
21950,OBC-NCL,5150
21951,OBC-NCL,5151
21952,OBC-NCL,5152
21953,GEN,
21954,GEN,
21955,GEN,
21956,GEN-EWS,3058
21957,OBC-NCL,5153
21958,GEN,
21959,GEN-EWS,3059
21960,OBC-NCL,5154
21961,GEN-EWS,3060
21962,OBC-NCL,5155
21963,GEN,
21964,OBC-NCL,5156
21965,GEN,
21966,GEN,
21967,GEN,
21968,GEN,
21969,GEN,
21970,GEN,
21971,OBC-NCL,5157
21972,OBC-NCL,5158
21973,GEN,
21974,OBC-NCL,5159
21975,GEN-EWS,3061
21976,GEN,
21977,OBC-NCL,5160
21978,GEN,
21979,GEN-EWS,3062
21980,GEN,
21981,OBC-NCL,5161
21982,GEN-EWS,3063
21983,OBC-NCL,5162
21984,GEN,
21984,GEN,
21986,GEN,
21987,GEN-EWS,3064
21988,SC,674
21989,GEN,
21989,GEN-EWS,3065
21991,GEN,
21992,GEN,
21993,GEN,
21994,GEN,
21994,OBC-NCL,5163
21996,GEN-EWS,3066
21997,OBC-NCL,5164
21998,GEN,
21999,OBC-NCL,5165
22000,OBC-NCL,5166
22001,OBC-NCL,5167
22002,OBC-NCL,5168
22003,GEN,
22004,OBC-NCL,5169
22005,GEN,
22006,GEN,
22007,GEN,
22008,GEN,
22009,GEN-EWS,3067
22010,GEN,
22011,SC,675
22012,GEN,
22013,OBC-NCL,5170
22014,SC,676
22015,GEN-EWS,3068
22016,GEN-EWS,3069
22017,OBC-NCL,5171
22018,GEN,
22019,GEN,
22020,ST,159
22021,GEN,
22022,GEN,
22023,OBC-NCL,5172
22024,OBC-NCL,5173
22025,GEN,
22026,GEN,
22027,OBC-NCL,5174
22028,GEN-EWS,3070
22029,GEN-EWS,3071
22030,GEN,
22031,GEN,
22032,GEN-EWS,3072
22033,SC,677
22034,GEN,
22035,GEN,
22036,OBC-NCL,5175
22037,SC,678
22038,OBC-NCL,5176
22039,GEN-EWS,3074
22040,GEN,
22041,GEN,
22042,GEN,
22043,GEN-EWS,3075
22044,GEN,
22045,OBC-NCL,5177
22046,GEN,
22047,GEN,
22048,GEN,
22049,OBC-NCL,5178
22049,SC,679
22051,GEN,
22052,OBC-NCL,5179
22053,GEN,
22054,GEN,
22055,OBC-NCL,5180
22056,OBC-NCL,5181
22057,OBC-NCL,5182
22058,OBC-NCL,5183
22059,GEN,
22060,OBC-NCL,5184
22061,GEN,
22062,OBC-NCL,5185
22063,GEN-EWS,3076
22064,GEN-EWS,3077
22065,OBC-NCL,5187
22066,GEN,
22067,GEN,
22068,GEN-EWS,3078
22069,GEN,
22070,OBC-NCL,5188
22071,GEN-EWS,3079
22072,GEN,
22073,GEN,
22074,GEN-EWS,3080
22075,SC,680
22076,GEN-EWS,3081
22076,OBC-NCL,5189
22078,OBC-NCL,5190
22079,GEN,
22080,GEN,
22081,OBC-NCL,5191
22082,GEN-EWS,3082
22083,SC,681
22084,GEN-EWS,3083
22085,GEN-EWS,3084
22086,OBC-NCL,5192
22087,GEN-EWS,3085
22088,GEN,
22089,GEN-EWS,3086
22090,OBC-NCL,5193
22091,OBC-NCL,5194
22092,GEN-EWS,3087
22093,GEN,
22093,GEN,
22095,OBC-NCL,5195
22096,GEN,
22097,GEN,
22098,OBC-NCL,5196
22099,GEN,
22100,OBC-NCL,5197
22101,GEN,
22102,OBC-NCL,5198
22103,GEN-EWS,3088
22104,OBC-NCL,5199
22104,OBC-NCL,5199
22106,GEN-EWS,3089
22107,GEN,
22108,GEN-EWS,3090
22109,GEN,
22110,GEN,
22111,GEN-EWS,3091
22112,OBC-NCL,5201
22113,OBC-NCL,5202
22114,OBC-NCL,5203
22115,SC,682
22116,SC,683
22117,GEN-EWS,3092
22118,GEN-EWS,3093
22119,GEN,
22120,GEN,
22121,OBC-NCL,5204
22122,SC,684
22123,OBC-NCL,5205
22124,GEN,
22125,GEN,
22126,OBC-NCL,5206
22127,GEN,
22128,OBC-NCL,5207
22129,GEN-EWS,3094
22130,OBC-NCL,5208
22131,GEN,
22132,SC,685
22133,GEN,
22134,GEN,
22135,OBC-NCL,5209
22136,GEN,
22137,GEN,
22138,GEN,
22139,GEN,
22140,GEN-EWS,3095
22141,GEN,
22142,OBC-NCL,5210
22143,GEN,
22144,GEN-EWS,3096
22145,GEN,
22146,GEN-EWS,3097
22147,GEN-EWS,3098
22148,GEN-EWS,3099
22149,GEN,
22150,GEN,
22151,GEN-EWS,3100
22152,GEN,
22153,GEN-EWS,3101
22154,OBC-NCL,5211
22155,GEN,
22156,GEN,
22157,GEN,
22158,GEN,
22159,GEN,
22160,OBC-NCL,5212
22161,GEN-EWS,3102
22162,GEN-EWS,3103
22163,GEN-EWS,3104
22164,GEN-EWS,3105
22165,OBC-NCL,5213
22166,OBC-NCL,5214
22167,OBC-NCL,5215
22168,GEN,
22169,GEN,
22170,GEN,
22171,GEN,
22172,OBC-NCL,5216
22173,GEN,
22174,OBC-NCL,5217
22174,OBC-NCL,5217
22176,GEN,
22177,GEN-EWS,3106
22178,OBC-NCL,5219
22179,GEN,
22180,OBC-NCL,5220
22181,OBC-NCL,5221
22182,GEN-EWS,3107
22183,OBC-NCL,5222
22184,GEN,
22185,GEN,
22186,GEN,
22187,OBC-NCL,5224
22188,GEN,
22189,GEN,
22190,GEN,
22191,GEN,
22192,GEN,
22193,OBC-NCL,5225
22194,GEN,
22195,GEN,
22196,GEN-EWS,3108
22197,GEN,
22198,GEN-EWS,3109
22199,GEN,
22200,OBC-NCL,5226
22201,GEN,
22202,GEN,
22203,GEN,
22204,GEN,
22205,GEN,
22206,GEN,
22207,OBC-NCL,5227
22208,OBC-NCL,5228
22209,GEN-EWS,3110
22210,GEN,
22211,GEN-EWS,3111
22212,OBC-NCL,5229
22213,GEN-EWS,3112
22214,GEN-EWS,3113
22215,OBC-NCL,5230
22216,GEN,
22217,GEN,
22218,GEN,
22219,GEN-EWS,3114
22220,GEN,
22221,GEN,
22222,GEN,
22223,GEN,
22224,OBC-NCL,5231
22225,GEN,
22226,OBC-NCL,5232
22227,GEN-EWS,3115
22228,OBC-NCL,5233
22229,GEN,
22230,GEN,
22231,GEN,
22232,GEN,
22233,OBC-NCL,5234
22234,GEN-EWS,3116
22235,OBC-NCL,5235
22236,GEN,
22237,SC,686
22238,GEN,
22239,GEN,
22240,GEN,
22241,GEN,
22242,GEN-EWS,3117
22243,GEN,
22244,GEN,
22245,GEN,
22246,GEN,
22247,OBC-NCL,5236
22248,OBC-NCL,5237
22249,GEN,
22250,OBC-NCL,5238
22251,GEN,
22252,GEN,
22252,OBC-NCL,5239
22254,OBC-NCL,5240
22255,OBC-NCL,5241
22256,GEN,
22257,GEN,
22258,GEN,
22259,GEN,
22260,OBC-NCL,5242
22261,GEN,
22262,GEN,
22263,OBC-NCL,5243
22264,GEN-EWS,3118
22264,OBC-NCL,5244
22266,OBC-NCL,5245
22267,OBC-NCL,5246
22268,GEN-EWS,3119
22269,GEN-EWS,3120
22270,OBC-NCL,5247
22271,GEN,
22272,GEN-EWS,3121
22273,GEN,
22274,GEN,
22275,GEN,
22276,OBC-NCL,5248
22277,GEN,
22278,OBC-NCL,5249
22279,GEN,
22280,GEN,
22281,GEN-EWS,3123
22282,ST,160
22283,GEN,
22284,GEN,
22285,GEN,
22286,OBC-NCL,5250
22287,GEN,
22288,GEN,
22289,GEN,
22290,GEN,
22291,GEN,
22292,GEN,
22293,GEN-EWS,3124
22294,GEN,
22295,GEN,
22296,GEN,
22297,OBC-NCL,5251
22298,GEN,
22299,GEN,
22300,GEN,
22301,GEN,
22302,OBC-NCL,5252
22303,GEN-EWS,3125
22304,GEN,
22305,GEN,
22306,GEN,
22307,OBC-NCL,5253
22308,GEN,
22309,OBC-NCL,5254
22310,GEN,
22311,OBC-NCL,5255
22312,GEN,
22313,GEN,
22314,GEN,
22315,OBC-NCL,5256
22316,OBC-NCL,5257
22317,GEN,
22318,OBC-NCL,5258
22319,GEN,
22320,GEN,
22321,GEN,
22322,GEN,
22323,GEN,
22324,GEN-EWS,3126
22325,OBC-NCL,5259
22326,GEN,
22327,OBC-NCL,5260
22328,GEN,
22329,GEN-EWS,3127
22330,ST,161
22331,GEN,
22332,GEN,
22333,GEN,
22334,OBC-NCL,5261
22335,GEN,
22336,GEN,
22337,GEN,
22338,GEN-EWS,3128
22339,GEN,
22340,GEN,
22341,GEN,
22342,GEN,
22343,GEN,
22343,GEN-EWS,3129
22345,OBC-NCL,5262
22346,OBC-NCL,5263
22347,SC,687
22348,OBC-NCL,5264
22349,GEN-EWS,3130
22350,GEN,
22351,GEN,
22352,OBC-NCL,5265
22353,GEN,
22354,GEN,
22355,GEN-EWS,3132
22356,GEN-EWS,3133
22357,GEN-EWS,3134
22358,GEN,
22359,GEN-EWS,3135
22360,GEN,
22361,SC,688
22362,GEN-EWS,3136
22363,GEN,
22364,OBC-NCL,5266
22365,GEN,
22366,GEN,
22367,OBC-NCL,5267
22368,OBC-NCL,5268
22369,GEN,
22370,GEN,
22371,OBC-NCL,5269
22372,OBC-NCL,5270
22373,GEN-EWS,3137
22374,OBC-NCL,5271
22375,GEN,
22376,OBC-NCL,5272
22377,GEN,
22378,GEN,
22379,GEN,
22380,GEN,
22380,GEN,
22382,GEN,
22383,GEN-EWS,3138
22384,OBC-NCL,5273
22385,OBC-NCL,5274
22386,OBC-NCL,5275
22387,GEN,
22388,OBC-NCL,5276
22389,GEN,
22390,OBC-NCL,5277
22391,OBC-NCL,5278
22392,GEN,
22393,GEN-EWS,3139
22394,OBC-NCL,5279
22395,OBC-NCL,5280
22396,GEN,
22397,OBC-NCL,5281
22398,GEN,
22399,GEN,
22400,GEN,
22401,GEN,
22402,ST,162
22403,OBC-NCL,5282
22404,GEN,
22405,OBC-NCL,5283
22406,GEN,
22407,GEN,
22408,OBC-NCL,5284
22409,OBC-NCL,5285
22410,GEN-EWS,3140
22411,OBC-NCL,5286
22412,GEN-EWS,3141
22413,OBC-NCL,5287
22414,SC,689
22415,OBC-NCL,5288
22416,GEN-EWS,3142
22417,GEN-EWS,3143
22418,GEN,
22419,OBC-NCL,5289
22420,GEN,
22421,GEN,
22422,GEN,
22423,OBC-NCL,5290
22424,GEN,
22425,GEN,
22426,OBC-NCL,5291
22427,GEN-EWS,3144
22428,GEN,
22429,GEN,
22430,OBC-NCL,5292
22431,SC,690
22432,GEN,
22433,OBC-NCL,5293
22434,GEN,
22435,GEN,
22436,OBC-NCL,5294
22437,OBC-NCL,5295
22438,OBC-NCL,5296
22439,GEN,
22440,GEN-EWS,3145
22441,GEN,
22442,OBC-NCL,5297
22443,GEN-EWS,3146
22443,OBC-NCL,5298
22445,OBC-NCL,5299
22446,OBC-NCL,5300
22447,OBC-NCL,5301
22448,GEN,
22449,OBC-NCL,5302
22450,OBC-NCL,5303
22451,OBC-NCL,5304
22452,GEN-EWS,3147
22453,OBC-NCL,5305
22454,GEN-EWS,3148
22455,OBC-NCL,5306
22456,GEN,
22456,GEN,
22458,GEN,
22459,GEN-EWS,3149
22460,OBC-NCL,5307
22461,GEN-EWS,3150
22462,GEN,
22463,GEN,
22464,GEN,
22465,GEN,
22466,GEN,
22467,GEN,
22468,GEN,
22469,GEN,
22470,GEN,
22471,OBC-NCL,5308
22472,GEN-EWS,3151
22473,GEN,
22474,GEN,
22475,GEN-EWS,3152
22476,GEN,
22477,OBC-NCL,5309
22478,GEN-EWS,3153
22479,GEN-EWS,3154
22480,OBC-NCL,5310
22481,GEN,
22482,GEN,
22483,OBC-NCL,5311
22484,GEN-EWS,3155
22485,GEN,
22486,GEN-EWS,3156
22487,GEN,
22488,GEN,
22489,GEN,
22490,OBC-NCL,5312
22491,GEN,
22492,GEN,
22493,GEN,
22494,GEN,
22495,GEN-EWS,3157
22496,OBC-NCL,5313
22497,OBC-NCL,5314
22498,GEN,
22499,SC,691
22500,GEN,
22501,GEN-EWS,3158
22502,GEN-EWS,3159
22503,GEN,
22504,GEN,
22505,GEN-EWS,3160
22506,GEN,
22507,OBC-NCL,5315
22508,GEN,
22509,OBC-NCL,5317
22510,GEN,
22511,GEN,
22512,GEN-EWS,3161
22513,GEN,
22514,SC,692
22515,GEN,
22516,GEN,
22517,GEN,
22518,GEN,
22519,SC,693
22520,GEN,
22520,GEN-EWS,3162
22522,OBC-NCL,5318
22523,GEN,
22524,GEN,
22525,GEN,
22526,GEN,
22527,GEN,
22528,GEN,
22529,SC,694
22530,GEN,
22531,OBC-NCL,5319
22532,GEN,
22533,GEN,
22534,GEN,
22535,ST,163
22536,GEN-EWS,3163
22537,OBC-NCL,5320
22538,GEN,
22539,OBC-NCL,5321
22540,GEN,
22541,GEN,
22541,GEN,
22543,GEN,
22544,GEN-EWS,3164
22545,GEN,
22546,GEN,
22547,GEN,
22548,OBC-NCL,5322
22549,GEN,
22550,GEN,
22551,GEN,
22552,OBC-NCL,5323
22553,GEN,
22554,GEN,
22555,OBC-NCL,5324
22556,GEN,
22557,GEN,
22558,GEN,
22559,GEN,
22560,GEN,
22561,OBC-NCL,5325
22562,GEN,
22563,GEN-EWS,3165
22564,GEN,
22565,GEN,
22566,OBC-NCL,5326
22567,SC,695
22568,OBC-NCL,5327
22569,GEN,
22570,GEN,
22571,OBC-NCL,5328
22572,OBC-NCL,5329
22573,OBC-NCL,5330
22574,OBC-NCL,5331
22575,GEN,
22576,GEN,
22577,GEN,
22578,GEN,
22579,GEN,
22580,GEN,
22581,GEN-EWS,3166
22582,OBC-NCL,5332
22583,GEN,
22584,GEN,
22585,GEN,
22586,GEN,
22587,GEN,
22588,GEN,
22589,OBC-NCL,5333
22590,GEN,
22591,OBC-NCL,5334
22592,SC,696
22593,OBC-NCL,5335
22594,GEN,
22595,GEN,
22596,OBC-NCL,5336
22597,GEN,
22598,GEN,
22599,GEN,
22600,GEN-EWS,3167
22601,GEN,
22602,GEN-EWS,3168
22603,GEN,
22604,GEN,
22605,GEN,
22606,GEN-EWS,3169
22607,OBC-NCL,5337
22608,OBC-NCL,5338
22609,OBC-NCL,5339
22610,GEN-EWS,3170
22611,GEN-EWS,3171
22612,GEN,
22613,GEN-EWS,3172
22614,GEN,
22615,GEN,
22616,GEN,
22617,SC,697
22618,OBC-NCL,5340
22619,GEN,
22620,OBC-NCL,5341
22621,GEN,
22622,GEN,
22623,GEN,
22624,OBC-NCL,5342
22625,OBC-NCL,5343
22626,GEN,
22627,GEN-EWS,3173
22628,GEN-EWS,3174
22629,OBC-NCL,5344
22630,GEN,
22631,GEN,
22632,OBC-NCL,5345
22633,OBC-NCL,5346
22634,GEN,
22635,GEN,
22636,SC,698
22637,GEN,
22638,ST,164
22639,OBC-NCL,5347
22640,GEN,
22641,GEN-EWS,3175
22642,GEN,
22643,OBC-NCL,5348
22644,GEN,
22645,GEN,
22646,GEN,
22647,GEN,
22648,GEN,
22649,SC,699
22650,GEN-EWS,3176
22651,GEN-EWS,3177
22652,GEN,
22653,OBC-NCL,5349
22654,GEN-EWS,3178
22654,OBC-NCL,5350
22656,GEN,
22657,SC,700
22658,GEN-EWS,3179
22659,GEN,
22660,OBC-NCL,5351
22661,GEN,
22662,GEN,
22663,GEN,
22664,GEN,
22665,GEN,
22666,OBC-NCL,5352
22667,OBC-NCL,5353
22668,OBC-NCL,5354
22669,OBC-NCL,5355
22670,ST,165
22671,SC,701
22672,OBC-NCL,5356
22673,GEN-EWS,3180
22674,GEN-EWS,3181
22675,OBC-NCL,5357
22676,GEN-EWS,3182
22677,GEN-EWS,3183
22678,GEN,
22679,GEN,
22680,SC,702
22681,GEN,
22682,GEN,
22683,GEN,
22684,OBC-NCL,5358
22685,GEN,
22686,GEN,
22687,OBC-NCL,5359
22688,OBC-NCL,5360
22689,GEN,
22690,GEN-EWS,3184
22691,GEN,
22692,GEN,
22693,GEN-EWS,3185
22694,OBC-NCL,5361
22695,OBC-NCL,5362
22696,GEN-EWS,3186
22697,GEN,
22698,GEN,
22699,OBC-NCL,5363
22700,GEN,
22701,GEN,
22702,GEN,
22703,GEN,
22704,GEN,
22705,GEN,
22706,OBC-NCL,5364
22707,OBC-NCL,5365
22708,GEN,
22709,OBC-NCL,5366
22710,GEN,
22711,GEN,
22712,ST,166
22713,GEN,
22714,GEN,
22715,GEN-EWS,3187
22716,OBC-NCL,5367
22717,OBC-NCL,5368
22718,GEN,
22719,OBC-NCL,5369
22720,OBC-NCL,5370
22721,GEN-EWS,3188
22722,OBC-NCL,5371
22723,OBC-NCL,5372
22724,OBC-NCL,5373
22725,GEN,
22726,SC,703
22727,OBC-NCL,5374
22728,GEN,
22728,GEN-EWS,3189
22730,GEN,
22731,GEN,
22732,OBC-NCL,5375
22733,GEN,
22734,GEN,
22735,GEN,
22736,GEN,
22737,GEN,
22738,GEN,
22739,OBC-NCL,5376
22740,OBC-NCL,5377
22741,GEN,
22742,GEN,
22743,GEN,
22744,GEN,
22745,OBC-NCL,5378
22746,OBC-NCL,5379
22747,OBC-NCL,5380
22748,OBC-NCL,5382
22749,OBC-NCL,5383
22750,GEN,
22751,GEN,
22752,OBC-NCL,5384
22753,GEN,
22754,GEN,
22755,OBC-NCL,5385
22756,GEN,
22757,OBC-NCL,5386
22758,OBC-NCL,5387
22759,GEN,
22760,GEN,
22761,GEN,
22762,GEN,
22763,GEN,
22764,OBC-NCL,5388
22765,GEN,
22766,GEN-EWS,3190
22767,SC,704
22768,GEN,
22769,GEN,
22770,GEN,
22771,OBC-NCL,5390
22772,GEN,
22773,GEN,
22774,GEN-EWS,3191
22775,GEN-EWS,3192
22776,OBC-NCL,5391
22777,OBC-NCL,5392
22778,GEN,
22779,OBC-NCL,5393
22780,OBC-NCL,5394
22781,GEN-EWS,3193
22782,GEN-EWS,3194
22783,GEN-EWS,3195
22784,GEN-EWS,3196
22785,SC,705
22786,GEN,
22787,GEN,
22788,GEN,
22789,GEN,
22790,OBC-NCL,5395
22791,GEN,
22792,GEN,
22793,GEN,
22794,OBC-NCL,5396
22795,GEN-EWS,3197
22796,OBC-NCL,5397
22797,GEN,
22798,GEN,
22799,OBC-NCL,5398
22800,SC,706
22801,OBC-NCL,5399
22802,GEN,
22803,GEN,
22804,GEN,
22805,GEN-EWS,3198
22806,GEN-EWS,3199
22807,GEN,
22808,OBC-NCL,5400
22809,GEN,
22810,OBC-NCL,5401
22811,GEN,
22812,GEN,
22813,GEN,
22814,GEN,
22815,GEN,
22816,OBC-NCL,5402
22817,GEN,
22818,GEN,
22819,OBC-NCL,5403
22820,GEN,
22821,GEN,
22822,OBC-NCL,5404
22823,OBC-NCL,5405
22824,OBC-NCL,5406
22825,GEN,
22826,OBC-NCL,5407
22827,GEN,
22828,GEN,
22829,GEN,
22830,GEN,
22831,GEN-EWS,3200
22832,SC,707
22833,GEN,
22834,GEN,
22835,GEN,
22836,GEN,
22837,OBC-NCL,5408
22838,OBC-NCL,5409
22839,GEN,
22840,OBC-NCL,5410
22841,GEN-EWS,3201
22842,OBC-NCL,5411
22843,GEN,
22844,GEN,
22845,OBC-NCL,5412
22846,OBC-NCL,5413
22847,GEN,
22848,OBC-NCL,5414
22849,GEN,
22850,GEN-EWS,3202
22851,OBC-NCL,5415
22852,GEN,
22853,GEN-EWS,3203
22854,GEN-EWS,3204
22855,OBC-NCL,5416
22856,GEN-EWS,3205
22857,GEN,
22858,OBC-NCL,5417
22859,OBC-NCL,5418
22860,GEN,
22861,GEN,
22862,OBC-NCL,5419
22863,GEN,
22864,SC,708
22865,GEN,
22866,SC,709
22867,SC,710
22868,GEN,
22869,GEN,
22870,OBC-NCL,5420
22871,GEN,
22872,GEN-EWS,3206
22873,OBC-NCL,5421
22874,OBC-NCL,5422
22875,GEN,
22876,GEN-EWS,3207
22877,OBC-NCL,5423
22878,GEN,
22879,GEN,
22880,GEN,
22881,OBC-NCL,5424
22882,GEN-EWS,3208
22883,GEN,
22884,GEN-EWS,3209
22885,GEN,
22886,OBC-NCL,5425
22887,GEN,
22888,GEN,
22889,OBC-NCL,5426
22890,GEN,
22891,GEN-EWS,3210
22892,GEN,
22893,GEN-EWS,3211
22894,OBC-NCL,5427
22895,GEN,
22896,OBC-NCL,5428
22897,GEN,
22898,OBC-NCL,5429
22899,GEN-EWS,3212
22900,GEN-EWS,3213
22901,GEN,
22902,GEN,
22903,GEN,
22904,OBC-NCL,5430
22905,SC,711
22906,OBC-NCL,5431
22907,OBC-NCL,5432
22908,OBC-NCL,5433
22909,GEN,
22910,OBC-NCL,5434
22911,GEN,
22912,GEN-EWS,3214
22913,OBC-NCL,5435
22914,ST,167
22915,OBC-NCL,5436
22916,GEN,
22917,GEN,
22918,GEN,
22919,OBC-NCL,5437
22920,GEN,
22921,GEN-EWS,3215
22922,GEN,
22923,GEN,
22924,OBC-NCL,5438
22925,GEN-EWS,3216
22926,OBC-NCL,5439
22927,ST,168
22928,OBC-NCL,5440
22929,OBC-NCL,5441
22930,GEN,
22931,OBC-NCL,5442
22932,GEN,
22933,GEN,
22934,GEN,
22935,OBC-NCL,5443
22936,GEN,
22937,GEN,
22937,OBC-NCL,5444
22939,GEN-EWS,3217
22940,GEN-EWS,3218
22941,GEN,
22942,GEN-EWS,3219
22943,SC,712
22944,GEN,
22945,GEN-EWS,3220
22946,OBC-NCL,5445
22947,GEN-EWS,3221
22948,GEN,
22949,GEN,
22950,GEN-EWS,3222
22951,GEN,
22952,OBC-NCL,5446
22953,OBC-NCL,5447
22954,GEN-EWS,3223
22955,GEN-EWS,3224
22956,GEN-EWS,3225
22957,OBC-NCL,5448
22958,GEN-EWS,3226
22959,GEN-EWS,3227
22960,GEN,
22961,GEN-EWS,3228
22962,SC,713
22963,GEN,
22964,SC,714
22965,GEN-EWS,3229
22966,OBC-NCL,5449
22967,GEN-EWS,3230
22968,OBC-NCL,5450
22969,OBC-NCL,5451
22970,OBC-NCL,5452
22971,GEN,
22972,GEN,
22973,GEN,
22974,GEN,
22975,OBC-NCL,5453
22976,OBC-NCL,5454
22977,GEN,
22978,GEN,
22979,GEN-EWS,3231
22980,GEN,
22980,GEN-EWS,3232
22982,GEN,
22983,GEN,
22984,GEN-EWS,3233
22985,GEN,
22986,GEN,
22987,SC,715
22988,GEN,
22989,OBC-NCL,5455
22990,OBC-NCL,5456
22991,GEN,
22992,GEN,
22993,GEN-EWS,3234
22994,GEN,
22995,GEN,
22996,OBC-NCL,5457
22997,OBC-NCL,5458
22998,GEN-EWS,3235
22999,GEN-EWS,3236
23000,OBC-NCL,5459
23001,SC,716
23002,GEN,
23003,GEN,
23004,GEN,
23005,OBC-NCL,5460
23006,OBC-NCL,5461
23007,GEN,
23008,OBC-NCL,5462
23009,GEN-EWS,3237
23010,OBC-NCL,5463
23011,ST,169
23012,GEN,
23013,GEN-EWS,3238
23014,GEN,
23015,GEN,
23016,GEN,
23017,OBC-NCL,5464
23018,GEN,
23019,GEN,
23020,GEN-EWS,3239
23021,GEN,
23022,GEN,
23023,GEN,
23024,GEN,
23025,GEN-EWS,3240
23026,OBC-NCL,5465
23027,GEN,
23028,GEN,
23029,OBC-NCL,5466
23030,GEN,
23031,OBC-NCL,5467
23032,GEN,
23033,OBC-NCL,5468
23034,GEN-EWS,3241
23035,GEN-EWS,3242
23036,SC,717
23037,GEN,
23038,OBC-NCL,5469
23039,OBC-NCL,5470
23040,OBC-NCL,5471
23041,GEN-EWS,3243
23042,GEN,
23043,GEN-EWS,3244
23044,GEN,
23045,GEN,
23046,OBC-NCL,5472
23047,GEN,
23048,GEN-EWS,3245
23049,GEN-EWS,3246
23050,GEN,
23051,GEN-EWS,3247
23052,GEN,
23053,GEN,
23054,OBC-NCL,5473
23055,GEN,
23056,OBC-NCL,5474
23057,GEN-EWS,3248
23058,GEN,
23059,GEN,
23060,SC,718
23061,GEN,
23062,GEN,
23063,GEN-EWS,3249
23064,GEN-EWS,3250
23065,GEN,
23066,OBC-NCL,5475
23067,GEN,
23068,GEN-EWS,3251
23069,OBC-NCL,5476
23070,OBC-NCL,5477
23071,OBC-NCL,5478
23072,OBC-NCL,5479
23073,GEN-EWS,3252
23074,SC,719
23075,GEN,
23076,GEN,
23077,OBC-NCL,5480
23078,OBC-NCL,5481
23079,GEN-EWS,3253
23080,GEN,
23081,GEN,
23082,GEN,
23083,OBC-NCL,5482
23084,GEN,
23085,GEN-EWS,3254
23086,OBC-NCL,5483
23087,GEN,
23088,GEN,
23089,GEN,
23090,GEN-EWS,3255
23091,OBC-NCL,5484
23092,GEN-EWS,3256
23093,GEN,
23094,GEN,
23095,GEN,
23096,OBC-NCL,5485
23097,GEN,
23098,GEN,
23099,OBC-NCL,5486
23100,OBC-NCL,5487
23101,OBC-NCL,5488
23102,GEN-EWS,3257
23103,OBC-NCL,5489
23104,GEN,
23105,GEN,
23106,ST,170
23107,OBC-NCL,5490
23108,OBC-NCL,5491
23109,GEN,
23110,ST,171
23111,GEN,
23112,GEN-EWS,3258
23113,GEN,
23114,OBC-NCL,5492
23115,OBC-NCL,5493
23116,GEN,
23117,GEN,
23118,OBC-NCL,5494
23119,SC,720
23120,GEN,
23121,GEN,
23122,GEN,
23123,OBC-NCL,5495
23124,GEN,
23125,GEN-EWS,3259
23126,GEN,
23127,OBC-NCL,5496
23128,OBC-NCL,5497
23129,GEN,
23130,GEN,
23131,GEN,
23132,GEN,
23133,GEN,
23134,GEN,
23135,GEN-EWS,3260
23136,GEN-EWS,3261
23137,GEN,
23138,GEN,
23139,GEN,
23140,GEN,
23141,OBC-NCL,5498
23142,GEN,
23143,OBC-NCL,5499
23144,GEN-EWS,3262
23145,OBC-NCL,5500
23146,OBC-NCL,5501
23147,OBC-NCL,5502
23148,GEN,
23149,SC,721
23150,GEN,
23151,GEN-EWS,3263
23152,OBC-NCL,5504
23153,GEN,
23154,OBC-NCL,5505
23155,GEN,
23156,OBC-NCL,5506
23157,GEN,
23158,ST,173
23159,GEN,
23160,GEN,
23161,GEN,
23162,GEN,
23163,GEN-EWS,3264
23164,GEN,
23165,OBC-NCL,5507
23166,OBC-NCL,5508
23167,GEN,
23168,GEN,
23169,OBC-NCL,5509
23170,GEN,
23171,GEN,
23172,GEN-EWS,3265
23173,GEN,
23174,GEN,
23175,SC,723
23176,OBC-NCL,5512
23177,OBC-NCL,5513
23178,OBC-NCL,5514
23179,GEN,
23180,GEN,
23181,GEN,
23182,GEN,
23183,GEN,
23184,GEN,
23185,GEN-EWS,3266
23186,GEN,
23187,GEN-EWS,3267
23188,GEN,
23189,GEN,
23190,GEN,
23191,GEN,
23192,OBC-NCL,5515
23193,GEN,
23194,GEN-EWS,3268
23195,GEN,
23196,OBC-NCL,5516
23197,OBC-NCL,5517
23198,GEN,
23199,GEN,
23200,OBC-NCL,5518
23201,GEN,
23202,GEN-EWS,3269
23203,GEN-EWS,3270
23204,GEN,
23205,GEN,
23206,SC,725
23207,GEN,
23208,GEN,
23209,GEN,
23210,OBC-NCL,5519
23211,GEN,
23212,GEN,
23213,OBC-NCL,5520
23214,OBC-NCL,5521
23215,OBC-NCL,5522
23216,SC,726
23217,GEN,
23218,GEN-EWS,3271
23219,GEN,
23220,GEN,
23221,OBC-NCL,5523
23222,OBC-NCL,5524
23223,OBC-NCL,5525
23224,GEN,
23225,GEN,
23226,OBC-NCL,5526
23227,OBC-NCL,5527
23228,OBC-NCL,5528
23229,GEN-EWS,3272
23230,OBC-NCL,5529
23231,GEN-EWS,3273
23232,GEN-EWS,3274
23233,OBC-NCL,5530
23234,GEN,
23235,GEN,
23236,ST,174
23237,GEN-EWS,3275
23238,GEN-EWS,3276
23239,OBC-NCL,5531
23240,OBC-NCL,5532
23241,GEN,
23242,GEN,
23243,OBC-NCL,5533
23244,GEN-EWS,3278
23245,OBC-NCL,5534
23246,GEN,
23247,GEN,
23248,GEN,
23249,GEN-EWS,3279
23250,GEN,
23251,OBC-NCL,5536
23252,OBC-NCL,5537
23253,GEN,
23254,GEN-EWS,3280
23255,GEN,
23256,GEN,
23257,GEN-EWS,3281
23258,GEN,
23258,OBC-NCL,5538
23260,GEN,
23261,GEN,
23262,GEN,
23263,OBC-NCL,5539
23264,OBC-NCL,5540
23265,OBC-NCL,5541
23266,GEN-EWS,3282
23267,GEN,
23268,OBC-NCL,5542
23269,GEN,
23270,GEN,
23271,OBC-NCL,5543
23272,GEN,
23273,OBC-NCL,5544
23274,OBC-NCL,5545
23275,GEN,
23276,OBC-NCL,5546
23277,SC,727
23278,GEN,
23279,GEN,
23280,OBC-NCL,5547
23281,GEN,
23282,OBC-NCL,5548
23283,GEN,
23284,GEN,
23285,GEN,
23286,GEN,
23287,GEN,
23288,OBC-NCL,5549
23289,OBC-NCL,5550
23290,GEN-EWS,3283
23291,GEN-EWS,3284
23292,GEN,
23293,GEN,
23294,GEN-EWS,3285
23295,OBC-NCL,5551
23296,OBC-NCL,5552
23297,GEN,
23298,OBC-NCL,5553
23299,GEN,
23300,GEN,
23301,GEN-EWS,3286
23302,GEN,
23303,GEN,
23304,OBC-NCL,5554
23305,SC,728
23306,GEN,
23307,GEN,
23308,GEN,
23309,GEN,
23310,OBC-NCL,5555
23311,GEN,
23312,GEN-EWS,3287
23313,GEN-EWS,3288
23314,OBC-NCL,5556
23315,GEN,
23316,GEN,
23317,GEN,
23318,GEN,
23319,GEN,
23320,GEN,
23321,GEN,
23322,GEN,
23323,GEN,
23324,OBC-NCL,5557
23325,OBC-NCL,5558
23326,OBC-NCL,5559
23327,GEN-EWS,3289
23328,GEN,
23329,GEN,
23330,GEN-EWS,3290
23331,GEN,
23332,GEN,
23333,OBC-NCL,5560
23334,GEN-EWS,3291
23335,OBC-NCL,5561
23336,OBC-NCL,5562
23337,GEN,
23338,GEN,
23339,GEN-EWS,3292
23340,GEN,
23341,GEN,
23342,GEN,
23343,GEN,
23344,OBC-NCL,5563
23345,GEN,
23346,OBC-NCL,5564
23347,OBC-NCL,5565
23348,OBC-NCL,5566
23349,OBC-NCL,5567
23350,SC,729
23351,GEN,
23352,OBC-NCL,5568
23353,GEN,
23354,GEN,
23355,OBC-NCL,5569
23356,GEN,
23357,GEN-EWS,3293
23358,GEN,
23359,GEN,
23360,GEN-EWS,3295
23361,OBC-NCL,5570
23362,GEN,
23363,GEN-EWS,3296
23364,OBC-NCL,5571
23365,OBC-NCL,5572
23366,OBC-NCL,5574
23367,GEN-EWS,3297
23368,OBC-NCL,5575
23369,GEN,
23370,SC,730
23371,OBC-NCL,5576
23372,GEN-EWS,3298
23373,GEN,
23374,OBC-NCL,5577
23375,OBC-NCL,5578
23376,GEN,
23377,GEN,
23378,GEN,
23379,GEN,
23380,GEN,
23381,GEN,
23382,GEN-EWS,3299
23383,GEN-EWS,3300
23384,GEN-EWS,3301
23385,GEN-EWS,3302
23386,GEN-EWS,3303
23387,GEN,
23388,GEN-EWS,3304
23389,GEN,
23390,GEN,
23391,OBC-NCL,5579
23392,OBC-NCL,5580
23393,SC,731
23394,GEN,
23395,GEN,
23396,OBC-NCL,5581
23397,GEN-EWS,3305
23398,GEN-EWS,3306
23399,GEN,
23400,OBC-NCL,5582
23401,GEN,
23402,GEN,
23403,GEN,
23404,OBC-NCL,5583
23405,OBC-NCL,5584
23406,GEN,
23407,OBC-NCL,5585
23408,OBC-NCL,5586
23409,GEN,
23410,GEN,
23411,GEN,
23412,GEN,
23413,SC,732
23414,SC,733
23415,OBC-NCL,5587
23416,GEN,
23417,GEN-EWS,3307
23418,GEN,
23419,GEN,
23420,GEN-EWS,3308
23421,OBC-NCL,5588
23422,GEN-EWS,3309
23423,SC,734
23424,GEN,
23425,OBC-NCL,5589
23426,GEN,
23427,OBC-NCL,5590
23428,GEN-EWS,3310
23429,OBC-NCL,5591
23430,OBC-NCL,5592
23431,GEN,
23431,GEN-EWS,3311
23433,OBC-NCL,5593
23434,OBC-NCL,5594
23435,GEN,
23436,GEN,
23437,GEN,
23438,GEN,
23439,GEN,
23440,OBC-NCL,5596
23441,OBC-NCL,5597
23442,OBC-NCL,5598
23443,GEN-EWS,3312
23444,OBC-NCL,5599
23445,GEN,
23446,GEN,
23447,GEN,
23448,GEN,
23449,GEN,
23450,GEN,
23451,GEN,
23452,GEN,
23453,OBC-NCL,5600
23454,GEN,
23455,GEN,
23456,GEN,
23457,GEN-EWS,3313
23458,GEN,
23459,GEN,
23460,OBC-NCL,5601
23461,OBC-NCL,5602
23462,GEN,
23463,GEN-EWS,3314
23464,GEN,
23465,GEN,
23466,GEN,
23467,GEN,
23468,GEN,
23469,GEN-EWS,3315
23470,OBC-NCL,5603
23471,GEN-EWS,3316
23472,GEN,
23473,OBC-NCL,5604
23474,GEN-EWS,3317
23475,GEN,
23476,GEN-EWS,3318
23477,GEN,
23478,GEN-EWS,3319
23479,GEN,
23480,GEN,
23481,OBC-NCL,5605
23482,OBC-NCL,5606
23483,GEN,
23484,OBC-NCL,5607
23485,GEN,
23486,SC,735
23487,OBC-NCL,5608
23488,SC,736
23489,OBC-NCL,5609
23489,OBC-NCL,5609
23491,OBC-NCL,5611
23492,GEN,
23493,GEN-EWS,3320
23494,GEN,
23495,OBC-NCL,5612
23496,ST,175
23497,GEN,
23498,GEN,
23499,OBC-NCL,5613
23500,OBC-NCL,5614
23501,GEN,
23502,GEN-EWS,3321
23503,GEN-EWS,3322
23504,GEN,
23505,GEN-EWS,3323
23506,GEN-EWS,3324
23507,OBC-NCL,5615
23508,GEN-EWS,3325
23509,GEN,
23510,SC,737
23511,GEN,
23512,GEN-EWS,3326
23513,GEN-EWS,3327
23514,GEN-EWS,3328
23515,OBC-NCL,5616
23516,GEN,
23517,GEN,
23518,GEN,
23519,OBC-NCL,5617
23520,OBC-NCL,5618
23521,GEN,
23522,OBC-NCL,5619
23523,GEN,
23524,GEN-EWS,3329
23525,GEN,
23526,SC,738
23527,GEN-EWS,3330
23528,GEN,
23529,GEN,
23530,OBC-NCL,5620
23531,SC,739
23532,GEN-EWS,3331
23533,GEN,
23534,GEN-EWS,3332
23535,GEN,
23536,SC,740
23537,GEN,
23538,OBC-NCL,5621
23539,OBC-NCL,5622
23540,GEN,
23541,OBC-NCL,5623
23542,OBC-NCL,5624
23543,GEN,
23544,OBC-NCL,5625
23545,GEN,
23546,GEN,
23547,GEN-EWS,3333
23548,OBC-NCL,5626
23549,GEN,
23550,GEN-EWS,3334
23551,OBC-NCL,5627
23552,OBC-NCL,5628
23553,GEN,
23554,OBC-NCL,5629
23555,OBC-NCL,5630
23556,GEN,
23557,GEN-EWS,3335
23558,GEN,
23559,GEN-EWS,3336
23560,GEN,
23561,GEN-EWS,3337
23562,GEN,
23563,GEN,
23564,GEN,
23565,SC,742
23566,GEN,
23567,GEN,
23568,GEN,
23569,OBC-NCL,5631
23570,GEN,
23571,ST,176
23572,GEN,
23573,GEN,
23574,GEN,
23575,GEN,
23576,GEN,
23577,GEN,
23578,GEN,
23579,GEN,
23580,GEN-EWS,3338
23581,GEN-EWS,3339
23582,GEN-EWS,3340
23583,GEN,
23584,GEN-EWS,3341
23585,OBC-NCL,5633
23585,OBC-NCL,5633
23587,GEN,
23588,GEN,
23589,GEN,
23590,GEN,
23590,OBC-NCL,5635
23592,OBC-NCL,5636
23593,GEN,
23594,GEN,
23595,GEN,
23596,GEN,
23597,OBC-NCL,5637
23598,OBC-NCL,5638
23599,GEN-EWS,3342
23600,OBC-NCL,5639
23601,GEN-EWS,3343
23602,GEN,
23603,GEN,
23604,GEN-EWS,3344
23605,OBC-NCL,5640
23606,GEN,
23607,GEN-EWS,3345
23608,GEN,
23609,GEN,
23610,GEN,
23611,OBC-NCL,5641
23612,GEN,
23613,GEN-EWS,3346
23614,GEN,
23615,GEN-EWS,3347
23616,GEN,
23617,SC,743
23618,GEN,
23619,OBC-NCL,5642
23620,GEN,
23621,GEN,
23622,GEN-EWS,3348
23623,GEN,
23624,GEN,
23625,OBC-NCL,5643
23626,SC,744
23627,OBC-NCL,5644
23628,GEN,
23629,GEN,
23630,GEN,
23631,SC,745
23632,OBC-NCL,5645
23633,GEN,
23634,OBC-NCL,5646
23635,GEN,
23636,GEN,
23637,GEN,
23638,OBC-NCL,5647
23639,GEN,
23640,GEN,
23641,GEN,
23642,GEN,
23642,GEN-EWS,3349
23644,GEN-EWS,3350
23645,SC,746
23646,SC,747
23647,OBC-NCL,5648
23648,SC,748
23649,OBC-NCL,5649
23650,OBC-NCL,5650
23651,GEN,
23652,OBC-NCL,5651
23653,GEN,
23654,GEN,
23655,OBC-NCL,5652
23656,GEN-EWS,3351
23657,ST,177
23658,SC,749
23659,GEN,
23660,GEN,
23661,OBC-NCL,5653
23662,GEN-EWS,3352
23663,SC,750
23664,OBC-NCL,5654
23665,OBC-NCL,5655
23666,SC,751
23667,OBC-NCL,5656
23668,GEN-EWS,3353
23669,OBC-NCL,5657
23670,OBC-NCL,5658
23671,GEN,
23672,OBC-NCL,5659
23673,GEN,
23674,GEN,
23675,GEN,
23676,GEN-EWS,3354
23677,GEN-EWS,3355
23678,GEN,
23679,OBC-NCL,5660
23680,OBC-NCL,5661
23681,GEN,
23682,GEN,
23683,OBC-NCL,5662
23684,GEN-EWS,3356
23685,GEN,
23686,OBC-NCL,5663
23687,GEN,
23688,GEN,
23689,GEN,
23690,GEN,
23691,GEN,
23692,GEN-EWS,3357
23693,GEN,
23694,GEN,
23695,OBC-NCL,5664
23696,GEN,
23697,GEN-EWS,3358
23698,ST,178
23699,GEN-EWS,3359
23700,GEN,
23701,GEN,
23702,GEN,
23703,GEN-EWS,3360
23704,GEN,
23705,OBC-NCL,5666
23706,GEN-EWS,3361
23707,OBC-NCL,5667
23708,OBC-NCL,5668
23709,OBC-NCL,5669
23710,GEN,
23711,GEN,
23712,GEN,
23713,GEN-EWS,3362
23714,GEN,
23714,OBC-NCL,5670
23716,GEN,
23717,GEN-EWS,3363
23718,GEN,
23719,GEN,
23720,OBC-NCL,5671
23721,GEN,
23722,OBC-NCL,5672
23723,GEN-EWS,3364
23724,SC,753
23725,GEN-EWS,3365
23726,GEN,
23727,OBC-NCL,5673
23728,GEN,
23729,GEN-EWS,3366
23730,OBC-NCL,5674
23731,GEN-EWS,3367
23732,SC,754
23733,GEN,
23734,OBC-NCL,5675
23735,GEN-EWS,3368
23736,GEN,
23737,GEN,
23738,GEN,
23739,GEN,
23740,GEN-EWS,3369
23741,OBC-NCL,5676
23742,GEN-EWS,3370
23743,GEN,
23744,GEN,
23745,GEN,
23746,GEN-EWS,3371
23747,GEN,
23748,SC,755
23749,GEN,
23750,OBC-NCL,5677
23751,OBC-NCL,5678
23752,OBC-NCL,5679
23753,GEN,
23754,GEN,
23755,GEN-EWS,3372
23756,GEN,
23757,GEN,
23758,GEN,
23759,SC,756
23760,GEN-EWS,3373
23761,GEN,
23762,OBC-NCL,5680
23763,OBC-NCL,5681
23764,OBC-NCL,5682
23765,GEN-EWS,3374
23766,GEN,
23767,GEN,
23768,OBC-NCL,5683
23769,SC,757
23770,GEN-EWS,3375
23771,GEN,
23772,OBC-NCL,5684
23773,GEN,
23774,OBC-NCL,5685
23775,GEN-EWS,3376
23776,GEN,
23777,OBC-NCL,5686
23778,GEN,
23779,GEN,
23780,GEN,
23781,GEN,
23782,GEN,
23783,GEN,
23784,GEN,
23785,OBC-NCL,5687
23786,GEN-EWS,3377
23787,OBC-NCL,5688
23788,GEN,
23789,GEN,
23790,GEN,
23791,GEN,
23792,OBC-NCL,5689
23793,OBC-NCL,5690
23794,GEN,
23795,GEN-EWS,3378
23796,OBC-NCL,5691
23797,GEN,
23798,OBC-NCL,5692
23799,GEN-EWS,3379
23800,GEN-EWS,3380
23801,GEN,
23802,OBC-NCL,5693
23803,GEN-EWS,3381
23804,OBC-NCL,5694
23805,OBC-NCL,5695
23806,OBC-NCL,5696
23807,ST,179
23808,GEN-EWS,3382
23809,GEN,
23810,GEN,
23811,GEN,
23812,SC,758
23813,GEN-EWS,3383
23814,GEN-EWS,3384
23815,GEN,
23816,GEN,
23817,GEN-EWS,3385
23818,OBC-NCL,5697
23819,OBC-NCL,5698
23820,GEN,
23821,GEN,
23822,OBC-NCL,5699
23823,GEN,
23824,GEN-EWS,3386
23825,GEN,
23826,GEN,
23827,GEN-EWS,3387
23828,OBC-NCL,5700
23829,GEN,
23830,GEN-EWS,3388
23831,GEN,
23832,GEN,
23833,GEN,
23834,GEN,
23835,GEN,
23836,GEN,
23837,GEN,
23838,GEN-EWS,3389
23839,GEN,
23840,GEN,
23841,GEN,
23842,GEN,
23843,OBC-NCL,5701
23844,OBC-NCL,5702
23845,GEN,
23846,GEN,
23847,OBC-NCL,5703
23848,GEN,
23849,OBC-NCL,5704
23850,GEN,
23851,OBC-NCL,5705
23852,GEN,
23853,GEN-EWS,3390
23854,GEN,
23855,OBC-NCL,5706
23856,OBC-NCL,5707
23857,SC,759
23858,GEN,
23859,GEN,
23860,SC,760
23861,SC,761
23862,GEN,
23863,OBC-NCL,5708
23864,GEN-EWS,3391
23865,SC,762
23866,GEN,
23867,GEN,
23868,GEN,
23869,OBC-NCL,5709
23870,GEN,
23871,GEN,
23872,GEN,
23873,OBC-NCL,5710
23874,GEN-EWS,3392
23875,GEN,
23876,GEN-EWS,3393
23877,GEN,
23878,GEN,
23879,GEN,
23880,GEN-EWS,3394
23881,OBC-NCL,5711
23882,GEN,
23883,GEN,
23884,GEN,
23885,GEN,
23886,GEN-EWS,3395
23886,OBC-NCL,5712
23888,GEN-EWS,3396
23888,GEN-EWS,3396
23890,GEN,
23891,SC,763
23892,OBC-NCL,5713
23893,GEN,
23894,OBC-NCL,5714
23895,GEN,
23896,GEN,
23897,GEN,
23898,GEN,
23899,OBC-NCL,5715
23900,GEN,
23901,OBC-NCL,5716
23902,GEN,
23903,OBC-NCL,5717
23904,GEN,
23905,OBC-NCL,5718
23906,GEN,
23907,OBC-NCL,5719
23908,OBC-NCL,5720
23909,OBC-NCL,5721
23910,SC,764
23911,GEN,
23912,OBC-NCL,5722
23913,SC,765
23914,GEN-EWS,3399
23915,GEN,
23916,GEN-EWS,3400
23917,SC,766
23918,GEN,
23919,GEN,
23920,GEN,
23921,GEN,
23922,GEN,
23923,GEN,
23924,SC,767
23925,GEN-EWS,3401
23926,GEN,
23927,OBC-NCL,5723
23928,GEN,
23929,GEN,
23930,OBC-NCL,5725
23931,OBC-NCL,5726
23932,GEN-EWS,3402
23933,OBC-NCL,5727
23934,GEN,
23935,GEN,
23936,OBC-NCL,5728
23937,GEN,
23938,OBC-NCL,5729
23939,GEN-EWS,3403
23940,OBC-NCL,5730
23941,GEN,
23942,GEN,
23943,GEN,
23944,GEN,
23945,OBC-NCL,5731
23946,GEN,
23947,OBC-NCL,5732
23948,OBC-NCL,5733
23949,OBC-NCL,5734
23950,GEN,
23951,GEN,
23952,OBC-NCL,5735
23953,GEN,
23954,GEN,
23955,GEN-EWS,3404
23956,GEN,
23957,GEN,
23958,GEN-EWS,3405
23959,GEN,
23960,GEN,
23960,GEN-EWS,3406
23960,GEN-EWS,3406
23963,GEN,
23964,OBC-NCL,5736
23965,GEN,
23966,GEN,
23967,GEN,
23968,OBC-NCL,5737
23969,GEN,
23970,GEN-EWS,3408
23971,GEN,
23972,GEN,
23973,GEN,
23974,GEN,
23975,GEN,
23976,GEN,
23977,OBC-NCL,5738
23978,GEN,
23979,GEN,
23980,OBC-NCL,5739
23980,OBC-NCL,5739
23982,GEN,
23983,OBC-NCL,5741
23984,GEN,
23985,GEN-EWS,3409
23986,GEN,
23987,GEN,
23988,GEN,
23989,GEN-EWS,3410
23990,GEN,
23991,GEN,
23992,OBC-NCL,5742
23993,GEN-EWS,3411
23994,GEN,
23995,GEN,
23996,GEN-EWS,3412
23996,OBC-NCL,5743
23998,OBC-NCL,5744
23999,OBC-NCL,5745
24000,GEN-EWS,3413
24001,GEN,
24002,OBC-NCL,5746
24003,GEN,
24004,GEN,
24005,OBC-NCL,5747
24006,SC,769
24007,OBC-NCL,5748
24008,GEN,
24009,OBC-NCL,5749
24010,SC,770
24011,OBC-NCL,5750
24012,GEN,
24013,OBC-NCL,5751
24014,GEN-EWS,3414
24015,OBC-NCL,5752
24016,GEN-EWS,3415
24016,SC,771
24018,GEN,
24019,GEN,
24020,GEN,
24021,OBC-NCL,5753
24022,OBC-NCL,5754
24023,GEN-EWS,3416
24024,OBC-NCL,5755
24025,OBC-NCL,5756
24026,GEN,
24027,GEN,
24028,GEN,
24029,OBC-NCL,5757
24030,GEN-EWS,3417
24031,GEN,
24032,OBC-NCL,5758
24033,GEN,
24034,GEN,
24035,OBC-NCL,5759
24036,GEN,
24037,OBC-NCL,5760
24038,OBC-NCL,5761
24039,ST,182
24040,GEN,
24041,OBC-NCL,5762
24042,OBC-NCL,5763
24043,GEN,
24044,GEN,
24045,GEN-EWS,3418
24046,GEN,
24047,GEN,
24048,GEN-EWS,3419
24049,OBC-NCL,5764
24050,GEN,
24051,OBC-NCL,5765
24052,OBC-NCL,5766
24053,GEN,
24054,OBC-NCL,5767
24055,GEN,
24056,OBC-NCL,5768
24057,OBC-NCL,5769
24058,GEN,
24059,GEN,
24060,GEN,
24061,GEN-EWS,3420
24062,GEN,
24063,GEN,
24064,OBC-NCL,5770
24065,OBC-NCL,5771
24066,GEN,
24067,SC,772
24068,SC,773
24069,GEN-EWS,3421
24070,ST,183
24071,GEN,
24072,GEN,
24073,GEN,
24074,GEN,
24075,OBC-NCL,5772
24076,GEN,
24077,GEN,
24078,OBC-NCL,5773
24078,OBC-NCL,5773
24080,GEN,
24081,OBC-NCL,5775
24082,GEN,
24083,GEN-EWS,3422
24084,GEN,
24085,GEN,
24086,GEN,
24087,OBC-NCL,5776
24088,OBC-NCL,5777
24089,GEN-EWS,3423
24090,GEN,
24091,SC,774
24092,GEN-EWS,3424
24093,GEN-EWS,3425
24094,SC,775
24095,SC,776
24096,GEN,
24097,GEN,
24098,GEN,
24099,GEN,
24100,GEN-EWS,3426
24101,OBC-NCL,5778
24102,GEN-EWS,3427
24103,GEN,
24104,GEN-EWS,3428
24105,OBC-NCL,5779
24106,OBC-NCL,5780
24107,GEN-EWS,3429
24108,OBC-NCL,5781
24109,GEN,
24110,OBC-NCL,5782
24111,OBC-NCL,5783
24112,GEN-EWS,3430
24113,GEN,
24114,ST,184
24115,GEN,
24116,OBC-NCL,5784
24117,GEN,
24118,GEN,
24119,OBC-NCL,5785
24120,GEN,
24121,GEN,
24122,GEN,
24123,GEN,
24124,GEN,
24125,OBC-NCL,5786
24126,GEN,
24127,GEN,
24128,ST,185
24129,SC,777
24130,OBC-NCL,5787
24131,OBC-NCL,5788
24132,GEN,
24133,GEN-EWS,3431
24134,GEN,
24135,GEN,
24136,OBC-NCL,5789
24137,GEN-EWS,3432
24138,GEN,
24139,OBC-NCL,5790
24140,OBC-NCL,5791
24141,OBC-NCL,5792
24142,GEN,
24143,GEN,
24144,GEN,
24145,GEN,
24146,SC,778
24147,GEN,
24148,SC,779
24149,OBC-NCL,5793
24150,GEN,
24151,GEN-EWS,3433
24152,GEN,
24153,SC,780
24154,GEN,
24155,GEN,
24156,GEN,
24157,OBC-NCL,5794
24158,OBC-NCL,5795
24159,GEN-EWS,3434
24160,OBC-NCL,5796
24161,GEN-EWS,3435
24162,OBC-NCL,5797
24163,OBC-NCL,5798
24164,OBC-NCL,5799
24165,GEN-EWS,3436
24166,OBC-NCL,5800
24167,OBC-NCL,5801
24168,GEN,
24169,GEN,
24170,GEN-EWS,3437
24171,GEN,
24172,GEN,
24173,GEN,
24174,OBC-NCL,5802
24175,GEN-EWS,3438
24176,OBC-NCL,5803
24177,GEN,
24178,GEN,
24179,GEN,
24180,GEN,
24181,OBC-NCL,5804
24182,OBC-NCL,5805
24183,OBC-NCL,5806
24184,GEN,
24185,GEN-EWS,3439
24186,OBC-NCL,5808
24187,GEN,
24188,GEN,
24189,GEN-EWS,3440
24190,GEN,
24191,GEN-EWS,3441
24192,OBC-NCL,5809
24193,GEN,
24194,OBC-NCL,5810
24195,GEN-EWS,3442
24196,GEN,
24197,OBC-NCL,5811
24198,GEN-EWS,3443
24199,GEN,
24200,GEN,
24201,GEN,
24202,GEN-EWS,3444
24203,OBC-NCL,5812
24204,GEN,
24205,GEN-EWS,3445
24206,OBC-NCL,5813
24207,GEN,
24208,GEN,
24209,OBC-NCL,5814
24210,GEN,
24211,GEN,
24212,GEN,
24213,GEN,
24214,GEN,
24215,GEN-EWS,3446
24216,OBC-NCL,5815
24217,GEN-EWS,3447
24218,GEN,
24219,OBC-NCL,5816
24220,GEN,
24221,GEN,
24222,GEN,
24223,GEN,
24224,OBC-NCL,5817
24225,GEN,
24226,GEN-EWS,3448
24227,GEN,
24228,GEN,
24229,GEN,
24230,OBC-NCL,5818
24231,GEN,
24232,OBC-NCL,5819
24233,GEN,
24234,GEN,
24235,OBC-NCL,5820
24236,GEN,
24237,GEN,
24238,GEN,
24239,OBC-NCL,5821
24240,ST,186
24241,GEN-EWS,3449
24242,ST,187
24243,GEN-EWS,3450
24244,OBC-NCL,5822
24245,OBC-NCL,5823
24246,GEN,
24247,GEN,
24248,GEN,
24249,SC,782
24250,OBC-NCL,5824
24251,GEN-EWS,3451
24252,OBC-NCL,5825
24253,OBC-NCL,5826
24254,OBC-NCL,5827
24255,OBC-NCL,5828
24256,GEN-EWS,3452
24257,GEN,
24258,GEN,
24259,GEN,
24260,OBC-NCL,5829
24261,GEN,
24262,OBC-NCL,5830
24263,GEN,
24264,GEN,
24265,GEN,
24266,GEN,
24267,GEN-EWS,3453
24268,GEN,
24269,GEN,
24270,GEN,
24271,GEN,
24272,OBC-NCL,5831
24273,GEN-EWS,3454
24274,GEN,
24275,GEN,
24276,SC,783
24277,GEN,
24278,GEN,
24279,GEN,
24280,GEN,
24281,GEN-EWS,3455
24282,GEN,
24283,OBC-NCL,5832
24284,OBC-NCL,5833
24285,OBC-NCL,5834
24286,OBC-NCL,5835
24287,OBC-NCL,5837
24288,GEN,
24289,OBC-NCL,5838
24290,GEN,
24291,GEN,
24291,GEN,
24293,GEN,
24294,OBC-NCL,5839
24295,GEN,
24296,SC,784
24297,GEN-EWS,3456
24298,GEN-EWS,3457
24299,GEN,
24300,OBC-NCL,5840
24301,OBC-NCL,5841
24302,GEN,
24303,OBC-NCL,5842
24304,GEN-EWS,3458
24305,GEN,
24306,GEN,
24307,OBC-NCL,5843
24308,GEN-EWS,3459
24309,GEN,
24310,OBC-NCL,5844
24311,GEN-EWS,3460
24312,GEN-EWS,3461
24313,GEN-EWS,3462
24314,OBC-NCL,5845
24315,OBC-NCL,5846
24316,OBC-NCL,5847
24317,GEN,
24318,GEN-EWS,3463
24319,OBC-NCL,5848
24320,GEN-EWS,3464
24321,GEN,
24322,GEN,
24323,GEN,
24324,GEN,
24325,SC,785
24326,GEN-EWS,3465
24327,GEN,
24328,GEN,
24329,OBC-NCL,5849
24330,OBC-NCL,5850
24331,GEN,
24332,GEN,
24332,OBC-NCL,5851
24334,GEN,
24335,GEN,
24336,SC,786
24337,GEN,
24338,GEN,
24339,OBC-NCL,5852
24340,OBC-NCL,5853
24341,GEN-EWS,3466
24342,GEN,
24343,GEN-EWS,3467
24344,GEN,
24345,GEN,
24346,OBC-NCL,5854
24347,GEN-EWS,3468
24348,GEN,
24349,OBC-NCL,5855
24350,GEN,
24351,OBC-NCL,5856
24352,GEN-EWS,3469
24353,GEN-EWS,3470
24354,GEN-EWS,3471
24355,GEN,
24356,GEN-EWS,3472
24357,GEN,
24358,OBC-NCL,5857
24359,GEN,
24360,GEN,
24361,GEN,
24362,OBC-NCL,5858
24363,OBC-NCL,5859
24364,OBC-NCL,5860
24365,GEN-EWS,3473
24366,GEN,
24367,GEN,
24368,GEN,
24369,OBC-NCL,5861
24370,GEN-EWS,3474
24371,GEN,
24372,GEN,
24373,SC,787
24374,GEN,
24375,GEN,
24376,GEN,
24377,GEN,
24378,OBC-NCL,5862
24379,GEN,
24380,GEN,
24381,OBC-NCL,5863
24382,SC,788
24383,GEN,
24384,GEN,
24385,GEN,
24386,GEN-EWS,3475
24387,OBC-NCL,5864
24388,GEN,
24389,GEN,
24390,GEN,
24391,GEN-EWS,3476
24392,GEN,
24393,GEN,
24394,GEN,
24395,OBC-NCL,5865
24396,OBC-NCL,5866
24397,GEN-EWS,3477
24398,GEN,
24399,GEN,
24400,GEN,
24401,GEN,
24402,OBC-NCL,5867
24403,OBC-NCL,5868
24404,OBC-NCL,5869
24405,GEN,
24406,SC,789
24407,GEN,
24408,GEN,
24409,GEN-EWS,3478
24410,OBC-NCL,5870
24411,OBC-NCL,5871
24412,OBC-NCL,5872
24413,OBC-NCL,5873
24414,GEN,
24415,GEN,
24416,GEN,
24417,GEN,
24418,GEN,
24419,GEN,
24420,GEN-EWS,3479
24421,GEN-EWS,3480
24422,GEN,
24422,OBC-NCL,5875
24424,OBC-NCL,5876
24425,GEN,
24426,GEN,
24427,OBC-NCL,5877
24428,GEN,
24429,OBC-NCL,5878
24430,GEN,
24431,GEN,
24432,GEN,
24433,GEN-EWS,3481
24434,GEN,
24435,GEN,
24436,SC,790
24437,GEN,
24438,OBC-NCL,5879
24439,GEN-EWS,3482
24440,GEN,
24441,OBC-NCL,5880
24442,OBC-NCL,5881
24443,SC,791
24444,OBC-NCL,5882
24445,GEN-EWS,3483
24446,GEN,
24447,OBC-NCL,5883
24448,GEN,
24449,GEN,
24450,OBC-NCL,5884
24451,GEN,
24452,GEN,
24453,GEN,
24454,GEN,
24455,GEN-EWS,3484
24456,GEN,
24457,OBC-NCL,5885
24458,GEN,
24459,OBC-NCL,5886
24460,GEN,
24461,GEN,
24462,GEN,
24463,SC,792
24464,GEN-EWS,3485
24465,GEN,
24466,GEN-EWS,3486
24467,GEN,
24468,GEN-EWS,3487
24469,GEN-EWS,3488
24470,GEN-EWS,3489
24471,GEN-EWS,3490
24472,GEN,
24473,GEN,
24474,GEN-EWS,3491
24475,GEN,
24476,OBC-NCL,5887
24477,OBC-NCL,5888
24478,GEN,
24479,GEN,
24480,GEN,
24481,OBC-NCL,5889
24482,GEN,
24483,GEN-EWS,3492
24484,GEN,
24485,ST,188
24486,OBC-NCL,5890
24487,GEN,
24488,OBC-NCL,5891
24489,OBC-NCL,5892
24490,OBC-NCL,5893
24491,GEN-EWS,3493
24492,GEN,
24493,GEN,
24494,GEN,
24495,GEN,
24496,GEN-EWS,3494
24497,GEN,
24498,OBC-NCL,5894
24499,OBC-NCL,5895
24500,GEN,
24501,GEN-EWS,3495
24502,GEN,
24503,GEN,
24504,GEN,
24505,GEN-EWS,3496
24506,GEN-EWS,3497
24507,OBC-NCL,5896
24508,OBC-NCL,5897
24509,OBC-NCL,5898
24510,OBC-NCL,5899
24511,SC,793
24512,OBC-NCL,5900
24513,GEN-EWS,3498
24514,GEN,
24515,GEN,
24516,GEN,
24517,GEN-EWS,3499
24518,GEN,
24519,GEN,
24520,GEN,
24521,GEN,
24522,GEN,
24523,GEN,
24524,GEN-EWS,3500
24525,OBC-NCL,5901
24526,GEN,
24527,GEN,
24528,GEN-EWS,3501
24530,GEN,
24531,GEN-EWS,3503
24532,OBC-NCL,5902
24533,GEN,
24534,GEN,
24535,SC,794
24536,GEN,
24537,GEN-EWS,3505
24538,OBC-NCL,5903
24539,GEN-EWS,3506
24540,GEN,
24541,GEN-EWS,3507
24542,OBC-NCL,5904
24543,OBC-NCL,5905
24544,GEN-EWS,3508
24545,GEN,
24546,GEN,
24547,GEN,
24547,GEN,
24549,GEN,
24550,GEN,
24551,GEN-EWS,3509
24552,OBC-NCL,5906
24553,GEN,
24554,OBC-NCL,5907
24555,OBC-NCL,5908
24556,SC,795
24557,GEN-EWS,3510
24558,OBC-NCL,5909
24559,SC,796
24560,OBC-NCL,5910
24561,GEN-EWS,3511
24562,GEN,
24563,OBC-NCL,5911
24564,GEN,
24565,OBC-NCL,5912
24566,GEN,
24567,SC,797
24568,GEN,
24569,OBC-NCL,5913
24570,OBC-NCL,5914
24571,GEN,
24572,OBC-NCL,5915
24573,OBC-NCL,5916
24574,OBC-NCL,5917
24575,SC,798
24576,OBC-NCL,5918
24577,GEN-EWS,3512
24578,SC,799
24579,GEN,
24580,GEN-EWS,3513
24581,SC,800
24582,ST,189
24583,GEN,
24584,GEN,
24585,GEN-EWS,3514
24586,GEN,
24587,OBC-NCL,5919
24588,GEN,
24589,GEN,
24590,GEN,
24591,GEN,
24592,GEN,
24593,OBC-NCL,5920
24594,OBC-NCL,5921
24595,GEN,
24596,GEN,
24597,OBC-NCL,5922
24598,GEN,
24599,GEN-EWS,3515
24600,GEN,
24601,GEN,
24602,GEN-EWS,3516
24603,GEN,
24604,OBC-NCL,5923
24605,GEN,
24606,GEN-EWS,3517
24606,SC,801
24608,GEN-EWS,3518
24609,GEN-EWS,3519
24610,GEN,
24611,GEN,
24612,OBC-NCL,5924
24613,GEN,
24614,GEN-EWS,3520
24615,OBC-NCL,5925
24616,OBC-NCL,5926
24617,GEN,
24618,OBC-NCL,5927
24619,GEN,
24620,GEN,
24621,GEN,
24622,GEN-EWS,3521
24623,GEN,
24624,OBC-NCL,5928
24625,GEN,
24626,GEN,
24627,OBC-NCL,5929
24628,GEN,
24629,GEN,
24630,GEN-EWS,3522
24631,GEN,
24631,OBC-NCL,5930
24633,GEN-EWS,3523
24634,OBC-NCL,5931
24635,OBC-NCL,5932
24636,GEN,
24637,GEN-EWS,3524
24638,GEN,
24639,SC,802
24640,OBC-NCL,5933
24641,OBC-NCL,5934
24642,GEN,
24643,GEN,
24644,OBC-NCL,5935
24645,GEN,
24646,GEN,
24647,GEN-EWS,3525
24648,OBC-NCL,5936
24649,OBC-NCL,5937
24650,GEN,
24651,OBC-NCL,5938
24652,GEN,
24653,OBC-NCL,5939
24654,GEN,
24655,GEN,
24656,OBC-NCL,5940
24657,OBC-NCL,5942
24658,GEN,
24659,GEN,
24660,GEN,
24661,OBC-NCL,5943
24662,GEN,
24663,GEN,
24664,OBC-NCL,5944
24665,GEN-EWS,3527
24666,OBC-NCL,5945
24667,GEN,
24668,GEN,
24669,OBC-NCL,5946
24670,OBC-NCL,5947
24671,GEN,
24672,OBC-NCL,5948
24673,GEN,
24674,GEN,
24675,GEN,
24676,ST,190
24677,SC,803
24678,GEN,
24679,GEN,
24680,GEN,
24681,GEN,
24682,GEN-EWS,3528
24683,GEN,
24684,OBC-NCL,5949
24685,GEN,
24686,GEN-EWS,3529
24687,GEN-EWS,3530
24688,OBC-NCL,5950
24689,OBC-NCL,5951
24690,GEN-EWS,3531
24691,OBC-NCL,5952
24692,GEN-EWS,3532
24693,OBC-NCL,5953
24694,GEN-EWS,3533
24695,OBC-NCL,5954
24696,GEN,
24697,OBC-NCL,5956
24698,GEN,
24699,OBC-NCL,5957
24700,OBC-NCL,5958
24701,GEN,
24702,GEN,
24703,GEN-EWS,3534
24704,GEN-EWS,3535
24705,GEN-EWS,3536
24706,GEN-EWS,3537
24707,GEN,
24708,GEN,
24709,OBC-NCL,5959
24710,OBC-NCL,5960
24711,OBC-NCL,5961
24712,GEN,
24713,GEN-EWS,3538
24714,SC,804
24715,SC,805
24716,GEN,
24717,SC,806
24718,GEN,
24719,GEN,
24720,OBC-NCL,5963
24721,GEN,
24722,OBC-NCL,5964
24723,OBC-NCL,5965
24724,GEN,
24725,GEN-EWS,3539
24725,OBC-NCL,5966
24727,GEN,
24728,GEN,
24729,OBC-NCL,5967
24730,SC,807
24731,GEN,
24732,OBC-NCL,5968
24733,GEN-EWS,3540
24734,OBC-NCL,5969
24735,SC,808
24736,GEN,
24737,GEN,
24738,OBC-NCL,5970
24739,GEN,
24740,OBC-NCL,5971
24741,GEN,
24742,GEN-EWS,3541
24743,GEN,
24744,OBC-NCL,5972
24745,OBC-NCL,5973
24746,GEN-EWS,3542
24747,OBC-NCL,5974
24748,GEN-EWS,3543
24749,SC,809
24750,GEN,
24751,GEN,
24752,GEN-EWS,3544
24753,GEN,
24754,SC,810
24755,OBC-NCL,5975
24756,GEN,
24757,OBC-NCL,5976
24758,GEN,
24759,ST,191
24760,GEN,
24761,OBC-NCL,5977
24762,GEN-EWS,3545
24763,GEN,
24764,OBC-NCL,5978
24765,OBC-NCL,5979
24766,OBC-NCL,5980
24767,GEN-EWS,3546
24768,GEN,
24769,GEN,
24770,SC,811
24771,OBC-NCL,5981
24772,GEN,
24773,GEN,
24774,GEN,
24775,GEN,
24776,OBC-NCL,5983
24777,GEN,
24778,GEN,
24779,OBC-NCL,5984
24780,OBC-NCL,5985
24781,GEN,
24782,OBC-NCL,5986
24783,GEN,
24784,GEN-EWS,3547
24785,GEN,
24786,GEN,
24787,GEN,
24788,GEN,
24789,GEN,
24790,OBC-NCL,5987
24791,GEN-EWS,3548
24792,OBC-NCL,5988
24793,OBC-NCL,5989
24794,OBC-NCL,5990
24795,GEN,
24796,GEN,
24797,GEN,
24798,GEN,
24799,GEN,
24800,GEN,
24801,GEN,
24802,SC,812
24803,SC,813
24804,OBC-NCL,5992
24805,OBC-NCL,5993
24806,OBC-NCL,5994
24807,OBC-NCL,5995
24808,OBC-NCL,5996
24809,ST,192
24810,SC,814
24811,GEN,
24812,GEN,
24813,OBC-NCL,5997
24814,GEN-EWS,3549
24815,GEN,
24816,OBC-NCL,5999
24817,GEN,
24818,GEN,
24819,OBC-NCL,6000
24820,GEN-EWS,3550
24821,GEN,
24822,OBC-NCL,6001
24823,OBC-NCL,6002
24824,OBC-NCL,6003
24825,GEN-EWS,3551
24826,GEN,
24827,OBC-NCL,6004
24828,GEN,
24829,GEN,
24830,GEN,
24831,GEN-EWS,3552
24832,OBC-NCL,6005
24833,GEN-EWS,3553
24834,GEN,
24835,OBC-NCL,6006
24836,GEN-EWS,3554
24837,GEN,
24838,GEN,
24839,GEN-EWS,3555
24840,OBC-NCL,6007
24841,GEN,
24842,OBC-NCL,6008
24843,OBC-NCL,6009
24844,GEN,
24845,OBC-NCL,6010
24846,OBC-NCL,6011
24847,GEN,
24848,GEN,
24849,OBC-NCL,6012
24850,GEN,
24851,GEN,
24851,OBC-NCL,6013
24853,OBC-NCL,6014
24854,GEN,
24855,OBC-NCL,6015
24856,GEN-EWS,3556
24857,GEN,
24858,GEN-EWS,3557
24859,OBC-NCL,6016
24860,GEN,
24861,OBC-NCL,6017
24862,GEN,
24863,GEN,
24864,OBC-NCL,6018
24865,OBC-NCL,6019
24866,GEN-EWS,3558
24867,GEN-EWS,3559
24868,GEN-EWS,3560
24869,OBC-NCL,6020
24870,OBC-NCL,6021
24871,GEN,
24872,GEN-EWS,3561
24873,OBC-NCL,6022
24874,GEN,
24875,GEN-EWS,3562
24876,GEN,
24877,GEN,
24878,OBC-NCL,6023
24879,GEN,
24880,GEN,
24881,OBC-NCL,6024
24882,GEN,
24883,GEN,
24884,GEN-EWS,3563
24885,GEN,
24886,OBC-NCL,6025
24887,OBC-NCL,6026
24888,OBC-NCL,6027
24889,GEN-EWS,3564
24890,OBC-NCL,6028
24891,SC,815
24892,OBC-NCL,6029
24893,GEN,
24894,GEN,
24895,GEN,
24896,OBC-NCL,6030
24897,GEN,
24898,GEN,
24899,GEN,
24900,GEN,
24901,GEN,
24902,GEN,
24903,GEN,
24904,GEN-EWS,3565
24905,OBC-NCL,6031
24906,OBC-NCL,6032
24907,OBC-NCL,6033
24908,OBC-NCL,6034
24909,GEN-EWS,3566
24910,OBC-NCL,6035
24911,GEN,
24912,GEN,
24913,OBC-NCL,6036
24914,GEN-EWS,3567
24915,GEN,
24916,OBC-NCL,6037
24917,GEN,
24918,GEN-EWS,3568
24919,GEN,
24920,GEN-EWS,3569
24921,GEN,
24922,OBC-NCL,6038
24923,GEN,
24924,OBC-NCL,6039
24925,OBC-NCL,6040
24926,GEN,
24927,GEN,
24928,GEN,
24928,GEN,
24930,GEN-EWS,3570
24931,OBC-NCL,6041
24932,GEN-EWS,3571
24933,ST,193
24934,SC,816
24935,OBC-NCL,6042
24936,GEN-EWS,3572
24937,OBC-NCL,6043
24938,OBC-NCL,6044
24939,GEN,
24940,SC,817
24941,OBC-NCL,6045
24942,GEN,
24943,OBC-NCL,6046
24944,OBC-NCL,6047
24945,GEN-EWS,3573
24946,OBC-NCL,6048
24947,OBC-NCL,6049
24948,GEN,
24949,GEN-EWS,3574
24950,OBC-NCL,6050
24951,OBC-NCL,6051
24952,OBC-NCL,6052
24953,GEN,
24954,GEN-EWS,3575
24955,GEN-EWS,3576
24956,GEN,
24957,GEN,
24958,OBC-NCL,6053
24959,GEN,
24960,OBC-NCL,6054
24961,GEN,
24962,GEN-EWS,3577
24963,GEN-EWS,3578
24964,OBC-NCL,6055
24965,OBC-NCL,6056
24966,SC,818
24967,GEN,
24968,GEN,
24969,OBC-NCL,6057
24970,ST,194
24971,GEN-EWS,3579
24972,GEN,
24973,GEN,
24974,SC,819
24975,GEN,
24976,GEN,
24977,GEN,
24978,OBC-NCL,6059
24979,GEN,
24980,OBC-NCL,6060
24981,GEN-EWS,3580
24982,SC,820
24983,GEN-EWS,3581
24984,GEN,
24985,GEN,
24986,GEN,
24987,GEN,
24988,ST,195
24989,GEN,
24990,GEN,
24991,ST,196
24992,GEN-EWS,3582
24993,SC,821
24994,GEN-EWS,3583
24995,OBC-NCL,6061
24996,SC,822
24997,GEN-EWS,3584
24998,SC,823
24999,GEN,
25000,OBC-NCL,6062
25001,GEN,
25002,GEN,
25003,OBC-NCL,6063
25004,OBC-NCL,6064
25005,OBC-NCL,6065
25006,GEN,
25007,GEN,
25008,GEN,
25009,GEN,
25010,GEN,
25011,OBC-NCL,6066
25012,SC,824
25013,GEN,
25014,GEN,
25014,GEN,
25016,GEN,
25017,GEN,
25018,GEN,
25019,OBC-NCL,6067
25020,GEN,
25021,GEN-EWS,3585
25022,OBC-NCL,6068
25023,OBC-NCL,6069
25024,OBC-NCL,6070
25025,GEN,
25026,ST,197
25027,SC,825
25028,GEN,
25029,OBC-NCL,6071
25030,OBC-NCL,6072
25031,GEN,
25032,OBC-NCL,6073
25033,OBC-NCL,6074
25034,GEN,
25035,OBC-NCL,6075
25036,GEN,
25037,OBC-NCL,6076
25038,OBC-NCL,6077
25039,GEN,
25040,OBC-NCL,6078
25041,OBC-NCL,6079
25042,SC,826
25043,OBC-NCL,6081
25044,GEN-EWS,3587
25045,OBC-NCL,6082
25046,OBC-NCL,6083
25047,GEN,
25048,OBC-NCL,6084
25049,GEN,
25050,GEN,
25051,GEN,
25052,GEN,
25053,GEN-EWS,3588
25054,GEN,
25055,OBC-NCL,6085
25056,GEN,
25057,OBC-NCL,6086
25058,OBC-NCL,6087
25059,OBC-NCL,6088
25060,GEN,
25061,GEN,
25062,GEN,
25063,GEN,
25064,SC,827
25065,GEN,
25066,GEN,
25067,GEN,
25068,OBC-NCL,6089
25069,GEN,
25070,GEN,
25071,GEN,
25072,GEN-EWS,3589
25073,GEN-EWS,3590
25074,GEN,
25075,GEN,
25076,GEN,
25077,GEN,
25078,GEN,
25079,GEN-EWS,3591
25080,GEN,
25081,GEN,
25082,GEN-EWS,3592
25083,GEN,
25084,GEN-EWS,3593
25085,GEN,
25086,GEN-EWS,3594
25087,GEN,
25088,GEN,
25089,OBC-NCL,6090
25090,OBC-NCL,6091
25091,SC,828
25092,GEN,
25093,GEN,
25094,GEN-EWS,3595
25095,GEN-EWS,3596
25096,SC,829
25097,OBC-NCL,6092
25098,OBC-NCL,6093
25099,GEN,
25100,GEN,
25101,GEN-EWS,3597
25102,GEN,
25103,GEN,
25104,OBC-NCL,6094
25105,OBC-NCL,6095
25106,GEN,
25107,GEN,
25108,GEN,
25109,GEN,
25110,GEN,
25111,SC,830
25112,GEN,
25113,GEN,
25114,GEN,
25115,GEN,
25116,GEN-EWS,3598
25117,GEN,
25117,GEN,
25119,GEN-EWS,3599
25120,SC,831
25121,GEN-EWS,3600
25122,OBC-NCL,6096
25123,OBC-NCL,6097
25124,GEN,
25125,GEN-EWS,3601
25126,SC,832
25127,OBC-NCL,6098
25128,GEN-EWS,3602
25129,OBC-NCL,6099
25130,GEN-EWS,3603
25131,GEN-EWS,3604
25132,GEN,
25133,OBC-NCL,6100
25134,GEN-EWS,3605
25135,OBC-NCL,6101
25136,GEN-EWS,3606
25137,GEN,
25138,OBC-NCL,6102
25139,GEN-EWS,3607
25140,GEN-EWS,3608
25141,GEN,
25142,GEN-EWS,3609
25143,GEN-EWS,3610
25144,OBC-NCL,6103
25145,GEN,
25146,GEN-EWS,3611
25147,OBC-NCL,6104
25148,OBC-NCL,6105
25149,GEN,
25150,GEN,
25151,SC,833
25152,OBC-NCL,6106
25153,GEN,
25154,GEN,
25155,SC,834
25156,GEN-EWS,3612
25157,GEN,
25158,GEN,
25159,OBC-NCL,6107
25160,GEN-EWS,3613
25161,OBC-NCL,6108
25162,GEN,
25163,GEN,
25164,GEN-EWS,3614
25165,OBC-NCL,6109
25166,GEN,
25167,GEN-EWS,3615
25168,OBC-NCL,6110
25169,GEN-EWS,3616
25170,GEN,
25171,GEN-EWS,3617
25172,GEN,
25173,GEN,
25174,GEN-EWS,3618
25175,GEN,
25176,OBC-NCL,6111
25177,GEN,
25178,GEN,
25179,OBC-NCL,6112
25180,GEN-EWS,3619
25181,GEN,
25182,GEN,
25183,OBC-NCL,6113
25184,GEN-EWS,3620
25185,SC,835
25186,GEN-EWS,3621
25187,GEN,
25188,OBC-NCL,6114
25189,GEN,
25190,GEN-EWS,3622
25191,OBC-NCL,6115
25192,GEN,
25192,GEN,
25194,OBC-NCL,6116
25195,OBC-NCL,6117
25196,GEN,
25197,GEN,
25198,GEN-EWS,3623
25199,GEN,
25200,OBC-NCL,6118
25201,GEN-EWS,3624
25202,GEN,
25203,GEN-EWS,3625
25204,OBC-NCL,6119
25205,GEN,
25206,GEN,
25207,OBC-NCL,6120
25208,GEN,
25209,OBC-NCL,6121
25210,GEN,
25211,OBC-NCL,6122
25212,OBC-NCL,6123
25213,GEN,
25214,GEN,
25215,GEN-EWS,3626
25216,SC,836
25217,GEN,
25218,OBC-NCL,6124
25219,GEN,
25220,OBC-NCL,6125
25221,OBC-NCL,6126
25222,GEN,
25223,GEN-EWS,3627
25224,GEN,
25225,GEN,
25226,GEN-EWS,3628
25227,OBC-NCL,6127
25228,GEN,
25229,GEN-EWS,3629
25230,OBC-NCL,6128
25231,GEN,
25232,GEN,
25233,OBC-NCL,6129
25234,OBC-NCL,6130
25235,OBC-NCL,6131
25236,GEN-EWS,3630
25237,OBC-NCL,6132
25238,GEN,
25239,GEN-EWS,3631
25240,GEN,
25241,GEN-EWS,3632
25242,GEN,
25243,OBC-NCL,6133
25244,GEN,
25245,GEN,
25246,OBC-NCL,6134
25247,GEN-EWS,3633
25248,GEN,
25249,GEN-EWS,3634
25250,GEN,
25251,ST,198
25252,OBC-NCL,6135
25253,GEN,
25254,OBC-NCL,6136
25255,GEN,
25256,GEN,
25257,SC,838
25258,SC,839
25259,OBC-NCL,6137
25260,OBC-NCL,6138
25261,GEN,
25262,SC,840
25263,GEN-EWS,3635
25264,GEN,
25265,GEN,
25266,GEN,
25267,OBC-NCL,6139
25268,GEN,
25269,GEN,
25270,OBC-NCL,6141
25271,OBC-NCL,6142
25272,OBC-NCL,6143
25273,OBC-NCL,6144
25274,GEN,
25275,GEN-EWS,3636
25276,GEN,
25277,GEN,
25278,GEN-EWS,3637
25279,SC,841
25280,OBC-NCL,6145
25281,GEN,
25282,GEN-EWS,3638
25283,OBC-NCL,6146
25284,GEN,
25285,GEN,
25286,OBC-NCL,6147
25287,GEN-EWS,3639
25288,GEN,
25289,GEN,
25290,OBC-NCL,6148
25291,OBC-NCL,6149
25292,OBC-NCL,6150
25293,OBC-NCL,6151
25294,OBC-NCL,6152
25295,GEN,
25296,OBC-NCL,6153
25297,OBC-NCL,6154
25298,GEN,
25299,GEN,
25300,GEN-EWS,3640
25301,GEN,
25302,GEN,
25303,GEN,
25304,OBC-NCL,6155
25305,OBC-NCL,6156
25306,GEN,
25307,GEN,
25308,GEN,
25309,GEN,
25310,GEN,
25311,GEN-EWS,3641
25312,OBC-NCL,6157
25313,OBC-NCL,6158
25314,GEN-EWS,3642
25315,GEN,
25316,GEN,
25317,GEN,
25318,GEN,
25319,OBC-NCL,6159
25320,SC,842
25321,OBC-NCL,6160
25322,GEN,
25323,OBC-NCL,6161
25324,GEN,
25325,OBC-NCL,6163
25326,GEN,
25327,GEN,
25328,GEN,
25329,GEN,
25330,GEN,
25331,GEN,
25332,OBC-NCL,6164
25333,GEN,
25334,GEN,
25335,GEN-EWS,3643
25336,SC,843
25337,GEN-EWS,3644
25338,GEN,
25339,GEN-EWS,3645
25340,OBC-NCL,6165
25341,GEN-EWS,3646
25342,GEN-EWS,3647
25343,GEN,
25344,GEN,
25345,GEN,
25346,GEN,
25347,OBC-NCL,6166
25348,GEN,
25349,GEN-EWS,3648
25350,GEN,
25351,GEN-EWS,3649
25352,GEN,
25353,GEN,
25354,GEN-EWS,3650
25355,GEN,
25356,OBC-NCL,6167
25357,GEN,
25358,GEN-EWS,3651
25359,ST,199
25360,GEN,
25361,GEN,
25362,GEN-EWS,3652
25363,GEN,
25364,GEN,
25365,GEN,
25366,GEN,
25367,GEN-EWS,3653
25368,OBC-NCL,6168
25369,GEN,
25370,OBC-NCL,6169
25371,GEN-EWS,3654
25372,GEN,
25373,OBC-NCL,6170
25374,GEN,
25375,GEN,
25376,OBC-NCL,6171
25377,OBC-NCL,6172
25378,SC,844
25379,OBC-NCL,6173
25380,GEN,
25381,GEN,
25382,GEN,
25383,GEN-EWS,3655
25384,GEN,
25385,GEN,
25386,GEN,
25387,GEN,
25388,OBC-NCL,6174
25389,OBC-NCL,6175
25390,OBC-NCL,6176
25391,GEN,
25392,OBC-NCL,6177
25393,GEN,
25394,OBC-NCL,6178
25395,OBC-NCL,6179
25396,OBC-NCL,6180
25397,GEN,
25397,GEN,
25399,GEN,
25400,OBC-NCL,6181
25401,GEN,
25402,GEN,
25403,GEN,
25404,OBC-NCL,6182
25405,OBC-NCL,6183
25406,GEN,
25407,GEN-EWS,3656
25408,ST,200
25409,GEN,
25410,GEN,
25411,GEN,
25412,GEN-EWS,3657
25413,GEN-EWS,3658
25414,GEN,
25415,GEN-EWS,3659
25416,SC,845
25417,OBC-NCL,6185
25418,GEN,
25419,GEN,
25420,ST,201
25421,OBC-NCL,6186
25422,GEN,
25423,GEN,
25424,GEN,
25425,GEN,
25426,OBC-NCL,6187
25427,GEN-EWS,3660
25428,GEN-EWS,3661
25429,GEN-EWS,3662
25430,GEN,
25431,GEN,
25432,GEN,
25433,GEN-EWS,3663
25434,GEN,
25435,GEN,
25436,OBC-NCL,6188
25437,OBC-NCL,6189
25438,GEN-EWS,3664
25439,OBC-NCL,6190
25440,GEN-EWS,3665
25441,GEN,
25442,GEN,
25443,GEN-EWS,3666
25444,GEN,
25445,GEN-EWS,3667
25446,OBC-NCL,6191
25447,OBC-NCL,6192
25448,OBC-NCL,6193
25449,OBC-NCL,6194
25450,OBC-NCL,6195
25451,GEN,
25452,OBC-NCL,6196
25453,GEN-EWS,3668
25454,GEN,
25455,GEN,
25456,GEN,
25457,GEN,
25458,GEN,
25459,GEN,
25460,OBC-NCL,6197
25461,OBC-NCL,6198
25462,GEN,
25463,GEN,
25464,OBC-NCL,6199
25465,GEN-EWS,3669
25466,OBC-NCL,6200
25467,GEN,
25468,GEN,
25469,GEN,
25470,OBC-NCL,6201
25471,OBC-NCL,6202
25472,GEN,
25473,GEN-EWS,3670
25474,OBC-NCL,6203
25475,GEN,
25476,GEN,
25477,GEN,
25478,GEN,
25479,GEN,
25480,OBC-NCL,6204
25481,GEN,
25482,GEN,
25483,OBC-NCL,6205
25484,OBC-NCL,6206
25485,GEN,
25486,GEN,
25487,GEN-EWS,3671
25488,OBC-NCL,6207
25489,GEN,
25490,GEN,
25491,OBC-NCL,6208
25492,OBC-NCL,6209
25493,OBC-NCL,6210
25494,GEN,
25495,OBC-NCL,6211
25496,GEN-EWS,3672
25497,GEN,
25498,GEN,
25499,OBC-NCL,6212
25500,GEN,
25501,SC,846
25502,GEN,
25503,GEN,
25504,OBC-NCL,6213
25505,ST,202
25506,GEN,
25507,GEN,
25508,OBC-NCL,6214
25509,OBC-NCL,6215
25510,OBC-NCL,6216
25511,OBC-NCL,6217
25512,GEN,
25513,OBC-NCL,6218
25514,GEN,
25515,OBC-NCL,6219
25516,GEN,
25517,GEN,
25518,GEN,
25519,OBC-NCL,6220
25520,OBC-NCL,6221
25521,GEN,
25522,OBC-NCL,6222
25523,GEN,
25524,GEN-EWS,3673
25524,OBC-NCL,6223
25526,GEN,
25527,SC,847
25528,GEN,
25529,OBC-NCL,6224
25530,GEN,
25531,OBC-NCL,6225
25532,GEN,
25533,GEN,
25534,GEN,
25535,GEN,
25536,OBC-NCL,6226
25537,OBC-NCL,6227
25538,GEN-EWS,3674
25539,GEN-EWS,3675
25540,GEN,
25541,GEN,
25542,OBC-NCL,6228
25543,GEN,
25544,GEN-EWS,3676
25545,SC,848
25546,GEN,
25547,GEN-EWS,3677
25548,OBC-NCL,6229
25549,GEN,
25550,GEN-EWS,3678
25550,GEN-EWS,3678
25552,OBC-NCL,6230
25553,OBC-NCL,6231
25554,GEN,
25555,GEN,
25556,OBC-NCL,6232
25557,GEN,
25558,GEN,
25559,GEN,
25560,OBC-NCL,6233
25561,OBC-NCL,6234
25562,GEN,
25563,GEN,
25564,OBC-NCL,6235
25565,OBC-NCL,6236
25566,GEN,
25567,GEN,
25568,GEN,
25569,GEN,
25570,GEN-EWS,3680
25571,OBC-NCL,6237
25572,GEN,
25573,OBC-NCL,6238
25574,GEN,
25575,GEN,
25576,OBC-NCL,6239
25577,OBC-NCL,6240
25578,GEN,
25579,GEN,
25580,GEN-EWS,3681
25581,GEN,
25582,GEN,
25583,GEN,
25584,GEN,
25585,GEN,
25586,GEN,
25587,GEN,
25588,GEN,
25589,GEN,
25590,OBC-NCL,6241
25591,OBC-NCL,6242
25592,GEN,
25593,GEN,
25594,GEN-EWS,3682
25595,GEN,
25596,GEN,
25597,OBC-NCL,6243
25598,GEN-EWS,3683
25599,OBC-NCL,6244
25600,GEN,
25601,GEN-EWS,3684
25602,OBC-NCL,6245
25603,GEN,
25604,GEN,
25605,GEN,
25606,GEN-EWS,3685
25607,GEN,
25608,GEN-EWS,3686
25609,OBC-NCL,6246
25610,GEN-EWS,3687
25611,OBC-NCL,6247
25612,GEN,
25613,OBC-NCL,6248
25614,OBC-NCL,6249
25615,GEN,
25616,GEN,
25617,GEN,
25618,GEN,
25619,OBC-NCL,6250
25620,GEN,
25621,GEN-EWS,3688
25622,GEN,
25623,OBC-NCL,6251
25624,OBC-NCL,6252
25625,GEN-EWS,3689
25626,OBC-NCL,6253
25627,GEN,
25628,OBC-NCL,6254
25629,GEN,
25630,OBC-NCL,6255
25631,GEN,
25632,OBC-NCL,6256
25633,GEN,
25634,GEN,
25635,GEN,
25636,GEN,
25637,GEN,
25638,GEN,
25639,GEN,
25640,GEN-EWS,3690
25641,OBC-NCL,6257
25642,GEN,
25643,OBC-NCL,6258
25644,GEN,
25645,GEN,
25646,GEN,
25647,GEN-EWS,3691
25648,GEN,
25649,GEN,
25650,OBC-NCL,6260
25651,GEN,
25652,GEN,
25653,GEN,
25654,GEN,
25655,GEN,
25655,GEN,
25657,GEN,
25657,GEN-EWS,3692
25659,GEN,
25660,GEN,
25661,GEN,
25662,OBC-NCL,6261
25663,OBC-NCL,6262
25664,GEN,
25665,GEN,
25666,GEN,
25667,GEN,
25668,GEN,
25668,SC,849
25670,GEN-EWS,3693
25671,OBC-NCL,6263
25672,OBC-NCL,6264
25673,GEN-EWS,3694
25674,OBC-NCL,6265
25675,OBC-NCL,6266
25676,GEN,
25677,GEN,
25678,GEN-EWS,3695
25679,SC,850
25680,GEN,
25681,GEN,
25682,GEN,
25683,OBC-NCL,6267
25684,GEN-EWS,3696
25685,GEN,
25686,GEN,
25687,GEN,
25688,OBC-NCL,6268
25689,GEN-EWS,3697
25690,GEN,
25691,OBC-NCL,6269
25692,OBC-NCL,6270
25693,GEN,
25694,GEN,
25695,GEN,
25696,GEN,
25697,GEN,
25698,GEN,
25699,GEN,
25700,GEN,
25701,GEN-EWS,3698
25702,OBC-NCL,6271
25703,OBC-NCL,6272
25704,OBC-NCL,6273
25705,GEN,
25705,OBC-NCL,6274
25707,OBC-NCL,6275
25708,GEN-EWS,3699
25709,GEN,
25710,GEN-EWS,3700
25711,OBC-NCL,6276
25712,OBC-NCL,6277
25713,OBC-NCL,6278
25713,SC,851
25715,GEN,
25716,GEN,
25717,OBC-NCL,6279
25718,OBC-NCL,6280
25719,OBC-NCL,6281
25720,GEN-EWS,3701
25721,GEN-EWS,3702
25722,OBC-NCL,6282
25723,GEN,
25724,GEN,
25725,GEN,
25726,GEN,
25727,OBC-NCL,6283
25728,GEN,
25729,GEN,
25729,GEN-EWS,3703
25731,GEN,
25732,SC,852
25733,GEN,
25734,GEN,
25735,GEN,
25736,GEN,
25736,GEN,
25738,GEN,
25739,GEN,
25740,GEN-EWS,3704
25741,OBC-NCL,6284
25742,GEN-EWS,3705
25743,GEN,
25744,GEN,
25745,OBC-NCL,6285
25746,OBC-NCL,6286
25747,OBC-NCL,6287
25748,GEN,
25749,GEN-EWS,3706
25750,GEN,
25751,OBC-NCL,6288
25752,GEN,
25753,GEN,
25754,OBC-NCL,6289
25755,OBC-NCL,6290
25756,GEN,
25757,GEN,
25758,SC,853
25759,GEN-EWS,3709
25760,GEN-EWS,3710
25761,GEN-EWS,3711
25762,GEN,
25763,GEN,
25764,GEN,
25765,GEN-EWS,3712
25766,GEN,
25767,OBC-NCL,6291
25768,OBC-NCL,6292
25769,GEN,
25769,OBC-NCL,6293
25771,OBC-NCL,6294
25772,SC,854
25773,GEN-EWS,3713
25774,GEN,
25775,GEN,
25776,OBC-NCL,6295
25777,GEN,
25778,GEN-EWS,3714
25779,GEN,
25780,GEN,
25781,GEN,
25782,GEN,
25783,GEN,
25784,GEN-EWS,3715
25785,GEN,
25786,GEN-EWS,3716
25787,GEN,
25788,GEN,
25789,OBC-NCL,6296
25790,GEN,
25791,OBC-NCL,6297
25792,OBC-NCL,6298
25793,OBC-NCL,6299
25794,SC,855
25795,SC,856
25796,SC,857
25797,GEN-EWS,3717
25798,GEN-EWS,3718
25799,GEN,
25800,GEN-EWS,3719
25801,GEN,
25802,GEN-EWS,3720
25803,OBC-NCL,6301
25804,OBC-NCL,6302
25805,OBC-NCL,6303
25806,GEN,
25807,GEN,
25808,GEN-EWS,3721
25809,OBC-NCL,6304
25810,OBC-NCL,6306
25811,GEN,
25812,GEN,
25813,SC,858
25814,GEN,
25815,GEN,
25816,GEN,
25817,GEN,
25818,OBC-NCL,6307
25819,OBC-NCL,6308
25820,GEN,
25821,GEN,
25822,OBC-NCL,6309
25823,GEN,
25824,GEN,
25825,GEN,
25826,OBC-NCL,6310
25827,OBC-NCL,6311
25828,GEN,
25829,GEN,
25830,GEN,
25831,GEN,
25832,GEN,
25833,OBC-NCL,6312
25833,OBC-NCL,6312
25835,GEN,
25836,GEN,
25837,GEN,
25838,GEN,
25839,GEN,
25840,SC,859
25841,GEN,
25841,GEN-EWS,3722
25843,GEN-EWS,3723
25844,GEN,
25845,GEN,
25846,GEN-EWS,3724
25847,GEN,
25848,GEN,
25849,GEN,
25850,GEN,
25851,OBC-NCL,6315
25852,GEN,
25853,GEN,
25854,GEN,
25855,OBC-NCL,6316
25856,GEN,
25857,GEN,
25858,OBC-NCL,6317
25859,OBC-NCL,6318
25860,GEN,
25861,GEN,
25862,OBC-NCL,6319
25863,GEN,
25864,OBC-NCL,6320
25865,OBC-NCL,6321
25866,SC,860
25867,SC,861
25868,GEN,
25869,OBC-NCL,6322
25870,OBC-NCL,6323
25871,GEN-EWS,3725
25872,GEN,
25873,GEN,
25874,OBC-NCL,6324
25875,OBC-NCL,6325
25876,SC,862
25877,GEN,
25878,GEN,
25879,GEN-EWS,3726
25880,ST,203
25881,GEN,
25882,GEN-EWS,3727
25883,SC,863
25884,GEN,
25885,GEN,
25886,OBC-NCL,6326
25887,GEN,
25888,GEN-EWS,3728
25889,OBC-NCL,6327
25890,GEN,
25891,OBC-NCL,6328
25892,OBC-NCL,6329
25892,OBC-NCL,6329
25894,SC,864
25895,GEN,
25896,GEN,
25896,GEN,
25898,GEN,
25899,GEN,
25900,GEN-EWS,3729
25901,OBC-NCL,6331
25902,GEN,
25903,OBC-NCL,6332
25904,GEN,
25905,GEN,
25906,GEN-EWS,3730
25907,GEN,
25908,GEN-EWS,3731
25909,GEN-EWS,3732
25910,GEN,
25911,GEN-EWS,3733
25912,GEN,
25913,OBC-NCL,6333
25914,GEN,
25915,GEN,
25916,GEN,
25917,GEN,
25918,GEN,
25919,OBC-NCL,6334
25920,OBC-NCL,6335
25921,OBC-NCL,6336
25922,GEN-EWS,3734
25923,OBC-NCL,6337
25924,GEN,
25925,OBC-NCL,6338
25926,OBC-NCL,6339
25927,GEN,
25928,GEN,
25929,GEN,
25930,GEN-EWS,3735
25931,GEN,
25932,GEN-EWS,3736
25933,GEN,
25934,GEN,
25935,GEN,
25936,GEN,
25937,GEN,
25938,GEN,
25939,GEN,
25940,GEN,
25941,GEN,
25942,OBC-NCL,6340
25943,GEN,
25944,GEN-EWS,3737
25945,GEN,
25946,GEN-EWS,3738
25947,OBC-NCL,6341
25948,OBC-NCL,6342
25949,GEN,
25950,GEN,
25951,GEN,
25952,GEN,
25953,GEN,
25954,GEN,
25955,GEN,
25956,GEN,
25957,OBC-NCL,6343
25958,GEN,
25959,OBC-NCL,6344
25960,GEN,
25961,GEN,
25962,OBC-NCL,6345
25963,GEN,
25964,OBC-NCL,6346
25965,GEN-EWS,3739
25966,GEN,
25967,GEN,
25968,GEN,
25969,OBC-NCL,6347
25970,SC,865
25971,OBC-NCL,6348
25972,OBC-NCL,6349
25973,GEN,
25974,GEN-EWS,3740
25975,GEN,
25976,GEN,
25977,OBC-NCL,6350
25978,OBC-NCL,6351
25979,GEN,
25980,GEN,
25981,OBC-NCL,6352
25982,GEN,
25983,GEN,
25984,GEN,
25985,OBC-NCL,6354
25986,GEN,
25987,OBC-NCL,6356
25988,GEN-EWS,3741
25989,GEN-EWS,3742
25990,GEN,
25991,GEN,
25992,OBC-NCL,6357
25993,GEN,
25994,GEN-EWS,3743
25995,OBC-NCL,6358
25996,GEN,
25997,OBC-NCL,6359
25998,OBC-NCL,6360
25999,GEN,
26000,GEN,
26001,OBC-NCL,6361
26002,GEN,
26003,OBC-NCL,6362
26004,GEN,
26005,GEN,
26006,GEN,
26007,GEN-EWS,3745
26008,GEN,
26009,GEN,
26010,GEN,
26011,GEN,
26012,OBC-NCL,6363
26013,GEN,
26014,SC,866
26015,GEN-EWS,3746
26016,OBC-NCL,6364
26017,GEN,
26018,SC,867
26019,GEN,
26020,OBC-NCL,6365
26021,GEN,
26022,OBC-NCL,6366
26023,OBC-NCL,6367
26024,OBC-NCL,6368
26025,GEN,
26026,GEN,
26027,GEN,
26028,OBC-NCL,6369
26029,OBC-NCL,6370
26030,OBC-NCL,6371
26031,GEN,
26031,OBC-NCL,6372
26033,OBC-NCL,6373
26034,GEN,
26035,OBC-NCL,6374
26036,SC,868
26037,OBC-NCL,6375
26038,GEN,
26039,OBC-NCL,6376
26040,OBC-NCL,6377
26041,GEN,
26042,OBC-NCL,6378
26043,GEN,
26044,GEN,
26045,OBC-NCL,6379
26046,GEN,
26047,OBC-NCL,6380
26048,GEN,
26049,OBC-NCL,6381
26050,GEN,
26051,OBC-NCL,6382
26052,OBC-NCL,6383
26053,OBC-NCL,6384
26054,GEN-EWS,3748
26055,GEN,
26056,GEN,
26057,OBC-NCL,6385
26058,OBC-NCL,6386
26059,GEN,
26060,OBC-NCL,6387
26061,GEN,
26062,GEN,
26063,GEN-EWS,3749
26064,ST,204
26065,GEN-EWS,3750
26066,ST,205
26067,GEN,
26068,OBC-NCL,6388
26069,GEN,
26070,GEN-EWS,3751
26071,GEN,
26072,SC,869
26073,GEN,
26074,GEN,
26075,GEN,
26076,OBC-NCL,6389
26077,GEN,
26078,GEN,
26079,GEN-EWS,3752
26080,GEN-EWS,3753
26081,GEN,
26082,GEN,
26083,GEN,
26084,GEN,
26085,OBC-NCL,6390
26086,GEN,
26087,OBC-NCL,6391
26088,GEN,
26089,OBC-NCL,6392
26090,OBC-NCL,6393
26091,GEN,
26092,GEN-EWS,3754
26093,GEN-EWS,3755
26094,OBC-NCL,6394
26095,GEN,
26096,OBC-NCL,6395
26097,OBC-NCL,6396
26098,OBC-NCL,6397
26099,GEN,
26100,OBC-NCL,6398
26101,GEN,
26102,SC,870
26103,GEN-EWS,3756
26104,OBC-NCL,6399
26105,GEN,
26106,OBC-NCL,6400
26107,GEN,
26107,SC,871
26109,GEN,
26110,GEN-EWS,3757
26111,OBC-NCL,6401
26112,GEN,
26113,GEN-EWS,3758
26114,GEN,
26115,GEN,
26116,GEN-EWS,3759
26117,GEN-EWS,3760
26118,GEN,
26119,GEN,
26120,OBC-NCL,6402
26121,GEN-EWS,3761
26122,GEN,
26123,GEN,
26124,GEN,
26125,OBC-NCL,6403
26126,GEN,
26127,GEN,
26128,GEN-EWS,3762
26129,GEN,
26130,GEN-EWS,3763
26131,GEN,
26132,GEN-EWS,3764
26133,GEN,
26134,GEN,
26135,SC,872
26136,GEN,
26137,GEN,
26138,SC,873
26139,GEN,
26140,GEN,
26141,OBC-NCL,6404
26142,GEN,
26143,OBC-NCL,6405
26144,GEN,
26145,GEN,
26146,GEN,
26147,OBC-NCL,6406
26148,GEN-EWS,3765
26149,GEN-EWS,3766
26150,GEN,
26151,GEN,
26152,GEN,
26153,SC,874
26154,GEN,
26155,GEN,
26156,OBC-NCL,6407
26157,GEN,
26158,OBC-NCL,6408
26159,GEN,
26160,GEN-EWS,3767
26161,GEN-EWS,3768
26162,GEN,
26163,GEN,
26164,GEN,
26164,GEN,
26166,OBC-NCL,6409
26167,OBC-NCL,6410
26168,GEN,
26169,GEN-EWS,3769
26170,GEN,
26171,OBC-NCL,6411
26172,GEN,
26173,GEN,
26174,OBC-NCL,6412
26175,OBC-NCL,6413
26176,OBC-NCL,6414
26177,GEN,
26178,GEN,
26179,GEN,
26180,OBC-NCL,6415
26181,GEN,
26182,GEN,
26183,GEN,
26184,GEN,
26185,OBC-NCL,6416
26186,OBC-NCL,6417
26187,GEN,
26188,OBC-NCL,6418
26189,GEN,
26190,GEN,
26191,GEN-EWS,3770
26192,OBC-NCL,6419
26193,GEN,
26194,OBC-NCL,6420
26195,GEN,
26196,GEN,
26197,GEN,
26198,GEN-EWS,3771
26199,GEN-EWS,3772
26200,GEN,
26201,GEN,
26202,OBC-NCL,6421
26203,GEN,
26204,GEN,
26205,GEN,
26206,OBC-NCL,6422
26207,GEN,
26208,GEN,
26209,GEN-EWS,3773
26210,GEN,
26211,GEN,
26212,GEN,
26213,OBC-NCL,6423
26214,OBC-NCL,6424
26215,GEN-EWS,3774
26216,GEN,
26217,GEN,
26218,GEN,
26219,GEN,
26220,GEN,
26221,OBC-NCL,6425
26222,GEN,
26223,GEN,
26224,OBC-NCL,6426
26225,OBC-NCL,6427
26226,GEN,
26227,GEN-EWS,3775
26228,GEN,
26229,OBC-NCL,6428
26230,GEN,
26230,OBC-NCL,6429
26232,GEN,
26233,GEN,
26234,SC,875
26235,OBC-NCL,6430
26236,GEN,
26237,GEN,
26238,GEN,
26239,OBC-NCL,6431
26240,GEN,
26241,OBC-NCL,6432
26242,GEN,
26243,GEN,
26244,GEN-EWS,3776
26245,GEN,
26246,GEN,
26247,GEN,
26248,OBC-NCL,6433
26249,GEN,
26249,GEN,
26251,GEN,
26252,OBC-NCL,6434
26253,GEN-EWS,3777
26254,GEN,
26255,GEN,
26256,OBC-NCL,6435
26257,GEN-EWS,3778
26258,GEN,
26259,GEN,
26260,ST,206
26261,OBC-NCL,6436
26262,SC,876
26263,OBC-NCL,6437
26264,GEN,
26265,GEN,
26266,OBC-NCL,6438
26267,GEN,
26268,GEN-EWS,3779
26269,SC,877
26270,GEN,
26271,SC,878
26272,GEN,
26273,OBC-NCL,6439
26274,OBC-NCL,6440
26275,OBC-NCL,6441
26276,OBC-NCL,6442
26277,GEN,
26278,OBC-NCL,6443
26279,GEN,
26280,GEN,
26281,OBC-NCL,6444
26282,GEN,
26283,GEN-EWS,3780
26284,GEN-EWS,3781
26285,OBC-NCL,6445
26286,OBC-NCL,6446
26287,GEN,
26288,OBC-NCL,6447
26289,OBC-NCL,6448
26290,OBC-NCL,6449
26291,GEN,
26292,GEN,
26293,OBC-NCL,6450
26294,GEN,
26295,GEN,
26296,GEN-EWS,3782
26297,OBC-NCL,6451
26298,OBC-NCL,6452
26299,GEN,
26300,GEN-EWS,3783
26301,GEN-EWS,3784
26302,GEN,
26303,OBC-NCL,6453
26304,GEN,
26305,OBC-NCL,6454
26306,OBC-NCL,6455
26307,GEN,
26308,ST,207
26309,SC,879
26310,GEN-EWS,3785
26311,GEN,
26312,OBC-NCL,6456
26313,GEN-EWS,3786
26314,GEN-EWS,3787
26315,OBC-NCL,6457
26316,GEN,
26317,OBC-NCL,6458
26318,OBC-NCL,6459
26319,SC,880
26320,GEN,
26321,GEN-EWS,3788
26322,GEN,
26323,GEN,
26324,OBC-NCL,6460
26325,GEN-EWS,3789
26326,GEN,
26327,OBC-NCL,6461
26328,GEN,
26329,ST,208
26330,GEN-EWS,3790
26331,GEN,
26332,GEN,
26333,GEN,
26334,ST,209
26335,GEN,
26336,GEN,
26337,GEN-EWS,3791
26338,OBC-NCL,6462
26339,OBC-NCL,6463
26340,GEN-EWS,3792
26341,GEN-EWS,3793
26342,GEN,
26343,OBC-NCL,6464
26344,GEN,
26345,GEN-EWS,3794
26346,GEN,
26347,GEN,
26348,GEN,
26349,OBC-NCL,6465
26350,GEN,
26351,ST,210
26352,OBC-NCL,6466
26353,GEN,
26354,GEN,
26355,GEN,
26356,GEN,
26357,GEN,
26358,SC,881
26359,GEN,
26360,GEN,
26361,GEN-EWS,3795
26362,GEN,
26363,GEN,
26364,GEN-EWS,3796
26365,GEN,
26366,GEN,
26367,GEN,
26368,GEN,
26369,GEN,
26370,GEN,
26371,OBC-NCL,6467
26372,OBC-NCL,6468
26373,OBC-NCL,6469
26374,OBC-NCL,6471
26375,GEN,
26376,GEN-EWS,3797
26377,GEN-EWS,3798
26378,OBC-NCL,6472
26379,GEN,
26380,GEN,
26381,OBC-NCL,6473
26382,OBC-NCL,6474
26383,OBC-NCL,6475
26384,ST,211
26385,OBC-NCL,6476
26386,GEN,
26387,OBC-NCL,6477
26388,GEN,
26389,GEN,
26390,GEN,
26391,GEN,
26392,SC,882
26393,SC,883
26394,GEN-EWS,3799
26395,GEN,
26396,GEN,
26397,GEN,
26398,GEN,
26399,OBC-NCL,6478
26400,OBC-NCL,6479
26401,GEN,
26402,GEN-EWS,3800
26403,GEN,
26404,GEN,
26405,GEN,
26406,GEN,
26407,GEN,
26408,OBC-NCL,6480
26409,GEN,
26410,OBC-NCL,6481
26411,OBC-NCL,6482
26412,GEN,
26413,GEN,
26414,GEN,
26415,OBC-NCL,6484
26416,GEN,
26417,GEN,
26418,OBC-NCL,6485
26419,SC,884
26420,OBC-NCL,6486
26421,GEN-EWS,3801
26422,OBC-NCL,6487
26423,OBC-NCL,6488
26424,SC,885
26425,GEN,
26426,OBC-NCL,6489
26427,GEN,
26428,GEN-EWS,3802
26429,OBC-NCL,6490
26430,OBC-NCL,6491
26431,GEN,
26432,GEN,
26433,OBC-NCL,6492
26434,GEN-EWS,3803
26435,GEN-EWS,3804
26436,GEN,
26437,GEN,
26438,OBC-NCL,6493
26439,OBC-NCL,6494
26440,SC,886
26441,SC,887
26442,GEN,
26443,GEN,
26444,GEN,
26445,GEN,
26446,GEN,
26447,GEN,
26448,ST,212
26449,GEN,
26450,OBC-NCL,6495
26451,GEN-EWS,3805
26452,ST,213
26453,GEN,
26454,OBC-NCL,6496
26455,OBC-NCL,6497
26456,OBC-NCL,6498
26457,GEN-EWS,3806
26458,GEN,
26459,OBC-NCL,6499
26460,OBC-NCL,6500
26461,OBC-NCL,6501
26462,GEN,
26463,GEN,
26464,GEN,
26465,OBC-NCL,6502
26466,GEN-EWS,3807
26467,SC,888
26468,GEN,
26469,OBC-NCL,6503
26470,GEN-EWS,3808
26471,GEN-EWS,3809
26472,GEN,
26473,OBC-NCL,6504
26474,GEN,
26475,GEN-EWS,3810
26476,GEN,
26477,GEN,
26478,GEN-EWS,3811
26479,OBC-NCL,6505
26480,SC,889
26481,GEN,
26482,GEN,
26483,GEN,
26484,OBC-NCL,6506
26485,GEN,
26486,GEN,
26487,GEN-EWS,3812
26488,OBC-NCL,6507
26489,GEN-EWS,3813
26490,GEN,
26491,GEN,
26492,GEN,
26493,OBC-NCL,6508
26494,GEN,
26495,OBC-NCL,6509
26496,GEN,
26497,GEN,
26498,GEN,
26499,OBC-NCL,6510
26500,OBC-NCL,6511
26501,ST,214
26502,GEN,
26503,GEN,
26504,OBC-NCL,6512
26505,GEN-EWS,3814
26506,GEN,
26507,OBC-NCL,6513
26508,GEN,
26509,GEN,
26510,OBC-NCL,6514
26511,GEN,
26512,OBC-NCL,6515
26513,OBC-NCL,6516
26514,GEN,
26515,GEN,
26516,GEN-EWS,3815
26517,GEN,
26518,OBC-NCL,6517
26519,GEN,
26520,GEN,
26521,ST,215
26522,GEN,
26523,OBC-NCL,6518
26524,ST,216
26525,GEN,
26526,OBC-NCL,6520
26527,GEN,
26528,OBC-NCL,6521
26529,OBC-NCL,6522
26530,GEN-EWS,3816
26531,GEN,
26532,GEN,
26533,GEN-EWS,3817
26534,GEN,
26535,GEN,
26536,GEN,
26537,GEN,
26538,GEN,
26539,OBC-NCL,6523
26540,GEN,
26541,OBC-NCL,6524
26542,GEN,
26543,GEN,
26544,GEN,
26545,OBC-NCL,6525
26546,GEN,
26547,OBC-NCL,6526
26548,GEN,
26549,GEN,
26550,OBC-NCL,6527
26551,GEN-EWS,3818
26552,GEN,
26553,GEN-EWS,3819
26554,SC,890
26555,GEN,
26556,OBC-NCL,6528
26557,GEN,
26558,GEN,
26559,GEN,
26560,GEN,
26561,OBC-NCL,6529
26562,OBC-NCL,6530
26563,GEN-EWS,3820
26564,GEN,
26565,OBC-NCL,6531
26566,GEN,
26567,GEN,
26568,OBC-NCL,6532
26569,SC,891
26570,GEN-EWS,3821
26571,GEN,
26572,OBC-NCL,6533
26573,GEN,
26574,GEN,
26575,OBC-NCL,6534
26576,GEN,
26577,GEN,
26578,ST,217
26579,GEN-EWS,3822
26580,GEN,
26581,GEN,
26582,OBC-NCL,6535
26583,GEN-EWS,3823
26584,GEN,
26585,GEN,
26586,GEN-EWS,3824
26587,GEN-EWS,3825
26588,GEN,
26589,GEN,
26590,GEN,
26591,GEN,
26592,GEN,
26593,GEN,
26594,GEN,
26595,GEN,
26596,OBC-NCL,6536
26596,OBC-NCL,6536
26598,OBC-NCL,6538
26599,GEN-EWS,3826
26600,GEN,
26600,GEN,
26602,OBC-NCL,6539
26603,GEN,
26604,GEN-EWS,3827
26605,OBC-NCL,6540
26606,GEN,
26607,OBC-NCL,6541
26608,GEN-EWS,3828
26609,SC,892
26610,GEN,
26611,GEN,
26612,OBC-NCL,6542
26613,OBC-NCL,6543
26614,OBC-NCL,6544
26615,OBC-NCL,6545
26616,OBC-NCL,6546
26617,GEN,
26618,GEN,
26619,GEN,
26620,GEN,
26621,GEN,
26622,GEN,
26623,SC,893
26624,OBC-NCL,6547
26625,GEN,
26626,GEN,
26627,SC,894
26628,GEN,
26629,OBC-NCL,6548
26630,GEN,
26631,GEN,
26632,OBC-NCL,6549
26633,GEN,
26634,GEN,
26635,OBC-NCL,6550
26636,OBC-NCL,6551
26637,GEN,
26638,GEN,
26639,OBC-NCL,6552
26640,GEN,
26641,GEN,
26642,GEN,
26643,GEN-EWS,3829
26644,OBC-NCL,6553
26645,GEN,
26646,OBC-NCL,6554
26647,OBC-NCL,6555
26648,OBC-NCL,6556
26649,GEN,
26650,SC,895
26651,GEN,
26652,OBC-NCL,6557
26653,GEN,
26654,GEN,
26655,OBC-NCL,6558
26656,GEN,
26657,GEN-EWS,3830
26658,GEN,
26659,GEN,
26660,GEN-EWS,3831
26661,GEN,
26662,GEN,
26663,OBC-NCL,6559
26664,GEN,
26665,OBC-NCL,6560
26666,OBC-NCL,6561
26667,GEN,
26668,OBC-NCL,6562
26669,OBC-NCL,6563
26670,GEN,
26671,GEN,
26672,GEN,
26673,OBC-NCL,6564
26674,SC,896
26675,GEN,
26676,GEN,
26677,OBC-NCL,6565
26678,GEN,
26679,GEN-EWS,3832
26680,OBC-NCL,6566
26681,GEN,
26682,GEN,
26683,GEN,
26683,SC,897
26685,OBC-NCL,6567
26686,GEN,
26687,OBC-NCL,6568
26688,OBC-NCL,6569
26689,OBC-NCL,6570
26690,GEN,
26691,GEN-EWS,3833
26692,GEN,
26693,OBC-NCL,6571
26694,GEN-EWS,3834
26695,GEN,
26696,GEN,
26697,GEN-EWS,3835
26698,GEN,
26699,OBC-NCL,6572
26700,OBC-NCL,6573
26701,GEN,
26702,GEN,
26703,GEN,
26704,GEN-EWS,3836
26705,GEN,
26705,OBC-NCL,6574
26707,OBC-NCL,6575
26708,GEN,
26709,GEN,
26710,GEN,
26711,GEN,
26712,GEN,
26713,GEN,
26714,GEN,
26715,GEN,
26716,GEN,
26717,GEN-EWS,3837
26718,GEN-EWS,3838
26719,OBC-NCL,6576
26720,GEN,
26721,GEN-EWS,3839
26722,GEN,
26723,GEN,
26724,GEN,
26725,OBC-NCL,6577
26726,GEN,
26727,GEN,
26728,OBC-NCL,6578
26729,GEN,
26730,GEN,
26731,GEN-EWS,3840
26732,GEN,
26733,GEN,
26734,GEN-EWS,3841
26735,GEN,
26736,GEN,
26737,OBC-NCL,6579
26738,GEN-EWS,3842
26739,GEN-EWS,3843
26740,OBC-NCL,6581
26741,OBC-NCL,6582
26742,GEN,
26743,GEN,
26744,GEN,
26745,OBC-NCL,6583
26746,GEN,
26747,GEN-EWS,3844
26748,GEN,
26749,GEN-EWS,3845
26750,SC,898
26751,OBC-NCL,6584
26752,OBC-NCL,6585
26753,GEN,
26754,GEN,
26755,GEN,
26756,OBC-NCL,6586
26757,GEN,
26757,GEN-EWS,3846
26759,GEN,
26760,SC,899
26761,GEN,
26762,GEN-EWS,3847
26763,GEN,
26764,GEN,
26765,GEN,
26766,OBC-NCL,6587
26767,GEN,
26768,OBC-NCL,6588
26769,GEN-EWS,3848
26770,OBC-NCL,6589
26771,OBC-NCL,6590
26772,OBC-NCL,6591
26773,GEN,
26774,SC,900
26775,GEN,
26776,GEN,
26777,OBC-NCL,6592
26778,GEN,
26779,GEN,
26780,GEN,
26780,OBC-NCL,6593
26782,GEN-EWS,3849
26783,OBC-NCL,6594
26784,GEN,
26785,OBC-NCL,6595
26786,OBC-NCL,6596
26787,OBC-NCL,6597
26788,GEN,
26788,GEN-EWS,3850
26790,GEN-EWS,3851
26791,OBC-NCL,6598
26792,GEN,
26793,OBC-NCL,6599
26794,OBC-NCL,6600
26795,GEN,
26796,OBC-NCL,6601
26797,GEN,
26798,GEN,
26799,SC,901
26800,OBC-NCL,6602
26801,GEN,
26802,GEN,
26803,OBC-NCL,6603
26804,GEN-EWS,3852
26805,GEN,
26806,GEN,
26807,GEN-EWS,3853
26808,GEN,
26809,GEN,
26810,GEN,
26811,GEN,
26812,GEN,
26813,OBC-NCL,6604
26814,OBC-NCL,6605
26815,OBC-NCL,6606
26816,GEN,
26817,GEN,
26818,GEN,
26819,GEN,
26820,GEN-EWS,3854
26821,GEN-EWS,3855
26822,OBC-NCL,6607
26823,OBC-NCL,6608
26824,GEN,
26825,GEN,
26826,OBC-NCL,6609
26827,GEN,
26828,GEN-EWS,3856
26829,GEN,
26830,GEN-EWS,3857
26831,OBC-NCL,6610
26832,SC,903
26833,GEN,
26834,GEN,
26835,OBC-NCL,6611
26836,GEN,
26837,ST,218
26838,GEN,
26839,GEN,
26840,GEN,
26841,OBC-NCL,6612
26842,OBC-NCL,6613
26843,GEN,
26844,OBC-NCL,6614
26845,SC,904
26846,GEN,
26847,GEN,
26848,GEN,
26849,GEN,
26850,OBC-NCL,6615
26851,GEN,
26852,OBC-NCL,6616
26853,GEN,
26854,GEN,
26855,GEN,
26856,GEN-EWS,3858
26857,GEN,
26858,GEN,
26859,GEN,
26860,OBC-NCL,6617
26861,GEN,
26862,GEN,
26863,SC,905
26864,GEN,
26865,GEN,
26866,OBC-NCL,6619
26867,GEN-EWS,3859
26868,OBC-NCL,6620
26869,OBC-NCL,6621
26870,GEN,
26871,GEN-EWS,3860
26872,GEN-EWS,3861
26873,OBC-NCL,6622
26874,GEN,
26875,GEN,
26876,GEN,
26877,GEN-EWS,3862
26878,OBC-NCL,6623
26879,GEN,
26880,OBC-NCL,6624
26881,GEN-EWS,3863
26882,GEN,
26883,GEN,
26884,GEN,
26885,OBC-NCL,6625
26886,OBC-NCL,6626
26887,SC,906
26888,GEN,
26889,OBC-NCL,6627
26890,OBC-NCL,6628
26891,SC,907
26892,GEN-EWS,3864
26893,OBC-NCL,6629
26894,GEN,
26895,OBC-NCL,6630
26896,GEN,
26897,OBC-NCL,6631
26898,GEN,
26899,GEN,
26900,GEN-EWS,3865
26901,OBC-NCL,6632
26902,OBC-NCL,6633
26903,GEN,
26904,GEN,
26905,GEN,
26906,GEN-EWS,3866
26907,OBC-NCL,6634
26908,GEN-EWS,3867
26909,GEN-EWS,3868
26910,OBC-NCL,6635
26911,OBC-NCL,6636
26912,OBC-NCL,6637
26913,GEN,
26914,OBC-NCL,6638
26915,GEN,
26916,OBC-NCL,6639
26917,GEN,
26918,OBC-NCL,6640
26919,GEN,
26920,ST,219
26921,GEN-EWS,3869
26922,SC,909
26923,SC,910
26924,GEN-EWS,3870
26925,OBC-NCL,6641
26926,GEN-EWS,3871
26926,OBC-NCL,6642
26928,GEN-EWS,3872
26929,OBC-NCL,6643
26930,GEN-EWS,3873
26931,GEN,
26932,GEN,
26933,GEN,
26934,GEN,
26935,GEN,
26936,GEN,
26937,GEN-EWS,3874
26938,GEN-EWS,3875
26939,GEN,
26940,GEN,
26941,OBC-NCL,6644
26942,OBC-NCL,6645
26943,OBC-NCL,6646
26944,GEN,
26945,GEN,
26946,GEN,
26947,GEN-EWS,3876
26948,OBC-NCL,6647
26949,OBC-NCL,6648
26950,GEN,
26951,OBC-NCL,6649
26952,OBC-NCL,6650
26953,OBC-NCL,6651
26954,OBC-NCL,6652
26955,OBC-NCL,6653
26956,GEN-EWS,3877
26957,OBC-NCL,6654
26958,OBC-NCL,6655
26959,OBC-NCL,6656
26960,GEN,
26961,GEN-EWS,3878
26962,OBC-NCL,6657
26963,OBC-NCL,6658
26964,GEN,
26965,GEN,
26966,SC,911
26967,GEN-EWS,3879
26968,GEN,
26969,GEN,
26970,GEN,
26971,SC,912
26972,OBC-NCL,6659
26973,GEN,
26974,OBC-NCL,6660
26975,OBC-NCL,6661
26976,GEN,
26977,GEN,
26978,GEN,
26979,OBC-NCL,6662
26980,OBC-NCL,6663
26981,GEN,
26982,GEN-EWS,3881
26983,GEN,
26984,OBC-NCL,6664
26985,ST,220
26986,GEN-EWS,3882
26987,GEN-EWS,3883
26988,GEN,
26989,OBC-NCL,6665
26990,GEN,
26991,GEN,
26992,OBC-NCL,6666
26993,GEN-EWS,3884
26994,OBC-NCL,6667
26995,GEN,
26996,GEN,
26997,ST,221
26998,GEN,
26999,GEN-EWS,3885
27000,SC,913
27001,GEN,
27002,GEN,
27003,OBC-NCL,6668
27004,OBC-NCL,6669
27005,GEN,
27006,GEN,
27007,GEN-EWS,3886
27008,SC,914
27009,GEN-EWS,3887
27010,OBC-NCL,6670
27011,GEN,
27012,GEN-EWS,3888
27013,GEN,
27014,GEN,
27015,OBC-NCL,6671
27016,GEN-EWS,3889
27017,GEN,
27018,OBC-NCL,6672
27019,GEN,
27019,GEN,
27021,OBC-NCL,6673
27022,OBC-NCL,6674
27023,GEN-EWS,3890
27024,OBC-NCL,6675
27025,SC,915
27026,GEN,
27027,GEN,
27028,GEN,
27029,GEN-EWS,3891
27030,OBC-NCL,6676
27031,OBC-NCL,6677
27032,GEN,
27033,GEN,
27034,ST,222
27035,ST,223
27036,GEN-EWS,3892
27037,GEN,
27038,OBC-NCL,6678
27039,OBC-NCL,6679
27040,GEN,
27041,GEN,
27042,GEN,
27043,GEN,
27044,GEN-EWS,3893
27045,OBC-NCL,6680
27046,OBC-NCL,6681
27047,OBC-NCL,6682
27048,GEN-EWS,3895
27049,GEN,
27050,OBC-NCL,6683
27051,SC,916
27052,OBC-NCL,6684
27053,SC,917
27054,GEN,
27055,OBC-NCL,6685
27056,GEN-EWS,3896
27057,OBC-NCL,6686
27058,GEN-EWS,3897
27059,OBC-NCL,6687
27060,OBC-NCL,6688
27061,GEN-EWS,3898
27062,GEN,
27063,GEN-EWS,3899
27064,OBC-NCL,6690
27065,GEN,
27066,ST,224
27067,GEN,
27068,GEN,
27069,GEN,
27070,GEN,
27071,OBC-NCL,6691
27072,OBC-NCL,6692
27073,OBC-NCL,6693
27074,OBC-NCL,6694
27075,GEN,
27076,GEN,
27077,OBC-NCL,6695
27078,OBC-NCL,6696
27079,OBC-NCL,6697
27080,GEN,
27081,OBC-NCL,6698
27082,GEN-EWS,3900
27083,GEN,
27084,GEN,
27085,GEN,
27086,GEN,
27087,SC,918
27088,OBC-NCL,6699
27089,GEN,
27090,OBC-NCL,6700
27091,OBC-NCL,6701
27092,GEN,
27093,OBC-NCL,6702
27094,GEN-EWS,3901
27095,OBC-NCL,6703
27096,GEN,
27097,GEN,
27098,GEN-EWS,3902
27099,OBC-NCL,6704
27100,GEN,
27101,GEN,
27102,ST,225
27103,GEN,
27104,GEN,
27105,GEN,
27106,GEN,
27107,GEN-EWS,3903
27108,GEN,
27109,GEN,
27110,OBC-NCL,6705
27111,GEN,
27112,OBC-NCL,6706
27113,GEN,
27114,GEN-EWS,3904
27115,GEN,
27116,SC,919
27117,GEN,
27118,GEN,
27119,GEN,
27120,GEN,
27120,GEN-EWS,3905
27122,GEN,
27123,GEN,
27124,OBC-NCL,6707
27125,SC,920
27126,GEN,
27127,GEN,
27128,OBC-NCL,6708
27129,GEN,
27130,GEN,
27131,OBC-NCL,6709
27132,GEN,
27133,OBC-NCL,6710
27134,GEN,
27135,GEN,
27136,GEN,
27137,GEN,
27138,ST,226
27139,GEN,
27140,GEN-EWS,3906
27141,GEN,
27142,OBC-NCL,6711
27143,GEN-EWS,3907
27144,GEN,
27145,OBC-NCL,6712
27146,GEN,
27147,OBC-NCL,6713
27148,OBC-NCL,6714
27149,GEN-EWS,3908
27150,GEN-EWS,3909
27151,GEN,
27152,GEN,
27153,OBC-NCL,6715
27154,GEN-EWS,3910
27155,GEN-EWS,3911
27156,GEN-EWS,3912
27157,GEN,
27158,GEN,
27159,GEN-EWS,3913
27160,GEN,
27161,OBC-NCL,6716
27162,OBC-NCL,6717
27163,GEN,
27164,GEN,
27165,SC,921
27166,GEN,
27167,GEN,
27168,GEN,
27169,OBC-NCL,6718
27170,GEN-EWS,3914
27171,GEN,
27172,GEN,
27173,GEN-EWS,3915
27174,GEN,
27175,GEN-EWS,3916
27176,OBC-NCL,6719
27177,GEN,
27178,GEN-EWS,3917
27179,GEN-EWS,3918
27180,GEN,
27181,GEN,
27182,OBC-NCL,6720
27183,GEN,
27184,OBC-NCL,6721
27185,GEN,
27186,GEN-EWS,3919
27187,GEN-EWS,3920
27188,GEN,
27189,GEN,
27190,GEN,
27191,GEN,
27192,OBC-NCL,6722
27193,OBC-NCL,6723
27194,SC,922
27195,GEN,
27196,GEN,
27197,GEN,
27198,GEN,
27199,OBC-NCL,6724
27200,OBC-NCL,6725
27201,GEN,
27202,GEN,
27203,GEN,
27204,OBC-NCL,6726
27205,GEN,
27206,GEN,
27207,OBC-NCL,6727
27208,OBC-NCL,6728
27209,GEN-EWS,3921
27210,GEN,
27211,GEN,
27212,ST,227
27213,GEN,
27214,OBC-NCL,6729
27215,GEN,
27216,GEN-EWS,3922
27217,OBC-NCL,6730
27218,GEN-EWS,3923
27219,GEN,
27220,GEN,
27221,GEN,
27222,OBC-NCL,6731
27223,GEN,
27224,SC,923
27225,GEN,
27226,GEN,
27227,GEN,
27228,OBC-NCL,6732
27229,GEN-EWS,3924
27230,GEN,
27231,OBC-NCL,6733
27232,GEN,
27233,GEN-EWS,3925
27234,GEN,
27235,OBC-NCL,6734
27236,GEN,
27237,OBC-NCL,6735
27238,GEN,
27239,GEN,
27240,GEN,
27241,GEN,
27242,GEN,
27243,OBC-NCL,6736
27244,GEN,
27245,GEN,
27246,OBC-NCL,6737
27247,SC,924
27248,GEN,
27249,GEN,
27250,GEN-EWS,3926
27251,GEN,
27252,GEN,
27253,OBC-NCL,6738
27254,GEN-EWS,3927
27255,GEN,
27256,OBC-NCL,6739
27257,SC,925
27258,SC,926
27259,GEN-EWS,3928
27260,GEN,
27261,GEN,
27262,GEN,
27263,GEN,
27264,GEN-EWS,3929
27265,GEN,
27266,GEN,
27267,OBC-NCL,6740
27268,GEN,
27269,GEN,
27270,GEN,
27271,GEN-EWS,3930
27272,GEN,
27273,OBC-NCL,6741
27274,GEN,
27275,OBC-NCL,6742
27276,GEN,
27277,GEN,
27278,OBC-NCL,6743
27279,GEN,
27280,GEN-EWS,3931
27281,GEN,
27282,GEN,
27283,GEN,
27284,GEN-EWS,3932
27285,GEN,
27286,GEN,
27287,GEN,
27288,SC,927
27289,GEN,
27290,GEN,
27291,SC,928
27292,GEN,
27293,OBC-NCL,6744
27294,OBC-NCL,6745
27295,GEN,
27296,GEN-EWS,3933
27297,GEN-EWS,3934
27298,GEN,
27299,GEN,
27300,GEN,
27301,GEN,
27302,OBC-NCL,6746
27303,GEN,
27304,OBC-NCL,6747
27305,GEN-EWS,3935
27306,GEN,
27307,OBC-NCL,6748
27308,GEN-EWS,3936
27309,GEN,
27310,GEN,
27311,GEN,
27312,OBC-NCL,6749
27313,GEN,
27314,OBC-NCL,6750
27315,GEN,
27316,GEN,
27317,OBC-NCL,6751
27318,GEN,
27319,GEN-EWS,3937
27320,GEN,
27321,OBC-NCL,6752
27322,GEN-EWS,3938
27323,GEN,
27324,GEN-EWS,3939
27325,GEN,
27326,GEN,
27327,OBC-NCL,6754
27328,GEN,
27329,GEN,
27330,SC,929
27331,GEN,
27332,GEN-EWS,3941
27333,OBC-NCL,6755
27334,GEN,
27335,OBC-NCL,6756
27336,GEN,
27337,OBC-NCL,6757
27338,GEN-EWS,3942
27339,GEN-EWS,3943
27340,GEN,
27341,GEN,
27342,GEN,
27343,GEN,
27343,OBC-NCL,6758
27345,GEN,
27346,GEN,
27347,GEN,
27348,OBC-NCL,6759
27349,OBC-NCL,6760
27350,GEN,
27351,OBC-NCL,6761
27352,GEN,
27353,GEN,
27354,OBC-NCL,6762
27355,OBC-NCL,6763
27356,OBC-NCL,6764
27357,GEN,
27358,GEN-EWS,3944
27359,SC,930
27360,GEN,
27361,OBC-NCL,6765
27362,GEN,
27363,OBC-NCL,6766
27364,GEN,
27365,GEN,
27366,GEN,
27367,OBC-NCL,6767
27368,GEN,
27369,GEN,
27370,OBC-NCL,6768
27371,GEN-EWS,3945
27372,GEN,
27373,ST,228
27374,OBC-NCL,6769
27375,GEN,
27376,GEN-EWS,3946
27377,GEN,
27378,OBC-NCL,6770
27379,OBC-NCL,6771
27380,OBC-NCL,6772
27381,GEN,
27382,OBC-NCL,6773
27383,GEN,
27384,OBC-NCL,6774
27385,GEN,
27386,GEN,
27387,GEN,
27388,OBC-NCL,6775
27389,OBC-NCL,6776
27390,GEN,
27391,OBC-NCL,6777
27392,OBC-NCL,6778
27393,GEN,
27394,GEN,
27395,GEN-EWS,3947
27396,GEN,
27397,OBC-NCL,6779
27398,GEN,
27399,OBC-NCL,6780
27400,GEN,
27401,GEN,
27402,OBC-NCL,6781
27403,GEN,
27404,OBC-NCL,6782
27405,OBC-NCL,6783
27406,OBC-NCL,6784
27407,OBC-NCL,6785
27408,OBC-NCL,6786
27409,GEN-EWS,3948
27410,GEN,
27411,OBC-NCL,6787
27412,OBC-NCL,6788
27413,GEN,
27414,GEN,
27415,OBC-NCL,6789
27416,GEN-EWS,3949
27417,OBC-NCL,6790
27418,GEN,
27419,SC,931
27420,OBC-NCL,6791
27421,OBC-NCL,6792
27422,GEN,
27423,OBC-NCL,6793
27424,GEN,
27425,GEN,
27426,GEN-EWS,3950
27426,OBC-NCL,6794
27428,GEN,
27429,GEN,
27430,OBC-NCL,6795
27431,GEN-EWS,3951
27432,SC,932
27433,GEN,
27434,SC,933
27435,GEN,
27436,GEN,
27437,GEN,
27438,ST,229
27439,GEN,
27440,OBC-NCL,6796
27441,OBC-NCL,6797
27442,GEN,
27443,GEN,
27444,SC,934
27445,OBC-NCL,6798
27446,OBC-NCL,6799
27447,GEN-EWS,3952
27448,OBC-NCL,6800
27449,GEN,
27450,OBC-NCL,6801
27451,GEN,
27452,OBC-NCL,6802
27453,OBC-NCL,6803
27454,GEN,
27455,GEN,
27456,OBC-NCL,6804
27457,OBC-NCL,6805
27458,GEN-EWS,3953
27459,GEN,
27460,GEN,
27461,GEN,
27462,OBC-NCL,6806
27463,GEN,
27464,OBC-NCL,6807
27465,GEN-EWS,3955
27466,GEN,
27467,GEN,
27468,GEN-EWS,3956
27469,GEN,
27470,GEN,
27471,OBC-NCL,6808
27472,GEN,
27473,GEN,
27474,GEN,
27475,GEN-EWS,3957
27476,OBC-NCL,6809
27477,GEN,
27477,GEN,
27479,GEN,
27480,GEN,
27481,GEN,
27482,OBC-NCL,6810
27483,GEN,
27484,GEN-EWS,3958
27485,OBC-NCL,6811
27486,GEN,
27487,GEN-EWS,3959
27488,OBC-NCL,6812
27489,GEN,
27490,OBC-NCL,6813
27491,OBC-NCL,6814
27492,GEN,
27493,GEN,
27494,GEN-EWS,3960
27495,OBC-NCL,6815
27496,ST,230
27497,GEN-EWS,3961
27498,GEN,
27499,GEN,
27500,OBC-NCL,6816
27501,GEN,
27502,GEN,
27503,OBC-NCL,6817
27504,SC,935
27505,OBC-NCL,6818
27506,GEN-EWS,3962
27507,GEN,
27508,GEN-EWS,3963
27509,GEN,
27510,SC,936
27511,GEN-EWS,3964
27512,GEN-EWS,3965
27513,GEN,
27514,SC,937
27515,GEN,
27516,GEN,
27517,GEN,
27518,SC,938
27519,GEN,
27520,GEN,
27521,GEN,
27522,GEN-EWS,3966
27523,ST,231
27524,OBC-NCL,6819
27525,OBC-NCL,6820
27526,GEN,
27526,GEN,
27528,GEN,
27529,GEN,
27530,GEN-EWS,3967
27531,GEN,
27532,OBC-NCL,6821
27533,GEN,
27534,OBC-NCL,6822
27535,GEN,
27536,OBC-NCL,6823
27537,OBC-NCL,6824
27538,GEN,
27539,SC,939
27540,GEN-EWS,3968
27541,GEN,
27542,OBC-NCL,6825
27543,ST,232
27544,OBC-NCL,6826
27545,GEN,
27546,GEN,
27547,GEN,
27548,OBC-NCL,6827
27549,GEN,
27550,OBC-NCL,6828
27551,GEN,
27552,GEN,
27553,GEN,
27554,GEN,
27555,GEN-EWS,3969
27556,GEN,
27557,GEN,
27558,GEN,
27559,OBC-NCL,6829
27560,GEN,
27561,OBC-NCL,6830
27562,GEN-EWS,3970
27563,GEN,
27564,OBC-NCL,6831
27565,GEN-EWS,3971
27566,SC,940
27567,GEN,
27568,ST,233
27569,GEN,
27570,GEN-EWS,3972
27571,GEN,
27572,GEN,
27573,OBC-NCL,6832
27574,GEN,
27575,GEN-EWS,3973
27576,GEN,
27577,GEN,
27578,GEN-EWS,3974
27579,OBC-NCL,6833
27580,GEN,
27581,OBC-NCL,6834
27582,OBC-NCL,6835
27583,OBC-NCL,6836
27584,OBC-NCL,6837
27585,GEN-EWS,3975
27586,OBC-NCL,6838
27587,GEN-EWS,3976
27587,ST,234
27589,OBC-NCL,6839
27590,OBC-NCL,6840
27591,GEN-EWS,3977
27592,GEN,
27593,OBC-NCL,6841
27594,SC,941
27595,OBC-NCL,6842
27596,OBC-NCL,6843
27597,ST,235
27598,GEN-EWS,3978
27599,GEN,
27600,OBC-NCL,6844
27601,OBC-NCL,6845
27602,GEN-EWS,3979
27603,GEN,
27604,SC,942
27605,GEN-EWS,3980
27606,GEN,
27607,GEN,
27608,GEN,
27609,GEN,
27610,GEN,
27611,OBC-NCL,6846
27612,GEN-EWS,3981
27613,SC,943
27614,OBC-NCL,6847
27615,GEN,
27616,GEN,
27617,GEN-EWS,3982
27618,OBC-NCL,6848
27619,GEN,
27620,OBC-NCL,6849
27621,GEN,
27622,SC,944
27623,GEN-EWS,3983
27624,GEN-EWS,3984
27625,GEN,
27626,OBC-NCL,6850
27627,GEN,
27628,OBC-NCL,6851
27629,GEN,
27630,OBC-NCL,6852
27631,OBC-NCL,6853
27632,OBC-NCL,6854
27633,GEN,
27634,ST,236
27635,GEN-EWS,3985
27636,GEN,
27637,SC,945
27638,GEN,
27639,GEN,
27640,GEN,
27641,SC,946
27642,OBC-NCL,6855
27643,OBC-NCL,6856
27644,OBC-NCL,6857
27645,SC,947
27646,GEN,
27647,GEN,
27648,GEN,
27649,OBC-NCL,6858
27650,OBC-NCL,6859
27651,GEN,
27652,GEN,
27653,OBC-NCL,6860
27654,GEN,
27655,OBC-NCL,6861
27656,GEN-EWS,3986
27657,GEN,
27658,OBC-NCL,6862
27659,GEN,
27660,OBC-NCL,6863
27661,OBC-NCL,6864
27662,SC,948
27663,OBC-NCL,6865
27664,GEN,
27665,GEN-EWS,3987
27666,GEN-EWS,3988
27667,GEN-EWS,3989
27668,GEN-EWS,3990
27669,GEN,
27670,GEN,
27671,OBC-NCL,6866
27672,GEN,
27673,OBC-NCL,6867
27674,OBC-NCL,6868
27675,OBC-NCL,6869
27676,OBC-NCL,6870
27677,GEN-EWS,3992
27678,GEN,
27679,GEN-EWS,3993
27680,OBC-NCL,6871
27681,GEN,
27682,OBC-NCL,6872
27683,GEN,
27684,OBC-NCL,6873
27685,GEN,
27686,OBC-NCL,6874
27687,OBC-NCL,6875
27688,OBC-NCL,6876
27689,GEN,
27690,GEN,
27691,GEN,
27692,OBC-NCL,6877
27693,GEN,
27694,GEN,
27695,GEN,
27696,OBC-NCL,6878
27697,GEN,
27698,SC,949
27699,GEN,
27700,GEN,
27701,GEN,
27702,OBC-NCL,6879
27703,GEN,
27704,GEN-EWS,3994
27705,GEN-EWS,3995
27706,GEN,
27707,OBC-NCL,6880
27708,GEN,
27709,GEN,
27710,GEN-EWS,3996
27711,GEN-EWS,3997
27712,GEN,
27713,GEN-EWS,3998
27714,OBC-NCL,6881
27715,GEN-EWS,3999
27716,OBC-NCL,6882
27717,OBC-NCL,6883
27718,GEN,
27719,OBC-NCL,6884
27720,OBC-NCL,6885
27721,OBC-NCL,6886
27722,GEN,
27723,OBC-NCL,6888
27724,OBC-NCL,6889
27725,OBC-NCL,6890
27726,GEN-EWS,4000
27727,GEN,
27728,GEN,
27729,OBC-NCL,6891
27730,GEN,
27731,GEN-EWS,4002
27732,GEN,
27733,GEN,
27734,GEN,
27735,GEN,
27736,GEN,
27737,GEN,
27738,OBC-NCL,6892
27739,GEN-EWS,4003
27740,GEN,
27741,ST,237
27742,GEN,
27743,OBC-NCL,6893
27744,GEN,
27745,GEN,
27746,GEN-EWS,4004
27747,OBC-NCL,6894
27748,GEN,
27749,OBC-NCL,6895
27750,GEN,
27751,OBC-NCL,6896
27752,GEN-EWS,4005
27753,GEN,
27754,OBC-NCL,6897
27755,OBC-NCL,6898
27756,OBC-NCL,6899
27757,OBC-NCL,6900
27758,OBC-NCL,6901
27759,GEN,
27760,GEN,
27761,OBC-NCL,6902
27762,GEN,
27763,GEN,
27764,GEN-EWS,4007
27765,OBC-NCL,6903
27766,GEN,
27767,GEN-EWS,4008
27768,GEN-EWS,4009
27769,GEN-EWS,4010
27770,OBC-NCL,6904
27771,GEN,
27772,OBC-NCL,6905
27773,SC,950
27774,GEN,
27775,OBC-NCL,6906
27776,SC,951
27777,GEN,
27778,GEN-EWS,4011
27779,GEN,
27780,OBC-NCL,6907
27781,GEN,
27782,SC,952
27783,OBC-NCL,6908
27784,GEN,
27785,GEN,
27786,GEN,
27787,GEN-EWS,4012
27788,GEN,
27789,GEN,
27790,GEN,
27791,GEN,
27792,GEN,
27793,OBC-NCL,6909
27794,GEN,
27795,OBC-NCL,6910
27796,GEN-EWS,4013
27797,GEN,
27798,GEN,
27799,GEN-EWS,4014
27800,OBC-NCL,6911
27801,GEN,
27802,GEN,
27803,GEN,
27804,OBC-NCL,6912
27805,GEN,
27806,GEN,
27807,OBC-NCL,6913
27808,OBC-NCL,6914
27809,GEN,
27810,OBC-NCL,6915
27811,GEN,
27812,ST,238
27813,GEN,
27814,GEN,
27815,GEN,
27816,GEN-EWS,4015
27817,GEN,
27818,GEN,
27819,GEN,
27820,GEN,
27821,GEN,
27822,OBC-NCL,6916
27823,GEN,
27824,OBC-NCL,6917
27825,OBC-NCL,6918
27826,GEN,
27827,GEN-EWS,4016
27828,GEN,
27829,OBC-NCL,6919
27830,OBC-NCL,6920
27831,OBC-NCL,6921
27832,GEN,
27833,OBC-NCL,6922
27834,GEN-EWS,4017
27835,OBC-NCL,6923
27836,OBC-NCL,6924
27837,GEN-EWS,4018
27838,GEN-EWS,4019
27839,GEN,
27840,OBC-NCL,6925
27841,GEN,
27842,GEN-EWS,4020
27843,GEN,
27843,SC,953
27845,GEN,
27846,GEN,
27847,OBC-NCL,6926
27848,OBC-NCL,6927
27849,GEN-EWS,4021
27850,GEN,
27851,OBC-NCL,6928
27852,GEN,
27853,GEN,
27854,GEN,
27855,GEN,
27856,OBC-NCL,6929
27857,GEN,
27858,GEN,
27859,GEN-EWS,4022
27860,GEN,
27861,GEN,
27862,OBC-NCL,6930
27863,OBC-NCL,6931
27864,GEN,
27865,GEN,
27866,GEN,
27867,GEN,
27868,GEN,
27869,GEN,
27870,GEN,
27871,OBC-NCL,6932
27872,GEN,
27873,GEN,
27874,OBC-NCL,6933
27875,OBC-NCL,6934
27876,OBC-NCL,6935
27877,GEN-EWS,4023
27878,ST,239
27879,OBC-NCL,6936
27880,GEN,
27881,GEN-EWS,4024
27882,OBC-NCL,6937
27883,GEN-EWS,4025
27884,OBC-NCL,6938
27885,GEN-EWS,4026
27886,GEN,
27887,OBC-NCL,6939
27888,GEN-EWS,4027
27889,GEN,
27889,GEN,
27891,GEN,
27892,GEN-EWS,4028
27893,OBC-NCL,6940
27894,OBC-NCL,6941
27895,GEN,
27896,GEN-EWS,4029
27897,GEN,
27898,GEN,
27899,GEN,
27900,OBC-NCL,6942
27901,GEN-EWS,4030
27902,GEN,
27903,OBC-NCL,6943
27904,GEN,
27905,OBC-NCL,6944
27906,GEN,
27907,GEN,
27908,GEN-EWS,4031
27909,GEN,
27910,SC,954
27911,GEN,
27912,GEN-EWS,4032
27913,OBC-NCL,6945
27914,GEN,
27915,OBC-NCL,6946
27916,OBC-NCL,6947
27917,GEN,
27918,GEN,
27919,OBC-NCL,6948
27920,GEN,
27921,GEN,
27922,SC,955
27923,OBC-NCL,6949
27924,GEN,
27925,GEN,
27926,GEN-EWS,4033
27927,OBC-NCL,6950
27928,GEN,
27929,GEN,
27930,GEN,
27931,OBC-NCL,6951
27932,GEN-EWS,4034
27933,GEN,
27934,GEN-EWS,4035
27935,OBC-NCL,6952
27936,OBC-NCL,6953
27937,GEN-EWS,4037
27938,GEN,
27939,GEN,
27940,GEN,
27941,ST,240
27942,GEN,
27943,SC,956
27944,GEN,
27945,ST,241
27946,OBC-NCL,6954
27947,GEN,
27948,OBC-NCL,6955
27949,GEN,
27950,GEN,
27951,GEN,
27952,GEN,
27953,GEN,
27954,OBC-NCL,6956
27955,OBC-NCL,6957
27956,GEN,
27957,GEN,
27958,GEN,
27959,GEN,
27960,OBC-NCL,6958
27961,GEN,
27962,GEN-EWS,4038
27963,GEN,
27964,GEN-EWS,4039
27965,GEN-EWS,4040
27966,GEN-EWS,4041
27967,GEN,
27968,OBC-NCL,6959
27969,GEN,
27970,OBC-NCL,6960
27971,GEN,
27972,OBC-NCL,6961
27973,GEN,
27974,OBC-NCL,6962
27975,OBC-NCL,6963
27976,OBC-NCL,6964
27977,GEN-EWS,4042
27978,GEN,
27979,GEN,
27980,SC,957
27981,OBC-NCL,6965
27982,OBC-NCL,6966
27983,GEN,
27984,ST,242
27985,GEN,
27986,OBC-NCL,6967
27987,GEN,
27988,GEN,
27989,GEN,
27990,OBC-NCL,6968
27991,GEN,
27992,GEN,
27993,GEN,
27994,OBC-NCL,6969
27995,GEN,
27996,GEN-EWS,4043
27997,GEN-EWS,4044
27998,GEN-EWS,4045
27999,GEN,
28000,GEN-EWS,4046
28001,OBC-NCL,6970
28002,GEN,
28003,OBC-NCL,6971
28003,OBC-NCL,6971
28005,SC,958
28006,OBC-NCL,6973
28007,OBC-NCL,6974
28008,GEN,
28009,OBC-NCL,6975
28010,GEN,
28011,GEN,
28012,OBC-NCL,6976
28013,OBC-NCL,6977
28014,GEN,
28015,SC,961
28016,GEN,
28017,OBC-NCL,6978
28018,GEN-EWS,4047
28019,SC,962
28020,OBC-NCL,6979
28021,GEN,
28022,GEN,
28023,OBC-NCL,6980
28024,GEN-EWS,4048
28025,GEN,
28026,OBC-NCL,6981
28027,OBC-NCL,6982
28028,GEN-EWS,4049
28029,GEN-EWS,4050
28030,GEN,
28031,GEN,
28032,GEN-EWS,4051
28033,GEN,
28034,GEN,
28035,GEN,
28036,SC,963
28037,GEN-EWS,4052
28038,GEN,
28039,GEN-EWS,4053
28040,OBC-NCL,6983
28041,GEN,
28042,GEN,
28043,OBC-NCL,6984
28044,GEN-EWS,4054
28045,GEN,
28046,GEN,
28047,OBC-NCL,6985
28048,GEN-EWS,4055
28049,GEN,
28050,OBC-NCL,6986
28051,GEN,
28052,OBC-NCL,6987
28053,GEN,
28054,GEN,
28055,GEN,
28055,OBC-NCL,6988
28057,GEN,
28058,GEN,
28059,GEN-EWS,4056
28060,OBC-NCL,6989
28061,GEN,
28062,OBC-NCL,6990
28063,GEN,
28064,GEN-EWS,4057
28065,GEN,
28066,GEN,
28067,GEN,
28068,GEN-EWS,4058
28069,GEN,
28070,GEN,
28071,OBC-NCL,6991
28072,GEN,
28073,GEN-EWS,4059
28074,GEN-EWS,4060
28075,GEN,
28076,GEN,
28077,GEN,
28078,GEN,
28079,GEN,
28080,GEN,
28081,GEN,
28082,GEN,
28083,GEN,
28084,OBC-NCL,6992
28085,ST,243
28086,SC,964
28087,GEN,
28088,GEN,
28089,GEN,
28090,GEN,
28091,GEN,
28092,GEN,
28093,GEN,
28094,SC,965
28095,OBC-NCL,6993
28096,OBC-NCL,6994
28097,SC,966
28098,OBC-NCL,6995
28099,GEN-EWS,4061
28100,GEN-EWS,4062
28101,GEN-EWS,4063
28102,GEN,
28103,GEN,
28104,OBC-NCL,6996
28105,OBC-NCL,6997
28106,GEN,
28107,GEN,
28108,GEN,
28109,OBC-NCL,6998
28110,GEN,
28111,OBC-NCL,6999
28112,OBC-NCL,7000
28113,GEN-EWS,4064
28114,GEN,
28115,GEN,
28116,GEN,
28117,OBC-NCL,7001
28118,GEN,
28119,GEN,
28120,OBC-NCL,7002
28121,GEN-EWS,4065
28122,OBC-NCL,7003
28123,OBC-NCL,7004
28124,GEN,
28125,GEN,
28125,GEN-EWS,4066
28127,OBC-NCL,7006
28128,OBC-NCL,7007
28129,GEN-EWS,4067
28130,GEN-EWS,4068
28131,GEN-EWS,4069
28132,OBC-NCL,7008
28133,OBC-NCL,7009
28134,ST,244
28135,SC,967
28136,OBC-NCL,7010
28137,OBC-NCL,7011
28138,OBC-NCL,7012
28139,SC,968
28140,GEN-EWS,4070
28141,OBC-NCL,7013
28142,ST,245
28143,GEN,
28144,GEN,
28145,GEN,
28146,GEN,
28147,GEN,
28148,SC,969
28149,SC,970
28150,OBC-NCL,7014
28151,GEN,
28152,SC,971
28153,GEN,
28154,GEN,
28155,GEN,
28156,OBC-NCL,7015
28157,OBC-NCL,7016
28158,OBC-NCL,7017
28159,GEN,
28160,OBC-NCL,7018
28161,GEN,
28162,OBC-NCL,7019
28163,SC,972
28164,GEN,
28165,OBC-NCL,7021
28166,GEN,
28167,GEN,
28168,GEN,
28169,SC,973
28170,GEN,
28171,GEN,
28172,GEN,
28173,GEN,
28174,OBC-NCL,7022
28175,GEN-EWS,4073
28176,GEN,
28177,GEN-EWS,4074
28178,OBC-NCL,7023
28179,GEN-EWS,4075
28180,OBC-NCL,7024
28181,GEN,
28182,GEN,
28183,GEN,
28184,GEN,
28184,GEN,
28186,GEN-EWS,4076
28187,OBC-NCL,7025
28188,SC,974
28189,GEN,
28190,GEN,
28191,GEN,
28192,OBC-NCL,7026
28193,OBC-NCL,7027
28194,SC,975
28195,SC,976
28196,GEN,
28197,GEN,
28198,GEN,
28199,GEN,
28200,OBC-NCL,7028
28201,GEN,
28202,GEN-EWS,4077
28203,OBC-NCL,7029
28204,GEN,
28205,OBC-NCL,7030
28206,OBC-NCL,7031
28207,OBC-NCL,7032
28208,GEN,
28209,OBC-NCL,7033
28210,GEN,
28211,GEN-EWS,4078
28211,OBC-NCL,7034
28213,OBC-NCL,7035
28214,GEN-EWS,4079
28215,GEN-EWS,4080
28216,GEN,
28217,OBC-NCL,7036
28218,OBC-NCL,7037
28219,GEN,
28220,GEN-EWS,4081
28221,GEN,
28222,GEN-EWS,4082
28223,GEN,
28224,OBC-NCL,7038
28225,GEN,
28226,OBC-NCL,7039
28227,GEN,
28228,GEN,
28229,OBC-NCL,7040
28230,OBC-NCL,7041
28231,OBC-NCL,7042
28232,GEN,
28233,SC,977
28234,GEN,
28235,GEN-EWS,4083
28236,GEN-EWS,4084
28237,GEN,
28238,ST,246
28239,OBC-NCL,7043
28240,OBC-NCL,7044
28241,OBC-NCL,7045
28242,GEN,
28243,ST,247
28244,OBC-NCL,7046
28245,GEN,
28246,GEN,
28247,GEN,
28248,GEN,
28249,GEN,
28250,OBC-NCL,7047
28251,OBC-NCL,7048
28252,OBC-NCL,7049
28253,OBC-NCL,7050
28254,OBC-NCL,7051
28255,OBC-NCL,7052
28256,OBC-NCL,7053
28257,OBC-NCL,7054
28258,GEN,
28259,GEN,
28260,GEN,
28261,GEN-EWS,4085
28262,GEN-EWS,4086
28263,GEN,
28264,OBC-NCL,7055
28265,GEN,
28266,OBC-NCL,7056
28267,GEN,
28268,ST,248
28269,OBC-NCL,7057
28270,GEN,
28271,GEN,
28272,ST,249
28273,SC,978
28274,GEN,
28275,SC,979
28276,OBC-NCL,7058
28277,GEN,
28278,GEN-EWS,4087
28279,GEN,
28280,ST,250
28281,OBC-NCL,7059
28282,GEN,
28283,GEN-EWS,4088
28284,OBC-NCL,7060
28285,GEN,
28286,GEN,
28287,OBC-NCL,7061
28288,GEN,
28289,SC,980
28290,GEN,
28291,GEN,
28292,GEN,
28293,OBC-NCL,7062
28294,GEN,
28295,GEN,
28296,GEN,
28297,SC,981
28298,OBC-NCL,7064
28299,GEN,
28300,GEN-EWS,4089
28301,GEN-EWS,4090
28302,GEN,
28303,GEN-EWS,4091
28304,GEN,
28305,OBC-NCL,7065
28306,GEN,
28307,GEN,
28308,GEN,
28309,GEN,
28310,GEN,
28311,GEN-EWS,4092
28312,GEN,
28313,GEN,
28314,GEN,
28315,GEN,
28316,GEN,
28317,GEN,
28318,GEN,
28319,OBC-NCL,7066
28320,GEN-EWS,4093
28321,GEN,
28322,GEN,
28323,GEN,
28324,GEN,
28325,OBC-NCL,7067
28326,OBC-NCL,7068
28327,GEN,
28328,OBC-NCL,7069
28329,GEN-EWS,4094
28330,OBC-NCL,7070
28331,GEN,
28332,OBC-NCL,7071
28333,SC,982
28334,GEN,
28335,GEN,
28336,GEN-EWS,4095
28337,GEN-EWS,4096
28338,GEN,
28339,GEN,
28340,GEN,
28341,OBC-NCL,7072
28342,SC,983
28343,GEN-EWS,4097
28344,GEN,
28345,GEN-EWS,4098
28346,ST,251
28347,GEN,
28348,GEN,
28349,GEN,
28350,GEN-EWS,4099
28351,GEN,
28352,GEN,
28353,GEN,
28354,GEN,
28355,OBC-NCL,7073
28356,OBC-NCL,7074
28357,GEN,
28358,GEN-EWS,4100
28359,GEN,
28360,OBC-NCL,7075
28361,GEN,
28362,GEN-EWS,4101
28363,OBC-NCL,7076
28364,GEN-EWS,4102
28365,OBC-NCL,7077
28366,ST,252
28367,GEN,
28368,GEN,
28369,GEN,
28370,GEN,
28371,GEN,
28372,GEN-EWS,4103
28373,GEN,
28374,OBC-NCL,7078
28375,OBC-NCL,7079
28376,OBC-NCL,7080
28377,GEN-EWS,4104
28378,OBC-NCL,7081
28379,GEN,
28380,GEN-EWS,4105
28381,GEN-EWS,4106
28382,OBC-NCL,7082
28383,GEN,
28384,OBC-NCL,7083
28385,GEN,
28386,GEN,
28387,GEN,
28388,OBC-NCL,7084
28389,GEN,
28390,OBC-NCL,7087
28391,OBC-NCL,7088
28392,GEN-EWS,4107
28393,GEN,
28394,GEN,
28395,GEN-EWS,4108
28396,GEN,
28397,OBC-NCL,7089
28398,GEN,
28399,GEN,
28399,GEN,
28401,GEN,
28402,GEN,
28403,GEN,
28404,GEN,
28405,GEN,
28406,OBC-NCL,7090
28407,OBC-NCL,7091
28408,GEN,
28409,GEN,
28410,GEN-EWS,4110
28411,GEN,
28411,OBC-NCL,7092
28413,OBC-NCL,7093
28414,OBC-NCL,7094
28415,SC,984
28416,GEN,
28417,OBC-NCL,7095
28418,GEN,
28419,OBC-NCL,7096
28420,OBC-NCL,7097
28421,GEN,
28422,OBC-NCL,7098
28423,GEN,
28424,GEN-EWS,4111
28425,GEN,
28426,GEN,
28427,GEN,
28428,GEN,
28429,GEN,
28430,OBC-NCL,7099
28431,SC,985
28432,GEN-EWS,4112
28433,GEN,
28434,GEN,
28435,GEN,
28436,GEN,
28437,OBC-NCL,7100
28438,GEN,
28439,OBC-NCL,7101
28440,GEN,
28441,OBC-NCL,7102
28441,SC,986
28443,OBC-NCL,7103
28444,GEN-EWS,4113
28445,GEN,
28446,GEN,
28447,GEN,
28448,OBC-NCL,7104
28449,GEN,
28450,OBC-NCL,7105
28451,GEN,
28452,OBC-NCL,7106
28453,OBC-NCL,7107
28454,GEN,
28455,GEN-EWS,4114
28456,GEN,
28457,OBC-NCL,7108
28458,GEN,
28459,OBC-NCL,7109
28460,GEN,
28461,GEN,
28462,GEN,
28463,SC,987
28464,GEN,
28465,OBC-NCL,7111
28466,GEN,
28467,GEN,
28467,OBC-NCL,7112
28469,GEN,
28470,GEN,
28471,OBC-NCL,7113
28472,OBC-NCL,7114
28473,OBC-NCL,7115
28474,OBC-NCL,7116
28475,GEN,
28476,GEN-EWS,4116
28477,GEN,
28478,SC,988
28479,SC,989
28480,GEN,
28481,GEN-EWS,4117
28482,OBC-NCL,7117
28483,GEN,
28484,OBC-NCL,7118
28485,SC,990
28486,GEN,
28487,GEN-EWS,4118
28488,GEN,
28489,OBC-NCL,7119
28490,OBC-NCL,7120
28491,GEN,
28492,OBC-NCL,7121
28493,GEN,
28494,GEN,
28495,GEN,
28496,OBC-NCL,7122
28497,GEN,
28498,OBC-NCL,7123
28499,GEN,
28500,GEN,
28501,OBC-NCL,7124
28502,GEN,
28503,GEN,
28504,SC,991
28505,OBC-NCL,7125
28506,GEN-EWS,4120
28507,GEN,
28508,GEN,
28509,OBC-NCL,7126
28510,OBC-NCL,7127
28511,GEN,
28512,GEN-EWS,4121
28513,GEN,
28514,OBC-NCL,7129
28515,GEN-EWS,4122
28516,GEN,
28517,GEN,
28518,GEN,
28519,GEN,
28520,GEN,
28521,OBC-NCL,7130
28522,GEN,
28523,GEN,
28524,GEN,
28525,GEN,
28526,OBC-NCL,7131
28527,OBC-NCL,7132
28528,GEN,
28529,OBC-NCL,7133
28530,GEN,
28531,OBC-NCL,7134
28532,GEN,
28533,OBC-NCL,7135
28534,GEN,
28535,GEN-EWS,4123
28536,OBC-NCL,7136
28537,GEN,
28538,GEN-EWS,4124
28539,OBC-NCL,7137
28540,OBC-NCL,7138
28541,GEN,
28542,GEN-EWS,4125
28543,OBC-NCL,7139
28544,GEN,
28545,GEN,
28546,GEN-EWS,4126
28547,GEN,
28548,GEN,
28549,GEN,
28550,OBC-NCL,7140
28551,GEN-EWS,4127
28552,OBC-NCL,7141
28553,OBC-NCL,7142
28554,GEN-EWS,4128
28555,GEN,
28556,GEN-EWS,4129
28557,OBC-NCL,7143
28558,GEN,
28559,OBC-NCL,7144
28560,GEN,
28561,GEN-EWS,4130
28562,GEN,
28563,GEN,
28564,GEN,
28565,ST,253
28566,GEN,
28567,GEN,
28568,GEN-EWS,4131
28569,GEN,
28570,OBC-NCL,7145
28571,GEN,
28572,OBC-NCL,7146
28573,GEN,
28574,GEN-EWS,4132
28575,GEN,
28576,GEN,
28577,GEN,
28578,OBC-NCL,7147
28579,OBC-NCL,7148
28580,GEN,
28581,OBC-NCL,7149
28582,GEN,
28583,GEN,
28584,OBC-NCL,7150
28585,OBC-NCL,7151
28586,GEN,
28587,OBC-NCL,7152
28588,OBC-NCL,7153
28589,OBC-NCL,7154
28590,GEN,
28591,GEN,
28592,GEN,
28593,GEN-EWS,4133
28594,GEN,
28595,OBC-NCL,7155
28596,OBC-NCL,7156
28597,GEN-EWS,4134
28598,GEN,
28599,GEN,
28600,GEN,
28601,GEN,
28602,GEN,
28603,OBC-NCL,7157
28604,GEN-EWS,4135
28605,SC,992
28606,OBC-NCL,7158
28607,SC,993
28608,GEN,
28609,GEN-EWS,4136
28610,GEN,
28611,GEN,
28612,OBC-NCL,7159
28613,GEN-EWS,4137
28614,GEN-EWS,4138
28615,GEN,
28616,GEN,
28617,GEN,
28618,OBC-NCL,7160
28619,GEN,
28620,OBC-NCL,7161
28621,GEN,
28622,OBC-NCL,7162
28623,GEN,
28624,GEN,
28625,GEN,
28626,GEN,
28627,OBC-NCL,7163
28628,GEN,
28629,GEN,
28630,SC,994
28631,GEN,
28632,OBC-NCL,7165
28633,OBC-NCL,7166
28634,OBC-NCL,7167
28635,GEN,
28636,GEN,
28637,GEN,
28638,GEN,
28639,GEN,
28640,GEN,
28641,GEN,
28642,GEN-EWS,4139
28642,OBC-NCL,7168
28644,OBC-NCL,7169
28645,GEN,
28646,OBC-NCL,7170
28647,GEN,
28648,GEN-EWS,4140
28649,OBC-NCL,7171
28650,OBC-NCL,7172
28651,GEN-EWS,4141
28652,GEN,
28653,GEN,
28654,GEN,
28655,GEN,
28656,GEN,
28657,GEN,
28658,GEN-EWS,4142
28659,GEN,
28660,SC,995
28661,SC,996
28662,GEN-EWS,4143
28663,GEN,
28664,OBC-NCL,7173
28665,GEN,
28666,SC,997
28667,GEN-EWS,4144
28668,OBC-NCL,7174
28669,GEN,
28670,GEN,
28671,OBC-NCL,7175
28672,GEN,
28673,OBC-NCL,7176
28674,GEN-EWS,4145
28675,GEN,
28676,SC,998
28677,SC,999
28678,GEN,
28679,OBC-NCL,7177
28680,GEN,
28681,GEN-EWS,4146
28682,SC,1000
28683,GEN,
28684,GEN-EWS,4147
28685,SC,1001
28686,GEN,
28687,GEN-EWS,4148
28688,OBC-NCL,7178
28689,GEN,
28690,OBC-NCL,7179
28691,OBC-NCL,7180
28692,GEN-EWS,4149
28693,GEN,
28694,OBC-NCL,7181
28695,GEN,
28696,GEN,
28697,OBC-NCL,7182
28698,OBC-NCL,7183
28699,GEN,
28700,OBC-NCL,7184
28701,SC,1002
28702,OBC-NCL,7185
28703,OBC-NCL,7186
28704,GEN,
28705,OBC-NCL,7187
28706,OBC-NCL,7188
28707,OBC-NCL,7189
28708,GEN,
28709,OBC-NCL,7190
28710,GEN,
28711,GEN,
28712,OBC-NCL,7191
28713,GEN,
28714,GEN,
28715,OBC-NCL,7192
28716,GEN,
28717,OBC-NCL,7193
28718,GEN,
28719,GEN,
28720,GEN,
28721,OBC-NCL,7194
28722,GEN,
28723,GEN-EWS,4151
28724,GEN-EWS,4152
28725,OBC-NCL,7195
28726,OBC-NCL,7196
28727,SC,1003
28728,GEN,
28729,GEN,
28729,SC,1004
28731,GEN,
28732,OBC-NCL,7197
28733,OBC-NCL,7198
28734,GEN-EWS,4153
28735,GEN,
28736,GEN,
28737,GEN,
28738,GEN,
28739,GEN-EWS,4154
28740,GEN-EWS,4155
28741,GEN,
28742,GEN-EWS,4156
28743,OBC-NCL,7199
28744,GEN-EWS,4157
28745,OBC-NCL,7200
28746,GEN,
28747,GEN,
28748,OBC-NCL,7201
28749,GEN,
28750,OBC-NCL,7202
28751,OBC-NCL,7203
28752,GEN-EWS,4158
28753,GEN,
28754,GEN,
28755,GEN,
28756,OBC-NCL,7204
28757,OBC-NCL,7205
28758,OBC-NCL,7206
28759,ST,254
28760,GEN,
28761,GEN,
28762,GEN,
28763,GEN-EWS,4159
28764,SC,1005
28765,GEN-EWS,4160
28766,GEN,
28767,OBC-NCL,7207
28768,GEN,
28769,GEN,
28770,OBC-NCL,7208
28771,GEN,
28772,GEN,
28773,OBC-NCL,7209
28774,GEN,
28775,SC,1006
28776,GEN,
28777,OBC-NCL,7210
28778,OBC-NCL,7211
28779,OBC-NCL,7212
28780,GEN,
28781,OBC-NCL,7213
28782,OBC-NCL,7214
28783,GEN,
28784,GEN,
28785,GEN,
28786,SC,1007
28787,GEN,
28788,OBC-NCL,7215
28789,OBC-NCL,7216
28790,OBC-NCL,7217
28791,OBC-NCL,7218
28792,SC,1008
28793,OBC-NCL,7219
28794,OBC-NCL,7220
28795,GEN,
28796,OBC-NCL,7221
28797,GEN,
28798,ST,255
28799,OBC-NCL,7222
28800,GEN,
28801,OBC-NCL,7223
28802,GEN-EWS,4161
28803,OBC-NCL,7224
28804,SC,1009
28805,GEN,
28806,GEN,
28807,GEN-EWS,4162
28807,OBC-NCL,7225
28809,SC,1010
28810,GEN,
28811,GEN,
28811,GEN,
28813,GEN,
28814,ST,256
28815,GEN-EWS,4163
28816,OBC-NCL,7226
28817,GEN,
28818,OBC-NCL,7227
28819,GEN-EWS,4164
28820,OBC-NCL,7228
28821,GEN,
28822,GEN,
28823,GEN,
28824,GEN,
28825,GEN,
28826,GEN-EWS,4165
28827,GEN,
28828,ST,257
28829,ST,258
28830,OBC-NCL,7229
28831,OBC-NCL,7230
28832,OBC-NCL,7231
28833,GEN,
28834,GEN,
28835,GEN,
28836,OBC-NCL,7232
28837,GEN-EWS,4166
28838,GEN,
28839,GEN,
28840,GEN,
28841,OBC-NCL,7233
28842,OBC-NCL,7234
28843,GEN,
28844,GEN-EWS,4167
28845,ST,259
28846,GEN-EWS,4168
28847,GEN,
28848,OBC-NCL,7235
28849,GEN,
28850,SC,1012
28851,GEN-EWS,4169
28852,GEN,
28853,OBC-NCL,7236
28854,GEN,
28855,OBC-NCL,7237
28856,GEN,
28857,OBC-NCL,7238
28858,GEN,
28859,GEN,
28860,GEN,
28861,OBC-NCL,7239
28862,GEN-EWS,4170
28863,OBC-NCL,7240
28864,GEN,
28865,GEN,
28866,GEN-EWS,4171
28867,GEN,
28868,OBC-NCL,7241
28869,GEN,
28870,OBC-NCL,7242
28871,GEN,
28872,GEN,
28873,GEN,
28874,SC,1013
28875,GEN,
28876,GEN,
28877,GEN,
28878,OBC-NCL,7243
28879,OBC-NCL,7244
28880,GEN,
28881,GEN-EWS,4172
28882,GEN,
28883,GEN,
28884,GEN,
28885,SC,1014
28886,GEN,
28887,OBC-NCL,7245
28888,OBC-NCL,7246
28889,GEN,
28890,OBC-NCL,7247
28891,GEN,
28892,GEN,
28893,OBC-NCL,7248
28894,OBC-NCL,7249
28895,OBC-NCL,7250
28896,GEN-EWS,4175
28897,SC,1015
28898,GEN,
28899,GEN,
28900,GEN,
28901,GEN,
28902,GEN,
28903,GEN,
28904,GEN,
28905,GEN,
28906,GEN,
28907,GEN,
28908,ST,260
28909,OBC-NCL,7251
28910,OBC-NCL,7252
28911,GEN-EWS,4176
28912,GEN,
28913,GEN,
28914,GEN,
28915,GEN,
28916,GEN,
28917,GEN,
28918,OBC-NCL,7253
28919,OBC-NCL,7254
28920,OBC-NCL,7255
28921,SC,1017
28922,GEN-EWS,4177
28923,GEN,
28924,GEN,
28925,GEN,
28926,GEN,
28927,GEN,
28928,GEN,
28929,OBC-NCL,7256
28930,GEN,
28931,GEN,
28932,GEN,
28933,OBC-NCL,7257
28934,GEN-EWS,4178
28935,OBC-NCL,7258
28936,GEN-EWS,4179
28937,GEN,
28938,GEN,
28939,OBC-NCL,7259
28940,OBC-NCL,7260
28941,GEN,
28942,GEN-EWS,4180
28943,ST,261
28944,GEN,
28945,OBC-NCL,7261
28946,OBC-NCL,7262
28947,OBC-NCL,7263
28948,OBC-NCL,7264
28949,GEN,
28950,GEN-EWS,4181
28951,GEN,
28952,GEN,
28953,GEN,
28954,GEN,
28955,GEN,
28956,OBC-NCL,7265
28957,GEN,
28958,OBC-NCL,7266
28959,GEN,
28960,GEN,
28961,GEN,
28962,OBC-NCL,7267
28963,OBC-NCL,7268
28964,GEN,
28965,OBC-NCL,7269
28966,SC,1018
28967,GEN,
28968,OBC-NCL,7270
28969,OBC-NCL,7271
28970,OBC-NCL,7272
28971,OBC-NCL,7273
28972,OBC-NCL,7274
28973,GEN,
28974,OBC-NCL,7275
28975,GEN,
28976,GEN-EWS,4182
28977,GEN,
28978,GEN,
28979,OBC-NCL,7276
28980,GEN-EWS,4183
28981,OBC-NCL,7277
28982,GEN,
28983,GEN,
28984,GEN-EWS,4184
28985,GEN,
28986,GEN,
28987,OBC-NCL,7278
28988,OBC-NCL,7279
28989,GEN,
28990,GEN-EWS,4185
28991,GEN-EWS,4186
28992,GEN-EWS,4187
28993,GEN,
28994,GEN,
28995,GEN,
28996,GEN,
28997,GEN,
28998,GEN,
28999,OBC-NCL,7280
29000,GEN-EWS,4188
29001,GEN,
29001,GEN,
29003,GEN,
29004,OBC-NCL,7281
29005,OBC-NCL,7282
29006,GEN-EWS,4189
29007,OBC-NCL,7283
29008,OBC-NCL,7284
29009,ST,263
29010,GEN,
29011,OBC-NCL,7285
29012,OBC-NCL,7286
29013,GEN,
29013,OBC-NCL,7287
29015,GEN,
29016,OBC-NCL,7288
29017,OBC-NCL,7289
29018,OBC-NCL,7290
29019,GEN-EWS,4190
29020,GEN,
29021,OBC-NCL,7291
29022,GEN,
29023,GEN,
29024,GEN-EWS,4191
29025,GEN,
29026,SC,1019
29027,SC,1020
29028,OBC-NCL,7292
29029,GEN,
29030,GEN,
29031,GEN,
29032,GEN,
29033,OBC-NCL,7293
29034,GEN,
29035,GEN-EWS,4192
29036,GEN,
29036,GEN-EWS,4193
29038,OBC-NCL,7294
29039,GEN,
29040,GEN,
29041,GEN,
29041,GEN,
29043,GEN,
29043,GEN,
29045,OBC-NCL,7295
29046,GEN-EWS,4194
29047,GEN,
29048,GEN-EWS,4195
29049,OBC-NCL,7296
29050,ST,264
29051,GEN,
29052,GEN,
29053,GEN-EWS,4196
29054,GEN,
29055,GEN,
29056,OBC-NCL,7297
29057,GEN,
29058,GEN,
29059,GEN,
29060,GEN,
29061,OBC-NCL,7298
29062,GEN,
29063,GEN,
29064,GEN,
29065,OBC-NCL,7299
29066,OBC-NCL,7300
29067,GEN,
29068,OBC-NCL,7301
29069,GEN-EWS,4197
29070,GEN,
29071,GEN,
29071,GEN,
29073,OBC-NCL,7302
29074,GEN,
29075,GEN-EWS,4198
29076,GEN,
29077,GEN,
29078,GEN,
29079,OBC-NCL,7303
29080,GEN-EWS,4199
29081,OBC-NCL,7304
29082,GEN,
29082,GEN,
29084,OBC-NCL,7305
29085,OBC-NCL,7306
29086,OBC-NCL,7307
29087,GEN,
29088,GEN,
29089,GEN,
29090,OBC-NCL,7308
29091,GEN,
29092,OBC-NCL,7309
29093,GEN,
29094,GEN,
29095,GEN-EWS,4200
29096,GEN,
29097,OBC-NCL,7310
29098,OBC-NCL,7311
29099,OBC-NCL,7312
29100,GEN,
29101,GEN,
29102,OBC-NCL,7313
29103,OBC-NCL,7314
29104,GEN-EWS,4201
29105,GEN-EWS,4202
29106,OBC-NCL,7315
29107,GEN-EWS,4203
29108,GEN,
29109,GEN-EWS,4204
29110,GEN-EWS,4205
29111,OBC-NCL,7316
29112,OBC-NCL,7317
29113,GEN,
29114,GEN-EWS,4206
29115,GEN-EWS,4207
29116,OBC-NCL,7318
29117,GEN-EWS,4208
29118,GEN,
29119,GEN,
29120,GEN,
29121,SC,1021
29122,OBC-NCL,7319
29123,GEN,
29124,OBC-NCL,7320
29125,GEN,
29126,OBC-NCL,7321
29127,GEN,
29128,GEN,
29129,OBC-NCL,7322
29130,OBC-NCL,7323
29131,GEN,
29132,GEN,
29133,OBC-NCL,7324
29134,GEN-EWS,4209
29135,GEN-EWS,4210
29136,GEN,
29137,GEN,
29138,GEN-EWS,4211
29139,GEN-EWS,4212
29140,GEN,
29141,GEN,
29142,GEN-EWS,4213
29143,GEN-EWS,4214
29144,GEN-EWS,4215
29145,GEN,
29146,GEN-EWS,4216
29147,GEN-EWS,4217
29148,OBC-NCL,7325
29149,OBC-NCL,7326
29150,GEN,
29151,GEN,
29152,GEN,
29152,GEN,
29154,GEN,
29155,GEN,
29156,GEN-EWS,4218
29157,OBC-NCL,7327
29158,GEN,
29159,GEN,
29160,GEN-EWS,4219
29161,GEN,
29162,GEN-EWS,4220
29163,GEN,
29164,OBC-NCL,7328
29165,GEN,
29166,GEN,
29167,GEN,
29168,GEN,
29169,GEN,
29169,GEN,
29171,OBC-NCL,7329
29172,GEN,
29173,GEN,
29174,GEN,
29175,OBC-NCL,7330
29176,OBC-NCL,7331
29177,OBC-NCL,7332
29178,GEN,
29179,GEN,
29180,OBC-NCL,7333
29181,GEN,
29182,GEN,
29183,OBC-NCL,7334
29184,GEN-EWS,4221
29185,GEN,
29186,GEN,
29187,OBC-NCL,7335
29188,OBC-NCL,7336
29189,GEN,
29190,GEN-EWS,4222
29191,GEN,
29192,GEN,
29193,GEN,
29194,GEN,
29195,OBC-NCL,7337
29196,GEN,
29197,GEN,
29198,GEN,
29199,GEN,
29200,GEN,
29201,GEN,
29202,SC,1023
29203,GEN,
29204,GEN-EWS,4223
29205,GEN,
29206,OBC-NCL,7338
29207,OBC-NCL,7339
29208,OBC-NCL,7340
29209,GEN,
29210,GEN,
29211,GEN,
29212,GEN,
29213,OBC-NCL,7341
29214,OBC-NCL,7342
29215,GEN,
29216,GEN,
29217,GEN,
29218,GEN,
29219,GEN,
29220,GEN,
29221,GEN,
29222,GEN,
29223,GEN,
29223,GEN,
29225,GEN,
29226,GEN,
29227,GEN,
29228,GEN,
29229,OBC-NCL,7343
29230,GEN,
29231,GEN,
29232,OBC-NCL,7344
29233,GEN,
29234,GEN,
29235,SC,1025
29236,GEN,
29237,SC,1026
29238,GEN-EWS,4224
29239,OBC-NCL,7345
29240,OBC-NCL,7346
29241,GEN,
29242,SC,1027
29243,GEN-EWS,4225
29244,GEN,
29245,GEN,
29246,GEN,
29247,GEN,
29248,GEN-EWS,4226
29249,OBC-NCL,7347
29250,OBC-NCL,7348
29251,OBC-NCL,7349
29252,GEN-EWS,4227
29253,GEN-EWS,4228
29253,SC,1028
29255,OBC-NCL,7350
29256,GEN,
29257,OBC-NCL,7351
29258,GEN,
29259,GEN-EWS,4229
29260,GEN-EWS,4230
29261,GEN,
29262,OBC-NCL,7352
29263,GEN,
29264,GEN,
29265,SC,1029
29266,GEN,
29267,OBC-NCL,7353
29268,GEN,
29269,GEN-EWS,4231
29270,GEN,
29271,GEN,
29272,GEN,
29273,GEN,
29274,GEN,
29275,OBC-NCL,7355
29275,OBC-NCL,7355
29277,GEN,
29278,GEN,
29279,GEN-EWS,4232
29280,GEN,
29281,OBC-NCL,7357
29282,OBC-NCL,7358
29283,GEN-EWS,4233
29284,GEN,
29285,GEN,
29286,GEN,
29287,GEN,
29288,GEN,
29289,GEN,
29290,OBC-NCL,7359
29291,GEN,
29292,GEN,
29293,OBC-NCL,7360
29294,GEN,
29295,GEN,
29296,OBC-NCL,7361
29297,GEN,
29298,GEN,
29299,GEN,
29300,GEN,
29301,GEN-EWS,4234
29302,GEN,
29303,GEN,
29304,GEN-EWS,4235
29305,GEN-EWS,4236
29306,OBC-NCL,7362
29307,GEN,
29308,GEN-EWS,4237
29309,GEN,
29310,GEN,
29311,OBC-NCL,7364
29312,OBC-NCL,7365
29313,GEN,
29314,GEN,
29315,GEN,
29316,OBC-NCL,7366
29317,GEN,
29318,SC,1030
29319,OBC-NCL,7367
29320,GEN,
29321,OBC-NCL,7368
29322,GEN,
29322,OBC-NCL,7369
29324,GEN,
29325,GEN,
29325,GEN-EWS,4238
29327,OBC-NCL,7370
29328,OBC-NCL,7371
29329,GEN-EWS,4239
29330,OBC-NCL,7372
29331,GEN,
29332,OBC-NCL,7373
29333,GEN,
29334,GEN,
29335,OBC-NCL,7374
29336,OBC-NCL,7375
29337,OBC-NCL,7376
29338,GEN,
29338,GEN,
29340,ST,266
29341,GEN,
29342,GEN-EWS,4240
29343,GEN-EWS,4241
29344,GEN-EWS,4242
29345,GEN,
29346,GEN,
29347,GEN-EWS,4243
29348,OBC-NCL,7377
29349,GEN,
29350,OBC-NCL,7378
29351,OBC-NCL,7379
29352,GEN-EWS,4244
29352,OBC-NCL,7380
29354,GEN-EWS,4245
29355,GEN,
29356,GEN,
29357,SC,1031
29358,OBC-NCL,7381
29359,OBC-NCL,7382
29360,GEN-EWS,4246
29361,OBC-NCL,7383
29362,OBC-NCL,7384
29363,OBC-NCL,7385
29364,OBC-NCL,7386
29365,OBC-NCL,7387
29366,GEN,
29367,GEN,
29368,OBC-NCL,7388
29369,OBC-NCL,7389
29370,OBC-NCL,7390
29371,GEN,
29372,OBC-NCL,7391
29373,GEN,
29374,GEN,
29375,GEN,
29376,ST,267
29377,SC,1032
29378,GEN-EWS,4247
29379,GEN,
29380,SC,1033
29381,OBC-NCL,7392
29382,GEN,
29383,GEN,
29384,GEN,
29385,OBC-NCL,7393
29386,GEN,
29387,OBC-NCL,7394
29388,OBC-NCL,7395
29389,GEN,
29390,OBC-NCL,7396
29391,GEN,
29392,GEN-EWS,4248
29393,SC,1034
29394,GEN-EWS,4249
29395,OBC-NCL,7397
29396,OBC-NCL,7398
29397,OBC-NCL,7399
29398,OBC-NCL,7400
29399,GEN,
29400,GEN-EWS,4251
29401,OBC-NCL,7401
29402,GEN,
29403,GEN-EWS,4252
29404,OBC-NCL,7402
29405,GEN,
29406,OBC-NCL,7403
29407,GEN,
29408,GEN,
29409,GEN,
29410,OBC-NCL,7404
29411,SC,1035
29412,OBC-NCL,7405
29413,SC,1036
29414,GEN,
29415,OBC-NCL,7406
29416,OBC-NCL,7407
29417,OBC-NCL,7408
29418,GEN,
29419,GEN,
29420,GEN,
29421,OBC-NCL,7409
29422,GEN,
29423,OBC-NCL,7410
29424,SC,1037
29425,OBC-NCL,7411
29426,GEN,
29427,GEN-EWS,4253
29428,GEN,
29429,GEN-EWS,4254
29430,OBC-NCL,7412
29431,GEN,
29432,OBC-NCL,7413
29433,GEN-EWS,4255
29434,SC,1038
29435,GEN,
29436,OBC-NCL,7414
29437,GEN,
29438,GEN,
29439,SC,1039
29440,OBC-NCL,7416
29441,GEN,
29442,GEN-EWS,4256
29443,OBC-NCL,7417
29444,ST,268
29445,GEN,
29446,GEN,
29447,GEN,
29448,GEN,
29449,GEN,
29450,GEN,
29451,GEN,
29452,GEN,
29453,GEN,
29454,GEN,
29454,ST,269
29456,OBC-NCL,7418
29457,GEN-EWS,4257
29458,GEN,
29459,GEN,
29460,OBC-NCL,7420
29461,GEN,
29462,SC,1040
29463,OBC-NCL,7421
29464,OBC-NCL,7422
29465,OBC-NCL,7423
29466,GEN,
29467,OBC-NCL,7424
29468,GEN-EWS,4258
29469,OBC-NCL,7425
29470,OBC-NCL,7426
29471,GEN,
29472,GEN,
29473,GEN-EWS,4259
29474,GEN,
29475,OBC-NCL,7428
29476,OBC-NCL,7429
29477,GEN,
29478,OBC-NCL,7430
29479,OBC-NCL,7431
29480,OBC-NCL,7433
29481,GEN,
29482,GEN,
29483,GEN,
29484,OBC-NCL,7434
29485,GEN,
29486,GEN,
29487,OBC-NCL,7435
29488,SC,1042
29489,GEN,
29490,GEN-EWS,4260
29491,GEN,
29492,GEN-EWS,4261
29493,GEN,
29494,OBC-NCL,7436
29495,ST,270
29496,OBC-NCL,7438
29497,GEN,
29498,SC,1043
29499,OBC-NCL,7439
29500,OBC-NCL,7440
29501,GEN,
29502,GEN-EWS,4262
29503,OBC-NCL,7441
29504,GEN,
29505,GEN,
29506,OBC-NCL,7442
29507,GEN,
29508,GEN,
29509,OBC-NCL,7443
29510,OBC-NCL,7444
29511,OBC-NCL,7445
29512,GEN,
29513,GEN,
29514,OBC-NCL,7446
29515,GEN-EWS,4263
29516,GEN,
29517,OBC-NCL,7448
29518,OBC-NCL,7449
29519,GEN-EWS,4264
29520,GEN,
29521,GEN-EWS,4265
29522,GEN-EWS,4266
29523,OBC-NCL,7450
29524,GEN,
29525,SC,1044
29526,OBC-NCL,7451
29527,OBC-NCL,7452
29528,OBC-NCL,7453
29529,GEN-EWS,4267
29530,OBC-NCL,7454
29531,OBC-NCL,7455
29532,GEN-EWS,4268
29533,GEN-EWS,4269
29534,GEN,
29535,OBC-NCL,7456
29536,OBC-NCL,7457
29537,OBC-NCL,7458
29538,GEN,
29539,GEN,
29540,GEN-EWS,4270
29541,GEN,
29542,GEN,
29543,GEN-EWS,4271
29544,OBC-NCL,7459
29545,GEN-EWS,4272
29546,GEN,
29547,GEN,
29548,GEN,
29549,GEN-EWS,4273
29550,SC,1045
29551,GEN-EWS,4274
29552,OBC-NCL,7460
29553,GEN,
29554,GEN,
29555,GEN,
29556,GEN,
29557,OBC-NCL,7461
29558,OBC-NCL,7462
29559,OBC-NCL,7463
29560,OBC-NCL,7464
29561,OBC-NCL,7465
29562,GEN,
29563,OBC-NCL,7466
29564,GEN,
29565,SC,1046
29566,GEN,
29567,GEN,
29568,GEN,
29569,GEN-EWS,4275
29570,OBC-NCL,7467
29571,OBC-NCL,7468
29572,GEN,
29573,GEN-EWS,4276
29574,GEN,
29575,OBC-NCL,7469
29576,GEN,
29577,GEN,
29578,OBC-NCL,7470
29579,GEN,
29580,GEN-EWS,4277
29581,GEN-EWS,4278
29582,GEN,
29583,GEN,
29584,OBC-NCL,7471
29585,GEN,
29586,OBC-NCL,7472
29587,GEN,
29588,OBC-NCL,7473
29589,OBC-NCL,7474
29590,GEN,
29591,GEN-EWS,4279
29592,GEN-EWS,4280
29593,GEN-EWS,4281
29594,OBC-NCL,7475
29595,GEN-EWS,4282
29596,GEN,
29597,GEN,
29598,OBC-NCL,7476
29599,GEN,
29600,OBC-NCL,7477
29601,GEN-EWS,4283
29602,GEN,
29603,GEN,
29604,GEN-EWS,4284
29605,OBC-NCL,7478
29606,GEN-EWS,4285
29607,GEN,
29608,GEN,
29609,GEN,
29610,GEN,
29611,GEN-EWS,4286
29612,GEN,
29613,OBC-NCL,7480
29614,GEN,
29615,OBC-NCL,7481
29616,GEN,
29617,GEN-EWS,4287
29618,GEN-EWS,4288
29619,GEN,
29620,GEN,
29621,GEN,
29622,GEN,
29623,GEN,
29624,GEN,
29625,GEN,
29626,GEN-EWS,4289
29627,GEN,
29628,OBC-NCL,7482
29629,GEN,
29630,GEN-EWS,4290
29631,GEN-EWS,4291
29632,GEN,
29633,GEN,
29634,OBC-NCL,7483
29635,GEN,
29636,SC,1047
29637,GEN,
29638,GEN,
29639,GEN-EWS,4292
29640,GEN,
29640,OBC-NCL,7484
29642,GEN,
29643,GEN,
29644,GEN,
29645,GEN,
29646,GEN,
29647,GEN,
29648,GEN-EWS,4293
29649,GEN,
29650,GEN-EWS,4294
29651,GEN,
29652,OBC-NCL,7485
29653,GEN,
29654,GEN,
29655,OBC-NCL,7486
29656,OBC-NCL,7487
29657,GEN,
29658,GEN-EWS,4295
29659,OBC-NCL,7488
29660,GEN,
29661,GEN,
29662,GEN-EWS,4296
29663,GEN,
29664,GEN-EWS,4297
29665,OBC-NCL,7489
29666,OBC-NCL,7490
29667,OBC-NCL,7491
29668,OBC-NCL,7492
29669,OBC-NCL,7493
29670,GEN,
29671,OBC-NCL,7494
29672,OBC-NCL,7495
29673,OBC-NCL,7496
29674,GEN,
29675,SC,1048
29676,OBC-NCL,7497
29677,GEN,
29678,OBC-NCL,7498
29679,OBC-NCL,7499
29680,OBC-NCL,7500
29681,OBC-NCL,7501
29682,GEN-EWS,4298
29683,OBC-NCL,7502
29684,OBC-NCL,7503
29685,GEN,
29686,GEN,
29687,GEN,
29688,GEN,
29689,GEN,
29690,GEN,
29691,GEN,
29692,GEN,
29693,OBC-NCL,7504
29694,GEN-EWS,4299
29695,GEN-EWS,4300
29696,GEN-EWS,4301
29697,GEN,
29698,GEN,
29699,GEN,
29700,GEN,
29701,GEN,
29702,OBC-NCL,7505
29703,GEN,
29704,OBC-NCL,7506
29705,GEN,
29706,OBC-NCL,7507
29707,GEN-EWS,4302
29708,OBC-NCL,7508
29709,GEN,
29709,OBC-NCL,7509
29711,GEN,
29712,OBC-NCL,7510
29713,OBC-NCL,7511
29714,OBC-NCL,7512
29715,OBC-NCL,7513
29716,GEN,
29717,GEN,
29718,SC,1049
29719,GEN-EWS,4303
29720,OBC-NCL,7514
29721,GEN,
29722,GEN-EWS,4304
29723,OBC-NCL,7515
29724,OBC-NCL,7516
29724,OBC-NCL,7516
29726,GEN,
29727,OBC-NCL,7518
29728,GEN,
29729,OBC-NCL,7519
29730,GEN,
29731,GEN,
29731,GEN,
29733,OBC-NCL,7520
29734,GEN,
29735,OBC-NCL,7521
29736,OBC-NCL,7522
29737,GEN,
29738,GEN,
29739,GEN,
29740,GEN,
29741,GEN,
29742,SC,1050
29743,GEN,
29744,GEN-EWS,4305
29745,OBC-NCL,7523
29746,GEN,
29747,OBC-NCL,7524
29748,GEN,
29749,GEN,
29750,GEN,
29751,OBC-NCL,7525
29752,OBC-NCL,7526
29753,OBC-NCL,7527
29754,GEN,
29755,GEN,
29756,GEN-EWS,4306
29757,OBC-NCL,7528
29758,GEN,
29759,GEN,
29760,GEN,
29761,SC,1052
29762,GEN,
29763,OBC-NCL,7529
29764,GEN-EWS,4307
29765,OBC-NCL,7530
29766,GEN,
29767,GEN,
29768,GEN,
29769,OBC-NCL,7531
29770,GEN,
29771,GEN-EWS,4308
29772,GEN,
29773,OBC-NCL,7532
29774,GEN,
29775,GEN,
29776,GEN,
29777,GEN,
29778,GEN-EWS,4309
29779,GEN,
29780,GEN-EWS,4310
29780,OBC-NCL,7533
29782,GEN,
29783,OBC-NCL,7534
29784,SC,1053
29785,ST,271
29786,GEN,
29787,GEN,
29788,GEN,
29789,SC,1054
29790,GEN,
29791,OBC-NCL,7535
29792,GEN,
29793,OBC-NCL,7536
29794,GEN-EWS,4311
29795,GEN,
29795,GEN,
29795,OBC-NCL,7537
29798,OBC-NCL,7538
29799,GEN-EWS,4312
29800,GEN,
29800,GEN-EWS,4313
29802,GEN,
29803,GEN,
29804,GEN,
29805,OBC-NCL,7539
29806,GEN,
29807,OBC-NCL,7540
29808,GEN-EWS,4314
29809,OBC-NCL,7541
29810,GEN,
29811,GEN-EWS,4315
29812,GEN,
29813,GEN,
29814,GEN,
29815,GEN,
29816,GEN,
29817,GEN-EWS,4316
29818,GEN-EWS,4317
29819,OBC-NCL,7542
29820,GEN,
29821,GEN-EWS,4318
29822,OBC-NCL,7543
29823,GEN,
29824,GEN,
29825,GEN,
29826,GEN-EWS,4319
29826,OBC-NCL,7545
29828,GEN,
29829,GEN,
29830,OBC-NCL,7546
29831,GEN-EWS,4320
29832,GEN,
29833,SC,1055
29834,GEN-EWS,4321
29835,OBC-NCL,7547
29836,GEN,
29837,GEN,
29838,GEN,
29839,GEN,
29840,GEN,
29841,SC,1056
29842,GEN,
29843,GEN-EWS,4323
29844,OBC-NCL,7548
29845,OBC-NCL,7549
29846,GEN-EWS,4324
29847,GEN-EWS,4325
29848,GEN-EWS,4326
29849,GEN,
29850,OBC-NCL,7550
29851,OBC-NCL,7551
29852,GEN,
29853,GEN,
29854,GEN,
29855,GEN,
29856,GEN,
29857,GEN-EWS,4327
29858,OBC-NCL,7552
29859,GEN-EWS,4328
29860,GEN,
29861,GEN,
29862,GEN-EWS,4329
29863,GEN-EWS,4330
29864,GEN-EWS,4331
29865,GEN,
29865,GEN-EWS,4332
29867,OBC-NCL,7553
29868,GEN,
29869,OBC-NCL,7554
29870,GEN-EWS,4333
29871,GEN,
29872,OBC-NCL,7555
29873,SC,1057
29874,GEN-EWS,4334
29875,OBC-NCL,7556
29876,GEN,
29877,OBC-NCL,7557
29878,OBC-NCL,7558
29879,GEN,
29880,GEN,
29881,GEN,
29882,GEN,
29883,GEN-EWS,4335
29884,SC,1058
29885,GEN,
29886,SC,1059
29887,OBC-NCL,7559
29888,ST,272
29889,SC,1060
29890,OBC-NCL,7560
29891,GEN-EWS,4336
29892,GEN,
29893,SC,1061
29894,OBC-NCL,7561
29895,GEN,
29896,GEN,
29897,GEN,
29898,OBC-NCL,7562
29899,OBC-NCL,7563
29900,GEN-EWS,4338
29901,GEN-EWS,4339
29902,GEN-EWS,4340
29903,GEN-EWS,4341
29904,GEN,
29905,GEN,
29906,OBC-NCL,7564
29907,GEN,
29908,GEN,
29909,GEN,
29910,GEN-EWS,4342
29911,OBC-NCL,7566
29912,GEN,
29913,OBC-NCL,7567
29914,GEN,
29915,SC,1063
29916,GEN,
29917,OBC-NCL,7568
29918,OBC-NCL,7569
29919,OBC-NCL,7570
29920,OBC-NCL,7571
29921,OBC-NCL,7572
29922,GEN,
29923,OBC-NCL,7573
29924,OBC-NCL,7574
29925,GEN-EWS,4343
29926,OBC-NCL,7575
29927,OBC-NCL,7576
29928,OBC-NCL,7577
29929,OBC-NCL,7578
29930,OBC-NCL,7579
29931,GEN,
29932,OBC-NCL,7580
29933,GEN,
29934,OBC-NCL,7581
29935,GEN,
29936,GEN,
29937,GEN,
29938,GEN-EWS,4344
29939,OBC-NCL,7582
29940,GEN,
29941,GEN,
29942,GEN-EWS,4345
29943,OBC-NCL,7583
29944,OBC-NCL,7584
29945,SC,1064
29946,OBC-NCL,7585
29947,OBC-NCL,7586
29948,GEN,
29949,GEN,
29950,GEN,
29951,GEN-EWS,4346
29952,GEN,
29953,OBC-NCL,7587
29954,GEN,
29955,GEN-EWS,4347
29956,GEN-EWS,4348
29957,OBC-NCL,7588
29958,OBC-NCL,7589
29959,GEN,
29960,OBC-NCL,7590
29961,SC,1065
29962,GEN-EWS,4349
29963,GEN-EWS,4350
29964,GEN,
29965,GEN,
29966,GEN,
29967,OBC-NCL,7591
29968,GEN,
29969,GEN,
29970,GEN,
29971,SC,1066
29972,OBC-NCL,7592
29973,GEN,
29974,OBC-NCL,7593
29975,GEN,
29976,OBC-NCL,7594
29977,GEN,
29978,GEN-EWS,4351
29979,GEN-EWS,4352
29980,OBC-NCL,7595
29981,GEN,
29982,GEN,
29983,GEN,
29984,OBC-NCL,7596
29985,GEN-EWS,4353
29986,GEN,
29987,GEN,
29988,OBC-NCL,7597
29989,GEN,
29990,GEN,
29991,GEN-EWS,4354
29992,GEN,
29993,GEN-EWS,4355
29994,OBC-NCL,7598
29995,GEN,
29996,OBC-NCL,7599
29997,SC,1067
29998,GEN-EWS,4356
29999,OBC-NCL,7600
30000,OBC-NCL,7601
30001,GEN,
30002,OBC-NCL,7602
30003,GEN,
30004,OBC-NCL,7603
30005,GEN-EWS,4357
30006,GEN-EWS,4358
30007,GEN-EWS,4359
30008,GEN,
30009,ST,273
30010,SC,1069
30011,OBC-NCL,7604
30011,OBC-NCL,7604
30013,GEN,
30014,OBC-NCL,7606
30015,GEN-EWS,4360
30016,GEN-EWS,4361
30017,GEN,
30018,GEN-EWS,4362
30019,GEN-EWS,4363
30020,GEN,
30021,OBC-NCL,7607
30022,GEN,
30023,GEN,
30024,OBC-NCL,7608
30025,GEN,
30026,SC,1070
30027,SC,1071
30028,SC,1072
30029,OBC-NCL,7610
30030,GEN,
30031,GEN,
30032,GEN-EWS,4364
30033,OBC-NCL,7611
30034,GEN-EWS,4365
30035,ST,274
30036,GEN,
30037,GEN,
30038,GEN,
30039,GEN-EWS,4366
30040,GEN,
30041,GEN-EWS,4367
30042,GEN,
30043,GEN,
30044,OBC-NCL,7612
30045,OBC-NCL,7613
30046,OBC-NCL,7614
30047,GEN,
30047,GEN-EWS,4368
30049,GEN-EWS,4369
30050,OBC-NCL,7615
30051,OBC-NCL,7616
30052,GEN,
30053,GEN,
30054,GEN-EWS,4370
30055,OBC-NCL,7617
30056,OBC-NCL,7618
30057,OBC-NCL,7619
30058,GEN,
30059,GEN,
30060,GEN,
30061,GEN-EWS,4372
30062,GEN,
30063,GEN,
30064,GEN,
30065,GEN,
30066,GEN,
30067,GEN,
30068,GEN-EWS,4373
30069,GEN-EWS,4374
30070,GEN,
30071,GEN,
30072,GEN,
30073,OBC-NCL,7620
30074,GEN,
30075,GEN-EWS,4375
30076,OBC-NCL,7621
30077,GEN-EWS,4376
30078,OBC-NCL,7622
30079,GEN,
30080,ST,275
30081,GEN-EWS,4377
30082,GEN,
30083,GEN,
30084,OBC-NCL,7623
30085,GEN,
30086,OBC-NCL,7624
30087,OBC-NCL,7625
30088,OBC-NCL,7626
,GEN-EWS,630
,GEN-EWS,1040
,GEN-EWS,1593
,GEN-EWS,1830
,GEN-EWS,2121
,GEN-EWS,2489
,GEN-EWS,2572
,GEN-EWS,2585
,GEN-EWS,2611
,GEN-EWS,2678
,GEN-EWS,2692
,GEN-EWS,2953
,GEN-EWS,2982
,GEN-EWS,3031
,GEN-EWS,3032
,GEN-EWS,3073
,GEN-EWS,3122
,GEN-EWS,3131
,GEN-EWS,3277
,GEN-EWS,3294
,GEN-EWS,3398
,GEN-EWS,3504
,GEN-EWS,3526
,GEN-EWS,3586
,GEN-EWS,3707
,GEN-EWS,3708
,GEN-EWS,3744
,GEN-EWS,3747
,GEN-EWS,3880
,GEN-EWS,3894
,GEN-EWS,3940
,GEN-EWS,3954
,GEN-EWS,3991
,GEN-EWS,4001
,GEN-EWS,4006
,GEN-EWS,4036
,GEN-EWS,4071
,GEN-EWS,4072
,GEN-EWS,4109
,GEN-EWS,4115
,GEN-EWS,4119
,GEN-EWS,4150
,GEN-EWS,4173
,GEN-EWS,4174
,GEN-EWS,4250
,GEN-EWS,4322
,GEN-EWS,4337
,GEN-EWS,4371
,GEN-EWS,4378
,GEN-EWS,4379
,GEN-EWS,4380
,GEN-EWS,4381
,GEN-EWS,4382
,GEN-EWS,4383
,GEN-EWS,4384
,GEN-EWS,4385
,GEN-EWS,4386
,GEN-EWS,4387
,GEN-EWS,4388
,GEN-EWS,4389
,GEN-EWS,4390
,GEN-EWS,4391
,GEN-EWS,4392
,GEN-EWS,4393
,GEN-EWS,4394
,GEN-EWS,4395
,GEN-EWS,4396
,GEN-EWS,4397
,GEN-EWS,4398
,GEN-EWS,4399
,GEN-EWS,4400
,GEN-EWS,4401
,GEN-EWS,4402
,GEN-EWS,4403
,GEN-EWS,4404
,GEN-EWS,4405
,GEN-EWS,4406
,GEN-EWS,4407
,GEN-EWS,4408
,GEN-EWS,4409
,GEN-EWS,4410
,GEN-EWS,4411
,GEN-EWS,4412
,GEN-EWS,4413
,GEN-EWS,4414
,GEN-EWS,4415
,GEN-EWS,4416
,GEN-EWS,4417
,GEN-EWS,4418
,GEN-EWS,4419
,GEN-EWS,4420
,GEN-EWS,4421
,GEN-EWS,4422
,GEN-EWS,4423
,GEN-EWS,4424
,GEN-EWS,4425
,GEN-EWS,4426
,GEN-EWS,4427
,GEN-EWS,4428
,GEN-EWS,4429
,GEN-EWS,4430
,GEN-EWS,4431
,GEN-EWS,4432
,GEN-EWS,4433
,GEN-EWS,4434
,GEN-EWS,4435
,GEN-EWS,4436
,GEN-EWS,4437
,GEN-EWS,4438
,GEN-EWS,4439
,GEN-EWS,4440
,GEN-EWS,4441
,GEN-EWS,4442
,GEN-EWS,4443
,GEN-EWS,4444
,GEN-EWS,4445
,GEN-EWS,4446
,GEN-EWS,4447
,GEN-EWS,4448
,GEN-EWS,4449
,GEN-EWS,4450
,GEN-EWS,4451
,GEN-EWS,4452
,GEN-EWS,4453
,GEN-EWS,4454
,GEN-EWS,4455
,GEN-EWS,4456
,GEN-EWS,4457
,GEN-EWS,4458
,GEN-EWS,4459
,GEN-EWS,4460
,GEN-EWS,4461
,GEN-EWS,4462
,GEN-EWS,4463
,GEN-EWS,4464
,GEN-EWS,4465
,GEN-EWS,4466
,GEN-EWS,4467
,GEN-EWS,4468
,GEN-EWS,4469
,GEN-EWS,4470
,GEN-EWS,4471
,GEN-EWS,4472
,GEN-EWS,4473
,GEN-EWS,4474
,GEN-EWS,4475
,GEN-EWS,4476
,GEN-EWS,4477
,GEN-EWS,4478
,GEN-EWS,4479
,GEN-EWS,4480
,GEN-EWS,4481
,GEN-EWS,4482
,GEN-EWS,4483
,GEN-EWS,4484
,GEN-EWS,4485
,GEN-EWS,4486
,GEN-EWS,4487
,GEN-EWS,4488
,GEN-EWS,4489
,GEN-EWS,4490
,GEN-EWS,4491
,GEN-EWS,4492
,GEN-EWS,4493
,GEN-EWS,4494
,GEN-EWS,4495
,GEN-EWS,4496
,GEN-EWS,4497
,GEN-EWS,4498
,GEN-EWS,4499
,GEN-EWS,4500
,GEN-EWS,4501
,GEN-EWS,4502
,GEN-EWS,4503
,GEN-EWS,4504
,GEN-EWS,4505
,GEN-EWS,4506
,GEN-EWS,4507
,GEN-EWS,4508
,GEN-EWS,4509
,GEN-EWS,4510
,GEN-EWS,4511
,GEN-EWS,4512
,GEN-EWS,4513
,GEN-EWS,4514
,GEN-EWS,4515
,GEN-EWS,4516
,GEN-EWS,4517
,GEN-EWS,4518
,GEN-EWS,4519
,GEN-EWS,4520
,GEN-EWS,4521
,GEN-EWS,4522
,GEN-EWS,4523
,GEN-EWS,4524
,GEN-EWS,4525
,GEN-EWS,4526
,GEN-EWS,4527
,GEN-EWS,4528
,GEN-EWS,4529
,GEN-EWS,4530
,GEN-EWS,4531
,GEN-EWS,4532
,GEN-EWS,4533
,GEN-EWS,4534
,GEN-EWS,4535
,GEN-EWS,4536
,GEN-EWS,4537
,GEN-EWS,4538
,GEN-EWS,4539
,GEN-EWS,4540
,GEN-EWS,4541
,GEN-EWS,4542
,GEN-EWS,4543
,GEN-EWS,4544
,GEN-EWS,4545
,GEN-EWS,4546
,GEN-EWS,4547
,GEN-EWS,4548
,GEN-EWS,4549
,GEN-EWS,4550
,GEN-EWS,4551
,GEN-EWS,4552
,GEN-EWS,4553
,GEN-EWS,4554
,GEN-EWS,4555
,GEN-EWS,4556
,GEN-EWS,4557
,GEN-EWS,4558
,GEN-EWS,4559
,GEN-EWS,4560
,GEN-EWS,4561
,GEN-EWS,4562
,GEN-EWS,4563
,GEN-EWS,4564
,GEN-EWS,4565
,GEN-EWS,4566
,GEN-EWS,4567
,GEN-EWS,4568
,GEN-EWS,4569
,GEN-EWS,4570
,GEN-EWS,4571
,GEN-EWS,4572
,GEN-EWS,4573
,GEN-EWS,4574
,GEN-EWS,4575
,GEN-EWS,4576
,GEN-EWS,4577
,GEN-EWS,4578
,GEN-EWS,4579
,GEN-EWS,4580
,GEN-EWS,4581
,GEN-EWS,4582
,GEN-EWS,4583
,GEN-EWS,4584
,GEN-EWS,4585
,GEN-EWS,4586
,GEN-EWS,4587
,GEN-EWS,4588
,GEN-EWS,4589
,GEN-EWS,4590
,GEN-EWS,4591
,GEN-EWS,4592
,GEN-EWS,4593
,GEN-EWS,4594
,GEN-EWS,4595
,GEN-EWS,4596
,GEN-EWS,4597
,GEN-EWS,4598
,GEN-EWS,4599
,GEN-EWS,4600
,GEN-EWS,4601
,GEN-EWS,4602
,GEN-EWS,4603
,GEN-EWS,4604
,GEN-EWS,4605
,GEN-EWS,4606
,GEN-EWS,4607
,GEN-EWS,4608
,GEN-EWS,4609
,GEN-EWS,4610
,GEN-EWS,4611
,GEN-EWS,4612
,GEN-EWS,4613
,GEN-EWS,4614
,GEN-EWS,4615
,GEN-EWS,4616
,GEN-EWS,4617
,GEN-EWS,4618
,GEN-EWS,4619
,GEN-EWS,4620
,GEN-EWS,4621
,GEN-EWS,4622
,GEN-EWS,4623
,GEN-EWS,4624
,GEN-EWS,4625
,GEN-EWS,4626
,GEN-EWS,4627
,GEN-EWS,4628
,GEN-EWS,4629
,GEN-EWS,4630
,GEN-EWS,4631
,GEN-EWS,4632
,GEN-EWS,4633
,GEN-EWS,4634
,GEN-EWS,4635
,GEN-EWS,4636
,GEN-EWS,4637
,GEN-EWS,4638
,GEN-EWS,4639
,GEN-EWS,4640
,GEN-EWS,4641
,GEN-EWS,4642
,GEN-EWS,4643
,GEN-EWS,4644
,GEN-EWS,4645
,GEN-EWS,4646
,GEN-EWS,4647
,GEN-EWS,4648
,GEN-EWS,4649
,GEN-EWS,4650
,GEN-EWS,4651
,GEN-EWS,4652
,GEN-EWS,4653
,GEN-EWS,4654
,GEN-EWS,4655
,GEN-EWS,4656
,GEN-EWS,4657
,GEN-EWS,4658
,GEN-EWS,4659
,GEN-EWS,4660
,GEN-EWS,4661
,GEN-EWS,4662
,GEN-EWS,4663
,GEN-EWS,4664
,GEN-EWS,4665
,GEN-EWS,4666
,GEN-EWS,4667
,GEN-EWS,4668
,GEN-EWS,4669
,GEN-EWS,4670
,GEN-EWS,4671
,GEN-EWS,4672
,GEN-EWS,4673
,GEN-EWS,4674
,GEN-EWS,4675
,GEN-EWS,4676
,GEN-EWS,4677
,GEN-EWS,4678
,GEN-EWS,4679
,GEN-EWS,4680
,GEN-EWS,4681
,GEN-EWS,4682
,GEN-EWS,4683
,GEN-EWS,4684
,GEN-EWS,4685
,GEN-EWS,4686
,GEN-EWS,4687
,GEN-EWS,4688
,GEN-EWS,4689
,GEN-EWS,4690
,GEN-EWS,4691
,GEN-EWS,4692
,GEN-EWS,4693
,GEN-EWS,4694
,GEN-EWS,4695
,GEN-EWS,4696
,GEN-EWS,4697
,GEN-EWS,4698
,GEN-EWS,4699
,GEN-EWS,4700
,GEN-EWS,4701
,GEN-EWS,4702
,GEN-EWS,4703
,GEN-EWS,4704
,GEN-EWS,4705
,GEN-EWS,4706
,GEN-EWS,4707
,GEN-EWS,4708
,GEN-EWS,4709
,GEN-EWS,4710
,GEN-EWS,4711
,GEN-EWS,4712
,GEN-EWS,4713
,GEN-EWS,4714
,GEN-EWS,4715
,GEN-EWS,4716
,GEN-EWS,4717
,GEN-EWS,4718
,GEN-EWS,4719
,GEN-EWS,4720
,GEN-EWS,4721
,GEN-EWS,4722
,GEN-EWS,4723
,GEN-EWS,4724
,GEN-EWS,4725
,GEN-EWS,4726
,GEN-EWS,4727
,GEN-EWS,4728
,GEN-EWS,4729
,GEN-EWS,4730
,GEN-EWS,4731
,GEN-EWS,4732
,GEN-EWS,4733
,GEN-EWS,4734
,GEN-EWS,4735
,GEN-EWS,4736
,GEN-EWS,4737
,GEN-EWS,4738
,GEN-EWS,4739
,GEN-EWS,4740
,GEN-EWS,4741
,GEN-EWS,4742
,GEN-EWS,4743
,GEN-EWS,4744
,GEN-EWS,4745
,GEN-EWS,4746
,GEN-EWS,4747
,GEN-EWS,4748
,GEN-EWS,4749
,GEN-EWS,4750
,GEN-EWS,4751
,GEN-EWS,4752
,GEN-EWS,4753
,GEN-EWS,4754
,GEN-EWS,4755
,GEN-EWS,4756
,GEN-EWS,4757
,GEN-EWS,4758
,GEN-EWS,4759
,GEN-EWS,4760
,GEN-EWS,4761
,GEN-EWS,4762
,GEN-EWS,4763
,GEN-EWS,4764
,GEN-EWS,4765
,GEN-EWS,4766
,GEN-EWS,4767
,GEN-EWS,4768
,GEN-EWS,4769
,GEN-EWS,4770
,GEN-EWS,4771
,GEN-EWS,4772
,GEN-EWS,4773
,GEN-EWS,4774
,GEN-EWS,4775
,GEN-EWS,4776
,GEN-EWS,4777
,GEN-EWS,4778
,GEN-EWS,4779
,GEN-EWS,4780
,GEN-EWS,4781
,GEN-EWS,4782
,GEN-EWS,4783
,GEN-EWS,4784
,GEN-EWS,4785
,GEN-EWS,4786
,GEN-EWS,4787
,GEN-EWS,4788
,GEN-EWS,4789
,GEN-EWS,4790
,GEN-EWS,4791
,GEN-EWS,4792
,GEN-EWS,4793
,GEN-EWS,4794
,GEN-EWS,4795
,GEN-EWS,4796
,GEN-EWS,4797
,GEN-EWS,4798
,GEN-EWS,4799
,GEN-EWS,4800
,GEN-EWS,4801
,GEN-EWS,4802
,GEN-EWS,4803
,GEN-EWS,4804
,GEN-EWS,4805
,GEN-EWS,4806
,GEN-EWS,4807
,GEN-EWS,4808
,GEN-EWS,4809
,GEN-EWS,4810
,GEN-EWS,4811
,GEN-EWS,4812
,GEN-EWS,4813
,GEN-EWS,4814
,GEN-EWS,4815
,GEN-EWS,4816
,GEN-EWS,4817
,GEN-EWS,4818
,GEN-EWS,4819
,GEN-EWS,4820
,GEN-EWS,4821
,GEN-EWS,4822
,GEN-EWS,4823
,GEN-EWS,4824
,GEN-EWS,4825
,GEN-EWS,4826
,GEN-EWS,4827
,GEN-EWS,4828
,GEN-EWS,4829
,GEN-EWS,4830
,GEN-EWS,4831
,GEN-EWS,4832
,GEN-EWS,4832
,GEN-EWS,4834
,GEN-EWS,4835
,GEN-EWS,4836
,GEN-EWS,4837
,GEN-EWS,4838
,GEN-EWS,4839
,GEN-EWS,4840
,GEN-EWS,4841
,GEN-EWS,4842
,GEN-EWS,4843
,GEN-EWS,4844
,GEN-EWS,4845
,GEN-EWS,4846
,GEN-EWS,4847
,GEN-EWS,4848
,GEN-EWS,4849
,GEN-EWS,4850
,GEN-EWS,4851
,GEN-EWS,4852
,GEN-EWS,4853
,GEN-EWS,4854
,GEN-EWS,4855
,GEN-EWS,4856
,GEN-EWS,4857
,GEN-EWS,4858
,GEN-EWS,4859
,GEN-EWS,4860
,GEN-EWS,4861
,GEN-EWS,4862
,GEN-EWS,4863
,GEN-EWS,4864
,GEN-EWS,4865
,GEN-EWS,4866
,GEN-EWS,4867
,GEN-EWS,4868
,GEN-EWS,4869
,GEN-EWS,4870
,GEN-EWS,4871
,GEN-EWS,4872
,GEN-EWS,4873
,GEN-EWS,4874
,GEN-EWS,4875
,GEN-EWS,4876
,GEN-EWS,4877
,GEN-EWS,4878
,GEN-EWS,4879
,GEN-EWS,4880
,GEN-EWS,4881
,GEN-EWS,4882
,GEN-EWS,4883
,GEN-EWS,4884
,GEN-EWS,4885
,GEN-EWS,4886
,GEN-EWS,4887
,GEN-EWS,4888
,GEN-EWS,4889
,GEN-EWS,4890
,GEN-EWS,4891
,GEN-EWS,4892
,GEN-EWS,4893
,GEN-EWS,4894
,GEN-EWS,4895
,GEN-EWS,4896
,GEN-EWS,4897
,GEN-EWS,4898
,GEN-EWS,4899
,GEN-EWS,4900
,GEN-EWS,4901
,GEN-EWS,4902
,GEN-EWS,4903
,GEN-EWS,4904
,GEN-EWS,4905
,GEN-EWS,4906
,GEN-EWS,4907
,GEN-EWS,4908
,GEN-EWS,4909
,GEN-EWS,4910
,GEN-EWS,4911
,GEN-EWS,4912
,GEN-EWS,4913
,GEN-EWS,4914
,GEN-EWS,4915
,GEN-EWS,4916
,GEN-EWS,4917
,GEN-EWS,4918
,GEN-EWS,4919
,GEN-EWS,4920
,GEN-EWS,4921
,GEN-EWS,4922
,GEN-EWS,4923
,GEN-EWS,4924
,GEN-EWS,4925
,GEN-EWS,4926
,GEN-EWS,4927
,GEN-EWS,4928
,GEN-EWS,4929
,GEN-EWS,4930
,GEN-EWS,4931
,GEN-EWS,4932
,GEN-EWS,4933
,GEN-EWS,4934
,GEN-EWS,4935
,GEN-EWS,4936
,GEN-EWS,4937
,GEN-EWS,4938
,GEN-EWS,4939
,GEN-EWS,4940
,GEN-EWS,4941
,GEN-EWS,4942
,GEN-EWS,4943
,GEN-EWS,4944
,GEN-EWS,4945
,GEN-EWS,4946
,GEN-EWS,4947
,GEN-EWS,4948
,GEN-EWS,4949
,GEN-EWS,4950
,GEN-EWS,4951
,GEN-EWS,4952
,GEN-EWS,4953
,GEN-EWS,4954
,GEN-EWS,4955
,GEN-EWS,4956
,GEN-EWS,4957
,GEN-EWS,4958
,GEN-EWS,4959
,GEN-EWS,4960
,GEN-EWS,4961
,GEN-EWS,4962
,GEN-EWS,4963
,GEN-EWS,4964
,GEN-EWS,4965
,GEN-EWS,4966
,GEN-EWS,4967
,GEN-EWS,4968
,GEN-EWS,4969
,GEN-EWS,4970
,GEN-EWS,4971
,GEN-EWS,4972
,GEN-EWS,4973
,GEN-EWS,4974
,GEN-EWS,4975
,GEN-EWS,4976
,GEN-EWS,4977
,GEN-EWS,4978
,GEN-EWS,4979
,GEN-EWS,4980
,GEN-EWS,4981
,GEN-EWS,4982
,GEN-EWS,4983
,GEN-EWS,4984
,GEN-EWS,4985
,GEN-EWS,4986
,GEN-EWS,4987
,GEN-EWS,4988
,GEN-EWS,4989
,GEN-EWS,4990
,GEN-EWS,4991
,GEN-EWS,4992
,GEN-EWS,4993
,GEN-EWS,4994
,GEN-EWS,4995
,GEN-EWS,4996
,GEN-EWS,4997
,GEN-EWS,4998
,GEN-EWS,4999
,GEN-EWS,5000
,GEN-EWS,5001
,GEN-EWS,5002
,GEN-EWS,5003
,GEN-EWS,5004
,GEN-EWS,5005
,GEN-EWS,5006
,GEN-EWS,5007
,GEN-EWS,5008
,GEN-EWS,5009
,GEN-EWS,5010
,GEN-EWS,5011
,GEN-EWS,5012
,GEN-EWS,5013
,GEN-EWS,5014
,GEN-EWS,5015
,GEN-EWS,5016
,GEN-EWS,5017
,GEN-EWS,5018
,GEN-EWS,5019
,GEN-EWS,5020
,GEN-EWS,5021
,GEN-EWS,5022
,GEN-EWS,5023
,GEN-EWS,5024
,GEN-EWS,5025
,GEN-EWS,5026
,GEN-EWS,5027
,GEN-EWS,5028
,GEN-EWS,5029
,GEN-EWS,5030
,GEN-EWS,5031
,GEN-EWS,5032
,GEN-EWS,5033
,GEN-EWS,5034
,GEN-EWS,5035
,GEN-EWS,5036
,GEN-EWS,5037
,GEN-EWS,5038
,GEN-EWS,5039
,GEN-EWS,5040
,GEN-EWS,5041
,GEN-EWS,5042
,GEN-EWS,5043
,GEN-EWS,5044
,GEN-EWS,5045
,GEN-EWS,5046
,GEN-EWS,5047
,GEN-EWS,5048
,GEN-EWS,5049
,GEN-EWS,5050
,GEN-EWS,5051
,GEN-EWS,5052
,GEN-EWS,5053
,GEN-EWS,5054
,GEN-EWS,5055
,GEN-EWS,5056
,GEN-EWS,5057
,GEN-EWS,5058
,GEN-EWS,5059
,GEN-EWS,5060
,GEN-EWS,5061
,GEN-EWS,5062
,GEN-EWS,5063
,GEN-EWS,5064
,GEN-EWS,5065
,GEN-EWS,5066
,GEN-EWS,5067
,GEN-EWS,5068
,GEN-EWS,5069
,GEN-EWS,5070
,GEN-EWS,5071
,GEN-EWS,5072
,GEN-EWS,5073
,GEN-EWS,5074
,GEN-EWS,5075
,GEN-EWS,5076
,GEN-EWS,5077
,GEN-EWS,5078
,GEN-EWS,5079
,GEN-EWS,5080
,GEN-EWS,5081
,GEN-EWS,5082
,GEN-EWS,5083
,GEN-EWS,5084
,GEN-EWS,5085
,GEN-EWS,5086
,GEN-EWS,5087
,GEN-EWS,5088
,GEN-EWS,5089
,GEN-EWS,5090
,GEN-EWS,5091
,GEN-EWS,5092
,GEN-EWS,5093
,GEN-EWS,5094
,GEN-EWS,5095
,GEN-EWS,5096
,GEN-EWS,5097
,GEN-EWS,5098
,GEN-EWS,5099
,GEN-EWS,5100
,GEN-EWS,5101
,GEN-EWS,5102
,GEN-EWS,5103
,GEN-EWS,5104
,GEN-EWS,5105
,GEN-EWS,5106
,GEN-EWS,5107
,GEN-EWS,5108
,GEN-EWS,5109
,GEN-EWS,5110
,GEN-EWS,5111
,GEN-EWS,5112
,OBC-NCL,2641
,OBC-NCL,2773
,OBC-NCL,2952
,OBC-NCL,3136
,OBC-NCL,3293
,OBC-NCL,3325
,OBC-NCL,3479
,OBC-NCL,3613
,OBC-NCL,3714
,OBC-NCL,3765
,OBC-NCL,3799
,OBC-NCL,3954
,OBC-NCL,3976
,OBC-NCL,3982
,OBC-NCL,4051
,OBC-NCL,4066
,OBC-NCL,4107
,OBC-NCL,4203
,OBC-NCL,4365
,OBC-NCL,4496
,OBC-NCL,4515
,OBC-NCL,4692
,OBC-NCL,4936
,OBC-NCL,4938
,OBC-NCL,5015
,OBC-NCL,5057
,OBC-NCL,5069
,OBC-NCL,5186
,OBC-NCL,5223
,OBC-NCL,5316
,OBC-NCL,5381
,OBC-NCL,5389
,OBC-NCL,5503
,OBC-NCL,5510
,OBC-NCL,5511
,OBC-NCL,5535
,OBC-NCL,5573
,OBC-NCL,5595
,OBC-NCL,5632
,OBC-NCL,5665
,OBC-NCL,5724
,OBC-NCL,5807
,OBC-NCL,5836
,OBC-NCL,5874
,OBC-NCL,5941
,OBC-NCL,5955
,OBC-NCL,5962
,OBC-NCL,5982
,OBC-NCL,5991
,OBC-NCL,5998
,OBC-NCL,6058
,OBC-NCL,6080
,OBC-NCL,6140
,OBC-NCL,6162
,OBC-NCL,6184
,OBC-NCL,6259
,OBC-NCL,6300
,OBC-NCL,6305
,OBC-NCL,6314
,OBC-NCL,6353
,OBC-NCL,6355
,OBC-NCL,6470
,OBC-NCL,6483
,OBC-NCL,6519
,OBC-NCL,6580
,OBC-NCL,6618
,OBC-NCL,6689
,OBC-NCL,6753
,OBC-NCL,6887
,OBC-NCL,7005
,OBC-NCL,7020
,OBC-NCL,7063
,OBC-NCL,7085
,OBC-NCL,7086
,OBC-NCL,7110
,OBC-NCL,7128
,OBC-NCL,7164
,OBC-NCL,7354
,OBC-NCL,7363
,OBC-NCL,7415
,OBC-NCL,7419
,OBC-NCL,7427
,OBC-NCL,7432
,OBC-NCL,7437
,OBC-NCL,7447
,OBC-NCL,7479
,OBC-NCL,7544
,OBC-NCL,7565
,OBC-NCL,7609
,OBC-NCL,7627
,OBC-NCL,7628
,OBC-NCL,7629
,OBC-NCL,7630
,OBC-NCL,7631
,OBC-NCL,7632
,OBC-NCL,7633
,OBC-NCL,7634
,OBC-NCL,7635
,OBC-NCL,7636
,OBC-NCL,7637
,OBC-NCL,7638
,OBC-NCL,7639
,OBC-NCL,7640
,OBC-NCL,7641
,OBC-NCL,7642
,OBC-NCL,7643
,OBC-NCL,7644
,OBC-NCL,7645
,OBC-NCL,7646
,OBC-NCL,7647
,OBC-NCL,7648
,OBC-NCL,7649
,OBC-NCL,7650
,OBC-NCL,7651
,OBC-NCL,7652
,OBC-NCL,7653
,OBC-NCL,7654
,OBC-NCL,7655
,OBC-NCL,7656
,OBC-NCL,7657
,OBC-NCL,7658
,OBC-NCL,7659
,OBC-NCL,7660
,OBC-NCL,7661
,OBC-NCL,7662
,OBC-NCL,7663
,OBC-NCL,7664
,OBC-NCL,7665
,OBC-NCL,7666
,OBC-NCL,7667
,OBC-NCL,7668
,OBC-NCL,7669
,OBC-NCL,7670
,OBC-NCL,7671
,OBC-NCL,7672
,OBC-NCL,7673
,OBC-NCL,7674
,OBC-NCL,7675
,OBC-NCL,7676
,OBC-NCL,7677
,OBC-NCL,7678
,OBC-NCL,7679
,OBC-NCL,7680
,OBC-NCL,7681
,OBC-NCL,7682
,OBC-NCL,7683
,OBC-NCL,7684
,OBC-NCL,7685
,OBC-NCL,7686
,OBC-NCL,7687
,OBC-NCL,7688
,OBC-NCL,7689
,OBC-NCL,7690
,OBC-NCL,7691
,OBC-NCL,7692
,OBC-NCL,7693
,OBC-NCL,7694
,OBC-NCL,7695
,OBC-NCL,7696
,OBC-NCL,7697
,OBC-NCL,7698
,OBC-NCL,7699
,OBC-NCL,7700
,OBC-NCL,7701
,OBC-NCL,7702
,OBC-NCL,7703
,OBC-NCL,7704
,OBC-NCL,7705
,OBC-NCL,7706
,OBC-NCL,7707
,OBC-NCL,7708
,OBC-NCL,7709
,OBC-NCL,7710
,OBC-NCL,7711
,OBC-NCL,7712
,OBC-NCL,7713
,OBC-NCL,7714
,OBC-NCL,7715
,OBC-NCL,7716
,OBC-NCL,7717
,OBC-NCL,7718
,OBC-NCL,7719
,OBC-NCL,7720
,OBC-NCL,7721
,OBC-NCL,7722
,OBC-NCL,7723
,OBC-NCL,7724
,OBC-NCL,7725
,OBC-NCL,7726
,OBC-NCL,7727
,OBC-NCL,7728
,OBC-NCL,7729
,OBC-NCL,7730
,OBC-NCL,7731
,OBC-NCL,7732
,OBC-NCL,7733
,OBC-NCL,7734
,OBC-NCL,7735
,OBC-NCL,7735
,OBC-NCL,7737
,OBC-NCL,7738
,OBC-NCL,7739
,OBC-NCL,7740
,OBC-NCL,7741
,OBC-NCL,7742
,OBC-NCL,7743
,OBC-NCL,7744
,OBC-NCL,7745
,OBC-NCL,7746
,OBC-NCL,7747
,OBC-NCL,7748
,OBC-NCL,7749
,OBC-NCL,7750
,OBC-NCL,7751
,OBC-NCL,7752
,OBC-NCL,7753
,OBC-NCL,7754
,OBC-NCL,7755
,OBC-NCL,7756
,OBC-NCL,7757
,OBC-NCL,7758
,OBC-NCL,7759
,OBC-NCL,7760
,OBC-NCL,7761
,OBC-NCL,7762
,OBC-NCL,7763
,OBC-NCL,7764
,OBC-NCL,7765
,OBC-NCL,7766
,OBC-NCL,7767
,OBC-NCL,7768
,OBC-NCL,7769
,OBC-NCL,7770
,OBC-NCL,7771
,OBC-NCL,7772
,OBC-NCL,7773
,OBC-NCL,7774
,OBC-NCL,7775
,OBC-NCL,7776
,OBC-NCL,7777
,OBC-NCL,7778
,OBC-NCL,7779
,OBC-NCL,7780
,OBC-NCL,7781
,OBC-NCL,7782
,OBC-NCL,7783
,OBC-NCL,7784
,OBC-NCL,7785
,OBC-NCL,7786
,OBC-NCL,7787
,OBC-NCL,7788
,OBC-NCL,7789
,OBC-NCL,7790
,OBC-NCL,7791
,OBC-NCL,7792
,OBC-NCL,7793
,OBC-NCL,7794
,OBC-NCL,7795
,OBC-NCL,7796
,OBC-NCL,7797
,OBC-NCL,7798
,OBC-NCL,7799
,OBC-NCL,7800
,OBC-NCL,7801
,OBC-NCL,7802
,OBC-NCL,7803
,OBC-NCL,7804
,OBC-NCL,7805
,OBC-NCL,7806
,OBC-NCL,7807
,OBC-NCL,7808
,OBC-NCL,7809
,OBC-NCL,7810
,OBC-NCL,7811
,OBC-NCL,7812
,OBC-NCL,7813
,OBC-NCL,7814
,OBC-NCL,7815
,OBC-NCL,7816
,OBC-NCL,7817
,OBC-NCL,7818
,OBC-NCL,7819
,OBC-NCL,7820
,OBC-NCL,7821
,OBC-NCL,7822
,OBC-NCL,7823
,OBC-NCL,7824
,OBC-NCL,7825
,OBC-NCL,7826
,OBC-NCL,7827
,OBC-NCL,7828
,OBC-NCL,7829
,OBC-NCL,7830
,OBC-NCL,7831
,OBC-NCL,7832
,OBC-NCL,7833
,OBC-NCL,7834
,OBC-NCL,7835
,OBC-NCL,7836
,OBC-NCL,7837
,OBC-NCL,7838
,OBC-NCL,7839
,OBC-NCL,7840
,OBC-NCL,7841
,OBC-NCL,7842
,OBC-NCL,7843
,OBC-NCL,7844
,OBC-NCL,7845
,OBC-NCL,7846
,OBC-NCL,7847
,OBC-NCL,7848
,OBC-NCL,7849
,OBC-NCL,7850
,OBC-NCL,7851
,OBC-NCL,7852
,OBC-NCL,7853
,OBC-NCL,7854
,OBC-NCL,7855
,OBC-NCL,7856
,OBC-NCL,7857
,OBC-NCL,7858
,OBC-NCL,7859
,OBC-NCL,7860
,OBC-NCL,7861
,OBC-NCL,7862
,OBC-NCL,7863
,OBC-NCL,7864
,OBC-NCL,7865
,OBC-NCL,7866
,OBC-NCL,7867
,OBC-NCL,7868
,OBC-NCL,7869
,OBC-NCL,7870
,OBC-NCL,7871
,OBC-NCL,7872
,OBC-NCL,7873
,OBC-NCL,7874
,OBC-NCL,7875
,OBC-NCL,7876
,OBC-NCL,7877
,OBC-NCL,7878
,OBC-NCL,7879
,OBC-NCL,7880
,OBC-NCL,7881
,OBC-NCL,7882
,OBC-NCL,7883
,OBC-NCL,7884
,OBC-NCL,7885
,OBC-NCL,7886
,OBC-NCL,7887
,OBC-NCL,7888
,OBC-NCL,7889
,OBC-NCL,7890
,OBC-NCL,7891
,OBC-NCL,7892
,OBC-NCL,7893
,OBC-NCL,7894
,OBC-NCL,7895
,OBC-NCL,7896
,OBC-NCL,7897
,OBC-NCL,7898
,OBC-NCL,7899
,OBC-NCL,7900
,OBC-NCL,7901
,OBC-NCL,7902
,OBC-NCL,7903
,OBC-NCL,7904
,OBC-NCL,7905
,OBC-NCL,7906
,OBC-NCL,7907
,OBC-NCL,7908
,OBC-NCL,7909
,OBC-NCL,7910
,OBC-NCL,7911
,OBC-NCL,7912
,OBC-NCL,7913
,OBC-NCL,7914
,OBC-NCL,7915
,OBC-NCL,7916
,OBC-NCL,7917
,OBC-NCL,7918
,OBC-NCL,7919
,OBC-NCL,7920
,OBC-NCL,7921
,OBC-NCL,7922
,OBC-NCL,7923
,OBC-NCL,7924
,OBC-NCL,7925
,OBC-NCL,7926
,OBC-NCL,7927
,OBC-NCL,7928
,OBC-NCL,7929
,OBC-NCL,7930
,OBC-NCL,7931
,OBC-NCL,7932
,OBC-NCL,7933
,OBC-NCL,7934
,OBC-NCL,7935
,OBC-NCL,7936
,OBC-NCL,7937
,OBC-NCL,7938
,OBC-NCL,7939
,OBC-NCL,7940
,OBC-NCL,7941
,OBC-NCL,7942
,OBC-NCL,7943
,OBC-NCL,7944
,OBC-NCL,7945
,OBC-NCL,7946
,OBC-NCL,7947
,OBC-NCL,7948
,OBC-NCL,7949
,OBC-NCL,7950
,OBC-NCL,7951
,OBC-NCL,7952
,OBC-NCL,7953
,OBC-NCL,7954
,OBC-NCL,7955
,OBC-NCL,7956
,OBC-NCL,7957
,OBC-NCL,7958
,OBC-NCL,7959
,OBC-NCL,7960
,OBC-NCL,7961
,OBC-NCL,7962
,OBC-NCL,7963
,OBC-NCL,7964
,OBC-NCL,7965
,OBC-NCL,7966
,OBC-NCL,7967
,OBC-NCL,7968
,OBC-NCL,7969
,OBC-NCL,7970
,OBC-NCL,7971
,OBC-NCL,7972
,OBC-NCL,7973
,OBC-NCL,7974
,OBC-NCL,7975
,OBC-NCL,7976
,OBC-NCL,7977
,OBC-NCL,7978
,OBC-NCL,7979
,OBC-NCL,7980
,OBC-NCL,7981
,OBC-NCL,7982
,OBC-NCL,7983
,OBC-NCL,7984
,OBC-NCL,7985
,OBC-NCL,7986
,OBC-NCL,7987
,OBC-NCL,7988
,OBC-NCL,7989
,OBC-NCL,7990
,OBC-NCL,7991
,OBC-NCL,7992
,OBC-NCL,7993
,OBC-NCL,7994
,OBC-NCL,7995
,OBC-NCL,7996
,OBC-NCL,7997
,OBC-NCL,7998
,OBC-NCL,7999
,OBC-NCL,8000
,OBC-NCL,8001
,OBC-NCL,8002
,OBC-NCL,8003
,OBC-NCL,8004
,OBC-NCL,8005
,OBC-NCL,8006
,OBC-NCL,8007
,OBC-NCL,8008
,OBC-NCL,8009
,OBC-NCL,8010
,OBC-NCL,8011
,OBC-NCL,8012
,OBC-NCL,8013
,OBC-NCL,8014
,OBC-NCL,8015
,OBC-NCL,8016
,OBC-NCL,8017
,OBC-NCL,8018
,OBC-NCL,8019
,OBC-NCL,8020
,OBC-NCL,8021
,OBC-NCL,8022
,OBC-NCL,8023
,OBC-NCL,8024
,OBC-NCL,8025
,OBC-NCL,8026
,OBC-NCL,8027
,OBC-NCL,8028
,OBC-NCL,8029
,OBC-NCL,8030
,OBC-NCL,8031
,OBC-NCL,8032
,OBC-NCL,8033
,OBC-NCL,8034
,OBC-NCL,8035
,OBC-NCL,8036
,OBC-NCL,8037
,OBC-NCL,8038
,OBC-NCL,8039
,OBC-NCL,8040
,OBC-NCL,8040
,OBC-NCL,8042
,OBC-NCL,8043
,OBC-NCL,8044
,OBC-NCL,8045
,OBC-NCL,8046
,OBC-NCL,8047
,OBC-NCL,8048
,OBC-NCL,8049
,OBC-NCL,8050
,OBC-NCL,8051
,OBC-NCL,8052
,OBC-NCL,8053
,OBC-NCL,8054
,OBC-NCL,8055
,OBC-NCL,8056
,OBC-NCL,8057
,OBC-NCL,8058
,OBC-NCL,8059
,OBC-NCL,8060
,OBC-NCL,8061
,OBC-NCL,8062
,OBC-NCL,8063
,OBC-NCL,8064
,OBC-NCL,8065
,OBC-NCL,8066
,OBC-NCL,8067
,OBC-NCL,8068
,OBC-NCL,8069
,OBC-NCL,8070
,OBC-NCL,8071
,OBC-NCL,8072
,OBC-NCL,8073
,OBC-NCL,8074
,OBC-NCL,8075
,OBC-NCL,8076
,OBC-NCL,8077
,OBC-NCL,8078
,OBC-NCL,8079
,OBC-NCL,8080
,OBC-NCL,8081
,OBC-NCL,8082
,OBC-NCL,8083
,OBC-NCL,8084
,OBC-NCL,8085
,OBC-NCL,8086
,OBC-NCL,8087
,OBC-NCL,8088
,OBC-NCL,8089
,OBC-NCL,8090
,OBC-NCL,8091
,OBC-NCL,8092
,OBC-NCL,8093
,OBC-NCL,8094
,OBC-NCL,8095
,OBC-NCL,8096
,OBC-NCL,8097
,OBC-NCL,8098
,OBC-NCL,8099
,OBC-NCL,8100
,OBC-NCL,8101
,OBC-NCL,8102
,OBC-NCL,8103
,OBC-NCL,8104
,OBC-NCL,8105
,OBC-NCL,8106
,OBC-NCL,8107
,OBC-NCL,8108
,OBC-NCL,8109
,OBC-NCL,8110
,OBC-NCL,8111
,OBC-NCL,8112
,OBC-NCL,8113
,OBC-NCL,8114
,OBC-NCL,8115
,OBC-NCL,8116
,OBC-NCL,8117
,OBC-NCL,8118
,OBC-NCL,8119
,OBC-NCL,8120
,OBC-NCL,8121
,OBC-NCL,8122
,OBC-NCL,8123
,OBC-NCL,8124
,OBC-NCL,8125
,OBC-NCL,8126
,OBC-NCL,8127
,OBC-NCL,8128
,OBC-NCL,8129
,OBC-NCL,8130
,OBC-NCL,8131
,OBC-NCL,8132
,OBC-NCL,8133
,OBC-NCL,8134
,OBC-NCL,8135
,OBC-NCL,8136
,OBC-NCL,8137
,OBC-NCL,8138
,OBC-NCL,8139
,OBC-NCL,8140
,OBC-NCL,8141
,OBC-NCL,8142
,OBC-NCL,8143
,OBC-NCL,8144
,OBC-NCL,8145
,OBC-NCL,8146
,OBC-NCL,8147
,OBC-NCL,8148
,OBC-NCL,8149
,OBC-NCL,8150
,OBC-NCL,8151
,OBC-NCL,8152
,OBC-NCL,8153
,OBC-NCL,8154
,OBC-NCL,8155
,OBC-NCL,8156
,OBC-NCL,8157
,OBC-NCL,8158
,OBC-NCL,8159
,OBC-NCL,8160
,OBC-NCL,8161
,OBC-NCL,8162
,OBC-NCL,8163
,OBC-NCL,8164
,OBC-NCL,8165
,OBC-NCL,8166
,OBC-NCL,8167
,OBC-NCL,8168
,OBC-NCL,8169
,OBC-NCL,8170
,OBC-NCL,8171
,OBC-NCL,8172
,OBC-NCL,8173
,OBC-NCL,8174
,OBC-NCL,8175
,OBC-NCL,8176
,OBC-NCL,8177
,OBC-NCL,8178
,OBC-NCL,8179
,OBC-NCL,8180
,OBC-NCL,8181
,OBC-NCL,8182
,OBC-NCL,8183
,OBC-NCL,8184
,OBC-NCL,8185
,OBC-NCL,8186
,OBC-NCL,8187
,OBC-NCL,8188
,OBC-NCL,8189
,OBC-NCL,8190
,OBC-NCL,8191
,OBC-NCL,8192
,OBC-NCL,8193
,OBC-NCL,8194
,OBC-NCL,8195
,OBC-NCL,8196
,OBC-NCL,8197
,OBC-NCL,8198
,OBC-NCL,8199
,OBC-NCL,8200
,OBC-NCL,8201
,OBC-NCL,8202
,OBC-NCL,8203
,OBC-NCL,8204
,OBC-NCL,8205
,OBC-NCL,8206
,OBC-NCL,8207
,OBC-NCL,8208
,OBC-NCL,8209
,OBC-NCL,8210
,OBC-NCL,8211
,OBC-NCL,8212
,OBC-NCL,8213
,OBC-NCL,8214
,OBC-NCL,8215
,OBC-NCL,8216
,OBC-NCL,8217
,OBC-NCL,8218
,OBC-NCL,8219
,OBC-NCL,8220
,OBC-NCL,8221
,OBC-NCL,8222
,OBC-NCL,8223
,OBC-NCL,8224
,OBC-NCL,8225
,OBC-NCL,8226
,OBC-NCL,8227
,OBC-NCL,8228
,OBC-NCL,8229
,OBC-NCL,8230
,OBC-NCL,8231
,OBC-NCL,8232
,OBC-NCL,8233
,OBC-NCL,8234
,OBC-NCL,8235
,OBC-NCL,8236
,OBC-NCL,8237
,OBC-NCL,8238
,OBC-NCL,8239
,OBC-NCL,8240
,OBC-NCL,8241
,OBC-NCL,8242
,OBC-NCL,8243
,OBC-NCL,8244
,OBC-NCL,8245
,OBC-NCL,8246
,OBC-NCL,8247
,OBC-NCL,8248
,OBC-NCL,8249
,OBC-NCL,8250
,OBC-NCL,8251
,OBC-NCL,8252
,OBC-NCL,8253
,OBC-NCL,8254
,OBC-NCL,8255
,OBC-NCL,8256
,OBC-NCL,8257
,OBC-NCL,8258
,OBC-NCL,8259
,OBC-NCL,8260
,OBC-NCL,8261
,OBC-NCL,8262
,OBC-NCL,8263
,OBC-NCL,8264
,OBC-NCL,8265
,OBC-NCL,8266
,OBC-NCL,8267
,OBC-NCL,8268
,OBC-NCL,8269
,OBC-NCL,8270
,OBC-NCL,8271
,OBC-NCL,8272
,OBC-NCL,8273
,OBC-NCL,8274
,OBC-NCL,8275
,OBC-NCL,8276
,OBC-NCL,8277
,OBC-NCL,8278
,OBC-NCL,8279
,OBC-NCL,8280
,OBC-NCL,8281
,OBC-NCL,8282
,OBC-NCL,8283
,OBC-NCL,8284
,OBC-NCL,8285
,OBC-NCL,8286
,OBC-NCL,8287
,OBC-NCL,8288
,OBC-NCL,8289
,OBC-NCL,8290
,OBC-NCL,8291
,OBC-NCL,8292
,OBC-NCL,8293
,OBC-NCL,8294
,OBC-NCL,8295
,OBC-NCL,8296
,OBC-NCL,8297
,OBC-NCL,8298
,OBC-NCL,8299
,OBC-NCL,8300
,OBC-NCL,8301
,OBC-NCL,8302
,OBC-NCL,8303
,OBC-NCL,8304
,OBC-NCL,8305
,OBC-NCL,8306
,OBC-NCL,8307
,OBC-NCL,8308
,OBC-NCL,8309
,OBC-NCL,8310
,OBC-NCL,8311
,OBC-NCL,8312
,OBC-NCL,8313
,OBC-NCL,8314
,OBC-NCL,8315
,OBC-NCL,8316
,OBC-NCL,8317
,OBC-NCL,8318
,OBC-NCL,8319
,OBC-NCL,8320
,OBC-NCL,8321
,OBC-NCL,8322
,OBC-NCL,8323
,OBC-NCL,8324
,OBC-NCL,8325
,OBC-NCL,8326
,OBC-NCL,8327
,OBC-NCL,8328
,OBC-NCL,8329
,OBC-NCL,8330
,OBC-NCL,8331
,OBC-NCL,8332
,OBC-NCL,8333
,OBC-NCL,8334
,OBC-NCL,8335
,OBC-NCL,8336
,OBC-NCL,8337
,OBC-NCL,8338
,OBC-NCL,8339
,OBC-NCL,8340
,OBC-NCL,8341
,OBC-NCL,8342
,OBC-NCL,8343
,OBC-NCL,8344
,OBC-NCL,8345
,OBC-NCL,8346
,OBC-NCL,8347
,OBC-NCL,8347
,OBC-NCL,8349
,OBC-NCL,8350
,OBC-NCL,8351
,OBC-NCL,8352
,OBC-NCL,8353
,OBC-NCL,8354
,OBC-NCL,8355
,OBC-NCL,8356
,OBC-NCL,8357
,OBC-NCL,8358
,OBC-NCL,8359
,OBC-NCL,8359
,OBC-NCL,8361
,OBC-NCL,8362
,OBC-NCL,8363
,OBC-NCL,8364
,OBC-NCL,8365
,OBC-NCL,8366
,OBC-NCL,8367
,OBC-NCL,8368
,OBC-NCL,8369
,OBC-NCL,8370
,OBC-NCL,8371
,OBC-NCL,8372
,OBC-NCL,8373
,OBC-NCL,8374
,OBC-NCL,8375
,OBC-NCL,8376
,OBC-NCL,8377
,OBC-NCL,8378
,OBC-NCL,8379
,OBC-NCL,8380
,OBC-NCL,8381
,OBC-NCL,8382
,OBC-NCL,8383
,OBC-NCL,8384
,OBC-NCL,8385
,OBC-NCL,8386
,OBC-NCL,8387
,OBC-NCL,8388
,OBC-NCL,8389
,OBC-NCL,8389
,OBC-NCL,8391
,OBC-NCL,8392
,OBC-NCL,8393
,OBC-NCL,8394
,OBC-NCL,8395
,OBC-NCL,8396
,OBC-NCL,8397
,OBC-NCL,8398
,OBC-NCL,8399
,OBC-NCL,8400
,OBC-NCL,8401
,OBC-NCL,8402
,OBC-NCL,8403
,OBC-NCL,8404
,OBC-NCL,8405
,OBC-NCL,8406
,OBC-NCL,8407
,OBC-NCL,8408
,OBC-NCL,8409
,OBC-NCL,8410
,OBC-NCL,8411
,OBC-NCL,8412
,OBC-NCL,8413
,OBC-NCL,8414
,OBC-NCL,8415
,OBC-NCL,8416
,OBC-NCL,8417
,OBC-NCL,8418
,OBC-NCL,8419
,OBC-NCL,8420
,OBC-NCL,8421
,OBC-NCL,8422
,OBC-NCL,8423
,OBC-NCL,8424
,OBC-NCL,8425
,OBC-NCL,8426
,OBC-NCL,8427
,OBC-NCL,8428
,OBC-NCL,8429
,OBC-NCL,8430
,OBC-NCL,8431
,OBC-NCL,8432
,OBC-NCL,8433
,OBC-NCL,8434
,OBC-NCL,8435
,OBC-NCL,8436
,OBC-NCL,8437
,OBC-NCL,8438
,OBC-NCL,8439
,OBC-NCL,8440
,OBC-NCL,8441
,OBC-NCL,8442
,OBC-NCL,8443
,OBC-NCL,8444
,OBC-NCL,8445
,OBC-NCL,8446
,OBC-NCL,8447
,OBC-NCL,8448
,OBC-NCL,8449
,OBC-NCL,8450
,OBC-NCL,8451
,OBC-NCL,8452
,OBC-NCL,8452
,OBC-NCL,8454
,OBC-NCL,8455
,OBC-NCL,8456
,OBC-NCL,8457
,OBC-NCL,8458
,OBC-NCL,8459
,OBC-NCL,8460
,OBC-NCL,8461
,OBC-NCL,8462
,OBC-NCL,8463
,OBC-NCL,8464
,OBC-NCL,8465
,OBC-NCL,8466
,OBC-NCL,8467
,OBC-NCL,8468
,OBC-NCL,8469
,OBC-NCL,8470
,OBC-NCL,8471
,OBC-NCL,8472
,OBC-NCL,8473
,OBC-NCL,8474
,OBC-NCL,8475
,OBC-NCL,8476
,OBC-NCL,8477
,OBC-NCL,8478
,OBC-NCL,8479
,OBC-NCL,8480
,OBC-NCL,8481
,OBC-NCL,8482
,OBC-NCL,8483
,OBC-NCL,8484
,OBC-NCL,8485
,OBC-NCL,8486
,OBC-NCL,8487
,OBC-NCL,8488
,OBC-NCL,8489
,OBC-NCL,8490
,OBC-NCL,8491
,OBC-NCL,8492
,OBC-NCL,8493
,OBC-NCL,8494
,OBC-NCL,8495
,OBC-NCL,8496
,OBC-NCL,8497
,OBC-NCL,8498
,OBC-NCL,8499
,OBC-NCL,8500
,OBC-NCL,8501
,OBC-NCL,8502
,OBC-NCL,8503
,OBC-NCL,8504
,OBC-NCL,8505
,OBC-NCL,8506
,OBC-NCL,8507
,OBC-NCL,8508
,OBC-NCL,8509
,OBC-NCL,8510
,OBC-NCL,8511
,OBC-NCL,8512
,OBC-NCL,8513
,OBC-NCL,8514
,OBC-NCL,8515
,OBC-NCL,8516
,OBC-NCL,8517
,OBC-NCL,8518
,OBC-NCL,8519
,OBC-NCL,8520
,OBC-NCL,8521
,OBC-NCL,8522
,OBC-NCL,8523
,OBC-NCL,8524
,OBC-NCL,8525
,OBC-NCL,8526
,OBC-NCL,8527
,OBC-NCL,8528
,OBC-NCL,8529
,OBC-NCL,8530
,OBC-NCL,8531
,OBC-NCL,8532
,OBC-NCL,8533
,OBC-NCL,8534
,OBC-NCL,8535
,OBC-NCL,8536
,OBC-NCL,8537
,OBC-NCL,8538
,OBC-NCL,8539
,OBC-NCL,8540
,OBC-NCL,8541
,OBC-NCL,8542
,OBC-NCL,8543
,OBC-NCL,8544
,OBC-NCL,8545
,OBC-NCL,8546
,OBC-NCL,8547
,OBC-NCL,8548
,OBC-NCL,8549
,OBC-NCL,8550
,OBC-NCL,8551
,OBC-NCL,8552
,OBC-NCL,8553
,OBC-NCL,8554
,OBC-NCL,8555
,OBC-NCL,8556
,OBC-NCL,8557
,OBC-NCL,8558
,OBC-NCL,8559
,OBC-NCL,8560
,OBC-NCL,8561
,OBC-NCL,8562
,OBC-NCL,8563
,OBC-NCL,8564
,OBC-NCL,8565
,OBC-NCL,8566
,OBC-NCL,8567
,OBC-NCL,8567
,OBC-NCL,8569
,OBC-NCL,8570
,OBC-NCL,8571
,OBC-NCL,8572
,OBC-NCL,8573
,OBC-NCL,8574
,OBC-NCL,8575
,OBC-NCL,8576
,OBC-NCL,8577
,OBC-NCL,8578
,OBC-NCL,8579
,OBC-NCL,8580
,OBC-NCL,8581
,OBC-NCL,8582
,OBC-NCL,8583
,OBC-NCL,8584
,OBC-NCL,8585
,OBC-NCL,8586
,OBC-NCL,8587
,OBC-NCL,8588
,OBC-NCL,8589
,OBC-NCL,8590
,OBC-NCL,8591
,OBC-NCL,8592
,OBC-NCL,8593
,OBC-NCL,8594
,OBC-NCL,8595
,OBC-NCL,8596
,OBC-NCL,8597
,OBC-NCL,8598
,OBC-NCL,8599
,OBC-NCL,8600
,OBC-NCL,8600
,OBC-NCL,8602
,OBC-NCL,8603
,OBC-NCL,8604
,OBC-NCL,8605
,OBC-NCL,8606
,OBC-NCL,8607
,OBC-NCL,8608
,OBC-NCL,8609
,OBC-NCL,8610
,OBC-NCL,8611
,OBC-NCL,8612
,OBC-NCL,8613
,OBC-NCL,8614
,OBC-NCL,8615
,OBC-NCL,8616
,OBC-NCL,8617
,OBC-NCL,8618
,OBC-NCL,8619
,OBC-NCL,8620
,OBC-NCL,8621
,OBC-NCL,8622
,OBC-NCL,8623
,OBC-NCL,8624
,OBC-NCL,8625
,OBC-NCL,8626
,OBC-NCL,8627
,OBC-NCL,8628
,OBC-NCL,8629
,OBC-NCL,8630
,OBC-NCL,8631
,OBC-NCL,8632
,OBC-NCL,8633
,OBC-NCL,8634
,OBC-NCL,8635
,OBC-NCL,8636
,OBC-NCL,8637
,OBC-NCL,8638
,OBC-NCL,8639
,OBC-NCL,8640
,OBC-NCL,8641
,OBC-NCL,8642
,OBC-NCL,8643
,OBC-NCL,8644
,OBC-NCL,8645
,OBC-NCL,8646
,OBC-NCL,8647
,OBC-NCL,8648
,OBC-NCL,8649
,OBC-NCL,8650
,OBC-NCL,8651
,OBC-NCL,8652
,OBC-NCL,8653
,OBC-NCL,8654
,OBC-NCL,8655
,OBC-NCL,8656
,OBC-NCL,8657
,OBC-NCL,8658
,OBC-NCL,8659
,OBC-NCL,8660
,OBC-NCL,8661
,OBC-NCL,8662
,OBC-NCL,8663
,OBC-NCL,8664
,OBC-NCL,8665
,OBC-NCL,8666
,OBC-NCL,8667
,OBC-NCL,8668
,OBC-NCL,8669
,OBC-NCL,8670
,OBC-NCL,8671
,OBC-NCL,8672
,OBC-NCL,8673
,OBC-NCL,8674
,OBC-NCL,8675
,OBC-NCL,8676
,OBC-NCL,8677
,OBC-NCL,8678
,OBC-NCL,8679
,OBC-NCL,8680
,OBC-NCL,8681
,OBC-NCL,8682
,OBC-NCL,8683
,OBC-NCL,8684
,OBC-NCL,8685
,OBC-NCL,8686
,OBC-NCL,8687
,OBC-NCL,8688
,OBC-NCL,8689
,OBC-NCL,8690
,OBC-NCL,8691
,OBC-NCL,8692
,OBC-NCL,8693
,OBC-NCL,8694
,OBC-NCL,8695
,OBC-NCL,8696
,OBC-NCL,8697
,OBC-NCL,8698
,OBC-NCL,8699
,OBC-NCL,8700
,OBC-NCL,8701
,OBC-NCL,8702
,OBC-NCL,8703
,OBC-NCL,8704
,OBC-NCL,8705
,OBC-NCL,8706
,OBC-NCL,8707
,OBC-NCL,8708
,OBC-NCL,8709
,OBC-NCL,8710
,OBC-NCL,8711
,OBC-NCL,8712
,OBC-NCL,8713
,OBC-NCL,8714
,OBC-NCL,8715
,OBC-NCL,8716
,OBC-NCL,8717
,OBC-NCL,8718
,OBC-NCL,8719
,OBC-NCL,8720
,OBC-NCL,8721
,OBC-NCL,8722
,OBC-NCL,8723
,OBC-NCL,8724
,OBC-NCL,8725
,OBC-NCL,8726
,OBC-NCL,8727
,OBC-NCL,8728
,OBC-NCL,8729
,OBC-NCL,8730
,OBC-NCL,8731
,OBC-NCL,8732
,OBC-NCL,8733
,OBC-NCL,8734
,OBC-NCL,8735
,OBC-NCL,8736
,OBC-NCL,8737
,OBC-NCL,8738
,OBC-NCL,8739
,OBC-NCL,8740
,OBC-NCL,8741
,OBC-NCL,8742
,OBC-NCL,8743
,OBC-NCL,8744
,OBC-NCL,8745
,OBC-NCL,8746
,OBC-NCL,8747
,OBC-NCL,8748
,OBC-NCL,8749
,OBC-NCL,8750
,OBC-NCL,8751
,OBC-NCL,8752
,OBC-NCL,8753
,OBC-NCL,8754
,OBC-NCL,8755
,OBC-NCL,8756
,OBC-NCL,8757
,OBC-NCL,8758
,OBC-NCL,8759
,OBC-NCL,8760
,OBC-NCL,8761
,OBC-NCL,8762
,OBC-NCL,8763
,OBC-NCL,8764
,OBC-NCL,8765
,OBC-NCL,8766
,OBC-NCL,8767
,OBC-NCL,8768
,OBC-NCL,8769
,OBC-NCL,8770
,OBC-NCL,8771
,OBC-NCL,8772
,OBC-NCL,8773
,OBC-NCL,8774
,OBC-NCL,8775
,OBC-NCL,8776
,OBC-NCL,8777
,OBC-NCL,8778
,OBC-NCL,8779
,OBC-NCL,8780
,OBC-NCL,8781
,OBC-NCL,8782
,OBC-NCL,8783
,OBC-NCL,8784
,OBC-NCL,8784
,OBC-NCL,8786
,OBC-NCL,8787
,OBC-NCL,8788
,OBC-NCL,8789
,OBC-NCL,8790
,OBC-NCL,8791
,OBC-NCL,8792
,OBC-NCL,8793
,OBC-NCL,8794
,OBC-NCL,8795
,OBC-NCL,8796
,OBC-NCL,8797
,OBC-NCL,8798
,OBC-NCL,8799
,OBC-NCL,8800
,OBC-NCL,8801
,OBC-NCL,8802
,OBC-NCL,8803
,OBC-NCL,8804
,OBC-NCL,8805
,OBC-NCL,8806
,OBC-NCL,8807
,OBC-NCL,8808
,OBC-NCL,8809
,OBC-NCL,8810
,OBC-NCL,8811
,OBC-NCL,8812
,OBC-NCL,8813
,OBC-NCL,8814
,OBC-NCL,8815
,OBC-NCL,8816
,OBC-NCL,8817
,OBC-NCL,8818
,OBC-NCL,8819
,OBC-NCL,8820
,OBC-NCL,8821
,OBC-NCL,8822
,OBC-NCL,8823
,OBC-NCL,8824
,OBC-NCL,8825
,OBC-NCL,8826
,OBC-NCL,8827
,OBC-NCL,8828
,OBC-NCL,8829
,OBC-NCL,8830
,OBC-NCL,8831
,OBC-NCL,8832
,OBC-NCL,8833
,OBC-NCL,8834
,OBC-NCL,8835
,OBC-NCL,8836
,OBC-NCL,8837
,OBC-NCL,8838
,OBC-NCL,8839
,OBC-NCL,8840
,OBC-NCL,8841
,OBC-NCL,8842
,OBC-NCL,8843
,OBC-NCL,8844
,OBC-NCL,8845
,OBC-NCL,8846
,OBC-NCL,8847
,OBC-NCL,8848
,OBC-NCL,8849
,OBC-NCL,8850
,OBC-NCL,8851
,OBC-NCL,8852
,OBC-NCL,8853
,OBC-NCL,8854
,OBC-NCL,8855
,OBC-NCL,8856
,OBC-NCL,8857
,OBC-NCL,8858
,OBC-NCL,8859
,OBC-NCL,8860
,OBC-NCL,8861
,OBC-NCL,8862
,OBC-NCL,8863
,OBC-NCL,8864
,OBC-NCL,8865
,OBC-NCL,8866
,OBC-NCL,8867
,OBC-NCL,8868
,OBC-NCL,8869
,OBC-NCL,8870
,OBC-NCL,8871
,OBC-NCL,8872
,OBC-NCL,8873
,OBC-NCL,8874
,OBC-NCL,8875
,OBC-NCL,8876
,OBC-NCL,8877
,OBC-NCL,8878
,OBC-NCL,8879
,OBC-NCL,8880
,OBC-NCL,8881
,OBC-NCL,8882
,OBC-NCL,8883
,OBC-NCL,8884
,OBC-NCL,8885
,OBC-NCL,8886
,OBC-NCL,8887
,OBC-NCL,8888
,OBC-NCL,8889
,OBC-NCL,8890
,OBC-NCL,8891
,OBC-NCL,8892
,OBC-NCL,8893
,OBC-NCL,8894
,OBC-NCL,8895
,OBC-NCL,8896
,OBC-NCL,8897
,OBC-NCL,8898
,OBC-NCL,8899
,OBC-NCL,8900
,OBC-NCL,8901
,OBC-NCL,8902
,OBC-NCL,8903
,OBC-NCL,8904
,OBC-NCL,8905
,OBC-NCL,8906
,OBC-NCL,8907
,OBC-NCL,8908
,OBC-NCL,8909
,OBC-NCL,8910
,OBC-NCL,8911
,OBC-NCL,8912
,OBC-NCL,8913
,OBC-NCL,8914
,OBC-NCL,8915
,OBC-NCL,8916
,OBC-NCL,8917
,OBC-NCL,8918
,OBC-NCL,8919
,OBC-NCL,8920
,OBC-NCL,8921
,OBC-NCL,8922
,OBC-NCL,8923
,OBC-NCL,8924
,OBC-NCL,8925
,OBC-NCL,8926
,OBC-NCL,8927
,OBC-NCL,8928
,OBC-NCL,8929
,OBC-NCL,8930
,OBC-NCL,8931
,OBC-NCL,8932
,OBC-NCL,8933
,OBC-NCL,8934
,OBC-NCL,8935
,OBC-NCL,8936
,OBC-NCL,8937
,OBC-NCL,8938
,OBC-NCL,8939
,OBC-NCL,8940
,OBC-NCL,8941
,OBC-NCL,8942
,OBC-NCL,8943
,OBC-NCL,8944
,OBC-NCL,8945
,OBC-NCL,8946
,OBC-NCL,8947
,OBC-NCL,8948
,OBC-NCL,8949
,OBC-NCL,8949
,OBC-NCL,8951
,OBC-NCL,8952
,OBC-NCL,8953
,OBC-NCL,8954
,OBC-NCL,8955
,OBC-NCL,8956
,OBC-NCL,8957
,OBC-NCL,8958
,OBC-NCL,8959
,OBC-NCL,8960
,OBC-NCL,8961
,OBC-NCL,8962
,OBC-NCL,8963
,OBC-NCL,8964
,OBC-NCL,8965
,OBC-NCL,8966
,OBC-NCL,8967
,OBC-NCL,8968
,OBC-NCL,8969
,OBC-NCL,8970
,OBC-NCL,8971
,OBC-NCL,8972
,OBC-NCL,8973
,OBC-NCL,8974
,OBC-NCL,8975
,OBC-NCL,8976
,OBC-NCL,8977
,OBC-NCL,8978
,OBC-NCL,8979
,OBC-NCL,8980
,OBC-NCL,8981
,OBC-NCL,8982
,OBC-NCL,8983
,OBC-NCL,8984
,OBC-NCL,8985
,OBC-NCL,8986
,OBC-NCL,8987
,OBC-NCL,8988
,OBC-NCL,8989
,OBC-NCL,8990
,OBC-NCL,8991
,OBC-NCL,8992
,OBC-NCL,8993
,OBC-NCL,8994
,OBC-NCL,8995
,OBC-NCL,8996
,OBC-NCL,8997
,OBC-NCL,8998
,OBC-NCL,8999
,OBC-NCL,9000
,OBC-NCL,9001
,OBC-NCL,9002
,OBC-NCL,9003
,OBC-NCL,9004
,OBC-NCL,9005
,OBC-NCL,9006
,OBC-NCL,9007
,OBC-NCL,9008
,OBC-NCL,9009
,OBC-NCL,9010
,OBC-NCL,9011
,OBC-NCL,9012
,OBC-NCL,9013
,OBC-NCL,9014
,OBC-NCL,9015
,OBC-NCL,9016
,OBC-NCL,9017
,OBC-NCL,9018
,OBC-NCL,9019
,OBC-NCL,9020
,OBC-NCL,9021
,OBC-NCL,9022
,OBC-NCL,9023
,OBC-NCL,9024
,OBC-NCL,9025
,OBC-NCL,9026
,OBC-NCL,9027
,OBC-NCL,9028
,OBC-NCL,9029
,OBC-NCL,9030
,OBC-NCL,9031
,OBC-NCL,9032
,OBC-NCL,9033
,OBC-NCL,9034
,OBC-NCL,9035
,OBC-NCL,9036
,OBC-NCL,9037
,OBC-NCL,9038
,OBC-NCL,9039
,OBC-NCL,9040
,OBC-NCL,9041
,OBC-NCL,9042
,OBC-NCL,9043
,SC,300
,SC,322
,SC,340
,SC,352
,SC,379
,SC,415
,SC,439
,SC,445
,SC,517
,SC,520
,SC,578
,SC,722
,SC,724
,SC,741
,SC,752
,SC,768
,SC,781
,SC,837
,SC,902
,SC,908
,SC,959
,SC,960
,SC,1011
,SC,1016
,SC,1022
,SC,1024
,SC,1041
,SC,1051
,SC,1062
,SC,1068
,SC,1073
,SC,1074
,SC,1075
,SC,1076
,SC,1077
,SC,1078
,SC,1079
,SC,1080
,SC,1081
,SC,1082
,SC,1083
,SC,1084
,SC,1085
,SC,1086
,SC,1087
,SC,1088
,SC,1089
,SC,1090
,SC,1091
,SC,1092
,SC,1093
,SC,1094
,SC,1095
,SC,1096
,SC,1097
,SC,1098
,SC,1099
,SC,1100
,SC,1101
,SC,1102
,SC,1103
,SC,1104
,SC,1105
,SC,1106
,SC,1107
,SC,1108
,SC,1109
,SC,1110
,SC,1111
,SC,1112
,SC,1113
,SC,1114
,SC,1115
,SC,1116
,SC,1117
,SC,1118
,SC,1119
,SC,1120
,SC,1121
,SC,1122
,SC,1123
,SC,1124
,SC,1125
,SC,1126
,SC,1127
,SC,1128
,SC,1129
,SC,1130
,SC,1131
,SC,1132
,SC,1133
,SC,1134
,SC,1135
,SC,1136
,SC,1137
,SC,1138
,SC,1139
,SC,1140
,SC,1141
,SC,1142
,SC,1143
,SC,1144
,SC,1145
,SC,1146
,SC,1147
,SC,1148
,SC,1149
,SC,1150
,SC,1151
,SC,1152
,SC,1153
,SC,1154
,SC,1155
,SC,1156
,SC,1157
,SC,1158
,SC,1159
,SC,1160
,SC,1161
,SC,1162
,SC,1163
,SC,1164
,SC,1165
,SC,1166
,SC,1167
,SC,1168
,SC,1169
,SC,1170
,SC,1171
,SC,1172
,SC,1173
,SC,1174
,SC,1175
,SC,1176
,SC,1177
,SC,1178
,SC,1179
,SC,1180
,SC,1181
,SC,1182
,SC,1183
,SC,1184
,SC,1185
,SC,1186
,SC,1187
,SC,1188
,SC,1189
,SC,1190
,SC,1191
,SC,1192
,SC,1193
,SC,1194
,SC,1195
,SC,1196
,SC,1197
,SC,1198
,SC,1199
,SC,1200
,SC,1201
,SC,1202
,SC,1203
,SC,1204
,SC,1205
,SC,1206
,SC,1207
,SC,1208
,SC,1209
,SC,1210
,SC,1211
,SC,1212
,SC,1213
,SC,1214
,SC,1215
,SC,1216
,SC,1217
,SC,1218
,SC,1219
,SC,1220
,SC,1221
,SC,1222
,SC,1223
,SC,1224
,SC,1225
,SC,1226
,SC,1227
,SC,1228
,SC,1229
,SC,1230
,SC,1231
,SC,1232
,SC,1233
,SC,1234
,SC,1235
,SC,1236
,SC,1237
,SC,1238
,SC,1239
,SC,1240
,SC,1241
,SC,1242
,SC,1243
,SC,1244
,SC,1245
,SC,1246
,SC,1247
,SC,1248
,SC,1249
,SC,1250
,SC,1251
,SC,1252
,SC,1253
,SC,1254
,SC,1255
,SC,1256
,SC,1257
,SC,1258
,SC,1259
,SC,1260
,SC,1261
,SC,1262
,SC,1263
,SC,1264
,SC,1265
,SC,1266
,SC,1267
,SC,1268
,SC,1269
,SC,1270
,SC,1271
,SC,1272
,SC,1273
,SC,1274
,SC,1275
,SC,1276
,SC,1277
,SC,1278
,SC,1279
,SC,1280
,SC,1281
,SC,1282
,SC,1283
,SC,1284
,SC,1285
,SC,1286
,SC,1287
,SC,1288
,SC,1289
,SC,1290
,SC,1291
,SC,1292
,SC,1293
,SC,1294
,SC,1295
,SC,1296
,SC,1297
,SC,1298
,SC,1299
,SC,1300
,SC,1301
,SC,1302
,SC,1303
,SC,1304
,SC,1305
,SC,1306
,SC,1307
,SC,1308
,SC,1309
,SC,1310
,SC,1311
,SC,1312
,SC,1313
,SC,1314
,SC,1315
,SC,1316
,SC,1317
,SC,1318
,SC,1319
,SC,1320
,SC,1321
,SC,1322
,SC,1323
,SC,1324
,SC,1325
,SC,1326
,SC,1327
,SC,1328
,SC,1329
,SC,1330
,SC,1331
,SC,1332
,SC,1333
,SC,1334
,SC,1335
,SC,1336
,SC,1337
,SC,1338
,SC,1339
,SC,1340
,SC,1341
,SC,1342
,SC,1343
,SC,1344
,SC,1345
,SC,1346
,SC,1347
,SC,1348
,SC,1349
,SC,1350
,SC,1351
,SC,1352
,SC,1353
,SC,1354
,SC,1355
,SC,1356
,SC,1357
,SC,1358
,SC,1359
,SC,1360
,SC,1361
,SC,1362
,SC,1363
,SC,1364
,SC,1365
,SC,1366
,SC,1367
,SC,1368
,SC,1369
,SC,1370
,SC,1371
,SC,1372
,SC,1373
,SC,1374
,SC,1375
,SC,1376
,SC,1377
,SC,1378
,SC,1379
,SC,1380
,SC,1381
,SC,1382
,SC,1383
,SC,1384
,SC,1385
,SC,1386
,SC,1387
,SC,1388
,SC,1389
,SC,1390
,SC,1391
,SC,1392
,SC,1393
,SC,1394
,SC,1395
,SC,1396
,SC,1397
,SC,1398
,SC,1399
,SC,1400
,SC,1401
,SC,1402
,SC,1403
,SC,1404
,SC,1405
,SC,1406
,SC,1407
,SC,1408
,SC,1409
,SC,1410
,SC,1411
,SC,1412
,SC,1413
,SC,1414
,SC,1415
,SC,1416
,SC,1417
,SC,1418
,SC,1419
,SC,1420
,SC,1421
,SC,1422
,SC,1423
,SC,1424
,SC,1425
,SC,1426
,SC,1427
,SC,1428
,SC,1429
,SC,1430
,SC,1431
,SC,1432
,SC,1433
,SC,1434
,SC,1435
,SC,1436
,SC,1437
,SC,1438
,SC,1439
,SC,1440
,SC,1441
,SC,1441
,SC,1443
,SC,1444
,SC,1445
,SC,1446
,SC,1447
,SC,1448
,SC,1449
,SC,1450
,SC,1451
,SC,1452
,SC,1453
,SC,1454
,SC,1455
,SC,1456
,SC,1457
,SC,1458
,SC,1459
,SC,1460
,SC,1461
,SC,1462
,SC,1463
,SC,1464
,SC,1465
,SC,1466
,SC,1467
,SC,1468
,SC,1469
,SC,1470
,SC,1471
,SC,1472
,SC,1473
,SC,1474
,SC,1475
,SC,1476
,SC,1477
,SC,1478
,SC,1479
,SC,1480
,SC,1481
,SC,1482
,SC,1483
,SC,1484
,SC,1485
,SC,1486
,SC,1487
,SC,1488
,SC,1489
,SC,1490
,SC,1491
,SC,1492
,SC,1493
,SC,1494
,SC,1495
,SC,1496
,SC,1497
,SC,1498
,SC,1499
,SC,1500
,SC,1501
,SC,1502
,SC,1503
,SC,1504
,SC,1505
,SC,1506
,SC,1507
,SC,1508
,SC,1509
,SC,1510
,SC,1511
,SC,1512
,SC,1513
,SC,1514
,SC,1515
,SC,1516
,SC,1517
,SC,1518
,SC,1519
,SC,1520
,SC,1521
,SC,1522
,SC,1523
,SC,1524
,SC,1525
,SC,1526
,SC,1527
,SC,1528
,SC,1529
,SC,1530
,SC,1531
,SC,1532
,SC,1533
,SC,1534
,SC,1535
,SC,1536
,SC,1537
,SC,1538
,SC,1539
,SC,1540
,SC,1541
,SC,1542
,SC,1543
,SC,1544
,SC,1545
,SC,1546
,SC,1547
,SC,1548
,SC,1549
,SC,1550
,SC,1551
,SC,1552
,SC,1553
,SC,1554
,SC,1555
,SC,1556
,SC,1557
,SC,1558
,SC,1559
,SC,1560
,SC,1561
,SC,1562
,SC,1563
,SC,1564
,SC,1565
,SC,1566
,SC,1567
,SC,1568
,SC,1569
,SC,1570
,SC,1571
,SC,1572
,SC,1573
,SC,1574
,SC,1575
,SC,1576
,SC,1577
,SC,1578
,SC,1579
,SC,1580
,SC,1581
,SC,1582
,SC,1583
,SC,1584
,SC,1585
,SC,1586
,SC,1587
,SC,1588
,SC,1589
,SC,1590
,SC,1591
,SC,1592
,SC,1593
,SC,1594
,SC,1595
,SC,1596
,SC,1597
,SC,1598
,SC,1599
,SC,1600
,SC,1601
,SC,1602
,SC,1603
,SC,1604
,SC,1605
,SC,1606
,SC,1607
,SC,1608
,SC,1609
,SC,1610
,SC,1611
,SC,1612
,SC,1613
,SC,1614
,SC,1615
,SC,1616
,SC,1617
,SC,1618
,SC,1619
,SC,1620
,SC,1621
,SC,1622
,SC,1623
,SC,1624
,SC,1625
,SC,1626
,SC,1627
,SC,1628
,SC,1629
,SC,1630
,SC,1631
,SC,1632
,SC,1633
,SC,1634
,SC,1635
,SC,1636
,SC,1637
,SC,1638
,SC,1639
,SC,1640
,SC,1641
,SC,1642
,SC,1643
,SC,1644
,SC,1645
,SC,1646
,SC,1647
,SC,1648
,SC,1649
,SC,1650
,SC,1651
,SC,1652
,SC,1653
,SC,1654
,SC,1655
,SC,1656
,SC,1657
,SC,1658
,SC,1659
,SC,1660
,SC,1661
,SC,1662
,SC,1663
,SC,1664
,SC,1665
,SC,1666
,SC,1667
,SC,1668
,SC,1669
,SC,1670
,SC,1671
,SC,1672
,SC,1673
,SC,1674
,SC,1675
,SC,1676
,SC,1677
,SC,1678
,SC,1679
,SC,1680
,SC,1681
,SC,1682
,SC,1683
,SC,1684
,SC,1685
,SC,1686
,SC,1687
,SC,1688
,SC,1689
,SC,1690
,SC,1691
,SC,1692
,SC,1693
,SC,1694
,SC,1695
,SC,1696
,SC,1697
,SC,1698
,SC,1699
,SC,1700
,SC,1701
,SC,1702
,SC,1703
,SC,1704
,SC,1705
,SC,1706
,SC,1707
,SC,1708
,SC,1709
,SC,1710
,SC,1711
,SC,1712
,SC,1713
,SC,1714
,SC,1715
,SC,1716
,SC,1717
,SC,1718
,SC,1719
,SC,1720
,SC,1721
,SC,1722
,SC,1723
,SC,1724
,SC,1725
,SC,1726
,SC,1727
,SC,1728
,SC,1729
,SC,1730
,SC,1731
,SC,1732
,SC,1733
,SC,1734
,SC,1735
,SC,1736
,SC,1737
,SC,1738
,SC,1739
,SC,1740
,SC,1741
,SC,1742
,SC,1743
,SC,1744
,SC,1745
,SC,1746
,SC,1747
,SC,1748
,SC,1749
,SC,1750
,SC,1751
,SC,1752
,SC,1753
,SC,1754
,SC,1755
,SC,1756
,SC,1757
,SC,1758
,SC,1759
,SC,1760
,SC,1761
,SC,1762
,SC,1763
,SC,1764
,SC,1765
,SC,1766
,SC,1767
,SC,1768
,SC,1769
,SC,1770
,SC,1771
,SC,1772
,SC,1773
,SC,1774
,SC,1775
,SC,1776
,SC,1777
,SC,1778
,SC,1779
,SC,1780
,SC,1781
,SC,1782
,SC,1783
,SC,1784
,SC,1785
,SC,1786
,SC,1787
,SC,1788
,SC,1789
,SC,1790
,SC,1791
,SC,1792
,SC,1793
,SC,1794
,SC,1795
,SC,1796
,SC,1797
,SC,1798
,SC,1799
,SC,1800
,SC,1801
,SC,1802
,SC,1803
,SC,1804
,SC,1805
,SC,1806
,SC,1807
,SC,1808
,SC,1809
,SC,1810
,SC,1811
,SC,1812
,SC,1813
,SC,1814
,SC,1815
,SC,1816
,SC,1817
,SC,1818
,SC,1819
,SC,1820
,SC,1821
,SC,1822
,SC,1823
,SC,1824
,SC,1825
,SC,1826
,SC,1827
,SC,1828
,SC,1829
,SC,1830
,SC,1831
,SC,1832
,SC,1833
,SC,1834
,SC,1835
,SC,1836
,SC,1837
,SC,1838
,SC,1839
,SC,1840
,SC,1841
,SC,1842
,SC,1843
,SC,1844
,SC,1845
,SC,1846
,SC,1847
,SC,1848
,SC,1849
,SC,1850
,SC,1851
,SC,1852
,SC,1853
,SC,1854
,SC,1855
,SC,1856
,SC,1857
,SC,1858
,SC,1859
,SC,1860
,SC,1861
,SC,1862
,SC,1863
,SC,1864
,SC,1865
,SC,1866
,SC,1867
,SC,1868
,SC,1869
,SC,1870
,SC,1871
,SC,1872
,SC,1873
,SC,1874
,SC,1875
,SC,1876
,SC,1877
,SC,1878
,SC,1879
,SC,1880
,SC,1881
,SC,1882
,SC,1883
,SC,1884
,SC,1885
,SC,1886
,SC,1887
,SC,1888
,SC,1889
,SC,1890
,SC,1891
,SC,1892
,SC,1893
,SC,1894
,SC,1895
,SC,1896
,SC,1897
,SC,1898
,SC,1899
,SC,1900
,SC,1901
,SC,1902
,SC,1903
,SC,1904
,SC,1905
,SC,1906
,SC,1907
,SC,1908
,SC,1909
,SC,1910
,SC,1911
,SC,1912
,SC,1913
,SC,1914
,SC,1915
,SC,1916
,SC,1917
,SC,1918
,SC,1919
,SC,1920
,SC,1921
,SC,1922
,SC,1923
,SC,1924
,SC,1925
,SC,1926
,SC,1927
,SC,1928
,SC,1929
,SC,1930
,SC,1931
,SC,1932
,SC,1933
,SC,1934
,SC,1935
,SC,1936
,SC,1937
,SC,1938
,SC,1939
,SC,1940
,SC,1941
,SC,1942
,SC,1943
,SC,1944
,SC,1945
,SC,1946
,SC,1947
,SC,1948
,SC,1949
,SC,1950
,SC,1951
,SC,1952
,SC,1953
,SC,1954
,SC,1955
,SC,1956
,SC,1957
,SC,1958
,SC,1959
,SC,1960
,SC,1961
,SC,1962
,SC,1963
,SC,1964
,SC,1965
,SC,1966
,SC,1967
,SC,1968
,SC,1969
,SC,1970
,SC,1971
,SC,1972
,SC,1973
,SC,1974
,SC,1975
,SC,1976
,SC,1977
,SC,1978
,SC,1979
,SC,1980
,SC,1981
,SC,1982
,SC,1983
,SC,1984
,SC,1985
,SC,1986
,SC,1987
,SC,1988
,SC,1989
,SC,1990
,SC,1991
,SC,1992
,SC,1993
,SC,1994
,SC,1995
,SC,1996
,SC,1997
,SC,1998
,SC,1999
,SC,2000
,SC,2001
,SC,2002
,SC,2003
,SC,2004
,SC,2005
,SC,2006
,SC,2007
,SC,2008
,SC,2009
,SC,2010
,SC,2011
,SC,2012
,SC,2013
,SC,2014
,SC,2015
,SC,2016
,SC,2017
,SC,2018
,SC,2019
,SC,2020
,SC,2021
,SC,2022
,SC,2023
,SC,2024
,SC,2025
,SC,2026
,SC,2027
,SC,2028
,SC,2029
,SC,2030
,SC,2031
,SC,2032
,SC,2033
,SC,2033
,SC,2035
,SC,2036
,SC,2037
,SC,2038
,SC,2039
,SC,2040
,SC,2041
,SC,2042
,SC,2043
,SC,2044
,SC,2045
,SC,2046
,SC,2047
,SC,2048
,SC,2049
,SC,2050
,SC,2051
,SC,2052
,SC,2053
,SC,2054
,SC,2055
,SC,2056
,SC,2057
,SC,2058
,SC,2059
,SC,2060
,SC,2061
,SC,2062
,SC,2063
,SC,2064
,SC,2065
,SC,2066
,SC,2067
,SC,2068
,SC,2069
,SC,2070
,SC,2071
,SC,2072
,SC,2073
,SC,2074
,SC,2075
,SC,2076
,SC,2077
,SC,2078
,SC,2079
,SC,2080
,SC,2081
,SC,2082
,SC,2083
,SC,2084
,SC,2085
,SC,2086
,SC,2087
,SC,2088
,SC,2089
,SC,2090
,SC,2091
,SC,2092
,SC,2093
,SC,2094
,SC,2095
,SC,2096
,SC,2097
,SC,2098
,SC,2099
,SC,2100
,SC,2101
,SC,2102
,SC,2103
,SC,2104
,SC,2105
,SC,2106
,SC,2107
,SC,2108
,SC,2109
,SC,2110
,SC,2111
,SC,2112
,SC,2113
,SC,2114
,SC,2115
,SC,2116
,SC,2117
,SC,2118
,SC,2119
,SC,2120
,SC,2121
,SC,2122
,SC,2123
,SC,2124
,SC,2125
,SC,2126
,SC,2127
,SC,2128
,SC,2129
,SC,2130
,SC,2131
,SC,2132
,SC,2133
,SC,2134
,SC,2135
,SC,2136
,SC,2137
,SC,2138
,SC,2139
,SC,2140
,SC,2141
,SC,2142
,SC,2143
,SC,2144
,SC,2145
,SC,2146
,SC,2147
,SC,2148
,SC,2149
,SC,2150
,SC,2151
,SC,2152
,SC,2153
,SC,2154
,SC,2155
,SC,2156
,SC,2157
,SC,2158
,SC,2159
,SC,2160
,SC,2161
,SC,2162
,SC,2163
,SC,2164
,SC,2165
,SC,2166
,SC,2167
,SC,2168
,SC,2169
,SC,2170
,SC,2171
,SC,2172
,SC,2173
,SC,2174
,SC,2175
,SC,2176
,SC,2177
,SC,2178
,SC,2179
,SC,2180
,SC,2181
,SC,2182
,SC,2183
,SC,2184
,SC,2185
,SC,2186
,SC,2187
,SC,2188
,SC,2189
,SC,2190
,SC,2191
,SC,2192
,SC,2193
,SC,2194
,SC,2195
,SC,2196
,SC,2197
,SC,2198
,SC,2199
,SC,2200
,SC,2201
,SC,2202
,SC,2203
,SC,2204
,SC,2205
,SC,2206
,SC,2207
,SC,2208
,SC,2209
,SC,2210
,SC,2211
,SC,2212
,SC,2213
,SC,2214
,SC,2215
,SC,2216
,SC,2217
,SC,2218
,SC,2219
,SC,2220
,SC,2221
,SC,2222
,SC,2223
,SC,2224
,SC,2225
,SC,2226
,SC,2227
,SC,2228
,SC,2229
,SC,2230
,SC,2231
,SC,2232
,SC,2233
,SC,2234
,SC,2235
,SC,2236
,SC,2237
,SC,2238
,SC,2239
,SC,2240
,SC,2241
,SC,2242
,SC,2243
,SC,2244
,SC,2245
,SC,2246
,SC,2247
,SC,2248
,SC,2249
,SC,2250
,SC,2251
,SC,2252
,SC,2253
,SC,2254
,SC,2255
,SC,2256
,SC,2257
,SC,2258
,SC,2259
,SC,2260
,SC,2261
,SC,2262
,SC,2263
,SC,2264
,SC,2265
,SC,2266
,SC,2267
,SC,2268
,SC,2269
,SC,2270
,SC,2271
,SC,2272
,SC,2273
,SC,2274
,SC,2275
,SC,2276
,SC,2277
,SC,2278
,SC,2279
,SC,2280
,SC,2281
,SC,2282
,SC,2283
,SC,2284
,SC,2285
,SC,2286
,SC,2287
,SC,2288
,SC,2289
,SC,2290
,SC,2291
,SC,2292
,SC,2293
,SC,2294
,SC,2295
,SC,2296
,SC,2297
,SC,2298
,SC,2299
,SC,2300
,SC,2301
,SC,2302
,SC,2303
,SC,2304
,SC,2305
,SC,2306
,SC,2307
,SC,2308
,SC,2309
,SC,2310
,SC,2311
,SC,2312
,SC,2313
,SC,2314
,SC,2315
,SC,2316
,SC,2317
,SC,2318
,SC,2319
,SC,2320
,SC,2321
,SC,2322
,SC,2323
,SC,2324
,SC,2325
,SC,2326
,SC,2327
,SC,2328
,SC,2329
,SC,2330
,SC,2331
,SC,2332
,SC,2333
,SC,2334
,SC,2335
,SC,2336
,SC,2337
,SC,2338
,SC,2339
,SC,2340
,SC,2341
,SC,2342
,SC,2343
,SC,2344
,SC,2345
,SC,2346
,SC,2347
,SC,2348
,SC,2349
,SC,2350
,SC,2351
,SC,2352
,SC,2353
,SC,2354
,SC,2355
,SC,2356
,SC,2357
,SC,2358
,SC,2359
,SC,2360
,SC,2361
,SC,2362
,SC,2363
,SC,2364
,SC,2365
,SC,2366
,SC,2367
,SC,2368
,SC,2369
,SC,2370
,SC,2371
,SC,2372
,SC,2373
,SC,2374
,SC,2375
,SC,2376
,SC,2377
,SC,2378
,SC,2379
,SC,2380
,SC,2381
,SC,2382
,SC,2383
,SC,2384
,SC,2385
,SC,2386
,SC,2387
,SC,2388
,SC,2389
,SC,2390
,SC,2391
,SC,2392
,SC,2393
,SC,2394
,SC,2395
,SC,2396
,SC,2397
,SC,2398
,SC,2399
,SC,2400
,SC,2401
,SC,2402
,SC,2403
,SC,2404
,SC,2405
,SC,2406
,SC,2407
,SC,2408
,SC,2409
,SC,2410
,SC,2411
,SC,2412
,SC,2413
,SC,2414
,SC,2415
,SC,2416
,SC,2417
,SC,2418
,SC,2419
,SC,2420
,SC,2421
,SC,2422
,SC,2423
,SC,2424
,SC,2425
,SC,2426
,SC,2427
,SC,2428
,SC,2429
,SC,2430
,SC,2431
,SC,2432
,SC,2433
,SC,2434
,SC,2435
,SC,2436
,SC,2437
,SC,2438
,SC,2439
,SC,2440
,SC,2441
,SC,2442
,SC,2443
,SC,2444
,SC,2445
,SC,2446
,SC,2447
,SC,2448
,SC,2449
,SC,2450
,SC,2451
,SC,2452
,SC,2453
,SC,2454
,SC,2455
,SC,2456
,SC,2457
,SC,2458
,SC,2459
,SC,2460
,SC,2461
,SC,2462
,SC,2463
,SC,2464
,SC,2465
,SC,2466
,SC,2467
,SC,2468
,SC,2469
,SC,2470
,SC,2471
,SC,2472
,SC,2473
,SC,2474
,SC,2475
,SC,2476
,SC,2477
,SC,2478
,SC,2479
,SC,2480
,SC,2481
,SC,2482
,SC,2483
,SC,2484
,SC,2485
,SC,2486
,SC,2487
,SC,2488
,SC,2489
,SC,2490
,SC,2491
,SC,2492
,SC,2493
,SC,2494
,SC,2495
,SC,2496
,SC,2497
,SC,2498
,SC,2499
,SC,2500
,SC,2501
,SC,2502
,SC,2503
,SC,2504
,SC,2505
,SC,2506
,SC,2507
,SC,2508
,SC,2509
,SC,2510
,SC,2511
,SC,2512
,SC,2513
,SC,2514
,SC,2515
,SC,2516
,SC,2517
,SC,2518
,SC,2519
,SC,2520
,SC,2521
,SC,2522
,SC,2523
,SC,2524
,SC,2525
,SC,2526
,SC,2527
,SC,2528
,SC,2529
,SC,2530
,SC,2531
,SC,2532
,SC,2533
,SC,2534
,SC,2535
,SC,2536
,SC,2537
,SC,2538
,SC,2539
,SC,2540
,SC,2541
,SC,2542
,SC,2543
,SC,2544
,SC,2545
,SC,2546
,SC,2547
,SC,2548
,SC,2549
,SC,2550
,SC,2551
,SC,2552
,SC,2553
,SC,2554
,SC,2555
,SC,2556
,SC,2557
,SC,2558
,SC,2559
,SC,2560
,SC,2561
,SC,2562
,SC,2563
,SC,2564
,SC,2565
,SC,2566
,SC,2567
,SC,2568
,SC,2569
,SC,2570
,SC,2571
,SC,2572
,SC,2573
,SC,2574
,SC,2575
,SC,2576
,SC,2577
,SC,2578
,SC,2579
,SC,2580
,SC,2581
,SC,2582
,SC,2583
,SC,2584
,SC,2585
,SC,2586
,SC,2587
,SC,2588
,SC,2589
,SC,2590
,SC,2591
,SC,2592
,SC,2593
,SC,2594
,SC,2595
,SC,2596
,SC,2597
,SC,2598
,SC,2599
,SC,2600
,SC,2601
,SC,2602
,SC,2603
,SC,2604
,SC,2605
,SC,2606
,SC,2607
,SC,2608
,SC,2609
,SC,2610
,SC,2611
,SC,2612
,SC,2613
,SC,2614
,SC,2615
,SC,2616
,SC,2617
,SC,2618
,SC,2619
,SC,2620
,SC,2621
,SC,2622
,SC,2623
,SC,2624
,SC,2625
,SC,2626
,SC,2627
,SC,2628
,SC,2629
,SC,2630
,SC,2631
,SC,2632
,SC,2633
,SC,2634
,SC,2635
,SC,2636
,SC,2637
,SC,2638
,SC,2639
,SC,2640
,SC,2641
,SC,2642
,SC,2643
,SC,2644
,SC,2645
,SC,2646
,SC,2647
,SC,2648
,SC,2649
,SC,2650
,SC,2651
,SC,2652
,SC,2653
,SC,2654
,SC,2655
,SC,2656
,SC,2656
,SC,2658
,SC,2659
,SC,2660
,SC,2661
,SC,2662
,SC,2663
,SC,2664
,SC,2665
,SC,2666
,SC,2667
,SC,2668
,SC,2669
,SC,2670
,SC,2671
,SC,2672
,SC,2673
,SC,2674
,SC,2675
,SC,2676
,SC,2677
,SC,2678
,SC,2679
,SC,2680
,SC,2681
,SC,2682
,SC,2683
,SC,2684
,SC,2685
,SC,2686
,SC,2687
,SC,2688
,SC,2689
,SC,2690
,SC,2691
,SC,2692
,SC,2693
,SC,2694
,SC,2695
,SC,2696
,SC,2697
,SC,2698
,SC,2699
,SC,2700
,SC,2701
,SC,2702
,SC,2703
,SC,2704
,SC,2705
,SC,2706
,SC,2707
,SC,2708
,SC,2709
,SC,2710
,SC,2711
,SC,2712
,SC,2713
,SC,2714
,SC,2715
,SC,2716
,SC,2717
,SC,2718
,SC,2719
,SC,2720
,SC,2721
,SC,2722
,SC,2723
,SC,2724
,SC,2725
,SC,2726
,SC,2727
,SC,2728
,SC,2729
,SC,2730
,SC,2731
,SC,2732
,SC,2733
,SC,2734
,SC,2735
,SC,2736
,SC,2737
,SC,2738
,SC,2739
,SC,2740
,SC,2741
,SC,2742
,SC,2743
,SC,2744
,SC,2745
,SC,2746
,SC,2747
,SC,2748
,SC,2749
,SC,2750
,SC,2751
,SC,2752
,SC,2753
,SC,2754
,SC,2755
,SC,2756
,SC,2757
,SC,2758
,SC,2759
,SC,2760
,SC,2761
,SC,2762
,SC,2763
,SC,2764
,SC,2765
,SC,2766
,SC,2767
,SC,2768
,SC,2769
,SC,2770
,SC,2771
,SC,2772
,SC,2773
,SC,2774
,SC,2775
,SC,2776
,SC,2777
,SC,2778
,SC,2779
,SC,2780
,SC,2781
,SC,2782
,SC,2783
,SC,2784
,SC,2785
,SC,2786
,SC,2787
,SC,2788
,SC,2789
,SC,2790
,SC,2791
,SC,2792
,SC,2793
,SC,2794
,SC,2795
,SC,2796
,SC,2797
,SC,2798
,SC,2799
,SC,2800
,SC,2801
,SC,2802
,SC,2803
,SC,2804
,SC,2805
,SC,2806
,SC,2807
,SC,2808
,SC,2809
,SC,2810
,SC,2811
,SC,2812
,SC,2813
,SC,2814
,SC,2815
,SC,2816
,SC,2817
,SC,2818
,SC,2819
,SC,2820
,SC,2821
,SC,2822
,SC,2823
,SC,2824
,SC,2825
,SC,2826
,SC,2827
,SC,2828
,SC,2829
,SC,2830
,SC,2831
,SC,2832
,SC,2833
,SC,2834
,SC,2835
,SC,2836
,SC,2837
,SC,2838
,SC,2839
,SC,2840
,SC,2841
,SC,2842
,SC,2843
,SC,2844
,SC,2845
,SC,2846
,SC,2847
,SC,2848
,SC,2849
,SC,2850
,SC,2851
,SC,2852
,SC,2853
,SC,2854
,SC,2855
,SC,2856
,SC,2857
,SC,2858
,SC,2859
,SC,2860
,SC,2861
,SC,2862
,SC,2863
,SC,2864
,SC,2865
,SC,2866
,SC,2867
,SC,2868
,SC,2869
,SC,2870
,SC,2871
,SC,2872
,SC,2873
,SC,2874
,SC,2875
,SC,2876
,SC,2877
,SC,2878
,SC,2879
,SC,2880
,SC,2881
,SC,2882
,SC,2883
,SC,2884
,SC,2885
,SC,2886
,SC,2887
,SC,2888
,SC,2889
,SC,2890
,SC,2891
,SC,2892
,SC,2893
,SC,2894
,SC,2895
,SC,2896
,SC,2897
,SC,2898
,SC,2899
,SC,2900
,SC,2901
,SC,2902
,SC,2903
,SC,2904
,SC,2905
,SC,2906
,SC,2907
,SC,2908
,SC,2909
,SC,2910
,SC,2911
,SC,2912
,SC,2913
,SC,2914
,SC,2915
,SC,2916
,SC,2917
,SC,2918
,SC,2919
,SC,2920
,SC,2921
,SC,2922
,SC,2923
,SC,2924
,SC,2925
,SC,2926
,SC,2927
,SC,2928
,SC,2929
,SC,2930
,SC,2931
,SC,2932
,SC,2933
,SC,2934
,SC,2935
,SC,2936
,SC,2937
,SC,2938
,SC,2939
,SC,2940
,SC,2941
,SC,2942
,SC,2943
,SC,2944
,SC,2945
,SC,2946
,SC,2947
,SC,2948
,SC,2949
,SC,2950
,SC,2951
,SC,2952
,SC,2953
,SC,2954
,SC,2955
,SC,2956
,SC,2957
,SC,2958
,SC,2959
,SC,2960
,SC,2961
,SC,2962
,SC,2963
,SC,2964
,SC,2965
,SC,2966
,SC,2967
,SC,2968
,SC,2969
,SC,2970
,SC,2971
,SC,2972
,SC,2973
,SC,2974
,SC,2975
,SC,2976
,SC,2977
,SC,2978
,SC,2979
,SC,2980
,SC,2981
,SC,2982
,SC,2983
,SC,2984
,SC,2985
,SC,2986
,SC,2987
,SC,2988
,SC,2989
,SC,2990
,SC,2991
,SC,2992
,SC,2993
,SC,2994
,SC,2995
,SC,2996
,SC,2997
,SC,2998
,SC,2999
,SC,3000
,SC,3001
,SC,3002
,SC,3003
,SC,3004
,SC,3005
,SC,3006
,SC,3007
,SC,3008
,SC,3009
,SC,3010
,SC,3011
,SC,3012
,SC,3013
,SC,3014
,SC,3015
,SC,3016
,SC,3017
,SC,3018
,SC,3019
,SC,3020
,SC,3021
,SC,3022
,SC,3023
,SC,3024
,SC,3025
,SC,3026
,SC,3027
,SC,3028
,SC,3029
,SC,3030
,SC,3031
,SC,3032
,SC,3033
,SC,3034
,SC,3035
,SC,3036
,SC,3037
,SC,3038
,SC,3039
,SC,3040
,SC,3041
,SC,3042
,SC,3043
,SC,3044
,SC,3045
,SC,3046
,SC,3047
,SC,3048
,SC,3049
,SC,3050
,SC,3051
,SC,3052
,SC,3053
,SC,3054
,SC,3054
,SC,3056
,SC,3057
,SC,3058
,SC,3059
,SC,3060
,SC,3061
,SC,3062
,SC,3063
,SC,3064
,SC,3065
,SC,3066
,SC,3067
,SC,3068
,SC,3069
,SC,3070
,SC,3071
,SC,3072
,SC,3073
,SC,3074
,SC,3075
,SC,3076
,SC,3077
,SC,3078
,SC,3079
,SC,3080
,SC,3081
,SC,3082
,SC,3083
,SC,3084
,SC,3085
,SC,3086
,SC,3087
,SC,3088
,SC,3089
,SC,3090
,SC,3091
,SC,3092
,SC,3093
,SC,3094
,SC,3095
,SC,3096
,SC,3097
,SC,3098
,SC,3099
,SC,3100
,SC,3101
,SC,3102
,SC,3103
,SC,3104
,SC,3105
,SC,3106
,SC,3107
,SC,3108
,SC,3109
,SC,3110
,SC,3111
,SC,3112
,SC,3113
,SC,3114
,SC,3115
,SC,3116
,SC,3117
,SC,3117
,SC,3119
,SC,3120
,SC,3121
,SC,3122
,SC,3123
,SC,3124
,SC,3125
,SC,3126
,SC,3127
,SC,3128
,SC,3129
,SC,3130
,SC,3131
,SC,3132
,SC,3133
,SC,3134
,SC,3135
,SC,3136
,SC,3137
,SC,3138
,SC,3139
,SC,3140
,SC,3141
,SC,3142
,SC,3143
,SC,3144
,SC,3145
,SC,3146
,SC,3147
,SC,3148
,SC,3149
,SC,3150
,SC,3151
,SC,3152
,SC,3153
,SC,3154
,SC,3155
,SC,3156
,SC,3157
,SC,3158
,SC,3159
,SC,3160
,SC,3161
,SC,3162
,SC,3163
,SC,3164
,SC,3165
,SC,3166
,SC,3167
,SC,3168
,SC,3169
,SC,3170
,SC,3171
,SC,3172
,SC,3173
,SC,3174
,SC,3175
,SC,3176
,SC,3177
,SC,3178
,SC,3179
,SC,3180
,SC,3181
,SC,3182
,SC,3183
,SC,3184
,SC,3185
,SC,3186
,SC,3187
,SC,3188
,SC,3189
,SC,3190
,SC,3191
,SC,3192
,SC,3193
,SC,3194
,SC,3195
,SC,3196
,SC,3197
,SC,3198
,SC,3199
,SC,3200
,SC,3201
,SC,3202
,SC,3203
,SC,3204
,SC,3205
,SC,3206
,SC,3207
,SC,3208
,SC,3209
,SC,3210
,SC,3211
,SC,3212
,SC,3213
,SC,3214
,SC,3215
,SC,3216
,SC,3217
,SC,3218
,SC,3219
,SC,3220
,SC,3221
,SC,3222
,SC,3223
,SC,3224
,SC,3225
,SC,3226
,SC,3227
,SC,3228
,SC,3229
,SC,3230
,SC,3231
,SC,3232
,SC,3233
,SC,3234
,SC,3235
,SC,3236
,SC,3237
,SC,3238
,SC,3239
,SC,3240
,SC,3241
,SC,3242
,SC,3243
,SC,3244
,SC,3245
,SC,3246
,SC,3247
,SC,3248
,SC,3249
,SC,3250
,SC,3251
,SC,3252
,SC,3253
,SC,3254
,SC,3255
,SC,3256
,SC,3257
,SC,3258
,SC,3259
,SC,3260
,SC,3260
,SC,3262
,SC,3263
,SC,3264
,SC,3265
,SC,3266
,SC,3267
,SC,3268
,SC,3269
,SC,3270
,SC,3271
,SC,3272
,SC,3273
,SC,3274
,SC,3275
,SC,3276
,SC,3277
,SC,3278
,SC,3279
,SC,3280
,SC,3281
,SC,3282
,SC,3283
,SC,3284
,SC,3285
,SC,3285
,SC,3287
,SC,3288
,SC,3289
,SC,3290
,SC,3291
,SC,3292
,SC,3293
,SC,3294
,SC,3295
,SC,3296
,SC,3297
,SC,3298
,SC,3299
,SC,3300
,SC,3301
,SC,3302
,SC,3303
,SC,3304
,SC,3305
,SC,3306
,SC,3307
,SC,3308
,SC,3309
,SC,3310
,SC,3311
,SC,3312
,SC,3313
,SC,3314
,SC,3315
,SC,3316
,SC,3317
,SC,3318
,SC,3319
,SC,3320
,SC,3321
,SC,3322
,SC,3323
,SC,3324
,SC,3325
,SC,3326
,SC,3327
,SC,3328
,SC,3329
,SC,3330
,SC,3331
,SC,3332
,SC,3333
,SC,3334
,SC,3335
,SC,3336
,SC,3337
,SC,3338
,SC,3339
,SC,3340
,SC,3341
,SC,3342
,SC,3343
,SC,3344
,SC,3345
,SC,3346
,SC,3347
,SC,3348
,SC,3349
,SC,3350
,SC,3351
,SC,3352
,SC,3353
,SC,3354
,SC,3355
,SC,3356
,SC,3357
,SC,3358
,SC,3359
,SC,3360
,SC,3361
,SC,3362
,SC,3363
,SC,3364
,SC,3365
,SC,3366
,SC,3367
,SC,3368
,SC,3369
,SC,3370
,SC,3371
,SC,3372
,SC,3373
,SC,3374
,SC,3375
,SC,3376
,SC,3377
,SC,3378
,SC,3379
,SC,3380
,SC,3381
,SC,3382
,ST,172
,ST,180
,ST,181
,ST,262
,ST,265
,ST,276
,ST,277
,ST,278
,ST,279
,ST,280
,ST,281
,ST,282
,ST,283
,ST,284
,ST,285
,ST,286
,ST,287
,ST,288
,ST,289
,ST,290
,ST,291
,ST,292
,ST,293
,ST,294
,ST,295
,ST,296
,ST,297
,ST,298
,ST,299
,ST,300
,ST,301
,ST,302
,ST,303
,ST,304
,ST,305
,ST,306
,ST,307
,ST,308
,ST,309
,ST,310
,ST,311
,ST,312
,ST,313
,ST,314
,ST,315
,ST,316
,ST,317
,ST,318
,ST,319
,ST,320
,ST,321
,ST,322
,ST,323
,ST,324
,ST,325
,ST,326
,ST,327
,ST,328
,ST,329
,ST,330
,ST,331
,ST,332
,ST,333
,ST,334
,ST,335
,ST,336
,ST,337
,ST,338
,ST,339
,ST,340
,ST,341
,ST,342
,ST,343
,ST,344
,ST,345
,ST,346
,ST,347
,ST,348
,ST,349
,ST,350
,ST,351
,ST,352
,ST,353
,ST,354
,ST,355
,ST,356
,ST,357
,ST,358
,ST,359
,ST,360
,ST,361
,ST,362
,ST,363
,ST,364
,ST,365
,ST,366
,ST,367
,ST,368
,ST,369
,ST,370
,ST,371
,ST,372
,ST,373
,ST,374
,ST,375
,ST,376
,ST,377
,ST,378
,ST,379
,ST,380
,ST,381
,ST,382
,ST,383
,ST,384
,ST,385
,ST,386
,ST,387
,ST,388
,ST,389
,ST,390
,ST,391
,ST,392
,ST,393
,ST,394
,ST,395
,ST,396
,ST,397
,ST,398
,ST,399
,ST,400
,ST,401
,ST,402
,ST,403
,ST,404
,ST,405
,ST,406
,ST,407
,ST,408
,ST,409
,ST,410
,ST,411
,ST,412
,ST,413
,ST,414
,ST,415
,ST,416
,ST,417
,ST,418
,ST,419
,ST,420
,ST,421
,ST,422
,ST,423
,ST,424
,ST,425
,ST,426
,ST,427
,ST,428
,ST,429
,ST,430
,ST,431
,ST,432
,ST,433
,ST,434
,ST,435
,ST,436
,ST,437
,ST,438
,ST,439
,ST,440
,ST,441
,ST,442
,ST,443
,ST,444
,ST,445
,ST,446
,ST,447
,ST,448
,ST,449
,ST,450
,ST,451
,ST,452
,ST,453
,ST,454
,ST,455
,ST,456
,ST,457
,ST,458
,ST,459
,ST,460
,ST,461
,ST,462
,ST,463
,ST,464
,ST,465
,ST,466
,ST,467
,ST,468
,ST,469
,ST,470
,ST,471
,ST,472
,ST,473
,ST,474
,ST,475
,ST,476
,ST,477
,ST,478
,ST,479
,ST,480
,ST,481
,ST,482
,ST,483
,ST,484
,ST,485
,ST,486
,ST,487
,ST,488
,ST,489
,ST,490
,ST,491
,ST,492
,ST,493
,ST,494
,ST,495
,ST,496
,ST,497
,ST,498
,ST,499
,ST,500
,ST,501
,ST,502
,ST,503
,ST,504
,ST,505
,ST,506
,ST,507
,ST,508
,ST,509
,ST,510
,ST,511
,ST,512
,ST,513
,ST,514
,ST,515
,ST,516
,ST,517
,ST,518
,ST,519
,ST,520
,ST,521
,ST,522
,ST,523
,ST,524
,ST,525
,ST,526
,ST,527
,ST,528
,ST,529
,ST,530
,ST,531
,ST,532
,ST,533
,ST,534
,ST,535
,ST,536
,ST,537
,ST,538
,ST,539
,ST,540
,ST,541
,ST,542
,ST,543
,ST,544
,ST,545
,ST,546
,ST,547
,ST,548
,ST,549
,ST,550
,ST,551
,ST,552
,ST,553
,ST,554
,ST,555
,ST,556
,ST,557
,ST,558
,ST,559
,ST,560
,ST,561
,ST,562
,ST,563
,ST,564
,ST,565
,ST,566
,ST,567
,ST,568
,ST,569
,ST,570
,ST,571
,ST,572
,ST,573
,ST,574
,ST,575
,ST,576
,ST,577
,ST,578
,ST,579
,ST,580
,ST,581
,ST,582
,ST,583
,ST,584
,ST,585
,ST,586
,ST,587
,ST,588
,ST,589
,ST,590
,ST,591
,ST,592
,ST,593
,ST,594
,ST,595
,ST,596
,ST,597
,ST,598
,ST,599
,ST,600
,ST,601
,ST,602
,ST,603
,ST,604
,ST,605
,ST,606
,ST,607
,ST,608
,ST,609
,ST,610
,ST,611
,ST,612
,ST,613
,ST,614
,ST,615
,ST,616
,ST,617
,ST,618
,ST,619
,ST,620
,ST,621
,ST,622
,ST,623
,ST,624
,ST,625
,ST,626
,ST,627
,ST,628
,ST,629
,ST,630
,ST,631
,ST,632
,ST,633
,ST,634
,ST,635
,ST,636
,ST,637
,ST,638
,ST,639
,ST,640
,ST,641
,ST,642
,ST,643
,ST,644
,ST,645
,ST,646
,ST,647
,ST,648
,ST,649
,ST,650
,ST,651
,ST,652
,ST,653
,ST,654
,ST,655
,ST,656
,ST,657
,ST,658
,ST,659
,ST,660
,ST,661
,ST,662
,ST,663
,ST,664
,ST,665
,ST,666
,ST,667
,ST,668
,ST,669
,ST,670
,ST,671
,ST,672
,ST,673
,ST,674
,ST,675
,ST,676
,ST,677
,ST,678
,ST,679
,ST,680
,ST,681
,ST,682
,ST,683
,ST,684
,ST,685
,ST,686
,ST,687
,ST,688
,ST,689
,ST,690
,ST,691
,ST,692
,ST,693
,ST,694
,ST,695
,ST,696
,ST,697
,ST,698
,ST,699
,ST,700
,ST,701
,ST,702
,ST,703
,ST,704
,ST,705
,ST,706
,ST,707
,ST,708
,ST,709
,ST,710
,ST,711
,ST,712
,ST,713
,ST,714
,ST,715
,ST,716
,ST,717
,ST,718
,ST,719
,ST,720
,ST,721
,ST,722
,ST,723
,ST,724
,ST,725
,ST,726
,ST,727
,ST,728
,ST,729
,ST,730
,ST,731
,ST,732
,ST,733
,ST,734
,ST,735
,ST,736
,ST,737
,ST,738
,ST,739
,ST,740
,ST,741
,ST,742
,ST,743
,ST,744
,ST,745
,ST,746
,ST,747
,ST,748
,ST,749
,ST,750
,ST,751
,ST,752
,ST,753
,ST,754
,ST,755
,ST,756
,ST,757
,ST,758
,ST,759
,ST,760
,ST,761
,ST,762
,ST,763
,ST,764
,ST,765
,ST,766
,ST,767
,ST,768
,ST,769
,ST,770
,ST,771
,ST,772
,ST,773
,ST,774
,ST,775
,ST,776
,ST,777
,ST,778
,ST,779
,ST,780
,ST,781
,ST,782
,ST,783
,ST,784
,ST,785
,ST,786
,ST,787
,ST,788
,ST,789
,ST,790
,ST,791
,ST,792
,ST,793
,ST,794
,ST,795
,ST,796
,ST,797
,ST,798
,ST,799
,ST,800
,ST,801
,ST,802
,ST,803
,ST,804
,ST,805
,ST,806
,ST,807
,ST,808
,ST,809
,ST,810
,ST,811
,ST,812
,ST,813
,ST,814
,ST,815
,ST,816
,ST,817
,ST,818
,ST,819
,ST,820
,ST,821
,ST,822
,ST,823
,ST,824
,ST,825
,ST,826
,ST,827
,ST,828
,ST,829
,ST,830
,ST,831
,ST,832
,ST,833
,ST,834
,ST,835
,ST,836
,ST,837
,ST,838
,ST,839
,ST,840
,ST,841
,ST,842
,ST,843
,ST,844
,ST,845
,ST,846
,ST,847
,ST,848
,ST,849
,ST,850
,ST,851
,ST,852
,ST,853
,ST,854
,ST,855
,ST,856
,ST,857
,ST,858
,ST,859
,ST,860
,ST,861
,ST,862
,ST,863
,ST,864
,ST,865
,ST,866
,ST,867
,ST,868
,ST,869
,ST,870
,ST,871
,ST,872
,ST,873
,ST,874
,ST,875
,ST,876
,ST,877
,ST,878
,ST,879
,ST,880
,ST,881
,ST,882
,ST,883
,ST,884
,ST,885
,ST,886
,ST,887
,ST,888
,ST,889
,ST,890
,ST,891
,ST,892
,ST,893
,ST,894
,ST,895
,ST,896
,ST,897
,ST,898
,ST,899
,ST,900
,ST,901
,ST,902
,ST,903
,ST,904
,ST,905
,ST,906
,ST,907
,ST,908
,ST,909
,ST,910
,ST,911
,ST,912
,ST,913
,ST,914
,ST,915
,ST,916
,ST,917
,ST,918
,ST,919
,ST,920
,ST,921
,ST,922
,ST,923
,ST,924
,ST,925
,ST,926
,ST,927
,ST,928
,ST,929
,ST,930
,ST,931
,ST,932
,ST,933
,ST,934
,ST,935
,ST,936
,ST,937
,ST,938
,ST,939
,ST,940
,ST,941
,ST,942
,ST,943
,ST,944
,ST,945
,ST,946
,ST,947
,ST,948
,ST,949
,ST,950
,ST,951
,ST,952
,ST,953
,ST,954
,ST,955
,ST,956
,ST,957
,ST,958
,ST,959
,ST,960
,ST,961
,ST,962
,ST,963
,ST,964
,ST,965
,ST,966
,ST,967
,ST,968
,ST,969
,ST,970
,ST,971
,ST,972
,ST,973
,ST,974
,ST,975
,ST,976
,ST,977
,ST,978
,ST,979
,ST,980
,ST,981
,ST,982
,ST,983
,ST,984
,ST,985
,ST,986
,ST,987
,ST,988
,ST,989
,ST,990
,ST,991
,ST,992
,ST,993
,ST,994
,ST,995
,ST,996
,ST,997
,ST,998
,ST,999
,ST,1000
,ST,1001
,ST,1002
,ST,1003
,ST,1004
,ST,1005
,ST,1006
,ST,1007
,ST,1008
,ST,1009
,ST,1010
,ST,1011
,ST,1012
,ST,1013
,ST,1014
,ST,1015
,ST,1016
,ST,1017
,ST,1018
,ST,1019
,ST,1020
,ST,1021
,ST,1022
,ST,1023
,ST,1024
,ST,1025
,ST,1026
,ST,1027
,ST,1028
,ST,1029
,ST,1030
,ST,1031
,ST,1032
