crl_rank,category,category_rank
1,GEN,
2,GEN,
3,GEN,
4,GEN,
5,GEN,
6,GEN,
7,GEN,
8,GEN,
9,GEN,
10,GEN,
11,OBC-NCL,1
12,GEN-EWS,1
13,GEN,
14,GEN,
15,GEN,
16,GEN,
17,GEN,
18,GEN,
19,GEN,
20,GEN,
21,GEN,
22,GEN,
23,GEN,
24,GEN,
25,GEN,
26,GEN,
27,GEN,
28,GEN,
29,GEN,
30,GEN,
31,GEN,
32,GEN,
33,GEN-EWS,2
34,GEN,
35,GEN,
36,GEN,
37,GEN,
38,GEN,
39,GEN,
40,GEN,
41,GEN,
42,GEN,
43,GEN,
44,GEN,
45,GEN-EWS,3
46,GEN,
47,GEN,
48,GEN,
49,GEN-EWS,4
50,GEN-EWS,5
51,OBC-NCL,2
52,GEN,
53,GEN,
54,GEN,
55,OBC-NCL,3
56,GEN,
57,GEN,
58,GEN,
59,OBC-NCL,4
60,GEN-EWS,6
61,GEN,
62,GEN,
63,GEN,
64,GEN,
65,GEN,
66,GEN,
67,GEN,
68,GEN,
69,GEN,
70,GEN-EWS,7
71,GEN-EWS,8
72,GEN,
73,GEN,
74,OBC-NCL,5
75,GEN,
76,GEN,
77,GEN,
78,GEN,
79,OBC-NCL,6
80,GEN,
81,GEN,
82,GEN,
83,GEN,
84,GEN,
85,SC,1
86,OBC-NCL,7
87,GEN,
88,GEN,
89,GEN,
90,GEN,
91,GEN,
92,GEN,
93,GEN,
94,OBC-NCL,8
95,GEN,
96,GEN,
97,GEN-EWS,9
98,GEN,
99,GEN,
100,GEN,
101,GEN,
102,GEN,
103,GEN,
104,OBC-NCL,9
105,ST,1
106,OBC-NCL,10
107,GEN,
108,GEN,
109,GEN,
110,GEN,
111,GEN,
112,GEN,
113,GEN,
114,GEN,
115,GEN,
116,GEN,
117,GEN,
118,GEN,
119,GEN,
120,GEN,
121,GEN,
122,GEN,
123,GEN,
124,GEN,
125,GEN,
126,GEN,
127,GEN,
128,GEN,
129,GEN-EWS,10
130,GEN,
131,GEN,
132,GEN,
133,GEN,
134,OBC-NCL,11
135,GEN,
136,OBC-NCL,12
137,GEN,
138,GEN,
139,OBC-NCL,13
140,GEN,
141,GEN,
142,GEN,
143,GEN,
144,GEN-EWS,11
145,GEN,
146,GEN,
147,GEN-EWS,12
148,GEN,
149,GEN,
150,GEN,
151,GEN,
152,GEN,
153,GEN,
154,GEN,
155,GEN,
156,GEN,
157,OBC-NCL,14
158,GEN,
159,GEN,
160,GEN,
161,GEN,
162,GEN,
163,GEN,
164,OBC-NCL,15
165,OBC-NCL,16
166,GEN,
167,GEN-EWS,13
168,GEN,
169,GEN,
170,GEN-EWS,14
171,OBC-NCL,17
172,OBC-NCL,18
173,OBC-NCL,19
174,GEN-EWS,15
175,GEN,
176,GEN,
177,GEN,
178,GEN,
179,GEN,
180,GEN,
181,OBC-NCL,20
182,GEN,
183,GEN,
184,GEN,
185,OBC-NCL,21
186,GEN,
187,GEN,
188,GEN,
189,GEN,
190,GEN-EWS,16
191,GEN,
192,OBC-NCL,22
193,GEN,
194,GEN,
195,GEN,
196,OBC-NCL,23
197,GEN,
198,GEN,
199,GEN,
200,GEN,
201,GEN,
202,SC,2
203,GEN,
204,GEN,
205,GEN,
206,GEN,
207,GEN,
208,GEN,
209,GEN,
210,GEN,
211,OBC-NCL,24
212,GEN,
213,OBC-NCL,25
214,GEN,
215,OBC-NCL,26
216,GEN,
217,GEN,
218,GEN,
219,GEN,
220,GEN,
221,GEN,
222,GEN,
223,GEN-EWS,17
224,GEN,
225,GEN,
226,GEN,
227,GEN-EWS,18
228,GEN,
229,GEN,
230,GEN,
231,GEN,
232,GEN,
233,GEN,
234,GEN,
235,GEN,
236,OBC-NCL,27
237,GEN,
238,GEN-EWS,19
239,GEN,
240,GEN,
241,GEN,
242,GEN,
243,GEN,
244,OBC-NCL,28
245,GEN,
246,GEN,
247,OBC-NCL,29
248,GEN,
249,SC,3
250,GEN,
251,GEN-EWS,20
252,GEN,
253,GEN-EWS,21
254,GEN-EWS,22
255,GEN,
256,GEN,
257,GEN,
258,GEN,
259,GEN,
260,OBC-NCL,30
261,GEN,
262,GEN,
263,GEN,
264,GEN,
265,OBC-NCL,31
266,GEN,
267,GEN,
268,GEN,
269,GEN-EWS,23
270,GEN,
271,OBC-NCL,32
272,GEN,
273,OBC-NCL,33
274,GEN,
275,GEN,
276,GEN,
277,GEN,
278,GEN,
279,GEN,
280,GEN,
281,GEN,
282,GEN,
283,GEN,
284,OBC-NCL,34
285,GEN,
286,OBC-NCL,35
287,OBC-NCL,36
288,GEN,
289,GEN,
290,GEN,
291,OBC-NCL,37
292,GEN,
293,OBC-NCL,38
294,GEN,
295,GEN,
296,GEN,
297,GEN,
298,OBC-NCL,39
299,GEN,
300,GEN,
301,OBC-NCL,40
302,GEN,
303,GEN,
304,GEN,
305,GEN,
306,GEN,
307,GEN,
308,OBC-NCL,41
309,GEN,
310,GEN,
311,GEN,
312,GEN,
313,GEN-EWS,24
314,GEN,
315,GEN,
316,GEN,
317,GEN,
318,GEN,
319,GEN-EWS,25
320,GEN,
321,GEN,
322,GEN,
323,GEN,
324,OBC-NCL,42
325,GEN,
326,OBC-NCL,43
327,GEN,
328,GEN,
329,GEN,
330,GEN,
331,GEN,
332,GEN,
333,OBC-NCL,44
334,GEN,
335,GEN,
336,GEN-EWS,26
337,GEN-EWS,27
338,GEN,
339,GEN,
340,GEN,
341,GEN,
342,GEN,
343,OBC-NCL,45
344,GEN,
345,GEN,
346,GEN,
347,GEN,
348,GEN,
349,GEN,
350,OBC-NCL,46
351,GEN,
352,GEN,
353,GEN,
354,SC,4
355,OBC-NCL,47
356,OBC-NCL,48
357,GEN,
358,GEN,
359,GEN,
360,GEN,
361,GEN,
362,GEN,
363,OBC-NCL,49
364,SC,5
365,GEN,
366,GEN-EWS,28
367,OBC-NCL,50
368,GEN,
369,GEN,
370,GEN,
371,GEN,
372,GEN,
373,ST,2
374,OBC-NCL,51
375,GEN,
376,GEN,
377,GEN,
378,OBC-NCL,52
379,GEN,
380,GEN,
381,GEN,
382,GEN,
383,GEN,
384,GEN-EWS,29
385,OBC-NCL,53
386,GEN,
387,GEN,
388,GEN,
389,GEN,
390,OBC-NCL,54
391,GEN-EWS,30
392,GEN,
393,OBC-NCL,55
394,OBC-NCL,56
395,GEN-EWS,31
396,GEN,
397,OBC-NCL,57
398,OBC-NCL,58
399,OBC-NCL,59
400,GEN,
401,OBC-NCL,60
402,GEN-EWS,32
403,OBC-NCL,61
404,GEN,
405,GEN-EWS,33
406,GEN,
407,GEN,
408,GEN,
409,GEN,
410,OBC-NCL,62
411,GEN,
412,GEN,
413,GEN,
414,GEN,
415,GEN,
416,GEN,
417,GEN,
418,GEN-EWS,34
419,GEN,
420,GEN,
421,GEN,
422,OBC-NCL,63
423,OBC-NCL,64
424,GEN-EWS,35
425,GEN,
426,GEN,
427,GEN-EWS,36
428,OBC-NCL,65
429,GEN-EWS,37
430,GEN,
431,GEN,
432,GEN,
433,GEN-EWS,38
434,GEN,
435,OBC-NCL,66
436,GEN,
437,GEN,
438,GEN,
439,GEN,
440,GEN,
441,OBC-NCL,67
442,GEN,
443,GEN-EWS,39
444,GEN,
445,GEN,
446,ST,3
447,GEN,
448,GEN,
449,GEN,
450,GEN,
451,GEN,
452,GEN,
453,GEN,
454,GEN,
455,GEN-EWS,40
456,GEN,
457,OBC-NCL,68
458,GEN,
459,GEN,
460,GEN,
461,GEN,
462,GEN,
463,GEN-EWS,41
464,GEN,
465,GEN,
466,GEN,
467,GEN,
468,GEN,
469,GEN,
470,GEN,
471,OBC-NCL,69
472,SC,6
473,GEN,
474,GEN,
475,GEN,
476,GEN,
477,GEN,
478,GEN,
479,GEN,
480,OBC-NCL,70
481,GEN,
482,GEN,
483,GEN,
484,GEN,
485,GEN,
486,GEN,
487,GEN,
488,GEN-EWS,42
489,GEN,
490,GEN,
491,OBC-NCL,71
492,GEN,
493,GEN,
494,ST,4
495,GEN,
496,GEN,
497,GEN,
498,GEN,
499,GEN,
500,GEN,
501,GEN,
502,GEN,
503,GEN,
504,OBC-NCL,72
505,GEN,
506,GEN-EWS,43
507,GEN,
508,GEN-EWS,44
509,GEN,
510,GEN,
511,GEN,
512,GEN,
513,GEN,
514,GEN,
515,OBC-NCL,73
516,OBC-NCL,74
517,GEN,
518,GEN-EWS,45
519,GEN,
520,GEN,
521,OBC-NCL,75
522,GEN,
523,GEN,
524,GEN,
525,GEN,
526,GEN,
527,GEN,
528,OBC-NCL,76
529,GEN,
530,GEN,
531,GEN,
532,GEN,
533,GEN-EWS,46
534,GEN,
535,OBC-NCL,77
536,GEN,
537,GEN,
538,GEN,
539,GEN-EWS,47
540,GEN,
541,GEN,
542,GEN,
543,GEN,
544,GEN,
545,GEN,
546,GEN,
547,GEN,
548,GEN,
549,GEN,
550,OBC-NCL,78
551,GEN,
552,GEN,
553,GEN,
554,GEN,
555,GEN,
556,GEN,
557,GEN,
558,GEN,
559,GEN,
560,GEN,
561,GEN,
562,OBC-NCL,79
563,GEN,
564,GEN,
565,GEN,
566,GEN,
567,GEN-EWS,48
568,GEN-EWS,49
569,GEN,
570,GEN,
571,GEN,
572,GEN,
573,GEN,
574,GEN,
575,GEN,
576,GEN,
577,GEN,
578,GEN,
579,GEN-EWS,50
580,GEN,
581,GEN,
582,GEN-EWS,51
583,GEN,
584,GEN,
585,GEN,
586,GEN-EWS,52
587,GEN,
588,GEN-EWS,53
589,GEN,
590,GEN,
591,GEN,
592,GEN,
593,GEN,
594,GEN,
595,OBC-NCL,80
596,OBC-NCL,81
597,GEN,
598,GEN,
599,GEN,
600,OBC-NCL,82
601,GEN,
602,GEN,
603,GEN,
604,GEN,
605,GEN,
606,GEN,
607,GEN,
608,GEN,
609,GEN,
610,GEN,
611,OBC-NCL,83
612,GEN,
613,GEN,
614,OBC-NCL,84
615,GEN,
616,GEN-EWS,54
617,GEN,
618,GEN-EWS,55
619,GEN,
620,GEN-EWS,56
621,GEN,
622,GEN,
623,GEN,
624,OBC-NCL,85
625,GEN,
626,OBC-NCL,86
627,GEN-EWS,57
628,GEN,
629,GEN,
630,OBC-NCL,87
631,GEN,
632,GEN,
633,SC,7
634,GEN,
635,GEN,
636,GEN,
637,OBC-NCL,88
638,GEN,
639,GEN,
640,GEN,
641,OBC-NCL,89
642,GEN,
643,GEN,
644,GEN-EWS,58
645,GEN,
646,GEN,
647,GEN,
648,OBC-NCL,90
649,GEN,
650,GEN,
651,GEN-EWS,59
652,GEN,
653,GEN,
654,GEN,
655,GEN,
656,GEN,
657,GEN,
658,GEN-EWS,60
659,GEN-EWS,61
660,GEN,
661,GEN,
662,GEN,
663,GEN,
664,GEN,
665,GEN,
666,GEN,
667,GEN,
668,GEN,
669,GEN,
670,OBC-NCL,91
671,GEN,
672,GEN,
673,GEN-EWS,62
674,GEN,
675,OBC-NCL,92
676,GEN,
677,GEN,
678,GEN,
679,GEN,
680,GEN,
681,GEN,
682,GEN,
683,GEN,
684,GEN,
685,GEN,
686,GEN,
687,OBC-NCL,93
688,GEN-EWS,63
689,GEN-EWS,64
690,OBC-NCL,94
691,GEN-EWS,65
692,GEN,
693,GEN-EWS,66
694,GEN,
695,GEN,
696,GEN,
697,GEN,
698,GEN,
699,GEN,
700,GEN-EWS,67
701,GEN,
702,OBC-NCL,95
703,OBC-NCL,96
704,GEN,
705,GEN,
706,GEN,
707,GEN-EWS,68
708,GEN,
709,GEN,
710,GEN,
711,GEN,
712,OBC-NCL,97
713,OBC-NCL,98
714,OBC-NCL,99
715,SC,8
716,OBC-NCL,100
717,GEN,
718,OBC-NCL,101
719,OBC-NCL,102
720,GEN,
721,GEN,
722,GEN,
723,GEN,
724,GEN,
725,GEN,
726,GEN,
727,OBC-NCL,103
728,SC,9
729,OBC-NCL,104
730,OBC-NCL,105
731,GEN,
732,GEN,
733,GEN,
734,GEN,
735,OBC-NCL,106
736,GEN-EWS,69
737,GEN-EWS,70
738,OBC-NCL,107
739,GEN,
740,GEN,
741,GEN,
742,GEN,
743,GEN,
744,GEN,
745,GEN,
746,GEN,
747,GEN-EWS,71
748,OBC-NCL,108
749,GEN,
750,GEN,
751,GEN,
752,OBC-NCL,109
753,GEN,
754,OBC-NCL,110
755,GEN,
756,GEN,
757,GEN,
758,GEN-EWS,72
759,GEN,
760,OBC-NCL,111
761,GEN,
762,GEN,
763,SC,10
764,GEN,
765,OBC-NCL,112
766,GEN,
767,GEN,
768,GEN,
769,GEN,
770,OBC-NCL,113
771,SC,11
772,GEN,
773,GEN,
774,GEN,
775,GEN,
776,GEN-EWS,73
777,GEN,
778,GEN,
779,OBC-NCL,114
780,OBC-NCL,115
781,GEN,
782,GEN,
783,GEN,
784,GEN,
785,GEN,
786,GEN,
787,GEN,
788,GEN,
789,GEN,
790,GEN-EWS,74
791,GEN,
792,OBC-NCL,116
793,OBC-NCL,117
794,GEN,
795,GEN,
796,GEN,
797,GEN,
798,GEN,
799,GEN,
800,GEN,
801,GEN,
802,GEN,
803,OBC-NCL,118
804,GEN,
805,GEN,
806,SC,12
807,GEN,
808,GEN,
809,GEN,
810,GEN,
811,GEN,
812,GEN,
813,GEN,
814,OBC-NCL,119
815,GEN-EWS,75
816,GEN-EWS,76
817,GEN,
818,GEN-EWS,77
819,GEN,
820,GEN,
821,GEN,
822,GEN,
823,GEN,
824,GEN,
825,GEN,
826,GEN,
827,OBC-NCL,120
828,GEN,
829,GEN,
830,GEN,
831,GEN,
832,GEN,
833,OBC-NCL,121
834,GEN-EWS,78
835,GEN,
836,GEN,
837,SC,13
838,GEN,
839,GEN,
840,GEN-EWS,79
841,OBC-NCL,122
842,OBC-NCL,123
843,GEN,
844,GEN,
845,GEN-EWS,80
846,GEN-EWS,81
847,GEN,
848,GEN,
849,GEN,
850,GEN,
851,GEN,
852,GEN,
853,GEN,
854,GEN,
855,GEN,
856,GEN,
857,GEN,
858,GEN,
859,GEN,
860,GEN,
861,GEN,
862,GEN,
863,GEN-EWS,82
864,GEN,
865,GEN,
866,GEN,
867,GEN,
868,GEN,
869,GEN,
870,OBC-NCL,124
871,OBC-NCL,125
872,GEN,
873,OBC-NCL,126
874,GEN-EWS,83
875,GEN,
876,GEN,
877,GEN-EWS,84
878,GEN,
879,OBC-NCL,127
880,GEN,
881,GEN,
882,GEN,
883,GEN,
884,GEN,
885,OBC-NCL,128
886,GEN,
887,GEN-EWS,85
888,OBC-NCL,129
889,OBC-NCL,130
890,GEN-EWS,86
891,GEN,
892,GEN,
893,GEN,
894,OBC-NCL,131
895,GEN,
896,GEN,
897,GEN,
898,GEN,
899,GEN,
900,OBC-NCL,132
901,GEN,
902,GEN,
903,GEN,
904,GEN,
905,GEN,
906,OBC-NCL,133
907,GEN,
908,GEN,
909,GEN,
910,GEN,
911,GEN,
912,GEN,
913,OBC-NCL,134
914,OBC-NCL,135
915,GEN,
916,GEN,
917,GEN,
918,OBC-NCL,136
919,GEN,
920,SC,14
921,GEN,
922,GEN-EWS,87
923,GEN,
924,GEN,
925,GEN,
926,GEN,
927,OBC-NCL,137
928,SC,15
929,GEN,
930,GEN,
931,GEN,
932,GEN,
933,OBC-NCL,138
934,GEN,
935,GEN-EWS,88
936,GEN,
937,GEN,
938,OBC-NCL,139
939,GEN,
940,GEN,
941,GEN,
942,GEN,
943,GEN,
944,OBC-NCL,140
945,OBC-NCL,141
946,GEN,
947,GEN,
948,OBC-NCL,142
949,GEN,
950,GEN,
951,GEN,
952,GEN,
953,GEN,
954,GEN,
955,GEN,
956,OBC-NCL,143
957,GEN,
958,GEN,
959,OBC-NCL,144
960,OBC-NCL,145
961,GEN,
962,OBC-NCL,146
963,OBC-NCL,147
964,OBC-NCL,148
965,GEN,
966,GEN,
967,GEN,
968,GEN,
969,OBC-NCL,149
970,GEN,
971,GEN,
972,ST,5
973,GEN,
974,OBC-NCL,150
975,GEN-EWS,89
976,GEN,
977,GEN,
978,GEN,
979,GEN,
980,GEN-EWS,90
981,GEN,
982,GEN,
983,GEN-EWS,91
984,GEN,
985,GEN,
986,OBC-NCL,151
987,GEN,
988,GEN,
989,GEN,
990,GEN,
991,GEN,
992,GEN,
993,GEN,
994,GEN,
995,GEN,
996,OBC-NCL,152
997,SC,16
998,GEN,
999,GEN,
1000,GEN,
1001,GEN,
1002,GEN,
1003,GEN,
1004,OBC-NCL,153
1005,GEN,
1006,GEN,
1007,GEN-EWS,92
1008,GEN,
1009,OBC-NCL,154
1010,GEN,
1011,GEN,
1012,GEN-EWS,93
1013,GEN,
1014,GEN,
1015,GEN,
1016,GEN,
1017,OBC-NCL,155
1018,GEN,
1019,GEN,
1020,GEN,
1021,GEN,
1022,GEN,
1023,GEN,
1024,GEN,
1025,GEN,
1026,GEN,
1027,GEN,
1028,OBC-NCL,156
1029,GEN,
1030,GEN,
1031,GEN,
1032,GEN,
1033,GEN,
1034,GEN,
1035,GEN,
1036,OBC-NCL,157
1037,SC,17
1038,GEN,
1039,GEN,
1040,GEN,
1041,GEN,
1042,GEN,
1043,GEN,
1044,GEN,
1045,GEN,
1046,GEN,
1047,GEN,
1048,GEN,
1049,OBC-NCL,158
1050,GEN,
1051,OBC-NCL,159
1052,OBC-NCL,160
1053,GEN,
1054,GEN,
1055,GEN,
1056,OBC-NCL,161
1057,GEN,
1058,GEN-EWS,94
1059,GEN,
1060,GEN,
1061,GEN,
1062,GEN,
1063,GEN,
1064,GEN,
1065,GEN,
1066,GEN,
1067,GEN,
1068,GEN,
1069,GEN,
1070,GEN,
1071,GEN,
1072,GEN-EWS,95
1073,OBC-NCL,162
1074,OBC-NCL,163
1075,OBC-NCL,164
1076,GEN,
1077,GEN,
1078,OBC-NCL,165
1079,GEN,
1080,GEN,
1081,GEN,
1082,GEN,
1083,OBC-NCL,166
1084,GEN,
1085,GEN,
1086,OBC-NCL,167
1087,GEN,
1088,GEN,
1089,GEN-EWS,96
1090,GEN,
1091,GEN,
1092,OBC-NCL,168
1093,OBC-NCL,169
1094,GEN-EWS,97
1095,GEN,
1096,GEN,
1097,OBC-NCL,170
1098,GEN,
1099,GEN,
1100,SC,18
1101,GEN,
1102,GEN,
1103,GEN,
1104,GEN,
1105,GEN,
1106,OBC-NCL,171
1107,GEN,
1108,GEN,
1109,GEN,
1110,OBC-NCL,172
1111,GEN,
1112,GEN-EWS,98
1113,GEN,
1114,SC,19
1115,GEN,
1116,GEN,
1117,GEN,
1118,GEN,
1119,GEN,
1120,GEN,
1121,GEN,
1122,OBC-NCL,173
1123,GEN,
1124,GEN,
1125,GEN,
1126,GEN,
1127,GEN,
1128,GEN,
1129,OBC-NCL,174
1130,GEN,
1131,OBC-NCL,175
1132,GEN,
1133,OBC-NCL,176
1134,GEN,
1135,GEN,
1136,GEN,
1137,GEN,
1138,GEN,
1139,GEN,
1140,OBC-NCL,177
1141,OBC-NCL,178
1142,GEN,
1143,OBC-NCL,179
1144,SC,20
1145,GEN,
1146,GEN,
1147,GEN,
1148,GEN,
1149,GEN,
1150,OBC-NCL,180
1151,GEN,
1152,GEN-EWS,99
1153,GEN,
1154,GEN,
1155,OBC-NCL,181
1156,OBC-NCL,182
1157,GEN,
1158,GEN,
1159,GEN,
1160,GEN,
1161,OBC-NCL,183
1162,GEN,
1163,GEN,
1164,GEN,
1165,GEN,
1166,GEN,
1167,GEN,
1168,GEN,
1169,GEN,
1170,OBC-NCL,184
1171,OBC-NCL,185
1172,GEN,
1173,GEN,
1174,GEN,
1175,ST,6
1176,GEN-EWS,100
1177,GEN,
1178,GEN,
1179,GEN,
1180,GEN,
1181,OBC-NCL,186
1182,GEN,
1183,GEN,
1184,GEN,
1185,GEN,
1186,GEN,
1187,GEN-EWS,101
1188,GEN,
1189,OBC-NCL,187
1190,GEN,
1191,GEN,
1192,GEN,
1193,GEN,
1194,GEN,
1195,GEN,
1196,GEN-EWS,102
1197,GEN,
1198,GEN,
1199,GEN,
1200,OBC-NCL,188
1201,GEN-EWS,103
1202,GEN,
1203,GEN-EWS,104
1204,GEN,
1205,GEN-EWS,105
1206,OBC-NCL,189
1207,GEN,
1208,GEN,
1209,GEN,
1210,GEN,
1211,GEN,
1212,GEN,
1213,GEN,
1214,GEN,
1215,GEN,
1216,GEN,
1217,GEN,
1218,GEN,
1219,GEN,
1220,GEN,
1221,GEN,
1222,GEN,
1223,GEN,
1224,GEN,
1225,GEN,
1226,GEN,
1227,GEN,
1228,GEN-EWS,106
1229,OBC-NCL,190
1230,GEN-EWS,107
1231,GEN,
1232,GEN,
1233,GEN,
1234,GEN,
1235,OBC-NCL,191
1236,GEN,
1237,GEN,
1238,GEN,
1239,GEN,
1240,GEN,
1241,GEN,
1242,GEN,
1243,OBC-NCL,192
1244,GEN,
1245,GEN,
1246,GEN-EWS,108
1247,OBC-NCL,193
1248,GEN,
1249,GEN,
1250,GEN,
1250,GEN-EWS,109
1252,GEN-EWS,110
1253,GEN,
1254,OBC-NCL,194
1255,GEN,
1256,GEN,
1257,GEN,
1258,OBC-NCL,195
1259,GEN,
1260,GEN,
1261,OBC-NCL,196
1262,OBC-NCL,197
1263,GEN,
1264,OBC-NCL,198
1265,GEN,
1266,GEN,
1267,GEN,
1268,GEN-EWS,111
1269,OBC-NCL,199
1270,GEN,
1271,GEN,
1272,GEN,
1273,GEN,
1274,GEN,
1275,GEN,
1276,GEN,
1277,OBC-NCL,200
1278,GEN-EWS,112
1279,GEN-EWS,113
1280,GEN,
1281,OBC-NCL,201
1282,GEN,
1283,OBC-NCL,202
1284,GEN,
1285,OBC-NCL,203
1286,OBC-NCL,204
1287,GEN-EWS,114
1288,GEN,
1289,GEN,
1290,GEN,
1291,GEN-EWS,115
1292,GEN,
1293,GEN-EWS,116
1294,GEN,
1295,GEN,
1296,OBC-NCL,205
1297,GEN,
1298,GEN-EWS,117
1299,GEN,
1300,GEN,
1301,GEN,
1302,GEN,
1303,GEN,
1304,GEN,
1305,OBC-NCL,206
1306,GEN,
1307,GEN,
1308,SC,21
1309,GEN-EWS,118
1310,GEN,
1311,GEN,
1312,GEN,
1313,GEN,
1314,GEN-EWS,119
1315,OBC-NCL,207
1316,GEN,
1317,GEN,
1318,GEN,
1319,GEN,
1320,OBC-NCL,208
1321,GEN,
1322,GEN,
1323,GEN,
1324,GEN,
1325,GEN,
1326,GEN,
1327,GEN,
1328,GEN,
1329,GEN,
1330,GEN,
1331,GEN,
1332,OBC-NCL,209
1333,GEN-EWS,120
1334,GEN,
1335,GEN,
1336,GEN,
1337,OBC-NCL,210
1338,GEN,
1339,GEN,
1340,GEN,
1341,GEN,
1342,GEN,
1343,OBC-NCL,211
1344,GEN,
1345,GEN,
1346,GEN-EWS,121
1347,GEN,
1347,OBC-NCL,212
1349,GEN,
1350,OBC-NCL,213
1351,GEN,
1352,OBC-NCL,214
1353,GEN,
1354,GEN,
1355,GEN,
1356,GEN,
1357,GEN,
1358,OBC-NCL,215
1359,OBC-NCL,216
1360,OBC-NCL,217
1361,OBC-NCL,218
1362,GEN,
1363,GEN,
1364,OBC-NCL,219
1365,OBC-NCL,220
1366,GEN-EWS,122
1367,OBC-NCL,221
1368,GEN,
1369,GEN,
1370,OBC-NCL,222
1371,GEN-EWS,123
1372,GEN,
1373,GEN,
1374,GEN,
1375,OBC-NCL,223
1376,OBC-NCL,224
1377,GEN-EWS,124
1378,GEN,
1379,GEN,
1380,OBC-NCL,225
1381,GEN-EWS,125
1382,SC,22
1383,GEN,
1384,GEN,
1385,GEN,
1386,GEN,
1387,GEN,
1388,GEN,
1389,GEN,
1390,GEN,
1391,GEN,
1392,GEN-EWS,126
1393,GEN,
1394,GEN,
1395,SC,23
1396,GEN,
1397,OBC-NCL,226
1398,SC,24
1399,GEN,
1400,GEN,
1401,GEN,
1402,GEN,
1403,GEN,
1404,GEN,
1405,GEN,
1406,GEN,
1407,GEN,
1408,SC,25
1409,GEN,
1410,GEN,
1411,GEN,
1412,GEN,
1413,GEN,
1414,SC,26
1415,GEN,
1416,GEN,
1417,GEN,
1418,GEN,
1419,OBC-NCL,227
1420,GEN-EWS,127
1421,GEN,
1422,GEN,
1423,OBC-NCL,228
1424,GEN,
1425,GEN-EWS,128
1426,GEN,
1427,GEN,
1428,GEN,
1429,OBC-NCL,229
1430,OBC-NCL,230
1431,GEN,
1432,GEN,
1433,GEN,
1434,GEN,
1434,GEN,
1436,OBC-NCL,231
1437,GEN-EWS,129
1438,GEN,
1439,GEN,
1440,GEN,
1441,OBC-NCL,232
1442,GEN,
1443,GEN,
1444,GEN,
1445,GEN,
1446,GEN,
1447,GEN,
1448,GEN,
1449,GEN,
1450,GEN,
1451,OBC-NCL,233
1452,GEN,
1453,OBC-NCL,234
1454,OBC-NCL,235
1455,GEN,
1456,GEN,
1457,GEN,
1458,GEN,
1459,GEN,
1460,GEN,
1461,GEN,
1462,GEN,
1463,SC,27
1464,OBC-NCL,236
1465,GEN,
1466,GEN,
1467,GEN,
1468,SC,28
1469,GEN,
1470,OBC-NCL,237
1471,GEN,
1472,GEN,
1473,GEN,
1474,GEN-EWS,130
1475,GEN-EWS,131
1476,GEN,
1477,GEN,
1478,OBC-NCL,238
1479,GEN,
1480,GEN,
1481,GEN-EWS,132
1482,GEN,
1483,GEN,
1484,GEN,
1485,GEN,
1486,GEN,
1487,GEN,
1488,OBC-NCL,239
1489,GEN,
1490,GEN,
1491,GEN,
1492,GEN-EWS,133
1493,GEN,
1494,GEN,
1495,GEN,
1496,OBC-NCL,240
1497,GEN,
1498,OBC-NCL,241
1499,GEN,
1500,GEN,
1501,GEN,
1502,OBC-NCL,242
1503,GEN,
1504,OBC-NCL,243
1505,SC,29
1506,GEN,
1507,GEN,
1508,GEN,
1509,GEN-EWS,134
1510,GEN,
1511,GEN,
1512,GEN,
1513,GEN-EWS,135
1514,GEN,
1515,GEN,
1516,GEN,
1517,OBC-NCL,244
1518,GEN,
1519,GEN,
1520,GEN-EWS,136
1521,GEN,
1522,GEN,
1523,GEN,
1524,GEN,
1525,GEN,
1526,GEN,
1527,GEN,
1528,GEN,
1529,GEN,
1530,GEN,
1531,GEN,
1532,GEN,
1533,GEN,
1534,GEN-EWS,137
1535,GEN-EWS,138
1536,GEN,
1537,ST,7
1538,GEN,
1539,GEN,
1540,GEN,
1541,GEN,
1542,GEN,
1543,GEN,
1544,GEN,
1545,GEN,
1546,GEN,
1547,GEN-EWS,139
1548,GEN,
1549,GEN,
1550,GEN,
1551,OBC-NCL,245
1552,GEN,
1553,GEN,
1554,GEN,
1555,GEN,
1556,GEN,
1557,GEN,
1558,GEN,
1559,GEN,
1560,OBC-NCL,246
1561,GEN,
1562,GEN,
1563,GEN,
1564,GEN,
1565,SC,30
1566,GEN,
1567,GEN,
1568,GEN,
1569,GEN,
1570,GEN,
1571,GEN,
1572,GEN,
1573,GEN,
1574,OBC-NCL,247
1575,GEN,
1576,GEN,
1577,GEN,
1578,OBC-NCL,248
1579,GEN,
1580,GEN-EWS,140
1581,GEN,
1582,OBC-NCL,249
1583,GEN,
1584,GEN,
1585,GEN,
1586,GEN,
1587,GEN-EWS,141
1588,GEN,
1589,OBC-NCL,250
1590,GEN,
1591,GEN,
1592,ST,8
1593,GEN-EWS,142
1594,OBC-NCL,251
1595,GEN,
1596,OBC-NCL,252
1597,GEN,
1598,GEN-EWS,143
1599,OBC-NCL,253
1600,OBC-NCL,254
1601,GEN-EWS,144
1602,GEN,
1603,GEN,
1604,GEN,
1605,GEN,
1606,GEN,
1607,GEN,
1608,SC,31
1609,GEN,
1610,GEN,
1611,GEN-EWS,145
1612,GEN-EWS,146
1613,GEN,
1614,GEN,
1615,GEN,
1616,GEN,
1617,GEN,
1618,OBC-NCL,255
1619,OBC-NCL,256
1620,GEN,
1621,OBC-NCL,257
1622,GEN,
1623,GEN,
1624,GEN-EWS,147
1625,GEN,
1626,OBC-NCL,258
1627,OBC-NCL,259
1628,OBC-NCL,260
1629,GEN,
1630,GEN,
1631,GEN-EWS,148
1632,GEN,
1633,GEN,
1634,GEN,
1635,GEN,
1636,GEN,
1637,GEN,
1638,GEN,
1639,GEN,
1640,OBC-NCL,261
1641,GEN,
1642,GEN-EWS,149
1643,GEN,
1644,GEN,
1645,GEN,
1646,GEN,
1647,OBC-NCL,262
1648,GEN,
1649,GEN-EWS,150
1650,GEN,
1651,GEN,
1652,GEN,
1653,GEN,
1654,GEN,
1655,GEN,
1656,GEN,
1657,GEN,
1658,GEN,
1659,GEN,
1660,OBC-NCL,263
1661,GEN,
1662,GEN,
1663,OBC-NCL,264
1664,GEN-EWS,151
1665,GEN,
1666,OBC-NCL,265
1667,GEN,
1668,GEN-EWS,152
1669,GEN-EWS,153
1670,SC,32
1671,OBC-NCL,266
1672,GEN,
1673,OBC-NCL,267
1674,OBC-NCL,268
1675,OBC-NCL,269
1676,GEN-EWS,154
1677,OBC-NCL,270
1678,GEN,
1679,GEN,
1680,GEN,
1681,GEN-EWS,155
1682,GEN-EWS,156
1683,GEN,
1684,GEN,
1685,GEN,
1686,GEN,
1687,GEN,
1688,GEN,
1689,GEN,
1690,GEN,
1691,OBC-NCL,271
1692,OBC-NCL,272
1693,GEN,
1694,GEN,
1695,GEN,
1696,OBC-NCL,273
1697,GEN,
1698,GEN,
1699,GEN,
1700,GEN,
1701,GEN,
1702,GEN,
1703,GEN,
1704,GEN,
1705,GEN,
1706,GEN,
1707,GEN,
1708,GEN,
1709,GEN,
1710,GEN,
1711,OBC-NCL,274
1712,OBC-NCL,275
1713,GEN-EWS,157
1714,GEN-EWS,158
1715,GEN,
1716,GEN,
1717,GEN,
1718,OBC-NCL,276
1719,GEN,
1720,GEN,
1721,OBC-NCL,277
1722,OBC-NCL,278
1723,GEN,
1723,GEN,
1725,GEN,
1726,GEN,
1727,GEN,
1728,GEN,
1729,GEN,
1730,GEN,
1731,GEN,
1732,GEN-EWS,159
1733,GEN,
1734,OBC-NCL,279
1735,GEN,
1736,OBC-NCL,280
1737,GEN,
1738,GEN-EWS,160
1739,GEN,
1740,GEN,
1741,OBC-NCL,281
1742,OBC-NCL,282
1743,OBC-NCL,283
1744,GEN,
1745,GEN-EWS,161
1746,GEN,
1747,GEN,
1748,GEN,
1749,GEN,
1750,OBC-NCL,284
1751,GEN,
1752,GEN,
1753,GEN-EWS,162
1754,OBC-NCL,285
1755,GEN,
1756,GEN,
1757,GEN,
1758,GEN,
1759,ST,9
1760,GEN,
1761,OBC-NCL,286
1762,OBC-NCL,287
1763,GEN,
1764,GEN,
1765,GEN-EWS,163
1766,GEN,
1767,GEN,
1768,GEN-EWS,164
1769,GEN-EWS,165
1770,GEN,
1771,GEN,
1772,GEN,
1773,GEN,
1774,GEN,
1775,GEN,
1776,GEN,
1777,GEN,
1778,GEN,
1779,GEN,
1780,OBC-NCL,288
1781,GEN,
1782,GEN,
1783,GEN,
1784,GEN,
1785,OBC-NCL,289
1786,GEN,
1787,GEN,
1788,GEN,
1789,OBC-NCL,290
1790,GEN,
1791,OBC-NCL,291
1792,OBC-NCL,292
1793,GEN,
1794,GEN,
1795,GEN,
1796,GEN,
1797,GEN,
1798,GEN-EWS,166
1799,OBC-NCL,293
1800,GEN,
1801,GEN,
1802,GEN,
1803,GEN,
1804,GEN,
1805,GEN,
1806,OBC-NCL,294
1807,GEN,
1808,GEN-EWS,167
1809,GEN-EWS,168
1810,GEN,
1811,OBC-NCL,295
1812,SC,33
1813,GEN,
1814,OBC-NCL,296
1815,GEN,
1816,OBC-NCL,297
1817,GEN,
1818,GEN,
1819,OBC-NCL,298
1820,OBC-NCL,299
1821,GEN,
1822,GEN,
1823,OBC-NCL,300
1824,GEN,
1825,GEN-EWS,169
1826,GEN,
1827,GEN,
1828,GEN,
1829,GEN,
1830,GEN,
1831,OBC-NCL,301
1832,GEN,
1833,OBC-NCL,302
1834,GEN,
1835,GEN,
1836,GEN,
1837,GEN,
1838,GEN,
1839,GEN,
1840,GEN,
1841,GEN,
1842,GEN-EWS,170
1843,GEN,
1844,GEN-EWS,171
1845,GEN,
1846,GEN,
1847,GEN-EWS,172
1848,GEN,
1849,OBC-NCL,303
1850,GEN,
1851,OBC-NCL,304
1852,GEN,
1853,GEN,
1854,OBC-NCL,305
1855,GEN,
1856,GEN,
1857,GEN,
1858,GEN,
1859,OBC-NCL,306
1860,GEN,
1861,GEN,
1862,GEN,
1863,OBC-NCL,307
1864,GEN,
1865,GEN,
1866,GEN,
1867,GEN,
1868,OBC-NCL,308
1869,GEN,
1870,GEN,
1871,GEN,
1872,GEN,
1873,OBC-NCL,309
1874,GEN,
1875,OBC-NCL,310
1876,OBC-NCL,311
1877,GEN,
1878,OBC-NCL,312
1879,GEN,
1880,GEN,
1881,OBC-NCL,313
1882,GEN,
1883,GEN,
1884,OBC-NCL,314
1885,OBC-NCL,315
1886,OBC-NCL,316
1887,GEN-EWS,173
1888,GEN,
1889,GEN,
1890,GEN,
1891,GEN,
1892,GEN-EWS,174
1893,GEN,
1894,OBC-NCL,317
1895,OBC-NCL,318
1896,GEN,
1897,GEN,
1898,GEN,
1899,GEN,
1900,GEN,
1901,GEN,
1902,OBC-NCL,319
1903,GEN-EWS,175
1904,GEN-EWS,176
1905,GEN,
1906,GEN,
1907,OBC-NCL,320
1908,GEN-EWS,177
1909,OBC-NCL,321
1910,GEN,
1911,OBC-NCL,322
1912,GEN,
1913,OBC-NCL,323
1914,GEN,
1915,GEN,
1916,GEN,
1917,GEN,
1918,GEN,
1919,OBC-NCL,324
1920,GEN,
1921,GEN-EWS,178
1922,GEN,
1923,OBC-NCL,325
1924,GEN,
1925,OBC-NCL,326
1926,GEN,
1927,GEN,
1928,GEN,
1929,GEN,
1930,GEN,
1931,GEN,
1932,OBC-NCL,327
1933,GEN,
1934,GEN,
1935,GEN,
1936,GEN,
1937,OBC-NCL,328
1938,GEN,
1939,GEN,
1940,GEN-EWS,179
1941,GEN,
1942,GEN,
1943,GEN,
1944,GEN,
1945,OBC-NCL,329
1946,GEN,
1947,GEN,
1948,OBC-NCL,330
1949,GEN,
1950,GEN,
1951,GEN,
1952,GEN-EWS,180
1953,OBC-NCL,331
1954,GEN,
1955,GEN-EWS,181
1956,GEN-EWS,182
1957,GEN,
1958,GEN-EWS,183
1959,OBC-NCL,332
1960,GEN-EWS,184
1961,GEN,
1962,GEN,
1963,GEN,
1964,GEN,
1965,GEN,
1966,GEN-EWS,185
1967,GEN,
1968,OBC-NCL,333
1969,GEN,
1970,GEN,
1971,GEN,
1972,OBC-NCL,334
1973,GEN,
1974,GEN,
1975,OBC-NCL,335
1976,GEN,
1977,GEN-EWS,186
1978,GEN,
1979,GEN,
1980,GEN,
1981,GEN,
1982,OBC-NCL,336
1983,OBC-NCL,337
1984,SC,34
1985,SC,35
1986,OBC-NCL,338
1987,SC,36
1988,SC,37
1989,GEN,
1990,GEN,
1991,GEN,
1992,GEN,
1993,GEN,
1994,GEN,
1995,GEN,
1996,GEN,
1997,GEN,
1998,OBC-NCL,339
1999,GEN,
2000,GEN,
2001,GEN,
2002,GEN,
2003,SC,38
2004,GEN,
2005,GEN,
2006,GEN,
2007,GEN,
2008,OBC-NCL,340
2009,GEN,
2010,GEN,
2011,GEN-EWS,187
2012,GEN,
2013,GEN,
2014,GEN,
2015,GEN,
2016,GEN,
2017,GEN-EWS,188
2018,GEN,
2019,GEN,
2020,GEN,
2021,GEN,
2022,GEN,
2023,GEN,
2024,GEN,
2025,GEN,
2026,GEN,
2027,GEN-EWS,189
2028,OBC-NCL,341
2029,GEN,
2030,GEN,
2031,OBC-NCL,342
2032,GEN,
2033,GEN,
2034,GEN,
2035,GEN,
2036,OBC-NCL,343
2037,GEN,
2038,GEN,
2039,GEN,
2040,GEN-EWS,190
2041,GEN,
2042,GEN,
2043,GEN,
2044,GEN,
2045,OBC-NCL,344
2046,GEN-EWS,191
2047,GEN,
2048,OBC-NCL,345
2049,GEN,
2050,GEN,
2051,GEN,
2052,GEN,
2053,SC,39
2054,GEN,
2055,GEN,
2056,GEN,
2057,GEN,
2058,GEN,
2059,GEN-EWS,192
2060,GEN,
2061,GEN,
2062,GEN,
2063,OBC-NCL,346
2064,SC,40
2065,OBC-NCL,347
2066,GEN,
2067,OBC-NCL,348
2068,GEN-EWS,193
2069,GEN,
2070,GEN,
2071,GEN,
2072,GEN,
2072,GEN,
2074,GEN,
2075,GEN,
2076,GEN,
2077,GEN,
2078,GEN,
2079,GEN,
2080,GEN,
2081,GEN,
2082,GEN,
2083,GEN,
2084,GEN-EWS,194
2085,GEN-EWS,195
2086,GEN,
2087,GEN,
2088,GEN,
2089,OBC-NCL,349
2090,GEN-EWS,196
2091,GEN,
2092,GEN,
2093,GEN,
2094,GEN,
2095,GEN,
2096,OBC-NCL,350
2097,GEN,
2098,OBC-NCL,351
2099,GEN,
2100,GEN,
2101,GEN,
2102,GEN-EWS,197
2103,GEN,
2104,GEN,
2105,GEN,
2106,GEN-EWS,198
2107,GEN,
2108,GEN,
2109,GEN,
2110,GEN,
2111,GEN,
2112,OBC-NCL,352
2113,GEN-EWS,199
2114,GEN,
2115,GEN,
2116,GEN-EWS,200
2117,GEN-EWS,201
2118,GEN,
2119,GEN,
2120,GEN,
2121,GEN,
2122,GEN,
2123,OBC-NCL,353
2124,GEN,
2125,GEN,
2126,GEN,
2127,GEN,
2128,GEN,
2129,GEN,
2130,GEN,
2131,SC,41
2132,GEN,
2133,GEN,
2134,OBC-NCL,354
2135,GEN,
2136,GEN,
2137,GEN,
2138,OBC-NCL,355
2139,GEN,
2140,GEN,
2141,OBC-NCL,356
2142,OBC-NCL,357
2143,OBC-NCL,358
2144,OBC-NCL,359
2145,GEN,
2146,OBC-NCL,360
2147,GEN,
2148,GEN,
2149,GEN,
2150,OBC-NCL,361
2151,GEN,
2152,GEN,
2153,GEN,
2154,GEN,
2155,GEN-EWS,202
2156,OBC-NCL,362
2157,GEN-EWS,203
2158,GEN,
2159,GEN,
2160,GEN,
2161,GEN,
2162,GEN,
2163,GEN,
2164,GEN,
2165,GEN,
2166,GEN-EWS,204
2167,GEN,
2168,GEN,
2169,GEN,
2170,GEN-EWS,205
2171,GEN,
2172,GEN,
2173,GEN,
2174,GEN,
2175,GEN,
2176,SC,42
2177,GEN-EWS,206
2178,GEN-EWS,207
2179,GEN,
2180,GEN,
2181,GEN,
2182,GEN,
2183,GEN,
2184,GEN,
2185,GEN,
2186,GEN,
2187,GEN,
2188,GEN,
2189,OBC-NCL,363
2190,GEN,
2191,OBC-NCL,364
2192,GEN,
2193,GEN,
2194,GEN-EWS,208
2195,GEN,
2196,GEN,
2197,GEN,
2198,OBC-NCL,365
2199,GEN,
2200,GEN,
2201,OBC-NCL,366
2202,OBC-NCL,367
2203,GEN-EWS,209
2204,GEN,
2205,GEN,
2206,GEN,
2207,GEN,
2208,GEN,
2209,GEN-EWS,210
2210,GEN,
2211,GEN,
2212,GEN,
2213,OBC-NCL,368
2214,GEN,
2215,GEN-EWS,211
2216,GEN,
2217,GEN,
2218,GEN,
2219,GEN,
2220,OBC-NCL,369
2221,GEN,
2222,GEN,
2223,GEN,
2224,GEN,
2225,GEN,
2226,GEN,
2227,GEN,
2228,GEN,
2229,GEN,
2230,GEN,
2231,GEN,
2232,GEN,
2233,GEN,
2234,GEN,
2235,GEN-EWS,212
2236,GEN,
2237,GEN,
2238,OBC-NCL,370
2239,GEN,
2240,GEN,
2241,GEN,
2242,GEN,
2243,GEN,
2244,GEN,
2245,GEN,
2246,GEN,
2247,GEN,
2248,GEN,
2249,GEN,
2250,GEN,
2251,GEN,
2252,GEN,
2253,GEN,
2254,GEN,
2255,GEN,
2256,GEN,
2257,GEN,
2258,GEN,
2259,GEN,
2260,GEN,
2261,GEN,
2262,GEN,
2263,OBC-NCL,371
2264,GEN,
2265,GEN,
2266,GEN,
2267,GEN-EWS,213
2268,GEN,
2269,GEN,
2270,GEN,
2271,OBC-NCL,372
2272,OBC-NCL,373
2273,GEN,
2274,GEN,
2275,GEN,
2276,GEN,
2277,GEN,
2278,GEN,
2279,GEN-EWS,214
2280,GEN,
2281,OBC-NCL,374
2282,GEN,
2283,OBC-NCL,375
2284,GEN-EWS,215
2285,GEN,
2286,GEN,
2287,GEN,
2288,GEN,
2289,GEN,
2290,GEN,
2291,OBC-NCL,376
2292,OBC-NCL,377
2293,OBC-NCL,378
2294,OBC-NCL,379
2295,GEN,
2296,GEN,
2297,GEN,
2298,GEN,
2299,SC,43
2300,GEN-EWS,216
2301,OBC-NCL,380
2302,GEN,
2303,GEN,
2304,GEN,
2305,GEN,
2306,GEN-EWS,217
2307,OBC-NCL,381
2308,GEN,
2309,GEN,
2310,GEN,
2311,GEN,
2312,GEN,
2313,OBC-NCL,382
2314,GEN,
2315,GEN,
2316,GEN-EWS,218
2317,GEN,
2318,GEN,
2319,GEN,
2320,OBC-NCL,383
2321,GEN,
2322,GEN-EWS,219
2323,GEN,
2324,OBC-NCL,384
2325,GEN,
2326,GEN-EWS,220
2327,GEN,
2328,GEN-EWS,221
2329,GEN-EWS,222
2330,GEN,
2331,OBC-NCL,385
2332,GEN,
2333,GEN,
2334,OBC-NCL,386
2335,GEN-EWS,223
2336,GEN,
2337,GEN-EWS,224
2338,GEN,
2339,GEN,
2340,GEN,
2341,GEN,
2342,GEN,
2343,GEN,
2344,GEN,
2345,GEN,
2346,GEN,
2347,SC,44
2348,SC,45
2349,OBC-NCL,387
2350,OBC-NCL,388
2351,GEN,
2352,OBC-NCL,389
2353,GEN,
2354,GEN-EWS,225
2355,OBC-NCL,390
2356,GEN,
2357,OBC-NCL,391
2358,GEN,
2359,GEN,
2360,GEN,
2361,GEN,
2362,GEN,
2363,GEN,
2364,GEN,
2365,GEN,
2366,GEN-EWS,226
2367,GEN,
2368,GEN,
2369,OBC-NCL,392
2370,OBC-NCL,393
2371,GEN-EWS,227
2372,GEN,
2373,GEN,
2374,OBC-NCL,394
2375,GEN,
2376,OBC-NCL,395
2377,GEN,
2378,GEN,
2379,GEN,
2380,OBC-NCL,396
2381,GEN,
2382,GEN,
2383,GEN,
2384,OBC-NCL,397
2385,GEN,
2386,GEN,
2387,GEN,
2388,GEN,
2389,GEN,
2390,GEN,
2391,GEN-EWS,228
2392,OBC-NCL,398
2393,GEN,
2394,GEN,
2395,GEN,
2396,GEN,
2397,GEN,
2398,GEN,
2399,GEN,
2400,GEN,
2401,GEN,
2402,OBC-NCL,399
2403,GEN-EWS,229
2404,OBC-NCL,400
2405,GEN,
2406,GEN,
2407,GEN,
2408,GEN,
2409,GEN,
2410,OBC-NCL,401
2411,OBC-NCL,402
2412,OBC-NCL,403
2413,GEN,
2414,OBC-NCL,404
2415,GEN-EWS,230
2416,GEN,
2417,GEN,
2418,OBC-NCL,405
2419,GEN,
2420,GEN,
2421,OBC-NCL,406
2422,GEN,
2423,GEN,
2424,GEN,
2425,GEN-EWS,231
2426,GEN-EWS,232
2427,GEN,
2428,GEN,
2429,GEN,
2430,GEN,
2431,GEN,
2432,SC,46
2433,OBC-NCL,407
2434,OBC-NCL,408
2435,GEN,
2436,GEN,
2437,GEN,
2438,OBC-NCL,409
2439,OBC-NCL,410
2440,GEN,
2441,GEN-EWS,233
2442,GEN,
2443,GEN,
2444,GEN,
2445,GEN,
2446,OBC-NCL,411
2447,GEN,
2448,GEN,
2449,GEN,
2450,OBC-NCL,412
2451,OBC-NCL,413
2452,GEN,
2453,GEN,
2454,GEN,
2455,OBC-NCL,414
2456,OBC-NCL,415
2457,OBC-NCL,416
2458,GEN,
2459,GEN,
2460,GEN,
2461,GEN,
2462,GEN,
2463,GEN,
2464,OBC-NCL,417
2465,OBC-NCL,418
2466,GEN,
2467,OBC-NCL,419
2468,GEN,
2469,OBC-NCL,420
2470,OBC-NCL,421
2471,GEN,
2472,GEN,
2473,GEN,
2474,OBC-NCL,422
2475,OBC-NCL,423
2476,GEN,
2477,GEN-EWS,234
2478,GEN,
2479,GEN,
2480,GEN,
2481,GEN,
2482,OBC-NCL,424
2483,GEN,
2484,OBC-NCL,425
2485,GEN,
2486,GEN,
2487,GEN,
2488,GEN-EWS,235
2489,OBC-NCL,426
2490,GEN-EWS,236
2491,GEN,
2492,GEN,
2493,GEN,
2494,GEN,
2495,SC,47
2496,GEN,
2497,GEN,
2498,GEN,
2499,GEN,
2500,GEN,
2501,OBC-NCL,427
2502,SC,48
2503,GEN,
2504,GEN,
2505,GEN,
2506,GEN,
2507,GEN,
2508,GEN-EWS,237
2509,GEN,
2510,GEN,
2511,GEN,
2512,OBC-NCL,428
2513,GEN,
2514,GEN-EWS,238
2515,OBC-NCL,429
2516,OBC-NCL,430
2517,GEN-EWS,239
2518,OBC-NCL,431
2519,OBC-NCL,432
2520,OBC-NCL,433
2521,GEN,
2522,GEN-EWS,240
2523,GEN,
2524,OBC-NCL,434
2525,OBC-NCL,435
2526,GEN,
2527,GEN,
2528,GEN,
2529,GEN,
2530,GEN,
2531,GEN-EWS,241
2532,SC,49
2533,SC,50
2534,GEN,
2535,GEN-EWS,242
2536,SC,51
2537,GEN,
2538,GEN-EWS,243
2539,GEN,
2540,GEN,
2541,GEN-EWS,244
2542,GEN,
2543,SC,52
2544,OBC-NCL,436
2545,GEN,
2546,GEN-EWS,245
2547,GEN,
2548,GEN,
2549,GEN,
2550,OBC-NCL,437
2551,GEN,
2552,GEN,
2553,OBC-NCL,438
2554,OBC-NCL,439
2555,GEN,
2556,GEN,
2557,GEN,
2558,GEN,
2559,GEN,
2560,GEN,
2561,GEN,
2562,GEN,
2563,GEN,
2564,SC,53
2565,GEN,
2566,OBC-NCL,440
2567,GEN,
2568,GEN,
2569,OBC-NCL,441
2570,OBC-NCL,442
2571,GEN-EWS,246
2572,GEN,
2573,GEN,
2574,GEN,
2575,GEN-EWS,247
2576,GEN,
2577,GEN,
2578,GEN,
2579,GEN,
2580,GEN,
2581,GEN-EWS,248
2582,GEN,
2583,GEN,
2584,OBC-NCL,443
2585,OBC-NCL,444
2586,OBC-NCL,445
2587,GEN,
2588,GEN,
2589,GEN-EWS,249
2590,GEN,
2591,GEN,
2592,GEN,
2593,GEN,
2594,GEN,
2595,GEN,
2596,GEN,
2597,GEN,
2598,GEN,
2599,GEN,
2600,GEN,
2601,OBC-NCL,446
2602,OBC-NCL,447
2603,GEN,
2604,GEN,
2605,OBC-NCL,448
2606,GEN,
2607,OBC-NCL,449
2608,OBC-NCL,450
2609,GEN-EWS,250
2610,GEN-EWS,251
2611,GEN,
2612,SC,54
2613,OBC-NCL,451
2614,GEN,
2615,OBC-NCL,452
2616,GEN,
2617,OBC-NCL,453
2618,OBC-NCL,454
2619,GEN,
2620,OBC-NCL,455
2621,GEN,
2622,GEN,
2623,GEN,
2624,GEN,
2625,GEN,
2626,OBC-NCL,456
2627,GEN,
2628,OBC-NCL,457
2629,GEN,
2630,GEN,
2631,GEN,
2632,OBC-NCL,458
2633,GEN,
2634,GEN,
2635,OBC-NCL,459
2636,GEN,
2637,OBC-NCL,460
2638,GEN,
2639,GEN,
2640,GEN,
2641,OBC-NCL,461
2642,GEN,
2643,GEN,
2644,OBC-NCL,462
2645,GEN,
2646,GEN,
2647,OBC-NCL,463
2648,GEN-EWS,252
2649,GEN-EWS,253
2650,GEN,
2651,SC,55
2652,GEN,
2653,GEN,
2654,OBC-NCL,464
2655,GEN,
2656,GEN,
2657,GEN-EWS,254
2658,OBC-NCL,465
2659,OBC-NCL,466
2660,GEN,
2661,GEN,
2662,GEN,
2663,GEN,
2664,OBC-NCL,467
2665,GEN,
2666,GEN,
2667,GEN,
2668,GEN-EWS,255
2669,GEN,
2670,GEN-EWS,256
2671,OBC-NCL,468
2672,GEN-EWS,257
2673,GEN-EWS,258
2674,GEN,
2675,GEN-EWS,259
2676,GEN,
2677,GEN,
2678,GEN,
2679,GEN-EWS,260
2680,OBC-NCL,469
2681,GEN,
2682,GEN,
2683,GEN,
2684,GEN,
2685,GEN,
2686,GEN,
2687,GEN,
2688,GEN-EWS,261
2689,GEN,
2690,GEN,
2691,GEN,
2692,GEN,
2692,GEN-EWS,262
2694,OBC-NCL,470
2695,GEN,
2696,GEN-EWS,263
2697,OBC-NCL,471
2698,OBC-NCL,472
2699,GEN-EWS,264
2700,GEN-EWS,265
2701,GEN,
2702,OBC-NCL,473
2703,GEN-EWS,266
2704,GEN-EWS,267
2705,GEN,
2706,GEN-EWS,268
2707,GEN,
2708,OBC-NCL,474
2709,OBC-NCL,475
2710,GEN-EWS,269
2711,OBC-NCL,476
2712,SC,56
2713,GEN,
2714,GEN,
2715,OBC-NCL,477
2716,SC,57
2717,GEN-EWS,270
2718,GEN,
2719,GEN,
2720,GEN,
2721,GEN,
2722,GEN-EWS,271
2723,OBC-NCL,478
2724,GEN,
2725,SC,58
2726,GEN-EWS,272
2727,OBC-NCL,479
2728,GEN,
2729,GEN,
2730,GEN,
2731,GEN,
2732,SC,59
2733,GEN,
2734,OBC-NCL,480
2735,OBC-NCL,481
2736,GEN,
2737,GEN,
2738,GEN,
2739,OBC-NCL,482
2740,GEN,
2741,GEN,
2742,GEN,
2743,GEN,
2744,SC,60
2745,GEN,
2746,GEN,
2747,GEN,
2748,GEN,
2749,GEN,
2750,GEN,
2751,GEN-EWS,273
2752,GEN,
2753,GEN,
2754,GEN,
2755,GEN,
2756,GEN,
2757,GEN,
2758,OBC-NCL,483
2759,GEN,
2760,OBC-NCL,484
2761,GEN,
2762,GEN,
2763,GEN,
2764,GEN,
2765,GEN,
2766,GEN,
2767,GEN,
2768,GEN,
2769,GEN,
2770,GEN,
2771,GEN,
2772,GEN,
2773,GEN,
2774,GEN,
2775,GEN,
2776,GEN,
2777,OBC-NCL,485
2778,OBC-NCL,486
2779,GEN,
2780,GEN-EWS,274
2781,OBC-NCL,487
2782,GEN,
2783,GEN,
2784,GEN,
2785,GEN,
2786,GEN,
2787,GEN,
2788,OBC-NCL,488
2789,GEN,
2790,GEN-EWS,275
2791,GEN,
2792,GEN,
2793,GEN-EWS,276
2794,SC,61
2795,GEN-EWS,277
2796,GEN,
2797,GEN-EWS,278
2798,GEN,
2799,GEN,
2800,GEN,
2801,GEN,
2802,GEN,
2803,GEN,
2804,GEN,
2805,OBC-NCL,489
2806,OBC-NCL,490
2807,GEN,
2808,GEN,
2809,OBC-NCL,491
2810,GEN,
2811,GEN,
2812,GEN,
2813,OBC-NCL,492
2814,GEN,
2815,GEN,
2816,GEN,
2816,OBC-NCL,493
2818,GEN-EWS,279
2819,GEN,
2820,GEN,
2821,OBC-NCL,494
2822,GEN,
2823,OBC-NCL,495
2824,OBC-NCL,496
2825,GEN,
2826,GEN,
2827,GEN,
2828,GEN,
2829,GEN,
2830,GEN,
2831,GEN,
2832,OBC-NCL,497
2833,GEN,
2834,GEN,
2835,GEN,
2836,SC,62
2837,GEN,
2838,GEN,
2839,GEN,
2840,GEN,
2841,GEN-EWS,280
2842,GEN,
2843,GEN,
2844,GEN,
2845,GEN,
2846,GEN,
2847,OBC-NCL,498
2848,GEN,
2849,GEN,
2850,GEN,
2851,OBC-NCL,499
2852,GEN,
2853,GEN-EWS,281
2854,GEN,
2855,GEN,
2856,OBC-NCL,500
2857,GEN,
2858,OBC-NCL,501
2859,GEN,
2860,GEN-EWS,282
2861,GEN,
2862,GEN,
2863,OBC-NCL,502
2864,OBC-NCL,503
2865,GEN,
2866,OBC-NCL,504
2867,GEN,
2868,GEN,
2869,GEN,
2870,GEN-EWS,283
2871,GEN,
2872,OBC-NCL,505
2873,OBC-NCL,506
2874,GEN,
2875,GEN-EWS,284
2876,GEN,
2877,GEN,
2878,OBC-NCL,507
2879,GEN,
2880,SC,63
2881,GEN-EWS,285
2882,GEN,
2883,GEN,
2884,GEN,
2885,GEN,
2886,OBC-NCL,508
2887,GEN,
2888,GEN,
2889,GEN,
2890,GEN,
2891,OBC-NCL,509
2892,OBC-NCL,510
2893,OBC-NCL,511
2894,GEN-EWS,286
2895,GEN,
2896,GEN,
2897,GEN,
2898,GEN,
2899,GEN,
2900,OBC-NCL,512
2901,GEN,
2902,GEN,
2903,GEN,
2904,GEN,
2905,GEN,
2906,GEN-EWS,287
2907,GEN,
2908,OBC-NCL,513
2909,GEN,
2910,GEN,
2911,GEN-EWS,288
2912,OBC-NCL,514
2913,GEN-EWS,289
2914,OBC-NCL,515
2915,GEN,
2916,GEN-EWS,290
2917,GEN,
2918,GEN,
2918,GEN,
2920,OBC-NCL,516
2921,GEN,
2922,GEN,
2923,GEN,
2924,GEN,
2925,OBC-NCL,517
2926,SC,64
2927,GEN,
2928,GEN,
2929,GEN,
2930,GEN,
2931,GEN-EWS,291
2932,GEN,
2933,OBC-NCL,518
2934,GEN,
2935,GEN,
2936,SC,65
2937,OBC-NCL,519
2938,OBC-NCL,520
2939,GEN-EWS,292
2940,GEN,
2941,GEN,
2942,GEN,
2943,GEN,
2944,GEN,
2945,OBC-NCL,521
2946,GEN,
2947,GEN,
2948,GEN-EWS,293
2949,GEN,
2950,GEN,
2951,GEN-EWS,294
2952,GEN-EWS,295
2953,GEN,
2954,GEN-EWS,296
2955,GEN,
2956,GEN,
2957,GEN,
2958,GEN-EWS,297
2959,GEN,
2960,GEN,
2961,GEN,
2962,GEN,
2963,GEN,
2964,GEN,
2965,GEN,
2966,GEN,
2967,GEN-EWS,298
2968,GEN,
2969,GEN,
2970,GEN-EWS,299
2971,SC,66
2972,GEN,
2973,OBC-NCL,522
2974,GEN,
2975,GEN,
2976,OBC-NCL,523
2977,GEN,
2978,GEN,
2979,GEN,
2980,GEN,
2981,GEN,
2982,GEN-EWS,300
2983,GEN-EWS,301
2984,GEN,
2985,GEN,
2986,GEN,
2987,GEN,
2988,GEN,
2989,GEN,
2990,GEN-EWS,302
2991,GEN,
2992,GEN,
2993,GEN,
2994,GEN,
2995,GEN-EWS,303
2996,GEN-EWS,304
2997,GEN,
2998,GEN-EWS,305
2999,GEN,
3000,GEN,
3001,OBC-NCL,524
3002,GEN,
3003,GEN,
3004,GEN,
3005,GEN,
3006,GEN,
3007,GEN,
3008,GEN,
3009,GEN,
3010,SC,67
3011,ST,10
3012,GEN,
3013,GEN,
3014,GEN,
3015,GEN,
3016,GEN,
3017,GEN,
3018,OBC-NCL,525
3019,GEN-EWS,306
3020,OBC-NCL,526
3021,OBC-NCL,527
3022,GEN,
3023,GEN,
3024,GEN,
3025,GEN,
3026,GEN-EWS,307
3027,OBC-NCL,528
3028,GEN-EWS,308
3029,SC,68
3030,OBC-NCL,529
3031,GEN,
3032,GEN,
3033,GEN,
3034,GEN,
3035,OBC-NCL,530
3036,OBC-NCL,531
3037,GEN,
3038,GEN,
3039,OBC-NCL,532
3040,GEN,
3041,GEN,
3042,GEN,
3043,GEN,
3044,GEN,
3045,GEN,
3046,OBC-NCL,533
3047,OBC-NCL,534
3048,GEN,
3049,GEN,
3050,GEN,
3051,GEN,
3052,GEN,
3053,GEN-EWS,309
3054,GEN,
3055,GEN,
3056,GEN,
3057,GEN,
3057,GEN-EWS,310
3059,GEN-EWS,311
3060,GEN,
3061,GEN,
3062,GEN,
3063,GEN-EWS,312
3064,OBC-NCL,535
3065,GEN-EWS,313
3066,SC,69
3067,GEN,
3068,GEN-EWS,314
3069,GEN,
3070,GEN,
3071,OBC-NCL,536
3072,GEN,
3073,OBC-NCL,537
3074,GEN,
3075,GEN,
3076,OBC-NCL,538
3077,OBC-NCL,539
3078,GEN-EWS,315
3079,OBC-NCL,540
3080,GEN,
3081,OBC-NCL,541
3082,GEN,
3083,GEN,
3084,GEN,
3085,SC,70
3086,GEN,
3087,GEN,
3088,GEN,
3089,GEN,
3090,GEN,
3091,GEN-EWS,316
3092,OBC-NCL,542
3093,GEN,
3094,GEN-EWS,317
3095,OBC-NCL,543
3096,GEN,
3097,GEN,
3098,GEN,
3099,GEN,
3100,GEN,
3101,GEN,
3102,OBC-NCL,544
3103,GEN,
3104,GEN,
3105,GEN,
3106,GEN,
3107,OBC-NCL,545
3108,SC,71
3109,GEN,
3110,GEN-EWS,318
3111,OBC-NCL,546
3112,GEN,
3113,GEN,
3114,GEN,
3115,GEN,
3116,OBC-NCL,547
3117,GEN,
3118,GEN,
3119,OBC-NCL,548
3120,GEN,
3121,GEN,
3122,OBC-NCL,549
3123,GEN,
3124,OBC-NCL,550
3125,SC,72
3126,SC,73
3127,GEN-EWS,319
3128,OBC-NCL,551
3129,GEN-EWS,320
3130,GEN,
3131,SC,74
3132,GEN,
3133,OBC-NCL,552
3134,GEN,
3135,GEN,
3136,GEN,
3137,GEN,
3138,GEN-EWS,321
3139,OBC-NCL,553
3140,GEN,
3141,GEN,
3142,GEN,
3143,OBC-NCL,554
3144,GEN-EWS,322
3145,GEN,
3146,GEN,
3147,GEN,
3148,OBC-NCL,555
3149,GEN,
3150,GEN,
3151,GEN,
3152,GEN,
3153,GEN-EWS,323
3154,GEN,
3155,GEN,
3156,GEN,
3157,OBC-NCL,556
3158,OBC-NCL,557
3159,OBC-NCL,558
3160,GEN,
3161,GEN,
3162,GEN-EWS,324
3163,GEN,
3164,GEN,
3165,GEN,
3166,GEN,
3167,GEN,
3168,GEN,
3169,GEN,
3170,GEN-EWS,325
3171,GEN,
3172,GEN,
3173,OBC-NCL,559
3174,GEN,
3175,OBC-NCL,560
3176,GEN,
3177,GEN,
3178,GEN,
3179,GEN-EWS,326
3180,GEN,
3181,GEN,
3182,OBC-NCL,561
3183,OBC-NCL,562
3184,GEN,
3185,GEN,
3186,GEN,
3187,GEN,
3188,GEN,
3189,GEN-EWS,327
3190,GEN,
3191,GEN,
3192,GEN,
3193,GEN,
3194,GEN,
3195,GEN-EWS,328
3196,SC,75
3197,GEN-EWS,329
3198,GEN,
3199,GEN,
3200,GEN,
3201,GEN,
3202,OBC-NCL,563
3203,GEN-EWS,330
3204,GEN,
3205,GEN,
3206,OBC-NCL,564
3207,GEN,
3208,GEN,
3209,GEN,
3210,GEN-EWS,331
3211,GEN,
3212,OBC-NCL,565
3213,GEN,
3214,GEN,
3215,GEN,
3216,GEN,
3217,OBC-NCL,566
3218,GEN,
3219,GEN,
3220,SC,76
3221,GEN,
3222,GEN,
3223,GEN,
3224,OBC-NCL,567
3225,GEN,
3226,GEN,
3227,GEN,
3228,GEN,
3229,OBC-NCL,568
3230,OBC-NCL,569
3231,GEN,
3232,OBC-NCL,570
3233,GEN,
3234,GEN,
3235,SC,77
3236,GEN,
3237,OBC-NCL,571
3238,GEN,
3239,GEN-EWS,332
3240,GEN,
3241,OBC-NCL,572
3242,GEN,
3243,GEN-EWS,333
3244,GEN-EWS,334
3245,GEN,
3246,GEN,
3247,OBC-NCL,573
3248,GEN,
3249,GEN,
3250,GEN,
3251,OBC-NCL,574
3252,GEN,
3253,OBC-NCL,575
3254,GEN,
3255,GEN,
3256,GEN,
3257,OBC-NCL,576
3258,GEN,
3259,GEN,
3260,GEN,
3261,GEN,
3262,GEN,
3263,GEN,
3264,OBC-NCL,577
3265,SC,78
3266,OBC-NCL,578
3267,GEN,
3268,OBC-NCL,579
3269,OBC-NCL,580
3270,GEN,
3271,GEN-EWS,335
3272,OBC-NCL,581
3273,GEN,
3274,OBC-NCL,582
3275,GEN,
3276,OBC-NCL,583
3277,GEN,
3278,GEN,
3279,OBC-NCL,584
3280,OBC-NCL,585
3281,GEN,
3282,GEN,
3283,OBC-NCL,586
3284,OBC-NCL,587
3285,GEN,
3286,OBC-NCL,588
3287,OBC-NCL,589
3288,OBC-NCL,590
3289,GEN,
3290,GEN,
3291,GEN,
3292,GEN,
3293,GEN,
3294,GEN,
3295,GEN,
3296,GEN,
3297,GEN,
3298,GEN,
3299,OBC-NCL,591
3300,OBC-NCL,592
3301,GEN,
3302,GEN-EWS,336
3303,GEN,
3304,GEN-EWS,337
3305,GEN,
3306,GEN,
3307,OBC-NCL,593
3308,GEN,
3309,GEN,
3310,OBC-NCL,594
3311,GEN,
3312,GEN,
3313,OBC-NCL,595
3314,OBC-NCL,596
3315,GEN,
3316,SC,79
3317,GEN-EWS,338
3318,GEN,
3319,GEN,
3320,GEN,
3321,GEN,
3322,GEN,
3323,OBC-NCL,597
3324,GEN,
3325,GEN,
3326,GEN,
3326,GEN,
3328,OBC-NCL,598
3329,GEN,
3330,GEN,
3331,GEN,
3332,OBC-NCL,599
3333,GEN,
3334,GEN,
3335,GEN,
3336,OBC-NCL,600
3337,GEN,
3338,OBC-NCL,601
3339,OBC-NCL,602
3340,SC,80
3341,GEN,
3342,OBC-NCL,603
3343,GEN,
3344,GEN,
3345,OBC-NCL,604
3346,GEN,
3347,OBC-NCL,605
3348,GEN,
3349,OBC-NCL,606
3350,GEN,
3351,GEN,
3352,GEN,
3353,GEN,
3354,GEN,
3355,GEN,
3356,OBC-NCL,607
3357,GEN,
3358,OBC-NCL,608
3359,GEN,
3360,GEN,
3361,GEN,
3362,GEN,
3363,GEN,
3364,OBC-NCL,609
3365,GEN,
3366,GEN,
3367,GEN,
3368,OBC-NCL,610
3369,GEN,
3370,GEN,
3371,GEN,
3372,GEN,
3373,OBC-NCL,611
3374,GEN-EWS,339
3375,GEN,
3376,OBC-NCL,612
3377,GEN,
3378,GEN,
3379,OBC-NCL,613
3380,OBC-NCL,614
3381,GEN,
3382,GEN,
3383,GEN-EWS,340
3384,GEN-EWS,341
3385,GEN,
3386,GEN,
3387,SC,81
3388,OBC-NCL,615
3389,OBC-NCL,616
3390,GEN,
3391,OBC-NCL,617
3392,GEN,
3393,GEN,
3394,OBC-NCL,618
3395,GEN,
3396,GEN,
3397,GEN,
3398,GEN-EWS,342
3399,GEN-EWS,343
3400,OBC-NCL,619
3401,GEN,
3402,GEN,
3403,GEN,
3404,GEN,
3405,GEN,
3406,GEN,
3407,GEN,
3408,GEN-EWS,344
3409,SC,82
3410,GEN,
3411,GEN,
3412,GEN,
3413,GEN,
3414,GEN,
3415,GEN,
3416,GEN,
3417,GEN,
3418,GEN,
3419,OBC-NCL,620
3420,GEN,
3421,GEN,
3422,GEN,
3423,SC,83
3424,GEN,
3425,OBC-NCL,621
3426,OBC-NCL,622
3427,OBC-NCL,623
3428,GEN,
3429,GEN,
3430,GEN-EWS,345
3431,GEN,
3432,GEN,
3433,GEN,
3434,GEN-EWS,346
3435,GEN,
3436,GEN,
3437,GEN,
3438,GEN,
3439,GEN,
3440,GEN,
3441,GEN,
3442,GEN,
3443,GEN-EWS,347
3444,GEN,
3445,GEN,
3446,OBC-NCL,624
3447,GEN,
3448,GEN,
3449,GEN-EWS,348
3450,GEN-EWS,349
3451,GEN,
3452,OBC-NCL,625
3453,GEN,
3454,GEN,
3455,GEN,
3456,GEN,
3457,OBC-NCL,626
3458,GEN,
3459,GEN,
3460,GEN,
3461,GEN,
3462,OBC-NCL,627
3463,GEN,
3464,GEN-EWS,350
3465,GEN,
3466,GEN,
3467,OBC-NCL,628
3468,GEN,
3469,GEN,
3470,OBC-NCL,629
3471,GEN,
3472,OBC-NCL,630
3473,GEN,
3474,SC,84
3475,SC,85
3476,GEN,
3477,GEN,
3478,GEN-EWS,351
3479,GEN,
3480,GEN-EWS,352
3481,GEN-EWS,353
3482,GEN,
3483,GEN-EWS,354
3484,GEN,
3485,GEN,
3486,OBC-NCL,631
3487,GEN,
3488,OBC-NCL,632
3489,GEN-EWS,355
3490,GEN-EWS,356
3491,GEN,
3492,GEN,
3493,GEN,
3494,OBC-NCL,633
3495,GEN,
3496,GEN,
3497,OBC-NCL,634
3498,GEN,
3499,GEN,
3500,GEN,
3501,OBC-NCL,635
3502,GEN,
3503,GEN-EWS,357
3504,GEN,
3505,GEN,
3506,GEN,
3507,GEN,
3508,GEN-EWS,358
3509,GEN-EWS,359
3510,GEN,
3511,GEN-EWS,360
3512,OBC-NCL,636
3513,GEN,
3514,GEN,
3515,GEN-EWS,361
3516,GEN,
3517,GEN,
3518,GEN,
3519,GEN,
3520,GEN,
3521,GEN-EWS,362
3522,GEN,
3523,OBC-NCL,637
3524,GEN,
3525,GEN-EWS,363
3526,GEN,
3527,GEN,
3528,GEN-EWS,364
3529,OBC-NCL,638
3530,GEN,
3531,GEN,
3532,OBC-NCL,639
3533,GEN,
3534,GEN,
3535,OBC-NCL,640
3536,GEN-EWS,365
3537,GEN,
3538,OBC-NCL,641
3539,GEN-EWS,366
3540,GEN,
3541,OBC-NCL,642
3542,GEN-EWS,367
3543,GEN,
3544,GEN,
3545,GEN,
3546,OBC-NCL,643
3547,GEN,
3548,GEN,
3549,GEN,
3550,GEN,
3551,GEN-EWS,368
3552,GEN,
3553,GEN,
3554,OBC-NCL,644
3555,GEN,
3556,GEN,
3557,GEN,
3558,GEN,
3559,GEN-EWS,369
3560,GEN,
3561,OBC-NCL,645
3562,GEN,
3563,OBC-NCL,646
3564,GEN-EWS,370
3565,OBC-NCL,647
3566,OBC-NCL,648
3567,GEN,
3568,OBC-NCL,649
3569,GEN,
3570,GEN,
3571,SC,86
3572,GEN,
3573,OBC-NCL,650
3574,OBC-NCL,651
3575,GEN-EWS,371
3576,GEN,
3577,SC,87
3578,GEN,
3579,GEN,
3580,GEN,
3581,GEN,
3582,GEN,
3583,OBC-NCL,652
3584,GEN,
3585,OBC-NCL,653
3586,GEN,
3587,GEN,
3588,OBC-NCL,654
3589,GEN-EWS,372
3590,GEN,
3591,OBC-NCL,655
3592,GEN,
3593,GEN,
3594,GEN-EWS,373
3595,GEN-EWS,374
3596,GEN,
3597,GEN,
3598,GEN,
3599,GEN,
3600,GEN,
3601,GEN,
3602,SC,88
3603,GEN,
3604,GEN,
3605,GEN,
3606,GEN,
3607,OBC-NCL,656
3608,GEN,
3609,GEN,
3610,GEN,
3611,GEN,
3612,GEN,
3613,GEN,
3614,GEN,
3615,OBC-NCL,657
3616,GEN,
3617,SC,89
3618,OBC-NCL,658
3619,GEN,
3620,GEN-EWS,375
3621,OBC-NCL,659
3622,OBC-NCL,660
3623,OBC-NCL,661
3624,GEN,
3625,GEN,
3626,GEN,
3627,GEN,
3628,GEN-EWS,376
3629,GEN,
3630,GEN-EWS,377
3631,GEN,
3632,GEN-EWS,378
3633,GEN,
3634,GEN-EWS,379
3635,GEN,
3636,GEN,
3637,GEN,
3638,GEN,
3639,OBC-NCL,662
3640,GEN,
3641,OBC-NCL,663
3642,GEN,
3643,OBC-NCL,664
3644,GEN-EWS,380
3645,GEN,
3646,GEN,
3647,GEN,
3648,GEN,
3649,SC,90
3650,GEN,
3651,GEN,
3652,SC,91
3653,GEN-EWS,381
3654,GEN,
3655,GEN,
3656,GEN,
3657,GEN,
3658,OBC-NCL,665
3659,GEN,
3660,GEN,
3661,GEN,
3662,GEN,
3663,OBC-NCL,666
3664,OBC-NCL,667
3665,GEN,
3666,OBC-NCL,668
3667,OBC-NCL,669
3668,GEN-EWS,382
3669,GEN,
3670,GEN,
3671,GEN-EWS,383
3672,GEN,
3673,GEN,
3674,GEN,
3675,OBC-NCL,670
3676,GEN,
3677,GEN,
3678,GEN-EWS,384
3679,GEN,
3680,OBC-NCL,671
3681,GEN,
3682,GEN,
3683,GEN,
3684,GEN,
3685,GEN,
3686,GEN,
3687,GEN-EWS,385
3688,GEN,
3689,GEN,
3690,GEN,
3691,GEN-EWS,386
3692,GEN,
3693,GEN,
3694,GEN,
3695,GEN-EWS,387
3696,GEN,
3697,OBC-NCL,672
3698,GEN,
3699,GEN,
3700,OBC-NCL,673
3701,GEN,
3702,GEN,
3703,OBC-NCL,674
3704,GEN,
3705,GEN,
3706,OBC-NCL,675
3707,OBC-NCL,676
3708,GEN,
3709,GEN,
3710,SC,92
3711,GEN-EWS,388
3712,GEN,
3713,GEN-EWS,389
3714,OBC-NCL,677
3715,GEN,
3716,GEN,
3717,GEN-EWS,390
3718,GEN,
3719,GEN,
3720,GEN,
3721,GEN,
3722,OBC-NCL,678
3723,OBC-NCL,679
3724,GEN,
3725,OBC-NCL,680
3726,GEN,
3727,GEN,
3728,OBC-NCL,681
3729,GEN,
3730,GEN,
3731,OBC-NCL,682
3732,GEN,
3733,GEN,
3734,GEN,
3735,GEN,
3736,GEN,
3737,OBC-NCL,683
3738,GEN-EWS,391
3739,OBC-NCL,684
3740,OBC-NCL,685
3741,GEN-EWS,392
3742,OBC-NCL,686
3743,OBC-NCL,687
3744,GEN,
3745,GEN-EWS,393
3746,OBC-NCL,688
3747,GEN-EWS,394
3748,GEN,
3749,GEN,
3750,GEN,
3751,GEN,
3752,GEN-EWS,395
3753,GEN,
3754,GEN,
3755,GEN,
3756,OBC-NCL,689
3757,GEN,
3758,GEN,
3759,OBC-NCL,690
3760,GEN,
3761,GEN,
3762,OBC-NCL,691
3763,GEN,
3764,SC,93
3765,OBC-NCL,692
3766,GEN,
3767,GEN,
3768,GEN,
3769,GEN-EWS,396
3770,GEN,
3771,OBC-NCL,693
3772,OBC-NCL,694
3773,OBC-NCL,695
3774,GEN-EWS,397
3775,GEN,
3776,GEN,
3777,OBC-NCL,696
3778,OBC-NCL,697
3779,GEN,
3780,OBC-NCL,698
3781,OBC-NCL,699
3782,GEN,
3783,OBC-NCL,700
3784,GEN,
3785,OBC-NCL,701
3786,GEN,
3787,GEN,
3788,GEN,
3789,GEN,
3790,GEN,
3791,OBC-NCL,702
3792,GEN,
3793,GEN,
3794,GEN-EWS,398
3795,GEN,
3796,GEN,
3797,GEN,
3798,GEN-EWS,399
3799,GEN-EWS,400
3800,GEN,
3801,GEN-EWS,401
3802,OBC-NCL,703
3803,GEN,
3804,OBC-NCL,704
3805,GEN,
3806,GEN,
3807,GEN,
3808,GEN-EWS,402
3809,GEN,
3810,GEN,
3811,GEN,
3812,GEN,
3813,GEN,
3814,GEN-EWS,403
3815,GEN,
3816,GEN,
3817,OBC-NCL,705
3818,GEN,
3819,GEN,
3820,GEN,
3821,GEN-EWS,404
3822,GEN,
3823,GEN,
3824,GEN,
3825,GEN,
3826,GEN,
3827,GEN,
3828,OBC-NCL,706
3829,GEN,
3830,GEN,
3831,GEN,
3832,OBC-NCL,707
3833,GEN,
3834,OBC-NCL,708
3835,GEN,
3836,GEN,
3837,GEN,
3838,OBC-NCL,709
3839,GEN,
3840,OBC-NCL,710
3841,GEN,
3842,GEN,
3843,GEN,
3844,OBC-NCL,711
3845,GEN,
3846,GEN-EWS,405
3847,GEN-EWS,406
3848,GEN,
3849,GEN,
3850,GEN,
3851,GEN,
3852,OBC-NCL,712
3853,GEN,
3854,OBC-NCL,713
3855,GEN,
3856,GEN,
3857,GEN,
3858,GEN,
3859,GEN,
3860,GEN-EWS,407
3861,GEN,
3862,GEN,
3863,GEN,
3864,OBC-NCL,714
3865,OBC-NCL,715
3866,GEN,
3867,GEN,
3868,GEN,
3869,GEN,
3870,GEN-EWS,408
3871,GEN-EWS,409
3872,OBC-NCL,716
3873,OBC-NCL,717
3874,GEN,
3875,GEN-EWS,410
3876,OBC-NCL,718
3877,GEN-EWS,411
3878,GEN,
3879,OBC-NCL,719
3880,GEN,
3881,OBC-NCL,720
3882,GEN,
3883,GEN,
3884,GEN,
3885,GEN,
3886,GEN,
3887,GEN-EWS,412
3888,GEN,
3889,GEN-EWS,413
3890,GEN,
3891,GEN,
3892,GEN-EWS,414
3893,GEN-EWS,415
3894,OBC-NCL,721
3895,GEN,
3896,GEN,
3897,OBC-NCL,722
3898,GEN,
3899,GEN,
3900,GEN,
3901,OBC-NCL,723
3902,OBC-NCL,724
3903,GEN,
3904,GEN,
3905,GEN,
3906,GEN,
3907,GEN-EWS,416
3908,OBC-NCL,725
3909,GEN,
3910,GEN,
3911,GEN,
3912,GEN-EWS,417
3913,GEN-EWS,418
3914,GEN-EWS,419
3915,OBC-NCL,726
3916,GEN,
3917,OBC-NCL,727
3918,GEN,
3919,GEN-EWS,420
3920,GEN,
3921,GEN,
3922,GEN,
3923,OBC-NCL,728
3924,GEN,
3925,GEN,
3926,GEN,
3927,GEN,
3928,GEN,
3929,OBC-NCL,729
3930,GEN,
3931,GEN-EWS,421
3932,GEN,
3933,GEN-EWS,422
3934,GEN,
3935,OBC-NCL,730
3936,OBC-NCL,731
3937,GEN,
3938,GEN,
3939,SC,94
3940,GEN,
3941,GEN,
3942,GEN-EWS,423
3943,GEN,
3944,GEN,
3945,GEN,
3946,OBC-NCL,732
3947,GEN,
3948,GEN,
3949,GEN,
3950,GEN,
3951,GEN,
3952,GEN,
3953,GEN,
3954,GEN,
3955,OBC-NCL,733
3956,GEN,
3957,GEN,
3958,GEN,
3959,GEN,
3960,GEN,
3961,GEN,
3962,GEN,
3963,GEN,
3964,GEN,
3965,GEN,
3966,GEN,
3967,GEN-EWS,424
3968,SC,95
3969,GEN,
3970,GEN,
3971,GEN,
3972,GEN,
3973,GEN,
3974,OBC-NCL,734
3975,GEN,
3976,ST,11
3977,GEN,
3978,OBC-NCL,735
3979,GEN,
3980,GEN,
3981,GEN-EWS,425
3982,GEN-EWS,426
3983,GEN,
3984,OBC-NCL,736
3985,OBC-NCL,737
3986,GEN,
3987,GEN,
3988,GEN,
3989,SC,96
3990,GEN,
3991,GEN-EWS,427
3991,OBC-NCL,738
3993,GEN,
3994,OBC-NCL,739
3995,GEN,
3996,OBC-NCL,740
3997,OBC-NCL,741
3998,OBC-NCL,742
3999,GEN,
4000,GEN,
4001,GEN-EWS,428
4002,GEN,
4003,GEN,
4004,SC,97
4005,GEN,
4006,GEN,
4007,GEN,
4008,GEN,
4009,GEN,
4010,GEN,
4011,GEN,
4012,GEN-EWS,429
4013,GEN,
4014,GEN,
4015,GEN,
4016,OBC-NCL,743
4017,OBC-NCL,744
4018,OBC-NCL,745
4019,OBC-NCL,746
4020,GEN-EWS,430
4021,GEN,
4022,GEN,
4023,OBC-NCL,747
4024,GEN-EWS,431
4025,GEN,
4026,GEN,
4027,GEN,
4028,OBC-NCL,748
4029,GEN,
4030,GEN,
4031,GEN,
4032,GEN,
4033,OBC-NCL,749
4034,GEN,
4035,GEN,
4036,GEN,
4037,GEN,
4038,OBC-NCL,750
4039,GEN,
4040,GEN-EWS,432
4041,GEN-EWS,433
4042,GEN,
4043,GEN,
4044,GEN,
4045,GEN,
4046,GEN,
4047,GEN,
4048,GEN,
4049,OBC-NCL,751
4050,OBC-NCL,752
4051,GEN,
4052,GEN-EWS,434
4053,GEN,
4054,GEN,
4055,GEN,
4056,GEN,
4057,OBC-NCL,753
4058,GEN,
4059,GEN-EWS,435
4060,OBC-NCL,754
4061,GEN,
4062,GEN,
4063,GEN,
4064,GEN,
4065,GEN,
4066,OBC-NCL,755
4067,GEN,
4068,GEN,
4069,GEN,
4070,GEN,
4071,GEN,
4072,GEN,
4073,OBC-NCL,756
4074,GEN-EWS,436
4075,GEN,
4076,GEN,
4077,GEN,
4078,SC,98
4079,GEN,
4080,GEN,
4081,GEN,
4082,GEN-EWS,437
4083,GEN,
4084,GEN,
4085,GEN,
4086,GEN,
4087,GEN,
4088,GEN-EWS,438
4089,GEN,
4090,OBC-NCL,757
4091,GEN,
4092,GEN,
4093,GEN,
4094,GEN,
4095,GEN,
4096,GEN,
4097,GEN,
4098,GEN-EWS,439
4099,GEN,
4100,GEN,
4101,GEN,
4102,GEN,
4103,GEN-EWS,440
4104,GEN-EWS,441
4105,GEN,
4106,GEN,
4107,OBC-NCL,758
4108,GEN,
4109,GEN,
4110,GEN,
4111,GEN-EWS,442
4112,GEN-EWS,443
4113,OBC-NCL,759
4114,GEN,
4115,GEN,
4116,GEN,
4117,OBC-NCL,760
4118,OBC-NCL,761
4119,OBC-NCL,762
4120,GEN,
4121,GEN,
4122,GEN,
4123,GEN,
4124,GEN,
4125,OBC-NCL,763
4126,GEN,
4127,OBC-NCL,764
4128,GEN,
4129,GEN,
4130,GEN,
4131,GEN,
4132,OBC-NCL,765
4133,OBC-NCL,766
4134,OBC-NCL,767
4135,GEN,
4136,GEN,
4137,GEN,
4138,GEN,
4139,OBC-NCL,768
4140,GEN,
4141,OBC-NCL,769
4142,OBC-NCL,770
4143,GEN-EWS,444
4144,GEN,
4145,OBC-NCL,771
4146,GEN-EWS,445
4147,GEN,
4148,OBC-NCL,772
4149,GEN,
4150,OBC-NCL,773
4151,GEN-EWS,446
4152,GEN,
4153,GEN,
4154,GEN,
4155,GEN,
4156,GEN-EWS,447
4157,OBC-NCL,774
4158,GEN,
4159,GEN,
4160,OBC-NCL,775
4161,GEN,
4162,OBC-NCL,776
4163,GEN,
4164,GEN,
4165,GEN,
4166,GEN,
4167,GEN,
4168,GEN,
4169,GEN,
4170,GEN,
4171,GEN-EWS,448
4172,GEN,
4173,GEN,
4174,GEN-EWS,449
4175,GEN,
4176,GEN,
4177,GEN,
4178,GEN-EWS,450
4179,GEN-EWS,451
4180,GEN,
4181,OBC-NCL,777
4182,GEN,
4183,GEN,
4184,GEN,
4185,GEN,
4186,SC,99
4187,GEN,
4188,GEN-EWS,452
4189,GEN,
4190,GEN-EWS,453
4191,OBC-NCL,778
4192,OBC-NCL,779
4193,GEN,
4194,GEN,
4195,OBC-NCL,780
4196,SC,100
4197,GEN-EWS,454
4198,OBC-NCL,781
4199,OBC-NCL,782
4200,GEN-EWS,455
4201,GEN-EWS,456
4202,GEN,
4203,GEN,
4204,OBC-NCL,783
4205,GEN-EWS,457
4206,OBC-NCL,784
4207,GEN-EWS,458
4208,GEN,
4209,GEN,
4210,GEN,
4211,GEN,
4212,GEN,
4213,GEN,
4214,OBC-NCL,785
4215,GEN,
4216,GEN,
4217,GEN,
4218,GEN,
4219,OBC-NCL,786
4220,GEN-EWS,459
4221,OBC-NCL,787
4222,GEN,
4223,GEN-EWS,460
4224,GEN,
4225,GEN-EWS,461
4226,GEN-EWS,462
4227,GEN,
4228,GEN,
4229,GEN,
4230,GEN-EWS,463
4231,GEN,
4232,GEN,
4233,GEN,
4234,GEN,
4235,GEN,
4236,GEN,
4237,GEN-EWS,464
4238,GEN,
4239,GEN-EWS,465
4240,GEN,
4241,OBC-NCL,788
4242,GEN,
4243,GEN-EWS,466
4244,OBC-NCL,789
4245,GEN,
4246,GEN,
4247,GEN-EWS,467
4248,GEN-EWS,468
4249,OBC-NCL,790
4250,GEN,
4251,OBC-NCL,791
4252,GEN,
4253,GEN,
4254,GEN-EWS,469
4255,GEN,
4256,GEN,
4257,OBC-NCL,792
4258,OBC-NCL,793
4259,GEN,
4260,GEN-EWS,470
4261,GEN,
4262,GEN,
4263,GEN-EWS,471
4264,GEN-EWS,472
4265,GEN,
4266,OBC-NCL,794
4267,GEN,
4268,GEN,
4269,GEN,
4270,GEN,
4271,OBC-NCL,795
4272,GEN-EWS,473
4273,GEN-EWS,474
4274,GEN,
4275,GEN,
4276,GEN,
4277,GEN,
4278,OBC-NCL,796
4279,GEN,
4280,GEN,
4281,GEN,
4282,GEN,
4283,GEN,
4284,GEN,
4285,GEN,
4286,OBC-NCL,797
4287,GEN,
4288,GEN,
4289,GEN,
4290,OBC-NCL,798
4291,GEN-EWS,475
4292,GEN,
4293,SC,101
4294,GEN,
4295,GEN,
4296,SC,102
4297,GEN,
4298,OBC-NCL,799
4299,GEN-EWS,476
4300,OBC-NCL,800
4301,GEN,
4302,GEN,
4303,GEN,
4304,GEN,
4305,OBC-NCL,801
4306,GEN,
4307,GEN,
4308,GEN,
4309,OBC-NCL,802
4310,GEN,
4311,GEN,
4312,GEN,
4313,GEN,
4314,GEN,
4315,GEN,
4316,OBC-NCL,803
4317,OBC-NCL,804
4318,GEN,
4319,GEN,
4320,GEN-EWS,477
4321,OBC-NCL,805
4322,GEN,
4323,GEN-EWS,478
4324,OBC-NCL,806
4325,GEN,
4326,OBC-NCL,807
4327,OBC-NCL,808
4328,GEN,
4329,GEN,
4330,OBC-NCL,809
4331,GEN,
4332,OBC-NCL,810
4333,OBC-NCL,811
4334,GEN,
4335,GEN,
4336,GEN,
4337,OBC-NCL,812
4338,OBC-NCL,813
4339,OBC-NCL,814
4340,GEN,
4341,GEN,
4342,OBC-NCL,815
4343,OBC-NCL,816
4344,GEN,
4345,GEN,
4346,GEN,
4347,GEN,
4348,GEN,
4349,GEN,
4350,GEN,
4351,OBC-NCL,817
4352,GEN,
4353,GEN,
4354,GEN,
4355,GEN,
4356,GEN,
4357,OBC-NCL,818
4358,GEN,
4359,OBC-NCL,819
4360,GEN,
4361,GEN-EWS,479
4362,GEN,
4363,OBC-NCL,820
4364,GEN,
4365,OBC-NCL,821
4366,GEN,
4367,GEN,
4368,GEN,
4369,OBC-NCL,822
4370,GEN,
4371,GEN,
4372,OBC-NCL,823
4373,GEN,
4374,OBC-NCL,824
4375,GEN-EWS,480
4376,OBC-NCL,825
4377,OBC-NCL,826
4378,OBC-NCL,827
4379,GEN,
4380,OBC-NCL,828
4381,GEN,
4382,GEN,
4383,ST,12
4384,GEN,
4385,GEN,
4386,GEN,
4387,SC,103
4388,GEN,
4389,GEN,
4390,GEN,
4391,GEN,
4392,GEN,
4393,GEN-EWS,481
4394,GEN,
4395,OBC-NCL,829
4396,GEN,
4397,GEN,
4398,GEN-EWS,482
4399,GEN,
4399,GEN-EWS,483
4401,SC,104
4402,GEN,
4403,GEN,
4404,GEN,
4405,GEN,
4406,GEN,
4407,OBC-NCL,830
4408,GEN,
4409,GEN,
4410,GEN,
4411,GEN,
4412,GEN,
4413,GEN,
4414,GEN,
4415,GEN-EWS,484
4416,GEN,
4417,GEN,
4418,OBC-NCL,831
4419,OBC-NCL,832
4420,GEN,
4421,GEN,
4422,GEN,
4423,GEN,
4424,GEN-EWS,485
4425,GEN,
4426,GEN,
4427,OBC-NCL,833
4428,OBC-NCL,834
4429,GEN,
4430,OBC-NCL,835
4431,GEN-EWS,486
4432,OBC-NCL,836
4433,GEN,
4434,GEN,
4435,GEN,
4436,GEN,
4437,GEN,
4438,GEN,
4439,GEN,
4440,GEN,
4441,GEN,
4442,OBC-NCL,837
4443,GEN-EWS,487
4444,GEN,
4445,SC,105
4446,GEN,
4447,OBC-NCL,838
4448,GEN,
4449,GEN-EWS,488
4450,GEN,
4451,GEN,
4452,GEN,
4453,GEN,
4454,OBC-NCL,839
4455,OBC-NCL,840
4456,OBC-NCL,841
4457,GEN,
4458,OBC-NCL,842
4459,GEN,
4460,OBC-NCL,843
4461,OBC-NCL,844
4462,OBC-NCL,845
4463,GEN,
4464,OBC-NCL,846
4465,GEN,
4466,GEN-EWS,489
4467,OBC-NCL,847
4468,GEN,
4469,GEN,
4470,GEN,
4471,OBC-NCL,848
4472,GEN-EWS,490
4473,GEN,
4474,GEN-EWS,491
4475,OBC-NCL,849
4476,OBC-NCL,850
4477,OBC-NCL,851
4478,GEN,
4479,GEN,
4480,GEN,
4481,OBC-NCL,852
4482,GEN,
4483,OBC-NCL,853
4484,GEN,
4485,GEN,
4486,GEN,
4487,OBC-NCL,854
4488,OBC-NCL,855
4489,GEN-EWS,492
4490,GEN,
4491,GEN,
4492,GEN-EWS,493
4493,SC,106
4494,GEN,
4495,OBC-NCL,856
4496,GEN-EWS,494
4497,GEN,
4498,GEN,
4499,GEN,
4500,GEN,
4501,GEN,
4502,GEN,
4503,GEN,
4504,GEN,
4505,GEN-EWS,495
4506,GEN,
4507,GEN,
4508,GEN,
4509,GEN,
4510,OBC-NCL,857
4511,SC,107
4512,GEN,
4513,GEN,
4514,GEN,
4515,GEN,
4516,GEN,
4517,GEN,
4518,GEN-EWS,496
4519,GEN,
4520,GEN,
4521,GEN,
4522,GEN,
4523,GEN,
4524,GEN-EWS,497
4525,SC,108
4526,OBC-NCL,858
4527,GEN,
4528,GEN,
4529,GEN-EWS,498
4530,GEN,
4531,GEN-EWS,499
4532,GEN-EWS,500
4533,GEN-EWS,501
4534,OBC-NCL,859
4535,GEN,
4536,GEN,
4537,GEN,
4538,OBC-NCL,860
4539,GEN,
4540,GEN-EWS,502
4541,GEN,
4542,GEN,
4543,GEN-EWS,503
4544,GEN,
4545,GEN,
4546,GEN-EWS,504
4547,OBC-NCL,861
4548,SC,109
4549,GEN,
4550,OBC-NCL,862
4551,GEN,
4552,GEN,
4553,GEN,
4554,OBC-NCL,863
4555,OBC-NCL,864
4556,GEN,
4557,OBC-NCL,865
4558,OBC-NCL,866
4559,GEN,
4560,GEN,
4561,GEN-EWS,505
4562,SC,110
4563,OBC-NCL,867
4564,GEN,
4565,GEN,
4565,GEN,
4567,GEN,
4568,OBC-NCL,868
4569,OBC-NCL,869
4570,GEN,
4571,GEN,
4572,GEN,
4573,GEN,
4574,SC,111
4575,GEN,
4576,GEN,
4577,GEN,
4578,OBC-NCL,870
4579,GEN-EWS,506
4580,GEN,
4581,GEN,
4582,OBC-NCL,871
4583,OBC-NCL,872
4584,GEN,
4585,GEN,
4586,GEN,
4587,GEN-EWS,507
4588,GEN,
4589,GEN,
4590,GEN,
4591,GEN-EWS,508
4592,GEN,
4593,GEN,
4594,GEN,
4595,GEN,
4596,GEN-EWS,509
4597,GEN-EWS,510
4598,GEN-EWS,511
4599,GEN-EWS,512
4600,GEN,
4601,GEN,
4602,OBC-NCL,873
4603,OBC-NCL,874
4604,GEN,
4605,GEN,
4606,GEN,
4607,GEN,
4608,GEN,
4609,GEN,
4610,GEN-EWS,513
4611,OBC-NCL,875
4612,GEN,
4613,OBC-NCL,876
4614,OBC-NCL,877
4615,GEN-EWS,514
4616,GEN,
4617,OBC-NCL,878
4618,GEN,
4619,GEN,
4620,GEN,
4621,OBC-NCL,879
4622,GEN,
4623,GEN,
4624,GEN,
4625,GEN,
4626,GEN,
4627,GEN,
4628,GEN,
4629,GEN,
4630,GEN,
4631,GEN,
4632,GEN,
4633,GEN,
4634,GEN-EWS,515
4635,GEN,
4636,GEN,
4637,GEN,
4638,GEN,
4639,GEN,
4640,GEN,
4641,OBC-NCL,880
4642,OBC-NCL,881
4643,GEN-EWS,516
4644,GEN,
4645,GEN,
4646,GEN,
4647,GEN-EWS,517
4648,GEN,
4649,GEN,
4650,OBC-NCL,882
4651,GEN-EWS,518
4652,OBC-NCL,883
4653,GEN,
4654,GEN,
4655,GEN,
4656,GEN-EWS,519
4657,GEN,
4658,GEN,
4659,GEN,
4660,GEN,
4661,GEN,
4662,GEN,
4663,GEN,
4664,GEN,
4665,GEN,
4666,OBC-NCL,884
4667,GEN-EWS,520
4668,GEN-EWS,521
4669,OBC-NCL,885
4670,GEN-EWS,522
4671,OBC-NCL,886
4672,OBC-NCL,887
4673,OBC-NCL,888
4674,GEN-EWS,523
4675,GEN,
4676,OBC-NCL,889
4677,GEN,
4678,GEN,
4679,GEN,
4680,GEN,
4681,SC,112
4682,OBC-NCL,890
4683,GEN-EWS,524
4684,GEN,
4685,GEN,
4686,GEN,
4687,GEN,
4688,GEN-EWS,525
4689,GEN,
4690,GEN-EWS,526
4691,GEN,
4692,OBC-NCL,891
4693,GEN,
4694,GEN,
4695,GEN,
4696,GEN,
4697,SC,113
4698,GEN,
4699,OBC-NCL,892
4700,GEN,
4701,GEN,
4702,GEN,
4703,GEN,
4704,OBC-NCL,893
4705,GEN,
4706,GEN,
4707,GEN-EWS,527
4708,GEN-EWS,528
4709,SC,114
4710,OBC-NCL,894
4711,GEN-EWS,529
4712,GEN,
4713,GEN,
4714,GEN,
4715,GEN,
4716,GEN,
4717,GEN,
4718,GEN,
4719,OBC-NCL,895
4720,OBC-NCL,896
4721,GEN,
4722,GEN,
4723,GEN,
4724,GEN,
4724,GEN,
4726,GEN,
4727,GEN,
4728,GEN,
4729,OBC-NCL,897
4730,GEN-EWS,530
4731,GEN,
4732,OBC-NCL,898
4733,OBC-NCL,899
4734,GEN-EWS,531
4735,GEN,
4736,OBC-NCL,900
4737,GEN,
4738,GEN-EWS,532
4739,GEN,
4740,SC,115
4741,GEN,
4742,GEN,
4743,GEN,
4744,GEN-EWS,533
4745,GEN,
4746,GEN,
4747,GEN,
4748,GEN,
4749,OBC-NCL,901
4750,OBC-NCL,902
4751,GEN,
4752,GEN,
4753,GEN,
4754,GEN,
4755,GEN-EWS,534
4756,GEN,
4757,OBC-NCL,903
4758,OBC-NCL,904
4759,GEN-EWS,535
4760,GEN-EWS,536
4761,GEN,
4762,GEN,
4763,GEN,
4764,OBC-NCL,905
4765,GEN,
4766,GEN,
4767,OBC-NCL,906
4768,GEN,
4769,SC,116
4770,GEN,
4771,GEN,
4772,GEN,
4773,SC,117
4774,GEN-EWS,537
4775,GEN,
4776,GEN,
4777,GEN,
4778,OBC-NCL,907
4779,OBC-NCL,908
4780,GEN,
4781,GEN,
4782,OBC-NCL,909
4783,GEN,
4784,ST,13
4785,OBC-NCL,910
4786,GEN-EWS,538
4787,OBC-NCL,911
4788,GEN,
4789,GEN,
4790,OBC-NCL,912
4791,GEN,
4792,GEN,
4793,OBC-NCL,913
4794,GEN,
4795,OBC-NCL,914
4796,GEN,
4797,GEN,
4798,GEN,
4799,GEN,
4800,GEN,
4801,GEN-EWS,539
4802,GEN,
4803,OBC-NCL,915
4804,GEN,
4805,GEN,
4806,OBC-NCL,916
4807,OBC-NCL,917
4808,OBC-NCL,918
4809,GEN,
4810,SC,118
4811,GEN,
4811,GEN,
4813,GEN-EWS,540
4814,GEN,
4815,GEN,
4816,OBC-NCL,919
4817,GEN,
4818,GEN,
4819,GEN,
4820,OBC-NCL,920
4821,GEN,
4822,OBC-NCL,921
4823,OBC-NCL,922
4824,GEN,
4825,OBC-NCL,923
4826,GEN,
4827,GEN,
4828,GEN-EWS,541
4829,GEN,
4830,OBC-NCL,924
4831,GEN,
4832,OBC-NCL,925
4833,GEN,
4834,GEN,
4835,OBC-NCL,926
4836,GEN,
4837,GEN,
4838,GEN,
4839,OBC-NCL,927
4840,OBC-NCL,928
4841,SC,119
4842,GEN,
4843,GEN,
4844,OBC-NCL,929
4845,GEN,
4846,OBC-NCL,930
4847,GEN-EWS,542
4848,GEN,
4849,GEN,
4850,GEN,
4851,OBC-NCL,931
4852,ST,14
4853,GEN,
4854,GEN,
4855,OBC-NCL,932
4856,GEN,
4857,GEN,
4858,GEN-EWS,543
4859,GEN,
4860,OBC-NCL,933
4861,GEN,
4862,GEN,
4863,OBC-NCL,934
4864,GEN,
4865,GEN,
4866,OBC-NCL,935
4867,GEN-EWS,544
4868,GEN,
4869,GEN,
4870,GEN,
4871,GEN,
4872,GEN,
4873,GEN-EWS,545
4874,GEN-EWS,546
4875,GEN,
4876,GEN,
4877,GEN-EWS,547
4878,GEN,
4879,OBC-NCL,936
4880,OBC-NCL,937
4881,GEN,
4882,GEN,
4883,GEN,
4884,GEN,
4885,GEN,
4886,GEN,
4887,GEN,
4888,GEN,
4889,GEN,
4890,OBC-NCL,938
4891,SC,120
4892,GEN-EWS,548
4893,GEN,
4894,GEN,
4895,OBC-NCL,939
4896,OBC-NCL,940
4897,GEN,
4898,GEN,
4899,GEN-EWS,549
4900,GEN,
4901,GEN,
4902,OBC-NCL,941
4903,OBC-NCL,942
4904,GEN,
4905,GEN,
4906,GEN,
4907,GEN-EWS,550
4908,OBC-NCL,943
4909,GEN,
4910,OBC-NCL,944
4911,GEN,
4912,OBC-NCL,945
4913,OBC-NCL,946
4914,GEN,
4915,OBC-NCL,947
4916,GEN,
4917,GEN-EWS,551
4918,GEN,
4919,GEN-EWS,552
4920,OBC-NCL,948
4921,GEN-EWS,553
4922,OBC-NCL,949
4923,OBC-NCL,950
4924,GEN,
4925,GEN-EWS,554
4926,GEN,
4927,GEN,
4928,GEN,
4929,GEN-EWS,555
4930,GEN,
4931,GEN,
4932,GEN,
4933,OBC-NCL,951
4934,GEN,
4935,GEN,
4936,GEN,
4937,GEN,
4938,GEN,
4939,GEN,
4940,GEN,
4941,OBC-NCL,952
4942,OBC-NCL,953
4943,OBC-NCL,954
4944,GEN,
4945,GEN,
4946,GEN,
4947,OBC-NCL,955
4948,GEN,
4949,OBC-NCL,956
4950,OBC-NCL,957
4951,GEN-EWS,556
4952,GEN,
4953,SC,121
4954,GEN,
4955,GEN,
4956,GEN,
4957,GEN,
4958,GEN,
4959,GEN-EWS,557
4960,GEN,
4961,GEN,
4962,GEN,
4963,GEN,
4964,GEN,
4965,GEN-EWS,558
4966,GEN,
4967,GEN,
4968,OBC-NCL,958
4969,OBC-NCL,959
4970,GEN,
4971,GEN-EWS,559
4972,GEN,
4973,GEN,
4974,GEN,
4975,GEN-EWS,560
4976,GEN,
4977,GEN,
4978,OBC-NCL,960
4979,GEN,
4980,GEN,
4981,GEN,
4982,GEN,
4983,OBC-NCL,961
4984,GEN,
4985,GEN,
4986,GEN,
4987,GEN,
4988,GEN-EWS,561
4989,GEN-EWS,562
4990,GEN,
4990,GEN,
4992,GEN-EWS,563
4993,GEN,
4994,GEN,
4995,OBC-NCL,962
4996,GEN,
4997,GEN,
4998,OBC-NCL,963
4999,GEN,
5000,GEN-EWS,564
5001,GEN-EWS,565
5002,GEN,
5003,GEN,
5004,GEN,
5005,OBC-NCL,964
5006,GEN,
5007,OBC-NCL,965
5008,OBC-NCL,966
5009,GEN-EWS,566
5010,GEN-EWS,567
5011,GEN,
5011,OBC-NCL,967
5013,GEN,
5014,OBC-NCL,968
5015,OBC-NCL,969
5016,GEN,
5017,GEN,
5018,GEN-EWS,568
5019,GEN,
5020,GEN,
5021,GEN,
5022,GEN,
5023,GEN,
5024,GEN,
5025,GEN,
5026,GEN,
5027,GEN,
5028,OBC-NCL,970
5029,GEN,
5030,GEN,
5031,OBC-NCL,971
5032,GEN-EWS,569
5033,GEN-EWS,570
5034,GEN,
5035,GEN,
5036,GEN-EWS,571
5037,GEN-EWS,572
5038,GEN,
5039,GEN-EWS,573
5040,GEN-EWS,574
5041,GEN,
5042,GEN,
5043,GEN-EWS,575
5044,OBC-NCL,972
5045,GEN,
5046,OBC-NCL,973
5047,GEN,
5048,GEN,
5049,GEN,
5050,GEN,
5051,GEN,
5052,GEN,
5053,GEN-EWS,576
5054,GEN,
5055,GEN,
5056,OBC-NCL,974
5057,GEN,
5058,OBC-NCL,975
5059,OBC-NCL,976
5060,GEN,
5061,GEN-EWS,577
5062,GEN-EWS,578
5063,GEN,
5064,GEN,
5065,GEN-EWS,579
5066,GEN-EWS,580
5067,GEN,
5068,GEN,
5069,GEN,
5070,GEN,
5071,GEN,
5072,GEN-EWS,581
5073,GEN,
5074,GEN-EWS,582
5075,GEN,
5076,OBC-NCL,977
5077,OBC-NCL,978
5078,GEN,
5078,GEN-EWS,583
5080,GEN,
5081,GEN,
5082,OBC-NCL,979
5083,OBC-NCL,980
5084,GEN,
5085,GEN,
5086,GEN,
5087,OBC-NCL,981
5088,OBC-NCL,982
5089,OBC-NCL,983
5090,GEN,
5091,OBC-NCL,984
5092,GEN,
5093,GEN,
5094,GEN,
5095,GEN,
5096,OBC-NCL,985
5097,SC,122
5098,GEN,
5098,GEN,
5100,SC,123
5101,GEN-EWS,584
5102,GEN,
5103,GEN,
5104,OBC-NCL,986
5105,GEN,
5106,GEN-EWS,585
5107,GEN,
5108,GEN,
5109,GEN,
5110,GEN,
5111,GEN,
5112,OBC-NCL,987
5113,GEN,
5114,GEN,
5115,OBC-NCL,988
5116,GEN,
5117,GEN,
5118,GEN-EWS,586
5119,GEN,
5120,GEN,
5121,OBC-NCL,989
5122,GEN,
5123,GEN,
5124,GEN,
5125,GEN,
5126,OBC-NCL,990
5127,GEN,
5128,GEN,
5129,GEN-EWS,587
5130,GEN,
5131,GEN-EWS,588
5132,GEN-EWS,589
5133,GEN,
5134,OBC-NCL,991
5135,OBC-NCL,992
5136,GEN,
5137,OBC-NCL,993
5138,GEN-EWS,590
5139,GEN,
5140,GEN,
5141,OBC-NCL,994
5142,GEN,
5143,GEN,
5144,OBC-NCL,995
5145,OBC-NCL,996
5146,OBC-NCL,997
5147,GEN,
5148,GEN,
5149,GEN,
5150,GEN,
5151,GEN,
5152,GEN,
5153,OBC-NCL,998
5154,GEN,
5155,GEN,
5156,OBC-NCL,999
5157,OBC-NCL,1000
5158,GEN,
5159,GEN,
5160,SC,124
5161,GEN,
5162,GEN,
5163,GEN-EWS,591
5164,OBC-NCL,1001
5165,OBC-NCL,1002
5166,GEN,
5167,GEN,
5168,GEN,
5169,GEN,
5170,GEN,
5171,OBC-NCL,1003
5172,GEN,
5173,OBC-NCL,1004
5174,OBC-NCL,1005
5175,OBC-NCL,1006
5176,GEN,
5177,GEN,
5178,GEN,
5179,GEN,
5180,GEN-EWS,592
5181,GEN-EWS,593
5182,GEN,
5183,OBC-NCL,1007
5184,OBC-NCL,1008
5185,GEN,
5186,GEN,
5187,GEN-EWS,594
5188,GEN,
5189,GEN,
5190,GEN,
5191,GEN-EWS,595
5192,GEN,
5193,GEN,
5194,GEN,
5195,GEN,
5196,GEN,
5197,GEN,
5198,GEN,
5199,OBC-NCL,1009
5200,GEN,
5201,GEN,
5202,GEN,
5203,GEN,
5204,GEN,
5205,GEN,
5206,GEN,
5207,GEN,
5208,GEN-EWS,596
5209,GEN,
5210,GEN-EWS,597
5211,GEN,
5212,GEN,
5213,GEN,
5214,OBC-NCL,1010
5215,GEN-EWS,598
5216,GEN,
5217,OBC-NCL,1011
5218,GEN,
5219,GEN,
5220,GEN,
5221,GEN,
5222,OBC-NCL,1012
5223,GEN,
5224,GEN,
5225,GEN,
5226,GEN,
5227,OBC-NCL,1013
5228,GEN,
5229,GEN,
5230,GEN-EWS,599
5231,GEN,
5232,OBC-NCL,1014
5233,GEN,
5234,OBC-NCL,1015
5235,GEN,
5236,OBC-NCL,1016
5237,OBC-NCL,1017
5238,GEN,
5239,GEN-EWS,600
5240,GEN,
5241,GEN,
5242,GEN,
5243,GEN,
5244,GEN,
5245,GEN,
5246,GEN,
5247,OBC-NCL,1018
5248,OBC-NCL,1019
5249,GEN,
5250,GEN,
5251,GEN,
5252,GEN-EWS,601
5253,GEN,
5254,GEN,
5255,GEN,
5256,GEN,
5257,GEN-EWS,602
5258,GEN,
5259,GEN,
5260,GEN,
5261,OBC-NCL,1020
5262,GEN,
5263,GEN,
5264,GEN-EWS,603
5265,GEN,
5266,GEN,
5267,OBC-NCL,1021
5268,GEN,
5269,GEN,
5270,GEN,
5271,GEN,
5272,GEN,
5273,OBC-NCL,1022
5274,GEN,
5275,OBC-NCL,1023
5276,OBC-NCL,1024
5277,OBC-NCL,1025
5278,SC,125
5279,GEN-EWS,604
5280,OBC-NCL,1026
5281,GEN,
5282,GEN,
5283,GEN-EWS,605
5284,GEN,
5285,GEN,
5286,OBC-NCL,1027
5287,OBC-NCL,1028
5288,OBC-NCL,1029
5289,GEN,
5290,OBC-NCL,1030
5291,GEN,
5292,GEN-EWS,606
5293,GEN,
5294,OBC-NCL,1031
5295,GEN,
5296,GEN,
5297,GEN,
5298,GEN,
5299,GEN,
5300,GEN,
5301,OBC-NCL,1032
5302,OBC-NCL,1033
5303,GEN,
5304,GEN,
5305,SC,126
5306,GEN,
5307,GEN,
5308,GEN,
5309,OBC-NCL,1034
5310,OBC-NCL,1035
5311,OBC-NCL,1036
5312,GEN,
5313,GEN,
5314,GEN,
5315,OBC-NCL,1037
5316,OBC-NCL,1038
5317,GEN,
5318,GEN,
5319,GEN,
5320,GEN,
5321,OBC-NCL,1039
5322,SC,127
5323,OBC-NCL,1040
5324,OBC-NCL,1041
5325,OBC-NCL,1042
5326,GEN,
5327,GEN-EWS,607
5328,GEN,
5329,GEN,
5330,GEN,
5331,GEN,
5332,GEN,
5333,GEN,
5334,GEN,
5335,OBC-NCL,1043
5336,OBC-NCL,1044
5337,GEN,
5338,GEN,
5339,GEN,
5340,GEN,
5341,OBC-NCL,1045
5342,GEN,
5343,OBC-NCL,1046
5344,GEN-EWS,608
5345,ST,15
5346,GEN,
5347,OBC-NCL,1047
5348,GEN,
5349,GEN,
5350,GEN,
5351,GEN-EWS,609
5352,GEN,
5353,GEN-EWS,610
5354,GEN,
5355,GEN,
5356,OBC-NCL,1048
5357,GEN,
5358,GEN,
5359,GEN,
5360,GEN,
5361,OBC-NCL,1049
5362,OBC-NCL,1050
5363,GEN,
5364,GEN,
5365,GEN,
5366,GEN,
5367,GEN-EWS,611
5368,GEN,
5369,GEN,
5370,GEN,
5371,GEN,
5372,GEN,
5373,GEN,
5374,GEN,
5375,GEN,
5376,GEN,
5377,OBC-NCL,1051
5378,OBC-NCL,1052
5379,GEN,
5380,OBC-NCL,1053
5381,GEN,
5382,OBC-NCL,1054
5383,GEN,
5384,OBC-NCL,1055
5385,GEN,
5386,GEN-EWS,612
5387,OBC-NCL,1056
5388,GEN-EWS,613
5389,GEN,
5390,OBC-NCL,1057
5391,GEN,
5392,GEN,
5393,GEN,
5394,OBC-NCL,1058
5395,GEN-EWS,614
5396,GEN,
5397,GEN,
5398,GEN,
5399,GEN,
5400,OBC-NCL,1059
5401,OBC-NCL,1060
5402,GEN,
5403,GEN,
5404,OBC-NCL,1061
5405,GEN,
5406,GEN,
5407,OBC-NCL,1062
5408,GEN,
5409,GEN,
5410,GEN,
5411,GEN-EWS,615
5412,GEN,
5413,GEN,
5414,GEN,
5415,GEN,
5416,GEN,
5417,OBC-NCL,1063
5418,GEN,
5419,GEN-EWS,616
5420,GEN-EWS,617
5421,OBC-NCL,1064
5422,ST,16
5423,GEN,
5424,OBC-NCL,1065
5425,GEN,
5426,SC,128
5427,GEN-EWS,618
5428,GEN-EWS,619
5429,OBC-NCL,1066
5430,GEN,
5431,OBC-NCL,1067
5432,OBC-NCL,1068
5433,GEN,
5434,OBC-NCL,1069
5435,OBC-NCL,1070
5436,GEN,
5437,OBC-NCL,1071
5438,SC,129
5439,GEN,
5440,GEN,
5441,SC,130
5442,OBC-NCL,1072
5443,GEN,
5444,GEN,
5445,GEN,
5446,GEN,
5447,GEN,
5448,OBC-NCL,1073
5449,GEN-EWS,620
5450,OBC-NCL,1074
5451,GEN,
5452,GEN,
5453,OBC-NCL,1075
5454,GEN,
5455,GEN-EWS,621
5456,OBC-NCL,1076
5457,GEN,
5458,OBC-NCL,1077
5459,GEN-EWS,622
5460,GEN,
5461,OBC-NCL,1078
5462,GEN,
5463,GEN,
5464,GEN,
5465,OBC-NCL,1079
5466,GEN,
5467,GEN,
5468,OBC-NCL,1080
5469,GEN,
5470,OBC-NCL,1081
5471,SC,131
5472,GEN,
5472,GEN,
5474,GEN,
5475,GEN,
5476,GEN,
5477,GEN,
5478,GEN,
5479,GEN,
5480,GEN,
5481,GEN,
5482,GEN,
5483,GEN,
5484,OBC-NCL,1082
5485,GEN-EWS,623
5486,GEN-EWS,624
5487,GEN,
5488,GEN,
5489,OBC-NCL,1083
5490,GEN,
5491,GEN,
5492,GEN,
5493,GEN,
5494,GEN,
5495,GEN,
5496,GEN,
5497,GEN,
5498,GEN,
5499,GEN,
5500,OBC-NCL,1084
5501,GEN,
5502,OBC-NCL,1085
5503,OBC-NCL,1086
5504,GEN,
5505,GEN,
5506,GEN-EWS,625
5507,GEN,
5508,GEN,
5509,GEN,
5510,GEN-EWS,626
5511,GEN-EWS,627
5512,GEN,
5513,GEN,
5514,GEN-EWS,628
5515,GEN,
5516,GEN,
5517,GEN,
5518,GEN,
5519,OBC-NCL,1087
5520,SC,132
5521,OBC-NCL,1088
5522,GEN,
5523,OBC-NCL,1089
5524,GEN,
5525,GEN,
5526,GEN-EWS,629
5527,GEN,
5528,GEN,
5529,GEN,
5530,GEN,
5531,GEN-EWS,630
5532,OBC-NCL,1090
5533,GEN-EWS,631
5534,GEN,
5535,GEN,
5536,GEN,
5537,GEN,
5538,GEN,
5539,GEN,
5540,GEN,
5541,GEN,
5542,GEN,
5543,GEN-EWS,632
5544,GEN-EWS,633
5545,GEN,
5546,GEN,
5547,SC,133
5548,GEN,
5549,GEN,
5550,GEN,
5551,GEN,
5552,OBC-NCL,1091
5553,OBC-NCL,1092
5554,GEN,
5555,GEN,
5556,GEN,
5557,GEN,
5558,GEN,
5559,GEN,
5560,GEN,
5561,OBC-NCL,1093
5562,GEN,
5563,GEN-EWS,634
5564,OBC-NCL,1094
5565,OBC-NCL,1095
5566,GEN,
5567,GEN,
5568,OBC-NCL,1096
5569,GEN-EWS,635
5570,OBC-NCL,1097
5571,OBC-NCL,1098
5572,GEN,
5573,GEN,
5574,GEN,
5575,GEN,
5576,OBC-NCL,1099
5577,GEN,
5578,GEN,
5579,GEN-EWS,636
5580,GEN,
5581,OBC-NCL,1100
5582,GEN,
5583,GEN,
5584,OBC-NCL,1101
5585,OBC-NCL,1102
5586,OBC-NCL,1103
5587,SC,134
5588,GEN,
5589,OBC-NCL,1104
5590,OBC-NCL,1105
5591,GEN,
5592,OBC-NCL,1106
5593,GEN,
5594,GEN,
5595,GEN-EWS,637
5596,GEN,
5597,GEN-EWS,638
5598,GEN,
5599,GEN,
5600,GEN,
5601,GEN,
5602,GEN,
5603,GEN,
5604,GEN,
5605,GEN-EWS,639
5606,OBC-NCL,1107
5607,OBC-NCL,1108
5608,OBC-NCL,1109
5609,GEN,
5610,GEN,
5611,OBC-NCL,1110
5612,GEN,
5613,GEN-EWS,640
5614,OBC-NCL,1111
5615,OBC-NCL,1112
5616,GEN,
5617,GEN,
5618,GEN,
5619,GEN-EWS,641
5620,OBC-NCL,1113
5621,GEN,
5622,OBC-NCL,1114
5623,GEN,
5624,GEN,
5625,GEN-EWS,642
5626,GEN,
5627,SC,135
5628,GEN,
5629,GEN,
5630,GEN-EWS,643
5631,GEN,
5632,GEN,
5633,GEN,
5634,OBC-NCL,1115
5635,GEN,
5636,OBC-NCL,1116
5637,GEN,
5638,GEN-EWS,644
5639,SC,136
5640,GEN,
5641,GEN,
5642,OBC-NCL,1117
5643,GEN-EWS,645
5644,GEN,
5645,OBC-NCL,1118
5646,GEN,
5647,SC,137
5648,OBC-NCL,1119
5649,OBC-NCL,1120
5650,GEN,
5651,GEN-EWS,646
5652,GEN,
5653,GEN-EWS,647
5654,GEN,
5655,GEN,
5656,GEN,
5657,GEN-EWS,648
5658,GEN-EWS,649
5659,OBC-NCL,1121
5660,GEN,
5661,GEN,
5662,OBC-NCL,1122
5663,GEN,
5664,GEN-EWS,650
5665,GEN,
5666,GEN,
5667,GEN,
5668,GEN,
5669,OBC-NCL,1123
5670,GEN,
5671,GEN,
5672,GEN,
5673,GEN,
5674,GEN,
5675,GEN,
5676,GEN,
5677,GEN,
5678,GEN-EWS,651
5679,GEN-EWS,652
5680,OBC-NCL,1124
5681,GEN,
5682,GEN,
5683,GEN,
5684,GEN,
5685,SC,138
5686,GEN,
5687,OBC-NCL,1125
5688,GEN-EWS,653
5689,GEN,
5690,GEN-EWS,654
5691,GEN,
5692,GEN,
5693,OBC-NCL,1126
5694,OBC-NCL,1127
5695,GEN,
5696,GEN,
5697,OBC-NCL,1128
5698,OBC-NCL,1129
5699,OBC-NCL,1130
5700,GEN,
5701,GEN,
5702,GEN,
5703,GEN,
5704,GEN,
5705,GEN,
5706,GEN,
5707,GEN,
5708,GEN-EWS,655
5709,OBC-NCL,1131
5710,GEN,
5711,OBC-NCL,1132
5712,GEN,
5713,OBC-NCL,1133
5714,OBC-NCL,1134
5715,GEN,
5716,GEN,
5717,GEN,
5718,GEN,
5719,OBC-NCL,1135
5720,GEN,
5721,GEN,
5722,SC,139
5723,GEN-EWS,656
5724,GEN,
5725,OBC-NCL,1136
5726,OBC-NCL,1137
5727,GEN-EWS,657
5728,GEN,
5729,SC,140
5730,GEN,
5731,OBC-NCL,1138
5732,GEN,
5733,GEN,
5734,GEN,
5735,GEN,
5736,GEN-EWS,658
5737,GEN,
5738,GEN,
5739,GEN,
5740,GEN,
5741,GEN,
5742,OBC-NCL,1139
5743,OBC-NCL,1140
5744,OBC-NCL,1141
5745,GEN-EWS,659
5746,GEN,
5747,GEN,
5748,GEN,
5749,GEN-EWS,660
5750,GEN,
5751,GEN,
5752,GEN-EWS,661
5753,GEN,
5754,GEN,
5755,GEN,
5756,OBC-NCL,1142
5757,GEN,
5758,GEN,
5759,GEN,
5760,OBC-NCL,1143
5761,GEN,
5762,GEN,
5763,OBC-NCL,1144
5764,SC,141
5765,GEN,
5766,OBC-NCL,1145
5767,GEN,
5768,GEN,
5769,GEN,
5770,GEN,
5771,GEN-EWS,662
5772,OBC-NCL,1146
5773,GEN,
5774,GEN-EWS,663
5775,GEN,
5776,GEN,
5777,GEN,
5778,GEN,
5779,GEN,
5780,GEN,
5781,GEN-EWS,664
5782,OBC-NCL,1147
5783,GEN,
5784,OBC-NCL,1148
5785,GEN,
5786,GEN,
5787,GEN,
5788,GEN,
5789,GEN,
5790,GEN,
5791,GEN,
5792,GEN,
5793,OBC-NCL,1149
5794,ST,17
5795,GEN,
5796,GEN-EWS,665
5797,OBC-NCL,1150
5798,OBC-NCL,1151
5799,OBC-NCL,1152
5800,OBC-NCL,1153
5801,GEN,
5802,GEN,
5803,GEN,
5804,GEN,
5805,GEN,
5806,GEN,
5807,GEN,
5808,OBC-NCL,1154
5809,GEN,
5810,GEN-EWS,666
5811,GEN,
5812,GEN,
5813,GEN,
5814,GEN,
5815,GEN,
5816,GEN-EWS,667
5817,ST,18
5818,OBC-NCL,1155
5819,OBC-NCL,1156
5820,GEN,
5821,GEN,
5822,OBC-NCL,1157
5823,OBC-NCL,1158
5824,GEN,
5825,OBC-NCL,1159
5826,GEN,
5827,GEN,
5828,OBC-NCL,1160
5829,GEN,
5830,GEN,
5831,GEN,
5832,GEN,
5833,GEN,
5834,GEN,
5835,GEN-EWS,668
5836,GEN,
5837,OBC-NCL,1161
5838,OBC-NCL,1162
5839,GEN,
5840,GEN,
5841,GEN,
5842,OBC-NCL,1163
5843,GEN,
5844,GEN-EWS,669
5845,GEN,
5846,GEN,
5847,GEN-EWS,670
5848,GEN,
5849,GEN-EWS,671
5850,GEN,
5851,GEN,
5852,GEN,
5853,GEN-EWS,672
5854,OBC-NCL,1164
5855,GEN,
5856,SC,142
5857,GEN,
5858,GEN,
5859,OBC-NCL,1165
5860,GEN,
5861,GEN,
5862,OBC-NCL,1166
5863,GEN,
5864,GEN,
5865,GEN,
5866,OBC-NCL,1167
5867,GEN,
5868,GEN,
5869,GEN,
5870,OBC-NCL,1168
5871,GEN,
5872,OBC-NCL,1169
5873,GEN-EWS,673
5874,GEN,
5875,GEN,
5876,GEN-EWS,674
5877,GEN,
5878,GEN,
5879,GEN,
5880,GEN-EWS,675
5881,GEN,
5882,OBC-NCL,1170
5883,GEN,
5884,OBC-NCL,1171
5885,OBC-NCL,1172
5886,OBC-NCL,1173
5887,GEN,
5888,GEN,
5889,OBC-NCL,1174
5890,GEN,
5891,GEN,
5892,GEN,
5893,GEN,
5894,GEN,
5895,OBC-NCL,1175
5896,GEN,
5897,OBC-NCL,1176
5898,GEN,
5899,GEN,
5900,GEN,
5901,OBC-NCL,1177
5902,GEN,
5903,GEN-EWS,676
5904,GEN-EWS,677
5905,GEN,
5906,OBC-NCL,1178
5907,GEN,
5907,GEN-EWS,678
5909,GEN,
5910,OBC-NCL,1179
5911,GEN,
5911,OBC-NCL,1180
5913,GEN,
5914,OBC-NCL,1181
5915,OBC-NCL,1182
5916,GEN,
5917,GEN,
5918,OBC-NCL,1183
5919,GEN-EWS,679
5920,GEN,
5921,OBC-NCL,1184
5922,OBC-NCL,1185
5923,GEN,
5924,OBC-NCL,1186
5925,GEN,
5926,GEN,
5927,GEN,
5928,GEN,
5929,GEN,
5930,GEN,
5931,OBC-NCL,1187
5932,GEN,
5933,GEN-EWS,680
5934,GEN,
5935,OBC-NCL,1188
5936,OBC-NCL,1189
5937,GEN,
5938,OBC-NCL,1190
5939,GEN,
5940,GEN,
5941,GEN,
5942,OBC-NCL,1191
5943,GEN,
5944,GEN-EWS,681
5945,GEN-EWS,682
5946,GEN,
5947,GEN,
5948,GEN,
5949,GEN,
5950,GEN-EWS,683
5951,GEN-EWS,684
5952,GEN,
5953,OBC-NCL,1192
5954,GEN,
5955,SC,143
5956,OBC-NCL,1193
5957,GEN,
5958,GEN-EWS,685
5959,GEN,
5960,GEN-EWS,686
5961,GEN-EWS,687
5962,OBC-NCL,1194
5963,GEN,
5964,GEN,
5965,OBC-NCL,1195
5966,GEN,
5967,GEN,
5968,GEN,
5969,GEN,
5970,GEN,
5971,GEN,
5972,OBC-NCL,1196
5973,GEN,
5974,OBC-NCL,1197
5975,OBC-NCL,1198
5976,GEN,
5977,GEN,
5978,OBC-NCL,1199
5979,GEN,
5980,OBC-NCL,1200
5981,GEN,
5982,GEN,
5983,GEN,
5984,GEN,
5985,GEN-EWS,688
5986,GEN,
5987,GEN-EWS,689
5988,GEN,
5989,GEN,
5990,GEN-EWS,690
5991,OBC-NCL,1201
5992,GEN-EWS,691
5993,GEN-EWS,692
5993,OBC-NCL,1202
5995,GEN-EWS,693
5996,GEN-EWS,694
5997,OBC-NCL,1203
5998,GEN,
5999,GEN,
6000,GEN,
6001,OBC-NCL,1204
6002,OBC-NCL,1205
6003,GEN,
6004,GEN,
6005,OBC-NCL,1206
6006,GEN,
6007,OBC-NCL,1207
6008,GEN,
6009,GEN,
6010,GEN,
6011,GEN-EWS,695
6012,OBC-NCL,1208
6013,OBC-NCL,1209
6014,OBC-NCL,1210
6015,GEN,
6016,GEN,
6017,GEN,
6018,GEN,
6019,GEN,
6020,GEN,
6021,GEN,
6022,OBC-NCL,1211
6023,GEN,
6024,GEN,
6025,GEN,
6026,GEN-EWS,696
6027,GEN,
6028,GEN,
6029,OBC-NCL,1212
6030,OBC-NCL,1213
6031,GEN,
6032,GEN,
6033,OBC-NCL,1214
6034,OBC-NCL,1215
6035,GEN,
6036,GEN,
6037,GEN,
6038,GEN,
6039,GEN,
6040,GEN-EWS,697
6041,GEN,
6042,OBC-NCL,1216
6043,GEN,
6044,GEN,
6045,OBC-NCL,1217
6046,GEN,
6047,GEN,
6048,GEN,
6049,GEN,
6050,GEN,
6051,GEN,
6052,GEN,
6053,GEN,
6054,GEN,
6055,OBC-NCL,1218
6056,GEN,
6057,GEN,
6058,OBC-NCL,1219
6059,GEN-EWS,698
6060,GEN-EWS,699
6061,GEN,
6062,GEN,
6063,OBC-NCL,1220
6064,GEN,
6065,OBC-NCL,1221
6066,OBC-NCL,1222
6067,GEN,
6068,GEN,
6069,GEN,
6070,OBC-NCL,1223
6071,OBC-NCL,1224
6072,GEN,
6073,GEN,
6074,GEN,
6075,GEN,
6076,GEN,
6077,GEN-EWS,700
6078,GEN-EWS,701
6079,GEN,
6080,GEN,
6081,GEN,
6082,GEN,
6083,OBC-NCL,1225
6084,GEN,
6085,GEN,
6086,SC,144
6087,OBC-NCL,1226
6088,GEN-EWS,702
6089,OBC-NCL,1227
6090,OBC-NCL,1228
6091,GEN,
6092,GEN-EWS,703
6093,GEN,
6094,GEN,
6095,GEN,
6096,GEN,
6097,GEN-EWS,704
6098,OBC-NCL,1229
6099,GEN,
6100,GEN,
6101,OBC-NCL,1230
6102,GEN,
6103,GEN-EWS,705
6104,GEN,
6105,GEN,
6106,GEN,
6107,OBC-NCL,1231
6108,OBC-NCL,1232
6109,GEN,
6110,GEN,
6111,GEN,
6112,GEN-EWS,706
6113,GEN,
6114,GEN,
6115,GEN,
6116,OBC-NCL,1233
6117,GEN,
6118,GEN,
6119,GEN,
6120,GEN-EWS,707
6121,GEN,
6122,OBC-NCL,1234
6123,GEN,
6124,GEN-EWS,708
6125,GEN-EWS,709
6126,OBC-NCL,1235
6127,GEN,
6128,GEN,
6129,GEN,
6130,OBC-NCL,1236
6131,GEN-EWS,710
6132,GEN,
6133,GEN,
6134,GEN,
6135,OBC-NCL,1237
6136,GEN-EWS,711
6137,OBC-NCL,1238
6138,GEN-EWS,712
6139,GEN,
6140,GEN,
6141,GEN,
6142,GEN,
6143,OBC-NCL,1239
6144,GEN,
6145,GEN-EWS,713
6146,OBC-NCL,1240
6147,GEN-EWS,714
6148,GEN,
6149,GEN,
6150,OBC-NCL,1241
6151,GEN,
6152,GEN,
6153,GEN,
6154,GEN,
6155,GEN,
6156,OBC-NCL,1242
6157,GEN-EWS,715
6158,GEN,
6159,GEN,
6160,GEN,
6161,GEN,
6162,SC,145
6163,GEN,
6164,GEN,
6165,GEN,
6166,OBC-NCL,1243
6167,GEN,
6168,GEN,
6169,GEN,
6170,GEN-EWS,716
6171,GEN,
6172,OBC-NCL,1244
6173,GEN,
6174,GEN-EWS,717
6175,GEN,
6176,OBC-NCL,1245
6177,OBC-NCL,1246
6178,GEN,
6179,GEN,
6180,GEN-EWS,718
6181,OBC-NCL,1247
6182,GEN,
6183,OBC-NCL,1248
6184,GEN,
6185,GEN-EWS,719
6186,GEN,
6187,GEN,
6188,GEN,
6189,OBC-NCL,1249
6190,GEN,
6191,GEN,
6192,OBC-NCL,1250
6193,GEN,
6194,GEN,
6195,GEN,
6196,GEN,
6197,GEN,
6198,GEN,
6199,GEN,
6200,SC,146
6201,GEN,
6202,GEN,
6203,OBC-NCL,1251
6204,GEN,
6205,GEN,
6206,GEN,
6207,OBC-NCL,1252
6208,GEN,
6209,GEN,
6210,GEN-EWS,720
6211,OBC-NCL,1253
6212,GEN,
6213,SC,147
6214,OBC-NCL,1254
6215,GEN,
6216,GEN,
6217,OBC-NCL,1255
6218,OBC-NCL,1256
6219,GEN,
6220,GEN,
6221,OBC-NCL,1257
6222,GEN,
6223,GEN,
6224,OBC-NCL,1258
6225,OBC-NCL,1259
6226,OBC-NCL,1260
6227,GEN,
6228,GEN,
6229,OBC-NCL,1261
6230,OBC-NCL,1262
6231,GEN-EWS,721
6232,GEN,
6233,GEN-EWS,722
6234,GEN,
6235,GEN,
6236,GEN,
6237,GEN,
6238,GEN,
6239,GEN,
6240,GEN-EWS,723
6241,OBC-NCL,1263
6242,OBC-NCL,1264
6243,GEN,
6244,GEN-EWS,724
6245,GEN-EWS,725
6246,GEN,
6247,OBC-NCL,1265
6248,GEN,
6249,OBC-NCL,1266
6250,GEN,
6251,GEN,
6252,GEN,
6253,GEN,
6254,OBC-NCL,1267
6255,OBC-NCL,1268
6256,GEN-EWS,726
6257,GEN-EWS,727
6258,SC,148
6259,OBC-NCL,1269
6260,GEN,
6261,OBC-NCL,1270
6262,GEN,
6263,GEN,
6264,GEN,
6265,GEN,
6266,OBC-NCL,1271
6267,GEN,
6268,ST,19
6269,OBC-NCL,1272
6270,GEN-EWS,728
6271,SC,149
6272,OBC-NCL,1273
6273,GEN,
6274,GEN,
6275,GEN,
6276,GEN,
6277,GEN,
6278,GEN-EWS,729
6279,GEN,
6280,OBC-NCL,1274
6281,GEN,
6282,GEN,
6283,GEN-EWS,730
6284,GEN,
6285,OBC-NCL,1275
6286,OBC-NCL,1276
6287,GEN,
6288,OBC-NCL,1277
6289,GEN,
6290,OBC-NCL,1278
6291,GEN-EWS,731
6292,GEN,
6293,GEN,
6294,GEN,
6295,GEN-EWS,732
6296,GEN,
6297,OBC-NCL,1279
6298,GEN,
6299,GEN-EWS,733
6300,OBC-NCL,1280
6301,GEN,
6302,GEN,
6303,GEN-EWS,734
6304,GEN,
6305,GEN,
6306,GEN,
6307,GEN,
6308,GEN,
6309,SC,150
6310,GEN-EWS,735
6311,GEN,
6312,GEN-EWS,736
6313,GEN-EWS,737
6314,OBC-NCL,1281
6315,GEN,
6316,GEN-EWS,738
6317,GEN,
6318,OBC-NCL,1282
6319,GEN,
6320,OBC-NCL,1283
6321,GEN,
6322,GEN,
6323,OBC-NCL,1284
6324,GEN,
6325,OBC-NCL,1285
6326,GEN,
6327,GEN,
6328,GEN-EWS,739
6329,OBC-NCL,1286
6330,GEN,
6331,GEN,
6332,GEN,
6333,GEN-EWS,740
6334,GEN,
6335,GEN,
6336,GEN,
6337,GEN-EWS,741
6338,GEN,
6339,OBC-NCL,1287
6340,GEN,
6341,GEN,
6342,GEN,
6343,GEN,
6344,GEN,
6345,GEN,
6346,GEN,
6347,GEN,
6348,GEN-EWS,742
6349,OBC-NCL,1288
6350,OBC-NCL,1289
6351,GEN,
6352,GEN,
6353,GEN,
6354,GEN,
6355,GEN,
6356,GEN,
6357,GEN,
6358,GEN,
6359,GEN,
6360,GEN,
6361,OBC-NCL,1290
6362,GEN,
6363,GEN-EWS,743
6364,OBC-NCL,1291
6365,GEN,
6366,GEN,
6367,GEN,
6368,GEN,
6369,OBC-NCL,1292
6370,GEN,
6371,OBC-NCL,1293
6372,GEN,
6373,GEN,
6374,OBC-NCL,1294
6375,GEN,
6376,GEN-EWS,744
6377,GEN,
6378,OBC-NCL,1295
6379,ST,20
6380,OBC-NCL,1296
6381,GEN,
6382,GEN,
6383,OBC-NCL,1297
6384,OBC-NCL,1298
6385,OBC-NCL,1299
6386,GEN,
6387,GEN,
6388,GEN-EWS,745
6389,SC,151
6390,GEN-EWS,746
6391,GEN,
6392,OBC-NCL,1300
6393,GEN,
6394,GEN,
6395,GEN,
6396,OBC-NCL,1301
6397,OBC-NCL,1302
6398,OBC-NCL,1303
6399,OBC-NCL,1304
6400,GEN,
6401,GEN-EWS,747
6402,GEN,
6403,SC,152
6404,OBC-NCL,1305
6405,GEN,
6406,GEN,
6407,GEN-EWS,748
6408,GEN,
6409,OBC-NCL,1306
6410,OBC-NCL,1307
6411,GEN,
6412,GEN,
6413,OBC-NCL,1308
6414,OBC-NCL,1309
6415,GEN,
6416,GEN-EWS,749
6417,GEN,
6418,GEN,
6419,GEN,
6420,SC,153
6421,GEN,
6422,GEN,
6423,OBC-NCL,1310
6424,GEN,
6425,GEN,
6426,GEN,
6427,GEN,
6428,GEN,
6429,GEN-EWS,750
6430,GEN,
6431,OBC-NCL,1311
6432,OBC-NCL,1312
6433,GEN-EWS,751
6434,GEN,
6435,GEN-EWS,752
6436,GEN,
6437,GEN,
6438,GEN-EWS,753
6439,GEN,
6440,GEN,
6441,GEN,
6442,GEN-EWS,754
6443,GEN-EWS,755
6444,GEN,
6445,GEN,
6446,GEN,
6447,GEN,
6448,SC,154
6449,GEN,
6450,GEN,
6451,OBC-NCL,1313
6452,GEN-EWS,756
6453,GEN,
6454,OBC-NCL,1314
6455,GEN,
6456,GEN,
6457,GEN,
6458,GEN,
6459,GEN,
6460,GEN,
6461,OBC-NCL,1315
6462,GEN,
6463,GEN-EWS,757
6464,OBC-NCL,1316
6465,GEN,
6466,GEN,
6467,GEN,
6468,GEN,
6469,GEN,
6470,GEN,
6471,GEN,
6472,GEN,
6473,GEN,
6474,OBC-NCL,1317
6475,GEN,
6476,GEN,
6477,GEN,
6478,GEN,
6479,GEN,
6480,GEN-EWS,758
6481,GEN,
6482,GEN,
6483,GEN,
6484,GEN,
6485,GEN,
6486,GEN-EWS,759
6487,OBC-NCL,1318
6488,GEN,
6489,OBC-NCL,1319
6490,GEN,
6491,GEN,
6492,GEN-EWS,760
6493,GEN,
6494,GEN,
6495,GEN,
6496,OBC-NCL,1320
6497,OBC-NCL,1321
6498,GEN,
6499,GEN,
6500,OBC-NCL,1322
6501,GEN,
6502,GEN,
6503,OBC-NCL,1323
6504,GEN,
6505,GEN,
6506,OBC-NCL,1324
6507,OBC-NCL,1325
6508,GEN,
6509,GEN,
6510,OBC-NCL,1326
6511,GEN,
6512,GEN,
6513,OBC-NCL,1327
6514,OBC-NCL,1328
6515,GEN-EWS,761
6516,GEN,
6517,OBC-NCL,1329
6518,OBC-NCL,1330
6519,GEN,
6520,GEN-EWS,762
6521,GEN,
6522,GEN-EWS,763
6523,GEN,
6524,GEN,
6525,SC,155
6526,GEN,
6527,GEN,
6528,GEN,
6529,GEN,
6530,GEN,
6531,GEN,
6532,GEN,
6533,GEN-EWS,764
6534,GEN,
6535,GEN,
6536,GEN,
6537,OBC-NCL,1331
6538,OBC-NCL,1332
6539,GEN,
6540,OBC-NCL,1333
6541,OBC-NCL,1334
6542,GEN,
6543,GEN-EWS,765
6544,GEN,
6544,GEN-EWS,766
6546,GEN,
6547,OBC-NCL,1335
6548,GEN,
6549,GEN,
6550,GEN-EWS,767
6551,GEN,
6552,OBC-NCL,1336
6553,GEN,
6554,GEN,
6555,GEN,
6556,OBC-NCL,1337
6557,GEN-EWS,768
6558,GEN,
6559,OBC-NCL,1338
6560,GEN,
6561,GEN,
6562,SC,156
6563,GEN,
6564,OBC-NCL,1339
6565,OBC-NCL,1340
6566,GEN,
6567,GEN,
6568,GEN,
6569,GEN,
6570,GEN,
6571,GEN,
6572,GEN-EWS,769
6573,OBC-NCL,1341
6574,GEN,
6575,OBC-NCL,1342
6576,GEN,
6577,SC,157
6578,GEN,
6579,GEN,
6580,GEN,
6581,GEN,
6582,OBC-NCL,1343
6583,GEN,
6584,GEN,
6585,OBC-NCL,1344
6586,GEN,
6587,GEN,
6588,GEN-EWS,770
6589,GEN,
6590,OBC-NCL,1345
6591,OBC-NCL,1346
6592,OBC-NCL,1347
6593,GEN,
6594,GEN,
6595,OBC-NCL,1348
6596,GEN,
6597,GEN,
6598,GEN,
6599,GEN,
6600,OBC-NCL,1349
6601,OBC-NCL,1350
6602,GEN,
6603,GEN,
6604,GEN,
6605,SC,158
6606,GEN,
6607,GEN-EWS,771
6608,OBC-NCL,1351
6609,GEN,
6610,GEN-EWS,772
6611,OBC-NCL,1352
6612,GEN,
6613,GEN,
6614,GEN,
6615,GEN,
6616,GEN,
6617,OBC-NCL,1353
6618,GEN,
6619,GEN-EWS,773
6620,GEN,
6621,GEN,
6622,OBC-NCL,1354
6623,GEN,
6624,GEN,
6625,OBC-NCL,1355
6626,GEN,
6627,OBC-NCL,1356
6628,OBC-NCL,1357
6629,GEN,
6630,GEN,
6631,GEN,
6632,SC,159
6633,OBC-NCL,1358
6634,GEN-EWS,774
6635,OBC-NCL,1359
6636,OBC-NCL,1360
6637,GEN,
6638,OBC-NCL,1361
6639,OBC-NCL,1362
6640,GEN,
6641,GEN-EWS,775
6642,OBC-NCL,1363
6643,GEN,
6644,GEN,
6645,GEN,
6646,GEN,
6647,OBC-NCL,1364
6648,OBC-NCL,1365
6649,GEN-EWS,776
6650,GEN,
6651,OBC-NCL,1366
6652,GEN,
6653,GEN,
6654,GEN,
6655,GEN,
6656,GEN,
6657,OBC-NCL,1367
6658,GEN,
6659,SC,160
6660,GEN,
6661,OBC-NCL,1368
6662,GEN,
6663,GEN-EWS,777
6664,GEN,
6665,OBC-NCL,1369
6666,GEN,
6667,GEN,
6668,GEN,
6669,GEN-EWS,778
6670,GEN-EWS,779
6671,OBC-NCL,1370
6672,GEN,
6673,GEN,
6674,GEN-EWS,780
6675,GEN,
6676,OBC-NCL,1371
6677,ST,21
6678,OBC-NCL,1372
6679,OBC-NCL,1373
6680,GEN,
6681,GEN,
6682,OBC-NCL,1374
6683,GEN,
6684,GEN,
6685,GEN,
6686,GEN-EWS,781
6687,OBC-NCL,1375
6688,GEN,
6689,GEN,
6690,SC,161
6691,OBC-NCL,1376
6692,OBC-NCL,1377
6693,GEN,
6694,GEN-EWS,782
6695,GEN-EWS,783
6696,GEN,
6697,OBC-NCL,1378
6698,GEN,
6699,GEN,
6700,GEN,
6701,GEN-EWS,784
6702,GEN,
6703,GEN-EWS,785
6704,OBC-NCL,1379
6705,GEN,
6706,GEN,
6707,GEN,
6708,OBC-NCL,1380
6709,GEN,
6710,OBC-NCL,1381
6711,GEN,
6712,GEN,
6713,GEN-EWS,786
6714,GEN,
6715,OBC-NCL,1382
6716,GEN,
6717,GEN,
6718,OBC-NCL,1383
6719,GEN-EWS,787
6720,GEN-EWS,788
6721,OBC-NCL,1384
6722,OBC-NCL,1385
6723,GEN,
6724,GEN,
6725,GEN,
6726,SC,162
6727,GEN,
6728,OBC-NCL,1386
6729,OBC-NCL,1387
6730,GEN,
6731,GEN,
6732,GEN,
6733,OBC-NCL,1388
6734,GEN,
6735,GEN,
6736,OBC-NCL,1389
6737,GEN,
6738,GEN,
6739,GEN,
6740,OBC-NCL,1390
6741,OBC-NCL,1391
6742,OBC-NCL,1392
6743,GEN,
6744,GEN,
6745,OBC-NCL,1393
6746,OBC-NCL,1394
6747,GEN,
6748,GEN,
6749,GEN,
6750,GEN-EWS,789
6751,GEN,
6752,GEN,
6753,GEN,
6754,GEN,
6755,GEN,
6756,OBC-NCL,1395
6757,GEN,
6758,GEN,
6759,GEN,
6760,GEN,
6761,GEN,
6762,GEN,
6763,GEN,
6764,GEN-EWS,790
6765,GEN,
6766,GEN,
6767,GEN-EWS,791
6768,OBC-NCL,1396
6769,GEN,
6770,OBC-NCL,1397
6771,OBC-NCL,1398
6772,GEN,
6773,GEN-EWS,792
6774,GEN,
6775,GEN,
6776,GEN,
6777,GEN-EWS,793
6778,GEN,
6779,GEN-EWS,794
6780,GEN,
6781,GEN,
6782,GEN,
6783,GEN,
6784,GEN,
6785,GEN,
6786,GEN,
6787,GEN-EWS,795
6788,OBC-NCL,1399
6789,SC,163
6790,GEN,
6791,GEN,
6792,OBC-NCL,1400
6793,GEN,
6794,GEN,
6795,OBC-NCL,1401
6796,GEN-EWS,796
6797,GEN,
6798,GEN,
6799,GEN,
6800,GEN,
6801,GEN,
6802,GEN,
6803,GEN-EWS,797
6804,GEN,
6805,GEN,
6806,GEN-EWS,798
6807,OBC-NCL,1402
6808,OBC-NCL,1403
6809,GEN-EWS,799
6810,GEN,
6811,GEN,
6812,GEN,
6813,GEN,
6814,GEN,
6815,GEN,
6816,GEN-EWS,800
6817,GEN,
6818,GEN,
6819,GEN,
6820,OBC-NCL,1404
6821,OBC-NCL,1405
6822,GEN,
6823,GEN,
6824,SC,164
6825,GEN,
6826,GEN,
6827,GEN,
6828,GEN,
6829,GEN,
6830,OBC-NCL,1406
6831,GEN,
6832,GEN,
6833,GEN-EWS,801
6834,GEN,
6835,OBC-NCL,1407
6836,GEN,
6837,GEN-EWS,802
6838,GEN,
6839,GEN-EWS,803
6840,GEN-EWS,804
6841,OBC-NCL,1408
6842,GEN-EWS,805
6843,GEN,
6844,GEN,
6845,GEN,
6846,GEN,
6847,GEN,
6848,GEN,
6849,GEN-EWS,806
6850,GEN-EWS,807
6851,GEN-EWS,808
6852,GEN,
6853,GEN,
6854,GEN,
6855,GEN,
6856,OBC-NCL,1409
6857,GEN,
6858,OBC-NCL,1410
6859,GEN,
6860,OBC-NCL,1411
6861,GEN,
6862,GEN,
6863,GEN-EWS,809
6864,GEN,
6865,GEN,
6866,OBC-NCL,1412
6867,OBC-NCL,1413
6868,OBC-NCL,1414
6869,OBC-NCL,1415
6870,GEN,
6871,GEN,
6872,GEN-EWS,810
6873,GEN,
6874,GEN,
6875,OBC-NCL,1416
6876,SC,165
6877,OBC-NCL,1417
6878,GEN,
6879,GEN,
6880,GEN-EWS,811
6881,GEN-EWS,812
6882,OBC-NCL,1418
6883,GEN,
6884,GEN-EWS,813
6885,GEN,
6886,OBC-NCL,1419
6887,OBC-NCL,1420
6888,GEN,
6889,OBC-NCL,1421
6890,GEN-EWS,814
6891,GEN,
6892,GEN,
6893,ST,22
6894,OBC-NCL,1422
6895,GEN,
6896,OBC-NCL,1423
6897,GEN,
6898,GEN,
6899,OBC-NCL,1424
6900,OBC-NCL,1425
6901,OBC-NCL,1426
6902,GEN,
6903,GEN-EWS,815
6904,OBC-NCL,1427
6905,GEN-EWS,816
6906,GEN,
6907,OBC-NCL,1428
6908,GEN,
6909,GEN,
6910,GEN,
6911,OBC-NCL,1429
6912,GEN,
6913,GEN,
6914,GEN,
6915,GEN,
6916,GEN,
6917,OBC-NCL,1430
6918,GEN-EWS,817
6919,GEN,
6920,GEN,
6921,OBC-NCL,1431
6922,OBC-NCL,1432
6923,OBC-NCL,1433
6924,GEN,
6925,OBC-NCL,1434
6926,SC,166
6927,OBC-NCL,1435
6928,OBC-NCL,1436
6929,GEN,
6930,GEN,
6931,GEN,
6932,GEN-EWS,818
6933,GEN,
6934,GEN,
6935,GEN,
6936,GEN-EWS,819
6937,GEN-EWS,820
6938,GEN,
6939,OBC-NCL,1437
6940,GEN-EWS,821
6941,OBC-NCL,1438
6942,GEN,
6943,SC,167
6944,GEN,
6945,GEN,
6946,GEN,
6947,GEN,
6948,GEN,
6949,GEN,
6950,GEN,
6951,GEN,
6952,GEN,
6953,GEN,
6954,GEN,
6955,GEN,
6956,OBC-NCL,1439
6957,GEN-EWS,822
6958,GEN,
6959,GEN-EWS,823
6960,GEN-EWS,824
6961,GEN,
6962,OBC-NCL,1440
6963,OBC-NCL,1441
6964,GEN,
6965,GEN,
6966,GEN-EWS,825
6967,OBC-NCL,1442
6968,OBC-NCL,1443
6969,GEN,
6970,GEN,
6971,GEN,
6972,OBC-NCL,1444
6973,OBC-NCL,1445
6974,GEN,
6975,OBC-NCL,1446
6976,OBC-NCL,1447
6977,OBC-NCL,1448
6978,GEN-EWS,826
6979,GEN,
6980,GEN,
6981,GEN,
6982,GEN,
6983,GEN,
6984,GEN,
6985,GEN-EWS,827
6986,GEN,
6987,GEN,
6988,GEN,
6989,GEN,
6990,GEN,
6991,GEN,
6992,GEN,
6993,OBC-NCL,1449
6994,OBC-NCL,1450
6995,GEN,
6996,GEN,
6997,OBC-NCL,1451
6998,GEN,
6999,GEN,
7000,GEN,
7001,GEN,
7002,GEN,
7003,OBC-NCL,1452
7004,OBC-NCL,1453
7005,GEN,
7006,GEN,
7007,GEN,
7008,GEN-EWS,828
7009,GEN,
7010,OBC-NCL,1454
7011,OBC-NCL,1455
7012,GEN,
7013,GEN,
7014,GEN,
7015,GEN-EWS,829
7016,GEN,
7017,GEN,
7018,GEN-EWS,830
7019,OBC-NCL,1456
7020,OBC-NCL,1457
7021,OBC-NCL,1458
7022,GEN,
7023,GEN,
7024,GEN,
7025,GEN,
7026,OBC-NCL,1459
7027,GEN,
7028,OBC-NCL,1460
7029,GEN,
7030,GEN,
7031,GEN-EWS,831
7032,OBC-NCL,1461
7033,GEN,
7034,GEN,
7035,GEN,
7036,GEN,
7037,GEN,
7038,GEN-EWS,832
7039,GEN,
7040,GEN,
7041,GEN,
7042,GEN,
7043,GEN,
7044,GEN,
7045,GEN,
7046,OBC-NCL,1462
7047,OBC-NCL,1463
7048,GEN-EWS,833
7049,GEN,
7050,GEN,
7051,GEN,
7052,GEN,
7053,GEN,
7054,OBC-NCL,1464
7055,GEN,
7056,GEN,
7057,GEN,
7058,GEN,
7059,GEN,
7060,GEN-EWS,834
7061,GEN,
7062,GEN-EWS,835
7063,GEN,
7064,GEN-EWS,836
7065,GEN,
7066,GEN,
7067,GEN,
7068,GEN-EWS,837
7069,GEN,
7070,GEN,
7071,GEN,
7072,OBC-NCL,1465
7073,GEN,
7074,GEN,
7075,GEN,
7076,OBC-NCL,1466
7077,OBC-NCL,1467
7078,GEN,
7079,GEN,
7080,OBC-NCL,1468
7081,GEN,
7082,GEN,
7083,GEN,
7084,GEN,
7085,GEN,
7086,OBC-NCL,1469
7087,SC,168
7088,OBC-NCL,1470
7089,GEN-EWS,838
7090,GEN,
7091,GEN,
7092,GEN-EWS,839
7093,OBC-NCL,1471
7094,GEN,
7095,OBC-NCL,1472
7096,SC,169
7097,GEN,
7098,GEN,
7099,GEN-EWS,840
7100,OBC-NCL,1473
7101,GEN,
7102,OBC-NCL,1474
7103,GEN-EWS,841
7104,GEN,
7105,GEN,
7106,GEN,
7107,OBC-NCL,1475
7108,GEN,
7109,GEN,
7110,GEN,
7111,GEN,
7112,GEN,
7113,GEN-EWS,842
7114,GEN,
7115,GEN,
7116,GEN,
7117,GEN-EWS,843
7118,GEN-EWS,844
7119,OBC-NCL,1476
7120,GEN,
7121,GEN,
7122,OBC-NCL,1477
7123,GEN,
7124,GEN-EWS,845
7125,GEN-EWS,846
7126,GEN-EWS,847
7127,GEN-EWS,848
7128,GEN-EWS,849
7129,GEN,
7130,GEN,
7131,GEN,
7132,GEN,
7133,GEN,
7134,SC,170
7135,GEN,
7136,OBC-NCL,1478
7137,GEN,
7138,GEN-EWS,850
7139,OBC-NCL,1479
7140,GEN,
7141,OBC-NCL,1480
7142,GEN,
7143,GEN,
7144,GEN,
7145,GEN,
7146,GEN,
7147,GEN-EWS,851
7148,GEN-EWS,852
7149,GEN-EWS,853
7150,GEN,
7151,GEN,
7152,GEN,
7153,OBC-NCL,1481
7154,GEN-EWS,854
7155,GEN,
7156,GEN,
7157,OBC-NCL,1482
7158,GEN,
7159,OBC-NCL,1483
7160,GEN,
7161,OBC-NCL,1484
7162,GEN,
7163,GEN-EWS,855
7164,GEN,
7165,GEN,
7166,GEN,
7167,GEN-EWS,856
7168,GEN,
7169,OBC-NCL,1485
7170,OBC-NCL,1486
7171,GEN,
7172,GEN,
7173,GEN,
7174,GEN-EWS,857
7175,GEN,
7176,GEN,
7177,OBC-NCL,1487
7178,GEN,
7179,GEN,
7180,GEN,
7181,GEN,
7182,OBC-NCL,1488
7183,OBC-NCL,1489
7184,OBC-NCL,1490
7185,GEN,
7186,GEN,
7187,GEN,
7188,GEN,
7189,GEN-EWS,858
7190,GEN-EWS,859
7191,GEN,
7192,GEN,
7193,GEN,
7194,OBC-NCL,1491
7195,GEN,
7196,OBC-NCL,1492
7197,OBC-NCL,1493
7198,GEN,
7199,GEN,
7200,OBC-NCL,1494
7201,OBC-NCL,1495
7202,OBC-NCL,1496
7203,GEN-EWS,860
7204,GEN,
7205,GEN,
7206,OBC-NCL,1497
7207,GEN,
7208,GEN,
7209,GEN-EWS,861
7210,GEN,
7211,GEN-EWS,862
7212,GEN,
7213,GEN,
7214,GEN,
7215,OBC-NCL,1498
7216,GEN,
7217,GEN,
7218,GEN-EWS,863
7219,GEN,
7220,GEN,
7221,OBC-NCL,1499
7222,GEN,
7223,OBC-NCL,1500
7224,GEN,
7224,OBC-NCL,1501
7226,GEN,
7227,GEN,
7228,OBC-NCL,1502
7229,OBC-NCL,1503
7230,GEN-EWS,864
7231,GEN,
7232,GEN,
7233,GEN-EWS,865
7234,GEN,
7235,GEN-EWS,866
7236,OBC-NCL,1504
7237,OBC-NCL,1505
7238,GEN,
7239,GEN,
7240,OBC-NCL,1506
7241,GEN,
7242,GEN,
7243,OBC-NCL,1507
7244,GEN,
7245,OBC-NCL,1508
7246,GEN,
7247,GEN,
7248,OBC-NCL,1509
7249,GEN,
7250,OBC-NCL,1510
7251,GEN,
7252,OBC-NCL,1511
7253,GEN,
7254,GEN,
7255,GEN-EWS,867
7256,GEN,
7257,GEN,
7258,GEN,
7259,GEN-EWS,868
7260,GEN-EWS,869
7261,GEN,
7262,GEN,
7263,GEN,
7264,GEN-EWS,870
7265,GEN,
7266,OBC-NCL,1512
7267,OBC-NCL,1513
7268,GEN,
7269,OBC-NCL,1514
7270,GEN,
7271,OBC-NCL,1515
7272,GEN,
7273,GEN,
7274,OBC-NCL,1516
7275,GEN-EWS,871
7276,GEN,
7277,GEN,
7278,OBC-NCL,1517
7279,GEN,
7280,OBC-NCL,1518
7281,GEN,
7282,GEN,
7283,GEN,
7284,GEN,
7285,GEN,
7286,GEN,
7287,GEN,
7288,OBC-NCL,1519
7289,GEN,
7290,GEN,
7291,OBC-NCL,1520
7292,OBC-NCL,1521
7293,OBC-NCL,1522
7294,GEN,
7295,GEN,
7296,GEN-EWS,872
7297,ST,23
7298,GEN,
7299,GEN-EWS,873
7300,GEN,
7301,GEN,
7302,GEN,
7303,GEN,
7304,GEN,
7305,OBC-NCL,1523
7306,GEN,
7307,GEN,
7308,GEN,
7309,GEN,
7310,OBC-NCL,1524
7311,GEN,
7312,GEN,
7313,OBC-NCL,1525
7314,GEN-EWS,874
7315,GEN,
7316,GEN,
7317,GEN,
7318,GEN-EWS,875
7319,GEN,
7320,GEN,
7321,OBC-NCL,1526
7322,GEN,
7323,OBC-NCL,1527
7324,OBC-NCL,1528
7325,GEN,
7326,GEN,
7327,OBC-NCL,1529
7328,OBC-NCL,1530
7329,GEN,
7330,GEN,
7331,GEN,
7332,GEN,
7333,GEN,
7334,GEN-EWS,876
7335,GEN,
7336,GEN,
7337,GEN-EWS,877
7338,OBC-NCL,1531
7339,OBC-NCL,1532
7340,GEN,
7341,OBC-NCL,1533
7342,GEN,
7343,GEN,
7344,GEN,
7345,GEN,
7346,GEN,
7347,GEN,
7348,OBC-NCL,1534
7349,GEN-EWS,878
7350,GEN-EWS,879
7351,SC,171
7352,OBC-NCL,1535
7353,GEN,
7354,SC,172
7355,GEN-EWS,880
7356,OBC-NCL,1536
7357,GEN,
7358,GEN-EWS,881
7359,GEN,
7360,GEN,
7361,GEN,
7362,GEN,
7363,OBC-NCL,1537
7364,GEN,
7365,GEN,
7366,OBC-NCL,1538
7367,GEN,
7368,GEN-EWS,882
7369,GEN,
7370,GEN-EWS,883
7371,GEN,
7372,OBC-NCL,1539
7373,GEN,
7374,GEN,
7375,GEN,
7376,GEN,
7377,GEN,
7378,GEN,
7379,OBC-NCL,1540
7380,OBC-NCL,1541
7381,GEN,
7382,GEN-EWS,884
7383,GEN,
7384,OBC-NCL,1542
7385,GEN,
7386,GEN,
7387,GEN,
7388,GEN,
7389,OBC-NCL,1543
7390,GEN,
7391,GEN-EWS,885
7392,OBC-NCL,1544
7393,GEN,
7393,GEN,
7395,GEN-EWS,886
7396,OBC-NCL,1545
7397,GEN,
7398,OBC-NCL,1546
7399,ST,24
7400,GEN,
7401,GEN-EWS,887
7402,GEN,
7403,OBC-NCL,1547
7404,GEN,
7405,GEN,
7406,GEN,
7407,GEN,
7408,GEN-EWS,888
7409,OBC-NCL,1548
7410,GEN,
7411,GEN-EWS,889
7412,GEN-EWS,890
7413,GEN,
7414,GEN,
7415,GEN,
7416,OBC-NCL,1549
7417,GEN,
7418,OBC-NCL,1550
7419,GEN,
7420,GEN-EWS,891
7421,GEN,
7422,GEN,
7423,GEN,
7424,GEN-EWS,892
7425,GEN,
7426,GEN-EWS,893
7427,GEN-EWS,894
7428,GEN,
7429,GEN,
7430,GEN-EWS,895
7431,GEN,
7432,GEN,
7433,GEN-EWS,896
7434,GEN,
7435,GEN,
7436,OBC-NCL,1551
7437,GEN,
7438,GEN,
7439,OBC-NCL,1552
7440,GEN,
7441,GEN,
7442,GEN-EWS,897
7443,OBC-NCL,1553
7444,GEN-EWS,898
7445,GEN-EWS,899
7446,GEN,
7447,OBC-NCL,1554
7448,GEN,
7449,GEN,
7450,OBC-NCL,1555
7451,GEN-EWS,900
7452,GEN,
7453,GEN,
7454,GEN,
7455,OBC-NCL,1556
7456,GEN,
7457,GEN,
7458,OBC-NCL,1557
7459,GEN,
7460,GEN,
7461,GEN,
7462,GEN,
7463,GEN,
7463,GEN,
7465,GEN-EWS,901
7466,SC,173
7467,SC,174
7468,GEN-EWS,902
7469,SC,175
7470,GEN,
7471,OBC-NCL,1558
7472,OBC-NCL,1559
7473,GEN-EWS,903
7474,GEN,
7475,GEN-EWS,904
7476,OBC-NCL,1560
7477,GEN,
7478,GEN,
7479,GEN,
7480,GEN-EWS,905
7481,GEN,
7482,GEN,
7483,OBC-NCL,1561
7484,GEN-EWS,906
7485,GEN,
7486,OBC-NCL,1562
7487,GEN,
7488,GEN-EWS,907
7489,GEN,
7490,GEN,
7491,OBC-NCL,1563
7492,GEN,
7493,GEN,
7494,GEN,
7495,GEN,
7496,GEN,
7497,GEN,
7498,GEN,
7499,OBC-NCL,1564
7500,GEN,
7501,GEN,
7502,GEN,
7503,GEN,
7504,GEN,
7505,GEN,
7506,OBC-NCL,1565
7507,GEN,
7508,GEN,
7509,GEN,
7510,GEN,
7511,SC,176
7512,GEN-EWS,908
7513,OBC-NCL,1566
7514,GEN-EWS,909
7515,GEN-EWS,910
7516,GEN-EWS,911
7517,GEN,
7518,OBC-NCL,1567
7519,GEN,
7520,OBC-NCL,1568
7521,GEN,
7522,GEN,
7523,GEN-EWS,912
7524,OBC-NCL,1569
7525,GEN,
7526,GEN,
7527,GEN,
7528,OBC-NCL,1570
7529,OBC-NCL,1571
7530,GEN,
7531,SC,177
7532,OBC-NCL,1572
7533,GEN,
7534,GEN,
7535,GEN,
7536,GEN,
7537,GEN,
7538,GEN,
7539,GEN,
7540,OBC-NCL,1573
7541,OBC-NCL,1574
7542,GEN-EWS,913
7543,GEN,
7544,GEN,
7545,GEN,
7546,GEN,
7547,GEN,
7548,GEN,
7549,GEN,
7550,GEN,
7551,GEN-EWS,914
7552,OBC-NCL,1575
7553,OBC-NCL,1576
7554,GEN,
7555,GEN,
7556,GEN,
7557,GEN,
7558,GEN-EWS,915
7559,GEN,
7560,GEN-EWS,916
7561,GEN,
7562,GEN-EWS,917
7563,GEN,
7564,GEN,
7565,GEN,
7566,GEN-EWS,918
7567,GEN,
7568,GEN,
7569,GEN,
7570,GEN,
7571,GEN-EWS,919
7572,OBC-NCL,1577
7573,GEN-EWS,920
7574,GEN-EWS,921
7575,GEN,
7576,OBC-NCL,1578
7577,GEN-EWS,922
7578,GEN,
7579,GEN,
7580,GEN-EWS,923
7581,OBC-NCL,1579
7582,GEN,
7583,GEN,
7584,OBC-NCL,1580
7585,OBC-NCL,1581
7586,GEN,
7587,GEN-EWS,924
7588,GEN-EWS,925
7589,GEN,
7590,OBC-NCL,1582
7591,OBC-NCL,1583
7592,GEN-EWS,926
7593,GEN,
7594,GEN,
7595,GEN,
7596,GEN,
7597,GEN,
7598,OBC-NCL,1584
7599,OBC-NCL,1585
7600,SC,178
7601,OBC-NCL,1586
7602,GEN,
7603,OBC-NCL,1587
7604,GEN,
7605,GEN,
7606,OBC-NCL,1588
7607,GEN-EWS,927
7608,ST,25
7609,OBC-NCL,1589
7610,OBC-NCL,1590
7611,GEN-EWS,928
7612,GEN,
7613,GEN,
7614,GEN,
7615,GEN,
7616,GEN,
7617,GEN,
7618,GEN-EWS,929
7619,ST,26
7620,OBC-NCL,1591
7621,GEN,
7622,GEN-EWS,930
7623,GEN,
7624,GEN,
7625,OBC-NCL,1592
7626,OBC-NCL,1593
7627,GEN,
7628,GEN,
7629,GEN,
7630,GEN,
7631,GEN,
7632,GEN,
7633,GEN,
7634,OBC-NCL,1594
7635,GEN,
7636,OBC-NCL,1595
7637,GEN-EWS,931
7638,OBC-NCL,1596
7639,GEN-EWS,932
7640,GEN,
7641,GEN,
7642,ST,27
7643,OBC-NCL,1597
7644,GEN,
7645,GEN,
7646,GEN,
7647,GEN,
7648,GEN,
7649,GEN,
7650,OBC-NCL,1598
7651,OBC-NCL,1599
7652,SC,179
7653,SC,180
7654,GEN,
7655,OBC-NCL,1600
7656,GEN-EWS,933
7657,OBC-NCL,1601
7658,OBC-NCL,1602
7659,GEN-EWS,934
7660,OBC-NCL,1603
7661,GEN,
7662,OBC-NCL,1604
7663,GEN-EWS,935
7664,GEN,
7665,OBC-NCL,1605
7666,OBC-NCL,1606
7667,GEN,
7668,GEN,
7669,GEN-EWS,936
7670,GEN,
7671,OBC-NCL,1607
7672,OBC-NCL,1608
7673,OBC-NCL,1609
7674,OBC-NCL,1610
7675,GEN-EWS,937
7676,OBC-NCL,1611
7677,GEN,
7678,OBC-NCL,1612
7679,GEN,
7680,GEN,
7681,GEN,
7682,GEN,
7683,GEN-EWS,938
7684,OBC-NCL,1613
7685,OBC-NCL,1614
7686,GEN,
7687,GEN,
7688,GEN-EWS,939
7689,GEN,
7690,GEN,
7691,OBC-NCL,1615
7692,GEN,
7693,GEN,
7694,GEN,
7695,GEN,
7696,GEN-EWS,940
7697,GEN,
7698,GEN,
7699,GEN,
7700,OBC-NCL,1616
7701,OBC-NCL,1617
7702,GEN,
7703,GEN,
7704,OBC-NCL,1618
7705,GEN-EWS,941
7706,GEN,
7707,GEN,
7708,OBC-NCL,1619
7709,GEN,
7710,OBC-NCL,1620
7711,GEN,
7712,GEN,
7713,GEN,
7714,GEN,
7715,SC,181
7716,GEN-EWS,942
7717,GEN,
7718,OBC-NCL,1621
7719,OBC-NCL,1622
7720,GEN,
7721,GEN,
7722,GEN-EWS,943
7723,OBC-NCL,1623
7724,OBC-NCL,1624
7725,GEN,
7726,GEN-EWS,944
7727,GEN,
7728,GEN,
7729,GEN,
7730,GEN,
7731,GEN-EWS,945
7732,OBC-NCL,1625
7733,OBC-NCL,1626
7734,GEN,
7735,GEN,
7736,GEN,
7737,GEN,
7738,GEN,
7739,GEN,
7740,GEN,
7741,OBC-NCL,1627
7742,GEN,
7743,OBC-NCL,1628
7744,GEN,
7745,GEN,
7746,GEN-EWS,946
7747,OBC-NCL,1629
7748,GEN,
7749,GEN,
7750,OBC-NCL,1630
7751,GEN,
7752,GEN,
7753,OBC-NCL,1631
7754,GEN,
7755,OBC-NCL,1632
7756,GEN,
7757,GEN,
7758,GEN,
7759,GEN,
7760,GEN,
7761,GEN,
7762,GEN-EWS,947
7763,GEN,
7764,GEN,
7765,GEN,
7766,OBC-NCL,1633
7767,GEN-EWS,948
7768,GEN,
7769,GEN,
7770,GEN,
7771,OBC-NCL,1634
7772,OBC-NCL,1635
7773,GEN-EWS,949
7774,GEN,
7775,OBC-NCL,1636
7776,OBC-NCL,1637
7777,GEN,
7778,GEN,
7779,GEN,
7780,GEN,
7781,OBC-NCL,1638
7782,GEN,
7783,GEN,
7784,GEN,
7785,GEN,
7786,OBC-NCL,1639
7787,GEN,
7788,GEN,
7789,OBC-NCL,1640
7790,GEN,
7791,GEN,
7792,GEN-EWS,950
7793,GEN-EWS,951
7794,GEN,
7795,GEN,
7796,GEN,
7797,GEN-EWS,952
7798,GEN-EWS,953
7799,OBC-NCL,1641
7800,GEN,
7801,GEN,
7802,GEN,
7803,GEN,
7804,SC,182
7805,OBC-NCL,1642
7806,GEN,
7807,GEN,
7808,GEN,
7809,OBC-NCL,1643
7810,GEN,
7811,OBC-NCL,1644
7812,GEN,
7813,SC,183
7814,GEN,
7815,OBC-NCL,1645
7816,SC,184
7817,GEN,
7818,GEN,
7819,OBC-NCL,1646
7820,GEN,
7821,GEN-EWS,954
7822,GEN,
7823,GEN,
7824,GEN-EWS,955
7825,OBC-NCL,1647
7826,GEN,
7827,GEN-EWS,956
7828,OBC-NCL,1648
7829,GEN,
7830,GEN,
7831,GEN,
7832,GEN-EWS,957
7833,GEN,
7834,GEN,
7835,GEN,
7836,OBC-NCL,1649
7837,GEN,
7838,GEN,
7839,GEN-EWS,958
7840,GEN,
7841,GEN,
7842,GEN,
7843,GEN-EWS,959
7844,GEN,
7845,GEN,
7846,GEN,
7847,GEN-EWS,960
7848,GEN,
7849,OBC-NCL,1650
7850,GEN-EWS,961
7851,GEN-EWS,962
7852,GEN,
7853,GEN,
7854,OBC-NCL,1651
7855,GEN-EWS,963
7856,OBC-NCL,1652
7857,GEN-EWS,964
7858,GEN-EWS,965
7859,GEN,
7860,GEN-EWS,966
7861,GEN-EWS,967
7862,GEN,
7863,OBC-NCL,1653
7864,GEN,
7865,GEN,
7866,GEN,
7867,GEN-EWS,968
7868,OBC-NCL,1654
7869,GEN,
7870,OBC-NCL,1655
7871,GEN,
7872,OBC-NCL,1656
7873,OBC-NCL,1657
7874,GEN,
7875,GEN,
7876,GEN,
7877,OBC-NCL,1658
7878,GEN,
7879,OBC-NCL,1659
7880,OBC-NCL,1660
7881,GEN,
7882,GEN,
7883,OBC-NCL,1661
7884,OBC-NCL,1662
7885,GEN,
7886,GEN,
7887,GEN,
7888,GEN,
7889,GEN,
7890,OBC-NCL,1663
7891,GEN,
7892,OBC-NCL,1664
7893,GEN,
7894,GEN,
7895,GEN,
7896,GEN,
7897,GEN,
7898,GEN,
7899,GEN,
7900,OBC-NCL,1665
7901,SC,185
7902,GEN,
7903,GEN-EWS,969
7904,OBC-NCL,1666
7905,GEN-EWS,970
7906,GEN,
7907,OBC-NCL,1667
7908,GEN-EWS,971
7909,OBC-NCL,1668
7910,GEN-EWS,972
7911,OBC-NCL,1669
7912,GEN,
7913,GEN,
7914,GEN,
7915,GEN,
7916,GEN,
7917,GEN,
7918,GEN,
7919,GEN,
7920,OBC-NCL,1670
7921,GEN,
7922,GEN-EWS,973
7923,OBC-NCL,1671
7924,GEN,
7925,GEN-EWS,974
7926,OBC-NCL,1672
7927,GEN,
7928,GEN,
7929,GEN,
7930,GEN,
7931,GEN-EWS,975
7932,GEN,
7933,OBC-NCL,1673
7934,GEN,
7935,SC,186
7936,SC,187
7937,GEN-EWS,976
7938,GEN,
7939,GEN,
7940,ST,28
7941,GEN,
7942,GEN-EWS,977
7943,GEN,
7944,GEN,
7945,GEN,
7946,OBC-NCL,1674
7947,GEN-EWS,978
7948,OBC-NCL,1675
7949,ST,29
7950,GEN,
7951,GEN,
7952,OBC-NCL,1676
7953,GEN,
7954,GEN,
7955,GEN,
7956,GEN,
7957,OBC-NCL,1677
7958,GEN-EWS,979
7959,GEN,
7960,GEN-EWS,980
7961,GEN,
7962,GEN,
7963,GEN,
7964,GEN,
7965,GEN,
7966,GEN,
7967,OBC-NCL,1678
7968,GEN,
7969,OBC-NCL,1679
7970,OBC-NCL,1680
7971,GEN,
7972,GEN,
7973,GEN,
7974,OBC-NCL,1681
7975,OBC-NCL,1682
7976,GEN,
7977,GEN,
7978,OBC-NCL,1683
7979,OBC-NCL,1684
7980,OBC-NCL,1685
7981,OBC-NCL,1686
7982,GEN-EWS,981
7983,GEN,
7984,GEN,
7985,GEN,
7986,GEN,
7987,GEN,
7988,OBC-NCL,1687
7989,GEN-EWS,982
7990,GEN,
7991,GEN,
7992,GEN-EWS,983
7993,GEN,
7994,OBC-NCL,1688
7995,GEN,
7996,GEN,
7997,OBC-NCL,1689
7998,GEN,
7999,OBC-NCL,1690
8000,SC,188
8001,GEN,
8002,OBC-NCL,1691
8003,GEN,
8004,GEN,
8005,GEN,
8006,GEN,
8007,GEN,
8008,GEN,
8009,OBC-NCL,1692
8010,GEN-EWS,984
8011,GEN,
8012,OBC-NCL,1693
8013,GEN,
8014,GEN,
8015,GEN-EWS,985
8016,OBC-NCL,1694
8017,SC,189
8018,GEN,
8019,OBC-NCL,1695
8020,OBC-NCL,1696
8021,GEN,
8022,OBC-NCL,1697
8023,GEN,
8024,GEN,
8025,ST,30
8026,GEN-EWS,986
8027,OBC-NCL,1698
8028,GEN,
8029,GEN,
8030,GEN,
8031,OBC-NCL,1699
8032,GEN,
8033,GEN,
8034,GEN,
8035,OBC-NCL,1700
8036,OBC-NCL,1701
8037,GEN-EWS,987
8038,OBC-NCL,1702
8039,GEN,
8040,OBC-NCL,1703
8041,OBC-NCL,1704
8042,GEN,
8043,GEN,
8044,SC,190
8045,GEN,
8046,GEN,
8047,GEN,
8048,GEN,
8049,GEN,
8050,GEN,
8051,SC,191
8052,GEN,
8053,GEN,
8054,GEN,
8055,GEN,
8056,SC,192
8057,OBC-NCL,1705
8058,GEN,
8059,GEN,
8060,OBC-NCL,1706
8061,GEN,
8062,GEN,
8063,OBC-NCL,1707
8064,GEN,
8065,GEN,
8066,GEN,
8067,GEN,
8068,GEN,
8069,OBC-NCL,1708
8070,GEN,
8071,GEN-EWS,988
8072,GEN,
8073,GEN,
8074,GEN,
8075,GEN,
8076,GEN,
8077,GEN,
8078,GEN,
8079,OBC-NCL,1709
8080,GEN,
8081,OBC-NCL,1710
8082,GEN,
8083,GEN,
8084,GEN,
8085,OBC-NCL,1711
8086,OBC-NCL,1712
8087,OBC-NCL,1713
8088,GEN,
8089,GEN,
8090,OBC-NCL,1714
8091,GEN,
8092,OBC-NCL,1715
8093,GEN,
8094,GEN,
8095,GEN,
8096,GEN-EWS,989
8097,OBC-NCL,1716
8098,OBC-NCL,1717
8099,GEN,
8100,GEN-EWS,990
8101,GEN,
8102,GEN,
8103,GEN-EWS,991
8104,GEN,
8105,GEN-EWS,992
8106,OBC-NCL,1718
8107,GEN,
8108,OBC-NCL,1719
8109,GEN,
8110,OBC-NCL,1720
8111,OBC-NCL,1721
8112,OBC-NCL,1722
8113,GEN,
8114,OBC-NCL,1723
8115,OBC-NCL,1724
8116,OBC-NCL,1725
8117,OBC-NCL,1726
8118,GEN-EWS,993
8119,GEN-EWS,994
8120,OBC-NCL,1727
8121,GEN,
8122,GEN-EWS,995
8123,GEN,
8124,GEN-EWS,996
8125,GEN-EWS,997
8126,OBC-NCL,1728
8127,OBC-NCL,1729
8128,GEN,
8129,GEN,
8129,OBC-NCL,1730
8131,GEN,
8132,GEN,
8133,GEN,
8134,OBC-NCL,1731
8135,SC,193
8136,GEN-EWS,998
8137,GEN,
8138,OBC-NCL,1732
8139,OBC-NCL,1733
8140,GEN,
8141,GEN,
8142,GEN,
8143,OBC-NCL,1734
8144,GEN,
8145,GEN,
8146,GEN,
8147,GEN-EWS,999
8148,GEN,
8149,GEN,
8150,GEN,
8151,SC,194
8152,OBC-NCL,1735
8153,GEN,
8154,OBC-NCL,1736
8155,GEN-EWS,1000
8156,OBC-NCL,1737
8157,GEN-EWS,1001
8158,GEN,
8159,GEN,
8160,SC,195
8161,GEN,
8162,GEN-EWS,1002
8163,GEN,
8164,GEN,
8165,GEN,
8166,OBC-NCL,1738
8167,OBC-NCL,1739
8168,GEN,
8169,GEN,
8170,GEN,
8171,GEN,
8172,GEN,
8173,OBC-NCL,1740
8174,GEN-EWS,1003
8175,GEN-EWS,1004
8176,GEN-EWS,1005
8177,OBC-NCL,1741
8178,GEN-EWS,1006
8179,OBC-NCL,1742
8180,GEN,
8181,GEN,
8182,GEN-EWS,1007
8183,GEN-EWS,1008
8184,OBC-NCL,1743
8185,OBC-NCL,1744
8186,GEN,
8187,GEN,
8188,SC,196
8189,GEN,
8190,OBC-NCL,1745
8191,GEN,
8192,OBC-NCL,1746
8193,GEN,
8194,GEN,
8195,GEN,
8196,OBC-NCL,1747
8197,GEN,
8198,GEN,
8199,GEN,
8200,GEN,
8201,GEN,
8202,OBC-NCL,1748
8203,GEN,
8204,GEN,
8205,OBC-NCL,1749
8206,OBC-NCL,1750
8207,OBC-NCL,1751
8208,SC,197
8209,OBC-NCL,1752
8210,OBC-NCL,1753
8211,GEN,
8212,GEN,
8213,GEN,
8214,GEN,
8215,GEN,
8216,GEN,
8217,OBC-NCL,1754
8218,GEN,
8219,GEN,
8220,GEN,
8221,OBC-NCL,1755
8222,GEN,
8222,OBC-NCL,1756
8224,GEN,
8225,GEN,
8226,SC,198
8227,GEN,
8228,OBC-NCL,1757
8229,SC,199
8230,GEN,
8231,GEN,
8232,GEN,
8233,GEN,
8234,GEN,
8235,SC,200
8236,OBC-NCL,1758
8237,GEN,
8238,GEN,
8239,GEN,
8240,GEN,
8241,GEN-EWS,1009
8242,OBC-NCL,1759
8243,GEN,
8244,GEN,
8245,GEN,
8246,OBC-NCL,1760
8247,OBC-NCL,1761
8248,GEN,
8249,OBC-NCL,1762
8250,OBC-NCL,1763
8251,GEN,
8252,GEN,
8253,GEN,
8254,OBC-NCL,1764
8255,SC,201
8256,GEN,
8257,GEN,
8258,GEN,
8259,GEN-EWS,1010
8260,OBC-NCL,1765
8261,GEN,
8262,GEN-EWS,1011
8263,GEN,
8264,OBC-NCL,1766
8265,OBC-NCL,1767
8266,OBC-NCL,1768
8267,GEN,
8268,GEN,
8269,GEN,
8270,GEN,
8271,GEN,
8272,OBC-NCL,1769
8273,OBC-NCL,1770
8274,GEN,
8275,GEN-EWS,1012
8276,OBC-NCL,1771
8277,GEN,
8278,GEN,
8279,GEN-EWS,1013
8280,GEN,
8281,GEN,
8282,GEN-EWS,1014
8283,GEN,
8284,OBC-NCL,1772
8285,GEN,
8286,GEN,
8287,GEN-EWS,1015
8288,GEN,
8289,GEN-EWS,1016
8290,GEN,
8291,GEN-EWS,1017
8292,GEN,
8293,GEN,
8294,GEN,
8295,GEN,
8296,GEN,
8297,GEN,
8298,GEN,
8299,GEN,
8300,GEN,
8301,GEN,
8302,OBC-NCL,1773
8303,GEN,
8304,GEN-EWS,1018
8305,GEN,
8306,GEN,
8307,GEN,
8308,GEN-EWS,1019
8309,GEN,
8310,GEN,
8311,GEN,
8312,GEN,
8313,GEN,
8314,OBC-NCL,1774
8315,OBC-NCL,1775
8316,OBC-NCL,1776
8317,OBC-NCL,1777
8318,GEN-EWS,1020
8319,GEN-EWS,1021
8320,GEN-EWS,1022
8321,GEN,
8322,OBC-NCL,1778
8323,GEN,
8324,GEN,
8325,GEN,
8326,GEN,
8327,GEN,
8328,OBC-NCL,1779
8329,GEN,
8330,GEN,
8331,GEN,
8332,SC,202
8333,GEN,
8334,GEN-EWS,1023
8335,OBC-NCL,1780
8336,GEN,
8337,GEN,
8338,GEN,
8339,GEN-EWS,1024
8340,GEN,
8341,OBC-NCL,1781
8342,GEN,
8343,OBC-NCL,1782
8344,OBC-NCL,1783
8345,GEN,
8346,GEN-EWS,1025
8347,GEN-EWS,1026
8348,OBC-NCL,1784
8349,GEN,
8350,OBC-NCL,1785
8351,GEN-EWS,1027
8352,ST,31
8353,GEN,
8354,GEN,
8355,OBC-NCL,1786
8356,GEN,
8357,OBC-NCL,1787
8358,OBC-NCL,1788
8359,GEN,
8360,GEN-EWS,1028
8361,GEN,
8362,GEN,
8363,GEN,
8364,OBC-NCL,1789
8364,OBC-NCL,1789
8366,GEN-EWS,1029
8367,GEN-EWS,1030
8368,OBC-NCL,1791
8369,GEN,
8370,OBC-NCL,1792
8371,GEN,
8372,GEN,
8373,GEN-EWS,1031
8374,OBC-NCL,1793
8375,GEN,
8376,GEN,
8377,OBC-NCL,1794
8378,GEN,
8379,GEN,
8380,GEN-EWS,1032
8381,GEN,
8381,OBC-NCL,1795
8383,GEN,
8384,GEN,
8385,GEN-EWS,1033
8386,OBC-NCL,1796
8387,OBC-NCL,1797
8388,GEN,
8389,GEN,
8390,GEN,
8391,GEN,
8392,GEN,
8393,GEN,
8394,GEN-EWS,1034
8395,GEN,
8396,GEN,
8397,OBC-NCL,1798
8398,GEN,
8399,OBC-NCL,1799
8400,GEN,
8401,GEN,
8402,GEN,
8403,SC,203
8404,OBC-NCL,1800
8405,GEN,
8406,SC,204
8407,GEN,
8408,GEN,
8409,GEN,
8410,SC,205
8411,GEN,
8412,GEN,
8413,OBC-NCL,1801
8414,GEN,
8415,OBC-NCL,1802
8416,GEN,
8417,GEN,
8418,GEN,
8419,GEN,
8420,GEN,
8421,GEN,
8422,GEN,
8423,GEN,
8424,OBC-NCL,1803
8425,OBC-NCL,1804
8426,SC,206
8427,GEN,
8428,OBC-NCL,1805
8429,GEN,
8430,OBC-NCL,1806
8431,OBC-NCL,1807
8432,OBC-NCL,1808
8433,GEN-EWS,1035
8434,OBC-NCL,1809
8435,GEN-EWS,1036
8436,GEN,
8437,OBC-NCL,1810
8438,GEN,
8439,OBC-NCL,1811
8440,OBC-NCL,1812
8441,GEN,
8442,OBC-NCL,1813
8443,GEN,
8444,GEN,
8444,GEN,
8446,OBC-NCL,1814
8447,GEN-EWS,1037
8448,GEN,
8449,GEN,
8450,SC,207
8451,GEN,
8452,GEN,
8453,GEN,
8454,GEN,
8455,OBC-NCL,1815
8456,GEN,
8457,GEN,
8458,GEN,
8459,GEN-EWS,1038
8460,OBC-NCL,1816
8461,GEN-EWS,1039
8462,GEN-EWS,1040
8463,OBC-NCL,1817
8464,GEN,
8465,GEN,
8466,OBC-NCL,1818
8467,OBC-NCL,1819
8468,GEN,
8469,GEN-EWS,1041
8470,GEN,
8471,GEN,
8472,OBC-NCL,1820
8473,GEN,
8474,OBC-NCL,1821
8475,GEN-EWS,1042
8476,SC,208
8477,OBC-NCL,1822
8478,GEN,
8479,OBC-NCL,1823
8480,OBC-NCL,1824
8481,OBC-NCL,1825
8482,OBC-NCL,1826
8483,GEN,
8484,GEN-EWS,1043
8485,OBC-NCL,1827
8486,OBC-NCL,1828
8487,OBC-NCL,1829
8488,GEN,
8489,OBC-NCL,1830
8490,GEN,
8491,GEN,
8492,GEN,
8493,GEN,
8494,GEN,
8495,GEN-EWS,1044
8496,GEN-EWS,1045
8497,SC,209
8498,OBC-NCL,1831
8499,GEN,
8500,OBC-NCL,1832
8501,OBC-NCL,1833
8502,GEN-EWS,1046
8503,GEN-EWS,1047
8504,GEN,
8505,GEN,
8506,OBC-NCL,1834
8507,OBC-NCL,1835
8508,OBC-NCL,1836
8509,GEN-EWS,1048
8510,GEN,
8511,GEN,
8512,GEN,
8513,GEN,
8514,GEN,
8515,GEN,
8516,GEN,
8517,OBC-NCL,1837
8518,OBC-NCL,1838
8519,GEN,
8520,GEN,
8521,GEN,
8522,GEN-EWS,1049
8523,GEN,
8524,GEN,
8525,GEN,
8526,OBC-NCL,1839
8527,OBC-NCL,1840
8528,GEN-EWS,1050
8529,OBC-NCL,1841
8530,GEN-EWS,1051
8531,GEN-EWS,1052
8532,OBC-NCL,1842
8533,GEN,
8534,OBC-NCL,1843
8535,GEN,
8536,GEN,
8537,OBC-NCL,1844
8538,OBC-NCL,1845
8539,GEN,
8540,GEN,
8541,GEN,
8542,GEN-EWS,1053
8543,GEN,
8544,GEN-EWS,1054
8545,GEN,
8546,OBC-NCL,1846
8547,OBC-NCL,1847
8548,GEN-EWS,1055
8549,OBC-NCL,1848
8550,OBC-NCL,1849
8551,GEN,
8552,GEN,
8553,GEN,
8554,GEN,
8555,GEN-EWS,1056
8556,GEN,
8557,GEN-EWS,1057
8558,SC,210
8559,OBC-NCL,1850
8560,GEN,
8561,GEN-EWS,1058
8562,GEN,
8563,GEN-EWS,1059
8564,GEN,
8565,GEN,
8566,GEN,
8567,GEN-EWS,1060
8568,OBC-NCL,1851
8569,OBC-NCL,1852
8570,GEN,
8571,GEN,
8572,GEN-EWS,1061
8573,OBC-NCL,1853
8574,GEN,
8574,SC,211
8576,OBC-NCL,1854
8577,OBC-NCL,1855
8578,GEN,
8579,GEN,
8580,OBC-NCL,1856
8581,GEN-EWS,1062
8582,OBC-NCL,1857
8583,GEN,
8584,OBC-NCL,1858
8585,GEN-EWS,1063
8586,GEN-EWS,1064
8587,GEN-EWS,1065
8588,GEN-EWS,1066
8589,GEN,
8590,GEN,
8591,OBC-NCL,1859
8592,GEN-EWS,1067
8593,OBC-NCL,1860
8594,GEN,
8595,ST,32
8596,GEN,
8597,GEN,
8598,OBC-NCL,1861
8599,OBC-NCL,1862
8600,GEN-EWS,1068
8601,GEN-EWS,1069
8602,OBC-NCL,1863
8603,OBC-NCL,1864
8604,OBC-NCL,1865
8605,GEN,
8606,SC,212
8607,GEN-EWS,1070
8608,ST,33
8609,GEN,
8610,GEN,
8611,GEN,
8612,OBC-NCL,1866
8613,GEN,
8614,GEN,
8615,GEN,
8616,GEN-EWS,1071
8617,GEN,
8618,GEN,
8619,OBC-NCL,1867
8620,OBC-NCL,1868
8621,OBC-NCL,1869
8622,GEN-EWS,1072
8623,GEN,
8624,GEN,
8625,GEN,
8626,OBC-NCL,1870
8627,GEN-EWS,1073
8628,OBC-NCL,1871
8629,GEN-EWS,1074
8630,GEN,
8631,OBC-NCL,1872
8632,GEN,
8633,GEN,
8634,OBC-NCL,1873
8635,GEN,
8636,GEN,
8637,OBC-NCL,1874
8638,GEN,
8639,GEN,
8640,GEN,
8641,OBC-NCL,1875
8642,GEN,
8643,GEN,
8644,OBC-NCL,1876
8645,GEN-EWS,1075
8646,GEN,
8647,GEN,
8648,GEN,
8649,OBC-NCL,1877
8650,GEN,
8651,GEN,
8652,OBC-NCL,1878
8653,GEN,
8654,GEN-EWS,1076
8655,GEN,
8656,GEN-EWS,1077
8657,GEN-EWS,1078
8658,OBC-NCL,1879
8659,GEN,
8660,GEN,
8661,GEN,
8662,GEN,
8663,GEN-EWS,1079
8664,GEN-EWS,1080
8665,SC,213
8666,GEN,
8667,OBC-NCL,1880
8668,OBC-NCL,1881
8669,SC,214
8670,GEN,
8671,GEN,
8672,GEN-EWS,1081
8673,OBC-NCL,1882
8674,OBC-NCL,1883
8675,GEN-EWS,1082
8676,ST,34
8677,GEN-EWS,1083
8678,GEN,
8679,GEN,
8680,GEN-EWS,1084
8681,OBC-NCL,1884
8682,GEN-EWS,1085
8683,OBC-NCL,1885
8684,GEN,
8685,GEN,
8686,GEN,
8687,OBC-NCL,1886
8688,OBC-NCL,1887
8689,GEN,
8690,GEN-EWS,1086
8691,GEN-EWS,1087
8692,GEN,
8693,GEN,
8694,OBC-NCL,1888
8695,GEN,
8696,GEN,
8697,GEN,
8698,GEN-EWS,1088
8699,GEN-EWS,1089
8700,OBC-NCL,1889
8701,GEN-EWS,1090
8702,GEN,
8703,GEN,
8704,GEN-EWS,1091
8705,OBC-NCL,1890
8706,GEN-EWS,1092
8707,GEN,
8708,OBC-NCL,1891
8709,OBC-NCL,1892
8710,GEN-EWS,1093
8711,GEN,
8712,OBC-NCL,1893
8713,GEN,
8714,GEN,
8715,GEN,
8716,GEN-EWS,1094
8717,GEN,
8718,GEN,
8719,GEN,
8720,GEN,
8721,OBC-NCL,1894
8722,GEN,
8723,GEN,
8724,GEN-EWS,1095
8725,GEN,
8726,GEN,
8727,GEN,
8728,OBC-NCL,1895
8729,GEN,
8730,GEN,
8731,GEN-EWS,1096
8732,OBC-NCL,1896
8733,GEN-EWS,1097
8734,GEN,
8735,GEN,
8736,GEN,
8737,SC,215
8738,GEN,
8739,OBC-NCL,1897
8740,OBC-NCL,1898
8741,GEN,
8742,GEN,
8743,OBC-NCL,1899
8744,GEN,
8745,SC,216
8746,GEN,
8747,GEN,
8748,OBC-NCL,1900
8749,GEN,
8750,GEN,
8751,GEN,
8752,GEN,
8753,GEN,
8754,GEN,
8755,GEN,
8756,OBC-NCL,1901
8757,GEN-EWS,1098
8758,GEN,
8759,GEN,
8760,GEN,
8761,OBC-NCL,1902
8762,GEN,
8763,GEN,
8764,GEN,
8765,GEN,
8766,OBC-NCL,1903
8767,OBC-NCL,1904
8768,GEN,
8769,SC,217
8770,GEN,
8771,GEN-EWS,1099
8772,GEN,
8773,OBC-NCL,1905
8774,GEN-EWS,1100
8775,GEN,
8776,OBC-NCL,1906
8777,GEN,
8778,GEN,
8779,GEN,
8780,GEN,
8781,OBC-NCL,1907
8782,OBC-NCL,1908
8783,GEN,
8784,GEN-EWS,1101
8785,GEN,
8786,GEN,
8787,GEN,
8788,GEN,
8789,GEN,
8790,GEN-EWS,1102
8791,GEN-EWS,1103
8792,GEN,
8793,OBC-NCL,1909
8794,GEN,
8795,OBC-NCL,1910
8796,GEN,
8797,OBC-NCL,1911
8798,GEN,
8799,OBC-NCL,1912
8800,GEN-EWS,1104
8801,GEN,
8802,GEN,
8803,GEN-EWS,1105
8804,OBC-NCL,1913
8805,GEN,
8806,GEN,
8807,GEN,
8808,OBC-NCL,1914
8809,OBC-NCL,1915
8810,GEN,
8811,GEN,
8812,GEN,
8813,GEN,
8814,OBC-NCL,1916
8815,GEN,
8816,GEN,
8817,GEN-EWS,1106
8818,GEN,
8819,GEN,
8820,OBC-NCL,1917
8821,GEN,
8822,GEN-EWS,1107
8823,GEN,
8824,GEN,
8825,GEN-EWS,1108
8826,GEN,
8827,GEN-EWS,1109
8828,GEN-EWS,1110
8829,GEN,
8830,OBC-NCL,1918
8831,OBC-NCL,1919
8832,GEN-EWS,1111
8833,GEN,
8834,GEN,
8835,GEN,
8836,GEN,
8837,OBC-NCL,1920
8838,GEN,
8839,GEN,
8840,GEN,
8841,OBC-NCL,1921
8842,GEN,
8843,OBC-NCL,1922
8844,GEN,
8845,GEN,
8846,GEN,
8847,OBC-NCL,1923
8848,GEN-EWS,1112
8849,GEN,
8850,GEN,
8851,OBC-NCL,1924
8852,GEN,
8853,GEN,
8854,OBC-NCL,1925
8855,GEN,
8856,ST,35
8857,GEN,
8858,OBC-NCL,1926
8859,OBC-NCL,1927
8860,GEN,
8861,GEN-EWS,1113
8862,GEN-EWS,1114
8863,OBC-NCL,1928
8864,GEN,
8865,GEN,
8866,OBC-NCL,1929
8867,GEN,
8868,GEN,
8869,OBC-NCL,1930
8870,GEN,
8871,GEN,
8872,GEN,
8873,GEN,
8874,OBC-NCL,1931
8874,OBC-NCL,1931
8876,OBC-NCL,1933
8877,GEN,
8878,GEN-EWS,1115
8879,GEN,
8880,GEN,
8881,GEN,
8882,GEN,
8883,OBC-NCL,1934
8884,SC,218
8885,OBC-NCL,1935
8886,GEN,
8887,GEN,
8888,GEN,
8889,GEN,
8890,GEN-EWS,1116
8891,OBC-NCL,1936
8892,GEN-EWS,1117
8893,GEN,
8894,OBC-NCL,1937
8895,GEN,
8896,GEN,
8897,GEN-EWS,1118
8898,SC,219
8899,GEN,
8900,GEN,
8901,SC,220
8902,GEN,
8903,OBC-NCL,1938
8904,GEN-EWS,1119
8905,OBC-NCL,1939
8906,GEN,
8907,GEN,
8908,GEN-EWS,1120
8909,GEN,
8910,OBC-NCL,1940
8911,GEN,
8912,GEN,
8913,GEN,
8914,OBC-NCL,1941
8915,OBC-NCL,1942
8916,OBC-NCL,1943
8917,GEN,
8918,GEN-EWS,1121
8919,GEN,
8920,GEN-EWS,1122
8921,GEN-EWS,1123
8922,OBC-NCL,1944
8923,OBC-NCL,1945
8924,GEN,
8925,GEN,
8926,GEN,
8927,GEN,
8928,OBC-NCL,1946
8929,GEN-EWS,1124
8930,GEN,
8931,GEN,
8932,GEN,
8933,OBC-NCL,1947
8934,GEN,
8935,GEN-EWS,1125
8936,GEN-EWS,1126
8937,GEN,
8938,GEN,
8939,GEN,
8940,GEN,
8941,OBC-NCL,1948
8942,GEN,
8943,GEN-EWS,1127
8944,GEN-EWS,1128
8945,GEN,
8946,GEN,
8947,GEN,
8948,GEN,
8949,OBC-NCL,1949
8950,OBC-NCL,1950
8951,GEN,
8952,OBC-NCL,1951
8953,GEN,
8954,GEN-EWS,1129
8955,OBC-NCL,1952
8956,GEN-EWS,1130
8957,OBC-NCL,1953
8958,OBC-NCL,1954
8959,OBC-NCL,1955
8960,GEN,
8961,GEN,
8962,GEN,
8963,GEN,
8964,GEN,
8965,GEN,
8966,GEN-EWS,1131
8967,GEN,
8968,OBC-NCL,1956
8969,GEN,
8970,GEN,
8971,GEN,
8972,OBC-NCL,1957
8973,GEN,
8974,GEN,
8975,GEN,
8976,GEN,
8977,OBC-NCL,1958
8978,GEN,
8979,GEN,
8980,GEN,
8981,GEN,
8982,GEN,
8983,OBC-NCL,1959
8984,GEN,
8985,GEN,
8986,GEN,
8987,GEN,
8988,GEN,
8989,OBC-NCL,1960
8990,GEN,
8991,OBC-NCL,1961
8992,GEN-EWS,1132
8993,GEN-EWS,1133
8994,GEN-EWS,1134
8995,OBC-NCL,1962
8996,GEN,
8997,GEN,
8998,GEN-EWS,1135
8999,GEN,
9000,GEN-EWS,1136
9001,GEN,
9002,OBC-NCL,1963
9003,GEN,
9004,GEN-EWS,1137
9005,GEN,
9006,GEN-EWS,1138
9007,OBC-NCL,1964
9008,GEN,
9009,GEN,
9010,SC,221
9011,GEN,
9012,GEN,
9013,GEN,
9014,GEN,
9015,GEN,
9016,OBC-NCL,1965
9017,GEN-EWS,1139
9018,GEN,
9019,GEN,
9020,OBC-NCL,1966
9021,SC,222
9022,GEN,
9023,GEN,
9024,GEN,
9025,GEN-EWS,1140
9026,GEN,
9027,GEN,
9028,GEN,
9029,SC,223
9030,OBC-NCL,1967
9031,OBC-NCL,1968
9032,GEN-EWS,1141
9033,GEN-EWS,1142
9034,GEN-EWS,1143
9035,OBC-NCL,1969
9036,GEN,
9037,GEN,
9038,OBC-NCL,1970
9039,OBC-NCL,1971
9040,GEN,
9041,GEN,
9042,OBC-NCL,1972
9043,GEN,
9044,GEN,
9045,OBC-NCL,1973
9046,GEN,
9047,GEN,
9048,GEN,
9049,GEN,
9050,GEN,
9051,GEN,
9052,SC,224
9053,GEN,
9054,GEN,
9055,OBC-NCL,1974
9056,GEN,
9057,OBC-NCL,1975
9058,GEN,
9059,OBC-NCL,1976
9060,GEN-EWS,1144
9061,GEN,
9062,OBC-NCL,1977
9063,OBC-NCL,1978
9064,GEN,
9065,GEN,
9066,GEN,
9067,GEN-EWS,1145
9068,GEN,
9069,GEN-EWS,1146
9070,GEN-EWS,1147
9071,GEN-EWS,1148
9072,OBC-NCL,1979
9073,OBC-NCL,1980
9074,GEN,
9075,GEN,
9076,GEN,
9077,GEN,
9078,GEN,
9079,GEN,
9080,GEN,
9081,GEN,
9082,GEN,
9083,SC,225
9084,GEN,
9085,GEN,
9086,GEN,
9087,GEN-EWS,1149
9088,OBC-NCL,1981
9089,GEN,
9090,GEN,
9091,GEN,
9092,OBC-NCL,1982
9093,GEN-EWS,1150
9094,GEN,
9095,OBC-NCL,1983
9096,GEN,
9097,GEN,
9098,GEN,
9099,GEN,
9100,OBC-NCL,1984
9101,GEN,
9102,GEN,
9103,GEN,
9104,OBC-NCL,1985
9105,GEN-EWS,1151
9106,GEN,
9107,GEN-EWS,1152
9108,GEN,
9109,GEN,
9110,GEN-EWS,1153
9111,GEN,
9112,GEN,
9113,GEN,
9114,GEN,
9115,SC,226
9116,GEN,
9117,GEN,
9118,GEN,
9119,GEN,
9120,GEN,
9121,GEN,
9122,GEN,
9123,GEN,
9124,GEN,
9125,GEN,
9126,GEN,
9127,GEN,
9128,OBC-NCL,1986
9129,GEN,
9130,GEN,
9131,OBC-NCL,1987
9132,GEN,
9133,GEN,
9134,OBC-NCL,1988
9135,GEN,
9136,GEN,
9137,OBC-NCL,1989
9138,GEN,
9139,GEN-EWS,1154
9140,GEN,
9141,GEN,
9142,GEN,
9143,SC,227
9144,GEN,
9145,GEN,
9146,OBC-NCL,1990
9147,GEN,
9148,GEN,
9149,GEN,
9150,GEN-EWS,1155
9151,OBC-NCL,1991
9152,ST,36
9153,GEN,
9154,GEN,
9155,GEN-EWS,1156
9156,GEN-EWS,1157
9157,SC,228
9158,OBC-NCL,1992
9159,GEN,
9160,GEN,
9161,OBC-NCL,1993
9162,GEN,
9163,GEN,
9164,GEN,
9165,GEN-EWS,1158
9166,GEN,
9167,GEN,
9168,GEN-EWS,1159
9169,GEN,
9170,GEN,
9171,OBC-NCL,1994
9172,OBC-NCL,1995
9173,OBC-NCL,1996
9174,GEN,
9175,GEN,
9176,GEN,
9177,GEN,
9178,GEN,
9179,GEN,
9180,OBC-NCL,1997
9181,OBC-NCL,1998
9182,GEN,
9183,GEN,
9184,GEN-EWS,1160
9185,GEN-EWS,1161
9186,GEN-EWS,1162
9187,GEN-EWS,1163
9188,GEN-EWS,1164
9189,GEN,
9190,GEN,
9191,GEN,
9192,GEN,
9193,OBC-NCL,1999
9194,GEN,
9195,OBC-NCL,2000
9196,GEN,
9197,GEN-EWS,1165
9198,GEN,
9199,OBC-NCL,2001
9200,OBC-NCL,2002
9201,GEN,
9202,GEN,
9203,GEN,
9204,GEN-EWS,1166
9205,OBC-NCL,2003
9206,GEN,
9207,GEN,
9208,OBC-NCL,2004
9209,GEN,
9210,GEN,
9211,GEN-EWS,1167
9212,GEN-EWS,1168
9213,GEN,
9214,GEN,
9215,GEN,
9216,GEN,
9217,GEN,
9218,GEN-EWS,1169
9219,GEN-EWS,1170
9220,GEN,
9221,GEN,
9222,OBC-NCL,2005
9223,GEN,
9224,GEN,
9225,GEN,
9226,GEN-EWS,1171
9227,GEN,
9228,OBC-NCL,2006
9229,GEN,
9230,GEN,
9231,OBC-NCL,2007
9232,GEN,
9233,GEN,
9234,GEN,
9235,GEN,
9236,GEN,
9237,GEN,
9238,OBC-NCL,2008
9239,GEN-EWS,1172
9240,GEN,
9241,GEN-EWS,1173
9242,GEN,
9243,GEN-EWS,1174
9244,OBC-NCL,2009
9245,GEN,
9246,GEN,
9247,GEN,
9248,OBC-NCL,2010
9249,GEN,
9250,GEN-EWS,1175
9251,GEN,
9252,GEN,
9252,OBC-NCL,2011
9254,GEN,
9255,GEN,
9256,OBC-NCL,2012
9257,GEN,
9258,GEN,
9259,GEN,
9260,GEN-EWS,1176
9261,GEN,
9262,OBC-NCL,2013
9263,GEN,
9264,OBC-NCL,2014
9265,OBC-NCL,2015
9266,GEN,
9267,GEN-EWS,1177
9268,GEN,
9269,GEN,
9270,OBC-NCL,2016
9271,GEN,
9272,GEN,
9273,GEN,
9274,OBC-NCL,2017
9275,OBC-NCL,2018
9276,GEN,
9277,ST,37
9278,GEN,
9279,GEN,
9280,GEN-EWS,1178
9281,OBC-NCL,2019
9282,GEN,
9283,GEN,
9284,GEN,
9285,GEN-EWS,1179
9286,OBC-NCL,2020
9287,OBC-NCL,2021
9288,GEN,
9289,GEN-EWS,1180
9290,GEN,
9291,GEN-EWS,1181
9292,GEN,
9293,GEN,
9294,GEN-EWS,1182
9295,GEN,
9296,GEN,
9297,OBC-NCL,2022
9298,GEN,
9299,OBC-NCL,2023
9300,GEN,
9301,OBC-NCL,2024
9302,GEN,
9303,OBC-NCL,2025
9304,OBC-NCL,2026
9305,OBC-NCL,2027
9306,OBC-NCL,2028
9307,GEN,
9308,GEN-EWS,1183
9309,GEN,
9310,GEN,
9311,GEN,
9312,GEN,
9313,GEN,
9314,GEN,
9315,OBC-NCL,2029
9316,GEN,
9317,GEN-EWS,1184
9318,GEN-EWS,1185
9319,GEN,
9320,GEN-EWS,1186
9321,GEN-EWS,1187
9322,GEN,
9323,GEN,
9324,GEN,
9325,OBC-NCL,2030
9326,OBC-NCL,2031
9327,GEN,
9328,OBC-NCL,2032
9329,GEN,
9330,GEN,
9331,GEN,
9332,GEN,
9333,GEN,
9334,GEN,
9335,SC,229
9336,GEN,
9337,OBC-NCL,2033
9338,GEN,
9339,GEN,
9340,GEN,
9341,GEN,
9342,OBC-NCL,2034
9343,OBC-NCL,2035
9344,GEN-EWS,1188
9345,GEN,
9346,GEN-EWS,1189
9347,GEN-EWS,1190
9348,GEN-EWS,1191
9349,OBC-NCL,2036
9350,GEN,
9351,OBC-NCL,2037
9352,OBC-NCL,2038
9353,GEN-EWS,1192
9354,ST,38
9355,OBC-NCL,2039
9356,OBC-NCL,2040
9357,GEN,
9358,GEN,
9359,GEN-EWS,1193
9360,GEN-EWS,1194
9361,GEN,
9362,GEN,
9363,GEN,
9364,GEN,
9365,GEN,
9365,GEN,
9367,SC,230
9368,OBC-NCL,2041
9369,GEN,
9370,GEN-EWS,1195
9371,GEN-EWS,1196
9372,GEN,
9373,SC,231
9374,OBC-NCL,2042
9375,OBC-NCL,2043
9376,GEN,
9377,GEN,
9378,GEN-EWS,1197
9379,GEN,
9380,GEN,
9381,GEN,
9382,OBC-NCL,2044
9383,GEN-EWS,1198
9384,GEN-EWS,1199
9385,GEN-EWS,1200
9386,OBC-NCL,2045
9387,SC,232
9388,GEN,
9389,GEN-EWS,1201
9390,SC,233
9391,GEN,
9392,OBC-NCL,2046
9393,GEN,
9394,GEN,
9395,GEN,
9396,GEN-EWS,1202
9397,GEN-EWS,1203
9398,GEN,
9399,SC,234
9400,OBC-NCL,2047
9401,GEN-EWS,1204
9402,GEN,
9403,GEN,
9404,GEN,
9405,OBC-NCL,2048
9406,OBC-NCL,2049
9407,OBC-NCL,2050
9408,OBC-NCL,2051
9409,GEN,
9410,GEN,
9411,GEN,
9412,GEN,
9413,GEN,
9414,OBC-NCL,2052
9415,OBC-NCL,2053
9416,GEN,
9417,OBC-NCL,2054
9418,OBC-NCL,2055
9419,OBC-NCL,2056
9420,OBC-NCL,2057
9421,OBC-NCL,2058
9422,OBC-NCL,2059
9423,GEN,
9424,GEN,
9425,GEN,
9426,OBC-NCL,2060
9427,GEN,
9428,GEN,
9429,OBC-NCL,2061
9430,OBC-NCL,2062
9431,GEN,
9432,GEN,
9433,GEN,
9434,GEN-EWS,1205
9435,GEN,
9436,GEN,
9437,GEN,
9438,OBC-NCL,2063
9439,OBC-NCL,2064
9440,GEN,
9441,GEN,
9442,GEN,
9443,GEN-EWS,1206
9444,GEN,
9445,GEN,
9446,GEN,
9447,OBC-NCL,2065
9448,GEN,
9449,GEN,
9450,OBC-NCL,2066
9451,GEN,
9452,GEN,
9453,OBC-NCL,2067
9454,GEN,
9455,GEN,
9456,GEN,
9457,SC,235
9458,OBC-NCL,2068
9459,GEN,
9460,GEN,
9461,GEN-EWS,1207
9462,GEN-EWS,1208
9463,GEN,
9464,GEN,
9465,GEN,
9466,ST,39
9467,GEN,
9468,GEN,
9469,GEN-EWS,1209
9470,GEN,
9471,OBC-NCL,2069
9472,GEN,
9473,GEN,
9474,GEN-EWS,1210
9475,GEN,
9476,SC,236
9477,GEN,
9478,GEN,
9479,OBC-NCL,2070
9480,OBC-NCL,2071
9481,GEN,
9482,GEN-EWS,1211
9483,GEN,
9484,OBC-NCL,2072
9485,GEN,
9486,GEN,
9487,GEN-EWS,1212
9488,GEN,
9489,GEN,
9490,GEN,
9491,GEN,
9492,GEN,
9493,GEN-EWS,1213
9494,GEN,
9495,GEN,
9496,GEN,
9497,OBC-NCL,2073
9498,GEN,
9499,OBC-NCL,2074
9500,SC,237
9501,GEN-EWS,1214
9502,GEN-EWS,1215
9503,GEN,
9504,GEN,
9505,OBC-NCL,2075
9506,GEN,
9507,GEN,
9508,OBC-NCL,2076
9509,GEN,
9510,GEN,
9511,OBC-NCL,2077
9512,OBC-NCL,2078
9513,OBC-NCL,2079
9514,OBC-NCL,2080
9515,GEN,
9516,OBC-NCL,2081
9517,GEN-EWS,1216
9518,GEN,
9519,GEN,
9520,GEN-EWS,1217
9521,GEN,
9522,OBC-NCL,2082
9523,GEN,
9524,GEN,
9525,GEN,
9526,GEN,
9527,GEN-EWS,1218
9528,GEN,
9529,GEN-EWS,1219
9530,GEN,
9531,GEN-EWS,1220
9531,GEN-EWS,1220
9533,GEN,
9534,OBC-NCL,2083
9535,OBC-NCL,2084
9536,GEN,
9537,GEN-EWS,1222
9538,OBC-NCL,2085
9539,GEN,
9540,OBC-NCL,2086
9541,GEN-EWS,1223
9542,OBC-NCL,2087
9543,OBC-NCL,2088
9544,GEN-EWS,1224
9545,GEN,
9546,OBC-NCL,2089
9547,GEN,
9548,GEN,
9549,ST,40
9550,GEN,
9551,GEN,
9552,OBC-NCL,2090
9553,OBC-NCL,2091
9554,GEN,
9555,SC,238
9556,GEN,
9557,OBC-NCL,2092
9558,GEN-EWS,1225
9559,GEN-EWS,1226
9560,GEN,
9561,GEN,
9562,GEN,
9563,GEN-EWS,1227
9564,OBC-NCL,2093
9565,OBC-NCL,2094
9566,OBC-NCL,2095
9567,GEN,
9568,OBC-NCL,2096
9569,GEN,
9570,OBC-NCL,2097
9571,GEN-EWS,1228
9572,OBC-NCL,2098
9573,GEN-EWS,1229
9574,OBC-NCL,2099
9575,GEN-EWS,1230
9576,GEN,
9577,GEN,
9578,GEN,
9579,GEN,
9580,GEN,
9581,GEN,
9582,OBC-NCL,2100
9583,SC,239
9584,GEN,
9585,OBC-NCL,2101
9586,OBC-NCL,2102
9587,GEN,
9588,GEN,
9589,GEN,
9590,OBC-NCL,2103
9591,GEN,
9592,OBC-NCL,2104
9593,GEN,
9594,GEN,
9595,GEN,
9596,GEN,
9597,GEN,
9598,GEN,
9599,OBC-NCL,2105
9600,SC,240
9601,GEN-EWS,1231
9602,GEN,
9603,GEN,
9604,GEN,
9605,OBC-NCL,2106
9606,GEN,
9607,GEN,
9608,GEN,
9609,OBC-NCL,2107
9610,GEN,
9611,GEN,
9612,GEN-EWS,1232
9613,GEN-EWS,1233
9614,GEN-EWS,1234
9615,GEN,
9616,GEN,
9617,OBC-NCL,2108
9618,GEN,
9619,GEN,
9620,GEN,
9621,OBC-NCL,2109
9622,OBC-NCL,2110
9623,GEN-EWS,1235
9624,GEN,
9625,GEN,
9626,GEN,
9627,OBC-NCL,2111
9628,GEN,
9629,GEN,
9630,OBC-NCL,2112
9631,GEN,
9632,GEN-EWS,1236
9633,SC,241
9634,OBC-NCL,2113
9635,GEN-EWS,1237
9636,GEN,
9637,GEN,
9638,OBC-NCL,2114
9639,GEN,
9640,OBC-NCL,2115
9641,GEN-EWS,1238
9642,GEN,
9643,OBC-NCL,2116
9644,GEN,
9645,GEN,
9646,OBC-NCL,2117
9647,OBC-NCL,2118
9648,GEN,
9649,GEN-EWS,1239
9650,GEN,
9651,GEN-EWS,1240
9652,GEN,
9653,GEN,
9654,GEN,
9655,SC,242
9656,GEN-EWS,1241
9657,OBC-NCL,2119
9658,GEN,
9658,OBC-NCL,2120
9660,GEN,
9661,GEN,
9662,GEN,
9663,OBC-NCL,2121
9664,GEN,
9665,OBC-NCL,2122
9666,GEN,
9667,OBC-NCL,2123
9668,OBC-NCL,2124
9669,OBC-NCL,2125
9670,GEN,
9671,GEN,
9672,GEN,
9673,GEN-EWS,1242
9674,OBC-NCL,2126
9675,GEN,
9676,GEN,
9677,OBC-NCL,2127
9678,GEN,
9679,GEN-EWS,1243
9680,GEN,
9681,GEN-EWS,1244
9682,GEN,
9683,OBC-NCL,2128
9684,GEN,
9685,GEN-EWS,1245
9686,OBC-NCL,2129
9687,GEN,
9688,GEN,
9689,OBC-NCL,2130
9690,OBC-NCL,2131
9691,GEN,
9692,GEN,
9693,GEN,
9694,GEN,
9695,GEN,
9696,GEN,
9697,OBC-NCL,2132
9698,GEN-EWS,1246
9699,GEN,
9700,GEN-EWS,1247
9701,OBC-NCL,2133
9702,GEN,
9703,GEN,
9703,GEN,
9705,GEN,
9706,GEN,
9707,GEN,
9708,GEN,
9709,OBC-NCL,2134
9710,GEN,
9711,GEN,
9712,GEN,
9713,GEN,
9714,OBC-NCL,2135
9715,OBC-NCL,2136
9716,OBC-NCL,2137
9717,GEN,
9718,GEN,
9719,GEN,
9720,GEN,
9721,GEN,
9722,GEN,
9723,SC,243
9724,GEN,
9725,OBC-NCL,2138
9726,GEN,
9727,GEN-EWS,1248
9728,GEN,
9729,GEN,
9730,GEN,
9731,GEN-EWS,1249
9732,GEN-EWS,1250
9733,GEN,
9734,GEN,
9735,GEN,
9736,GEN,
9737,GEN,
9738,OBC-NCL,2139
9739,GEN,
9740,GEN,
9741,GEN,
9742,GEN-EWS,1251
9743,GEN,
9744,GEN,
9745,GEN,
9746,GEN-EWS,1252
9747,GEN,
9748,GEN,
9749,GEN,
9750,GEN,
9751,GEN,
9752,GEN,
9753,GEN-EWS,1253
9754,GEN,
9755,GEN,
9756,GEN-EWS,1254
9757,GEN,
9758,OBC-NCL,2140
9759,GEN,
9760,GEN,
9761,OBC-NCL,2141
9762,GEN,
9763,GEN,
9764,GEN,
9765,OBC-NCL,2142
9766,OBC-NCL,2143
9767,GEN-EWS,1255
9768,GEN,
9769,GEN,
9770,GEN,
9771,GEN,
9772,GEN,
9773,GEN,
9774,GEN-EWS,1256
9775,GEN,
9776,GEN,
9777,GEN,
9778,GEN,
9779,GEN-EWS,1257
9780,GEN,
9781,SC,244
9782,GEN-EWS,1258
9783,OBC-NCL,2144
9784,GEN-EWS,1259
9785,SC,245
9786,GEN,
9787,GEN-EWS,1260
9788,GEN-EWS,1261
9789,GEN,
9790,OBC-NCL,2145
9791,OBC-NCL,2146
9792,GEN,
9793,OBC-NCL,2147
9794,OBC-NCL,2148
9795,GEN,
9796,GEN,
9797,GEN,
9798,GEN,
9799,GEN,
9800,GEN,
9801,OBC-NCL,2149
9802,OBC-NCL,2150
9803,GEN-EWS,1262
9804,GEN-EWS,1263
9805,GEN-EWS,1264
9806,GEN,
9807,GEN-EWS,1265
9808,OBC-NCL,2151
9809,OBC-NCL,2152
9809,SC,246
9811,GEN,
9812,OBC-NCL,2153
9813,OBC-NCL,2154
9814,OBC-NCL,2155
9815,GEN,
9816,OBC-NCL,2156
9817,GEN,
9818,OBC-NCL,2157
9819,GEN-EWS,1266
9820,GEN,
9821,GEN-EWS,1267
9822,OBC-NCL,2158
9823,GEN,
9824,GEN,
9825,OBC-NCL,2159
9826,OBC-NCL,2160
9827,GEN,
9828,GEN,
9829,OBC-NCL,2161
9830,GEN,
9831,GEN,
9832,GEN,
9833,GEN,
9834,OBC-NCL,2162
9835,OBC-NCL,2163
9836,GEN,
9837,GEN,
9838,OBC-NCL,2164
9839,GEN-EWS,1268
9840,OBC-NCL,2165
9841,GEN,
9842,OBC-NCL,2166
9843,GEN,
9844,GEN,
9845,OBC-NCL,2167
9846,GEN,
9847,GEN,
9848,OBC-NCL,2168
9849,GEN,
9850,GEN,
9851,OBC-NCL,2169
9852,GEN-EWS,1269
9853,GEN,
9854,OBC-NCL,2170
9855,OBC-NCL,2171
9856,GEN-EWS,1270
9857,GEN,
9858,GEN-EWS,1271
9859,GEN,
9860,GEN,
9861,GEN-EWS,1272
9862,OBC-NCL,2172
9863,GEN,
9864,GEN-EWS,1273
9865,SC,247
9866,GEN,
9867,GEN-EWS,1274
9868,OBC-NCL,2173
9869,GEN,
9870,GEN,
9871,GEN,
9872,GEN,
9873,GEN,
9874,GEN,
9875,GEN,
9876,GEN,
9877,OBC-NCL,2174
9878,GEN,
9879,GEN,
9880,GEN,
9881,ST,41
9882,GEN,
9883,GEN,
9884,GEN,
9884,GEN,
9886,OBC-NCL,2175
9887,OBC-NCL,2176
9888,GEN,
9889,GEN,
9890,GEN,
9891,OBC-NCL,2177
9892,GEN,
9893,GEN,
9894,GEN,
9895,OBC-NCL,2178
9896,OBC-NCL,2179
9897,GEN,
9898,OBC-NCL,2180
9899,OBC-NCL,2181
9900,GEN,
9901,ST,42
9902,OBC-NCL,2182
9903,GEN,
9904,GEN,
9905,OBC-NCL,2183
9906,GEN,
9907,GEN,
9908,OBC-NCL,2184
9909,GEN,
9910,GEN,
9911,GEN,
9912,GEN,
9913,GEN,
9914,GEN,
9915,OBC-NCL,2185
9916,GEN,
9917,GEN,
9918,GEN,
9919,GEN-EWS,1275
9920,OBC-NCL,2186
9921,OBC-NCL,2187
9922,GEN-EWS,1276
9923,GEN,
9924,GEN,
9925,GEN,
9926,GEN,
9927,OBC-NCL,2188
9928,OBC-NCL,2189
9929,OBC-NCL,2190
9930,GEN-EWS,1277
9931,OBC-NCL,2191
9932,GEN,
9933,GEN,
9934,OBC-NCL,2192
9935,OBC-NCL,2193
9936,GEN,
9937,GEN,
9938,GEN,
9939,GEN,
9940,OBC-NCL,2194
9941,GEN,
9942,GEN,
9943,OBC-NCL,2195
9944,GEN,
9945,GEN,
9946,GEN-EWS,1278
9947,OBC-NCL,2196
9948,OBC-NCL,2197
9949,GEN,
9950,GEN,
9951,GEN-EWS,1279
9952,GEN,
9953,GEN,
9954,GEN-EWS,1280
9955,OBC-NCL,2198
9956,GEN,
9957,GEN-EWS,1281
9958,GEN,
9959,GEN-EWS,1282
9960,GEN,
9961,GEN,
9962,SC,248
9963,GEN-EWS,1283
9964,GEN-EWS,1284
9965,GEN,
9966,GEN,
9967,OBC-NCL,2199
9968,GEN-EWS,1285
9969,GEN,
9970,GEN,
9971,GEN-EWS,1286
9972,OBC-NCL,2200
9973,OBC-NCL,2201
9974,GEN,
9975,GEN,
9976,GEN,
9977,GEN,
9978,SC,249
9979,OBC-NCL,2202
9980,SC,250
9981,OBC-NCL,2203
9982,GEN-EWS,1287
9983,GEN,
9984,OBC-NCL,2204
9985,GEN,
9986,GEN,
9987,OBC-NCL,2205
9988,GEN,
9989,GEN-EWS,1288
9990,GEN-EWS,1289
9991,GEN,
9992,GEN,
9993,OBC-NCL,2206
9994,GEN,
9995,OBC-NCL,2207
9996,GEN,
9997,GEN,
9998,GEN,
9999,GEN,
10000,GEN,
10001,GEN,
10002,GEN,
10003,GEN,
10004,GEN,
10005,GEN,
10006,GEN,
10007,GEN-EWS,1290
10008,GEN,
10009,GEN-EWS,1291
10010,SC,251
10011,OBC-NCL,2208
10012,GEN,
10013,OBC-NCL,2209
10014,GEN,
10015,GEN,
10016,GEN,
10017,GEN,
10018,GEN,
10019,GEN,
10020,GEN,
10021,GEN,
10022,GEN,
10023,GEN-EWS,1292
10024,OBC-NCL,2210
10025,GEN,
10026,OBC-NCL,2211
10027,GEN,
10028,GEN,
10029,GEN,
10030,GEN,
10031,GEN,
10032,GEN-EWS,1293
10033,OBC-NCL,2212
10034,GEN,
10035,GEN-EWS,1294
10036,OBC-NCL,2213
10037,GEN,
10038,SC,252
10039,GEN-EWS,1295
10040,OBC-NCL,2214
10041,GEN,
10042,GEN,
10043,GEN,
10044,GEN,
10045,OBC-NCL,2215
10046,GEN-EWS,1296
10047,OBC-NCL,2216
10048,OBC-NCL,2217
10049,OBC-NCL,2218
10050,GEN-EWS,1297
10051,GEN-EWS,1298
10052,OBC-NCL,2219
10053,GEN,
10054,GEN,
10055,OBC-NCL,2220
10056,GEN,
10057,OBC-NCL,2221
10058,GEN,
10059,GEN,
10060,GEN-EWS,1299
10061,OBC-NCL,2222
10062,OBC-NCL,2223
10063,OBC-NCL,2224
10064,GEN,
10065,SC,253
10066,GEN-EWS,1300
10067,GEN,
10068,GEN,
10069,GEN,
10070,GEN-EWS,1301
10071,GEN,
10072,OBC-NCL,2225
10073,GEN,
10074,GEN,
10075,GEN,
10076,GEN,
10077,OBC-NCL,2226
10078,GEN,
10079,OBC-NCL,2227
10080,GEN,
10081,GEN,
10082,GEN-EWS,1302
10083,GEN,
10084,GEN-EWS,1303
10085,OBC-NCL,2228
10086,GEN-EWS,1304
10087,OBC-NCL,2229
10088,GEN,
10089,GEN,
10090,OBC-NCL,2230
10091,OBC-NCL,2231
10092,OBC-NCL,2232
10093,GEN-EWS,1305
10094,GEN,
10095,GEN,
10096,OBC-NCL,2233
10097,GEN,
10098,GEN,
10099,GEN,
10100,GEN-EWS,1306
10101,GEN,
10102,GEN,
10103,GEN,
10104,GEN,
10105,GEN,
10106,GEN,
10107,GEN,
10108,OBC-NCL,2234
10109,GEN,
10110,OBC-NCL,2235
10111,GEN,
10112,GEN,
10113,GEN,
10114,GEN,
10115,GEN,
10116,SC,254
10117,GEN,
10118,OBC-NCL,2236
10119,OBC-NCL,2237
10120,GEN,
10121,GEN,
10122,GEN,
10123,GEN,
10123,GEN-EWS,1307
10125,GEN-EWS,1308
10126,GEN,
10127,GEN,
10128,GEN-EWS,1309
10129,GEN,
10130,GEN,
10131,GEN,
10132,GEN,
10133,OBC-NCL,2238
10134,GEN,
10135,GEN-EWS,1310
10136,GEN,
10137,GEN,
10138,GEN,
10139,GEN,
10140,OBC-NCL,2239
10141,OBC-NCL,2240
10142,GEN-EWS,1311
10143,GEN-EWS,1312
10144,OBC-NCL,2241
10145,OBC-NCL,2242
10146,GEN-EWS,1313
10147,SC,255
10148,OBC-NCL,2243
10149,GEN,
10150,GEN,
10151,GEN,
10152,OBC-NCL,2244
10153,OBC-NCL,2245
10154,GEN,
10155,GEN,
10156,GEN,
10157,GEN,
10158,GEN,
10159,SC,256
10160,GEN,
10161,GEN-EWS,1314
10162,GEN,
10163,OBC-NCL,2246
10164,GEN,
10165,GEN,
10166,GEN,
10167,GEN-EWS,1315
10168,OBC-NCL,2247
10169,GEN,
10170,GEN,
10171,GEN,
10172,SC,257
10173,GEN,
10174,GEN,
10175,GEN,
10176,GEN-EWS,1316
10177,GEN,
10178,GEN,
10179,GEN,
10180,OBC-NCL,2248
10181,GEN,
10182,OBC-NCL,2249
10183,OBC-NCL,2250
10184,GEN,
10185,GEN-EWS,1317
10186,GEN,
10187,OBC-NCL,2251
10188,OBC-NCL,2252
10189,OBC-NCL,2253
10190,GEN,
10191,GEN-EWS,1318
10192,GEN,
10193,GEN,
10194,OBC-NCL,2254
10195,GEN-EWS,1319
10196,OBC-NCL,2255
10197,GEN-EWS,1320
10198,GEN,
10199,OBC-NCL,2256
10200,OBC-NCL,2257
10201,OBC-NCL,2258
10202,OBC-NCL,2259
10203,GEN,
10204,GEN,
10205,GEN,
10206,GEN,
10207,GEN-EWS,1321
10208,GEN-EWS,1322
10209,GEN,
10210,GEN,
10211,GEN,
10212,GEN-EWS,1323
10213,GEN,
10214,GEN-EWS,1324
10215,GEN,
10216,OBC-NCL,2260
10217,GEN,
10218,GEN,
10219,GEN,
10220,GEN,
10221,OBC-NCL,2261
10222,GEN,
10223,GEN-EWS,1325
10224,GEN,
10225,OBC-NCL,2262
10226,GEN,
10226,GEN,
10228,OBC-NCL,2263
10229,GEN,
10230,GEN,
10230,OBC-NCL,2264
10232,OBC-NCL,2265
10233,GEN,
10234,GEN,
10235,GEN,
10236,GEN,
10237,GEN,
10238,GEN-EWS,1326
10239,GEN,
10240,GEN,
10241,GEN,
10242,GEN,
10243,GEN,
10244,GEN,
10245,GEN,
10246,GEN,
10247,GEN,
10248,GEN,
10249,OBC-NCL,2266
10250,GEN,
10251,GEN,
10252,GEN-EWS,1327
10253,OBC-NCL,2267
10254,GEN,
10255,OBC-NCL,2268
10256,GEN,
10257,GEN,
10258,GEN,
10259,GEN,
10260,GEN-EWS,1328
10261,OBC-NCL,2269
10262,OBC-NCL,2270
10263,GEN,
10264,GEN-EWS,1329
10265,GEN,
10266,SC,258
10267,GEN,
10268,GEN-EWS,1330
10269,OBC-NCL,2271
10270,GEN-EWS,1331
10271,GEN,
10272,GEN,
10273,GEN,
10274,GEN-EWS,1332
10275,GEN-EWS,1333
10276,GEN,
10277,GEN,
10278,GEN-EWS,1334
10279,GEN,
10280,GEN,
10281,GEN,
10282,GEN-EWS,1335
10283,GEN,
10284,GEN,
10285,GEN-EWS,1336
10286,GEN,
10287,GEN,
10288,GEN,
10289,GEN-EWS,1337
10290,GEN,
10291,GEN-EWS,1338
10292,OBC-NCL,2272
10293,GEN,
10294,GEN-EWS,1339
10295,GEN,
10296,GEN,
10297,GEN,
10298,GEN-EWS,1340
10299,OBC-NCL,2273
10300,GEN-EWS,1341
10301,OBC-NCL,2274
10302,GEN,
10303,OBC-NCL,2275
10304,OBC-NCL,2276
10305,GEN,
10306,GEN-EWS,1342
10307,OBC-NCL,2277
10308,GEN,
10309,GEN,
10310,GEN,
10311,GEN,
10312,OBC-NCL,2278
10313,GEN,
10314,GEN,
10315,OBC-NCL,2279
10316,OBC-NCL,2280
10317,GEN,
10318,OBC-NCL,2281
10319,OBC-NCL,2282
10320,SC,259
10321,GEN,
10322,ST,43
10323,OBC-NCL,2283
10324,GEN-EWS,1343
10325,GEN-EWS,1344
10326,GEN,
10327,OBC-NCL,2284
10328,GEN,
10329,OBC-NCL,2285
10330,GEN,
10331,GEN-EWS,1345
10332,OBC-NCL,2286
10333,GEN-EWS,1346
10334,GEN-EWS,1347
10335,GEN,
10336,GEN,
10337,GEN,
10338,GEN-EWS,1348
10339,GEN,
10340,OBC-NCL,2287
10341,GEN,
10342,GEN,
10343,GEN,
10344,GEN-EWS,1349
10345,GEN,
10346,GEN-EWS,1350
10347,OBC-NCL,2288
10348,GEN-EWS,1351
10349,GEN-EWS,1352
10350,GEN,
10351,OBC-NCL,2289
10352,GEN,
10353,GEN,
10354,GEN,
10355,GEN,
10356,GEN-EWS,1353
10357,GEN,
10358,OBC-NCL,2290
10359,GEN,
10360,GEN,
10361,GEN,
10362,OBC-NCL,2291
10363,GEN,
10364,GEN,
10365,OBC-NCL,2292
10366,GEN,
10367,GEN,
10368,OBC-NCL,2293
10369,OBC-NCL,2294
10370,GEN-EWS,1354
10371,OBC-NCL,2295
10372,GEN-EWS,1355
10373,GEN,
10374,GEN,
10375,GEN,
10376,GEN,
10377,OBC-NCL,2296
10378,SC,260
10379,ST,44
10380,OBC-NCL,2297
10381,GEN,
10382,GEN,
10383,GEN,
10384,OBC-NCL,2298
10385,GEN,
10386,SC,261
10387,GEN-EWS,1356
10388,GEN,
10389,GEN,
10390,GEN,
10391,OBC-NCL,2299
10392,GEN,
10393,OBC-NCL,2300
10394,OBC-NCL,2301
10395,GEN,
10396,OBC-NCL,2302
10397,GEN,
10398,OBC-NCL,2303
10399,GEN,
10400,GEN-EWS,1357
10401,GEN,
10402,GEN,
10403,GEN,
10404,GEN,
10405,GEN,
10406,SC,262
10407,OBC-NCL,2304
10408,GEN,
10409,GEN,
10410,GEN,
10411,GEN,
10412,OBC-NCL,2305
10413,GEN,
10414,GEN,
10415,GEN,
10416,GEN,
10417,SC,263
10418,OBC-NCL,2306
10419,SC,264
10420,ST,45
10421,GEN,
10422,OBC-NCL,2307
10423,ST,46
10424,GEN,
10425,GEN,
10426,GEN,
10427,GEN,
10428,GEN,
10429,GEN-EWS,1358
10430,GEN,
10431,GEN,
10432,GEN,
10433,OBC-NCL,2308
10434,GEN,
10435,GEN,
10436,GEN,
10437,OBC-NCL,2309
10438,GEN,
10439,OBC-NCL,2310
10440,GEN-EWS,1359
10441,OBC-NCL,2311
10442,GEN,
10443,GEN,
10444,GEN,
10445,OBC-NCL,2312
10446,GEN,
10447,GEN,
10448,GEN,
10449,ST,47
10450,GEN,
10451,OBC-NCL,2313
10452,GEN,
10453,GEN,
10454,OBC-NCL,2314
10455,GEN-EWS,1360
10456,GEN,
10457,OBC-NCL,2315
10458,GEN-EWS,1361
10459,GEN,
10460,GEN,
10461,GEN-EWS,1362
10462,GEN,
10463,GEN,
10464,GEN-EWS,1363
10464,GEN-EWS,1363
10466,OBC-NCL,2316
10467,OBC-NCL,2317
10468,OBC-NCL,2318
10469,ST,48
10470,GEN,
10471,SC,265
10472,OBC-NCL,2319
10473,GEN-EWS,1365
10474,OBC-NCL,2320
10475,GEN,
10476,OBC-NCL,2321
10477,OBC-NCL,2322
10478,OBC-NCL,2323
10479,OBC-NCL,2324
10480,GEN,
10481,GEN,
10482,GEN,
10483,SC,266
10484,OBC-NCL,2325
10485,GEN,
10486,OBC-NCL,2326
10487,GEN,
10488,SC,267
10489,GEN-EWS,1366
10490,GEN-EWS,1367
10491,GEN,
10492,OBC-NCL,2327
10493,GEN,
10494,GEN,
10495,GEN,
10496,GEN,
10497,GEN,
10498,GEN,
10499,GEN,
10500,OBC-NCL,2328
10501,GEN,
10502,OBC-NCL,2329
10503,GEN,
10504,GEN,
10505,GEN,
10506,OBC-NCL,2330
10507,OBC-NCL,2331
10508,OBC-NCL,2332
10509,OBC-NCL,2333
10510,GEN-EWS,1368
10511,GEN,
10512,GEN-EWS,1369
10513,GEN-EWS,1370
10514,GEN,
10515,GEN,
10516,GEN,
10517,GEN,
10518,GEN-EWS,1371
10519,GEN-EWS,1372
10520,GEN,
10521,OBC-NCL,2334
10522,OBC-NCL,2335
10523,OBC-NCL,2336
10524,GEN,
10525,OBC-NCL,2337
10526,OBC-NCL,2338
10527,GEN-EWS,1373
10528,OBC-NCL,2339
10529,OBC-NCL,2340
10530,GEN,
10531,OBC-NCL,2341
10532,GEN,
10533,OBC-NCL,2342
10534,GEN,
10535,GEN,
10536,GEN,
10537,GEN,
10538,GEN-EWS,1374
10539,ST,49
10540,GEN-EWS,1375
10541,GEN,
10542,GEN,
10543,GEN-EWS,1376
10544,GEN,
10545,GEN-EWS,1377
10546,OBC-NCL,2343
10547,GEN,
10548,OBC-NCL,2344
10549,GEN,
10550,GEN-EWS,1378
10551,OBC-NCL,2345
10552,GEN-EWS,1379
10553,GEN,
10554,GEN,
10555,OBC-NCL,2346
10556,GEN,
10557,GEN-EWS,1380
10558,GEN,
10559,GEN,
10560,GEN,
10561,GEN,
10562,GEN,
10563,OBC-NCL,2347
10564,GEN-EWS,1381
10565,GEN,
10566,GEN,
10567,GEN,
10568,GEN-EWS,1382
10569,GEN,
10570,OBC-NCL,2348
10571,GEN,
10572,GEN,
10573,GEN,
10574,GEN,
10575,GEN,
10576,GEN,
10577,OBC-NCL,2349
10578,ST,50
10579,OBC-NCL,2350
10580,GEN,
10581,GEN,
10582,OBC-NCL,2351
10583,GEN,
10584,ST,51
10585,GEN,
10586,OBC-NCL,2352
10587,OBC-NCL,2353
10588,GEN-EWS,1383
10589,GEN,
10590,OBC-NCL,2354
10591,OBC-NCL,2355
10592,GEN,
10593,OBC-NCL,2356
10594,GEN-EWS,1384
10595,GEN,
10596,GEN,
10597,OBC-NCL,2357
10598,SC,268
10599,OBC-NCL,2358
10600,GEN-EWS,1385
10601,GEN,
10602,OBC-NCL,2359
10603,GEN,
10604,GEN-EWS,1386
10605,GEN,
10606,SC,269
10607,GEN,
10608,GEN-EWS,1387
10609,GEN,
10610,GEN-EWS,1388
10611,GEN-EWS,1389
10612,GEN-EWS,1390
10613,GEN-EWS,1391
10614,GEN-EWS,1392
10615,OBC-NCL,2360
10616,GEN,
10617,OBC-NCL,2361
10618,GEN,
10619,OBC-NCL,2362
10620,GEN,
10621,OBC-NCL,2363
10622,OBC-NCL,2364
10623,OBC-NCL,2365
10624,GEN,
10625,GEN-EWS,1393
10626,GEN,
10627,OBC-NCL,2366
10628,GEN-EWS,1394
10629,GEN,
10630,GEN,
10631,GEN-EWS,1395
10632,GEN-EWS,1396
10633,GEN,
10634,GEN,
10635,GEN-EWS,1397
10636,OBC-NCL,2367
10637,GEN,
10638,OBC-NCL,2368
10639,GEN-EWS,1398
10640,GEN,
10641,GEN,
10642,GEN-EWS,1399
10643,GEN,
10644,OBC-NCL,2369
10645,GEN,
10646,GEN,
10647,GEN,
10648,OBC-NCL,2370
10649,GEN,
10650,OBC-NCL,2371
10651,GEN,
10652,GEN,
10653,GEN,
10654,GEN,
10655,GEN,
10656,GEN-EWS,1400
10657,GEN,
10658,GEN-EWS,1401
10659,OBC-NCL,2372
10660,OBC-NCL,2373
10661,GEN,
10662,GEN,
10663,OBC-NCL,2374
10664,OBC-NCL,2375
10665,OBC-NCL,2376
10666,GEN,
10667,OBC-NCL,2377
10668,GEN-EWS,1402
10669,GEN,
10670,GEN,
10671,OBC-NCL,2378
10672,GEN,
10673,GEN,
10674,OBC-NCL,2379
10675,OBC-NCL,2380
10676,GEN-EWS,1403
10677,GEN-EWS,1404
10678,OBC-NCL,2381
10679,GEN,
10680,GEN,
10681,GEN,
10682,GEN,
10683,GEN,
10684,GEN,
10685,GEN,
10686,GEN,
10687,OBC-NCL,2382
10688,GEN,
10689,GEN-EWS,1405
10690,OBC-NCL,2383
10691,GEN,
10692,GEN-EWS,1406
10693,GEN,
10694,OBC-NCL,2384
10695,OBC-NCL,2385
10696,OBC-NCL,2386
10697,GEN,
10698,GEN,
10699,GEN,
10700,OBC-NCL,2387
10701,OBC-NCL,2388
10702,GEN,
10703,GEN,
10704,OBC-NCL,2389
10705,GEN,
10706,GEN,
10707,GEN-EWS,1407
10708,GEN,
10709,GEN,
10710,SC,270
10711,OBC-NCL,2390
10712,GEN,
10713,OBC-NCL,2391
10714,GEN,
10715,GEN,
10716,GEN-EWS,1408
10717,GEN,
10718,OBC-NCL,2392
10719,GEN,
10720,GEN,
10721,OBC-NCL,2393
10722,OBC-NCL,2394
10723,GEN,
10724,OBC-NCL,2395
10725,GEN,
10726,GEN,
10727,GEN,
10728,GEN-EWS,1409
10729,GEN,
10730,GEN,
10731,GEN,
10732,GEN,
10733,OBC-NCL,2396
10734,GEN-EWS,1410
10735,GEN,
10736,GEN-EWS,1411
10737,GEN,
10738,GEN,
10739,GEN,
10740,GEN,
10741,GEN,
10742,GEN,
10743,OBC-NCL,2397
10744,GEN,
10745,GEN,
10746,GEN,
10747,OBC-NCL,2398
10748,OBC-NCL,2399
10749,GEN-EWS,1412
10750,GEN,
10751,GEN,
10752,OBC-NCL,2400
10753,OBC-NCL,2401
10754,GEN,
10755,GEN,
10756,GEN,
10757,GEN,
10758,GEN,
10759,OBC-NCL,2402
10760,GEN-EWS,1413
10761,GEN,
10762,GEN,
10763,GEN,
10764,SC,271
10765,OBC-NCL,2403
10766,GEN,
10767,GEN,
10768,OBC-NCL,2404
10769,GEN,
10770,GEN,
10771,GEN,
10772,GEN,
10773,OBC-NCL,2405
10774,OBC-NCL,2406
10775,OBC-NCL,2407
10776,GEN,
10777,GEN-EWS,1414
10778,GEN,
10779,OBC-NCL,2408
10780,OBC-NCL,2409
10781,GEN,
10782,GEN,
10783,OBC-NCL,2410
10784,GEN,
10785,GEN,
10786,GEN,
10787,GEN,
10788,GEN,
10789,GEN,
10790,GEN,
10791,GEN,
10792,GEN,
10793,GEN,
10794,OBC-NCL,2411
10795,OBC-NCL,2412
10796,GEN-EWS,1415
10797,GEN,
10798,OBC-NCL,2413
10799,GEN,
10800,GEN-EWS,1416
10801,GEN-EWS,1417
10802,SC,272
10803,GEN,
10804,GEN,
10805,GEN,
10806,GEN,
10807,GEN,
10808,OBC-NCL,2414
10809,GEN,
10810,OBC-NCL,2415
10811,OBC-NCL,2416
10812,GEN,
10813,GEN,
10814,GEN,
10815,GEN,
10816,GEN,
10817,GEN,
10818,GEN-EWS,1418
10819,GEN-EWS,1419
10820,GEN,
10821,GEN,
10822,GEN,
10823,GEN,
10824,GEN,
10825,OBC-NCL,2417
10826,ST,52
10827,GEN,
10828,GEN,
10829,GEN-EWS,1420
10830,GEN,
10831,GEN,
10831,GEN-EWS,1421
10833,GEN-EWS,1422
10834,GEN,
10835,GEN-EWS,1423
10836,GEN,
10837,OBC-NCL,2418
10838,GEN,
10839,GEN,
10840,GEN,
10841,GEN,
10842,GEN,
10843,GEN,
10844,OBC-NCL,2419
10845,GEN,
10846,GEN-EWS,1424
10847,GEN,
10848,GEN,
10849,OBC-NCL,2420
10850,GEN,
10851,GEN,
10852,GEN,
10853,GEN,
10854,GEN-EWS,1425
10855,GEN,
10856,OBC-NCL,2421
10857,GEN-EWS,1426
10858,GEN,
10859,GEN-EWS,1427
10860,SC,273
10861,GEN,
10862,SC,274
10863,OBC-NCL,2422
10864,GEN-EWS,1428
10865,GEN,
10866,GEN,
10867,OBC-NCL,2423
10868,OBC-NCL,2424
10869,GEN,
10870,GEN,
10871,GEN,
10872,GEN,
10873,GEN,
10874,OBC-NCL,2425
10875,GEN,
10876,GEN,
10877,GEN,
10878,GEN-EWS,1429
10879,OBC-NCL,2426
10880,GEN,
10881,GEN,
10882,GEN,
10883,GEN,
10884,GEN,
10885,GEN,
10886,GEN,
10887,OBC-NCL,2427
10888,OBC-NCL,2428
10889,GEN,
10890,GEN-EWS,1430
10891,OBC-NCL,2429
10892,GEN,
10893,OBC-NCL,2430
10894,GEN,
10895,GEN,
10896,GEN,
10897,GEN,
10898,GEN,
10899,GEN,
10900,OBC-NCL,2431
10901,GEN,
10902,GEN,
10903,GEN,
10904,GEN-EWS,1431
10905,GEN,
10906,OBC-NCL,2432
10907,GEN-EWS,1432
10908,ST,53
10909,OBC-NCL,2433
10910,OBC-NCL,2434
10911,OBC-NCL,2435
10912,GEN,
10913,OBC-NCL,2436
10914,OBC-NCL,2437
10915,OBC-NCL,2438
10916,OBC-NCL,2439
10917,GEN,
10917,OBC-NCL,2440
10919,ST,54
10920,GEN,
10921,GEN,
10922,GEN,
10923,GEN-EWS,1433
10924,GEN,
10925,OBC-NCL,2441
10926,GEN-EWS,1434
10927,OBC-NCL,2442
10928,OBC-NCL,2443
10929,GEN,
10930,GEN,
10931,OBC-NCL,2444
10932,GEN,
10933,OBC-NCL,2445
10934,GEN,
10935,GEN,
10936,GEN-EWS,1435
10937,GEN,
10938,GEN-EWS,1436
10939,GEN,
10940,GEN,
10941,GEN,
10942,OBC-NCL,2446
10943,GEN,
10944,GEN,
10945,GEN-EWS,1437
10946,GEN,
10946,GEN-EWS,1438
10948,GEN-EWS,1439
10949,GEN,
10950,OBC-NCL,2447
10951,OBC-NCL,2448
10952,GEN,
10953,OBC-NCL,2449
10954,OBC-NCL,2450
10955,GEN,
10956,GEN,
10957,GEN-EWS,1440
10958,GEN,
10959,GEN,
10960,GEN,
10961,GEN-EWS,1441
10962,OBC-NCL,2451
10963,GEN-EWS,1442
10964,GEN,
10965,SC,275
10966,GEN,
10967,OBC-NCL,2452
10968,GEN,
10969,OBC-NCL,2453
10970,GEN,
10971,GEN,
10972,OBC-NCL,2454
10973,GEN-EWS,1443
10974,OBC-NCL,2455
10975,GEN,
10976,GEN,
10977,GEN,
10978,GEN,
10979,GEN,
10980,GEN-EWS,1444
10981,OBC-NCL,2456
10982,GEN,
10983,GEN,
10984,GEN,
10985,OBC-NCL,2457
10986,GEN,
10987,GEN,
10988,GEN,
10989,GEN,
10990,GEN-EWS,1445
10991,OBC-NCL,2458
10992,GEN,
10993,GEN,
10994,GEN-EWS,1446
10995,GEN,
10996,OBC-NCL,2459
10997,OBC-NCL,2460
10998,OBC-NCL,2461
10999,GEN-EWS,1447
11000,SC,276
11001,GEN,
11002,OBC-NCL,2462
11003,GEN,
11004,GEN,
11005,GEN-EWS,1448
11006,GEN,
11007,OBC-NCL,2463
11008,GEN,
11009,GEN,
11010,GEN,
11011,GEN,
11012,OBC-NCL,2464
11013,GEN,
11014,OBC-NCL,2465
11015,GEN,
11016,GEN,
11017,GEN,
11018,GEN,
11019,GEN-EWS,1449
11020,OBC-NCL,2466
11021,OBC-NCL,2467
11022,OBC-NCL,2468
11023,GEN,
11024,GEN,
11025,GEN,
11026,GEN-EWS,1450
11027,GEN-EWS,1451
11028,ST,55
11029,OBC-NCL,2469
11030,OBC-NCL,2470
11031,GEN,
11032,OBC-NCL,2471
11033,GEN,
11034,GEN,
11035,GEN,
11036,GEN,
11037,OBC-NCL,2472
11038,OBC-NCL,2473
11039,OBC-NCL,2474
11040,GEN,
11041,GEN,
11042,GEN,
11043,ST,56
11044,GEN,
11045,GEN,
11046,GEN,
11047,GEN,
11048,GEN,
11049,GEN-EWS,1452
11050,OBC-NCL,2475
11051,GEN,
11052,OBC-NCL,2476
11053,OBC-NCL,2477
11054,OBC-NCL,2478
11055,OBC-NCL,2479
11056,OBC-NCL,2480
11057,OBC-NCL,2481
11058,GEN,
11059,GEN,
11060,OBC-NCL,2482
11061,OBC-NCL,2483
11062,GEN,
11063,OBC-NCL,2484
11064,GEN-EWS,1453
11065,GEN,
11066,OBC-NCL,2485
11067,GEN-EWS,1454
11068,GEN-EWS,1455
11069,GEN,
11070,OBC-NCL,2486
11071,OBC-NCL,2487
11072,GEN-EWS,1456
11073,GEN,
11074,SC,277
11075,GEN,
11076,GEN,
11077,GEN-EWS,1457
11078,GEN,
11079,OBC-NCL,2488
11080,GEN,
11081,OBC-NCL,2489
11082,OBC-NCL,2490
11083,GEN,
11084,OBC-NCL,2491
11085,GEN-EWS,1458
11086,OBC-NCL,2492
11087,GEN,
11088,GEN,
11089,GEN-EWS,1459
11090,OBC-NCL,2493
11091,GEN,
11092,GEN-EWS,1460
11093,GEN-EWS,1461
11094,GEN,
11095,GEN,
11096,OBC-NCL,2494
11097,GEN,
11098,GEN,
11099,OBC-NCL,2495
11100,OBC-NCL,2496
11101,OBC-NCL,2497
11102,GEN-EWS,1462
11103,GEN,
11104,GEN-EWS,1463
11105,GEN-EWS,1464
11106,GEN,
11107,OBC-NCL,2498
11108,OBC-NCL,2499
11109,GEN,
11110,GEN,
11111,OBC-NCL,2500
11112,OBC-NCL,2501
11113,OBC-NCL,2502
11114,OBC-NCL,2503
11115,GEN-EWS,1465
11116,GEN,
11117,OBC-NCL,2504
11118,GEN,
11119,GEN,
11120,GEN,
11121,GEN,
11122,OBC-NCL,2505
11123,OBC-NCL,2506
11124,GEN-EWS,1466
11125,OBC-NCL,2507
11126,OBC-NCL,2508
11126,OBC-NCL,2508
11128,OBC-NCL,2510
11129,GEN,
11130,GEN-EWS,1467
11131,GEN,
11132,GEN,
11133,GEN,
11134,OBC-NCL,2511
11135,OBC-NCL,2512
11136,GEN-EWS,1468
11137,GEN,
11138,GEN,
11139,GEN,
11140,ST,57
11141,GEN,
11142,GEN,
11143,OBC-NCL,2513
11144,GEN,
11145,GEN,
11146,GEN,
11147,GEN,
11148,GEN,
11149,GEN,
11150,GEN,
11151,GEN,
11152,GEN,
11153,GEN,
11154,GEN,
11155,GEN,
11156,GEN,
11157,GEN-EWS,1469
11158,OBC-NCL,2514
11159,SC,278
11160,GEN,
11161,ST,58
11162,OBC-NCL,2515
11163,GEN,
11164,GEN-EWS,1470
11165,GEN,
11166,GEN,
11167,GEN,
11168,GEN,
11169,GEN,
11169,OBC-NCL,2516
11171,GEN,
11172,GEN,
11173,OBC-NCL,2517
11174,GEN,
11175,GEN,
11176,GEN,
11177,GEN-EWS,1471
11178,GEN-EWS,1472
11179,GEN,
11180,GEN,
11181,OBC-NCL,2518
11182,OBC-NCL,2519
11183,GEN,
11184,OBC-NCL,2520
11185,GEN,
11186,GEN,
11187,GEN-EWS,1473
11188,GEN-EWS,1474
11189,OBC-NCL,2521
11190,OBC-NCL,2522
11191,OBC-NCL,2523
11192,GEN,
11193,GEN-EWS,1475
11194,OBC-NCL,2524
11195,GEN,
11196,GEN,
11197,GEN,
11198,OBC-NCL,2525
11199,GEN,
11200,OBC-NCL,2526
11201,GEN,
11202,GEN-EWS,1476
11203,OBC-NCL,2527
11204,OBC-NCL,2528
11205,GEN-EWS,1477
11206,GEN,
11207,GEN-EWS,1478
11208,GEN-EWS,1479
11209,GEN,
11210,GEN,
11211,GEN,
11212,OBC-NCL,2529
11213,GEN,
11214,GEN,
11215,GEN,
11216,GEN,
11217,OBC-NCL,2530
11218,OBC-NCL,2531
11219,GEN,
11220,GEN,
11221,OBC-NCL,2532
11222,OBC-NCL,2533
11223,GEN,
11224,OBC-NCL,2534
11225,GEN,
11226,GEN-EWS,1480
11227,OBC-NCL,2535
11228,OBC-NCL,2536
11229,OBC-NCL,2537
11230,ST,59
11231,OBC-NCL,2538
11232,OBC-NCL,2539
11233,GEN,
11234,GEN,
11235,OBC-NCL,2540
11236,OBC-NCL,2541
11237,OBC-NCL,2542
11238,GEN,
11239,GEN,
11240,GEN-EWS,1481
11241,GEN-EWS,1482
11242,GEN,
11243,OBC-NCL,2543
11244,GEN,
11244,OBC-NCL,2544
11246,GEN,
11247,OBC-NCL,2545
11248,GEN,
11249,GEN,
11250,GEN,
11250,SC,279
11252,GEN,
11253,GEN,
11254,GEN,
11255,GEN-EWS,1483
11256,GEN,
11257,GEN,
11258,OBC-NCL,2546
11259,OBC-NCL,2547
11260,GEN-EWS,1484
11261,GEN,
11262,GEN,
11263,GEN,
11264,GEN-EWS,1485
11265,SC,280
11266,GEN,
11267,OBC-NCL,2548
11268,GEN-EWS,1486
11269,GEN,
11270,OBC-NCL,2549
11271,OBC-NCL,2550
11272,GEN-EWS,1487
11273,GEN,
11274,GEN,
11275,GEN-EWS,1488
11276,OBC-NCL,2551
11277,GEN-EWS,1489
11278,GEN-EWS,1490
11279,GEN,
11280,SC,281
11281,OBC-NCL,2552
11282,GEN,
11283,OBC-NCL,2553
11284,OBC-NCL,2554
11285,GEN,
11286,OBC-NCL,2555
11287,GEN,
11288,GEN,
11289,OBC-NCL,2556
11290,GEN,
11291,GEN,
11292,GEN,
11293,GEN,
11294,GEN-EWS,1491
11295,GEN,
11296,OBC-NCL,2557
11297,OBC-NCL,2558
11298,GEN,
11299,GEN,
11300,OBC-NCL,2559
11301,OBC-NCL,2560
11302,GEN,
11302,GEN,
11304,GEN,
11305,OBC-NCL,2561
11306,GEN,
11307,GEN,
11308,OBC-NCL,2562
11309,GEN,
11310,GEN,
11311,GEN,
11312,OBC-NCL,2563
11313,GEN,
11314,GEN,
11315,GEN,
11316,OBC-NCL,2564
11317,OBC-NCL,2565
11318,GEN,
11319,GEN,
11320,GEN-EWS,1492
11321,GEN,
11322,GEN,
11323,GEN,
11324,OBC-NCL,2566
11325,GEN-EWS,1493
11326,ST,60
11327,GEN,
11328,GEN,
11329,GEN,
11330,SC,282
11331,GEN,
11332,OBC-NCL,2567
11333,GEN,
11334,OBC-NCL,2568
11335,GEN,
11336,GEN,
11337,GEN-EWS,1494
11338,OBC-NCL,2569
11339,GEN,
11340,GEN,
11341,GEN,
11342,SC,283
11343,GEN,
11344,GEN,
11345,OBC-NCL,2570
11346,GEN-EWS,1495
11347,SC,284
11348,OBC-NCL,2571
11349,GEN,
11350,GEN,
11351,GEN,
11352,GEN-EWS,1496
11353,OBC-NCL,2572
11354,GEN,
11355,GEN-EWS,1497
11356,OBC-NCL,2573
11357,GEN,
11358,GEN,
11359,GEN,
11360,OBC-NCL,2574
11361,OBC-NCL,2575
11362,GEN,
11363,OBC-NCL,2576
11364,GEN-EWS,1498
11365,GEN,
11366,GEN,
11367,GEN,
11368,OBC-NCL,2577
11369,OBC-NCL,2578
11370,GEN,
11371,GEN-EWS,1499
11372,GEN-EWS,1500
11373,GEN,
11374,OBC-NCL,2579
11375,OBC-NCL,2580
11376,GEN,
11377,GEN,
11378,GEN,
11379,GEN,
11380,GEN-EWS,1501
11381,GEN,
11382,GEN-EWS,1502
11383,GEN,
11384,GEN-EWS,1503
11385,GEN,
11386,GEN,
11387,GEN,
11388,OBC-NCL,2581
11389,GEN,
11390,GEN,
11391,GEN,
11392,GEN-EWS,1504
11392,OBC-NCL,2582
11392,OBC-NCL,2582
11395,GEN,
11396,GEN,
11397,GEN,
11398,GEN,
11399,GEN,
11400,GEN,
11401,OBC-NCL,2584
11402,GEN,
11403,GEN-EWS,1505
11404,OBC-NCL,2585
11405,GEN,
11406,GEN-EWS,1506
11407,GEN,
11408,GEN-EWS,1507
11409,OBC-NCL,2586
11410,GEN,
11411,ST,61
11412,GEN,
11413,GEN,
11414,GEN,
11415,GEN,
11416,OBC-NCL,2587
11417,GEN,
11418,OBC-NCL,2588
11419,GEN-EWS,1508
11420,OBC-NCL,2589
11421,GEN,
11422,GEN-EWS,1509
11423,GEN-EWS,1510
11424,GEN,
11425,GEN,
11426,GEN,
11427,OBC-NCL,2590
11428,OBC-NCL,2591
11429,GEN,
11429,OBC-NCL,2592
11431,SC,285
11432,OBC-NCL,2593
11433,GEN,
11434,OBC-NCL,2594
11435,OBC-NCL,2595
11436,GEN,
11437,GEN,
11438,GEN,
11439,GEN-EWS,1511
11440,OBC-NCL,2596
11441,GEN,
11442,GEN,
11443,GEN-EWS,1512
11444,GEN-EWS,1513
11445,SC,286
11446,GEN,
11447,GEN,
11448,GEN-EWS,1514
11449,GEN-EWS,1515
11450,GEN,
11451,GEN,
11452,ST,62
11453,GEN,
11454,GEN,
11455,GEN,
11456,GEN,
11457,GEN,
11458,OBC-NCL,2597
11459,OBC-NCL,2598
11460,GEN,
11461,GEN,
11462,GEN,
11463,SC,287
11464,OBC-NCL,2599
11465,GEN,
11466,GEN,
11467,OBC-NCL,2600
11468,GEN,
11469,GEN,
11470,SC,288
11471,SC,289
11472,OBC-NCL,2601
11473,GEN,
11474,GEN-EWS,1516
11475,OBC-NCL,2602
11476,GEN,
11477,GEN,
11478,GEN,
11479,OBC-NCL,2603
11480,GEN,
11481,GEN,
11482,OBC-NCL,2604
11483,GEN,
11484,OBC-NCL,2605
11485,GEN-EWS,1517
11486,GEN,
11487,GEN,
11488,GEN-EWS,1518
11489,OBC-NCL,2606
11490,OBC-NCL,2607
11491,GEN,
11492,OBC-NCL,2608
11493,GEN,
11494,OBC-NCL,2609
11495,OBC-NCL,2610
11496,GEN,
11497,GEN,
11498,GEN-EWS,1519
11499,GEN,
11500,SC,290
11501,GEN,
11502,OBC-NCL,2611
11503,GEN,
11504,SC,291
11505,GEN,
11506,GEN,
11507,OBC-NCL,2612
11508,GEN,
11509,GEN,
11510,GEN-EWS,1520
11511,GEN,
11512,SC,292
11513,SC,293
11514,GEN,
11515,GEN,
11516,GEN,
11517,GEN,
11518,GEN,
11519,GEN,
11520,GEN,
11521,GEN,
11522,GEN,
11523,OBC-NCL,2613
11524,GEN-EWS,1521
11525,GEN-EWS,1522
11526,GEN-EWS,1523
11527,GEN,
11528,OBC-NCL,2614
11529,OBC-NCL,2615
11530,GEN,
11531,GEN,
11532,GEN,
11533,OBC-NCL,2616
11534,GEN,
11535,GEN,
11536,GEN-EWS,1524
11537,GEN,
11538,GEN,
11539,GEN,
11540,GEN,
11541,GEN,
11542,OBC-NCL,2617
11543,GEN,
11544,GEN,
11545,GEN,
11546,GEN,
11547,GEN,
11548,GEN,
11549,GEN,
11550,GEN-EWS,1525
11551,GEN,
11552,GEN,
11553,GEN,
11554,GEN-EWS,1526
11555,ST,63
11556,GEN,
11557,OBC-NCL,2618
11558,GEN,
11559,GEN-EWS,1527
11560,OBC-NCL,2619
11561,OBC-NCL,2620
11562,GEN,
11563,GEN,
11564,OBC-NCL,2621
11565,GEN,
11565,OBC-NCL,2622
11567,GEN,
11568,GEN-EWS,1528
11569,GEN,
11570,GEN,
11571,GEN-EWS,1529
11572,GEN-EWS,1530
11573,OBC-NCL,2623
11574,OBC-NCL,2624
11575,GEN,
11576,GEN-EWS,1531
11577,GEN,
11578,OBC-NCL,2625
11579,GEN,
11580,GEN,
11581,OBC-NCL,2626
11582,GEN,
11583,GEN,
11584,OBC-NCL,2627
11585,GEN-EWS,1532
11586,GEN,
11587,GEN-EWS,1533
11588,GEN,
11589,OBC-NCL,2628
11590,GEN,
11591,GEN,
11592,OBC-NCL,2629
11593,GEN-EWS,1534
11594,OBC-NCL,2630
11595,OBC-NCL,2631
11596,GEN,
11597,GEN,
11598,OBC-NCL,2632
11599,GEN,
11600,OBC-NCL,2633
11601,GEN,
11602,GEN,
11603,OBC-NCL,2634
11604,OBC-NCL,2635
11605,GEN,
11606,OBC-NCL,2636
11607,GEN,
11608,OBC-NCL,2637
11609,GEN-EWS,1535
11610,GEN,
11611,OBC-NCL,2638
11612,OBC-NCL,2639
11613,GEN-EWS,1536
11614,GEN,
11615,GEN,
11616,GEN,
11617,GEN,
11618,OBC-NCL,2640
11619,GEN,
11620,GEN,
11621,GEN-EWS,1537
11622,OBC-NCL,2641
11623,GEN,
11624,OBC-NCL,2642
11625,OBC-NCL,2643
11626,OBC-NCL,2644
11627,GEN,
11628,GEN,
11629,GEN-EWS,1538
11629,SC,294
11631,GEN-EWS,1539
11632,OBC-NCL,2645
11633,OBC-NCL,2646
11634,OBC-NCL,2647
11635,GEN,
11636,GEN-EWS,1540
11637,OBC-NCL,2648
11638,GEN-EWS,1541
11639,GEN-EWS,1542
11640,GEN,
11641,GEN,
11642,GEN,
11643,OBC-NCL,2649
11644,SC,295
11645,GEN,
11646,GEN,
11647,GEN,
11648,GEN,
11649,GEN-EWS,1543
11650,GEN,
11651,OBC-NCL,2650
11652,GEN,
11653,GEN,
11654,GEN-EWS,1544
11655,GEN,
11656,GEN,
11657,GEN,
11658,GEN,
11659,OBC-NCL,2651
11660,OBC-NCL,2652
11661,GEN,
11662,GEN-EWS,1545
11663,GEN-EWS,1546
11664,GEN,
11665,GEN,
11666,GEN,
11667,GEN,
11668,GEN,
11669,GEN,
11670,OBC-NCL,2653
11671,GEN,
11672,OBC-NCL,2654
11673,GEN,
11674,GEN,
11675,GEN,
11676,SC,296
11677,OBC-NCL,2655
11678,GEN,
11679,GEN-EWS,1547
11680,GEN-EWS,1548
11681,GEN-EWS,1549
11682,GEN,
11683,OBC-NCL,2656
11684,GEN-EWS,1550
11685,GEN,
11686,GEN-EWS,1551
11687,GEN,
11688,GEN,
11689,GEN,
11690,GEN,
11691,GEN,
11692,GEN-EWS,1552
11693,OBC-NCL,2657
11694,OBC-NCL,2658
11695,GEN-EWS,1553
11696,GEN-EWS,1554
11697,GEN,
11698,GEN,
11699,GEN,
11700,GEN,
11701,GEN,
11702,GEN,
11703,GEN,
11704,OBC-NCL,2659
11705,GEN,
11706,GEN,
11707,OBC-NCL,2660
11708,GEN,
11709,GEN,
11710,GEN,
11711,OBC-NCL,2661
11712,OBC-NCL,2662
11713,GEN,
11714,GEN-EWS,1555
11715,GEN,
11716,GEN-EWS,1556
11717,GEN,
11718,GEN,
11719,GEN-EWS,1557
11720,GEN,
11721,GEN,
11722,GEN,
11723,GEN,
11724,GEN,
11725,OBC-NCL,2663
11726,OBC-NCL,2664
11727,GEN,
11728,OBC-NCL,2665
11729,GEN,
11730,OBC-NCL,2666
11731,GEN-EWS,1558
11732,GEN-EWS,1559
11733,GEN,
11734,GEN,
11735,GEN,
11736,OBC-NCL,2667
11737,OBC-NCL,2668
11738,GEN,
11739,GEN,
11740,OBC-NCL,2669
11741,OBC-NCL,2670
11742,GEN,
11743,OBC-NCL,2671
11744,OBC-NCL,2672
11745,OBC-NCL,2673
11746,GEN-EWS,1560
11747,GEN,
11748,GEN-EWS,1561
11749,GEN-EWS,1562
11750,GEN-EWS,1563
11751,GEN,
11752,GEN,
11753,GEN,
11754,GEN-EWS,1564
11755,GEN,
11756,GEN-EWS,1565
11757,GEN,
11758,GEN,
11759,GEN-EWS,1566
11760,GEN,
11761,GEN,
11762,GEN,
11763,SC,297
11764,OBC-NCL,2674
11765,OBC-NCL,2675
11766,GEN,
11767,GEN-EWS,1567
11768,OBC-NCL,2676
11769,OBC-NCL,2677
11770,OBC-NCL,2678
11771,GEN,
11772,SC,298
11773,GEN,
11774,SC,299
11775,GEN,
11776,OBC-NCL,2679
11777,GEN,
11778,OBC-NCL,2680
11779,OBC-NCL,2681
11780,GEN-EWS,1568
11781,OBC-NCL,2682
11782,OBC-NCL,2683
11783,GEN-EWS,1569
11784,OBC-NCL,2684
11785,GEN,
11786,OBC-NCL,2685
11787,OBC-NCL,2686
11788,OBC-NCL,2687
11789,GEN-EWS,1570
11790,OBC-NCL,2688
11791,GEN,
11792,GEN,
11793,GEN,
11794,GEN,
11795,GEN,
11796,GEN,
11797,OBC-NCL,2689
11798,GEN,
11799,GEN,
11800,GEN-EWS,1571
11801,OBC-NCL,2690
11802,SC,300
11803,OBC-NCL,2691
11804,GEN,
11805,GEN,
11806,GEN-EWS,1572
11807,GEN,
11808,GEN,
11809,GEN,
11810,GEN-EWS,1573
11811,OBC-NCL,2692
11812,OBC-NCL,2693
11813,GEN-EWS,1574
11814,GEN,
11815,GEN,
11816,GEN,
11817,GEN-EWS,1575
11818,GEN,
11819,GEN-EWS,1576
11820,OBC-NCL,2694
11821,GEN,
11822,OBC-NCL,2695
11823,GEN,
11824,GEN,
11825,GEN,
11826,GEN-EWS,1577
11827,OBC-NCL,2696
11828,OBC-NCL,2697
11829,GEN-EWS,1578
11830,GEN,
11831,GEN,
11832,OBC-NCL,2698
11833,GEN,
11834,GEN,
11835,GEN-EWS,1579
11836,GEN,
11837,GEN,
11838,OBC-NCL,2699
11839,OBC-NCL,2700
11840,GEN,
11841,SC,301
11842,GEN-EWS,1580
11843,OBC-NCL,2701
11844,GEN,
11845,OBC-NCL,2702
11846,GEN,
11847,OBC-NCL,2703
11848,GEN,
11849,GEN,
11850,GEN,
11851,OBC-NCL,2704
11852,GEN,
11853,GEN-EWS,1581
11854,GEN,
11855,GEN,
11856,OBC-NCL,2705
11857,GEN,
11858,GEN,
11859,GEN,
11860,GEN,
11861,OBC-NCL,2706
11862,GEN,
11863,GEN,
11864,GEN,
11865,GEN-EWS,1582
11866,SC,302
11867,GEN-EWS,1583
11868,GEN,
11869,GEN,
11870,OBC-NCL,2707
11871,GEN,
11872,OBC-NCL,2708
11873,OBC-NCL,2709
11874,OBC-NCL,2710
11875,GEN,
11876,GEN,
11877,OBC-NCL,2711
11878,OBC-NCL,2712
11879,GEN,
11880,GEN,
11881,SC,303
11882,GEN-EWS,1584
11883,GEN,
11884,GEN,
11885,OBC-NCL,2713
11886,GEN,
11887,OBC-NCL,2714
11888,GEN-EWS,1585
11889,GEN,
11890,GEN,
11891,SC,304
11892,GEN-EWS,1586
11893,GEN,
11894,OBC-NCL,2715
11895,GEN-EWS,1587
11896,OBC-NCL,2716
11897,GEN,
11898,GEN,
11899,OBC-NCL,2717
11900,GEN,
11901,OBC-NCL,2718
11902,OBC-NCL,2719
11903,GEN-EWS,1588
11904,GEN,
11905,OBC-NCL,2720
11906,GEN,
11907,SC,305
11908,GEN,
11909,GEN,
11910,SC,306
11911,GEN-EWS,1589
11912,GEN,
11913,OBC-NCL,2721
11914,GEN-EWS,1590
11915,OBC-NCL,2722
11916,GEN-EWS,1591
11917,GEN,
11918,GEN,
11919,GEN,
11920,GEN,
11921,OBC-NCL,2723
11922,OBC-NCL,2724
11923,GEN-EWS,1592
11924,GEN-EWS,1593
11925,GEN,
11926,OBC-NCL,2725
11927,GEN,
11928,OBC-NCL,2726
11929,OBC-NCL,2727
11930,OBC-NCL,2728
11931,GEN-EWS,1594
11932,OBC-NCL,2729
11933,OBC-NCL,2730
11934,OBC-NCL,2731
11935,OBC-NCL,2732
11936,GEN,
11937,GEN,
11938,GEN-EWS,1595
11939,GEN-EWS,1596
11940,OBC-NCL,2733
11941,GEN,
11942,GEN,
11943,OBC-NCL,2734
11944,GEN,
11945,GEN,
11946,OBC-NCL,2735
11947,GEN,
11948,GEN,
11949,GEN,
11950,GEN,
11951,GEN,
11952,GEN,
11953,OBC-NCL,2736
11954,GEN,
11955,OBC-NCL,2737
11956,GEN-EWS,1597
11957,GEN,
11958,GEN,
11959,GEN,
11960,GEN,
11961,GEN,
11962,GEN,
11963,GEN,
11964,GEN,
11965,OBC-NCL,2738
11966,GEN-EWS,1598
11967,GEN,
11968,GEN,
11969,GEN-EWS,1599
11970,GEN,
11971,GEN-EWS,1600
11972,OBC-NCL,2739
11973,GEN-EWS,1601
11974,GEN,
11975,GEN,
11976,GEN,
11977,GEN,
11978,GEN,
11979,GEN,
11980,GEN,
11981,GEN-EWS,1602
11982,GEN,
11983,OBC-NCL,2740
11984,GEN,
11985,GEN-EWS,1603
11986,GEN-EWS,1604
11987,GEN,
11988,GEN,
11989,OBC-NCL,2741
11990,GEN-EWS,1605
11991,GEN,
11992,GEN,
11993,GEN,
11994,OBC-NCL,2742
11995,GEN-EWS,1606
11996,GEN,
11997,GEN-EWS,1607
11998,GEN,
11999,GEN,
12000,GEN,
12001,GEN-EWS,1608
12002,GEN,
12003,GEN,
12004,OBC-NCL,2743
12005,GEN,
12006,OBC-NCL,2744
12007,OBC-NCL,2745
12008,GEN,
12009,GEN,
12010,GEN,
12011,GEN,
12012,OBC-NCL,2746
12013,GEN,
12014,GEN,
12015,GEN,
12016,GEN,
12017,GEN,
12018,OBC-NCL,2747
12019,GEN-EWS,1609
12020,GEN,
12021,GEN,
12022,GEN,
12023,GEN,
12024,GEN,
12025,OBC-NCL,2748
12026,GEN,
12027,GEN,
12028,GEN,
12029,GEN-EWS,1610
12030,OBC-NCL,2749
12031,GEN,
12032,GEN,
12033,GEN-EWS,1611
12034,OBC-NCL,2750
12035,OBC-NCL,2751
12036,GEN,
12037,GEN,
12038,GEN,
12039,GEN-EWS,1612
12040,GEN-EWS,1613
12041,OBC-NCL,2752
12042,SC,307
12043,GEN,
12044,GEN,
12045,GEN-EWS,1614
12046,GEN,
12047,GEN,
12048,GEN,
12049,GEN,
12050,GEN-EWS,1615
12051,GEN,
12052,GEN-EWS,1616
12053,GEN,
12054,GEN,
12055,GEN,
12056,GEN,
12057,OBC-NCL,2753
12058,GEN,
12059,SC,308
12060,GEN,
12061,OBC-NCL,2754
12062,SC,309
12063,GEN,
12064,GEN,
12065,GEN,
12066,GEN,
12067,OBC-NCL,2755
12068,OBC-NCL,2756
12069,GEN,
12070,GEN,
12071,GEN,
12072,GEN,
12073,OBC-NCL,2757
12074,GEN,
12074,GEN-EWS,1617
12076,OBC-NCL,2758
12077,GEN,
12078,GEN-EWS,1618
12079,GEN,
12080,OBC-NCL,2759
12081,GEN,
12082,OBC-NCL,2760
12083,OBC-NCL,2761
12084,OBC-NCL,2762
12085,GEN-EWS,1619
12086,GEN-EWS,1620
12087,GEN-EWS,1621
12088,OBC-NCL,2763
12089,GEN,
12090,OBC-NCL,2764
12091,OBC-NCL,2765
12092,OBC-NCL,2766
12093,GEN,
12094,GEN,
12095,GEN,
12096,OBC-NCL,2767
12097,GEN-EWS,1622
12098,GEN,
12099,GEN,
12100,GEN,
12101,GEN,
12102,OBC-NCL,2768
12103,GEN,
12104,GEN,
12105,OBC-NCL,2769
12106,OBC-NCL,2770
12107,OBC-NCL,2771
12108,GEN,
12109,GEN,
12110,GEN-EWS,1623
12111,OBC-NCL,2772
12112,OBC-NCL,2773
12113,GEN,
12114,GEN,
12114,OBC-NCL,2774
12116,OBC-NCL,2775
12117,GEN,
12118,GEN,
12119,OBC-NCL,2776
12120,GEN-EWS,1624
12121,GEN,
12122,GEN-EWS,1625
12123,SC,310
12124,OBC-NCL,2777
12125,OBC-NCL,2778
12126,OBC-NCL,2779
12127,GEN,
12128,OBC-NCL,2780
12129,GEN,
12130,GEN,
12131,GEN,
12132,GEN,
12133,GEN,
12134,GEN,
12135,GEN,
12136,GEN,
12137,GEN,
12138,GEN,
12139,GEN,
12140,GEN,
12141,GEN,
12142,GEN,
12143,GEN,
12144,OBC-NCL,2781
12145,GEN,
12146,OBC-NCL,2782
12147,OBC-NCL,2783
12148,OBC-NCL,2784
12149,GEN-EWS,1626
12150,OBC-NCL,2785
12151,OBC-NCL,2786
12152,GEN,
12153,OBC-NCL,2787
12154,GEN,
12155,OBC-NCL,2788
12156,GEN,
12157,SC,311
12158,GEN,
12159,OBC-NCL,2789
12160,GEN-EWS,1627
12161,GEN,
12162,GEN,
12163,GEN,
12164,OBC-NCL,2790
12165,GEN-EWS,1628
12166,GEN-EWS,1629
12167,OBC-NCL,2791
12168,SC,312
12169,OBC-NCL,2792
12170,GEN-EWS,1630
12171,OBC-NCL,2793
12172,OBC-NCL,2794
12173,SC,313
12174,GEN,
12175,OBC-NCL,2795
12176,GEN,
12177,GEN,
12178,OBC-NCL,2796
12179,GEN,
12180,GEN-EWS,1631
12181,OBC-NCL,2797
12182,GEN,
12183,GEN,
12184,GEN-EWS,1632
12185,OBC-NCL,2798
12186,OBC-NCL,2799
12187,OBC-NCL,2800
12188,GEN,
12189,GEN,
12190,GEN,
12191,GEN,
12192,GEN-EWS,1633
12193,GEN,
12194,GEN,
12195,GEN,
12196,GEN,
12197,OBC-NCL,2801
12198,GEN,
12199,OBC-NCL,2802
12200,GEN,
12201,GEN,
12202,OBC-NCL,2803
12203,GEN-EWS,1634
12204,GEN,
12205,GEN,
12206,GEN,
12207,OBC-NCL,2804
12208,GEN,
12209,GEN,
12210,GEN,
12211,OBC-NCL,2805
12212,GEN,
12213,GEN,
12214,GEN-EWS,1635
12215,GEN-EWS,1636
12216,GEN-EWS,1637
12217,SC,314
12218,OBC-NCL,2806
12219,OBC-NCL,2807
12220,GEN-EWS,1638
12221,GEN,
12222,GEN,
12223,GEN,
12224,GEN-EWS,1639
12225,GEN,
12226,GEN,
12227,OBC-NCL,2808
12228,GEN,
12229,OBC-NCL,2809
12230,SC,315
12231,GEN-EWS,1640
12232,OBC-NCL,2810
12233,GEN,
12233,OBC-NCL,2811
12235,GEN,
12236,GEN,
12237,GEN-EWS,1641
12238,GEN-EWS,1642
12239,GEN,
12240,OBC-NCL,2812
12241,GEN,
12242,OBC-NCL,2813
12243,GEN,
12244,GEN,
12245,OBC-NCL,2814
12246,GEN,
12247,GEN,
12248,GEN,
12249,GEN,
12250,GEN,
12251,GEN,
12252,GEN,
12253,OBC-NCL,2815
12254,GEN-EWS,1643
12255,OBC-NCL,2816
12256,OBC-NCL,2817
12257,OBC-NCL,2818
12258,OBC-NCL,2819
12259,GEN,
12260,GEN,
12261,GEN,
12262,GEN,
12263,GEN,
12264,GEN-EWS,1644
12265,GEN-EWS,1645
12266,GEN,
12267,OBC-NCL,2820
12268,GEN,
12269,GEN-EWS,1646
12270,GEN-EWS,1647
12271,GEN,
12272,GEN,
12273,GEN-EWS,1648
12274,GEN,
12275,GEN,
12276,GEN,
12277,GEN,
12278,GEN,
12279,GEN,
12280,OBC-NCL,2821
12281,OBC-NCL,2822
12282,GEN,
12283,GEN,
12284,GEN,
12285,GEN,
12286,GEN,
12287,GEN,
12288,OBC-NCL,2823
12289,GEN,
12290,GEN,
12291,GEN,
12292,GEN,
12293,GEN,
12294,GEN,
12295,GEN-EWS,1649
12296,GEN,
12297,GEN,
12298,GEN,
12299,OBC-NCL,2824
12300,ST,64
12301,GEN,
12302,OBC-NCL,2825
12303,GEN-EWS,1650
12304,GEN-EWS,1651
12305,GEN,
12306,OBC-NCL,2826
12307,GEN,
12308,GEN,
12309,GEN,
12310,GEN,
12311,OBC-NCL,2827
12312,OBC-NCL,2828
12313,OBC-NCL,2829
12314,GEN,
12315,OBC-NCL,2830
12316,OBC-NCL,2831
12317,GEN,
12318,GEN,
12319,GEN-EWS,1652
12320,GEN,
12321,GEN,
12322,GEN,
12323,ST,65
12324,OBC-NCL,2832
12325,OBC-NCL,2833
12326,OBC-NCL,2834
12327,GEN,
12328,GEN-EWS,1653
12329,GEN-EWS,1654
12330,GEN,
12331,ST,66
12332,OBC-NCL,2835
12333,OBC-NCL,2836
12334,GEN,
12334,OBC-NCL,2837
12336,GEN,
12337,ST,67
12338,GEN,
12339,GEN,
12340,GEN-EWS,1655
12341,OBC-NCL,2838
12342,GEN,
12343,GEN,
12344,GEN,
12345,GEN,
12346,GEN-EWS,1656
12347,GEN,
12348,GEN,
12349,GEN,
12350,GEN,
12351,SC,316
12352,OBC-NCL,2839
12353,GEN-EWS,1657
12354,SC,317
12355,GEN,
12356,OBC-NCL,2840
12357,GEN-EWS,1658
12358,GEN,
12359,OBC-NCL,2841
12360,OBC-NCL,2842
12361,GEN,
12362,GEN,
12363,GEN-EWS,1659
12364,OBC-NCL,2843
12365,GEN-EWS,1660
12366,GEN,
12367,GEN,
12368,GEN,
12369,GEN,
12370,GEN,
12371,OBC-NCL,2844
12372,GEN,
12373,GEN,
12374,OBC-NCL,2845
12375,GEN,
12376,GEN,
12377,GEN,
12377,OBC-NCL,2846
12379,OBC-NCL,2847
12379,SC,318
12381,OBC-NCL,2848
12382,GEN,
12383,OBC-NCL,2849
12384,GEN,
12385,GEN-EWS,1661
12386,GEN,
12387,GEN,
12388,OBC-NCL,2850
12389,GEN,
12390,GEN,
12391,OBC-NCL,2851
12392,OBC-NCL,2852
12393,GEN,
12394,GEN,
12395,GEN,
12396,GEN,
12397,GEN-EWS,1662
12398,OBC-NCL,2853
12399,GEN,
12400,GEN-EWS,1663
12401,GEN,
12402,GEN-EWS,1664
12403,GEN,
12403,GEN,
12403,GEN,
12406,GEN,
12407,GEN,
12408,OBC-NCL,2854
12409,GEN,
12410,ST,68
12411,OBC-NCL,2855
12412,GEN,
12413,GEN,
12414,SC,319
12415,GEN,
12416,GEN,
12417,GEN-EWS,1665
12418,GEN,
12419,GEN,
12420,OBC-NCL,2856
12421,GEN,
12422,SC,320
12423,GEN,
12424,OBC-NCL,2857
12425,OBC-NCL,2858
12425,SC,321
12427,OBC-NCL,2859
12428,OBC-NCL,2860
12429,OBC-NCL,2861
12430,OBC-NCL,2862
12431,GEN-EWS,1666
12432,GEN-EWS,1667
12433,GEN,
12434,GEN-EWS,1668
12435,OBC-NCL,2863
12436,GEN-EWS,1669
12437,GEN,
12438,GEN-EWS,1670
12439,OBC-NCL,2864
12440,GEN-EWS,1671
12441,GEN,
12442,GEN,
12443,GEN,
12444,OBC-NCL,2865
12445,GEN,
12446,GEN,
12447,GEN,
12448,OBC-NCL,2866
12449,GEN,
12450,GEN,
12451,OBC-NCL,2867
12452,GEN,
12453,GEN-EWS,1672
12454,GEN,
12455,OBC-NCL,2868
12456,OBC-NCL,2869
12457,OBC-NCL,2870
12458,GEN,
12459,OBC-NCL,2871
12460,OBC-NCL,2872
12461,GEN,
12462,GEN,
12463,GEN,
12464,GEN,
12465,GEN,
12466,OBC-NCL,2873
12467,OBC-NCL,2874
12468,GEN,
12469,OBC-NCL,2875
12470,GEN,
12471,GEN,
12472,GEN,
12473,GEN,
12474,GEN,
12475,GEN,
12476,GEN-EWS,1673
12477,GEN-EWS,1674
12478,GEN-EWS,1675
12479,OBC-NCL,2876
12480,GEN,
12481,GEN,
12482,GEN,
12483,GEN,
12484,GEN-EWS,1676
12485,GEN,
12486,GEN,
12487,GEN,
12488,GEN,
12489,OBC-NCL,2877
12490,GEN,
12491,OBC-NCL,2878
12492,OBC-NCL,2879
12493,OBC-NCL,2880
12494,GEN,
12495,GEN-EWS,1677
12496,OBC-NCL,2881
12497,OBC-NCL,2882
12498,GEN-EWS,1678
12499,GEN-EWS,1679
12500,GEN-EWS,1680
12501,OBC-NCL,2883
12502,GEN,
12503,GEN,
12504,GEN,
12505,GEN-EWS,1681
12506,GEN,
12507,GEN-EWS,1682
12508,GEN-EWS,1683
12509,GEN,
12510,GEN,
12511,GEN,
12512,OBC-NCL,2884
12513,GEN-EWS,1684
12513,OBC-NCL,2885
12515,GEN,
12516,SC,322
12517,OBC-NCL,2886
12518,GEN,
12519,GEN,
12520,GEN,
12521,GEN,
12522,OBC-NCL,2887
12523,GEN-EWS,1685
12524,GEN,
12525,GEN,
12526,OBC-NCL,2888
12527,GEN-EWS,1686
12528,GEN,
12529,GEN,
12530,GEN,
12531,OBC-NCL,2889
12532,GEN,
12533,GEN,
12534,OBC-NCL,2890
12535,GEN-EWS,1687
12536,GEN,
12537,OBC-NCL,2891
12537,OBC-NCL,2891
12539,GEN,
12540,GEN,
12541,GEN,
12542,OBC-NCL,2893
12543,GEN,
12544,OBC-NCL,2894
12545,GEN,
12546,GEN,
12547,SC,323
12548,GEN-EWS,1688
12549,OBC-NCL,2895
12550,GEN,
12551,GEN,
12552,OBC-NCL,2896
12553,GEN,
12554,SC,324
12555,OBC-NCL,2897
12556,GEN,
12557,GEN,
12558,GEN,
12559,OBC-NCL,2898
12560,GEN,
12561,GEN,
12562,GEN,
12563,OBC-NCL,2899
12564,GEN,
12565,OBC-NCL,2900
12566,OBC-NCL,2901
12567,OBC-NCL,2902
12568,GEN-EWS,1689
12569,OBC-NCL,2903
12570,OBC-NCL,2904
12571,GEN,
12572,OBC-NCL,2905
12573,GEN,
12574,GEN,
12575,GEN,
12576,OBC-NCL,2906
12577,GEN,
12578,GEN,
12579,GEN,
12580,GEN,
12581,OBC-NCL,2907
12582,GEN,
12583,GEN,
12584,GEN,
12585,GEN,
12586,GEN,
12587,GEN,
12588,GEN,
12589,GEN,
12590,GEN,
12591,GEN-EWS,1690
12592,OBC-NCL,2908
12593,GEN-EWS,1691
12594,GEN,
12595,GEN,
12596,GEN-EWS,1692
12597,GEN,
12598,GEN,
12599,GEN,
12600,GEN,
12601,OBC-NCL,2909
12602,GEN,
12603,OBC-NCL,2910
12604,GEN,
12605,GEN,
12606,SC,325
12607,GEN-EWS,1693
12608,GEN,
12609,GEN,
12610,GEN-EWS,1694
12611,GEN,
12612,OBC-NCL,2911
12613,GEN,
12614,GEN,
12615,GEN-EWS,1695
12616,GEN-EWS,1696
12617,OBC-NCL,2912
12618,OBC-NCL,2913
12619,GEN,
12620,GEN,
12621,OBC-NCL,2914
12622,GEN,
12623,OBC-NCL,2915
12624,GEN,
12625,GEN-EWS,1697
12626,GEN,
12627,OBC-NCL,2916
12628,GEN,
12629,GEN-EWS,1698
12630,GEN,
12631,OBC-NCL,2917
12632,GEN-EWS,1699
12633,GEN,
12634,GEN,
12635,OBC-NCL,2918
12636,OBC-NCL,2919
12637,GEN,
12638,OBC-NCL,2920
12639,GEN-EWS,1700
12640,GEN,
12641,GEN,
12642,OBC-NCL,2921
12643,OBC-NCL,2922
12644,GEN,
12645,OBC-NCL,2923
12646,GEN,
12647,OBC-NCL,2924
12648,GEN,
12649,OBC-NCL,2925
12650,OBC-NCL,2926
12651,GEN-EWS,1701
12652,OBC-NCL,2927
12653,OBC-NCL,2928
12654,GEN,
12655,GEN,
12656,OBC-NCL,2929
12657,GEN,
12658,OBC-NCL,2930
12659,OBC-NCL,2931
12660,GEN,
12661,GEN,
12662,OBC-NCL,2932
12663,OBC-NCL,2933
12664,GEN-EWS,1702
12665,GEN,
12666,OBC-NCL,2934
12667,GEN-EWS,1703
12668,GEN,
12669,OBC-NCL,2935
12670,SC,326
12671,GEN,
12672,OBC-NCL,2936
12673,GEN,
12674,GEN,
12675,GEN,
12676,OBC-NCL,2937
12677,OBC-NCL,2938
12678,GEN,
12679,GEN,
12680,GEN,
12681,GEN,
12682,GEN,
12683,OBC-NCL,2940
12684,GEN-EWS,1704
12685,GEN,
12686,GEN-EWS,1705
12687,OBC-NCL,2941
12688,OBC-NCL,2942
12689,OBC-NCL,2943
12690,GEN-EWS,1706
12691,GEN,
12692,SC,327
12693,GEN,
12694,OBC-NCL,2944
12695,GEN,
12696,GEN,
12697,OBC-NCL,2945
12698,SC,328
12699,GEN,
12700,GEN,
12701,GEN,
12702,GEN,
12703,OBC-NCL,2946
12704,GEN,
12705,GEN,
12706,GEN,
12707,GEN,
12708,OBC-NCL,2947
12709,OBC-NCL,2948
12710,OBC-NCL,2949
12711,GEN-EWS,1707
12712,GEN,
12713,GEN-EWS,1708
12714,GEN,
12715,GEN,
12716,GEN-EWS,1709
12717,GEN,
12718,GEN,
12719,OBC-NCL,2950
12720,OBC-NCL,2951
12721,GEN,
12722,GEN,
12723,GEN,
12724,OBC-NCL,2952
12725,GEN,
12726,GEN,
12727,GEN,
12728,GEN,
12729,OBC-NCL,2953
12730,OBC-NCL,2954
12731,GEN,
12732,OBC-NCL,2955
12733,OBC-NCL,2956
12734,OBC-NCL,2957
12735,OBC-NCL,2958
12736,GEN-EWS,1710
12737,GEN,
12738,GEN,
12739,OBC-NCL,2959
12740,GEN-EWS,1711
12741,GEN,
12742,OBC-NCL,2960
12743,SC,329
12744,GEN-EWS,1712
12745,GEN,
12746,GEN,
12747,OBC-NCL,2961
12748,SC,330
12749,OBC-NCL,2962
12750,OBC-NCL,2963
12751,GEN,
12752,GEN,
12753,GEN-EWS,1713
12754,GEN,
12755,OBC-NCL,2964
12756,OBC-NCL,2965
12757,OBC-NCL,2966
12758,OBC-NCL,2967
12759,GEN,
12760,GEN,
12761,GEN,
12762,GEN-EWS,1714
12763,GEN,
12764,GEN-EWS,1715
12765,OBC-NCL,2968
12766,OBC-NCL,2969
12767,GEN,
12768,GEN,
12769,GEN,
12770,GEN,
12771,GEN,
12772,OBC-NCL,2970
12773,GEN,
12774,GEN,
12775,GEN-EWS,1716
12776,GEN,
12777,SC,331
12778,GEN,
12779,GEN-EWS,1717
12780,GEN,
12781,GEN-EWS,1718
12782,GEN,
12783,OBC-NCL,2971
12784,GEN,
12785,GEN,
12786,ST,69
12787,OBC-NCL,2972
12788,GEN-EWS,1719
12789,GEN,
12790,GEN,
12791,GEN,
12792,GEN,
12793,OBC-NCL,2973
12794,GEN,
12795,GEN,
12796,OBC-NCL,2974
12797,GEN,
12798,GEN,
12799,GEN,
12800,GEN,
12801,GEN,
12802,GEN,
12803,OBC-NCL,2975
12804,GEN,
12805,GEN,
12806,OBC-NCL,2976
12807,GEN,
12808,ST,70
12809,OBC-NCL,2977
12810,GEN,
12811,GEN-EWS,1720
12812,GEN,
12813,OBC-NCL,2978
12814,GEN,
12815,OBC-NCL,2979
12816,GEN,
12817,GEN,
12818,GEN,
12819,GEN,
12820,GEN-EWS,1721
12821,GEN,
12822,OBC-NCL,2980
12823,OBC-NCL,2981
12824,GEN,
12825,OBC-NCL,2982
12826,GEN,
12827,OBC-NCL,2983
12828,OBC-NCL,2984
12829,GEN-EWS,1722
12830,SC,332
12831,GEN-EWS,1723
12832,GEN-EWS,1724
12833,GEN,
12834,GEN,
12835,GEN-EWS,1725
12836,GEN,
12837,OBC-NCL,2985
12838,GEN,
12839,OBC-NCL,2986
12840,GEN,
12841,GEN,
12842,GEN,
12843,GEN,
12844,GEN,
12845,GEN-EWS,1726
12846,GEN-EWS,1727
12847,GEN,
12848,GEN,
12849,OBC-NCL,2987
12850,OBC-NCL,2988
12851,GEN,
12852,GEN,
12853,OBC-NCL,2989
12854,GEN,
12855,GEN,
12856,SC,333
12857,GEN-EWS,1728
12858,OBC-NCL,2990
12859,GEN,
12860,GEN-EWS,1729
12861,GEN,
12862,OBC-NCL,2991
12863,GEN,
12864,GEN,
12865,GEN-EWS,1730
12866,OBC-NCL,2992
12867,GEN,
12868,GEN,
12869,OBC-NCL,2993
12870,OBC-NCL,2994
12871,OBC-NCL,2995
12872,GEN,
12873,GEN-EWS,1731
12874,GEN,
12875,OBC-NCL,2996
12876,GEN,
12877,GEN-EWS,1732
12878,OBC-NCL,2997
12879,OBC-NCL,2998
12880,SC,334
12881,GEN,
12882,GEN,
12883,SC,335
12884,GEN-EWS,1733
12885,OBC-NCL,2999
12886,GEN,
12887,GEN,
12888,GEN-EWS,1734
12889,GEN,
12890,GEN,
12891,GEN-EWS,1735
12892,OBC-NCL,3000
12893,GEN-EWS,1736
12894,OBC-NCL,3001
12895,OBC-NCL,3002
12896,OBC-NCL,3003
12897,GEN-EWS,1737
12898,GEN-EWS,1738
12899,OBC-NCL,3004
12900,GEN,
12901,GEN,
12902,OBC-NCL,3005
12903,GEN,
12904,GEN-EWS,1739
12905,GEN,
12906,GEN,
12907,GEN,
12908,GEN,
12909,OBC-NCL,3006
12910,GEN-EWS,1740
12911,GEN,
12912,GEN,
12913,GEN,
12914,GEN,
12915,OBC-NCL,3007
12916,OBC-NCL,3008
12917,GEN,
12918,GEN-EWS,1741
12919,GEN,
12920,GEN-EWS,1742
12921,GEN,
12922,GEN,
12923,GEN,
12924,OBC-NCL,3009
12925,OBC-NCL,3010
12926,GEN-EWS,1743
12927,GEN,
12928,OBC-NCL,3011
12929,GEN,
12930,GEN,
12931,GEN,
12932,GEN,
12933,GEN,
12934,OBC-NCL,3012
12935,GEN-EWS,1744
12936,GEN,
12937,OBC-NCL,3013
12938,GEN,
12939,GEN,
12940,OBC-NCL,3014
12941,OBC-NCL,3015
12942,OBC-NCL,3016
12943,GEN,
12944,GEN,
12945,OBC-NCL,3017
12946,OBC-NCL,3018
12947,OBC-NCL,3019
12948,GEN-EWS,1745
12949,OBC-NCL,3020
12950,OBC-NCL,3021
12951,GEN,
12952,OBC-NCL,3022
12953,GEN,
12954,GEN,
12955,GEN,
12956,GEN,
12957,GEN,
12958,GEN,
12959,GEN,
12960,OBC-NCL,3023
12961,OBC-NCL,3024
12962,OBC-NCL,3025
12963,GEN-EWS,1746
12964,GEN,
12965,SC,336
12966,GEN-EWS,1747
12967,GEN-EWS,1748
12968,GEN,
12969,GEN,
12970,GEN,
12971,GEN,
12972,OBC-NCL,3026
12973,GEN,
12974,GEN,
12975,OBC-NCL,3027
12976,GEN,
12977,GEN,
12978,GEN,
12979,GEN-EWS,1749
12980,GEN,
12981,OBC-NCL,3028
12982,GEN,
12983,GEN,
12984,GEN,
12985,GEN,
12986,GEN,
12987,OBC-NCL,3029
12988,OBC-NCL,3030
12989,ST,71
12990,OBC-NCL,3031
12991,OBC-NCL,3032
12992,GEN,
12993,GEN,
12994,GEN,
12995,OBC-NCL,3033
12996,GEN,
12997,GEN-EWS,1750
12998,GEN,
12999,SC,337
13000,GEN,
13001,OBC-NCL,3034
13002,OBC-NCL,3035
13003,GEN,
13004,GEN,
13005,GEN,
13006,SC,338
13007,OBC-NCL,3036
13008,OBC-NCL,3037
13009,GEN,
13010,GEN,
13011,OBC-NCL,3038
13012,OBC-NCL,3039
13013,OBC-NCL,3040
13014,GEN-EWS,1751
13015,GEN,
13016,GEN,
13017,SC,339
13018,GEN,
13019,OBC-NCL,3041
13020,GEN,
13021,GEN,
13022,GEN,
13023,GEN,
13024,GEN,
13025,GEN-EWS,1752
13026,OBC-NCL,3042
13027,OBC-NCL,3043
13028,GEN,
13029,OBC-NCL,3044
13030,GEN,
13031,GEN,
13032,GEN,
13033,OBC-NCL,3045
13034,OBC-NCL,3046
13035,GEN,
13035,GEN,
13037,GEN,
13038,GEN,
13039,OBC-NCL,3047
13040,OBC-NCL,3048
13041,GEN,
13042,GEN,
13043,OBC-NCL,3049
13044,OBC-NCL,3050
13045,GEN,
13046,OBC-NCL,3051
13047,GEN,
13048,GEN,
13049,GEN,
13050,GEN,
13051,GEN,
13052,GEN,
13053,GEN,
13054,GEN,
13055,GEN,
13056,GEN,
13057,GEN,
13058,GEN-EWS,1753
13059,OBC-NCL,3052
13060,GEN,
13061,GEN,
13062,OBC-NCL,3053
13063,OBC-NCL,3054
13064,OBC-NCL,3055
13065,OBC-NCL,3056
13066,GEN-EWS,1754
13067,SC,340
13068,OBC-NCL,3057
13069,GEN,
13070,GEN,
13071,GEN,
13072,GEN-EWS,1755
13073,GEN,
13074,GEN-EWS,1756
13075,OBC-NCL,3058
13076,GEN,
13077,OBC-NCL,3059
13078,OBC-NCL,3060
13079,GEN,
13080,ST,72
13081,GEN-EWS,1757
13082,GEN,
13083,GEN,
13084,GEN-EWS,1758
13085,GEN,
13086,GEN,
13087,GEN,
13088,OBC-NCL,3061
13089,GEN-EWS,1759
13090,GEN-EWS,1760
13091,GEN-EWS,1761
13092,GEN,
13093,GEN,
13094,OBC-NCL,3062
13095,OBC-NCL,3063
13096,GEN,
13097,GEN,
13098,GEN,
13099,GEN,
13100,GEN,
13101,GEN,
13102,OBC-NCL,3064
13103,GEN-EWS,1762
13104,GEN,
13105,OBC-NCL,3065
13106,OBC-NCL,3066
13107,GEN,
13108,OBC-NCL,3067
13109,GEN,
13110,GEN,
13111,GEN,
13112,GEN,
13113,GEN,
13114,GEN,
13115,GEN,
13116,GEN,
13117,GEN,
13118,GEN,
13119,OBC-NCL,3068
13120,GEN,
13121,OBC-NCL,3069
13122,OBC-NCL,3070
13123,GEN,
13124,OBC-NCL,3071
13125,OBC-NCL,3072
13126,OBC-NCL,3073
13127,GEN,
13128,OBC-NCL,3074
13129,GEN-EWS,1763
13130,GEN,
13131,GEN,
13132,GEN,
13133,GEN,
13134,GEN,
13135,GEN,
13136,SC,341
13137,GEN,
13138,GEN,
13139,GEN,
13140,SC,342
13141,OBC-NCL,3075
13142,GEN-EWS,1764
13143,OBC-NCL,3076
13144,OBC-NCL,3077
13145,GEN,
13146,SC,343
13147,OBC-NCL,3078
13148,GEN,
13149,GEN,
13150,OBC-NCL,3079
13151,GEN,
13152,OBC-NCL,3080
13153,GEN,
13154,OBC-NCL,3081
13155,OBC-NCL,3082
13156,GEN,
13157,GEN,
13158,GEN-EWS,1765
13159,GEN,
13160,GEN-EWS,1766
13161,GEN,
13162,GEN-EWS,1767
13163,OBC-NCL,3083
13164,GEN,
13165,GEN,
13166,GEN-EWS,1768
13167,GEN,
13168,GEN,
13169,GEN,
13170,GEN,
13171,GEN,
13172,GEN,
13173,OBC-NCL,3084
13174,GEN,
13175,GEN-EWS,1769
13176,ST,73
13177,SC,344
13178,GEN,
13179,OBC-NCL,3085
13180,GEN,
13181,GEN-EWS,1770
13182,OBC-NCL,3086
13183,OBC-NCL,3087
13184,OBC-NCL,3088
13185,GEN,
13186,GEN,
13187,GEN,
13188,GEN,
13189,GEN-EWS,1771
13190,ST,74
13191,GEN-EWS,1772
13192,OBC-NCL,3089
13193,OBC-NCL,3090
13194,GEN,
13195,GEN,
13196,GEN-EWS,1773
13197,GEN,
13198,OBC-NCL,3091
13199,OBC-NCL,3092
13200,OBC-NCL,3093
13201,GEN,
13202,GEN,
13203,GEN,
13204,GEN,
13205,GEN,
13206,GEN,
13207,GEN,
13208,GEN-EWS,1774
13209,GEN-EWS,1775
13210,OBC-NCL,3094
13211,GEN,
13212,GEN-EWS,1776
13213,GEN,
13214,GEN,
13215,GEN-EWS,1777
13216,OBC-NCL,3095
13217,OBC-NCL,3096
13218,OBC-NCL,3097
13219,GEN,
13220,GEN,
13221,OBC-NCL,3098
13222,GEN-EWS,1778
13223,OBC-NCL,3099
13224,GEN-EWS,1779
13225,OBC-NCL,3100
13226,GEN,
13227,GEN,
13228,OBC-NCL,3101
13229,GEN,
13230,GEN-EWS,1780
13231,ST,75
13232,GEN,
13233,GEN,
13234,GEN,
13235,GEN,
13236,GEN,
13237,SC,345
13238,GEN,
13239,GEN,
13240,SC,346
13241,GEN,
13242,ST,76
13243,GEN,
13244,GEN,
13245,OBC-NCL,3102
13246,OBC-NCL,3103
13247,GEN-EWS,1781
13248,GEN-EWS,1782
13249,OBC-NCL,3104
13250,GEN,
13251,GEN,
13252,GEN,
13253,ST,77
13254,GEN-EWS,1783
13255,GEN,
13256,GEN,
13257,OBC-NCL,3105
13258,GEN,
13259,GEN,
13260,OBC-NCL,3106
13261,OBC-NCL,3107
13262,OBC-NCL,3108
13263,GEN,
13264,GEN,
13265,GEN,
13266,GEN-EWS,1784
13267,GEN,
13268,OBC-NCL,3109
13269,OBC-NCL,3110
13270,GEN,
13271,GEN,
13272,OBC-NCL,3111
13273,GEN,
13274,GEN,
13275,GEN,
13276,GEN,
13277,OBC-NCL,3112
13278,OBC-NCL,3113
13279,SC,347
13280,GEN,
13281,GEN,
13282,GEN,
13283,GEN,
13284,OBC-NCL,3114
13285,GEN,
13286,GEN-EWS,1785
13287,GEN-EWS,1786
13288,GEN,
13289,GEN,
13290,GEN,
13291,GEN,
13292,SC,348
13293,OBC-NCL,3115
13294,GEN,
13295,OBC-NCL,3116
13296,OBC-NCL,3117
13297,OBC-NCL,3118
13298,GEN,
13299,GEN,
13300,GEN,
13301,OBC-NCL,3119
13302,GEN,
13303,GEN-EWS,1787
13304,GEN,
13305,OBC-NCL,3120
13306,OBC-NCL,3121
13307,OBC-NCL,3122
13308,SC,349
13309,GEN,
13310,GEN,
13311,OBC-NCL,3123
13312,OBC-NCL,3124
13313,GEN,
13314,OBC-NCL,3125
13315,GEN,
13316,GEN,
13317,GEN,
13318,OBC-NCL,3126
13319,OBC-NCL,3127
13320,ST,78
13321,OBC-NCL,3128
13322,OBC-NCL,3129
13323,GEN,
13324,OBC-NCL,3130
13325,OBC-NCL,3131
13326,GEN,
13327,GEN-EWS,1788
13328,GEN,
13329,OBC-NCL,3132
13330,GEN,
13331,OBC-NCL,3133
13332,OBC-NCL,3134
13333,GEN,
13334,GEN,
13335,GEN,
13336,GEN,
13337,GEN-EWS,1789
13338,GEN,
13339,GEN,
13340,GEN,
13341,OBC-NCL,3135
13342,GEN,
13343,GEN,
13344,GEN,
13345,GEN,
13346,GEN,
13347,OBC-NCL,3136
13348,GEN-EWS,1790
13349,OBC-NCL,3137
13350,GEN,
13351,GEN,
13352,GEN,
13353,GEN,
13354,OBC-NCL,3138
13355,GEN,
13356,GEN-EWS,1791
13357,GEN,
13358,GEN-EWS,1792
13359,OBC-NCL,3139
13360,GEN,
13361,GEN,
13362,GEN-EWS,1793
13363,OBC-NCL,3140
13364,GEN-EWS,1794
13365,GEN,
13366,GEN,
13367,OBC-NCL,3141
13368,OBC-NCL,3142
13369,GEN-EWS,1795
13370,GEN,
13371,GEN,
13372,GEN-EWS,1796
13373,GEN,
13374,GEN,
13375,GEN,
13376,GEN,
13377,GEN,
13378,GEN,
13379,GEN,
13380,GEN,
13381,GEN,
13382,GEN,
13383,GEN,
13384,GEN,
13385,GEN-EWS,1797
13386,OBC-NCL,3143
13387,GEN,
13388,GEN,
13389,OBC-NCL,3144
13390,GEN-EWS,1798
13391,GEN,
13392,GEN,
13393,GEN,
13394,GEN-EWS,1799
13395,GEN,
13396,GEN-EWS,1800
13397,GEN,
13398,GEN-EWS,1801
13399,OBC-NCL,3145
13400,GEN-EWS,1802
13401,GEN,
13402,GEN,
13403,GEN,
13404,GEN,
13405,OBC-NCL,3146
13406,GEN,
13407,GEN-EWS,1803
13408,OBC-NCL,3147
13409,GEN,
13410,OBC-NCL,3148
13411,OBC-NCL,3149
13412,GEN-EWS,1804
13413,GEN,
13414,SC,350
13415,GEN,
13416,GEN-EWS,1805
13417,GEN,
13418,GEN,
13419,OBC-NCL,3150
13420,GEN,
13421,OBC-NCL,3151
13422,GEN-EWS,1806
13423,OBC-NCL,3152
13424,GEN,
13425,GEN-EWS,1807
13426,OBC-NCL,3153
13427,GEN,
13428,SC,351
13429,GEN,
13430,GEN,
13431,GEN-EWS,1808
13432,OBC-NCL,3154
13433,GEN-EWS,1809
13434,OBC-NCL,3155
13435,GEN,
13436,GEN,
13437,GEN-EWS,1810
13438,GEN-EWS,1811
13439,OBC-NCL,3156
13440,OBC-NCL,3157
13441,OBC-NCL,3158
13442,OBC-NCL,3159
13443,GEN,
13444,GEN-EWS,1812
13445,GEN,
13446,GEN-EWS,1813
13447,GEN,
13448,GEN-EWS,1814
13449,GEN,
13450,GEN-EWS,1815
13451,GEN,
13452,GEN-EWS,1816
13453,GEN,
13454,GEN-EWS,1817
13455,GEN-EWS,1818
13456,OBC-NCL,3160
13457,GEN,
13458,GEN,
13459,GEN,
13460,GEN,
13461,OBC-NCL,3161
13462,GEN,
13463,GEN-EWS,1819
13464,GEN,
13465,GEN,
13466,GEN,
13467,OBC-NCL,3162
13468,GEN-EWS,1820
13469,GEN,
13470,GEN,
13471,GEN,
13472,GEN,
13473,GEN,
13474,GEN,
13475,GEN,
13476,GEN,
13477,GEN,
13478,GEN,
13479,GEN-EWS,1821
13480,GEN,
13481,OBC-NCL,3163
13482,OBC-NCL,3164
13483,GEN,
13484,GEN,
13485,GEN,
13486,GEN,
13487,GEN,
13488,GEN,
13489,OBC-NCL,3165
13490,GEN,
13491,GEN,
13492,OBC-NCL,3166
13493,GEN-EWS,1822
13494,GEN,
13494,GEN-EWS,1823
13496,OBC-NCL,3167
13497,GEN,
13498,GEN,
13499,GEN,
13500,GEN,
13501,OBC-NCL,3168
13502,GEN,
13503,SC,352
13504,GEN,
13505,GEN,
13506,GEN-EWS,1824
13507,OBC-NCL,3169
13508,OBC-NCL,3170
13509,OBC-NCL,3171
13510,OBC-NCL,3172
13511,GEN-EWS,1825
13512,OBC-NCL,3173
13513,GEN,
13514,OBC-NCL,3174
13515,OBC-NCL,3175
13516,GEN-EWS,1826
13517,OBC-NCL,3176
13518,OBC-NCL,3177
13519,OBC-NCL,3178
13520,GEN-EWS,1827
13521,GEN,
13522,GEN-EWS,1828
13523,GEN-EWS,1829
13524,GEN-EWS,1830
13525,GEN,
13526,GEN,
13527,OBC-NCL,3179
13528,GEN,
13529,GEN,
13530,OBC-NCL,3180
13531,GEN,
13532,GEN,
13533,GEN,
13534,GEN,
13535,OBC-NCL,3181
13536,OBC-NCL,3182
13537,OBC-NCL,3183
13538,GEN-EWS,1831
13539,GEN-EWS,1832
13539,OBC-NCL,3184
13541,GEN,
13542,GEN,
13543,OBC-NCL,3185
13544,GEN-EWS,1833
13545,GEN,
13546,GEN,
13547,GEN,
13548,OBC-NCL,3186
13549,GEN,
13550,GEN-EWS,1834
13551,GEN,
13552,OBC-NCL,3187
13553,OBC-NCL,3188
13554,GEN-EWS,1835
13555,GEN,
13556,OBC-NCL,3189
13557,OBC-NCL,3190
13558,OBC-NCL,3191
13559,GEN,
13560,GEN-EWS,1836
13561,GEN-EWS,1837
13562,GEN,
13563,OBC-NCL,3192
13564,GEN,
13565,SC,353
13566,GEN,
13567,GEN,
13568,OBC-NCL,3193
13569,OBC-NCL,3194
13570,GEN-EWS,1838
13571,GEN-EWS,1839
13572,GEN-EWS,1840
13573,OBC-NCL,3195
13574,OBC-NCL,3196
13575,GEN,
13576,GEN,
13577,GEN,
13578,OBC-NCL,3197
13579,GEN,
13580,GEN,
13581,GEN,
13582,GEN,
13583,OBC-NCL,3198
13584,OBC-NCL,3199
13585,OBC-NCL,3200
13586,GEN,
13587,GEN,
13588,GEN,
13589,OBC-NCL,3201
13590,OBC-NCL,3202
13591,GEN,
13592,SC,354
13593,GEN,
13594,GEN,
13595,GEN,
13596,OBC-NCL,3203
13597,GEN,
13598,GEN,
13599,GEN,
13600,OBC-NCL,3204
13601,GEN,
13602,GEN,
13603,OBC-NCL,3205
13604,GEN,
13605,SC,355
13606,GEN,
13607,OBC-NCL,3206
13608,GEN,
13609,GEN,
13610,GEN,
13611,GEN,
13612,OBC-NCL,3207
13613,OBC-NCL,3208
13614,OBC-NCL,3209
13615,OBC-NCL,3210
13616,GEN,
13617,OBC-NCL,3211
13618,GEN,
13619,OBC-NCL,3212
13620,OBC-NCL,3213
13621,GEN,
13622,OBC-NCL,3214
13623,GEN,
13624,GEN,
13625,GEN,
13626,GEN,
13627,GEN,
13628,OBC-NCL,3215
13629,GEN,
13630,GEN,
13631,OBC-NCL,3216
13632,GEN-EWS,1841
13633,GEN,
13634,GEN-EWS,1842
13635,GEN,
13636,GEN,
13637,OBC-NCL,3217
13638,OBC-NCL,3218
13639,GEN,
13640,OBC-NCL,3219
13641,GEN,
13642,OBC-NCL,3220
13643,GEN,
13644,OBC-NCL,3221
13645,OBC-NCL,3222
13646,OBC-NCL,3223
13647,GEN,
13648,GEN,
13649,OBC-NCL,3224
13650,GEN,
13651,GEN,
13652,GEN,
13653,GEN,
13654,GEN,
13655,GEN,
13656,GEN,
13657,OBC-NCL,3225
13658,GEN,
13659,GEN,
13660,GEN,
13661,GEN,
13662,SC,356
13663,GEN,
13664,GEN,
13665,GEN-EWS,1843
13666,OBC-NCL,3226
13667,GEN-EWS,1844
13668,OBC-NCL,3227
13669,GEN,
13670,GEN,
13671,GEN-EWS,1845
13672,GEN,
13673,GEN,
13674,GEN-EWS,1846
13675,OBC-NCL,3228
13676,OBC-NCL,3229
13677,GEN,
13678,GEN,
13679,OBC-NCL,3230
13680,GEN-EWS,1847
13681,GEN-EWS,1848
13682,GEN,
13683,OBC-NCL,3231
13684,ST,79
13685,OBC-NCL,3232
13686,OBC-NCL,3233
13687,GEN,
13688,GEN,
13689,GEN,
13690,GEN,
13691,GEN-EWS,1849
13692,GEN-EWS,1850
13693,GEN-EWS,1851
13694,GEN-EWS,1852
13695,GEN,
13696,OBC-NCL,3234
13697,GEN,
13698,GEN,
13699,OBC-NCL,3235
13700,GEN-EWS,1853
13701,GEN,
13702,GEN,
13703,GEN-EWS,1854
13704,GEN,
13705,OBC-NCL,3236
13706,GEN,
13707,GEN,
13708,GEN,
13709,GEN-EWS,1855
13710,GEN,
13711,SC,357
13712,OBC-NCL,3237
13713,GEN,
13714,GEN,
13715,GEN,
13716,OBC-NCL,3238
13717,GEN,
13718,GEN-EWS,1856
13719,OBC-NCL,3239
13720,GEN,
13721,GEN,
13722,GEN,
13723,GEN,
13724,GEN,
13725,GEN,
13726,GEN,
13727,GEN,
13728,ST,80
13729,GEN,
13730,GEN,
13731,GEN,
13732,OBC-NCL,3240
13733,SC,358
13734,OBC-NCL,3241
13735,GEN,
13736,OBC-NCL,3242
13737,GEN,
13738,OBC-NCL,3243
13739,GEN-EWS,1857
13740,OBC-NCL,3244
13741,OBC-NCL,3245
13742,OBC-NCL,3246
13743,GEN-EWS,1858
13744,GEN,
13745,GEN,
13746,GEN-EWS,1859
13747,SC,359
13748,GEN,
13749,GEN-EWS,1860
13750,OBC-NCL,3247
13751,OBC-NCL,3248
13752,GEN,
13753,GEN,
13754,GEN,
13755,GEN-EWS,1861
13756,GEN,
13757,GEN,
13758,OBC-NCL,3249
13759,GEN,
13760,OBC-NCL,3250
13761,GEN,
13762,GEN,
13763,SC,360
13764,GEN,
13765,OBC-NCL,3251
13766,GEN,
13767,GEN,
13768,GEN,
13769,GEN,
13770,OBC-NCL,3252
13771,GEN,
13772,OBC-NCL,3253
13773,GEN,
13774,OBC-NCL,3254
13775,GEN,
13776,GEN,
13777,OBC-NCL,3255
13778,GEN-EWS,1862
13779,OBC-NCL,3256
13780,GEN-EWS,1863
13781,GEN,
13781,OBC-NCL,3257
13783,GEN,
13784,GEN-EWS,1864
13784,OBC-NCL,3258
13784,OBC-NCL,3258
13787,GEN,
13787,GEN,
13789,GEN,
13790,GEN,
13791,GEN-EWS,1865
13792,GEN-EWS,1866
13793,OBC-NCL,3260
13794,OBC-NCL,3261
13795,GEN,
13796,OBC-NCL,3262
13797,GEN-EWS,1867
13798,GEN,
13799,GEN,
13800,OBC-NCL,3263
13801,GEN,
13802,GEN,
13803,OBC-NCL,3264
13804,GEN,
13805,GEN,
13806,GEN,
13807,GEN,
13808,OBC-NCL,3265
13809,GEN-EWS,1868
13810,GEN,
13811,GEN,
13812,GEN,
13813,GEN,
13814,GEN,
13815,GEN,
13816,GEN,
13817,OBC-NCL,3266
13818,GEN,
13819,GEN,
13820,SC,361
13821,GEN,
13822,GEN-EWS,1869
13823,OBC-NCL,3267
13824,GEN-EWS,1870
13825,GEN,
13826,GEN-EWS,1871
13827,GEN-EWS,1872
13828,GEN,
13829,GEN,
13830,GEN,
13831,GEN,
13832,GEN,
13833,GEN,
13834,GEN-EWS,1873
13835,GEN,
13836,GEN,
13837,GEN,
13838,GEN-EWS,1874
13839,GEN,
13840,GEN,
13841,GEN,
13842,OBC-NCL,3268
13843,GEN,
13844,GEN,
13845,GEN,
13846,GEN,
13847,GEN,
13848,GEN-EWS,1875
13849,GEN-EWS,1876
13850,GEN,
13851,GEN,
13852,GEN-EWS,1877
13853,OBC-NCL,3269
13854,GEN-EWS,1878
13855,GEN,
13856,OBC-NCL,3270
13857,GEN,
13858,GEN-EWS,1879
13859,GEN,
13860,OBC-NCL,3271
13861,GEN,
13862,GEN-EWS,1880
13863,GEN,
13864,GEN,
13865,GEN,
13866,OBC-NCL,3272
13867,GEN,
13868,SC,362
13869,GEN-EWS,1881
13870,GEN,
13871,GEN,
13872,OBC-NCL,3273
13873,OBC-NCL,3274
13874,OBC-NCL,3275
13875,GEN,
13876,GEN-EWS,1882
13877,OBC-NCL,3276
13878,OBC-NCL,3277
13879,GEN,
13880,OBC-NCL,3278
13881,GEN,
13882,GEN,
13883,OBC-NCL,3279
13884,OBC-NCL,3280
13885,OBC-NCL,3281
13886,GEN,
13887,OBC-NCL,3282
13888,GEN,
13889,OBC-NCL,3283
13890,GEN-EWS,1883
13891,OBC-NCL,3284
13892,OBC-NCL,3285
13893,GEN-EWS,1884
13894,OBC-NCL,3286
13895,GEN-EWS,1885
13896,GEN-EWS,1886
13897,OBC-NCL,3287
13898,GEN,
13899,OBC-NCL,3288
13900,GEN,
13901,GEN,
13902,GEN,
13903,GEN,
13904,OBC-NCL,3289
13905,GEN,
13906,GEN,
13907,GEN-EWS,1887
13908,GEN,
13909,OBC-NCL,3290
13910,GEN,
13911,GEN,
13912,GEN,
13913,GEN,
13914,SC,363
13915,OBC-NCL,3291
13916,GEN,
13917,OBC-NCL,3292
13918,GEN-EWS,1888
13919,GEN,
13920,GEN-EWS,1889
13921,GEN,
13922,GEN,
13923,GEN,
13924,GEN,
13925,GEN-EWS,1890
13926,GEN,
13927,GEN,
13928,OBC-NCL,3293
13929,GEN,
13930,GEN,
13931,GEN,
13932,GEN,
13933,GEN-EWS,1891
13934,OBC-NCL,3294
13935,GEN,
13936,GEN,
13937,GEN,
13938,SC,364
13939,OBC-NCL,3295
13940,GEN,
13941,GEN,
13942,GEN,
13943,OBC-NCL,3296
13944,GEN,
13945,SC,365
13946,GEN,
13947,GEN,
13948,GEN,
13949,OBC-NCL,3297
13950,GEN,
13951,GEN,
13952,GEN,
13953,OBC-NCL,3298
13954,GEN,
13955,GEN,
13956,GEN,
13957,OBC-NCL,3299
13958,GEN,
13959,GEN,
13960,GEN,
13961,GEN,
13962,GEN,
13963,GEN,
13964,OBC-NCL,3300
13965,GEN,
13966,GEN,
13967,OBC-NCL,3301
13968,OBC-NCL,3302
13969,OBC-NCL,3303
13970,OBC-NCL,3304
13971,GEN-EWS,1892
13972,OBC-NCL,3305
13973,GEN,
13974,GEN,
13975,GEN,
13976,GEN,
13977,OBC-NCL,3306
13978,OBC-NCL,3307
13979,OBC-NCL,3308
13980,GEN,
13981,OBC-NCL,3309
13982,GEN,
13982,GEN,
13984,GEN,
13985,GEN-EWS,1893
13986,GEN-EWS,1894
13987,OBC-NCL,3310
13988,GEN,
13989,OBC-NCL,3311
13990,GEN-EWS,1895
13991,GEN-EWS,1896
13992,GEN-EWS,1897
13993,GEN,
13994,GEN,
13995,GEN,
13996,GEN,
13997,GEN,
13998,GEN-EWS,1898
13999,SC,366
14000,GEN-EWS,1899
14001,GEN,
14002,GEN,
14003,GEN-EWS,1900
14004,GEN,
14005,GEN,
14006,GEN-EWS,1901
14007,OBC-NCL,3312
14008,GEN,
14009,GEN,
14010,GEN,
14011,GEN,
14012,GEN,
14013,GEN,
14014,GEN-EWS,1902
14015,GEN,
14016,OBC-NCL,3313
14017,GEN,
14018,GEN-EWS,1903
14019,GEN-EWS,1904
14020,GEN,
14021,GEN,
14022,OBC-NCL,3314
14023,GEN,
14024,GEN-EWS,1905
14025,OBC-NCL,3315
14026,GEN-EWS,1906
14027,GEN,
14028,GEN-EWS,1907
14029,OBC-NCL,3316
14030,GEN,
14031,OBC-NCL,3317
14032,SC,367
14033,OBC-NCL,3318
14034,GEN,
14035,OBC-NCL,3319
14036,GEN,
14037,GEN,
14038,GEN,
14039,OBC-NCL,3320
14040,GEN,
14041,GEN,
14042,OBC-NCL,3321
14043,GEN,
14044,OBC-NCL,3322
14045,GEN,
14046,GEN-EWS,1908
14047,GEN,
14048,GEN-EWS,1909
14049,OBC-NCL,3323
14050,GEN,
14051,GEN,
14052,GEN,
14053,OBC-NCL,3324
14054,OBC-NCL,3325
14055,GEN,
14056,GEN,
14057,OBC-NCL,3326
14058,GEN-EWS,1910
14059,GEN,
14060,GEN,
14061,GEN,
14062,GEN,
14063,GEN,
14064,GEN,
14065,OBC-NCL,3327
14066,OBC-NCL,3328
14067,GEN-EWS,1911
14068,GEN,
14069,GEN,
14070,GEN,
14071,OBC-NCL,3329
14072,GEN,
14073,GEN,
14074,OBC-NCL,3330
14075,GEN-EWS,1912
14076,GEN,
14077,GEN-EWS,1913
14078,OBC-NCL,3331
14079,GEN,
14080,GEN-EWS,1914
14081,GEN,
14082,GEN,
14083,OBC-NCL,3332
14084,GEN-EWS,1915
14085,SC,368
14086,OBC-NCL,3333
14087,SC,369
14088,GEN,
14089,GEN-EWS,1916
14090,OBC-NCL,3334
14091,GEN,
14092,OBC-NCL,3335
14093,OBC-NCL,3336
14094,OBC-NCL,3337
14095,GEN,
14095,GEN,
14097,GEN,
14098,OBC-NCL,3338
14099,GEN-EWS,1917
14100,GEN,
14101,OBC-NCL,3339
14102,OBC-NCL,3340
14103,OBC-NCL,3341
14104,GEN,
14105,GEN,
14106,GEN-EWS,1918
14106,OBC-NCL,3342
14108,GEN,
14109,GEN-EWS,1919
14110,GEN,
14111,GEN,
14112,OBC-NCL,3343
14113,GEN,
14114,GEN,
14115,OBC-NCL,3344
14116,GEN,
14117,GEN,
14118,GEN-EWS,1920
14119,OBC-NCL,3345
14120,GEN-EWS,1921
14121,OBC-NCL,3346
14122,GEN-EWS,1922
14123,GEN,
14124,GEN,
14125,GEN-EWS,1923
14126,GEN,
14127,GEN-EWS,1924
14128,GEN,
14129,OBC-NCL,3347
14130,OBC-NCL,3348
14131,OBC-NCL,3349
14132,OBC-NCL,3350
14133,GEN-EWS,1925
14134,OBC-NCL,3351
14135,SC,370
14136,GEN,
14137,GEN-EWS,1926
14138,GEN,
14139,GEN-EWS,1927
14140,GEN-EWS,1928
14141,OBC-NCL,3352
14142,GEN,
14143,GEN,
14144,GEN,
14145,GEN,
14146,OBC-NCL,3353
14147,GEN,
14148,GEN,
14149,OBC-NCL,3354
14150,GEN,
14151,GEN,
14152,OBC-NCL,3355
14153,GEN,
14154,GEN,
14155,SC,371
14156,GEN,
14157,GEN,
14158,GEN,
14159,GEN-EWS,1929
14160,GEN-EWS,1930
14161,GEN,
14162,GEN-EWS,1931
14163,OBC-NCL,3356
14164,GEN,
14165,OBC-NCL,3357
14166,GEN,
14167,OBC-NCL,3358
14168,GEN,
14169,GEN,
14170,GEN,
14171,GEN,
14172,OBC-NCL,3359
14173,GEN,
14174,OBC-NCL,3360
14175,GEN-EWS,1932
14176,GEN,
14177,GEN-EWS,1933
14178,GEN-EWS,1934
14179,GEN-EWS,1935
14180,GEN-EWS,1936
14181,OBC-NCL,3361
14182,GEN,
14183,GEN,
14184,GEN-EWS,1937
14185,OBC-NCL,3362
14186,GEN,
14187,GEN,
14188,OBC-NCL,3363
14189,GEN,
14190,GEN,
14191,OBC-NCL,3364
14192,GEN-EWS,1938
14193,OBC-NCL,3365
14194,GEN,
14195,OBC-NCL,3366
14196,OBC-NCL,3367
14197,GEN,
14198,SC,372
14199,GEN,
14200,GEN,
14201,GEN,
14202,GEN,
14203,GEN,
14204,GEN,
14205,GEN,
14205,GEN,
14207,GEN,
14208,GEN,
14209,GEN,
14210,GEN,
14211,GEN,
14212,OBC-NCL,3368
14213,OBC-NCL,3369
14214,OBC-NCL,3370
14215,GEN,
14216,OBC-NCL,3371
14217,GEN,
14218,OBC-NCL,3372
14219,GEN,
14220,GEN-EWS,1939
14221,GEN,
14222,GEN,
14223,SC,373
14224,GEN,
14225,GEN,
14226,GEN,
14227,GEN,
14228,GEN,
14229,GEN-EWS,1940
14230,GEN,
14231,GEN-EWS,1941
14232,GEN,
14233,GEN-EWS,1942
14234,GEN-EWS,1943
14235,GEN-EWS,1944
14236,GEN,
14237,GEN-EWS,1945
14238,GEN-EWS,1946
14239,GEN,
14240,GEN,
14241,OBC-NCL,3373
14242,GEN-EWS,1947
14243,GEN,
14244,OBC-NCL,3374
14245,GEN,
14246,OBC-NCL,3375
14247,GEN,
14248,GEN-EWS,1948
14249,OBC-NCL,3376
14250,GEN,
14251,GEN,
14252,GEN,
14253,GEN-EWS,1949
14254,GEN,
14255,OBC-NCL,3377
14256,OBC-NCL,3378
14257,OBC-NCL,3379
14258,GEN,
14259,GEN,
14260,GEN,
14261,OBC-NCL,3380
14262,OBC-NCL,3381
14263,GEN,
14264,OBC-NCL,3382
14265,GEN,
14266,OBC-NCL,3383
14267,GEN,
14268,GEN,
14269,OBC-NCL,3384
14270,OBC-NCL,3385
14271,OBC-NCL,3386
14272,OBC-NCL,3387
14273,GEN,
14274,GEN-EWS,1950
14275,GEN,
14276,GEN,
14277,GEN,
14278,GEN,
14279,OBC-NCL,3388
14280,OBC-NCL,3389
14281,GEN,
14282,GEN,
14283,OBC-NCL,3390
14284,OBC-NCL,3391
14285,OBC-NCL,3392
14286,GEN,
14287,OBC-NCL,3393
14288,GEN,
14289,GEN,
14290,OBC-NCL,3394
14291,OBC-NCL,3395
14292,SC,374
14293,OBC-NCL,3396
14294,GEN,
14295,OBC-NCL,3397
14296,OBC-NCL,3398
14297,GEN-EWS,1951
14298,GEN,
14299,OBC-NCL,3399
14300,GEN-EWS,1952
14301,GEN,
14302,GEN,
14303,GEN,
14304,GEN,
14305,OBC-NCL,3400
14306,OBC-NCL,3401
14307,GEN-EWS,1953
14308,OBC-NCL,3402
14309,GEN,
14310,GEN,
14311,GEN,
14312,GEN,
14313,GEN,
14314,GEN,
14315,GEN-EWS,1954
14316,GEN-EWS,1955
14317,GEN,
14318,GEN,
14319,GEN,
14320,GEN,
14321,GEN,
14322,GEN-EWS,1956
14323,OBC-NCL,3403
14324,OBC-NCL,3404
14325,GEN,
14326,GEN-EWS,1957
14327,GEN,
14328,GEN,
14329,GEN,
14330,GEN,
14331,OBC-NCL,3405
14332,OBC-NCL,3406
14333,OBC-NCL,3407
14334,GEN,
14335,OBC-NCL,3408
14336,GEN-EWS,1958
14337,OBC-NCL,3409
14338,GEN-EWS,1959
14339,OBC-NCL,3410
14340,GEN,
14341,GEN,
14342,GEN-EWS,1960
14343,OBC-NCL,3411
14344,GEN,
14345,GEN,
14346,OBC-NCL,3412
14347,GEN,
14348,GEN,
14349,OBC-NCL,3413
14350,GEN,
14351,OBC-NCL,3414
14352,GEN,
14353,GEN-EWS,1961
14354,GEN,
14355,GEN-EWS,1962
14356,SC,375
14357,OBC-NCL,3415
14358,OBC-NCL,3416
14359,GEN,
14360,GEN,
14361,OBC-NCL,3417
14362,GEN-EWS,1963
14363,GEN,
14364,GEN-EWS,1964
14365,GEN,
14366,GEN-EWS,1965
14367,GEN,
14368,OBC-NCL,3418
14369,GEN,
14370,GEN,
14371,GEN,
14372,GEN-EWS,1966
14373,OBC-NCL,3419
14374,OBC-NCL,3420
14375,GEN,
14376,GEN,
14377,GEN,
14378,GEN-EWS,1967
14379,GEN,
14380,GEN,
14381,GEN,
14382,OBC-NCL,3421
14383,OBC-NCL,3422
14384,OBC-NCL,3423
14385,OBC-NCL,3424
14386,GEN-EWS,1968
14387,OBC-NCL,3425
14388,GEN-EWS,1969
14389,GEN,
14390,OBC-NCL,3426
14391,GEN,
14392,GEN-EWS,1970
14393,GEN,
14394,GEN,
14395,GEN,
14396,OBC-NCL,3427
14397,OBC-NCL,3428
14398,OBC-NCL,3429
14399,OBC-NCL,3430
14400,GEN-EWS,1971
14401,GEN-EWS,1972
14402,OBC-NCL,3431
14403,GEN,
14404,GEN,
14405,GEN-EWS,1973
14406,SC,376
14407,GEN,
14408,OBC-NCL,3432
14409,GEN-EWS,1974
14410,GEN,
14411,GEN,
14412,GEN-EWS,1975
14413,GEN,
14414,GEN,
14415,OBC-NCL,3433
14416,GEN,
14417,GEN,
14418,GEN,
14419,OBC-NCL,3434
14420,GEN,
14421,GEN-EWS,1976
14422,GEN-EWS,1977
14423,GEN,
14424,OBC-NCL,3435
14425,GEN,
14426,OBC-NCL,3436
14427,GEN,
14428,GEN-EWS,1978
14429,GEN-EWS,1979
14430,GEN,
14431,GEN,
14432,GEN-EWS,1980
14433,OBC-NCL,3437
14434,OBC-NCL,3438
14435,GEN,
14436,OBC-NCL,3439
14437,OBC-NCL,3440
14438,GEN,
14439,GEN-EWS,1981
14440,GEN,
14441,GEN-EWS,1982
14442,OBC-NCL,3441
14443,GEN-EWS,1983
14444,GEN,
14445,GEN,
14446,GEN,
14447,GEN-EWS,1984
14448,GEN,
14449,GEN-EWS,1985
14450,GEN,
14451,SC,377
14452,GEN,
14453,GEN,
14454,GEN-EWS,1986
14455,OBC-NCL,3442
14456,GEN-EWS,1987
14457,GEN,
14458,OBC-NCL,3443
14459,OBC-NCL,3444
14460,GEN-EWS,1988
14461,SC,378
14462,OBC-NCL,3445
14463,GEN,
14464,OBC-NCL,3446
14465,GEN-EWS,1989
14466,OBC-NCL,3447
14467,GEN,
14468,GEN-EWS,1990
14469,GEN,
14470,GEN-EWS,1991
14471,SC,379
14472,GEN-EWS,1992
14473,OBC-NCL,3448
14474,GEN-EWS,1993
14475,GEN-EWS,1994
14476,GEN,
14477,GEN,
14478,OBC-NCL,3449
14479,GEN,
14480,GEN-EWS,1995
14481,OBC-NCL,3450
14482,GEN,
14483,GEN,
14484,OBC-NCL,3451
14485,GEN,
14486,GEN,
14487,GEN,
14488,GEN,
14489,OBC-NCL,3452
14490,OBC-NCL,3453
14491,OBC-NCL,3454
14492,OBC-NCL,3455
14493,GEN-EWS,1996
14494,OBC-NCL,3456
14495,GEN,
14496,OBC-NCL,3457
14497,OBC-NCL,3458
14498,OBC-NCL,3459
14499,OBC-NCL,3460
14500,GEN,
14501,GEN-EWS,1997
14502,GEN,
14503,GEN,
14504,OBC-NCL,3461
14505,GEN,
14506,SC,380
14507,OBC-NCL,3462
14508,GEN,
14509,GEN,
14510,GEN-EWS,1998
14511,OBC-NCL,3463
14512,GEN-EWS,1999
14513,OBC-NCL,3464
14514,OBC-NCL,3465
14515,GEN,
14516,GEN,
14517,OBC-NCL,3466
14518,SC,381
14519,GEN,
14520,GEN-EWS,2000
14521,OBC-NCL,3467
14522,GEN,
14523,GEN-EWS,2001
14524,GEN-EWS,2002
14525,GEN-EWS,2003
14526,SC,382
14527,OBC-NCL,3468
14528,OBC-NCL,3469
14529,GEN,
14530,GEN,
14531,GEN-EWS,2004
14532,GEN,
14533,GEN-EWS,2005
14534,GEN,
14535,GEN,
14536,GEN,
14537,GEN,
14538,GEN,
14539,OBC-NCL,3470
14540,SC,383
14541,GEN-EWS,2006
14542,GEN,
14543,GEN-EWS,2007
14544,GEN-EWS,2008
14545,GEN,
14546,GEN,
14547,OBC-NCL,3471
14548,OBC-NCL,3472
14549,ST,82
14550,GEN,
14551,GEN,
14552,OBC-NCL,3473
14553,SC,384
14554,GEN,
14554,OBC-NCL,3474
14556,GEN,
14557,GEN,
14558,GEN-EWS,2009
14559,GEN-EWS,2010
14560,OBC-NCL,3475
14561,GEN,
14562,GEN,
14563,OBC-NCL,3476
14564,GEN-EWS,2011
14565,GEN,
14566,GEN,
14567,GEN-EWS,2012
14568,OBC-NCL,3477
14569,GEN,
14570,GEN,
14571,OBC-NCL,3478
14572,GEN,
14573,GEN-EWS,2013
14574,GEN,
14575,GEN,
14576,OBC-NCL,3479
14577,GEN,
14578,GEN,
14579,GEN,
14580,OBC-NCL,3480
14581,GEN,
14582,OBC-NCL,3481
14583,OBC-NCL,3482
14584,GEN,
14585,GEN,
14586,GEN-EWS,2014
14587,OBC-NCL,3483
14588,GEN,
14589,GEN,
14590,GEN,
14591,OBC-NCL,3484
14592,GEN,
14593,OBC-NCL,3485
14594,GEN,
14595,GEN,
14596,GEN,
14597,OBC-NCL,3486
14598,GEN,
14599,OBC-NCL,3487
14600,OBC-NCL,3488
14601,OBC-NCL,3489
14602,OBC-NCL,3490
14603,GEN-EWS,2015
14604,OBC-NCL,3491
14605,OBC-NCL,3492
14606,GEN,
14607,GEN,
14608,GEN,
14609,OBC-NCL,3493
14610,GEN,
14611,GEN,
14612,GEN,
14613,GEN,
14614,GEN,
14615,GEN,
14616,GEN,
14617,GEN,
14618,OBC-NCL,3494
14619,GEN,
14620,OBC-NCL,3495
14621,OBC-NCL,3496
14622,GEN,
14623,OBC-NCL,3497
14624,GEN,
14625,GEN,
14626,GEN,
14627,GEN,
14628,OBC-NCL,3498
14629,GEN,
14630,SC,385
14631,OBC-NCL,3499
14632,SC,386
14633,OBC-NCL,3500
14634,GEN,
14635,GEN,
14636,GEN,
14637,OBC-NCL,3501
14638,GEN-EWS,2016
14639,GEN,
14640,OBC-NCL,3502
14641,GEN,
14642,GEN,
14643,OBC-NCL,3503
14644,OBC-NCL,3504
14645,OBC-NCL,3505
14646,GEN,
14647,GEN,
14648,OBC-NCL,3506
14649,GEN,
14650,GEN,
14651,GEN-EWS,2017
14652,GEN,
14653,OBC-NCL,3507
14654,GEN-EWS,2018
14655,GEN,
14656,GEN-EWS,2019
14657,GEN,
14658,GEN-EWS,2020
14659,OBC-NCL,3508
14660,OBC-NCL,3509
14661,GEN,
14662,GEN-EWS,2021
14663,GEN,
14664,GEN,
14665,GEN,
14666,GEN,
14667,OBC-NCL,3510
14668,GEN,
14669,OBC-NCL,3511
14670,OBC-NCL,3512
14671,GEN,
14672,GEN-EWS,2022
14673,GEN,
14674,GEN,
14675,OBC-NCL,3513
14676,OBC-NCL,3514
14677,GEN,
14678,OBC-NCL,3515
14679,GEN,
14680,GEN,
14681,OBC-NCL,3516
14682,OBC-NCL,3517
14683,GEN,
14684,OBC-NCL,3518
14685,GEN,
14686,GEN,
14687,SC,387
14688,GEN,
14689,OBC-NCL,3519
14690,OBC-NCL,3520
14691,GEN,
14692,OBC-NCL,3521
14693,GEN,
14694,GEN,
14695,GEN,
14696,OBC-NCL,3522
14697,GEN-EWS,2023
14698,OBC-NCL,3523
14699,GEN,
14700,GEN-EWS,2024
14701,GEN,
14702,GEN,
14703,GEN,
14704,GEN,
14704,OBC-NCL,3524
14706,OBC-NCL,3525
14707,GEN,
14708,OBC-NCL,3526
14709,GEN,
14710,OBC-NCL,3527
14711,GEN,
14712,OBC-NCL,3528
14713,GEN,
14714,OBC-NCL,3529
14715,GEN,
14716,GEN,
14717,GEN,
14718,GEN,
14719,GEN-EWS,2025
14720,GEN,
14721,OBC-NCL,3530
14722,GEN,
14723,GEN-EWS,2026
14724,GEN,
14725,GEN,
14726,OBC-NCL,3531
14727,GEN-EWS,2027
14728,GEN-EWS,2028
14729,OBC-NCL,3532
14730,GEN,
14731,GEN,
14732,GEN,
14733,GEN,
14734,GEN-EWS,2029
14735,OBC-NCL,3533
14736,SC,388
14737,GEN,
14738,GEN-EWS,2030
14739,GEN,
14740,GEN,
14741,GEN,
14742,GEN,
14743,GEN,
14744,GEN,
14745,GEN,
14746,GEN,
14747,GEN,
14748,GEN,
14749,GEN,
14750,SC,389
14751,OBC-NCL,3534
14752,GEN-EWS,2031
14753,GEN,
14754,OBC-NCL,3535
14755,GEN,
14756,GEN,
14757,GEN,
14758,GEN,
14759,GEN,
14760,GEN,
14761,OBC-NCL,3536
14762,GEN,
14763,OBC-NCL,3537
14764,GEN,
14765,OBC-NCL,3538
14766,GEN,
14767,GEN-EWS,2032
14768,GEN-EWS,2033
14769,OBC-NCL,3539
14770,OBC-NCL,3540
14771,GEN,
14772,GEN-EWS,2034
14773,GEN,
14774,GEN,
14775,GEN,
14776,GEN,
14777,OBC-NCL,3541
14778,GEN,
14779,GEN,
14780,OBC-NCL,3542
14781,GEN-EWS,2035
14782,GEN,
14783,OBC-NCL,3543
14784,GEN,
14785,OBC-NCL,3544
14786,GEN,
14787,OBC-NCL,3545
14788,GEN-EWS,2036
14789,GEN-EWS,2037
14790,GEN,
14791,GEN,
14792,OBC-NCL,3546
14793,GEN,
14794,GEN,
14795,GEN,
14796,OBC-NCL,3547
14797,GEN,
14798,GEN,
14799,OBC-NCL,3548
14800,GEN-EWS,2038
14801,GEN-EWS,2039
14802,GEN,
14803,GEN,
14804,GEN,
14805,GEN,
14806,OBC-NCL,3549
14807,OBC-NCL,3550
14808,GEN-EWS,2040
14809,GEN-EWS,2041
14810,OBC-NCL,3551
14811,OBC-NCL,3552
14812,GEN,
14813,OBC-NCL,3553
14814,OBC-NCL,3554
14815,OBC-NCL,3555
14816,GEN,
14817,GEN,
14818,OBC-NCL,3556
14819,GEN,
14820,GEN,
14821,GEN,
14822,GEN,
14823,GEN,
14824,GEN,
14825,GEN-EWS,2042
14826,GEN,
14827,GEN-EWS,2043
14828,GEN-EWS,2044
14829,GEN,
14830,GEN,
14831,GEN,
14832,OBC-NCL,3557
14833,GEN,
14834,OBC-NCL,3558
14835,GEN,
14836,GEN,
14837,GEN,
14838,OBC-NCL,3559
14839,GEN,
14840,GEN,
14841,GEN-EWS,2045
14842,GEN,
14843,GEN-EWS,2046
14844,OBC-NCL,3560
14845,ST,83
14846,SC,390
14847,GEN-EWS,2047
14848,GEN,
14849,OBC-NCL,3561
14850,GEN-EWS,2048
14851,GEN-EWS,2049
14852,GEN-EWS,2050
14853,OBC-NCL,3562
14854,OBC-NCL,3563
14855,GEN,
14856,OBC-NCL,3564
14857,OBC-NCL,3565
14858,GEN-EWS,2051
14859,OBC-NCL,3566
14860,OBC-NCL,3567
14861,GEN,
14862,GEN,
14863,GEN,
14864,OBC-NCL,3568
14865,OBC-NCL,3569
14866,OBC-NCL,3570
14867,GEN,
14868,GEN,
14869,GEN-EWS,2052
14870,GEN,
14871,GEN,
14872,OBC-NCL,3571
14873,GEN,
14874,GEN-EWS,2053
14875,GEN,
14876,OBC-NCL,3572
14877,GEN,
14878,GEN,
14879,GEN,
14880,OBC-NCL,3573
14881,GEN,
14882,GEN,
14883,GEN,
14884,GEN,
14885,GEN,
14886,OBC-NCL,3574
14887,GEN,
14887,GEN,
14889,GEN,
14890,GEN-EWS,2054
14891,GEN-EWS,2055
14892,GEN,
14893,GEN-EWS,2056
14894,GEN,
14895,OBC-NCL,3575
14896,GEN,
14897,OBC-NCL,3576
14898,GEN,
14899,GEN,
14900,OBC-NCL,3577
14901,OBC-NCL,3578
14902,OBC-NCL,3579
14903,GEN,
14904,OBC-NCL,3580
14905,GEN,
14906,GEN-EWS,2057
14907,GEN,
14908,GEN,
14909,OBC-NCL,3581
14910,GEN,
14911,GEN,
14912,OBC-NCL,3582
14913,GEN,
14914,GEN,
14915,GEN,
14916,OBC-NCL,3583
14917,GEN,
14918,GEN-EWS,2058
14919,GEN,
14920,GEN,
14921,OBC-NCL,3584
14922,GEN,
14923,OBC-NCL,3585
14924,GEN,
14925,GEN,
14926,GEN,
14927,OBC-NCL,3586
14928,OBC-NCL,3587
14929,GEN,
14930,OBC-NCL,3588
14931,GEN,
14932,GEN-EWS,2059
14933,OBC-NCL,3589
14934,OBC-NCL,3590
14935,GEN,
14936,OBC-NCL,3591
14937,GEN,
14938,OBC-NCL,3592
14939,GEN,
14940,GEN,
14941,OBC-NCL,3593
14942,GEN-EWS,2060
14943,GEN,
14944,GEN,
14945,GEN,
14946,GEN,
14947,GEN-EWS,2061
14948,GEN,
14949,GEN-EWS,2062
14950,OBC-NCL,3594
14951,OBC-NCL,3595
14952,GEN,
14953,GEN,
14954,GEN,
14955,GEN,
14956,GEN,
14957,GEN,
14958,GEN-EWS,2063
14959,OBC-NCL,3596
14960,OBC-NCL,3597
14961,GEN,
14962,OBC-NCL,3598
14963,OBC-NCL,3599
14964,GEN,
14965,GEN,
14966,OBC-NCL,3600
14967,GEN,
14968,GEN,
14969,GEN,
14970,GEN,
14971,GEN-EWS,2064
14972,GEN,
14973,GEN,
14974,GEN,
14975,OBC-NCL,3601
14976,GEN,
14977,ST,84
14978,SC,391
14979,GEN,
14980,OBC-NCL,3602
14981,GEN,
14982,GEN-EWS,2065
14983,GEN,
14984,GEN,
14985,OBC-NCL,3603
14986,OBC-NCL,3604
14987,GEN,
14988,GEN,
14989,GEN,
14990,GEN-EWS,2066
14991,SC,392
14992,OBC-NCL,3605
14993,GEN,
14994,OBC-NCL,3606
14995,GEN,
14996,GEN,
14997,GEN,
14998,OBC-NCL,3607
14999,GEN-EWS,2067
15000,OBC-NCL,3608
15001,OBC-NCL,3609
15002,GEN-EWS,2068
15003,GEN,
15004,OBC-NCL,3610
15005,SC,393
15006,GEN,
15007,GEN,
15008,GEN,
15009,GEN,
15010,GEN,
15011,GEN-EWS,2069
15012,OBC-NCL,3611
15013,GEN,
15014,GEN,
15015,GEN-EWS,2070
15016,GEN-EWS,2071
15017,GEN,
15018,OBC-NCL,3612
15019,GEN,
15020,GEN,
15021,GEN,
15021,GEN-EWS,2072
15023,GEN,
15024,SC,394
15025,OBC-NCL,3613
15026,GEN,
15027,GEN,
15028,OBC-NCL,3614
15029,OBC-NCL,3615
15030,GEN,
15031,OBC-NCL,3617
15032,GEN-EWS,2073
15033,GEN,
15034,OBC-NCL,3618
15035,OBC-NCL,3619
15036,OBC-NCL,3620
15037,GEN,
15038,SC,395
15039,GEN,
15040,GEN,
15041,OBC-NCL,3621
15042,GEN-EWS,2074
15043,GEN,
15044,GEN-EWS,2075
15045,OBC-NCL,3622
15046,OBC-NCL,3623
15047,GEN,
15048,GEN,
15049,GEN-EWS,2076
15050,GEN-EWS,2077
15051,GEN,
15052,GEN,
15053,GEN,
15054,GEN,
15055,OBC-NCL,3624
15056,OBC-NCL,3625
15057,GEN,
15058,OBC-NCL,3626
15059,OBC-NCL,3627
15060,OBC-NCL,3628
15061,GEN,
15062,SC,396
15063,OBC-NCL,3629
15064,OBC-NCL,3630
15065,OBC-NCL,3631
15066,GEN,
15067,OBC-NCL,3632
15068,GEN,
15069,OBC-NCL,3633
15070,ST,85
15071,SC,397
15072,GEN,
15073,GEN,
15074,GEN,
15075,GEN,
15076,GEN,
15077,OBC-NCL,3634
15078,GEN,
15079,GEN,
15080,GEN,
15081,GEN,
15082,GEN,
15083,GEN,
15084,GEN,
15085,GEN,
15086,GEN,
15087,OBC-NCL,3635
15088,OBC-NCL,3636
15089,GEN,
15090,GEN,
15091,OBC-NCL,3637
15092,GEN,
15093,SC,398
15094,GEN,
15095,GEN,
15096,OBC-NCL,3638
15097,OBC-NCL,3639
15098,OBC-NCL,3640
15099,OBC-NCL,3641
15100,OBC-NCL,3642
15101,GEN,
15102,GEN-EWS,2078
15103,SC,399
15104,OBC-NCL,3643
15105,OBC-NCL,3644
15106,GEN,
15107,GEN,
15108,OBC-NCL,3645
15109,OBC-NCL,3646
15110,OBC-NCL,3647
15111,GEN,
15112,GEN,
15113,GEN,
15114,GEN,
15115,GEN,
15116,GEN,
15117,OBC-NCL,3648
15118,OBC-NCL,3649
15119,GEN,
15120,GEN-EWS,2079
15121,GEN,
15122,GEN,
15123,GEN,
15124,GEN,
15125,OBC-NCL,3650
15126,GEN,
15127,SC,400
15128,OBC-NCL,3651
15129,GEN,
15130,GEN-EWS,2080
15131,GEN,
15132,GEN,
15133,GEN,
15134,SC,401
15135,GEN-EWS,2081
15136,GEN,
15137,OBC-NCL,3652
15138,GEN,
15139,GEN,
15140,GEN,
15141,OBC-NCL,3653
15142,GEN,
15143,GEN,
15144,GEN-EWS,2082
15145,GEN,
15146,GEN,
15147,GEN,
15148,OBC-NCL,3654
15149,OBC-NCL,3655
15150,GEN-EWS,2083
15151,GEN,
15152,GEN,
15153,GEN-EWS,2084
15154,GEN,
15155,GEN-EWS,2085
15156,GEN-EWS,2086
15157,GEN,
15158,GEN,
15159,GEN-EWS,2087
15160,OBC-NCL,3656
15161,GEN,
15162,GEN,
15163,GEN,
15164,GEN,
15165,GEN-EWS,2088
15166,GEN,
15167,OBC-NCL,3657
15168,GEN,
15169,GEN,
15170,GEN,
15171,GEN-EWS,2089
15172,OBC-NCL,3658
15173,OBC-NCL,3659
15174,GEN-EWS,2090
15175,GEN-EWS,2091
15176,OBC-NCL,3660
15177,GEN,
15178,OBC-NCL,3661
15179,GEN-EWS,2092
15180,GEN-EWS,2093
15181,GEN,
15182,GEN-EWS,2094
15183,ST,86
15184,OBC-NCL,3662
15185,GEN,
15186,GEN,
15187,GEN,
15188,GEN,
15189,GEN,
15190,OBC-NCL,3663
15191,GEN,
15192,GEN,
15193,GEN,
15194,GEN-EWS,2095
15195,OBC-NCL,3664
15196,OBC-NCL,3665
15197,GEN,
15198,GEN-EWS,2096
15199,OBC-NCL,3666
15200,OBC-NCL,3667
15201,GEN-EWS,2097
15202,GEN-EWS,2098
15203,GEN-EWS,2099
15204,GEN,
15205,GEN,
15206,GEN,
15207,GEN,
15208,GEN-EWS,2100
15209,GEN,
15210,OBC-NCL,3668
15211,OBC-NCL,3669
15212,GEN-EWS,2101
15213,GEN-EWS,2102
15214,GEN,
15215,OBC-NCL,3670
15216,GEN,
15217,GEN,
15218,GEN,
15219,GEN-EWS,2103
15220,GEN,
15221,GEN-EWS,2104
15222,GEN-EWS,2105
15223,GEN,
15224,GEN,
15225,GEN-EWS,2106
15226,OBC-NCL,3671
15227,GEN,
15228,OBC-NCL,3672
15229,GEN,
15230,GEN,
15231,GEN,
15232,OBC-NCL,3673
15233,OBC-NCL,3674
15234,GEN-EWS,2107
15235,OBC-NCL,3675
15236,OBC-NCL,3676
15237,GEN-EWS,2108
15238,GEN,
15239,GEN,
15240,GEN,
15241,SC,402
15242,OBC-NCL,3677
15243,GEN,
15244,GEN,
15245,OBC-NCL,3678
15246,OBC-NCL,3679
15247,OBC-NCL,3680
15248,OBC-NCL,3681
15249,OBC-NCL,3682
15250,OBC-NCL,3683
15251,GEN,
15252,GEN,
15253,GEN,
15254,GEN,
15255,OBC-NCL,3684
15256,GEN,
15257,GEN,
15258,ST,87
15259,OBC-NCL,3685
15260,OBC-NCL,3686
15261,GEN,
15262,OBC-NCL,3687
15263,GEN,
15264,GEN,
15265,ST,88
15266,OBC-NCL,3688
15267,GEN-EWS,2109
15268,GEN,
15269,SC,403
15270,GEN,
15271,OBC-NCL,3689
15272,OBC-NCL,3690
15273,OBC-NCL,3691
15274,GEN,
15275,GEN,
15276,GEN-EWS,2110
15277,GEN-EWS,2111
15278,OBC-NCL,3692
15279,GEN,
15280,GEN,
15281,GEN-EWS,2112
15282,OBC-NCL,3693
15283,OBC-NCL,3694
15284,OBC-NCL,3695
15285,ST,89
15286,GEN,
15287,GEN-EWS,2113
15288,OBC-NCL,3696
15289,GEN,
15290,GEN,
15291,GEN,
15292,OBC-NCL,3697
15293,GEN-EWS,2114
15294,OBC-NCL,3698
15295,GEN,
15295,OBC-NCL,3699
15297,GEN,
15298,GEN,
15299,GEN,
15300,GEN,
15301,OBC-NCL,3700
15302,OBC-NCL,3701
15303,GEN,
15304,GEN-EWS,2115
15305,OBC-NCL,3702
15306,GEN,
15307,GEN,
15308,OBC-NCL,3703
15309,SC,404
15310,GEN,
15311,GEN,
15312,OBC-NCL,3704
15313,OBC-NCL,3705
15314,GEN,
15315,GEN,
15316,GEN,
15317,GEN,
15318,OBC-NCL,3706
15319,GEN,
15320,GEN-EWS,2116
15321,GEN,
15322,OBC-NCL,3707
15323,GEN,
15324,GEN,
15325,OBC-NCL,3708
15326,GEN,
15327,GEN,
15328,GEN-EWS,2117
15329,GEN,
15330,OBC-NCL,3709
15331,GEN,
15332,GEN,
15333,SC,405
15334,GEN-EWS,2118
15335,GEN-EWS,2119
15336,OBC-NCL,3710
15337,OBC-NCL,3711
15338,OBC-NCL,3712
15339,GEN,
15340,OBC-NCL,3713
15341,GEN-EWS,2120
15342,GEN-EWS,2121
15343,OBC-NCL,3714
15344,GEN-EWS,2122
15345,OBC-NCL,3715
15346,GEN,
15347,GEN-EWS,2123
15348,OBC-NCL,3716
15349,OBC-NCL,3717
15350,OBC-NCL,3718
15351,OBC-NCL,3719
15352,GEN-EWS,2124
15353,GEN,
15354,GEN,
15355,OBC-NCL,3720
15356,OBC-NCL,3721
15357,OBC-NCL,3722
15358,SC,406
15359,OBC-NCL,3723
15360,GEN-EWS,2125
15361,SC,407
15362,OBC-NCL,3724
15363,GEN,
15364,GEN-EWS,2126
15365,GEN-EWS,2127
15366,GEN,
15367,GEN,
15368,GEN,
15369,GEN,
15370,GEN,
15371,OBC-NCL,3725
15372,OBC-NCL,3726
15373,OBC-NCL,3727
15374,GEN,
15375,OBC-NCL,3728
15376,GEN,
15377,GEN-EWS,2128
15378,OBC-NCL,3729
15379,ST,90
15380,OBC-NCL,3730
15381,GEN,
15382,GEN-EWS,2129
15383,GEN,
15384,GEN,
15385,GEN,
15386,GEN-EWS,2130
15387,GEN,
15388,GEN,
15389,GEN,
15390,GEN,
15391,GEN,
15392,GEN,
15393,OBC-NCL,3731
15394,GEN,
15395,GEN-EWS,2131
15396,OBC-NCL,3732
15397,GEN,
15398,OBC-NCL,3733
15399,GEN,
15400,GEN-EWS,2132
15401,GEN,
15402,OBC-NCL,3734
15403,OBC-NCL,3735
15404,GEN,
15405,GEN-EWS,2133
15406,OBC-NCL,3736
15407,GEN,
15408,GEN,
15409,OBC-NCL,3737
15410,OBC-NCL,3738
15411,OBC-NCL,3739
15412,OBC-NCL,3740
15413,OBC-NCL,3741
15414,GEN-EWS,2134
15415,GEN,
15416,OBC-NCL,3742
15417,OBC-NCL,3743
15418,OBC-NCL,3744
15419,GEN,
15420,GEN,
15421,GEN,
15422,OBC-NCL,3745
15423,OBC-NCL,3746
15424,OBC-NCL,3747
15425,OBC-NCL,3748
15426,GEN,
15427,GEN,
15428,GEN,
15429,GEN,
15429,GEN-EWS,2135
15431,GEN,
15432,GEN-EWS,2136
15433,GEN,
15434,OBC-NCL,3749
15435,GEN-EWS,2137
15436,OBC-NCL,3750
15437,OBC-NCL,3751
15438,GEN,
15439,GEN,
15440,GEN,
15441,ST,91
15442,GEN,
15443,GEN,
15444,GEN,
15445,GEN,
15446,SC,408
15447,OBC-NCL,3752
15448,GEN,
15449,GEN-EWS,2138
15450,OBC-NCL,3753
15451,OBC-NCL,3754
15452,GEN,
15453,GEN,
15454,GEN,
15455,OBC-NCL,3755
15456,GEN-EWS,2139
15457,GEN-EWS,2140
15458,GEN-EWS,2141
15459,GEN,
15460,SC,409
15461,GEN,
15462,OBC-NCL,3756
15463,GEN-EWS,2142
15464,GEN,
15465,GEN,
15466,GEN,
15467,OBC-NCL,3757
15468,OBC-NCL,3758
15469,OBC-NCL,3759
15470,OBC-NCL,3760
15471,SC,410
15472,OBC-NCL,3761
15473,OBC-NCL,3762
15474,GEN-EWS,2143
15475,GEN,
15476,OBC-NCL,3763
15477,GEN,
15478,GEN,
15479,GEN,
15480,GEN,
15481,GEN,
15481,GEN-EWS,2144
15483,OBC-NCL,3764
15484,OBC-NCL,3765
15485,OBC-NCL,3766
15486,OBC-NCL,3767
15487,SC,411
15488,GEN,
15488,GEN,
15490,OBC-NCL,3768
15491,GEN,
15492,GEN,
15493,GEN,
15494,GEN,
15495,GEN,
15496,GEN,
15497,GEN-EWS,2145
15498,GEN,
15499,GEN,
15500,GEN,
15501,ST,92
15502,GEN,
15503,OBC-NCL,3769
15504,GEN,
15505,GEN,
15505,GEN,
15507,OBC-NCL,3770
15508,GEN,
15509,GEN,
15510,GEN,
15511,GEN-EWS,2146
15512,OBC-NCL,3771
15513,OBC-NCL,3772
15514,OBC-NCL,3773
15515,OBC-NCL,3774
15516,GEN,
15517,GEN,
15518,GEN,
15519,GEN,
15519,GEN,
15521,GEN,
15522,GEN,
15523,GEN,
15524,GEN,
15525,OBC-NCL,3775
15526,GEN,
15527,SC,412
15528,OBC-NCL,3776
15529,GEN,
15530,GEN,
15531,GEN,
15532,OBC-NCL,3777
15533,OBC-NCL,3778
15534,GEN,
15535,GEN,
15536,GEN,
15537,GEN,
15538,GEN,
15539,GEN,
15540,GEN,
15541,GEN-EWS,2147
15542,GEN,
15543,OBC-NCL,3779
15544,GEN,
15545,GEN,
15546,GEN,
15547,GEN,
15548,OBC-NCL,3780
15549,GEN,
15550,GEN,
15551,GEN,
15552,GEN,
15553,GEN,
15554,OBC-NCL,3781
15555,GEN,
15556,OBC-NCL,3782
15557,GEN,
15558,GEN,
15559,GEN-EWS,2148
15560,GEN,
15561,GEN,
15562,GEN-EWS,2149
15563,GEN,
15564,OBC-NCL,3783
15565,OBC-NCL,3784
15566,GEN,
15567,GEN-EWS,2150
15568,GEN,
15569,OBC-NCL,3785
15570,OBC-NCL,3786
15571,GEN-EWS,2151
15572,OBC-NCL,3787
15573,GEN,
15574,GEN,
15575,GEN,
15576,GEN,
15577,GEN,
15578,GEN,
15579,GEN,
15580,GEN-EWS,2152
15581,GEN-EWS,2153
15582,GEN,
15583,GEN,
15584,SC,413
15585,OBC-NCL,3788
15586,GEN,
15587,GEN,
15588,GEN,
15589,GEN-EWS,2154
15590,GEN,
15591,GEN,
15592,GEN-EWS,2155
15593,ST,93
15594,GEN,
15595,GEN,
15596,GEN,
15597,GEN,
15598,GEN,
15599,GEN-EWS,2156
15600,GEN,
15601,GEN-EWS,2157
15602,OBC-NCL,3789
15603,GEN-EWS,2158
15604,GEN,
15605,GEN,
15606,OBC-NCL,3790
15607,GEN-EWS,2159
15608,OBC-NCL,3791
15609,GEN-EWS,2160
15610,OBC-NCL,3792
15611,GEN-EWS,2161
15612,GEN,
15613,OBC-NCL,3793
15614,GEN-EWS,2162
15615,OBC-NCL,3794
15616,OBC-NCL,3795
15617,OBC-NCL,3796
15618,SC,414
15619,GEN,
15620,SC,415
15621,GEN,
15622,GEN,
15623,GEN,
15624,GEN-EWS,2163
15625,OBC-NCL,3797
15626,GEN,
15627,OBC-NCL,3798
15628,GEN,
15629,OBC-NCL,3799
15630,GEN,
15631,GEN,
15632,GEN-EWS,2164
15633,OBC-NCL,3800
15634,GEN,
15635,GEN,
15636,GEN,
15637,GEN-EWS,2165
15638,GEN,
15639,GEN,
15640,GEN,
15641,GEN,
15642,GEN,
15643,OBC-NCL,3801
15644,SC,416
15645,OBC-NCL,3802
15646,GEN,
15647,GEN-EWS,2166
15648,OBC-NCL,3803
15649,GEN,
15650,GEN-EWS,2167
15651,OBC-NCL,3804
15652,GEN,
15653,GEN,
15654,OBC-NCL,3805
15655,OBC-NCL,3806
15656,GEN,
15657,GEN,
15658,GEN,
15659,GEN,
15660,ST,94
15661,GEN,
15662,GEN-EWS,2168
15663,OBC-NCL,3807
15664,OBC-NCL,3808
15665,OBC-NCL,3809
15666,OBC-NCL,3810
15667,GEN,
15668,GEN-EWS,2169
15669,GEN,
15669,GEN,
15671,GEN-EWS,2170
15672,GEN,
15673,OBC-NCL,3811
15674,GEN,
15675,GEN,
15676,GEN,
15677,GEN,
15678,GEN,
15679,GEN,
15680,GEN-EWS,2171
15681,GEN,
15682,OBC-NCL,3812
15683,GEN,
15684,GEN,
15685,GEN,
15686,GEN,
15687,GEN,
15688,GEN,
15689,OBC-NCL,3813
15690,GEN,
15691,OBC-NCL,3814
15692,GEN,
15693,GEN-EWS,2172
15694,OBC-NCL,3815
15695,OBC-NCL,3816
15696,GEN,
15697,OBC-NCL,3817
15698,OBC-NCL,3818
15699,GEN,
15700,GEN-EWS,2173
15701,GEN,
15702,GEN,
15703,GEN,
15704,OBC-NCL,3819
15705,OBC-NCL,3820
15706,GEN,
15706,GEN,
15708,SC,417
15709,OBC-NCL,3821
15710,GEN-EWS,2174
15711,OBC-NCL,3822
15712,GEN,
15713,GEN,
15714,GEN,
15715,OBC-NCL,3823
15716,GEN,
15717,OBC-NCL,3824
15718,GEN,
15719,GEN,
15720,GEN,
15721,GEN,
15722,GEN,
15723,GEN-EWS,2175
15724,GEN,
15725,GEN-EWS,2176
15726,GEN-EWS,2177
15727,GEN,
15728,SC,418
15729,OBC-NCL,3825
15730,GEN,
15731,ST,95
15732,GEN,
15733,GEN-EWS,2178
15734,GEN-EWS,2179
15735,GEN,
15736,OBC-NCL,3826
15737,OBC-NCL,3827
15738,GEN,
15739,GEN,
15740,GEN,
15741,GEN-EWS,2180
15742,OBC-NCL,3828
15743,GEN,
15744,GEN,
15745,GEN,
15746,OBC-NCL,3829
15747,OBC-NCL,3830
15748,GEN-EWS,2181
15749,GEN,
15750,GEN,
15751,GEN,
15752,GEN-EWS,2182
15753,OBC-NCL,3831
15754,GEN,
15755,GEN-EWS,2183
15756,GEN-EWS,2184
15757,GEN,
15758,OBC-NCL,3832
15759,OBC-NCL,3833
15760,OBC-NCL,3834
15761,GEN-EWS,2185
15762,GEN,
15763,OBC-NCL,3835
15764,OBC-NCL,3836
15765,OBC-NCL,3837
15766,GEN,
15767,OBC-NCL,3838
15768,GEN,
15769,GEN,
15770,GEN-EWS,2186
15771,GEN,
15772,OBC-NCL,3839
15773,OBC-NCL,3840
15774,GEN-EWS,2187
15775,GEN,
15776,OBC-NCL,3841
15777,GEN,
15778,OBC-NCL,3842
15779,OBC-NCL,3843
15780,OBC-NCL,3844
15781,GEN,
15782,OBC-NCL,3845
15783,OBC-NCL,3846
15784,OBC-NCL,3847
15785,OBC-NCL,3848
15786,GEN-EWS,2188
15787,GEN,
15787,GEN,
15789,OBC-NCL,3849
15790,ST,96
15791,GEN,
15792,GEN-EWS,2189
15793,GEN,
15794,GEN,
15795,OBC-NCL,3850
15796,OBC-NCL,3851
15797,GEN,
15798,GEN,
15799,OBC-NCL,3852
15800,GEN,
15801,GEN,
15802,GEN,
15803,GEN,
15804,GEN,
15805,GEN,
15806,GEN,
15807,GEN,
15808,OBC-NCL,3853
15809,GEN,
15810,OBC-NCL,3854
15811,GEN,
15812,GEN,
15813,ST,97
15814,OBC-NCL,3855
15815,GEN,
15816,OBC-NCL,3856
15817,GEN-EWS,2190
15818,OBC-NCL,3857
15819,GEN-EWS,2191
15820,GEN,
15821,GEN,
15822,OBC-NCL,3858
15823,GEN,
15824,GEN-EWS,2192
15825,ST,98
15826,GEN,
15827,GEN,
15828,OBC-NCL,3859
15829,GEN-EWS,2193
15830,GEN,
15831,GEN,
15832,GEN,
15833,GEN,
15834,GEN,
15835,OBC-NCL,3860
15836,OBC-NCL,3861
15837,OBC-NCL,3862
15838,GEN,
15839,GEN,
15840,GEN,
15841,GEN,
15842,GEN,
15843,GEN,
15844,GEN,
15845,OBC-NCL,3863
15846,OBC-NCL,3864
15847,OBC-NCL,3865
15848,GEN,
15849,GEN,
15850,OBC-NCL,3866
15851,GEN-EWS,2194
15852,OBC-NCL,3867
15853,OBC-NCL,3868
15854,GEN,
15855,OBC-NCL,3869
15856,GEN,
15857,OBC-NCL,3870
15858,GEN,
15858,SC,419
15860,GEN,
15861,GEN,
15862,GEN-EWS,2195
15863,GEN-EWS,2196
15864,OBC-NCL,3871
15865,OBC-NCL,3872
15866,GEN-EWS,2197
15867,GEN,
15868,GEN,
15869,OBC-NCL,3873
15870,GEN,
15871,GEN,
15872,GEN-EWS,2198
15873,SC,420
15874,GEN,
15875,SC,421
15876,OBC-NCL,3874
15877,OBC-NCL,3875
15878,GEN,
15879,GEN,
15880,GEN,
15880,GEN,
15882,GEN,
15883,GEN,
15884,OBC-NCL,3876
15885,GEN,
15886,GEN,
15887,GEN-EWS,2199
15888,GEN-EWS,2200
15889,OBC-NCL,3877
15890,GEN,
15891,GEN,
15892,OBC-NCL,3878
15893,GEN-EWS,2201
15894,OBC-NCL,3879
15895,GEN-EWS,2202
15896,GEN,
15897,GEN,
15898,GEN,
15899,OBC-NCL,3880
15900,SC,422
15901,GEN,
15902,GEN,
15903,GEN,
15904,GEN-EWS,2203
15905,OBC-NCL,3881
15906,GEN,
15907,GEN-EWS,2204
15908,GEN,
15909,OBC-NCL,3882
15910,GEN,
15911,OBC-NCL,3883
15912,GEN,
15913,GEN,
15914,GEN,
15915,GEN-EWS,2205
15916,GEN,
15917,GEN,
15918,GEN,
15919,GEN,
15920,GEN,
15921,SC,423
15922,GEN,
15923,GEN-EWS,2206
15924,OBC-NCL,3884
15925,GEN,
15926,GEN-EWS,2207
15927,GEN,
15927,OBC-NCL,3885
15929,OBC-NCL,3886
15930,GEN,
15931,OBC-NCL,3887
15932,ST,99
15933,GEN,
15934,GEN,
15935,GEN,
15936,OBC-NCL,3888
15937,GEN-EWS,2208
15937,SC,424
15939,GEN,
15940,GEN,
15941,GEN,
15942,GEN,
15943,GEN,
15944,OBC-NCL,3889
15945,GEN,
15946,GEN,
15947,GEN,
15948,GEN-EWS,2209
15949,GEN,
15950,ST,100
15951,GEN,
15952,GEN-EWS,2210
15953,GEN,
15954,GEN,
15955,GEN,
15956,OBC-NCL,3890
15957,GEN,
15958,GEN,
15959,GEN,
15960,GEN,
15961,GEN,
15962,OBC-NCL,3891
15963,GEN-EWS,2211
15964,GEN,
15965,GEN,
15966,GEN-EWS,2212
15967,OBC-NCL,3892
15968,GEN-EWS,2213
15969,GEN,
15970,GEN-EWS,2214
15971,SC,425
15972,OBC-NCL,3893
15973,OBC-NCL,3894
15974,GEN,
15975,OBC-NCL,3895
15976,OBC-NCL,3896
15977,GEN,
15978,ST,101
15979,OBC-NCL,3897
15980,OBC-NCL,3898
15981,GEN,
15982,OBC-NCL,3899
15983,GEN,
15984,GEN-EWS,2215
15985,GEN,
15986,SC,426
15987,OBC-NCL,3900
15988,GEN,
15989,GEN,
15990,GEN,
15991,SC,427
15992,GEN,
15993,GEN,
15994,OBC-NCL,3901
15995,GEN-EWS,2216
15996,GEN,
15997,GEN-EWS,2217
15998,GEN,
15999,GEN,
16000,GEN,
16000,OBC-NCL,3902
16002,OBC-NCL,3903
16003,GEN-EWS,2218
16004,GEN-EWS,2219
16005,GEN,
16006,GEN,
16007,GEN,
16008,OBC-NCL,3904
16009,OBC-NCL,3905
16010,GEN,
16011,GEN,
16012,GEN-EWS,2220
16013,GEN,
16014,GEN,
16015,GEN,
16016,GEN-EWS,2221
16017,OBC-NCL,3906
16018,GEN,
16019,GEN,
16020,GEN,
16021,GEN,
16022,OBC-NCL,3907
16023,GEN,
16024,GEN,
16025,GEN-EWS,2222
16026,OBC-NCL,3908
16027,OBC-NCL,3909
16028,GEN-EWS,2223
16029,GEN,
16030,GEN,
16031,GEN,
16032,GEN,
16033,OBC-NCL,3910
16034,OBC-NCL,3911
16035,ST,102
16036,GEN,
16037,GEN,
16038,GEN,
16039,GEN-EWS,2224
16040,GEN,
16041,OBC-NCL,3912
16042,GEN,
16043,GEN,
16044,GEN,
16045,GEN,
16046,GEN-EWS,2225
16047,GEN-EWS,2226
16048,OBC-NCL,3913
16049,GEN,
16050,GEN-EWS,2227
16051,GEN,
16052,GEN-EWS,2228
16053,GEN,
16054,GEN-EWS,2229
16055,GEN,
16056,GEN-EWS,2230
16057,GEN,
16058,GEN,
16059,ST,103
16060,GEN,
16061,GEN,
16062,GEN,
16063,OBC-NCL,3914
16064,OBC-NCL,3915
16065,OBC-NCL,3916
16066,OBC-NCL,3917
16067,GEN,
16068,OBC-NCL,3918
16069,GEN-EWS,2231
16070,GEN,
16071,GEN-EWS,2232
16072,GEN,
16073,GEN,
16074,GEN-EWS,2233
16075,GEN,
16076,OBC-NCL,3919
16077,SC,428
16078,GEN,
16079,GEN-EWS,2234
16080,GEN,
16081,GEN,
16082,ST,104
16083,GEN,
16084,GEN,
16085,GEN,
16086,OBC-NCL,3920
16087,OBC-NCL,3921
16088,GEN-EWS,2235
16089,GEN,
16090,GEN-EWS,2236
16091,GEN,
16092,OBC-NCL,3922
16093,OBC-NCL,3923
16094,OBC-NCL,3924
16095,GEN,
16096,OBC-NCL,3925
16097,GEN,
16098,GEN-EWS,2237
16099,GEN,
16100,GEN,
16101,GEN,
16102,GEN,
16103,OBC-NCL,3926
16104,GEN,
16105,GEN,
16106,GEN,
16107,GEN-EWS,2238
16108,ST,105
16109,OBC-NCL,3927
16110,GEN,
16111,GEN,
16112,OBC-NCL,3928
16113,OBC-NCL,3929
16114,OBC-NCL,3930
16115,OBC-NCL,3931
16116,GEN,
16117,GEN,
16118,GEN,
16119,GEN-EWS,2239
16120,GEN-EWS,2240
16121,GEN,
16122,GEN,
16123,GEN-EWS,2241
16124,GEN,
16125,OBC-NCL,3932
16126,GEN,
16127,GEN-EWS,2242
16128,GEN,
16129,SC,429
16130,GEN,
16131,GEN,
16132,GEN,
16133,GEN,
16134,GEN,
16135,GEN,
16135,OBC-NCL,3933
16137,GEN-EWS,2243
16138,OBC-NCL,3934
16139,OBC-NCL,3935
16140,GEN,
16141,GEN,
16142,GEN,
16143,GEN,
16144,GEN,
16145,GEN,
16146,GEN,
16147,OBC-NCL,3936
16148,GEN,
16149,OBC-NCL,3937
16150,SC,430
16151,GEN,
16152,SC,431
16153,GEN,
16154,GEN,
16155,SC,432
16156,OBC-NCL,3938
16157,GEN,
16158,GEN,
16159,GEN,
16160,GEN,
16161,OBC-NCL,3939
16162,SC,433
16163,OBC-NCL,3940
16164,GEN-EWS,2244
16165,GEN,
16166,GEN,
16167,OBC-NCL,3941
16168,GEN,
16169,GEN-EWS,2245
16170,GEN,
16171,OBC-NCL,3942
16172,GEN-EWS,2246
16173,OBC-NCL,3943
16174,GEN,
16175,GEN-EWS,2247
16176,GEN,
16177,GEN,
16178,GEN,
16179,GEN-EWS,2248
16180,GEN-EWS,2249
16181,SC,434
16182,GEN,
16183,GEN,
16184,GEN-EWS,2250
16185,GEN,
16186,GEN-EWS,2251
16187,GEN-EWS,2252
16188,GEN,
16189,GEN,
16190,GEN-EWS,2253
16191,OBC-NCL,3944
16192,OBC-NCL,3945
16193,OBC-NCL,3946
16194,GEN-EWS,2254
16195,SC,435
16196,GEN,
16197,OBC-NCL,3947
16198,GEN-EWS,2255
16199,GEN-EWS,2256
16200,OBC-NCL,3948
16201,GEN,
16202,GEN-EWS,2257
16203,OBC-NCL,3949
16204,GEN-EWS,2258
16205,GEN,
16206,GEN,
16207,GEN,
16208,GEN-EWS,2259
16209,GEN,
16210,OBC-NCL,3950
16211,GEN,
16212,GEN-EWS,2260
16213,GEN-EWS,2261
16214,OBC-NCL,3951
16215,SC,436
16216,GEN,
16217,GEN,
16218,OBC-NCL,3952
16219,OBC-NCL,3953
16220,GEN,
16221,GEN-EWS,2262
16222,GEN-EWS,2263
16223,OBC-NCL,3954
16224,GEN,
16225,GEN,
16226,OBC-NCL,3955
16227,GEN-EWS,2264
16228,GEN,
16229,OBC-NCL,3956
16230,GEN,
16231,GEN-EWS,2265
16232,GEN,
16233,OBC-NCL,3957
16234,GEN-EWS,2266
16235,GEN-EWS,2267
16236,GEN,
16237,GEN,
16238,SC,437
16239,GEN-EWS,2268
16240,OBC-NCL,3958
16241,GEN,
16242,OBC-NCL,3959
16243,GEN,
16244,GEN-EWS,2269
16245,GEN,
16246,GEN,
16247,GEN,
16248,OBC-NCL,3960
16249,GEN-EWS,2270
16250,GEN,
16251,OBC-NCL,3961
16252,OBC-NCL,3962
16253,GEN-EWS,2271
16254,GEN,
16255,OBC-NCL,3963
16256,GEN-EWS,2272
16257,GEN-EWS,2273
16258,GEN-EWS,2274
16259,GEN,
16260,OBC-NCL,3964
16261,OBC-NCL,3965
16262,GEN,
16263,GEN-EWS,2275
16264,OBC-NCL,3966
16265,GEN,
16266,GEN,
16267,GEN-EWS,2276
16268,GEN,
16269,GEN,
16270,GEN,
16271,OBC-NCL,3967
16272,GEN,
16273,OBC-NCL,3968
16274,GEN,
16275,OBC-NCL,3969
16276,OBC-NCL,3970
16277,SC,438
16278,GEN,
16279,OBC-NCL,3971
16280,GEN,
16281,OBC-NCL,3972
16282,GEN,
16283,OBC-NCL,3973
16284,GEN,
16285,GEN,
16286,OBC-NCL,3974
16287,SC,439
16288,GEN,
16289,GEN,
16290,OBC-NCL,3975
16291,GEN-EWS,2277
16292,GEN,
16293,GEN,
16294,GEN,
16295,GEN,
16296,GEN,
16297,GEN,
16298,GEN,
16299,GEN,
16300,GEN,
16301,GEN,
16302,OBC-NCL,3976
16303,GEN,
16304,OBC-NCL,3977
16305,OBC-NCL,3978
16306,GEN-EWS,2278
16307,GEN,
16308,GEN-EWS,2279
16309,GEN-EWS,2280
16310,GEN-EWS,2281
16311,OBC-NCL,3979
16312,GEN,
16313,GEN,
16314,GEN-EWS,2282
16315,GEN,
16316,GEN-EWS,2283
16317,OBC-NCL,3980
16318,OBC-NCL,3981
16319,OBC-NCL,3982
16320,GEN-EWS,2284
16321,GEN,
16322,GEN,
16323,GEN-EWS,2285
16324,GEN,
16325,OBC-NCL,3983
16326,GEN,
16327,GEN-EWS,2286
16328,OBC-NCL,3984
16329,GEN,
16330,OBC-NCL,3985
16331,GEN-EWS,2287
16332,GEN-EWS,2288
16333,GEN,
16333,GEN,
16335,GEN,
16336,GEN,
16337,GEN-EWS,2289
16338,GEN,
16339,GEN,
16339,OBC-NCL,3986
16341,SC,440
16342,GEN-EWS,2290
16343,GEN,
16344,SC,441
16345,GEN,
16346,GEN,
16347,GEN,
16348,GEN,
16349,GEN,
16350,SC,442
16351,OBC-NCL,3987
16352,GEN,
16353,GEN,
16354,GEN,
16355,SC,443
16356,OBC-NCL,3988
16357,OBC-NCL,3989
16358,GEN,
16359,GEN,
16360,OBC-NCL,3990
16361,GEN,
16362,OBC-NCL,3991
16363,GEN,
16364,OBC-NCL,3992
16365,GEN,
16366,OBC-NCL,3993
16367,GEN,
16368,GEN,
16369,OBC-NCL,3994
16370,GEN,
16371,OBC-NCL,3995
16372,GEN,
16373,GEN,
16374,OBC-NCL,3996
16375,GEN,
16376,GEN,
16377,GEN,
16378,GEN,
16379,GEN-EWS,2291
16380,OBC-NCL,3997
16381,GEN,
16382,OBC-NCL,3998
16383,GEN-EWS,2292
16384,GEN-EWS,2293
16385,GEN,
16386,GEN-EWS,2294
16387,OBC-NCL,3999
16388,OBC-NCL,4000
16389,GEN,
16390,GEN,
16391,OBC-NCL,4001
16392,SC,444
16393,GEN,
16394,GEN-EWS,2295
16395,GEN,
16396,GEN-EWS,2296
16397,OBC-NCL,4002
16398,ST,106
16399,GEN,
16400,GEN,
16401,GEN,
16402,GEN,
16403,SC,445
16404,OBC-NCL,4003
16405,GEN,
16405,GEN-EWS,2297
16407,GEN-EWS,2298
16408,GEN,
16409,GEN,
16410,GEN-EWS,2299
16411,GEN,
16412,GEN-EWS,2300
16413,OBC-NCL,4004
16414,GEN,
16415,GEN,
16416,GEN-EWS,2301
16417,GEN,
16418,SC,446
16419,GEN,
16420,GEN,
16421,OBC-NCL,4005
16422,OBC-NCL,4006
16423,GEN,
16424,OBC-NCL,4007
16425,GEN,
16426,GEN,
16427,GEN,
16428,SC,447
16429,GEN,
16430,GEN,
16431,OBC-NCL,4008
16432,GEN,
16433,GEN,
16434,OBC-NCL,4009
16435,GEN,
16436,SC,448
16437,OBC-NCL,4010
16438,GEN-EWS,2302
16439,GEN,
16440,GEN,
16441,GEN,
16442,GEN,
16443,GEN,
16444,GEN,
16445,OBC-NCL,4011
16446,GEN,
16446,GEN,
16448,OBC-NCL,4012
16449,GEN-EWS,2303
16450,GEN,
16451,GEN-EWS,2304
16452,OBC-NCL,4013
16453,GEN-EWS,2305
16454,OBC-NCL,4014
16455,OBC-NCL,4015
16456,GEN,
16457,GEN,
16458,SC,449
16459,OBC-NCL,4016
16460,GEN,
16461,GEN,
16462,SC,450
16463,GEN,
16464,GEN-EWS,2306
16465,GEN-EWS,2307
16466,GEN,
16467,GEN-EWS,2308
16468,GEN,
16469,GEN,
16470,OBC-NCL,4017
16471,OBC-NCL,4018
16472,OBC-NCL,4019
16473,GEN,
16474,GEN-EWS,2309
16475,OBC-NCL,4020
16476,OBC-NCL,4021
16477,GEN,
16478,GEN,
16479,GEN,
16480,GEN,
16481,GEN,
16482,OBC-NCL,4022
16483,GEN,
16484,GEN,
16485,OBC-NCL,4023
16486,GEN,
16487,GEN,
16488,OBC-NCL,4024
16489,GEN-EWS,2310
16490,OBC-NCL,4025
16491,GEN,
16492,GEN-EWS,2311
16493,GEN,
16494,GEN,
16495,GEN-EWS,2312
16496,OBC-NCL,4026
16497,GEN,
16498,GEN,
16499,GEN,
16500,SC,451
16501,OBC-NCL,4027
16502,GEN-EWS,2313
16503,GEN,
16504,ST,107
16505,GEN,
16506,OBC-NCL,4028
16507,OBC-NCL,4029
16508,OBC-NCL,4030
16509,GEN-EWS,2314
16510,GEN,
16511,GEN,
16512,GEN,
16513,GEN,
16514,GEN,
16515,GEN,
16516,OBC-NCL,4031
16517,GEN-EWS,2315
16518,GEN,
16519,GEN-EWS,2316
16520,OBC-NCL,4032
16521,GEN,
16522,GEN-EWS,2317
16523,OBC-NCL,4033
16524,GEN,
16525,OBC-NCL,4034
16526,OBC-NCL,4035
16527,OBC-NCL,4036
16528,GEN-EWS,2318
16529,GEN,
16530,GEN,
16531,OBC-NCL,4037
16531,OBC-NCL,4037
16533,GEN-EWS,2319
16534,OBC-NCL,4039
16535,GEN,
16536,GEN,
16536,GEN,
16538,OBC-NCL,4040
16539,OBC-NCL,4041
16540,GEN-EWS,2320
16541,GEN-EWS,2321
16542,OBC-NCL,4042
16543,GEN,
16544,OBC-NCL,4043
16545,GEN,
16546,ST,108
16547,OBC-NCL,4044
16548,GEN-EWS,2322
16549,GEN,
16550,GEN,
16551,GEN,
16552,OBC-NCL,4045
16553,GEN,
16554,SC,452
16555,GEN,
16556,GEN,
16557,ST,109
16558,OBC-NCL,4046
16559,OBC-NCL,4047
16560,GEN,
16561,GEN,
16562,OBC-NCL,4048
16563,OBC-NCL,4049
16564,GEN,
16564,OBC-NCL,4050
16566,GEN,
16567,GEN,
16568,GEN,
16569,GEN,
16570,OBC-NCL,4051
16571,GEN,
16572,OBC-NCL,4052
16573,OBC-NCL,4053
16574,GEN,
16575,GEN-EWS,2323
16576,ST,110
16577,GEN,
16578,GEN,
16579,OBC-NCL,4054
16580,GEN,
16581,GEN,
16582,GEN,
16583,SC,453
16584,OBC-NCL,4055
16585,GEN,
16586,OBC-NCL,4056
16587,OBC-NCL,4057
16588,OBC-NCL,4058
16589,GEN,
16590,GEN,
16591,GEN,
16592,GEN,
16593,GEN,
16594,GEN,
16595,GEN,
16596,OBC-NCL,4059
16597,GEN-EWS,2324
16598,GEN,
16599,GEN-EWS,2325
16600,GEN,
16601,GEN,
16602,GEN,
16603,GEN,
16604,ST,111
16605,GEN,
16606,GEN-EWS,2326
16607,SC,454
16608,GEN,
16609,GEN,
16610,GEN-EWS,2327
16611,GEN-EWS,2328
16612,GEN,
16613,GEN,
16614,GEN,
16615,GEN,
16616,GEN,
16617,GEN,
16618,GEN-EWS,2329
16619,GEN,
16620,GEN-EWS,2330
16621,OBC-NCL,4060
16622,SC,455
16623,GEN,
16624,GEN,
16625,GEN,
16626,GEN,
16627,GEN,
16628,GEN,
16629,GEN-EWS,2331
16630,OBC-NCL,4061
16631,GEN,
16632,GEN,
16633,GEN-EWS,2332
16634,GEN,
16635,GEN,
16636,GEN,
16637,GEN,
16638,SC,456
16639,GEN-EWS,2333
16639,OBC-NCL,4062
16641,GEN,
16642,OBC-NCL,4063
16643,GEN,
16644,GEN,
16645,OBC-NCL,4064
16646,GEN,
16647,GEN-EWS,2334
16648,GEN-EWS,2335
16649,OBC-NCL,4065
16650,GEN,
16651,GEN,
16652,GEN,
16653,GEN-EWS,2336
16654,GEN,
16655,GEN,
16656,GEN,
16657,GEN-EWS,2337
16658,GEN,
16659,OBC-NCL,4066
16660,OBC-NCL,4067
16661,OBC-NCL,4068
16662,OBC-NCL,4069
16663,GEN,
16664,OBC-NCL,4070
16665,OBC-NCL,4071
16666,SC,457
16667,GEN,
16668,GEN,
16669,GEN,
16670,SC,458
16671,GEN-EWS,2338
16672,OBC-NCL,4072
16673,SC,459
16674,OBC-NCL,4073
16675,GEN,
16676,GEN-EWS,2339
16677,OBC-NCL,4074
16678,GEN,
16679,GEN,
16680,GEN,
16681,GEN,
16682,OBC-NCL,4075
16683,GEN,
16684,GEN-EWS,2340
16685,GEN,
16686,GEN,
16687,OBC-NCL,4076
16688,GEN,
16688,GEN,
16690,GEN,
16691,OBC-NCL,4077
16692,OBC-NCL,4078
16693,OBC-NCL,4079
16694,GEN-EWS,2341
16695,GEN,
16696,GEN,
16697,OBC-NCL,4080
16698,OBC-NCL,4081
16699,GEN-EWS,2342
16700,GEN,
16701,GEN,
16702,GEN,
16703,GEN,
16704,GEN,
16705,OBC-NCL,4082
16706,GEN,
16707,OBC-NCL,4083
16708,OBC-NCL,4084
16709,ST,112
16710,GEN,
16711,GEN,
16712,SC,460
16713,GEN-EWS,2343
16714,OBC-NCL,4085
16715,OBC-NCL,4086
16716,GEN-EWS,2344
16717,OBC-NCL,4087
16718,OBC-NCL,4088
16719,GEN,
16720,GEN,
16721,GEN,
16722,GEN,
16723,GEN,
16724,GEN,
16725,GEN,
16726,OBC-NCL,4089
16727,GEN-EWS,2345
16728,OBC-NCL,4090
16729,GEN,
16730,GEN-EWS,2346
16731,GEN,
16732,GEN,
16733,GEN-EWS,2347
16734,OBC-NCL,4091
16735,OBC-NCL,4092
16736,GEN,
16737,GEN,
16738,GEN,
16739,GEN,
16740,GEN,
16741,GEN-EWS,2348
16742,GEN,
16743,OBC-NCL,4093
16744,OBC-NCL,4094
16745,SC,461
16746,GEN,
16747,GEN-EWS,2349
16748,OBC-NCL,4095
16749,GEN,
16750,GEN-EWS,2350
16751,GEN,
16752,OBC-NCL,4096
16753,OBC-NCL,4097
16754,OBC-NCL,4098
16755,GEN,
16756,GEN-EWS,2351
16757,GEN-EWS,2352
16758,SC,462
16759,GEN-EWS,2353
16760,GEN-EWS,2354
16761,GEN,
16762,GEN,
16763,OBC-NCL,4099
16764,GEN,
16765,OBC-NCL,4100
16766,GEN,
16767,GEN,
16768,OBC-NCL,4101
16769,OBC-NCL,4102
16770,OBC-NCL,4103
16771,GEN,
16772,GEN,
16773,GEN,
16774,GEN,
16775,OBC-NCL,4104
16776,OBC-NCL,4105
16777,GEN,
16778,OBC-NCL,4106
16779,GEN,
16780,OBC-NCL,4107
16781,SC,463
16782,GEN,
16783,OBC-NCL,4108
16784,GEN,
16785,GEN-EWS,2355
16786,GEN-EWS,2356
16787,SC,464
16788,GEN,
16789,SC,465
16790,GEN-EWS,2357
16791,GEN,
16792,GEN,
16793,GEN,
16794,SC,466
16795,GEN,
16796,OBC-NCL,4109
16797,OBC-NCL,4110
16798,GEN-EWS,2358
16799,OBC-NCL,4111
16800,GEN,
16801,GEN,
16802,OBC-NCL,4112
16803,SC,467
16804,GEN,
16805,SC,468
16806,OBC-NCL,4113
16807,OBC-NCL,4114
16808,GEN,
16809,GEN-EWS,2359
16810,GEN,
16811,GEN,
16812,OBC-NCL,4115
16813,GEN,
16814,GEN,
16815,GEN,
16816,GEN,
16817,GEN,
16817,GEN-EWS,2360
16819,GEN-EWS,2361
16820,OBC-NCL,4116
16821,GEN,
16822,GEN,
16823,OBC-NCL,4117
16824,GEN,
16825,GEN,
16826,GEN,
16827,SC,469
16828,GEN,
16829,GEN-EWS,2362
16830,OBC-NCL,4118
16831,GEN,
16832,OBC-NCL,4119
16833,GEN,
16834,OBC-NCL,4120
16835,OBC-NCL,4121
16836,OBC-NCL,4122
16837,GEN,
16838,OBC-NCL,4123
16839,GEN,
16840,SC,470
16841,GEN,
16842,GEN-EWS,2363
16843,GEN-EWS,2364
16844,GEN-EWS,2365
16845,GEN,
16846,GEN,
16847,GEN,
16848,OBC-NCL,4124
16849,GEN,
16850,GEN,
16851,OBC-NCL,4125
16852,OBC-NCL,4126
16853,GEN-EWS,2366
16854,GEN,
16855,GEN,
16856,GEN-EWS,2367
16857,GEN-EWS,2368
16858,GEN,
16859,GEN,
16860,GEN,
16861,GEN-EWS,2369
16862,GEN,
16863,OBC-NCL,4127
16864,GEN,
16865,OBC-NCL,4128
16866,SC,471
16867,OBC-NCL,4129
16868,GEN,
16869,OBC-NCL,4130
16870,GEN-EWS,2370
16871,GEN-EWS,2371
16872,OBC-NCL,4131
16873,GEN,
16874,OBC-NCL,4132
16875,GEN,
16876,GEN,
16877,OBC-NCL,4133
16878,OBC-NCL,4134
16879,GEN,
16880,OBC-NCL,4135
16881,GEN,
16882,GEN,
16883,GEN,
16884,GEN-EWS,2372
16885,OBC-NCL,4136
16886,OBC-NCL,4137
16887,GEN,
16888,GEN-EWS,2373
16889,GEN,
16890,GEN-EWS,2374
16891,GEN-EWS,2375
16892,GEN-EWS,2376
16893,GEN-EWS,2377
16894,GEN-EWS,2378
16895,GEN,
16896,SC,472
16897,OBC-NCL,4138
16898,GEN-EWS,2379
16899,GEN,
16900,GEN,
16901,GEN-EWS,2380
16902,OBC-NCL,4139
16903,GEN,
16904,GEN,
16905,GEN-EWS,2381
16906,GEN,
16907,SC,473
16908,GEN,
16909,GEN,
16910,GEN,
16911,GEN-EWS,2382
16912,GEN,
16913,GEN,
16914,ST,113
16915,GEN,
16916,GEN,
16917,GEN,
16918,GEN,
16919,GEN,
16920,GEN,
16921,GEN-EWS,2383
16922,GEN-EWS,2384
16923,GEN,
16924,OBC-NCL,4140
16925,GEN,
16926,SC,474
16927,GEN,
16928,OBC-NCL,4141
16929,GEN,
16930,GEN-EWS,2385
16931,GEN-EWS,2386
16932,GEN,
16933,GEN,
16934,GEN,
16935,GEN,
16936,GEN,
16937,OBC-NCL,4142
16938,GEN-EWS,2387
16939,GEN,
16940,GEN-EWS,2388
16941,OBC-NCL,4143
16942,OBC-NCL,4144
16943,OBC-NCL,4145
16944,GEN,
16945,GEN-EWS,2389
16946,GEN,
16947,GEN-EWS,2390
16948,GEN,
16949,GEN-EWS,2391
16950,SC,475
16951,GEN-EWS,2392
16952,GEN,
16953,OBC-NCL,4146
16954,GEN-EWS,2393
16955,GEN-EWS,2394
16956,GEN,
16957,OBC-NCL,4147
16958,GEN,
16959,GEN,
16960,GEN-EWS,2395
16961,GEN,
16962,GEN-EWS,2396
16963,GEN,
16964,GEN,
16965,GEN-EWS,2397
16966,GEN,
16967,OBC-NCL,4148
16968,GEN,
16969,GEN-EWS,2398
16970,GEN,
16971,GEN-EWS,2399
16972,OBC-NCL,4149
16973,GEN,
16974,SC,476
16975,OBC-NCL,4150
16976,GEN,
16977,GEN,
16978,GEN-EWS,2400
16979,GEN-EWS,2401
16980,OBC-NCL,4151
16981,GEN,
16982,OBC-NCL,4152
16983,OBC-NCL,4153
16984,GEN,
16985,SC,477
16986,GEN-EWS,2402
16987,GEN-EWS,2403
16988,GEN,
16989,OBC-NCL,4154
16990,GEN,
16991,OBC-NCL,4155
16992,GEN,
16993,GEN,
16994,GEN,
16995,GEN,
16996,GEN,
16997,OBC-NCL,4156
16998,GEN,
16999,GEN,
17000,OBC-NCL,4157
17001,GEN,
17002,GEN,
17003,GEN,
17004,GEN,
17005,SC,478
17006,GEN-EWS,2404
17007,GEN,
17008,GEN,
17009,OBC-NCL,4158
17010,GEN,
17011,OBC-NCL,4159
17012,GEN,
17013,OBC-NCL,4160
17014,GEN,
17015,GEN,
17016,GEN,
17017,GEN,
17018,GEN,
17019,GEN,
17020,GEN-EWS,2405
17021,GEN,
17022,GEN,
17023,GEN,
17024,SC,479
17025,GEN-EWS,2406
17026,GEN-EWS,2407
17027,OBC-NCL,4161
17028,GEN-EWS,2408
17029,OBC-NCL,4162
17030,OBC-NCL,4163
17031,GEN,
17032,GEN,
17033,GEN,
17034,GEN-EWS,2409
17035,GEN,
17036,GEN-EWS,2410
17037,GEN,
17038,GEN,
17039,OBC-NCL,4164
17040,GEN,
17041,GEN-EWS,2411
17042,GEN,
17043,GEN,
17044,GEN-EWS,2412
17045,SC,480
17046,GEN,
17047,GEN,
17048,GEN,
17049,GEN,
17050,OBC-NCL,4165
17051,OBC-NCL,4166
17052,GEN,
17053,OBC-NCL,4167
17054,GEN,
17055,GEN,
17056,OBC-NCL,4168
17057,OBC-NCL,4169
17058,GEN,
17059,GEN-EWS,2413
17060,GEN,
17061,GEN-EWS,2414
17062,SC,481
17063,GEN,
17064,GEN-EWS,2415
17065,GEN-EWS,2416
17066,GEN,
17067,OBC-NCL,4170
17068,GEN,
17069,GEN,
17070,GEN-EWS,2417
17071,GEN,
17072,OBC-NCL,4171
17073,GEN,
17074,GEN,
17075,OBC-NCL,4172
17076,GEN-EWS,2418
17077,GEN,
17078,OBC-NCL,4173
17079,GEN-EWS,2419
17080,GEN,
17081,GEN,
17082,GEN,
17083,GEN-EWS,2420
17084,GEN,
17085,OBC-NCL,4174
17086,SC,482
17087,GEN,
17087,OBC-NCL,4175
17089,OBC-NCL,4176
17090,OBC-NCL,4177
17091,GEN-EWS,2421
17092,OBC-NCL,4178
17093,GEN,
17094,OBC-NCL,4179
17095,GEN,
17096,SC,483
17097,OBC-NCL,4180
17098,GEN,
17099,GEN,
17100,OBC-NCL,4181
17101,OBC-NCL,4182
17102,GEN,
17103,OBC-NCL,4183
17104,GEN,
17105,GEN,
17106,GEN,
17107,GEN,
17108,GEN-EWS,2422
17109,GEN,
17110,OBC-NCL,4184
17111,OBC-NCL,4185
17112,GEN,
17113,GEN-EWS,2423
17114,GEN,
17114,GEN,
17116,OBC-NCL,4186
17117,GEN,
17118,GEN,
17119,GEN,
17120,OBC-NCL,4187
17121,GEN,
17122,GEN-EWS,2424
17123,OBC-NCL,4188
17124,GEN,
17125,GEN,
17126,OBC-NCL,4189
17127,GEN-EWS,2425
17128,GEN-EWS,2426
17129,GEN,
17130,OBC-NCL,4190
17131,GEN,
17132,GEN,
17133,OBC-NCL,4191
17134,GEN,
17135,GEN,
17136,GEN,
17137,GEN,
17138,GEN-EWS,2427
17139,SC,484
17140,GEN,
17141,GEN-EWS,2428
17142,GEN-EWS,2429
17143,GEN-EWS,2430
17144,GEN-EWS,2431
17145,GEN,
17146,OBC-NCL,4192
17147,OBC-NCL,4193
17148,OBC-NCL,4194
17149,OBC-NCL,4195
17150,GEN,
17151,OBC-NCL,4196
17152,GEN-EWS,2432
17153,SC,485
17154,GEN,
17155,GEN,
17156,GEN,
17157,GEN,
17158,OBC-NCL,4197
17159,OBC-NCL,4198
17160,GEN-EWS,2433
17161,OBC-NCL,4199
17162,GEN,
17163,OBC-NCL,4200
17164,SC,486
17165,GEN,
17166,GEN-EWS,2434
17167,GEN,
17168,OBC-NCL,4201
17169,GEN,
17170,GEN-EWS,2435
17171,GEN,
17172,GEN,
17173,OBC-NCL,4202
17174,GEN-EWS,2436
17175,GEN,
17176,GEN-EWS,2437
17177,GEN,
17178,OBC-NCL,4203
17179,GEN,
17180,GEN,
17181,SC,487
17182,GEN,
17183,GEN-EWS,2438
17184,GEN,
17185,GEN,
17186,OBC-NCL,4204
17187,GEN,
17188,GEN,
17189,GEN,
17190,GEN,
17191,OBC-NCL,4205
17192,GEN,
17193,OBC-NCL,4206
17194,GEN,
17195,GEN,
17196,OBC-NCL,4207
17197,OBC-NCL,4208
17198,GEN,
17199,GEN,
17200,OBC-NCL,4209
17201,GEN-EWS,2439
17202,OBC-NCL,4210
17203,GEN,
17204,OBC-NCL,4211
17205,OBC-NCL,4212
17206,OBC-NCL,4213
17207,GEN,
17208,GEN,
17209,GEN,
17210,GEN,
17211,OBC-NCL,4214
17212,GEN,
17213,OBC-NCL,4215
17214,GEN,
17215,GEN,
17216,GEN,
17217,OBC-NCL,4216
17218,GEN,
17219,GEN,
17220,GEN,
17221,GEN,
17222,ST,114
17223,OBC-NCL,4217
17224,OBC-NCL,4218
17225,GEN-EWS,2440
17226,GEN-EWS,2441
17227,GEN,
17228,GEN,
17229,GEN,
17230,GEN,
17231,GEN,
17232,OBC-NCL,4219
17233,GEN,
17234,GEN,
17235,GEN,
17236,OBC-NCL,4220
17237,GEN,
17238,OBC-NCL,4221
17239,GEN,
17240,GEN-EWS,2442
17241,GEN-EWS,2443
17242,GEN,
17243,GEN,
17244,GEN,
17245,GEN,
17246,GEN,
17247,OBC-NCL,4222
17248,GEN,
17249,OBC-NCL,4223
17250,OBC-NCL,4224
17251,OBC-NCL,4225
17252,OBC-NCL,4226
17253,GEN,
17254,OBC-NCL,4227
17255,GEN,
17256,GEN,
17257,GEN,
17258,GEN,
17259,GEN,
17259,OBC-NCL,4228
17261,GEN,
17262,OBC-NCL,4229
17263,GEN,
17264,GEN-EWS,2444
17265,OBC-NCL,4230
17266,GEN,
17267,GEN,
17268,OBC-NCL,4231
17269,OBC-NCL,4232
17270,GEN,
17271,OBC-NCL,4233
17272,GEN-EWS,2445
17273,OBC-NCL,4234
17274,OBC-NCL,4235
17275,GEN,
17276,GEN-EWS,2446
17277,GEN-EWS,2447
17278,GEN,
17279,OBC-NCL,4236
17280,GEN-EWS,2448
17281,GEN-EWS,2449
17282,OBC-NCL,4237
17283,GEN,
17284,OBC-NCL,4238
17285,GEN,
17286,OBC-NCL,4239
17287,GEN,
17288,OBC-NCL,4240
17289,GEN-EWS,2450
17290,GEN,
17291,GEN-EWS,2451
17292,OBC-NCL,4241
17293,GEN,
17294,OBC-NCL,4242
17295,GEN,
17296,OBC-NCL,4243
17297,OBC-NCL,4244
17298,GEN,
17299,GEN,
17300,GEN,
17301,GEN,
17302,GEN,
17303,GEN,
17303,OBC-NCL,4245
17305,OBC-NCL,4246
17306,GEN,
17307,GEN,
17308,GEN-EWS,2452
17309,OBC-NCL,4247
17310,OBC-NCL,4248
17311,OBC-NCL,4249
17312,GEN,
17313,GEN,
17313,GEN-EWS,2453
17315,GEN,
17316,OBC-NCL,4250
17317,GEN,
17318,OBC-NCL,4251
17319,SC,488
17320,OBC-NCL,4252
17321,OBC-NCL,4253
17322,GEN,
17323,GEN,
17324,GEN-EWS,2454
17325,OBC-NCL,4254
17326,OBC-NCL,4255
17327,OBC-NCL,4256
17328,OBC-NCL,4257
17329,GEN,
17330,GEN,
17331,GEN,
17332,GEN-EWS,2455
17333,GEN,
17334,GEN,
17335,OBC-NCL,4258
17336,GEN-EWS,2456
17337,OBC-NCL,4259
17338,GEN,
17339,GEN,
17340,GEN,
17341,GEN-EWS,2457
17342,GEN,
17343,GEN,
17344,OBC-NCL,4260
17345,GEN-EWS,2458
17346,GEN-EWS,2459
17347,GEN-EWS,2460
17348,OBC-NCL,4261
17349,GEN,
17350,GEN-EWS,2461
17351,OBC-NCL,4262
17352,OBC-NCL,4263
17353,GEN,
17354,GEN-EWS,2462
17355,GEN-EWS,2463
17356,ST,115
17357,OBC-NCL,4264
17358,OBC-NCL,4265
17359,GEN,
17360,GEN-EWS,2464
17361,GEN,
17362,SC,489
17363,GEN,
17364,SC,490
17365,GEN-EWS,2465
17366,GEN,
17367,SC,491
17368,GEN,
17369,GEN,
17370,OBC-NCL,4266
17371,OBC-NCL,4267
17372,GEN,
17373,OBC-NCL,4268
17374,GEN,
17375,GEN,
17376,GEN,
17377,GEN,
17378,GEN,
17379,OBC-NCL,4269
17380,GEN,
17381,GEN,
17382,GEN,
17383,GEN,
17384,GEN,
17385,GEN,
17386,GEN,
17387,GEN-EWS,2466
17388,GEN,
17389,GEN-EWS,2467
17390,GEN,
17391,OBC-NCL,4270
17392,OBC-NCL,4271
17393,SC,492
17394,OBC-NCL,4272
17395,GEN,
17396,GEN,
17397,GEN-EWS,2468
17398,OBC-NCL,4273
17399,OBC-NCL,4274
17400,OBC-NCL,4275
17401,GEN,
17402,GEN,
17403,OBC-NCL,4276
17404,GEN,
17405,GEN,
17406,GEN-EWS,2469
17407,GEN,
17408,GEN,
17409,OBC-NCL,4277
17410,GEN,
17411,GEN,
17412,GEN,
17413,GEN,
17414,OBC-NCL,4278
17415,GEN,
17416,GEN-EWS,2470
17417,GEN,
17418,GEN,
17419,GEN,
17420,GEN-EWS,2471
17421,OBC-NCL,4279
17422,GEN,
17423,GEN,
17424,GEN,
17425,GEN-EWS,2472
17426,GEN,
17427,GEN,
17428,GEN,
17429,OBC-NCL,4280
17430,GEN,
17431,OBC-NCL,4281
17432,GEN,
17433,OBC-NCL,4282
17434,GEN,
17435,GEN-EWS,2473
17436,GEN-EWS,2474
17437,GEN,
17438,GEN-EWS,2475
17439,GEN,
17440,SC,493
17441,GEN,
17442,GEN,
17443,OBC-NCL,4283
17444,OBC-NCL,4284
17445,GEN,
17446,GEN,
17447,OBC-NCL,4285
17448,GEN,
17449,GEN,
17450,OBC-NCL,4286
17451,GEN,
17452,GEN-EWS,2476
17453,GEN-EWS,2477
17454,GEN-EWS,2478
17455,OBC-NCL,4287
17456,OBC-NCL,4288
17457,GEN,
17458,SC,494
17459,GEN,
17460,GEN,
17461,GEN,
17462,GEN,
17463,OBC-NCL,4289
17464,OBC-NCL,4290
17465,OBC-NCL,4291
17466,GEN-EWS,2479
17467,SC,495
17468,GEN,
17469,GEN,
17470,GEN-EWS,2480
17471,OBC-NCL,4292
17472,GEN-EWS,2481
17473,GEN,
17474,GEN-EWS,2482
17475,GEN,
17476,GEN,
17477,GEN-EWS,2483
17478,GEN-EWS,2484
17479,GEN-EWS,2485
17480,GEN,
17481,GEN,
17482,GEN,
17483,GEN,
17484,GEN,
17485,OBC-NCL,4293
17486,GEN-EWS,2486
17487,GEN,
17488,OBC-NCL,4294
17489,GEN-EWS,2487
17490,OBC-NCL,4295
17491,SC,496
17492,GEN,
17493,OBC-NCL,4296
17494,OBC-NCL,4297
17495,OBC-NCL,4298
17496,GEN,
17497,GEN,
17498,OBC-NCL,4299
17499,OBC-NCL,4300
17500,GEN-EWS,2488
17501,SC,497
17502,OBC-NCL,4301
17503,GEN-EWS,2489
17504,SC,498
17505,GEN,
17506,GEN-EWS,2490
17507,OBC-NCL,4302
17508,GEN,
17509,GEN,
17510,GEN,
17511,GEN,
17512,GEN-EWS,2491
17513,ST,116
17514,GEN-EWS,2492
17515,GEN,
17516,GEN,
17517,ST,117
17518,OBC-NCL,4303
17519,GEN,
17520,GEN,
17521,OBC-NCL,4304
17522,OBC-NCL,4305
17523,GEN,
17524,GEN,
17525,GEN,
17526,OBC-NCL,4306
17527,GEN-EWS,2493
17528,GEN,
17529,GEN,
17530,OBC-NCL,4307
17531,OBC-NCL,4308
17532,OBC-NCL,4309
17533,GEN,
17534,GEN,
17535,OBC-NCL,4310
17536,GEN,
17537,OBC-NCL,4311
17538,GEN-EWS,2494
17539,OBC-NCL,4312
17540,GEN,
17541,GEN,
17542,GEN,
17543,OBC-NCL,4313
17544,GEN,
17545,GEN,
17546,GEN,
17547,OBC-NCL,4314
17548,OBC-NCL,4315
17549,GEN,
17550,GEN,
17551,GEN,
17552,GEN,
17553,GEN,
17554,OBC-NCL,4316
17555,OBC-NCL,4317
17556,OBC-NCL,4318
17557,GEN,
17558,SC,499
17559,OBC-NCL,4319
17560,GEN,
17561,GEN,
17562,SC,500
17563,OBC-NCL,4320
17564,GEN-EWS,2495
17565,OBC-NCL,4321
17566,GEN-EWS,2496
17567,GEN-EWS,2497
17568,OBC-NCL,4322
17569,OBC-NCL,4323
17570,GEN,
17571,GEN,
17572,OBC-NCL,4324
17573,GEN,
17574,GEN,
17575,GEN,
17576,GEN,
17577,SC,501
17578,GEN,
17579,GEN,
17580,GEN,
17581,GEN,
17582,GEN,
17583,OBC-NCL,4325
17584,GEN,
17585,GEN-EWS,2498
17586,GEN,
17587,OBC-NCL,4326
17588,GEN,
17589,GEN-EWS,2499
17590,GEN,
17591,GEN,
17592,OBC-NCL,4327
17593,OBC-NCL,4328
17594,OBC-NCL,4329
17595,GEN,
17596,GEN,
17597,OBC-NCL,4330
17598,GEN,
17599,GEN,
17600,GEN,
17601,GEN,
17602,GEN,
17603,GEN,
17604,OBC-NCL,4331
17605,GEN-EWS,2500
17606,OBC-NCL,4332
17607,GEN-EWS,2501
17608,GEN,
17609,GEN,
17610,GEN,
17611,OBC-NCL,4333
17612,OBC-NCL,4334
17613,GEN-EWS,2502
17614,GEN,
17615,GEN-EWS,2503
17616,SC,502
17617,OBC-NCL,4335
17618,GEN,
17619,OBC-NCL,4336
17620,GEN,
17621,GEN-EWS,2504
17622,OBC-NCL,4337
17623,GEN,
17624,GEN,
17625,OBC-NCL,4338
17626,GEN,
17627,GEN,
17628,GEN,
17629,OBC-NCL,4339
17630,ST,118
17631,GEN,
17632,GEN,
17633,GEN,
17634,GEN,
17635,ST,119
17636,OBC-NCL,4340
17637,GEN,
17638,OBC-NCL,4341
17639,GEN-EWS,2505
17640,GEN,
17641,GEN,
17642,OBC-NCL,4342
17643,GEN,
17644,GEN,
17645,GEN-EWS,2506
17646,ST,120
17647,GEN,
17648,GEN,
17649,GEN,
17650,GEN,
17651,GEN-EWS,2507
17651,OBC-NCL,4343
17653,GEN,
17654,GEN,
17655,GEN,
17656,OBC-NCL,4344
17657,GEN-EWS,2508
17658,GEN,
17659,OBC-NCL,4345
17660,GEN-EWS,2509
17661,GEN-EWS,2510
17662,GEN,
17662,GEN,
17664,GEN-EWS,2511
17665,GEN-EWS,2512
17666,GEN,
17667,GEN,
17668,GEN,
17669,OBC-NCL,4346
17670,GEN,
17671,GEN,
17672,GEN,
17673,GEN,
17674,GEN,
17675,OBC-NCL,4347
17676,OBC-NCL,4348
17677,OBC-NCL,4349
17678,GEN,
17679,SC,503
17680,GEN,
17681,GEN,
17682,SC,504
17683,SC,505
17684,GEN-EWS,2513
17685,GEN,
17686,GEN,
17687,GEN,
17688,GEN,
17689,GEN,
17690,SC,506
17691,GEN,
17692,OBC-NCL,4350
17693,OBC-NCL,4351
17694,GEN,
17695,GEN,
17696,OBC-NCL,4352
17697,OBC-NCL,4353
17698,GEN,
17699,GEN,
17700,OBC-NCL,4354
17701,GEN-EWS,2514
17702,GEN-EWS,2515
17703,OBC-NCL,4355
17704,OBC-NCL,4356
17705,GEN-EWS,2516
17706,OBC-NCL,4357
17707,GEN,
17708,GEN,
17709,OBC-NCL,4358
17710,OBC-NCL,4359
17711,GEN,
17712,OBC-NCL,4360
17713,OBC-NCL,4361
17714,GEN,
17715,GEN-EWS,2517
17716,GEN-EWS,2518
17717,GEN-EWS,2519
17718,OBC-NCL,4362
17719,GEN-EWS,2520
17720,GEN,
17721,GEN,
17722,GEN,
17723,GEN,
17724,GEN-EWS,2521
17725,OBC-NCL,4363
17726,OBC-NCL,4364
17727,SC,507
17728,OBC-NCL,4365
17729,OBC-NCL,4366
17730,GEN,
17731,GEN,
17732,GEN,
17733,GEN,
17734,ST,121
17735,GEN,
17736,OBC-NCL,4367
17737,GEN,
17738,GEN,
17739,GEN,
17740,GEN,
17741,GEN,
17742,OBC-NCL,4368
17743,GEN-EWS,2522
17744,OBC-NCL,4369
17745,OBC-NCL,4370
17746,GEN,
17747,GEN-EWS,2523
17748,OBC-NCL,4371
17749,OBC-NCL,4372
17750,GEN,
17751,GEN,
17752,GEN,
17753,OBC-NCL,4373
17754,GEN,
17755,GEN,
17756,GEN-EWS,2524
17757,OBC-NCL,4374
17758,GEN,
17759,GEN-EWS,2525
17760,GEN-EWS,2526
17761,OBC-NCL,4375
17762,GEN,
17763,GEN,
17764,GEN-EWS,2527
17765,GEN,
17766,GEN,
17767,GEN-EWS,2528
17768,GEN,
17769,GEN,
17770,OBC-NCL,4376
17771,GEN,
17772,GEN-EWS,2529
17773,GEN,
17774,GEN,
17775,GEN,
17776,OBC-NCL,4377
17777,GEN,
17778,GEN,
17779,GEN,
17780,OBC-NCL,4378
17781,GEN,
17782,GEN,
17783,GEN-EWS,2530
17784,GEN,
17785,GEN,
17786,OBC-NCL,4379
17786,OBC-NCL,4379
17788,OBC-NCL,4381
17789,GEN,
17790,GEN-EWS,2531
17791,GEN,
17792,GEN,
17793,GEN,
17794,OBC-NCL,4382
17795,GEN,
17796,SC,508
17797,OBC-NCL,4383
17798,GEN,
17799,GEN,
17800,OBC-NCL,4384
17801,GEN,
17802,GEN,
17803,GEN,
17804,GEN,
17805,ST,122
17806,GEN-EWS,2532
17807,OBC-NCL,4385
17808,GEN,
17809,GEN,
17810,OBC-NCL,4386
17811,GEN,
17812,GEN,
17813,OBC-NCL,4387
17814,GEN,
17815,GEN,
17816,OBC-NCL,4388
17817,OBC-NCL,4389
17818,OBC-NCL,4390
17819,GEN,
17820,OBC-NCL,4391
17821,GEN,
17822,SC,509
17823,GEN-EWS,2533
17824,GEN,
17825,GEN,
17826,GEN,
17827,GEN,
17828,GEN-EWS,2534
17829,GEN-EWS,2535
17830,GEN,
17831,GEN,
17832,GEN-EWS,2536
17833,GEN,
17834,OBC-NCL,4392
17835,GEN,
17836,GEN-EWS,2537
17837,GEN,
17838,OBC-NCL,4393
17839,GEN,
17840,GEN,
17841,GEN-EWS,2538
17842,OBC-NCL,4394
17843,GEN,
17844,GEN,
17845,OBC-NCL,4395
17846,GEN-EWS,2539
17847,OBC-NCL,4396
17848,GEN,
17849,GEN,
17850,GEN,
17851,GEN,
17852,GEN-EWS,2540
17853,GEN,
17854,GEN,
17855,OBC-NCL,4397
17856,GEN-EWS,2541
17857,GEN,
17858,OBC-NCL,4398
17859,GEN,
17860,OBC-NCL,4399
17861,OBC-NCL,4400
17862,GEN,
17863,OBC-NCL,4401
17864,OBC-NCL,4402
17865,GEN,
17866,GEN-EWS,2542
17867,OBC-NCL,4403
17868,GEN,
17869,OBC-NCL,4404
17870,GEN,
17871,OBC-NCL,4405
17872,OBC-NCL,4406
17873,GEN,
17874,OBC-NCL,4407
17875,OBC-NCL,4408
17876,ST,123
17877,GEN,
17878,GEN-EWS,2543
17879,OBC-NCL,4409
17880,OBC-NCL,4410
17881,GEN,
17882,GEN,
17883,GEN,
17884,GEN,
17885,GEN,
17886,GEN,
17887,OBC-NCL,4411
17888,SC,510
17889,OBC-NCL,4412
17890,GEN-EWS,2544
17891,GEN-EWS,2545
17892,GEN-EWS,2546
17893,OBC-NCL,4413
17894,GEN,
17895,GEN,
17896,SC,511
17897,OBC-NCL,4414
17898,GEN-EWS,2547
17899,GEN,
17900,SC,512
17901,GEN,
17902,GEN,
17903,OBC-NCL,4415
17904,SC,513
17905,GEN-EWS,2548
17906,OBC-NCL,4416
17907,GEN,
17908,GEN,
17909,OBC-NCL,4417
17910,GEN,
17911,GEN,
17912,GEN,
17913,GEN,
17914,OBC-NCL,4418
17915,OBC-NCL,4419
17916,GEN,
17917,GEN,
17918,OBC-NCL,4420
17919,GEN-EWS,2549
17920,OBC-NCL,4421
17921,OBC-NCL,4422
17922,GEN,
17923,OBC-NCL,4423
17924,GEN,
17925,GEN,
17926,OBC-NCL,4424
17927,GEN,
17928,GEN-EWS,2550
17929,GEN,
17930,GEN-EWS,2551
17931,OBC-NCL,4425
17932,GEN,
17933,GEN-EWS,2552
17934,OBC-NCL,4426
17935,GEN,
17936,OBC-NCL,4427
17937,GEN,
17938,GEN,
17939,GEN,
17940,GEN,
17941,OBC-NCL,4428
17942,OBC-NCL,4429
17943,GEN,
17944,GEN-EWS,2553
17945,GEN,
17946,OBC-NCL,4430
17947,OBC-NCL,4431
17948,GEN,
17949,GEN,
17950,GEN-EWS,2554
17951,GEN,
17952,GEN-EWS,2555
17953,OBC-NCL,4432
17954,GEN,
17955,OBC-NCL,4433
17956,GEN,
17957,GEN-EWS,2556
17958,GEN,
17959,GEN,
17960,GEN,
17961,OBC-NCL,4434
17962,GEN,
17963,GEN,
17964,OBC-NCL,4435
17965,GEN-EWS,2557
17966,GEN,
17967,OBC-NCL,4436
17968,OBC-NCL,4437
17969,GEN,
17970,GEN,
17971,GEN,
17972,SC,514
17973,OBC-NCL,4438
17974,GEN-EWS,2558
17975,OBC-NCL,4439
17976,GEN-EWS,2559
17977,GEN-EWS,2560
17978,OBC-NCL,4440
17979,GEN-EWS,2561
17980,GEN,
17981,GEN,
17982,GEN,
17983,GEN-EWS,2562
17984,OBC-NCL,4441
17985,GEN-EWS,2563
17986,GEN,
17987,GEN-EWS,2564
17988,GEN,
17989,GEN-EWS,2565
17990,OBC-NCL,4442
17991,OBC-NCL,4443
17992,GEN,
17993,GEN,
17994,OBC-NCL,4444
17995,GEN,
17996,OBC-NCL,4445
17997,GEN,
17998,GEN,
17999,GEN,
18000,GEN-EWS,2566
18001,OBC-NCL,4446
18002,GEN,
18003,OBC-NCL,4447
18004,GEN,
18005,GEN-EWS,2567
18006,OBC-NCL,4448
18007,OBC-NCL,4449
18008,GEN,
18009,OBC-NCL,4450
18010,GEN-EWS,2568
18011,OBC-NCL,4451
18012,GEN,
18012,GEN,
18014,GEN,
18015,GEN,
18016,OBC-NCL,4452
18017,GEN-EWS,2569
18018,OBC-NCL,4453
18019,GEN,
18020,GEN,
18021,OBC-NCL,4454
18022,GEN,
18023,GEN,
18024,GEN-EWS,2570
18025,OBC-NCL,4455
18026,OBC-NCL,4456
18027,SC,515
18028,OBC-NCL,4457
18029,GEN-EWS,2571
18030,GEN,
18031,GEN,
18032,SC,516
18033,OBC-NCL,4458
18034,GEN,
18035,SC,517
18036,GEN,
18037,GEN-EWS,2572
18038,GEN,
18039,GEN-EWS,2573
18040,GEN,
18041,GEN,
18042,GEN,
18043,GEN-EWS,2574
18044,OBC-NCL,4459
18045,GEN-EWS,2575
18046,GEN,
18047,GEN,
18048,GEN,
18049,GEN,
18050,GEN,
18051,GEN,
18051,OBC-NCL,4460
18053,GEN-EWS,2576
18054,GEN,
18055,GEN,
18056,GEN,
18057,GEN,
18058,GEN-EWS,2577
18059,OBC-NCL,4461
18060,OBC-NCL,4462
18061,GEN-EWS,2578
18062,OBC-NCL,4463
18063,GEN,
18064,GEN,
18065,OBC-NCL,4464
18066,SC,518
18067,GEN,
18068,OBC-NCL,4465
18069,OBC-NCL,4466
18070,GEN,
18071,OBC-NCL,4467
18072,GEN-EWS,2579
18073,GEN,
18074,GEN-EWS,2580
18075,GEN,
18076,OBC-NCL,4468
18077,GEN,
18078,GEN,
18079,OBC-NCL,4469
18080,OBC-NCL,4470
18081,GEN,
18082,OBC-NCL,4471
18083,GEN,
18084,GEN-EWS,2581
18085,SC,519
18086,OBC-NCL,4472
18087,OBC-NCL,4473
18088,OBC-NCL,4474
18089,GEN,
18090,GEN-EWS,2582
18091,GEN-EWS,2583
18092,SC,520
18093,GEN,
18094,GEN,
18095,GEN,
18096,GEN,
18097,GEN,
18098,SC,521
18099,OBC-NCL,4475
18100,GEN,
18101,OBC-NCL,4476
18102,OBC-NCL,4477
18103,GEN-EWS,2584
18104,OBC-NCL,4478
18105,GEN-EWS,2585
18106,GEN,
18107,OBC-NCL,4479
18108,GEN,
18109,OBC-NCL,4480
18110,GEN-EWS,2586
18111,GEN,
18112,GEN,
18113,GEN,
18114,GEN,
18115,GEN,
18116,GEN,
18117,OBC-NCL,4481
18118,GEN,
18119,GEN,
18120,GEN,
18121,OBC-NCL,4482
18122,GEN,
18123,SC,522
18124,OBC-NCL,4483
18125,OBC-NCL,4484
18126,GEN-EWS,2587
18127,OBC-NCL,4485
18128,GEN,
18129,GEN,
18130,GEN,
18131,GEN,
18132,GEN,
18132,OBC-NCL,4486
18134,GEN,
18135,GEN-EWS,2588
18136,GEN,
18136,OBC-NCL,4487
18138,GEN,
18139,GEN,
18140,GEN-EWS,2589
18141,GEN,
18142,GEN-EWS,2590
18143,GEN,
18144,GEN,
18145,OBC-NCL,4488
18146,GEN,
18147,OBC-NCL,4489
18148,GEN,
18149,OBC-NCL,4490
18150,OBC-NCL,4491
18151,GEN,
18152,GEN,
18153,GEN-EWS,2591
18154,GEN,
18155,OBC-NCL,4492
18156,SC,523
18157,GEN-EWS,2592
18158,GEN,
18159,OBC-NCL,4493
18160,SC,524
18161,GEN,
18162,GEN,
18163,GEN,
18164,GEN,
18165,GEN,
18166,OBC-NCL,4494
18167,OBC-NCL,4495
18168,GEN,
18169,GEN,
18170,OBC-NCL,4496
18171,GEN,
18172,GEN,
18172,GEN-EWS,2593
18174,GEN-EWS,2594
18175,GEN,
18176,GEN,
18177,GEN,
18178,GEN-EWS,2595
18179,SC,525
18180,GEN,
18181,GEN,
18182,GEN-EWS,2596
18183,OBC-NCL,4497
18184,GEN,
18185,GEN-EWS,2597
18186,GEN,
18187,OBC-NCL,4498
18188,GEN,
18189,OBC-NCL,4499
18190,GEN,
18190,GEN,
18192,GEN-EWS,2598
18193,GEN-EWS,2599
18194,GEN-EWS,2600
18195,GEN,
18196,OBC-NCL,4500
18197,GEN,
18198,GEN,
18199,GEN,
18200,GEN,
18201,GEN-EWS,2601
18202,GEN,
18203,GEN,
18204,OBC-NCL,4501
18205,OBC-NCL,4502
18206,GEN,
18207,GEN,
18207,OBC-NCL,4503
18209,OBC-NCL,4504
18210,GEN,
18211,OBC-NCL,4505
18212,OBC-NCL,4506
18213,OBC-NCL,4507
18214,GEN,
18215,OBC-NCL,4508
18216,GEN,
18217,GEN,
18218,GEN,
18219,GEN,
18220,SC,526
18221,GEN-EWS,2602
18222,OBC-NCL,4509
18223,OBC-NCL,4510
18224,OBC-NCL,4511
18225,GEN,
18226,GEN-EWS,2603
18227,OBC-NCL,4512
18228,GEN,
18229,GEN,
18230,OBC-NCL,4513
18231,OBC-NCL,4514
18232,OBC-NCL,4515
18233,GEN,
18234,GEN,
18235,GEN,
18236,GEN,
18237,OBC-NCL,4516
18238,GEN,
18239,GEN,
18240,GEN,
18241,OBC-NCL,4517
18242,GEN-EWS,2604
18242,SC,527
18244,GEN,
18245,GEN,
18246,GEN,
18247,GEN-EWS,2605
18248,GEN,
18249,GEN,
18250,OBC-NCL,4518
18251,SC,528
18252,GEN,
18253,GEN,
18254,OBC-NCL,4519
18255,GEN,
18256,GEN,
18257,GEN,
18258,OBC-NCL,4520
18259,OBC-NCL,4521
18260,GEN,
18261,SC,529
18262,OBC-NCL,4522
18263,GEN,
18264,OBC-NCL,4523
18265,OBC-NCL,4524
18266,GEN,
18267,SC,530
18268,GEN-EWS,2606
18269,GEN,
18270,GEN-EWS,2607
18271,GEN,
18272,GEN,
18272,SC,531
18274,GEN,
18275,GEN,
18276,OBC-NCL,4525
18277,OBC-NCL,4526
18278,GEN,
18279,GEN,
18280,GEN,
18281,GEN-EWS,2608
18282,OBC-NCL,4527
18283,GEN,
18284,GEN,
18285,GEN-EWS,2609
18286,GEN-EWS,2610
18287,SC,532
18288,OBC-NCL,4528
18289,GEN-EWS,2611
18290,GEN,
18291,GEN,
18292,OBC-NCL,4529
18293,OBC-NCL,4530
18294,GEN,
18295,GEN,
18296,GEN,
18297,GEN,
18298,OBC-NCL,4531
18299,GEN,
18300,OBC-NCL,4532
18301,GEN,
18302,SC,533
18303,OBC-NCL,4533
18304,GEN-EWS,2612
18305,GEN,
18306,GEN,
18307,OBC-NCL,4534
18308,GEN,
18309,GEN,
18310,GEN-EWS,2613
18311,GEN,
18312,OBC-NCL,4535
18313,GEN-EWS,2614
18314,GEN,
18315,OBC-NCL,4536
18316,GEN,
18317,GEN,
18318,GEN,
18319,GEN,
18320,GEN,
18321,GEN,
18322,GEN,
18323,GEN,
18324,GEN,
18325,OBC-NCL,4537
18326,GEN,
18327,OBC-NCL,4538
18328,GEN-EWS,2615
18329,GEN,
18330,GEN,
18331,OBC-NCL,4539
18332,GEN-EWS,2616
18333,GEN,
18334,OBC-NCL,4540
18335,GEN,
18336,GEN,
18337,GEN,
18338,GEN,
18339,GEN,
18340,GEN,
18341,GEN,
18342,SC,534
18343,GEN,
18344,GEN,
18345,GEN,
18346,GEN,
18347,GEN,
18348,GEN,
18349,GEN-EWS,2617
18350,GEN,
18351,OBC-NCL,4542
18352,OBC-NCL,4543
18353,OBC-NCL,4544
18354,OBC-NCL,4545
18355,GEN,
18356,GEN,
18357,GEN,
18358,GEN,
18359,GEN,
18360,GEN,
18361,OBC-NCL,4546
18362,OBC-NCL,4547
18363,GEN,
18364,GEN-EWS,2618
18365,OBC-NCL,4548
18366,GEN,
18367,GEN,
18368,OBC-NCL,4549
18369,OBC-NCL,4550
18370,GEN,
18371,GEN-EWS,2619
18372,GEN,
18373,GEN,
18374,OBC-NCL,4551
18375,GEN,
18376,GEN,
18377,GEN-EWS,2620
18378,GEN,
18378,OBC-NCL,4552
18380,GEN,
18381,GEN,
18382,GEN-EWS,2621
18383,GEN,
18384,GEN,
18385,GEN,
18386,OBC-NCL,4553
18387,OBC-NCL,4554
18388,GEN,
18389,OBC-NCL,4555
18390,GEN,
18391,SC,535
18392,GEN,
18393,GEN,
18394,OBC-NCL,4556
18395,GEN-EWS,2622
18396,OBC-NCL,4557
18397,GEN,
18398,OBC-NCL,4558
18399,OBC-NCL,4559
18400,OBC-NCL,4560
18401,GEN,
18402,OBC-NCL,4561
18403,OBC-NCL,4562
18404,GEN-EWS,2623
18405,GEN,
18406,GEN,
18407,GEN-EWS,2624
18408,OBC-NCL,4563
18409,OBC-NCL,4564
18410,GEN,
18411,OBC-NCL,4565
18412,GEN-EWS,2625
18413,GEN,
18414,GEN,
18414,OBC-NCL,4566
18416,GEN-EWS,2626
18417,GEN,
18418,OBC-NCL,4567
18419,OBC-NCL,4568
18420,OBC-NCL,4569
18421,GEN,
18422,GEN,
18423,GEN,
18424,GEN,
18425,OBC-NCL,4570
18426,GEN,
18427,OBC-NCL,4571
18428,SC,536
18429,OBC-NCL,4572
18430,OBC-NCL,4573
18431,ST,124
18432,OBC-NCL,4574
18433,GEN,
18434,GEN,
18435,GEN,
18436,SC,537
18437,GEN-EWS,2627
18438,GEN,
18439,OBC-NCL,4575
18440,GEN,
18441,OBC-NCL,4576
18442,GEN,
18443,GEN,
18444,GEN-EWS,2628
18445,GEN,
18445,GEN,
18447,GEN,
18448,GEN-EWS,2629
18449,OBC-NCL,4577
18450,GEN-EWS,2630
18451,GEN,
18452,GEN,
18453,GEN-EWS,2631
18454,GEN,
18455,OBC-NCL,4578
18456,GEN-EWS,2632
18457,GEN-EWS,2633
18458,OBC-NCL,4579
18459,GEN,
18460,OBC-NCL,4580
18461,GEN,
18462,GEN,
18463,OBC-NCL,4581
18464,GEN,
18465,OBC-NCL,4582
18466,OBC-NCL,4583
18467,GEN,
18468,OBC-NCL,4584
18469,GEN,
18470,GEN,
18471,SC,538
18472,GEN,
18473,GEN,
18474,GEN,
18475,GEN-EWS,2634
18476,GEN,
18477,OBC-NCL,4586
18478,GEN,
18479,GEN-EWS,2635
18480,OBC-NCL,4587
18481,SC,539
18482,OBC-NCL,4588
18483,GEN,
18484,OBC-NCL,4589
18485,GEN,
18486,GEN,
18487,GEN,
18488,GEN,
18489,GEN,
18490,GEN,
18491,GEN,
18492,GEN,
18493,GEN,
18494,GEN,
18495,GEN,
18496,GEN,
18497,GEN,
18498,GEN-EWS,2636
18499,OBC-NCL,4590
18500,GEN,
18501,GEN-EWS,2637
18502,SC,540
18503,OBC-NCL,4591
18504,GEN,
18505,GEN,
18506,GEN-EWS,2638
18507,OBC-NCL,4592
18508,OBC-NCL,4593
18509,ST,125
18510,GEN,
18511,OBC-NCL,4594
18512,OBC-NCL,4595
18513,GEN-EWS,2639
18514,OBC-NCL,4596
18515,GEN-EWS,2640
18516,OBC-NCL,4597
18517,OBC-NCL,4598
18518,GEN,
18519,GEN,
18520,OBC-NCL,4599
18521,OBC-NCL,4600
18522,GEN-EWS,2641
18523,OBC-NCL,4601
18524,GEN,
18524,OBC-NCL,4602
18526,GEN-EWS,2642
18527,GEN-EWS,2643
18528,GEN,
18529,GEN,
18530,GEN,
18531,GEN,
18532,GEN,
18533,GEN,
18534,GEN,
18535,GEN,
18536,GEN-EWS,2644
18537,GEN,
18538,OBC-NCL,4603
18539,OBC-NCL,4604
18540,GEN,
18541,GEN-EWS,2645
18542,GEN,
18543,GEN,
18544,OBC-NCL,4605
18545,GEN,
18546,GEN-EWS,2646
18547,OBC-NCL,4606
18548,GEN,
18549,GEN-EWS,2647
18550,OBC-NCL,4607
18551,GEN,
18552,GEN,
18553,OBC-NCL,4608
18554,GEN,
18555,OBC-NCL,4609
18556,OBC-NCL,4610
18557,GEN,
18558,GEN,
18559,GEN,
18560,OBC-NCL,4611
18561,GEN,
18562,GEN-EWS,2648
18563,GEN,
18564,OBC-NCL,4612
18565,GEN,
18566,GEN-EWS,2649
18567,OBC-NCL,4613
18568,GEN,
18569,OBC-NCL,4614
18570,GEN,
18571,GEN,
18572,OBC-NCL,4615
18573,GEN-EWS,2650
18574,GEN,
18575,GEN,
18576,OBC-NCL,4616
18577,GEN-EWS,2651
18578,GEN,
18579,GEN,
18580,GEN,
18581,GEN,
18582,GEN,
18583,GEN,
18584,OBC-NCL,4617
18585,OBC-NCL,4618
18586,GEN,
18587,GEN-EWS,2652
18588,GEN-EWS,2653
18589,GEN,
18589,OBC-NCL,4619
18591,GEN,
18592,GEN,
18593,GEN,
18594,OBC-NCL,4620
18595,GEN-EWS,2654
18596,GEN,
18597,GEN,
18598,GEN,
18599,OBC-NCL,4621
18600,GEN,
18601,GEN-EWS,2655
18602,OBC-NCL,4622
18603,GEN,
18604,GEN,
18605,GEN-EWS,2656
18606,GEN,
18607,OBC-NCL,4623
18608,GEN,
18609,OBC-NCL,4624
18610,GEN-EWS,2657
18611,GEN-EWS,2658
18612,OBC-NCL,4625
18613,GEN,
18614,GEN,
18614,OBC-NCL,4626
18616,GEN,
18617,GEN,
18618,GEN,
18619,SC,541
18620,OBC-NCL,4627
18621,GEN,
18622,OBC-NCL,4628
18623,OBC-NCL,4629
18624,SC,542
18625,GEN,
18626,OBC-NCL,4630
18627,OBC-NCL,4631
18628,GEN,
18629,GEN,
18630,GEN-EWS,2659
18631,GEN,
18632,GEN-EWS,2660
18633,GEN,
18634,GEN,
18635,GEN,
18636,GEN,
18637,GEN,
18638,GEN,
18639,GEN-EWS,2661
18640,GEN,
18641,GEN,
18642,GEN,
18643,OBC-NCL,4632
18644,OBC-NCL,4633
18645,GEN,
18646,OBC-NCL,4634
18647,OBC-NCL,4635
18648,GEN,
18649,GEN-EWS,2662
18650,SC,543
18651,GEN,
18652,OBC-NCL,4636
18653,GEN,
18654,GEN,
18655,GEN,
18656,OBC-NCL,4637
18657,GEN-EWS,2663
18658,GEN-EWS,2664
18659,GEN-EWS,2665
18660,OBC-NCL,4638
18661,GEN,
18662,OBC-NCL,4639
18663,GEN,
18664,GEN,
18665,GEN,
18666,OBC-NCL,4640
18667,GEN-EWS,2666
18668,OBC-NCL,4641
18669,OBC-NCL,4642
18670,GEN,
18671,GEN,
18672,GEN,
18673,GEN,
18673,GEN,
18675,GEN,
18676,GEN-EWS,2667
18677,GEN-EWS,2668
18678,OBC-NCL,4643
18679,GEN,
18680,GEN,
18681,GEN,
18682,GEN,
18683,OBC-NCL,4644
18684,OBC-NCL,4645
18685,GEN,
18686,GEN-EWS,2669
18687,OBC-NCL,4646
18688,GEN-EWS,2670
18689,OBC-NCL,4647
18690,GEN-EWS,2671
18691,GEN-EWS,2672
18692,GEN,
18693,SC,544
18694,OBC-NCL,4648
18695,GEN-EWS,2673
18696,GEN,
18697,GEN,
18698,GEN-EWS,2674
18699,OBC-NCL,4649
18700,GEN,
18701,SC,545
18702,GEN-EWS,2675
18703,OBC-NCL,4650
18704,GEN-EWS,2676
18705,SC,546
18706,GEN,
18707,GEN,
18708,OBC-NCL,4651
18709,OBC-NCL,4652
18710,OBC-NCL,4653
18711,OBC-NCL,4654
18712,SC,547
18713,GEN,
18714,GEN-EWS,2677
18715,SC,548
18716,GEN-EWS,2678
18717,GEN-EWS,2679
18718,SC,549
18719,OBC-NCL,4655
18720,GEN-EWS,2680
18721,GEN,
18722,SC,550
18723,GEN,
18724,GEN,
18725,GEN,
18726,OBC-NCL,4656
18727,SC,551
18728,GEN-EWS,2681
18729,GEN,
18730,GEN-EWS,2682
18731,OBC-NCL,4657
18732,GEN,
18733,OBC-NCL,4658
18734,GEN,
18735,GEN,
18736,GEN,
18737,GEN,
18738,OBC-NCL,4659
18739,OBC-NCL,4660
18740,GEN,
18741,GEN,
18742,GEN,
18743,GEN,
18744,GEN,
18745,GEN-EWS,2683
18746,GEN,
18747,GEN,
18748,GEN,
18749,GEN,
18750,GEN,
18751,OBC-NCL,4661
18752,GEN,
18753,OBC-NCL,4662
18754,OBC-NCL,4663
18755,OBC-NCL,4664
18756,GEN-EWS,2684
18757,OBC-NCL,4665
18758,OBC-NCL,4666
18759,GEN,
18760,GEN,
18761,GEN,
18762,OBC-NCL,4667
18763,GEN-EWS,2685
18764,OBC-NCL,4668
18765,GEN-EWS,2686
18766,OBC-NCL,4669
18767,OBC-NCL,4670
18768,GEN,
18769,GEN,
18770,GEN,
18771,GEN-EWS,2687
18772,GEN,
18773,GEN,
18774,GEN,
18775,GEN,
18776,GEN,
18777,ST,126
18778,GEN-EWS,2688
18779,ST,127
18780,GEN,
18781,GEN,
18782,GEN-EWS,2689
18783,GEN-EWS,2690
18784,GEN,
18785,OBC-NCL,4671
18786,GEN,
18787,GEN,
18788,GEN,
18789,GEN,
18790,OBC-NCL,4672
18791,GEN,
18792,OBC-NCL,4673
18793,GEN,
18794,GEN-EWS,2691
18795,GEN,
18796,OBC-NCL,4674
18797,GEN,
18798,GEN,
18799,GEN-EWS,2692
18800,GEN,
18801,GEN,
18802,GEN,
18803,GEN,
18804,GEN,
18805,GEN,
18806,GEN,
18807,OBC-NCL,4675
18808,GEN-EWS,2693
18809,OBC-NCL,4676
18810,OBC-NCL,4677
18811,OBC-NCL,4678
18812,OBC-NCL,4679
18813,OBC-NCL,4680
18814,GEN,
18815,GEN,
18816,OBC-NCL,4681
18817,SC,552
18818,OBC-NCL,4682
18819,OBC-NCL,4683
18820,GEN,
18821,GEN,
18822,ST,128
18823,OBC-NCL,4684
18824,OBC-NCL,4685
18825,GEN,
18826,OBC-NCL,4686
18827,GEN,
18828,OBC-NCL,4687
18829,GEN,
18830,GEN,
18831,GEN,
18832,OBC-NCL,4688
18833,GEN-EWS,2694
18834,GEN-EWS,2695
18835,GEN,
18836,OBC-NCL,4689
18837,OBC-NCL,4690
18838,ST,129
18839,OBC-NCL,4691
18840,GEN,
18841,OBC-NCL,4692
18842,GEN,
18843,GEN,
18844,SC,553
18845,GEN-EWS,2696
18846,GEN,
18847,SC,554
18848,GEN,
18849,GEN,
18850,GEN,
18851,OBC-NCL,4693
18852,GEN-EWS,2697
18853,GEN,
18854,GEN,
18855,GEN-EWS,2698
18856,GEN,
18857,GEN,
18858,GEN-EWS,2699
18859,GEN-EWS,2700
18860,GEN-EWS,2701
18861,GEN,
18862,GEN,
18863,OBC-NCL,4694
18864,GEN,
18865,GEN-EWS,2702
18866,GEN,
18867,GEN-EWS,2703
18868,GEN,
18869,GEN,
18870,OBC-NCL,4695
18871,GEN,
18872,SC,555
18873,GEN,
18874,GEN-EWS,2704
18875,GEN-EWS,2705
18876,GEN,
18877,GEN,
18878,GEN,
18879,GEN,
18880,GEN,
18881,GEN-EWS,2706
18882,GEN,
18883,GEN-EWS,2707
18884,GEN-EWS,2708
18885,GEN,
18886,GEN,
18887,GEN-EWS,2709
18888,GEN,
18889,GEN,
18890,GEN-EWS,2710
18891,GEN,
18892,OBC-NCL,4696
18893,OBC-NCL,4697
18894,GEN,
18895,GEN,
18896,GEN,
18897,GEN,
18898,GEN,
18899,GEN,
18900,GEN,
18900,ST,130
18902,OBC-NCL,4698
18903,OBC-NCL,4699
18904,GEN-EWS,2711
18905,GEN-EWS,2712
18906,OBC-NCL,4700
18907,OBC-NCL,4701
18908,GEN,
18909,GEN-EWS,2713
18910,GEN-EWS,2714
18911,SC,556
18912,OBC-NCL,4702
18913,GEN-EWS,2715
18914,GEN,
18914,GEN-EWS,2716
18916,OBC-NCL,4703
18917,GEN,
18918,OBC-NCL,4704
18919,OBC-NCL,4705
18920,OBC-NCL,4706
18921,OBC-NCL,4707
18922,SC,557
18923,GEN-EWS,2717
18924,GEN,
18925,GEN,
18926,GEN,
18927,GEN,
18928,OBC-NCL,4708
18929,OBC-NCL,4709
18930,GEN,
18931,OBC-NCL,4710
18932,GEN-EWS,2718
18933,OBC-NCL,4711
18934,OBC-NCL,4712
18935,OBC-NCL,4713
18936,OBC-NCL,4714
18937,OBC-NCL,4715
18938,OBC-NCL,4716
18939,GEN,
18940,GEN,
18941,GEN-EWS,2719
18942,OBC-NCL,4717
18943,OBC-NCL,4718
18944,OBC-NCL,4719
18945,GEN,
18946,GEN-EWS,2720
18947,GEN-EWS,2721
18948,GEN,
18949,OBC-NCL,4720
18950,GEN,
18951,ST,131
18952,SC,558
18953,GEN-EWS,2722
18954,SC,559
18955,GEN,
18956,OBC-NCL,4721
18957,GEN-EWS,2723
18958,GEN,
18959,OBC-NCL,4722
18960,GEN,
18961,OBC-NCL,4723
18962,GEN,
18963,GEN,
18964,GEN,
18965,GEN,
18966,GEN,
18967,GEN,
18968,OBC-NCL,4724
18969,GEN-EWS,2724
18970,GEN-EWS,2725
18971,GEN,
18972,GEN-EWS,2726
18973,GEN-EWS,2727
18974,OBC-NCL,4725
18975,GEN,
18976,GEN,
18977,GEN,
18978,GEN,
18979,GEN-EWS,2728
18980,GEN,
18981,OBC-NCL,4726
18982,GEN-EWS,2729
18983,GEN-EWS,2730
18984,GEN,
18985,GEN,
18986,OBC-NCL,4727
18987,GEN,
18988,OBC-NCL,4728
18989,OBC-NCL,4729
18990,OBC-NCL,4730
18991,GEN,
18992,GEN-EWS,2731
18993,OBC-NCL,4731
18994,OBC-NCL,4732
18995,GEN,
18996,GEN,
18997,GEN,
18998,GEN-EWS,2732
18999,GEN,
19000,GEN,
19001,GEN,
19002,GEN,
19003,GEN,
19004,GEN-EWS,2733
19005,GEN-EWS,2734
19006,OBC-NCL,4733
19007,OBC-NCL,4734
19008,OBC-NCL,4735
19009,GEN-EWS,2735
19010,GEN,
19011,SC,560
19012,GEN,
19013,SC,561
19014,GEN,
19015,GEN,
19016,GEN-EWS,2736
19017,OBC-NCL,4736
19018,GEN,
19019,OBC-NCL,4737
19020,GEN,
19021,GEN,
19022,GEN,
19023,OBC-NCL,4738
19024,OBC-NCL,4739
19025,GEN,
19026,GEN,
19027,GEN,
19028,GEN,
19029,SC,562
19030,GEN,
19031,OBC-NCL,4740
19032,OBC-NCL,4741
19033,GEN,
19034,OBC-NCL,4742
19035,OBC-NCL,4743
19036,GEN,
19037,GEN,
19038,OBC-NCL,4744
19039,GEN,
19040,GEN,
19041,GEN,
19042,GEN,
19043,OBC-NCL,4745
19044,GEN,
19045,GEN,
19046,GEN-EWS,2737
19047,GEN,
19048,GEN,
19049,GEN,
19050,OBC-NCL,4746
19051,GEN-EWS,2738
19052,OBC-NCL,4747
19053,GEN,
19054,OBC-NCL,4748
19055,GEN,
19056,OBC-NCL,4749
19057,OBC-NCL,4750
19058,GEN,
19059,OBC-NCL,4751
19060,GEN,
19061,GEN,
19062,OBC-NCL,4752
19063,OBC-NCL,4753
19064,GEN-EWS,2739
19065,GEN,
19066,GEN-EWS,2740
19067,GEN-EWS,2741
19068,GEN,
19069,GEN,
19070,GEN-EWS,2742
19071,GEN,
19071,GEN,
19073,GEN,
19074,GEN,
19075,SC,563
19076,OBC-NCL,4754
19077,GEN,
19078,GEN-EWS,2743
19079,GEN,
19079,GEN,
19081,OBC-NCL,4755
19082,GEN,
19083,OBC-NCL,4756
19084,GEN-EWS,2744
19085,GEN,
19086,GEN-EWS,2745
19087,GEN-EWS,2746
19088,GEN,
19089,GEN,
19090,GEN,
19091,OBC-NCL,4757
19092,GEN-EWS,2747
19093,OBC-NCL,4758
19094,GEN,
19095,GEN,
19096,OBC-NCL,4759
19097,GEN,
19098,GEN,
19099,GEN,
19100,GEN,
19101,GEN,
19102,GEN-EWS,2748
19103,OBC-NCL,4760
19104,GEN,
19105,OBC-NCL,4761
19106,GEN,
19107,OBC-NCL,4762
19108,OBC-NCL,4763
19109,GEN,
19110,OBC-NCL,4764
19111,GEN-EWS,2749
19112,OBC-NCL,4765
19113,GEN,
19113,GEN,
19115,GEN,
19116,GEN,
19117,GEN,
19118,OBC-NCL,4766
19119,OBC-NCL,4767
19120,GEN,
19121,GEN,
19122,GEN,
19123,GEN,
19124,GEN-EWS,2750
19125,OBC-NCL,4768
19126,GEN,
19127,GEN,
19128,GEN,
19129,GEN,
19130,OBC-NCL,4769
19131,GEN-EWS,2751
19132,OBC-NCL,4770
19133,GEN,
19134,GEN-EWS,2752
19135,OBC-NCL,4771
19136,GEN,
19137,OBC-NCL,4772
19138,GEN,
19139,GEN-EWS,2753
19140,GEN,
19141,GEN,
19142,OBC-NCL,4773
19143,GEN,
19144,GEN,
19145,OBC-NCL,4774
19146,OBC-NCL,4775
19147,GEN,
19148,ST,132
19149,GEN-EWS,2754
19150,OBC-NCL,4776
19151,GEN,
19152,GEN,
19153,GEN,
19154,GEN,
19155,GEN-EWS,2755
19156,GEN,
19157,GEN,
19158,OBC-NCL,4777
19159,OBC-NCL,4778
19160,GEN,
19161,GEN,
19162,GEN,
19163,GEN,
19164,GEN,
19165,OBC-NCL,4779
19166,GEN-EWS,2756
19167,GEN,
19168,OBC-NCL,4780
19169,OBC-NCL,4781
19170,OBC-NCL,4782
19171,GEN,
19172,GEN,
19173,OBC-NCL,4783
19174,GEN,
19175,GEN,
19176,SC,564
19177,GEN,
19178,OBC-NCL,4784
19179,GEN,
19180,OBC-NCL,4785
19181,GEN,
19182,OBC-NCL,4786
19183,GEN,
19184,GEN,
19185,GEN-EWS,2757
19186,OBC-NCL,4787
19187,GEN-EWS,2758
19188,GEN-EWS,2759
19189,OBC-NCL,4788
19190,OBC-NCL,4789
19191,GEN,
19192,OBC-NCL,4790
19193,GEN,
19194,GEN,
19195,OBC-NCL,4791
19196,OBC-NCL,4792
19197,OBC-NCL,4793
19198,OBC-NCL,4794
19199,GEN-EWS,2760
19200,OBC-NCL,4795
19201,SC,565
19202,SC,566
19203,GEN,
19204,GEN,
19205,GEN,
19206,OBC-NCL,4796
19207,GEN,
19208,GEN-EWS,2761
19209,GEN,
19210,GEN-EWS,2762
19211,OBC-NCL,4797
19212,GEN-EWS,2763
19213,SC,567
19214,OBC-NCL,4798
19215,OBC-NCL,4799
19216,OBC-NCL,4800
19217,GEN,
19218,OBC-NCL,4801
19219,OBC-NCL,4802
19220,OBC-NCL,4803
19221,GEN-EWS,2764
19222,GEN-EWS,2765
19223,OBC-NCL,4804
19224,GEN-EWS,2766
19225,GEN,
19226,GEN,
19227,ST,133
19228,GEN,
19229,GEN,
19230,GEN,
19231,GEN,
19232,OBC-NCL,4805
19233,GEN,
19234,GEN,
19235,OBC-NCL,4806
19236,GEN-EWS,2767
19237,GEN,
19238,GEN,
19239,GEN-EWS,2768
19240,GEN,
19241,GEN-EWS,2769
19242,GEN,
19243,GEN,
19244,GEN,
19245,GEN,
19246,OBC-NCL,4807
19247,OBC-NCL,4808
19248,ST,134
19249,GEN,
19250,GEN,
19251,OBC-NCL,4809
19252,OBC-NCL,4810
19253,OBC-NCL,4811
19254,GEN,
19255,GEN,
19256,SC,568
19257,GEN,
19258,GEN,
19259,OBC-NCL,4812
19260,GEN,
19261,GEN,
19262,GEN,
19263,OBC-NCL,4813
19264,OBC-NCL,4814
19265,GEN-EWS,2770
19266,GEN,
19267,GEN-EWS,2771
19268,OBC-NCL,4815
19269,OBC-NCL,4816
19270,GEN-EWS,2772
19271,GEN,
19272,GEN-EWS,2773
19273,GEN,
19274,OBC-NCL,4817
19275,GEN,
19276,GEN,
19277,GEN,
19278,GEN-EWS,2774
19279,GEN,
19280,SC,569
19281,GEN,
19282,OBC-NCL,4818
19283,OBC-NCL,4819
19284,GEN,
19285,OBC-NCL,4820
19286,GEN,
19287,GEN,
19288,GEN,
19289,GEN,
19290,GEN,
19291,GEN,
19292,OBC-NCL,4821
19293,OBC-NCL,4822
19294,OBC-NCL,4823
19295,OBC-NCL,4824
19296,GEN,
19297,GEN-EWS,2775
19297,OBC-NCL,4825
19299,GEN,
19300,GEN,
19301,GEN,
19302,GEN,
19303,GEN,
19304,GEN,
19305,GEN-EWS,2776
19306,GEN,
19307,GEN,
19308,GEN-EWS,2777
19309,OBC-NCL,4826
19310,OBC-NCL,4827
19311,GEN,
19312,OBC-NCL,4828
19313,GEN,
19314,OBC-NCL,4829
19315,GEN-EWS,2778
19316,GEN,
19317,GEN-EWS,2779
19318,GEN,
19319,GEN,
19320,GEN,
19321,OBC-NCL,4830
19322,GEN,
19323,OBC-NCL,4831
19324,GEN,
19324,SC,570
19326,OBC-NCL,4832
19327,OBC-NCL,4833
19328,OBC-NCL,4834
19329,GEN-EWS,2780
19330,GEN-EWS,2781
19331,GEN-EWS,2782
19332,OBC-NCL,4835
19333,GEN-EWS,2783
19334,OBC-NCL,4836
19335,GEN,
19336,GEN,
19337,GEN,
19338,GEN,
19339,GEN,
19340,GEN,
19341,OBC-NCL,4837
19342,OBC-NCL,4838
19343,GEN,
19344,GEN-EWS,2784
19345,OBC-NCL,4839
19346,GEN-EWS,2785
19347,GEN,
19348,GEN,
19349,GEN,
19350,GEN,
19351,OBC-NCL,4840
19352,OBC-NCL,4841
19353,GEN,
19354,GEN,
19355,GEN,
19356,GEN-EWS,2786
19357,OBC-NCL,4842
19358,GEN,
19359,GEN,
19360,GEN,
19361,GEN,
19362,OBC-NCL,4843
19363,GEN,
19364,GEN,
19365,GEN,
19366,GEN,
19367,OBC-NCL,4844
19368,OBC-NCL,4845
19369,GEN,
19370,GEN-EWS,2787
19371,OBC-NCL,4846
19372,OBC-NCL,4847
19373,OBC-NCL,4848
19374,GEN,
19375,GEN,
19376,OBC-NCL,4849
19377,GEN,
19378,GEN,
19379,OBC-NCL,4850
19380,OBC-NCL,4851
19381,GEN,
19382,GEN,
19383,GEN-EWS,2788
19384,GEN,
19385,GEN,
19386,GEN,
19387,OBC-NCL,4852
19388,OBC-NCL,4853
19389,GEN,
19390,OBC-NCL,4854
19391,GEN,
19392,GEN,
19393,SC,571
19394,GEN-EWS,2789
19395,GEN,
19395,GEN-EWS,2790
19397,GEN,
19398,OBC-NCL,4855
19399,GEN,
19400,GEN,
19401,OBC-NCL,4856
19402,OBC-NCL,4857
19403,OBC-NCL,4858
19404,GEN,
19405,GEN-EWS,2791
19406,OBC-NCL,4859
19407,GEN,
19408,GEN,
19409,OBC-NCL,4860
19410,GEN,
19411,GEN-EWS,2792
19412,OBC-NCL,4861
19413,SC,572
19414,GEN,
19415,OBC-NCL,4862
19416,GEN,
19417,GEN-EWS,2793
19418,GEN,
19419,GEN,
19420,GEN,
19421,OBC-NCL,4863
19422,GEN,
19423,OBC-NCL,4864
19424,GEN-EWS,2794
19425,GEN,
19426,SC,573
19427,OBC-NCL,4865
19428,GEN-EWS,2795
19429,GEN,
19430,OBC-NCL,4866
19431,GEN,
19432,GEN-EWS,2796
19433,OBC-NCL,4867
19434,GEN,
19435,GEN,
19436,GEN-EWS,2797
19437,OBC-NCL,4868
19438,SC,574
19439,OBC-NCL,4869
19440,OBC-NCL,4870
19441,GEN,
19442,GEN,
19443,OBC-NCL,4871
19444,GEN-EWS,2798
19445,GEN-EWS,2799
19446,OBC-NCL,4872
19447,GEN,
19448,GEN,
19449,GEN-EWS,2800
19450,GEN,
19451,GEN,
19452,GEN,
19453,GEN-EWS,2801
19454,GEN,
19455,GEN,
19456,OBC-NCL,4873
19457,GEN-EWS,2802
19458,OBC-NCL,4874
19459,GEN-EWS,2803
19460,OBC-NCL,4875
19461,GEN,
19462,OBC-NCL,4876
19463,GEN,
19464,GEN,
19465,OBC-NCL,4877
19466,GEN,
19467,GEN,
19468,GEN,
19469,OBC-NCL,4878
19470,GEN,
19471,GEN,
19472,GEN,
19473,OBC-NCL,4879
19474,GEN,
19475,GEN,
19476,OBC-NCL,4880
19477,SC,575
19478,OBC-NCL,4881
19479,GEN,
19480,OBC-NCL,4882
19481,GEN-EWS,2804
19482,GEN,
19483,OBC-NCL,4883
19484,GEN-EWS,2805
19485,GEN,
19486,GEN,
19487,OBC-NCL,4884
19488,GEN-EWS,2806
19489,OBC-NCL,4885
19490,GEN,
19491,GEN,
19492,OBC-NCL,4886
19493,GEN,
19494,GEN-EWS,2807
19495,GEN,
19496,GEN,
19497,GEN-EWS,2808
19498,OBC-NCL,4887
19499,GEN,
19500,SC,576
19501,GEN-EWS,2809
19502,OBC-NCL,4888
19503,SC,577
19504,OBC-NCL,4889
19505,GEN,
19506,OBC-NCL,4890
19507,GEN-EWS,2810
19508,GEN-EWS,2811
19509,OBC-NCL,4891
19510,GEN,
19511,GEN,
19512,GEN,
19513,OBC-NCL,4892
19514,SC,578
19515,GEN,
19516,GEN,
19517,GEN-EWS,2812
19518,GEN-EWS,2813
19519,OBC-NCL,4893
19520,GEN-EWS,2814
19521,OBC-NCL,4894
19522,OBC-NCL,4895
19523,OBC-NCL,4896
19524,GEN-EWS,2815
19525,GEN,
19526,GEN,
19527,ST,135
19528,ST,136
19529,GEN,
19530,OBC-NCL,4897
19531,GEN,
19532,GEN,
19533,GEN,
19534,GEN,
19535,GEN,
19536,OBC-NCL,4898
19537,GEN,
19538,GEN-EWS,2816
19539,GEN,
19540,OBC-NCL,4899
19541,GEN,
19542,GEN,
19543,GEN,
19544,GEN-EWS,2817
19545,OBC-NCL,4900
19546,OBC-NCL,4901
19547,OBC-NCL,4902
19548,GEN,
19549,OBC-NCL,4903
19550,GEN,
19551,GEN-EWS,2818
19552,GEN,
19553,OBC-NCL,4904
19554,GEN,
19555,OBC-NCL,4905
19556,SC,579
19557,OBC-NCL,4906
19558,OBC-NCL,4907
19559,GEN,
19560,GEN,
19561,GEN,
19562,GEN,
19563,GEN,
19564,OBC-NCL,4908
19565,GEN,
19566,GEN-EWS,2819
19567,OBC-NCL,4909
19568,OBC-NCL,4910
19569,SC,580
19570,GEN,
19571,GEN,
19572,OBC-NCL,4911
19573,GEN,
19574,SC,581
19575,GEN-EWS,2820
19576,GEN-EWS,2821
19577,SC,582
19578,GEN-EWS,2822
19579,GEN,
19580,GEN,
19581,GEN-EWS,2823
19582,GEN,
19583,GEN,
19584,ST,137
19585,GEN,
19586,GEN,
19587,GEN-EWS,2824
19588,OBC-NCL,4912
19589,GEN-EWS,2825
19590,GEN,
19591,GEN-EWS,2826
19592,GEN,
19593,GEN,
19594,GEN,
19595,GEN-EWS,2827
19596,GEN,
19597,GEN,
19598,OBC-NCL,4913
19599,GEN,
19600,GEN,
19601,OBC-NCL,4914
19602,OBC-NCL,4915
19603,GEN,
19604,OBC-NCL,4916
19605,GEN,
19606,GEN,
19607,GEN-EWS,2828
19608,GEN,
19609,OBC-NCL,4917
19610,SC,583
19611,GEN,
19612,OBC-NCL,4918
19613,GEN,
19614,GEN-EWS,2829
19615,GEN-EWS,2830
19616,GEN,
19616,GEN-EWS,2831
19618,GEN,
19619,GEN-EWS,2832
19620,GEN,
19621,GEN,
19622,GEN,
19623,GEN,
19624,GEN,
19625,GEN,
19626,OBC-NCL,4919
19627,GEN,
19628,GEN,
19629,OBC-NCL,4920
19630,SC,584
19631,GEN,
19632,OBC-NCL,4921
19633,GEN,
19634,OBC-NCL,4922
19635,GEN-EWS,2833
19636,OBC-NCL,4923
19637,GEN-EWS,2834
19638,GEN,
19639,GEN,
19640,OBC-NCL,4924
19641,SC,585
19642,OBC-NCL,4925
19643,GEN-EWS,2835
19644,OBC-NCL,4926
19645,OBC-NCL,4927
19646,OBC-NCL,4928
19647,GEN-EWS,2836
19648,OBC-NCL,4929
19649,GEN-EWS,2837
19650,GEN,
19651,OBC-NCL,4930
19652,OBC-NCL,4931
19653,GEN,
19654,GEN,
19655,GEN,
19656,OBC-NCL,4932
19657,OBC-NCL,4933
19658,GEN,
19659,OBC-NCL,4934
19660,SC,586
19661,GEN,
19662,GEN,
19663,OBC-NCL,4935
19664,GEN,
19665,GEN,
19666,GEN,
19667,ST,138
19668,GEN-EWS,2838
19669,GEN,
19670,GEN-EWS,2839
19671,OBC-NCL,4936
19672,GEN,
19673,OBC-NCL,4937
19674,SC,587
19675,SC,588
19676,GEN,
19677,OBC-NCL,4938
19678,OBC-NCL,4939
19679,GEN,
19680,GEN-EWS,2840
19681,OBC-NCL,4940
19682,GEN,
19683,OBC-NCL,4941
19684,GEN,
19685,GEN,
19686,GEN,
19687,GEN-EWS,2841
19688,SC,589
19689,GEN,
19690,GEN,
19691,GEN-EWS,2842
19692,GEN,
19693,OBC-NCL,4942
19694,GEN,
19694,OBC-NCL,4943
19696,GEN,
19697,GEN,
19698,GEN-EWS,2843
19699,OBC-NCL,4944
19700,GEN,
19701,GEN,
19702,GEN-EWS,2844
19703,GEN-EWS,2845
19704,GEN-EWS,2846
19705,GEN,
19706,OBC-NCL,4945
19707,GEN,
19708,SC,590
19709,OBC-NCL,4947
19710,GEN,
19711,GEN,
19712,GEN-EWS,2847
19713,OBC-NCL,4948
19714,GEN,
19715,GEN,
19716,SC,591
19717,OBC-NCL,4949
19718,GEN-EWS,2848
19719,OBC-NCL,4950
19720,OBC-NCL,4951
19721,GEN,
19722,OBC-NCL,4952
19723,OBC-NCL,4953
19724,OBC-NCL,4954
19725,OBC-NCL,4955
19726,GEN,
19727,GEN-EWS,2849
19728,GEN,
19729,GEN-EWS,2850
19730,GEN,
19731,GEN,
19732,GEN-EWS,2851
19733,GEN-EWS,2852
19734,GEN,
19735,OBC-NCL,4956
19736,SC,592
19737,GEN,
19738,GEN-EWS,2853
19739,GEN,
19740,ST,139
19741,GEN,
19742,OBC-NCL,4957
19743,GEN-EWS,2854
19744,GEN-EWS,2855
19745,GEN,
19746,GEN,
19747,GEN-EWS,2856
19748,GEN-EWS,2857
19749,GEN-EWS,2858
19750,GEN,
19751,GEN-EWS,2859
19752,GEN,
19753,GEN,
19754,GEN,
19755,GEN-EWS,2860
19756,GEN,
19757,GEN,
19758,GEN-EWS,2861
19759,GEN,
19760,OBC-NCL,4958
19761,OBC-NCL,4959
19762,OBC-NCL,4960
19763,GEN,
19764,GEN,
19765,GEN,
19766,GEN,
19767,SC,593
19768,GEN-EWS,2862
19769,OBC-NCL,4961
19770,GEN,
19771,OBC-NCL,4962
19772,OBC-NCL,4963
19773,GEN,
19774,GEN,
19775,GEN,
19776,GEN,
19776,OBC-NCL,4964
19778,OBC-NCL,4965
19779,GEN,
19780,GEN,
19781,GEN-EWS,2863
19782,GEN,
19783,GEN,
19784,GEN,
19785,OBC-NCL,4966
19786,GEN,
19787,GEN-EWS,2864
19788,ST,140
19789,GEN,
19790,OBC-NCL,4967
19791,GEN,
19792,GEN,
19793,GEN,
19794,GEN,
19795,GEN,
19796,GEN,
19797,OBC-NCL,4968
19798,GEN-EWS,2865
19799,GEN,
19800,OBC-NCL,4969
19801,OBC-NCL,4970
19802,GEN,
19803,GEN,
19804,GEN-EWS,2866
19805,OBC-NCL,4971
19806,GEN-EWS,2867
19807,GEN,
19808,OBC-NCL,4972
19809,GEN,
19809,OBC-NCL,4973
19811,OBC-NCL,4974
19812,GEN,
19813,GEN,
19814,GEN-EWS,2868
19815,OBC-NCL,4975
19816,GEN,
19817,GEN,
19818,GEN-EWS,2869
19819,OBC-NCL,4976
19820,GEN,
19821,GEN-EWS,2870
19822,GEN,
19823,GEN,
19824,GEN,
19825,GEN,
19826,GEN-EWS,2871
19827,GEN,
19828,GEN,
19829,GEN-EWS,2872
19830,GEN,
19831,GEN-EWS,2873
19832,GEN-EWS,2874
19833,OBC-NCL,4977
19834,GEN-EWS,2875
19835,OBC-NCL,4978
19836,GEN,
19837,GEN,
19838,GEN,
19839,OBC-NCL,4979
19840,GEN,
19841,GEN,
19842,GEN,
19843,GEN,
19844,GEN,
19845,GEN,
19846,GEN,
19847,GEN-EWS,2876
19848,GEN,
19849,GEN,
19850,GEN,
19851,OBC-NCL,4980
19852,GEN,
19853,GEN,
19854,OBC-NCL,4981
19855,GEN-EWS,2877
19856,GEN-EWS,2878
19857,GEN,
19858,GEN,
19859,GEN,
19860,GEN-EWS,2879
19861,GEN-EWS,2880
19862,GEN,
19863,GEN,
19864,GEN,
19865,OBC-NCL,4982
19866,GEN-EWS,2881
19867,GEN,
19868,GEN-EWS,2882
19869,OBC-NCL,4983
19870,GEN,
19871,GEN,
19872,OBC-NCL,4984
19873,GEN-EWS,2883
19874,GEN,
19875,OBC-NCL,4985
19876,SC,594
19877,GEN,
19878,GEN-EWS,2884
19879,GEN,
19880,OBC-NCL,4986
19881,GEN,
19882,OBC-NCL,4987
19883,GEN,
19884,OBC-NCL,4988
19885,GEN,
19886,GEN-EWS,2885
19887,OBC-NCL,4989
19888,GEN-EWS,2886
19889,GEN,
19890,GEN,
19891,OBC-NCL,4990
19892,GEN,
19893,OBC-NCL,4991
19894,GEN,
19895,GEN,
19896,GEN-EWS,2887
19897,SC,595
19898,ST,141
19899,SC,596
19900,GEN,
19901,OBC-NCL,4992
19902,SC,597
19903,GEN,
19904,GEN,
19905,GEN,
19906,GEN,
19907,OBC-NCL,4993
19908,GEN,
19909,OBC-NCL,4994
19910,OBC-NCL,4995
19911,GEN,
19912,OBC-NCL,4996
19913,GEN,
19914,GEN-EWS,2888
19915,OBC-NCL,4997
19916,GEN,
19917,GEN,
19918,GEN-EWS,2889
19919,OBC-NCL,4998
19920,GEN-EWS,2890
19921,GEN,
19922,GEN,
19923,GEN-EWS,2891
19924,GEN,
19925,GEN-EWS,2892
19926,OBC-NCL,4999
19927,OBC-NCL,5000
19928,GEN-EWS,2893
19929,GEN,
19930,GEN,
19931,GEN,
19932,GEN,
19933,GEN,
19934,GEN,
19935,GEN-EWS,2894
19936,GEN,
19937,GEN-EWS,2895
19938,GEN-EWS,2896
19939,GEN,
19940,GEN,
19941,OBC-NCL,5001
19942,GEN-EWS,2897
19943,GEN-EWS,2898
19944,OBC-NCL,5002
19945,GEN,
19946,GEN,
19947,GEN,
19948,GEN,
19949,GEN,
19950,GEN,
19951,GEN,
19952,GEN,
19953,OBC-NCL,5003
19954,OBC-NCL,5004
19955,GEN,
19956,GEN,
19957,GEN,
19958,GEN-EWS,2899
19959,GEN,
19960,OBC-NCL,5005
19961,GEN,
19962,OBC-NCL,5006
19963,GEN,
19963,OBC-NCL,5007
19965,OBC-NCL,5008
19966,OBC-NCL,5009
19967,OBC-NCL,5010
19968,GEN,
19969,GEN-EWS,2900
19970,OBC-NCL,5011
19971,OBC-NCL,5012
19972,GEN,
19973,OBC-NCL,5013
19974,OBC-NCL,5014
19975,GEN,
19976,GEN-EWS,2901
19977,OBC-NCL,5015
19978,OBC-NCL,5016
19979,GEN-EWS,2902
19980,GEN,
19981,GEN-EWS,2903
19982,GEN,
19983,GEN,
19984,GEN,
19985,OBC-NCL,5017
19986,GEN,
19987,OBC-NCL,5018
19988,GEN-EWS,2904
19989,GEN-EWS,2905
19990,GEN,
19991,GEN,
19992,OBC-NCL,5019
19993,GEN,
19994,OBC-NCL,5020
19995,OBC-NCL,5021
19996,GEN-EWS,2906
19997,OBC-NCL,5022
19998,GEN,
19999,GEN,
20000,GEN-EWS,2907
20001,GEN,
20002,GEN,
20003,OBC-NCL,5023
20004,OBC-NCL,5024
20005,GEN-EWS,2908
20006,GEN,
20007,GEN,
20008,GEN-EWS,2909
20009,OBC-NCL,5025
20010,GEN,
20011,OBC-NCL,5026
20012,OBC-NCL,5027
20013,GEN-EWS,2910
20014,OBC-NCL,5028
20015,GEN-EWS,2911
20016,GEN,
20017,OBC-NCL,5029
20018,OBC-NCL,5030
20019,GEN,
20020,GEN,
20021,OBC-NCL,5031
20022,SC,598
20023,OBC-NCL,5032
20024,GEN,
20025,GEN-EWS,2912
20026,GEN,
20027,GEN,
20028,GEN,
20029,GEN,
20030,GEN,
20031,OBC-NCL,5033
20032,SC,599
20033,GEN,
20034,GEN-EWS,2913
20035,GEN,
20036,OBC-NCL,5034
20037,OBC-NCL,5035
20038,OBC-NCL,5036
20039,GEN-EWS,2914
20040,GEN-EWS,2915
20041,GEN-EWS,2916
20042,ST,142
20043,GEN,
20044,GEN-EWS,2917
20045,GEN,
20046,OBC-NCL,5037
20047,GEN-EWS,2918
20048,GEN-EWS,2919
20049,OBC-NCL,5038
20050,GEN,
20051,GEN,
20052,GEN-EWS,2920
20053,GEN,
20054,GEN,
20055,OBC-NCL,5039
20056,GEN,
20057,GEN-EWS,2921
20058,OBC-NCL,5040
20059,GEN,
20060,GEN,
20061,GEN,
20062,OBC-NCL,5041
20063,GEN,
20064,GEN-EWS,2922
20065,OBC-NCL,5042
20066,GEN,
20067,GEN,
20068,OBC-NCL,5043
20069,GEN,
20070,SC,600
20071,GEN,
20072,GEN-EWS,2923
20072,OBC-NCL,5044
20074,OBC-NCL,5045
20075,GEN,
20076,GEN,
20077,OBC-NCL,5046
20078,GEN-EWS,2924
20079,GEN,
20080,GEN,
20081,GEN,
20082,GEN-EWS,2925
20083,GEN,
20084,OBC-NCL,5047
20085,OBC-NCL,5048
20086,GEN,
20087,GEN,
20088,GEN,
20089,GEN,
20090,GEN,
20091,OBC-NCL,5049
20092,OBC-NCL,5050
20093,GEN-EWS,2926
20094,OBC-NCL,5051
20095,GEN,
20096,GEN,
20097,GEN,
20098,GEN,
20099,GEN,
20100,SC,601
20101,GEN,
20102,SC,602
20103,GEN,
20104,OBC-NCL,5052
20105,GEN-EWS,2927
20106,GEN-EWS,2928
20107,GEN,
20108,OBC-NCL,5053
20109,OBC-NCL,5054
20110,GEN,
20111,OBC-NCL,5055
20112,GEN,
20113,GEN,
20114,OBC-NCL,5056
20115,OBC-NCL,5057
20116,GEN-EWS,2929
20117,GEN,
20118,GEN,
20119,GEN,
20120,OBC-NCL,5058
20121,SC,603
20122,OBC-NCL,5059
20123,GEN-EWS,2930
20124,GEN,
20125,OBC-NCL,5060
20126,SC,604
20127,GEN,
20128,GEN-EWS,2931
20129,SC,605
20130,OBC-NCL,5061
20131,GEN-EWS,2932
20132,OBC-NCL,5062
20133,OBC-NCL,5063
20134,GEN,
20135,GEN,
20136,GEN,
20136,GEN,
20138,OBC-NCL,5064
20139,GEN,
20140,GEN,
20141,GEN,
20142,GEN,
20143,GEN,
20144,OBC-NCL,5065
20145,GEN-EWS,2933
20146,GEN-EWS,2934
20147,OBC-NCL,5066
20148,OBC-NCL,5067
20149,OBC-NCL,5068
20150,GEN,
20151,OBC-NCL,5069
20152,GEN-EWS,2935
20153,GEN,
20154,GEN,
20155,GEN,
20156,GEN-EWS,2936
20157,OBC-NCL,5070
20158,GEN-EWS,2937
20159,GEN,
20160,GEN-EWS,2938
20161,GEN,
20162,GEN,
20163,GEN,
20164,GEN,
20165,OBC-NCL,5071
20166,GEN,
20167,GEN-EWS,2939
20168,OBC-NCL,5072
20169,OBC-NCL,5073
20170,OBC-NCL,5074
20171,OBC-NCL,5075
20172,GEN,
20173,GEN,
20174,GEN-EWS,2940
20175,OBC-NCL,5076
20176,GEN-EWS,2941
20177,OBC-NCL,5077
20178,OBC-NCL,5078
20179,GEN,
20180,GEN,
20181,OBC-NCL,5079
20182,GEN,
20183,GEN,
20184,GEN,
20185,GEN-EWS,2942
20186,OBC-NCL,5080
20187,GEN,
20188,GEN,
20189,OBC-NCL,5081
20190,GEN-EWS,2943
20191,GEN,
20192,GEN-EWS,2944
20193,GEN,
20194,OBC-NCL,5082
20195,OBC-NCL,5083
20196,GEN,
20197,GEN,
20198,GEN,
20199,GEN-EWS,2945
20200,OBC-NCL,5084
20201,GEN-EWS,2946
20202,GEN,
20203,GEN,
20204,GEN,
20205,GEN-EWS,2947
20206,GEN-EWS,2948
20207,GEN-EWS,2949
20208,GEN,
20209,OBC-NCL,5085
20210,GEN,
20211,GEN-EWS,2950
20212,GEN,
20213,GEN,
20214,GEN-EWS,2951
20215,GEN,
20216,GEN,
20217,OBC-NCL,5086
20218,SC,606
20219,GEN,
20220,GEN,
20221,GEN-EWS,2952
20222,GEN,
20223,GEN-EWS,2953
20224,OBC-NCL,5087
20225,OBC-NCL,5088
20226,GEN,
20227,OBC-NCL,5089
20228,GEN,
20229,GEN,
20230,GEN,
20231,GEN,
20232,OBC-NCL,5090
20233,OBC-NCL,5091
20234,OBC-NCL,5092
20235,GEN-EWS,2954
20236,OBC-NCL,5093
20237,OBC-NCL,5094
20238,GEN,
20239,GEN,
20240,GEN,
20241,GEN,
20242,GEN,
20243,GEN,
20244,ST,143
20245,OBC-NCL,5095
20246,GEN-EWS,2955
20247,GEN,
20248,OBC-NCL,5096
20249,GEN-EWS,2956
20250,GEN,
20251,OBC-NCL,5097
20252,GEN,
20253,OBC-NCL,5098
20254,GEN-EWS,2957
20255,GEN-EWS,2958
20256,GEN,
20257,OBC-NCL,5099
20258,GEN,
20259,GEN-EWS,2959
20260,GEN,
20261,GEN,
20262,GEN,
20263,GEN-EWS,2960
20264,GEN-EWS,2961
20265,ST,144
20266,GEN,
20267,GEN,
20268,OBC-NCL,5100
20269,GEN,
20270,GEN-EWS,2962
20271,OBC-NCL,5101
20272,GEN,
20273,OBC-NCL,5102
20274,GEN,
20275,GEN,
20276,GEN,
20277,GEN,
20278,OBC-NCL,5103
20279,GEN,
20280,GEN,
20281,OBC-NCL,5104
20282,ST,145
20283,OBC-NCL,5105
20284,OBC-NCL,5106
20285,GEN-EWS,2963
20286,GEN,
20287,GEN,
20288,GEN,
20289,GEN,
20290,GEN-EWS,2964
20291,GEN,
20292,GEN-EWS,2965
20293,GEN-EWS,2966
20294,OBC-NCL,5107
20295,OBC-NCL,5108
20296,SC,607
20297,GEN,
20298,GEN,
20299,OBC-NCL,5109
20300,GEN-EWS,2967
20301,GEN,
20302,OBC-NCL,5110
20303,GEN,
20304,GEN-EWS,2968
20305,OBC-NCL,5111
20306,GEN,
20307,GEN,
20308,OBC-NCL,5112
20309,GEN,
20310,GEN-EWS,2969
20311,OBC-NCL,5113
20312,GEN,
20313,OBC-NCL,5114
20314,OBC-NCL,5115
20315,OBC-NCL,5116
20316,GEN-EWS,2970
20317,GEN,
20318,GEN,
20319,GEN-EWS,2971
20320,GEN-EWS,2972
20321,GEN-EWS,2973
20322,OBC-NCL,5117
20323,GEN,
20324,GEN,
20325,GEN-EWS,2974
20326,GEN-EWS,2975
20327,GEN,
20328,GEN,
20329,OBC-NCL,5119
20330,GEN,
20331,GEN,
20332,GEN-EWS,2976
20333,GEN,
20334,GEN-EWS,2977
20335,OBC-NCL,5120
20336,GEN-EWS,2978
20337,SC,608
20338,GEN-EWS,2979
20339,GEN,
20340,OBC-NCL,5121
20341,SC,609
20342,GEN,
20343,GEN,
20344,GEN,
20345,OBC-NCL,5122
20346,OBC-NCL,5123
20347,GEN,
20348,GEN-EWS,2980
20349,GEN,
20350,OBC-NCL,5124
20351,GEN,
20352,GEN,
20353,GEN-EWS,2981
20354,OBC-NCL,5125
20355,OBC-NCL,5126
20356,GEN,
20357,GEN-EWS,2982
20358,OBC-NCL,5127
20359,OBC-NCL,5128
20360,GEN-EWS,2983
20361,GEN,
20362,GEN,
20363,GEN,
20364,GEN,
20365,GEN,
20366,GEN-EWS,2984
20367,GEN-EWS,2985
20368,GEN,
20369,GEN,
20369,GEN,
20369,GEN,
20372,GEN,
20373,GEN,
20374,GEN,
20375,GEN,
20376,GEN,
20377,GEN-EWS,2986
20378,GEN,
20379,GEN-EWS,2987
20380,GEN,
20381,SC,610
20382,GEN-EWS,2988
20383,GEN-EWS,2989
20384,GEN,
20385,GEN-EWS,2990
20386,GEN,
20387,OBC-NCL,5129
20388,GEN-EWS,2991
20389,OBC-NCL,5130
20390,ST,146
20391,GEN,
20392,OBC-NCL,5131
20393,OBC-NCL,5132
20394,GEN,
20395,GEN,
20396,GEN,
20397,OBC-NCL,5133
20398,GEN,
20399,OBC-NCL,5134
20400,OBC-NCL,5135
20401,GEN-EWS,2992
20402,GEN-EWS,2993
20403,GEN,
20404,GEN-EWS,2994
20405,GEN,
20406,GEN-EWS,2995
20407,GEN-EWS,2996
20408,GEN,
20409,GEN,
20410,GEN,
20411,GEN,
20412,OBC-NCL,5136
20413,GEN-EWS,2997
20414,GEN-EWS,2998
20415,GEN-EWS,2999
20416,GEN,
20417,GEN,
20418,GEN,
20419,GEN,
20420,GEN-EWS,3000
20421,OBC-NCL,5137
20422,GEN,
20423,GEN,
20424,GEN-EWS,3001
20425,OBC-NCL,5138
20426,OBC-NCL,5139
20427,GEN,
20428,GEN,
20429,GEN,
20430,GEN,
20431,GEN,
20432,OBC-NCL,5140
20433,OBC-NCL,5141
20434,OBC-NCL,5142
20435,GEN,
20436,GEN,
20437,OBC-NCL,5143
20438,GEN,
20439,GEN-EWS,3002
20440,GEN,
20441,GEN-EWS,3003
20442,GEN-EWS,3004
20443,OBC-NCL,5144
20444,GEN,
20445,OBC-NCL,5145
20446,GEN,
20447,GEN,
20448,GEN,
20449,OBC-NCL,5146
20450,OBC-NCL,5147
20451,OBC-NCL,5148
20452,OBC-NCL,5149
20453,OBC-NCL,5150
20454,OBC-NCL,5151
20455,OBC-NCL,5152
20456,OBC-NCL,5153
20457,OBC-NCL,5154
20458,GEN,
20459,OBC-NCL,5155
20459,SC,611
20461,GEN-EWS,3005
20462,OBC-NCL,5156
20463,GEN-EWS,3006
20464,GEN,
20465,GEN-EWS,3007
20466,GEN,
20467,GEN,
20467,SC,612
20469,GEN,
20470,OBC-NCL,5157
20471,GEN-EWS,3008
20472,GEN,
20473,GEN,
20474,SC,613
20475,OBC-NCL,5158
20476,GEN,
20477,OBC-NCL,5159
20478,GEN-EWS,3009
20479,GEN,
20480,GEN-EWS,3010
20481,GEN,
20482,GEN-EWS,3011
20483,OBC-NCL,5160
20484,GEN,
20485,OBC-NCL,5161
20486,GEN,
20487,GEN,
20488,GEN-EWS,3012
20489,GEN,
20490,GEN,
20491,OBC-NCL,5162
20492,GEN,
20492,GEN,
20494,GEN,
20495,OBC-NCL,5163
20496,OBC-NCL,5164
20497,GEN-EWS,3013
20498,GEN,
20499,GEN,
20500,GEN,
20501,OBC-NCL,5165
20502,GEN,
20503,GEN,
20504,GEN,
20505,GEN,
20506,GEN,
20507,GEN,
20508,GEN,
20509,OBC-NCL,5166
20510,GEN,
20511,GEN,
20512,GEN,
20513,GEN,
20514,OBC-NCL,5167
20515,GEN-EWS,3014
20516,OBC-NCL,5168
20517,GEN-EWS,3015
20518,GEN,
20519,GEN,
20520,GEN,
20521,OBC-NCL,5169
20522,OBC-NCL,5170
20523,GEN-EWS,3016
20524,GEN,
20525,GEN-EWS,3017
20526,OBC-NCL,5171
20527,OBC-NCL,5172
20528,OBC-NCL,5173
20529,GEN,
20530,GEN,
20531,GEN,
20532,GEN,
20533,GEN,
20534,GEN,
20535,GEN-EWS,3018
20536,OBC-NCL,5174
20537,GEN,
20538,OBC-NCL,5175
20539,SC,614
20540,GEN-EWS,3019
20541,GEN,
20542,GEN-EWS,3020
20543,GEN,
20544,OBC-NCL,5176
20545,OBC-NCL,5177
20546,OBC-NCL,5178
20547,GEN,
20548,GEN,
20549,GEN,
20550,OBC-NCL,5179
20551,GEN,
20552,OBC-NCL,5180
20553,GEN,
20554,OBC-NCL,5181
20555,GEN,
20556,OBC-NCL,5182
20557,GEN-EWS,3021
20558,GEN,
20559,GEN,
20560,GEN,
20561,GEN,
20562,GEN,
20563,GEN-EWS,3022
20564,SC,615
20565,GEN-EWS,3023
20566,GEN,
20567,GEN,
20568,GEN,
20569,GEN-EWS,3024
20570,OBC-NCL,5183
20571,GEN,
20572,OBC-NCL,5184
20573,GEN,
20574,GEN-EWS,3025
20575,SC,616
20576,OBC-NCL,5185
20577,GEN-EWS,3026
20578,OBC-NCL,5186
20579,GEN,
20580,OBC-NCL,5187
20581,SC,617
20582,GEN,
20583,GEN-EWS,3027
20584,GEN,
20585,GEN-EWS,3028
20586,GEN,
20587,GEN,
20588,GEN,
20589,GEN,
20590,GEN-EWS,3029
20591,OBC-NCL,5188
20592,GEN,
20593,GEN,
20594,GEN,
20595,GEN,
20596,OBC-NCL,5189
20597,GEN,
20598,OBC-NCL,5190
20599,GEN,
20600,OBC-NCL,5191
20601,GEN,
20602,OBC-NCL,5192
20603,GEN-EWS,3030
20604,GEN-EWS,3031
20605,GEN,
20606,OBC-NCL,5193
20607,OBC-NCL,5194
20608,GEN-EWS,3032
20609,GEN,
20610,OBC-NCL,5195
20611,GEN,
20612,GEN,
20613,GEN,
20614,GEN,
20614,GEN,
20616,OBC-NCL,5196
20616,OBC-NCL,5196
20618,OBC-NCL,5198
20619,SC,618
20620,OBC-NCL,5199
20621,OBC-NCL,5200
20622,GEN-EWS,3033
20623,OBC-NCL,5201
20624,OBC-NCL,5202
20625,GEN-EWS,3034
20626,GEN,
20627,OBC-NCL,5203
20628,OBC-NCL,5204
20629,GEN,
20630,GEN,
20631,OBC-NCL,5205
20632,OBC-NCL,5206
20633,OBC-NCL,5207
20634,OBC-NCL,5208
20635,GEN,
20636,SC,619
20637,GEN-EWS,3035
20638,OBC-NCL,5209
20639,OBC-NCL,5210
20640,GEN-EWS,3036
20641,OBC-NCL,5211
20642,GEN,
20643,GEN,
20644,SC,620
20645,GEN,
20646,OBC-NCL,5212
20647,OBC-NCL,5213
20648,OBC-NCL,5214
20649,GEN-EWS,3037
20650,GEN-EWS,3038
20651,GEN,
20652,GEN,
20653,GEN,
20654,GEN,
20655,GEN,
20656,GEN-EWS,3039
20656,GEN-EWS,3039
20658,GEN,
20659,GEN,
20660,GEN,
20661,GEN,
20662,GEN,
20663,SC,621
20664,GEN,
20665,GEN,
20666,GEN-EWS,3041
20667,GEN-EWS,3042
20668,OBC-NCL,5215
20669,GEN,
20670,OBC-NCL,5216
20671,GEN,
20672,OBC-NCL,5217
20673,GEN,
20674,OBC-NCL,5218
20675,GEN-EWS,3043
20676,GEN,
20677,GEN-EWS,3044
20678,GEN,
20679,GEN,
20680,GEN,
20681,GEN,
20682,OBC-NCL,5219
20683,OBC-NCL,5220
20684,OBC-NCL,5221
20685,OBC-NCL,5222
20686,OBC-NCL,5223
20687,GEN-EWS,3045
20688,GEN,
20689,SC,622
20690,SC,623
20691,GEN,
20692,GEN,
20693,GEN,
20694,GEN,
20695,GEN,
20696,GEN,
20697,GEN,
20698,GEN,
20699,GEN,
20700,GEN,
20701,GEN,
20702,SC,624
20703,GEN,
20704,GEN,
20705,GEN,
20706,GEN-EWS,3046
20707,GEN,
20708,GEN,
20709,GEN-EWS,3047
20710,GEN,
20711,GEN,
20712,GEN,
20713,GEN,
20714,GEN,
20715,GEN,
20716,OBC-NCL,5224
20717,GEN,
20718,ST,147
20719,GEN,
20720,GEN,
20721,GEN,
20722,GEN,
20723,OBC-NCL,5225
20724,GEN,
20725,GEN-EWS,3048
20726,GEN,
20727,GEN,
20728,GEN,
20729,OBC-NCL,5226
20730,GEN,
20731,GEN,
20732,GEN,
20733,OBC-NCL,5227
20734,GEN,
20735,OBC-NCL,5228
20736,GEN,
20737,GEN,
20738,GEN,
20739,GEN,
20740,OBC-NCL,5229
20741,GEN,
20742,OBC-NCL,5230
20743,GEN,
20744,GEN,
20745,OBC-NCL,5231
20746,GEN,
20747,GEN,
20748,GEN,
20749,GEN,
20749,GEN,
20751,OBC-NCL,5232
20752,OBC-NCL,5233
20753,GEN,
20754,OBC-NCL,5234
20755,GEN,
20756,GEN-EWS,3049
20757,GEN,
20758,GEN,
20759,OBC-NCL,5235
20760,OBC-NCL,5236
20761,GEN,
20762,GEN-EWS,3050
20763,OBC-NCL,5237
20764,GEN,
20765,GEN,
20766,GEN-EWS,3051
20767,GEN,
20768,GEN,
20769,GEN,
20770,GEN,
20771,GEN-EWS,3052
20772,GEN,
20773,GEN,
20774,GEN,
20775,OBC-NCL,5238
20776,OBC-NCL,5239
20777,OBC-NCL,5240
20778,GEN-EWS,3053
20779,OBC-NCL,5241
20780,GEN,
20781,GEN-EWS,3054
20782,GEN,
20783,GEN,
20784,GEN,
20785,OBC-NCL,5242
20786,GEN,
20786,GEN,
20788,GEN,
20789,GEN,
20790,GEN,
20791,GEN-EWS,3055
20792,GEN,
20793,GEN,
20794,GEN,
20795,OBC-NCL,5243
20796,GEN-EWS,3056
20797,GEN,
20798,GEN,
20799,GEN-EWS,3057
20800,GEN,
20801,OBC-NCL,5244
20802,GEN,
20803,GEN,
20804,GEN,
20805,OBC-NCL,5245
20806,GEN,
20807,OBC-NCL,5246
20808,GEN,
20809,GEN-EWS,3058
20810,GEN,
20811,OBC-NCL,5247
20812,GEN-EWS,3059
20813,OBC-NCL,5248
20814,GEN,
20815,GEN,
20816,GEN-EWS,3060
20817,GEN,
20818,OBC-NCL,5249
20819,OBC-NCL,5250
20820,GEN,
20821,GEN,
20822,GEN,
20823,GEN,
20824,GEN-EWS,3061
20825,GEN,
20826,OBC-NCL,5251
20827,GEN,
20828,GEN-EWS,3062
20829,GEN,
20830,OBC-NCL,5252
20831,GEN,
20832,GEN,
20833,GEN,
20834,OBC-NCL,5253
20835,OBC-NCL,5254
20836,GEN,
20837,GEN,
20838,GEN-EWS,3063
20839,GEN-EWS,3064
20840,OBC-NCL,5255
20840,OBC-NCL,5255
20842,ST,148
20843,GEN,
20844,OBC-NCL,5257
20845,OBC-NCL,5258
20846,SC,625
20847,GEN,
20848,OBC-NCL,5259
20849,OBC-NCL,5260
20850,GEN,
20851,GEN-EWS,3065
20852,GEN,
20853,GEN-EWS,3066
20854,GEN,
20855,OBC-NCL,5261
20856,GEN,
20857,GEN-EWS,3067
20858,GEN,
20859,OBC-NCL,5262
20860,GEN-EWS,3068
20861,GEN,
20862,GEN,
20863,GEN,
20864,GEN-EWS,3069
20865,GEN-EWS,3070
20866,OBC-NCL,5263
20867,GEN,
20868,GEN,
20869,GEN,
20870,OBC-NCL,5264
20871,GEN,
20871,GEN,
20873,GEN,
20874,GEN,
20875,GEN,
20876,GEN-EWS,3071
20877,GEN,
20878,GEN,
20879,GEN-EWS,3072
20880,GEN,
20881,GEN,
20882,GEN,
20883,GEN,
20884,OBC-NCL,5265
20885,OBC-NCL,5266
20886,OBC-NCL,5267
20887,OBC-NCL,5268
20888,OBC-NCL,5269
20889,GEN,
20890,OBC-NCL,5270
20891,GEN,
20892,OBC-NCL,5271
20893,SC,626
20894,GEN,
20895,GEN,
20896,GEN-EWS,3073
20897,OBC-NCL,5272
20898,OBC-NCL,5273
20899,GEN-EWS,3074
20900,OBC-NCL,5274
20901,GEN,
20902,GEN,
20903,GEN,
20904,OBC-NCL,5275
20905,GEN,
20906,OBC-NCL,5276
20907,ST,149
20908,GEN,
20909,OBC-NCL,5277
20910,GEN-EWS,3075
20911,GEN-EWS,3076
20912,GEN,
20913,GEN,
20914,GEN,
20915,SC,627
20916,GEN-EWS,3077
20917,GEN-EWS,3078
20918,GEN,
20919,GEN-EWS,3079
20920,OBC-NCL,5278
20921,OBC-NCL,5279
20922,GEN,
20923,OBC-NCL,5280
20924,GEN,
20925,OBC-NCL,5281
20926,GEN,
20927,GEN,
20928,OBC-NCL,5282
20929,GEN,
20930,GEN,
20931,GEN,
20932,GEN-EWS,3080
20933,GEN,
20934,GEN,
20935,GEN,
20936,GEN,
20937,OBC-NCL,5283
20938,GEN,
20939,GEN,
20940,GEN,
20941,GEN-EWS,3081
20942,GEN,
20943,GEN-EWS,3082
20943,SC,628
20945,GEN,
20946,OBC-NCL,5284
20947,OBC-NCL,5285
20948,OBC-NCL,5286
20949,OBC-NCL,5287
20950,GEN,
20951,GEN-EWS,3083
20952,GEN-EWS,3084
20953,GEN-EWS,3085
20954,GEN,
20955,GEN-EWS,3086
20956,OBC-NCL,5288
20957,OBC-NCL,5289
20958,GEN-EWS,3087
20959,GEN-EWS,3088
20960,OBC-NCL,5290
20961,GEN,
20962,GEN,
20963,GEN,
20964,SC,629
20965,GEN-EWS,3089
20966,GEN,
20967,GEN-EWS,3090
20968,ST,150
20969,GEN,
20970,OBC-NCL,5291
20971,OBC-NCL,5292
20972,OBC-NCL,5293
20973,OBC-NCL,5294
20974,OBC-NCL,5295
20975,GEN,
20976,GEN,
20977,OBC-NCL,5296
20978,GEN-EWS,3091
20979,GEN-EWS,3092
20980,GEN-EWS,3093
20981,GEN,
20982,OBC-NCL,5297
20983,GEN-EWS,3094
20984,GEN-EWS,3095
20985,GEN,
20986,GEN,
20987,OBC-NCL,5298
20988,GEN-EWS,3096
20989,GEN,
20990,GEN,
20991,GEN-EWS,3097
20992,ST,151
20993,GEN,
20994,OBC-NCL,5299
20995,GEN,
20996,GEN-EWS,3098
20997,OBC-NCL,5300
20998,GEN,
20999,GEN-EWS,3099
21000,GEN,
21001,GEN,
21002,OBC-NCL,5301
21003,GEN,
21004,GEN-EWS,3100
21005,GEN,
21006,GEN,
21007,GEN,
21008,GEN,
21009,OBC-NCL,5302
21010,GEN,
21011,GEN,
21012,GEN-EWS,3101
21013,GEN,
21014,GEN,
21015,GEN,
21016,OBC-NCL,5303
21017,GEN-EWS,3102
21018,GEN,
21019,GEN,
21020,GEN-EWS,3103
21021,OBC-NCL,5304
21022,GEN,
21023,GEN,
21024,GEN,
21025,GEN,
21026,OBC-NCL,5305
21027,OBC-NCL,5306
21028,GEN-EWS,3104
21029,GEN,
21029,GEN-EWS,3105
21031,GEN-EWS,3106
21032,GEN,
21033,OBC-NCL,5307
21034,OBC-NCL,5308
21035,GEN,
21036,GEN-EWS,3107
21037,GEN,
21038,GEN,
21039,OBC-NCL,5309
21040,GEN,
21041,GEN,
21042,GEN-EWS,3108
21043,OBC-NCL,5310
21044,GEN-EWS,3109
21045,OBC-NCL,5311
21046,GEN,
21047,GEN,
21048,GEN-EWS,3110
21049,OBC-NCL,5312
21050,GEN,
21051,GEN,
21052,GEN-EWS,3111
21053,GEN,
21054,OBC-NCL,5313
21055,GEN,
21056,GEN,
21057,OBC-NCL,5314
21058,GEN,
21059,OBC-NCL,5315
21060,GEN,
21061,GEN-EWS,3112
21062,GEN-EWS,3113
21063,GEN,
21064,GEN,
21065,GEN,
21066,GEN,
21067,OBC-NCL,5316
21068,GEN-EWS,3114
21069,OBC-NCL,5317
21070,GEN,
21071,OBC-NCL,5318
21072,GEN,
21073,OBC-NCL,5319
21074,OBC-NCL,5320
21075,OBC-NCL,5321
21076,OBC-NCL,5322
21077,GEN,
21078,OBC-NCL,5323
21079,GEN-EWS,3115
21080,GEN-EWS,3116
21081,GEN,
21082,OBC-NCL,5324
21083,OBC-NCL,5325
21084,SC,630
21085,OBC-NCL,5326
21086,OBC-NCL,5327
21087,OBC-NCL,5328
21088,SC,631
21089,GEN-EWS,3117
21090,OBC-NCL,5329
21091,GEN,
21091,GEN-EWS,3118
21093,GEN,
21094,GEN,
21095,GEN-EWS,3119
21096,GEN-EWS,3120
21097,OBC-NCL,5330
21098,GEN,
21099,GEN,
21100,OBC-NCL,5331
21101,GEN,
21102,SC,632
21103,GEN,
21104,GEN,
21105,OBC-NCL,5332
21106,GEN,
21107,OBC-NCL,5333
21108,GEN,
21109,OBC-NCL,5334
21110,GEN,
21111,GEN,
21112,SC,633
21113,SC,634
21114,GEN,
21115,GEN,
21116,OBC-NCL,5335
21117,GEN,
21118,GEN,
21119,OBC-NCL,5336
21120,GEN-EWS,3121
21121,GEN,
21122,GEN-EWS,3122
21123,GEN,
21124,GEN-EWS,3123
21125,OBC-NCL,5337
21126,GEN-EWS,3124
21127,OBC-NCL,5338
21128,GEN,
21129,GEN,
21130,SC,635
21131,GEN,
21132,GEN,
21133,GEN,
21134,GEN-EWS,3125
21135,GEN,
21136,GEN,
21137,SC,636
21138,OBC-NCL,5339
21139,GEN,
21140,GEN-EWS,3126
21141,GEN-EWS,3127
21142,GEN-EWS,3128
21143,GEN,
21144,GEN,
21145,GEN,
21146,GEN,
21147,GEN,
21148,GEN,
21149,OBC-NCL,5340
21150,GEN-EWS,3129
21151,OBC-NCL,5341
21152,GEN,
21153,GEN-EWS,3130
21154,SC,637
21155,GEN-EWS,3131
21156,GEN,
21157,GEN-EWS,3132
21158,GEN,
21159,OBC-NCL,5342
21160,GEN,
21161,OBC-NCL,5343
21162,SC,638
21163,GEN-EWS,3133
21164,GEN-EWS,3134
21165,GEN,
21166,OBC-NCL,5344
21167,GEN,
21168,OBC-NCL,5345
21169,OBC-NCL,5346
21170,OBC-NCL,5347
21171,GEN,
21172,GEN-EWS,3135
21173,GEN,
21174,GEN-EWS,3136
21175,GEN,
21176,OBC-NCL,5348
21177,OBC-NCL,5349
21178,GEN,
21179,OBC-NCL,5350
21180,SC,639
21181,GEN,
21182,GEN,
21183,GEN,
21184,GEN-EWS,3137
21185,GEN,
21186,SC,640
21187,GEN,
21188,GEN,
21189,OBC-NCL,5351
21190,GEN,
21191,OBC-NCL,5352
21192,GEN,
21193,GEN-EWS,3138
21194,GEN,
21195,OBC-NCL,5353
21196,GEN,
21197,GEN,
21198,GEN-EWS,3139
21199,GEN,
21200,SC,641
21201,OBC-NCL,5354
21202,SC,642
21203,GEN,
21204,OBC-NCL,5355
21205,GEN,
21206,OBC-NCL,5356
21207,GEN,
21208,GEN,
21209,OBC-NCL,5357
21210,OBC-NCL,5358
21211,GEN,
21212,GEN,
21213,OBC-NCL,5359
21214,GEN,
21215,OBC-NCL,5360
21216,GEN,
21217,GEN,
21218,GEN-EWS,3140
21219,GEN-EWS,3141
21220,OBC-NCL,5361
21221,GEN,
21222,OBC-NCL,5362
21223,GEN-EWS,3142
21224,GEN-EWS,3143
21225,GEN-EWS,3144
21226,GEN,
21227,SC,643
21228,GEN-EWS,3145
21229,OBC-NCL,5363
21230,OBC-NCL,5364
21231,GEN-EWS,3146
21232,OBC-NCL,5365
21233,GEN,
21234,OBC-NCL,5366
21235,GEN-EWS,3147
21236,GEN,
21237,GEN,
21238,GEN,
21239,GEN,
21240,GEN-EWS,3148
21241,OBC-NCL,5367
21242,OBC-NCL,5368
21243,GEN-EWS,3149
21244,GEN-EWS,3150
21245,GEN,
21246,GEN,
21247,GEN-EWS,3151
21248,GEN,
21249,GEN-EWS,3152
21249,GEN-EWS,3152
21251,GEN,
21252,OBC-NCL,5369
21253,GEN,
21254,GEN,
21255,GEN,
21256,GEN,
21257,GEN,
21258,GEN,
21259,OBC-NCL,5370
21260,OBC-NCL,5371
21261,OBC-NCL,5372
21262,OBC-NCL,5373
21263,SC,644
21264,OBC-NCL,5374
21265,GEN,
21266,OBC-NCL,5375
21267,GEN,
21268,GEN-EWS,3154
21269,GEN-EWS,3155
21270,GEN,
21271,GEN,
21272,GEN-EWS,3156
21273,SC,645
21274,OBC-NCL,5376
21275,GEN,
21276,GEN,
21277,OBC-NCL,5377
21278,GEN,
21279,GEN,
21280,GEN-EWS,3157
21281,GEN,
21282,GEN-EWS,3158
21283,GEN,
21284,GEN,
21285,GEN,
21286,GEN,
21287,GEN,
21288,GEN,
21289,GEN,
21290,GEN,
21291,GEN-EWS,3159
21292,GEN-EWS,3160
21293,OBC-NCL,5378
21294,OBC-NCL,5379
21295,GEN,
21296,GEN,
21297,GEN,
21298,GEN-EWS,3161
21299,OBC-NCL,5380
21300,GEN,
21301,GEN-EWS,3162
21302,OBC-NCL,5381
21303,GEN-EWS,3163
21304,GEN,
21305,GEN,
21306,GEN,
21307,OBC-NCL,5382
21308,OBC-NCL,5383
21309,GEN,
21310,OBC-NCL,5384
21311,SC,646
21312,GEN-EWS,3164
21313,OBC-NCL,5385
21314,GEN,
21315,OBC-NCL,5386
21316,OBC-NCL,5387
21317,OBC-NCL,5388
21318,GEN-EWS,3165
21319,GEN-EWS,3166
21320,GEN,
21321,GEN-EWS,3167
21322,GEN-EWS,3168
21323,GEN-EWS,3169
21324,GEN,
21325,OBC-NCL,5389
21326,OBC-NCL,5390
21327,GEN,
21328,GEN,
21329,OBC-NCL,5391
21330,GEN,
21331,GEN,
21332,OBC-NCL,5393
21333,OBC-NCL,5394
21334,GEN,
21335,GEN,
21336,GEN,
21337,GEN,
21338,GEN-EWS,3170
21339,GEN,
21340,GEN,
21341,GEN,
21342,GEN,
21343,ST,152
21344,OBC-NCL,5395
21345,GEN,
21346,GEN,
21347,OBC-NCL,5396
21348,OBC-NCL,5397
21349,OBC-NCL,5398
21350,GEN,
21351,GEN,
21352,OBC-NCL,5399
21353,OBC-NCL,5400
21354,OBC-NCL,5401
21355,GEN,
21356,GEN,
21357,GEN,
21358,OBC-NCL,5402
21359,GEN-EWS,3171
21360,OBC-NCL,5403
21361,GEN,
21362,GEN,
21363,GEN,
21364,GEN,
21365,GEN-EWS,3172
21366,OBC-NCL,5404
21367,ST,153
21368,OBC-NCL,5405
21369,GEN,
21370,GEN,
21371,OBC-NCL,5406
21372,GEN,
21373,SC,647
21374,GEN-EWS,3173
21375,GEN,
21376,GEN-EWS,3174
21377,GEN-EWS,3175
21378,GEN-EWS,3176
21379,GEN-EWS,3177
21380,SC,648
21381,SC,649
21382,OBC-NCL,5407
21383,GEN-EWS,3178
21384,GEN-EWS,3179
21385,GEN,
21386,GEN,
21387,GEN,
21388,GEN,
21389,SC,650
21390,GEN,
21391,OBC-NCL,5408
21392,GEN,
21393,GEN,
21394,GEN-EWS,3180
21395,GEN,
21396,OBC-NCL,5409
21397,GEN,
21398,GEN,
21399,OBC-NCL,5410
21400,GEN,
21401,OBC-NCL,5411
21402,OBC-NCL,5412
21403,GEN,
21404,GEN-EWS,3181
21405,OBC-NCL,5413
21406,GEN,
21407,SC,651
21408,GEN,
21409,OBC-NCL,5414
21410,GEN,
21411,GEN,
21412,GEN-EWS,3182
21413,GEN-EWS,3183
21414,GEN-EWS,3184
21415,GEN,
21416,OBC-NCL,5415
21417,OBC-NCL,5416
21418,OBC-NCL,5417
21419,OBC-NCL,5418
21420,GEN,
21421,OBC-NCL,5419
21422,OBC-NCL,5420
21423,GEN,
21424,SC,652
21425,OBC-NCL,5421
21426,GEN,
21427,GEN,
21428,OBC-NCL,5422
21429,GEN,
21430,OBC-NCL,5423
21431,OBC-NCL,5424
21432,GEN,
21433,GEN-EWS,3185
21434,GEN,
21435,OBC-NCL,5425
21436,OBC-NCL,5426
21437,OBC-NCL,5427
21438,OBC-NCL,5428
21439,GEN-EWS,3186
21440,GEN,
21440,OBC-NCL,5429
21442,GEN,
21443,GEN-EWS,3187
21444,GEN,
21445,GEN-EWS,3188
21446,GEN,
21447,OBC-NCL,5430
21448,GEN,
21449,GEN,
21450,GEN-EWS,3189
21451,GEN,
21452,GEN,
21453,OBC-NCL,5431
21454,OBC-NCL,5432
21455,OBC-NCL,5433
21456,SC,653
21457,GEN-EWS,3190
21458,SC,654
21459,GEN-EWS,3191
21460,OBC-NCL,5434
21461,GEN,
21462,OBC-NCL,5435
21463,OBC-NCL,5436
21464,OBC-NCL,5437
21465,GEN,
21466,GEN,
21467,OBC-NCL,5438
21468,SC,655
21469,GEN,
21470,GEN-EWS,3192
21471,GEN-EWS,3193
21472,GEN-EWS,3194
21473,SC,656
21474,OBC-NCL,5439
21475,GEN,
21476,OBC-NCL,5440
21477,OBC-NCL,5441
21478,OBC-NCL,5442
21479,GEN-EWS,3195
21480,OBC-NCL,5443
21481,GEN,
21482,OBC-NCL,5444
21483,GEN-EWS,3196
21484,GEN-EWS,3197
21485,GEN,
21486,OBC-NCL,5445
21487,GEN,
21488,GEN-EWS,3198
21489,GEN-EWS,3199
21490,ST,154
21491,GEN,
21492,GEN,
21493,OBC-NCL,5446
21494,ST,155
21495,OBC-NCL,5447
21496,OBC-NCL,5448
21497,GEN-EWS,3200
21498,OBC-NCL,5449
21499,OBC-NCL,5450
21500,GEN,
21501,SC,657
21502,GEN,
21503,OBC-NCL,5451
21503,OBC-NCL,5451
21505,OBC-NCL,5453
21506,GEN,
21507,GEN,
21508,GEN,
21509,GEN-EWS,3201
21510,GEN,
21511,GEN-EWS,3202
21512,GEN,
21513,GEN,
21514,GEN,
21515,ST,156
21516,GEN,
21517,GEN,
21518,GEN,
21519,GEN,
21520,GEN,
21521,GEN,
21522,OBC-NCL,5454
21523,GEN-EWS,3203
21524,GEN,
21525,GEN,
21526,GEN,
21527,GEN,
21528,GEN-EWS,3204
21529,GEN-EWS,3205
21530,GEN,
21531,OBC-NCL,5455
21532,OBC-NCL,5456
21533,GEN,
21534,GEN,
21535,GEN,
21536,GEN-EWS,3206
21537,GEN,
21538,GEN-EWS,3207
21539,OBC-NCL,5457
21540,OBC-NCL,5458
21541,GEN,
21542,GEN,
21543,GEN-EWS,3208
21544,GEN,
21545,GEN-EWS,3209
21546,OBC-NCL,5459
21547,GEN,
21548,GEN-EWS,3210
21549,GEN,
21550,GEN,
21551,GEN,
21552,OBC-NCL,5460
21553,OBC-NCL,5461
21554,GEN-EWS,3211
21555,OBC-NCL,5462
21556,GEN,
21557,GEN,
21558,GEN,
21559,OBC-NCL,5463
21560,GEN,
21561,GEN-EWS,3212
21562,OBC-NCL,5464
21563,OBC-NCL,5465
21564,GEN-EWS,3213
21565,OBC-NCL,5466
21566,GEN,
21567,GEN-EWS,3214
21568,OBC-NCL,5467
21569,OBC-NCL,5468
21570,GEN,
21571,GEN,
21572,GEN,
21573,OBC-NCL,5469
21574,OBC-NCL,5470
21575,GEN,
21576,GEN-EWS,3215
21577,GEN,
21578,GEN,
21579,GEN,
21580,OBC-NCL,5471
21581,GEN,
21582,GEN,
21583,SC,658
21584,GEN,
21585,GEN,
21586,OBC-NCL,5472
21587,GEN,
21588,GEN,
21588,OBC-NCL,5473
21590,GEN,
21591,GEN,
21592,GEN,
21593,SC,659
21594,GEN-EWS,3216
21595,GEN,
21596,GEN-EWS,3217
21597,GEN,
21598,GEN-EWS,3218
21599,GEN,
21600,OBC-NCL,5474
21601,SC,660
21602,GEN,
21603,GEN,
21604,GEN,
21605,OBC-NCL,5475
21606,GEN-EWS,3219
21607,GEN,
21608,GEN,
21609,GEN,
21610,GEN,
21611,GEN-EWS,3220
21612,GEN,
21613,GEN-EWS,3221
21614,OBC-NCL,5476
21615,GEN-EWS,3222
21616,GEN-EWS,3223
21617,GEN,
21618,GEN,
21619,OBC-NCL,5477
21620,GEN,
21620,OBC-NCL,5478
21622,GEN,
21623,GEN,
21624,GEN-EWS,3224
21624,GEN-EWS,3224
21626,OBC-NCL,5479
21627,SC,661
21628,GEN,
21629,GEN-EWS,3226
21630,OBC-NCL,5480
21631,OBC-NCL,5481
21632,GEN-EWS,3227
21633,GEN,
21634,ST,157
21635,SC,662
21636,GEN,
21637,GEN-EWS,3228
21638,GEN-EWS,3229
21639,GEN,
21640,GEN-EWS,3230
21641,GEN,
21642,OBC-NCL,5482
21643,OBC-NCL,5483
21644,OBC-NCL,5484
21645,GEN,
21645,GEN-EWS,3231
21647,OBC-NCL,5485
21648,GEN,
21649,SC,663
21650,GEN-EWS,3232
21651,OBC-NCL,5486
21652,GEN,
21653,OBC-NCL,5487
21654,GEN-EWS,3233
21655,GEN-EWS,3234
21656,GEN,
21657,GEN,
21658,GEN,
21659,GEN,
21660,GEN-EWS,3235
21661,GEN,
21662,OBC-NCL,5488
21663,OBC-NCL,5489
21664,OBC-NCL,5490
21665,OBC-NCL,5491
21666,GEN,
21667,GEN-EWS,3236
21668,GEN,
21669,GEN,
21670,GEN-EWS,3237
21671,GEN-EWS,3238
21672,GEN,
21673,OBC-NCL,5492
21674,GEN,
21675,GEN,
21676,GEN,
21677,OBC-NCL,5493
21678,OBC-NCL,5494
21679,GEN,
21680,OBC-NCL,5495
21681,SC,664
21682,GEN,
21683,GEN,
21684,GEN-EWS,3239
21685,GEN-EWS,3240
21686,GEN,
21687,GEN-EWS,3241
21688,OBC-NCL,5496
21689,SC,665
21690,OBC-NCL,5497
21691,OBC-NCL,5498
21692,OBC-NCL,5499
21693,GEN-EWS,3242
21694,OBC-NCL,5500
21695,OBC-NCL,5501
21696,OBC-NCL,5502
21697,GEN-EWS,3243
21698,ST,158
21699,OBC-NCL,5503
21700,GEN,
21701,GEN,
21702,OBC-NCL,5504
21703,GEN,
21704,GEN-EWS,3244
21705,GEN,
21706,GEN,
21707,GEN,
21708,GEN,
21709,SC,666
21710,OBC-NCL,5505
21711,GEN,
21712,GEN,
21713,GEN-EWS,3245
21714,GEN,
21715,GEN,
21716,GEN-EWS,3246
21717,OBC-NCL,5506
21718,OBC-NCL,5507
21719,OBC-NCL,5508
21720,GEN,
21721,GEN,
21722,OBC-NCL,5509
21723,GEN,
21724,OBC-NCL,5510
21725,OBC-NCL,5511
21726,GEN-EWS,3247
21727,GEN,
21728,GEN,
21729,OBC-NCL,5512
21730,OBC-NCL,5513
21731,OBC-NCL,5514
21732,OBC-NCL,5515
21733,GEN,
21734,OBC-NCL,5516
21735,OBC-NCL,5517
21736,SC,667
21737,GEN,
21738,GEN,
21739,GEN,
21740,OBC-NCL,5518
21741,OBC-NCL,5519
21742,SC,668
21743,OBC-NCL,5520
21744,ST,159
21745,OBC-NCL,5521
21746,GEN,
21747,OBC-NCL,5523
21748,OBC-NCL,5524
21749,GEN,
21750,GEN,
21751,GEN,
21752,OBC-NCL,5525
21753,OBC-NCL,5526
21754,GEN,
21755,GEN,
21756,OBC-NCL,5527
21757,GEN,
21758,OBC-NCL,5528
21759,GEN,
21760,OBC-NCL,5529
21761,GEN-EWS,3248
21762,GEN,
21763,OBC-NCL,5530
21764,GEN-EWS,3249
21765,GEN,
21766,OBC-NCL,5531
21767,GEN,
21768,GEN,
21769,GEN,
21770,GEN,
21771,GEN-EWS,3250
21772,GEN,
21773,GEN,
21774,GEN,
21775,OBC-NCL,5532
21776,OBC-NCL,5533
21777,OBC-NCL,5534
21778,OBC-NCL,5535
21779,GEN,
21780,GEN,
21781,GEN,
21782,OBC-NCL,5536
21783,OBC-NCL,5537
21784,GEN,
21785,GEN-EWS,3251
21786,GEN,
21787,GEN-EWS,3252
21788,GEN,
21789,SC,669
21790,GEN,
21791,GEN,
21792,OBC-NCL,5538
21793,GEN,
21794,GEN-EWS,3253
21795,OBC-NCL,5539
21796,GEN-EWS,3254
21797,GEN,
21798,GEN,
21799,OBC-NCL,5540
21800,OBC-NCL,5541
21801,SC,670
21802,OBC-NCL,5542
21803,GEN-EWS,3255
21804,GEN,
21805,GEN-EWS,3256
21806,GEN,
21807,OBC-NCL,5543
21808,GEN,
21809,SC,671
21810,OBC-NCL,5544
21811,GEN,
21812,GEN,
21813,GEN,
21814,GEN,
21815,GEN-EWS,3257
21816,GEN,
21817,OBC-NCL,5545
21818,GEN,
21819,GEN,
21820,GEN,
21821,OBC-NCL,5546
21822,OBC-NCL,5547
21823,GEN,
21824,GEN-EWS,3258
21825,GEN,
21826,OBC-NCL,5548
21827,OBC-NCL,5549
21828,GEN,
21829,OBC-NCL,5550
21830,GEN-EWS,3259
21831,GEN,
21832,GEN,
21833,OBC-NCL,5551
21834,GEN,
21835,SC,672
21836,OBC-NCL,5552
21837,OBC-NCL,5553
21838,GEN,
21839,GEN,
21840,OBC-NCL,5554
21841,OBC-NCL,5555
21842,GEN-EWS,3260
21843,OBC-NCL,5556
21844,GEN-EWS,3261
21845,GEN-EWS,3262
21846,GEN,
21847,GEN,
21848,GEN,
21849,GEN,
21850,GEN,
21851,GEN,
21852,OBC-NCL,5557
21853,GEN,
21854,GEN,
21855,OBC-NCL,5558
21856,OBC-NCL,5559
21857,OBC-NCL,5560
21858,OBC-NCL,5561
21859,GEN,
21860,GEN,
21861,GEN-EWS,3263
21862,GEN,
21863,GEN,
21864,SC,673
21865,OBC-NCL,5562
21866,GEN,
21867,OBC-NCL,5563
21868,GEN,
21869,GEN,
21870,SC,674
21871,OBC-NCL,5564
21872,GEN-EWS,3264
21873,GEN,
21874,OBC-NCL,5565
21875,OBC-NCL,5566
21876,GEN-EWS,3265
21877,GEN,
21878,GEN-EWS,3266
21879,GEN,
21880,GEN-EWS,3267
21881,GEN-EWS,3268
21882,GEN,
21883,GEN,
21884,GEN,
21885,GEN,
21886,OBC-NCL,5567
21887,GEN,
21888,OBC-NCL,5568
21889,GEN,
21890,OBC-NCL,5569
21891,GEN-EWS,3269
21892,OBC-NCL,5570
21893,GEN-EWS,3270
21894,OBC-NCL,5571
21895,GEN,
21896,GEN,
21897,OBC-NCL,5572
21898,OBC-NCL,5573
21899,GEN,
21900,GEN,
21901,GEN,
21902,GEN,
21903,OBC-NCL,5574
21904,GEN,
21905,GEN,
21906,GEN,
21907,GEN,
21908,GEN,
21909,GEN,
21910,OBC-NCL,5575
21911,GEN,
21912,GEN,
21913,GEN,
21914,OBC-NCL,5576
21915,GEN-EWS,3271
21916,OBC-NCL,5577
21917,GEN-EWS,3272
21918,OBC-NCL,5578
21919,SC,675
21920,GEN,
21921,GEN,
21922,GEN,
21923,GEN,
21924,GEN,
21925,GEN-EWS,3273
21926,GEN,
21926,OBC-NCL,5579
21928,GEN-EWS,3274
21929,ST,160
21930,OBC-NCL,5580
21931,OBC-NCL,5581
21932,OBC-NCL,5582
21933,GEN-EWS,3275
21934,OBC-NCL,5583
21935,OBC-NCL,5584
21936,GEN,
21937,GEN,
21938,OBC-NCL,5585
21939,GEN-EWS,3276
21940,OBC-NCL,5586
21941,SC,676
21942,GEN,
21943,GEN,
21944,GEN,
21945,GEN-EWS,3277
21946,OBC-NCL,5587
21947,GEN-EWS,3278
21948,GEN,
21949,OBC-NCL,5588
21950,GEN-EWS,3279
21951,GEN,
21952,OBC-NCL,5589
21953,GEN-EWS,3280
21954,OBC-NCL,5590
21955,OBC-NCL,5591
21956,GEN,
21957,GEN,
21958,OBC-NCL,5592
21959,GEN,
21960,GEN,
21961,GEN-EWS,3281
21962,GEN,
21963,GEN-EWS,3282
21964,GEN,
21965,GEN-EWS,3283
21966,GEN,
21967,GEN,
21968,GEN,
21969,GEN,
21970,OBC-NCL,5593
21971,OBC-NCL,5594
21972,GEN,
21973,OBC-NCL,5595
21974,GEN,
21975,GEN,
21976,GEN-EWS,3284
21977,OBC-NCL,5596
21978,OBC-NCL,5597
21979,GEN-EWS,3285
21980,GEN-EWS,3286
21981,OBC-NCL,5598
21982,GEN,
21983,GEN,
21984,OBC-NCL,5599
21985,OBC-NCL,5600
21986,GEN,
21987,GEN,
21988,OBC-NCL,5601
21989,GEN-EWS,3287
21989,ST,161
21991,GEN,
21992,GEN,
21993,OBC-NCL,5602
21994,GEN,
21995,GEN-EWS,3288
21996,GEN,
21996,OBC-NCL,5603
21998,GEN,
21999,GEN,
22000,GEN,
22001,GEN,
22002,GEN,
22002,OBC-NCL,5604
22004,OBC-NCL,5605
22005,GEN,
22006,GEN,
22006,GEN,
22008,GEN,
22009,GEN,
22010,SC,677
22011,OBC-NCL,5606
22012,GEN,
22013,GEN,
22014,OBC-NCL,5607
22015,GEN,
22016,GEN,
22017,GEN-EWS,3289
22018,GEN-EWS,3290
22019,OBC-NCL,5608
22020,GEN,
22021,OBC-NCL,5609
22022,OBC-NCL,5610
22023,OBC-NCL,5611
22024,GEN,
22025,GEN,
22026,OBC-NCL,5612
22027,OBC-NCL,5613
22028,GEN,
22029,OBC-NCL,5614
22030,GEN,
22031,GEN,
22032,GEN,
22033,GEN-EWS,3291
22034,GEN,
22035,OBC-NCL,5615
22036,OBC-NCL,5616
22037,GEN,
22038,GEN-EWS,3292
22039,OBC-NCL,5617
22040,GEN,
22041,GEN,
22042,GEN,
22043,GEN,
22044,GEN,
22045,GEN-EWS,3293
22046,OBC-NCL,5618
22047,OBC-NCL,5619
22048,GEN,
22049,OBC-NCL,5620
22050,GEN-EWS,3294
22051,OBC-NCL,5621
22052,GEN,
22053,OBC-NCL,5622
22054,GEN,
22055,GEN,
22056,GEN,
22057,GEN,
22058,GEN,
22059,OBC-NCL,5623
22060,OBC-NCL,5624
22061,GEN-EWS,3295
22062,GEN,
22063,GEN,
22064,OBC-NCL,5625
22065,GEN,
22066,OBC-NCL,5626
22067,GEN,
22068,GEN,
22069,GEN-EWS,3296
22070,GEN-EWS,3297
22071,GEN,
22072,GEN,
22073,OBC-NCL,5627
22074,GEN,
22075,OBC-NCL,5628
22076,OBC-NCL,5629
22077,OBC-NCL,5630
22078,GEN,
22079,GEN,
22080,GEN,
22081,GEN,
22082,GEN-EWS,3298
22083,GEN,
22084,GEN,
22085,OBC-NCL,5631
22086,GEN,
22087,GEN,
22088,GEN-EWS,3299
22089,GEN,
22090,GEN,
22091,GEN,
22092,GEN-EWS,3300
22093,GEN,
22094,GEN,
22095,GEN,
22096,OBC-NCL,5632
22097,GEN,
22098,OBC-NCL,5633
22099,GEN-EWS,3301
22100,GEN-EWS,3302
22101,GEN,
22102,GEN,
22103,OBC-NCL,5634
22104,GEN,
22105,GEN-EWS,3303
22106,GEN,
22107,GEN,
22108,SC,678
22109,GEN,
22110,OBC-NCL,5635
22111,OBC-NCL,5636
22112,OBC-NCL,5637
22113,GEN,
22114,GEN-EWS,3304
22115,SC,679
22116,OBC-NCL,5638
22117,GEN,
22118,OBC-NCL,5639
22119,SC,680
22120,GEN-EWS,3305
22121,GEN,
22122,GEN,
22123,OBC-NCL,5640
22124,GEN-EWS,3306
22125,OBC-NCL,5641
22126,GEN,
22127,GEN,
22127,GEN,
22129,GEN,
22130,OBC-NCL,5642
22131,OBC-NCL,5643
22132,GEN-EWS,3307
22133,OBC-NCL,5644
22134,GEN,
22135,OBC-NCL,5645
22136,GEN-EWS,3308
22137,GEN,
22138,GEN,
22139,GEN,
22140,GEN-EWS,3309
22141,GEN,
22142,GEN,
22143,GEN,
22144,OBC-NCL,5646
22145,OBC-NCL,5647
22146,OBC-NCL,5648
22147,OBC-NCL,5649
22148,GEN,
22149,GEN-EWS,3310
22150,GEN,
22151,GEN,
22152,SC,681
22153,GEN,
22154,OBC-NCL,5650
22155,GEN,
22156,OBC-NCL,5651
22157,GEN,
22158,GEN-EWS,3311
22159,GEN,
22160,OBC-NCL,5652
22161,GEN,
22162,GEN,
22163,GEN-EWS,3312
22164,OBC-NCL,5653
22165,OBC-NCL,5654
22166,GEN,
22167,OBC-NCL,5655
22168,GEN,
22169,GEN-EWS,3313
22170,GEN,
22171,GEN,
22172,OBC-NCL,5656
22173,GEN-EWS,3314
22174,GEN-EWS,3315
22175,GEN,
22176,OBC-NCL,5657
22177,SC,682
22178,OBC-NCL,5658
22179,OBC-NCL,5659
22180,GEN-EWS,3316
22181,GEN,
22182,GEN,
22183,GEN,
22184,GEN,
22185,GEN,
22186,OBC-NCL,5660
22187,OBC-NCL,5661
22188,OBC-NCL,5662
22189,OBC-NCL,5663
22190,GEN,
22191,GEN,
22192,OBC-NCL,5664
22192,SC,683
22194,GEN,
22195,OBC-NCL,5665
22196,GEN,
22197,GEN-EWS,3317
22198,OBC-NCL,5666
22199,GEN,
22200,GEN,
22201,GEN,
22202,SC,684
22203,GEN,
22204,GEN-EWS,3318
22205,OBC-NCL,5667
22206,GEN,
22207,GEN-EWS,3319
22208,GEN,
22209,GEN,
22210,GEN,
22211,GEN,
22212,GEN,
22213,SC,685
22214,GEN,
22215,GEN,
22216,GEN,
22217,OBC-NCL,5668
22218,GEN-EWS,3320
22219,GEN,
22220,OBC-NCL,5669
22221,GEN-EWS,3321
22222,GEN,
22223,OBC-NCL,5670
22224,GEN,
22225,OBC-NCL,5671
22226,OBC-NCL,5672
22227,OBC-NCL,5673
22228,GEN,
22229,GEN,
22230,GEN,
22231,GEN,
22232,GEN,
22233,GEN,
22234,GEN,
22235,GEN,
22236,GEN,
22237,OBC-NCL,5674
22238,GEN,
22239,GEN,
22240,GEN,
22241,GEN,
22242,OBC-NCL,5675
22243,OBC-NCL,5676
22244,GEN,
22245,GEN,
22246,OBC-NCL,5677
22246,OBC-NCL,5677
22248,GEN,
22249,OBC-NCL,5679
22250,GEN,
22251,OBC-NCL,5680
22252,OBC-NCL,5681
22253,OBC-NCL,5682
22254,GEN,
22255,GEN,
22256,OBC-NCL,5683
22257,GEN-EWS,3322
22258,OBC-NCL,5684
22259,GEN-EWS,3323
22260,OBC-NCL,5685
22261,SC,686
22262,GEN,
22263,GEN,
22264,SC,687
22265,OBC-NCL,5686
22266,OBC-NCL,5687
22267,OBC-NCL,5688
22268,OBC-NCL,5689
22269,OBC-NCL,5690
22270,OBC-NCL,5691
22271,GEN-EWS,3324
22272,GEN-EWS,3325
22273,OBC-NCL,5692
22274,GEN-EWS,3326
22275,GEN,
22276,GEN,
22277,GEN,
22278,GEN-EWS,3327
22279,OBC-NCL,5693
22280,OBC-NCL,5694
22281,OBC-NCL,5695
22282,GEN,
22283,GEN-EWS,3328
22284,GEN,
22285,GEN,
22286,GEN-EWS,3329
22287,SC,688
22288,SC,689
22289,GEN-EWS,3330
22290,GEN,
22291,OBC-NCL,5696
22292,GEN,
22293,GEN,
22294,OBC-NCL,5697
22295,GEN-EWS,3331
22296,GEN,
22297,GEN,
22298,GEN,
22299,GEN-EWS,3332
22300,GEN,
22301,OBC-NCL,5698
22302,GEN-EWS,3333
22303,OBC-NCL,5699
22304,GEN-EWS,3334
22305,OBC-NCL,5700
22306,OBC-NCL,5701
22307,GEN,
22308,OBC-NCL,5702
22309,GEN,
22310,GEN-EWS,3335
22311,GEN,
22312,GEN-EWS,3336
22313,OBC-NCL,5703
22314,OBC-NCL,5704
22315,GEN,
22316,OBC-NCL,5705
22317,GEN-EWS,3337
22318,GEN,
22319,GEN,
22320,GEN,
22321,GEN,
22322,GEN,
22323,GEN,
22324,OBC-NCL,5706
22325,GEN,
22326,GEN,
22327,GEN-EWS,3338
22328,OBC-NCL,5707
22329,GEN-EWS,3339
22330,ST,162
22331,OBC-NCL,5708
22332,GEN,
22333,GEN-EWS,3340
22334,GEN,
22335,GEN,
22336,GEN-EWS,3341
22337,GEN,
22338,GEN,
22339,GEN-EWS,3342
22340,OBC-NCL,5709
22341,GEN,
22342,GEN,
22343,GEN-EWS,3343
22344,OBC-NCL,5710
22345,GEN,
22346,GEN,
22347,GEN,
22348,OBC-NCL,5711
22349,GEN,
22350,GEN-EWS,3344
22351,GEN,
22352,GEN-EWS,3345
22353,GEN,
22354,GEN,
22355,OBC-NCL,5712
22356,GEN,
22357,OBC-NCL,5713
22358,GEN,
22359,GEN,
22360,GEN,
22361,GEN-EWS,3346
22362,GEN,
22363,GEN-EWS,3347
22364,GEN,
22365,OBC-NCL,5714
22366,OBC-NCL,5715
22367,OBC-NCL,5716
22368,OBC-NCL,5717
22369,GEN,
22370,SC,690
22371,GEN,
22372,GEN-EWS,3348
22373,GEN,
22374,GEN,
22375,GEN,
22376,GEN,
22377,GEN,
22378,GEN-EWS,3349
22379,GEN-EWS,3350
22380,GEN,
22381,GEN,
22382,GEN,
22383,OBC-NCL,5718
22384,GEN,
22385,OBC-NCL,5719
22386,GEN,
22387,GEN,
22388,SC,691
22389,GEN,
22390,GEN,
22391,GEN-EWS,3351
22392,GEN,
22393,GEN,
22394,GEN,
22395,GEN,
22396,GEN,
22397,GEN,
22398,OBC-NCL,5720
22399,GEN-EWS,3352
22400,GEN,
22401,GEN,
22402,GEN-EWS,3353
22403,OBC-NCL,5721
22404,GEN,
22405,GEN,
22406,GEN,
22407,OBC-NCL,5722
22408,OBC-NCL,5723
22409,OBC-NCL,5724
22410,GEN,
22411,GEN,
22412,GEN,
22413,GEN,
22414,OBC-NCL,5725
22415,GEN,
22416,GEN,
22417,GEN-EWS,3354
22418,GEN,
22419,OBC-NCL,5726
22420,GEN,
22421,OBC-NCL,5727
22422,OBC-NCL,5728
22423,GEN,
22424,GEN,
22424,GEN-EWS,3355
22426,SC,692
22427,GEN,
22428,OBC-NCL,5729
22429,GEN,
22430,OBC-NCL,5730
22431,GEN,
22432,GEN-EWS,3356
22433,GEN,
22434,GEN,
22435,GEN,
22436,GEN,
22437,GEN-EWS,3357
22438,GEN-EWS,3358
22439,OBC-NCL,5731
22440,GEN,
22441,GEN,
22442,GEN,
22443,GEN,
22444,OBC-NCL,5732
22445,OBC-NCL,5733
22446,GEN,
22447,GEN,
22448,GEN,
22449,GEN,
22450,OBC-NCL,5734
22451,GEN,
22452,GEN,
22453,GEN,
22454,OBC-NCL,5735
22455,GEN-EWS,3359
22456,OBC-NCL,5736
22457,GEN-EWS,3360
22458,GEN,
22459,OBC-NCL,5737
22460,GEN,
22461,GEN,
22462,GEN-EWS,3361
22463,OBC-NCL,5738
22464,GEN,
22465,OBC-NCL,5739
22466,GEN,
22467,GEN-EWS,3362
22468,GEN-EWS,3363
22469,GEN,
22470,GEN,
22471,OBC-NCL,5740
22472,SC,693
22473,OBC-NCL,5741
22474,GEN,
22475,GEN-EWS,3364
22476,GEN,
22477,GEN-EWS,3365
22478,GEN-EWS,3366
22479,SC,694
22480,GEN,
22481,SC,695
22482,GEN,
22483,OBC-NCL,5742
22484,GEN-EWS,3367
22485,GEN-EWS,3368
22486,OBC-NCL,5743
22487,GEN-EWS,3369
22488,GEN-EWS,3370
22489,OBC-NCL,5744
22490,GEN-EWS,3371
22491,GEN,
22492,OBC-NCL,5745
22493,GEN,
22494,GEN,
22495,GEN,
22496,GEN-EWS,3372
22497,OBC-NCL,5746
22498,GEN,
22499,GEN-EWS,3373
22500,GEN,
22501,GEN-EWS,3374
22502,OBC-NCL,5747
22503,OBC-NCL,5748
22504,GEN,
22505,GEN,
22506,GEN,
22507,GEN,
22508,GEN,
22509,OBC-NCL,5749
22510,GEN,
22511,GEN,
22512,GEN-EWS,3375
22513,OBC-NCL,5750
22514,OBC-NCL,5751
22515,OBC-NCL,5752
22516,OBC-NCL,5753
22517,GEN,
22518,GEN-EWS,3376
22519,GEN,
22520,GEN,
22521,GEN,
22522,GEN-EWS,3377
22523,GEN,
22524,GEN,
22525,GEN-EWS,3378
22526,OBC-NCL,5754
22527,OBC-NCL,5755
22528,GEN,
22529,GEN,
22530,GEN,
22531,GEN,
22532,GEN,
22533,OBC-NCL,5756
22534,GEN,
22535,GEN-EWS,3379
22536,GEN,
22537,OBC-NCL,5757
22538,GEN,
22539,SC,696
22540,GEN,
22541,GEN,
22542,OBC-NCL,5758
22543,OBC-NCL,5759
22544,GEN-EWS,3380
22545,OBC-NCL,5760
22546,GEN,
22547,GEN,
22548,GEN,
22549,GEN,
22550,GEN-EWS,3381
22551,OBC-NCL,5761
22552,GEN,
22553,GEN,
22554,OBC-NCL,5762
22555,GEN-EWS,3382
22556,OBC-NCL,5763
22557,SC,697
22558,OBC-NCL,5764
22559,GEN,
22560,SC,698
22561,OBC-NCL,5765
22562,GEN,
22563,OBC-NCL,5766
22564,GEN-EWS,3383
22565,GEN,
22566,GEN,
22567,GEN,
22568,OBC-NCL,5767
22569,OBC-NCL,5768
22570,OBC-NCL,5769
22571,GEN-EWS,3384
22572,GEN-EWS,3385
22573,GEN,
22574,GEN,
22575,SC,699
22576,GEN,
22577,GEN,
22578,OBC-NCL,5770
22579,GEN-EWS,3386
22580,GEN-EWS,3387
22581,GEN,
22582,GEN,
22583,GEN-EWS,3388
22584,GEN-EWS,3389
22585,GEN,
22586,GEN-EWS,3390
22587,GEN,
22588,GEN,
22589,OBC-NCL,5771
22590,GEN,
22591,GEN,
22592,GEN,
22593,OBC-NCL,5772
22594,GEN,
22595,GEN,
22596,GEN-EWS,3391
22597,OBC-NCL,5773
22598,GEN,
22599,GEN,
22600,OBC-NCL,5774
22601,OBC-NCL,5775
22602,GEN,
22603,SC,700
22604,GEN,
22605,GEN,
22606,OBC-NCL,5776
22607,GEN,
22608,GEN,
22609,OBC-NCL,5777
22610,OBC-NCL,5778
22611,GEN,
22612,GEN,
22613,SC,701
22614,GEN-EWS,3392
22615,GEN,
22616,OBC-NCL,5779
22617,GEN,
22618,GEN,
22619,GEN,
22620,OBC-NCL,5780
22621,GEN,
22622,GEN,
22623,GEN,
22624,GEN,
22625,GEN,
22626,GEN,
22627,GEN,
22628,OBC-NCL,5781
22629,OBC-NCL,5782
22630,OBC-NCL,5783
22631,GEN,
22632,GEN,
22633,GEN,
22634,GEN,
22635,GEN,
22636,OBC-NCL,5784
22637,GEN-EWS,3393
22638,OBC-NCL,5785
22639,OBC-NCL,5786
22640,GEN,
22641,GEN,
22642,OBC-NCL,5787
22643,GEN,
22644,OBC-NCL,5788
22645,GEN-EWS,3394
22646,OBC-NCL,5789
22647,GEN-EWS,3395
22648,GEN,
22649,GEN,
22650,GEN-EWS,3396
22651,GEN,
22652,GEN-EWS,3397
22653,SC,702
22654,GEN,
22655,OBC-NCL,5790
22656,GEN,
22657,GEN,
22658,GEN,
22659,GEN-EWS,3398
22660,OBC-NCL,5791
22661,OBC-NCL,5792
22662,GEN-EWS,3399
22663,GEN,
22664,GEN-EWS,3400
22665,GEN-EWS,3401
22666,GEN-EWS,3402
22667,GEN,
22668,GEN-EWS,3403
22668,OBC-NCL,5793
22670,GEN,
22671,GEN,
22672,OBC-NCL,5794
22673,OBC-NCL,5795
22674,OBC-NCL,5796
22675,SC,703
22676,GEN,
22677,GEN,
22677,OBC-NCL,5797
22679,GEN,
22680,OBC-NCL,5798
22681,GEN,
22682,GEN,
22683,GEN,
22684,GEN,
22685,GEN,
22686,GEN,
22687,GEN-EWS,3404
22688,GEN-EWS,3405
22689,GEN,
22690,OBC-NCL,5799
22691,GEN,
22692,GEN,
22693,OBC-NCL,5800
22694,GEN-EWS,3406
22695,OBC-NCL,5801
22696,GEN,
22697,OBC-NCL,5802
22698,GEN,
22699,OBC-NCL,5803
22700,OBC-NCL,5804
22701,GEN,
22702,GEN,
22703,OBC-NCL,5805
22704,GEN,
22705,OBC-NCL,5806
22706,GEN-EWS,3407
22707,GEN,
22708,GEN-EWS,3408
22709,GEN-EWS,3409
22710,OBC-NCL,5807
22711,GEN-EWS,3410
22712,OBC-NCL,5808
22713,GEN,
22714,GEN,
22715,GEN-EWS,3411
22716,GEN,
22717,GEN,
22718,GEN-EWS,3412
22719,GEN,
22720,GEN,
22721,GEN,
22722,GEN-EWS,3413
22723,GEN,
22724,GEN,
22725,SC,704
22726,GEN-EWS,3414
22727,GEN,
22728,GEN-EWS,3415
22729,GEN,
22730,OBC-NCL,5809
22731,GEN,
22732,GEN,
22733,OBC-NCL,5810
22734,GEN,
22735,GEN-EWS,3416
22736,GEN,
22737,GEN,
22738,GEN-EWS,3417
22739,GEN,
22740,ST,163
22741,GEN,
22742,GEN,
22743,GEN,
22744,GEN-EWS,3418
22745,OBC-NCL,5811
22746,OBC-NCL,5812
22747,GEN,
22748,GEN,
22748,GEN-EWS,3419
22750,GEN,
22751,GEN-EWS,3420
22752,SC,705
22753,GEN,
22754,GEN,
22755,OBC-NCL,5813
22756,GEN-EWS,3421
22757,GEN,
22758,OBC-NCL,5814
22759,GEN-EWS,3422
22760,OBC-NCL,5815
22761,GEN-EWS,3423
22762,GEN-EWS,3424
22763,GEN,
22764,GEN,
22765,GEN,
22766,GEN,
22767,GEN,
22768,GEN,
22769,GEN-EWS,3425
22769,OBC-NCL,5816
22771,OBC-NCL,5817
22772,GEN,
22773,GEN,
22774,GEN,
22775,GEN,
22776,GEN,
22777,GEN,
22778,GEN,
22779,GEN-EWS,3426
22780,SC,706
22781,OBC-NCL,5818
22782,GEN,
22783,GEN-EWS,3427
22784,OBC-NCL,5819
22785,GEN,
22786,SC,707
22787,GEN,
22788,GEN,
22789,GEN,
22790,OBC-NCL,5820
22791,OBC-NCL,5821
22792,GEN-EWS,3428
22793,GEN-EWS,3429
22794,OBC-NCL,5822
22795,GEN,
22796,GEN,
22797,GEN,
22798,GEN,
22799,OBC-NCL,5823
22800,GEN-EWS,3430
22801,OBC-NCL,5824
22802,GEN,
22803,OBC-NCL,5825
22804,GEN,
22805,GEN,
22806,GEN,
22807,OBC-NCL,5826
22808,OBC-NCL,5827
22809,GEN,
22810,SC,708
22811,GEN,
22812,SC,709
22813,GEN,
22814,GEN,
22815,SC,710
22816,GEN,
22817,GEN,
22818,SC,711
22819,GEN-EWS,3431
22820,GEN,
22821,GEN,
22822,GEN,
22823,GEN-EWS,3432
22823,OBC-NCL,5828
22825,GEN,
22826,SC,712
22827,GEN,
22828,OBC-NCL,5829
22829,OBC-NCL,5830
22830,GEN,
22831,OBC-NCL,5831
22832,GEN,
22833,GEN,
22834,GEN,
22835,GEN,
22836,GEN-EWS,3433
22837,OBC-NCL,5832
22838,GEN,
22839,GEN-EWS,3434
22840,GEN,
22841,OBC-NCL,5833
22842,GEN,
22843,GEN,
22844,GEN,
22845,GEN,
22846,GEN,
22847,GEN-EWS,3435
22848,GEN,
22849,GEN,
22850,GEN,
22851,GEN-EWS,3436
22852,OBC-NCL,5834
22853,GEN,
22854,GEN,
22855,OBC-NCL,5835
22856,OBC-NCL,5836
22857,GEN,
22858,OBC-NCL,5837
22859,GEN,
22860,GEN,
22861,GEN,
22862,GEN,
22863,GEN,
22864,OBC-NCL,5838
22865,GEN,
22866,GEN,
22867,GEN,
22868,OBC-NCL,5839
22869,OBC-NCL,5840
22870,GEN-EWS,3437
22871,OBC-NCL,5841
22872,OBC-NCL,5842
22873,GEN,
22874,ST,164
22875,GEN-EWS,3438
22876,GEN-EWS,3439
22877,OBC-NCL,5843
22878,OBC-NCL,5844
22879,GEN,
22880,GEN,
22881,OBC-NCL,5845
22882,OBC-NCL,5846
22883,OBC-NCL,5847
22884,GEN,
22885,GEN,
22886,GEN,
22887,GEN,
22888,GEN,
22889,ST,165
22890,OBC-NCL,5848
22891,GEN-EWS,3440
22892,GEN,
22893,OBC-NCL,5849
22894,GEN,
22895,GEN,
22896,GEN,
22897,GEN,
22898,OBC-NCL,5850
22899,OBC-NCL,5851
22900,SC,713
22901,GEN,
22902,OBC-NCL,5852
22903,OBC-NCL,5853
22904,GEN,
22905,GEN,
22906,GEN-EWS,3441
22907,GEN,
22908,OBC-NCL,5854
22909,GEN-EWS,3442
22910,OBC-NCL,5855
22911,OBC-NCL,5856
22912,GEN,
22913,GEN,
22914,GEN-EWS,3443
22915,GEN-EWS,3444
22916,OBC-NCL,5857
22917,GEN,
22918,OBC-NCL,5858
22919,GEN,
22920,OBC-NCL,5859
22921,OBC-NCL,5860
22922,GEN,
22923,GEN,
22924,GEN,
22925,GEN,
22926,GEN,
22927,ST,166
22928,GEN,
22929,GEN,
22930,GEN,
22931,GEN,
22932,OBC-NCL,5861
22933,GEN,
22934,GEN,
22935,OBC-NCL,5862
22936,GEN-EWS,3445
22937,GEN-EWS,3446
22938,GEN,
22939,GEN,
22940,GEN,
22941,SC,714
22942,GEN,
22943,ST,167
22944,GEN-EWS,3447
22945,GEN-EWS,3448
22946,GEN-EWS,3449
22947,OBC-NCL,5863
22948,ST,168
22949,GEN-EWS,3450
22950,GEN-EWS,3451
22951,GEN,
22952,GEN,
22953,GEN,
22954,GEN,
22955,ST,169
22956,GEN,
22957,OBC-NCL,5864
22958,GEN-EWS,3452
22959,GEN,
22960,GEN,
22961,GEN,
22962,GEN,
22963,OBC-NCL,5865
22964,OBC-NCL,5866
22965,OBC-NCL,5867
22966,GEN,
22967,GEN-EWS,3453
22968,GEN,
22969,GEN,
22970,OBC-NCL,5868
22971,GEN,
22972,GEN,
22973,GEN,
22974,GEN,
22975,GEN-EWS,3454
22976,GEN,
22977,OBC-NCL,5869
22978,GEN-EWS,3455
22979,OBC-NCL,5870
22980,OBC-NCL,5871
22981,GEN,
22982,GEN,
22983,GEN-EWS,3456
22984,OBC-NCL,5872
22985,GEN,
22986,GEN,
22987,GEN-EWS,3457
22988,GEN,
22989,GEN-EWS,3458
22990,OBC-NCL,5873
22991,GEN,
22992,GEN,
22993,GEN,
22994,OBC-NCL,5874
22995,GEN,
22996,GEN-EWS,3459
22997,GEN,
22998,OBC-NCL,5875
22999,OBC-NCL,5876
23000,OBC-NCL,5877
23001,GEN-EWS,3460
23002,OBC-NCL,5878
23003,GEN-EWS,3461
23004,GEN,
23005,GEN,
23006,GEN-EWS,3462
23007,OBC-NCL,5879
23008,GEN-EWS,3463
23009,SC,715
23010,GEN-EWS,3464
23011,GEN,
23012,GEN-EWS,3465
23013,GEN,
23014,GEN,
23015,OBC-NCL,5881
23016,GEN,
23017,OBC-NCL,5882
23018,OBC-NCL,5883
23019,GEN-EWS,3466
23020,GEN-EWS,3467
23021,OBC-NCL,5884
23022,GEN,
23023,GEN,
23024,GEN,
23025,GEN,
23025,OBC-NCL,5885
23027,GEN,
23028,OBC-NCL,5886
23029,OBC-NCL,5887
23030,GEN-EWS,3468
23031,GEN,
23032,GEN,
23033,GEN,
23034,OBC-NCL,5888
23035,GEN,
23036,GEN,
23037,OBC-NCL,5889
23038,GEN,
23039,GEN-EWS,3469
23040,GEN,
23041,OBC-NCL,5890
23042,GEN,
23043,GEN,
23044,OBC-NCL,5891
23045,OBC-NCL,5892
23046,GEN-EWS,3470
23047,GEN,
23048,OBC-NCL,5893
23049,OBC-NCL,5894
23050,GEN-EWS,3471
23051,GEN-EWS,3472
23052,GEN-EWS,3473
23053,OBC-NCL,5895
23054,GEN,
23055,GEN,
23056,OBC-NCL,5896
23057,GEN,
23058,OBC-NCL,5897
23059,GEN-EWS,3474
23060,GEN-EWS,3475
23061,GEN,
23062,GEN-EWS,3476
23063,GEN-EWS,3477
23064,OBC-NCL,5898
23065,GEN,
23066,GEN,
23067,GEN,
23068,GEN,
23069,OBC-NCL,5899
23070,GEN,
23071,OBC-NCL,5900
23072,GEN-EWS,3478
23073,OBC-NCL,5901
23074,GEN,
23075,GEN,
23076,OBC-NCL,5902
23077,SC,716
23078,GEN,
23079,SC,717
23080,OBC-NCL,5903
23081,OBC-NCL,5904
23082,GEN,
23083,OBC-NCL,5905
23084,GEN,
23085,OBC-NCL,5906
23086,GEN,
23087,OBC-NCL,5907
23088,GEN-EWS,3479
23089,OBC-NCL,5908
23090,GEN,
23091,GEN,
23092,OBC-NCL,5909
23093,OBC-NCL,5910
23094,GEN,
23095,GEN,
23096,OBC-NCL,5911
23097,GEN,
23098,GEN,
23099,SC,718
23100,GEN,
23101,GEN-EWS,3480
23102,OBC-NCL,5912
23103,OBC-NCL,5913
23104,GEN,
23105,GEN,
23106,GEN-EWS,3481
23107,GEN,
23108,GEN,
23109,GEN,
23110,GEN,
23111,GEN-EWS,3482
23111,OBC-NCL,5914
23113,GEN-EWS,3483
23114,GEN-EWS,3484
23115,GEN,
23116,GEN,
23117,OBC-NCL,5915
23118,OBC-NCL,5916
23119,GEN,
23120,GEN-EWS,3485
23121,GEN-EWS,3486
23122,GEN,
23123,GEN,
23124,OBC-NCL,5917
23125,GEN,
23126,GEN-EWS,3487
23127,GEN,
23128,OBC-NCL,5918
23129,GEN-EWS,3488
23130,OBC-NCL,5919
23131,GEN,
23132,GEN,
23133,GEN,
23134,OBC-NCL,5920
23135,GEN-EWS,3489
23136,SC,719
23137,OBC-NCL,5921
23138,GEN,
23139,ST,170
23140,OBC-NCL,5922
23141,OBC-NCL,5923
23142,OBC-NCL,5924
23143,GEN,
23144,GEN-EWS,3490
23145,OBC-NCL,5925
23146,OBC-NCL,5926
23146,OBC-NCL,5926
23148,GEN,
23149,GEN-EWS,3491
23150,GEN,
23151,GEN-EWS,3492
23152,OBC-NCL,5928
23153,GEN-EWS,3493
23154,OBC-NCL,5929
23155,OBC-NCL,5930
23156,OBC-NCL,5931
23157,OBC-NCL,5932
23158,GEN-EWS,3494
23159,OBC-NCL,5933
23160,GEN,
23161,OBC-NCL,5934
23162,GEN-EWS,3495
23163,GEN,
23164,OBC-NCL,5935
23165,OBC-NCL,5936
23166,GEN-EWS,3496
23167,GEN-EWS,3497
23168,OBC-NCL,5937
23169,OBC-NCL,5938
23170,OBC-NCL,5939
23171,GEN,
23172,GEN,
23173,GEN,
23174,OBC-NCL,5940
23175,GEN,
23176,GEN-EWS,3498
23177,GEN-EWS,3499
23178,GEN-EWS,3500
23179,GEN,
23180,GEN,
23181,GEN-EWS,3501
23182,GEN,
23183,OBC-NCL,5941
23184,OBC-NCL,5942
23185,OBC-NCL,5943
23186,GEN,
23187,GEN-EWS,3502
23188,GEN-EWS,3503
23189,OBC-NCL,5944
23190,OBC-NCL,5945
23191,GEN-EWS,3504
23192,OBC-NCL,5946
23193,OBC-NCL,5947
23194,GEN-EWS,3505
23195,GEN,
23196,ST,171
23197,GEN,
23198,GEN,
23199,ST,172
23200,ST,173
23201,OBC-NCL,5948
23202,GEN,
23203,GEN,
23204,GEN,
23205,GEN,
23206,GEN,
23207,GEN,
23208,OBC-NCL,5949
23209,GEN,
23210,SC,720
23211,GEN-EWS,3506
23212,OBC-NCL,5950
23213,OBC-NCL,5951
23214,GEN-EWS,3507
23215,GEN,
23216,GEN,
23217,OBC-NCL,5952
23218,OBC-NCL,5953
23219,GEN,
23220,ST,174
23221,GEN,
23222,GEN,
23223,OBC-NCL,5954
23224,GEN,
23225,GEN-EWS,3508
23226,GEN-EWS,3509
23227,GEN,
23228,GEN,
23229,OBC-NCL,5955
23230,GEN,
23231,OBC-NCL,5956
23232,SC,721
23233,GEN-EWS,3510
23234,OBC-NCL,5957
23235,OBC-NCL,5958
23236,GEN,
23237,OBC-NCL,5959
23238,OBC-NCL,5960
23239,GEN,
23240,GEN,
23241,SC,722
23242,OBC-NCL,5961
23243,GEN,
23244,GEN-EWS,3511
23245,GEN,
23246,GEN-EWS,3512
23247,GEN-EWS,3513
23248,GEN,
23249,GEN,
23250,GEN,
23251,OBC-NCL,5962
23252,GEN,
23253,OBC-NCL,5963
23254,GEN-EWS,3514
23255,GEN-EWS,3515
23256,GEN,
23257,OBC-NCL,5964
23258,GEN-EWS,3516
23259,GEN,
23260,GEN,
23261,SC,723
23262,GEN,
23263,GEN,
23264,GEN,
23265,OBC-NCL,5965
23266,OBC-NCL,5966
23267,GEN,
23268,GEN,
23268,OBC-NCL,5967
23270,GEN-EWS,3517
23271,GEN,
23272,OBC-NCL,5968
23273,GEN,
23274,OBC-NCL,5969
23275,GEN-EWS,3518
23276,GEN-EWS,3519
23277,GEN,
23278,GEN,
23279,GEN,
23280,GEN,
23281,GEN,
23282,GEN,
23283,GEN,
23284,GEN,
23285,GEN,
23286,GEN,
23287,GEN,
23288,GEN,
23289,GEN,
23290,GEN-EWS,3520
23291,OBC-NCL,5970
23292,OBC-NCL,5971
23293,GEN,
23294,GEN-EWS,3521
23295,GEN,
23296,GEN,
23297,SC,724
23298,OBC-NCL,5972
23299,OBC-NCL,5973
23300,GEN,
23301,GEN,
23302,SC,725
23303,GEN-EWS,3522
23304,GEN,
23305,OBC-NCL,5974
23306,OBC-NCL,5975
23307,OBC-NCL,5976
23308,GEN-EWS,3523
23309,GEN-EWS,3524
23310,SC,726
23311,GEN-EWS,3525
23312,GEN,
23313,GEN,
23314,GEN-EWS,3526
23315,GEN,
23316,GEN,
23317,GEN,
23318,GEN-EWS,3527
23319,GEN-EWS,3528
23320,OBC-NCL,5977
23321,GEN-EWS,3529
23322,OBC-NCL,5978
23323,OBC-NCL,5979
23324,OBC-NCL,5980
23325,GEN-EWS,3530
23326,GEN,
23327,GEN,
23328,GEN,
23329,OBC-NCL,5981
23330,GEN,
23331,GEN,
23332,GEN,
23333,GEN,
23334,OBC-NCL,5982
23335,OBC-NCL,5983
23336,OBC-NCL,5984
23337,GEN,
23338,OBC-NCL,5985
23339,GEN,
23340,GEN-EWS,3531
23341,OBC-NCL,5986
23342,OBC-NCL,5987
23343,OBC-NCL,5988
23344,GEN-EWS,3532
23345,OBC-NCL,5989
23346,GEN-EWS,3533
23346,OBC-NCL,5990
23348,OBC-NCL,5991
23349,GEN,
23350,GEN,
23351,GEN-EWS,3534
23352,GEN,
23353,GEN,
23354,OBC-NCL,5992
23355,GEN,
23356,OBC-NCL,5993
23357,GEN,
23358,OBC-NCL,5994
23359,GEN-EWS,3535
23360,GEN,
23361,GEN-EWS,3536
23362,GEN,
23363,OBC-NCL,5995
23364,GEN,
23365,OBC-NCL,5996
23366,OBC-NCL,5997
23367,ST,175
23368,SC,727
23369,OBC-NCL,5998
23370,OBC-NCL,5999
23371,GEN-EWS,3537
23372,GEN-EWS,3538
23373,GEN,
23374,GEN,
23375,GEN,
23376,GEN,
23377,GEN,
23378,OBC-NCL,6000
23379,GEN,
23380,OBC-NCL,6001
23381,GEN,
23382,GEN-EWS,3539
23383,GEN,
23384,GEN,
23385,GEN,
23386,OBC-NCL,6002
23387,GEN,
23388,GEN,
23389,OBC-NCL,6003
23390,GEN,
23391,GEN-EWS,3540
23392,GEN,
23393,OBC-NCL,6004
23394,OBC-NCL,6005
23395,GEN,
23396,OBC-NCL,6006
23397,OBC-NCL,6007
23398,GEN,
23399,SC,728
23400,OBC-NCL,6008
23401,GEN-EWS,3541
23402,GEN,
23403,OBC-NCL,6009
23404,OBC-NCL,6010
23405,OBC-NCL,6011
23406,GEN-EWS,3542
23407,GEN,
23408,OBC-NCL,6012
23409,GEN,
23410,GEN-EWS,3543
23411,SC,729
23412,GEN-EWS,3544
23413,OBC-NCL,6013
23414,OBC-NCL,6014
23415,OBC-NCL,6015
23416,GEN,
23417,SC,730
23418,OBC-NCL,6016
23419,OBC-NCL,6017
23420,OBC-NCL,6018
23421,GEN,
23422,OBC-NCL,6019
23423,GEN-EWS,3545
23424,GEN-EWS,3546
23425,GEN,
23426,GEN,
23427,GEN-EWS,3547
23428,GEN,
23429,OBC-NCL,6020
23430,SC,731
23431,OBC-NCL,6021
23432,GEN,
23433,OBC-NCL,6022
23434,GEN,
23435,OBC-NCL,6023
23436,OBC-NCL,6024
23437,OBC-NCL,6025
23438,GEN,
23439,GEN,
23440,GEN,
23441,GEN,
23442,OBC-NCL,6026
23443,ST,176
23444,OBC-NCL,6027
23445,GEN,
23446,OBC-NCL,6028
23447,OBC-NCL,6029
23448,GEN,
23449,OBC-NCL,6030
23450,OBC-NCL,6031
23451,ST,177
23452,GEN,
23453,OBC-NCL,6032
23454,GEN-EWS,3548
23455,GEN,
23456,OBC-NCL,6033
23457,GEN,
23458,OBC-NCL,6034
23459,GEN-EWS,3549
23460,GEN-EWS,3550
23461,GEN,
23462,GEN-EWS,3551
23463,OBC-NCL,6035
23464,OBC-NCL,6036
23465,OBC-NCL,6037
23466,GEN-EWS,3552
23467,GEN,
23467,GEN,
23469,OBC-NCL,6038
23470,OBC-NCL,6039
23471,GEN,
23472,OBC-NCL,6040
23473,GEN,
23474,OBC-NCL,6041
23475,GEN-EWS,3553
23476,GEN-EWS,3554
23477,GEN,
23478,OBC-NCL,6042
23479,OBC-NCL,6043
23480,GEN,
23481,OBC-NCL,6044
23482,GEN,
23483,GEN-EWS,3555
23484,GEN,
23485,GEN,
23486,GEN-EWS,3556
23487,OBC-NCL,6045
23488,OBC-NCL,6046
23489,GEN-EWS,3557
23490,OBC-NCL,6047
23491,OBC-NCL,6048
23492,GEN,
23493,GEN-EWS,3558
23494,GEN,
23495,GEN-EWS,3559
23496,OBC-NCL,6049
23497,OBC-NCL,6050
23498,GEN-EWS,3560
23499,SC,732
23500,OBC-NCL,6051
23501,OBC-NCL,6052
23502,GEN,
23503,GEN-EWS,3561
23504,GEN,
23505,GEN,
23506,GEN-EWS,3562
23507,OBC-NCL,6053
23508,GEN-EWS,3563
23509,GEN,
23510,GEN,
23511,GEN,
23512,GEN,
23513,GEN-EWS,3564
23514,OBC-NCL,6054
23515,OBC-NCL,6055
23516,GEN,
23517,GEN-EWS,3565
23518,GEN-EWS,3566
23519,GEN-EWS,3567
23520,OBC-NCL,6056
23521,GEN,
23522,OBC-NCL,6057
23523,OBC-NCL,6058
23524,GEN,
23525,OBC-NCL,6059
23526,GEN,
23527,GEN,
23528,OBC-NCL,6060
23529,GEN,
23530,GEN,
23531,GEN,
23532,GEN,
23533,OBC-NCL,6061
23534,GEN-EWS,3568
23535,OBC-NCL,6062
23536,GEN,
23537,GEN,
23538,OBC-NCL,6063
23539,SC,733
23540,SC,734
23541,OBC-NCL,6064
23542,OBC-NCL,6065
23543,OBC-NCL,6066
23544,GEN-EWS,3569
23545,GEN-EWS,3570
23546,GEN,
23547,GEN,
23548,OBC-NCL,6067
23549,GEN,
23550,OBC-NCL,6068
23551,GEN,
23552,GEN,
23553,GEN,
23554,GEN-EWS,3571
23555,OBC-NCL,6069
23556,GEN-EWS,3572
23557,OBC-NCL,6070
23558,GEN,
23559,GEN,
23560,OBC-NCL,6071
23561,OBC-NCL,6072
23562,GEN,
23563,GEN,
23564,OBC-NCL,6073
23565,OBC-NCL,6074
23566,OBC-NCL,6075
23567,GEN,
23568,GEN,
23569,GEN,
23570,GEN,
23571,GEN,
23572,GEN,
23573,GEN,
23574,GEN-EWS,3573
23575,GEN,
23576,OBC-NCL,6076
23577,GEN,
23578,GEN,
23579,SC,735
23580,GEN,
23581,GEN,
23582,OBC-NCL,6077
23583,GEN,
23584,GEN,
23585,SC,736
23586,OBC-NCL,6078
23587,OBC-NCL,6079
23588,GEN,
23589,GEN,
23590,GEN,
23591,GEN,
23592,GEN,
23593,GEN,
23594,GEN,
23595,GEN-EWS,3574
23596,OBC-NCL,6080
23597,GEN,
23598,OBC-NCL,6081
23599,OBC-NCL,6082
23600,GEN-EWS,3575
23601,GEN,
23602,GEN,
23603,GEN,
23604,GEN-EWS,3576
23605,GEN,
23606,GEN,
23607,SC,737
23608,GEN-EWS,3577
23609,GEN-EWS,3578
23610,GEN,
23611,GEN,
23612,GEN,
23613,GEN,
23614,GEN-EWS,3579
23615,SC,738
23616,OBC-NCL,6083
23617,OBC-NCL,6084
23618,GEN,
23619,GEN,
23620,GEN,
23621,GEN,
23622,OBC-NCL,6085
23623,GEN-EWS,3580
23624,GEN,
23625,GEN-EWS,3581
23626,OBC-NCL,6086
23627,GEN,
23628,OBC-NCL,6087
23629,GEN,
23630,GEN,
23631,GEN,
23632,OBC-NCL,6088
23633,GEN,
23634,OBC-NCL,6089
23635,GEN,
23636,GEN,
23637,OBC-NCL,6090
23638,GEN,
23639,GEN-EWS,3582
23640,SC,740
23641,OBC-NCL,6091
23642,GEN-EWS,3583
23643,GEN,
23644,SC,741
23645,OBC-NCL,6092
23646,GEN-EWS,3584
23647,OBC-NCL,6093
23648,OBC-NCL,6094
23649,GEN,
23650,OBC-NCL,6095
23651,GEN-EWS,3585
23652,GEN,
23653,GEN,
23654,OBC-NCL,6096
23655,GEN,
23656,GEN-EWS,3586
23657,OBC-NCL,6097
23658,OBC-NCL,6098
23659,GEN,
23660,GEN,
23661,GEN,
23662,GEN,
23663,GEN,
23664,GEN-EWS,3587
23665,OBC-NCL,6099
23666,GEN,
23667,GEN,
23668,OBC-NCL,6100
23669,OBC-NCL,6101
23670,GEN,
23671,GEN,
23672,SC,742
23673,GEN,
23674,OBC-NCL,6102
23675,GEN-EWS,3588
23676,GEN,
23677,GEN-EWS,3589
23678,OBC-NCL,6103
23679,GEN,
23680,OBC-NCL,6104
23681,GEN,
23682,ST,178
23683,GEN,
23684,OBC-NCL,6105
23685,GEN,
23686,GEN,
23687,GEN-EWS,3590
23688,GEN,
23689,GEN,
23690,OBC-NCL,6106
23691,GEN,
23692,GEN,
23693,GEN,
23694,GEN,
23695,SC,743
23696,GEN-EWS,3591
23697,GEN-EWS,3592
23698,GEN,
23699,GEN,
23700,SC,744
23701,OBC-NCL,6107
23702,OBC-NCL,6108
23703,GEN-EWS,3593
23704,GEN-EWS,3594
23705,GEN,
23706,GEN,
23707,GEN,
23708,OBC-NCL,6109
23709,GEN,
23710,SC,745
23711,GEN,
23712,GEN-EWS,3595
23713,GEN,
23714,OBC-NCL,6110
23715,GEN,
23716,GEN,
23717,GEN,
23718,GEN,
23718,OBC-NCL,6111
23720,GEN,
23721,OBC-NCL,6112
23722,OBC-NCL,6113
23723,SC,746
23724,GEN,
23725,OBC-NCL,6114
23726,GEN,
23727,GEN-EWS,3596
23728,GEN,
23728,OBC-NCL,6115
23730,GEN,
23731,GEN,
23732,GEN-EWS,3597
23733,OBC-NCL,6116
23734,GEN,
23735,OBC-NCL,6117
23736,SC,747
23737,GEN,
23738,OBC-NCL,6118
23739,GEN,
23740,OBC-NCL,6119
23741,GEN,
23742,GEN,
23743,GEN,
23744,GEN,
23745,GEN,
23746,GEN-EWS,3598
23747,OBC-NCL,6120
23748,GEN,
23749,OBC-NCL,6121
23750,OBC-NCL,6122
23751,GEN-EWS,3599
23752,GEN-EWS,3600
23753,OBC-NCL,6123
23754,GEN,
23755,SC,748
23756,OBC-NCL,6124
23757,GEN,
23758,OBC-NCL,6125
23759,GEN,
23760,GEN-EWS,3601
23761,GEN,
23762,GEN,
23763,OBC-NCL,6126
23764,GEN,
23765,OBC-NCL,6127
23766,GEN-EWS,3602
23767,OBC-NCL,6128
23768,GEN,
23769,OBC-NCL,6129
23770,OBC-NCL,6130
23771,OBC-NCL,6131
23772,OBC-NCL,6132
23773,GEN,
23774,GEN-EWS,3603
23775,GEN-EWS,3604
23776,OBC-NCL,6133
23777,GEN,
23778,GEN-EWS,3605
23779,GEN-EWS,3606
23780,OBC-NCL,6134
23781,OBC-NCL,6135
23782,GEN,
23783,OBC-NCL,6136
23784,OBC-NCL,6137
23785,OBC-NCL,6138
23786,GEN,
23787,GEN,
23788,OBC-NCL,6139
23788,OBC-NCL,6139
23790,GEN,
23791,OBC-NCL,6141
23792,OBC-NCL,6142
23793,OBC-NCL,6143
23794,GEN,
23795,GEN-EWS,3607
23796,OBC-NCL,6144
23797,OBC-NCL,6145
23798,GEN,
23799,OBC-NCL,6146
23800,OBC-NCL,6147
23801,GEN-EWS,3608
23802,GEN,
23803,GEN,
23804,ST,179
23805,GEN,
23806,GEN,
23807,GEN,
23808,GEN,
23809,GEN,
23810,GEN-EWS,3609
23811,GEN,
23812,GEN,
23813,GEN,
23814,OBC-NCL,6148
23815,GEN-EWS,3610
23816,OBC-NCL,6149
23817,OBC-NCL,6150
23818,OBC-NCL,6151
23819,GEN,
23820,GEN,
23820,GEN,
23822,GEN-EWS,3611
23823,GEN,
23824,GEN,
23825,GEN,
23826,GEN,
23827,OBC-NCL,6152
23828,OBC-NCL,6153
23829,OBC-NCL,6154
23830,ST,180
23831,OBC-NCL,6155
23832,GEN,
23833,GEN,
23834,GEN,
23835,GEN,
23836,OBC-NCL,6156
23837,GEN-EWS,3612
23838,GEN,
23839,GEN,
23840,OBC-NCL,6157
23841,GEN,
23842,GEN,
23843,GEN-EWS,3613
23844,SC,749
23845,OBC-NCL,6158
23846,OBC-NCL,6159
23847,GEN,
23848,GEN,
23849,GEN,
23850,GEN,
23851,GEN-EWS,3614
23852,OBC-NCL,6160
23853,GEN,
23854,GEN,
23855,GEN-EWS,3615
23856,OBC-NCL,6161
23857,GEN,
23858,GEN,
23859,OBC-NCL,6162
23860,OBC-NCL,6163
23861,OBC-NCL,6164
23862,GEN,
23863,OBC-NCL,6165
23864,OBC-NCL,6166
23865,GEN,
23866,GEN-EWS,3616
23867,GEN,
23868,GEN,
23869,OBC-NCL,6167
23870,GEN,
23871,OBC-NCL,6168
23872,GEN-EWS,3617
23873,ST,181
23874,OBC-NCL,6169
23875,OBC-NCL,6170
23876,GEN,
23876,SC,750
23878,GEN,
23879,GEN,
23880,GEN,
23881,GEN,
23882,OBC-NCL,6171
23883,GEN-EWS,3618
23884,OBC-NCL,6172
23885,GEN,
23886,OBC-NCL,6173
23887,GEN,
23888,SC,751
23889,OBC-NCL,6174
23890,GEN,
23891,GEN,
23892,GEN,
23893,GEN,
23894,GEN,
23895,OBC-NCL,6175
23896,OBC-NCL,6176
23897,GEN,
23898,OBC-NCL,6177
23899,OBC-NCL,6178
23900,GEN,
23900,OBC-NCL,6179
23902,GEN,
23903,GEN-EWS,3619
23904,GEN,
23905,GEN-EWS,3620
23906,SC,752
23907,OBC-NCL,6180
23908,GEN,
23909,GEN,
23910,GEN,
23911,GEN,
23912,GEN,
23913,GEN-EWS,3621
23914,GEN,
23915,SC,753
23916,OBC-NCL,6181
23917,GEN,
23918,OBC-NCL,6182
23919,OBC-NCL,6183
23920,GEN,
23921,GEN,
23922,OBC-NCL,6184
23923,GEN,
23924,GEN-EWS,3622
23925,GEN-EWS,3623
23926,OBC-NCL,6185
23927,GEN-EWS,3624
23927,OBC-NCL,6186
23929,GEN-EWS,3625
23930,OBC-NCL,6187
23931,OBC-NCL,6188
23931,OBC-NCL,6188
23933,GEN,
23934,GEN-EWS,3626
23935,OBC-NCL,6190
23936,OBC-NCL,6191
23937,GEN-EWS,3627
23938,OBC-NCL,6192
23939,GEN,
23940,OBC-NCL,6193
23941,ST,182
23942,OBC-NCL,6194
23943,OBC-NCL,6195
23944,GEN,
23945,OBC-NCL,6196
23946,GEN,
23947,OBC-NCL,6197
23948,ST,183
23949,GEN,
23950,GEN,
23951,GEN,
23952,GEN,
23953,GEN-EWS,3628
23954,GEN-EWS,3629
23955,GEN,
23956,GEN,
23957,GEN,
23958,GEN-EWS,3630
23959,GEN-EWS,3631
23960,OBC-NCL,6198
23961,GEN,
23962,GEN,
23963,GEN,
23963,OBC-NCL,6199
23965,OBC-NCL,6200
23966,GEN-EWS,3632
23967,GEN,
23968,OBC-NCL,6201
23969,GEN,
23970,GEN,
23971,OBC-NCL,6202
23971,OBC-NCL,6202
23973,GEN,
23974,OBC-NCL,6204
23975,OBC-NCL,6205
23976,GEN,
23977,OBC-NCL,6206
23978,GEN-EWS,3633
23979,OBC-NCL,6207
23980,GEN,
23981,OBC-NCL,6208
23982,GEN,
23983,GEN,
23984,GEN,
23985,GEN,
23986,GEN,
23987,GEN,
23988,OBC-NCL,6209
23989,GEN,
23990,GEN,
23991,GEN-EWS,3634
23992,OBC-NCL,6210
23993,GEN,
23994,GEN,
23995,GEN,
23996,GEN,
23997,GEN-EWS,3635
23998,GEN,
23999,GEN,
24000,OBC-NCL,6211
24001,GEN,
24002,GEN,
24003,OBC-NCL,6212
24004,GEN-EWS,3636
24005,GEN,
24006,GEN,
24007,GEN-EWS,3637
24008,GEN-EWS,3638
24009,GEN,
24010,GEN,
24011,OBC-NCL,6213
24012,GEN,
24013,GEN-EWS,3639
24014,GEN,
24015,ST,184
24016,OBC-NCL,6214
24017,GEN,
24018,GEN,
24019,GEN-EWS,3640
24019,GEN-EWS,3640
24021,OBC-NCL,6215
24022,GEN,
24023,GEN,
24024,GEN-EWS,3642
24025,OBC-NCL,6216
24026,GEN,
24027,GEN-EWS,3643
24028,GEN,
24029,OBC-NCL,6217
24030,GEN-EWS,3644
24031,SC,754
24032,GEN,
24033,GEN,
24034,GEN,
24035,GEN,
24036,GEN,
24037,GEN,
24038,GEN,
24039,GEN,
24040,GEN,
24041,GEN,
24042,GEN-EWS,3645
24043,OBC-NCL,6218
24044,GEN,
24045,OBC-NCL,6219
24046,OBC-NCL,6220
24047,GEN,
24048,OBC-NCL,6221
24049,GEN,
24050,GEN,
24051,OBC-NCL,6222
24052,OBC-NCL,6223
24053,OBC-NCL,6224
24054,GEN,
24055,GEN,
24056,GEN,
24057,OBC-NCL,6225
24058,ST,185
24059,OBC-NCL,6226
24060,OBC-NCL,6227
24061,OBC-NCL,6228
24062,GEN-EWS,3646
24063,GEN,
24064,OBC-NCL,6229
24065,GEN,
24066,GEN,
24067,GEN,
24068,OBC-NCL,6230
24069,OBC-NCL,6231
24070,GEN,
24071,GEN,
24072,GEN-EWS,3648
24073,GEN,
24074,GEN,
24075,OBC-NCL,6232
24076,GEN-EWS,3649
24077,GEN,
24078,GEN,
24079,OBC-NCL,6233
24080,OBC-NCL,6234
24081,OBC-NCL,6235
24082,GEN,
24083,GEN-EWS,3650
24084,GEN-EWS,3651
24085,GEN,
24086,OBC-NCL,6236
24087,GEN-EWS,3652
24088,GEN-EWS,3653
24089,GEN,
24090,OBC-NCL,6237
24091,GEN-EWS,3654
24092,GEN-EWS,3655
24093,OBC-NCL,6238
24094,GEN-EWS,3656
24095,GEN-EWS,3657
24096,OBC-NCL,6239
24097,GEN,
24098,GEN,
24099,OBC-NCL,6240
24100,OBC-NCL,6241
24101,OBC-NCL,6242
24102,GEN,
24103,GEN,
24104,OBC-NCL,6243
24105,OBC-NCL,6244
24106,OBC-NCL,6245
24107,GEN-EWS,3659
24108,GEN,
24109,GEN,
24110,SC,755
24111,GEN,
24112,OBC-NCL,6246
24113,GEN,
24114,GEN,
24115,OBC-NCL,6247
24116,GEN,
24117,GEN,
24118,OBC-NCL,6248
24119,GEN,
24120,ST,186
24121,GEN,
24122,GEN,
24123,SC,756
24124,OBC-NCL,6249
24125,GEN,
24126,GEN,
24127,GEN-EWS,3660
24128,GEN,
24129,OBC-NCL,6250
24130,SC,757
24131,GEN,
24132,GEN-EWS,3661
24133,GEN-EWS,3662
24134,OBC-NCL,6251
24135,GEN-EWS,3663
24136,GEN,
24137,OBC-NCL,6252
24138,GEN-EWS,3664
24139,OBC-NCL,6253
24140,GEN,
24141,GEN,
24142,GEN,
24143,OBC-NCL,6254
24144,OBC-NCL,6255
24145,GEN,
24146,GEN,
24147,SC,758
24148,GEN,
24149,GEN,
24150,GEN,
24151,GEN-EWS,3665
24152,OBC-NCL,6256
24153,GEN,
24154,GEN,
24155,OBC-NCL,6257
24156,OBC-NCL,6258
24157,OBC-NCL,6259
24158,OBC-NCL,6260
24159,GEN,
24160,GEN,
24161,GEN,
24162,GEN,
24163,GEN,
24164,GEN-EWS,3667
24165,GEN,
24166,GEN-EWS,3668
24167,GEN,
24168,SC,759
24169,OBC-NCL,6261
24170,GEN-EWS,3669
24171,GEN-EWS,3670
24172,OBC-NCL,6262
24173,OBC-NCL,6263
24174,GEN-EWS,3671
24175,GEN,
24176,OBC-NCL,6264
24177,GEN,
24178,GEN,
24179,GEN,
24180,OBC-NCL,6265
24181,OBC-NCL,6266
24182,OBC-NCL,6267
24183,GEN,
24184,OBC-NCL,6268
24185,ST,187
24186,OBC-NCL,6269
24187,GEN,
24188,OBC-NCL,6270
24189,SC,760
24190,GEN-EWS,3672
24191,GEN,
24192,GEN-EWS,3673
24193,GEN,
24194,OBC-NCL,6271
24195,GEN,
24196,OBC-NCL,6272
24197,ST,188
24198,OBC-NCL,6273
24199,GEN,
24200,GEN-EWS,3674
24201,GEN,
24202,GEN-EWS,3675
24203,GEN,
24204,GEN-EWS,3676
24205,GEN,
24206,GEN-EWS,3677
24207,GEN-EWS,3678
24208,GEN-EWS,3679
24209,OBC-NCL,6275
24210,GEN,
24211,GEN-EWS,3680
24212,OBC-NCL,6276
24213,GEN,
24214,OBC-NCL,6277
24215,GEN,
24216,OBC-NCL,6278
24217,OBC-NCL,6279
24218,GEN,
24219,GEN-EWS,3681
24220,GEN,
24221,GEN,
24222,OBC-NCL,6280
24223,OBC-NCL,6281
24224,GEN,
24225,GEN,
24226,GEN,
24227,OBC-NCL,6282
24228,GEN,
24229,GEN,
24230,GEN,
24231,GEN-EWS,3682
24232,GEN,
24233,OBC-NCL,6283
24234,SC,761
24235,GEN,
24236,OBC-NCL,6284
24237,GEN-EWS,3683
24238,OBC-NCL,6285
24239,GEN-EWS,3684
24240,OBC-NCL,6286
24241,GEN-EWS,3685
24242,GEN,
24243,GEN,
24244,GEN,
24245,GEN,
24246,OBC-NCL,6287
24247,GEN,
24248,SC,762
24249,GEN-EWS,3686
24250,GEN,
24251,GEN,
24252,OBC-NCL,6288
24253,OBC-NCL,6289
24254,GEN,
24255,GEN,
24256,GEN,
24257,GEN,
24258,GEN,
24259,SC,763
24260,GEN,
24261,GEN,
24262,GEN,
24263,OBC-NCL,6290
24264,GEN,
24265,GEN-EWS,3687
24266,GEN,
24267,OBC-NCL,6291
24268,GEN,
24269,OBC-NCL,6292
24270,GEN,
24271,GEN,
24272,GEN,
24273,GEN,
24274,GEN,
24275,GEN,
24276,GEN-EWS,3688
24277,GEN,
24278,GEN-EWS,3689
24279,GEN-EWS,3690
24280,GEN,
24281,OBC-NCL,6293
24282,GEN-EWS,3691
24283,GEN,
24284,GEN-EWS,3692
24285,GEN-EWS,3693
24286,GEN,
24287,GEN,
24288,ST,189
24289,GEN-EWS,3694
24290,GEN-EWS,3695
24291,GEN-EWS,3696
24292,GEN,
24293,GEN-EWS,3697
24294,SC,764
24295,OBC-NCL,6294
24296,SC,765
24297,GEN-EWS,3698
24298,GEN,
24299,GEN,
24300,GEN,
24301,GEN,
24302,OBC-NCL,6295
24303,OBC-NCL,6296
24304,GEN,
24305,SC,766
24306,GEN,
24307,GEN,
24308,GEN-EWS,3699
24309,GEN,
24310,GEN-EWS,3700
24311,GEN-EWS,3701
24312,GEN,
24313,GEN,
24314,GEN,
24315,GEN-EWS,3702
24316,GEN-EWS,3703
24317,GEN-EWS,3704
24318,GEN,
24319,GEN-EWS,3705
24320,GEN-EWS,3706
24321,OBC-NCL,6297
24322,GEN,
24323,GEN-EWS,3707
24324,OBC-NCL,6298
24325,GEN,
24326,GEN-EWS,3708
24326,OBC-NCL,6299
24328,OBC-NCL,6300
24329,GEN,
24330,GEN,
24331,GEN,
24332,GEN,
24333,OBC-NCL,6301
24334,OBC-NCL,6302
24335,GEN,
24336,GEN,
24337,OBC-NCL,6303
24338,GEN,
24339,GEN-EWS,3709
24340,GEN,
24341,OBC-NCL,6304
24342,GEN,
24343,GEN,
24344,GEN,
24345,GEN-EWS,3710
24346,OBC-NCL,6305
24347,GEN-EWS,3711
24348,GEN-EWS,3712
24349,SC,767
24350,OBC-NCL,6306
24351,GEN,
24352,GEN,
24353,OBC-NCL,6307
24354,GEN,
24355,OBC-NCL,6308
24356,GEN,
24357,GEN,
24358,GEN-EWS,3713
24359,OBC-NCL,6309
24360,OBC-NCL,6310
24361,GEN,
24362,OBC-NCL,6311
24363,OBC-NCL,6312
24364,OBC-NCL,6313
24365,OBC-NCL,6314
24366,OBC-NCL,6315
24367,OBC-NCL,6316
24368,GEN,
24369,GEN-EWS,3714
24370,GEN,
24371,GEN,
24371,OBC-NCL,6317
24373,GEN,
24374,SC,768
24375,GEN,
24376,GEN,
24377,GEN,
24378,GEN,
24379,OBC-NCL,6318
24380,GEN,
24381,OBC-NCL,6319
24382,OBC-NCL,6320
24383,GEN,
24384,GEN,
24385,OBC-NCL,6321
24386,GEN,
24386,OBC-NCL,6322
24388,GEN,
24389,OBC-NCL,6323
24390,OBC-NCL,6324
24391,OBC-NCL,6325
24392,GEN,
24393,OBC-NCL,6326
24394,OBC-NCL,6327
24395,GEN,
24396,SC,769
24397,GEN,
24398,GEN,
24399,OBC-NCL,6328
24400,GEN-EWS,3715
24401,GEN-EWS,3716
24402,GEN,
24403,GEN-EWS,3717
24404,GEN,
24405,GEN,
24406,ST,190
24407,GEN,
24408,SC,770
24409,OBC-NCL,6329
24410,GEN,
24411,OBC-NCL,6330
24412,GEN,
24413,GEN-EWS,3718
24414,GEN-EWS,3719
24415,GEN,
24415,OBC-NCL,6331
24417,OBC-NCL,6332
24418,GEN,
24419,GEN,
24420,GEN,
24421,GEN,
24422,SC,771
24423,GEN-EWS,3720
24424,GEN-EWS,3721
24425,GEN,
24426,OBC-NCL,6333
24427,GEN-EWS,3722
24428,OBC-NCL,6334
24429,GEN,
24430,GEN,
24430,OBC-NCL,6335
24432,GEN,
24433,OBC-NCL,6336
24434,SC,772
24435,GEN-EWS,3723
24436,GEN,
24437,GEN-EWS,3724
24438,GEN,
24439,OBC-NCL,6337
24440,GEN,
24441,OBC-NCL,6339
24442,GEN,
24443,GEN,
24444,GEN-EWS,3725
24445,OBC-NCL,6340
24446,GEN,
24447,GEN-EWS,3726
24448,OBC-NCL,6341
24449,OBC-NCL,6342
24450,OBC-NCL,6343
24451,GEN-EWS,3727
24452,GEN-EWS,3728
24453,OBC-NCL,6344
24454,OBC-NCL,6345
24455,GEN,
24456,GEN,
24457,SC,773
24458,GEN,
24459,GEN,
24460,GEN,
24461,OBC-NCL,6346
24462,GEN-EWS,3729
24463,GEN-EWS,3730
24464,SC,774
24465,OBC-NCL,6347
24466,GEN,
24467,GEN,
24468,GEN,
24468,GEN-EWS,3731
24470,GEN,
24471,OBC-NCL,6348
24472,GEN,
24473,SC,775
24474,OBC-NCL,6349
24475,GEN,
24476,GEN,
24477,GEN,
24478,SC,776
24479,OBC-NCL,6350
24480,GEN,
24481,GEN,
24482,GEN,
24483,GEN,
24484,GEN,
24485,GEN,
24486,GEN-EWS,3732
24487,OBC-NCL,6351
24488,GEN,
24489,OBC-NCL,6352
24490,SC,777
24491,GEN-EWS,3733
24492,GEN,
24493,OBC-NCL,6353
24494,GEN,
24495,GEN,
24496,OBC-NCL,6354
24497,SC,778
24498,OBC-NCL,6355
24499,GEN-EWS,3734
24500,GEN,
24501,GEN,
24502,GEN,
24503,GEN,
24504,GEN-EWS,3735
24505,GEN,
24506,GEN,
24507,GEN,
24508,OBC-NCL,6356
24509,OBC-NCL,6357
24510,GEN,
24511,OBC-NCL,6358
24512,GEN,
24513,SC,779
24514,OBC-NCL,6359
24515,GEN,
24516,GEN,
24517,GEN,
24518,OBC-NCL,6360
24519,GEN,
24520,GEN,
24521,OBC-NCL,6361
24522,GEN,
24523,GEN,
24524,GEN,
24525,GEN,
24526,OBC-NCL,6362
24527,GEN-EWS,3736
24528,GEN-EWS,3737
24529,GEN-EWS,3738
24530,GEN,
24531,OBC-NCL,6363
24532,GEN,
24533,OBC-NCL,6364
24534,OBC-NCL,6365
24535,GEN-EWS,3739
24536,OBC-NCL,6366
24537,OBC-NCL,6367
24538,GEN-EWS,3740
24539,SC,780
24540,SC,781
24541,GEN-EWS,3741
24542,OBC-NCL,6368
24543,GEN,
24544,OBC-NCL,6369
24545,GEN,
24546,GEN-EWS,3742
24547,OBC-NCL,6370
24548,GEN,
24549,GEN-EWS,3743
24550,OBC-NCL,6371
24551,GEN-EWS,3744
24552,SC,782
24553,GEN-EWS,3745
24554,GEN,
24555,GEN,
24555,OBC-NCL,6372
24557,GEN,
24557,GEN-EWS,3746
24559,GEN,
24560,GEN,
24561,OBC-NCL,6373
24562,GEN,
24563,SC,783
24564,GEN,
24564,GEN-EWS,3747
24566,GEN-EWS,3748
24567,GEN,
24568,GEN,
24568,GEN,
24570,GEN,
24570,GEN-EWS,3749
24572,GEN,
24573,GEN-EWS,3750
24574,SC,784
24575,GEN,
24576,OBC-NCL,6374
24577,GEN,
24578,GEN,
24579,GEN,
24580,GEN,
24581,GEN-EWS,3751
24582,GEN,
24583,GEN,
24584,OBC-NCL,6375
24585,GEN,
24586,GEN-EWS,3752
24587,GEN,
24588,GEN,
24589,GEN,
24590,OBC-NCL,6376
24591,OBC-NCL,6377
24592,OBC-NCL,6378
24593,OBC-NCL,6379
24594,GEN,
24595,OBC-NCL,6380
24596,GEN-EWS,3753
24597,GEN,
24598,GEN-EWS,3754
24599,GEN,
24600,OBC-NCL,6381
24601,OBC-NCL,6382
24602,GEN-EWS,3755
24603,GEN,
24604,GEN,
24605,OBC-NCL,6383
24606,GEN,
24607,GEN,
24608,GEN-EWS,3756
24609,GEN-EWS,3757
24610,OBC-NCL,6384
24611,GEN-EWS,3758
24612,GEN,
24613,OBC-NCL,6385
24614,GEN-EWS,3759
24615,GEN,
24616,GEN,
24617,OBC-NCL,6386
24618,GEN,
24619,GEN,
24620,GEN,
24620,OBC-NCL,6387
24622,GEN,
24623,OBC-NCL,6388
24624,ST,191
24625,GEN,
24626,GEN,
24627,OBC-NCL,6389
24628,GEN,
24629,OBC-NCL,6390
24630,OBC-NCL,6391
24631,GEN,
24632,GEN,
24633,GEN,
24634,GEN,
24635,GEN,
24636,GEN,
24637,GEN,
24638,GEN,
24639,GEN,
24639,GEN-EWS,3760
24641,GEN,
24642,SC,785
24643,GEN-EWS,3761
24643,GEN-EWS,3761
24645,GEN,
24646,OBC-NCL,6392
24647,GEN,
24648,OBC-NCL,6393
24649,GEN-EWS,3763
24650,OBC-NCL,6394
24651,GEN,
24652,GEN,
24653,GEN,
24654,GEN,
24655,GEN,
24656,OBC-NCL,6395
24657,OBC-NCL,6396
24658,GEN-EWS,3764
24659,OBC-NCL,6397
24660,OBC-NCL,6398
24661,GEN-EWS,3765
24662,SC,786
24663,OBC-NCL,6399
24664,SC,787
24665,GEN,
24666,OBC-NCL,6400
24667,GEN,
24668,GEN,
24669,SC,788
24670,OBC-NCL,6401
24671,GEN-EWS,3766
24672,GEN-EWS,3767
24673,GEN,
24674,OBC-NCL,6402
24675,GEN,
24676,OBC-NCL,6403
24677,GEN-EWS,3768
24678,OBC-NCL,6404
24679,GEN-EWS,3769
24680,SC,789
24681,GEN,
24682,GEN-EWS,3770
24683,GEN,
24684,GEN,
24685,GEN-EWS,3771
24686,SC,790
24687,OBC-NCL,6405
24688,GEN,
24689,SC,791
24690,GEN,
24691,OBC-NCL,6406
24692,GEN,
24693,OBC-NCL,6407
24694,OBC-NCL,6408
24695,GEN-EWS,3772
24696,GEN,
24697,OBC-NCL,6409
24698,GEN,
24699,GEN,
24700,GEN,
24701,GEN,
24702,GEN-EWS,3773
24703,GEN,
24704,OBC-NCL,6410
24705,GEN-EWS,3774
24706,GEN,
24707,GEN,
24708,OBC-NCL,6411
24709,GEN,
24710,GEN,
24711,GEN-EWS,3775
24712,GEN,
24713,GEN,
24714,OBC-NCL,6412
24715,GEN,
24716,OBC-NCL,6413
24717,GEN,
24718,GEN-EWS,3776
24719,GEN-EWS,3777
24720,GEN,
24721,GEN,
24722,OBC-NCL,6414
24723,GEN,
24724,OBC-NCL,6415
24725,GEN,
24726,GEN-EWS,3778
24727,GEN,
24728,GEN-EWS,3779
24729,OBC-NCL,6416
24730,GEN-EWS,3780
24731,GEN,
24732,GEN,
24733,GEN-EWS,3781
24734,GEN,
24735,GEN,
24736,GEN-EWS,3782
24737,OBC-NCL,6417
24738,OBC-NCL,6418
24739,GEN-EWS,3783
24740,GEN,
24741,OBC-NCL,6419
24742,OBC-NCL,6420
24743,GEN,
24744,GEN,
24745,GEN-EWS,3784
24746,GEN-EWS,3785
24747,GEN,
24748,GEN-EWS,3786
24749,OBC-NCL,6421
24750,GEN-EWS,3787
24751,OBC-NCL,6422
24752,GEN-EWS,3788
24753,GEN,
24754,GEN,
24755,GEN-EWS,3789
24756,GEN-EWS,3790
24757,GEN,
24758,GEN,
24759,GEN,
24760,OBC-NCL,6423
24761,GEN,
24762,GEN-EWS,3792
24763,GEN-EWS,3793
24764,GEN,
24765,OBC-NCL,6424
24766,OBC-NCL,6425
24767,GEN,
24768,GEN,
24769,OBC-NCL,6426
24770,GEN-EWS,3794
24771,OBC-NCL,6427
24772,GEN-EWS,3795
24773,OBC-NCL,6428
24774,GEN-EWS,3796
24775,GEN,
24776,OBC-NCL,6429
24777,GEN,
24778,OBC-NCL,6430
24779,GEN-EWS,3797
24780,GEN-EWS,3798
24781,OBC-NCL,6431
24782,OBC-NCL,6432
24783,OBC-NCL,6433
24784,OBC-NCL,6434
24785,GEN-EWS,3799
24786,GEN-EWS,3800
24787,GEN,
24788,GEN,
24789,ST,192
24790,OBC-NCL,6435
24791,GEN,
24792,GEN,
24793,GEN,
24794,GEN,
24795,GEN,
24796,GEN,
24797,GEN-EWS,3801
24798,OBC-NCL,6436
24799,OBC-NCL,6437
24800,OBC-NCL,6438
24801,OBC-NCL,6439
24802,GEN-EWS,3802
24803,GEN,
24804,GEN,
24805,OBC-NCL,6440
24806,SC,792
24807,GEN,
24808,GEN-EWS,3803
24809,GEN,
24810,GEN,
24811,GEN,
24812,GEN,
24813,GEN-EWS,3804
24814,GEN,
24815,OBC-NCL,6441
24816,OBC-NCL,6442
24817,OBC-NCL,6443
24818,OBC-NCL,6444
24819,GEN,
24820,SC,793
24821,OBC-NCL,6445
24822,OBC-NCL,6446
24823,OBC-NCL,6447
24824,GEN,
24825,GEN,
24826,GEN,
24827,SC,794
24828,OBC-NCL,6448
24829,GEN,
24830,OBC-NCL,6449
24831,OBC-NCL,6450
24832,SC,795
24833,SC,796
24834,GEN,
24835,OBC-NCL,6451
24836,OBC-NCL,6452
24837,GEN,
24838,GEN,
24839,GEN,
24840,GEN,
24841,GEN,
24842,OBC-NCL,6453
24843,GEN,
24844,GEN-EWS,3805
24845,GEN,
24846,OBC-NCL,6454
24847,GEN,
24848,GEN,
24849,GEN-EWS,3806
24850,OBC-NCL,6455
24851,GEN,
24851,OBC-NCL,6456
24853,ST,193
24854,GEN,
24855,GEN,
24856,GEN,
24857,GEN,
24858,OBC-NCL,6457
24859,OBC-NCL,6458
24860,GEN,
24861,GEN-EWS,3807
24862,GEN-EWS,3808
24863,SC,797
24864,OBC-NCL,6459
24865,OBC-NCL,6460
24866,GEN,
24867,GEN,
24868,GEN-EWS,3809
24869,GEN,
24870,GEN,
24871,OBC-NCL,6461
24872,GEN,
24873,OBC-NCL,6462
24874,OBC-NCL,6463
24875,GEN-EWS,3810
24876,GEN-EWS,3811
24877,GEN-EWS,3812
24878,GEN,
24879,GEN-EWS,3813
24880,OBC-NCL,6464
24881,OBC-NCL,6465
24882,GEN-EWS,3814
24883,GEN-EWS,3815
24884,GEN,
24885,GEN-EWS,3816
24886,GEN,
24887,GEN,
24888,GEN-EWS,3817
24889,OBC-NCL,6466
24890,GEN-EWS,3818
24891,GEN,
24892,GEN,
24893,GEN,
24894,OBC-NCL,6467
24895,GEN,
24896,GEN,
24897,GEN,
24898,OBC-NCL,6468
24899,GEN,
24900,OBC-NCL,6469
24901,OBC-NCL,6470
24902,GEN-EWS,3819
24903,OBC-NCL,6471
24904,GEN,
24905,GEN-EWS,3820
24906,GEN,
24907,OBC-NCL,6472
24908,GEN,
24909,OBC-NCL,6473
24910,SC,798
24911,GEN,
24912,OBC-NCL,6474
24913,GEN,
24914,OBC-NCL,6475
24915,GEN,
24916,OBC-NCL,6476
24917,OBC-NCL,6477
24918,GEN,
24919,OBC-NCL,6478
24920,GEN-EWS,3821
24921,OBC-NCL,6479
24922,GEN,
24923,OBC-NCL,6480
24924,GEN,
24925,OBC-NCL,6481
24926,GEN,
24927,GEN,
24928,GEN,
24929,OBC-NCL,6482
24930,GEN,
24931,GEN,
24932,OBC-NCL,6483
24933,GEN-EWS,3822
24934,OBC-NCL,6484
24935,GEN-EWS,3823
24936,GEN-EWS,3824
24937,OBC-NCL,6485
24938,OBC-NCL,6486
24939,GEN,
24940,SC,799
24941,OBC-NCL,6487
24942,GEN,
24943,GEN,
24944,GEN,
24945,OBC-NCL,6488
24946,GEN-EWS,3825
24947,GEN,
24948,GEN,
24949,GEN,
24950,SC,800
24951,OBC-NCL,6489
24952,OBC-NCL,6490
24953,GEN,
24954,GEN,
24955,GEN,
24956,GEN,
24957,GEN-EWS,3826
24958,GEN,
24959,OBC-NCL,6491
24960,OBC-NCL,6492
24961,GEN,
24962,GEN-EWS,3827
24963,GEN,
24964,GEN,
24965,GEN,
24966,GEN,
24967,OBC-NCL,6493
24968,GEN,
24969,GEN,
24970,GEN-EWS,3828
24971,GEN,
24972,GEN,
24973,GEN,
24974,OBC-NCL,6494
24975,GEN,
24976,GEN,
24977,GEN,
24978,OBC-NCL,6495
24979,OBC-NCL,6496
24980,SC,801
24981,GEN-EWS,3829
24982,OBC-NCL,6497
24983,GEN,
24983,SC,802
24985,GEN,
24986,GEN-EWS,3830
24987,GEN,
24988,SC,803
24989,GEN,
24990,GEN,
24991,GEN,
24992,GEN,
24993,OBC-NCL,6498
24994,GEN,
24995,GEN-EWS,3831
24996,OBC-NCL,6499
24997,GEN,
24998,GEN-EWS,3832
24999,GEN,
25000,OBC-NCL,6500
25001,OBC-NCL,6501
25002,GEN,
25003,GEN-EWS,3833
25004,GEN,
25005,OBC-NCL,6502
25006,SC,804
25007,OBC-NCL,6503
25008,OBC-NCL,6504
25009,OBC-NCL,6505
25010,SC,805
25011,OBC-NCL,6506
25012,GEN,
25013,OBC-NCL,6507
25013,OBC-NCL,6507
25015,GEN-EWS,3834
25016,GEN,
25017,GEN,
25018,GEN-EWS,3835
25019,GEN,
25020,GEN-EWS,3836
25021,SC,806
25022,OBC-NCL,6509
25023,GEN,
25024,GEN,
25025,GEN,
25026,OBC-NCL,6510
25027,GEN,
25028,OBC-NCL,6511
25029,GEN-EWS,3837
25030,OBC-NCL,6512
25031,OBC-NCL,6513
25032,GEN-EWS,3838
25033,OBC-NCL,6514
25034,GEN,
25035,GEN-EWS,3839
25036,GEN-EWS,3840
25037,GEN,
25038,OBC-NCL,6515
25039,OBC-NCL,6516
25040,GEN-EWS,3841
25041,GEN-EWS,3842
25042,OBC-NCL,6517
25043,GEN,
25044,GEN,
25045,GEN,
25046,GEN,
25047,OBC-NCL,6518
25048,GEN-EWS,3843
25049,GEN-EWS,3844
25050,GEN,
25051,GEN-EWS,3845
25052,SC,807
25053,GEN,
25053,GEN,
25055,OBC-NCL,6519
25056,GEN,
25057,OBC-NCL,6520
25058,GEN,
25059,GEN,
25060,GEN,
25061,GEN,
25061,GEN,
25063,GEN,
25064,OBC-NCL,6521
25065,GEN-EWS,3846
25066,GEN,
25067,OBC-NCL,6522
25068,GEN,
25069,OBC-NCL,6523
25070,ST,194
25071,OBC-NCL,6524
25072,GEN,
25073,GEN,
25074,OBC-NCL,6525
25075,OBC-NCL,6526
25076,OBC-NCL,6527
25077,OBC-NCL,6528
25078,GEN,
25079,GEN,
25080,GEN,
25081,GEN,
25082,GEN,
25083,GEN-EWS,3847
25084,OBC-NCL,6529
25085,OBC-NCL,6530
25086,GEN,
25087,GEN-EWS,3848
25088,GEN,
25088,GEN-EWS,3849
25090,OBC-NCL,6531
25091,OBC-NCL,6532
25092,GEN,
25093,OBC-NCL,6533
25094,ST,195
25095,GEN,
25096,GEN,
25097,OBC-NCL,6534
25098,OBC-NCL,6535
25099,GEN,
25100,OBC-NCL,6536
25101,OBC-NCL,6537
25102,GEN,
25103,GEN,
25104,GEN,
25105,GEN,
25106,GEN,
25107,GEN,
25108,GEN-EWS,3850
25109,GEN,
25110,OBC-NCL,6538
25111,GEN-EWS,3851
25112,OBC-NCL,6539
25113,OBC-NCL,6540
25114,OBC-NCL,6541
25115,OBC-NCL,6542
25116,GEN,
25117,GEN,
25118,GEN,
25119,OBC-NCL,6543
25120,SC,808
25121,GEN,
25122,GEN-EWS,3852
25123,GEN-EWS,3853
25124,GEN,
25125,GEN,
25126,SC,809
25127,OBC-NCL,6544
25128,GEN,
25129,OBC-NCL,6545
25130,GEN,
25131,GEN,
25132,SC,810
25133,GEN,
25134,GEN,
25135,OBC-NCL,6546
25136,GEN,
25137,GEN,
25138,OBC-NCL,6547
25139,GEN,
25140,GEN,
25141,SC,811
25142,GEN-EWS,3854
25143,OBC-NCL,6548
25144,GEN-EWS,3855
25144,SC,812
25146,GEN,
25147,OBC-NCL,6549
25148,GEN-EWS,3856
25149,SC,813
25150,OBC-NCL,6550
25151,OBC-NCL,6551
25152,OBC-NCL,6552
25153,OBC-NCL,6553
25154,GEN,
25155,GEN,
25156,OBC-NCL,6554
25157,GEN,
25158,OBC-NCL,6555
25159,GEN,
25159,SC,814
25161,GEN,
25162,OBC-NCL,6556
25163,OBC-NCL,6557
25164,GEN,
25165,OBC-NCL,6558
25166,OBC-NCL,6559
25167,GEN,
25168,OBC-NCL,6560
25169,OBC-NCL,6561
25170,GEN,
25171,GEN,
25172,GEN,
25173,OBC-NCL,6562
25174,OBC-NCL,6563
25175,GEN,
25176,OBC-NCL,6564
25177,GEN-EWS,3858
25178,GEN,
25179,OBC-NCL,6565
25180,OBC-NCL,6566
25181,GEN,
25181,GEN-EWS,3859
25183,GEN,
25184,GEN-EWS,3860
25185,GEN-EWS,3861
25186,GEN-EWS,3862
25187,GEN,
25188,GEN,
25189,OBC-NCL,6567
25190,OBC-NCL,6568
25191,GEN,
25192,OBC-NCL,6569
25193,GEN,
25194,OBC-NCL,6570
25195,GEN,
25196,GEN,
25197,GEN,
25198,GEN,
25199,OBC-NCL,6571
25199,OBC-NCL,6571
25201,GEN,
25202,GEN,
25203,GEN,
25204,GEN-EWS,3863
25205,GEN,
25206,GEN,
25207,GEN,
25208,OBC-NCL,6573
25209,GEN,
25210,GEN,
25211,GEN,
25212,GEN,
25213,GEN-EWS,3864
25213,OBC-NCL,6574
25215,GEN-EWS,3865
25216,GEN,
25217,GEN-EWS,3866
25218,GEN,
25219,GEN,
25220,GEN,
25221,GEN-EWS,3867
25222,GEN,
25223,GEN-EWS,3868
25224,GEN,
25225,GEN,
25226,GEN,
25227,OBC-NCL,6575
25228,OBC-NCL,6576
25229,OBC-NCL,6577
25230,GEN,
25231,OBC-NCL,6578
25232,OBC-NCL,6579
25233,OBC-NCL,6580
25234,GEN,
25235,OBC-NCL,6581
25236,GEN,
25237,GEN-EWS,3869
25238,GEN-EWS,3870
25239,OBC-NCL,6582
25240,GEN-EWS,3871
25241,OBC-NCL,6583
25242,GEN-EWS,3872
25243,GEN,
25244,ST,196
25245,GEN,
25246,OBC-NCL,6584
25247,OBC-NCL,6585
25248,GEN-EWS,3873
25249,OBC-NCL,6586
25250,OBC-NCL,6587
25251,GEN,
25252,GEN-EWS,3874
25253,GEN-EWS,3875
25254,OBC-NCL,6588
25255,GEN,
25256,GEN,
25257,SC,815
25258,GEN,
25259,GEN-EWS,3876
25260,SC,816
25261,OBC-NCL,6589
25262,OBC-NCL,6590
25263,GEN-EWS,3877
25264,GEN-EWS,3878
25265,GEN-EWS,3879
25266,GEN-EWS,3880
25267,GEN,
25268,OBC-NCL,6591
25269,SC,817
25270,GEN-EWS,3881
25271,OBC-NCL,6592
25272,OBC-NCL,6593
25273,GEN-EWS,3882
25274,GEN,
25275,OBC-NCL,6594
25276,OBC-NCL,6595
25277,OBC-NCL,6596
25278,GEN,
25279,OBC-NCL,6597
25280,GEN,
25281,OBC-NCL,6598
25282,GEN,
25283,GEN,
25284,GEN,
25285,OBC-NCL,6599
25286,GEN,
25287,GEN,
25288,GEN,
25289,GEN-EWS,3883
25290,GEN,
25291,OBC-NCL,6600
25292,SC,818
25293,GEN-EWS,3884
25294,OBC-NCL,6601
25295,GEN,
25296,GEN-EWS,3885
25297,OBC-NCL,6602
25298,ST,197
25299,OBC-NCL,6603
25300,OBC-NCL,6604
25301,OBC-NCL,6605
25302,OBC-NCL,6606
25303,GEN-EWS,3886
25304,OBC-NCL,6607
25305,GEN,
25306,GEN,
25307,GEN-EWS,3887
25308,GEN-EWS,3888
25309,GEN-EWS,3889
25310,GEN,
25311,GEN-EWS,3890
25312,OBC-NCL,6608
25313,GEN,
25314,GEN,
25315,OBC-NCL,6609
25316,SC,819
25317,GEN,
25318,GEN-EWS,3891
25319,GEN,
25320,GEN,
25321,SC,820
25322,OBC-NCL,6610
25323,GEN,
25324,OBC-NCL,6611
25325,GEN-EWS,3892
25326,GEN,
25327,OBC-NCL,6612
25328,GEN,
25329,GEN-EWS,3893
25330,GEN,
25331,GEN,
25332,GEN,
25333,GEN,
25334,GEN,
25335,GEN-EWS,3894
25336,GEN,
25337,OBC-NCL,6613
25338,OBC-NCL,6614
25339,OBC-NCL,6615
25340,GEN-EWS,3895
25341,GEN,
25342,OBC-NCL,6616
25343,GEN-EWS,3896
25344,GEN,
25345,GEN,
25346,GEN,
25347,SC,821
25348,GEN,
25349,GEN-EWS,3897
25350,OBC-NCL,6617
25351,GEN,
25351,GEN,
25353,OBC-NCL,6618
25354,OBC-NCL,6619
25355,GEN,
25356,GEN-EWS,3898
25357,OBC-NCL,6620
25358,OBC-NCL,6621
25359,GEN,
25360,OBC-NCL,6622
25361,OBC-NCL,6623
25362,GEN-EWS,3899
25363,GEN,
25364,GEN-EWS,3900
25365,OBC-NCL,6624
25366,OBC-NCL,6625
25367,OBC-NCL,6626
25368,OBC-NCL,6627
25369,OBC-NCL,6628
25370,GEN,
25371,OBC-NCL,6629
25372,GEN-EWS,3901
25373,GEN,
25374,GEN,
25375,SC,822
25376,GEN,
25377,GEN-EWS,3902
25378,GEN-EWS,3903
25379,GEN,
25380,SC,823
25381,OBC-NCL,6630
25382,OBC-NCL,6631
25383,OBC-NCL,6632
25384,OBC-NCL,6633
25385,GEN,
25386,GEN,
25387,OBC-NCL,6634
25388,OBC-NCL,6635
25389,GEN-EWS,3904
25390,OBC-NCL,6636
25391,GEN,
25392,OBC-NCL,6637
25393,OBC-NCL,6638
25394,OBC-NCL,6639
25395,GEN,
25396,GEN,
25397,GEN-EWS,3906
25398,OBC-NCL,6640
25399,GEN-EWS,3907
25400,OBC-NCL,6641
25401,OBC-NCL,6642
25402,OBC-NCL,6643
25403,GEN,
25404,GEN,
25405,OBC-NCL,6644
25406,OBC-NCL,6645
25407,GEN,
25408,GEN,
25409,OBC-NCL,6646
25410,GEN,
25411,OBC-NCL,6647
25412,GEN-EWS,3908
25413,GEN,
25414,GEN-EWS,3909
25415,GEN,
25416,GEN,
25417,OBC-NCL,6648
25418,GEN,
25419,OBC-NCL,6649
25420,OBC-NCL,6650
25421,GEN,
25422,GEN,
25423,OBC-NCL,6651
25424,GEN,
25425,GEN,
25426,GEN-EWS,3910
25427,GEN,
25428,OBC-NCL,6652
25429,OBC-NCL,6653
25430,GEN-EWS,3911
25431,GEN,
25432,OBC-NCL,6654
25433,GEN,
25434,GEN,
25435,GEN,
25436,OBC-NCL,6655
25437,GEN,
25437,OBC-NCL,6656
25439,GEN,
25440,GEN,
25441,GEN,
25442,GEN,
25443,GEN,
25444,OBC-NCL,6657
25445,GEN,
25446,OBC-NCL,6658
25447,GEN,
25448,GEN,
25449,GEN,
25450,GEN,
25451,OBC-NCL,6659
25452,OBC-NCL,6660
25453,OBC-NCL,6661
25454,OBC-NCL,6662
25455,OBC-NCL,6663
25456,OBC-NCL,6664
25457,GEN,
25458,GEN-EWS,3912
25459,GEN-EWS,3913
25460,GEN,
25461,GEN-EWS,3914
25462,GEN,
25463,OBC-NCL,6665
25464,OBC-NCL,6666
25465,GEN-EWS,3915
25466,GEN,
25467,GEN,
25468,GEN-EWS,3916
25469,GEN,
25470,OBC-NCL,6667
25471,OBC-NCL,6668
25472,GEN,
25473,OBC-NCL,6669
25474,GEN,
25475,GEN,
25476,GEN,
25477,GEN,
25478,ST,198
25479,GEN,
25480,GEN,
25481,SC,824
25482,OBC-NCL,6670
25483,GEN-EWS,3917
25484,GEN,
25485,GEN,
25486,GEN,
25487,SC,825
25488,GEN-EWS,3918
25489,GEN,
25490,OBC-NCL,6671
25491,GEN-EWS,3919
25492,GEN,
25493,GEN-EWS,3920
25494,OBC-NCL,6672
25495,GEN,
25496,OBC-NCL,6673
25497,OBC-NCL,6674
25498,GEN,
25499,GEN-EWS,3921
25500,GEN-EWS,3922
25501,OBC-NCL,6675
25502,OBC-NCL,6676
25503,GEN,
25504,GEN,
25505,GEN-EWS,3923
25506,OBC-NCL,6677
25507,SC,826
25508,GEN,
25509,GEN,
25510,OBC-NCL,6678
25511,GEN,
25512,OBC-NCL,6679
25513,OBC-NCL,6680
25514,GEN,
25515,GEN,
25516,OBC-NCL,6681
25517,GEN,
25518,GEN-EWS,3925
25519,GEN-EWS,3926
25520,GEN,
25521,GEN,
25522,GEN,
25522,GEN,
25524,GEN-EWS,3927
25525,OBC-NCL,6682
25526,GEN,
25527,GEN,
25528,GEN,
25528,GEN-EWS,3928
25530,SC,827
25531,OBC-NCL,6683
25532,GEN-EWS,3929
25533,GEN-EWS,3930
25534,GEN-EWS,3931
25535,GEN,
25536,OBC-NCL,6684
25537,SC,828
25538,OBC-NCL,6685
25539,GEN,
25540,OBC-NCL,6686
25541,OBC-NCL,6687
25542,SC,829
25543,GEN-EWS,3932
25544,GEN,
25545,OBC-NCL,6688
25546,GEN,
25547,GEN-EWS,3933
25548,GEN,
25549,GEN,
25550,GEN-EWS,3934
25551,GEN,
25552,GEN,
25553,GEN-EWS,3935
25554,GEN,
25555,GEN,
25556,GEN,
25557,GEN,
25558,GEN,
25559,GEN,
25560,GEN,
25561,OBC-NCL,6689
25562,GEN,
25563,GEN-EWS,3936
25564,OBC-NCL,6690
25565,GEN,
25566,GEN-EWS,3937
25567,GEN,
25568,SC,830
25569,SC,831
25570,GEN-EWS,3938
25571,GEN-EWS,3939
25572,OBC-NCL,6691
25573,GEN,
25574,GEN,
25575,GEN,
25576,OBC-NCL,6692
25577,OBC-NCL,6693
25578,GEN,
25579,OBC-NCL,6694
25580,GEN-EWS,3940
25581,GEN-EWS,3941
25582,OBC-NCL,6695
25583,OBC-NCL,6696
25584,GEN,
25585,OBC-NCL,6697
25586,OBC-NCL,6698
25587,OBC-NCL,6699
25588,OBC-NCL,6700
25589,OBC-NCL,6701
25590,GEN,
25591,GEN-EWS,3942
25592,OBC-NCL,6702
25593,OBC-NCL,6703
25594,OBC-NCL,6705
25595,GEN,
25596,OBC-NCL,6706
25597,GEN,
25598,OBC-NCL,6707
25599,GEN,
25600,GEN,
25601,GEN,
25602,GEN,
25603,OBC-NCL,6708
25604,SC,832
25605,OBC-NCL,6709
25606,GEN-EWS,3943
25607,OBC-NCL,6710
25608,GEN,
25609,GEN,
25610,GEN,
25611,OBC-NCL,6711
25612,GEN,
25613,GEN,
25614,GEN,
25615,GEN,
25616,GEN,
25617,ST,199
25618,OBC-NCL,6712
25619,SC,833
25620,GEN,
25621,OBC-NCL,6713
25622,OBC-NCL,6714
25623,GEN,
25624,GEN,
25625,OBC-NCL,6715
25626,OBC-NCL,6716
25627,GEN,
25628,GEN-EWS,3944
25629,GEN-EWS,3945
25630,GEN,
25630,GEN-EWS,3946
25632,GEN,
25633,OBC-NCL,6717
25634,GEN,
25635,GEN,
25636,GEN-EWS,3947
25637,GEN,
25638,SC,834
25639,GEN,
25640,GEN,
25641,ST,200
25642,GEN,
25643,SC,835
25644,GEN,
25645,OBC-NCL,6719
25646,GEN-EWS,3948
25647,SC,836
25648,SC,837
25649,OBC-NCL,6720
25650,GEN,
25651,GEN,
25652,GEN,
25653,SC,838
25654,GEN,
25655,GEN-EWS,3949
25656,OBC-NCL,6721
25657,OBC-NCL,6722
25658,OBC-NCL,6723
25659,OBC-NCL,6724
25660,GEN,
25661,GEN-EWS,3950
25662,GEN,
25663,GEN,
25664,OBC-NCL,6725
25665,GEN,
25666,GEN,
25667,GEN-EWS,3951
25668,GEN-EWS,3952
25669,GEN,
25670,GEN,
25671,GEN,
25672,GEN-EWS,3953
25673,GEN,
25674,GEN,
25675,OBC-NCL,6726
25676,GEN,
25677,GEN-EWS,3954
25678,OBC-NCL,6727
25679,OBC-NCL,6728
25680,OBC-NCL,6729
25681,OBC-NCL,6730
25682,GEN-EWS,3955
25683,GEN,
25684,GEN,
25685,OBC-NCL,6731
25686,OBC-NCL,6732
25687,GEN,
25688,GEN-EWS,3956
25689,GEN,
25690,GEN,
25691,OBC-NCL,6733
25692,OBC-NCL,6734
25693,GEN-EWS,3957
25694,OBC-NCL,6735
25695,OBC-NCL,6736
25696,OBC-NCL,6737
25697,GEN,
25698,OBC-NCL,6738
25699,GEN,
25700,OBC-NCL,6739
25701,GEN,
25702,GEN,
25703,SC,839
25704,GEN,
25705,OBC-NCL,6740
25706,GEN-EWS,3958
25707,OBC-NCL,6741
25708,GEN,
25709,GEN-EWS,3959
25710,OBC-NCL,6742
25711,GEN,
25712,GEN,
25713,GEN,
25714,ST,201
25715,GEN,
25716,GEN,
25717,GEN,
25718,OBC-NCL,6743
25719,GEN,
25720,GEN-EWS,3960
25721,GEN,
25722,OBC-NCL,6744
25723,GEN,
25724,GEN,
25725,GEN-EWS,3961
25726,OBC-NCL,6745
25727,GEN,
25728,GEN,
25729,OBC-NCL,6746
25730,ST,202
25731,OBC-NCL,6747
25732,OBC-NCL,6748
25733,OBC-NCL,6749
25734,OBC-NCL,6750
25735,GEN,
25736,SC,840
25737,GEN,
25738,GEN,
25739,OBC-NCL,6751
25740,OBC-NCL,6752
25741,OBC-NCL,6753
25742,GEN,
25743,OBC-NCL,6754
25744,OBC-NCL,6755
25745,GEN,
25746,OBC-NCL,6756
25747,GEN-EWS,3962
25748,GEN,
25749,GEN,
25750,GEN,
25751,OBC-NCL,6757
25752,GEN,
25753,GEN-EWS,3963
25754,GEN-EWS,3964
25755,GEN,
25756,GEN,
25757,GEN-EWS,3965
25758,GEN,
25759,GEN,
25760,OBC-NCL,6758
25761,GEN,
25762,GEN,
25763,GEN-EWS,3966
25764,GEN,
25765,GEN,
25766,GEN,
25767,OBC-NCL,6759
25768,GEN,
25769,GEN-EWS,3967
25770,OBC-NCL,6760
25771,GEN-EWS,3968
25772,GEN,
25773,GEN,
25774,OBC-NCL,6761
25775,OBC-NCL,6762
25776,GEN-EWS,3969
25777,GEN,
25778,GEN,
25779,GEN,
25780,GEN-EWS,3970
25781,GEN,
25782,GEN,
25783,OBC-NCL,6763
25784,GEN,
25785,OBC-NCL,6764
25786,GEN,
25787,GEN-EWS,3971
25788,OBC-NCL,6765
25789,GEN-EWS,3972
25790,GEN-EWS,3973
25791,GEN-EWS,3974
25792,GEN-EWS,3975
25793,GEN-EWS,3976
25794,GEN-EWS,3977
25795,GEN,
25796,OBC-NCL,6766
25797,GEN,
25798,GEN,
25798,OBC-NCL,6767
25800,GEN,
25801,GEN-EWS,3978
25802,OBC-NCL,6768
25803,OBC-NCL,6769
25804,GEN-EWS,3979
25805,GEN,
25806,GEN-EWS,3980
25807,GEN,
25808,GEN,
25809,GEN,
25810,GEN,
25811,OBC-NCL,6770
25812,GEN,
25813,OBC-NCL,6771
25814,OBC-NCL,6772
25815,GEN-EWS,3981
25816,GEN-EWS,3982
25817,GEN,
25818,GEN-EWS,3983
25819,GEN,
25820,OBC-NCL,6773
25821,GEN,
25822,GEN,
25822,OBC-NCL,6774
25824,GEN,
25825,GEN,
25826,OBC-NCL,6775
25826,OBC-NCL,6775
25828,GEN,
25829,GEN-EWS,3984
25830,GEN,
25831,GEN,
25832,GEN,
25833,GEN,
25834,GEN,
25835,SC,841
25836,GEN,
25837,SC,842
25838,GEN,
25839,OBC-NCL,6777
25840,GEN,
25841,GEN-EWS,3985
25842,GEN,
25843,GEN,
25844,SC,843
25845,GEN,
25846,GEN,
25847,GEN,
25848,GEN,
25849,GEN,
25850,OBC-NCL,6778
25851,GEN-EWS,3986
25852,OBC-NCL,6779
25853,ST,203
25854,GEN,
25855,OBC-NCL,6780
25856,OBC-NCL,6781
25857,GEN,
25858,GEN-EWS,3987
25859,SC,844
25860,GEN,
25861,OBC-NCL,6782
25862,OBC-NCL,6783
25863,OBC-NCL,6784
25864,GEN,
25865,GEN,
25866,GEN,
25867,GEN-EWS,3988
25868,GEN,
25869,OBC-NCL,6785
25870,OBC-NCL,6786
25871,GEN,
25872,GEN,
25873,GEN-EWS,3989
25874,GEN,
25875,GEN-EWS,3990
25876,GEN,
25877,GEN,
25878,OBC-NCL,6787
25879,OBC-NCL,6788
25880,GEN-EWS,3991
25881,GEN,
25882,GEN,
25883,ST,204
25884,GEN,
25885,OBC-NCL,6789
25886,OBC-NCL,6790
25887,GEN-EWS,3992
25888,GEN,
25889,GEN,
25890,GEN,
25891,GEN,
25892,OBC-NCL,6791
25893,OBC-NCL,6792
25894,ST,205
25895,OBC-NCL,6793
25896,GEN,
25897,SC,845
25898,SC,846
25899,GEN-EWS,3993
25900,GEN,
25901,GEN-EWS,3994
25902,GEN-EWS,3995
25903,OBC-NCL,6794
25904,SC,847
25905,GEN,
25906,OBC-NCL,6795
25907,GEN,
25908,OBC-NCL,6796
25909,GEN-EWS,3996
25910,OBC-NCL,6797
25911,GEN-EWS,3997
25912,OBC-NCL,6798
25913,GEN,
25914,GEN-EWS,3998
25915,GEN,
25916,OBC-NCL,6799
25917,GEN,
25918,GEN-EWS,3999
25919,SC,848
25920,OBC-NCL,6800
25921,OBC-NCL,6801
25922,GEN,
25923,GEN,
25924,GEN-EWS,4000
25925,GEN,
25926,OBC-NCL,6802
25927,GEN,
25928,GEN,
25929,OBC-NCL,6803
25930,GEN,
25931,GEN,
25932,SC,849
25933,OBC-NCL,6804
25934,GEN,
25935,OBC-NCL,6805
25936,GEN,
25937,OBC-NCL,6806
25938,OBC-NCL,6807
25939,OBC-NCL,6808
25940,GEN,
25941,GEN,
25942,GEN,
25943,GEN,
25944,SC,850
25945,OBC-NCL,6809
25946,GEN,
,GEN-EWS,3647
,GEN-EWS,3658
,GEN-EWS,3666
,GEN-EWS,3791
,GEN-EWS,3857
,GEN-EWS,3905
,GEN-EWS,3924
,GEN-EWS,4001
,GEN-EWS,4002
,GEN-EWS,4003
,GEN-EWS,4004
,GEN-EWS,4005
,GEN-EWS,4006
,GEN-EWS,4007
,GEN-EWS,4008
,GEN-EWS,4009
,GEN-EWS,4010
,GEN-EWS,4011
,GEN-EWS,4012
,GEN-EWS,4013
,GEN-EWS,4014
,GEN-EWS,4015
,GEN-EWS,4016
,GEN-EWS,4017
,GEN-EWS,4018
,GEN-EWS,4019
,GEN-EWS,4020
,GEN-EWS,4021
,GEN-EWS,4022
,GEN-EWS,4023
,GEN-EWS,4024
,GEN-EWS,4025
,GEN-EWS,4026
,GEN-EWS,4027
,GEN-EWS,4028
,GEN-EWS,4029
,GEN-EWS,4030
,GEN-EWS,4031
,GEN-EWS,4032
,GEN-EWS,4033
,GEN-EWS,4034
,GEN-EWS,4035
,GEN-EWS,4036
,GEN-EWS,4037
,GEN-EWS,4038
,GEN-EWS,4039
,GEN-EWS,4040
,GEN-EWS,4041
,GEN-EWS,4042
,GEN-EWS,4043
,GEN-EWS,4044
,GEN-EWS,4045
,GEN-EWS,4046
,GEN-EWS,4047
,GEN-EWS,4048
,GEN-EWS,4049
,GEN-EWS,4050
,GEN-EWS,4051
,GEN-EWS,4052
,GEN-EWS,4053
,GEN-EWS,4054
,GEN-EWS,4055
,GEN-EWS,4056
,GEN-EWS,4057
,GEN-EWS,4058
,GEN-EWS,4059
,GEN-EWS,4060
,GEN-EWS,4061
,GEN-EWS,4062
,GEN-EWS,4063
,GEN-EWS,4064
,GEN-EWS,4065
,GEN-EWS,4066
,GEN-EWS,4067
,GEN-EWS,4068
,GEN-EWS,4069
,GEN-EWS,4070
,GEN-EWS,4071
,GEN-EWS,4072
,GEN-EWS,4073
,GEN-EWS,4074
,GEN-EWS,4075
,GEN-EWS,4076
,GEN-EWS,4077
,GEN-EWS,4078
,GEN-EWS,4079
,GEN-EWS,4080
,GEN-EWS,4081
,GEN-EWS,4082
,GEN-EWS,4083
,GEN-EWS,4084
,GEN-EWS,4085
,GEN-EWS,4086
,GEN-EWS,4087
,GEN-EWS,4088
,GEN-EWS,4089
,GEN-EWS,4090
,GEN-EWS,4091
,GEN-EWS,4092
,GEN-EWS,4093
,GEN-EWS,4094
,GEN-EWS,4095
,GEN-EWS,4096
,GEN-EWS,4097
,GEN-EWS,4098
,GEN-EWS,4099
,GEN-EWS,4100
,GEN-EWS,4101
,GEN-EWS,4102
,GEN-EWS,4103
,GEN-EWS,4104
,GEN-EWS,4105
,GEN-EWS,4106
,GEN-EWS,4107
,GEN-EWS,4108
,GEN-EWS,4109
,GEN-EWS,4110
,GEN-EWS,4111
,GEN-EWS,4112
,GEN-EWS,4113
,GEN-EWS,4114
,GEN-EWS,4115
,GEN-EWS,4116
,GEN-EWS,4117
,GEN-EWS,4118
,GEN-EWS,4119
,GEN-EWS,4120
,GEN-EWS,4121
,GEN-EWS,4122
,GEN-EWS,4123
,GEN-EWS,4124
,GEN-EWS,4125
,GEN-EWS,4126
,GEN-EWS,4127
,GEN-EWS,4128
,GEN-EWS,4129
,GEN-EWS,4130
,GEN-EWS,4131
,GEN-EWS,4132
,GEN-EWS,4133
,GEN-EWS,4134
,GEN-EWS,4135
,GEN-EWS,4136
,GEN-EWS,4137
,GEN-EWS,4138
,GEN-EWS,4139
,GEN-EWS,4140
,GEN-EWS,4141
,GEN-EWS,4142
,GEN-EWS,4143
,GEN-EWS,4144
,GEN-EWS,4145
,GEN-EWS,4146
,GEN-EWS,4147
,GEN-EWS,4148
,GEN-EWS,4149
,GEN-EWS,4150
,GEN-EWS,4151
,GEN-EWS,4152
,GEN-EWS,4153
,GEN-EWS,4154
,GEN-EWS,4155
,GEN-EWS,4156
,GEN-EWS,4157
,GEN-EWS,4158
,GEN-EWS,4159
,GEN-EWS,4160
,GEN-EWS,4161
,GEN-EWS,4162
,GEN-EWS,4163
,GEN-EWS,4164
,GEN-EWS,4165
,GEN-EWS,4166
,GEN-EWS,4167
,GEN-EWS,4168
,GEN-EWS,4169
,GEN-EWS,4170
,GEN-EWS,4171
,GEN-EWS,4172
,GEN-EWS,4173
,GEN-EWS,4174
,GEN-EWS,4175
,GEN-EWS,4176
,GEN-EWS,4177
,GEN-EWS,4178
,GEN-EWS,4179
,GEN-EWS,4180
,GEN-EWS,4181
,GEN-EWS,4182
,GEN-EWS,4183
,GEN-EWS,4184
,GEN-EWS,4185
,GEN-EWS,4186
,GEN-EWS,4187
,GEN-EWS,4188
,GEN-EWS,4189
,GEN-EWS,4190
,GEN-EWS,4191
,GEN-EWS,4192
,GEN-EWS,4193
,GEN-EWS,4194
,GEN-EWS,4195
,GEN-EWS,4196
,GEN-EWS,4197
,GEN-EWS,4198
,GEN-EWS,4199
,GEN-EWS,4200
,GEN-EWS,4201
,GEN-EWS,4202
,GEN-EWS,4203
,GEN-EWS,4204
,GEN-EWS,4205
,GEN-EWS,4206
,GEN-EWS,4207
,GEN-EWS,4208
,GEN-EWS,4209
,GEN-EWS,4210
,GEN-EWS,4211
,GEN-EWS,4212
,GEN-EWS,4213
,GEN-EWS,4214
,GEN-EWS,4215
,GEN-EWS,4216
,GEN-EWS,4217
,GEN-EWS,4218
,GEN-EWS,4219
,GEN-EWS,4220
,GEN-EWS,4221
,GEN-EWS,4222
,GEN-EWS,4223
,GEN-EWS,4224
,GEN-EWS,4225
,GEN-EWS,4226
,GEN-EWS,4227
,GEN-EWS,4228
,GEN-EWS,4229
,GEN-EWS,4230
,GEN-EWS,4231
,GEN-EWS,4232
,GEN-EWS,4233
,GEN-EWS,4234
,GEN-EWS,4235
,GEN-EWS,4236
,GEN-EWS,4237
,GEN-EWS,4238
,GEN-EWS,4239
,GEN-EWS,4240
,GEN-EWS,4241
,GEN-EWS,4242
,GEN-EWS,4243
,GEN-EWS,4244
,GEN-EWS,4245
,GEN-EWS,4246
,GEN-EWS,4247
,GEN-EWS,4247
,GEN-EWS,4249
,GEN-EWS,4250
,GEN-EWS,4251
,GEN-EWS,4252
,GEN-EWS,4253
,GEN-EWS,4254
,GEN-EWS,4255
,GEN-EWS,4256
,GEN-EWS,4257
,GEN-EWS,4258
,GEN-EWS,4259
,GEN-EWS,4260
,GEN-EWS,4261
,GEN-EWS,4262
,GEN-EWS,4263
,GEN-EWS,4264
,GEN-EWS,4265
,GEN-EWS,4266
,GEN-EWS,4267
,GEN-EWS,4268
,GEN-EWS,4269
,GEN-EWS,4270
,GEN-EWS,4271
,GEN-EWS,4272
,GEN-EWS,4273
,GEN-EWS,4274
,GEN-EWS,4275
,GEN-EWS,4276
,GEN-EWS,4277
,GEN-EWS,4278
,GEN-EWS,4279
,GEN-EWS,4280
,GEN-EWS,4281
,GEN-EWS,4282
,GEN-EWS,4283
,GEN-EWS,4284
,GEN-EWS,4285
,GEN-EWS,4286
,GEN-EWS,4287
,GEN-EWS,4288
,GEN-EWS,4289
,GEN-EWS,4290
,GEN-EWS,4291
,GEN-EWS,4292
,GEN-EWS,4293
,GEN-EWS,4294
,GEN-EWS,4295
,GEN-EWS,4296
,GEN-EWS,4297
,GEN-EWS,4298
,GEN-EWS,4299
,GEN-EWS,4300
,GEN-EWS,4301
,GEN-EWS,4302
,GEN-EWS,4303
,GEN-EWS,4304
,GEN-EWS,4305
,GEN-EWS,4306
,GEN-EWS,4307
,GEN-EWS,4308
,GEN-EWS,4309
,GEN-EWS,4310
,GEN-EWS,4311
,GEN-EWS,4312
,GEN-EWS,4313
,GEN-EWS,4314
,GEN-EWS,4315
,GEN-EWS,4316
,GEN-EWS,4317
,GEN-EWS,4318
,GEN-EWS,4319
,GEN-EWS,4320
,GEN-EWS,4321
,GEN-EWS,4322
,GEN-EWS,4323
,GEN-EWS,4324
,GEN-EWS,4325
,GEN-EWS,4326
,GEN-EWS,4327
,GEN-EWS,4328
,GEN-EWS,4329
,GEN-EWS,4330
,GEN-EWS,4331
,GEN-EWS,4332
,GEN-EWS,4333
,GEN-EWS,4334
,GEN-EWS,4335
,GEN-EWS,4336
,GEN-EWS,4337
,GEN-EWS,4338
,GEN-EWS,4339
,GEN-EWS,4340
,GEN-EWS,4341
,GEN-EWS,4342
,GEN-EWS,4343
,GEN-EWS,4344
,GEN-EWS,4345
,GEN-EWS,4346
,GEN-EWS,4347
,GEN-EWS,4348
,GEN-EWS,4349
,GEN-EWS,4350
,GEN-EWS,4351
,GEN-EWS,4352
,GEN-EWS,4353
,GEN-EWS,4354
,GEN-EWS,4355
,GEN-EWS,4356
,GEN-EWS,4357
,GEN-EWS,4358
,GEN-EWS,4359
,GEN-EWS,4360
,GEN-EWS,4361
,GEN-EWS,4362
,GEN-EWS,4363
,GEN-EWS,4364
,GEN-EWS,4365
,GEN-EWS,4366
,GEN-EWS,4367
,GEN-EWS,4368
,GEN-EWS,4369
,GEN-EWS,4370
,GEN-EWS,4371
,GEN-EWS,4372
,GEN-EWS,4373
,GEN-EWS,4374
,GEN-EWS,4375
,GEN-EWS,4376
,GEN-EWS,4377
,GEN-EWS,4378
,GEN-EWS,4379
,GEN-EWS,4380
,GEN-EWS,4381
,GEN-EWS,4382
,GEN-EWS,4383
,GEN-EWS,4384
,GEN-EWS,4385
,GEN-EWS,4386
,GEN-EWS,4387
,GEN-EWS,4388
,GEN-EWS,4389
,GEN-EWS,4390
,GEN-EWS,4391
,GEN-EWS,4392
,GEN-EWS,4393
,GEN-EWS,4394
,GEN-EWS,4395
,GEN-EWS,4396
,GEN-EWS,4397
,GEN-EWS,4398
,GEN-EWS,4399
,GEN-EWS,4400
,GEN-EWS,4401
,GEN-EWS,4402
,GEN-EWS,4403
,GEN-EWS,4404
,GEN-EWS,4405
,GEN-EWS,4406
,GEN-EWS,4407
,GEN-EWS,4408
,GEN-EWS,4409
,GEN-EWS,4410
,GEN-EWS,4411
,GEN-EWS,4412
,GEN-EWS,4413
,GEN-EWS,4414
,GEN-EWS,4415
,GEN-EWS,4416
,GEN-EWS,4417
,GEN-EWS,4418
,GEN-EWS,4419
,GEN-EWS,4420
,GEN-EWS,4421
,GEN-EWS,4422
,GEN-EWS,4423
,GEN-EWS,4424
,GEN-EWS,4425
,GEN-EWS,4426
,GEN-EWS,4427
,GEN-EWS,4428
,GEN-EWS,4429
,GEN-EWS,4430
,GEN-EWS,4431
,GEN-EWS,4432
,GEN-EWS,4433
,GEN-EWS,4434
,GEN-EWS,4435
,GEN-EWS,4436
,GEN-EWS,4437
,GEN-EWS,4438
,GEN-EWS,4439
,GEN-EWS,4440
,GEN-EWS,4441
,GEN-EWS,4442
,GEN-EWS,4443
,GEN-EWS,4444
,GEN-EWS,4445
,GEN-EWS,4446
,GEN-EWS,4447
,GEN-EWS,4448
,GEN-EWS,4449
,GEN-EWS,4450
,GEN-EWS,4451
,GEN-EWS,4452
,GEN-EWS,4453
,GEN-EWS,4454
,GEN-EWS,4455
,GEN-EWS,4456
,GEN-EWS,4457
,GEN-EWS,4458
,GEN-EWS,4459
,GEN-EWS,4460
,GEN-EWS,4461
,GEN-EWS,4462
,GEN-EWS,4463
,GEN-EWS,4464
,GEN-EWS,4465
,GEN-EWS,4466
,GEN-EWS,4467
,GEN-EWS,4468
,GEN-EWS,4469
,GEN-EWS,4470
,GEN-EWS,4471
,GEN-EWS,4472
,GEN-EWS,4473
,GEN-EWS,4474
,GEN-EWS,4475
,GEN-EWS,4476
,GEN-EWS,4477
,GEN-EWS,4478
,GEN-EWS,4479
,GEN-EWS,4480
,GEN-EWS,4481
,GEN-EWS,4482
,GEN-EWS,4483
,GEN-EWS,4484
,GEN-EWS,4485
,GEN-EWS,4486
,GEN-EWS,4487
,GEN-EWS,4488
,GEN-EWS,4489
,GEN-EWS,4490
,GEN-EWS,4491
,GEN-EWS,4492
,GEN-EWS,4493
,GEN-EWS,4494
,GEN-EWS,4495
,GEN-EWS,4496
,GEN-EWS,4497
,GEN-EWS,4498
,GEN-EWS,4499
,GEN-EWS,4500
,GEN-EWS,4501
,GEN-EWS,4502
,GEN-EWS,4503
,GEN-EWS,4504
,GEN-EWS,4505
,GEN-EWS,4506
,GEN-EWS,4507
,GEN-EWS,4508
,GEN-EWS,4509
,GEN-EWS,4510
,GEN-EWS,4511
,GEN-EWS,4512
,GEN-EWS,4513
,GEN-EWS,4514
,GEN-EWS,4515
,GEN-EWS,4516
,GEN-EWS,4517
,GEN-EWS,4518
,GEN-EWS,4519
,GEN-EWS,4520
,GEN-EWS,4521
,GEN-EWS,4522
,GEN-EWS,4523
,GEN-EWS,4524
,GEN-EWS,4525
,GEN-EWS,4526
,GEN-EWS,4527
,GEN-EWS,4527
,GEN-EWS,4529
,GEN-EWS,4530
,GEN-EWS,4531
,GEN-EWS,4532
,GEN-EWS,4533
,GEN-EWS,4534
,GEN-EWS,4535
,GEN-EWS,4536
,GEN-EWS,4537
,GEN-EWS,4538
,GEN-EWS,4539
,GEN-EWS,4540
,GEN-EWS,4541
,GEN-EWS,4542
,GEN-EWS,4543
,GEN-EWS,4544
,GEN-EWS,4545
,GEN-EWS,4546
,GEN-EWS,4547
,GEN-EWS,4548
,GEN-EWS,4549
,GEN-EWS,4550
,GEN-EWS,4551
,GEN-EWS,4552
,GEN-EWS,4553
,GEN-EWS,4554
,GEN-EWS,4555
,GEN-EWS,4556
,GEN-EWS,4557
,GEN-EWS,4558
,GEN-EWS,4559
,GEN-EWS,4560
,GEN-EWS,4561
,GEN-EWS,4562
,GEN-EWS,4563
,GEN-EWS,4564
,GEN-EWS,4565
,GEN-EWS,4566
,GEN-EWS,4567
,GEN-EWS,4568
,GEN-EWS,4569
,GEN-EWS,4570
,GEN-EWS,4571
,GEN-EWS,4572
,GEN-EWS,4573
,GEN-EWS,4574
,GEN-EWS,4575
,GEN-EWS,4576
,GEN-EWS,4577
,GEN-EWS,4578
,GEN-EWS,4579
,GEN-EWS,4580
,GEN-EWS,4581
,GEN-EWS,4582
,GEN-EWS,4583
,GEN-EWS,4584
,GEN-EWS,4585
,GEN-EWS,4586
,GEN-EWS,4587
,GEN-EWS,4588
,GEN-EWS,4589
,GEN-EWS,4590
,GEN-EWS,4591
,GEN-EWS,4592
,GEN-EWS,4593
,GEN-EWS,4594
,GEN-EWS,4595
,GEN-EWS,4596
,GEN-EWS,4597
,GEN-EWS,4598
,GEN-EWS,4599
,GEN-EWS,4600
,GEN-EWS,4601
,GEN-EWS,4602
,GEN-EWS,4603
,GEN-EWS,4604
,GEN-EWS,4605
,GEN-EWS,4606
,GEN-EWS,4607
,GEN-EWS,4608
,GEN-EWS,4609
,GEN-EWS,4610
,GEN-EWS,4611
,GEN-EWS,4612
,GEN-EWS,4613
,GEN-EWS,4614
,GEN-EWS,4615
,GEN-EWS,4616
,GEN-EWS,4617
,GEN-EWS,4618
,GEN-EWS,4619
,GEN-EWS,4620
,GEN-EWS,4621
,GEN-EWS,4622
,GEN-EWS,4623
,GEN-EWS,4624
,GEN-EWS,4625
,GEN-EWS,4626
,GEN-EWS,4627
,GEN-EWS,4628
,GEN-EWS,4629
,GEN-EWS,4630
,GEN-EWS,4631
,GEN-EWS,4632
,GEN-EWS,4633
,GEN-EWS,4634
,GEN-EWS,4635
,GEN-EWS,4636
,GEN-EWS,4637
,GEN-EWS,4638
,GEN-EWS,4639
,GEN-EWS,4640
,GEN-EWS,4641
,GEN-EWS,4642
,GEN-EWS,4643
,GEN-EWS,4644
,GEN-EWS,4645
,GEN-EWS,4646
,GEN-EWS,4647
,GEN-EWS,4648
,GEN-EWS,4649
,GEN-EWS,4650
,GEN-EWS,4651
,GEN-EWS,4652
,GEN-EWS,4653
,GEN-EWS,4654
,GEN-EWS,4655
,GEN-EWS,4656
,GEN-EWS,4657
,GEN-EWS,4658
,GEN-EWS,4659
,GEN-EWS,4660
,GEN-EWS,4661
,GEN-EWS,4662
,GEN-EWS,4663
,GEN-EWS,4664
,GEN-EWS,4665
,GEN-EWS,4666
,GEN-EWS,4667
,GEN-EWS,4668
,GEN-EWS,4669
,GEN-EWS,4670
,GEN-EWS,4671
,GEN-EWS,4672
,GEN-EWS,4673
,GEN-EWS,4674
,GEN-EWS,4675
,GEN-EWS,4676
,GEN-EWS,4677
,GEN-EWS,4678
,GEN-EWS,4679
,GEN-EWS,4680
,GEN-EWS,4681
,GEN-EWS,4682
,GEN-EWS,4683
,GEN-EWS,4684
,GEN-EWS,4685
,GEN-EWS,4686
,GEN-EWS,4687
,GEN-EWS,4688
,GEN-EWS,4689
,GEN-EWS,4690
,GEN-EWS,4691
,GEN-EWS,4692
,GEN-EWS,4693
,GEN-EWS,4694
,GEN-EWS,4695
,GEN-EWS,4696
,GEN-EWS,4697
,GEN-EWS,4698
,GEN-EWS,4699
,GEN-EWS,4700
,GEN-EWS,4701
,GEN-EWS,4702
,GEN-EWS,4703
,GEN-EWS,4704
,GEN-EWS,4705
,GEN-EWS,4706
,GEN-EWS,4707
,GEN-EWS,4708
,GEN-EWS,4709
,GEN-EWS,4710
,GEN-EWS,4711
,GEN-EWS,4712
,GEN-EWS,4713
,GEN-EWS,4714
,GEN-EWS,4715
,GEN-EWS,4716
,GEN-EWS,4717
,GEN-EWS,4718
,GEN-EWS,4719
,GEN-EWS,4720
,GEN-EWS,4721
,GEN-EWS,4722
,GEN-EWS,4723
,GEN-EWS,4724
,GEN-EWS,4725
,GEN-EWS,4726
,GEN-EWS,4727
,GEN-EWS,4728
,GEN-EWS,4729
,GEN-EWS,4730
,GEN-EWS,4731
,GEN-EWS,4732
,GEN-EWS,4733
,GEN-EWS,4734
,GEN-EWS,4735
,GEN-EWS,4736
,GEN-EWS,4737
,GEN-EWS,4738
,GEN-EWS,4739
,GEN-EWS,4740
,GEN-EWS,4741
,GEN-EWS,4742
,GEN-EWS,4743
,GEN-EWS,4744
,GEN-EWS,4745
,GEN-EWS,4746
,GEN-EWS,4747
,GEN-EWS,4748
,GEN-EWS,4749
,GEN-EWS,4750
,GEN-EWS,4751
,GEN-EWS,4752
,GEN-EWS,4753
,GEN-EWS,4754
,GEN-EWS,4755
,GEN-EWS,4756
,GEN-EWS,4757
,GEN-EWS,4758
,GEN-EWS,4759
,GEN-EWS,4760
,GEN-EWS,4761
,GEN-EWS,4762
,GEN-EWS,4763
,GEN-EWS,4764
,GEN-EWS,4765
,GEN-EWS,4766
,GEN-EWS,4767
,GEN-EWS,4768
,GEN-EWS,4769
,GEN-EWS,4770
,GEN-EWS,4771
,GEN-EWS,4772
,GEN-EWS,4773
,GEN-EWS,4774
,GEN-EWS,4775
,GEN-EWS,4776
,GEN-EWS,4777
,GEN-EWS,4778
,GEN-EWS,4779
,GEN-EWS,4780
,GEN-EWS,4781
,GEN-EWS,4782
,GEN-EWS,4783
,GEN-EWS,4784
,GEN-EWS,4785
,GEN-EWS,4786
,GEN-EWS,4787
,GEN-EWS,4788
,GEN-EWS,4789
,GEN-EWS,4790
,GEN-EWS,4791
,GEN-EWS,4792
,GEN-EWS,4793
,GEN-EWS,4794
,GEN-EWS,4795
,GEN-EWS,4796
,GEN-EWS,4797
,GEN-EWS,4798
,GEN-EWS,4799
,GEN-EWS,4800
,GEN-EWS,4801
,GEN-EWS,4802
,GEN-EWS,4803
,GEN-EWS,4804
,GEN-EWS,4805
,GEN-EWS,4806
,GEN-EWS,4807
,GEN-EWS,4808
,GEN-EWS,4809
,GEN-EWS,4810
,GEN-EWS,4811
,GEN-EWS,4812
,GEN-EWS,4813
,GEN-EWS,4814
,GEN-EWS,4815
,GEN-EWS,4816
,GEN-EWS,4817
,GEN-EWS,4818
,GEN-EWS,4819
,GEN-EWS,4820
,GEN-EWS,4821
,GEN-EWS,4822
,GEN-EWS,4823
,GEN-EWS,4824
,GEN-EWS,4825
,GEN-EWS,4826
,GEN-EWS,4827
,GEN-EWS,4828
,GEN-EWS,4829
,GEN-EWS,4830
,GEN-EWS,4831
,GEN-EWS,4832
,GEN-EWS,4833
,GEN-EWS,4834
,GEN-EWS,4835
,GEN-EWS,4836
,GEN-EWS,4837
,GEN-EWS,4838
,GEN-EWS,4839
,GEN-EWS,4840
,GEN-EWS,4841
,GEN-EWS,4842
,GEN-EWS,4843
,GEN-EWS,4844
,GEN-EWS,4845
,GEN-EWS,4846
,GEN-EWS,4847
,GEN-EWS,4848
,GEN-EWS,4849
,GEN-EWS,4850
,GEN-EWS,4851
,GEN-EWS,4852
,GEN-EWS,4853
,GEN-EWS,4854
,GEN-EWS,4855
,GEN-EWS,4856
,GEN-EWS,4857
,GEN-EWS,4858
,GEN-EWS,4859
,GEN-EWS,4860
,GEN-EWS,4861
,GEN-EWS,4862
,GEN-EWS,4863
,GEN-EWS,4864
,GEN-EWS,4865
,GEN-EWS,4866
,GEN-EWS,4867
,GEN-EWS,4868
,GEN-EWS,4869
,GEN-EWS,4870
,GEN-EWS,4871
,GEN-EWS,4872
,GEN-EWS,4873
,GEN-EWS,4874
,GEN-EWS,4875
,GEN-EWS,4876
,GEN-EWS,4877
,GEN-EWS,4878
,GEN-EWS,4879
,GEN-EWS,4880
,GEN-EWS,4881
,GEN-EWS,4882
,GEN-EWS,4883
,GEN-EWS,4884
,GEN-EWS,4885
,GEN-EWS,4886
,GEN-EWS,4887
,GEN-EWS,4888
,GEN-EWS,4889
,GEN-EWS,4890
,GEN-EWS,4890
,GEN-EWS,4892
,GEN-EWS,4893
,GEN-EWS,4894
,GEN-EWS,4895
,GEN-EWS,4896
,GEN-EWS,4897
,GEN-EWS,4898
,GEN-EWS,4899
,GEN-EWS,4900
,GEN-EWS,4901
,GEN-EWS,4902
,GEN-EWS,4903
,GEN-EWS,4904
,GEN-EWS,4905
,GEN-EWS,4906
,GEN-EWS,4907
,GEN-EWS,4908
,GEN-EWS,4909
,GEN-EWS,4910
,GEN-EWS,4911
,GEN-EWS,4912
,GEN-EWS,4913
,GEN-EWS,4914
,GEN-EWS,4915
,GEN-EWS,4916
,GEN-EWS,4917
,GEN-EWS,4918
,GEN-EWS,4919
,GEN-EWS,4920
,GEN-EWS,4921
,GEN-EWS,4922
,GEN-EWS,4923
,GEN-EWS,4924
,GEN-EWS,4925
,GEN-EWS,4926
,GEN-EWS,4927
,GEN-EWS,4928
,GEN-EWS,4929
,GEN-EWS,4930
,GEN-EWS,4931
,GEN-EWS,4932
,GEN-EWS,4933
,GEN-EWS,4934
,GEN-EWS,4935
,GEN-EWS,4936
,GEN-EWS,4937
,GEN-EWS,4938
,GEN-EWS,4939
,GEN-EWS,4940
,GEN-EWS,4941
,GEN-EWS,4942
,GEN-EWS,4943
,GEN-EWS,4944
,GEN-EWS,4945
,GEN-EWS,4946
,GEN-EWS,4947
,GEN-EWS,4948
,GEN-EWS,4949
,GEN-EWS,4950
,GEN-EWS,4951
,GEN-EWS,4952
,GEN-EWS,4953
,GEN-EWS,4954
,GEN-EWS,4955
,GEN-EWS,4956
,GEN-EWS,4957
,GEN-EWS,4958
,GEN-EWS,4959
,GEN-EWS,4960
,GEN-EWS,4961
,GEN-EWS,4962
,GEN-EWS,4963
,GEN-EWS,4964
,GEN-EWS,4965
,GEN-EWS,4966
,GEN-EWS,4967
,GEN-EWS,4968
,GEN-EWS,4969
,GEN-EWS,4970
,GEN-EWS,4971
,GEN-EWS,4972
,GEN-EWS,4973
,GEN-EWS,4974
,GEN-EWS,4975
,GEN-EWS,4976
,GEN-EWS,4977
,GEN-EWS,4978
,GEN-EWS,4979
,GEN-EWS,4980
,GEN-EWS,4981
,GEN-EWS,4982
,GEN-EWS,4983
,GEN-EWS,4984
,GEN-EWS,4985
,GEN-EWS,4986
,GEN-EWS,4987
,GEN-EWS,4988
,GEN-EWS,4989
,GEN-EWS,4990
,GEN-EWS,4991
,GEN-EWS,4992
,GEN-EWS,4993
,GEN-EWS,4994
,GEN-EWS,4995
,GEN-EWS,4996
,GEN-EWS,4997
,GEN-EWS,4998
,GEN-EWS,4999
,GEN-EWS,5000
,GEN-EWS,5001
,GEN-EWS,5002
,GEN-EWS,5003
,GEN-EWS,5004
,GEN-EWS,5005
,GEN-EWS,5006
,GEN-EWS,5007
,GEN-EWS,5008
,GEN-EWS,5009
,GEN-EWS,5010
,GEN-EWS,5011
,GEN-EWS,5012
,GEN-EWS,5013
,GEN-EWS,5014
,GEN-EWS,5015
,GEN-EWS,5016
,GEN-EWS,5017
,GEN-EWS,5018
,GEN-EWS,5019
,GEN-EWS,5020
,GEN-EWS,5021
,GEN-EWS,5022
,GEN-EWS,5023
,GEN-EWS,5024
,GEN-EWS,5025
,GEN-EWS,5026
,GEN-EWS,5027
,GEN-EWS,5028
,GEN-EWS,5029
,GEN-EWS,5030
,GEN-EWS,5031
,GEN-EWS,5032
,GEN-EWS,5033
,GEN-EWS,5034
,GEN-EWS,5035
,GEN-EWS,5036
,GEN-EWS,5037
,GEN-EWS,5038
,GEN-EWS,5039
,GEN-EWS,5040
,GEN-EWS,5041
,GEN-EWS,5042
,GEN-EWS,5043
,GEN-EWS,5044
,GEN-EWS,5045
,GEN-EWS,5046
,GEN-EWS,5047
,GEN-EWS,5048
,GEN-EWS,5049
,GEN-EWS,5050
,GEN-EWS,5051
,GEN-EWS,5052
,GEN-EWS,5053
,GEN-EWS,5054
,GEN-EWS,5055
,GEN-EWS,5056
,GEN-EWS,5057
,GEN-EWS,5058
,GEN-EWS,5059
,GEN-EWS,5060
,GEN-EWS,5061
,GEN-EWS,5062
,GEN-EWS,5063
,GEN-EWS,5064
,GEN-EWS,5065
,GEN-EWS,5066
,GEN-EWS,5067
,GEN-EWS,5068
,GEN-EWS,5069
,GEN-EWS,5070
,GEN-EWS,5071
,GEN-EWS,5072
,GEN-EWS,5073
,GEN-EWS,5074
,GEN-EWS,5075
,GEN-EWS,5076
,GEN-EWS,5077
,GEN-EWS,5078
,GEN-EWS,5079
,GEN-EWS,5080
,GEN-EWS,5081
,GEN-EWS,5082
,GEN-EWS,5083
,GEN-EWS,5084
,GEN-EWS,5085
,GEN-EWS,5086
,GEN-EWS,5087
,GEN-EWS,5088
,GEN-EWS,5089
,GEN-EWS,5090
,GEN-EWS,5091
,GEN-EWS,5092
,GEN-EWS,5093
,GEN-EWS,5094
,GEN-EWS,5095
,GEN-EWS,5096
,GEN-EWS,5097
,GEN-EWS,5098
,GEN-EWS,5099
,GEN-EWS,5100
,GEN-EWS,5101
,GEN-EWS,5102
,GEN-EWS,5103
,GEN-EWS,5104
,GEN-EWS,5105
,GEN-EWS,5106
,GEN-EWS,5107
,GEN-EWS,5108
,GEN-EWS,5109
,GEN-EWS,5110
,GEN-EWS,5111
,GEN-EWS,5112
,GEN-EWS,5113
,GEN-EWS,5114
,GEN-EWS,5115
,GEN-EWS,5116
,GEN-EWS,5117
,GEN-EWS,5118
,GEN-EWS,5119
,GEN-EWS,5120
,GEN-EWS,5121
,GEN-EWS,5122
,GEN-EWS,5123
,GEN-EWS,5124
,GEN-EWS,5125
,GEN-EWS,5126
,GEN-EWS,5127
,GEN-EWS,5128
,GEN-EWS,5129
,GEN-EWS,5130
,GEN-EWS,5131
,GEN-EWS,5132
,GEN-EWS,5133
,GEN-EWS,5134
,GEN-EWS,5135
,GEN-EWS,5136
,GEN-EWS,5137
,GEN-EWS,5138
,GEN-EWS,5139
,GEN-EWS,5140
,GEN-EWS,5141
,GEN-EWS,5142
,GEN-EWS,5143
,GEN-EWS,5144
,GEN-EWS,5145
,GEN-EWS,5146
,GEN-EWS,5147
,GEN-EWS,5148
,GEN-EWS,5149
,GEN-EWS,5150
,GEN-EWS,5151
,GEN-EWS,5152
,GEN-EWS,5153
,GEN-EWS,5154
,GEN-EWS,5155
,GEN-EWS,5156
,GEN-EWS,5157
,GEN-EWS,5158
,GEN-EWS,5159
,GEN-EWS,5160
,GEN-EWS,5161
,GEN-EWS,5162
,GEN-EWS,5163
,GEN-EWS,5164
,GEN-EWS,5165
,GEN-EWS,5166
,GEN-EWS,5167
,GEN-EWS,5168
,GEN-EWS,5169
,GEN-EWS,5170
,GEN-EWS,5171
,GEN-EWS,5172
,GEN-EWS,5173
,GEN-EWS,5174
,GEN-EWS,5175
,GEN-EWS,5176
,GEN-EWS,5177
,GEN-EWS,5178
,GEN-EWS,5179
,GEN-EWS,5180
,GEN-EWS,5181
,GEN-EWS,5182
,GEN-EWS,5183
,GEN-EWS,5184
,GEN-EWS,5185
,GEN-EWS,5186
,GEN-EWS,5187
,GEN-EWS,5188
,GEN-EWS,5189
,GEN-EWS,5190
,GEN-EWS,5191
,GEN-EWS,5192
,GEN-EWS,5193
,GEN-EWS,5194
,GEN-EWS,5195
,GEN-EWS,5196
,GEN-EWS,5197
,GEN-EWS,5198
,GEN-EWS,5199
,GEN-EWS,5200
,GEN-EWS,5201
,GEN-EWS,5202
,GEN-EWS,5203
,GEN-EWS,5204
,GEN-EWS,5205
,GEN-EWS,5206
,GEN-EWS,5207
,GEN-EWS,5208
,GEN-EWS,5209
,GEN-EWS,5210
,GEN-EWS,5211
,GEN-EWS,5212
,GEN-EWS,5213
,GEN-EWS,5214
,GEN-EWS,5215
,GEN-EWS,5216
,GEN-EWS,5217
,GEN-EWS,5218
,GEN-EWS,5219
,GEN-EWS,5220
,GEN-EWS,5221
,GEN-EWS,5222
,GEN-EWS,5223
,GEN-EWS,5224
,GEN-EWS,5225
,GEN-EWS,5226
,GEN-EWS,5227
,GEN-EWS,5228
,GEN-EWS,5229
,GEN-EWS,5230
,GEN-EWS,5231
,GEN-EWS,5232
,GEN-EWS,5233
,GEN-EWS,5234
,GEN-EWS,5235
,GEN-EWS,5236
,GEN-EWS,5237
,GEN-EWS,5238
,GEN-EWS,5239
,GEN-EWS,5240
,GEN-EWS,5241
,GEN-EWS,5242
,GEN-EWS,5243
,GEN-EWS,5244
,GEN-EWS,5245
,GEN-EWS,5246
,GEN-EWS,5247
,GEN-EWS,5248
,GEN-EWS,5249
,GEN-EWS,5250
,GEN-EWS,5251
,GEN-EWS,5252
,GEN-EWS,5253
,GEN-EWS,5254
,GEN-EWS,5255
,GEN-EWS,5256
,GEN-EWS,5257
,GEN-EWS,5258
,GEN-EWS,5259
,GEN-EWS,5260
,GEN-EWS,5261
,GEN-EWS,5261
,GEN-EWS,5261
,GEN-EWS,5264
,GEN-EWS,5265
,GEN-EWS,5266
,GEN-EWS,5267
,GEN-EWS,5268
,GEN-EWS,5269
,GEN-EWS,5270
,GEN-EWS,5271
,GEN-EWS,5272
,GEN-EWS,5273
,GEN-EWS,5274
,GEN-EWS,5275
,GEN-EWS,5276
,GEN-EWS,5277
,GEN-EWS,5278
,GEN-EWS,5279
,GEN-EWS,5280
,GEN-EWS,5281
,GEN-EWS,5282
,GEN-EWS,5283
,GEN-EWS,5284
,GEN-EWS,5285
,GEN-EWS,5286
,GEN-EWS,5287
,GEN-EWS,5288
,GEN-EWS,5289
,GEN-EWS,5290
,GEN-EWS,5291
,GEN-EWS,5291
,GEN-EWS,5293
,GEN-EWS,5294
,GEN-EWS,5295
,GEN-EWS,5296
,GEN-EWS,5297
,GEN-EWS,5298
,GEN-EWS,5299
,GEN-EWS,5300
,GEN-EWS,5301
,GEN-EWS,5302
,GEN-EWS,5303
,GEN-EWS,5304
,GEN-EWS,5305
,GEN-EWS,5306
,GEN-EWS,5307
,GEN-EWS,5308
,GEN-EWS,5309
,GEN-EWS,5310
,GEN-EWS,5311
,GEN-EWS,5312
,GEN-EWS,5313
,GEN-EWS,5314
,GEN-EWS,5315
,GEN-EWS,5316
,GEN-EWS,5317
,GEN-EWS,5318
,GEN-EWS,5319
,GEN-EWS,5320
,GEN-EWS,5321
,GEN-EWS,5322
,GEN-EWS,5323
,GEN-EWS,5324
,GEN-EWS,5325
,GEN-EWS,5326
,GEN-EWS,5327
,GEN-EWS,5328
,GEN-EWS,5329
,GEN-EWS,5330
,GEN-EWS,5331
,GEN-EWS,5332
,GEN-EWS,5333
,GEN-EWS,5334
,GEN-EWS,5335
,GEN-EWS,5336
,GEN-EWS,5337
,GEN-EWS,5338
,GEN-EWS,5339
,GEN-EWS,5340
,GEN-EWS,5341
,GEN-EWS,5342
,GEN-EWS,5343
,GEN-EWS,5344
,GEN-EWS,5345
,GEN-EWS,5346
,GEN-EWS,5347
,GEN-EWS,5348
,GEN-EWS,5349
,GEN-EWS,5350
,GEN-EWS,5351
,GEN-EWS,5352
,GEN-EWS,5353
,GEN-EWS,5354
,GEN-EWS,5355
,GEN-EWS,5356
,GEN-EWS,5357
,GEN-EWS,5358
,GEN-EWS,5359
,GEN-EWS,5360
,GEN-EWS,5361
,GEN-EWS,5362
,GEN-EWS,5363
,GEN-EWS,5364
,GEN-EWS,5365
,GEN-EWS,5366
,GEN-EWS,5367
,GEN-EWS,5368
,GEN-EWS,5369
,GEN-EWS,5370
,GEN-EWS,5371
,GEN-EWS,5372
,GEN-EWS,5373
,GEN-EWS,5374
,GEN-EWS,5375
,GEN-EWS,5376
,GEN-EWS,5377
,GEN-EWS,5378
,GEN-EWS,5379
,GEN-EWS,5380
,GEN-EWS,5381
,GEN-EWS,5382
,GEN-EWS,5383
,GEN-EWS,5384
,GEN-EWS,5385
,GEN-EWS,5386
,GEN-EWS,5387
,GEN-EWS,5388
,GEN-EWS,5389
,GEN-EWS,5390
,GEN-EWS,5391
,GEN-EWS,5392
,GEN-EWS,5393
,GEN-EWS,5394
,GEN-EWS,5395
,GEN-EWS,5396
,GEN-EWS,5397
,GEN-EWS,5398
,GEN-EWS,5399
,GEN-EWS,5400
,GEN-EWS,5401
,GEN-EWS,5402
,GEN-EWS,5403
,GEN-EWS,5404
,GEN-EWS,5405
,GEN-EWS,5406
,GEN-EWS,5407
,GEN-EWS,5408
,GEN-EWS,5409
,GEN-EWS,5410
,GEN-EWS,5411
,GEN-EWS,5412
,GEN-EWS,5413
,GEN-EWS,5414
,GEN-EWS,5415
,GEN-EWS,5416
,GEN-EWS,5417
,GEN-EWS,5418
,GEN-EWS,5419
,GEN-EWS,5420
,GEN-EWS,5421
,GEN-EWS,5422
,GEN-EWS,5423
,GEN-EWS,5424
,GEN-EWS,5425
,GEN-EWS,5426
,GEN-EWS,5427
,GEN-EWS,5428
,GEN-EWS,5429
,GEN-EWS,5430
,GEN-EWS,5431
,GEN-EWS,5432
,GEN-EWS,5433
,OBC-NCL,2939
,OBC-NCL,3616
,OBC-NCL,4541
,OBC-NCL,4585
,OBC-NCL,4946
,OBC-NCL,5118
,OBC-NCL,5392
,OBC-NCL,5522
,OBC-NCL,5880
,OBC-NCL,6274
,OBC-NCL,6338
,OBC-NCL,6704
,OBC-NCL,6718
,OBC-NCL,6810
,OBC-NCL,6811
,OBC-NCL,6812
,OBC-NCL,6813
,OBC-NCL,6814
,OBC-NCL,6815
,OBC-NCL,6816
,OBC-NCL,6816
,OBC-NCL,6818
,OBC-NCL,6819
,OBC-NCL,6820
,OBC-NCL,6821
,OBC-NCL,6822
,OBC-NCL,6823
,OBC-NCL,6824
,OBC-NCL,6825
,OBC-NCL,6826
,OBC-NCL,6827
,OBC-NCL,6828
,OBC-NCL,6829
,OBC-NCL,6830
,OBC-NCL,6831
,OBC-NCL,6832
,OBC-NCL,6833
,OBC-NCL,6834
,OBC-NCL,6835
,OBC-NCL,6836
,OBC-NCL,6837
,OBC-NCL,6838
,OBC-NCL,6839
,OBC-NCL,6840
,OBC-NCL,6841
,OBC-NCL,6842
,OBC-NCL,6843
,OBC-NCL,6844
,OBC-NCL,6845
,OBC-NCL,6846
,OBC-NCL,6847
,OBC-NCL,6848
,OBC-NCL,6849
,OBC-NCL,6850
,OBC-NCL,6851
,OBC-NCL,6852
,OBC-NCL,6853
,OBC-NCL,6854
,OBC-NCL,6855
,OBC-NCL,6856
,OBC-NCL,6857
,OBC-NCL,6858
,OBC-NCL,6859
,OBC-NCL,6860
,OBC-NCL,6861
,OBC-NCL,6862
,OBC-NCL,6863
,OBC-NCL,6864
,OBC-NCL,6865
,OBC-NCL,6866
,OBC-NCL,6867
,OBC-NCL,6868
,OBC-NCL,6869
,OBC-NCL,6870
,OBC-NCL,6871
,OBC-NCL,6872
,OBC-NCL,6873
,OBC-NCL,6874
,OBC-NCL,6875
,OBC-NCL,6876
,OBC-NCL,6877
,OBC-NCL,6878
,OBC-NCL,6879
,OBC-NCL,6880
,OBC-NCL,6881
,OBC-NCL,6882
,OBC-NCL,6883
,OBC-NCL,6884
,OBC-NCL,6885
,OBC-NCL,6886
,OBC-NCL,6887
,OBC-NCL,6888
,OBC-NCL,6889
,OBC-NCL,6890
,OBC-NCL,6891
,OBC-NCL,6892
,OBC-NCL,6893
,OBC-NCL,6894
,OBC-NCL,6895
,OBC-NCL,6896
,OBC-NCL,6897
,OBC-NCL,6898
,OBC-NCL,6899
,OBC-NCL,6900
,OBC-NCL,6901
,OBC-NCL,6902
,OBC-NCL,6903
,OBC-NCL,6904
,OBC-NCL,6905
,OBC-NCL,6906
,OBC-NCL,6907
,OBC-NCL,6908
,OBC-NCL,6909
,OBC-NCL,6910
,OBC-NCL,6911
,OBC-NCL,6912
,OBC-NCL,6913
,OBC-NCL,6914
,OBC-NCL,6915
,OBC-NCL,6916
,OBC-NCL,6917
,OBC-NCL,6918
,OBC-NCL,6919
,OBC-NCL,6920
,OBC-NCL,6921
,OBC-NCL,6922
,OBC-NCL,6923
,OBC-NCL,6924
,OBC-NCL,6925
,OBC-NCL,6926
,OBC-NCL,6927
,OBC-NCL,6928
,OBC-NCL,6929
,OBC-NCL,6930
,OBC-NCL,6931
,OBC-NCL,6932
,OBC-NCL,6933
,OBC-NCL,6934
,OBC-NCL,6935
,OBC-NCL,6936
,OBC-NCL,6937
,OBC-NCL,6938
,OBC-NCL,6939
,OBC-NCL,6940
,OBC-NCL,6941
,OBC-NCL,6942
,OBC-NCL,6943
,OBC-NCL,6944
,OBC-NCL,6945
,OBC-NCL,6946
,OBC-NCL,6947
,OBC-NCL,6948
,OBC-NCL,6949
,OBC-NCL,6950
,OBC-NCL,6951
,OBC-NCL,6952
,OBC-NCL,6953
,OBC-NCL,6954
,OBC-NCL,6955
,OBC-NCL,6956
,OBC-NCL,6957
,OBC-NCL,6958
,OBC-NCL,6959
,OBC-NCL,6960
,OBC-NCL,6961
,OBC-NCL,6962
,OBC-NCL,6963
,OBC-NCL,6964
,OBC-NCL,6965
,OBC-NCL,6966
,OBC-NCL,6967
,OBC-NCL,6968
,OBC-NCL,6969
,OBC-NCL,6970
,OBC-NCL,6971
,OBC-NCL,6972
,OBC-NCL,6973
,OBC-NCL,6974
,OBC-NCL,6975
,OBC-NCL,6976
,OBC-NCL,6977
,OBC-NCL,6978
,OBC-NCL,6979
,OBC-NCL,6980
,OBC-NCL,6981
,OBC-NCL,6982
,OBC-NCL,6983
,OBC-NCL,6984
,OBC-NCL,6985
,OBC-NCL,6986
,OBC-NCL,6987
,OBC-NCL,6988
,OBC-NCL,6989
,OBC-NCL,6990
,OBC-NCL,6991
,OBC-NCL,6992
,OBC-NCL,6993
,OBC-NCL,6994
,OBC-NCL,6995
,OBC-NCL,6996
,OBC-NCL,6997
,OBC-NCL,6998
,OBC-NCL,6999
,OBC-NCL,7000
,OBC-NCL,7001
,OBC-NCL,7002
,OBC-NCL,7003
,OBC-NCL,7004
,OBC-NCL,7005
,OBC-NCL,7006
,OBC-NCL,7007
,OBC-NCL,7008
,OBC-NCL,7009
,OBC-NCL,7010
,OBC-NCL,7011
,OBC-NCL,7012
,OBC-NCL,7013
,OBC-NCL,7014
,OBC-NCL,7015
,OBC-NCL,7016
,OBC-NCL,7017
,OBC-NCL,7018
,OBC-NCL,7019
,OBC-NCL,7020
,OBC-NCL,7021
,OBC-NCL,7022
,OBC-NCL,7023
,OBC-NCL,7024
,OBC-NCL,7025
,OBC-NCL,7026
,OBC-NCL,7027
,OBC-NCL,7028
,OBC-NCL,7029
,OBC-NCL,7030
,OBC-NCL,7031
,OBC-NCL,7032
,OBC-NCL,7033
,OBC-NCL,7034
,OBC-NCL,7035
,OBC-NCL,7036
,OBC-NCL,7037
,OBC-NCL,7038
,OBC-NCL,7039
,OBC-NCL,7040
,OBC-NCL,7041
,OBC-NCL,7042
,OBC-NCL,7043
,OBC-NCL,7044
,OBC-NCL,7045
,OBC-NCL,7046
,OBC-NCL,7047
,OBC-NCL,7048
,OBC-NCL,7049
,OBC-NCL,7050
,OBC-NCL,7051
,OBC-NCL,7052
,OBC-NCL,7053
,OBC-NCL,7054
,OBC-NCL,7055
,OBC-NCL,7056
,OBC-NCL,7057
,OBC-NCL,7058
,OBC-NCL,7059
,OBC-NCL,7060
,OBC-NCL,7061
,OBC-NCL,7062
,OBC-NCL,7063
,OBC-NCL,7064
,OBC-NCL,7065
,OBC-NCL,7066
,OBC-NCL,7067
,OBC-NCL,7068
,OBC-NCL,7069
,OBC-NCL,7070
,OBC-NCL,7071
,OBC-NCL,7072
,OBC-NCL,7073
,OBC-NCL,7074
,OBC-NCL,7075
,OBC-NCL,7076
,OBC-NCL,7077
,OBC-NCL,7078
,OBC-NCL,7079
,OBC-NCL,7080
,OBC-NCL,7081
,OBC-NCL,7082
,OBC-NCL,7083
,OBC-NCL,7084
,OBC-NCL,7085
,OBC-NCL,7086
,OBC-NCL,7087
,OBC-NCL,7088
,OBC-NCL,7089
,OBC-NCL,7090
,OBC-NCL,7091
,OBC-NCL,7092
,OBC-NCL,7093
,OBC-NCL,7094
,OBC-NCL,7095
,OBC-NCL,7096
,OBC-NCL,7097
,OBC-NCL,7098
,OBC-NCL,7099
,OBC-NCL,7100
,OBC-NCL,7101
,OBC-NCL,7102
,OBC-NCL,7103
,OBC-NCL,7104
,OBC-NCL,7105
,OBC-NCL,7106
,OBC-NCL,7107
,OBC-NCL,7108
,OBC-NCL,7109
,OBC-NCL,7110
,OBC-NCL,7111
,OBC-NCL,7112
,OBC-NCL,7113
,OBC-NCL,7114
,OBC-NCL,7115
,OBC-NCL,7116
,OBC-NCL,7117
,OBC-NCL,7118
,OBC-NCL,7119
,OBC-NCL,7120
,OBC-NCL,7121
,OBC-NCL,7122
,OBC-NCL,7123
,OBC-NCL,7124
,OBC-NCL,7125
,OBC-NCL,7126
,OBC-NCL,7127
,OBC-NCL,7128
,OBC-NCL,7129
,OBC-NCL,7130
,OBC-NCL,7131
,OBC-NCL,7132
,OBC-NCL,7133
,OBC-NCL,7134
,OBC-NCL,7135
,OBC-NCL,7136
,OBC-NCL,7137
,OBC-NCL,7138
,OBC-NCL,7139
,OBC-NCL,7140
,OBC-NCL,7141
,OBC-NCL,7142
,OBC-NCL,7143
,OBC-NCL,7144
,OBC-NCL,7145
,OBC-NCL,7146
,OBC-NCL,7147
,OBC-NCL,7148
,OBC-NCL,7149
,OBC-NCL,7150
,OBC-NCL,7151
,OBC-NCL,7152
,OBC-NCL,7153
,OBC-NCL,7154
,OBC-NCL,7155
,OBC-NCL,7156
,OBC-NCL,7157
,OBC-NCL,7158
,OBC-NCL,7159
,OBC-NCL,7160
,OBC-NCL,7161
,OBC-NCL,7162
,OBC-NCL,7163
,OBC-NCL,7164
,OBC-NCL,7165
,OBC-NCL,7166
,OBC-NCL,7167
,OBC-NCL,7168
,OBC-NCL,7169
,OBC-NCL,7170
,OBC-NCL,7171
,OBC-NCL,7172
,OBC-NCL,7173
,OBC-NCL,7174
,OBC-NCL,7175
,OBC-NCL,7176
,OBC-NCL,7177
,OBC-NCL,7178
,OBC-NCL,7179
,OBC-NCL,7180
,OBC-NCL,7181
,OBC-NCL,7182
,OBC-NCL,7183
,OBC-NCL,7184
,OBC-NCL,7185
,OBC-NCL,7186
,OBC-NCL,7187
,OBC-NCL,7188
,OBC-NCL,7189
,OBC-NCL,7190
,OBC-NCL,7191
,OBC-NCL,7192
,OBC-NCL,7193
,OBC-NCL,7194
,OBC-NCL,7195
,OBC-NCL,7196
,OBC-NCL,7197
,OBC-NCL,7198
,OBC-NCL,7199
,OBC-NCL,7200
,OBC-NCL,7200
,OBC-NCL,7202
,OBC-NCL,7203
,OBC-NCL,7204
,OBC-NCL,7205
,OBC-NCL,7205
,OBC-NCL,7207
,OBC-NCL,7208
,OBC-NCL,7209
,OBC-NCL,7210
,OBC-NCL,7211
,OBC-NCL,7212
,OBC-NCL,7213
,OBC-NCL,7214
,OBC-NCL,7215
,OBC-NCL,7216
,OBC-NCL,7217
,OBC-NCL,7218
,OBC-NCL,7219
,OBC-NCL,7220
,OBC-NCL,7221
,OBC-NCL,7222
,OBC-NCL,7223
,OBC-NCL,7224
,OBC-NCL,7225
,OBC-NCL,7226
,OBC-NCL,7227
,OBC-NCL,7228
,OBC-NCL,7229
,OBC-NCL,7230
,OBC-NCL,7231
,OBC-NCL,7232
,OBC-NCL,7233
,OBC-NCL,7234
,OBC-NCL,7235
,OBC-NCL,7236
,OBC-NCL,7237
,OBC-NCL,7238
,OBC-NCL,7239
,OBC-NCL,7240
,OBC-NCL,7241
,OBC-NCL,7242
,OBC-NCL,7243
,OBC-NCL,7244
,OBC-NCL,7245
,OBC-NCL,7246
,OBC-NCL,7247
,OBC-NCL,7248
,OBC-NCL,7249
,OBC-NCL,7250
,OBC-NCL,7251
,OBC-NCL,7252
,OBC-NCL,7253
,OBC-NCL,7254
,OBC-NCL,7255
,OBC-NCL,7256
,OBC-NCL,7257
,OBC-NCL,7258
,OBC-NCL,7259
,OBC-NCL,7260
,OBC-NCL,7261
,OBC-NCL,7262
,OBC-NCL,7263
,OBC-NCL,7264
,OBC-NCL,7265
,OBC-NCL,7266
,OBC-NCL,7267
,OBC-NCL,7268
,OBC-NCL,7269
,OBC-NCL,7270
,OBC-NCL,7271
,OBC-NCL,7272
,OBC-NCL,7273
,OBC-NCL,7274
,OBC-NCL,7275
,OBC-NCL,7276
,OBC-NCL,7277
,OBC-NCL,7278
,OBC-NCL,7279
,OBC-NCL,7280
,OBC-NCL,7281
,OBC-NCL,7282
,OBC-NCL,7283
,OBC-NCL,7284
,OBC-NCL,7285
,OBC-NCL,7286
,OBC-NCL,7287
,OBC-NCL,7288
,OBC-NCL,7289
,OBC-NCL,7290
,OBC-NCL,7291
,OBC-NCL,7292
,OBC-NCL,7293
,OBC-NCL,7294
,OBC-NCL,7295
,OBC-NCL,7296
,OBC-NCL,7297
,OBC-NCL,7298
,OBC-NCL,7299
,OBC-NCL,7300
,OBC-NCL,7301
,OBC-NCL,7302
,OBC-NCL,7303
,OBC-NCL,7304
,OBC-NCL,7305
,OBC-NCL,7306
,OBC-NCL,7307
,OBC-NCL,7308
,OBC-NCL,7309
,OBC-NCL,7310
,OBC-NCL,7311
,OBC-NCL,7312
,OBC-NCL,7313
,OBC-NCL,7314
,OBC-NCL,7315
,OBC-NCL,7316
,OBC-NCL,7317
,OBC-NCL,7318
,OBC-NCL,7319
,OBC-NCL,7320
,OBC-NCL,7321
,OBC-NCL,7322
,OBC-NCL,7323
,OBC-NCL,7324
,OBC-NCL,7325
,OBC-NCL,7326
,OBC-NCL,7327
,OBC-NCL,7328
,OBC-NCL,7329
,OBC-NCL,7330
,OBC-NCL,7331
,OBC-NCL,7332
,OBC-NCL,7333
,OBC-NCL,7334
,OBC-NCL,7335
,OBC-NCL,7336
,OBC-NCL,7337
,OBC-NCL,7338
,OBC-NCL,7338
,OBC-NCL,7340
,OBC-NCL,7341
,OBC-NCL,7342
,OBC-NCL,7343
,OBC-NCL,7344
,OBC-NCL,7345
,OBC-NCL,7346
,OBC-NCL,7347
,OBC-NCL,7348
,OBC-NCL,7349
,OBC-NCL,7350
,OBC-NCL,7351
,OBC-NCL,7352
,OBC-NCL,7353
,OBC-NCL,7354
,OBC-NCL,7355
,OBC-NCL,7356
,OBC-NCL,7357
,OBC-NCL,7358
,OBC-NCL,7359
,OBC-NCL,7360
,OBC-NCL,7361
,OBC-NCL,7362
,OBC-NCL,7363
,OBC-NCL,7364
,OBC-NCL,7365
,OBC-NCL,7366
,OBC-NCL,7367
,OBC-NCL,7368
,OBC-NCL,7369
,OBC-NCL,7370
,OBC-NCL,7371
,OBC-NCL,7372
,OBC-NCL,7373
,OBC-NCL,7374
,OBC-NCL,7375
,OBC-NCL,7376
,OBC-NCL,7377
,OBC-NCL,7378
,OBC-NCL,7379
,OBC-NCL,7380
,OBC-NCL,7381
,OBC-NCL,7382
,OBC-NCL,7383
,OBC-NCL,7384
,OBC-NCL,7385
,OBC-NCL,7386
,OBC-NCL,7387
,OBC-NCL,7388
,OBC-NCL,7389
,OBC-NCL,7390
,OBC-NCL,7391
,OBC-NCL,7392
,OBC-NCL,7393
,OBC-NCL,7394
,OBC-NCL,7395
,OBC-NCL,7396
,OBC-NCL,7397
,OBC-NCL,7398
,OBC-NCL,7399
,OBC-NCL,7400
,OBC-NCL,7401
,OBC-NCL,7402
,OBC-NCL,7403
,OBC-NCL,7404
,OBC-NCL,7405
,OBC-NCL,7406
,OBC-NCL,7407
,OBC-NCL,7408
,OBC-NCL,7409
,OBC-NCL,7410
,OBC-NCL,7411
,OBC-NCL,7412
,OBC-NCL,7413
,OBC-NCL,7414
,OBC-NCL,7415
,OBC-NCL,7416
,OBC-NCL,7417
,OBC-NCL,7418
,OBC-NCL,7419
,OBC-NCL,7420
,OBC-NCL,7421
,OBC-NCL,7422
,OBC-NCL,7423
,OBC-NCL,7424
,OBC-NCL,7425
,OBC-NCL,7426
,OBC-NCL,7427
,OBC-NCL,7428
,OBC-NCL,7429
,OBC-NCL,7430
,OBC-NCL,7431
,OBC-NCL,7432
,OBC-NCL,7433
,OBC-NCL,7434
,OBC-NCL,7435
,OBC-NCL,7436
,OBC-NCL,7437
,OBC-NCL,7438
,OBC-NCL,7439
,OBC-NCL,7440
,OBC-NCL,7441
,OBC-NCL,7442
,OBC-NCL,7443
,OBC-NCL,7444
,OBC-NCL,7445
,OBC-NCL,7446
,OBC-NCL,7447
,OBC-NCL,7448
,OBC-NCL,7449
,OBC-NCL,7450
,OBC-NCL,7451
,OBC-NCL,7452
,OBC-NCL,7453
,OBC-NCL,7454
,OBC-NCL,7455
,OBC-NCL,7456
,OBC-NCL,7457
,OBC-NCL,7458
,OBC-NCL,7459
,OBC-NCL,7460
,OBC-NCL,7461
,OBC-NCL,7462
,OBC-NCL,7463
,OBC-NCL,7464
,OBC-NCL,7465
,OBC-NCL,7466
,OBC-NCL,7467
,OBC-NCL,7468
,OBC-NCL,7469
,OBC-NCL,7470
,OBC-NCL,7471
,OBC-NCL,7472
,OBC-NCL,7473
,OBC-NCL,7474
,OBC-NCL,7475
,OBC-NCL,7476
,OBC-NCL,7477
,OBC-NCL,7478
,OBC-NCL,7479
,OBC-NCL,7480
,OBC-NCL,7481
,OBC-NCL,7482
,OBC-NCL,7483
,OBC-NCL,7484
,OBC-NCL,7485
,OBC-NCL,7486
,OBC-NCL,7487
,OBC-NCL,7488
,OBC-NCL,7489
,OBC-NCL,7490
,OBC-NCL,7491
,OBC-NCL,7492
,OBC-NCL,7493
,OBC-NCL,7494
,OBC-NCL,7495
,OBC-NCL,7496
,OBC-NCL,7497
,OBC-NCL,7498
,OBC-NCL,7499
,OBC-NCL,7500
,OBC-NCL,7501
,OBC-NCL,7502
,OBC-NCL,7503
,OBC-NCL,7504
,OBC-NCL,7505
,OBC-NCL,7506
,OBC-NCL,7507
,OBC-NCL,7508
,OBC-NCL,7509
,OBC-NCL,7510
,OBC-NCL,7511
,OBC-NCL,7512
,OBC-NCL,7513
,OBC-NCL,7514
,OBC-NCL,7515
,OBC-NCL,7516
,OBC-NCL,7517
,OBC-NCL,7518
,OBC-NCL,7519
,OBC-NCL,7520
,OBC-NCL,7521
,OBC-NCL,7522
,OBC-NCL,7523
,OBC-NCL,7524
,OBC-NCL,7525
,OBC-NCL,7526
,OBC-NCL,7527
,OBC-NCL,7528
,OBC-NCL,7529
,OBC-NCL,7530
,OBC-NCL,7531
,OBC-NCL,7532
,OBC-NCL,7533
,OBC-NCL,7534
,OBC-NCL,7535
,OBC-NCL,7536
,OBC-NCL,7537
,OBC-NCL,7538
,OBC-NCL,7539
,OBC-NCL,7540
,OBC-NCL,7541
,OBC-NCL,7542
,OBC-NCL,7543
,OBC-NCL,7544
,OBC-NCL,7545
,OBC-NCL,7546
,OBC-NCL,7547
,OBC-NCL,7548
,OBC-NCL,7549
,OBC-NCL,7550
,OBC-NCL,7551
,OBC-NCL,7552
,OBC-NCL,7553
,OBC-NCL,7554
,OBC-NCL,7555
,OBC-NCL,7556
,OBC-NCL,7557
,OBC-NCL,7558
,OBC-NCL,7559
,OBC-NCL,7560
,OBC-NCL,7561
,OBC-NCL,7562
,OBC-NCL,7563
,OBC-NCL,7564
,OBC-NCL,7565
,OBC-NCL,7566
,OBC-NCL,7567
,OBC-NCL,7568
,OBC-NCL,7569
,OBC-NCL,7570
,OBC-NCL,7571
,OBC-NCL,7572
,OBC-NCL,7573
,OBC-NCL,7574
,OBC-NCL,7575
,OBC-NCL,7575
,OBC-NCL,7577
,OBC-NCL,7578
,OBC-NCL,7579
,OBC-NCL,7580
,OBC-NCL,7581
,OBC-NCL,7582
,OBC-NCL,7583
,OBC-NCL,7584
,OBC-NCL,7585
,OBC-NCL,7586
,OBC-NCL,7587
,OBC-NCL,7588
,OBC-NCL,7589
,OBC-NCL,7590
,OBC-NCL,7591
,OBC-NCL,7592
,OBC-NCL,7593
,OBC-NCL,7594
,OBC-NCL,7595
,OBC-NCL,7596
,OBC-NCL,7597
,OBC-NCL,7598
,OBC-NCL,7599
,OBC-NCL,7600
,OBC-NCL,7601
,OBC-NCL,7602
,OBC-NCL,7603
,OBC-NCL,7604
,OBC-NCL,7605
,OBC-NCL,7606
,OBC-NCL,7607
,OBC-NCL,7608
,OBC-NCL,7609
,OBC-NCL,7610
,OBC-NCL,7611
,OBC-NCL,7612
,OBC-NCL,7613
,OBC-NCL,7614
,OBC-NCL,7615
,OBC-NCL,7616
,OBC-NCL,7617
,OBC-NCL,7618
,OBC-NCL,7619
,OBC-NCL,7620
,OBC-NCL,7621
,OBC-NCL,7622
,OBC-NCL,7623
,OBC-NCL,7624
,OBC-NCL,7625
,OBC-NCL,7626
,OBC-NCL,7627
,OBC-NCL,7628
,OBC-NCL,7629
,OBC-NCL,7630
,OBC-NCL,7631
,OBC-NCL,7632
,OBC-NCL,7633
,OBC-NCL,7634
,OBC-NCL,7635
,OBC-NCL,7636
,OBC-NCL,7637
,OBC-NCL,7638
,OBC-NCL,7639
,OBC-NCL,7640
,OBC-NCL,7641
,OBC-NCL,7642
,OBC-NCL,7643
,OBC-NCL,7644
,OBC-NCL,7645
,OBC-NCL,7646
,OBC-NCL,7647
,OBC-NCL,7648
,OBC-NCL,7649
,OBC-NCL,7650
,OBC-NCL,7651
,OBC-NCL,7652
,OBC-NCL,7653
,OBC-NCL,7654
,OBC-NCL,7655
,OBC-NCL,7656
,OBC-NCL,7657
,OBC-NCL,7658
,OBC-NCL,7659
,OBC-NCL,7660
,OBC-NCL,7661
,OBC-NCL,7662
,OBC-NCL,7663
,OBC-NCL,7664
,OBC-NCL,7665
,OBC-NCL,7666
,OBC-NCL,7667
,OBC-NCL,7668
,OBC-NCL,7669
,OBC-NCL,7670
,OBC-NCL,7671
,OBC-NCL,7672
,OBC-NCL,7673
,OBC-NCL,7674
,OBC-NCL,7675
,OBC-NCL,7676
,OBC-NCL,7677
,OBC-NCL,7678
,OBC-NCL,7679
,OBC-NCL,7680
,OBC-NCL,7681
,OBC-NCL,7682
,OBC-NCL,7683
,OBC-NCL,7684
,OBC-NCL,7685
,OBC-NCL,7686
,OBC-NCL,7687
,OBC-NCL,7688
,OBC-NCL,7689
,OBC-NCL,7690
,OBC-NCL,7691
,OBC-NCL,7692
,OBC-NCL,7693
,OBC-NCL,7694
,OBC-NCL,7695
,OBC-NCL,7696
,OBC-NCL,7697
,OBC-NCL,7698
,OBC-NCL,7699
,OBC-NCL,7700
,OBC-NCL,7701
,OBC-NCL,7702
,OBC-NCL,7703
,OBC-NCL,7704
,OBC-NCL,7705
,OBC-NCL,7706
,OBC-NCL,7707
,OBC-NCL,7708
,OBC-NCL,7709
,OBC-NCL,7710
,OBC-NCL,7711
,OBC-NCL,7712
,OBC-NCL,7713
,OBC-NCL,7714
,OBC-NCL,7715
,OBC-NCL,7716
,OBC-NCL,7717
,OBC-NCL,7718
,OBC-NCL,7719
,OBC-NCL,7720
,OBC-NCL,7721
,OBC-NCL,7722
,OBC-NCL,7723
,OBC-NCL,7724
,OBC-NCL,7725
,OBC-NCL,7726
,OBC-NCL,7727
,OBC-NCL,7728
,OBC-NCL,7729
,OBC-NCL,7730
,OBC-NCL,7731
,OBC-NCL,7732
,OBC-NCL,7733
,OBC-NCL,7734
,OBC-NCL,7735
,OBC-NCL,7736
,OBC-NCL,7737
,OBC-NCL,7738
,OBC-NCL,7739
,OBC-NCL,7740
,OBC-NCL,7741
,OBC-NCL,7742
,OBC-NCL,7742
,OBC-NCL,7744
,OBC-NCL,7745
,OBC-NCL,7746
,OBC-NCL,7747
,OBC-NCL,7748
,OBC-NCL,7749
,OBC-NCL,7750
,OBC-NCL,7751
,OBC-NCL,7752
,OBC-NCL,7753
,OBC-NCL,7754
,OBC-NCL,7755
,OBC-NCL,7756
,OBC-NCL,7757
,OBC-NCL,7758
,OBC-NCL,7759
,OBC-NCL,7760
,OBC-NCL,7761
,OBC-NCL,7762
,OBC-NCL,7763
,OBC-NCL,7764
,OBC-NCL,7765
,OBC-NCL,7766
,OBC-NCL,7767
,OBC-NCL,7768
,OBC-NCL,7769
,OBC-NCL,7770
,OBC-NCL,7771
,OBC-NCL,7772
,OBC-NCL,7773
,OBC-NCL,7774
,OBC-NCL,7775
,OBC-NCL,7776
,OBC-NCL,7777
,OBC-NCL,7778
,OBC-NCL,7779
,OBC-NCL,7780
,OBC-NCL,7781
,OBC-NCL,7782
,OBC-NCL,7783
,OBC-NCL,7784
,OBC-NCL,7785
,OBC-NCL,7786
,OBC-NCL,7787
,OBC-NCL,7788
,OBC-NCL,7789
,OBC-NCL,7790
,OBC-NCL,7791
,OBC-NCL,7792
,OBC-NCL,7793
,OBC-NCL,7794
,OBC-NCL,7795
,OBC-NCL,7796
,OBC-NCL,7797
,OBC-NCL,7798
,OBC-NCL,7799
,OBC-NCL,7800
,OBC-NCL,7801
,OBC-NCL,7802
,OBC-NCL,7803
,OBC-NCL,7804
,OBC-NCL,7805
,OBC-NCL,7806
,OBC-NCL,7807
,OBC-NCL,7808
,OBC-NCL,7809
,OBC-NCL,7810
,OBC-NCL,7811
,OBC-NCL,7812
,OBC-NCL,7813
,OBC-NCL,7814
,OBC-NCL,7815
,OBC-NCL,7816
,OBC-NCL,7817
,OBC-NCL,7818
,OBC-NCL,7819
,OBC-NCL,7820
,OBC-NCL,7821
,OBC-NCL,7822
,OBC-NCL,7823
,OBC-NCL,7824
,OBC-NCL,7825
,OBC-NCL,7826
,OBC-NCL,7827
,OBC-NCL,7828
,OBC-NCL,7829
,OBC-NCL,7830
,OBC-NCL,7831
,OBC-NCL,7832
,OBC-NCL,7833
,OBC-NCL,7834
,OBC-NCL,7835
,OBC-NCL,7836
,OBC-NCL,7837
,OBC-NCL,7838
,OBC-NCL,7839
,OBC-NCL,7840
,OBC-NCL,7841
,OBC-NCL,7842
,OBC-NCL,7843
,OBC-NCL,7844
,OBC-NCL,7845
,OBC-NCL,7846
,OBC-NCL,7847
,OBC-NCL,7848
,OBC-NCL,7849
,OBC-NCL,7850
,OBC-NCL,7851
,OBC-NCL,7852
,OBC-NCL,7853
,OBC-NCL,7854
,OBC-NCL,7855
,OBC-NCL,7856
,OBC-NCL,7857
,OBC-NCL,7858
,OBC-NCL,7859
,OBC-NCL,7860
,OBC-NCL,7861
,OBC-NCL,7862
,OBC-NCL,7863
,OBC-NCL,7864
,OBC-NCL,7865
,OBC-NCL,7866
,OBC-NCL,7867
,OBC-NCL,7868
,OBC-NCL,7869
,OBC-NCL,7870
,OBC-NCL,7871
,OBC-NCL,7872
,OBC-NCL,7873
,OBC-NCL,7874
,OBC-NCL,7875
,OBC-NCL,7876
,OBC-NCL,7877
,OBC-NCL,7878
,OBC-NCL,7879
,OBC-NCL,7880
,OBC-NCL,7881
,OBC-NCL,7882
,OBC-NCL,7883
,OBC-NCL,7884
,OBC-NCL,7885
,OBC-NCL,7886
,OBC-NCL,7887
,OBC-NCL,7888
,OBC-NCL,7889
,OBC-NCL,7890
,OBC-NCL,7891
,OBC-NCL,7892
,OBC-NCL,7893
,OBC-NCL,7894
,OBC-NCL,7895
,OBC-NCL,7896
,OBC-NCL,7897
,OBC-NCL,7898
,OBC-NCL,7899
,OBC-NCL,7900
,OBC-NCL,7901
,OBC-NCL,7902
,OBC-NCL,7903
,OBC-NCL,7904
,OBC-NCL,7905
,OBC-NCL,7906
,OBC-NCL,7907
,OBC-NCL,7908
,OBC-NCL,7909
,OBC-NCL,7910
,OBC-NCL,7911
,OBC-NCL,7912
,OBC-NCL,7913
,OBC-NCL,7914
,OBC-NCL,7915
,OBC-NCL,7916
,OBC-NCL,7917
,OBC-NCL,7918
,OBC-NCL,7919
,OBC-NCL,7920
,OBC-NCL,7921
,OBC-NCL,7922
,OBC-NCL,7923
,OBC-NCL,7924
,OBC-NCL,7925
,OBC-NCL,7926
,OBC-NCL,7927
,OBC-NCL,7928
,OBC-NCL,7929
,OBC-NCL,7930
,OBC-NCL,7931
,OBC-NCL,7932
,OBC-NCL,7933
,OBC-NCL,7934
,OBC-NCL,7935
,OBC-NCL,7936
,OBC-NCL,7937
,OBC-NCL,7938
,OBC-NCL,7939
,OBC-NCL,7940
,OBC-NCL,7941
,OBC-NCL,7942
,OBC-NCL,7943
,OBC-NCL,7944
,OBC-NCL,7945
,OBC-NCL,7946
,OBC-NCL,7947
,OBC-NCL,7948
,OBC-NCL,7949
,OBC-NCL,7950
,OBC-NCL,7951
,OBC-NCL,7952
,OBC-NCL,7953
,OBC-NCL,7954
,OBC-NCL,7955
,OBC-NCL,7956
,OBC-NCL,7957
,OBC-NCL,7958
,OBC-NCL,7959
,OBC-NCL,7960
,OBC-NCL,7961
,OBC-NCL,7962
,OBC-NCL,7963
,OBC-NCL,7964
,OBC-NCL,7965
,OBC-NCL,7966
,OBC-NCL,7967
,OBC-NCL,7968
,OBC-NCL,7969
,OBC-NCL,7970
,OBC-NCL,7971
,OBC-NCL,7972
,OBC-NCL,7973
,OBC-NCL,7974
,OBC-NCL,7975
,OBC-NCL,7976
,OBC-NCL,7977
,OBC-NCL,7978
,OBC-NCL,7979
,OBC-NCL,7980
,OBC-NCL,7981
,OBC-NCL,7982
,OBC-NCL,7983
,OBC-NCL,7984
,OBC-NCL,7985
,OBC-NCL,7986
,OBC-NCL,7987
,OBC-NCL,7988
,OBC-NCL,7989
,OBC-NCL,7990
,OBC-NCL,7991
,OBC-NCL,7992
,OBC-NCL,7993
,OBC-NCL,7994
,OBC-NCL,7995
,OBC-NCL,7996
,OBC-NCL,7997
,OBC-NCL,7998
,OBC-NCL,7999
,OBC-NCL,8000
,OBC-NCL,8001
,OBC-NCL,8002
,OBC-NCL,8003
,OBC-NCL,8004
,OBC-NCL,8005
,OBC-NCL,8006
,OBC-NCL,8007
,OBC-NCL,8008
,OBC-NCL,8009
,OBC-NCL,8010
,OBC-NCL,8011
,OBC-NCL,8012
,OBC-NCL,8013
,OBC-NCL,8014
,OBC-NCL,8015
,OBC-NCL,8016
,OBC-NCL,8017
,OBC-NCL,8018
,OBC-NCL,8019
,OBC-NCL,8020
,OBC-NCL,8021
,OBC-NCL,8022
,OBC-NCL,8023
,OBC-NCL,8024
,OBC-NCL,8025
,OBC-NCL,8026
,OBC-NCL,8027
,OBC-NCL,8028
,OBC-NCL,8029
,OBC-NCL,8030
,OBC-NCL,8031
,OBC-NCL,8032
,OBC-NCL,8033
,OBC-NCL,8034
,OBC-NCL,8035
,OBC-NCL,8036
,OBC-NCL,8037
,OBC-NCL,8038
,OBC-NCL,8039
,OBC-NCL,8040
,OBC-NCL,8041
,OBC-NCL,8042
,OBC-NCL,8043
,OBC-NCL,8044
,OBC-NCL,8045
,OBC-NCL,8046
,OBC-NCL,8047
,OBC-NCL,8048
,OBC-NCL,8049
,OBC-NCL,8050
,OBC-NCL,8051
,OBC-NCL,8052
,OBC-NCL,8053
,OBC-NCL,8054
,OBC-NCL,8055
,OBC-NCL,8056
,OBC-NCL,8057
,OBC-NCL,8058
,OBC-NCL,8059
,OBC-NCL,8060
,OBC-NCL,8061
,OBC-NCL,8062
,OBC-NCL,8063
,OBC-NCL,8064
,OBC-NCL,8065
,OBC-NCL,8066
,OBC-NCL,8067
,OBC-NCL,8068
,OBC-NCL,8069
,OBC-NCL,8070
,OBC-NCL,8071
,OBC-NCL,8072
,OBC-NCL,8073
,OBC-NCL,8074
,OBC-NCL,8075
,OBC-NCL,8076
,OBC-NCL,8077
,OBC-NCL,8078
,OBC-NCL,8079
,OBC-NCL,8080
,OBC-NCL,8081
,OBC-NCL,8082
,OBC-NCL,8083
,OBC-NCL,8084
,OBC-NCL,8085
,OBC-NCL,8086
,OBC-NCL,8087
,OBC-NCL,8088
,OBC-NCL,8089
,OBC-NCL,8090
,OBC-NCL,8091
,OBC-NCL,8092
,OBC-NCL,8093
,OBC-NCL,8094
,OBC-NCL,8095
,OBC-NCL,8096
,OBC-NCL,8097
,OBC-NCL,8098
,OBC-NCL,8099
,OBC-NCL,8100
,OBC-NCL,8101
,OBC-NCL,8102
,OBC-NCL,8103
,OBC-NCL,8104
,OBC-NCL,8105
,OBC-NCL,8106
,OBC-NCL,8107
,OBC-NCL,8108
,OBC-NCL,8109
,OBC-NCL,8110
,OBC-NCL,8111
,OBC-NCL,8112
,OBC-NCL,8113
,OBC-NCL,8114
,OBC-NCL,8115
,OBC-NCL,8116
,OBC-NCL,8117
,OBC-NCL,8118
,OBC-NCL,8119
,OBC-NCL,8120
,OBC-NCL,8121
,OBC-NCL,8122
,OBC-NCL,8123
,OBC-NCL,8124
,OBC-NCL,8125
,OBC-NCL,8126
,OBC-NCL,8127
,OBC-NCL,8128
,OBC-NCL,8129
,OBC-NCL,8130
,OBC-NCL,8131
,OBC-NCL,8132
,OBC-NCL,8133
,OBC-NCL,8134
,OBC-NCL,8135
,OBC-NCL,8136
,OBC-NCL,8137
,OBC-NCL,8138
,OBC-NCL,8139
,OBC-NCL,8140
,OBC-NCL,8141
,OBC-NCL,8142
,OBC-NCL,8143
,OBC-NCL,8144
,OBC-NCL,8145
,OBC-NCL,8146
,OBC-NCL,8147
,OBC-NCL,8148
,OBC-NCL,8149
,OBC-NCL,8150
,OBC-NCL,8151
,OBC-NCL,8152
,OBC-NCL,8153
,OBC-NCL,8154
,OBC-NCL,8155
,OBC-NCL,8156
,OBC-NCL,8157
,OBC-NCL,8158
,OBC-NCL,8159
,OBC-NCL,8160
,OBC-NCL,8161
,OBC-NCL,8162
,OBC-NCL,8163
,OBC-NCL,8164
,OBC-NCL,8165
,OBC-NCL,8166
,OBC-NCL,8167
,OBC-NCL,8168
,OBC-NCL,8169
,OBC-NCL,8170
,OBC-NCL,8171
,OBC-NCL,8172
,OBC-NCL,8173
,OBC-NCL,8174
,OBC-NCL,8175
,OBC-NCL,8176
,OBC-NCL,8177
,OBC-NCL,8178
,OBC-NCL,8179
,OBC-NCL,8180
,OBC-NCL,8181
,OBC-NCL,8182
,OBC-NCL,8183
,OBC-NCL,8184
,OBC-NCL,8185
,OBC-NCL,8186
,OBC-NCL,8187
,OBC-NCL,8188
,OBC-NCL,8189
,OBC-NCL,8190
,OBC-NCL,8191
,OBC-NCL,8192
,OBC-NCL,8193
,OBC-NCL,8194
,OBC-NCL,8195
,OBC-NCL,8196
,OBC-NCL,8197
,OBC-NCL,8198
,OBC-NCL,8199
,OBC-NCL,8200
,OBC-NCL,8201
,OBC-NCL,8202
,OBC-NCL,8203
,OBC-NCL,8204
,OBC-NCL,8205
,OBC-NCL,8206
,OBC-NCL,8207
,OBC-NCL,8208
,OBC-NCL,8209
,OBC-NCL,8210
,OBC-NCL,8211
,OBC-NCL,8212
,OBC-NCL,8213
,OBC-NCL,8214
,OBC-NCL,8215
,OBC-NCL,8216
,OBC-NCL,8217
,OBC-NCL,8218
,OBC-NCL,8218
,OBC-NCL,8220
,OBC-NCL,8221
,OBC-NCL,8222
,OBC-NCL,8223
,OBC-NCL,8224
,OBC-NCL,8225
,OBC-NCL,8226
,OBC-NCL,8227
,OBC-NCL,8228
,OBC-NCL,8229
,OBC-NCL,8230
,OBC-NCL,8231
,OBC-NCL,8232
,OBC-NCL,8233
,OBC-NCL,8234
,OBC-NCL,8235
,OBC-NCL,8236
,OBC-NCL,8237
,OBC-NCL,8238
,OBC-NCL,8239
,OBC-NCL,8240
,OBC-NCL,8241
,OBC-NCL,8242
,OBC-NCL,8243
,OBC-NCL,8244
,OBC-NCL,8245
,OBC-NCL,8246
,OBC-NCL,8247
,OBC-NCL,8248
,OBC-NCL,8249
,OBC-NCL,8250
,OBC-NCL,8251
,OBC-NCL,8252
,OBC-NCL,8253
,OBC-NCL,8254
,OBC-NCL,8255
,OBC-NCL,8256
,OBC-NCL,8257
,OBC-NCL,8258
,OBC-NCL,8259
,OBC-NCL,8260
,OBC-NCL,8261
,OBC-NCL,8262
,OBC-NCL,8263
,OBC-NCL,8264
,OBC-NCL,8265
,OBC-NCL,8266
,OBC-NCL,8267
,OBC-NCL,8268
,OBC-NCL,8269
,OBC-NCL,8270
,OBC-NCL,8271
,OBC-NCL,8272
,OBC-NCL,8273
,OBC-NCL,8274
,OBC-NCL,8275
,OBC-NCL,8276
,OBC-NCL,8277
,OBC-NCL,8278
,OBC-NCL,8279
,OBC-NCL,8280
,OBC-NCL,8281
,OBC-NCL,8282
,OBC-NCL,8283
,OBC-NCL,8284
,OBC-NCL,8285
,OBC-NCL,8286
,OBC-NCL,8287
,OBC-NCL,8288
,OBC-NCL,8289
,OBC-NCL,8290
,OBC-NCL,8291
,OBC-NCL,8292
,OBC-NCL,8293
,OBC-NCL,8294
,OBC-NCL,8295
,OBC-NCL,8296
,OBC-NCL,8297
,OBC-NCL,8298
,OBC-NCL,8299
,OBC-NCL,8300
,OBC-NCL,8301
,OBC-NCL,8302
,OBC-NCL,8303
,OBC-NCL,8304
,OBC-NCL,8305
,OBC-NCL,8306
,OBC-NCL,8307
,OBC-NCL,8308
,OBC-NCL,8309
,OBC-NCL,8310
,OBC-NCL,8311
,OBC-NCL,8312
,OBC-NCL,8313
,OBC-NCL,8314
,OBC-NCL,8315
,OBC-NCL,8316
,OBC-NCL,8317
,OBC-NCL,8318
,OBC-NCL,8319
,OBC-NCL,8320
,OBC-NCL,8321
,OBC-NCL,8322
,OBC-NCL,8323
,OBC-NCL,8324
,OBC-NCL,8325
,OBC-NCL,8326
,OBC-NCL,8327
,OBC-NCL,8328
,OBC-NCL,8329
,OBC-NCL,8330
,OBC-NCL,8331
,OBC-NCL,8332
,OBC-NCL,8333
,OBC-NCL,8334
,OBC-NCL,8335
,OBC-NCL,8336
,OBC-NCL,8337
,OBC-NCL,8338
,OBC-NCL,8339
,OBC-NCL,8340
,OBC-NCL,8341
,OBC-NCL,8342
,OBC-NCL,8343
,OBC-NCL,8344
,OBC-NCL,8345
,OBC-NCL,8346
,OBC-NCL,8347
,OBC-NCL,8348
,OBC-NCL,8349
,OBC-NCL,8350
,OBC-NCL,8351
,OBC-NCL,8352
,OBC-NCL,8353
,OBC-NCL,8354
,OBC-NCL,8355
,OBC-NCL,8356
,OBC-NCL,8357
,OBC-NCL,8358
,OBC-NCL,8359
,OBC-NCL,8360
,OBC-NCL,8361
,OBC-NCL,8362
,OBC-NCL,8363
,OBC-NCL,8364
,OBC-NCL,8365
,OBC-NCL,8366
,OBC-NCL,8367
,OBC-NCL,8368
,OBC-NCL,8369
,OBC-NCL,8370
,OBC-NCL,8371
,OBC-NCL,8372
,OBC-NCL,8373
,OBC-NCL,8374
,OBC-NCL,8375
,OBC-NCL,8376
,OBC-NCL,8377
,OBC-NCL,8378
,OBC-NCL,8379
,OBC-NCL,8380
,OBC-NCL,8381
,OBC-NCL,8382
,OBC-NCL,8383
,OBC-NCL,8384
,OBC-NCL,8385
,OBC-NCL,8386
,OBC-NCL,8387
,OBC-NCL,8388
,OBC-NCL,8389
,OBC-NCL,8390
,OBC-NCL,8391
,OBC-NCL,8392
,OBC-NCL,8393
,OBC-NCL,8394
,OBC-NCL,8395
,OBC-NCL,8396
,OBC-NCL,8397
,OBC-NCL,8398
,OBC-NCL,8399
,OBC-NCL,8400
,OBC-NCL,8401
,OBC-NCL,8402
,OBC-NCL,8403
,OBC-NCL,8404
,OBC-NCL,8405
,OBC-NCL,8406
,OBC-NCL,8407
,OBC-NCL,8408
,OBC-NCL,8409
,OBC-NCL,8410
,OBC-NCL,8411
,OBC-NCL,8412
,OBC-NCL,8413
,OBC-NCL,8414
,OBC-NCL,8415
,OBC-NCL,8416
,OBC-NCL,8417
,OBC-NCL,8418
,OBC-NCL,8419
,OBC-NCL,8420
,OBC-NCL,8421
,OBC-NCL,8422
,OBC-NCL,8423
,OBC-NCL,8424
,OBC-NCL,8425
,OBC-NCL,8426
,OBC-NCL,8427
,OBC-NCL,8428
,OBC-NCL,8429
,OBC-NCL,8430
,OBC-NCL,8431
,OBC-NCL,8432
,OBC-NCL,8433
,OBC-NCL,8434
,OBC-NCL,8435
,OBC-NCL,8436
,OBC-NCL,8437
,OBC-NCL,8438
,OBC-NCL,8439
,OBC-NCL,8440
,OBC-NCL,8441
,OBC-NCL,8442
,OBC-NCL,8443
,OBC-NCL,8444
,OBC-NCL,8445
,OBC-NCL,8446
,OBC-NCL,8447
,OBC-NCL,8448
,OBC-NCL,8449
,OBC-NCL,8450
,OBC-NCL,8450
,OBC-NCL,8452
,OBC-NCL,8453
,OBC-NCL,8454
,OBC-NCL,8455
,OBC-NCL,8456
,OBC-NCL,8457
,OBC-NCL,8458
,OBC-NCL,8459
,OBC-NCL,8460
,OBC-NCL,8461
,OBC-NCL,8462
,OBC-NCL,8463
,OBC-NCL,8464
,OBC-NCL,8465
,OBC-NCL,8466
,OBC-NCL,8467
,OBC-NCL,8468
,OBC-NCL,8469
,OBC-NCL,8470
,OBC-NCL,8471
,OBC-NCL,8472
,OBC-NCL,8473
,OBC-NCL,8474
,OBC-NCL,8475
,OBC-NCL,8476
,OBC-NCL,8477
,OBC-NCL,8478
,OBC-NCL,8479
,OBC-NCL,8480
,OBC-NCL,8481
,OBC-NCL,8482
,OBC-NCL,8483
,OBC-NCL,8484
,OBC-NCL,8485
,OBC-NCL,8486
,OBC-NCL,8487
,OBC-NCL,8488
,OBC-NCL,8489
,OBC-NCL,8490
,OBC-NCL,8491
,OBC-NCL,8492
,OBC-NCL,8493
,OBC-NCL,8494
,OBC-NCL,8495
,OBC-NCL,8496
,OBC-NCL,8497
,OBC-NCL,8498
,OBC-NCL,8499
,OBC-NCL,8500
,OBC-NCL,8501
,OBC-NCL,8502
,OBC-NCL,8503
,OBC-NCL,8504
,OBC-NCL,8505
,OBC-NCL,8506
,OBC-NCL,8507
,OBC-NCL,8508
,OBC-NCL,8509
,OBC-NCL,8510
,OBC-NCL,8511
,OBC-NCL,8512
,OBC-NCL,8513
,OBC-NCL,8514
,OBC-NCL,8515
,OBC-NCL,8516
,OBC-NCL,8517
,OBC-NCL,8518
,OBC-NCL,8519
,OBC-NCL,8520
,OBC-NCL,8521
,OBC-NCL,8522
,OBC-NCL,8523
,OBC-NCL,8524
,OBC-NCL,8525
,OBC-NCL,8526
,OBC-NCL,8527
,OBC-NCL,8528
,OBC-NCL,8529
,OBC-NCL,8530
,OBC-NCL,8531
,OBC-NCL,8532
,OBC-NCL,8533
,OBC-NCL,8534
,OBC-NCL,8535
,OBC-NCL,8536
,OBC-NCL,8537
,OBC-NCL,8538
,OBC-NCL,8539
,OBC-NCL,8540
,OBC-NCL,8541
,OBC-NCL,8542
,OBC-NCL,8543
,OBC-NCL,8544
,OBC-NCL,8545
,OBC-NCL,8546
,OBC-NCL,8547
,OBC-NCL,8548
,OBC-NCL,8549
,OBC-NCL,8550
,OBC-NCL,8551
,OBC-NCL,8552
,OBC-NCL,8553
,OBC-NCL,8554
,OBC-NCL,8555
,OBC-NCL,8556
,OBC-NCL,8557
,OBC-NCL,8558
,OBC-NCL,8559
,OBC-NCL,8560
,OBC-NCL,8561
,OBC-NCL,8562
,OBC-NCL,8563
,OBC-NCL,8564
,OBC-NCL,8565
,OBC-NCL,8566
,OBC-NCL,8567
,OBC-NCL,8568
,OBC-NCL,8569
,OBC-NCL,8570
,OBC-NCL,8571
,OBC-NCL,8572
,OBC-NCL,8573
,OBC-NCL,8574
,OBC-NCL,8575
,OBC-NCL,8576
,OBC-NCL,8577
,OBC-NCL,8578
,OBC-NCL,8579
,OBC-NCL,8580
,OBC-NCL,8581
,OBC-NCL,8582
,OBC-NCL,8583
,OBC-NCL,8584
,OBC-NCL,8585
,OBC-NCL,8586
,OBC-NCL,8587
,OBC-NCL,8588
,OBC-NCL,8589
,OBC-NCL,8590
,OBC-NCL,8591
,OBC-NCL,8592
,OBC-NCL,8593
,OBC-NCL,8594
,OBC-NCL,8595
,OBC-NCL,8596
,OBC-NCL,8597
,OBC-NCL,8598
,OBC-NCL,8599
,OBC-NCL,8600
,OBC-NCL,8601
,OBC-NCL,8602
,OBC-NCL,8603
,OBC-NCL,8604
,OBC-NCL,8605
,OBC-NCL,8606
,OBC-NCL,8607
,OBC-NCL,8608
,OBC-NCL,8609
,OBC-NCL,8610
,OBC-NCL,8611
,OBC-NCL,8612
,OBC-NCL,8613
,OBC-NCL,8614
,OBC-NCL,8615
,OBC-NCL,8616
,OBC-NCL,8617
,OBC-NCL,8618
,OBC-NCL,8619
,OBC-NCL,8620
,OBC-NCL,8621
,OBC-NCL,8622
,OBC-NCL,8623
,OBC-NCL,8624
,OBC-NCL,8625
,OBC-NCL,8626
,OBC-NCL,8627
,OBC-NCL,8628
,OBC-NCL,8629
,OBC-NCL,8630
,OBC-NCL,8631
,OBC-NCL,8632
,OBC-NCL,8633
,OBC-NCL,8634
,OBC-NCL,8635
,OBC-NCL,8636
,OBC-NCL,8637
,OBC-NCL,8638
,OBC-NCL,8639
,OBC-NCL,8640
,OBC-NCL,8641
,OBC-NCL,8642
,OBC-NCL,8643
,OBC-NCL,8644
,OBC-NCL,8645
,OBC-NCL,8645
,OBC-NCL,8647
,OBC-NCL,8648
,OBC-NCL,8649
,OBC-NCL,8650
,OBC-NCL,8651
,OBC-NCL,8652
,OBC-NCL,8653
,OBC-NCL,8654
,OBC-NCL,8655
,OBC-NCL,8656
,OBC-NCL,8657
,OBC-NCL,8658
,OBC-NCL,8659
,OBC-NCL,8660
,OBC-NCL,8661
,OBC-NCL,8662
,OBC-NCL,8663
,OBC-NCL,8664
,OBC-NCL,8665
,OBC-NCL,8666
,OBC-NCL,8667
,OBC-NCL,8668
,OBC-NCL,8669
,OBC-NCL,8670
,OBC-NCL,8671
,OBC-NCL,8672
,OBC-NCL,8673
,OBC-NCL,8674
,OBC-NCL,8675
,OBC-NCL,8676
,OBC-NCL,8677
,OBC-NCL,8678
,OBC-NCL,8679
,OBC-NCL,8680
,OBC-NCL,8681
,OBC-NCL,8682
,OBC-NCL,8683
,OBC-NCL,8684
,OBC-NCL,8685
,OBC-NCL,8686
,OBC-NCL,8687
,OBC-NCL,8688
,OBC-NCL,8689
,OBC-NCL,8690
,OBC-NCL,8691
,OBC-NCL,8692
,OBC-NCL,8693
,OBC-NCL,8694
,OBC-NCL,8695
,OBC-NCL,8696
,OBC-NCL,8697
,OBC-NCL,8698
,OBC-NCL,8699
,OBC-NCL,8700
,OBC-NCL,8701
,OBC-NCL,8702
,OBC-NCL,8703
,OBC-NCL,8704
,OBC-NCL,8705
,OBC-NCL,8706
,OBC-NCL,8707
,OBC-NCL,8708
,OBC-NCL,8709
,OBC-NCL,8710
,OBC-NCL,8711
,OBC-NCL,8712
,OBC-NCL,8713
,OBC-NCL,8714
,OBC-NCL,8715
,OBC-NCL,8716
,OBC-NCL,8717
,OBC-NCL,8718
,OBC-NCL,8719
,OBC-NCL,8720
,OBC-NCL,8721
,OBC-NCL,8722
,OBC-NCL,8723
,OBC-NCL,8724
,OBC-NCL,8725
,OBC-NCL,8726
,OBC-NCL,8727
,OBC-NCL,8728
,OBC-NCL,8729
,OBC-NCL,8730
,OBC-NCL,8731
,OBC-NCL,8732
,OBC-NCL,8733
,OBC-NCL,8734
,OBC-NCL,8735
,OBC-NCL,8736
,OBC-NCL,8737
,OBC-NCL,8738
,OBC-NCL,8739
,OBC-NCL,8740
,OBC-NCL,8741
,OBC-NCL,8742
,OBC-NCL,8743
,OBC-NCL,8744
,OBC-NCL,8745
,OBC-NCL,8746
,OBC-NCL,8747
,OBC-NCL,8748
,OBC-NCL,8749
,OBC-NCL,8750
,OBC-NCL,8751
,OBC-NCL,8752
,OBC-NCL,8753
,OBC-NCL,8754
,OBC-NCL,8755
,OBC-NCL,8756
,OBC-NCL,8757
,OBC-NCL,8758
,OBC-NCL,8759
,OBC-NCL,8760
,OBC-NCL,8761
,OBC-NCL,8762
,OBC-NCL,8763
,OBC-NCL,8764
,OBC-NCL,8765
,OBC-NCL,8766
,OBC-NCL,8767
,OBC-NCL,8768
,OBC-NCL,8769
,OBC-NCL,8770
,OBC-NCL,8771
,OBC-NCL,8772
,OBC-NCL,8773
,OBC-NCL,8774
,OBC-NCL,8775
,OBC-NCL,8776
,OBC-NCL,8777
,OBC-NCL,8778
,OBC-NCL,8779
,OBC-NCL,8780
,OBC-NCL,8781
,OBC-NCL,8782
,OBC-NCL,8783
,OBC-NCL,8784
,OBC-NCL,8785
,OBC-NCL,8786
,OBC-NCL,8787
,OBC-NCL,8788
,OBC-NCL,8789
,OBC-NCL,8790
,OBC-NCL,8791
,OBC-NCL,8792
,OBC-NCL,8793
,OBC-NCL,8794
,OBC-NCL,8795
,OBC-NCL,8796
,OBC-NCL,8797
,OBC-NCL,8798
,OBC-NCL,8799
,OBC-NCL,8800
,OBC-NCL,8801
,OBC-NCL,8802
,OBC-NCL,8803
,OBC-NCL,8804
,OBC-NCL,8805
,OBC-NCL,8806
,OBC-NCL,8807
,OBC-NCL,8808
,OBC-NCL,8809
,OBC-NCL,8810
,OBC-NCL,8811
,OBC-NCL,8812
,OBC-NCL,8813
,OBC-NCL,8814
,OBC-NCL,8815
,OBC-NCL,8816
,OBC-NCL,8817
,OBC-NCL,8818
,OBC-NCL,8819
,OBC-NCL,8820
,OBC-NCL,8821
,OBC-NCL,8822
,OBC-NCL,8823
,OBC-NCL,8824
,OBC-NCL,8825
,OBC-NCL,8826
,OBC-NCL,8827
,OBC-NCL,8828
,OBC-NCL,8829
,OBC-NCL,8830
,OBC-NCL,8831
,OBC-NCL,8832
,OBC-NCL,8833
,OBC-NCL,8834
,OBC-NCL,8835
,OBC-NCL,8836
,OBC-NCL,8837
,OBC-NCL,8838
,OBC-NCL,8839
,OBC-NCL,8840
,OBC-NCL,8841
,OBC-NCL,8842
,OBC-NCL,8843
,OBC-NCL,8844
,OBC-NCL,8845
,OBC-NCL,8846
,OBC-NCL,8847
,OBC-NCL,8848
,OBC-NCL,8849
,OBC-NCL,8850
,OBC-NCL,8851
,OBC-NCL,8852
,OBC-NCL,8853
,OBC-NCL,8854
,OBC-NCL,8855
,OBC-NCL,8856
,OBC-NCL,8857
,OBC-NCL,8858
,OBC-NCL,8859
,OBC-NCL,8860
,OBC-NCL,8861
,OBC-NCL,8862
,OBC-NCL,8863
,OBC-NCL,8864
,OBC-NCL,8865
,OBC-NCL,8866
,OBC-NCL,8867
,OBC-NCL,8868
,OBC-NCL,8869
,OBC-NCL,8870
,OBC-NCL,8871
,OBC-NCL,8872
,OBC-NCL,8873
,OBC-NCL,8874
,OBC-NCL,8875
,OBC-NCL,8876
,OBC-NCL,8877
,OBC-NCL,8878
,OBC-NCL,8879
,OBC-NCL,8880
,OBC-NCL,8881
,OBC-NCL,8882
,OBC-NCL,8883
,OBC-NCL,8884
,OBC-NCL,8885
,OBC-NCL,8886
,OBC-NCL,8887
,OBC-NCL,8888
,OBC-NCL,8889
,OBC-NCL,8890
,OBC-NCL,8891
,OBC-NCL,8892
,OBC-NCL,8892
,OBC-NCL,8894
,OBC-NCL,8895
,OBC-NCL,8896
,OBC-NCL,8897
,OBC-NCL,8898
,OBC-NCL,8899
,OBC-NCL,8900
,OBC-NCL,8901
,OBC-NCL,8902
,OBC-NCL,8903
,OBC-NCL,8904
,OBC-NCL,8905
,OBC-NCL,8906
,OBC-NCL,8906
,OBC-NCL,8908
,OBC-NCL,8909
,OBC-NCL,8910
,OBC-NCL,8911
,OBC-NCL,8912
,OBC-NCL,8913
,OBC-NCL,8914
,OBC-NCL,8915
,OBC-NCL,8916
,OBC-NCL,8917
,OBC-NCL,8918
,OBC-NCL,8918
,OBC-NCL,8920
,OBC-NCL,8921
,OBC-NCL,8922
,OBC-NCL,8923
,OBC-NCL,8924
,OBC-NCL,8925
,OBC-NCL,8926
,OBC-NCL,8927
,OBC-NCL,8928
,OBC-NCL,8929
,OBC-NCL,8930
,OBC-NCL,8931
,OBC-NCL,8932
,OBC-NCL,8933
,OBC-NCL,8934
,OBC-NCL,8935
,OBC-NCL,8936
,OBC-NCL,8937
,OBC-NCL,8938
,OBC-NCL,8939
,OBC-NCL,8940
,OBC-NCL,8941
,OBC-NCL,8942
,OBC-NCL,8943
,OBC-NCL,8944
,OBC-NCL,8945
,OBC-NCL,8946
,OBC-NCL,8947
,OBC-NCL,8948
,OBC-NCL,8949
,OBC-NCL,8950
,OBC-NCL,8951
,OBC-NCL,8952
,OBC-NCL,8953
,OBC-NCL,8954
,OBC-NCL,8955
,OBC-NCL,8956
,OBC-NCL,8957
,OBC-NCL,8958
,OBC-NCL,8959
,OBC-NCL,8960
,OBC-NCL,8961
,OBC-NCL,8962
,OBC-NCL,8963
,OBC-NCL,8964
,OBC-NCL,8965
,OBC-NCL,8966
,OBC-NCL,8967
,OBC-NCL,8968
,OBC-NCL,8969
,OBC-NCL,8970
,OBC-NCL,8971
,OBC-NCL,8972
,OBC-NCL,8973
,OBC-NCL,8974
,OBC-NCL,8975
,OBC-NCL,8976
,OBC-NCL,8977
,OBC-NCL,8978
,OBC-NCL,8979
,OBC-NCL,8980
,OBC-NCL,8981
,OBC-NCL,8981
,OBC-NCL,8983
,OBC-NCL,8984
,OBC-NCL,8985
,OBC-NCL,8986
,OBC-NCL,8986
,OBC-NCL,8988
,OBC-NCL,8989
,OBC-NCL,8990
,OBC-NCL,8991
,OBC-NCL,8992
,OBC-NCL,8993
,OBC-NCL,8994
,OBC-NCL,8995
,OBC-NCL,8996
,OBC-NCL,8997
,OBC-NCL,8998
,OBC-NCL,8999
,OBC-NCL,9000
,OBC-NCL,9001
,OBC-NCL,9002
,OBC-NCL,9003
,OBC-NCL,9003
,OBC-NCL,9005
,OBC-NCL,9006
,OBC-NCL,9007
,OBC-NCL,9008
,OBC-NCL,9009
,OBC-NCL,9010
,OBC-NCL,9011
,OBC-NCL,9012
,OBC-NCL,9013
,OBC-NCL,9014
,OBC-NCL,9015
,OBC-NCL,9016
,OBC-NCL,9017
,OBC-NCL,9018
,OBC-NCL,9019
,OBC-NCL,9020
,OBC-NCL,9021
,OBC-NCL,9022
,OBC-NCL,9023
,OBC-NCL,9024
,OBC-NCL,9025
,OBC-NCL,9026
,OBC-NCL,9027
,OBC-NCL,9028
,OBC-NCL,9029
,OBC-NCL,9030
,OBC-NCL,9031
,OBC-NCL,9032
,OBC-NCL,9033
,OBC-NCL,9034
,OBC-NCL,9035
,OBC-NCL,9036
,OBC-NCL,9037
,OBC-NCL,9038
,OBC-NCL,9039
,OBC-NCL,9040
,OBC-NCL,9041
,OBC-NCL,9042
,OBC-NCL,9043
,OBC-NCL,9044
,OBC-NCL,9045
,OBC-NCL,9046
,OBC-NCL,9047
,OBC-NCL,9048
,OBC-NCL,9049
,OBC-NCL,9050
,OBC-NCL,9051
,OBC-NCL,9052
,OBC-NCL,9053
,OBC-NCL,9054
,OBC-NCL,9055
,OBC-NCL,9056
,OBC-NCL,9057
,OBC-NCL,9058
,OBC-NCL,9059
,OBC-NCL,9060
,OBC-NCL,9061
,OBC-NCL,9062
,OBC-NCL,9063
,OBC-NCL,9064
,OBC-NCL,9065
,OBC-NCL,9066
,OBC-NCL,9067
,OBC-NCL,9068
,OBC-NCL,9069
,OBC-NCL,9070
,OBC-NCL,9071
,OBC-NCL,9072
,OBC-NCL,9073
,OBC-NCL,9074
,OBC-NCL,9075
,OBC-NCL,9076
,OBC-NCL,9077
,OBC-NCL,9078
,OBC-NCL,9079
,OBC-NCL,9080
,OBC-NCL,9081
,OBC-NCL,9082
,OBC-NCL,9083
,OBC-NCL,9084
,OBC-NCL,9085
,OBC-NCL,9086
,OBC-NCL,9087
,OBC-NCL,9088
,OBC-NCL,9089
,OBC-NCL,9090
,OBC-NCL,9091
,OBC-NCL,9092
,OBC-NCL,9093
,OBC-NCL,9094
,OBC-NCL,9095
,OBC-NCL,9096
,OBC-NCL,9097
,OBC-NCL,9098
,OBC-NCL,9099
,OBC-NCL,9100
,OBC-NCL,9101
,OBC-NCL,9102
,OBC-NCL,9103
,OBC-NCL,9104
,OBC-NCL,9105
,OBC-NCL,9106
,OBC-NCL,9107
,OBC-NCL,9108
,OBC-NCL,9109
,OBC-NCL,9110
,OBC-NCL,9111
,OBC-NCL,9112
,OBC-NCL,9113
,OBC-NCL,9114
,OBC-NCL,9115
,OBC-NCL,9116
,OBC-NCL,9117
,OBC-NCL,9118
,OBC-NCL,9119
,OBC-NCL,9120
,OBC-NCL,9121
,OBC-NCL,9122
,OBC-NCL,9123
,OBC-NCL,9124
,OBC-NCL,9125
,OBC-NCL,9126
,OBC-NCL,9127
,OBC-NCL,9128
,OBC-NCL,9129
,OBC-NCL,9130
,OBC-NCL,9131
,OBC-NCL,9132
,OBC-NCL,9133
,OBC-NCL,9134
,OBC-NCL,9135
,OBC-NCL,9136
,OBC-NCL,9137
,OBC-NCL,9138
,OBC-NCL,9139
,OBC-NCL,9140
,OBC-NCL,9141
,OBC-NCL,9142
,OBC-NCL,9143
,OBC-NCL,9144
,OBC-NCL,9145
,OBC-NCL,9146
,OBC-NCL,9147
,OBC-NCL,9148
,OBC-NCL,9149
,OBC-NCL,9150
,OBC-NCL,9151
,OBC-NCL,9152
,OBC-NCL,9153
,OBC-NCL,9154
,OBC-NCL,9155
,OBC-NCL,9156
,OBC-NCL,9157
,OBC-NCL,9158
,OBC-NCL,9159
,OBC-NCL,9160
,OBC-NCL,9161
,OBC-NCL,9162
,OBC-NCL,9163
,OBC-NCL,9164
,OBC-NCL,9165
,OBC-NCL,9166
,OBC-NCL,9167
,OBC-NCL,9168
,OBC-NCL,9169
,OBC-NCL,9170
,OBC-NCL,9171
,OBC-NCL,9172
,OBC-NCL,9173
,OBC-NCL,9174
,OBC-NCL,9175
,OBC-NCL,9176
,OBC-NCL,9177
,OBC-NCL,9178
,OBC-NCL,9179
,OBC-NCL,9180
,OBC-NCL,9181
,OBC-NCL,9182
,OBC-NCL,9183
,OBC-NCL,9184
,OBC-NCL,9185
,OBC-NCL,9186
,OBC-NCL,9187
,OBC-NCL,9188
,OBC-NCL,9189
,OBC-NCL,9190
,OBC-NCL,9191
,OBC-NCL,9192
,OBC-NCL,9193
,OBC-NCL,9194
,OBC-NCL,9195
,OBC-NCL,9196
,OBC-NCL,9197
,OBC-NCL,9198
,OBC-NCL,9199
,OBC-NCL,9200
,OBC-NCL,9201
,OBC-NCL,9202
,OBC-NCL,9203
,OBC-NCL,9204
,OBC-NCL,9205
,OBC-NCL,9206
,OBC-NCL,9207
,OBC-NCL,9208
,OBC-NCL,9209
,OBC-NCL,9210
,OBC-NCL,9211
,OBC-NCL,9212
,OBC-NCL,9213
,OBC-NCL,9214
,OBC-NCL,9215
,OBC-NCL,9216
,OBC-NCL,9217
,OBC-NCL,9218
,OBC-NCL,9219
,OBC-NCL,9220
,OBC-NCL,9221
,OBC-NCL,9222
,OBC-NCL,9223
,OBC-NCL,9224
,OBC-NCL,9225
,OBC-NCL,9226
,OBC-NCL,9227
,OBC-NCL,9228
,OBC-NCL,9229
,OBC-NCL,9230
,OBC-NCL,9231
,OBC-NCL,9232
,OBC-NCL,9233
,OBC-NCL,9234
,OBC-NCL,9235
,OBC-NCL,9236
,OBC-NCL,9237
,OBC-NCL,9238
,OBC-NCL,9239
,OBC-NCL,9240
,OBC-NCL,9241
,OBC-NCL,9242
,OBC-NCL,9243
,OBC-NCL,9244
,OBC-NCL,9245
,OBC-NCL,9246
,OBC-NCL,9247
,OBC-NCL,9248
,OBC-NCL,9249
,OBC-NCL,9250
,OBC-NCL,9251
,OBC-NCL,9252
,OBC-NCL,9253
,OBC-NCL,9254
,OBC-NCL,9255
,OBC-NCL,9256
,OBC-NCL,9257
,OBC-NCL,9258
,OBC-NCL,9259
,OBC-NCL,9260
,OBC-NCL,9261
,OBC-NCL,9262
,OBC-NCL,9263
,OBC-NCL,9264
,OBC-NCL,9265
,OBC-NCL,9266
,OBC-NCL,9267
,OBC-NCL,9268
,OBC-NCL,9269
,OBC-NCL,9270
,OBC-NCL,9271
,OBC-NCL,9272
,OBC-NCL,9273
,OBC-NCL,9274
,OBC-NCL,9275
,OBC-NCL,9276
,OBC-NCL,9277
,OBC-NCL,9278
,OBC-NCL,9279
,OBC-NCL,9280
,OBC-NCL,9281
,OBC-NCL,9282
,OBC-NCL,9283
,OBC-NCL,9284
,OBC-NCL,9285
,OBC-NCL,9286
,OBC-NCL,9287
,OBC-NCL,9288
,OBC-NCL,9289
,OBC-NCL,9290
,OBC-NCL,9291
,OBC-NCL,9292
,OBC-NCL,9293
,OBC-NCL,9294
,SC,739
,SC,851
,SC,852
,SC,853
,SC,854
,SC,855
,SC,856
,SC,857
,SC,858
,SC,859
,SC,860
,SC,861
,SC,862
,SC,863
,SC,864
,SC,865
,SC,866
,SC,867
,SC,868
,SC,869
,SC,870
,SC,871
,SC,872
,SC,873
,SC,874
,SC,875
,SC,876
,SC,877
,SC,878
,SC,879
,SC,880
,SC,881
,SC,882
,SC,883
,SC,884
,SC,885
,SC,886
,SC,887
,SC,888
,SC,889
,SC,890
,SC,891
,SC,892
,SC,893
,SC,894
,SC,895
,SC,896
,SC,897
,SC,898
,SC,899
,SC,900
,SC,901
,SC,902
,SC,903
,SC,904
,SC,905
,SC,906
,SC,907
,SC,908
,SC,909
,SC,910
,SC,911
,SC,912
,SC,913
,SC,914
,SC,915
,SC,916
,SC,917
,SC,918
,SC,919
,SC,920
,SC,921
,SC,922
,SC,923
,SC,924
,SC,925
,SC,926
,SC,927
,SC,928
,SC,929
,SC,930
,SC,931
,SC,932
,SC,933
,SC,934
,SC,935
,SC,936
,SC,937
,SC,938
,SC,939
,SC,940
,SC,941
,SC,942
,SC,943
,SC,944
,SC,945
,SC,946
,SC,947
,SC,948
,SC,949
,SC,950
,SC,951
,SC,952
,SC,953
,SC,954
,SC,955
,SC,956
,SC,957
,SC,958
,SC,959
,SC,960
,SC,961
,SC,962
,SC,963
,SC,964
,SC,965
,SC,966
,SC,967
,SC,968
,SC,969
,SC,970
,SC,971
,SC,972
,SC,973
,SC,974
,SC,975
,SC,976
,SC,977
,SC,978
,SC,979
,SC,980
,SC,981
,SC,982
,SC,983
,SC,984
,SC,985
,SC,986
,SC,987
,SC,988
,SC,989
,SC,990
,SC,991
,SC,992
,SC,993
,SC,994
,SC,995
,SC,996
,SC,997
,SC,998
,SC,999
,SC,1000
,SC,1001
,SC,1002
,SC,1003
,SC,1004
,SC,1005
,SC,1006
,SC,1007
,SC,1008
,SC,1009
,SC,1010
,SC,1011
,SC,1012
,SC,1013
,SC,1014
,SC,1015
,SC,1016
,SC,1017
,SC,1018
,SC,1019
,SC,1020
,SC,1021
,SC,1022
,SC,1023
,SC,1024
,SC,1025
,SC,1026
,SC,1027
,SC,1028
,SC,1029
,SC,1030
,SC,1031
,SC,1032
,SC,1033
,SC,1034
,SC,1035
,SC,1036
,SC,1037
,SC,1038
,SC,1039
,SC,1040
,SC,1041
,SC,1042
,SC,1043
,SC,1044
,SC,1045
,SC,1046
,SC,1047
,SC,1048
,SC,1049
,SC,1050
,SC,1051
,SC,1052
,SC,1053
,SC,1054
,SC,1055
,SC,1056
,SC,1057
,SC,1058
,SC,1059
,SC,1060
,SC,1061
,SC,1062
,SC,1063
,SC,1064
,SC,1065
,SC,1066
,SC,1067
,SC,1068
,SC,1069
,SC,1070
,SC,1071
,SC,1072
,SC,1073
,SC,1074
,SC,1075
,SC,1076
,SC,1077
,SC,1078
,SC,1079
,SC,1080
,SC,1081
,SC,1082
,SC,1083
,SC,1084
,SC,1085
,SC,1086
,SC,1087
,SC,1088
,SC,1089
,SC,1090
,SC,1091
,SC,1092
,SC,1093
,SC,1094
,SC,1095
,SC,1096
,SC,1097
,SC,1098
,SC,1099
,SC,1100
,SC,1101
,SC,1102
,SC,1103
,SC,1104
,SC,1105
,SC,1106
,SC,1107
,SC,1108
,SC,1109
,SC,1110
,SC,1111
,SC,1112
,SC,1113
,SC,1114
,SC,1115
,SC,1116
,SC,1117
,SC,1118
,SC,1119
,SC,1120
,SC,1121
,SC,1122
,SC,1123
,SC,1124
,SC,1125
,SC,1126
,SC,1127
,SC,1128
,SC,1129
,SC,1130
,SC,1131
,SC,1132
,SC,1133
,SC,1134
,SC,1135
,SC,1136
,SC,1137
,SC,1138
,SC,1139
,SC,1140
,SC,1141
,SC,1142
,SC,1143
,SC,1144
,SC,1145
,SC,1146
,SC,1147
,SC,1148
,SC,1149
,SC,1150
,SC,1151
,SC,1152
,SC,1153
,SC,1154
,SC,1155
,SC,1156
,SC,1157
,SC,1158
,SC,1159
,SC,1160
,SC,1161
,SC,1162
,SC,1163
,SC,1164
,SC,1165
,SC,1166
,SC,1167
,SC,1168
,SC,1169
,SC,1170
,SC,1171
,SC,1172
,SC,1173
,SC,1174
,SC,1175
,SC,1176
,SC,1177
,SC,1178
,SC,1179
,SC,1180
,SC,1181
,SC,1182
,SC,1183
,SC,1184
,SC,1185
,SC,1186
,SC,1187
,SC,1188
,SC,1189
,SC,1190
,SC,1191
,SC,1192
,SC,1193
,SC,1194
,SC,1195
,SC,1196
,SC,1197
,SC,1198
,SC,1199
,SC,1200
,SC,1201
,SC,1202
,SC,1203
,SC,1204
,SC,1205
,SC,1206
,SC,1207
,SC,1208
,SC,1209
,SC,1210
,SC,1211
,SC,1212
,SC,1213
,SC,1214
,SC,1215
,SC,1216
,SC,1217
,SC,1218
,SC,1219
,SC,1220
,SC,1221
,SC,1222
,SC,1223
,SC,1224
,SC,1225
,SC,1226
,SC,1227
,SC,1228
,SC,1229
,SC,1230
,SC,1231
,SC,1232
,SC,1233
,SC,1234
,SC,1235
,SC,1236
,SC,1237
,SC,1238
,SC,1239
,SC,1240
,SC,1241
,SC,1242
,SC,1243
,SC,1244
,SC,1245
,SC,1246
,SC,1247
,SC,1248
,SC,1249
,SC,1250
,SC,1251
,SC,1252
,SC,1253
,SC,1254
,SC,1255
,SC,1256
,SC,1257
,SC,1258
,SC,1259
,SC,1260
,SC,1261
,SC,1262
,SC,1263
,SC,1264
,SC,1265
,SC,1266
,SC,1267
,SC,1268
,SC,1269
,SC,1270
,SC,1271
,SC,1272
,SC,1273
,SC,1274
,SC,1275
,SC,1276
,SC,1277
,SC,1278
,SC,1279
,SC,1280
,SC,1281
,SC,1282
,SC,1283
,SC,1284
,SC,1285
,SC,1286
,SC,1287
,SC,1288
,SC,1289
,SC,1290
,SC,1291
,SC,1292
,SC,1293
,SC,1294
,SC,1295
,SC,1296
,SC,1297
,SC,1298
,SC,1299
,SC,1300
,SC,1301
,SC,1302
,SC,1303
,SC,1304
,SC,1305
,SC,1306
,SC,1307
,SC,1308
,SC,1309
,SC,1310
,SC,1311
,SC,1312
,SC,1313
,SC,1314
,SC,1315
,SC,1316
,SC,1317
,SC,1318
,SC,1319
,SC,1320
,SC,1321
,SC,1322
,SC,1323
,SC,1324
,SC,1325
,SC,1326
,SC,1327
,SC,1328
,SC,1329
,SC,1330
,SC,1331
,SC,1332
,SC,1333
,SC,1334
,SC,1335
,SC,1336
,SC,1337
,SC,1338
,SC,1339
,SC,1340
,SC,1341
,SC,1342
,SC,1343
,SC,1344
,SC,1345
,SC,1346
,SC,1347
,SC,1348
,SC,1349
,SC,1350
,SC,1351
,SC,1352
,SC,1353
,SC,1354
,SC,1355
,SC,1356
,SC,1357
,SC,1358
,SC,1359
,SC,1360
,SC,1361
,SC,1362
,SC,1363
,SC,1364
,SC,1365
,SC,1366
,SC,1367
,SC,1368
,SC,1369
,SC,1370
,SC,1371
,SC,1372
,SC,1373
,SC,1374
,SC,1375
,SC,1376
,SC,1377
,SC,1378
,SC,1379
,SC,1380
,SC,1381
,SC,1382
,SC,1383
,SC,1384
,SC,1385
,SC,1386
,SC,1387
,SC,1388
,SC,1389
,SC,1390
,SC,1391
,SC,1392
,SC,1393
,SC,1394
,SC,1395
,SC,1396
,SC,1397
,SC,1398
,SC,1399
,SC,1400
,SC,1401
,SC,1402
,SC,1403
,SC,1404
,SC,1405
,SC,1406
,SC,1407
,SC,1408
,SC,1409
,SC,1410
,SC,1411
,SC,1412
,SC,1413
,SC,1414
,SC,1415
,SC,1416
,SC,1417
,SC,1418
,SC,1419
,SC,1420
,SC,1421
,SC,1422
,SC,1423
,SC,1424
,SC,1425
,SC,1426
,SC,1427
,SC,1428
,SC,1429
,SC,1430
,SC,1431
,SC,1432
,SC,1433
,SC,1434
,SC,1435
,SC,1436
,SC,1437
,SC,1438
,SC,1439
,SC,1440
,SC,1441
,SC,1442
,SC,1443
,SC,1444
,SC,1445
,SC,1446
,SC,1447
,SC,1448
,SC,1449
,SC,1450
,SC,1451
,SC,1452
,SC,1453
,SC,1454
,SC,1455
,SC,1456
,SC,1457
,SC,1458
,SC,1459
,SC,1460
,SC,1461
,SC,1462
,SC,1463
,SC,1464
,SC,1465
,SC,1466
,SC,1467
,SC,1468
,SC,1469
,SC,1470
,SC,1471
,SC,1472
,SC,1473
,SC,1474
,SC,1475
,SC,1476
,SC,1477
,SC,1478
,SC,1479
,SC,1480
,SC,1481
,SC,1482
,SC,1483
,SC,1484
,SC,1485
,SC,1486
,SC,1487
,SC,1488
,SC,1489
,SC,1490
,SC,1491
,SC,1492
,SC,1493
,SC,1494
,SC,1495
,SC,1496
,SC,1497
,SC,1498
,SC,1499
,SC,1500
,SC,1501
,SC,1502
,SC,1503
,SC,1504
,SC,1505
,SC,1506
,SC,1507
,SC,1508
,SC,1509
,SC,1510
,SC,1511
,SC,1512
,SC,1513
,SC,1514
,SC,1515
,SC,1516
,SC,1517
,SC,1518
,SC,1519
,SC,1520
,SC,1521
,SC,1522
,SC,1523
,SC,1524
,SC,1525
,SC,1526
,SC,1527
,SC,1528
,SC,1529
,SC,1530
,SC,1531
,SC,1532
,SC,1533
,SC,1534
,SC,1535
,SC,1536
,SC,1537
,SC,1538
,SC,1539
,SC,1540
,SC,1541
,SC,1542
,SC,1543
,SC,1544
,SC,1545
,SC,1546
,SC,1547
,SC,1548
,SC,1549
,SC,1550
,SC,1551
,SC,1552
,SC,1553
,SC,1554
,SC,1555
,SC,1556
,SC,1557
,SC,1558
,SC,1559
,SC,1560
,SC,1561
,SC,1562
,SC,1563
,SC,1564
,SC,1565
,SC,1566
,SC,1567
,SC,1568
,SC,1569
,SC,1570
,SC,1571
,SC,1572
,SC,1573
,SC,1574
,SC,1575
,SC,1576
,SC,1577
,SC,1578
,SC,1579
,SC,1580
,SC,1581
,SC,1582
,SC,1583
,SC,1584
,SC,1585
,SC,1586
,SC,1587
,SC,1588
,SC,1589
,SC,1590
,SC,1591
,SC,1592
,SC,1593
,SC,1594
,SC,1595
,SC,1596
,SC,1597
,SC,1598
,SC,1599
,SC,1600
,SC,1601
,SC,1602
,SC,1603
,SC,1604
,SC,1605
,SC,1606
,SC,1607
,SC,1608
,SC,1609
,SC,1610
,SC,1611
,SC,1612
,SC,1613
,SC,1614
,SC,1615
,SC,1616
,SC,1617
,SC,1618
,SC,1619
,SC,1620
,SC,1621
,SC,1622
,SC,1623
,SC,1624
,SC,1625
,SC,1626
,SC,1627
,SC,1628
,SC,1629
,SC,1630
,SC,1631
,SC,1632
,SC,1633
,SC,1634
,SC,1635
,SC,1636
,SC,1637
,SC,1638
,SC,1639
,SC,1640
,SC,1641
,SC,1642
,SC,1643
,SC,1644
,SC,1645
,SC,1646
,SC,1647
,SC,1648
,SC,1649
,SC,1650
,SC,1651
,SC,1652
,SC,1653
,SC,1654
,SC,1655
,SC,1656
,SC,1657
,SC,1658
,SC,1659
,SC,1660
,SC,1661
,SC,1662
,SC,1663
,SC,1664
,SC,1665
,SC,1666
,SC,1667
,SC,1668
,SC,1669
,SC,1670
,SC,1671
,SC,1672
,SC,1673
,SC,1674
,SC,1675
,SC,1676
,SC,1677
,SC,1678
,SC,1679
,SC,1680
,SC,1681
,SC,1682
,SC,1683
,SC,1684
,SC,1685
,SC,1686
,SC,1687
,SC,1688
,SC,1689
,SC,1690
,SC,1691
,SC,1692
,SC,1693
,SC,1694
,SC,1695
,SC,1696
,SC,1697
,SC,1698
,SC,1699
,SC,1700
,SC,1701
,SC,1702
,SC,1703
,SC,1704
,SC,1705
,SC,1706
,SC,1707
,SC,1708
,SC,1709
,SC,1710
,SC,1711
,SC,1712
,SC,1713
,SC,1714
,SC,1715
,SC,1716
,SC,1717
,SC,1718
,SC,1719
,SC,1720
,SC,1721
,SC,1722
,SC,1723
,SC,1724
,SC,1725
,SC,1726
,SC,1727
,SC,1728
,SC,1729
,SC,1730
,SC,1731
,SC,1732
,SC,1733
,SC,1734
,SC,1735
,SC,1736
,SC,1737
,SC,1738
,SC,1739
,SC,1740
,SC,1741
,SC,1742
,SC,1743
,SC,1744
,SC,1745
,SC,1746
,SC,1747
,SC,1748
,SC,1749
,SC,1750
,SC,1751
,SC,1752
,SC,1753
,SC,1754
,SC,1755
,SC,1756
,SC,1757
,SC,1758
,SC,1759
,SC,1760
,SC,1761
,SC,1762
,SC,1763
,SC,1764
,SC,1765
,SC,1766
,SC,1767
,SC,1768
,SC,1769
,SC,1770
,SC,1771
,SC,1772
,SC,1773
,SC,1774
,SC,1775
,SC,1776
,SC,1777
,SC,1778
,SC,1779
,SC,1780
,SC,1781
,SC,1782
,SC,1783
,SC,1784
,SC,1785
,SC,1786
,SC,1787
,SC,1788
,SC,1789
,SC,1790
,SC,1791
,SC,1792
,SC,1793
,SC,1794
,SC,1795
,SC,1796
,SC,1797
,SC,1798
,SC,1799
,SC,1800
,SC,1801
,SC,1802
,SC,1803
,SC,1804
,SC,1805
,SC,1806
,SC,1807
,SC,1808
,SC,1809
,SC,1810
,SC,1811
,SC,1812
,SC,1813
,SC,1814
,SC,1815
,SC,1816
,SC,1817
,SC,1818
,SC,1818
,SC,1820
,SC,1821
,SC,1822
,SC,1823
,SC,1824
,SC,1825
,SC,1826
,SC,1827
,SC,1828
,SC,1829
,SC,1830
,SC,1831
,SC,1832
,SC,1833
,SC,1834
,SC,1835
,SC,1836
,SC,1837
,SC,1838
,SC,1839
,SC,1840
,SC,1841
,SC,1842
,SC,1843
,SC,1844
,SC,1845
,SC,1846
,SC,1847
,SC,1848
,SC,1849
,SC,1850
,SC,1851
,SC,1852
,SC,1853
,SC,1854
,SC,1855
,SC,1856
,SC,1857
,SC,1858
,SC,1859
,SC,1860
,SC,1861
,SC,1862
,SC,1863
,SC,1864
,SC,1865
,SC,1866
,SC,1867
,SC,1868
,SC,1869
,SC,1870
,SC,1871
,SC,1872
,SC,1873
,SC,1874
,SC,1875
,SC,1876
,SC,1877
,SC,1878
,SC,1879
,SC,1880
,SC,1881
,SC,1882
,SC,1883
,SC,1884
,SC,1885
,SC,1886
,SC,1887
,SC,1888
,SC,1889
,SC,1890
,SC,1891
,SC,1892
,SC,1893
,SC,1894
,SC,1895
,SC,1896
,SC,1897
,SC,1898
,SC,1899
,SC,1900
,SC,1901
,SC,1902
,SC,1903
,SC,1904
,SC,1905
,SC,1906
,SC,1907
,SC,1908
,SC,1909
,SC,1910
,SC,1911
,SC,1912
,SC,1913
,SC,1913
,SC,1915
,SC,1916
,SC,1917
,SC,1918
,SC,1919
,SC,1920
,SC,1921
,SC,1922
,SC,1923
,SC,1924
,SC,1925
,SC,1926
,SC,1927
,SC,1928
,SC,1929
,SC,1930
,SC,1931
,SC,1932
,SC,1933
,SC,1934
,SC,1935
,SC,1936
,SC,1937
,SC,1938
,SC,1939
,SC,1940
,SC,1941
,SC,1942
,SC,1943
,SC,1944
,SC,1945
,SC,1946
,SC,1947
,SC,1948
,SC,1949
,SC,1950
,SC,1951
,SC,1952
,SC,1953
,SC,1954
,SC,1955
,SC,1956
,SC,1957
,SC,1958
,SC,1959
,SC,1960
,SC,1961
,SC,1962
,SC,1963
,SC,1964
,SC,1965
,SC,1966
,SC,1967
,SC,1968
,SC,1969
,SC,1970
,SC,1971
,SC,1972
,SC,1973
,SC,1974
,SC,1975
,SC,1976
,SC,1977
,SC,1978
,SC,1979
,SC,1980
,SC,1981
,SC,1982
,SC,1983
,SC,1984
,SC,1985
,SC,1986
,SC,1987
,SC,1988
,SC,1989
,SC,1990
,SC,1991
,SC,1992
,SC,1993
,SC,1994
,SC,1995
,SC,1996
,SC,1997
,SC,1998
,SC,1999
,SC,2000
,SC,2001
,SC,2002
,SC,2003
,SC,2004
,SC,2005
,SC,2006
,SC,2007
,SC,2008
,SC,2009
,SC,2010
,SC,2011
,SC,2012
,SC,2013
,SC,2014
,SC,2015
,SC,2016
,SC,2017
,SC,2018
,SC,2019
,SC,2020
,SC,2021
,SC,2022
,SC,2023
,SC,2024
,SC,2025
,SC,2026
,SC,2027
,SC,2028
,SC,2029
,SC,2030
,SC,2031
,SC,2032
,SC,2033
,SC,2034
,SC,2035
,SC,2036
,SC,2037
,SC,2038
,SC,2039
,SC,2040
,SC,2041
,SC,2042
,SC,2043
,SC,2044
,SC,2045
,SC,2046
,SC,2047
,SC,2048
,SC,2049
,SC,2050
,SC,2051
,SC,2052
,SC,2053
,SC,2054
,SC,2055
,SC,2056
,SC,2057
,SC,2058
,SC,2059
,SC,2060
,SC,2061
,SC,2062
,SC,2063
,SC,2064
,SC,2065
,SC,2066
,SC,2067
,SC,2068
,SC,2069
,SC,2070
,SC,2071
,SC,2072
,SC,2073
,SC,2074
,SC,2075
,SC,2076
,SC,2077
,SC,2078
,SC,2079
,SC,2080
,SC,2081
,SC,2082
,SC,2083
,SC,2084
,SC,2085
,SC,2086
,SC,2087
,SC,2088
,SC,2089
,SC,2090
,SC,2091
,SC,2092
,SC,2093
,SC,2094
,SC,2095
,SC,2096
,SC,2097
,SC,2098
,SC,2099
,SC,2100
,SC,2101
,SC,2102
,SC,2103
,SC,2104
,SC,2105
,SC,2106
,SC,2107
,SC,2108
,SC,2109
,SC,2110
,SC,2111
,SC,2112
,SC,2113
,SC,2114
,SC,2115
,SC,2116
,SC,2117
,SC,2118
,SC,2119
,SC,2120
,SC,2121
,SC,2122
,SC,2123
,SC,2124
,SC,2125
,SC,2126
,SC,2127
,SC,2128
,SC,2129
,SC,2130
,SC,2131
,SC,2132
,SC,2133
,SC,2134
,SC,2135
,SC,2136
,SC,2137
,SC,2138
,SC,2139
,SC,2140
,SC,2141
,SC,2142
,SC,2143
,SC,2144
,SC,2145
,SC,2146
,SC,2147
,SC,2148
,SC,2149
,SC,2150
,SC,2151
,SC,2152
,SC,2153
,SC,2154
,SC,2155
,SC,2156
,SC,2157
,SC,2158
,SC,2159
,SC,2160
,SC,2161
,SC,2162
,SC,2163
,SC,2164
,SC,2165
,SC,2166
,SC,2167
,SC,2168
,SC,2169
,SC,2170
,SC,2171
,SC,2172
,SC,2173
,SC,2174
,SC,2175
,SC,2176
,SC,2177
,SC,2178
,SC,2179
,SC,2180
,SC,2181
,SC,2182
,SC,2183
,SC,2184
,SC,2185
,SC,2186
,SC,2187
,SC,2188
,SC,2189
,SC,2190
,SC,2191
,SC,2192
,SC,2193
,SC,2194
,SC,2195
,SC,2196
,SC,2197
,SC,2198
,SC,2199
,SC,2200
,SC,2201
,SC,2202
,SC,2202
,SC,2204
,SC,2205
,SC,2206
,SC,2207
,SC,2208
,SC,2209
,SC,2210
,SC,2211
,SC,2212
,SC,2213
,SC,2214
,SC,2215
,SC,2216
,SC,2217
,SC,2218
,SC,2219
,SC,2220
,SC,2221
,SC,2222
,SC,2223
,SC,2224
,SC,2225
,SC,2226
,SC,2227
,SC,2228
,SC,2229
,SC,2230
,SC,2231
,SC,2232
,SC,2233
,SC,2234
,SC,2235
,SC,2236
,SC,2237
,SC,2238
,SC,2239
,SC,2240
,SC,2241
,SC,2242
,SC,2243
,SC,2244
,SC,2245
,SC,2246
,SC,2247
,SC,2248
,SC,2249
,SC,2250
,SC,2251
,SC,2252
,SC,2253
,SC,2254
,SC,2255
,SC,2256
,SC,2257
,SC,2258
,SC,2259
,SC,2260
,SC,2261
,SC,2262
,SC,2263
,SC,2264
,SC,2265
,SC,2266
,SC,2267
,SC,2268
,SC,2269
,SC,2270
,SC,2271
,SC,2272
,SC,2273
,SC,2274
,SC,2275
,SC,2276
,SC,2277
,SC,2278
,SC,2279
,SC,2280
,SC,2281
,SC,2282
,SC,2283
,SC,2284
,SC,2285
,SC,2286
,SC,2287
,SC,2288
,SC,2289
,SC,2290
,SC,2291
,SC,2292
,SC,2293
,SC,2294
,SC,2295
,SC,2296
,SC,2297
,SC,2298
,SC,2299
,SC,2300
,SC,2301
,SC,2302
,SC,2303
,SC,2304
,SC,2305
,SC,2306
,SC,2307
,SC,2308
,SC,2309
,SC,2310
,SC,2311
,SC,2312
,SC,2313
,SC,2314
,SC,2315
,SC,2316
,SC,2317
,SC,2318
,SC,2319
,SC,2320
,SC,2321
,SC,2322
,SC,2323
,SC,2324
,SC,2325
,SC,2326
,SC,2327
,SC,2328
,SC,2329
,SC,2330
,SC,2331
,SC,2332
,SC,2333
,SC,2334
,SC,2335
,SC,2336
,SC,2337
,SC,2338
,SC,2339
,SC,2340
,SC,2341
,SC,2342
,SC,2343
,SC,2344
,SC,2345
,SC,2346
,SC,2347
,SC,2348
,SC,2349
,SC,2350
,SC,2351
,SC,2352
,SC,2353
,SC,2354
,SC,2355
,SC,2356
,SC,2357
,SC,2358
,SC,2359
,SC,2360
,SC,2361
,SC,2362
,SC,2363
,SC,2364
,SC,2365
,SC,2366
,SC,2367
,SC,2368
,SC,2369
,SC,2370
,SC,2371
,SC,2372
,SC,2373
,SC,2374
,SC,2375
,SC,2376
,SC,2377
,SC,2378
,SC,2379
,SC,2380
,SC,2381
,SC,2382
,SC,2383
,SC,2384
,SC,2385
,SC,2386
,SC,2387
,SC,2388
,SC,2389
,SC,2390
,SC,2391
,SC,2392
,SC,2393
,SC,2394
,SC,2395
,SC,2396
,SC,2397
,SC,2398
,SC,2399
,SC,2400
,SC,2401
,SC,2402
,SC,2403
,SC,2404
,SC,2405
,SC,2406
,SC,2407
,SC,2408
,SC,2409
,SC,2410
,SC,2411
,SC,2412
,SC,2413
,SC,2414
,SC,2415
,SC,2416
,SC,2417
,SC,2418
,SC,2419
,SC,2420
,SC,2421
,SC,2422
,SC,2423
,SC,2424
,SC,2425
,SC,2426
,SC,2427
,SC,2428
,SC,2429
,SC,2430
,SC,2431
,SC,2432
,SC,2433
,SC,2434
,SC,2435
,SC,2436
,SC,2436
,SC,2438
,SC,2439
,SC,2440
,SC,2441
,SC,2442
,SC,2443
,SC,2444
,SC,2445
,SC,2446
,SC,2447
,SC,2448
,SC,2449
,SC,2450
,SC,2451
,SC,2452
,SC,2453
,SC,2454
,SC,2455
,SC,2456
,SC,2457
,SC,2458
,SC,2459
,SC,2460
,SC,2461
,SC,2462
,SC,2463
,SC,2464
,SC,2465
,SC,2466
,SC,2467
,SC,2468
,SC,2469
,SC,2470
,SC,2471
,SC,2472
,SC,2473
,SC,2474
,SC,2475
,SC,2476
,SC,2477
,SC,2478
,SC,2479
,SC,2480
,SC,2481
,SC,2482
,SC,2483
,SC,2484
,SC,2485
,SC,2486
,SC,2487
,SC,2488
,SC,2489
,SC,2490
,SC,2491
,SC,2492
,SC,2493
,SC,2494
,SC,2495
,SC,2496
,SC,2497
,SC,2498
,SC,2499
,SC,2500
,SC,2501
,SC,2502
,SC,2503
,SC,2504
,SC,2505
,SC,2506
,SC,2507
,SC,2508
,SC,2509
,SC,2510
,SC,2511
,SC,2512
,SC,2513
,SC,2514
,SC,2515
,SC,2516
,SC,2517
,SC,2518
,SC,2519
,SC,2520
,SC,2521
,SC,2522
,SC,2523
,SC,2524
,SC,2525
,SC,2526
,SC,2527
,SC,2528
,SC,2529
,SC,2530
,SC,2531
,SC,2532
,SC,2533
,SC,2534
,SC,2535
,SC,2536
,SC,2537
,SC,2538
,SC,2539
,SC,2540
,SC,2541
,SC,2542
,SC,2543
,SC,2544
,SC,2545
,SC,2546
,SC,2547
,SC,2548
,SC,2549
,SC,2550
,SC,2551
,SC,2552
,SC,2553
,SC,2554
,SC,2555
,SC,2556
,SC,2557
,SC,2558
,SC,2559
,SC,2560
,SC,2561
,SC,2562
,SC,2563
,SC,2564
,SC,2565
,SC,2566
,SC,2567
,SC,2568
,SC,2569
,SC,2570
,SC,2571
,SC,2572
,SC,2573
,SC,2574
,SC,2575
,SC,2576
,SC,2577
,SC,2578
,SC,2579
,SC,2580
,SC,2581
,SC,2582
,SC,2583
,SC,2584
,SC,2585
,SC,2586
,SC,2587
,SC,2588
,SC,2589
,SC,2590
,SC,2591
,SC,2592
,SC,2593
,SC,2594
,SC,2595
,SC,2596
,SC,2597
,SC,2598
,SC,2599
,SC,2600
,SC,2601
,SC,2602
,SC,2603
,SC,2604
,SC,2605
,SC,2606
,SC,2607
,SC,2608
,SC,2609
,SC,2610
,SC,2611
,SC,2612
,SC,2613
,SC,2614
,SC,2615
,SC,2616
,SC,2617
,SC,2618
,SC,2619
,SC,2620
,SC,2621
,SC,2622
,SC,2623
,SC,2624
,SC,2625
,SC,2626
,SC,2627
,SC,2628
,SC,2629
,SC,2630
,SC,2631
,SC,2632
,SC,2633
,SC,2634
,SC,2635
,SC,2636
,SC,2637
,SC,2638
,SC,2639
,SC,2640
,SC,2641
,SC,2642
,SC,2643
,SC,2644
,SC,2645
,SC,2646
,SC,2647
,SC,2648
,SC,2649
,SC,2650
,SC,2651
,SC,2652
,SC,2653
,SC,2654
,SC,2655
,SC,2656
,SC,2657
,SC,2658
,SC,2659
,SC,2660
,SC,2661
,SC,2662
,SC,2663
,SC,2664
,SC,2665
,SC,2666
,SC,2667
,SC,2668
,SC,2669
,SC,2670
,SC,2671
,SC,2672
,SC,2673
,SC,2674
,SC,2675
,SC,2676
,SC,2677
,SC,2678
,SC,2679
,SC,2680
,SC,2681
,SC,2682
,SC,2683
,SC,2684
,SC,2685
,SC,2686
,SC,2687
,SC,2688
,SC,2689
,SC,2690
,SC,2691
,SC,2692
,SC,2693
,SC,2694
,SC,2695
,SC,2696
,SC,2697
,SC,2698
,SC,2699
,SC,2700
,SC,2701
,SC,2702
,SC,2703
,SC,2704
,SC,2705
,SC,2706
,SC,2707
,SC,2708
,SC,2709
,SC,2710
,SC,2711
,SC,2712
,SC,2713
,SC,2714
,SC,2715
,SC,2716
,SC,2717
,SC,2718
,SC,2719
,SC,2720
,SC,2721
,SC,2722
,SC,2722
,SC,2724
,SC,2725
,SC,2726
,SC,2727
,SC,2728
,SC,2729
,SC,2730
,SC,2731
,SC,2732
,SC,2733
,SC,2734
,SC,2735
,SC,2736
,SC,2737
,SC,2738
,SC,2739
,SC,2740
,SC,2741
,SC,2742
,SC,2743
,SC,2744
,SC,2745
,SC,2746
,SC,2747
,SC,2748
,SC,2749
,SC,2750
,SC,2751
,SC,2752
,SC,2753
,SC,2754
,SC,2755
,SC,2756
,SC,2757
,SC,2758
,SC,2759
,SC,2760
,SC,2761
,SC,2762
,SC,2763
,SC,2764
,SC,2765
,SC,2766
,SC,2767
,SC,2768
,SC,2769
,SC,2770
,SC,2771
,SC,2772
,SC,2773
,SC,2774
,SC,2775
,SC,2776
,SC,2777
,SC,2778
,SC,2779
,SC,2780
,SC,2781
,SC,2782
,SC,2783
,SC,2784
,SC,2785
,SC,2786
,SC,2787
,SC,2788
,SC,2789
,SC,2790
,SC,2791
,SC,2792
,SC,2793
,SC,2794
,SC,2795
,SC,2796
,SC,2797
,SC,2798
,SC,2799
,SC,2800
,SC,2801
,SC,2802
,SC,2803
,SC,2804
,SC,2805
,SC,2806
,SC,2807
,SC,2808
,SC,2809
,SC,2810
,SC,2811
,SC,2812
,SC,2813
,SC,2814
,SC,2815
,SC,2816
,SC,2817
,SC,2818
,SC,2819
,SC,2820
,SC,2821
,SC,2822
,SC,2823
,SC,2824
,SC,2825
,SC,2826
,SC,2827
,SC,2828
,SC,2829
,SC,2830
,SC,2831
,SC,2832
,SC,2833
,SC,2834
,SC,2835
,SC,2836
,SC,2837
,SC,2838
,SC,2839
,SC,2840
,SC,2841
,SC,2842
,SC,2843
,SC,2844
,SC,2845
,SC,2846
,SC,2847
,SC,2848
,SC,2849
,SC,2850
,SC,2851
,SC,2852
,SC,2853
,SC,2854
,SC,2855
,SC,2856
,SC,2857
,SC,2858
,SC,2858
,SC,2860
,SC,2861
,SC,2862
,SC,2863
,SC,2864
,SC,2865
,SC,2866
,SC,2867
,SC,2868
,SC,2869
,SC,2870
,SC,2871
,SC,2872
,SC,2873
,SC,2874
,SC,2875
,SC,2876
,SC,2877
,SC,2878
,SC,2879
,SC,2880
,SC,2881
,SC,2882
,SC,2883
,SC,2884
,SC,2885
,SC,2886
,SC,2887
,SC,2888
,SC,2889
,SC,2890
,SC,2891
,SC,2892
,SC,2893
,SC,2894
,SC,2895
,SC,2896
,SC,2897
,SC,2898
,SC,2899
,SC,2900
,SC,2901
,SC,2902
,SC,2903
,SC,2904
,SC,2905
,SC,2906
,SC,2907
,SC,2908
,SC,2909
,SC,2910
,SC,2911
,SC,2912
,SC,2913
,SC,2914
,SC,2915
,SC,2916
,SC,2917
,SC,2918
,SC,2919
,SC,2920
,SC,2921
,SC,2922
,SC,2923
,SC,2924
,SC,2925
,SC,2926
,SC,2927
,SC,2928
,SC,2929
,SC,2930
,SC,2931
,SC,2932
,SC,2933
,SC,2934
,SC,2935
,SC,2936
,SC,2937
,SC,2938
,SC,2939
,SC,2940
,SC,2941
,SC,2942
,SC,2943
,SC,2944
,SC,2945
,SC,2946
,SC,2947
,SC,2948
,SC,2949
,SC,2950
,SC,2951
,SC,2952
,SC,2953
,SC,2954
,SC,2955
,SC,2956
,SC,2957
,SC,2958
,SC,2959
,SC,2960
,SC,2961
,SC,2962
,SC,2963
,SC,2964
,SC,2965
,SC,2966
,SC,2967
,SC,2968
,SC,2969
,SC,2970
,SC,2971
,SC,2972
,SC,2973
,SC,2974
,SC,2975
,SC,2976
,SC,2977
,SC,2978
,SC,2979
,SC,2980
,SC,2981
,SC,2982
,SC,2983
,SC,2984
,SC,2985
,SC,2986
,SC,2987
,SC,2988
,SC,2989
,SC,2990
,SC,2991
,SC,2992
,SC,2993
,SC,2994
,SC,2995
,SC,2996
,SC,2997
,SC,2998
,SC,2999
,SC,3000
,SC,3001
,SC,3002
,SC,3003
,SC,3004
,SC,3005
,SC,3006
,SC,3007
,SC,3008
,SC,3009
,SC,3010
,SC,3011
,SC,3012
,SC,3013
,SC,3014
,SC,3015
,SC,3016
,SC,3017
,SC,3018
,SC,3019
,SC,3020
,SC,3021
,SC,3022
,SC,3023
,SC,3024
,SC,3025
,SC,3026
,SC,3027
,SC,3028
,SC,3029
,SC,3030
,SC,3031
,SC,3032
,SC,3033
,SC,3034
,SC,3035
,SC,3036
,SC,3037
,SC,3038
,SC,3039
,SC,3040
,SC,3041
,SC,3042
,SC,3043
,SC,3044
,SC,3045
,SC,3046
,SC,3047
,SC,3048
,SC,3049
,SC,3050
,SC,3051
,SC,3052
,SC,3053
,SC,3054
,SC,3055
,SC,3056
,SC,3057
,SC,3058
,SC,3059
,SC,3060
,SC,3061
,SC,3062
,SC,3063
,SC,3064
,SC,3065
,SC,3066
,SC,3067
,SC,3068
,SC,3069
,SC,3070
,SC,3071
,SC,3072
,SC,3073
,SC,3074
,SC,3075
,SC,3076
,SC,3077
,SC,3078
,SC,3079
,SC,3080
,SC,3081
,SC,3082
,SC,3083
,SC,3084
,SC,3085
,SC,3086
,SC,3087
,SC,3088
,SC,3089
,SC,3090
,SC,3091
,SC,3092
,SC,3093
,SC,3094
,SC,3095
,SC,3096
,SC,3097
,SC,3098
,SC,3099
,SC,3100
,SC,3101
,SC,3102
,SC,3103
,SC,3104
,SC,3105
,SC,3106
,SC,3107
,SC,3108
,SC,3109
,SC,3110
,SC,3111
,SC,3112
,SC,3113
,SC,3114
,SC,3115
,SC,3116
,SC,3117
,SC,3118
,SC,3119
,SC,3120
,SC,3121
,SC,3122
,SC,3123
,SC,3124
,SC,3125
,SC,3126
,SC,3127
,SC,3128
,SC,3129
,SC,3130
,SC,3131
,SC,3132
,SC,3133
,SC,3134
,SC,3135
,SC,3136
,SC,3137
,SC,3138
,SC,3139
,SC,3140
,SC,3141
,SC,3142
,SC,3143
,SC,3144
,SC,3145
,SC,3146
,SC,3147
,SC,3148
,SC,3149
,SC,3150
,SC,3151
,SC,3152
,SC,3153
,SC,3154
,SC,3155
,SC,3156
,SC,3157
,SC,3158
,SC,3159
,SC,3160
,SC,3161
,SC,3162
,SC,3163
,SC,3164
,SC,3165
,SC,3166
,SC,3167
,SC,3168
,SC,3169
,SC,3170
,SC,3171
,SC,3172
,SC,3173
,SC,3174
,SC,3175
,SC,3176
,SC,3177
,SC,3178
,SC,3179
,SC,3180
,SC,3181
,SC,3182
,SC,3183
,SC,3184
,SC,3185
,SC,3186
,SC,3187
,SC,3188
,SC,3189
,SC,3190
,SC,3191
,SC,3192
,SC,3193
,SC,3194
,SC,3195
,SC,3196
,SC,3197
,SC,3198
,SC,3199
,SC,3200
,SC,3201
,SC,3202
,SC,3203
,SC,3204
,SC,3205
,SC,3206
,SC,3207
,SC,3208
,SC,3209
,SC,3210
,SC,3211
,SC,3212
,SC,3213
,SC,3214
,SC,3215
,SC,3216
,SC,3217
,SC,3218
,SC,3219
,SC,3220
,SC,3221
,SC,3222
,SC,3223
,SC,3224
,SC,3225
,SC,3226
,SC,3227
,SC,3228
,SC,3229
,SC,3230
,SC,3231
,SC,3232
,SC,3233
,SC,3234
,SC,3235
,SC,3236
,SC,3237
,SC,3238
,SC,3239
,SC,3240
,SC,3241
,SC,3242
,SC,3243
,SC,3244
,SC,3245
,SC,3246
,SC,3247
,SC,3248
,SC,3249
,SC,3250
,SC,3251
,SC,3252
,SC,3253
,SC,3254
,SC,3255
,SC,3256
,SC,3257
,SC,3258
,SC,3259
,SC,3260
,SC,3261
,SC,3262
,SC,3263
,SC,3264
,SC,3265
,SC,3266
,SC,3267
,SC,3268
,SC,3269
,SC,3270
,SC,3271
,SC,3272
,SC,3273
,SC,3274
,SC,3275
,SC,3276
,SC,3277
,SC,3278
,SC,3279
,SC,3280
,SC,3281
,SC,3282
,SC,3283
,SC,3284
,SC,3285
,SC,3286
,SC,3287
,SC,3288
,SC,3289
,SC,3290
,SC,3291
,SC,3292
,SC,3293
,SC,3294
,SC,3295
,SC,3296
,SC,3297
,SC,3298
,SC,3299
,SC,3300
,SC,3301
,SC,3302
,SC,3303
,SC,3304
,SC,3305
,SC,3306
,SC,3307
,SC,3308
,SC,3309
,SC,3310
,SC,3311
,SC,3312
,SC,3313
,SC,3314
,SC,3315
,SC,3316
,SC,3317
,SC,3318
,SC,3319
,SC,3320
,SC,3321
,SC,3322
,SC,3323
,SC,3324
,SC,3325
,SC,3326
,SC,3327
,SC,3328
,SC,3329
,SC,3330
,SC,3331
,SC,3332
,SC,3333
,SC,3334
,SC,3335
,SC,3336
,SC,3337
,SC,3338
,SC,3339
,SC,3340
,SC,3341
,SC,3342
,SC,3343
,SC,3344
,SC,3345
,SC,3346
,SC,3347
,SC,3348
,SC,3349
,SC,3350
,SC,3351
,SC,3352
,SC,3353
,SC,3354
,SC,3355
,SC,3356
,SC,3357
,SC,3358
,SC,3359
,SC,3360
,SC,3361
,SC,3362
,SC,3363
,SC,3364
,SC,3365
,SC,3366
,SC,3367
,SC,3368
,SC,3369
,SC,3370
,SC,3371
,SC,3372
,SC,3373
,SC,3374
,SC,3375
,SC,3376
,SC,3377
,SC,3378
,SC,3379
,SC,3380
,SC,3381
,SC,3382
,SC,3383
,SC,3384
,SC,3385
,SC,3386
,SC,3387
,SC,3388
,SC,3389
,SC,3390
,SC,3391
,SC,3392
,SC,3393
,SC,3394
,SC,3395
,SC,3396
,SC,3397
,SC,3398
,SC,3399
,SC,3400
,SC,3401
,SC,3402
,SC,3403
,SC,3404
,SC,3405
,SC,3406
,SC,3407
,SC,3408
,SC,3409
,SC,3410
,SC,3411
,SC,3412
,SC,3413
,SC,3414
,SC,3415
,SC,3416
,SC,3417
,SC,3418
,SC,3419
,SC,3420
,SC,3421
,SC,3422
,SC,3423
,SC,3424
,SC,3425
,SC,3426
,SC,3427
,SC,3428
,SC,3429
,SC,3430
,SC,3431
,SC,3432
,SC,3433
,SC,3434
,SC,3435
,SC,3436
,SC,3437
,SC,3438
,SC,3439
,SC,3440
,SC,3441
,SC,3442
,SC,3443
,SC,3444
,SC,3445
,SC,3446
,SC,3447
,SC,3448
,SC,3449
,SC,3450
,SC,3451
,SC,3452
,SC,3453
,SC,3454
,SC,3455
,SC,3456
,SC,3457
,SC,3458
,SC,3459
,SC,3460
,SC,3461
,SC,3462
,SC,3462
,SC,3464
,SC,3465
,SC,3466
,SC,3467
,SC,3468
,SC,3469
,SC,3470
,SC,3471
,SC,3472
,SC,3473
,SC,3474
,SC,3475
,SC,3476
,SC,3477
,SC,3478
,SC,3479
,SC,3480
,SC,3481
,SC,3482
,SC,3483
,SC,3484
,SC,3485
,SC,3486
,SC,3487
,SC,3488
,SC,3489
,SC,3490
,SC,3491
,SC,3492
,SC,3493
,SC,3494
,SC,3495
,SC,3496
,SC,3497
,SC,3498
,SC,3499
,SC,3500
,SC,3501
,SC,3502
,SC,3503
,SC,3504
,SC,3505
,SC,3506
,SC,3507
,SC,3508
,SC,3509
,SC,3510
,SC,3511
,SC,3512
,SC,3513
,SC,3514
,SC,3515
,SC,3516
,SC,3517
,SC,3518
,SC,3519
,SC,3520
,SC,3521
,SC,3522
,SC,3523
,SC,3524
,SC,3525
,SC,3526
,SC,3527
,SC,3528
,SC,3529
,SC,3530
,SC,3531
,SC,3532
,SC,3533
,SC,3534
,SC,3535
,SC,3536
,SC,3537
,SC,3538
,SC,3539
,SC,3540
,SC,3541
,SC,3542
,SC,3543
,SC,3544
,SC,3545
,SC,3546
,SC,3547
,SC,3548
,SC,3549
,SC,3550
,SC,3551
,SC,3552
,SC,3553
,SC,3554
,SC,3555
,SC,3556
,SC,3557
,SC,3558
,SC,3559
,SC,3560
,SC,3561
,SC,3562
,SC,3563
,SC,3564
,SC,3565
,SC,3565
,SC,3567
,SC,3568
,SC,3569
,SC,3570
,SC,3571
,SC,3572
,SC,3573
,SC,3574
,SC,3575
,SC,3576
,SC,3577
,SC,3578
,SC,3579
,SC,3580
,SC,3581
,SC,3582
,SC,3583
,SC,3584
,SC,3585
,SC,3586
,SC,3587
,SC,3588
,SC,3589
,SC,3590
,SC,3591
,SC,3592
,SC,3593
,SC,3594
,SC,3595
,SC,3596
,SC,3597
,SC,3598
,SC,3599
,SC,3600
,SC,3601
,SC,3602
,SC,3603
,SC,3604
,SC,3605
,SC,3606
,SC,3607
,SC,3608
,SC,3609
,SC,3610
,SC,3611
,SC,3612
,SC,3613
,SC,3614
,SC,3615
,SC,3616
,SC,3617
,SC,3618
,SC,3619
,SC,3620
,SC,3621
,SC,3622
,SC,3623
,SC,3624
,SC,3625
,SC,3626
,SC,3627
,SC,3628
,SC,3629
,SC,3630
,SC,3631
,SC,3632
,SC,3633
,SC,3634
,SC,3635
,SC,3636
,SC,3637
,SC,3638
,SC,3639
,SC,3640
,SC,3641
,SC,3642
,SC,3643
,SC,3644
,SC,3645
,SC,3646
,SC,3647
,SC,3648
,SC,3649
,SC,3650
,SC,3651
,SC,3652
,SC,3653
,SC,3654
,SC,3655
,SC,3656
,SC,3657
,SC,3658
,SC,3659
,SC,3660
,SC,3661
,SC,3662
,SC,3663
,SC,3664
,SC,3665
,SC,3666
,SC,3667
,SC,3668
,SC,3669
,SC,3670
,SC,3671
,SC,3672
,SC,3673
,SC,3674
,SC,3675
,SC,3676
,SC,3677
,SC,3678
,SC,3679
,SC,3680
,SC,3681
,SC,3682
,SC,3683
,SC,3684
,SC,3685
,SC,3686
,SC,3687
,SC,3688
,SC,3689
,SC,3690
,SC,3691
,SC,3692
,SC,3693
,SC,3694
,SC,3695
,SC,3696
,SC,3697
,SC,3698
,SC,3699
,SC,3700
,SC,3701
,SC,3702
,SC,3703
,SC,3704
,SC,3705
,SC,3706
,SC,3707
,SC,3708
,SC,3709
,SC,3710
,SC,3711
,SC,3712
,SC,3713
,SC,3714
,SC,3715
,SC,3716
,SC,3717
,SC,3718
,SC,3719
,SC,3720
,SC,3721
,SC,3722
,SC,3723
,SC,3724
,SC,3725
,SC,3726
,SC,3727
,SC,3728
,SC,3729
,SC,3730
,SC,3731
,SC,3732
,SC,3733
,SC,3734
,SC,3735
,SC,3736
,SC,3737
,SC,3738
,SC,3739
,SC,3740
,SC,3741
,SC,3742
,SC,3743
,SC,3744
,SC,3745
,SC,3746
,SC,3747
,SC,3748
,SC,3749
,SC,3750
,SC,3751
,SC,3752
,SC,3753
,SC,3754
,SC,3755
,SC,3756
,SC,3757
,SC,3758
,SC,3759
,SC,3760
,SC,3761
,SC,3762
,SC,3763
,SC,3764
,SC,3765
,SC,3766
,SC,3767
,SC,3768
,SC,3769
,SC,3770
,SC,3771
,SC,3772
,SC,3773
,SC,3774
,SC,3775
,SC,3776
,SC,3777
,SC,3778
,SC,3779
,SC,3780
,SC,3781
,SC,3782
,SC,3783
,SC,3784
,SC,3785
,SC,3786
,SC,3787
,SC,3788
,SC,3789
,SC,3790
,SC,3791
,SC,3792
,SC,3793
,SC,3794
,SC,3795
,SC,3796
,SC,3797
,SC,3798
,SC,3799
,SC,3800
,SC,3801
,SC,3802
,SC,3803
,SC,3804
,SC,3805
,SC,3806
,SC,3807
,SC,3808
,SC,3809
,SC,3810
,SC,3811
,SC,3812
,SC,3813
,SC,3814
,SC,3815
,SC,3816
,SC,3817
,SC,3818
,SC,3819
,SC,3820
,SC,3821
,SC,3822
,SC,3822
,SC,3824
,SC,3825
,SC,3826
,SC,3827
,SC,3828
,SC,3829
,SC,3830
,SC,3831
,SC,3832
,SC,3833
,SC,3834
,SC,3835
,SC,3836
,SC,3837
,SC,3838
,SC,3839
,SC,3840
,SC,3841
,SC,3842
,SC,3843
,SC,3844
,SC,3845
,SC,3846
,SC,3847
,SC,3848
,SC,3849
,SC,3850
,SC,3851
,SC,3852
,SC,3853
,SC,3854
,SC,3855
,SC,3856
,SC,3857
,SC,3858
,SC,3859
,SC,3860
,SC,3861
,SC,3862
,SC,3863
,SC,3864
,SC,3865
,SC,3866
,SC,3867
,SC,3868
,SC,3869
,SC,3870
,SC,3871
,SC,3872
,SC,3873
,SC,3874
,SC,3875
,SC,3876
,SC,3877
,SC,3878
,SC,3879
,SC,3880
,SC,3881
,SC,3882
,SC,3883
,SC,3884
,SC,3885
,SC,3886
,SC,3887
,SC,3888
,SC,3889
,SC,3890
,SC,3891
,SC,3892
,SC,3893
,SC,3894
,SC,3895
,SC,3896
,SC,3897
,SC,3898
,SC,3899
,SC,3900
,SC,3901
,SC,3902
,SC,3903
,SC,3904
,SC,3905
,SC,3906
,SC,3907
,SC,3908
,SC,3909
,SC,3910
,SC,3911
,SC,3912
,SC,3913
,SC,3914
,SC,3915
,SC,3916
,SC,3917
,SC,3918
,SC,3919
,SC,3920
,SC,3921
,SC,3922
,SC,3923
,SC,3924
,SC,3925
,SC,3926
,SC,3927
,SC,3928
,SC,3929
,SC,3930
,SC,3930
,SC,3932
,SC,3933
,SC,3934
,SC,3935
,SC,3936
,SC,3937
,SC,3938
,SC,3939
,SC,3940
,SC,3941
,SC,3942
,SC,3943
,SC,3944
,SC,3945
,SC,3946
,SC,3947
,SC,3948
,SC,3949
,SC,3950
,SC,3951
,SC,3952
,SC,3953
,SC,3954
,SC,3955
,SC,3956
,SC,3957
,SC,3958
,SC,3959
,SC,3960
,SC,3961
,SC,3962
,SC,3963
,SC,3964
,SC,3965
,SC,3966
,SC,3967
,SC,3968
,SC,3969
,SC,3970
,SC,3971
,SC,3972
,SC,3973
,SC,3974
,SC,3975
,SC,3976
,SC,3977
,SC,3978
,SC,3979
,SC,3980
,SC,3981
,SC,3982
,SC,3983
,SC,3984
,SC,3985
,SC,3986
,SC,3987
,SC,3988
,SC,3989
,SC,3990
,SC,3991
,SC,3992
,SC,3993
,SC,3994
,SC,3995
,SC,3996
,SC,3997
,SC,3998
,SC,3998
,SC,4000
,SC,4001
,SC,4002
,SC,4003
,SC,4004
,SC,4005
,SC,4006
,SC,4007
,SC,4008
,SC,4009
,SC,4010
,SC,4011
,SC,4012
,SC,4013
,SC,4014
,SC,4015
,SC,4016
,SC,4017
,SC,4018
,SC,4019
,SC,4020
,SC,4021
,SC,4022
,SC,4023
,SC,4024
,SC,4025
,SC,4026
,SC,4027
,SC,4028
,SC,4029
,SC,4030
,SC,4031
,SC,4032
,SC,4033
,SC,4034
,SC,4035
,SC,4036
,SC,4037
,SC,4038
,SC,4039
,SC,4040
,SC,4041
,SC,4042
,SC,4043
,SC,4044
,SC,4045
,SC,4046
,SC,4047
,SC,4048
,SC,4049
,SC,4050
,SC,4051
,SC,4052
,SC,4053
,SC,4054
,SC,4055
,SC,4056
,SC,4057
,SC,4058
,SC,4059
,SC,4060
,SC,4061
,SC,4062
,SC,4063
,SC,4064
,SC,4065
,SC,4066
,SC,4067
,SC,4068
,SC,4069
,SC,4070
,SC,4071
,SC,4072
,SC,4073
,SC,4074
,SC,4075
,SC,4076
,SC,4077
,SC,4078
,SC,4079
,SC,4080
,SC,4081
,SC,4082
,SC,4083
,SC,4084
,SC,4085
,SC,4086
,SC,4087
,SC,4088
,SC,4089
,SC,4090
,SC,4091
,SC,4092
,SC,4093
,SC,4094
,SC,4095
,SC,4096
,SC,4097
,SC,4098
,SC,4099
,SC,4100
,SC,4101
,SC,4102
,SC,4103
,SC,4104
,SC,4105
,SC,4106
,SC,4107
,SC,4108
,SC,4109
,SC,4110
,SC,4111
,SC,4112
,SC,4113
,SC,4114
,SC,4115
,SC,4116
,SC,4117
,SC,4117
,SC,4119
,SC,4120
,SC,4121
,SC,4122
,SC,4123
,SC,4124
,SC,4125
,SC,4125
,SC,4127
,SC,4128
,SC,4129
,SC,4130
,SC,4131
,SC,4132
,SC,4133
,SC,4134
,SC,4135
,SC,4136
,SC,4137
,SC,4138
,SC,4139
,SC,4140
,SC,4141
,SC,4142
,SC,4143
,SC,4144
,SC,4145
,SC,4146
,SC,4147
,SC,4148
,SC,4149
,SC,4150
,SC,4151
,SC,4152
,SC,4153
,SC,4154
,SC,4155
,SC,4156
,SC,4157
,SC,4158
,SC,4159
,SC,4160
,SC,4161
,SC,4162
,SC,4163
,SC,4164
,SC,4165
,SC,4166
,SC,4167
,SC,4168
,SC,4169
,SC,4170
,SC,4171
,SC,4172
,SC,4173
,SC,4174
,SC,4175
,SC,4176
,SC,4177
,SC,4178
,SC,4179
,SC,4180
,SC,4181
,SC,4182
,SC,4183
,SC,4184
,SC,4185
,SC,4186
,SC,4187
,SC,4188
,SC,4189
,SC,4190
,SC,4191
,SC,4192
,SC,4193
,SC,4194
,SC,4195
,SC,4196
,SC,4197
,SC,4198
,SC,4199
,SC,4200
,SC,4201
,SC,4202
,SC,4203
,SC,4204
,SC,4205
,SC,4206
,SC,4207
,SC,4208
,SC,4209
,SC,4210
,SC,4211
,SC,4212
,SC,4213
,SC,4214
,SC,4215
,SC,4216
,SC,4217
,SC,4218
,SC,4219
,SC,4220
,SC,4221
,SC,4222
,SC,4223
,SC,4224
,SC,4225
,SC,4226
,SC,4227
,SC,4228
,SC,4229
,SC,4230
,SC,4231
,SC,4232
,SC,4233
,SC,4234
,SC,4235
,SC,4236
,SC,4237
,SC,4238
,SC,4239
,SC,4240
,SC,4241
,SC,4242
,SC,4243
,SC,4244
,SC,4245
,SC,4246
,SC,4247
,SC,4248
,SC,4249
,SC,4250
,SC,4251
,SC,4252
,SC,4253
,SC,4254
,SC,4255
,SC,4256
,SC,4257
,SC,4258
,SC,4259
,SC,4260
,SC,4261
,SC,4262
,SC,4263
,SC,4264
,SC,4265
,SC,4266
,SC,4267
,SC,4268
,SC,4269
,SC,4270
,SC,4271
,SC,4272
,SC,4272
,SC,4274
,SC,4275
,SC,4276
,SC,4277
,SC,4278
,SC,4279
,SC,4280
,SC,4281
,SC,4282
,SC,4283
,SC,4284
,SC,4285
,SC,4286
,SC,4287
,SC,4288
,SC,4289
,SC,4290
,SC,4291
,SC,4292
,SC,4293
,SC,4294
,SC,4295
,SC,4296
,SC,4297
,SC,4297
,SC,4299
,SC,4300
,SC,4301
,SC,4302
,SC,4303
,SC,4304
,SC,4305
,SC,4306
,SC,4307
,SC,4308
,SC,4309
,SC,4310
,SC,4311
,SC,4312
,SC,4313
,SC,4314
,SC,4315
,SC,4316
,SC,4317
,SC,4318
,SC,4319
,SC,4320
,SC,4321
,SC,4322
,SC,4323
,SC,4324
,SC,4325
,SC,4326
,SC,4327
,SC,4328
,SC,4329
,SC,4330
,SC,4331
,SC,4332
,SC,4333
,SC,4334
,SC,4335
,SC,4336
,SC,4337
,SC,4338
,SC,4339
,SC,4340
,SC,4341
,SC,4342
,SC,4343
,SC,4344
,SC,4345
,SC,4346
,SC,4347
,SC,4348
,SC,4349
,SC,4350
,SC,4351
,SC,4352
,SC,4353
,SC,4354
,SC,4355
,SC,4356
,SC,4357
,SC,4358
,SC,4359
,SC,4360
,SC,4361
,SC,4362
,SC,4363
,SC,4364
,SC,4365
,SC,4366
,SC,4367
,SC,4368
,SC,4369
,SC,4370
,SC,4371
,SC,4372
,SC,4373
,SC,4374
,SC,4375
,SC,4376
,SC,4377
,SC,4378
,SC,4379
,SC,4380
,SC,4381
,SC,4382
,SC,4383
,SC,4384
,SC,4385
,SC,4386
,SC,4387
,SC,4388
,SC,4389
,SC,4390
,SC,4391
,SC,4392
,SC,4393
,SC,4394
,SC,4395
,SC,4396
,SC,4397
,SC,4398
,SC,4398
,SC,4400
,SC,4401
,SC,4402
,SC,4403
,SC,4404
,SC,4405
,SC,4406
,SC,4407
,SC,4408
,SC,4409
,SC,4410
,SC,4411
,SC,4412
,SC,4413
,SC,4414
,SC,4415
,SC,4416
,SC,4417
,SC,4418
,SC,4419
,SC,4420
,SC,4421
,SC,4422
,SC,4423
,SC,4424
,SC,4425
,SC,4426
,SC,4427
,SC,4428
,SC,4429
,SC,4430
,SC,4431
,SC,4432
,SC,4433
,SC,4434
,SC,4435
,SC,4436
,SC,4437
,SC,4438
,SC,4439
,SC,4440
,SC,4441
,SC,4442
,SC,4443
,SC,4444
,SC,4445
,SC,4446
,SC,4446
,SC,4448
,SC,4448
,SC,4450
,SC,4451
,SC,4452
,SC,4453
,SC,4454
,SC,4455
,SC,4456
,SC,4457
,SC,4458
,SC,4459
,SC,4460
,SC,4461
,SC,4462
,SC,4463
,SC,4464
,SC,4465
,SC,4466
,SC,4467
,SC,4468
,SC,4469
,SC,4470
,SC,4471
,SC,4472
,SC,4473
,SC,4474
,SC,4475
,SC,4476
,SC,4477
,SC,4478
,SC,4479
,SC,4480
,SC,4481
,SC,4482
,SC,4483
,SC,4484
,SC,4485
,SC,4486
,SC,4487
,SC,4488
,SC,4489
,SC,4490
,SC,4491
,SC,4492
,SC,4493
,SC,4494
,SC,4495
,SC,4496
,SC,4497
,SC,4498
,SC,4499
,SC,4500
,SC,4501
,SC,4502
,SC,4503
,SC,4504
,SC,4505
,SC,4506
,SC,4507
,SC,4508
,SC,4509
,SC,4510
,SC,4511
,SC,4512
,SC,4513
,SC,4514
,SC,4515
,SC,4516
,SC,4517
,SC,4518
,SC,4519
,SC,4520
,SC,4521
,SC,4522
,SC,4523
,SC,4524
,SC,4525
,SC,4526
,SC,4527
,SC,4528
,SC,4529
,SC,4530
,SC,4531
,SC,4532
,SC,4533
,SC,4534
,SC,4535
,SC,4536
,SC,4537
,SC,4538
,SC,4539
,SC,4540
,SC,4541
,SC,4542
,SC,4543
,SC,4544
,SC,4545
,SC,4546
,SC,4547
,SC,4548
,SC,4549
,SC,4550
,SC,4551
,SC,4552
,SC,4553
,SC,4554
,SC,4555
,SC,4556
,SC,4557
,SC,4558
,SC,4559
,SC,4560
,SC,4561
,SC,4562
,SC,4563
,SC,4564
,SC,4565
,SC,4566
,SC,4567
,SC,4568
,SC,4569
,SC,4570
,SC,4571
,SC,4572
,SC,4573
,SC,4574
,SC,4575
,SC,4576
,SC,4577
,SC,4578
,SC,4579
,SC,4580
,SC,4581
,SC,4582
,SC,4583
,SC,4584
,SC,4585
,SC,4586
,SC,4587
,SC,4588
,SC,4589
,SC,4590
,SC,4591
,SC,4592
,SC,4593
,SC,4594
,SC,4595
,SC,4596
,SC,4597
,SC,4598
,SC,4599
,SC,4600
,SC,4601
,SC,4602
,SC,4603
,SC,4604
,SC,4605
,SC,4606
,SC,4607
,SC,4608
,SC,4609
,SC,4610
,SC,4611
,SC,4612
,SC,4613
,SC,4614
,SC,4615
,SC,4616
,SC,4617
,SC,4618
,SC,4619
,SC,4620
,SC,4621
,SC,4622
,SC,4623
,SC,4624
,SC,4625
,SC,4626
,SC,4627
,SC,4628
,SC,4629
,SC,4630
,SC,4631
,SC,4632
,SC,4633
,SC,4634
,SC,4635
,SC,4636
,SC,4637
,SC,4638
,SC,4639
,SC,4640
,SC,4641
,SC,4642
,SC,4643
,SC,4644
,SC,4645
,SC,4646
,SC,4647
,SC,4648
,SC,4649
,SC,4650
,SC,4651
,SC,4652
,SC,4653
,SC,4654
,SC,4655
,SC,4656
,SC,4657
,SC,4658
,SC,4659
,SC,4660
,SC,4661
,SC,4662
,SC,4663
,SC,4664
,SC,4665
,SC,4666
,SC,4667
,SC,4668
,SC,4669
,SC,4670
,SC,4671
,SC,4672
,SC,4673
,SC,4674
,SC,4675
,SC,4676
,SC,4677
,SC,4678
,SC,4679
,SC,4680
,SC,4681
,SC,4682
,SC,4683
,SC,4684
,SC,4685
,SC,4686
,SC,4687
,SC,4688
,SC,4689
,SC,4690
,SC,4691
,SC,4692
,SC,4693
,SC,4694
,SC,4695
,SC,4696
,SC,4697
,SC,4698
,SC,4699
,SC,4700
,SC,4701
,SC,4702
,SC,4703
,SC,4704
,SC,4705
,SC,4706
,SC,4707
,SC,4708
,SC,4709
,SC,4710
,SC,4711
,SC,4712
,SC,4713
,SC,4714
,SC,4715
,SC,4716
,SC,4717
,SC,4718
,SC,4719
,SC,4720
,SC,4721
,SC,4722
,SC,4723
,SC,4724
,SC,4725
,SC,4726
,SC,4727
,SC,4728
,SC,4729
,SC,4730
,SC,4731
,SC,4732
,SC,4733
,SC,4734
,SC,4735
,SC,4736
,SC,4737
,SC,4738
,SC,4739
,SC,4740
,SC,4741
,SC,4742
,SC,4743
,SC,4744
,SC,4745
,SC,4746
,SC,4747
,SC,4748
,SC,4749
,SC,4750
,SC,4751
,SC,4752
,SC,4753
,SC,4754
,SC,4755
,SC,4756
,SC,4757
,SC,4758
,SC,4759
,SC,4760
,SC,4761
,SC,4762
,SC,4763
,SC,4764
,SC,4765
,SC,4766
,SC,4767
,SC,4768
,SC,4769
,SC,4770
,SC,4771
,SC,4772
,SC,4773
,SC,4774
,SC,4775
,SC,4776
,SC,4777
,SC,4778
,SC,4779
,SC,4780
,SC,4781
,SC,4782
,SC,4783
,SC,4784
,SC,4785
,SC,4786
,SC,4787
,SC,4788
,SC,4789
,SC,4790
,SC,4791
,SC,4792
,SC,4793
,SC,4794
,SC,4795
,SC,4796
,SC,4797
,SC,4798
,SC,4799
,SC,4800
,SC,4801
,SC,4802
,SC,4803
,SC,4804
,SC,4805
,SC,4806
,SC,4807
,SC,4808
,SC,4809
,SC,4810
,SC,4811
,SC,4812
,SC,4813
,SC,4814
,SC,4815
,SC,4816
,SC,4817
,SC,4818
,SC,4819
,SC,4820
,SC,4821
,SC,4822
,SC,4823
,SC,4824
,SC,4825
,SC,4826
,SC,4827
,SC,4828
,SC,4829
,SC,4830
,SC,4831
,SC,4832
,SC,4833
,SC,4834
,SC,4835
,SC,4836
,SC,4837
,SC,4838
,SC,4839
,SC,4840
,SC,4841
,SC,4842
,SC,4843
,SC,4844
,SC,4845
,SC,4846
,SC,4847
,SC,4848
,SC,4849
,SC,4850
,SC,4851
,SC,4852
,SC,4853
,SC,4854
,SC,4855
,SC,4856
,SC,4857
,SC,4858
,SC,4859
,SC,4860
,SC,4861
,SC,4862
,SC,4863
,SC,4864
,SC,4865
,SC,4866
,SC,4867
,SC,4868
,SC,4869
,SC,4870
,SC,4871
,SC,4872
,SC,4873
,SC,4874
,SC,4875
,SC,4876
,SC,4877
,SC,4878
,SC,4879
,SC,4880
,SC,4881
,SC,4882
,SC,4883
,SC,4884
,SC,4885
,SC,4886
,SC,4887
,SC,4888
,SC,4889
,SC,4890
,SC,4891
,SC,4892
,SC,4893
,SC,4894
,SC,4895
,SC,4896
,SC,4897
,SC,4898
,SC,4899
,SC,4900
,SC,4901
,SC,4902
,SC,4903
,SC,4904
,SC,4905
,SC,4906
,SC,4907
,SC,4908
,SC,4909
,SC,4910
,SC,4911
,SC,4912
,SC,4913
,SC,4914
,SC,4915
,SC,4916
,SC,4917
,SC,4918
,SC,4919
,SC,4920
,SC,4921
,SC,4922
,SC,4923
,SC,4924
,SC,4925
,SC,4926
,SC,4927
,SC,4928
,SC,4929
,SC,4930
,SC,4931
,SC,4932
,SC,4933
,SC,4934
,SC,4935
,SC,4936
,SC,4937
,SC,4938
,SC,4939
,SC,4940
,SC,4941
,SC,4942
,SC,4943
,SC,4944
,SC,4945
,SC,4946
,SC,4947
,SC,4948
,SC,4949
,SC,4950
,SC,4951
,SC,4952
,SC,4953
,SC,4954
,SC,4955
,SC,4956
,SC,4957
,SC,4958
,SC,4959
,SC,4960
,SC,4961
,SC,4962
,SC,4963
,SC,4964
,SC,4965
,SC,4966
,SC,4967
,SC,4968
,SC,4969
,SC,4970
,SC,4971
,SC,4972
,SC,4973
,SC,4974
,SC,4975
,SC,4976
,SC,4977
,SC,4978
,SC,4979
,SC,4980
,SC,4981
,SC,4982
,SC,4983
,SC,4984
,SC,4985
,SC,4986
,SC,4987
,SC,4988
,SC,4989
,SC,4990
,SC,4991
,SC,4992
,SC,4993
,SC,4994
,SC,4995
,SC,4996
,SC,4997
,SC,4998
,SC,4999
,SC,5000
,SC,5001
,SC,5002
,SC,5003
,SC,5004
,SC,5005
,SC,5006
,SC,5007
,SC,5008
,SC,5009
,SC,5010
,SC,5011
,SC,5012
,SC,5013
,SC,5014
,SC,5015
,SC,5016
,SC,5017
,SC,5018
,SC,5019
,SC,5020
,SC,5021
,SC,5021
,SC,5023
,SC,5024
,SC,5025
,SC,5026
,SC,5027
,SC,5028
,SC,5029
,SC,5030
,SC,5031
,SC,5032
,SC,5033
,SC,5034
,SC,5035
,SC,5036
,SC,5037
,SC,5038
,SC,5039
,SC,5040
,SC,5041
,SC,5042
,SC,5043
,SC,5044
,SC,5045
,SC,5046
,SC,5047
,SC,5048
,SC,5049
,SC,5050
,SC,5051
,SC,5052
,SC,5053
,SC,5054
,SC,5055
,SC,5056
,SC,5057
,SC,5058
,SC,5059
,SC,5060
,SC,5061
,SC,5062
,SC,5063
,SC,5064
,SC,5065
,SC,5066
,SC,5067
,SC,5068
,SC,5069
,SC,5070
,SC,5071
,SC,5072
,SC,5073
,SC,5074
,SC,5075
,SC,5076
,SC,5077
,SC,5078
,SC,5079
,SC,5080
,SC,5081
,SC,5082
,SC,5083
,SC,5084
,SC,5085
,SC,5086
,SC,5087
,SC,5088
,SC,5089
,SC,5090
,SC,5091
,SC,5092
,SC,5093
,SC,5094
,SC,5095
,SC,5096
,SC,5097
,SC,5098
,SC,5099
,SC,5100
,SC,5101
,SC,5102
,SC,5103
,SC,5103
,SC,5105
,SC,5106
,SC,5107
,SC,5108
,SC,5109
,SC,5110
,SC,5111
,SC,5112
,SC,5113
,SC,5114
,SC,5115
,SC,5116
,SC,5117
,SC,5118
,SC,5119
,SC,5120
,SC,5121
,SC,5121
,SC,5121
,SC,5124
,SC,5125
,SC,5126
,SC,5127
,SC,5128
,SC,5129
,SC,5130
,SC,5131
,SC,5132
,SC,5133
,SC,5134
,SC,5135
,SC,5136
,SC,5137
,SC,5138
,SC,5139
,SC,5140
,SC,5141
,SC,5142
,SC,5143
,SC,5144
,SC,5145
,SC,5146
,SC,5147
,SC,5148
,SC,5149
,SC,5150
,SC,5151
,SC,5152
,SC,5153
,SC,5154
,SC,5155
,SC,5156
,SC,5157
,SC,5158
,SC,5159
,SC,5160
,SC,5161
,SC,5162
,SC,5163
,SC,5164
,SC,5165
,SC,5166
,SC,5167
,SC,5168
,SC,5168
,SC,5170
,SC,5171
,SC,5172
,SC,5173
,SC,5174
,SC,5175
,SC,5176
,SC,5177
,SC,5178
,SC,5179
,SC,5180
,SC,5181
,SC,5182
,SC,5183
,SC,5184
,SC,5185
,SC,5186
,SC,5187
,SC,5188
,SC,5189
,SC,5190
,SC,5191
,SC,5192
,SC,5193
,SC,5194
,SC,5195
,SC,5196
,SC,5197
,SC,5198
,SC,5199
,SC,5200
,SC,5201
,SC,5202
,SC,5203
,SC,5204
,SC,5205
,SC,5206
,SC,5207
,SC,5208
,SC,5209
,SC,5210
,SC,5211
,SC,5212
,SC,5213
,SC,5214
,SC,5215
,SC,5216
,SC,5217
,SC,5218
,SC,5219
,SC,5220
,SC,5221
,SC,5222
,SC,5223
,SC,5224
,SC,5225
,SC,5226
,SC,5227
,SC,5228
,SC,5229
,SC,5230
,SC,5231
,SC,5231
,SC,5233
,SC,5234
,SC,5235
,SC,5236
,SC,5237
,SC,5238
,SC,5239
,SC,5240
,SC,5241
,SC,5242
,SC,5243
,SC,5244
,SC,5245
,SC,5246
,SC,5247
,SC,5248
,SC,5249
,SC,5250
,SC,5251
,SC,5252
,SC,5253
,SC,5254
,SC,5255
,SC,5256
,SC,5257
,SC,5258
,SC,5259
,SC,5260
,SC,5261
,SC,5262
,SC,5263
,SC,5264
,SC,5265
,SC,5266
,SC,5267
,SC,5268
,SC,5269
,SC,5270
,SC,5271
,SC,5272
,SC,5273
,SC,5274
,SC,5275
,SC,5276
,SC,5277
,SC,5278
,SC,5279
,SC,5280
,SC,5281
,SC,5282
,SC,5283
,SC,5284
,SC,5285
,SC,5286
,SC,5287
,SC,5288
,SC,5289
,SC,5290
,SC,5291
,SC,5292
,SC,5293
,SC,5294
,SC,5295
,SC,5296
,SC,5297
,SC,5298
,SC,5299
,SC,5300
,SC,5301
,SC,5302
,SC,5303
,SC,5304
,SC,5305
,SC,5306
,SC,5307
,SC,5308
,SC,5309
,SC,5310
,SC,5311
,SC,5312
,SC,5313
,SC,5314
,SC,5315
,SC,5316
,SC,5317
,SC,5318
,SC,5319
,SC,5320
,SC,5321
,SC,5322
,SC,5323
,SC,5324
,SC,5325
,SC,5326
,SC,5327
,SC,5328
,SC,5329
,SC,5330
,SC,5331
,SC,5332
,SC,5333
,SC,5334
,SC,5335
,SC,5336
,SC,5337
,SC,5338
,SC,5339
,SC,5340
,SC,5341
,SC,5342
,SC,5343
,SC,5344
,SC,5345
,SC,5346
,SC,5347
,SC,5348
,SC,5349
,SC,5350
,SC,5351
,SC,5352
,SC,5353
,SC,5354
,SC,5355
,SC,5356
,SC,5357
,SC,5358
,SC,5359
,SC,5360
,SC,5361
,SC,5362
,SC,5363
,SC,5364
,SC,5365
,SC,5366
,SC,5367
,SC,5368
,SC,5369
,SC,5370
,SC,5371
,SC,5372
,SC,5373
,SC,5374
,SC,5375
,SC,5376
,SC,5377
,SC,5378
,SC,5379
,SC,5380
,SC,5381
,SC,5382
,SC,5383
,SC,5384
,SC,5385
,SC,5386
,SC,5387
,SC,5388
,SC,5389
,SC,5390
,SC,5391
,SC,5392
,SC,5393
,SC,5394
,SC,5395
,SC,5396
,SC,5397
,SC,5398
,SC,5399
,SC,5400
,SC,5401
,SC,5402
,SC,5403
,SC,5404
,SC,5405
,SC,5406
,SC,5407
,SC,5408
,SC,5409
,SC,5410
,SC,5411
,SC,5412
,SC,5413
,SC,5414
,SC,5415
,SC,5416
,SC,5417
,SC,5418
,SC,5419
,SC,5420
,SC,5421
,SC,5421
,SC,5423
,SC,5424
,SC,5425
,SC,5426
,SC,5427
,SC,5428
,SC,5429
,SC,5430
,SC,5431
,SC,5432
,SC,5433
,SC,5434
,SC,5435
,SC,5436
,SC,5437
,SC,5438
,SC,5439
,SC,5440
,SC,5441
,SC,5442
,SC,5443
,SC,5444
,SC,5445
,SC,5446
,SC,5447
,SC,5448
,SC,5449
,SC,5450
,SC,5451
,SC,5452
,SC,5453
,SC,5454
,SC,5455
,SC,5456
,SC,5457
,SC,5458
,SC,5459
,SC,5460
,SC,5461
,SC,5462
,SC,5463
,SC,5464
,SC,5465
,SC,5466
,SC,5467
,SC,5468
,SC,5469
,SC,5470
,SC,5471
,SC,5472
,SC,5473
,SC,5474
,SC,5475
,SC,5476
,SC,5477
,SC,5478
,SC,5479
,SC,5480
,SC,5481
,SC,5482
,SC,5483
,SC,5484
,SC,5485
,SC,5486
,SC,5487
,SC,5488
,SC,5489
,SC,5490
,SC,5491
,SC,5492
,SC,5493
,SC,5493
,SC,5495
,SC,5496
,SC,5497
,SC,5498
,SC,5499
,SC,5500
,SC,5501
,SC,5502
,SC,5503
,SC,5504
,SC,5505
,SC,5506
,SC,5507
,SC,5508
,SC,5509
,SC,5510
,SC,5511
,SC,5512
,SC,5513
,SC,5514
,SC,5515
,SC,5516
,SC,5517
,SC,5518
,SC,5519
,SC,5520
,SC,5521
,SC,5522
,SC,5523
,SC,5524
,SC,5525
,SC,5526
,SC,5527
,SC,5528
,SC,5529
,SC,5530
,SC,5531
,SC,5532
,SC,5533
,SC,5534
,SC,5535
,SC,5536
,SC,5537
,SC,5538
,SC,5539
,SC,5540
,SC,5541
,SC,5542
,SC,5543
,SC,5544
,SC,5545
,SC,5546
,SC,5547
,SC,5548
,SC,5549
,SC,5550
,SC,5551
,SC,5552
,SC,5553
,SC,5554
,SC,5555
,SC,5556
,SC,5557
,SC,5558
,SC,5559
,SC,5560
,SC,5561
,SC,5562
,SC,5563
,SC,5564
,SC,5565
,SC,5566
,SC,5567
,SC,5568
,SC,5569
,SC,5569
,SC,5571
,SC,5572
,SC,5573
,SC,5574
,SC,5575
,SC,5576
,SC,5577
,SC,5578
,SC,5579
,SC,5580
,SC,5581
,SC,5582
,SC,5583
,SC,5584
,SC,5585
,SC,5586
,SC,5587
,SC,5588
,SC,5589
,SC,5590
,SC,5591
,SC,5592
,SC,5593
,SC,5594
,SC,5595
,SC,5596
,SC,5597
,SC,5598
,SC,5599
,SC,5600
,SC,5601
,SC,5602
,SC,5603
,SC,5604
,SC,5605
,SC,5606
,SC,5607
,SC,5608
,SC,5609
,SC,5610
,SC,5611
,SC,5612
,SC,5613
,SC,5614
,SC,5615
,SC,5616
,SC,5617
,SC,5618
,SC,5619
,SC,5620
,SC,5621
,SC,5622
,SC,5623
,SC,5624
,SC,5625
,SC,5626
,SC,5627
,SC,5628
,SC,5629
,SC,5630
,SC,5631
,SC,5632
,SC,5633
,SC,5634
,SC,5635
,SC,5636
,SC,5637
,SC,5638
,SC,5639
,SC,5640
,SC,5641
,SC,5642
,SC,5643
,SC,5644
,SC,5645
,SC,5646
,SC,5647
,SC,5648
,SC,5649
,SC,5650
,SC,5651
,SC,5652
,SC,5653
,SC,5654
,SC,5655
,SC,5656
,SC,5657
,SC,5658
,SC,5659
,SC,5660
,SC,5661
,SC,5662
,SC,5663
,SC,5664
,SC,5665
,SC,5666
,SC,5667
,SC,5668
,SC,5669
,SC,5670
,SC,5671
,SC,5672
,SC,5673
,SC,5674
,SC,5675
,SC,5676
,SC,5677
,SC,5678
,SC,5679
,SC,5680
,SC,5681
,SC,5682
,ST,81
,ST,206
,ST,207
,ST,208
,ST,209
,ST,210
,ST,211
,ST,212
,ST,213
,ST,214
,ST,215
,ST,216
,ST,217
,ST,218
,ST,219
,ST,220
,ST,221
,ST,222
,ST,223
,ST,224
,ST,225
,ST,226
,ST,227
,ST,228
,ST,229
,ST,230
,ST,231
,ST,232
,ST,233
,ST,234
,ST,235
,ST,236
,ST,237
,ST,238
,ST,239
,ST,240
,ST,241
,ST,242
,ST,243
,ST,244
,ST,245
,ST,246
,ST,247
,ST,248
,ST,249
,ST,250
,ST,251
,ST,252
,ST,253
,ST,254
,ST,255
,ST,256
,ST,257
,ST,258
,ST,259
,ST,260
,ST,261
,ST,262
,ST,263
,ST,264
,ST,265
,ST,266
,ST,267
,ST,268
,ST,269
,ST,270
,ST,271
,ST,272
,ST,273
,ST,274
,ST,275
,ST,276
,ST,277
,ST,278
,ST,279
,ST,280
,ST,281
,ST,282
,ST,283
,ST,284
,ST,285
,ST,286
,ST,287
,ST,288
,ST,289
,ST,290
,ST,291
,ST,292
,ST,293
,ST,294
,ST,295
,ST,296
,ST,297
,ST,298
,ST,299
,ST,300
,ST,301
,ST,302
,ST,303
,ST,304
,ST,305
,ST,306
,ST,307
,ST,308
,ST,309
,ST,310
,ST,311
,ST,312
,ST,313
,ST,314
,ST,315
,ST,316
,ST,317
,ST,318
,ST,319
,ST,320
,ST,321
,ST,322
,ST,323
,ST,324
,ST,325
,ST,326
,ST,327
,ST,328
,ST,329
,ST,330
,ST,331
,ST,332
,ST,333
,ST,334
,ST,335
,ST,336
,ST,337
,ST,338
,ST,339
,ST,340
,ST,341
,ST,342
,ST,343
,ST,344
,ST,345
,ST,346
,ST,347
,ST,348
,ST,349
,ST,350
,ST,351
,ST,352
,ST,353
,ST,354
,ST,355
,ST,356
,ST,357
,ST,358
,ST,359
,ST,360
,ST,361
,ST,362
,ST,363
,ST,364
,ST,365
,ST,366
,ST,367
,ST,368
,ST,369
,ST,370
,ST,371
,ST,372
,ST,373
,ST,374
,ST,375
,ST,376
,ST,377
,ST,378
,ST,379
,ST,380
,ST,381
,ST,382
,ST,383
,ST,384
,ST,385
,ST,386
,ST,387
,ST,388
,ST,389
,ST,390
,ST,391
,ST,392
,ST,393
,ST,394
,ST,395
,ST,396
,ST,397
,ST,398
,ST,399
,ST,400
,ST,401
,ST,402
,ST,403
,ST,404
,ST,405
,ST,406
,ST,407
,ST,408
,ST,409
,ST,410
,ST,411
,ST,412
,ST,413
,ST,414
,ST,415
,ST,416
,ST,417
,ST,418
,ST,419
,ST,420
,ST,421
,ST,422
,ST,423
,ST,424
,ST,425
,ST,426
,ST,427
,ST,428
,ST,429
,ST,430
,ST,431
,ST,432
,ST,433
,ST,434
,ST,435
,ST,436
,ST,437
,ST,438
,ST,439
,ST,440
,ST,441
,ST,442
,ST,443
,ST,444
,ST,445
,ST,446
,ST,447
,ST,448
,ST,449
,ST,450
,ST,451
,ST,452
,ST,453
,ST,454
,ST,455
,ST,456
,ST,457
,ST,458
,ST,459
,ST,460
,ST,461
,ST,462
,ST,463
,ST,464
,ST,465
,ST,466
,ST,467
,ST,468
,ST,469
,ST,470
,ST,471
,ST,472
,ST,473
,ST,474
,ST,475
,ST,476
,ST,477
,ST,478
,ST,479
,ST,480
,ST,481
,ST,482
,ST,483
,ST,484
,ST,485
,ST,486
,ST,487
,ST,488
,ST,489
,ST,490
,ST,491
,ST,492
,ST,493
,ST,494
,ST,495
,ST,496
,ST,497
,ST,498
,ST,499
,ST,500
,ST,501
,ST,502
,ST,503
,ST,504
,ST,505
,ST,506
,ST,507
,ST,508
,ST,509
,ST,510
,ST,511
,ST,512
,ST,513
,ST,514
,ST,515
,ST,516
,ST,517
,ST,518
,ST,519
,ST,520
,ST,521
,ST,522
,ST,523
,ST,524
,ST,525
,ST,526
,ST,527
,ST,528
,ST,529
,ST,530
,ST,531
,ST,532
,ST,533
,ST,534
,ST,535
,ST,536
,ST,537
,ST,538
,ST,539
,ST,540
,ST,541
,ST,542
,ST,543
,ST,544
,ST,545
,ST,546
,ST,547
,ST,548
,ST,549
,ST,550
,ST,551
,ST,552
,ST,553
,ST,554
,ST,555
,ST,556
,ST,557
,ST,558
,ST,559
,ST,560
,ST,561
,ST,562
,ST,563
,ST,564
,ST,565
,ST,566
,ST,567
,ST,568
,ST,569
,ST,570
,ST,571
,ST,572
,ST,573
,ST,574
,ST,575
,ST,576
,ST,577
,ST,578
,ST,579
,ST,580
,ST,581
,ST,582
,ST,583
,ST,584
,ST,585
,ST,586
,ST,587
,ST,588
,ST,589
,ST,590
,ST,591
,ST,592
,ST,593
,ST,594
,ST,595
,ST,596
,ST,597
,ST,598
,ST,599
,ST,600
,ST,601
,ST,602
,ST,603
,ST,604
,ST,605
,ST,606
,ST,607
,ST,608
,ST,609
,ST,609
,ST,611
,ST,612
,ST,613
,ST,614
,ST,615
,ST,616
,ST,617
,ST,618
,ST,619
,ST,620
,ST,621
,ST,622
,ST,623
,ST,624
,ST,625
,ST,626
,ST,627
,ST,628
,ST,629
,ST,630
,ST,631
,ST,632
,ST,633
,ST,634
,ST,635
,ST,636
,ST,637
,ST,638
,ST,639
,ST,640
,ST,641
,ST,642
,ST,643
,ST,644
,ST,645
,ST,646
,ST,647
,ST,648
,ST,649
,ST,650
,ST,651
,ST,652
,ST,653
,ST,654
,ST,655
,ST,656
,ST,657
,ST,658
,ST,659
,ST,660
,ST,661
,ST,662
,ST,663
,ST,664
,ST,665
,ST,666
,ST,667
,ST,668
,ST,669
,ST,670
,ST,671
,ST,672
,ST,673
,ST,674
,ST,675
,ST,676
,ST,677
,ST,678
,ST,679
,ST,680
,ST,681
,ST,682
,ST,683
,ST,684
,ST,685
,ST,686
,ST,687
,ST,688
,ST,689
,ST,690
,ST,691
,ST,692
,ST,693
,ST,694
,ST,695
,ST,696
,ST,697
,ST,698
,ST,699
,ST,700
,ST,701
,ST,702
,ST,703
,ST,704
,ST,705
,ST,706
,ST,707
,ST,708
,ST,709
,ST,710
,ST,711
,ST,712
,ST,713
,ST,714
,ST,715
,ST,716
,ST,717
,ST,718
,ST,719
,ST,720
,ST,721
,ST,722
,ST,723
,ST,724
,ST,725
,ST,726
,ST,727
,ST,728
,ST,729
,ST,730
,ST,731
,ST,732
,ST,733
,ST,734
,ST,735
,ST,736
,ST,737
,ST,738
,ST,739
,ST,740
,ST,741
,ST,742
,ST,743
,ST,744
,ST,745
,ST,746
,ST,747
,ST,748
,ST,749
,ST,750
,ST,751
,ST,752
,ST,753
,ST,754
,ST,755
,ST,756
,ST,757
,ST,758
,ST,759
,ST,760
,ST,761
,ST,762
,ST,763
,ST,764
,ST,765
,ST,766
,ST,767
,ST,768
,ST,769
,ST,770
,ST,771
,ST,772
,ST,773
,ST,774
,ST,775
,ST,776
,ST,777
,ST,778
,ST,779
,ST,780
,ST,781
,ST,782
,ST,783
,ST,784
,ST,785
,ST,786
,ST,787
,ST,788
,ST,789
,ST,790
,ST,791
,ST,792
,ST,793
,ST,794
,ST,795
,ST,796
,ST,797
,ST,798
,ST,799
,ST,800
,ST,801
,ST,802
,ST,803
,ST,804
,ST,805
,ST,806
,ST,807
,ST,808
,ST,809
,ST,810
,ST,811
,ST,812
,ST,813
,ST,814
,ST,815
,ST,816
,ST,817
,ST,818
,ST,819
,ST,820
,ST,821
,ST,822
,ST,823
,ST,824
,ST,825
,ST,826
,ST,827
,ST,828
,ST,829
,ST,830
,ST,831
,ST,832
,ST,833
,ST,834
,ST,835
,ST,836
,ST,837
,ST,838
,ST,839
,ST,840
,ST,841
,ST,842
,ST,843
,ST,844
,ST,845
,ST,846
,ST,847
,ST,848
,ST,849
,ST,850
,ST,851
,ST,852
,ST,853
,ST,854
,ST,855
,ST,856
,ST,857
,ST,858
,ST,859
,ST,860
,ST,861
,ST,862
,ST,863
,ST,864
,ST,865
,ST,866
,ST,867
,ST,868
,ST,869
,ST,870
,ST,871
,ST,872
,ST,873
,ST,874
,ST,875
,ST,876
,ST,877
,ST,878
,ST,879
,ST,880
,ST,881
,ST,882
,ST,883
,ST,884
,ST,885
,ST,886
,ST,887
,ST,888
,ST,889
,ST,890
,ST,891
,ST,892
,ST,893
,ST,894
,ST,895
,ST,896
,ST,897
,ST,898
,ST,899
,ST,900
,ST,901
,ST,902
,ST,903
,ST,904
,ST,905
,ST,906
,ST,907
,ST,908
,ST,909
,ST,910
,ST,911
,ST,912
,ST,913
,ST,914
,ST,915
,ST,916
,ST,917
,ST,918
,ST,919
,ST,920
,ST,921
,ST,922
,ST,923
,ST,924
,ST,925
,ST,926
,ST,927
,ST,928
,ST,929
,ST,930
,ST,931
,ST,932
,ST,933
,ST,934
,ST,935
,ST,936
,ST,936
,ST,938
,ST,939
,ST,940
,ST,941
,ST,942
,ST,943
,ST,944
,ST,945
,ST,946
,ST,947
,ST,948
,ST,949
,ST,950
,ST,951
,ST,952
,ST,953
,ST,954
,ST,955
,ST,956
,ST,957
,ST,958
,ST,959
,ST,960
,ST,961
,ST,962
,ST,963
,ST,964
,ST,965
,ST,966
,ST,967
,ST,968
,ST,969
,ST,970
,ST,971
,ST,972
,ST,973
,ST,974
,ST,975
,ST,976
,ST,977
,ST,978
,ST,979
,ST,980
,ST,981
,ST,982
,ST,983
,ST,984
,ST,985
,ST,986
,ST,987
,ST,988
,ST,989
,ST,990
,ST,991
,ST,992
,ST,993
,ST,994
,ST,995
,ST,996
,ST,997
,ST,998
,ST,999
,ST,1000
,ST,1001
,ST,1002
,ST,1003
,ST,1004
,ST,1005
,ST,1006
,ST,1007
,ST,1008
,ST,1009
,ST,1010
,ST,1011
,ST,1012
,ST,1013
,ST,1014
,ST,1015
,ST,1016
,ST,1017
,ST,1018
,ST,1019
,ST,1020
,ST,1021
,ST,1022
,ST,1023
,ST,1024
,ST,1025
,ST,1026
,ST,1027
,ST,1028
,ST,1029
,ST,1030
,ST,1031
,ST,1032
,ST,1033
,ST,1034
,ST,1035
,ST,1036
,ST,1037
,ST,1038
,ST,1039
,ST,1040
,ST,1041
,ST,1042
,ST,1043
,ST,1044
,ST,1045
,ST,1046
,ST,1047
,ST,1048
,ST,1049
,ST,1050
,ST,1051
,ST,1052
,ST,1053
,ST,1054
,ST,1055
,ST,1056
,ST,1057
,ST,1058
,ST,1059
,ST,1060
,ST,1061
,ST,1062
,ST,1063
,ST,1064
,ST,1065
,ST,1066
,ST,1067
,ST,1068
,ST,1069
,ST,1070
,ST,1071
,ST,1072
,ST,1073
,ST,1074
,ST,1075
,ST,1076
,ST,1077
,ST,1078
,ST,1079
,ST,1080
,ST,1081
,ST,1082
,ST,1083
,ST,1084
,ST,1085
,ST,1086
,ST,1087
,ST,1088
,ST,1089
,ST,1090
,ST,1091
,ST,1092
,ST,1093
,ST,1094
,ST,1095
,ST,1096
,ST,1097
,ST,1098
,ST,1099
,ST,1100
,ST,1101
,ST,1102
,ST,1103
,ST,1104
,ST,1105
,ST,1106
,ST,1107
,ST,1108
,ST,1109
,ST,1110
,ST,1111
,ST,1112
,ST,1113
,ST,1114
,ST,1115
,ST,1116
,ST,1117
,ST,1118
,ST,1119
,ST,1120
,ST,1121
,ST,1122
,ST,1123
,ST,1124
,ST,1125
,ST,1126
,ST,1127
,ST,1128
,ST,1129
,ST,1130
,ST,1131
,ST,1132
,ST,1133
,ST,1134
,ST,1135
,ST,1136
,ST,1137
,ST,1138
,ST,1139
,ST,1140
,ST,1141
,ST,1142
,ST,1143
,ST,1144
,ST,1145
,ST,1146
,ST,1147
,ST,1148
,ST,1149
,ST,1150
,ST,1151
,ST,1152
,ST,1153
,ST,1154
,ST,1155
,ST,1156
,ST,1157
,ST,1158
,ST,1159
,ST,1160
,ST,1161
,ST,1162
,ST,1163
,ST,1164
,ST,1165
,ST,1166
,ST,1167
,ST,1168
,ST,1169
,ST,1170
,ST,1171
,ST,1172
,ST,1173
,ST,1174
,ST,1175
,ST,1176
,ST,1177
,ST,1178
,ST,1179
,ST,1180
,ST,1181
,ST,1182
,ST,1183
,ST,1184
,ST,1185
,ST,1186
,ST,1187
,ST,1188
,ST,1189
,ST,1190
,ST,1191
,ST,1192
,ST,1193
,ST,1194
,ST,1195
,ST,1196
,ST,1197
,ST,1198
,ST,1199
,ST,1200
,ST,1201
,ST,1202
,ST,1203
,ST,1204
,ST,1205
,ST,1206
,ST,1207
,ST,1208
,ST,1209
,ST,1210
,ST,1211
,ST,1212
,ST,1213
,ST,1214
,ST,1215
,ST,1216
,ST,1217
,ST,1218
,ST,1219
,ST,1220
,ST,1221
,ST,1222
,ST,1223
,ST,1224
,ST,1225
,ST,1226
,ST,1227
,ST,1228
,ST,1229
,ST,1230
,ST,1231
,ST,1232
,ST,1233
,ST,1234
,ST,1235
,ST,1236
,ST,1237
,ST,1238
,ST,1239
,ST,1240
,ST,1241
,ST,1242
,ST,1243
,ST,1244
,ST,1245
,ST,1246
,ST,1247
,ST,1248
,ST,1249
,ST,1250
,ST,1251
,ST,1252
,ST,1253
,ST,1254
,ST,1255
,ST,1256
,ST,1257
,ST,1258
,ST,1259
,ST,1260
,ST,1261
,ST,1262
,ST,1263
,ST,1264
,ST,1265
,ST,1266
,ST,1267
,ST,1268
,ST,1269
,ST,1270
,ST,1271
,ST,1272
,ST,1273
,ST,1274
,ST,1275
,ST,1276
,ST,1277
,ST,1278
,ST,1279
,ST,1280
,ST,1281
,ST,1282
,ST,1283
,ST,1284
,ST,1285
,ST,1286
,ST,1287
,ST,1288
,ST,1289
,ST,1290
,ST,1291
,ST,1292
,ST,1293
,ST,1294
,ST,1295
,ST,1296
,ST,1297
,ST,1298
,ST,1299
,ST,1300
,ST,1301
,ST,1302
,ST,1303
,ST,1304
,ST,1305
,ST,1306
,ST,1307
,ST,1308
,ST,1309
,ST,1310
,ST,1311
,ST,1312
,ST,1313
,ST,1314
,ST,1315
,ST,1316
,ST,1317
,ST,1318
,ST,1319
,ST,1320
,ST,1321
,ST,1322
,ST,1323
,ST,1324
,ST,1325
,ST,1326
,ST,1327
,ST,1328
,ST,1329
,ST,1330
,ST,1331
,ST,1332
,ST,1333
,ST,1334
,ST,1335
,ST,1336
,ST,1337
,ST,1338
,ST,1339
,ST,1340
,ST,1341
,ST,1342
,ST,1343
,ST,1344
,ST,1345
,ST,1346
,ST,1347
,ST,1348
,ST,1349
,ST,1350
,ST,1351
,ST,1352
,ST,1353
,ST,1354
,ST,1355
,ST,1356
,ST,1357
,ST,1358
,ST,1359
,ST,1360
,ST,1361
,ST,1362
,ST,1363
,ST,1364
,ST,1365
,ST,1366
,ST,1367
,ST,1368
,ST,1369
,ST,1370
,ST,1371
,ST,1372
,ST,1373
,ST,1374
,ST,1375
,ST,1376
,ST,1377
,ST,1378
,ST,1379
,ST,1380
,ST,1381
,ST,1382
,ST,1383
,ST,1384
,ST,1385
,ST,1386
,ST,1387
,ST,1388
,ST,1389
,ST,1390
,ST,1391
,ST,1392
,ST,1393
,ST,1394
,ST,1395
,ST,1396
,ST,1397
,ST,1398
,ST,1399
,ST,1400
,ST,1401
,ST,1402
,ST,1403
,ST,1404
,ST,1405
,ST,1406
,ST,1407
,ST,1408
,ST,1409
,ST,1410
,ST,1411
,ST,1412
,ST,1413
,ST,1414
,ST,1415
,ST,1416
,ST,1417
,ST,1418
,ST,1419
,ST,1420
,ST,1421
,ST,1422
,ST,1423
,ST,1424
,ST,1425
,ST,1426
,ST,1427
,ST,1428
,ST,1429
,ST,1430
,ST,1431
,ST,1432
,ST,1433
,ST,1434
,ST,1435
,ST,1436
,ST,1437
,ST,1438
,ST,1439
,ST,1440
,ST,1441
,ST,1442
,ST,1443
,ST,1444
,ST,1445
,ST,1446
,ST,1447
,ST,1448
,ST,1449
,ST,1450
,ST,1451
,ST,1452
,ST,1453
,ST,1454
,ST,1455
,ST,1456
,ST,1457
,ST,1458
,ST,1459
,ST,1460
,ST,1461
,ST,1462
,ST,1463
,ST,1464
,ST,1465
,ST,1466
,ST,1467
,ST,1468
,ST,1469
,ST,1470
,ST,1471
,ST,1472
,ST,1473
,ST,1474
,ST,1475
,ST,1476
,ST,1477
,ST,1478
,ST,1479
,ST,1480
,ST,1481
,ST,1482
,ST,1483
,ST,1484
,ST,1485
,ST,1486
,ST,1487
,ST,1488
,ST,1489
,ST,1490
,ST,1491
,ST,1492
,ST,1493
,ST,1494
,ST,1495
,ST,1496
,ST,1497
,ST,1498
,ST,1499
,ST,1500
,ST,1501
,ST,1502
,ST,1503
,ST,1504
,ST,1505
,ST,1506
,ST,1507
,ST,1508
,ST,1509
,ST,1510
,ST,1511
,ST,1512
,ST,1513
,ST,1514
,ST,1515
,ST,1516
,ST,1517
,ST,1518
,ST,1519
,ST,1520
,ST,1521
,ST,1522
,ST,1523
,ST,1524
,ST,1525
,ST,1526
,ST,1527
,ST,1528
,ST,1529
,ST,1530
,ST,1531
,ST,1532
,ST,1533
,ST,1534
,ST,1535
,ST,1536
,ST,1537
,ST,1538
,ST,1539
,ST,1540
,ST,1541
,ST,1542
,ST,1543
,ST,1544
,ST,1545
,ST,1546
,ST,1547
,ST,1548
,ST,1549
,ST,1550
,ST,1551
,ST,1552
,ST,1553
,ST,1554
,ST,1555
,ST,1556
,ST,1557
,ST,1558
,ST,1559
,ST,1560
,ST,1561
,ST,1562
,ST,1563
,ST,1564
,ST,1565
,ST,1566
,ST,1567
,ST,1568
,ST,1569
,ST,1570
,ST,1571
,ST,1572
,ST,1573
,ST,1574
,ST,1575
,ST,1576
,ST,1577
,ST,1578
,ST,1579
,ST,1580
,ST,1581
,ST,1582
,ST,1583
,ST,1584
,ST,1585
,ST,1586
,ST,1587
,ST,1588
,ST,1589
,ST,1590
,ST,1591
,ST,1592
,ST,1593
,ST,1594
,ST,1595
,ST,1596
,ST,1597
,ST,1598
,ST,1599
,ST,1600
,ST,1601
,ST,1602
,ST,1603
,ST,1604
,ST,1605
,ST,1606
,ST,1607
,ST,1608
,ST,1609
,ST,1610
,ST,1611
,ST,1612
,ST,1613
,ST,1614
,ST,1615
,ST,1616
,ST,1617
,ST,1618
,ST,1619
,ST,1620
,ST,1621
,ST,1622
,ST,1623
,ST,1624
,ST,1625
,ST,1626
,ST,1627
,ST,1628
,ST,1629
,ST,1630
,ST,1631
,ST,1632
,ST,1633
,ST,1634
,ST,1635
,ST,1636
,ST,1637
,ST,1638
,ST,1639
,ST,1640
,ST,1641
,ST,1642
,ST,1643
,ST,1644
,ST,1645
,ST,1646
,ST,1647
,ST,1648
,ST,1649
,ST,1650
,ST,1651
,ST,1652
,ST,1653
,ST,1654
,ST,1655
,ST,1656
,ST,1657
,ST,1658
,ST,1659
,ST,1660
,ST,1661
,ST,1662
,ST,1663
,ST,1664
,ST,1665
,ST,1666
,ST,1667
,ST,1668
,ST,1669
,ST,1670
,ST,1671
,ST,1672
,ST,1673
,ST,1674
,ST,1675
,ST,1676
,ST,1677
,ST,1678
,ST,1679
,ST,1680
,ST,1681
,ST,1682
,ST,1683
,ST,1684
,ST,1685
,ST,1686
,ST,1687
,ST,1688
,ST,1689
,ST,1690
,ST,1691
,ST,1692
,ST,1693
,ST,1694
,ST,1695
,ST,1696
,ST,1697
,ST,1698
,ST,1699
,ST,1700
,ST,1701
,ST,1702
,ST,1703
,ST,1704
,ST,1705
,ST,1706
,ST,1707
,ST,1708
,ST,1709
,ST,1710
,ST,1711
,ST,1712
,ST,1713
,ST,1714
,ST,1715
,ST,1716
,ST,1717
,ST,1718
,ST,1719
,ST,1720
,ST,1721
,ST,1722
,ST,1723
,ST,1724
,ST,1725
,ST,1726
,ST,1727
,ST,1728
,ST,1729
,ST,1730
,ST,1731
,ST,1732
,ST,1733
,ST,1734
,ST,1735
,ST,1736
,ST,1737
,ST,1738
,ST,1739
,ST,1740
,ST,1741
,ST,1742
,ST,1743
,ST,1744
,ST,1745
,ST,1746
,ST,1747
,ST,1748
,ST,1749
,ST,1750
,ST,1751
,ST,1752
,ST,1753
,ST,1754
,ST,1755
,ST,1756
,ST,1757
,ST,1758
,ST,1759
,ST,1760
,ST,1761
,ST,1762
,ST,1763
,ST,1764
,ST,1765
,ST,1766
,ST,1767
,ST,1768
,ST,1768
,ST,1770
,ST,1771
,ST,1772
,ST,1773
,ST,1774
,ST,1775
,ST,1776
,ST,1777
,ST,1778
,ST,1779
,ST,1780
,ST,1781
,ST,1782
,ST,1783
,ST,1784
,ST,1785
,ST,1786
,ST,1787
,ST,1788
,ST,1789
,ST,1790
,ST,1791
,ST,1792
,ST,1793
,ST,1794
,ST,1795
,ST,1796
,ST,1797
,ST,1798
,ST,1799
,ST,1800
,ST,1801
,ST,1802
,ST,1803
