crl_rank,category,category_rank
1,GEN,
2,GEN,
3,GEN,
4,GEN,
5,GEN,
6,GEN,
7,GEN,
8,GEN,
9,GEN,
10,GEN-EWS,1
11,GEN,
12,OBC-NCL,1
13,GEN,
14,GEN,
15,GEN,
16,GEN,
17,GEN,
18,GEN,
19,GEN,
20,GEN,
21,GEN,
22,SC,1
23,GEN,
24,GEN,
25,GEN,
26,OBC-NCL,2
27,GEN,
28,GEN-EWS,2
29,GEN-EWS,3
30,GEN,
31,GEN,
32,GEN,
33,GEN,
34,GEN,
35,GEN-EWS,4
36,GEN,
37,GEN,
38,GEN,
39,GEN,
40,GEN,
41,GEN,
42,OBC-NCL,3
43,GEN,
44,GEN,
45,GEN,
46,OBC-NCL,4
47,OBC-NCL,5
48,GEN,
49,GEN,
50,GEN,
51,GEN,
52,GEN,
53,OBC-NCL,6
54,GEN,
55,OBC-NCL,7
56,OBC-NCL,8
57,GEN,
58,GEN,
59,GEN,
60,GEN,
61,GEN,
62,OBC-NCL,9
63,GEN,
64,GEN,
65,GEN-EWS,5
66,GEN,
67,GEN,
68,GEN,
69,GEN-EWS,6
70,GEN,
71,GEN,
72,OBC-NCL,10
73,GEN,
74,GEN,
75,GEN,
76,GEN,
77,GEN,
78,OBC-NCL,11
79,OBC-NCL,12
80,GEN,
81,GEN,
82,GEN,
83,GEN,
84,GEN,
85,GEN,
86,GEN,
87,OBC-NCL,13
88,GEN,
89,GEN,
90,OBC-NCL,14
91,GEN,
92,GEN,
93,GEN,
94,GEN,
95,GEN,
96,GEN,
97,GEN,
98,GEN,
99,OBC-NCL,15
100,OBC-NCL,16
101,GEN,
102,GEN,
103,GEN,
104,OBC-NCL,17
105,GEN,
106,GEN,
107,GEN,
108,OBC-NCL,18
109,GEN,
110,GEN,
111,OBC-NCL,19
112,GEN,
113,GEN,
114,GEN,
115,GEN,
116,GEN,
117,GEN,
118,GEN,
119,GEN,
120,GEN,
121,GEN,
122,OBC-NCL,20
123,GEN,
124,GEN,
125,GEN,
126,GEN,
127,GEN,
128,OBC-NCL,21
129,GEN,
130,GEN,
131,OBC-NCL,22
132,GEN,
133,GEN,
134,GEN,
135,GEN,
136,OBC-NCL,23
137,GEN,
138,GEN,
139,GEN,
140,OBC-NCL,24
141,OBC-NCL,25
142,GEN,
143,GEN,
144,GEN,
145,GEN,
146,GEN,
147,GEN,
148,GEN,
149,GEN,
150,GEN,
151,OBC-NCL,26
152,GEN,
153,GEN-EWS,7
154,GEN-EWS,8
155,GEN,
156,GEN,
157,GEN,
158,GEN,
159,GEN,
160,GEN,
161,GEN,
162,GEN,
163,GEN,
164,GEN,
165,GEN-EWS,9
166,GEN,
167,OBC-NCL,27
168,GEN-EWS,10
169,GEN,
170,GEN,
171,SC,2
172,GEN,
173,GEN-EWS,11
174,GEN,
175,GEN,
176,OBC-NCL,28
177,GEN,
178,GEN,
179,GEN,
180,GEN,
181,GEN,
182,GEN,
183,GEN,
184,GEN,
185,GEN,
186,GEN-EWS,12
187,GEN,
188,GEN-EWS,13
189,OBC-NCL,29
190,GEN,
191,GEN,
192,GEN,
193,GEN,
194,GEN,
195,GEN,
196,GEN,
197,GEN,
198,GEN,
199,GEN,
200,GEN,
201,GEN,
202,GEN,
203,GEN,
204,GEN,
205,GEN,
206,GEN,
207,GEN,
208,GEN,
209,OBC-NCL,30
210,OBC-NCL,31
211,OBC-NCL,32
212,GEN,
213,GEN,
214,OBC-NCL,33
215,GEN,
216,GEN,
217,GEN,
218,SC,3
219,GEN,
220,GEN,
221,OBC-NCL,34
222,GEN,
223,GEN,
224,GEN,
225,GEN-EWS,14
226,GEN,
227,GEN-EWS,15
228,GEN,
229,GEN-EWS,16
230,GEN,
231,GEN,
232,GEN,
233,GEN,
234,GEN-EWS,17
235,GEN,
236,GEN,
237,GEN,
238,GEN,
239,GEN,
240,ST,1
241,OBC-NCL,35
242,GEN,
243,GEN,
244,OBC-NCL,36
245,GEN,
246,GEN,
247,GEN,
248,OBC-NCL,37
249,GEN,
250,OBC-NCL,38
251,GEN,
252,GEN,
253,GEN,
254,GEN,
255,OBC-NCL,39
256,GEN-EWS,18
257,GEN-EWS,19
258,GEN,
259,GEN,
260,GEN,
261,GEN,
262,GEN,
263,GEN,
264,GEN-EWS,20
265,GEN-EWS,21
266,OBC-NCL,40
267,GEN,
268,OBC-NCL,41
269,GEN,
270,GEN,
271,GEN,
272,GEN-EWS,22
273,GEN-EWS,23
274,OBC-NCL,42
275,GEN,
276,GEN,
277,GEN,
278,GEN,
279,GEN,
280,GEN,
281,GEN,
282,GEN-EWS,24
283,SC,4
284,GEN,
285,OBC-NCL,43
286,OBC-NCL,44
287,GEN,
288,GEN,
289,SC,5
290,GEN,
291,GEN,
292,GEN,
293,GEN,
294,SC,6
295,OBC-NCL,45
296,GEN-EWS,25
297,GEN-EWS,26
298,GEN,
299,GEN,
300,GEN,
301,GEN,
302,OBC-NCL,46
303,GEN,
304,GEN,
305,GEN,
306,GEN,
307,OBC-NCL,47
308,GEN,
309,ST,2
310,GEN,
311,GEN,
312,GEN,
313,GEN,
314,OBC-NCL,48
315,GEN,
316,OBC-NCL,49
317,GEN,
318,GEN-EWS,27
319,GEN,
320,GEN,
321,GEN,
322,GEN,
323,GEN,
324,GEN,
325,GEN,
326,GEN,
327,GEN,
328,GEN-EWS,28
329,GEN,
330,GEN,
331,GEN,
332,GEN,
333,OBC-NCL,50
334,GEN,
335,GEN,
336,GEN-EWS,29
337,GEN,
338,GEN,
339,OBC-NCL,51
340,OBC-NCL,52
341,GEN,
342,GEN,
343,GEN,
344,GEN,
345,GEN,
346,OBC-NCL,53
347,GEN,
348,GEN,
349,OBC-NCL,54
350,GEN,
351,OBC-NCL,55
352,GEN,
353,OBC-NCL,56
354,GEN,
355,GEN,
356,OBC-NCL,57
357,GEN,
358,GEN,
359,GEN,
360,GEN,
361,GEN,
362,GEN,
363,GEN,
364,GEN,
365,GEN,
366,GEN,
367,GEN,
368,GEN,
369,GEN,
370,GEN,
371,GEN,
372,GEN,
373,GEN,
374,GEN,
375,GEN,
376,GEN,
377,GEN,
378,GEN,
379,OBC-NCL,58
380,GEN-EWS,30
381,GEN,
382,GEN-EWS,31
383,GEN,
384,GEN,
385,GEN,
386,GEN,
387,OBC-NCL,59
388,GEN,
389,GEN,
390,GEN-EWS,32
391,OBC-NCL,60
392,GEN,
393,GEN,
394,GEN,
395,GEN,
396,GEN,
397,GEN,
398,GEN-EWS,33
399,GEN,
400,OBC-NCL,61
401,GEN,
402,GEN,
403,GEN,
404,GEN,
405,GEN,
406,GEN,
407,GEN,
408,GEN,
409,GEN,
410,GEN,
411,GEN,
412,GEN,
413,GEN,
414,GEN,
415,OBC-NCL,62
416,GEN,
417,GEN,
418,GEN-EWS,34
419,GEN,
420,GEN-EWS,35
421,GEN-EWS,36
422,GEN,
423,OBC-NCL,63
424,GEN,
425,GEN,
426,OBC-NCL,64
427,GEN,
428,GEN-EWS,37
429,GEN,
430,GEN,
431,GEN,
432,GEN,
433,GEN,
434,GEN,
435,GEN,
436,GEN,
437,GEN,
438,OBC-NCL,65
439,GEN,
440,GEN,
441,GEN,
442,GEN,
443,GEN,
444,GEN,
445,GEN,
446,GEN-EWS,38
447,GEN,
448,OBC-NCL,66
449,GEN,
450,GEN,
451,GEN,
452,GEN,
453,GEN,
454,GEN,
455,GEN,
456,GEN-EWS,39
457,GEN,
458,GEN,
459,GEN,
460,GEN,
461,GEN,
462,GEN,
463,GEN,
464,GEN,
465,GEN,
466,GEN,
467,GEN-EWS,40
468,GEN,
469,GEN,
470,GEN,
471,GEN,
472,OBC-NCL,67
473,GEN,
474,OBC-NCL,68
475,GEN-EWS,41
476,GEN,
477,OBC-NCL,69
478,GEN-EWS,42
479,GEN,
480,GEN,
481,GEN,
482,GEN,
483,GEN-EWS,43
484,GEN,
485,GEN,
486,OBC-NCL,70
487,GEN,
488,GEN,
489,GEN,
490,OBC-NCL,71
491,GEN,
492,OBC-NCL,72
493,GEN,
494,OBC-NCL,73
495,GEN,
496,GEN,
497,OBC-NCL,74
498,GEN,
499,GEN,
500,GEN-EWS,44
501,GEN,
502,GEN-EWS,45
503,GEN,
504,GEN,
505,GEN-EWS,46
506,GEN-EWS,47
507,GEN,
508,GEN,
509,GEN,
510,OBC-NCL,75
511,GEN,
512,OBC-NCL,76
513,OBC-NCL,77
514,GEN,
515,GEN,
516,GEN,
517,GEN,
518,GEN,
519,GEN,
520,GEN,
521,OBC-NCL,78
522,OBC-NCL,79
523,GEN,
524,GEN,
525,GEN,
526,GEN,
527,GEN,
528,OBC-NCL,80
529,GEN,
530,GEN-EWS,48
531,GEN,
532,GEN,
533,GEN,
534,GEN,
535,GEN,
536,GEN,
537,GEN,
538,GEN,
539,GEN,
540,GEN,
541,GEN,
542,GEN,
543,GEN,
544,GEN,
545,GEN,
546,GEN,
547,GEN,
548,GEN,
549,GEN,
550,GEN,
551,OBC-NCL,81
552,GEN,
553,GEN,
554,GEN,
555,GEN,
556,GEN,
557,GEN,
558,OBC-NCL,82
559,GEN,
560,GEN,
561,GEN,
562,GEN,
563,GEN,
564,GEN,
565,GEN,
566,GEN,
567,GEN,
568,GEN,
569,ST,3
570,GEN,
571,GEN-EWS,49
572,GEN,
573,GEN,
574,OBC-NCL,83
575,GEN,
576,GEN,
577,GEN,
578,OBC-NCL,84
579,GEN,
580,OBC-NCL,85
581,GEN,
582,GEN,
583,OBC-NCL,86
584,OBC-NCL,87
585,GEN,
586,GEN,
587,OBC-NCL,88
588,GEN,
589,GEN,
590,OBC-NCL,89
591,OBC-NCL,90
592,GEN,
593,GEN,
594,GEN,
595,GEN,
596,OBC-NCL,91
597,GEN,
598,OBC-NCL,92
599,GEN,
600,GEN-EWS,50
601,GEN,
602,GEN,
603,GEN-EWS,51
604,GEN,
605,OBC-NCL,93
606,GEN,
607,GEN,
608,OBC-NCL,94
609,OBC-NCL,95
610,GEN,
611,GEN,
612,OBC-NCL,96
613,GEN,
614,GEN,
615,GEN,
616,GEN,
617,GEN-EWS,52
618,GEN,
619,GEN,
620,GEN,
621,GEN,
622,GEN-EWS,53
623,GEN,
624,GEN,
625,OBC-NCL,97
626,GEN,
627,OBC-NCL,98
628,GEN,
629,GEN,
630,ST,4
631,GEN,
632,GEN,
633,GEN,
634,SC,7
635,GEN,
636,GEN,
637,OBC-NCL,99
638,GEN,
639,GEN,
640,GEN-EWS,54
641,GEN-EWS,55
642,GEN,
643,OBC-NCL,100
644,OBC-NCL,101
645,GEN,
646,GEN,
647,OBC-NCL,102
648,GEN,
649,OBC-NCL,103
650,GEN,
651,GEN,
652,GEN-EWS,56
653,GEN-EWS,57
654,GEN,
655,SC,8
656,GEN,
657,OBC-NCL,104
658,GEN,
659,GEN,
660,GEN,
661,GEN,
662,OBC-NCL,105
663,GEN,
664,GEN,
665,GEN,
666,GEN,
667,GEN,
668,GEN,
669,GEN-EWS,58
670,OBC-NCL,106
671,GEN,
672,GEN-EWS,59
673,OBC-NCL,107
674,GEN,
675,GEN-EWS,60
676,GEN,
677,GEN-EWS,61
678,OBC-NCL,108
679,GEN,
680,OBC-NCL,109
681,GEN,
682,GEN-EWS,62
683,GEN,
684,OBC-NCL,110
685,GEN,
686,GEN-EWS,63
687,GEN,
688,GEN,
689,GEN,
690,GEN,
691,GEN,
692,GEN,
693,OBC-NCL,111
694,GEN,
695,GEN,
696,GEN,
697,GEN,
698,GEN,
699,GEN-EWS,64
700,GEN,
701,GEN,
702,GEN,
703,GEN,
704,OBC-NCL,112
705,GEN,
706,GEN,
707,GEN-EWS,65
708,ST,5
709,OBC-NCL,113
710,GEN-EWS,66
711,OBC-NCL,114
712,GEN,
713,GEN,
714,GEN,
715,GEN,
716,GEN,
717,GEN,
718,OBC-NCL,115
719,SC,9
720,OBC-NCL,116
721,GEN,
722,GEN,
723,GEN,
724,GEN,
725,GEN-EWS,67
726,GEN,
727,GEN,
728,GEN-EWS,68
729,GEN,
730,OBC-NCL,117
731,OBC-NCL,118
732,GEN,
733,GEN,
734,GEN,
735,GEN-EWS,69
736,GEN,
737,GEN,
738,GEN,
739,GEN,
740,OBC-NCL,119
741,OBC-NCL,120
742,GEN,
743,GEN-EWS,70
744,GEN,
745,GEN,
746,GEN-EWS,71
747,GEN,
748,GEN,
749,GEN,
750,OBC-NCL,121
751,GEN,
752,GEN,
753,GEN,
754,OBC-NCL,122
755,GEN,
756,GEN,
757,OBC-NCL,123
758,GEN,
759,GEN,
760,GEN,
761,GEN,
762,GEN,
763,OBC-NCL,124
764,GEN,
765,GEN-EWS,72
766,GEN,
767,OBC-NCL,125
768,OBC-NCL,126
769,GEN,
770,GEN,
771,GEN,
772,GEN,
773,GEN,
774,GEN,
775,GEN,
776,GEN,
777,GEN-EWS,73
778,GEN,
779,GEN,
780,GEN,
781,GEN,
782,GEN,
783,GEN,
784,GEN,
785,GEN,
786,GEN-EWS,74
787,GEN,
788,SC,10
789,GEN,
790,GEN,
791,GEN,
792,GEN,
793,GEN,
794,GEN,
795,OBC-NCL,127
796,GEN,
797,GEN,
798,OBC-NCL,128
799,OBC-NCL,129
800,OBC-NCL,130
801,GEN,
802,GEN,
803,GEN,
804,GEN,
805,OBC-NCL,131
806,GEN,
807,OBC-NCL,132
808,GEN,
809,GEN,
810,GEN,
811,GEN,
812,GEN,
813,GEN,
814,OBC-NCL,133
815,GEN,
816,GEN,
817,GEN,
818,GEN,
819,GEN,
820,GEN,
821,GEN,
822,GEN,
823,GEN,
824,GEN,
825,GEN-EWS,75
826,GEN,
827,GEN,
828,GEN,
829,GEN-EWS,76
830,GEN,
831,GEN,
832,OBC-NCL,134
833,GEN,
834,OBC-NCL,135
835,GEN,
836,SC,11
837,GEN,
838,GEN,
839,GEN,
840,OBC-NCL,136
841,OBC-NCL,137
842,GEN,
843,GEN,
844,OBC-NCL,138
845,OBC-NCL,139
846,GEN,
847,GEN,
848,GEN-EWS,77
849,GEN,
850,GEN,
851,GEN,
852,OBC-NCL,140
853,OBC-NCL,141
854,OBC-NCL,142
855,GEN,
856,GEN,
857,GEN,
858,GEN,
859,OBC-NCL,143
860,GEN,
861,OBC-NCL,144
862,GEN,
863,GEN,
864,OBC-NCL,145
865,GEN,
866,OBC-NCL,146
867,GEN,
868,GEN,
869,GEN,
870,OBC-NCL,147
871,GEN,
872,GEN-EWS,78
873,OBC-NCL,148
874,GEN-EWS,79
875,GEN,
876,GEN,
877,OBC-NCL,149
878,GEN,
879,GEN,
880,OBC-NCL,150
881,GEN-EWS,80
882,GEN-EWS,81
883,GEN,
884,GEN,
885,GEN,
886,OBC-NCL,151
887,GEN,
888,OBC-NCL,152
889,GEN,
890,GEN,
891,GEN-EWS,82
892,GEN,
893,GEN,
894,GEN,
895,GEN,
896,GEN,
897,GEN,
898,GEN-EWS,83
899,GEN,
900,GEN,
901,GEN,
902,OBC-NCL,153
903,GEN,
904,GEN,
905,GEN,
906,GEN,
907,GEN-EWS,84
908,GEN,
909,GEN,
910,GEN,
911,GEN,
912,GEN,
913,GEN,
914,GEN,
915,GEN,
916,GEN,
917,GEN,
918,GEN,
919,GEN,
920,GEN,
921,GEN,
922,GEN,
923,GEN-EWS,85
924,OBC-NCL,154
925,GEN,
926,GEN,
927,GEN,
928,OBC-NCL,155
929,OBC-NCL,156
930,OBC-NCL,157
931,GEN,
932,OBC-NCL,158
933,GEN,
934,GEN,
935,GEN,
936,GEN,
937,OBC-NCL,159
938,GEN,
939,OBC-NCL,160
940,GEN,
941,GEN,
942,GEN,
943,GEN,
944,GEN-EWS,86
945,GEN,
946,GEN,
947,GEN,
948,GEN,
949,GEN,
950,GEN,
951,GEN,
952,GEN,
953,GEN-EWS,87
954,OBC-NCL,161
955,GEN,
956,OBC-NCL,162
957,GEN,
958,GEN-EWS,88
959,GEN,
960,GEN,
961,GEN,
962,GEN,
963,SC,12
964,GEN,
965,GEN,
966,GEN,
967,GEN,
968,GEN,
969,OBC-NCL,163
970,GEN,
971,GEN,
972,GEN,
973,GEN,
974,GEN,
975,GEN,
976,GEN,
977,GEN,
978,GEN,
979,GEN,
980,GEN,
981,GEN,
982,GEN,
983,OBC-NCL,165
984,GEN-EWS,89
985,GEN,
986,GEN,
987,GEN,
988,GEN,
989,OBC-NCL,166
990,GEN,
991,GEN,
992,GEN,
993,GEN,
994,GEN,
995,GEN,
996,GEN,
997,OBC-NCL,167
998,GEN,
999,GEN,
1000,OBC-NCL,168
1001,GEN,
1002,GEN,
1003,OBC-NCL,169
1004,OBC-NCL,170
1005,GEN,
1006,GEN,
1007,GEN,
1008,GEN,
1009,GEN,
1010,GEN-EWS,90
1011,OBC-NCL,171
1012,GEN,
1013,GEN,
1014,OBC-NCL,172
1015,OBC-NCL,173
1016,GEN,
1017,OBC-NCL,174
1018,GEN,
1019,SC,13
1020,GEN,
1021,GEN,
1022,OBC-NCL,175
1023,OBC-NCL,176
1024,GEN,
1025,GEN-EWS,91
1026,GEN-EWS,92
1027,GEN,
1028,OBC-NCL,177
1029,OBC-NCL,178
1030,GEN,
1031,GEN,
1032,GEN,
1033,GEN,
1034,OBC-NCL,179
1035,GEN,
1036,GEN,
1037,GEN,
1038,OBC-NCL,180
1039,SC,14
1040,GEN,
1041,GEN,
1042,OBC-NCL,181
1043,GEN,
1044,SC,15
1045,GEN,
1046,OBC-NCL,182
1047,GEN,
1048,GEN,
1049,GEN,
1050,GEN,
1051,GEN,
1052,GEN,
1053,GEN,
1054,GEN,
1055,GEN,
1056,OBC-NCL,183
1057,GEN,
1058,GEN,
1059,GEN,
1060,GEN,
1061,GEN,
1062,OBC-NCL,184
1063,GEN,
1064,GEN,
1065,GEN,
1066,GEN,
1067,GEN,
1068,GEN,
1069,OBC-NCL,185
1070,OBC-NCL,186
1071,GEN,
1072,OBC-NCL,187
1073,GEN,
1074,GEN,
1075,GEN,
1076,GEN,
1077,GEN,
1078,OBC-NCL,188
1079,GEN,
1080,GEN,
1081,GEN,
1082,GEN,
1083,GEN,
1084,GEN,
1085,GEN,
1086,GEN,
1087,GEN,
1088,GEN,
1089,OBC-NCL,189
1090,GEN,
1091,GEN,
1092,GEN,
1093,OBC-NCL,190
1094,GEN,
1095,OBC-NCL,191
1096,OBC-NCL,192
1097,GEN,
1098,GEN,
1099,GEN,
1100,GEN,
1101,GEN,
1102,GEN,
1103,GEN,
1104,GEN,
1105,GEN,
1106,OBC-NCL,193
1107,GEN,
1108,GEN,
1109,GEN,
1110,GEN,
1111,OBC-NCL,194
1112,GEN,
1113,OBC-NCL,195
1114,GEN,
1115,GEN,
1116,GEN,
1117,GEN,
1118,GEN,
1119,GEN,
1120,GEN-EWS,93
1121,GEN,
1122,OBC-NCL,196
1123,GEN,
1124,GEN,
1125,GEN,
1126,GEN,
1127,GEN,
1128,OBC-NCL,197
1129,GEN,
1130,GEN,
1131,GEN,
1132,GEN-EWS,94
1133,GEN,
1134,GEN,
1135,GEN,
1136,GEN,
1137,GEN,
1138,GEN-EWS,95
1139,GEN,
1140,GEN,
1141,GEN,
1142,SC,16
1143,GEN,
1144,GEN,
1145,GEN,
1146,GEN-EWS,96
1147,GEN-EWS,97
1148,GEN,
1149,OBC-NCL,198
1150,GEN,
1151,GEN,
1152,OBC-NCL,199
1153,OBC-NCL,200
1154,GEN,
1155,GEN,
1156,GEN,
1157,GEN-EWS,98
1158,GEN,
1159,OBC-NCL,201
1160,GEN,
1161,GEN-EWS,99
1162,OBC-NCL,202
1163,OBC-NCL,203
1164,GEN,
1165,GEN,
1166,GEN,
1167,GEN,
1168,GEN,
1169,GEN,
1170,GEN,
1171,OBC-NCL,204
1172,GEN,
1173,GEN,
1174,ST,6
1175,GEN-EWS,100
1176,GEN-EWS,101
1177,GEN,
1178,GEN-EWS,102
1179,GEN,
1180,GEN-EWS,103
1181,GEN,
1182,GEN,
1183,GEN,
1184,GEN,
1185,GEN,
1186,OBC-NCL,205
1187,GEN,
1188,GEN,
1189,GEN,
1190,GEN,
1191,GEN,
1192,GEN,
1193,GEN,
1194,GEN-EWS,104
1195,GEN,
1196,GEN,
1197,SC,17
1198,GEN,
1199,GEN,
1200,OBC-NCL,206
1201,GEN-EWS,105
1202,GEN-EWS,106
1203,GEN,
1204,GEN,
1205,GEN,
1206,GEN,
1207,GEN-EWS,107
1208,GEN,
1209,GEN,
1210,GEN-EWS,108
1211,OBC-NCL,207
1212,GEN,
1213,SC,18
1214,GEN-EWS,109
1215,OBC-NCL,208
1216,GEN,
1217,GEN,
1218,GEN,
1219,SC,19
1220,GEN,
1221,GEN,
1222,GEN,
1223,GEN,
1224,GEN,
1225,GEN,
1226,GEN,
1227,GEN,
1228,OBC-NCL,209
1229,GEN-EWS,110
1230,GEN,
1231,GEN,
1232,GEN,
1233,GEN,
1234,SC,20
1235,GEN,
1236,GEN,
1237,GEN-EWS,111
1238,OBC-NCL,210
1239,GEN,
1240,GEN,
1241,GEN,
1242,GEN,
1243,OBC-NCL,211
1244,GEN,
1245,GEN,
1246,GEN-EWS,112
1247,GEN,
1248,GEN,
1249,OBC-NCL,212
1250,GEN,
1251,GEN,
1252,GEN,
1253,GEN,
1254,GEN-EWS,113
1255,GEN,
1256,GEN,
1257,GEN,
1258,GEN,
1259,GEN,
1260,GEN-EWS,114
1261,OBC-NCL,213
1262,GEN,
1263,GEN,
1264,GEN,
1265,GEN,
1266,GEN,
1267,GEN,
1268,GEN,
1269,GEN,
1270,GEN,
1271,GEN,
1272,GEN,
1273,OBC-NCL,214
1274,OBC-NCL,215
1275,OBC-NCL,216
1276,GEN,
1277,GEN,
1278,GEN,
1279,GEN,
1280,SC,21
1281,GEN,
1282,OBC-NCL,217
1283,OBC-NCL,218
1284,OBC-NCL,219
1285,GEN-EWS,115
1286,GEN,
1287,GEN,
1288,OBC-NCL,220
1289,GEN,
1290,GEN-EWS,116
1291,GEN,
1292,GEN,
1293,GEN,
1294,GEN,
1295,GEN,
1296,OBC-NCL,221
1297,SC,22
1298,SC,23
1299,GEN-EWS,117
1300,GEN,
1301,OBC-NCL,222
1302,GEN,
1303,GEN,
1304,GEN,
1305,GEN,
1306,OBC-NCL,223
1307,GEN,
1308,GEN,
1309,OBC-NCL,224
1310,GEN-EWS,118
1311,OBC-NCL,225
1312,GEN,
1313,GEN,
1314,GEN,
1315,GEN,
1316,GEN,
1317,GEN,
1318,OBC-NCL,226
1319,OBC-NCL,227
1320,GEN,
1321,GEN,
1322,GEN,
1323,GEN,
1324,GEN,
1325,GEN,
1326,GEN-EWS,119
1327,GEN,
1328,OBC-NCL,228
1329,OBC-NCL,229
1330,GEN,
1331,GEN,
1332,GEN,
1333,GEN,
1334,GEN,
1335,OBC-NCL,230
1336,GEN,
1337,GEN,
1338,GEN,
1339,OBC-NCL,231
1340,GEN,
1341,GEN,
1342,GEN,
1343,GEN,
1344,OBC-NCL,232
1345,GEN,
1346,GEN,
1347,GEN,
1348,GEN,
1349,GEN,
1350,GEN,
1351,GEN-EWS,120
1352,GEN,
1353,GEN,
1354,GEN,
1355,GEN,
1356,GEN,
1357,GEN,
1358,GEN,
1359,GEN,
1360,GEN,
1361,GEN,
1362,GEN,
1363,GEN,
1364,GEN-EWS,121
1365,GEN,
1366,GEN,
1367,GEN,
1368,OBC-NCL,233
1369,OBC-NCL,234
1370,GEN,
1371,OBC-NCL,235
1372,GEN,
1373,GEN-EWS,122
1374,GEN-EWS,123
1375,GEN,
1376,GEN-EWS,124
1377,GEN,
1378,GEN,
1379,GEN,
1380,GEN,
1381,GEN,
1382,GEN,
1383,OBC-NCL,236
1384,GEN,
1385,GEN-EWS,125
1386,SC,24
1387,GEN,
1388,OBC-NCL,237
1389,GEN,
1390,GEN,
1391,GEN-EWS,126
1392,GEN,
1393,GEN,
1394,GEN,
1395,GEN,
1396,GEN,
1397,OBC-NCL,238
1398,GEN,
1399,GEN-EWS,127
1400,GEN,
1401,GEN,
1402,GEN,
1403,SC,25
1404,GEN-EWS,128
1405,GEN,
1406,GEN,
1407,GEN-EWS,129
1408,GEN,
1409,GEN-EWS,130
1410,GEN,
1411,OBC-NCL,239
1412,OBC-NCL,240
1413,GEN,
1414,GEN,
1415,OBC-NCL,241
1416,GEN,
1417,GEN,
1418,GEN,
1419,GEN,
1420,OBC-NCL,242
1421,GEN,
1422,GEN,
1423,GEN,
1424,OBC-NCL,243
1425,OBC-NCL,244
1426,OBC-NCL,245
1427,GEN,
1428,GEN,
1429,GEN,
1430,GEN,
1431,GEN,
1432,GEN,
1433,GEN,
1434,GEN,
1435,GEN-EWS,131
1436,GEN,
1437,GEN,
1438,GEN,
1439,OBC-NCL,246
1440,GEN-EWS,132
1441,GEN,
1442,GEN,
1443,GEN,
1444,GEN-EWS,133
1445,GEN,
1446,OBC-NCL,247
1447,OBC-NCL,248
1448,GEN,
1449,GEN,
1450,GEN,
1451,GEN,
1452,GEN-EWS,134
1453,GEN-EWS,135
1454,OBC-NCL,249
1455,ST,7
1456,GEN-EWS,136
1457,GEN,
1458,GEN,
1459,GEN-EWS,137
1460,GEN,
1461,OBC-NCL,250
1462,OBC-NCL,251
1463,GEN,
1464,OBC-NCL,252
1465,GEN,
1466,OBC-NCL,253
1467,GEN,
1468,GEN,
1469,GEN,
1470,GEN,
1471,GEN,
1472,GEN,
1473,GEN,
1474,GEN-EWS,138
1475,GEN,
1476,GEN,
1477,GEN-EWS,139
1478,GEN,
1479,GEN,
1480,GEN,
1481,GEN,
1482,OBC-NCL,254
1483,GEN,
1484,GEN-EWS,140
1485,OBC-NCL,255
1486,GEN,
1487,GEN-EWS,141
1488,GEN,
1489,GEN-EWS,142
1490,GEN,
1491,OBC-NCL,256
1492,OBC-NCL,257
1493,GEN,
1494,GEN,
1495,GEN,
1496,GEN,
1497,GEN-EWS,143
1498,GEN,
1499,GEN,
1500,GEN,
1501,GEN,
1502,GEN,
1503,GEN-EWS,144
1504,GEN,
1505,GEN,
1506,GEN,
1507,GEN,
1508,GEN,
1509,GEN,
1510,GEN,
1511,GEN,
1512,OBC-NCL,258
1513,OBC-NCL,259
1514,GEN,
1515,OBC-NCL,260
1516,GEN,
1517,GEN,
1518,GEN,
1519,OBC-NCL,261
1520,GEN,
1521,GEN,
1522,GEN,
1523,GEN,
1524,GEN,
1525,GEN,
1526,OBC-NCL,262
1527,GEN,
1528,GEN,
1529,GEN,
1530,GEN,
1531,GEN,
1532,GEN,
1533,GEN,
1534,GEN,
1535,OBC-NCL,263
1536,OBC-NCL,264
1537,GEN,
1538,GEN,
1539,OBC-NCL,265
1540,OBC-NCL,266
1541,GEN,
1542,GEN,
1543,GEN,
1544,GEN,
1545,GEN,
1546,GEN,
1547,GEN,
1548,OBC-NCL,267
1549,GEN,
1550,GEN,
1551,GEN,
1552,GEN,
1553,GEN-EWS,145
1554,GEN,
1555,GEN,
1556,GEN,
1557,GEN,
1558,GEN,
1559,GEN,
1560,GEN,
1561,OBC-NCL,268
1562,GEN,
1563,GEN,
1564,GEN,
1565,GEN,
1566,GEN,
1567,GEN,
1568,SC,26
1569,GEN,
1570,OBC-NCL,269
1571,GEN,
1572,GEN,
1573,GEN,
1574,GEN,
1575,OBC-NCL,270
1576,GEN,
1577,GEN,
1578,GEN,
1579,GEN,
1580,GEN,
1581,GEN,
1582,GEN,
1583,GEN,
1584,GEN,
1585,GEN,
1586,GEN,
1587,GEN,
1588,GEN-EWS,146
1589,GEN-EWS,147
1590,GEN,
1591,OBC-NCL,271
1592,GEN,
1593,OBC-NCL,272
1594,GEN-EWS,148
1595,OBC-NCL,273
1596,GEN,
1597,GEN,
1598,SC,27
1599,GEN,
1600,GEN,
1601,GEN,
1602,GEN,
1603,GEN,
1604,OBC-NCL,274
1605,GEN,
1606,GEN,
1607,OBC-NCL,275
1608,GEN-EWS,149
1609,GEN,
1610,OBC-NCL,276
1611,GEN,
1612,GEN,
1613,GEN,
1614,GEN,
1615,OBC-NCL,277
1616,GEN,
1617,OBC-NCL,278
1618,GEN,
1619,OBC-NCL,279
1620,GEN,
1621,OBC-NCL,280
1622,GEN,
1623,GEN,
1624,GEN,
1625,GEN,
1626,GEN,
1627,OBC-NCL,281
1628,GEN,
1629,GEN,
1630,GEN,
1631,GEN,
1632,GEN,
1633,OBC-NCL,282
1634,OBC-NCL,283
1635,GEN,
1636,GEN,
1637,GEN,
1638,GEN,
1639,GEN,
1640,GEN,
1641,GEN,
1642,GEN,
1643,GEN,
1644,SC,28
1645,GEN,
1646,GEN,
1647,GEN,
1648,GEN,
1649,GEN,
1650,GEN,
1651,GEN,
1652,OBC-NCL,284
1653,OBC-NCL,285
1654,GEN,
1655,GEN,
1656,GEN,
1657,GEN,
1658,GEN,
1659,GEN-EWS,150
1660,GEN,
1661,GEN,
1662,GEN,
1663,OBC-NCL,286
1664,GEN,
1665,GEN,
1666,GEN,
1667,GEN,
1668,GEN,
1669,GEN,
1670,GEN,
1671,GEN,
1672,GEN,
1673,GEN-EWS,151
1674,GEN,
1675,OBC-NCL,287
1676,GEN,
1677,GEN,
1678,GEN,
1679,GEN,
1680,GEN,
1681,GEN,
1682,GEN,
1683,SC,29
1684,GEN,
1685,OBC-NCL,288
1686,GEN,
1687,GEN-EWS,152
1688,GEN-EWS,153
1689,GEN,
1690,ST,8
1691,GEN,
1692,GEN,
1693,GEN,
1694,GEN-EWS,154
1695,GEN,
1696,GEN,
1697,ST,9
1698,GEN,
1699,GEN,
1700,GEN,
1701,GEN,
1702,OBC-NCL,289
1703,GEN,
1704,GEN,
1705,GEN,
1706,GEN,
1707,GEN,
1708,GEN,
1709,GEN,
1710,GEN,
1711,GEN,
1712,GEN,
1713,GEN-EWS,155
1714,GEN-EWS,156
1715,GEN,
1716,GEN,
1717,GEN,
1718,GEN,
1719,GEN-EWS,157
1720,OBC-NCL,290
1721,GEN,
1722,GEN,
1723,GEN,
1724,GEN,
1725,GEN,
1726,GEN,
1727,GEN,
1728,OBC-NCL,291
1729,GEN,
1730,GEN,
1731,GEN,
1732,ST,10
1733,GEN,
1734,GEN,
1735,OBC-NCL,292
1736,GEN,
1737,GEN-EWS,158
1738,GEN,
1739,OBC-NCL,293
1740,GEN,
1741,GEN,
1742,GEN,
1743,GEN-EWS,159
1744,SC,30
1745,OBC-NCL,294
1746,GEN,
1747,GEN,
1748,GEN,
1749,GEN,
1750,GEN,
1751,OBC-NCL,295
1752,OBC-NCL,296
1753,GEN-EWS,160
1754,OBC-NCL,297
1755,ST,11
1756,GEN-EWS,161
1757,GEN,
1758,GEN,
1759,GEN,
1760,GEN-EWS,162
1761,GEN-EWS,163
1762,GEN,
1763,GEN,
1764,OBC-NCL,298
1765,ST,12
1766,GEN,
1767,GEN,
1768,GEN,
1769,GEN,
1770,OBC-NCL,299
1771,GEN,
1772,OBC-NCL,300
1773,GEN-EWS,164
1774,GEN,
1775,OBC-NCL,301
1776,GEN,
1777,GEN,
1778,GEN,
1779,GEN,
1780,GEN,
1781,GEN,
1782,GEN,
1783,OBC-NCL,302
1784,GEN-EWS,165
1785,GEN-EWS,166
1786,GEN,
1787,GEN-EWS,167
1788,GEN,
1789,GEN,
1790,GEN,
1791,GEN,
1792,GEN,
1793,GEN,
1794,GEN,
1795,GEN,
1796,SC,31
1797,GEN,
1798,GEN-EWS,168
1799,GEN-EWS,169
1800,SC,32
1801,SC,33
1802,OBC-NCL,303
1803,OBC-NCL,304
1804,OBC-NCL,305
1805,GEN,
1806,GEN,
1807,GEN,
1808,GEN,
1809,GEN,
1810,OBC-NCL,306
1811,GEN-EWS,170
1812,GEN,
1813,GEN,
1814,GEN,
1815,OBC-NCL,307
1816,GEN,
1817,GEN,
1818,GEN,
1819,GEN,
1820,GEN,
1821,GEN,
1822,GEN,
1823,GEN,
1824,GEN,
1825,GEN,
1826,OBC-NCL,308
1827,GEN-EWS,171
1828,GEN,
1829,OBC-NCL,309
1830,SC,34
1831,GEN,
1832,GEN-EWS,172
1833,GEN-EWS,173
1834,GEN,
1835,OBC-NCL,310
1836,OBC-NCL,311
1837,GEN,
1838,OBC-NCL,312
1839,GEN-EWS,174
1840,GEN,
1841,GEN,
1842,GEN,
1843,GEN,
1844,GEN,
1845,GEN,
1846,GEN,
1846,OBC-NCL,313
1848,OBC-NCL,314
1849,GEN,
1850,GEN,
1851,GEN,
1852,GEN,
1853,GEN,
1854,GEN,
1855,GEN-EWS,175
1856,GEN,
1857,SC,35
1858,GEN-EWS,176
1859,GEN,
1860,GEN,
1861,GEN,
1862,OBC-NCL,315
1863,GEN,
1864,GEN,
1865,GEN,
1866,GEN,
1867,GEN,
1868,OBC-NCL,316
1869,GEN,
1870,GEN-EWS,177
1871,GEN,
1872,OBC-NCL,317
1873,ST,13
1874,OBC-NCL,318
1875,GEN,
1876,GEN,
1877,GEN,
1878,GEN,
1879,OBC-NCL,319
1880,GEN,
1881,GEN,
1882,GEN,
1883,GEN,
1884,GEN,
1885,GEN,
1886,GEN-EWS,178
1887,GEN,
1888,OBC-NCL,320
1889,GEN-EWS,179
1890,OBC-NCL,321
1891,GEN,
1892,GEN,
1893,GEN,
1894,GEN,
1895,GEN,
1896,GEN,
1897,GEN-EWS,180
1898,GEN,
1899,GEN,
1900,OBC-NCL,322
1901,OBC-NCL,323
1902,GEN,
1903,GEN,
1904,GEN,
1905,OBC-NCL,324
1906,GEN,
1907,GEN-EWS,181
1908,OBC-NCL,325
1909,OBC-NCL,326
1910,GEN-EWS,182
1911,OBC-NCL,327
1912,GEN,
1913,GEN,
1914,GEN,
1915,GEN,
1916,OBC-NCL,328
1917,GEN,
1918,GEN,
1919,OBC-NCL,329
1920,GEN,
1921,GEN,
1922,OBC-NCL,330
1923,OBC-NCL,331
1924,GEN,
1925,OBC-NCL,332
1926,GEN,
1927,GEN,
1928,GEN-EWS,183
1929,GEN,
1930,GEN,
1931,GEN,
1932,GEN,
1933,GEN,
1934,OBC-NCL,333
1935,GEN-EWS,184
1936,GEN,
1937,GEN,
1938,GEN,
1939,OBC-NCL,334
1940,OBC-NCL,335
1941,GEN,
1942,GEN,
1943,GEN,
1944,GEN,
1945,GEN,
1946,GEN,
1947,GEN-EWS,185
1948,GEN-EWS,186
1949,GEN,
1950,OBC-NCL,336
1951,GEN-EWS,187
1952,OBC-NCL,337
1953,GEN,
1954,OBC-NCL,338
1955,GEN,
1956,GEN,
1957,OBC-NCL,339
1958,GEN,
1959,GEN,
1960,GEN,
1961,GEN,
1962,GEN,
1963,GEN,
1964,GEN,
1965,GEN,
1966,GEN-EWS,188
1967,GEN,
1968,GEN,
1969,SC,36
1970,GEN,
1971,GEN-EWS,189
1972,GEN,
1973,OBC-NCL,340
1974,GEN-EWS,190
1975,GEN,
1976,GEN,
1977,GEN,
1978,GEN-EWS,191
1979,OBC-NCL,341
1980,GEN,
1981,GEN,
1982,GEN,
1983,GEN,
1984,GEN,
1985,GEN,
1986,GEN,
1987,OBC-NCL,342
1988,ST,14
1989,GEN-EWS,192
1990,GEN,
1991,SC,37
1992,OBC-NCL,343
1993,GEN-EWS,193
1994,OBC-NCL,344
1995,GEN,
1996,GEN,
1997,OBC-NCL,345
1998,GEN,
1999,OBC-NCL,346
2000,GEN,
2001,GEN,
2002,GEN,
2003,GEN-EWS,194
2004,GEN,
2005,GEN,
2006,GEN-EWS,195
2007,GEN,
2008,GEN,
2009,OBC-NCL,347
2010,GEN,
2011,GEN,
2012,GEN,
2013,GEN-EWS,196
2014,GEN,
2015,GEN-EWS,197
2016,GEN,
2017,GEN-EWS,198
2018,GEN,
2019,GEN-EWS,199
2020,OBC-NCL,348
2021,OBC-NCL,349
2022,OBC-NCL,350
2023,GEN-EWS,200
2024,GEN,
2025,GEN,
2026,GEN,
2027,GEN,
2028,GEN,
2029,GEN,
2030,GEN,
2031,OBC-NCL,351
2032,GEN,
2033,GEN,
2034,GEN,
2035,GEN,
2036,GEN,
2037,GEN,
2038,GEN,
2039,GEN,
2040,SC,38
2041,GEN,
2042,GEN,
2043,GEN-EWS,201
2044,GEN,
2045,OBC-NCL,352
2046,GEN,
2047,GEN,
2048,GEN,
2049,GEN-EWS,202
2050,GEN,
2051,GEN,
2052,GEN,
2053,GEN,
2054,GEN,
2055,GEN,
2056,GEN,
2057,OBC-NCL,353
2058,GEN,
2059,GEN,
2060,GEN,
2061,GEN,
2062,OBC-NCL,354
2063,GEN-EWS,203
2064,GEN-EWS,204
2065,OBC-NCL,355
2066,GEN,
2067,OBC-NCL,356
2068,OBC-NCL,357
2069,GEN,
2070,GEN,
2071,GEN,
2072,GEN,
2073,GEN,
2074,GEN,
2075,GEN,
2076,GEN,
2077,GEN,
2078,OBC-NCL,358
2079,GEN,
2080,GEN,
2081,GEN,
2082,GEN,
2083,GEN,
2084,GEN,
2085,GEN,
2086,GEN,
2087,OBC-NCL,359
2088,GEN,
2089,OBC-NCL,360
2090,GEN,
2091,GEN,
2092,GEN-EWS,205
2093,OBC-NCL,361
2094,GEN-EWS,206
2095,GEN,
2096,GEN,
2097,GEN,
2098,GEN,
2099,GEN,
2100,GEN,
2101,GEN,
2102,GEN,
2103,GEN,
2104,GEN,
2105,GEN,
2106,OBC-NCL,362
2107,OBC-NCL,363
2108,OBC-NCL,364
2109,GEN,
2110,GEN,
2111,GEN,
2112,GEN,
2113,GEN,
2114,GEN-EWS,207
2115,GEN-EWS,208
2116,GEN,
2117,GEN,
2118,GEN,
2119,OBC-NCL,365
2120,OBC-NCL,366
2121,GEN,
2122,GEN,
2123,GEN,
2124,GEN,
2125,GEN,
2126,GEN,
2127,GEN,
2128,OBC-NCL,367
2129,GEN-EWS,209
2130,GEN,
2131,GEN,
2132,GEN,
2133,GEN,
2134,GEN,
2135,ST,15
2136,GEN,
2137,GEN,
2138,GEN,
2139,OBC-NCL,368
2140,GEN-EWS,210
2141,GEN,
2142,GEN,
2143,GEN,
2144,OBC-NCL,369
2145,GEN-EWS,211
2146,GEN,
2147,GEN,
2148,GEN,
2149,GEN,
2150,GEN,
2151,SC,39
2152,GEN,
2153,OBC-NCL,370
2154,GEN,
2155,GEN,
2156,GEN,
2157,GEN,
2158,GEN,
2159,GEN-EWS,212
2160,OBC-NCL,371
2161,GEN,
2162,OBC-NCL,372
2163,GEN,
2164,GEN,
2165,GEN,
2166,GEN,
2167,GEN-EWS,213
2168,GEN-EWS,214
2169,OBC-NCL,373
2170,GEN,
2171,GEN,
2172,GEN,
2173,GEN,
2174,GEN,
2175,OBC-NCL,374
2176,GEN,
2177,GEN-EWS,215
2178,GEN,
2179,SC,40
2180,GEN,
2181,OBC-NCL,375
2182,GEN,
2183,SC,41
2184,GEN-EWS,216
2185,ST,16
2186,GEN,
2187,GEN-EWS,217
2188,GEN-EWS,218
2189,GEN,
2190,GEN,
2191,GEN,
2192,GEN,
2193,GEN,
2194,SC,42
2195,GEN,
2196,GEN,
2197,GEN,
2198,GEN,
2199,GEN,
2200,GEN,
2201,GEN,
2202,GEN,
2203,GEN,
2204,GEN,
2205,GEN,
2206,GEN,
2207,GEN,
2208,GEN-EWS,219
2209,GEN,
2210,SC,43
2211,GEN,
2212,GEN,
2213,GEN,
2214,GEN,
2215,GEN,
2216,GEN,
2217,GEN,
2218,GEN,
2219,GEN,
2220,GEN-EWS,220
2221,GEN,
2222,GEN,
2223,OBC-NCL,376
2224,OBC-NCL,377
2225,GEN,
2226,GEN-EWS,221
2227,GEN,
2228,GEN-EWS,222
2229,GEN,
2230,GEN,
2231,GEN,
2232,GEN,
2233,GEN,
2234,GEN,
2235,GEN,
2236,OBC-NCL,378
2237,GEN,
2238,GEN,
2239,GEN,
2240,GEN,
2241,GEN-EWS,223
2242,OBC-NCL,379
2243,GEN,
2244,OBC-NCL,380
2245,GEN,
2246,GEN,
2247,OBC-NCL,381
2248,OBC-NCL,382
2249,OBC-NCL,383
2250,GEN,
2251,OBC-NCL,384
2252,SC,44
2253,GEN,
2254,OBC-NCL,385
2255,GEN,
2256,GEN-EWS,224
2257,GEN,
2258,GEN,
2259,GEN,
2260,GEN-EWS,225
2261,GEN,
2262,GEN,
2263,OBC-NCL,386
2264,GEN,
2265,OBC-NCL,387
2266,OBC-NCL,388
2267,GEN,
2268,GEN,
2269,GEN,
2270,GEN,
2271,GEN,
2272,GEN,
2273,GEN-EWS,226
2274,GEN,
2275,GEN,
2276,GEN,
2277,GEN,
2278,GEN,
2279,GEN,
2280,GEN-EWS,227
2281,OBC-NCL,389
2282,OBC-NCL,390
2283,GEN,
2284,GEN,
2285,GEN,
2286,GEN,
2287,OBC-NCL,391
2288,OBC-NCL,392
2289,OBC-NCL,393
2290,GEN,
2291,OBC-NCL,394
2292,GEN,
2293,GEN,
2294,GEN,
2295,GEN-EWS,228
2296,GEN,
2297,GEN,
2298,GEN,
2299,GEN,
2300,GEN-EWS,229
2301,GEN,
2302,GEN,
2303,GEN,
2304,GEN-EWS,230
2305,GEN,
2306,GEN,
2307,SC,45
2308,GEN,
2309,GEN,
2310,GEN,
2311,OBC-NCL,395
2312,GEN,
2313,GEN,
2314,GEN,
2315,GEN,
2316,GEN,
2317,GEN,
2318,GEN,
2319,GEN,
2320,GEN,
2321,GEN-EWS,231
2322,SC,46
2323,OBC-NCL,396
2324,OBC-NCL,397
2325,GEN,
2326,OBC-NCL,398
2327,GEN-EWS,232
2328,GEN,
2329,GEN,
2330,GEN-EWS,233
2331,GEN,
2332,OBC-NCL,399
2333,GEN,
2334,GEN,
2335,GEN,
2336,GEN,
2337,SC,47
2338,GEN,
2339,OBC-NCL,400
2340,GEN,
2341,GEN,
2342,GEN-EWS,234
2343,GEN,
2344,GEN,
2345,GEN,
2346,GEN,
2347,GEN,
2348,GEN-EWS,235
2349,GEN,
2350,GEN,
2351,GEN,
2352,GEN,
2353,GEN,
2354,GEN,
2355,OBC-NCL,401
2356,OBC-NCL,402
2357,GEN-EWS,236
2358,GEN,
2359,OBC-NCL,403
2360,OBC-NCL,404
2361,GEN,
2362,OBC-NCL,405
2363,GEN,
2364,GEN,
2365,GEN,
2366,GEN,
2367,GEN-EWS,237
2368,ST,17
2369,GEN,
2370,GEN,
2371,OBC-NCL,406
2372,GEN,
2373,GEN,
2374,GEN,
2375,GEN,
2376,GEN-EWS,238
2377,GEN,
2378,GEN,
2379,OBC-NCL,407
2380,GEN,
2381,GEN,
2382,GEN,
2383,GEN,
2384,GEN,
2385,GEN,
2386,GEN,
2387,GEN,
2388,GEN-EWS,239
2389,OBC-NCL,408
2390,OBC-NCL,409
2391,GEN,
2392,GEN-EWS,240
2393,GEN,
2394,GEN,
2395,GEN,
2396,GEN,
2397,GEN,
2398,GEN,
2399,GEN,
2400,GEN,
2401,GEN,
2402,GEN-EWS,241
2403,GEN,
2404,GEN-EWS,242
2405,GEN,
2406,GEN,
2407,GEN,
2408,GEN,
2409,GEN,
2410,GEN-EWS,243
2411,SC,48
2412,OBC-NCL,410
2413,GEN,
2414,GEN-EWS,244
2415,OBC-NCL,411
2416,GEN,
2417,GEN,
2418,GEN,
2419,GEN,
2420,GEN-EWS,245
2421,GEN,
2422,GEN,
2423,GEN-EWS,246
2424,OBC-NCL,412
2425,GEN,
2426,OBC-NCL,413
2427,SC,49
2428,OBC-NCL,414
2429,GEN,
2430,GEN,
2431,GEN,
2432,OBC-NCL,415
2433,GEN,
2434,OBC-NCL,416
2435,GEN-EWS,247
2436,GEN,
2437,GEN,
2438,GEN,
2439,GEN,
2440,OBC-NCL,417
2441,GEN,
2442,OBC-NCL,418
2443,GEN,
2444,GEN,
2445,GEN,
2446,GEN,
2447,GEN,
2448,GEN,
2449,GEN,
2450,OBC-NCL,419
2451,OBC-NCL,420
2452,OBC-NCL,421
2453,GEN-EWS,248
2454,GEN,
2455,OBC-NCL,422
2456,OBC-NCL,423
2457,OBC-NCL,424
2458,GEN-EWS,249
2459,GEN,
2460,GEN,
2461,GEN,
2462,GEN-EWS,250
2463,GEN,
2464,GEN,
2465,GEN,
2466,GEN-EWS,251
2467,OBC-NCL,425
2468,GEN,
2469,OBC-NCL,426
2470,GEN-EWS,252
2471,GEN-EWS,253
2472,GEN-EWS,254
2473,GEN,
2474,OBC-NCL,427
2475,SC,50
2476,GEN,
2477,GEN,
2478,GEN,
2479,GEN,
2480,GEN,
2481,OBC-NCL,428
2482,GEN,
2483,GEN,
2484,GEN-EWS,255
2485,OBC-NCL,429
2486,GEN,
2487,GEN,
2488,GEN,
2489,OBC-NCL,430
2490,GEN-EWS,256
2491,GEN-EWS,257
2492,GEN,
2493,GEN,
2494,GEN,
2495,GEN,
2496,GEN,
2497,GEN,
2498,GEN-EWS,258
2499,GEN-EWS,259
2500,GEN,
2501,OBC-NCL,431
2502,GEN,
2503,OBC-NCL,432
2504,GEN,
2505,GEN,
2506,GEN-EWS,260
2507,GEN-EWS,261
2508,GEN,
2509,GEN,
2510,GEN,
2511,GEN-EWS,262
2512,GEN,
2513,GEN,
2514,GEN,
2515,GEN,
2516,GEN,
2517,GEN,
2518,OBC-NCL,433
2519,GEN-EWS,263
2520,OBC-NCL,434
2521,GEN,
2522,GEN,
2523,GEN,
2524,GEN,
2525,GEN,
2526,GEN,
2527,GEN-EWS,264
2528,GEN,
2529,GEN,
2530,GEN,
2531,GEN,
2532,GEN,
2533,GEN,
2534,GEN,
2535,GEN,
2536,GEN,
2537,GEN,
2538,GEN,
2539,GEN,
2540,GEN,
2541,GEN,
2542,GEN,
2543,GEN,
2544,OBC-NCL,435
2545,GEN,
2546,GEN,
2547,OBC-NCL,436
2548,OBC-NCL,437
2549,GEN,
2550,GEN,
2551,GEN,
2552,GEN,
2553,GEN,
2554,GEN,
2555,OBC-NCL,438
2556,GEN,
2557,GEN,
2558,GEN,
2559,GEN,
2560,OBC-NCL,439
2561,GEN,
2562,GEN,
2563,GEN,
2564,OBC-NCL,440
2565,ST,18
2566,GEN,
2567,OBC-NCL,441
2568,GEN,
2569,GEN-EWS,265
2570,GEN,
2571,OBC-NCL,442
2572,GEN,
2573,GEN,
2574,GEN,
2575,GEN,
2576,GEN,
2577,OBC-NCL,443
2578,GEN-EWS,266
2579,OBC-NCL,444
2580,GEN,
2581,GEN,
2582,GEN,
2583,GEN-EWS,267
2584,OBC-NCL,445
2585,GEN,
2586,GEN,
2587,GEN,
2588,OBC-NCL,446
2589,GEN,
2590,GEN,
2591,GEN,
2592,GEN,
2593,GEN,
2594,GEN,
2595,GEN-EWS,268
2596,GEN,
2597,GEN,
2598,OBC-NCL,447
2599,GEN-EWS,269
2600,ST,19
2601,GEN,
2602,GEN,
2603,GEN,
2604,GEN,
2605,GEN,
2606,GEN,
2607,OBC-NCL,448
2608,OBC-NCL,449
2609,GEN-EWS,270
2610,GEN,
2611,GEN,
2612,GEN,
2613,OBC-NCL,450
2614,GEN,
2615,OBC-NCL,451
2616,GEN-EWS,271
2617,GEN,
2618,GEN,
2619,GEN,
2620,GEN,
2621,GEN-EWS,272
2622,GEN,
2623,GEN-EWS,273
2624,GEN,
2625,GEN,
2626,OBC-NCL,452
2627,OBC-NCL,453
2628,OBC-NCL,454
2629,GEN,
2630,GEN,
2631,GEN,
2632,OBC-NCL,455
2633,GEN,
2634,OBC-NCL,456
2635,GEN-EWS,274
2636,GEN,
2637,GEN-EWS,275
2638,GEN,
2639,SC,51
2640,GEN,
2641,GEN,
2642,GEN,
2643,GEN-EWS,276
2644,GEN,
2645,GEN,
2646,OBC-NCL,457
2647,GEN,
2648,GEN,
2649,OBC-NCL,458
2650,GEN,
2651,SC,52
2652,GEN,
2653,GEN,
2654,GEN-EWS,277
2655,OBC-NCL,459
2656,GEN,
2657,GEN,
2658,GEN,
2659,GEN,
2660,GEN,
2661,OBC-NCL,460
2662,GEN,
2663,GEN,
2664,GEN-EWS,278
2665,GEN,
2666,GEN,
2667,GEN-EWS,279
2668,OBC-NCL,461
2669,GEN,
2670,GEN-EWS,280
2671,GEN,
2672,GEN,
2673,GEN,
2674,OBC-NCL,462
2675,GEN,
2676,GEN,
2677,GEN,
2678,OBC-NCL,463
2679,OBC-NCL,464
2680,GEN,
2681,GEN,
2682,GEN,
2683,GEN,
2684,OBC-NCL,465
2685,GEN,
2686,GEN,
2687,GEN,
2688,OBC-NCL,466
2689,OBC-NCL,467
2690,OBC-NCL,468
2691,OBC-NCL,469
2692,GEN,
2693,GEN,
2694,GEN,
2695,GEN,
2696,OBC-NCL,470
2697,GEN,
2698,GEN,
2699,OBC-NCL,471
2700,GEN,
2701,GEN-EWS,281
2702,GEN,
2703,GEN,
2704,GEN,
2705,GEN-EWS,282
2706,OBC-NCL,472
2707,GEN,
2708,GEN,
2709,OBC-NCL,473
2710,GEN-EWS,283
2711,GEN,
2712,GEN,
2713,GEN,
2714,GEN,
2715,GEN,
2716,OBC-NCL,474
2717,GEN,
2718,GEN,
2719,GEN,
2720,GEN-EWS,284
2721,SC,53
2722,GEN,
2723,GEN,
2724,GEN,
2725,OBC-NCL,475
2726,GEN-EWS,285
2727,OBC-NCL,476
2728,GEN-EWS,286
2729,GEN,
2730,GEN,
2731,GEN,
2732,GEN,
2733,ST,20
2734,OBC-NCL,477
2735,GEN,
2736,GEN-EWS,287
2737,GEN,
2738,OBC-NCL,478
2739,GEN,
2740,GEN,
2741,GEN,
2742,OBC-NCL,479
2743,GEN,
2744,OBC-NCL,480
2745,GEN,
2746,GEN,
2747,OBC-NCL,481
2748,OBC-NCL,482
2749,GEN,
2750,OBC-NCL,483
2751,GEN,
2752,GEN,
2753,GEN,
2754,GEN,
2755,OBC-NCL,484
2756,SC,54
2757,GEN,
2758,GEN-EWS,288
2759,OBC-NCL,485
2760,GEN,
2761,GEN,
2762,GEN,
2763,GEN,
2764,GEN,
2765,GEN,
2766,GEN,
2767,OBC-NCL,486
2768,GEN,
2769,GEN,
2770,GEN,
2771,GEN,
2772,OBC-NCL,487
2773,OBC-NCL,488
2774,GEN,
2775,GEN,
2776,SC,55
2777,GEN,
2778,GEN,
2779,GEN,
2779,GEN,
2781,GEN,
2782,GEN,
2783,GEN,
2784,OBC-NCL,489
2785,GEN,
2786,GEN,
2787,GEN,
2788,GEN,
2789,GEN,
2790,GEN,
2791,GEN,
2792,OBC-NCL,490
2793,OBC-NCL,491
2794,GEN-EWS,289
2795,GEN,
2796,GEN-EWS,290
2797,GEN-EWS,291
2798,GEN,
2799,ST,21
2800,GEN,
2801,GEN,
2802,OBC-NCL,492
2803,OBC-NCL,493
2804,GEN,
2805,GEN-EWS,292
2806,GEN,
2807,GEN,
2808,GEN,
2809,OBC-NCL,494
2810,GEN,
2811,GEN,
2812,GEN,
2813,GEN,
2814,GEN,
2815,OBC-NCL,495
2816,GEN,
2817,OBC-NCL,496
2818,GEN,
2819,GEN-EWS,293
2820,GEN,
2821,GEN,
2822,GEN-EWS,294
2823,GEN,
2824,GEN,
2825,GEN,
2826,GEN,
2827,OBC-NCL,497
2828,GEN,
2829,GEN,
2830,GEN,
2831,GEN,
2832,GEN,
2833,GEN,
2834,OBC-NCL,498
2835,GEN-EWS,295
2836,GEN,
2837,GEN,
2838,GEN,
2839,GEN-EWS,296
2840,GEN-EWS,297
2841,GEN,
2842,OBC-NCL,499
2843,OBC-NCL,500
2844,GEN,
2845,GEN,
2846,OBC-NCL,501
2847,OBC-NCL,502
2848,GEN,
2849,GEN,
2850,GEN,
2851,GEN,
2852,GEN,
2853,GEN,
2854,GEN-EWS,298
2855,GEN,
2856,GEN-EWS,299
2857,GEN,
2858,OBC-NCL,503
2859,OBC-NCL,504
2860,GEN-EWS,300
2861,GEN,
2862,GEN,
2863,GEN,
2864,GEN,
2865,GEN,
2866,GEN,
2867,GEN,
2868,GEN-EWS,301
2869,OBC-NCL,505
2870,GEN-EWS,302
2871,GEN,
2872,GEN,
2873,GEN,
2874,GEN,
2875,GEN,
2876,GEN,
2877,GEN,
2878,GEN,
2879,GEN,
2880,OBC-NCL,506
2881,GEN,
2882,GEN-EWS,303
2883,GEN,
2884,OBC-NCL,507
2885,GEN,
2886,SC,56
2887,OBC-NCL,508
2888,OBC-NCL,509
2889,OBC-NCL,510
2890,GEN,
2891,GEN,
2892,GEN,
2893,GEN-EWS,304
2894,GEN,
2895,GEN,
2896,GEN,
2897,GEN-EWS,305
2898,OBC-NCL,511
2899,GEN-EWS,306
2900,OBC-NCL,512
2901,GEN,
2902,GEN,
2903,GEN,
2904,GEN-EWS,307
2905,GEN-EWS,308
2906,OBC-NCL,513
2907,GEN,
2908,GEN,
2909,GEN,
2910,GEN,
2911,GEN,
2912,GEN,
2913,GEN,
2914,GEN,
2915,OBC-NCL,514
2916,GEN,
2917,GEN-EWS,309
2918,GEN,
2919,GEN,
2920,GEN,
2921,GEN,
2922,GEN,
2923,OBC-NCL,515
2924,SC,57
2925,GEN,
2926,GEN,
2927,SC,58
2928,GEN,
2929,GEN,
2930,OBC-NCL,516
2931,GEN,
2932,GEN,
2933,GEN,
2934,GEN,
2935,GEN,
2936,GEN-EWS,310
2937,SC,59
2938,OBC-NCL,517
2939,GEN-EWS,311
2940,GEN,
2941,OBC-NCL,518
2942,GEN,
2943,GEN,
2944,OBC-NCL,519
2945,GEN,
2946,OBC-NCL,520
2947,OBC-NCL,521
2948,GEN,
2949,OBC-NCL,522
2950,GEN,
2951,SC,60
2952,GEN,
2953,OBC-NCL,523
2954,GEN,
2955,GEN,
2956,GEN,
2957,GEN,
2958,GEN,
2959,GEN,
2960,GEN-EWS,312
2961,GEN,
2962,GEN-EWS,313
2963,GEN-EWS,314
2964,GEN,
2965,GEN,
2966,OBC-NCL,524
2967,GEN,
2968,GEN,
2969,GEN,
2970,GEN,
2971,GEN-EWS,315
2972,GEN,
2973,OBC-NCL,525
2974,OBC-NCL,526
2975,GEN,
2976,OBC-NCL,527
2977,GEN,
2978,GEN,
2979,GEN,
2980,GEN,
2981,OBC-NCL,528
2982,GEN,
2983,ST,22
2984,GEN,
2985,GEN,
2986,OBC-NCL,529
2987,OBC-NCL,530
2988,GEN,
2989,GEN,
2990,GEN,
2991,OBC-NCL,531
2992,OBC-NCL,532
2993,GEN,
2994,GEN-EWS,316
2995,GEN-EWS,317
2996,GEN,
2997,OBC-NCL,533
2998,GEN,
2999,GEN,
3000,GEN,
3001,GEN,
3002,GEN,
3003,GEN-EWS,318
3004,GEN,
3005,GEN,
3006,GEN,
3007,GEN,
3008,GEN,
3009,GEN,
3010,GEN,
3011,GEN,
3012,GEN-EWS,319
3013,GEN,
3014,GEN-EWS,320
3015,GEN,
3016,GEN-EWS,321
3017,ST,23
3018,GEN,
3019,GEN,
3020,GEN,
3021,GEN,
3022,GEN,
3023,GEN,
3024,GEN,
3025,GEN,
3026,GEN,
3027,GEN,
3028,GEN-EWS,322
3029,GEN,
3030,GEN,
3031,GEN,
3032,OBC-NCL,534
3033,GEN,
3034,GEN-EWS,323
3035,GEN,
3036,GEN,
3037,GEN-EWS,324
3038,ST,24
3039,OBC-NCL,535
3040,OBC-NCL,536
3041,GEN,
3042,OBC-NCL,537
3043,GEN,
3044,GEN,
3045,OBC-NCL,538
3046,OBC-NCL,539
3047,GEN,
3048,GEN,
3049,GEN,
3050,GEN,
3051,OBC-NCL,540
3052,GEN-EWS,325
3053,GEN,
3054,GEN-EWS,326
3055,GEN,
3056,GEN,
3057,GEN-EWS,327
3058,GEN,
3059,GEN,
3060,GEN,
3061,GEN,
3062,OBC-NCL,541
3063,GEN,
3064,OBC-NCL,542
3065,GEN-EWS,328
3066,SC,61
3067,GEN,
3068,GEN-EWS,329
3069,GEN,
3070,GEN-EWS,330
3071,GEN-EWS,331
3072,OBC-NCL,543
3073,OBC-NCL,544
3074,GEN-EWS,332
3075,GEN,
3076,OBC-NCL,545
3077,GEN,
3078,OBC-NCL,546
3079,GEN-EWS,333
3080,GEN,
3081,GEN-EWS,334
3082,GEN,
3083,OBC-NCL,547
3084,GEN-EWS,335
3085,GEN,
3086,GEN-EWS,336
3087,GEN,
3088,GEN,
3089,GEN-EWS,337
3090,GEN,
3091,GEN,
3092,OBC-NCL,548
3093,GEN-EWS,338
3094,OBC-NCL,549
3095,GEN,
3096,OBC-NCL,550
3097,OBC-NCL,551
3098,GEN,
3099,GEN,
3100,GEN,
3101,GEN,
3102,GEN-EWS,339
3103,SC,62
3104,GEN,
3105,GEN,
3106,GEN,
3107,GEN,
3108,GEN,
3109,GEN,
3110,GEN,
3111,GEN,
3112,GEN,
3113,GEN,
3114,GEN,
3115,GEN,
3116,GEN-EWS,340
3117,GEN,
3118,GEN,
3119,OBC-NCL,552
3120,GEN,
3121,GEN-EWS,341
3122,OBC-NCL,553
3123,OBC-NCL,554
3124,GEN,
3125,GEN,
3126,GEN,
3127,SC,63
3128,GEN,
3129,GEN,
3130,OBC-NCL,555
3131,GEN,
3132,GEN-EWS,342
3133,GEN-EWS,343
3134,GEN,
3135,GEN,
3136,GEN,
3137,ST,25
3138,GEN,
3139,OBC-NCL,556
3140,OBC-NCL,557
3141,GEN,
3142,OBC-NCL,558
3143,GEN,
3144,GEN,
3145,OBC-NCL,559
3146,GEN,
3147,GEN,
3148,GEN,
3149,GEN,
3150,GEN,
3151,GEN,
3152,GEN,
3153,GEN,
3154,GEN,
3155,GEN,
3156,OBC-NCL,560
3157,GEN,
3158,GEN,
3159,GEN,
3160,OBC-NCL,561
3161,OBC-NCL,562
3162,GEN,
3163,GEN,
3164,GEN,
3165,OBC-NCL,563
3166,GEN-EWS,344
3167,GEN,
3168,OBC-NCL,564
3169,GEN,
3170,OBC-NCL,565
3171,GEN,
3172,GEN,
3173,GEN,
3174,OBC-NCL,566
3175,GEN,
3176,GEN,
3177,GEN,
3178,GEN,
3179,GEN,
3180,OBC-NCL,567
3181,OBC-NCL,568
3182,GEN,
3183,GEN,
3184,GEN,
3185,GEN-EWS,345
3186,GEN,
3187,GEN-EWS,346
3188,OBC-NCL,569
3189,GEN,
3190,GEN,
3191,GEN,
3192,GEN,
3193,GEN-EWS,347
3194,OBC-NCL,570
3195,GEN,
3196,GEN,
3197,GEN,
3198,GEN,
3199,SC,64
3200,GEN,
3201,GEN-EWS,348
3202,GEN,
3203,GEN-EWS,349
3204,GEN,
3205,GEN,
3206,GEN,
3207,GEN-EWS,350
3208,GEN,
3209,GEN,
3210,OBC-NCL,571
3211,GEN-EWS,351
3212,GEN-EWS,352
3213,GEN,
3214,OBC-NCL,572
3215,GEN,
3216,GEN,
3217,GEN,
3218,OBC-NCL,573
3219,GEN,
3220,GEN-EWS,353
3221,OBC-NCL,574
3222,GEN,
3223,OBC-NCL,575
3224,GEN,
3225,GEN,
3226,GEN,
3227,OBC-NCL,576
3228,GEN-EWS,354
3229,GEN,
3230,GEN,
3231,GEN,
3232,GEN,
3233,GEN,
3234,OBC-NCL,577
3235,GEN,
3236,OBC-NCL,578
3237,GEN,
3238,GEN,
3239,OBC-NCL,579
3240,GEN,
3241,GEN-EWS,355
3242,GEN,
3242,SC,65
3244,GEN,
3245,GEN,
3246,GEN-EWS,356
3247,GEN-EWS,357
3248,GEN,
3249,GEN,
3250,OBC-NCL,580
3251,OBC-NCL,581
3252,GEN,
3253,GEN-EWS,358
3254,GEN,
3255,OBC-NCL,582
3256,GEN,
3257,GEN,
3258,GEN,
3259,OBC-NCL,583
3260,GEN,
3261,OBC-NCL,584
3262,GEN,
3263,GEN,
3264,GEN-EWS,359
3265,OBC-NCL,585
3266,GEN,
3267,GEN,
3268,GEN,
3269,GEN-EWS,360
3270,GEN,
3271,GEN,
3272,GEN,
3273,GEN,
3274,GEN,
3275,GEN,
3276,OBC-NCL,586
3277,OBC-NCL,587
3278,GEN,
3279,GEN,
3280,GEN-EWS,361
3281,OBC-NCL,588
3282,GEN,
3283,OBC-NCL,589
3284,GEN,
3285,OBC-NCL,590
3286,GEN,
3287,GEN,
3288,GEN,
3289,GEN,
3290,OBC-NCL,591
3291,OBC-NCL,592
3292,GEN,
3293,GEN,
3294,GEN,
3295,OBC-NCL,593
3296,GEN-EWS,362
3297,OBC-NCL,594
3298,OBC-NCL,595
3299,GEN,
3300,GEN,
3301,GEN,
3302,GEN,
3303,OBC-NCL,596
3304,GEN,
3305,GEN-EWS,363
3306,GEN,
3307,GEN,
3308,GEN,
3309,ST,26
3310,ST,27
3311,OBC-NCL,597
3312,GEN,
3313,GEN,
3314,OBC-NCL,598
3315,GEN,
3316,GEN,
3317,OBC-NCL,599
3318,GEN,
3319,GEN,
3320,GEN,
3321,OBC-NCL,600
3322,GEN,
3323,GEN,
3324,GEN,
3325,GEN,
3326,OBC-NCL,601
3327,GEN,
3328,GEN-EWS,364
3329,OBC-NCL,602
3330,OBC-NCL,603
3331,OBC-NCL,604
3332,GEN-EWS,365
3333,GEN,
3334,GEN,
3335,GEN-EWS,366
3336,OBC-NCL,605
3337,OBC-NCL,606
3338,GEN,
3339,GEN-EWS,367
3340,ST,28
3341,GEN-EWS,368
3342,GEN,
3343,GEN-EWS,369
3344,GEN,
3344,GEN,
3346,OBC-NCL,607
3347,GEN,
3348,GEN,
3349,GEN-EWS,370
3350,GEN,
3351,GEN,
3352,GEN,
3353,GEN,
3354,GEN,
3355,GEN-EWS,371
3356,OBC-NCL,608
3357,OBC-NCL,609
3358,GEN,
3359,GEN,
3360,GEN,
3361,GEN,
3362,ST,29
3363,GEN,
3364,GEN,
3365,SC,66
3366,GEN,
3367,GEN,
3368,GEN-EWS,372
3369,GEN-EWS,373
3370,OBC-NCL,610
3371,GEN,
3372,OBC-NCL,611
3373,ST,30
3374,GEN,
3375,GEN,
3376,GEN,
3377,GEN-EWS,374
3378,OBC-NCL,612
3379,GEN,
3380,OBC-NCL,613
3381,GEN,
3382,OBC-NCL,614
3383,GEN,
3384,GEN,
3385,GEN,
3386,GEN-EWS,375
3387,OBC-NCL,615
3388,GEN,
3389,OBC-NCL,616
3390,GEN,
3391,GEN-EWS,376
3392,GEN-EWS,377
3393,GEN,
3394,OBC-NCL,617
3395,OBC-NCL,618
3396,OBC-NCL,619
3397,GEN,
3398,GEN,
3399,GEN,
3400,GEN,
3401,GEN,
3402,OBC-NCL,620
3403,OBC-NCL,621
3404,OBC-NCL,622
3405,OBC-NCL,623
3406,SC,67
3407,GEN,
3408,OBC-NCL,624
3409,GEN,
3410,GEN,
3411,OBC-NCL,625
3412,GEN,
3413,GEN,
3414,GEN-EWS,378
3415,GEN-EWS,379
3416,OBC-NCL,626
3417,GEN,
3418,GEN-EWS,380
3419,GEN,
3420,GEN,
3421,GEN,
3422,GEN,
3423,GEN,
3424,GEN,
3425,GEN,
3426,GEN-EWS,381
3427,GEN-EWS,382
3428,OBC-NCL,627
3429,GEN,
3430,GEN,
3431,GEN,
3432,OBC-NCL,628
3433,OBC-NCL,629
3434,OBC-NCL,630
3435,GEN,
3436,OBC-NCL,631
3437,OBC-NCL,632
3438,GEN,
3439,GEN,
3440,GEN,
3441,GEN,
3442,GEN,
3443,GEN,
3444,GEN,
3445,GEN,
3446,OBC-NCL,633
3447,GEN,
3448,GEN,
3449,GEN,
3450,OBC-NCL,634
3451,GEN,
3452,GEN,
3453,GEN,
3454,GEN,
3455,GEN-EWS,383
3456,GEN-EWS,384
3457,GEN,
3458,GEN,
3459,GEN,
3460,GEN,
3461,GEN,
3462,GEN,
3463,GEN,
3464,GEN,
3465,GEN,
3466,GEN,
3467,GEN,
3468,GEN,
3469,GEN,
3470,GEN,
3471,GEN,
3472,GEN,
3473,GEN,
3474,GEN,
3475,GEN-EWS,385
3476,GEN,
3477,GEN,
3478,GEN,
3479,OBC-NCL,635
3480,OBC-NCL,636
3481,GEN,
3482,GEN,
3483,GEN,
3484,GEN-EWS,386
3485,GEN,
3486,GEN,
3487,GEN,
3488,GEN,
3489,GEN,
3490,OBC-NCL,637
3491,OBC-NCL,638
3492,GEN,
3493,GEN-EWS,387
3494,GEN,
3495,GEN,
3496,GEN,
3497,GEN,
3498,GEN,
3499,GEN,
3500,OBC-NCL,639
3501,GEN-EWS,388
3502,OBC-NCL,640
3503,SC,68
3504,GEN,
3505,GEN,
3506,GEN-EWS,389
3507,GEN,
3508,GEN,
3509,OBC-NCL,641
3510,OBC-NCL,642
3511,GEN,
3512,GEN,
3513,OBC-NCL,643
3514,OBC-NCL,644
3515,GEN,
3516,GEN,
3517,SC,69
3518,GEN,
3519,GEN,
3520,GEN,
3521,GEN,
3522,GEN,
3523,GEN,
3524,OBC-NCL,645
3525,OBC-NCL,646
3526,GEN,
3527,GEN,
3528,GEN-EWS,390
3529,GEN-EWS,391
3530,OBC-NCL,647
3531,OBC-NCL,648
3532,GEN,
3533,OBC-NCL,649
3534,GEN,
3535,GEN,
3536,GEN,
3537,OBC-NCL,650
3538,GEN,
3539,GEN,
3540,GEN,
3541,GEN-EWS,392
3542,GEN,
3543,OBC-NCL,651
3544,GEN,
3545,GEN,
3546,GEN,
3547,GEN-EWS,393
3548,GEN-EWS,394
3549,GEN,
3550,GEN,
3551,GEN,
3552,GEN,
3553,GEN,
3554,GEN-EWS,395
3555,GEN,
3556,GEN-EWS,396
3557,OBC-NCL,652
3558,GEN,
3559,GEN,
3560,GEN-EWS,397
3561,OBC-NCL,653
3562,GEN,
3563,GEN,
3564,GEN,
3565,GEN,
3566,GEN,
3567,OBC-NCL,654
3568,GEN,
3569,GEN-EWS,398
3570,GEN,
3571,OBC-NCL,655
3572,GEN,
3573,GEN,
3574,GEN-EWS,399
3575,GEN,
3576,GEN,
3577,GEN,
3578,GEN-EWS,400
3579,GEN,
3580,OBC-NCL,656
3581,GEN,
3582,GEN,
3583,OBC-NCL,657
3584,GEN-EWS,401
3585,GEN,
3586,GEN,
3587,OBC-NCL,658
3588,GEN,
3589,GEN,
3590,GEN,
3591,GEN-EWS,402
3592,GEN,
3593,OBC-NCL,659
3594,GEN-EWS,403
3595,GEN,
3596,GEN,
3597,OBC-NCL,660
3598,GEN,
3599,GEN,
3600,GEN,
3601,GEN,
3602,GEN,
3603,OBC-NCL,661
3604,OBC-NCL,662
3605,GEN-EWS,404
3606,GEN,
3607,OBC-NCL,663
3608,GEN,
3609,GEN,
3610,OBC-NCL,664
3611,OBC-NCL,665
3612,GEN,
3613,OBC-NCL,666
3614,GEN,
3615,GEN,
3616,OBC-NCL,667
3617,GEN,
3618,GEN,
3619,GEN,
3620,GEN,
3621,OBC-NCL,668
3622,OBC-NCL,669
3623,GEN,
3624,GEN-EWS,405
3625,OBC-NCL,670
3626,GEN,
3627,GEN,
3628,GEN,
3629,GEN,
3630,GEN-EWS,406
3631,GEN,
3632,GEN,
3633,GEN-EWS,407
3634,GEN,
3635,GEN,
3636,GEN,
3637,GEN,
3638,GEN-EWS,408
3639,GEN,
3640,GEN-EWS,409
3641,GEN,
3642,GEN,
3643,GEN,
3644,OBC-NCL,671
3645,GEN-EWS,410
3646,GEN,
3647,GEN,
3648,OBC-NCL,672
3649,GEN,
3650,OBC-NCL,673
3651,OBC-NCL,674
3652,GEN,
3653,GEN,
3654,GEN-EWS,411
3655,OBC-NCL,675
3656,GEN,
3657,GEN,
3658,OBC-NCL,676
3659,GEN,
3660,GEN,
3661,GEN,
3662,GEN,
3663,OBC-NCL,677
3664,GEN,
3665,SC,70
3666,GEN,
3667,GEN,
3668,OBC-NCL,678
3669,GEN,
3670,GEN-EWS,412
3671,OBC-NCL,679
3672,GEN,
3673,OBC-NCL,680
3674,GEN,
3675,SC,71
3676,GEN,
3677,GEN,
3678,OBC-NCL,681
3679,GEN,
3680,GEN,
3681,OBC-NCL,682
3682,ST,31
3683,GEN,
3684,OBC-NCL,683
3685,OBC-NCL,684
3686,GEN,
3687,GEN,
3688,GEN-EWS,413
3689,GEN-EWS,414
3690,GEN-EWS,415
3691,GEN-EWS,416
3692,GEN,
3693,GEN,
3694,SC,72
3695,GEN,
3696,OBC-NCL,685
3697,ST,32
3698,OBC-NCL,686
3699,GEN,
3700,OBC-NCL,687
3701,GEN,
3702,GEN,
3703,GEN,
3704,GEN,
3705,GEN,
3706,GEN-EWS,417
3707,GEN-EWS,418
3708,GEN,
3709,GEN,
3710,GEN-EWS,419
3711,GEN,
3712,GEN,
3713,GEN,
3714,GEN-EWS,420
3715,GEN,
3716,GEN,
3717,OBC-NCL,688
3718,GEN,
3719,OBC-NCL,689
3720,OBC-NCL,690
3721,GEN,
3722,GEN,
3723,GEN,
3724,OBC-NCL,691
3725,GEN-EWS,421
3726,GEN,
3727,GEN,
3728,GEN,
3729,GEN,
3730,GEN,
3731,GEN,
3732,GEN,
3733,GEN,
3734,GEN,
3735,GEN,
3736,GEN,
3737,GEN,
3738,OBC-NCL,692
3739,GEN,
3740,GEN,
3741,GEN,
3742,GEN,
3743,OBC-NCL,693
3744,GEN,
3745,GEN-EWS,422
3746,ST,33
3747,OBC-NCL,694
3748,GEN,
3749,GEN,
3750,GEN,
3751,GEN,
3752,GEN-EWS,423
3753,GEN,
3754,GEN,
3755,OBC-NCL,695
3756,GEN-EWS,424
3757,GEN,
3758,OBC-NCL,696
3759,OBC-NCL,697
3760,OBC-NCL,698
3761,GEN-EWS,425
3762,GEN,
3763,GEN,
3764,GEN,
3765,GEN,
3766,GEN,
3767,GEN-EWS,426
3768,GEN,
3769,OBC-NCL,699
3770,OBC-NCL,700
3771,SC,73
3772,GEN,
3773,OBC-NCL,701
3774,GEN,
3775,GEN,
3776,OBC-NCL,702
3777,OBC-NCL,703
3778,OBC-NCL,704
3779,GEN,
3780,GEN,
3781,GEN,
3782,GEN,
3783,GEN,
3784,GEN,
3785,GEN-EWS,427
3786,GEN-EWS,428
3787,GEN,
3788,OBC-NCL,705
3789,GEN-EWS,429
3790,GEN-EWS,430
3791,GEN-EWS,431
3792,GEN-EWS,432
3793,SC,74
3794,OBC-NCL,706
3795,GEN,
3796,GEN,
3797,OBC-NCL,707
3798,GEN-EWS,433
3799,OBC-NCL,708
3800,OBC-NCL,709
3801,OBC-NCL,710
3802,GEN,
3803,OBC-NCL,711
3804,GEN,
3805,GEN,
3806,GEN,
3807,GEN-EWS,434
3808,GEN,
3809,GEN,
3810,GEN,
3811,OBC-NCL,712
3812,GEN,
3813,GEN-EWS,435
3814,GEN,
3815,GEN,
3816,GEN,
3817,GEN,
3818,GEN,
3819,GEN-EWS,436
3820,GEN-EWS,437
3821,OBC-NCL,713
3822,ST,34
3823,GEN,
3824,OBC-NCL,714
3825,GEN,
3826,OBC-NCL,715
3827,SC,75
3828,GEN,
3829,OBC-NCL,716
3830,GEN,
3831,GEN-EWS,438
3832,GEN,
3833,OBC-NCL,717
3834,GEN,
3835,GEN,
3836,GEN-EWS,439
3837,OBC-NCL,718
3838,GEN-EWS,440
3839,GEN,
3840,GEN-EWS,441
3841,GEN,
3842,GEN,
3843,OBC-NCL,719
3844,GEN,
3845,GEN,
3846,GEN,
3847,GEN,
3848,GEN-EWS,442
3849,OBC-NCL,720
3850,OBC-NCL,721
3851,GEN-EWS,443
3852,GEN,
3853,GEN,
3854,GEN,
3855,OBC-NCL,722
3856,OBC-NCL,723
3857,GEN,
3858,OBC-NCL,724
3859,GEN,
3860,GEN,
3861,GEN,
3862,OBC-NCL,725
3863,GEN,
3864,GEN,
3865,GEN,
3866,GEN,
3867,GEN,
3868,GEN,
3869,GEN,
3870,GEN,
3871,GEN,
3872,GEN,
3873,GEN,
3874,GEN-EWS,444
3875,GEN,
3876,GEN,
3877,GEN,
3878,OBC-NCL,726
3879,OBC-NCL,727
3880,GEN,
3881,GEN,
3882,GEN,
3883,GEN-EWS,445
3884,GEN,
3885,GEN-EWS,446
3886,OBC-NCL,728
3887,GEN,
3888,GEN,
3889,GEN,
3890,OBC-NCL,729
3891,GEN,
3892,GEN,
3893,GEN,
3894,OBC-NCL,730
3895,GEN,
3896,GEN,
3897,GEN,
3898,GEN,
3899,GEN,
3900,OBC-NCL,731
3901,GEN,
3902,GEN-EWS,447
3903,GEN,
3904,OBC-NCL,732
3905,GEN,
3906,GEN-EWS,448
3907,GEN,
3908,OBC-NCL,733
3909,OBC-NCL,734
3910,GEN,
3911,OBC-NCL,735
3912,OBC-NCL,736
3913,OBC-NCL,737
3914,GEN,
3915,GEN,
3916,GEN,
3917,GEN,
3918,GEN,
3919,GEN,
3920,GEN,
3921,OBC-NCL,738
3922,OBC-NCL,739
3923,SC,76
3924,GEN,
3925,GEN,
3926,GEN-EWS,449
3927,GEN,
3928,GEN,
3929,GEN,
3930,OBC-NCL,740
3931,GEN,
3932,GEN-EWS,450
3933,GEN-EWS,451
3934,GEN,
3935,GEN,
3936,GEN,
3937,OBC-NCL,741
3938,GEN,
3939,GEN,
3940,GEN,
3941,SC,77
3942,GEN,
3943,GEN,
3944,GEN,
3945,GEN,
3946,GEN,
3947,GEN,
3948,SC,78
3949,GEN,
3950,GEN-EWS,452
3951,SC,79
3952,GEN,
3953,OBC-NCL,742
3954,OBC-NCL,743
3955,GEN,
3956,GEN-EWS,453
3957,GEN,
3958,GEN,
3959,OBC-NCL,744
3960,OBC-NCL,745
3961,OBC-NCL,746
3962,GEN,
3963,GEN,
3964,GEN,
3965,OBC-NCL,747
3966,GEN,
3967,OBC-NCL,748
3968,GEN-EWS,454
3969,OBC-NCL,749
3970,GEN,
3971,OBC-NCL,750
3972,OBC-NCL,751
3973,GEN,
3974,GEN,
3975,GEN,
3976,SC,80
3977,GEN,
3978,SC,81
3979,GEN,
3980,OBC-NCL,752
3981,GEN,
3982,OBC-NCL,753
3983,GEN,
3984,OBC-NCL,754
3985,GEN,
3986,GEN,
3987,GEN-EWS,455
3988,GEN,
3989,GEN-EWS,456
3990,OBC-NCL,755
3991,GEN-EWS,457
3992,GEN,
3993,GEN,
3994,OBC-NCL,756
3995,OBC-NCL,757
3996,GEN,
3997,OBC-NCL,758
3998,GEN,
3999,OBC-NCL,759
4000,OBC-NCL,760
4001,GEN-EWS,458
4002,GEN,
4003,OBC-NCL,761
4004,GEN-EWS,459
4005,OBC-NCL,762
4006,GEN-EWS,460
4007,GEN,
4008,OBC-NCL,763
4009,GEN,
4010,GEN,
4011,GEN,
4012,GEN,
4013,GEN,
4014,GEN,
4015,GEN,
4016,GEN,
4017,GEN,
4018,GEN,
4019,GEN,
4020,GEN,
4021,OBC-NCL,764
4022,SC,82
4023,GEN,
4024,GEN,
4025,OBC-NCL,765
4026,GEN,
4027,GEN,
4028,GEN,
4029,OBC-NCL,766
4030,GEN,
4031,OBC-NCL,767
4032,GEN-EWS,461
4033,GEN-EWS,462
4034,OBC-NCL,768
4035,GEN,
4036,GEN,
4037,GEN,
4038,GEN-EWS,463
4039,GEN-EWS,464
4040,GEN,
4041,GEN,
4042,GEN,
4043,GEN,
4044,GEN-EWS,465
4045,GEN,
4046,GEN,
4047,GEN-EWS,466
4048,GEN,
4049,OBC-NCL,769
4050,GEN-EWS,467
4051,GEN,
4052,GEN,
4053,GEN-EWS,468
4054,OBC-NCL,770
4055,GEN,
4056,GEN-EWS,469
4057,GEN,
4058,GEN,
4059,GEN,
4060,GEN,
4061,GEN,
4062,GEN,
4063,GEN,
4064,OBC-NCL,771
4065,ST,35
4066,GEN,
4067,GEN,
4068,GEN,
4069,OBC-NCL,772
4070,GEN,
4071,GEN-EWS,470
4072,GEN,
4073,GEN,
4074,OBC-NCL,773
4075,GEN-EWS,471
4076,GEN,
4077,GEN,
4078,GEN,
4079,GEN,
4080,GEN,
4081,OBC-NCL,774
4082,OBC-NCL,775
4083,GEN,
4084,SC,83
4085,GEN,
4086,GEN,
4087,OBC-NCL,776
4088,GEN,
4089,GEN,
4090,GEN,
4091,OBC-NCL,777
4092,GEN,
4093,GEN,
4094,SC,84
4095,GEN,
4096,GEN,
4097,GEN,
4098,SC,85
4099,GEN-EWS,472
4100,GEN,
4101,GEN,
4102,GEN,
4103,GEN,
4104,SC,86
4105,GEN,
4106,GEN-EWS,473
4107,GEN,
4108,GEN,
4109,OBC-NCL,778
4110,GEN,
4111,GEN,
4112,GEN,
4113,SC,87
4114,GEN,
4114,GEN,
4116,GEN,
4117,GEN,
4118,GEN,
4119,SC,88
4120,GEN,
4121,GEN-EWS,474
4122,OBC-NCL,779
4123,GEN,
4124,OBC-NCL,780
4125,GEN,
4126,GEN,
4127,GEN,
4128,OBC-NCL,781
4129,GEN,
4130,GEN,
4131,GEN,
4132,GEN,
4133,GEN,
4134,GEN,
4135,OBC-NCL,782
4136,OBC-NCL,783
4137,OBC-NCL,784
4138,OBC-NCL,785
4139,GEN,
4140,GEN,
4141,GEN,
4142,GEN,
4143,GEN,
4144,GEN,
4145,GEN,
4146,OBC-NCL,786
4147,GEN,
4148,GEN,
4149,GEN-EWS,475
4150,OBC-NCL,787
4151,OBC-NCL,788
4152,OBC-NCL,789
4153,GEN,
4154,GEN-EWS,476
4155,GEN,
4156,GEN,
4157,GEN-EWS,477
4158,GEN,
4159,GEN,
4160,GEN,
4161,GEN-EWS,478
4162,GEN,
4163,GEN,
4164,OBC-NCL,790
4165,ST,36
4166,GEN-EWS,479
4167,GEN,
4168,GEN,
4169,GEN-EWS,480
4170,GEN,
4171,GEN,
4172,GEN,
4173,GEN,
4174,OBC-NCL,791
4175,GEN,
4176,GEN,
4177,OBC-NCL,792
4178,OBC-NCL,793
4179,GEN,
4180,GEN,
4181,GEN,
4182,GEN,
4183,GEN-EWS,481
4184,GEN-EWS,482
4185,GEN,
4186,SC,89
4187,GEN,
4188,GEN,
4189,GEN,
4190,GEN,
4191,GEN,
4192,GEN,
4193,GEN,
4194,GEN-EWS,483
4195,OBC-NCL,794
4196,GEN,
4197,GEN,
4198,GEN,
4199,GEN-EWS,484
4200,GEN,
4201,OBC-NCL,795
4202,GEN,
4203,OBC-NCL,796
4204,GEN,
4205,GEN,
4206,GEN,
4207,GEN,
4208,GEN,
4209,GEN,
4210,GEN,
4211,GEN-EWS,485
4212,GEN,
4213,GEN,
4214,GEN-EWS,486
4215,GEN,
4216,GEN,
4217,GEN,
4218,OBC-NCL,797
4219,GEN,
4220,GEN-EWS,487
4221,GEN,
4222,OBC-NCL,798
4223,OBC-NCL,799
4224,GEN,
4225,GEN,
4226,GEN-EWS,488
4227,GEN-EWS,489
4228,GEN,
4229,GEN,
4230,ST,37
4231,GEN,
4232,GEN,
4233,GEN,
4234,GEN-EWS,490
4235,OBC-NCL,800
4236,OBC-NCL,801
4237,GEN,
4238,GEN,
4239,GEN,
4240,GEN,
4241,SC,90
4242,GEN,
4243,OBC-NCL,802
4244,OBC-NCL,803
4245,OBC-NCL,804
4246,GEN,
4247,GEN,
4248,OBC-NCL,805
4249,GEN,
4250,GEN,
4251,GEN,
4252,OBC-NCL,806
4253,GEN,
4254,ST,38
4255,GEN,
4256,GEN-EWS,491
4257,GEN,
4258,GEN,
4259,SC,91
4260,GEN,
4261,GEN,
4262,GEN,
4263,GEN,
4264,GEN,
4265,GEN,
4266,OBC-NCL,807
4267,GEN,
4268,OBC-NCL,808
4269,GEN-EWS,492
4270,GEN,
4271,GEN,
4272,GEN,
4273,GEN,
4274,OBC-NCL,809
4275,GEN,
4276,GEN,
4277,GEN-EWS,493
4278,GEN,
4279,OBC-NCL,810
4280,GEN-EWS,494
4281,GEN,
4282,GEN,
4283,OBC-NCL,811
4284,GEN,
4285,GEN,
4286,GEN,
4287,GEN,
4288,GEN,
4289,GEN,
4290,GEN-EWS,495
4291,GEN,
4292,OBC-NCL,812
4293,OBC-NCL,813
4294,GEN,
4295,GEN,
4296,GEN,
4297,OBC-NCL,814
4298,GEN,
4299,GEN,
4300,GEN,
4301,GEN,
4302,GEN,
4303,OBC-NCL,815
4304,OBC-NCL,816
4305,GEN,
4306,GEN,
4307,GEN,
4308,GEN,
4309,GEN,
4310,GEN,
4311,GEN,
4312,GEN,
4313,GEN,
4314,OBC-NCL,817
4315,OBC-NCL,818
4316,GEN,
4317,SC,92
4318,GEN,
4319,GEN-EWS,496
4320,GEN,
4321,GEN-EWS,497
4322,OBC-NCL,819
4323,GEN-EWS,498
4324,GEN-EWS,499
4325,GEN-EWS,500
4326,GEN,
4327,GEN,
4328,OBC-NCL,820
4329,GEN,
4330,GEN,
4331,GEN,
4332,GEN,
4333,GEN,
4334,GEN-EWS,501
4335,GEN,
4336,GEN,
4337,GEN-EWS,502
4338,SC,93
4339,GEN,
4340,GEN,
4341,GEN,
4342,GEN,
4343,ST,39
4344,GEN,
4345,GEN,
4346,OBC-NCL,821
4347,OBC-NCL,822
4348,OBC-NCL,823
4349,GEN-EWS,503
4350,OBC-NCL,824
4351,GEN,
4352,GEN,
4353,GEN,
4354,OBC-NCL,825
4355,GEN-EWS,504
4356,OBC-NCL,826
4357,GEN-EWS,505
4358,GEN,
4359,GEN,
4360,GEN,
4361,GEN,
4362,GEN,
4363,GEN,
4364,GEN,
4365,GEN-EWS,506
4366,GEN,
4367,OBC-NCL,827
4368,GEN,
4369,GEN,
4370,GEN,
4371,GEN-EWS,507
4372,GEN,
4373,GEN,
4374,GEN,
4375,GEN,
4376,OBC-NCL,828
4377,GEN,
4378,GEN,
4379,OBC-NCL,829
4380,GEN,
4381,GEN-EWS,508
4382,GEN,
4383,GEN,
4384,SC,94
4385,GEN,
4386,GEN,
4387,GEN,
4388,GEN,
4389,GEN-EWS,509
4390,GEN,
4391,GEN,
4392,GEN,
4393,SC,95
4394,GEN,
4395,OBC-NCL,830
4396,GEN,
4397,GEN,
4398,GEN,
4399,GEN,
4400,GEN,
4401,GEN,
4402,GEN,
4403,ST,40
4404,GEN,
4405,GEN,
4406,GEN,
4407,OBC-NCL,831
4408,GEN,
4409,GEN,
4410,GEN,
4411,GEN,
4412,GEN,
4413,GEN,
4414,GEN,
4415,OBC-NCL,832
4416,GEN,
4417,GEN,
4418,GEN,
4419,GEN-EWS,510
4420,GEN,
4421,OBC-NCL,833
4422,GEN,
4423,GEN,
4424,OBC-NCL,834
4425,SC,96
4426,OBC-NCL,835
4427,GEN,
4428,GEN,
4429,OBC-NCL,836
4430,GEN,
4431,GEN,
4432,GEN,
4433,GEN,
4434,OBC-NCL,837
4435,OBC-NCL,838
4436,GEN,
4437,OBC-NCL,839
4438,GEN,
4439,GEN,
4440,OBC-NCL,840
4441,GEN,
4442,OBC-NCL,841
4443,GEN-EWS,511
4444,GEN,
4445,OBC-NCL,842
4446,GEN,
4447,GEN,
4448,OBC-NCL,843
4449,GEN,
4450,OBC-NCL,844
4451,SC,97
4452,GEN-EWS,512
4453,GEN-EWS,513
4454,GEN,
4455,GEN-EWS,514
4456,GEN,
4457,OBC-NCL,845
4458,GEN,
4459,GEN,
4460,OBC-NCL,846
4461,GEN,
4462,GEN,
4463,OBC-NCL,847
4464,GEN,
4465,OBC-NCL,848
4466,GEN,
4467,GEN-EWS,515
4468,GEN,
4469,OBC-NCL,849
4470,GEN-EWS,516
4471,SC,98
4472,GEN,
4473,OBC-NCL,850
4474,OBC-NCL,851
4475,OBC-NCL,852
4476,SC,99
4477,ST,41
4478,OBC-NCL,853
4479,GEN,
4480,OBC-NCL,854
4481,ST,42
4482,SC,100
4483,OBC-NCL,855
4484,GEN-EWS,517
4485,GEN,
4486,GEN-EWS,518
4487,OBC-NCL,856
4488,GEN,
4489,OBC-NCL,857
4490,GEN-EWS,519
4491,GEN,
4492,GEN,
4493,GEN-EWS,520
4494,GEN,
4495,OBC-NCL,858
4496,GEN,
4497,OBC-NCL,859
4498,GEN,
4499,ST,43
4500,OBC-NCL,860
4501,GEN,
4502,GEN-EWS,521
4503,GEN,
4504,OBC-NCL,861
4505,GEN-EWS,522
4506,GEN,
4507,GEN,
4508,GEN,
4509,GEN,
4510,GEN,
4511,GEN,
4512,GEN,
4513,OBC-NCL,862
4514,GEN,
4515,GEN-EWS,523
4516,GEN,
4517,GEN,
4518,GEN,
4519,GEN,
4520,GEN,
4521,OBC-NCL,863
4522,OBC-NCL,864
4523,GEN-EWS,524
4524,OBC-NCL,865
4525,SC,101
4526,GEN,
4527,GEN,
4528,GEN,
4529,GEN,
4530,GEN,
4531,GEN,
4532,OBC-NCL,866
4533,GEN,
4534,GEN,
4535,GEN,
4536,GEN,
4537,GEN,
4538,OBC-NCL,867
4539,GEN-EWS,525
4540,OBC-NCL,868
4541,GEN-EWS,526
4542,GEN,
4543,GEN,
4544,OBC-NCL,869
4545,GEN,
4546,GEN,
4547,GEN-EWS,527
4548,GEN,
4549,OBC-NCL,870
4550,GEN,
4551,OBC-NCL,871
4552,GEN,
4553,GEN,
4554,GEN,
4555,GEN,
4556,OBC-NCL,872
4557,GEN,
4558,OBC-NCL,873
4559,GEN,
4560,GEN,
4561,GEN,
4562,OBC-NCL,874
4563,OBC-NCL,875
4564,GEN,
4565,GEN,
4566,GEN,
4567,GEN,
4568,GEN,
4569,GEN,
4570,SC,102
4571,GEN,
4572,GEN,
4573,GEN,
4574,OBC-NCL,876
4575,OBC-NCL,877
4576,GEN,
4577,GEN-EWS,528
4578,OBC-NCL,878
4579,GEN,
4580,GEN-EWS,529
4581,GEN,
4582,GEN,
4583,GEN-EWS,530
4584,OBC-NCL,879
4585,SC,103
4586,GEN,
4587,GEN,
4588,OBC-NCL,880
4589,GEN-EWS,531
4590,GEN,
4591,GEN,
4592,GEN,
4593,GEN,
4594,ST,44
4595,GEN,
4596,GEN,
4597,GEN-EWS,532
4598,GEN-EWS,533
4599,GEN-EWS,534
4600,OBC-NCL,881
4601,OBC-NCL,882
4602,GEN-EWS,535
4603,GEN,
4604,GEN,
4605,GEN,
4606,SC,104
4607,GEN,
4608,GEN,
4609,GEN,
4610,SC,105
4611,GEN,
4612,GEN-EWS,536
4613,GEN,
4614,OBC-NCL,883
4615,GEN-EWS,537
4616,OBC-NCL,884
4617,GEN,
4618,GEN,
4619,GEN,
4620,GEN,
4621,OBC-NCL,885
4622,GEN,
4623,GEN,
4624,GEN,
4625,GEN,
4626,GEN,
4627,GEN,
4628,GEN,
4629,GEN,
4630,GEN,
4631,GEN-EWS,538
4632,GEN,
4633,OBC-NCL,886
4634,OBC-NCL,887
4635,GEN,
4636,ST,45
4637,OBC-NCL,888
4638,GEN,
4639,GEN,
4640,ST,46
4641,GEN,
4642,GEN,
4643,GEN,
4644,GEN,
4645,GEN-EWS,539
4646,GEN,
4647,GEN,
4648,GEN,
4649,GEN,
4650,GEN,
4651,OBC-NCL,889
4652,GEN,
4653,GEN,
4654,GEN-EWS,540
4655,GEN,
4656,GEN,
4657,SC,106
4658,GEN-EWS,541
4659,GEN,
4660,GEN,
4661,GEN,
4662,GEN,
4663,GEN,
4664,GEN,
4665,GEN,
4666,GEN,
4667,OBC-NCL,890
4668,GEN,
4669,OBC-NCL,891
4670,GEN,
4671,OBC-NCL,892
4672,GEN,
4673,GEN,
4674,OBC-NCL,893
4675,GEN,
4676,OBC-NCL,894
4677,GEN-EWS,542
4678,OBC-NCL,895
4679,OBC-NCL,896
4680,GEN,
4681,GEN,
4682,GEN,
4683,GEN,
4684,OBC-NCL,897
4685,GEN,
4686,OBC-NCL,898
4687,GEN,
4688,GEN,
4689,GEN,
4690,GEN,
4691,GEN-EWS,543
4692,GEN,
4693,SC,107
4694,OBC-NCL,899
4695,OBC-NCL,900
4696,GEN,
4697,GEN,
4698,OBC-NCL,901
4699,GEN,
4700,GEN,
4701,GEN,
4702,GEN-EWS,544
4703,ST,47
4704,GEN-EWS,545
4705,OBC-NCL,902
4706,OBC-NCL,903
4707,GEN,
4708,OBC-NCL,904
4709,GEN-EWS,546
4710,GEN,
4711,GEN,
4712,GEN,
4713,GEN,
4714,OBC-NCL,905
4715,GEN,
4716,GEN,
4717,GEN,
4718,GEN,
4719,GEN,
4720,GEN,
4721,GEN-EWS,547
4722,GEN,
4723,GEN,
4724,GEN,
4725,GEN,
4726,GEN,
4727,GEN,
4728,GEN,
4729,GEN,
4730,OBC-NCL,906
4731,GEN,
4732,GEN,
4733,GEN,
4734,GEN,
4735,GEN,
4736,GEN,
4737,GEN,
4738,GEN-EWS,548
4739,OBC-NCL,907
4740,GEN-EWS,549
4741,GEN-EWS,550
4742,GEN,
4743,GEN-EWS,551
4744,GEN-EWS,552
4745,GEN,
4746,OBC-NCL,908
4747,OBC-NCL,909
4748,GEN,
4749,GEN,
4750,GEN,
4751,GEN,
4752,GEN,
4753,GEN-EWS,553
4754,GEN,
4755,GEN,
4756,GEN,
4757,GEN,
4758,GEN-EWS,554
4759,GEN-EWS,555
4760,GEN,
4761,GEN,
4762,OBC-NCL,910
4763,GEN,
4764,GEN,
4765,GEN-EWS,556
4766,OBC-NCL,911
4767,GEN,
4768,OBC-NCL,912
4769,GEN-EWS,557
4770,GEN,
4770,ST,48
4772,GEN-EWS,558
4773,GEN,
4774,OBC-NCL,913
4775,GEN-EWS,559
4776,GEN,
4777,OBC-NCL,914
4778,GEN,
4779,GEN,
4780,GEN,
4781,OBC-NCL,915
4782,GEN,
4783,OBC-NCL,916
4784,GEN,
4785,GEN,
4786,GEN,
4787,OBC-NCL,917
4788,GEN,
4789,GEN-EWS,560
4790,GEN,
4791,GEN,
4792,GEN,
4793,GEN,
4794,OBC-NCL,918
4795,GEN,
4796,GEN-EWS,561
4797,GEN,
4798,OBC-NCL,919
4799,GEN,
4800,GEN,
4801,OBC-NCL,920
4802,GEN,
4803,GEN,
4804,OBC-NCL,921
4805,GEN-EWS,562
4806,GEN,
4807,GEN,
4808,GEN,
4809,GEN-EWS,563
4810,OBC-NCL,922
4811,GEN,
4812,GEN,
4813,GEN,
4814,SC,108
4815,OBC-NCL,923
4816,GEN,
4817,GEN,
4818,GEN,
4819,OBC-NCL,924
4820,OBC-NCL,925
4821,GEN,
4822,OBC-NCL,926
4823,OBC-NCL,927
4824,OBC-NCL,928
4825,GEN,
4826,GEN,
4827,GEN,
4828,GEN,
4829,GEN-EWS,564
4830,OBC-NCL,929
4831,OBC-NCL,930
4832,OBC-NCL,931
4833,GEN,
4834,GEN,
4835,GEN,
4836,OBC-NCL,932
4837,GEN-EWS,565
4838,GEN,
4839,GEN,
4840,GEN,
4841,GEN,
4842,GEN,
4843,GEN,
4844,GEN,
4845,OBC-NCL,933
4846,GEN,
4847,GEN,
4848,GEN,
4849,OBC-NCL,934
4850,GEN,
4851,GEN,
4852,OBC-NCL,935
4853,GEN,
4854,GEN-EWS,566
4855,GEN,
4856,GEN,
4857,GEN,
4858,GEN,
4859,GEN,
4860,GEN,
4861,OBC-NCL,936
4862,GEN,
4863,GEN,
4864,OBC-NCL,937
4865,GEN,
4866,GEN,
4867,GEN-EWS,567
4868,GEN,
4869,GEN,
4870,GEN,
4871,GEN,
4872,GEN-EWS,568
4873,GEN,
4874,GEN,
4875,OBC-NCL,938
4876,GEN,
4877,OBC-NCL,939
4878,GEN,
4879,GEN,
4880,OBC-NCL,940
4881,SC,109
4882,GEN,
4883,GEN,
4884,GEN,
4885,OBC-NCL,941
4886,GEN,
4887,OBC-NCL,942
4888,GEN,
4889,GEN-EWS,569
4890,GEN-EWS,570
4891,OBC-NCL,943
4892,GEN,
4893,OBC-NCL,944
4894,GEN,
4895,GEN,
4896,OBC-NCL,945
4897,OBC-NCL,946
4898,OBC-NCL,947
4899,GEN,
4900,OBC-NCL,948
4901,GEN,
4902,GEN,
4903,ST,49
4904,GEN-EWS,571
4905,OBC-NCL,949
4906,GEN-EWS,572
4907,GEN,
4908,GEN,
4909,OBC-NCL,950
4910,OBC-NCL,951
4911,GEN-EWS,573
4912,GEN,
4913,GEN,
4914,GEN,
4915,OBC-NCL,952
4916,GEN,
4917,GEN,
4918,GEN-EWS,574
4919,OBC-NCL,953
4920,GEN,
4921,OBC-NCL,954
4922,GEN,
4923,OBC-NCL,955
4924,GEN,
4925,GEN,
4926,GEN,
4927,OBC-NCL,956
4928,GEN,
4929,GEN,
4930,GEN,
4931,GEN,
4932,GEN,
4933,GEN,
4934,GEN-EWS,575
4935,GEN,
4936,GEN,
4937,GEN-EWS,576
4938,OBC-NCL,957
4939,GEN-EWS,577
4940,SC,110
4941,GEN,
4942,GEN,
4943,OBC-NCL,958
4944,GEN,
4945,GEN,
4946,GEN,
4947,SC,111
4948,OBC-NCL,959
4949,GEN,
4950,GEN,
4951,GEN,
4952,OBC-NCL,960
4953,GEN,
4954,GEN,
4955,GEN,
4956,GEN-EWS,578
4957,GEN-EWS,579
4958,GEN,
4959,GEN,
4960,SC,112
4961,GEN,
4962,GEN,
4963,OBC-NCL,961
4964,OBC-NCL,962
4965,GEN,
4966,GEN-EWS,580
4967,GEN-EWS,581
4968,GEN,
4969,OBC-NCL,963
4970,GEN,
4971,GEN,
4972,OBC-NCL,964
4973,GEN,
4974,GEN,
4975,GEN-EWS,582
4976,GEN,
4977,SC,113
4978,GEN,
4979,GEN,
4980,GEN,
4981,GEN,
4982,GEN,
4983,OBC-NCL,965
4984,GEN,
4985,OBC-NCL,966
4986,GEN,
4987,GEN,
4988,OBC-NCL,967
4989,GEN,
4990,GEN,
4991,GEN,
4992,GEN,
4993,GEN-EWS,583
4994,GEN,
4995,OBC-NCL,968
4996,GEN,
4997,GEN,
4998,SC,114
4999,GEN,
5000,OBC-NCL,969
5001,GEN,
5002,GEN,
5003,GEN,
5004,GEN,
5005,GEN,
5006,GEN,
5007,GEN,
5008,GEN,
5009,GEN,
5010,OBC-NCL,970
5011,SC,115
5012,OBC-NCL,971
5013,ST,50
5014,OBC-NCL,972
5015,GEN,
5016,OBC-NCL,973
5017,GEN-EWS,584
5017,OBC-NCL,974
5019,GEN,
5020,GEN-EWS,585
5021,GEN,
5022,OBC-NCL,975
5023,GEN-EWS,586
5024,GEN,
5025,OBC-NCL,976
5026,GEN,
5027,GEN-EWS,587
5028,GEN-EWS,588
5029,GEN,
5030,GEN,
5031,GEN-EWS,589
5032,GEN,
5033,OBC-NCL,977
5034,GEN,
5035,OBC-NCL,978
5036,GEN,
5037,GEN,
5038,OBC-NCL,979
5039,GEN,
5040,GEN,
5041,OBC-NCL,980
5042,GEN,
5043,GEN,
5044,GEN,
5045,GEN,
5046,OBC-NCL,981
5047,GEN,
5048,OBC-NCL,982
5049,GEN,
5050,GEN,
5051,GEN,
5052,GEN,
5053,GEN-EWS,590
5054,GEN,
5055,GEN,
5056,GEN-EWS,591
5057,GEN,
5058,GEN,
5059,GEN,
5060,OBC-NCL,983
5061,GEN,
5062,GEN-EWS,592
5063,GEN,
5064,GEN,
5065,GEN-EWS,593
5066,OBC-NCL,984
5067,OBC-NCL,985
5068,GEN,
5069,GEN,
5070,GEN,
5071,GEN,
5072,GEN,
5073,OBC-NCL,986
5074,GEN,
5075,GEN-EWS,594
5076,OBC-NCL,987
5077,SC,116
5078,GEN,
5079,OBC-NCL,988
5080,OBC-NCL,989
5081,GEN,
5082,OBC-NCL,990
5083,GEN,
5084,OBC-NCL,991
5085,GEN-EWS,595
5086,GEN,
5087,OBC-NCL,992
5088,GEN,
5089,GEN-EWS,596
5090,GEN-EWS,597
5091,GEN,
5092,GEN-EWS,598
5093,OBC-NCL,993
5094,GEN,
5095,GEN,
5096,OBC-NCL,994
5097,GEN,
5098,OBC-NCL,995
5099,GEN,
5100,GEN-EWS,599
5101,GEN,
5102,GEN,
5103,OBC-NCL,996
5104,OBC-NCL,997
5105,GEN,
5106,GEN,
5107,GEN,
5108,OBC-NCL,998
5109,GEN,
5110,GEN,
5111,OBC-NCL,999
5112,GEN,
5113,GEN,
5114,OBC-NCL,1000
5115,OBC-NCL,1001
5116,GEN,
5117,GEN,
5118,GEN,
5119,GEN,
5120,GEN-EWS,600
5121,GEN-EWS,601
5122,GEN,
5123,GEN,
5124,SC,117
5125,OBC-NCL,1002
5126,GEN,
5127,GEN,
5128,GEN-EWS,602
5129,GEN-EWS,603
5130,OBC-NCL,1003
5131,GEN-EWS,604
5132,OBC-NCL,1004
5133,GEN,
5134,GEN-EWS,605
5135,GEN,
5136,GEN,
5137,GEN-EWS,606
5138,GEN,
5139,GEN,
5140,GEN,
5141,GEN,
5142,GEN-EWS,607
5143,GEN-EWS,608
5144,OBC-NCL,1005
5145,GEN,
5146,GEN,
5147,GEN-EWS,609
5148,SC,118
5149,OBC-NCL,1006
5150,OBC-NCL,1007
5151,OBC-NCL,1008
5152,OBC-NCL,1009
5153,GEN,
5154,GEN,
5155,GEN,
5156,GEN,
5157,GEN,
5158,GEN,
5159,GEN,
5160,OBC-NCL,1010
5161,GEN,
5162,GEN,
5163,GEN,
5164,GEN,
5165,GEN,
5166,GEN,
5167,GEN,
5168,SC,119
5169,GEN,
5170,GEN,
5171,GEN,
5172,OBC-NCL,1011
5173,GEN,
5174,OBC-NCL,1012
5175,GEN,
5176,GEN,
5177,GEN-EWS,610
5178,GEN-EWS,611
5179,GEN,
5180,GEN,
5181,GEN,
5182,OBC-NCL,1013
5183,OBC-NCL,1014
5184,GEN,
5185,GEN,
5186,SC,120
5187,OBC-NCL,1015
5188,OBC-NCL,1016
5189,GEN-EWS,612
5190,GEN,
5191,GEN,
5192,GEN,
5193,GEN,
5194,GEN,
5195,GEN,
5196,GEN,
5197,GEN,
5198,GEN-EWS,613
5199,GEN,
5200,GEN,
5201,GEN,
5202,GEN,
5203,OBC-NCL,1017
5204,OBC-NCL,1018
5205,OBC-NCL,1019
5206,GEN,
5207,GEN,
5208,OBC-NCL,1020
5209,GEN,
5210,SC,121
5211,GEN-EWS,614
5212,OBC-NCL,1021
5213,GEN,
5214,GEN,
5215,GEN-EWS,615
5216,GEN,
5217,GEN-EWS,616
5218,GEN-EWS,617
5219,GEN,
5220,GEN-EWS,618
5221,GEN,
5222,OBC-NCL,1022
5223,GEN,
5224,OBC-NCL,1023
5225,OBC-NCL,1024
5226,GEN-EWS,619
5227,GEN-EWS,620
5228,GEN-EWS,621
5229,GEN,
5230,GEN-EWS,622
5231,GEN-EWS,623
5232,GEN-EWS,624
5233,GEN-EWS,625
5234,GEN,
5235,GEN-EWS,626
5236,OBC-NCL,1025
5237,OBC-NCL,1026
5238,GEN,
5239,OBC-NCL,1027
5240,GEN-EWS,627
5241,GEN-EWS,628
5242,OBC-NCL,1028
5243,GEN,
5244,GEN,
5245,GEN,
5246,GEN,
5247,GEN,
5248,GEN,
5249,GEN,
5250,GEN,
5251,OBC-NCL,1029
5252,GEN,
5253,GEN-EWS,629
5254,GEN,
5255,OBC-NCL,1030
5256,ST,51
5257,OBC-NCL,1031
5258,OBC-NCL,1032
5259,GEN,
5260,GEN,
5261,OBC-NCL,1033
5262,GEN,
5263,GEN,
5264,GEN,
5265,GEN,
5266,GEN,
5267,GEN-EWS,630
5268,GEN,
5269,GEN,
5270,SC,122
5271,GEN,
5272,GEN,
5273,GEN,
5274,GEN,
5275,GEN,
5276,GEN,
5277,OBC-NCL,1034
5278,GEN,
5279,GEN,
5280,GEN,
5281,GEN,
5282,OBC-NCL,1035
5283,GEN-EWS,631
5284,GEN,
5285,SC,123
5286,GEN,
5287,GEN,
5288,GEN,
5289,GEN,
5290,GEN,
5291,GEN,
5292,GEN,
5293,GEN,
5294,GEN,
5295,OBC-NCL,1036
5296,SC,124
5297,GEN,
5298,GEN-EWS,632
5299,SC,125
5300,GEN,
5301,GEN,
5302,GEN,
5303,GEN,
5304,GEN,
5305,OBC-NCL,1037
5306,GEN-EWS,633
5307,OBC-NCL,1038
5308,GEN,
5309,OBC-NCL,1039
5310,GEN,
5311,GEN,
5312,SC,126
5313,OBC-NCL,1040
5314,OBC-NCL,1041
5315,GEN-EWS,634
5316,OBC-NCL,1042
5317,GEN,
5318,GEN,
5319,GEN,
5320,GEN,
5321,GEN,
5322,OBC-NCL,1043
5323,GEN,
5324,GEN,
5325,GEN-EWS,635
5326,GEN-EWS,636
5327,GEN,
5328,GEN,
5329,GEN,
5330,GEN-EWS,637
5331,GEN,
5332,GEN,
5333,GEN,
5334,OBC-NCL,1044
5335,GEN,
5336,GEN-EWS,638
5337,GEN,
5338,GEN,
5339,GEN,
5340,GEN,
5341,OBC-NCL,1045
5342,GEN,
5343,GEN-EWS,639
5344,GEN,
5345,GEN,
5346,GEN-EWS,640
5347,OBC-NCL,1046
5348,SC,127
5349,OBC-NCL,1047
5350,SC,128
5351,SC,129
5352,GEN-EWS,641
5353,GEN,
5354,GEN-EWS,642
5355,GEN,
5356,GEN,
5357,GEN,
5358,GEN,
5359,OBC-NCL,1048
5360,GEN,
5361,GEN,
5362,GEN-EWS,643
5363,OBC-NCL,1049
5364,GEN,
5365,GEN,
5366,OBC-NCL,1050
5367,OBC-NCL,1051
5368,OBC-NCL,1052
5369,GEN,
5370,OBC-NCL,1053
5371,GEN,
5372,GEN,
5373,GEN,
5374,OBC-NCL,1054
5375,GEN,
5376,GEN,
5377,GEN,
5378,GEN,
5379,GEN,
5380,GEN,
5381,GEN,
5382,OBC-NCL,1055
5383,GEN-EWS,644
5384,GEN,
5385,OBC-NCL,1056
5386,GEN,
5387,GEN,
5388,GEN,
5389,OBC-NCL,1057
5390,GEN,
5391,GEN-EWS,645
5392,OBC-NCL,1058
5393,GEN,
5394,GEN,
5395,GEN,
5396,OBC-NCL,1059
5397,GEN-EWS,646
5398,OBC-NCL,1060
5399,GEN,
5400,GEN,
5401,GEN,
5402,GEN,
5403,GEN-EWS,647
5404,GEN,
5405,GEN,
5406,OBC-NCL,1061
5407,OBC-NCL,1062
5408,OBC-NCL,1063
5409,GEN,
5410,GEN,
5411,GEN-EWS,648
5412,GEN-EWS,649
5413,OBC-NCL,1064
5414,GEN,
5415,GEN,
5416,GEN,
5417,GEN,
5418,GEN,
5419,GEN-EWS,650
5420,GEN-EWS,651
5421,GEN,
5422,GEN-EWS,652
5423,GEN,
5424,OBC-NCL,1065
5425,GEN,
5426,GEN,
5427,GEN,
5428,GEN,
5429,OBC-NCL,1066
5430,GEN,
5431,GEN,
5432,GEN,
5433,GEN-EWS,653
5434,GEN,
5435,GEN,
5436,GEN-EWS,654
5437,GEN-EWS,655
5438,GEN,
5439,GEN-EWS,656
5440,GEN,
5441,GEN,
5442,GEN,
5443,SC,130
5444,GEN-EWS,657
5445,GEN,
5446,GEN,
5447,GEN,
5448,GEN,
5449,GEN,
5450,GEN,
5451,OBC-NCL,1067
5452,GEN,
5453,OBC-NCL,1068
5454,GEN,
5455,GEN,
5456,SC,131
5457,GEN,
5458,GEN,
5459,OBC-NCL,1069
5460,GEN,
5461,GEN,
5462,GEN,
5463,GEN,
5464,GEN-EWS,658
5465,GEN-EWS,659
5466,GEN-EWS,660
5467,GEN-EWS,661
5468,GEN,
5469,SC,132
5470,GEN-EWS,662
5471,GEN,
5472,OBC-NCL,1070
5473,GEN,
5474,GEN,
5475,GEN,
5476,GEN-EWS,663
5477,GEN,
5478,OBC-NCL,1071
5479,GEN,
5480,GEN,
5481,OBC-NCL,1072
5482,ST,52
5483,GEN,
5484,GEN-EWS,664
5485,GEN,
5486,GEN,
5487,GEN,
5488,GEN,
5489,OBC-NCL,1073
5490,GEN,
5491,OBC-NCL,1074
5492,GEN-EWS,665
5493,GEN,
5494,GEN-EWS,666
5495,GEN-EWS,667
5496,GEN,
5497,OBC-NCL,1075
5498,GEN,
5499,GEN,
5500,OBC-NCL,1076
5501,GEN-EWS,668
5502,GEN,
5503,OBC-NCL,1077
5504,GEN-EWS,669
5505,OBC-NCL,1078
5506,OBC-NCL,1079
5507,GEN,
5508,GEN-EWS,670
5509,GEN,
5510,GEN-EWS,671
5511,GEN,
5512,GEN-EWS,672
5513,GEN,
5514,GEN,
5515,GEN,
5516,GEN-EWS,673
5517,GEN,
5518,GEN-EWS,674
5519,GEN,
5520,OBC-NCL,1080
5521,GEN,
5522,OBC-NCL,1081
5523,GEN,
5524,GEN,
5525,GEN,
5526,GEN,
5527,OBC-NCL,1082
5528,GEN-EWS,675
5529,GEN,
5530,GEN,
5531,GEN,
5532,GEN,
5533,GEN,
5534,GEN,
5535,GEN,
5536,GEN,
5537,GEN,
5538,GEN,
5539,GEN,
5540,GEN,
5541,GEN,
5542,OBC-NCL,1083
5543,GEN,
5544,GEN,
5545,GEN,
5546,OBC-NCL,1084
5547,GEN-EWS,676
5548,OBC-NCL,1085
5549,GEN,
5550,GEN,
5551,GEN-EWS,677
5552,GEN,
5553,GEN,
5554,GEN,
5555,GEN,
5556,OBC-NCL,1086
5557,GEN,
5558,OBC-NCL,1087
5559,GEN,
5560,GEN-EWS,678
5561,GEN,
5562,GEN,
5563,GEN-EWS,679
5564,GEN,
5565,GEN,
5566,GEN,
5567,GEN,
5568,OBC-NCL,1088
5569,GEN,
5570,GEN,
5571,OBC-NCL,1089
5572,GEN,
5573,GEN,
5574,GEN-EWS,680
5575,GEN,
5576,GEN,
5577,GEN,
5578,GEN,
5579,OBC-NCL,1090
5580,GEN,
5581,OBC-NCL,1091
5582,GEN,
5583,OBC-NCL,1092
5584,GEN,
5585,GEN,
5586,OBC-NCL,1093
5587,ST,53
5588,GEN,
5589,GEN-EWS,681
5590,OBC-NCL,1094
5591,OBC-NCL,1095
5592,OBC-NCL,1096
5593,GEN,
5594,GEN,
5595,GEN,
5596,GEN,
5597,GEN,
5598,GEN,
5599,OBC-NCL,1097
5600,GEN,
5601,GEN,
5602,GEN,
5603,GEN,
5604,GEN-EWS,682
5605,GEN,
5606,OBC-NCL,1098
5607,GEN,
5608,GEN,
5609,GEN,
5610,GEN,
5611,OBC-NCL,1099
5612,GEN,
5613,OBC-NCL,1100
5614,GEN-EWS,683
5615,OBC-NCL,1101
5616,GEN,
5617,GEN,
5618,GEN-EWS,684
5619,GEN-EWS,685
5620,OBC-NCL,1102
5621,GEN,
5622,OBC-NCL,1103
5623,GEN,
5624,OBC-NCL,1104
5625,OBC-NCL,1105
5626,GEN,
5627,GEN-EWS,686
5628,GEN,
5629,GEN-EWS,687
5630,GEN,
5631,GEN,
5632,GEN,
5633,OBC-NCL,1106
5634,GEN-EWS,688
5635,GEN,
5636,GEN,
5637,OBC-NCL,1107
5638,OBC-NCL,1108
5639,GEN,
5640,OBC-NCL,1109
5641,GEN,
5642,OBC-NCL,1110
5643,OBC-NCL,1111
5644,GEN-EWS,689
5645,GEN,
5646,OBC-NCL,1112
5647,GEN,
5648,GEN-EWS,690
5649,GEN-EWS,691
5650,GEN,
5651,GEN,
5652,GEN,
5653,OBC-NCL,1113
5654,GEN-EWS,692
5655,OBC-NCL,1114
5656,GEN,
5657,OBC-NCL,1115
5658,OBC-NCL,1116
5659,GEN,
5660,GEN,
5661,OBC-NCL,1117
5662,GEN,
5663,GEN-EWS,693
5664,OBC-NCL,1118
5665,SC,133
5666,GEN-EWS,694
5667,GEN,
5668,OBC-NCL,1119
5669,GEN,
5670,GEN,
5671,GEN,
5672,GEN,
5673,GEN,
5674,GEN-EWS,695
5675,GEN-EWS,696
5676,GEN,
5677,OBC-NCL,1120
5678,GEN,
5679,GEN-EWS,697
5680,GEN,
5681,GEN,
5682,GEN,
5683,OBC-NCL,1121
5684,GEN,
5685,GEN,
5686,GEN,
5687,GEN,
5688,GEN,
5689,GEN-EWS,698
5690,OBC-NCL,1122
5691,GEN,
5692,GEN-EWS,699
5693,GEN,
5694,OBC-NCL,1123
5695,OBC-NCL,1124
5696,GEN,
5697,GEN,
5698,GEN,
5699,GEN,
5700,GEN,
5701,GEN-EWS,700
5702,OBC-NCL,1125
5703,GEN,
5704,GEN-EWS,701
5705,GEN-EWS,702
5706,GEN-EWS,703
5707,GEN,
5708,GEN,
5709,OBC-NCL,1126
5710,GEN-EWS,704
5711,SC,134
5712,OBC-NCL,1127
5713,GEN-EWS,705
5714,OBC-NCL,1128
5715,GEN,
5716,OBC-NCL,1129
5717,OBC-NCL,1130
5718,GEN,
5719,OBC-NCL,1131
5720,GEN,
5721,OBC-NCL,1132
5722,GEN-EWS,706
5723,GEN,
5724,GEN,
5725,GEN-EWS,707
5726,GEN,
5727,OBC-NCL,1133
5728,GEN,
5729,OBC-NCL,1134
5730,OBC-NCL,1135
5731,GEN,
5732,OBC-NCL,1136
5733,OBC-NCL,1137
5734,GEN,
5735,GEN,
5736,ST,54
5737,GEN-EWS,708
5738,OBC-NCL,1138
5739,GEN,
5740,OBC-NCL,1139
5741,GEN-EWS,709
5742,GEN,
5743,GEN,
5744,GEN,
5745,OBC-NCL,1140
5746,OBC-NCL,1141
5747,GEN,
5748,OBC-NCL,1142
5749,GEN-EWS,710
5750,OBC-NCL,1143
5751,OBC-NCL,1144
5752,OBC-NCL,1145
5753,OBC-NCL,1146
5754,GEN,
5755,OBC-NCL,1147
5756,GEN,
5757,OBC-NCL,1148
5758,GEN,
5759,GEN-EWS,711
5760,GEN,
5761,GEN,
5762,GEN,
5763,OBC-NCL,1149
5764,GEN-EWS,712
5765,GEN-EWS,713
5766,GEN,
5767,GEN-EWS,714
5768,OBC-NCL,1150
5769,GEN-EWS,715
5770,GEN,
5771,OBC-NCL,1151
5772,GEN,
5773,GEN-EWS,716
5774,GEN,
5775,OBC-NCL,1152
5776,GEN-EWS,717
5777,GEN,
5778,GEN,
5779,GEN-EWS,718
5780,OBC-NCL,1153
5781,GEN,
5782,GEN-EWS,719
5783,GEN-EWS,720
5784,GEN-EWS,721
5785,ST,55
5786,OBC-NCL,1154
5787,GEN,
5788,OBC-NCL,1155
5789,GEN,
5790,OBC-NCL,1156
5791,GEN,
5792,GEN,
5793,GEN-EWS,722
5794,GEN,
5794,GEN,
5796,GEN,
5797,OBC-NCL,1157
5798,OBC-NCL,1158
5799,OBC-NCL,1159
5800,GEN,
5801,OBC-NCL,1160
5802,GEN,
5803,GEN,
5804,GEN,
5805,OBC-NCL,1161
5806,GEN,
5807,OBC-NCL,1162
5808,GEN-EWS,723
5809,GEN,
5810,OBC-NCL,1163
5811,GEN,
5812,GEN,
5813,GEN,
5814,GEN,
5815,GEN,
5816,SC,135
5817,GEN-EWS,724
5818,OBC-NCL,1164
5819,GEN,
5820,GEN-EWS,725
5821,GEN,
5822,GEN,
5823,GEN,
5824,GEN,
5825,OBC-NCL,1165
5826,GEN,
5827,OBC-NCL,1166
5828,GEN,
5829,GEN,
5830,OBC-NCL,1167
5831,GEN,
5832,GEN,
5833,ST,56
5834,GEN,
5835,GEN-EWS,726
5836,GEN,
5837,GEN,
5838,GEN,
5839,GEN,
5840,OBC-NCL,1168
5841,GEN-EWS,727
5842,GEN,
5843,OBC-NCL,1169
5844,GEN,
5845,GEN-EWS,728
5846,GEN,
5847,GEN,
5848,GEN,
5849,GEN,
5850,GEN,
5851,OBC-NCL,1170
5852,GEN-EWS,729
5853,OBC-NCL,1171
5854,OBC-NCL,1172
5855,OBC-NCL,1173
5856,GEN,
5857,GEN,
5858,SC,136
5859,OBC-NCL,1174
5860,OBC-NCL,1175
5861,GEN,
5862,GEN,
5863,OBC-NCL,1176
5864,GEN,
5865,GEN-EWS,730
5866,GEN,
5867,GEN,
5868,OBC-NCL,1177
5869,OBC-NCL,1178
5870,OBC-NCL,1179
5871,GEN-EWS,731
5872,GEN,
5873,GEN,
5874,OBC-NCL,1180
5875,OBC-NCL,1181
5876,GEN,
5877,GEN,
5878,OBC-NCL,1182
5879,GEN,
5880,GEN,
5881,OBC-NCL,1183
5882,GEN,
5883,GEN,
5884,GEN-EWS,732
5885,OBC-NCL,1184
5886,GEN,
5887,GEN-EWS,733
5888,GEN-EWS,734
5889,GEN,
5890,GEN-EWS,735
5891,GEN,
5892,GEN,
5893,GEN,
5894,GEN,
5895,GEN-EWS,736
5896,GEN,
5897,GEN,
5898,GEN-EWS,737
5899,GEN,
5900,OBC-NCL,1185
5901,GEN,
5902,GEN-EWS,738
5903,GEN-EWS,739
5904,GEN,
5905,GEN-EWS,740
5906,OBC-NCL,1186
5907,OBC-NCL,1187
5908,GEN,
5909,GEN,
5910,GEN,
5911,OBC-NCL,1188
5911,SC,137
5913,GEN,
5914,OBC-NCL,1189
5915,SC,138
5916,GEN,
5917,GEN,
5918,OBC-NCL,1190
5919,GEN,
5920,GEN,
5921,GEN,
5922,GEN,
5923,GEN,
5924,GEN-EWS,741
5925,GEN-EWS,742
5926,GEN,
5927,GEN,
5928,GEN-EWS,743
5929,GEN-EWS,744
5930,OBC-NCL,1191
5931,OBC-NCL,1192
5932,OBC-NCL,1193
5933,GEN,
5934,OBC-NCL,1194
5935,GEN,
5936,GEN-EWS,745
5937,GEN,
5938,GEN,
5939,GEN,
5939,GEN,
5941,GEN,
5942,GEN-EWS,746
5943,OBC-NCL,1195
5944,OBC-NCL,1196
5945,OBC-NCL,1197
5946,OBC-NCL,1198
5947,OBC-NCL,1199
5948,GEN-EWS,747
5949,GEN,
5950,OBC-NCL,1200
5951,GEN,
5952,GEN,
5953,OBC-NCL,1201
5954,GEN,
5954,GEN,
5956,GEN,
5957,GEN,
5958,GEN,
5959,GEN,
5960,GEN,
5961,GEN,
5962,GEN,
5963,GEN,
5964,OBC-NCL,1202
5965,GEN,
5966,GEN,
5967,GEN-EWS,748
5968,GEN-EWS,749
5969,GEN,
5970,GEN,
5971,OBC-NCL,1203
5972,OBC-NCL,1204
5973,OBC-NCL,1205
5974,GEN,
5975,GEN,
5976,GEN,
5977,GEN,
5978,GEN,
5979,GEN,
5980,GEN,
5981,OBC-NCL,1206
5982,GEN-EWS,750
5983,GEN,
5984,GEN,
5985,GEN,
5986,GEN-EWS,751
5987,SC,139
5988,GEN,
5989,SC,140
5990,GEN,
5991,GEN,
5992,OBC-NCL,1207
5993,GEN,
5994,OBC-NCL,1208
5995,GEN,
5996,GEN,
5997,GEN,
5998,OBC-NCL,1209
5999,GEN,
6000,OBC-NCL,1210
6001,GEN,
6002,GEN,
6003,GEN,
6004,GEN,
6005,OBC-NCL,1211
6006,GEN,
6007,GEN,
6008,GEN,
6009,GEN,
6010,OBC-NCL,1212
6011,GEN,
6012,GEN,
6013,GEN,
6014,GEN,
6015,GEN,
6016,GEN,
6017,GEN,
6018,OBC-NCL,1213
6019,GEN,
6020,GEN,
6021,GEN,
6022,GEN-EWS,752
6023,ST,57
6024,GEN,
6025,GEN,
6026,GEN,
6027,GEN,
6028,GEN,
6029,GEN,
6030,GEN,
6031,GEN,
6032,OBC-NCL,1214
6033,GEN,
6034,GEN,
6035,OBC-NCL,1215
6036,GEN,
6037,GEN,
6038,GEN,
6039,GEN,
6040,GEN,
6041,OBC-NCL,1216
6042,GEN,
6043,OBC-NCL,1217
6044,OBC-NCL,1218
6045,GEN,
6046,GEN,
6047,GEN,
6048,GEN,
6049,OBC-NCL,1219
6050,GEN,
6051,GEN,
6052,SC,141
6053,GEN,
6054,GEN,
6055,GEN,
6056,OBC-NCL,1220
6057,OBC-NCL,1221
6058,GEN,
6059,OBC-NCL,1222
6060,GEN,
6061,GEN,
6062,GEN,
6063,GEN,
6064,GEN,
6065,GEN,
6066,GEN,
6067,SC,142
6068,GEN-EWS,753
6069,GEN,
6070,GEN,
6071,GEN-EWS,754
6072,GEN,
6073,OBC-NCL,1223
6074,OBC-NCL,1224
6075,GEN,
6076,GEN,
6077,GEN,
6078,GEN,
6079,OBC-NCL,1225
6080,OBC-NCL,1226
6081,GEN-EWS,755
6082,OBC-NCL,1227
6083,OBC-NCL,1228
6084,OBC-NCL,1229
6085,GEN,
6086,GEN,
6087,GEN,
6088,GEN,
6089,GEN,
6090,OBC-NCL,1230
6091,OBC-NCL,1231
6092,OBC-NCL,1232
6093,GEN,
6094,GEN,
6095,GEN,
6096,OBC-NCL,1233
6097,GEN,
6098,GEN-EWS,756
6099,GEN,
6100,GEN,
6101,GEN,
6102,GEN,
6103,OBC-NCL,1234
6104,GEN,
6105,OBC-NCL,1235
6106,GEN,
6107,GEN-EWS,757
6108,GEN,
6109,GEN,
6110,GEN,
6111,GEN,
6112,GEN,
6113,GEN-EWS,758
6114,GEN,
6115,GEN-EWS,759
6116,GEN,
6117,SC,143
6118,GEN,
6119,ST,58
6120,GEN,
6121,GEN-EWS,760
6122,GEN,
6123,GEN-EWS,761
6124,GEN,
6125,GEN,
6126,GEN,
6127,GEN,
6128,OBC-NCL,1236
6129,OBC-NCL,1237
6130,GEN,
6131,OBC-NCL,1238
6132,GEN,
6133,GEN,
6134,GEN,
6135,OBC-NCL,1239
6136,GEN-EWS,762
6137,GEN-EWS,763
6138,OBC-NCL,1240
6139,GEN,
6140,GEN,
6141,SC,144
6142,GEN-EWS,764
6143,OBC-NCL,1241
6144,GEN,
6145,GEN,
6146,GEN,
6147,GEN,
6148,GEN,
6149,OBC-NCL,1242
6150,GEN-EWS,765
6151,GEN,
6152,OBC-NCL,1243
6153,GEN,
6154,SC,145
6155,OBC-NCL,1244
6156,GEN,
6157,OBC-NCL,1245
6158,OBC-NCL,1246
6159,OBC-NCL,1247
6160,OBC-NCL,1248
6161,GEN-EWS,766
6162,GEN,
6163,OBC-NCL,1249
6164,OBC-NCL,1250
6165,OBC-NCL,1251
6166,SC,146
6167,GEN,
6168,OBC-NCL,1252
6169,GEN,
6170,OBC-NCL,1253
6171,GEN-EWS,767
6172,OBC-NCL,1254
6173,OBC-NCL,1255
6174,GEN,
6175,GEN,
6176,GEN-EWS,768
6177,OBC-NCL,1256
6178,GEN,
6179,GEN-EWS,769
6180,GEN,
6181,OBC-NCL,1257
6182,GEN,
6183,GEN-EWS,770
6184,GEN,
6185,OBC-NCL,1258
6186,GEN,
6187,OBC-NCL,1259
6188,GEN-EWS,771
6189,OBC-NCL,1260
6190,GEN-EWS,772
6191,OBC-NCL,1261
6192,GEN,
6193,GEN,
6194,GEN-EWS,773
6195,OBC-NCL,1262
6196,SC,147
6197,GEN,
6198,GEN,
6199,OBC-NCL,1263
6200,GEN,
6201,OBC-NCL,1264
6202,GEN,
6203,OBC-NCL,1265
6204,GEN,
6205,GEN-EWS,774
6206,GEN,
6207,GEN,
6208,OBC-NCL,1266
6209,GEN-EWS,775
6210,OBC-NCL,1267
6211,OBC-NCL,1268
6212,GEN,
6213,GEN,
6214,GEN,
6215,GEN,
6216,GEN,
6217,OBC-NCL,1269
6218,GEN,
6219,GEN,
6220,GEN,
6221,OBC-NCL,1270
6222,OBC-NCL,1271
6223,GEN,
6224,GEN,
6225,GEN,
6226,GEN-EWS,776
6227,OBC-NCL,1272
6228,GEN,
6229,OBC-NCL,1273
6230,GEN,
6231,OBC-NCL,1274
6232,GEN-EWS,777
6233,GEN,
6234,GEN-EWS,778
6235,OBC-NCL,1275
6236,OBC-NCL,1276
6237,GEN,
6238,OBC-NCL,1277
6239,GEN,
6240,GEN,
6241,OBC-NCL,1278
6242,GEN,
6243,GEN,
6244,OBC-NCL,1279
6245,GEN,
6246,GEN-EWS,779
6247,GEN,
6248,GEN,
6249,GEN,
6250,GEN,
6251,GEN,
6252,GEN,
6253,OBC-NCL,1280
6254,OBC-NCL,1281
6255,OBC-NCL,1282
6256,OBC-NCL,1283
6257,GEN-EWS,780
6258,GEN,
6259,GEN-EWS,781
6260,OBC-NCL,1284
6261,GEN,
6262,OBC-NCL,1285
6263,GEN,
6264,GEN,
6265,GEN,
6266,OBC-NCL,1286
6267,OBC-NCL,1287
6268,GEN,
6269,GEN,
6270,GEN,
6271,GEN-EWS,782
6272,GEN,
6273,GEN,
6274,GEN-EWS,783
6275,GEN-EWS,784
6276,GEN,
6277,GEN,
6278,GEN,
6279,GEN,
6280,OBC-NCL,1288
6281,GEN,
6282,GEN,
6283,GEN,
6284,GEN,
6285,GEN,
6286,GEN-EWS,785
6287,OBC-NCL,1289
6288,GEN,
6289,GEN,
6290,GEN,
6291,OBC-NCL,1290
6292,GEN,
6293,OBC-NCL,1291
6294,SC,148
6295,OBC-NCL,1292
6296,ST,59
6297,OBC-NCL,1293
6298,GEN-EWS,786
6299,GEN,
6300,OBC-NCL,1294
6301,SC,149
6302,GEN,
6303,OBC-NCL,1295
6304,GEN,
6305,GEN-EWS,787
6306,GEN-EWS,788
6307,GEN,
6308,GEN,
6309,GEN,
6310,OBC-NCL,1296
6311,GEN,
6312,GEN,
6313,OBC-NCL,1297
6314,OBC-NCL,1298
6315,OBC-NCL,1299
6316,GEN-EWS,789
6317,GEN,
6318,GEN,
6319,GEN,
6320,GEN-EWS,790
6321,OBC-NCL,1300
6322,GEN,
6323,OBC-NCL,1301
6324,GEN,
6325,OBC-NCL,1302
6326,GEN-EWS,791
6327,GEN,
6328,GEN-EWS,792
6329,GEN-EWS,793
6330,GEN-EWS,794
6331,GEN,
6332,GEN-EWS,795
6333,GEN,
6334,GEN,
6335,GEN-EWS,796
6336,OBC-NCL,1303
6337,GEN,
6338,GEN-EWS,797
6339,GEN,
6340,OBC-NCL,1304
6341,GEN,
6342,GEN,
6343,GEN,
6344,GEN,
6345,OBC-NCL,1305
6346,GEN,
6347,GEN,
6348,OBC-NCL,1306
6349,GEN,
6350,GEN-EWS,798
6351,GEN,
6352,GEN-EWS,799
6353,GEN,
6354,GEN,
6355,GEN-EWS,800
6356,GEN,
6357,OBC-NCL,1307
6358,GEN,
6359,GEN,
6360,GEN,
6361,OBC-NCL,1308
6362,GEN,
6363,OBC-NCL,1309
6364,GEN,
6365,GEN,
6366,GEN,
6367,GEN,
6368,GEN,
6369,GEN,
6370,GEN,
6371,GEN,
6372,GEN,
6373,SC,150
6374,OBC-NCL,1310
6375,GEN,
6376,OBC-NCL,1311
6377,OBC-NCL,1312
6378,OBC-NCL,1313
6379,OBC-NCL,1314
6380,OBC-NCL,1315
6381,OBC-NCL,1316
6382,GEN,
6383,GEN,
6384,OBC-NCL,1317
6385,GEN,
6386,GEN,
6387,GEN,
6388,GEN-EWS,801
6389,GEN,
6390,GEN-EWS,802
6391,GEN,
6392,GEN,
6393,GEN,
6394,OBC-NCL,1318
6395,GEN-EWS,803
6396,GEN,
6397,GEN,
6398,GEN,
6399,GEN-EWS,804
6400,OBC-NCL,1319
6401,OBC-NCL,1320
6402,OBC-NCL,1321
6403,OBC-NCL,1322
6404,OBC-NCL,1323
6405,GEN,
6406,OBC-NCL,1324
6407,GEN,
6408,GEN,
6409,OBC-NCL,1325
6410,OBC-NCL,1326
6411,GEN-EWS,805
6412,GEN,
6413,GEN,
6414,ST,60
6415,GEN,
6416,OBC-NCL,1327
6417,GEN,
6418,OBC-NCL,1328
6419,GEN,
6420,OBC-NCL,1329
6421,GEN,
6422,GEN,
6423,GEN,
6424,GEN,
6425,OBC-NCL,1330
6426,OBC-NCL,1331
6427,GEN,
6427,GEN,
6429,SC,151
6430,GEN,
6431,GEN,
6432,GEN,
6433,OBC-NCL,1332
6434,GEN,
6435,GEN,
6436,OBC-NCL,1333
6437,GEN,
6438,GEN-EWS,806
6439,OBC-NCL,1334
6440,GEN,
6441,OBC-NCL,1335
6442,GEN,
6443,GEN,
6444,OBC-NCL,1336
6445,OBC-NCL,1337
6446,GEN,
6447,OBC-NCL,1338
6448,GEN,
6449,GEN,
6450,GEN,
6451,GEN,
6452,OBC-NCL,1339
6453,GEN-EWS,807
6454,GEN-EWS,808
6455,OBC-NCL,1340
6456,OBC-NCL,1341
6457,GEN,
6458,GEN,
6459,GEN,
6460,GEN-EWS,809
6461,GEN,
6462,GEN,
6463,GEN,
6464,GEN,
6465,OBC-NCL,1342
6466,GEN,
6467,OBC-NCL,1343
6468,OBC-NCL,1344
6469,GEN,
6470,GEN-EWS,810
6471,OBC-NCL,1345
6472,GEN-EWS,811
6473,GEN,
6474,OBC-NCL,1346
6475,GEN,
6476,GEN,
6477,GEN,
6478,GEN,
6479,GEN,
6480,GEN,
6481,GEN,
6482,OBC-NCL,1347
6483,GEN-EWS,812
6484,OBC-NCL,1348
6485,GEN,
6486,GEN,
6487,GEN,
6488,OBC-NCL,1349
6489,GEN,
6490,OBC-NCL,1350
6491,GEN,
6492,OBC-NCL,1351
6493,GEN-EWS,813
6494,GEN,
6495,GEN-EWS,814
6496,OBC-NCL,1352
6497,OBC-NCL,1353
6498,GEN,
6499,GEN,
6500,GEN,
6501,GEN,
6502,GEN,
6503,GEN-EWS,815
6504,OBC-NCL,1354
6505,GEN,
6506,GEN,
6507,OBC-NCL,1355
6508,OBC-NCL,1356
6509,GEN,
6510,GEN,
6511,GEN,
6512,OBC-NCL,1357
6513,OBC-NCL,1358
6514,GEN,
6515,GEN-EWS,816
6516,GEN-EWS,817
6517,GEN,
6518,GEN,
6519,GEN,
6520,GEN,
6521,GEN-EWS,818
6522,GEN,
6523,GEN,
6524,OBC-NCL,1359
6525,GEN,
6526,OBC-NCL,1360
6527,GEN,
6528,OBC-NCL,1361
6529,GEN,
6530,OBC-NCL,1362
6531,OBC-NCL,1363
6532,GEN,
6533,GEN-EWS,819
6534,OBC-NCL,1364
6535,OBC-NCL,1365
6536,GEN,
6537,OBC-NCL,1366
6538,GEN,
6539,GEN-EWS,820
6540,GEN-EWS,821
6541,GEN,
6542,GEN,
6543,OBC-NCL,1367
6544,GEN,
6545,OBC-NCL,1368
6546,GEN,
6547,GEN-EWS,822
6548,GEN,
6549,GEN,
6550,OBC-NCL,1369
6551,OBC-NCL,1370
6552,GEN,
6553,GEN,
6554,GEN,
6555,GEN,
6556,GEN,
6557,OBC-NCL,1371
6558,OBC-NCL,1372
6559,GEN-EWS,823
6560,GEN,
6561,GEN,
6562,GEN-EWS,824
6563,OBC-NCL,1373
6564,OBC-NCL,1374
6565,GEN,
6566,OBC-NCL,1375
6567,GEN,
6568,GEN-EWS,825
6569,OBC-NCL,1376
6570,GEN,
6571,SC,152
6572,GEN,
6573,OBC-NCL,1377
6574,GEN-EWS,826
6575,GEN-EWS,827
6576,GEN,
6577,GEN-EWS,828
6578,GEN,
6579,OBC-NCL,1378
6580,GEN,
6581,OBC-NCL,1379
6582,GEN,
6583,GEN,
6584,GEN-EWS,829
6585,OBC-NCL,1380
6586,GEN-EWS,830
6587,OBC-NCL,1381
6588,GEN-EWS,831
6589,GEN-EWS,832
6590,ST,61
6591,OBC-NCL,1382
6592,GEN-EWS,833
6593,GEN,
6594,OBC-NCL,1383
6595,GEN-EWS,834
6596,GEN-EWS,835
6597,GEN,
6598,GEN,
6599,GEN,
6600,GEN-EWS,836
6601,GEN,
6602,GEN-EWS,837
6603,GEN,
6604,OBC-NCL,1384
6605,OBC-NCL,1385
6606,OBC-NCL,1386
6607,GEN,
6608,GEN,
6609,GEN,
6610,GEN,
6611,GEN,
6612,GEN,
6613,GEN,
6614,GEN,
6615,GEN,
6616,GEN,
6617,GEN,
6618,GEN,
6619,GEN,
6620,GEN-EWS,838
6621,GEN,
6622,GEN,
6623,OBC-NCL,1387
6624,GEN,
6625,GEN,
6626,GEN-EWS,839
6627,GEN-EWS,840
6628,GEN,
6629,OBC-NCL,1388
6630,OBC-NCL,1389
6631,OBC-NCL,1390
6632,GEN,
6633,GEN-EWS,841
6634,OBC-NCL,1391
6635,OBC-NCL,1392
6636,OBC-NCL,1393
6637,GEN,
6638,OBC-NCL,1394
6639,GEN,
6640,GEN,
6641,OBC-NCL,1395
6642,GEN,
6643,OBC-NCL,1396
6644,OBC-NCL,1397
6645,GEN,
6646,GEN,
6647,GEN,
6648,GEN,
6649,GEN-EWS,842
6650,GEN-EWS,843
6651,OBC-NCL,1398
6652,GEN,
6653,GEN,
6654,GEN-EWS,844
6655,GEN,
6656,OBC-NCL,1399
6657,GEN,
6658,OBC-NCL,1400
6659,GEN,
6660,GEN-EWS,845
6661,GEN,
6662,GEN,
6663,GEN,
6664,GEN,
6665,OBC-NCL,1401
6666,OBC-NCL,1402
6667,OBC-NCL,1403
6668,GEN,
6669,GEN,
6670,OBC-NCL,1404
6671,OBC-NCL,1405
6672,SC,153
6673,SC,154
6674,GEN,
6675,GEN,
6676,GEN,
6677,GEN,
6678,GEN,
6679,OBC-NCL,1406
6680,GEN,
6681,SC,155
6682,GEN,
6683,GEN,
6684,OBC-NCL,1407
6685,GEN-EWS,846
6686,OBC-NCL,1408
6687,GEN,
6688,GEN-EWS,847
6689,GEN,
6690,GEN,
6691,GEN-EWS,848
6692,GEN,
6693,OBC-NCL,1409
6694,GEN,
6695,GEN,
6696,OBC-NCL,1410
6697,GEN,
6698,GEN-EWS,849
6699,GEN,
6700,GEN,
6701,GEN,
6702,OBC-NCL,1411
6703,OBC-NCL,1412
6704,OBC-NCL,1413
6705,GEN,
6706,GEN,
6707,OBC-NCL,1414
6708,GEN-EWS,850
6709,GEN-EWS,851
6710,OBC-NCL,1415
6711,GEN,
6712,GEN,
6713,GEN-EWS,852
6714,OBC-NCL,1416
6715,GEN-EWS,853
6716,GEN,
6717,GEN,
6718,GEN-EWS,854
6719,OBC-NCL,1417
6720,ST,62
6721,GEN,
6722,GEN,
6723,GEN,
6724,GEN,
6725,GEN,
6726,OBC-NCL,1418
6727,OBC-NCL,1419
6728,GEN,
6729,OBC-NCL,1420
6730,SC,156
6731,GEN,
6732,OBC-NCL,1421
6733,OBC-NCL,1422
6734,GEN,
6735,GEN,
6736,GEN-EWS,855
6737,GEN,
6738,GEN,
6739,OBC-NCL,1423
6740,GEN,
6741,GEN,
6742,OBC-NCL,1424
6743,GEN,
6744,GEN,
6745,OBC-NCL,1425
6746,OBC-NCL,1426
6747,OBC-NCL,1427
6748,GEN,
6749,GEN,
6750,GEN,
6751,GEN-EWS,856
6752,OBC-NCL,1428
6753,GEN,
6754,GEN,
6755,GEN,
6756,GEN,
6757,OBC-NCL,1429
6758,GEN,
6759,GEN,
6760,GEN,
6761,GEN,
6762,OBC-NCL,1430
6763,OBC-NCL,1431
6764,GEN,
6765,OBC-NCL,1432
6766,GEN-EWS,857
6767,GEN-EWS,858
6768,GEN,
6769,OBC-NCL,1433
6770,OBC-NCL,1434
6771,GEN,
6772,GEN,
6773,GEN-EWS,859
6774,GEN,
6775,GEN,
6776,GEN,
6777,GEN,
6778,OBC-NCL,1435
6779,GEN,
6780,GEN,
6781,OBC-NCL,1436
6782,GEN,
6783,GEN-EWS,860
6784,GEN,
6785,SC,157
6786,GEN,
6787,GEN,
6788,OBC-NCL,1437
6789,OBC-NCL,1438
6790,GEN,
6791,GEN,
6792,GEN,
6793,SC,158
6794,GEN-EWS,861
6795,GEN-EWS,862
6796,GEN-EWS,863
6797,GEN,
6798,GEN-EWS,864
6799,GEN-EWS,865
6800,OBC-NCL,1439
6801,GEN,
6802,GEN,
6803,GEN-EWS,866
6804,GEN,
6805,GEN,
6806,GEN,
6807,GEN,
6808,GEN-EWS,867
6809,GEN,
6810,OBC-NCL,1440
6811,GEN-EWS,868
6812,GEN,
6813,GEN,
6814,GEN,
6815,GEN,
6816,GEN-EWS,869
6817,GEN-EWS,870
6818,OBC-NCL,1441
6819,GEN,
6820,OBC-NCL,1442
6821,OBC-NCL,1443
6822,GEN,
6823,GEN,
6824,GEN,
6825,GEN-EWS,871
6826,OBC-NCL,1444
6827,GEN,
6828,GEN,
6829,GEN,
6830,SC,159
6831,OBC-NCL,1445
6832,OBC-NCL,1446
6833,GEN,
6834,GEN,
6835,GEN,
6836,SC,160
6837,GEN-EWS,872
6838,GEN,
6839,GEN-EWS,873
6840,GEN,
6841,GEN,
6842,OBC-NCL,1447
6843,GEN,
6844,GEN,
6845,OBC-NCL,1448
6846,GEN,
6847,GEN,
6848,GEN,
6849,GEN,
6850,GEN,
6851,GEN,
6852,GEN-EWS,874
6853,OBC-NCL,1449
6854,GEN,
6855,SC,161
6856,OBC-NCL,1450
6857,OBC-NCL,1451
6858,GEN,
6859,GEN,
6860,GEN,
6861,GEN,
6862,GEN-EWS,875
6863,OBC-NCL,1452
6864,GEN,
6865,GEN,
6866,GEN,
6867,GEN,
6868,GEN-EWS,876
6869,GEN,
6870,GEN,
6871,GEN,
6872,GEN-EWS,877
6873,GEN,
6874,GEN-EWS,878
6875,GEN-EWS,879
6876,OBC-NCL,1453
6877,GEN-EWS,880
6878,GEN,
6879,OBC-NCL,1454
6880,GEN-EWS,881
6881,GEN,
6882,GEN-EWS,882
6883,GEN,
6884,GEN,
6885,GEN,
6886,GEN,
6887,GEN,
6888,GEN,
6889,GEN-EWS,883
6890,GEN-EWS,884
6891,SC,162
6892,GEN,
6893,GEN,
6894,OBC-NCL,1455
6895,GEN,
6896,GEN,
6897,OBC-NCL,1456
6898,GEN,
6899,GEN,
6900,GEN,
6901,OBC-NCL,1457
6902,GEN,
6903,GEN,
6904,GEN,
6905,GEN,
6906,OBC-NCL,1458
6907,OBC-NCL,1459
6908,GEN,
6909,GEN-EWS,885
6910,GEN,
6911,GEN,
6912,GEN,
6913,GEN,
6914,OBC-NCL,1460
6915,OBC-NCL,1461
6916,GEN,
6917,OBC-NCL,1462
6918,GEN-EWS,886
6919,GEN,
6920,SC,163
6921,GEN-EWS,887
6922,GEN,
6923,GEN,
6924,OBC-NCL,1463
6925,OBC-NCL,1464
6926,GEN-EWS,888
6927,GEN,
6928,GEN-EWS,889
6929,GEN,
6930,OBC-NCL,1465
6931,GEN-EWS,890
6932,GEN,
6933,OBC-NCL,1466
6934,OBC-NCL,1467
6935,GEN,
6936,SC,164
6937,OBC-NCL,1468
6938,GEN,
6939,GEN,
6940,ST,63
6941,GEN,
6942,GEN-EWS,891
6943,OBC-NCL,1469
6944,GEN,
6945,GEN,
6946,GEN,
6947,GEN,
6948,OBC-NCL,1470
6949,GEN,
6950,GEN,
6951,ST,64
6952,GEN,
6953,GEN,
6954,GEN,
6955,OBC-NCL,1471
6956,GEN,
6957,GEN-EWS,892
6958,GEN,
6959,GEN-EWS,893
6960,ST,65
6961,GEN,
6962,GEN,
6963,GEN,
6964,GEN-EWS,894
6965,OBC-NCL,1472
6966,GEN-EWS,895
6967,GEN,
6968,GEN-EWS,896
6969,GEN-EWS,897
6970,GEN,
6971,OBC-NCL,1473
6972,GEN,
6973,GEN,
6974,GEN-EWS,898
6975,GEN,
6976,OBC-NCL,1474
6977,GEN,
6978,OBC-NCL,1475
6979,GEN,
6980,GEN,
6981,OBC-NCL,1476
6982,OBC-NCL,1477
6983,GEN,
6984,GEN,
6985,GEN,
6986,GEN,
6987,OBC-NCL,1478
6988,GEN,
6989,GEN,
6990,GEN,
6991,GEN,
6992,GEN,
6993,OBC-NCL,1479
6994,GEN,
6995,OBC-NCL,1480
6996,GEN,
6997,GEN-EWS,899
6998,OBC-NCL,1481
6999,GEN,
7000,OBC-NCL,1482
7001,GEN,
7002,GEN,
7003,OBC-NCL,1483
7004,OBC-NCL,1484
7005,SC,165
7006,GEN,
7007,GEN,
7008,GEN,
7009,GEN,
7010,GEN,
7011,GEN,
7012,GEN-EWS,900
7013,GEN-EWS,901
7014,GEN,
7015,GEN-EWS,902
7016,GEN-EWS,903
7017,GEN,
7018,GEN-EWS,904
7019,OBC-NCL,1485
7020,SC,166
7021,GEN,
7022,GEN-EWS,905
7023,OBC-NCL,1486
7024,GEN,
7025,GEN,
7026,GEN,
7027,GEN,
7028,SC,167
7029,OBC-NCL,1487
7030,GEN,
7031,OBC-NCL,1488
7032,OBC-NCL,1489
7033,OBC-NCL,1490
7034,SC,168
7035,GEN,
7036,OBC-NCL,1491
7037,GEN,
7038,GEN-EWS,906
7039,GEN-EWS,907
7040,GEN,
7041,GEN,
7042,OBC-NCL,1492
7043,GEN,
7044,GEN,
7045,OBC-NCL,1493
7046,GEN,
7047,SC,169
7048,GEN,
7049,OBC-NCL,1494
7050,OBC-NCL,1495
7051,GEN,
7052,OBC-NCL,1496
7053,GEN-EWS,908
7054,OBC-NCL,1497
7055,OBC-NCL,1498
7056,GEN,
7057,GEN,
7058,GEN,
7059,OBC-NCL,1499
7060,GEN,
7061,GEN,
7062,GEN-EWS,909
7063,GEN,
7064,OBC-NCL,1500
7065,GEN,
7066,GEN,
7067,GEN-EWS,910
7068,OBC-NCL,1501
7069,OBC-NCL,1502
7070,GEN,
7071,OBC-NCL,1503
7072,OBC-NCL,1504
7073,OBC-NCL,1505
7074,OBC-NCL,1506
7075,GEN,
7076,OBC-NCL,1507
7077,GEN,
7078,GEN,
7079,GEN,
7080,GEN-EWS,911
7081,GEN,
7082,OBC-NCL,1508
7083,GEN,
7084,GEN,
7085,OBC-NCL,1509
7086,GEN,
7087,GEN,
7088,GEN,
7089,GEN,
7090,OBC-NCL,1510
7091,OBC-NCL,1511
7092,GEN,
7093,GEN-EWS,912
7094,OBC-NCL,1512
7095,OBC-NCL,1513
7096,OBC-NCL,1514
7097,GEN,
7098,GEN-EWS,913
7099,GEN,
7100,GEN,
7101,ST,66
7102,OBC-NCL,1515
7103,OBC-NCL,1516
7104,OBC-NCL,1517
7105,OBC-NCL,1518
7106,OBC-NCL,1519
7107,OBC-NCL,1520
7108,GEN-EWS,914
7109,OBC-NCL,1521
7110,GEN,
7111,OBC-NCL,1522
7112,OBC-NCL,1523
7113,GEN-EWS,915
7114,OBC-NCL,1524
7115,GEN-EWS,916
7116,GEN-EWS,917
7117,SC,170
7118,GEN,
7119,SC,171
7120,GEN,
7121,OBC-NCL,1525
7122,GEN,
7123,GEN,
7124,GEN,
7125,GEN,
7126,GEN,
7127,GEN,
7128,SC,172
7129,GEN,
7130,GEN,
7131,GEN-EWS,918
7132,OBC-NCL,1526
7133,GEN,
7134,SC,173
7135,GEN,
7136,GEN,
7137,GEN,
7138,GEN-EWS,919
7139,OBC-NCL,1527
7140,OBC-NCL,1528
7141,GEN,
7142,GEN,
7143,SC,174
7144,GEN,
7145,SC,175
7146,OBC-NCL,1529
7147,GEN,
7148,GEN-EWS,920
7149,GEN,
7150,GEN,
7150,GEN,
7152,GEN,
7153,GEN,
7154,GEN,
7155,OBC-NCL,1530
7156,GEN,
7157,GEN-EWS,921
7158,GEN,
7159,GEN,
7160,OBC-NCL,1531
7161,GEN,
7162,GEN,
7163,OBC-NCL,1532
7164,GEN,
7165,GEN,
7166,OBC-NCL,1533
7167,OBC-NCL,1534
7168,GEN,
7169,GEN,
7170,GEN,
7171,GEN,
7171,GEN,
7173,GEN,
7174,GEN,
7175,GEN,
7176,OBC-NCL,1535
7177,GEN,
7178,OBC-NCL,1536
7179,GEN,
7180,OBC-NCL,1537
7181,GEN-EWS,922
7182,OBC-NCL,1538
7183,GEN,
7184,GEN,
7185,OBC-NCL,1539
7186,GEN,
7187,GEN,
7188,OBC-NCL,1540
7189,GEN,
7190,GEN,
7191,GEN,
7192,OBC-NCL,1541
7193,OBC-NCL,1542
7194,OBC-NCL,1543
7195,GEN-EWS,923
7196,GEN,
7197,GEN,
7198,GEN,
7199,GEN,
7200,GEN-EWS,924
7201,GEN,
7202,OBC-NCL,1544
7203,GEN-EWS,925
7204,GEN,
7205,OBC-NCL,1545
7206,OBC-NCL,1546
7207,OBC-NCL,1547
7208,GEN,
7209,GEN,
7210,OBC-NCL,1548
7211,SC,176
7212,OBC-NCL,1549
7213,OBC-NCL,1550
7214,GEN,
7215,GEN,
7216,GEN,
7217,GEN,
7218,GEN-EWS,926
7219,GEN-EWS,927
7220,GEN,
7221,GEN,
7222,SC,177
7223,GEN,
7224,GEN,
7225,GEN,
7226,GEN,
7227,GEN,
7228,GEN,
7229,GEN,
7230,GEN,
7231,GEN-EWS,928
7232,GEN-EWS,929
7233,OBC-NCL,1551
7234,OBC-NCL,1552
7235,OBC-NCL,1553
7236,OBC-NCL,1554
7236,ST,67
7238,GEN,
7239,GEN-EWS,930
7240,GEN,
7241,OBC-NCL,1555
7242,OBC-NCL,1556
7243,OBC-NCL,1557
7244,GEN,
7245,SC,178
7246,GEN,
7247,GEN,
7248,GEN,
7249,OBC-NCL,1558
7250,GEN,
7251,GEN,
7252,OBC-NCL,1559
7253,GEN,
7254,GEN,
7254,SC,179
7256,GEN,
7257,GEN,
7258,GEN,
7259,GEN-EWS,931
7260,OBC-NCL,1560
7261,OBC-NCL,1561
7262,GEN,
7263,OBC-NCL,1562
7264,GEN,
7265,SC,180
7266,GEN-EWS,932
7267,OBC-NCL,1563
7268,GEN,
7269,GEN,
7270,OBC-NCL,1564
7271,GEN,
7272,OBC-NCL,1565
7273,GEN,
7274,GEN,
7275,GEN-EWS,933
7276,GEN,
7277,GEN,
7278,GEN,
7279,GEN,
7280,OBC-NCL,1566
7281,GEN,
7282,GEN,
7283,GEN,
7284,GEN-EWS,934
7285,GEN-EWS,935
7286,SC,181
7287,GEN-EWS,936
7288,GEN,
7289,GEN,
7290,SC,182
7291,GEN,
7292,GEN,
7293,GEN,
7294,GEN,
7295,GEN,
7296,OBC-NCL,1567
7297,GEN,
7298,GEN,
7299,GEN,
7300,GEN,
7301,GEN,
7302,OBC-NCL,1568
7303,GEN,
7304,GEN,
7305,GEN-EWS,937
7306,GEN,
7307,GEN,
7308,GEN,
7309,OBC-NCL,1569
7310,GEN-EWS,938
7311,GEN,
7312,GEN,
7313,GEN-EWS,939
7314,GEN-EWS,940
7315,GEN,
7316,GEN,
7317,SC,183
7318,GEN,
7318,GEN,
7320,SC,184
7321,OBC-NCL,1570
7322,OBC-NCL,1571
7323,OBC-NCL,1572
7324,GEN,
7325,GEN,
7326,GEN,
7327,GEN,
7328,GEN,
7329,GEN,
7330,OBC-NCL,1573
7331,GEN,
7332,OBC-NCL,1574
7333,GEN,
7334,OBC-NCL,1575
7335,GEN,
7336,OBC-NCL,1576
7337,GEN,
7338,GEN,
7339,OBC-NCL,1577
7340,OBC-NCL,1578
7341,OBC-NCL,1579
7342,GEN,
7343,GEN,
7344,GEN,
7345,GEN,
7346,OBC-NCL,1580
7347,OBC-NCL,1581
7348,GEN,
7349,OBC-NCL,1582
7350,OBC-NCL,1583
7351,SC,185
7352,OBC-NCL,1584
7353,OBC-NCL,1585
7354,OBC-NCL,1586
7355,OBC-NCL,1587
7356,GEN,
7357,OBC-NCL,1588
7358,GEN,
7359,GEN,
7360,GEN,
7361,OBC-NCL,1589
7362,OBC-NCL,1590
7363,GEN,
7364,OBC-NCL,1591
7365,GEN-EWS,941
7366,GEN,
7367,GEN,
7368,GEN,
7369,GEN-EWS,942
7370,GEN-EWS,943
7371,GEN,
7372,GEN,
7373,GEN-EWS,944
7374,OBC-NCL,1592
7375,OBC-NCL,1593
7376,SC,186
7377,GEN,
7378,GEN,
7379,GEN,
7380,GEN-EWS,945
7381,GEN,
7382,GEN-EWS,946
7383,OBC-NCL,1594
7384,GEN-EWS,947
7385,GEN,
7386,GEN-EWS,948
7387,GEN-EWS,949
7388,OBC-NCL,1595
7389,OBC-NCL,1596
7390,OBC-NCL,1597
7391,GEN,
7392,GEN-EWS,950
7393,GEN,
7394,GEN,
7395,OBC-NCL,1598
7396,OBC-NCL,1599
7397,GEN-EWS,951
7398,GEN,
7399,GEN,
7400,GEN,
7401,GEN-EWS,952
7402,GEN,
7403,GEN,
7404,GEN,
7405,GEN,
7406,OBC-NCL,1600
7407,GEN-EWS,953
7408,GEN-EWS,954
7409,GEN,
7410,GEN,
7411,GEN,
7412,GEN-EWS,955
7413,SC,187
7414,GEN,
7415,GEN-EWS,956
7416,OBC-NCL,1601
7417,GEN,
7418,GEN,
7419,OBC-NCL,1602
7420,GEN,
7421,OBC-NCL,1603
7422,GEN,
7423,GEN,
7424,OBC-NCL,1604
7425,OBC-NCL,1605
7426,GEN,
7427,SC,188
7428,GEN-EWS,957
7429,GEN,
7430,OBC-NCL,1606
7431,SC,189
7432,OBC-NCL,1607
7433,GEN,
7434,OBC-NCL,1608
7435,GEN-EWS,958
7436,GEN,
7437,GEN-EWS,959
7438,GEN-EWS,960
7439,OBC-NCL,1609
7440,GEN-EWS,961
7441,GEN,
7442,GEN,
7443,GEN,
7444,GEN,
7445,GEN-EWS,962
7446,OBC-NCL,1610
7447,SC,190
7448,GEN-EWS,963
7449,OBC-NCL,1611
7450,GEN,
7451,OBC-NCL,1612
7452,GEN,
7453,OBC-NCL,1613
7454,OBC-NCL,1614
7455,GEN-EWS,964
7456,GEN,
7457,GEN,
7458,GEN,
7459,GEN,
7460,GEN,
7461,GEN,
7462,GEN-EWS,965
7463,OBC-NCL,1615
7464,OBC-NCL,1616
7465,OBC-NCL,1617
7466,OBC-NCL,1618
7467,ST,68
7468,GEN,
7469,OBC-NCL,1619
7470,GEN,
7471,GEN,
7472,GEN,
7473,GEN-EWS,966
7474,GEN,
7475,GEN,
7476,OBC-NCL,1620
7477,GEN,
7478,GEN,
7479,GEN,
7480,GEN,
7481,GEN,
7482,OBC-NCL,1621
7483,OBC-NCL,1622
7484,OBC-NCL,1623
7485,OBC-NCL,1624
7486,OBC-NCL,1625
7487,OBC-NCL,1626
7488,GEN-EWS,967
7489,GEN,
7490,GEN-EWS,968
7491,OBC-NCL,1627
7492,GEN,
7493,OBC-NCL,1628
7494,GEN,
7495,GEN-EWS,969
7496,GEN,
7497,GEN,
7498,GEN,
7499,GEN-EWS,970
7500,GEN,
7501,GEN,
7502,GEN,
7503,GEN,
7504,GEN,
7505,GEN,
7506,OBC-NCL,1629
7507,GEN,
7508,GEN-EWS,971
7509,OBC-NCL,1630
7510,OBC-NCL,1631
7511,GEN,
7512,GEN,
7513,OBC-NCL,1632
7514,OBC-NCL,1633
7515,OBC-NCL,1634
7516,GEN-EWS,972
7517,OBC-NCL,1635
7518,GEN-EWS,973
7519,GEN-EWS,974
7520,GEN,
7521,OBC-NCL,1636
7522,OBC-NCL,1637
7523,SC,191
7524,GEN,
7525,OBC-NCL,1638
7526,GEN,
7527,GEN,
7528,OBC-NCL,1639
7529,GEN,
7530,GEN,
7531,GEN,
7532,GEN,
7533,OBC-NCL,1640
7534,GEN,
7535,GEN,
7536,OBC-NCL,1641
7537,GEN-EWS,975
7538,GEN,
7539,GEN,
7540,GEN-EWS,976
7541,GEN-EWS,977
7542,OBC-NCL,1642
7543,OBC-NCL,1643
7544,GEN,
7545,GEN-EWS,978
7546,GEN,
7547,GEN,
7548,GEN,
7549,GEN,
7550,OBC-NCL,1644
7551,GEN,
7552,GEN,
7553,GEN,
7554,OBC-NCL,1645
7555,GEN-EWS,979
7556,OBC-NCL,1646
7557,GEN,
7558,GEN,
7559,OBC-NCL,1647
7560,OBC-NCL,1648
7561,GEN-EWS,980
7562,GEN,
7563,GEN,
7564,GEN,
7565,GEN-EWS,981
7566,GEN,
7567,GEN,
7568,OBC-NCL,1649
7569,GEN,
7569,GEN-EWS,982
7571,OBC-NCL,1650
7572,GEN-EWS,983
7573,OBC-NCL,1651
7574,GEN-EWS,984
7575,GEN,
7576,GEN,
7577,GEN-EWS,985
7578,OBC-NCL,1652
7579,GEN,
7580,GEN,
7581,OBC-NCL,1653
7582,GEN-EWS,986
7583,OBC-NCL,1654
7584,OBC-NCL,1655
7585,OBC-NCL,1656
7586,OBC-NCL,1657
7587,OBC-NCL,1658
7588,GEN,
7589,GEN,
7590,GEN-EWS,987
7591,GEN,
7592,OBC-NCL,1659
7593,GEN-EWS,988
7594,OBC-NCL,1660
7595,OBC-NCL,1661
7596,OBC-NCL,1662
7597,OBC-NCL,1663
7598,GEN-EWS,989
7599,GEN,
7600,OBC-NCL,1664
7601,GEN,
7602,GEN,
7603,GEN,
7604,OBC-NCL,1665
7605,GEN-EWS,990
7606,GEN,
7607,GEN,
7608,SC,192
7609,GEN-EWS,991
7610,GEN,
7611,GEN,
7612,GEN,
7613,GEN,
7614,GEN,
7615,GEN,
7616,GEN,
7617,GEN,
7618,GEN,
7619,GEN,
7620,GEN,
7621,OBC-NCL,1666
7622,GEN-EWS,992
7623,GEN-EWS,993
7624,GEN-EWS,994
7625,GEN-EWS,995
7626,GEN,
7627,GEN,
7628,OBC-NCL,1667
7629,GEN,
7630,OBC-NCL,1668
7631,GEN,
7632,GEN-EWS,996
7632,OBC-NCL,1669
7634,GEN-EWS,997
7635,GEN-EWS,998
7636,GEN,
7637,GEN,
7638,GEN-EWS,999
7639,OBC-NCL,1670
7640,OBC-NCL,1671
7641,GEN,
7642,OBC-NCL,1672
7643,GEN,
7644,OBC-NCL,1673
7645,OBC-NCL,1674
7646,GEN-EWS,1000
7647,OBC-NCL,1675
7648,GEN,
7649,GEN,
7650,GEN-EWS,1001
7651,OBC-NCL,1676
7652,GEN-EWS,1002
7653,GEN,
7654,GEN-EWS,1003
7655,GEN,
7656,GEN-EWS,1004
7657,SC,193
7658,OBC-NCL,1677
7659,OBC-NCL,1678
7660,OBC-NCL,1679
7661,OBC-NCL,1680
7662,GEN,
7663,GEN,
7664,GEN,
7665,GEN,
7666,OBC-NCL,1681
7667,GEN,
7668,GEN,
7669,GEN,
7670,OBC-NCL,1682
7671,OBC-NCL,1683
7672,GEN-EWS,1005
7673,GEN-EWS,1006
7674,OBC-NCL,1684
7675,GEN-EWS,1007
7676,GEN,
7677,GEN,
7678,OBC-NCL,1685
7679,OBC-NCL,1686
7680,GEN-EWS,1008
7681,GEN,
7682,GEN-EWS,1009
7683,GEN,
7684,SC,194
7685,GEN,
7686,GEN,
7687,GEN,
7688,GEN,
7689,GEN,
7690,GEN,
7691,SC,195
7692,OBC-NCL,1687
7693,GEN,
7694,GEN,
7695,GEN,
7696,GEN,
7697,GEN,
7698,OBC-NCL,1688
7699,GEN-EWS,1010
7700,OBC-NCL,1689
7701,GEN,
7702,GEN-EWS,1011
7703,GEN,
7704,GEN-EWS,1012
7704,OBC-NCL,1690
7706,GEN,
7707,GEN,
7708,GEN-EWS,1013
7709,GEN-EWS,1014
7710,GEN,
7711,GEN,
7712,GEN,
7713,GEN,
7714,GEN,
7715,GEN,
7716,GEN,
7717,SC,196
7718,OBC-NCL,1691
7719,OBC-NCL,1692
7720,OBC-NCL,1693
7721,GEN,
7722,OBC-NCL,1694
7723,OBC-NCL,1695
7724,GEN,
7725,OBC-NCL,1696
7726,GEN,
7727,GEN,
7728,OBC-NCL,1697
7729,GEN-EWS,1015
7730,GEN,
7731,GEN,
7732,OBC-NCL,1698
7733,OBC-NCL,1699
7734,GEN,
7735,OBC-NCL,1700
7736,GEN,
7737,GEN,
7738,OBC-NCL,1701
7739,GEN-EWS,1016
7740,GEN-EWS,1017
7741,GEN,
7742,GEN-EWS,1018
7743,GEN,
7744,OBC-NCL,1702
7745,GEN,
7746,GEN,
7747,OBC-NCL,1703
7748,GEN,
7749,OBC-NCL,1704
7750,GEN,
7751,GEN,
7752,GEN,
7753,GEN,
7754,OBC-NCL,1705
7755,GEN-EWS,1019
7756,GEN,
7757,OBC-NCL,1706
7758,GEN,
7759,GEN-EWS,1020
7760,OBC-NCL,1707
7761,GEN-EWS,1021
7762,GEN,
7763,GEN,
7764,OBC-NCL,1708
7765,OBC-NCL,1709
7766,GEN,
7767,GEN,
7768,GEN-EWS,1022
7769,GEN,
7770,GEN-EWS,1023
7771,GEN,
7772,OBC-NCL,1710
7773,GEN,
7774,OBC-NCL,1711
7775,GEN,
7776,OBC-NCL,1712
7777,GEN,
7778,GEN,
7779,OBC-NCL,1713
7780,GEN,
7781,GEN,
7782,GEN,
7783,OBC-NCL,1714
7784,GEN,
7785,GEN,
7786,GEN,
7787,GEN,
7788,OBC-NCL,1715
7789,OBC-NCL,1716
7790,GEN,
7791,GEN,
7792,GEN-EWS,1024
7793,OBC-NCL,1717
7794,GEN,
7795,OBC-NCL,1718
7796,GEN-EWS,1025
7797,GEN,
7798,OBC-NCL,1719
7799,GEN,
7800,GEN,
7801,OBC-NCL,1720
7802,OBC-NCL,1721
7803,GEN,
7804,GEN,
7805,GEN-EWS,1026
7806,GEN,
7807,GEN,
7808,GEN,
7809,OBC-NCL,1722
7810,GEN,
7811,GEN,
7812,OBC-NCL,1723
7813,GEN-EWS,1027
7814,GEN,
7815,OBC-NCL,1724
7816,OBC-NCL,1725
7817,OBC-NCL,1726
7818,GEN,
7819,OBC-NCL,1727
7820,GEN-EWS,1028
7821,GEN,
7822,GEN,
7823,OBC-NCL,1728
7824,SC,198
7825,OBC-NCL,1729
7826,OBC-NCL,1730
7827,GEN-EWS,1029
7828,GEN,
7829,GEN,
7830,OBC-NCL,1731
7831,OBC-NCL,1732
7832,GEN,
7833,GEN-EWS,1030
7834,OBC-NCL,1733
7835,OBC-NCL,1734
7836,GEN,
7837,GEN,
7838,GEN,
7839,OBC-NCL,1735
7840,GEN,
7841,OBC-NCL,1736
7842,GEN,
7843,GEN-EWS,1031
7844,GEN,
7845,GEN,
7846,GEN,
7847,GEN,
7848,GEN,
7849,GEN,
7850,GEN,
7851,GEN,
7852,GEN-EWS,1032
7853,GEN,
7854,OBC-NCL,1737
7855,GEN,
7856,GEN,
7857,GEN-EWS,1033
7858,GEN,
7859,SC,199
7860,GEN,
7861,GEN,
7862,GEN,
7863,GEN-EWS,1034
7864,GEN-EWS,1035
7865,GEN,
7866,GEN,
7867,GEN,
7868,OBC-NCL,1738
7869,OBC-NCL,1739
7870,GEN,
7871,GEN,
7872,OBC-NCL,1740
7873,SC,200
7874,GEN,
7875,GEN,
7875,GEN,
7877,GEN,
7878,GEN,
7879,GEN-EWS,1036
7880,GEN,
7881,GEN-EWS,1037
7882,GEN,
7883,GEN,
7884,OBC-NCL,1741
7885,GEN,
7886,GEN,
7887,OBC-NCL,1742
7888,OBC-NCL,1743
7889,GEN,
7890,OBC-NCL,1744
7891,GEN,
7892,GEN,
7893,GEN-EWS,1038
7894,GEN,
7895,GEN,
7896,GEN,
7897,GEN,
7898,GEN,
7899,GEN-EWS,1039
7900,GEN,
7901,GEN,
7902,GEN,
7903,OBC-NCL,1745
7904,OBC-NCL,1746
7905,GEN,
7906,GEN,
7907,OBC-NCL,1747
7908,OBC-NCL,1748
7909,GEN,
7909,GEN-EWS,1040
7911,OBC-NCL,1749
7912,GEN-EWS,1041
7913,GEN,
7914,GEN,
7915,OBC-NCL,1750
7916,GEN,
7917,OBC-NCL,1751
7918,GEN,
7919,GEN,
7920,GEN,
7921,OBC-NCL,1752
7922,GEN,
7923,OBC-NCL,1753
7924,GEN,
7925,GEN,
7926,GEN,
7927,GEN,
7928,OBC-NCL,1754
7929,GEN,
7930,GEN-EWS,1042
7931,GEN,
7932,SC,201
7933,GEN-EWS,1043
7934,OBC-NCL,1755
7935,GEN,
7936,GEN,
7937,GEN,
7938,GEN-EWS,1044
7939,GEN,
7940,GEN-EWS,1045
7941,OBC-NCL,1756
7942,GEN-EWS,1046
7943,GEN-EWS,1047
7944,GEN,
7945,GEN,
7946,GEN-EWS,1048
7947,GEN,
7948,GEN,
7949,OBC-NCL,1757
7950,GEN,
7951,GEN-EWS,1049
7952,GEN-EWS,1050
7953,SC,202
7954,GEN,
7955,GEN,
7956,GEN,
7957,OBC-NCL,1758
7958,GEN,
7959,OBC-NCL,1759
7960,GEN-EWS,1051
7961,OBC-NCL,1760
7962,SC,203
7963,GEN-EWS,1052
7964,GEN,
7965,GEN-EWS,1053
7966,GEN,
7967,GEN-EWS,1054
7968,GEN,
7968,GEN,
7970,GEN,
7971,OBC-NCL,1761
7972,GEN-EWS,1055
7973,GEN,
7974,GEN,
7975,GEN-EWS,1056
7976,GEN,
7977,SC,204
7978,OBC-NCL,1762
7979,GEN-EWS,1057
7980,OBC-NCL,1763
7981,GEN-EWS,1058
7982,GEN,
7983,GEN,
7984,GEN,
7985,OBC-NCL,1764
7986,OBC-NCL,1765
7987,GEN,
7988,SC,205
7989,GEN,
7990,GEN,
7991,GEN-EWS,1059
7992,OBC-NCL,1766
7993,GEN,
7994,GEN,
7995,GEN,
7996,GEN,
7997,GEN,
7998,OBC-NCL,1767
7999,GEN,
8000,GEN,
8001,GEN-EWS,1060
8002,OBC-NCL,1768
8003,GEN,
8004,ST,70
8005,GEN,
8006,GEN-EWS,1061
8007,OBC-NCL,1769
8008,GEN,
8009,OBC-NCL,1770
8010,GEN,
8011,OBC-NCL,1771
8012,GEN,
8013,GEN-EWS,1062
8014,OBC-NCL,1772
8015,GEN,
8016,OBC-NCL,1773
8017,SC,206
8018,GEN,
8019,GEN,
8020,OBC-NCL,1774
8021,GEN,
8022,OBC-NCL,1775
8022,OBC-NCL,1775
8024,GEN,
8025,OBC-NCL,1777
8026,GEN,
8027,GEN,
8028,GEN-EWS,1063
8029,GEN,
8030,OBC-NCL,1778
8031,GEN,
8032,OBC-NCL,1779
8033,GEN-EWS,1064
8034,GEN,
8035,GEN,
8036,OBC-NCL,1780
8037,GEN,
8038,OBC-NCL,1781
8039,OBC-NCL,1782
8040,GEN,
8041,GEN,
8042,GEN,
8043,OBC-NCL,1783
8044,GEN,
8045,GEN,
8046,GEN,
8047,GEN-EWS,1065
8048,OBC-NCL,1784
8049,ST,71
8050,GEN-EWS,1066
8051,OBC-NCL,1785
8052,OBC-NCL,1786
8053,GEN,
8054,OBC-NCL,1787
8055,GEN,
8056,GEN,
8057,GEN-EWS,1067
8058,GEN-EWS,1068
8059,GEN,
8060,GEN,
8061,GEN,
8062,GEN,
8063,GEN-EWS,1069
8064,GEN,
8065,OBC-NCL,1788
8066,GEN-EWS,1070
8067,GEN,
8068,GEN,
8069,GEN,
8070,SC,207
8071,GEN,
8072,OBC-NCL,1789
8073,GEN,
8074,GEN,
8075,GEN,
8076,GEN,
8077,GEN-EWS,1071
8078,OBC-NCL,1790
8079,GEN,
8080,GEN,
8081,OBC-NCL,1791
8082,SC,208
8083,GEN,
8084,GEN,
8085,GEN,
8086,SC,209
8087,OBC-NCL,1792
8088,OBC-NCL,1793
8089,OBC-NCL,1794
8090,GEN,
8091,GEN,
8092,GEN-EWS,1072
8093,ST,72
8094,GEN,
8095,GEN,
8096,GEN,
8097,GEN,
8098,SC,210
8099,GEN-EWS,1073
8100,GEN-EWS,1074
8101,GEN,
8102,GEN-EWS,1075
8103,OBC-NCL,1795
8104,OBC-NCL,1796
8105,GEN,
8106,SC,211
8107,OBC-NCL,1797
8108,GEN,
8109,GEN,
8110,GEN,
8111,GEN-EWS,1076
8112,OBC-NCL,1798
8113,GEN,
8114,GEN,
8115,GEN,
8116,OBC-NCL,1799
8117,SC,212
8118,GEN,
8119,OBC-NCL,1800
8120,OBC-NCL,1801
8121,GEN,
8122,OBC-NCL,1802
8123,GEN-EWS,1077
8124,GEN,
8125,OBC-NCL,1803
8126,GEN,
8127,GEN,
8128,OBC-NCL,1804
8129,GEN-EWS,1078
8130,GEN,
8131,GEN,
8132,GEN,
8133,GEN,
8134,GEN-EWS,1079
8135,OBC-NCL,1805
8136,GEN,
8137,GEN-EWS,1080
8138,GEN,
8139,GEN,
8140,GEN,
8141,GEN,
8142,GEN-EWS,1081
8143,OBC-NCL,1806
8144,OBC-NCL,1807
8145,GEN-EWS,1082
8146,ST,73
8147,GEN,
8148,GEN,
8149,GEN-EWS,1083
8150,GEN,
8151,OBC-NCL,1809
8152,GEN-EWS,1084
8153,GEN,
8154,GEN-EWS,1085
8155,OBC-NCL,1810
8156,GEN-EWS,1086
8157,GEN,
8158,GEN,
8159,OBC-NCL,1811
8160,GEN,
8161,GEN-EWS,1087
8162,OBC-NCL,1812
8163,GEN,
8164,OBC-NCL,1813
8165,GEN-EWS,1088
8166,GEN,
8167,OBC-NCL,1814
8168,GEN,
8169,GEN-EWS,1089
8170,GEN,
8171,OBC-NCL,1815
8172,GEN-EWS,1090
8173,GEN,
8174,OBC-NCL,1816
8175,OBC-NCL,1817
8176,GEN,
8177,OBC-NCL,1818
8178,GEN,
8179,GEN,
8180,OBC-NCL,1819
8181,GEN-EWS,1091
8182,GEN,
8183,GEN,
8184,OBC-NCL,1820
8185,GEN,
8186,OBC-NCL,1821
8187,OBC-NCL,1822
8188,GEN,
8189,GEN,
8190,GEN,
8191,OBC-NCL,1823
8192,OBC-NCL,1824
8193,OBC-NCL,1825
8194,GEN-EWS,1092
8195,OBC-NCL,1826
8196,GEN-EWS,1093
8197,GEN,
8198,GEN,
8199,OBC-NCL,1827
8200,GEN,
8201,GEN,
8202,GEN,
8203,SC,213
8204,GEN,
8205,GEN,
8206,GEN,
8207,OBC-NCL,1828
8208,GEN-EWS,1094
8209,GEN,
8210,OBC-NCL,1829
8211,GEN,
8212,GEN,
8213,GEN,
8214,OBC-NCL,1830
8215,SC,214
8216,GEN,
8217,OBC-NCL,1831
8218,GEN-EWS,1095
8219,GEN,
8220,GEN-EWS,1096
8221,GEN,
8222,GEN-EWS,1097
8223,OBC-NCL,1832
8224,GEN,
8225,GEN,
8226,SC,215
8227,OBC-NCL,1833
8228,GEN,
8229,GEN-EWS,1098
8230,OBC-NCL,1834
8231,GEN,
8232,GEN-EWS,1099
8233,GEN,
8234,SC,216
8235,GEN-EWS,1100
8236,GEN,
8237,GEN,
8238,GEN,
8239,GEN,
8240,OBC-NCL,1835
8241,OBC-NCL,1836
8242,GEN,
8243,GEN,
8244,GEN,
8245,GEN-EWS,1101
8246,GEN,
8247,GEN,
8248,GEN,
8249,GEN,
8250,OBC-NCL,1837
8251,GEN,
8252,GEN,
8253,GEN-EWS,1102
8254,GEN-EWS,1103
8255,GEN,
8256,SC,217
8257,GEN,
8258,GEN-EWS,1104
8259,OBC-NCL,1838
8260,GEN,
8261,GEN-EWS,1105
8262,GEN-EWS,1106
8263,OBC-NCL,1839
8264,GEN,
8265,GEN-EWS,1107
8266,GEN,
8267,GEN,
8268,GEN,
8269,OBC-NCL,1840
8270,GEN,
8271,GEN,
8272,GEN,
8273,GEN,
8274,OBC-NCL,1841
8275,GEN,
8276,OBC-NCL,1842
8277,GEN,
8278,GEN,
8279,GEN,
8280,GEN,
8281,GEN,
8282,GEN,
8283,GEN-EWS,1108
8284,GEN-EWS,1109
8285,OBC-NCL,1843
8286,GEN,
8287,GEN,
8288,OBC-NCL,1844
8289,GEN,
8290,GEN,
8291,OBC-NCL,1845
8292,GEN-EWS,1110
8293,GEN,
8294,GEN-EWS,1111
8295,OBC-NCL,1846
8296,GEN,
8297,OBC-NCL,1847
8298,OBC-NCL,1848
8299,OBC-NCL,1849
8300,GEN,
8301,GEN,
8302,SC,218
8303,GEN,
8304,GEN,
8305,GEN,
8306,GEN,
8307,GEN,
8307,GEN,
8309,GEN,
8310,GEN,
8311,OBC-NCL,1850
8312,GEN,
8313,GEN,
8314,OBC-NCL,1851
8315,OBC-NCL,1852
8316,OBC-NCL,1853
8317,GEN,
8318,GEN,
8319,GEN,
8320,GEN-EWS,1112
8321,GEN,
8322,GEN,
8323,SC,219
8324,GEN,
8325,OBC-NCL,1854
8326,GEN,
8327,GEN-EWS,1113
8328,SC,220
8329,OBC-NCL,1855
8330,GEN,
8331,GEN,
8332,GEN,
8333,OBC-NCL,1856
8334,GEN,
8335,GEN-EWS,1114
8336,GEN,
8337,OBC-NCL,1857
8338,GEN,
8339,OBC-NCL,1858
8340,GEN,
8341,GEN,
8342,GEN,
8343,OBC-NCL,1859
8344,GEN,
8345,OBC-NCL,1860
8346,GEN,
8347,GEN,
8348,SC,221
8349,GEN,
8350,GEN-EWS,1115
8351,GEN-EWS,1116
8352,OBC-NCL,1861
8353,GEN,
8354,GEN-EWS,1117
8355,OBC-NCL,1862
8356,GEN,
8357,GEN,
8358,GEN,
8359,OBC-NCL,1863
8360,GEN,
8361,OBC-NCL,1864
8362,GEN,
8363,GEN-EWS,1118
8364,GEN,
8365,GEN,
8366,GEN,
8367,GEN,
8368,GEN,
8369,GEN,
8370,GEN,
8371,GEN,
8372,OBC-NCL,1865
8373,GEN,
8374,GEN,
8375,GEN-EWS,1119
8376,OBC-NCL,1866
8377,GEN,
8378,GEN,
8379,GEN,
8380,GEN,
8381,OBC-NCL,1867
8382,GEN-EWS,1120
8383,GEN-EWS,1121
8384,GEN-EWS,1122
8385,GEN,
8386,GEN,
8387,GEN-EWS,1123
8388,OBC-NCL,1868
8389,GEN,
8390,GEN,
8391,GEN,
8392,GEN,
8393,GEN,
8394,GEN-EWS,1124
8395,GEN,
8396,OBC-NCL,1869
8397,GEN,
8398,GEN,
8399,GEN,
8400,OBC-NCL,1870
8401,GEN,
8402,OBC-NCL,1871
8403,GEN-EWS,1125
8404,GEN-EWS,1126
8405,OBC-NCL,1872
8406,GEN-EWS,1127
8407,GEN,
8408,OBC-NCL,1873
8409,GEN,
8410,OBC-NCL,1874
8411,GEN-EWS,1128
8412,GEN,
8413,GEN,
8414,GEN-EWS,1129
8415,GEN,
8416,GEN,
8417,OBC-NCL,1875
8418,GEN,
8419,GEN,
8420,GEN,
8421,GEN-EWS,1130
8422,GEN,
8423,OBC-NCL,1876
8424,SC,222
8425,OBC-NCL,1877
8426,OBC-NCL,1878
8427,GEN,
8428,SC,223
8429,GEN,
8430,OBC-NCL,1879
8431,OBC-NCL,1880
8432,GEN,
8433,GEN,
8434,GEN-EWS,1131
8435,GEN-EWS,1132
8436,OBC-NCL,1881
8437,GEN,
8438,GEN,
8439,GEN,
8440,GEN,
8441,GEN,
8442,GEN-EWS,1133
8443,OBC-NCL,1882
8444,GEN,
8445,OBC-NCL,1883
8446,GEN,
8447,GEN,
8448,GEN,
8449,GEN,
8450,GEN,
8451,GEN-EWS,1134
8452,GEN,
8453,GEN,
8454,GEN,
8455,GEN,
8456,GEN,
8457,GEN,
8458,OBC-NCL,1884
8459,GEN,
8460,OBC-NCL,1885
8461,OBC-NCL,1886
8462,GEN,
8463,GEN,
8464,OBC-NCL,1887
8465,GEN,
8466,GEN,
8467,GEN,
8468,OBC-NCL,1888
8469,GEN-EWS,1135
8470,GEN,
8471,GEN-EWS,1136
8472,GEN,
8473,GEN,
8474,GEN,
8475,OBC-NCL,1889
8476,GEN-EWS,1137
8477,OBC-NCL,1890
8478,GEN,
8479,GEN,
8480,GEN,
8481,GEN-EWS,1138
8482,GEN,
8483,GEN,
8484,GEN-EWS,1139
8485,GEN,
8486,GEN,
8487,OBC-NCL,1891
8488,OBC-NCL,1892
8489,OBC-NCL,1893
8490,GEN,
8491,OBC-NCL,1894
8492,OBC-NCL,1895
8493,OBC-NCL,1896
8494,GEN,
8495,GEN,
8496,GEN,
8497,GEN,
8498,GEN,
8499,GEN,
8500,OBC-NCL,1897
8501,OBC-NCL,1898
8502,OBC-NCL,1899
8503,GEN,
8504,GEN,
8505,GEN,
8506,OBC-NCL,1900
8507,GEN,
8508,OBC-NCL,1901
8509,OBC-NCL,1902
8510,OBC-NCL,1904
8511,GEN-EWS,1140
8512,GEN,
8513,GEN,
8514,GEN,
8515,OBC-NCL,1905
8516,OBC-NCL,1906
8517,OBC-NCL,1907
8518,OBC-NCL,1908
8519,SC,224
8520,OBC-NCL,1909
8521,GEN,
8522,OBC-NCL,1910
8523,GEN,
8524,GEN,
8525,GEN,
8526,OBC-NCL,1911
8527,GEN-EWS,1141
8528,GEN,
8529,GEN,
8530,GEN,
8530,GEN,
8532,GEN,
8533,OBC-NCL,1912
8534,GEN-EWS,1142
8535,OBC-NCL,1913
8536,GEN,
8537,GEN,
8538,GEN,
8539,GEN,
8540,SC,225
8541,GEN,
8542,GEN,
8543,OBC-NCL,1914
8544,GEN,
8545,GEN,
8546,GEN-EWS,1143
8547,OBC-NCL,1915
8548,GEN-EWS,1144
8549,GEN-EWS,1145
8550,ST,74
8551,OBC-NCL,1916
8552,GEN,
8553,OBC-NCL,1917
8554,GEN,
8555,GEN,
8556,OBC-NCL,1918
8557,GEN,
8558,GEN,
8559,OBC-NCL,1919
8560,GEN,
8561,GEN,
8562,SC,226
8563,OBC-NCL,1920
8564,OBC-NCL,1921
8565,OBC-NCL,1922
8566,GEN,
8567,GEN-EWS,1146
8568,OBC-NCL,1923
8569,GEN,
8570,OBC-NCL,1924
8571,GEN,
8572,SC,227
8573,GEN,
8574,GEN,
8575,GEN,
8576,OBC-NCL,1925
8577,OBC-NCL,1926
8578,OBC-NCL,1927
8579,GEN-EWS,1147
8580,GEN,
8581,OBC-NCL,1928
8582,OBC-NCL,1929
8583,OBC-NCL,1930
8584,GEN-EWS,1148
8585,GEN,
8586,GEN,
8587,GEN,
8588,GEN,
8589,GEN,
8590,GEN,
8591,GEN,
8592,GEN,
8593,OBC-NCL,1931
8594,GEN,
8595,GEN,
8596,GEN-EWS,1149
8597,GEN,
8598,OBC-NCL,1932
8599,GEN-EWS,1150
8600,GEN,
8601,OBC-NCL,1933
8602,GEN-EWS,1151
8603,GEN,
8604,GEN,
8605,GEN,
8606,GEN,
8607,GEN,
8608,GEN,
8609,OBC-NCL,1934
8610,GEN,
8611,OBC-NCL,1935
8612,GEN,
8613,OBC-NCL,1936
8614,GEN,
8615,GEN,
8616,GEN-EWS,1152
8617,GEN,
8618,GEN,
8619,GEN,
8620,GEN,
8621,SC,228
8622,GEN,
8623,GEN,
8624,GEN,
8625,OBC-NCL,1937
8626,OBC-NCL,1938
8627,GEN-EWS,1153
8628,ST,75
8629,GEN-EWS,1154
8630,GEN,
8631,GEN-EWS,1155
8632,GEN,
8633,GEN,
8634,GEN,
8635,GEN,
8636,GEN,
8637,OBC-NCL,1939
8638,GEN-EWS,1156
8639,OBC-NCL,1940
8640,GEN,
8641,OBC-NCL,1941
8642,GEN-EWS,1157
8643,GEN-EWS,1158
8644,OBC-NCL,1942
8645,OBC-NCL,1943
8646,GEN,
8647,SC,229
8648,GEN,
8649,GEN,
8650,GEN,
8651,GEN,
8652,GEN,
8653,GEN,
8654,GEN,
8655,GEN,
8656,GEN,
8657,GEN-EWS,1159
8658,GEN-EWS,1160
8659,OBC-NCL,1944
8660,OBC-NCL,1945
8661,GEN,
8662,GEN,
8663,OBC-NCL,1946
8664,GEN,
8665,OBC-NCL,1947
8666,GEN,
8667,GEN,
8668,OBC-NCL,1948
8669,GEN-EWS,1161
8670,OBC-NCL,1949
8671,OBC-NCL,1950
8672,GEN-EWS,1162
8673,GEN,
8674,GEN,
8675,GEN,
8676,OBC-NCL,1951
8677,SC,230
8678,GEN-EWS,1163
8679,OBC-NCL,1952
8680,OBC-NCL,1953
8681,GEN,
8682,GEN,
8683,GEN,
8684,GEN-EWS,1164
8685,GEN-EWS,1165
8686,GEN,
8687,GEN-EWS,1166
8688,GEN,
8689,GEN,
8690,GEN,
8691,OBC-NCL,1954
8692,GEN,
8693,GEN,
8694,GEN,
8695,GEN,
8696,GEN,
8697,GEN,
8698,GEN,
8699,GEN,
8700,GEN,
8701,GEN,
8702,GEN-EWS,1167
8703,GEN,
8704,OBC-NCL,1955
8705,GEN,
8706,GEN,
8707,GEN,
8708,GEN,
8709,GEN,
8710,GEN,
8711,GEN-EWS,1168
8712,GEN,
8713,OBC-NCL,1956
8714,GEN-EWS,1169
8715,GEN-EWS,1170
8716,OBC-NCL,1957
8717,OBC-NCL,1958
8718,GEN-EWS,1171
8719,GEN,
8720,GEN,
8721,OBC-NCL,1959
8722,GEN,
8722,OBC-NCL,1960
8724,GEN,
8725,GEN-EWS,1172
8726,GEN,
8727,OBC-NCL,1961
8728,GEN,
8729,GEN-EWS,1173
8730,GEN,
8731,OBC-NCL,1962
8732,GEN,
8733,GEN-EWS,1174
8734,GEN-EWS,1175
8735,GEN-EWS,1176
8735,OBC-NCL,1963
8737,GEN,
8738,GEN-EWS,1177
8739,OBC-NCL,1964
8740,OBC-NCL,1965
8741,GEN,
8742,GEN-EWS,1178
8743,OBC-NCL,1966
8744,GEN,
8745,GEN,
8746,GEN,
8747,OBC-NCL,1967
8748,OBC-NCL,1968
8749,OBC-NCL,1969
8750,GEN,
8751,GEN-EWS,1179
8752,GEN,
8753,GEN,
8754,GEN,
8755,GEN,
8756,GEN,
8757,GEN,
8758,OBC-NCL,1970
8759,OBC-NCL,1971
8760,OBC-NCL,1972
8761,GEN,
8762,GEN-EWS,1180
8763,GEN,
8764,OBC-NCL,1973
8765,OBC-NCL,1974
8766,GEN,
8767,OBC-NCL,1975
8768,OBC-NCL,1976
8769,GEN,
8770,GEN,
8771,SC,231
8772,GEN,
8773,OBC-NCL,1977
8774,GEN-EWS,1181
8775,OBC-NCL,1978
8776,GEN,
8777,GEN,
8778,GEN,
8779,GEN,
8780,GEN,
8781,GEN,
8782,GEN-EWS,1182
8783,OBC-NCL,1979
8784,GEN,
8785,OBC-NCL,1980
8786,GEN-EWS,1183
8787,GEN,
8788,GEN,
8789,OBC-NCL,1981
8790,GEN,
8791,GEN-EWS,1184
8792,GEN-EWS,1185
8793,GEN-EWS,1186
8794,OBC-NCL,1982
8795,GEN,
8796,GEN,
8797,OBC-NCL,1983
8798,GEN,
8799,GEN,
8800,GEN,
8801,OBC-NCL,1984
8802,GEN,
8803,GEN-EWS,1187
8804,GEN,
8805,OBC-NCL,1985
8806,GEN,
8807,GEN,
8808,OBC-NCL,1986
8809,GEN,
8810,OBC-NCL,1987
8811,GEN,
8812,OBC-NCL,1988
8813,GEN,
8814,GEN,
8815,OBC-NCL,1989
8816,OBC-NCL,1990
8817,GEN-EWS,1188
8818,GEN-EWS,1189
8819,GEN,
8820,GEN,
8821,GEN,
8822,GEN,
8823,OBC-NCL,1991
8824,GEN,
8825,GEN,
8826,GEN,
8827,GEN,
8828,GEN,
8829,GEN,
8830,GEN,
8831,OBC-NCL,1992
8832,OBC-NCL,1993
8833,GEN,
8834,OBC-NCL,1994
8835,GEN,
8836,OBC-NCL,1995
8837,GEN,
8838,OBC-NCL,1996
8839,GEN,
8840,GEN,
8841,GEN,
8842,GEN,
8843,GEN-EWS,1190
8844,GEN,
8845,GEN,
8846,GEN,
8847,GEN,
8848,GEN,
8849,SC,232
8850,GEN-EWS,1191
8851,OBC-NCL,1997
8852,GEN,
8853,GEN,
8854,GEN,
8855,GEN,
8856,GEN,
8857,GEN,
8858,GEN,
8859,GEN,
8860,OBC-NCL,1998
8861,GEN,
8862,GEN,
8863,GEN,
8864,GEN,
8865,OBC-NCL,1999
8866,GEN,
8867,GEN,
8868,GEN,
8869,SC,233
8870,GEN,
8871,OBC-NCL,2000
8872,OBC-NCL,2001
8873,GEN,
8874,GEN-EWS,1192
8875,OBC-NCL,2002
8876,GEN,
8877,OBC-NCL,2003
8878,GEN,
8879,OBC-NCL,2004
8880,GEN,
8881,GEN,
8882,OBC-NCL,2005
8883,GEN,
8884,GEN,
8885,OBC-NCL,2006
8886,OBC-NCL,2007
8887,GEN,
8888,GEN,
8889,GEN,
8890,GEN,
8891,GEN,
8892,GEN,
8893,GEN,
8894,OBC-NCL,2008
8895,OBC-NCL,2009
8896,GEN,
8897,GEN-EWS,1193
8898,GEN-EWS,1194
8899,GEN,
8900,GEN,
8901,GEN-EWS,1195
8902,GEN,
8903,GEN,
8904,GEN,
8905,GEN,
8906,OBC-NCL,2010
8907,OBC-NCL,2011
8908,GEN,
8909,GEN,
8910,GEN,
8911,GEN,
8912,GEN,
8913,GEN,
8914,GEN-EWS,1196
8915,GEN,
8916,GEN-EWS,1197
8917,OBC-NCL,2012
8918,GEN,
8919,GEN-EWS,1198
8920,GEN,
8921,GEN,
8921,GEN-EWS,1199
8923,OBC-NCL,2013
8924,OBC-NCL,2014
8925,GEN,
8926,GEN-EWS,1200
8927,GEN,
8928,GEN,
8929,GEN,
8930,GEN,
8931,OBC-NCL,2015
8932,SC,234
8933,GEN-EWS,1201
8934,OBC-NCL,2016
8935,GEN,
8936,ST,76
8937,GEN,
8938,GEN,
8939,GEN,
8940,GEN,
8941,GEN-EWS,1202
8942,GEN-EWS,1203
8943,GEN,
8944,GEN,
8945,GEN-EWS,1204
8946,GEN,
8947,GEN-EWS,1205
8948,OBC-NCL,2017
8949,GEN-EWS,1206
8950,GEN,
8951,GEN,
8952,GEN,
8953,GEN,
8954,OBC-NCL,2018
8955,SC,235
8956,GEN,
8957,GEN,
8958,GEN,
8959,GEN,
8960,OBC-NCL,2019
8961,SC,236
8962,GEN,
8963,OBC-NCL,2020
8964,GEN-EWS,1207
8965,GEN-EWS,1208
8966,SC,237
8967,GEN,
8968,GEN,
8969,GEN-EWS,1209
8970,GEN,
8971,GEN,
8972,GEN-EWS,1210
8973,GEN,
8974,OBC-NCL,2021
8975,OBC-NCL,2022
8976,OBC-NCL,2023
8977,GEN,
8978,GEN,
8979,GEN,
8980,GEN,
8981,GEN,
8982,GEN,
8983,GEN,
8984,OBC-NCL,2024
8985,GEN-EWS,1211
8986,GEN,
8987,GEN,
8988,OBC-NCL,2025
8989,GEN-EWS,1212
8990,GEN-EWS,1213
8991,GEN-EWS,1214
8992,GEN,
8993,SC,238
8994,GEN,
8995,GEN-EWS,1215
8996,OBC-NCL,2026
8997,GEN,
8998,GEN-EWS,1216
8999,GEN,
9000,GEN,
9001,GEN,
9002,SC,239
9003,ST,77
9004,GEN-EWS,1217
9005,GEN,
9006,OBC-NCL,2027
9007,SC,240
9008,GEN,
9009,GEN,
9010,GEN,
9011,OBC-NCL,2028
9012,GEN-EWS,1218
9013,OBC-NCL,2029
9014,OBC-NCL,2030
9015,GEN,
9016,OBC-NCL,2031
9017,GEN,
9018,GEN,
9019,OBC-NCL,2032
9020,GEN,
9021,GEN,
9022,GEN,
9023,GEN,
9024,OBC-NCL,2033
9025,GEN,
9026,GEN,
9027,GEN-EWS,1219
9028,GEN,
9029,SC,241
9030,GEN,
9031,OBC-NCL,2034
9032,GEN,
9033,OBC-NCL,2035
9034,GEN,
9035,GEN,
9036,OBC-NCL,2036
9037,GEN-EWS,1220
9038,OBC-NCL,2037
9039,GEN,
9040,GEN-EWS,1221
9041,OBC-NCL,2038
9042,GEN-EWS,1222
9043,SC,242
9044,GEN,
9045,OBC-NCL,2039
9046,OBC-NCL,2040
9047,GEN,
9048,GEN-EWS,1223
9049,OBC-NCL,2041
9050,GEN,
9051,GEN,
9052,SC,243
9053,GEN-EWS,1224
9054,SC,244
9055,OBC-NCL,2042
9056,GEN,
9057,GEN-EWS,1225
9058,OBC-NCL,2043
9059,GEN,
9060,GEN,
9061,GEN,
9062,OBC-NCL,2044
9063,GEN,
9064,GEN,
9065,OBC-NCL,2045
9066,GEN,
9067,OBC-NCL,2046
9068,GEN,
9069,GEN,
9070,GEN-EWS,1226
9071,GEN,
9072,GEN,
9073,OBC-NCL,2047
9074,OBC-NCL,2048
9075,GEN,
9076,GEN,
9077,GEN,
9078,OBC-NCL,2049
9079,GEN-EWS,1227
9080,GEN-EWS,1228
9081,OBC-NCL,2050
9082,OBC-NCL,2051
9083,GEN,
9084,GEN,
9085,GEN,
9086,GEN,
9087,GEN,
9088,OBC-NCL,2052
9089,OBC-NCL,2053
9090,OBC-NCL,2054
9090,OBC-NCL,2054
9092,GEN,
9093,OBC-NCL,2056
9094,GEN-EWS,1229
9095,GEN,
9096,GEN,
9097,GEN,
9098,GEN,
9099,GEN,
9100,OBC-NCL,2057
9101,GEN-EWS,1230
9102,GEN,
9103,GEN,
9104,GEN,
9105,GEN,
9106,OBC-NCL,2058
9107,GEN,
9108,GEN-EWS,1231
9109,OBC-NCL,2059
9110,GEN-EWS,1232
9111,GEN,
9112,GEN,
9113,GEN-EWS,1233
9114,GEN,
9115,GEN,
9116,OBC-NCL,2060
9117,GEN,
9118,GEN,
9119,SC,245
9120,GEN,
9121,GEN-EWS,1234
9122,GEN,
9123,GEN,
9124,OBC-NCL,2061
9125,GEN,
9126,GEN,
9127,GEN,
9128,GEN,
9129,GEN,
9130,GEN,
9131,GEN,
9132,GEN,
9133,OBC-NCL,2062
9134,GEN,
9135,GEN,
9136,GEN-EWS,1235
9137,GEN,
9138,OBC-NCL,2063
9139,OBC-NCL,2064
9140,SC,246
9141,GEN,
9142,GEN,
9143,GEN,
9144,GEN,
9145,GEN,
9146,GEN,
9147,GEN,
9148,OBC-NCL,2065
9149,GEN,
9150,OBC-NCL,2066
9151,GEN,
9152,OBC-NCL,2067
9153,GEN,
9153,GEN,
9155,GEN,
9156,GEN-EWS,1236
9157,GEN,
9158,GEN,
9159,GEN,
9160,OBC-NCL,2068
9161,OBC-NCL,2069
9162,GEN,
9163,GEN,
9164,GEN,
9165,GEN-EWS,1237
9166,OBC-NCL,2070
9167,OBC-NCL,2071
9168,GEN,
9169,GEN,
9170,GEN,
9171,OBC-NCL,2072
9172,OBC-NCL,2073
9173,OBC-NCL,2074
9174,GEN,
9175,GEN,
9176,GEN-EWS,1238
9177,GEN,
9178,GEN,
9179,GEN,
9180,GEN-EWS,1239
9181,GEN-EWS,1240
9182,OBC-NCL,2075
9183,OBC-NCL,2076
9184,OBC-NCL,2077
9185,GEN,
9186,GEN-EWS,1241
9187,GEN,
9188,OBC-NCL,2078
9189,GEN,
9190,OBC-NCL,2079
9191,GEN,
9192,OBC-NCL,2080
9193,GEN,
9194,GEN,
9195,GEN,
9196,OBC-NCL,2081
9197,OBC-NCL,2082
9198,OBC-NCL,2083
9199,OBC-NCL,2084
9200,OBC-NCL,2085
9201,OBC-NCL,2086
9202,GEN-EWS,1242
9203,GEN,
9204,OBC-NCL,2087
9205,OBC-NCL,2088
9206,GEN,
9207,OBC-NCL,2089
9208,GEN-EWS,1243
9209,OBC-NCL,2090
9210,GEN,
9211,GEN-EWS,1244
9212,GEN,
9213,GEN-EWS,1245
9214,GEN,
9215,GEN-EWS,1246
9216,OBC-NCL,2091
9217,GEN,
9218,GEN,
9219,GEN,
9220,GEN,
9221,GEN,
9222,GEN,
9223,GEN,
9224,GEN,
9225,GEN-EWS,1247
9226,GEN,
9227,GEN,
9228,OBC-NCL,2092
9229,GEN,
9230,GEN,
9231,GEN-EWS,1248
9232,GEN,
9233,GEN,
9234,GEN,
9235,GEN,
9236,OBC-NCL,2093
9237,GEN,
9238,SC,247
9239,GEN,
9240,GEN,
9241,GEN,
9242,OBC-NCL,2094
9243,GEN,
9244,GEN-EWS,1249
9245,GEN-EWS,1250
9246,GEN,
9247,GEN,
9248,GEN-EWS,1251
9249,OBC-NCL,2095
9250,GEN,
9251,GEN,
9252,OBC-NCL,2096
9253,GEN-EWS,1252
9254,GEN,
9255,OBC-NCL,2097
9256,GEN,
9257,GEN,
9258,OBC-NCL,2098
9259,OBC-NCL,2099
9260,GEN,
9261,GEN,
9262,OBC-NCL,2100
9263,OBC-NCL,2101
9264,GEN-EWS,1253
9265,SC,248
9266,GEN-EWS,1254
9267,GEN,
9268,OBC-NCL,2102
9269,GEN,
9270,OBC-NCL,2103
9271,OBC-NCL,2104
9272,GEN-EWS,1255
9273,OBC-NCL,2105
9274,GEN,
9275,GEN,
9276,GEN,
9277,GEN-EWS,1256
9278,GEN,
9279,GEN,
9280,GEN,
9281,GEN-EWS,1257
9282,GEN,
9283,GEN,
9284,GEN,
9285,OBC-NCL,2106
9286,GEN-EWS,1258
9287,GEN-EWS,1259
9288,OBC-NCL,2107
9289,GEN,
9290,GEN,
9291,GEN,
9292,GEN,
9293,GEN,
9294,GEN-EWS,1260
9295,OBC-NCL,2108
9296,GEN-EWS,1261
9297,GEN,
9298,GEN,
9299,GEN,
9300,GEN,
9301,GEN,
9302,OBC-NCL,2109
9303,GEN,
9304,GEN-EWS,1262
9305,GEN,
9306,OBC-NCL,2110
9307,GEN,
9308,GEN,
9309,OBC-NCL,2111
9310,OBC-NCL,2112
9311,GEN,
9312,OBC-NCL,2113
9313,GEN,
9314,GEN,
9315,OBC-NCL,2114
9316,GEN,
9317,GEN,
9318,GEN,
9319,GEN,
9320,GEN,
9321,OBC-NCL,2115
9322,GEN-EWS,1263
9323,OBC-NCL,2116
9324,OBC-NCL,2117
9325,OBC-NCL,2118
9326,OBC-NCL,2119
9327,GEN,
9328,GEN,
9329,GEN,
9330,GEN,
9331,GEN,
9332,OBC-NCL,2120
9333,GEN,
9334,GEN-EWS,1264
9335,GEN,
9336,GEN-EWS,1265
9337,GEN,
9338,GEN,
9339,GEN,
9340,OBC-NCL,2121
9341,GEN,
9342,OBC-NCL,2122
9343,GEN,
9344,GEN,
9345,GEN,
9346,OBC-NCL,2123
9347,GEN,
9348,GEN,
9349,SC,249
9350,GEN,
9351,GEN,
9352,OBC-NCL,2124
9353,GEN,
9354,GEN,
9355,GEN,
9356,GEN,
9357,GEN,
9358,OBC-NCL,2125
9359,GEN,
9360,GEN,
9361,GEN,
9362,GEN,
9363,OBC-NCL,2126
9364,GEN,
9365,GEN,
9366,OBC-NCL,2127
9367,OBC-NCL,2128
9368,GEN,
9369,OBC-NCL,2129
9370,GEN,
9371,GEN,
9372,OBC-NCL,2130
9373,GEN-EWS,1266
9374,OBC-NCL,2131
9375,GEN-EWS,1267
9376,GEN-EWS,1268
9377,GEN-EWS,1269
9378,GEN,
9379,GEN,
9380,GEN,
9381,GEN,
9382,OBC-NCL,2132
9383,GEN,
9384,GEN,
9385,GEN,
9386,GEN,
9387,OBC-NCL,2133
9388,OBC-NCL,2134
9389,OBC-NCL,2135
9390,GEN,
9391,GEN-EWS,1270
9392,OBC-NCL,2136
9393,ST,78
9394,GEN-EWS,1271
9395,OBC-NCL,2137
9396,GEN-EWS,1272
9397,OBC-NCL,2138
9398,GEN,
9399,OBC-NCL,2139
9400,GEN-EWS,1273
9401,GEN-EWS,1274
9402,GEN,
9403,OBC-NCL,2140
9404,GEN,
9405,OBC-NCL,2141
9406,SC,250
9407,GEN,
9408,GEN,
9409,GEN,
9410,GEN,
9411,GEN,
9412,OBC-NCL,2142
9413,GEN,
9414,SC,251
9415,GEN-EWS,1275
9416,GEN,
9417,GEN,
9418,OBC-NCL,2143
9419,OBC-NCL,2144
9420,GEN,
9421,GEN,
9422,GEN,
9423,GEN,
9424,GEN-EWS,1276
9425,GEN,
9426,OBC-NCL,2145
9427,OBC-NCL,2146
9428,OBC-NCL,2147
9429,GEN,
9430,GEN,
9431,GEN,
9432,GEN,
9433,GEN,
9434,GEN,
9435,GEN,
9436,GEN,
9437,OBC-NCL,2148
9438,OBC-NCL,2149
9439,GEN,
9440,GEN,
9441,OBC-NCL,2150
9442,OBC-NCL,2151
9443,SC,254
9444,GEN-EWS,1277
9445,OBC-NCL,2152
9446,GEN,
9447,GEN-EWS,1278
9448,GEN,
9449,GEN,
9450,GEN,
9451,OBC-NCL,2153
9452,GEN-EWS,1279
9453,OBC-NCL,2154
9454,GEN,
9455,GEN,
9456,GEN,
9457,OBC-NCL,2155
9458,OBC-NCL,2156
9459,GEN-EWS,1280
9460,GEN-EWS,1281
9461,GEN-EWS,1282
9462,GEN,
9463,OBC-NCL,2157
9464,OBC-NCL,2158
9465,GEN,
9466,GEN,
9467,OBC-NCL,2159
9468,GEN,
9469,GEN,
9470,GEN,
9471,OBC-NCL,2160
9472,GEN-EWS,1283
9473,GEN,
9474,GEN,
9475,GEN,
9476,GEN,
9477,GEN-EWS,1284
9478,GEN-EWS,1285
9479,OBC-NCL,2161
9480,GEN,
9481,OBC-NCL,2162
9482,GEN,
9483,OBC-NCL,2163
9484,GEN,
9485,GEN,
9486,GEN,
9487,GEN,
9488,GEN-EWS,1286
9489,GEN,
9490,OBC-NCL,2164
9491,GEN,
9492,GEN,
9493,GEN-EWS,1287
9494,GEN,
9495,OBC-NCL,2165
9496,GEN,
9497,GEN,
9498,OBC-NCL,2166
9499,GEN-EWS,1288
9500,GEN-EWS,1289
9501,OBC-NCL,2167
9502,GEN,
9503,GEN,
9504,GEN,
9505,GEN,
9506,GEN,
9507,OBC-NCL,2168
9508,SC,255
9509,GEN,
9510,OBC-NCL,2169
9511,GEN,
9512,GEN,
9513,OBC-NCL,2170
9514,GEN,
9515,OBC-NCL,2171
9516,GEN,
9517,GEN,
9518,SC,256
9519,OBC-NCL,2172
9520,GEN,
9521,GEN,
9522,GEN,
9523,GEN,
9524,OBC-NCL,2173
9525,GEN-EWS,1290
9526,OBC-NCL,2174
9527,GEN,
9528,GEN,
9529,GEN,
9530,GEN,
9531,OBC-NCL,2175
9532,GEN,
9533,GEN,
9534,GEN-EWS,1291
9535,GEN,
9536,GEN,
9537,GEN,
9538,GEN,
9539,OBC-NCL,2176
9540,OBC-NCL,2177
9541,GEN-EWS,1292
9542,OBC-NCL,2178
9543,GEN,
9544,GEN,
9545,GEN,
9546,GEN-EWS,1293
9547,GEN,
9548,GEN-EWS,1294
9549,GEN,
9550,GEN,
9551,GEN,
9552,GEN,
9553,GEN,
9554,SC,257
9555,GEN,
9556,GEN-EWS,1295
9557,GEN,
9558,GEN,
9559,OBC-NCL,2179
9560,OBC-NCL,2180
9561,OBC-NCL,2181
9562,GEN,
9563,GEN,
9564,GEN,
9565,GEN,
9566,GEN,
9567,GEN,
9568,GEN,
9569,GEN,
9570,GEN-EWS,1296
9571,GEN,
9572,GEN,
9573,OBC-NCL,2182
9574,GEN,
9575,GEN,
9576,GEN,
9577,GEN-EWS,1297
9578,GEN,
9579,GEN,
9580,GEN,
9581,GEN,
9582,GEN,
9583,OBC-NCL,2183
9584,GEN,
9585,GEN,
9586,GEN,
9587,GEN-EWS,1298
9588,GEN,
9589,GEN-EWS,1299
9590,GEN,
9591,SC,258
9592,GEN,
9593,GEN,
9594,GEN,
9595,GEN,
9596,GEN,
9597,OBC-NCL,2184
9598,GEN,
9599,SC,259
9600,OBC-NCL,2185
9601,GEN-EWS,1300
9602,GEN,
9603,GEN,
9604,OBC-NCL,2186
9605,GEN,
9606,GEN,
9607,OBC-NCL,2187
9608,OBC-NCL,2188
9609,GEN,
9610,GEN,
9611,GEN,
9612,GEN,
9613,OBC-NCL,2189
9614,OBC-NCL,2190
9615,SC,260
9616,GEN,
9617,GEN,
9618,GEN-EWS,1301
9619,GEN,
9620,OBC-NCL,2191
9621,GEN-EWS,1302
9622,OBC-NCL,2192
9623,GEN,
9624,GEN,
9625,GEN,
9626,OBC-NCL,2193
9627,GEN,
9628,GEN-EWS,1303
9629,OBC-NCL,2194
9630,GEN-EWS,1304
9631,OBC-NCL,2195
9632,GEN,
9633,ST,79
9634,GEN,
9635,GEN,
9636,GEN-EWS,1305
9637,GEN,
9638,GEN,
9639,OBC-NCL,2196
9640,SC,261
9641,OBC-NCL,2197
9642,GEN,
9643,GEN-EWS,1306
9644,OBC-NCL,2198
9645,GEN,
9646,GEN,
9647,GEN,
9648,GEN,
9649,GEN,
9650,OBC-NCL,2199
9651,GEN,
9652,GEN,
9653,OBC-NCL,2200
9654,GEN,
9655,GEN,
9656,GEN-EWS,1307
9657,GEN,
9658,GEN,
9659,GEN,
9660,GEN-EWS,1308
9661,GEN,
9662,GEN,
9663,GEN-EWS,1309
9664,OBC-NCL,2201
9665,GEN,
9666,GEN,
9667,GEN,
9668,GEN,
9669,GEN,
9670,GEN,
9671,GEN,
9672,GEN,
9673,OBC-NCL,2202
9674,GEN-EWS,1310
9674,OBC-NCL,2203
9676,GEN,
9677,SC,262
9678,OBC-NCL,2204
9679,OBC-NCL,2205
9680,GEN,
9681,GEN-EWS,1311
9682,GEN,
9683,GEN,
9684,OBC-NCL,2206
9685,SC,263
9686,GEN,
9687,OBC-NCL,2207
9688,GEN,
9689,GEN,
9690,GEN-EWS,1313
9691,GEN,
9692,OBC-NCL,2208
9693,GEN-EWS,1314
9694,OBC-NCL,2209
9695,GEN,
9696,GEN,
9697,OBC-NCL,2210
9698,GEN,
9699,GEN-EWS,1315
9700,OBC-NCL,2211
9701,OBC-NCL,2212
9702,GEN,
9703,OBC-NCL,2213
9704,SC,264
9705,GEN-EWS,1316
9706,GEN-EWS,1317
9707,ST,80
9708,GEN,
9709,GEN,
9710,GEN,
9711,OBC-NCL,2214
9712,OBC-NCL,2215
9713,SC,265
9714,SC,266
9715,GEN,
9716,GEN-EWS,1318
9717,GEN-EWS,1319
9718,OBC-NCL,2216
9719,SC,267
9720,GEN-EWS,1320
9721,OBC-NCL,2217
9722,GEN,
9723,OBC-NCL,2218
9724,GEN,
9725,GEN-EWS,1321
9726,GEN,
9727,GEN,
9728,OBC-NCL,2219
9729,GEN,
9730,GEN,
9731,OBC-NCL,2220
9732,GEN,
9733,GEN,
9734,OBC-NCL,2221
9735,GEN,
9736,GEN,
9737,GEN-EWS,1322
9738,GEN,
9739,OBC-NCL,2222
9740,GEN,
9741,GEN,
9742,OBC-NCL,2223
9743,OBC-NCL,2224
9744,GEN-EWS,1323
9745,GEN,
9746,GEN,
9747,OBC-NCL,2225
9748,OBC-NCL,2226
9749,GEN,
9750,GEN,
9751,OBC-NCL,2227
9752,GEN,
9753,GEN,
9754,OBC-NCL,2228
9755,GEN,
9756,SC,268
9757,GEN,
9758,GEN,
9759,OBC-NCL,2229
9760,GEN,
9761,GEN,
9762,GEN-EWS,1324
9763,GEN,
9764,GEN,
9765,GEN-EWS,1325
9766,GEN,
9767,GEN,
9768,GEN,
9769,OBC-NCL,2230
9770,OBC-NCL,2231
9771,OBC-NCL,2232
9772,GEN-EWS,1326
9773,OBC-NCL,2233
9774,OBC-NCL,2234
9775,GEN-EWS,1327
9776,OBC-NCL,2235
9777,GEN,
9778,GEN,
9779,GEN,
9779,GEN,
9781,OBC-NCL,2236
9782,GEN,
9783,GEN,
9784,GEN,
9785,GEN,
9786,GEN,
9787,GEN-EWS,1328
9788,GEN,
9789,GEN,
9790,GEN,
9791,OBC-NCL,2237
9792,OBC-NCL,2238
9793,GEN,
9794,GEN-EWS,1329
9795,OBC-NCL,2239
9796,GEN,
9797,GEN,
9798,OBC-NCL,2240
9799,ST,81
9800,GEN-EWS,1330
9801,GEN,
9802,OBC-NCL,2241
9803,GEN-EWS,1331
9804,GEN-EWS,1332
9805,GEN,
9806,OBC-NCL,2242
9807,OBC-NCL,2243
9808,OBC-NCL,2244
9809,GEN,
9810,OBC-NCL,2245
9811,GEN,
9812,GEN-EWS,1333
9813,GEN,
9814,GEN,
9815,GEN,
9816,GEN,
9817,GEN-EWS,1334
9818,GEN,
9819,OBC-NCL,2246
9820,GEN,
9821,GEN,
9822,GEN,
9823,OBC-NCL,2247
9824,GEN,
9825,GEN,
9826,OBC-NCL,2248
9827,GEN,
9828,GEN,
9829,GEN,
9830,GEN,
9831,OBC-NCL,2249
9832,GEN-EWS,1335
9833,OBC-NCL,2250
9834,GEN,
9835,GEN,
9836,GEN-EWS,1336
9837,GEN,
9838,OBC-NCL,2251
9839,GEN-EWS,1337
9840,GEN,
9841,GEN,
9842,OBC-NCL,2252
9843,GEN-EWS,1338
9844,GEN,
9845,GEN,
9846,OBC-NCL,2253
9847,GEN-EWS,1339
9848,GEN-EWS,1340
9849,GEN,
9850,OBC-NCL,2254
9851,GEN,
9852,SC,269
9853,GEN-EWS,1341
9854,GEN,
9855,GEN,
9856,GEN,
9857,OBC-NCL,2255
9858,GEN,
9859,GEN,
9860,GEN,
9861,GEN,
9862,GEN-EWS,1342
9863,GEN-EWS,1343
9864,OBC-NCL,2256
9865,GEN,
9866,GEN-EWS,1344
9867,GEN,
9868,GEN,
9869,OBC-NCL,2257
9870,GEN,
9871,SC,270
9872,OBC-NCL,2258
9873,OBC-NCL,2259
9874,OBC-NCL,2260
9875,GEN,
9876,GEN,
9877,SC,271
9878,OBC-NCL,2261
9879,GEN,
9880,GEN-EWS,1345
9881,GEN,
9882,OBC-NCL,2262
9883,GEN-EWS,1346
9884,GEN,
9885,GEN,
9886,GEN,
9887,OBC-NCL,2263
9888,GEN-EWS,1347
9889,OBC-NCL,2264
9890,GEN-EWS,1348
9891,OBC-NCL,2265
9892,OBC-NCL,2266
9893,GEN,
9894,OBC-NCL,2267
9895,OBC-NCL,2268
9896,GEN,
9897,OBC-NCL,2269
9898,GEN-EWS,1349
9899,GEN,
9900,OBC-NCL,2270
9901,GEN-EWS,1350
9902,OBC-NCL,2271
9903,OBC-NCL,2272
9904,GEN,
9905,OBC-NCL,2273
9906,GEN,
9907,GEN,
9908,OBC-NCL,2274
9909,GEN,
9910,GEN,
9911,OBC-NCL,2275
9912,OBC-NCL,2276
9913,OBC-NCL,2277
9914,GEN,
9915,GEN,
9916,GEN,
9917,GEN,
9918,GEN,
9919,GEN,
9920,GEN,
9921,GEN,
9922,GEN,
9923,GEN,
9924,GEN,
9925,GEN,
9926,GEN-EWS,1351
9927,SC,272
9928,OBC-NCL,2278
9929,OBC-NCL,2279
9930,GEN,
9931,GEN,
9932,GEN,
9933,GEN,
9934,GEN,
9935,GEN,
9936,GEN,
9937,GEN,
9938,GEN,
9939,GEN,
9940,GEN,
9941,GEN,
9942,GEN,
9943,GEN,
9944,OBC-NCL,2280
9945,OBC-NCL,2281
9946,GEN-EWS,1352
9947,SC,273
9948,GEN-EWS,1353
9949,GEN,
9950,GEN-EWS,1354
9951,GEN,
9952,OBC-NCL,2282
9953,OBC-NCL,2283
9954,GEN,
9955,GEN,
9956,GEN,
9957,OBC-NCL,2284
9958,GEN,
9959,GEN-EWS,1355
9960,GEN,
9961,GEN,
9962,OBC-NCL,2285
9963,GEN,
9964,OBC-NCL,2286
9965,GEN,
9966,GEN,
9967,OBC-NCL,2287
9968,GEN,
9969,GEN,
9970,GEN,
9971,GEN,
9972,GEN,
9973,GEN,
9974,OBC-NCL,2288
9975,GEN,
9976,GEN,
9977,OBC-NCL,2289
9978,GEN,
9979,GEN,
9980,OBC-NCL,2290
9981,GEN,
9982,OBC-NCL,2291
9983,GEN,
9984,OBC-NCL,2292
9985,GEN,
9986,GEN,
9987,GEN-EWS,1356
9988,GEN-EWS,1357
9989,OBC-NCL,2293
9990,GEN-EWS,1358
9991,OBC-NCL,2294
9992,OBC-NCL,2295
9993,OBC-NCL,2296
9994,GEN-EWS,1359
9995,GEN,
9996,GEN,
9997,OBC-NCL,2297
9998,GEN,
9999,GEN,
10000,GEN-EWS,1360
10001,GEN,
10002,GEN,
10003,GEN,
10004,GEN,
10005,GEN,
10006,GEN-EWS,1361
10007,GEN,
10008,OBC-NCL,2298
10009,GEN,
10010,GEN,
10011,OBC-NCL,2299
10012,GEN,
10013,OBC-NCL,2300
10014,GEN,
10015,GEN-EWS,1362
10016,GEN,
10017,OBC-NCL,2301
10018,GEN,
10019,SC,274
10020,GEN,
10021,GEN-EWS,1363
10022,GEN,
10023,GEN,
10024,GEN,
10025,GEN,
10026,GEN-EWS,1364
10027,GEN,
10028,OBC-NCL,2302
10029,GEN-EWS,1365
10030,GEN,
10031,SC,275
10032,GEN,
10033,OBC-NCL,2303
10034,GEN-EWS,1366
10035,GEN,
10036,GEN,
10037,OBC-NCL,2304
10038,GEN,
10039,GEN,
10040,GEN,
10041,GEN,
10042,OBC-NCL,2305
10043,GEN,
10044,GEN,
10045,OBC-NCL,2306
10046,OBC-NCL,2307
10047,OBC-NCL,2308
10048,GEN,
10049,GEN,
10050,GEN,
10051,OBC-NCL,2309
10052,GEN,
10053,GEN,
10054,GEN-EWS,1367
10055,GEN,
10056,GEN,
10057,GEN,
10058,GEN-EWS,1368
10059,GEN,
10060,GEN,
10061,OBC-NCL,2310
10062,GEN,
10063,OBC-NCL,2311
10064,GEN,
10065,GEN-EWS,1369
10066,GEN,
10067,GEN,
10068,GEN,
10068,GEN,
10070,GEN,
10071,GEN,
10072,GEN,
10073,SC,276
10074,GEN,
10075,GEN,
10076,OBC-NCL,2312
10077,GEN-EWS,1370
10078,GEN-EWS,1371
10079,GEN,
10080,OBC-NCL,2313
10081,GEN,
10082,OBC-NCL,2314
10083,GEN,
10084,OBC-NCL,2315
10085,OBC-NCL,2316
10086,GEN,
10087,GEN-EWS,1372
10088,GEN,
10089,ST,82
10090,GEN-EWS,1373
10091,GEN,
10092,OBC-NCL,2317
10093,GEN,
10094,OBC-NCL,2318
10095,OBC-NCL,2319
10096,OBC-NCL,2320
10097,GEN,
10098,GEN-EWS,1374
10099,OBC-NCL,2321
10100,GEN,
10101,GEN-EWS,1375
10102,GEN,
10103,GEN,
10104,GEN-EWS,1376
10105,GEN-EWS,1377
10106,GEN,
10107,GEN,
10107,GEN,
10109,GEN,
10110,OBC-NCL,2322
10111,GEN-EWS,1378
10112,OBC-NCL,2323
10113,OBC-NCL,2324
10114,GEN,
10114,GEN-EWS,1379
10116,GEN,
10117,OBC-NCL,2325
10118,OBC-NCL,2326
10119,GEN-EWS,1380
10120,GEN-EWS,1381
10121,OBC-NCL,2327
10122,GEN,
10123,GEN,
10124,ST,83
10125,OBC-NCL,2328
10126,GEN,
10127,GEN,
10128,GEN,
10129,GEN,
10130,GEN-EWS,1382
10131,OBC-NCL,2329
10132,GEN,
10133,GEN,
10134,OBC-NCL,2330
10135,GEN,
10136,GEN-EWS,1383
10137,GEN,
10137,SC,277
10139,GEN,
10140,OBC-NCL,2331
10141,GEN,
10142,GEN,
10143,GEN,
10144,GEN,
10145,GEN-EWS,1384
10146,OBC-NCL,2332
10147,GEN,
10148,GEN,
10149,GEN,
10150,GEN,
10151,GEN,
10152,GEN,
10153,OBC-NCL,2333
10154,OBC-NCL,2334
10155,GEN,
10155,SC,278
10157,GEN,
10158,SC,279
10159,GEN,
10160,GEN-EWS,1385
10161,GEN-EWS,1386
10162,GEN,
10163,OBC-NCL,2335
10164,GEN-EWS,1387
10165,OBC-NCL,2336
10166,ST,84
10167,OBC-NCL,2337
10168,OBC-NCL,2338
10169,GEN-EWS,1388
10170,OBC-NCL,2339
10171,GEN-EWS,1389
10172,GEN,
10173,GEN,
10174,GEN,
10175,OBC-NCL,2340
10176,SC,280
10177,OBC-NCL,2341
10178,OBC-NCL,2342
10179,GEN,
10180,GEN,
10181,ST,85
10182,GEN,
10183,SC,281
10184,OBC-NCL,2343
10185,GEN,
10186,GEN-EWS,1390
10187,GEN,
10188,OBC-NCL,2344
10189,OBC-NCL,2345
10190,SC,282
10191,SC,283
10192,GEN,
10193,GEN,
10194,GEN,
10195,GEN,
10196,OBC-NCL,2346
10197,GEN,
10198,GEN,
10199,OBC-NCL,2347
10200,OBC-NCL,2348
10201,OBC-NCL,2349
10202,GEN-EWS,1391
10203,SC,284
10204,OBC-NCL,2350
10205,OBC-NCL,2351
10206,GEN,
10207,GEN,
10208,GEN,
10209,SC,285
10210,GEN,
10211,OBC-NCL,2352
10212,SC,286
10213,GEN,
10214,GEN,
10215,SC,287
10216,GEN,
10217,GEN,
10218,GEN,
10219,OBC-NCL,2353
10220,OBC-NCL,2354
10221,GEN,
10222,OBC-NCL,2355
10223,GEN,
10224,GEN,
10225,OBC-NCL,2356
10226,GEN-EWS,1392
10227,GEN,
10228,GEN,
10229,GEN,
10230,GEN,
10231,OBC-NCL,2357
10232,GEN,
10233,GEN,
10234,OBC-NCL,2358
10235,GEN,
10236,GEN,
10237,OBC-NCL,2359
10238,GEN,
10239,GEN,
10240,OBC-NCL,2360
10241,GEN,
10242,GEN,
10243,GEN-EWS,1393
10244,OBC-NCL,2361
10245,GEN,
10246,GEN,
10247,GEN,
10248,GEN,
10249,GEN,
10250,SC,288
10251,GEN,
10252,GEN,
10253,GEN,
10254,OBC-NCL,2362
10255,OBC-NCL,2363
10256,GEN-EWS,1394
10257,GEN-EWS,1395
10258,GEN,
10259,GEN-EWS,1396
10260,GEN,
10261,GEN,
10262,GEN,
10263,GEN,
10264,GEN,
10265,OBC-NCL,2364
10266,GEN,
10267,GEN,
10268,GEN,
10269,OBC-NCL,2365
10270,GEN,
10271,OBC-NCL,2366
10272,GEN,
10273,GEN,
10274,OBC-NCL,2367
10275,OBC-NCL,2368
10276,GEN,
10277,OBC-NCL,2369
10278,GEN,
10279,GEN,
10280,GEN,
10281,GEN,
10282,GEN,
10283,GEN,
10284,OBC-NCL,2370
10285,OBC-NCL,2371
10286,GEN,
10287,GEN,
10288,GEN,
10289,OBC-NCL,2372
10290,GEN,
10291,OBC-NCL,2373
10292,OBC-NCL,2374
10293,GEN,
10294,GEN,
10295,OBC-NCL,2375
10296,GEN,
10297,GEN,
10298,GEN-EWS,1397
10299,GEN,
10300,OBC-NCL,2376
10301,OBC-NCL,2377
10302,GEN,
10303,OBC-NCL,2378
10304,GEN-EWS,1398
10305,GEN,
10306,OBC-NCL,2379
10307,OBC-NCL,2380
10308,GEN-EWS,1399
10309,OBC-NCL,2381
10310,OBC-NCL,2382
10311,OBC-NCL,2383
10312,GEN,
10313,GEN,
10314,GEN-EWS,1400
10315,GEN,
10316,GEN,
10317,GEN-EWS,1401
10318,GEN,
10319,GEN,
10320,SC,289
10321,OBC-NCL,2384
10322,GEN,
10322,GEN,
10324,GEN,
10325,GEN,
10326,GEN,
10327,OBC-NCL,2385
10328,OBC-NCL,2386
10329,GEN,
10330,OBC-NCL,2387
10331,OBC-NCL,2388
10332,GEN,
10333,GEN-EWS,1402
10334,OBC-NCL,2389
10335,OBC-NCL,2390
10336,GEN,
10337,GEN,
10338,GEN-EWS,1403
10339,GEN,
10340,OBC-NCL,2391
10341,GEN,
10342,GEN,
10343,GEN-EWS,1404
10344,OBC-NCL,2392
10345,GEN,
10346,GEN-EWS,1405
10347,GEN,
10348,GEN,
10349,OBC-NCL,2393
10350,GEN,
10351,GEN-EWS,1406
10352,SC,290
10353,OBC-NCL,2394
10354,GEN,
10355,GEN-EWS,1407
10356,OBC-NCL,2395
10357,OBC-NCL,2396
10358,OBC-NCL,2397
10359,GEN,
10360,GEN,
10361,OBC-NCL,2398
10362,OBC-NCL,2399
10363,GEN,
10364,GEN,
10365,GEN-EWS,1408
10366,GEN,
10367,GEN-EWS,1409
10368,OBC-NCL,2400
10369,GEN,
10370,GEN,
10371,GEN,
10372,GEN-EWS,1410
10373,GEN,
10374,GEN,
10375,SC,291
10376,OBC-NCL,2401
10377,OBC-NCL,2402
10378,GEN,
10379,OBC-NCL,2403
10380,GEN,
10381,GEN,
10382,OBC-NCL,2404
10383,GEN,
10384,GEN-EWS,1411
10385,OBC-NCL,2405
10386,GEN,
10387,GEN-EWS,1412
10388,GEN,
10389,GEN-EWS,1413
10390,OBC-NCL,2406
10391,GEN,
10392,OBC-NCL,2407
10393,GEN,
10394,GEN,
10395,GEN,
10396,GEN,
10397,GEN,
10398,GEN,
10399,GEN,
10400,GEN-EWS,1414
10401,GEN,
10402,GEN-EWS,1415
10403,GEN-EWS,1416
10404,GEN,
10405,GEN,
10406,GEN,
10407,GEN,
10408,GEN-EWS,1417
10409,SC,292
10410,GEN-EWS,1418
10411,OBC-NCL,2408
10412,GEN,
10413,GEN,
10414,GEN,
10415,GEN,
10416,GEN,
10417,GEN,
10418,GEN,
10419,GEN,
10420,OBC-NCL,2409
10421,SC,293
10422,GEN,
10423,GEN-EWS,1419
10424,OBC-NCL,2410
10425,GEN-EWS,1420
10426,SC,294
10427,GEN,
10428,GEN,
10429,GEN,
10430,GEN,
10431,GEN,
10432,OBC-NCL,2411
10433,OBC-NCL,2412
10434,GEN,
10435,GEN,
10436,GEN,
10437,GEN,
10438,OBC-NCL,2413
10439,GEN,
10440,GEN,
10441,GEN,
10442,GEN,
10443,GEN-EWS,1421
10444,GEN-EWS,1422
10445,OBC-NCL,2414
10446,GEN-EWS,1423
10447,GEN,
10448,GEN-EWS,1424
10449,OBC-NCL,2415
10450,GEN,
10451,GEN,
10452,OBC-NCL,2416
10453,GEN,
10454,GEN,
10455,GEN,
10456,GEN,
10457,GEN,
10458,GEN,
10459,GEN-EWS,1425
10460,GEN,
10461,GEN,
10462,OBC-NCL,2417
10463,GEN,
10464,GEN-EWS,1426
10465,GEN,
10466,GEN,
10467,GEN,
10468,GEN,
10469,GEN,
10470,OBC-NCL,2418
10471,OBC-NCL,2419
10472,OBC-NCL,2420
10473,GEN,
10474,GEN,
10475,GEN,
10476,GEN,
10477,OBC-NCL,2421
10478,OBC-NCL,2422
10479,GEN,
10480,GEN,
10481,GEN,
10482,GEN,
10483,GEN-EWS,1427
10484,ST,86
10485,GEN-EWS,1428
10486,GEN-EWS,1429
10487,GEN-EWS,1430
10488,GEN,
10489,GEN,
10490,OBC-NCL,2423
10491,GEN,
10492,SC,295
10493,GEN,
10494,OBC-NCL,2424
10495,OBC-NCL,2425
10496,GEN,
10496,GEN-EWS,1431
10498,GEN-EWS,1432
10499,GEN,
10500,GEN,
10501,GEN,
10502,GEN-EWS,1433
10503,SC,296
10504,GEN,
10505,GEN,
10506,GEN,
10507,GEN,
10508,GEN,
10509,GEN,
10510,OBC-NCL,2426
10511,SC,297
10512,OBC-NCL,2427
10513,GEN,
10514,OBC-NCL,2428
10515,GEN,
10516,GEN,
10517,GEN-EWS,1434
10518,GEN-EWS,1435
10519,GEN-EWS,1436
10520,GEN,
10521,GEN,
10522,GEN,
10523,OBC-NCL,2429
10524,GEN,
10525,GEN,
10526,GEN-EWS,1437
10527,GEN-EWS,1438
10528,OBC-NCL,2430
10529,OBC-NCL,2431
10530,OBC-NCL,2432
10531,GEN,
10532,GEN,
10533,GEN,
10534,GEN-EWS,1439
10535,OBC-NCL,2433
10536,GEN,
10537,OBC-NCL,2434
10538,GEN,
10539,GEN,
10540,GEN,
10541,GEN,
10542,GEN,
10543,GEN,
10544,GEN,
10545,GEN-EWS,1440
10546,OBC-NCL,2435
10547,GEN,
10548,GEN,
10549,GEN-EWS,1441
10550,OBC-NCL,2436
10551,GEN,
10552,GEN,
10553,GEN,
10554,OBC-NCL,2437
10555,GEN,
10556,OBC-NCL,2438
10557,GEN,
10558,GEN,
10559,GEN-EWS,1442
10560,OBC-NCL,2439
10561,OBC-NCL,2440
10562,GEN,
10563,GEN,
10564,GEN-EWS,1443
10565,GEN,
10566,OBC-NCL,2441
10567,GEN,
10568,GEN,
10569,OBC-NCL,2442
10570,OBC-NCL,2443
10571,GEN,
10572,GEN,
10573,GEN,
10574,GEN,
10575,GEN,
10576,GEN,
10577,OBC-NCL,2444
10578,GEN,
10579,GEN,
10580,OBC-NCL,2445
10581,GEN,
10582,GEN-EWS,1444
10583,GEN-EWS,1445
10584,GEN,
10585,OBC-NCL,2446
10586,OBC-NCL,2447
10587,GEN-EWS,1446
10588,SC,299
10589,GEN,
10590,GEN,
10591,GEN,
10592,SC,300
10593,GEN,
10594,OBC-NCL,2448
10595,GEN-EWS,1447
10596,OBC-NCL,2449
10597,OBC-NCL,2450
10598,GEN-EWS,1448
10599,GEN-EWS,1449
10600,GEN,
10601,GEN,
10602,GEN-EWS,1450
10603,OBC-NCL,2451
10604,GEN,
10605,OBC-NCL,2452
10606,GEN,
10607,GEN,
10608,GEN,
10609,OBC-NCL,2453
10610,GEN,
10611,GEN,
10612,GEN,
10613,GEN-EWS,1451
10614,GEN,
10615,OBC-NCL,2454
10616,GEN-EWS,1452
10617,GEN,
10618,OBC-NCL,2455
10619,GEN,
10620,GEN,
10621,OBC-NCL,2456
10622,ST,87
10623,GEN,
10624,ST,88
10625,GEN,
10626,GEN,
10627,OBC-NCL,2457
10628,GEN,
10629,OBC-NCL,2458
10630,GEN,
10631,GEN,
10632,OBC-NCL,2459
10633,GEN,
10634,GEN,
10635,GEN,
10636,GEN,
10637,GEN-EWS,1453
10638,OBC-NCL,2460
10639,GEN,
10640,OBC-NCL,2461
10641,OBC-NCL,2462
10642,GEN,
10643,GEN,
10644,OBC-NCL,2463
10645,GEN,
10646,GEN,
10647,GEN,
10648,GEN,
10649,GEN-EWS,1454
10650,OBC-NCL,2464
10651,GEN-EWS,1455
10652,GEN,
10653,GEN,
10654,GEN,
10655,GEN,
10656,GEN,
10657,GEN,
10658,OBC-NCL,2465
10659,GEN,
10660,GEN,
10661,OBC-NCL,2466
10662,GEN,
10663,GEN,
10664,OBC-NCL,2467
10665,GEN,
10666,GEN,
10667,GEN-EWS,1456
10668,GEN,
10669,SC,301
10670,OBC-NCL,2468
10671,GEN,
10672,OBC-NCL,2469
10673,OBC-NCL,2470
10674,GEN-EWS,1457
10675,GEN,
10676,OBC-NCL,2471
10677,GEN-EWS,1458
10678,OBC-NCL,2472
10679,OBC-NCL,2473
10680,GEN,
10681,GEN,
10682,SC,302
10683,GEN,
10684,GEN,
10685,OBC-NCL,2474
10686,OBC-NCL,2475
10687,GEN,
10688,OBC-NCL,2476
10689,GEN-EWS,1459
10690,GEN,
10691,GEN,
10692,OBC-NCL,2477
10693,GEN,
10694,GEN,
10695,GEN,
10696,GEN,
10697,OBC-NCL,2478
10698,GEN,
10699,GEN,
10700,ST,89
10701,GEN,
10702,GEN,
10703,GEN,
10704,GEN,
10705,GEN,
10706,GEN,
10707,GEN,
10708,GEN,
10709,GEN,
10710,OBC-NCL,2479
10711,OBC-NCL,2480
10712,GEN,
10713,GEN,
10714,GEN,
10715,GEN,
10716,GEN-EWS,1460
10717,OBC-NCL,2481
10718,GEN,
10719,GEN,
10720,GEN,
10721,GEN,
10722,OBC-NCL,2482
10723,GEN,
10724,GEN,
10725,GEN-EWS,1461
10726,GEN,
10727,GEN,
10728,GEN,
10729,GEN-EWS,1462
10730,GEN,
10731,OBC-NCL,2483
10732,GEN-EWS,1463
10733,GEN,
10734,GEN-EWS,1464
10735,GEN,
10736,SC,304
10737,GEN-EWS,1465
10738,GEN-EWS,1466
10739,GEN,
10740,GEN-EWS,1467
10741,GEN,
10742,OBC-NCL,2484
10743,GEN,
10744,OBC-NCL,2485
10745,GEN,
10746,GEN-EWS,1468
10747,GEN,
10748,GEN,
10749,GEN,
10750,GEN,
10751,GEN,
10752,GEN,
10753,GEN,
10754,GEN,
10755,GEN-EWS,1469
10756,GEN-EWS,1470
10757,OBC-NCL,2486
10758,GEN-EWS,1471
10759,OBC-NCL,2487
10760,OBC-NCL,2488
10761,GEN,
10762,OBC-NCL,2489
10763,GEN,
10764,OBC-NCL,2490
10765,OBC-NCL,2491
10766,GEN,
10767,OBC-NCL,2492
10768,OBC-NCL,2493
10769,GEN,
10770,OBC-NCL,2494
10771,GEN,
10772,GEN,
10773,GEN,
10774,SC,305
10775,GEN,
10776,OBC-NCL,2495
10777,OBC-NCL,2496
10778,GEN-EWS,1472
10779,GEN,
10780,OBC-NCL,2497
10781,GEN-EWS,1473
10782,GEN,
10783,OBC-NCL,2498
10784,GEN,
10785,GEN,
10786,GEN,
10787,GEN,
10788,OBC-NCL,2499
10789,GEN-EWS,1474
10790,GEN,
10791,GEN,
10792,GEN-EWS,1475
10793,GEN,
10794,GEN,
10795,GEN,
10796,GEN,
10797,GEN-EWS,1476
10798,OBC-NCL,2500
10799,GEN,
10800,GEN-EWS,1477
10801,GEN-EWS,1478
10802,GEN,
10803,GEN,
10804,GEN-EWS,1479
10805,OBC-NCL,2501
10806,OBC-NCL,2502
10807,GEN,
10808,GEN,
10809,GEN,
10810,GEN,
10811,GEN,
10812,GEN,
10813,OBC-NCL,2503
10814,GEN-EWS,1480
10815,GEN,
10816,ST,90
10817,GEN,
10818,GEN-EWS,1481
10819,OBC-NCL,2504
10820,GEN,
10821,GEN,
10822,OBC-NCL,2505
10823,OBC-NCL,2506
10824,OBC-NCL,2507
10825,GEN,
10826,GEN,
10827,GEN,
10828,GEN,
10829,GEN,
10830,OBC-NCL,2508
10831,OBC-NCL,2509
10832,GEN,
10833,GEN,
10834,GEN,
10835,GEN-EWS,1482
10836,GEN-EWS,1483
10837,SC,306
10838,GEN-EWS,1484
10839,GEN,
10840,GEN,
10841,GEN,
10842,OBC-NCL,2510
10843,OBC-NCL,2511
10844,OBC-NCL,2512
10845,GEN,
10846,GEN-EWS,1485
10847,GEN,
10848,GEN-EWS,1486
10849,GEN,
10850,OBC-NCL,2513
10851,OBC-NCL,2514
10852,GEN,
10853,OBC-NCL,2515
10854,GEN,
10855,GEN-EWS,1487
10856,GEN,
10857,GEN,
10858,OBC-NCL,2516
10859,OBC-NCL,2517
10860,OBC-NCL,2518
10861,OBC-NCL,2519
10862,GEN,
10863,GEN,
10864,GEN,
10865,GEN-EWS,1488
10866,OBC-NCL,2520
10867,GEN,
10868,OBC-NCL,2521
10869,GEN,
10870,GEN,
10871,GEN,
10872,GEN,
10873,GEN,
10874,OBC-NCL,2522
10875,GEN-EWS,1489
10876,OBC-NCL,2523
10877,GEN-EWS,1490
10878,GEN,
10879,GEN,
10880,GEN-EWS,1491
10881,GEN-EWS,1492
10882,GEN,
10883,GEN,
10884,GEN,
10885,GEN,
10886,GEN,
10887,OBC-NCL,2524
10888,GEN-EWS,1493
10889,GEN,
10890,GEN,
10891,OBC-NCL,2525
10892,OBC-NCL,2526
10893,GEN-EWS,1494
10894,OBC-NCL,2527
10895,GEN-EWS,1495
10896,GEN,
10897,GEN-EWS,1496
10898,GEN,
10899,GEN-EWS,1497
10900,GEN,
10901,OBC-NCL,2528
10902,GEN,
10903,GEN,
10904,GEN,
10905,OBC-NCL,2529
10906,OBC-NCL,2530
10907,GEN,
10908,OBC-NCL,2531
10909,GEN,
10910,GEN,
10911,OBC-NCL,2532
10912,OBC-NCL,2533
10913,OBC-NCL,2534
10914,GEN,
10915,GEN-EWS,1498
10916,GEN,
10917,OBC-NCL,2535
10918,OBC-NCL,2536
10919,GEN,
10920,GEN,
10921,OBC-NCL,2537
10922,SC,307
10923,OBC-NCL,2538
10924,GEN,
10924,GEN,
10926,OBC-NCL,2539
10927,GEN-EWS,1499
10928,OBC-NCL,2540
10929,GEN,
10930,GEN,
10931,GEN,
10932,OBC-NCL,2541
10933,GEN,
10934,GEN-EWS,1500
10935,GEN,
10936,GEN,
10937,GEN,
10938,GEN,
10939,GEN-EWS,1501
10940,OBC-NCL,2542
10941,GEN-EWS,1502
10942,GEN,
10943,GEN,
10944,GEN,
10945,GEN,
10946,GEN-EWS,1503
10947,GEN-EWS,1504
10948,GEN-EWS,1505
10949,SC,308
10950,OBC-NCL,2543
10951,GEN-EWS,1506
10952,GEN,
10953,GEN,
10954,GEN,
10955,GEN,
10956,GEN-EWS,1507
10957,GEN,
10958,GEN,
10959,GEN,
10960,GEN,
10961,OBC-NCL,2544
10962,GEN-EWS,1508
10963,SC,309
10964,GEN,
10965,GEN-EWS,1509
10966,GEN,
10967,OBC-NCL,2545
10968,GEN,
10969,SC,310
10970,OBC-NCL,2546
10971,OBC-NCL,2547
10972,OBC-NCL,2548
10973,GEN,
10974,OBC-NCL,2549
10975,GEN,
10976,GEN,
10977,GEN,
10978,GEN,
10979,GEN,
10980,OBC-NCL,2550
10981,GEN,
10982,OBC-NCL,2551
10983,OBC-NCL,2552
10984,GEN,
10985,SC,311
10986,GEN,
10987,OBC-NCL,2553
10988,GEN,
10989,GEN,
10990,GEN,
10991,GEN,
10992,GEN,
10993,GEN-EWS,1510
10994,GEN,
10995,OBC-NCL,2554
10996,GEN,
10997,SC,312
10998,GEN-EWS,1511
10999,GEN,
11000,GEN-EWS,1512
11001,GEN-EWS,1513
11002,GEN-EWS,1514
11003,OBC-NCL,2555
11004,ST,91
11005,OBC-NCL,2556
11006,SC,313
11007,OBC-NCL,2557
11008,GEN,
11009,GEN-EWS,1515
11010,OBC-NCL,2558
11011,GEN-EWS,1516
11012,GEN,
11013,ST,92
11014,GEN,
11015,OBC-NCL,2559
11016,OBC-NCL,2560
11017,GEN,
11018,GEN-EWS,1517
11019,GEN-EWS,1518
11020,OBC-NCL,2561
11021,GEN,
11022,GEN-EWS,1519
11023,GEN,
11024,GEN-EWS,1520
11025,GEN,
11026,GEN,
11027,GEN,
11028,GEN,
11029,GEN,
11030,OBC-NCL,2562
11031,GEN,
11032,GEN-EWS,1521
11033,GEN,
11034,OBC-NCL,2563
11035,GEN,
11036,OBC-NCL,2564
11037,GEN-EWS,1522
11038,GEN,
11039,GEN,
11040,GEN,
11041,GEN,
11042,GEN-EWS,1523
11042,GEN-EWS,1523
11044,OBC-NCL,2565
11045,GEN,
11046,GEN-EWS,1525
11047,OBC-NCL,2566
11048,GEN-EWS,1526
11049,GEN,
11050,GEN,
11051,ST,93
11052,OBC-NCL,2567
11053,OBC-NCL,2568
11054,GEN,
11055,GEN,
11056,GEN-EWS,1527
11057,GEN,
11058,GEN,
11059,GEN-EWS,1528
11060,GEN,
11061,GEN,
11062,GEN-EWS,1529
11063,GEN,
11064,OBC-NCL,2569
11065,GEN,
11066,GEN,
11067,GEN-EWS,1530
11068,GEN,
11069,GEN-EWS,1531
11070,GEN,
11071,GEN-EWS,1532
11072,GEN,
11073,GEN,
11074,GEN,
11075,OBC-NCL,2570
11076,GEN,
11077,SC,314
11078,ST,94
11079,OBC-NCL,2571
11080,GEN,
11081,GEN,
11082,GEN,
11083,GEN,
11084,OBC-NCL,2572
11085,GEN,
11086,GEN,
11087,GEN,
11088,GEN,
11089,OBC-NCL,2573
11090,OBC-NCL,2574
11091,OBC-NCL,2575
11092,OBC-NCL,2576
11093,GEN,
11094,OBC-NCL,2577
11095,OBC-NCL,2578
11096,OBC-NCL,2579
11097,OBC-NCL,2580
11098,OBC-NCL,2581
11099,GEN,
11100,OBC-NCL,2582
11101,GEN-EWS,1533
11102,GEN-EWS,1534
11103,GEN,
11104,SC,315
11105,GEN,
11106,GEN,
11107,OBC-NCL,2583
11108,GEN,
11109,GEN,
11110,OBC-NCL,2584
11111,GEN,
11112,GEN,
11113,OBC-NCL,2585
11114,GEN,
11115,OBC-NCL,2586
11116,OBC-NCL,2587
11117,GEN,
11118,GEN,
11119,OBC-NCL,2588
11120,GEN,
11121,GEN,
11122,OBC-NCL,2589
11123,GEN,
11124,OBC-NCL,2590
11125,OBC-NCL,2591
11126,GEN,
11127,GEN,
11128,OBC-NCL,2592
11129,GEN,
11130,GEN,
11131,GEN,
11132,GEN-EWS,1535
11133,GEN,
11134,OBC-NCL,2593
11135,OBC-NCL,2594
11136,GEN-EWS,1536
11137,GEN,
11138,OBC-NCL,2595
11139,GEN,
11140,GEN,
11141,GEN-EWS,1537
11142,GEN,
11143,SC,316
11144,OBC-NCL,2596
11145,GEN,
11146,GEN-EWS,1538
11147,GEN,
11147,GEN,
11149,GEN,
11150,GEN-EWS,1539
11151,GEN,
11152,GEN,
11153,GEN,
11154,OBC-NCL,2597
11155,GEN-EWS,1540
11156,GEN-EWS,1541
11157,OBC-NCL,2598
11158,OBC-NCL,2599
11159,GEN,
11160,GEN-EWS,1542
11161,GEN-EWS,1543
11162,GEN,
11163,OBC-NCL,2600
11164,OBC-NCL,2601
11165,GEN-EWS,1544
11166,OBC-NCL,2602
11167,ST,95
11168,GEN-EWS,1545
11169,GEN-EWS,1546
11170,GEN,
11171,GEN,
11172,GEN,
11173,OBC-NCL,2603
11174,OBC-NCL,2604
11175,GEN,
11176,OBC-NCL,2605
11177,GEN,
11178,OBC-NCL,2606
11179,GEN,
11180,GEN,
11181,GEN,
11182,GEN,
11183,GEN,
11184,OBC-NCL,2607
11185,GEN,
11186,GEN,
11187,SC,317
11188,OBC-NCL,2608
11189,GEN-EWS,1547
11190,GEN-EWS,1548
11191,OBC-NCL,2609
11192,GEN,
11193,GEN-EWS,1549
11194,OBC-NCL,2610
11195,OBC-NCL,2611
11196,GEN,
11197,GEN-EWS,1550
11198,GEN,
11199,OBC-NCL,2612
11200,GEN,
11201,OBC-NCL,2613
11202,GEN,
11203,GEN,
11204,GEN,
11205,OBC-NCL,2614
11206,GEN-EWS,1551
11207,OBC-NCL,2615
11208,GEN,
11209,GEN-EWS,1552
11210,OBC-NCL,2616
11211,GEN,
11212,GEN,
11213,GEN-EWS,1553
11214,GEN,
11215,GEN,
11216,GEN-EWS,1554
11217,GEN,
11218,GEN,
11219,GEN,
11220,GEN,
11221,SC,318
11222,GEN,
11223,GEN,
11224,GEN,
11225,OBC-NCL,2617
11226,OBC-NCL,2618
11227,ST,96
11228,OBC-NCL,2619
11229,OBC-NCL,2620
11230,GEN,
11231,OBC-NCL,2621
11232,OBC-NCL,2622
11233,ST,97
11234,GEN,
11235,GEN,
11236,GEN-EWS,1555
11237,GEN,
11238,OBC-NCL,2623
11239,GEN,
11240,OBC-NCL,2624
11241,GEN-EWS,1556
11242,SC,319
11243,GEN,
11244,GEN,
11245,GEN,
11246,GEN,
11247,GEN,
11248,GEN,
11249,GEN,
11250,GEN-EWS,1557
11251,GEN-EWS,1558
11252,GEN,
11253,OBC-NCL,2625
11254,OBC-NCL,2626
11255,GEN,
11256,OBC-NCL,2627
11257,GEN,
11258,OBC-NCL,2628
11259,GEN,
11260,SC,320
11261,OBC-NCL,2629
11262,GEN-EWS,1559
11263,GEN,
11264,GEN-EWS,1560
11264,GEN-EWS,1560
11266,GEN-EWS,1562
11267,OBC-NCL,2630
11268,GEN,
11269,GEN,
11270,OBC-NCL,2631
11271,GEN-EWS,1563
11272,GEN,
11273,GEN,
11274,GEN,
11275,OBC-NCL,2632
11276,GEN,
11277,SC,321
11278,GEN,
11279,OBC-NCL,2633
11280,GEN,
11281,GEN-EWS,1564
11282,GEN,
11283,GEN,
11284,GEN,
11285,GEN,
11286,GEN,
11287,GEN-EWS,1565
11288,OBC-NCL,2634
11289,GEN,
11290,GEN,
11291,OBC-NCL,2635
11292,GEN,
11293,GEN,
11294,GEN,
11295,GEN-EWS,1566
11296,OBC-NCL,2636
11297,GEN,
11298,GEN,
11299,OBC-NCL,2637
11300,GEN,
11301,GEN,
11302,GEN,
11303,GEN,
11304,OBC-NCL,2638
11305,OBC-NCL,2639
11306,OBC-NCL,2640
11307,GEN,
11308,OBC-NCL,2641
11309,GEN,
11310,OBC-NCL,2642
11311,GEN-EWS,1567
11312,GEN-EWS,1568
11313,OBC-NCL,2643
11314,GEN,
11315,GEN-EWS,1569
11316,OBC-NCL,2644
11317,GEN,
11318,GEN-EWS,1570
11319,GEN,
11320,GEN,
11321,OBC-NCL,2645
11322,GEN-EWS,1571
11323,GEN,
11324,GEN-EWS,1572
11325,GEN,
11326,GEN-EWS,1573
11327,OBC-NCL,2646
11328,GEN,
11329,OBC-NCL,2647
11330,OBC-NCL,2648
11331,GEN,
11332,GEN,
11333,GEN,
11334,GEN,
11335,GEN,
11336,GEN-EWS,1574
11337,GEN,
11338,GEN,
11339,GEN,
11340,GEN,
11341,OBC-NCL,2649
11342,ST,98
11343,OBC-NCL,2650
11344,GEN,
11345,GEN-EWS,1575
11346,GEN,
11347,GEN,
11348,OBC-NCL,2651
11349,GEN,
11350,GEN,
11351,GEN,
11352,GEN-EWS,1576
11353,OBC-NCL,2652
11354,OBC-NCL,2653
11355,GEN,
11356,OBC-NCL,2654
11357,ST,99
11358,GEN,
11359,GEN-EWS,1577
11360,GEN,
11361,GEN,
11362,GEN,
11363,GEN,
11364,GEN-EWS,1578
11365,GEN-EWS,1579
11366,OBC-NCL,2655
11367,SC,322
11368,GEN,
11369,GEN,
11370,GEN,
11371,GEN,
11372,OBC-NCL,2656
11373,OBC-NCL,2657
11374,GEN,
11375,OBC-NCL,2658
11376,GEN-EWS,1580
11377,SC,323
11378,OBC-NCL,2659
11379,GEN,
11380,OBC-NCL,2660
11381,GEN,
11382,OBC-NCL,2661
11383,GEN,
11384,GEN-EWS,1581
11385,GEN,
11386,GEN,
11387,OBC-NCL,2662
11388,GEN,
11389,GEN-EWS,1582
11390,GEN,
11391,OBC-NCL,2663
11392,GEN-EWS,1583
11393,GEN,
11394,GEN-EWS,1584
11395,GEN,
11396,OBC-NCL,2664
11397,SC,324
11398,GEN,
11399,GEN,
11400,GEN-EWS,1585
11401,GEN,
11402,OBC-NCL,2665
11403,GEN-EWS,1586
11404,GEN,
11405,SC,325
11406,GEN,
11407,GEN,
11408,GEN,
11409,GEN-EWS,1587
11410,GEN-EWS,1588
11411,GEN,
11412,GEN,
11413,OBC-NCL,2666
11414,SC,326
11415,GEN-EWS,1589
11416,GEN,
11417,OBC-NCL,2667
11418,GEN,
11419,OBC-NCL,2668
11420,GEN-EWS,1590
11421,GEN,
11422,GEN,
11423,GEN-EWS,1591
11424,OBC-NCL,2669
11425,GEN-EWS,1592
11426,GEN,
11427,GEN,
11428,GEN-EWS,1593
11429,OBC-NCL,2670
11430,SC,327
11431,GEN,
11432,GEN,
11433,GEN,
11434,GEN,
11435,OBC-NCL,2672
11436,OBC-NCL,2673
11437,SC,328
11438,OBC-NCL,2674
11439,OBC-NCL,2675
11440,GEN,
11441,GEN,
11442,GEN,
11443,SC,329
11444,GEN,
11445,GEN,
11446,GEN-EWS,1594
11447,OBC-NCL,2676
11448,GEN,
11449,OBC-NCL,2677
11450,GEN-EWS,1595
11451,GEN,
11452,GEN,
11453,GEN,
11454,OBC-NCL,2678
11455,GEN-EWS,1596
11456,OBC-NCL,2679
11457,OBC-NCL,2680
11458,GEN,
11459,OBC-NCL,2681
11460,GEN,
11461,GEN,
11462,GEN,
11463,SC,330
11464,GEN,
11465,SC,331
11466,OBC-NCL,2682
11467,GEN-EWS,1597
11468,GEN-EWS,1598
11469,GEN,
11470,GEN,
11471,GEN,
11472,GEN,
11473,GEN,
11474,GEN,
11475,GEN-EWS,1599
11476,OBC-NCL,2683
11477,OBC-NCL,2684
11478,GEN,
11479,OBC-NCL,2685
11480,SC,332
11481,GEN,
11482,GEN,
11483,GEN,
11484,GEN-EWS,1600
11485,GEN,
11486,GEN-EWS,1601
11487,OBC-NCL,2686
11488,GEN-EWS,1602
11489,GEN-EWS,1603
11490,OBC-NCL,2687
11491,GEN,
11492,GEN,
11493,GEN,
11494,OBC-NCL,2688
11495,GEN,
11496,GEN-EWS,1604
11497,OBC-NCL,2689
11498,GEN,
11499,GEN,
11500,GEN,
11501,GEN,
11502,GEN,
11503,GEN,
11504,GEN,
11505,GEN,
11506,GEN,
11507,OBC-NCL,2690
11508,GEN,
11509,GEN,
11510,OBC-NCL,2691
11511,GEN-EWS,1605
11512,GEN-EWS,1606
11513,OBC-NCL,2692
11514,OBC-NCL,2693
11515,GEN,
11516,GEN,
11517,OBC-NCL,2694
11518,GEN-EWS,1607
11519,GEN,
11520,GEN,
11521,OBC-NCL,2695
11522,GEN-EWS,1608
11523,OBC-NCL,2696
11524,GEN-EWS,1609
11525,OBC-NCL,2697
11526,GEN,
11527,GEN-EWS,1610
11528,GEN-EWS,1611
11529,GEN-EWS,1612
11530,GEN,
11531,OBC-NCL,2698
11532,GEN-EWS,1613
11533,OBC-NCL,2699
11534,GEN,
11535,SC,333
11536,GEN,
11537,GEN,
11538,OBC-NCL,2700
11539,GEN,
11540,GEN,
11541,SC,334
11542,OBC-NCL,2701
11543,GEN-EWS,1614
11544,OBC-NCL,2702
11545,GEN,
11546,GEN,
11547,GEN,
11548,GEN,
11549,OBC-NCL,2703
11550,GEN-EWS,1615
11551,OBC-NCL,2704
11552,OBC-NCL,2705
11553,GEN-EWS,1616
11554,OBC-NCL,2706
11555,GEN,
11556,GEN-EWS,1617
11557,GEN,
11558,GEN-EWS,1618
11559,GEN-EWS,1619
11560,OBC-NCL,2707
11561,OBC-NCL,2708
11562,OBC-NCL,2709
11563,GEN,
11564,OBC-NCL,2710
11565,OBC-NCL,2711
11566,OBC-NCL,2712
11567,GEN,
11568,GEN,
11569,GEN-EWS,1620
11570,OBC-NCL,2713
11571,GEN,
11572,GEN,
11573,OBC-NCL,2714
11574,GEN,
11575,GEN,
11576,GEN,
11577,GEN,
11578,GEN-EWS,1621
11579,GEN-EWS,1622
11580,GEN,
11581,GEN,
11582,GEN,
11583,GEN,
11584,OBC-NCL,2715
11585,OBC-NCL,2716
11586,SC,335
11587,SC,336
11588,SC,337
11589,GEN,
11590,GEN,
11591,GEN,
11591,GEN,
11593,GEN-EWS,1623
11594,OBC-NCL,2717
11595,SC,338
11596,OBC-NCL,2718
11597,GEN,
11598,OBC-NCL,2719
11599,GEN,
11600,GEN,
11601,OBC-NCL,2720
11602,GEN-EWS,1624
11603,GEN,
11604,OBC-NCL,2721
11605,SC,339
11606,SC,340
11607,GEN,
11608,OBC-NCL,2722
11609,OBC-NCL,2723
11610,SC,341
11611,OBC-NCL,2724
11612,GEN,
11613,OBC-NCL,2725
11614,GEN-EWS,1625
11615,OBC-NCL,2726
11616,GEN,
11617,OBC-NCL,2727
11618,SC,342
11619,GEN-EWS,1626
11620,GEN,
11621,GEN,
11622,GEN,
11623,OBC-NCL,2728
11624,OBC-NCL,2729
11625,OBC-NCL,2730
11626,GEN,
11627,OBC-NCL,2731
11628,OBC-NCL,2732
11629,SC,343
11630,GEN,
11631,GEN,
11632,GEN,
11633,GEN,
11634,GEN,
11635,GEN,
11636,GEN,
11637,GEN,
11638,OBC-NCL,2733
11639,GEN,
11640,GEN,
11641,GEN,
11642,ST,100
11643,GEN,
11644,GEN,
11645,GEN,
11646,OBC-NCL,2734
11647,GEN,
11648,OBC-NCL,2735
11649,GEN,
11650,GEN,
11651,OBC-NCL,2736
11652,GEN-EWS,1627
11653,GEN,
11654,ST,101
11655,GEN,
11656,OBC-NCL,2737
11657,OBC-NCL,2738
11658,OBC-NCL,2739
11659,GEN,
11660,GEN,
11661,GEN-EWS,1628
11662,GEN,
11663,GEN,
11664,GEN,
11665,GEN,
11666,GEN,
11667,GEN,
11668,OBC-NCL,2740
11669,GEN,
11670,GEN,
11671,ST,102
11672,GEN-EWS,1629
11673,SC,344
11674,GEN,
11675,GEN,
11676,GEN,
11677,GEN,
11678,OBC-NCL,2741
11679,OBC-NCL,2742
11680,GEN,
11681,GEN-EWS,1630
11682,OBC-NCL,2743
11683,GEN,
11684,GEN,
11685,GEN-EWS,1631
11686,GEN,
11687,GEN,
11688,OBC-NCL,2744
11689,GEN,
11690,GEN,
11691,OBC-NCL,2745
11692,GEN,
11693,GEN,
11694,OBC-NCL,2746
11695,OBC-NCL,2747
11696,GEN-EWS,1632
11697,GEN,
11698,SC,345
11699,OBC-NCL,2748
11700,OBC-NCL,2749
11701,OBC-NCL,2750
11702,GEN,
11703,GEN,
11704,OBC-NCL,2751
11705,OBC-NCL,2752
11706,GEN,
11707,GEN-EWS,1634
11708,GEN,
11709,GEN,
11710,GEN,
11711,GEN,
11712,OBC-NCL,2753
11713,GEN,
11714,GEN,
11715,GEN,
11716,GEN,
11717,GEN,
11718,GEN,
11719,OBC-NCL,2754
11720,OBC-NCL,2755
11721,OBC-NCL,2756
11722,GEN,
11723,OBC-NCL,2757
11724,OBC-NCL,2758
11725,OBC-NCL,2759
11726,GEN,
11727,GEN,
11728,OBC-NCL,2760
11729,GEN,
11730,GEN,
11731,GEN,
11732,OBC-NCL,2761
11733,GEN-EWS,1635
11734,OBC-NCL,2762
11735,OBC-NCL,2763
11736,OBC-NCL,2764
11737,GEN-EWS,1636
11738,GEN,
11739,GEN,
11740,OBC-NCL,2765
11741,GEN,
11742,GEN,
11743,GEN,
11744,OBC-NCL,2766
11745,OBC-NCL,2767
11746,OBC-NCL,2768
11747,GEN,
11748,GEN,
11749,OBC-NCL,2769
11750,OBC-NCL,2770
11751,OBC-NCL,2771
11752,OBC-NCL,2772
11753,OBC-NCL,2773
11754,OBC-NCL,2774
11755,SC,346
11756,GEN-EWS,1637
11757,GEN,
11758,OBC-NCL,2775
11759,OBC-NCL,2776
11760,ST,103
11761,GEN,
11762,GEN,
11763,GEN,
11764,GEN-EWS,1638
11765,GEN,
11766,GEN,
11767,GEN-EWS,1639
11768,GEN,
11769,GEN-EWS,1640
11770,GEN,
11771,OBC-NCL,2777
11772,GEN,
11773,GEN,
11774,GEN,
11775,OBC-NCL,2778
11776,GEN,
11777,OBC-NCL,2779
11778,GEN-EWS,1641
11779,OBC-NCL,2780
11780,OBC-NCL,2781
11781,GEN,
11782,GEN-EWS,1642
11783,GEN,
11784,ST,104
11785,GEN,
11786,GEN,
11787,GEN,
11788,GEN,
11789,GEN-EWS,1643
11790,GEN,
11791,GEN,
11792,OBC-NCL,2782
11793,GEN,
11794,OBC-NCL,2783
11795,GEN,
11796,GEN,
11797,GEN,
11798,GEN,
11799,GEN,
11800,GEN,
11801,GEN-EWS,1644
11802,GEN,
11803,OBC-NCL,2784
11804,GEN-EWS,1645
11805,GEN,
11806,SC,347
11807,GEN,
11808,GEN,
11809,ST,105
11810,GEN,
11811,GEN,
11812,GEN,
11813,GEN,
11814,GEN,
11815,GEN,
11816,GEN,
11817,SC,348
11818,GEN,
11819,GEN,
11820,GEN,
11821,OBC-NCL,2785
11822,GEN,
11823,GEN,
11824,GEN,
11825,GEN,
11826,GEN,
11827,GEN,
11828,GEN,
11829,GEN-EWS,1646
11830,GEN,
11831,GEN,
11832,GEN-EWS,1647
11833,OBC-NCL,2786
11834,GEN,
11835,GEN,
11836,OBC-NCL,2787
11837,GEN,
11838,GEN,
11839,GEN-EWS,1648
11840,GEN,
11841,GEN-EWS,1649
11842,GEN,
11843,GEN-EWS,1650
11844,GEN-EWS,1651
11845,OBC-NCL,2788
11846,OBC-NCL,2789
11847,GEN,
11848,GEN-EWS,1652
11849,GEN,
11850,SC,349
11851,GEN,
11852,OBC-NCL,2790
11853,GEN,
11854,GEN,
11855,GEN,
11856,GEN-EWS,1653
11857,GEN-EWS,1654
11858,GEN,
11859,OBC-NCL,2791
11860,GEN-EWS,1655
11861,GEN,
11862,OBC-NCL,2792
11863,GEN-EWS,1656
11864,GEN,
11865,GEN,
11866,GEN,
11867,GEN,
11868,GEN,
11869,GEN,
11870,OBC-NCL,2793
11871,GEN,
11872,SC,350
11873,OBC-NCL,2794
11874,GEN-EWS,1657
11875,OBC-NCL,2795
11876,OBC-NCL,2796
11877,OBC-NCL,2797
11878,GEN,
11879,OBC-NCL,2798
11880,GEN-EWS,1658
11881,GEN,
11882,GEN,
11883,GEN,
11884,GEN,
11885,GEN,
11886,GEN,
11887,GEN-EWS,1659
11888,GEN,
11889,GEN,
11890,ST,106
11891,GEN,
11892,OBC-NCL,2799
11893,OBC-NCL,2800
11894,GEN,
11895,GEN,
11896,OBC-NCL,2801
11897,GEN,
11898,GEN,
11899,OBC-NCL,2802
11900,GEN,
11901,OBC-NCL,2803
11902,GEN,
11903,GEN,
11904,GEN,
11905,GEN,
11906,GEN,
11907,GEN,
11908,OBC-NCL,2804
11909,OBC-NCL,2805
11910,GEN,
11911,GEN-EWS,1660
11912,OBC-NCL,2806
11913,OBC-NCL,2807
11914,GEN-EWS,1661
11915,GEN-EWS,1662
11916,GEN-EWS,1663
11917,GEN,
11918,GEN-EWS,1664
11919,GEN,
11920,GEN,
11921,GEN-EWS,1665
11922,OBC-NCL,2808
11923,GEN,
11924,GEN,
11925,OBC-NCL,2809
11926,OBC-NCL,2810
11927,GEN,
11928,OBC-NCL,2811
11929,OBC-NCL,2812
11930,OBC-NCL,2813
11931,GEN,
11932,GEN,
11933,GEN,
11934,GEN-EWS,1666
11935,GEN-EWS,1667
11936,GEN,
11937,GEN-EWS,1668
11938,GEN,
11939,GEN-EWS,1669
11940,GEN-EWS,1670
11941,GEN,
11942,GEN-EWS,1671
11943,OBC-NCL,2814
11944,GEN,
11945,GEN,
11946,GEN,
11947,GEN,
11948,GEN,
11949,OBC-NCL,2815
11950,OBC-NCL,2816
11951,OBC-NCL,2817
11952,GEN,
11953,OBC-NCL,2818
11954,GEN,
11955,GEN-EWS,1672
11956,GEN-EWS,1673
11957,OBC-NCL,2819
11958,GEN-EWS,1674
11959,GEN,
11960,GEN,
11961,SC,351
11962,OBC-NCL,2820
11963,GEN,
11964,GEN-EWS,1675
11965,GEN,
11966,GEN,
11967,OBC-NCL,2821
11968,GEN-EWS,1676
11969,GEN,
11970,GEN-EWS,1677
11971,GEN,
11972,OBC-NCL,2822
11973,GEN,
11974,GEN,
11975,GEN-EWS,1678
11976,OBC-NCL,2823
11977,GEN,
11978,GEN,
11979,GEN,
11980,GEN,
11980,GEN,
11982,OBC-NCL,2824
11983,GEN-EWS,1679
11984,GEN-EWS,1680
11985,GEN,
11986,GEN,
11987,OBC-NCL,2825
11988,GEN,
11989,OBC-NCL,2826
11990,GEN-EWS,1681
11991,GEN,
11992,GEN,
11993,GEN,
11994,GEN,
11995,GEN,
11996,OBC-NCL,2827
11997,GEN,
11997,OBC-NCL,2828
11999,GEN,
12000,GEN-EWS,1682
12001,GEN-EWS,1683
12002,OBC-NCL,2829
12003,GEN,
12004,GEN,
12005,GEN-EWS,1684
12006,GEN,
12007,OBC-NCL,2830
12008,OBC-NCL,2831
12009,GEN,
12009,GEN,
12011,OBC-NCL,2832
12012,GEN,
12013,GEN,
12014,GEN,
12015,GEN,
12016,OBC-NCL,2833
12017,GEN,
12018,GEN-EWS,1685
12019,GEN,
12020,OBC-NCL,2834
12021,GEN,
12022,GEN,
12023,GEN,
12024,OBC-NCL,2835
12025,OBC-NCL,2836
12026,GEN,
12027,OBC-NCL,2837
12028,OBC-NCL,2838
12029,SC,352
12030,OBC-NCL,2839
12031,OBC-NCL,2840
12032,GEN-EWS,1686
12033,OBC-NCL,2841
12034,OBC-NCL,2842
12035,GEN-EWS,1687
12036,GEN,
12037,GEN-EWS,1688
12038,OBC-NCL,2843
12039,GEN,
12040,GEN-EWS,1689
12041,GEN,
12042,SC,353
12043,GEN,
12044,GEN-EWS,1690
12045,OBC-NCL,2844
12046,GEN,
12047,OBC-NCL,2845
12048,OBC-NCL,2846
12049,GEN-EWS,1691
12050,OBC-NCL,2847
12051,GEN,
12052,SC,354
12053,SC,355
12054,OBC-NCL,2848
12055,GEN-EWS,1692
12056,GEN,
12057,GEN,
12058,OBC-NCL,2849
12059,GEN-EWS,1693
12060,GEN,
12061,GEN,
12062,GEN,
12063,OBC-NCL,2850
12064,GEN-EWS,1694
12065,GEN,
12066,OBC-NCL,2851
12067,OBC-NCL,2852
12068,GEN,
12069,OBC-NCL,2853
12070,GEN,
12071,OBC-NCL,2854
12072,GEN,
12073,GEN-EWS,1695
12074,GEN,
12075,GEN,
12076,GEN,
12077,GEN-EWS,1696
12078,GEN,
12079,OBC-NCL,2855
12080,OBC-NCL,2856
12081,GEN-EWS,1697
12082,GEN,
12083,GEN,
12084,GEN,
12085,GEN,
12086,GEN,
12087,GEN,
12088,GEN-EWS,1698
12089,GEN,
12090,GEN,
12091,GEN,
12092,SC,356
12093,GEN-EWS,1699
12094,GEN,
12095,OBC-NCL,2857
12096,GEN-EWS,1700
12097,GEN,
12098,GEN,
12099,GEN,
12100,GEN-EWS,1701
12101,OBC-NCL,2858
12102,SC,357
12103,OBC-NCL,2859
12104,GEN,
12105,OBC-NCL,2860
12106,GEN-EWS,1702
12107,GEN-EWS,1703
12108,GEN,
12109,OBC-NCL,2861
12110,OBC-NCL,2862
12111,GEN,
12112,GEN,
12113,GEN,
12114,GEN,
12115,GEN,
12116,OBC-NCL,2863
12117,OBC-NCL,2864
12118,GEN,
12119,OBC-NCL,2865
12120,OBC-NCL,2866
12121,GEN-EWS,1704
12122,OBC-NCL,2867
12123,GEN,
12124,GEN,
12125,OBC-NCL,2868
12126,OBC-NCL,2869
12127,GEN,
12128,OBC-NCL,2870
12129,OBC-NCL,2871
12130,OBC-NCL,2872
12131,GEN,
12132,GEN,
12133,GEN-EWS,1705
12134,GEN,
12135,OBC-NCL,2873
12136,OBC-NCL,2874
12137,GEN,
12138,OBC-NCL,2875
12139,GEN,
12140,OBC-NCL,2876
12141,GEN-EWS,1706
12142,GEN,
12143,GEN,
12144,OBC-NCL,2877
12145,GEN,
12146,GEN-EWS,1707
12147,GEN-EWS,1708
12148,GEN,
12149,GEN,
12150,GEN,
12151,GEN,
12152,GEN,
12153,GEN-EWS,1709
12154,GEN,
12155,OBC-NCL,2878
12156,OBC-NCL,2879
12157,OBC-NCL,2880
12158,GEN,
12159,GEN,
12160,OBC-NCL,2881
12161,OBC-NCL,2882
12162,OBC-NCL,2883
12163,SC,358
12164,GEN,
12165,GEN,
12166,GEN,
12167,GEN,
12168,GEN,
12169,GEN,
12170,GEN,
12171,GEN,
12172,GEN,
12173,GEN-EWS,1710
12174,GEN,
12175,OBC-NCL,2884
12176,GEN,
12177,OBC-NCL,2885
12178,GEN-EWS,1711
12179,GEN-EWS,1712
12180,GEN,
12181,OBC-NCL,2886
12182,OBC-NCL,2887
12183,GEN,
12184,GEN-EWS,1713
12185,GEN,
12186,GEN-EWS,1714
12187,OBC-NCL,2888
12188,GEN,
12189,GEN,
12190,GEN-EWS,1715
12191,OBC-NCL,2889
12192,OBC-NCL,2890
12193,GEN,
12194,GEN,
12195,GEN,
12196,GEN-EWS,1716
12197,GEN,
12198,GEN-EWS,1717
12199,SC,359
12200,GEN-EWS,1718
12201,OBC-NCL,2891
12202,OBC-NCL,2892
12203,GEN,
12204,OBC-NCL,2893
12205,GEN,
12206,GEN,
12207,OBC-NCL,2894
12208,GEN,
12209,GEN,
12210,GEN-EWS,1719
12211,GEN,
12212,GEN,
12213,GEN,
12213,GEN,
12215,GEN,
12216,GEN,
12217,GEN,
12218,ST,107
12219,GEN,
12220,GEN,
12221,OBC-NCL,2895
12222,GEN,
12223,OBC-NCL,2896
12224,OBC-NCL,2897
12225,OBC-NCL,2898
12226,OBC-NCL,2899
12227,GEN-EWS,1720
12228,GEN-EWS,1721
12229,GEN,
12230,GEN,
12231,OBC-NCL,2900
12232,OBC-NCL,2901
12233,GEN-EWS,1722
12234,GEN,
12235,GEN-EWS,1723
12236,GEN,
12237,OBC-NCL,2902
12238,GEN-EWS,1724
12239,GEN,
12240,GEN-EWS,1725
12241,GEN,
12242,GEN,
12243,GEN,
12244,GEN,
12245,GEN,
12246,GEN,
12247,GEN,
12248,GEN-EWS,1726
12249,GEN,
12250,GEN,
12251,GEN-EWS,1727
12252,OBC-NCL,2903
12253,GEN,
12254,OBC-NCL,2904
12255,OBC-NCL,2905
12256,OBC-NCL,2906
12257,GEN-EWS,1728
12258,GEN-EWS,1729
12259,GEN-EWS,1730
12260,GEN-EWS,1731
12261,GEN,
12262,GEN,
12263,GEN,
12264,GEN,
12265,OBC-NCL,2907
12266,GEN-EWS,1732
12267,GEN,
12268,OBC-NCL,2908
12269,OBC-NCL,2909
12270,OBC-NCL,2910
12271,SC,360
12272,OBC-NCL,2911
12273,GEN,
12274,OBC-NCL,2912
12275,GEN,
12276,GEN,
12277,GEN,
12278,GEN-EWS,1733
12279,OBC-NCL,2913
12280,OBC-NCL,2914
12281,GEN,
12282,OBC-NCL,2915
12283,SC,361
12284,GEN,
12285,GEN-EWS,1734
12286,OBC-NCL,2916
12287,OBC-NCL,2917
12288,OBC-NCL,2918
12289,GEN-EWS,1735
12290,OBC-NCL,2919
12291,GEN,
12292,GEN-EWS,1736
12293,GEN,
12294,GEN-EWS,1737
12295,GEN,
12296,OBC-NCL,2920
12297,OBC-NCL,2921
12298,OBC-NCL,2922
12299,GEN,
12300,GEN,
12301,OBC-NCL,2923
12302,GEN-EWS,1738
12303,GEN,
12304,GEN-EWS,1739
12305,GEN,
12306,GEN,
12307,GEN,
12308,GEN,
12309,GEN,
12310,GEN,
12311,GEN,
12312,GEN,
12313,OBC-NCL,2924
12314,GEN,
12315,GEN,
12316,GEN-EWS,1740
12317,SC,362
12318,GEN,
12319,GEN-EWS,1741
12320,GEN,
12321,OBC-NCL,2925
12322,GEN,
12323,GEN,
12324,GEN-EWS,1742
12325,SC,363
12326,GEN,
12327,OBC-NCL,2926
12328,GEN-EWS,1743
12329,GEN-EWS,1744
12330,OBC-NCL,2927
12331,OBC-NCL,2928
12332,GEN,
12333,GEN,
12334,GEN,
12335,OBC-NCL,2929
12336,GEN,
12337,SC,364
12338,GEN-EWS,1745
12339,GEN,
12340,SC,365
12341,GEN,
12342,GEN-EWS,1746
12343,GEN-EWS,1747
12344,GEN-EWS,1748
12345,GEN,
12346,GEN,
12347,GEN,
12348,SC,366
12349,GEN,
12350,GEN,
12351,GEN,
12352,GEN,
12353,GEN,
12354,OBC-NCL,2930
12355,GEN,
12356,GEN,
12357,OBC-NCL,2931
12358,OBC-NCL,2932
12359,GEN-EWS,1749
12360,GEN-EWS,1750
12361,OBC-NCL,2933
12362,GEN,
12363,GEN,
12364,OBC-NCL,2934
12365,GEN,
12366,GEN,
12367,GEN,
12368,OBC-NCL,2935
12369,GEN-EWS,1751
12370,GEN,
12371,ST,108
12372,GEN,
12373,GEN,
12374,OBC-NCL,2936
12375,GEN,
12376,GEN,
12377,GEN-EWS,1752
12378,OBC-NCL,2937
12379,OBC-NCL,2938
12380,GEN-EWS,1753
12381,GEN,
12382,OBC-NCL,2939
12383,GEN,
12384,GEN,
12385,GEN,
12386,OBC-NCL,2940
12387,GEN,
12388,GEN,
12389,OBC-NCL,2941
12390,GEN-EWS,1754
12391,GEN,
12392,OBC-NCL,2942
12393,GEN-EWS,1755
12394,GEN,
12395,OBC-NCL,2943
12396,GEN-EWS,1756
12397,GEN,
12398,GEN,
12399,OBC-NCL,2944
12400,GEN,
12401,GEN,
12402,OBC-NCL,2945
12403,GEN,
12404,GEN,
12405,GEN,
12406,ST,109
12407,GEN,
12408,OBC-NCL,2946
12409,GEN,
12410,GEN,
12411,GEN,
12412,GEN,
12413,GEN,
12414,OBC-NCL,2947
12415,OBC-NCL,2948
12416,GEN-EWS,1757
12417,OBC-NCL,2949
12418,OBC-NCL,2950
12419,GEN-EWS,1758
12420,GEN-EWS,1759
12421,GEN-EWS,1760
12422,GEN-EWS,1761
12423,GEN-EWS,1762
12424,GEN,
12425,GEN,
12426,SC,367
12427,GEN,
12428,GEN,
12429,GEN,
12430,GEN-EWS,1763
12431,GEN,
12432,GEN,
12433,GEN-EWS,1764
12434,OBC-NCL,2951
12435,GEN,
12436,OBC-NCL,2952
12437,GEN,
12438,GEN-EWS,1765
12439,GEN-EWS,1766
12440,GEN-EWS,1767
12441,GEN,
12442,OBC-NCL,2953
12443,OBC-NCL,2954
12444,OBC-NCL,2955
12445,GEN-EWS,1768
12446,GEN,
12447,GEN,
12448,GEN-EWS,1769
12449,OBC-NCL,2956
12450,GEN,
12451,GEN-EWS,1770
12452,GEN,
12453,GEN,
12454,OBC-NCL,2957
12455,GEN,
12456,OBC-NCL,2958
12457,GEN-EWS,1771
12458,GEN-EWS,1772
12459,GEN-EWS,1773
12460,OBC-NCL,2959
12461,GEN,
12462,GEN,
12463,GEN,
12464,OBC-NCL,2960
12465,GEN,
12466,GEN-EWS,1774
12467,GEN,
12468,GEN,
12469,GEN,
12470,OBC-NCL,2961
12471,OBC-NCL,2962
12472,GEN,
12473,GEN,
12474,GEN,
12475,GEN,
12476,GEN,
12477,GEN,
12478,GEN,
12479,GEN,
12480,OBC-NCL,2963
12481,GEN-EWS,1775
12482,GEN,
12483,GEN,
12484,GEN,
12485,SC,368
12486,GEN,
12487,GEN,
12488,OBC-NCL,2964
12489,SC,369
12490,GEN-EWS,1776
12491,OBC-NCL,2965
12492,OBC-NCL,2966
12493,GEN-EWS,1777
12494,GEN,
12495,GEN,
12495,GEN,
12497,OBC-NCL,2967
12498,GEN-EWS,1778
12499,OBC-NCL,2968
12500,GEN,
12501,GEN,
12502,GEN-EWS,1779
12503,GEN,
12504,GEN-EWS,1780
12505,GEN,
12505,OBC-NCL,2969
12507,GEN,
12508,GEN-EWS,1781
12509,OBC-NCL,2970
12510,GEN,
12511,GEN,
12512,GEN,
12513,SC,370
12514,GEN-EWS,1782
12515,GEN-EWS,1783
12516,GEN,
12517,OBC-NCL,2971
12518,GEN,
12519,GEN-EWS,1784
12520,OBC-NCL,2972
12521,OBC-NCL,2973
12522,GEN,
12523,GEN,
12524,GEN,
12525,OBC-NCL,2974
12526,SC,371
12527,OBC-NCL,2975
12528,GEN,
12529,OBC-NCL,2976
12530,GEN-EWS,1785
12531,GEN,
12532,GEN,
12533,GEN-EWS,1786
12534,GEN-EWS,1787
12535,GEN,
12536,OBC-NCL,2977
12537,GEN,
12538,GEN,
12539,GEN,
12540,SC,372
12541,OBC-NCL,2978
12542,GEN,
12543,GEN-EWS,1788
12544,OBC-NCL,2979
12545,GEN-EWS,1789
12546,GEN,
12547,GEN,
12548,OBC-NCL,2980
12549,OBC-NCL,2981
12550,OBC-NCL,2982
12551,GEN,
12552,GEN,
12553,OBC-NCL,2983
12554,OBC-NCL,2984
12555,GEN,
12556,OBC-NCL,2985
12557,GEN-EWS,1790
12558,GEN-EWS,1791
12559,OBC-NCL,2986
12560,OBC-NCL,2987
12561,GEN,
12562,OBC-NCL,2988
12563,OBC-NCL,2989
12564,GEN-EWS,1792
12565,GEN-EWS,1793
12566,GEN,
12567,GEN-EWS,1794
12568,OBC-NCL,2990
12569,GEN,
12570,GEN,
12571,GEN,
12572,GEN-EWS,1795
12573,OBC-NCL,2992
12574,OBC-NCL,2993
12575,GEN,
12576,ST,110
12577,OBC-NCL,2994
12578,OBC-NCL,2995
12579,GEN,
12580,OBC-NCL,2996
12581,GEN,
12582,GEN-EWS,1796
12583,ST,111
12584,OBC-NCL,2997
12585,GEN,
12586,OBC-NCL,2998
12587,GEN-EWS,1797
12588,GEN,
12589,GEN,
12590,OBC-NCL,2999
12591,GEN,
12592,OBC-NCL,3000
12593,GEN,
12594,OBC-NCL,3001
12595,GEN,
12596,GEN,
12597,GEN,
12598,GEN,
12599,GEN,
12600,GEN,
12601,GEN,
12602,GEN,
12603,OBC-NCL,3002
12604,SC,373
12605,GEN-EWS,1798
12606,GEN,
12607,GEN,
12608,GEN-EWS,1799
12609,GEN-EWS,1800
12610,GEN,
12611,OBC-NCL,3003
12612,GEN,
12613,GEN,
12614,GEN,
12615,OBC-NCL,3004
12616,OBC-NCL,3005
12617,OBC-NCL,3006
12618,GEN,
12619,OBC-NCL,3007
12620,GEN-EWS,1801
12621,GEN,
12622,GEN,
12623,OBC-NCL,3008
12624,GEN,
12625,GEN-EWS,1802
12626,OBC-NCL,3009
12627,OBC-NCL,3010
12628,OBC-NCL,3011
12629,OBC-NCL,3012
12630,GEN,
12631,OBC-NCL,3013
12632,SC,374
12633,OBC-NCL,3014
12634,OBC-NCL,3015
12635,GEN,
12636,GEN,
12637,GEN,
12638,GEN,
12639,GEN,
12640,SC,375
12641,OBC-NCL,3016
12642,GEN,
12643,GEN,
12644,GEN,
12645,GEN-EWS,1803
12646,ST,112
12647,OBC-NCL,3017
12648,OBC-NCL,3018
12649,GEN-EWS,1804
12650,GEN,
12651,OBC-NCL,3019
12652,OBC-NCL,3020
12653,GEN,
12654,ST,113
12655,OBC-NCL,3021
12656,OBC-NCL,3022
12657,GEN,
12658,GEN-EWS,1805
12659,GEN,
12660,GEN-EWS,1806
12661,OBC-NCL,3023
12662,GEN-EWS,1807
12663,OBC-NCL,3024
12664,OBC-NCL,3025
12665,GEN,
12666,GEN,
12667,OBC-NCL,3026
12668,GEN,
12669,GEN-EWS,1808
12670,OBC-NCL,3027
12671,GEN,
12672,GEN,
12673,SC,376
12674,GEN-EWS,1809
12675,GEN-EWS,1810
12676,OBC-NCL,3028
12677,GEN,
12678,GEN,
12679,GEN,
12680,GEN,
12681,GEN,
12682,OBC-NCL,3029
12683,GEN,
12684,OBC-NCL,3030
12685,SC,377
12686,GEN,
12687,OBC-NCL,3031
12688,GEN,
12689,GEN,
12690,GEN-EWS,1811
12691,GEN,
12692,OBC-NCL,3032
12693,GEN,
12694,OBC-NCL,3033
12695,OBC-NCL,3034
12696,GEN,
12697,GEN,
12698,SC,378
12699,OBC-NCL,3035
12700,OBC-NCL,3036
12701,GEN-EWS,1812
12702,GEN,
12703,GEN,
12704,GEN,
12705,GEN,
12706,GEN,
12707,GEN-EWS,1813
12708,GEN,
12709,GEN,
12710,GEN,
12711,GEN-EWS,1814
12712,GEN-EWS,1815
12713,GEN,
12714,GEN,
12715,OBC-NCL,3037
12716,GEN,
12717,OBC-NCL,3038
12718,ST,114
12719,GEN,
12720,OBC-NCL,3039
12721,GEN,
12721,GEN,
12723,OBC-NCL,3040
12724,GEN,
12725,GEN-EWS,1816
12726,ST,115
12727,GEN,
12728,GEN,
12729,GEN,
12730,GEN,
12731,GEN,
12732,GEN-EWS,1817
12733,GEN,
12734,GEN,
12735,GEN,
12736,GEN-EWS,1818
12737,GEN,
12738,GEN,
12739,GEN,
12740,GEN,
12741,SC,379
12742,OBC-NCL,3041
12743,OBC-NCL,3042
12744,GEN,
12745,OBC-NCL,3043
12746,OBC-NCL,3044
12747,GEN,
12748,GEN-EWS,1819
12749,GEN,
12750,GEN,
12751,GEN,
12752,OBC-NCL,3045
12753,OBC-NCL,3046
12754,GEN-EWS,1820
12755,GEN,
12756,OBC-NCL,3047
12757,GEN,
12758,OBC-NCL,3048
12759,OBC-NCL,3049
12760,OBC-NCL,3050
12761,GEN,
12762,OBC-NCL,3051
12763,GEN-EWS,1821
12764,GEN,
12765,GEN-EWS,1822
12766,GEN,
12767,GEN,
12768,GEN-EWS,1823
12769,GEN,
12770,OBC-NCL,3052
12771,GEN-EWS,1824
12772,GEN,
12772,GEN-EWS,1825
12774,SC,380
12775,GEN,
12776,SC,381
12777,OBC-NCL,3053
12778,GEN,
12779,GEN,
12780,GEN,
12781,OBC-NCL,3054
12782,GEN,
12783,OBC-NCL,3055
12784,GEN-EWS,1826
12785,GEN,
12786,GEN-EWS,1827
12787,OBC-NCL,3056
12788,GEN,
12789,GEN,
12790,OBC-NCL,3057
12791,GEN,
12792,GEN,
12793,GEN-EWS,1828
12794,GEN,
12795,OBC-NCL,3058
12796,ST,116
12797,GEN,
12798,GEN,
12799,GEN,
12800,ST,117
12801,OBC-NCL,3059
12802,OBC-NCL,3060
12803,GEN,
12804,OBC-NCL,3061
12805,GEN,
12806,GEN,
12807,GEN,
12808,GEN,
12809,GEN,
12810,GEN,
12811,GEN,
12812,GEN,
12813,GEN-EWS,1829
12814,OBC-NCL,3062
12815,GEN,
12816,SC,382
12817,OBC-NCL,3063
12818,OBC-NCL,3064
12819,SC,383
12820,GEN,
12821,GEN,
12822,GEN-EWS,1830
12823,GEN,
12824,OBC-NCL,3065
12825,GEN,
12825,GEN-EWS,1831
12827,GEN,
12828,OBC-NCL,3066
12829,GEN-EWS,1832
12830,GEN,
12831,OBC-NCL,3067
12832,GEN,
12833,GEN,
12834,OBC-NCL,3068
12835,OBC-NCL,3069
12836,GEN,
12837,OBC-NCL,3070
12838,OBC-NCL,3071
12839,GEN,
12840,GEN-EWS,1833
12841,GEN,
12842,OBC-NCL,3072
12843,GEN,
12844,GEN,
12845,GEN-EWS,1834
12846,OBC-NCL,3073
12847,GEN,
12848,OBC-NCL,3074
12849,GEN,
12850,GEN,
12850,OBC-NCL,3075
12852,GEN,
12853,GEN-EWS,1835
12854,GEN-EWS,1836
12855,GEN-EWS,1837
12856,GEN,
12857,GEN-EWS,1838
12858,OBC-NCL,3076
12859,GEN,
12860,OBC-NCL,3077
12861,GEN-EWS,1839
12862,OBC-NCL,3078
12863,GEN,
12864,GEN,
12865,GEN,
12866,GEN,
12867,GEN,
12868,GEN,
12869,GEN-EWS,1840
12870,GEN,
12871,GEN-EWS,1841
12872,GEN,
12873,GEN,
12874,GEN,
12875,GEN,
12876,GEN,
12877,GEN,
12878,OBC-NCL,3079
12879,GEN,
12880,GEN-EWS,1842
12881,OBC-NCL,3080
12882,GEN,
12883,OBC-NCL,3081
12884,OBC-NCL,3082
12885,OBC-NCL,3083
12886,SC,384
12887,GEN,
12888,GEN,
12889,GEN,
12890,GEN-EWS,1843
12891,GEN,
12892,OBC-NCL,3084
12893,GEN-EWS,1844
12894,OBC-NCL,3085
12895,OBC-NCL,3086
12896,GEN,
12897,GEN,
12898,GEN,
12899,GEN-EWS,1845
12900,SC,385
12901,OBC-NCL,3087
12902,OBC-NCL,3088
12903,GEN,
12904,GEN,
12905,GEN,
12906,GEN,
12907,GEN,
12908,OBC-NCL,3089
12909,GEN-EWS,1846
12910,GEN,
12911,GEN,
12912,GEN,
12913,GEN,
12914,GEN,
12915,GEN,
12916,GEN,
12917,GEN,
12918,OBC-NCL,3090
12919,GEN-EWS,1847
12920,GEN-EWS,1848
12921,OBC-NCL,3091
12922,GEN,
12923,GEN,
12924,OBC-NCL,3092
12925,GEN,
12926,GEN-EWS,1849
12927,GEN,
12928,GEN-EWS,1850
12929,GEN,
12930,GEN,
12931,GEN,
12932,GEN,
12933,GEN,
12934,OBC-NCL,3093
12935,OBC-NCL,3094
12936,GEN-EWS,1851
12937,ST,118
12938,GEN,
12939,OBC-NCL,3095
12940,GEN,
12941,OBC-NCL,3096
12942,GEN,
12943,GEN,
12944,GEN,
12945,OBC-NCL,3097
12946,GEN,
12947,GEN,
12948,SC,386
12949,OBC-NCL,3098
12950,GEN,
12951,GEN,
12952,GEN,
12953,OBC-NCL,3099
12954,GEN-EWS,1853
12955,GEN,
12956,OBC-NCL,3100
12957,GEN,
12958,OBC-NCL,3101
12959,GEN,
12960,ST,119
12961,OBC-NCL,3102
12962,SC,387
12963,GEN,
12964,OBC-NCL,3103
12965,OBC-NCL,3104
12966,GEN,
12967,GEN,
12968,GEN-EWS,1854
12969,GEN,
12970,OBC-NCL,3105
12971,OBC-NCL,3106
12972,GEN-EWS,1855
12973,OBC-NCL,3107
12974,GEN,
12975,GEN-EWS,1856
12976,SC,388
12977,GEN,
12978,GEN-EWS,1857
12979,ST,120
12980,SC,389
12981,OBC-NCL,3108
12982,GEN-EWS,1858
12983,GEN-EWS,1859
12984,GEN-EWS,1860
12985,GEN,
12986,GEN,
12987,GEN,
12988,GEN,
12989,OBC-NCL,3109
12990,GEN,
12991,GEN-EWS,1861
12992,SC,390
12993,GEN-EWS,1862
12994,GEN,
12995,GEN,
12996,GEN,
12997,GEN,
12998,OBC-NCL,3110
12999,GEN,
13000,GEN-EWS,1863
13001,OBC-NCL,3111
13002,GEN,
13003,GEN,
13004,GEN,
13005,OBC-NCL,3112
13006,GEN,
13007,GEN,
13008,GEN,
13009,GEN-EWS,1864
13010,GEN,
13011,OBC-NCL,3113
13012,GEN,
13013,GEN,
13014,OBC-NCL,3114
13015,GEN,
13016,GEN,
13017,GEN,
13018,ST,121
13019,OBC-NCL,3115
13020,OBC-NCL,3116
13021,GEN,
13022,GEN,
13023,GEN,
13024,GEN,
13025,GEN,
13026,GEN-EWS,1865
13026,OBC-NCL,3117
13028,GEN,
13029,GEN,
13030,OBC-NCL,3118
13031,OBC-NCL,3119
13032,GEN,
13033,GEN,
13034,GEN,
13035,GEN,
13036,OBC-NCL,3120
13037,OBC-NCL,3121
13038,GEN,
13039,OBC-NCL,3122
13040,GEN-EWS,1866
13041,GEN-EWS,1867
13042,GEN,
13043,GEN,
13043,OBC-NCL,3123
13045,GEN,
13046,GEN,
13047,GEN-EWS,1868
13048,OBC-NCL,3124
13049,OBC-NCL,3125
13050,GEN-EWS,1869
13051,GEN-EWS,1870
13052,GEN-EWS,1871
13053,SC,391
13054,GEN,
13055,GEN-EWS,1872
13056,GEN,
13057,OBC-NCL,3126
13058,GEN,
13059,OBC-NCL,3127
13060,OBC-NCL,3128
13061,OBC-NCL,3129
13062,GEN,
13063,GEN,
13064,OBC-NCL,3130
13065,GEN-EWS,1873
13066,GEN-EWS,1874
13067,GEN-EWS,1875
13068,GEN,
13069,GEN,
13070,OBC-NCL,3131
13071,OBC-NCL,3132
13072,GEN,
13073,OBC-NCL,3133
13074,OBC-NCL,3134
13075,GEN-EWS,1876
13076,OBC-NCL,3135
13077,SC,392
13078,GEN,
13079,OBC-NCL,3136
13080,GEN,
13081,GEN-EWS,1877
13082,GEN,
13083,GEN,
13084,GEN,
13085,GEN,
13086,GEN,
13087,OBC-NCL,3137
13088,OBC-NCL,3138
13089,GEN-EWS,1878
13090,OBC-NCL,3139
13091,GEN,
13092,OBC-NCL,3140
13093,OBC-NCL,3141
13094,GEN,
13095,GEN,
13096,GEN,
13097,GEN,
13098,SC,393
13099,GEN,
13100,GEN-EWS,1879
13101,GEN,
13102,OBC-NCL,3142
13103,GEN,
13104,OBC-NCL,3143
13105,OBC-NCL,3144
13106,OBC-NCL,3145
13107,OBC-NCL,3146
13108,GEN,
13109,OBC-NCL,3147
13110,GEN,
13111,GEN,
13112,GEN,
13113,GEN-EWS,1880
13114,OBC-NCL,3148
13115,OBC-NCL,3149
13116,GEN,
13117,OBC-NCL,3150
13118,GEN,
13119,SC,394
13120,GEN-EWS,1881
13121,OBC-NCL,3151
13122,OBC-NCL,3152
13123,GEN-EWS,1882
13124,OBC-NCL,3153
13125,OBC-NCL,3154
13126,GEN,
13127,GEN,
13128,OBC-NCL,3155
13129,GEN,
13130,GEN,
13131,GEN,
13132,GEN,
13133,GEN,
13134,OBC-NCL,3156
13135,GEN,
13136,GEN,
13137,GEN,
13138,GEN,
13139,GEN,
13140,SC,395
13141,GEN,
13142,OBC-NCL,3157
13143,GEN,
13144,GEN,
13145,GEN,
13146,OBC-NCL,3158
13147,OBC-NCL,3159
13148,GEN,
13149,GEN,
13150,OBC-NCL,3160
13151,SC,396
13152,GEN,
13153,OBC-NCL,3161
13154,GEN,
13155,GEN,
13156,GEN,
13157,GEN,
13158,GEN,
13159,GEN,
13160,OBC-NCL,3162
13161,GEN,
13162,GEN,
13163,OBC-NCL,3163
13164,GEN,
13165,OBC-NCL,3164
13166,GEN,
13167,GEN,
13168,GEN-EWS,1883
13169,OBC-NCL,3165
13170,GEN,
13171,GEN,
13172,OBC-NCL,3166
13173,GEN-EWS,1884
13174,GEN,
13175,ST,122
13176,OBC-NCL,3167
13177,GEN,
13178,OBC-NCL,3168
13179,GEN,
13180,GEN-EWS,1885
13181,OBC-NCL,3169
13182,GEN-EWS,1886
13183,GEN,
13184,GEN-EWS,1887
13185,GEN,
13186,GEN-EWS,1888
13187,GEN,
13188,GEN-EWS,1889
13189,ST,123
13190,ST,124
13191,GEN,
13192,GEN-EWS,1890
13193,OBC-NCL,3170
13194,GEN,
13195,GEN,
13196,GEN,
13197,GEN,
13198,GEN-EWS,1891
13199,OBC-NCL,3171
13200,GEN,
13201,GEN,
13202,GEN,
13203,GEN,
13204,GEN,
13205,OBC-NCL,3172
13206,GEN,
13207,GEN,
13208,GEN,
13209,OBC-NCL,3173
13210,OBC-NCL,3174
13211,GEN,
13212,GEN,
13213,GEN-EWS,1892
13214,GEN,
13215,GEN-EWS,1893
13216,GEN-EWS,1894
13217,GEN,
13218,SC,397
13219,GEN,
13220,GEN,
13221,GEN-EWS,1895
13222,GEN,
13223,GEN,
13224,GEN-EWS,1896
13225,OBC-NCL,3175
13226,GEN,
13227,GEN-EWS,1897
13228,OBC-NCL,3176
13229,GEN,
13230,GEN,
13230,OBC-NCL,3177
13232,GEN-EWS,1898
13233,GEN-EWS,1899
13234,GEN-EWS,1900
13235,GEN-EWS,1901
13236,GEN,
13237,GEN,
13238,OBC-NCL,3178
13239,GEN,
13240,GEN-EWS,1902
13241,GEN,
13242,GEN,
13243,OBC-NCL,3179
13244,GEN-EWS,1903
13245,OBC-NCL,3180
13246,GEN,
13247,GEN,
13248,GEN,
13249,GEN,
13250,GEN-EWS,1904
13251,OBC-NCL,3181
13252,GEN,
13253,GEN,
13254,GEN-EWS,1905
13255,GEN,
13256,GEN,
13257,GEN,
13258,OBC-NCL,3182
13259,GEN-EWS,1906
13260,OBC-NCL,3183
13261,OBC-NCL,3184
13262,GEN,
13263,GEN,
13264,OBC-NCL,3185
13265,OBC-NCL,3186
13266,OBC-NCL,3187
13267,GEN,
13268,GEN,
13269,OBC-NCL,3188
13270,GEN,
13271,GEN,
13272,GEN,
13273,GEN-EWS,1907
13274,GEN,
13275,GEN,
13276,SC,398
13277,GEN,
13278,GEN-EWS,1908
13279,GEN,
13280,GEN,
13281,OBC-NCL,3189
13282,GEN,
13283,GEN-EWS,1909
13284,OBC-NCL,3190
13285,GEN,
13286,GEN,
13287,GEN-EWS,1910
13288,GEN,
13289,OBC-NCL,3191
13290,GEN,
13291,SC,399
13292,GEN,
13293,GEN,
13294,GEN,
13295,OBC-NCL,3192
13296,GEN,
13297,OBC-NCL,3193
13298,OBC-NCL,3194
13299,GEN,
13300,GEN,
13301,GEN-EWS,1911
13302,OBC-NCL,3195
13303,OBC-NCL,3196
13304,OBC-NCL,3197
13305,GEN,
13306,GEN,
13307,GEN,
13308,OBC-NCL,3198
13309,GEN,
13310,OBC-NCL,3199
13311,OBC-NCL,3200
13312,GEN,
13313,OBC-NCL,3201
13314,GEN,
13315,GEN-EWS,1912
13316,GEN,
13317,GEN,
13318,GEN,
13319,OBC-NCL,3202
13320,OBC-NCL,3203
13321,OBC-NCL,3204
13322,GEN,
13323,GEN,
13324,GEN,
13325,GEN,
13326,OBC-NCL,3205
13327,OBC-NCL,3206
13328,GEN,
13329,GEN-EWS,1913
13330,GEN,
13331,GEN,
13332,OBC-NCL,3207
13333,ST,125
13334,OBC-NCL,3208
13335,GEN,
13336,GEN,
13337,GEN-EWS,1914
13338,ST,126
13339,GEN,
13340,GEN,
13341,GEN,
13342,GEN,
13343,OBC-NCL,3209
13344,OBC-NCL,3210
13345,GEN,
13346,OBC-NCL,3211
13347,GEN,
13348,OBC-NCL,3212
13349,GEN-EWS,1915
13350,GEN,
13351,GEN,
13352,GEN,
13353,GEN,
13354,GEN,
13355,GEN,
13356,OBC-NCL,3213
13357,GEN,
13358,GEN,
13359,OBC-NCL,3214
13360,GEN-EWS,1916
13361,GEN,
13362,GEN,
13363,GEN,
13364,GEN,
13365,GEN-EWS,1917
13366,OBC-NCL,3215
13367,OBC-NCL,3216
13368,GEN-EWS,1918
13369,GEN,
13370,GEN,
13371,GEN,
13372,GEN-EWS,1919
13373,OBC-NCL,3218
13374,GEN,
13375,GEN,
13376,OBC-NCL,3219
13377,SC,400
13378,GEN,
13379,OBC-NCL,3220
13380,GEN-EWS,1920
13381,OBC-NCL,3221
13382,OBC-NCL,3222
13383,GEN,
13384,OBC-NCL,3223
13385,GEN,
13386,OBC-NCL,3224
13387,GEN,
13388,OBC-NCL,3225
13389,OBC-NCL,3226
13390,GEN,
13391,GEN-EWS,1921
13392,GEN,
13393,GEN,
13394,GEN,
13395,GEN,
13396,GEN,
13397,GEN-EWS,1922
13398,GEN,
13399,GEN-EWS,1923
13400,GEN,
13401,OBC-NCL,3228
13402,GEN,
13403,OBC-NCL,3229
13404,GEN,
13405,OBC-NCL,3230
13406,GEN,
13407,OBC-NCL,3231
13408,GEN,
13409,GEN,
13410,OBC-NCL,3232
13411,OBC-NCL,3233
13412,GEN,
13413,GEN,
13414,GEN,
13415,GEN,
13416,GEN-EWS,1924
13417,OBC-NCL,3234
13418,OBC-NCL,3235
13419,OBC-NCL,3236
13420,GEN-EWS,1925
13421,GEN,
13422,GEN,
13423,OBC-NCL,3237
13424,OBC-NCL,3238
13425,GEN,
13426,GEN-EWS,1926
13427,GEN-EWS,1927
13428,GEN-EWS,1928
13429,GEN-EWS,1929
13430,OBC-NCL,3239
13431,OBC-NCL,3240
13432,OBC-NCL,3241
13433,GEN,
13434,OBC-NCL,3242
13435,GEN-EWS,1930
13436,OBC-NCL,3243
13437,GEN,
13438,GEN-EWS,1931
13439,ST,127
13440,SC,401
13441,SC,402
13442,OBC-NCL,3244
13443,GEN,
13444,OBC-NCL,3245
13445,GEN-EWS,1932
13446,OBC-NCL,3246
13447,GEN,
13448,GEN,
13449,GEN,
13449,OBC-NCL,3247
13451,GEN,
13452,GEN,
13453,GEN,
13454,GEN,
13455,OBC-NCL,3248
13456,GEN,
13457,GEN,
13458,OBC-NCL,3249
13459,GEN,
13460,GEN,
13461,GEN,
13462,GEN,
13463,OBC-NCL,3250
13464,OBC-NCL,3251
13465,GEN-EWS,1933
13466,OBC-NCL,3252
13467,GEN-EWS,1934
13468,GEN-EWS,1935
13469,GEN-EWS,1936
13470,GEN,
13471,GEN-EWS,1937
13472,GEN-EWS,1938
13473,GEN-EWS,1939
13474,OBC-NCL,3253
13475,GEN,
13476,OBC-NCL,3254
13477,OBC-NCL,3255
13478,OBC-NCL,3256
13479,GEN,
13480,GEN,
13481,GEN,
13482,GEN-EWS,1940
13483,GEN,
13484,SC,403
13485,OBC-NCL,3257
13486,GEN-EWS,1941
13487,GEN,
13488,GEN,
13489,GEN,
13490,OBC-NCL,3258
13491,OBC-NCL,3259
13492,OBC-NCL,3260
13493,GEN-EWS,1942
13494,GEN,
13495,GEN,
13496,OBC-NCL,3261
13497,GEN,
13498,OBC-NCL,3262
13499,GEN,
13500,GEN-EWS,1943
13501,OBC-NCL,3263
13502,GEN,
13503,OBC-NCL,3264
13504,OBC-NCL,3265
13505,GEN,
13506,GEN,
13507,OBC-NCL,3266
13508,OBC-NCL,3267
13509,GEN-EWS,1944
13510,OBC-NCL,3268
13511,GEN,
13512,GEN,
13513,GEN,
13514,ST,128
13515,OBC-NCL,3269
13516,OBC-NCL,3270
13517,GEN,
13518,OBC-NCL,3271
13519,OBC-NCL,3272
13520,OBC-NCL,3273
13521,GEN,
13522,GEN-EWS,1945
13523,OBC-NCL,3274
13524,GEN,
13525,OBC-NCL,3275
13526,OBC-NCL,3276
13527,GEN-EWS,1946
13528,GEN,
13529,GEN-EWS,1947
13530,GEN,
13531,SC,404
13532,OBC-NCL,3277
13533,GEN,
13534,GEN,
13535,GEN,
13536,GEN-EWS,1948
13537,GEN,
13538,GEN,
13539,OBC-NCL,3278
13540,GEN,
13541,OBC-NCL,3279
13542,SC,405
13543,GEN,
13544,GEN,
13545,GEN,
13546,GEN,
13547,GEN-EWS,1949
13548,OBC-NCL,3280
13549,GEN,
13550,GEN,
13551,OBC-NCL,3281
13552,GEN,
13553,GEN,
13554,GEN,
13555,GEN,
13556,GEN,
13557,GEN,
13558,GEN,
13559,OBC-NCL,3282
13560,GEN,
13561,GEN,
13562,OBC-NCL,3283
13563,GEN,
13564,OBC-NCL,3284
13565,GEN,
13566,GEN,
13567,GEN,
13568,GEN,
13569,GEN-EWS,1950
13570,GEN,
13571,GEN-EWS,1951
13572,GEN,
13573,GEN-EWS,1952
13574,GEN,
13575,SC,406
13576,GEN,
13577,OBC-NCL,3285
13578,GEN,
13579,GEN,
13580,SC,407
13581,GEN,
13582,GEN,
13582,OBC-NCL,3286
13584,GEN,
13585,GEN-EWS,1953
13586,GEN,
13587,GEN,
13588,GEN,
13589,GEN-EWS,1954
13590,OBC-NCL,3287
13591,SC,408
13592,OBC-NCL,3288
13593,GEN-EWS,1955
13594,GEN,
13595,GEN,
13596,OBC-NCL,3289
13597,GEN,
13598,GEN,
13599,GEN-EWS,1956
13600,OBC-NCL,3290
13601,GEN,
13602,OBC-NCL,3291
13603,GEN,
13604,GEN,
13605,OBC-NCL,3292
13606,GEN,
13607,GEN,
13608,GEN,
13609,GEN-EWS,1957
13610,OBC-NCL,3293
13611,SC,409
13612,GEN,
13613,OBC-NCL,3294
13614,ST,129
13615,GEN,
13616,OBC-NCL,3295
13617,ST,130
13618,GEN-EWS,1958
13619,GEN,
13620,GEN,
13621,GEN,
13622,GEN-EWS,1959
13623,GEN,
13624,GEN,
13625,GEN,
13626,GEN,
13627,OBC-NCL,3296
13628,GEN,
13629,OBC-NCL,3297
13630,GEN-EWS,1960
13631,GEN,
13632,GEN,
13633,GEN,
13634,OBC-NCL,3298
13635,GEN,
13636,GEN,
13637,OBC-NCL,3299
13638,OBC-NCL,3300
13639,GEN-EWS,1961
13640,OBC-NCL,3301
13641,GEN,
13642,OBC-NCL,3302
13643,SC,410
13644,SC,411
13645,GEN,
13646,GEN,
13647,GEN,
13648,OBC-NCL,3303
13649,GEN,
13650,OBC-NCL,3304
13651,GEN,
13652,GEN,
13653,GEN,
13654,GEN,
13655,GEN-EWS,1962
13656,GEN-EWS,1963
13657,GEN-EWS,1964
13658,GEN,
13659,GEN,
13660,OBC-NCL,3305
13661,GEN,
13662,GEN,
13663,OBC-NCL,3306
13664,GEN-EWS,1965
13665,OBC-NCL,3307
13666,OBC-NCL,3308
13667,GEN,
13668,GEN-EWS,1966
13669,GEN,
13670,GEN,
13671,OBC-NCL,3309
13672,GEN,
13673,GEN,
13674,OBC-NCL,3310
13675,OBC-NCL,3311
13676,GEN,
13677,SC,412
13678,GEN-EWS,1967
13679,GEN-EWS,1968
13680,OBC-NCL,3312
13681,GEN,
13682,GEN,
13683,GEN,
13684,GEN,
13685,OBC-NCL,3313
13686,GEN,
13687,GEN,
13688,GEN,
13689,GEN,
13690,GEN,
13691,GEN,
13692,GEN,
13693,OBC-NCL,3314
13694,GEN-EWS,1969
13695,GEN,
13696,OBC-NCL,3315
13697,GEN,
13698,GEN,
13699,GEN-EWS,1970
13700,GEN,
13701,OBC-NCL,3316
13702,GEN-EWS,1971
13703,OBC-NCL,3317
13704,OBC-NCL,3318
13705,GEN-EWS,1972
13706,OBC-NCL,3319
13707,GEN,
13708,GEN,
13709,GEN,
13710,GEN,
13711,OBC-NCL,3320
13712,GEN,
13713,GEN,
13714,GEN,
13715,GEN,
13716,OBC-NCL,3321
13717,OBC-NCL,3322
13718,GEN,
13718,GEN-EWS,1973
13720,GEN,
13721,GEN,
13722,OBC-NCL,3323
13723,GEN,
13724,OBC-NCL,3324
13725,OBC-NCL,3325
13726,OBC-NCL,3326
13727,GEN,
13728,GEN-EWS,1974
13729,GEN,
13730,GEN,
13731,OBC-NCL,3327
13732,GEN,
13733,GEN-EWS,1975
13734,OBC-NCL,3328
13735,OBC-NCL,3329
13736,GEN,
13737,GEN-EWS,1976
13738,GEN,
13739,GEN-EWS,1977
13740,GEN,
13741,SC,413
13742,GEN,
13743,OBC-NCL,3330
13744,GEN,
13745,GEN,
13746,GEN,
13747,GEN,
13748,OBC-NCL,3331
13749,OBC-NCL,3332
13750,GEN,
13751,OBC-NCL,3333
13752,GEN-EWS,1978
13753,GEN,
13754,GEN,
13755,GEN,
13756,GEN,
13757,GEN-EWS,1979
13758,GEN,
13759,GEN-EWS,1980
13760,OBC-NCL,3334
13761,GEN,
13762,GEN,
13763,GEN,
13764,GEN-EWS,1981
13765,SC,414
13766,OBC-NCL,3335
13767,GEN,
13768,GEN,
13769,GEN-EWS,1982
13770,OBC-NCL,3336
13771,GEN,
13772,GEN,
13773,GEN-EWS,1983
13774,OBC-NCL,3337
13775,GEN,
13776,GEN,
13777,OBC-NCL,3338
13778,GEN-EWS,1984
13779,GEN,
13780,GEN,
13781,GEN,
13782,SC,415
13783,OBC-NCL,3339
13784,OBC-NCL,3340
13785,GEN,
13786,GEN,
13787,GEN,
13788,GEN,
13789,GEN,
13790,SC,416
13791,GEN,
13792,GEN,
13793,GEN,
13793,GEN,
13795,GEN,
13796,GEN,
13797,GEN,
13798,GEN,
13799,OBC-NCL,3341
13800,GEN,
13801,GEN,
13802,GEN,
13803,GEN,
13804,OBC-NCL,3342
13805,GEN,
13806,GEN,
13807,GEN,
13808,GEN-EWS,1985
13809,OBC-NCL,3343
13810,GEN,
13811,GEN-EWS,1986
13812,GEN,
13813,OBC-NCL,3344
13814,GEN,
13815,GEN-EWS,1987
13816,GEN,
13817,SC,417
13818,GEN,
13819,GEN,
13820,GEN,
13821,GEN,
13822,GEN-EWS,1988
13823,GEN,
13824,GEN,
13825,SC,418
13826,SC,419
13827,ST,131
13828,OBC-NCL,3345
13829,OBC-NCL,3346
13830,SC,420
13831,OBC-NCL,3347
13832,GEN,
13832,GEN-EWS,1989
13834,OBC-NCL,3348
13835,GEN-EWS,1990
13836,OBC-NCL,3349
13837,GEN,
13838,OBC-NCL,3350
13839,OBC-NCL,3351
13840,GEN,
13841,GEN,
13842,GEN,
13843,ST,132
13844,GEN,
13845,GEN,
13846,GEN,
13847,GEN,
13847,OBC-NCL,3352
13849,GEN,
13850,GEN,
13851,OBC-NCL,3353
13852,OBC-NCL,3354
13853,SC,421
13854,GEN,
13855,GEN,
13856,GEN,
13857,GEN,
13858,GEN,
13859,GEN,
13860,OBC-NCL,3355
13861,OBC-NCL,3356
13862,GEN-EWS,1991
13863,GEN,
13864,GEN,
13865,GEN,
13866,OBC-NCL,3357
13867,GEN,
13868,SC,422
13869,OBC-NCL,3358
13870,OBC-NCL,3359
13871,OBC-NCL,3360
13872,GEN,
13873,GEN,
13874,GEN,
13875,GEN-EWS,1992
13876,GEN-EWS,1993
13877,OBC-NCL,3361
13878,OBC-NCL,3362
13879,OBC-NCL,3363
13880,ST,133
13881,GEN,
13882,GEN,
13883,OBC-NCL,3364
13884,OBC-NCL,3365
13885,OBC-NCL,3366
13886,GEN,
13887,GEN,
13888,OBC-NCL,3367
13889,OBC-NCL,3368
13890,OBC-NCL,3369
13891,GEN-EWS,1994
13892,GEN,
13893,OBC-NCL,3370
13894,OBC-NCL,3371
13895,OBC-NCL,3372
13896,GEN,
13897,OBC-NCL,3373
13898,GEN,
13899,GEN,
13900,OBC-NCL,3374
13901,OBC-NCL,3375
13902,GEN,
13903,GEN-EWS,1995
13904,GEN,
13905,OBC-NCL,3376
13906,GEN,
13907,GEN,
13908,GEN,
13909,GEN,
13910,GEN,
13911,GEN,
13912,OBC-NCL,3377
13913,GEN,
13914,OBC-NCL,3378
13915,GEN,
13916,SC,423
13917,GEN,
13918,GEN,
13919,GEN,
13920,GEN,
13921,GEN,
13922,OBC-NCL,3379
13923,GEN,
13924,GEN-EWS,1996
13925,GEN,
13926,GEN,
13927,OBC-NCL,3380
13928,GEN,
13929,GEN-EWS,1997
13930,GEN,
13931,GEN,
13932,GEN,
13933,GEN,
13934,GEN,
13935,GEN,
13936,GEN,
13937,GEN-EWS,1998
13938,OBC-NCL,3381
13939,GEN,
13940,GEN,
13941,OBC-NCL,3382
13942,GEN,
13943,OBC-NCL,3383
13944,GEN,
13945,OBC-NCL,3384
13946,GEN,
13947,OBC-NCL,3385
13948,GEN,
13949,OBC-NCL,3386
13950,OBC-NCL,3387
13951,GEN,
13952,GEN,
13952,SC,424
13954,GEN,
13955,OBC-NCL,3388
13956,OBC-NCL,3389
13957,GEN-EWS,1999
13958,GEN-EWS,2000
13959,GEN,
13960,GEN,
13961,OBC-NCL,3390
13962,GEN,
13963,OBC-NCL,3391
13964,GEN,
13965,GEN-EWS,2001
13966,SC,425
13967,OBC-NCL,3392
13968,GEN,
13969,OBC-NCL,3393
13970,OBC-NCL,3394
13971,GEN,
13972,GEN,
13973,OBC-NCL,3395
13974,GEN,
13975,GEN,
13976,ST,134
13977,GEN,
13978,GEN-EWS,2002
13979,GEN,
13980,OBC-NCL,3396
13981,GEN,
13982,GEN-EWS,2003
13983,OBC-NCL,3397
13984,OBC-NCL,3398
13985,GEN,
13986,GEN-EWS,2004
13987,GEN,
13988,OBC-NCL,3399
13989,GEN,
13990,GEN-EWS,2005
13991,GEN,
13992,GEN,
13993,GEN,
13994,OBC-NCL,3400
13995,GEN,
13996,GEN-EWS,2006
13997,GEN-EWS,2007
13998,GEN,
13999,GEN,
14000,GEN,
14001,GEN,
14002,OBC-NCL,3401
14003,GEN,
14004,GEN-EWS,2008
14005,GEN,
14006,GEN,
14007,GEN,
14008,OBC-NCL,3402
14009,OBC-NCL,3403
14010,GEN-EWS,2009
14011,OBC-NCL,3404
14012,GEN,
14013,GEN,
14014,OBC-NCL,3405
14015,GEN,
14016,GEN,
14017,GEN,
14018,GEN-EWS,2010
14019,OBC-NCL,3406
14020,GEN,
14021,GEN-EWS,2011
14022,GEN,
14023,OBC-NCL,3407
14024,GEN,
14025,GEN,
14026,GEN,
14027,OBC-NCL,3408
14028,GEN,
14029,GEN,
14030,SC,426
14031,GEN,
14032,OBC-NCL,3409
14033,OBC-NCL,3410
14034,OBC-NCL,3411
14035,OBC-NCL,3412
14036,SC,427
14037,GEN-EWS,2012
14038,GEN,
14039,OBC-NCL,3413
14040,GEN-EWS,2013
14041,GEN,
14042,OBC-NCL,3414
14043,SC,428
14044,GEN-EWS,2014
14045,GEN,
14046,OBC-NCL,3415
14047,OBC-NCL,3416
14048,GEN,
14049,GEN,
14050,OBC-NCL,3417
14051,GEN,
14052,GEN,
14053,SC,429
14054,GEN,
14055,GEN-EWS,2015
14056,GEN-EWS,2016
14057,GEN-EWS,2017
14058,GEN,
14059,GEN,
14060,GEN,
14061,GEN,
14062,GEN,
14063,GEN-EWS,2018
14064,GEN,
14065,GEN,
14066,OBC-NCL,3418
14067,GEN,
14067,GEN,
14069,GEN,
14070,GEN,
14071,OBC-NCL,3419
14072,GEN,
14073,GEN,
14074,GEN-EWS,2019
14075,GEN,
14076,SC,430
14077,GEN-EWS,2020
14078,OBC-NCL,3420
14079,OBC-NCL,3421
14080,SC,431
14081,OBC-NCL,3422
14082,GEN,
14083,GEN,
14084,SC,432
14085,GEN-EWS,2021
14086,GEN-EWS,2022
14087,GEN-EWS,2023
14088,SC,433
14089,GEN,
14090,OBC-NCL,3423
14091,GEN-EWS,2024
14092,GEN,
14093,GEN,
14094,OBC-NCL,3424
14095,GEN,
14096,GEN,
14097,GEN,
14098,GEN,
14099,OBC-NCL,3425
14100,GEN,
14101,SC,434
14102,GEN,
14102,GEN,
14104,GEN,
14105,OBC-NCL,3426
14106,GEN,
14107,GEN,
14108,GEN,
14109,OBC-NCL,3427
14110,GEN-EWS,2025
14111,GEN,
14112,GEN-EWS,2026
14113,GEN,
14114,GEN-EWS,2027
14115,GEN,
14116,GEN,
14117,GEN-EWS,2028
14118,OBC-NCL,3429
14119,GEN,
14120,GEN,
14121,GEN,
14122,OBC-NCL,3430
14123,GEN,
14124,GEN,
14125,GEN,
14126,GEN,
14127,GEN-EWS,2029
14128,GEN,
14129,GEN-EWS,2030
14129,OBC-NCL,3431
14131,GEN,
14132,GEN,
14133,GEN-EWS,2031
14134,OBC-NCL,3432
14135,GEN-EWS,2032
14136,GEN,
14137,GEN,
14138,GEN-EWS,2033
14139,GEN,
14140,OBC-NCL,3434
14141,OBC-NCL,3435
14142,GEN,
14143,OBC-NCL,3436
14144,GEN,
14145,GEN,
14146,OBC-NCL,3437
14147,GEN,
14148,OBC-NCL,3438
14149,GEN,
14150,OBC-NCL,3439
14151,GEN-EWS,2034
14152,GEN,
14153,GEN,
14154,GEN,
14155,OBC-NCL,3440
14156,OBC-NCL,3441
14157,GEN,
14158,GEN,
14159,OBC-NCL,3442
14160,GEN,
14160,GEN,
14162,GEN,
14163,GEN-EWS,2035
14164,GEN,
14165,GEN-EWS,2036
14166,GEN,
14167,OBC-NCL,3443
14168,OBC-NCL,3444
14169,GEN,
14170,OBC-NCL,3445
14171,GEN,
14172,GEN,
14173,SC,435
14174,GEN,
14175,GEN,
14176,GEN,
14177,OBC-NCL,3446
14178,GEN,
14179,GEN,
14180,GEN-EWS,2037
14181,SC,436
14182,GEN,
14183,GEN,
14184,GEN-EWS,2038
14185,GEN,
14186,GEN-EWS,2039
14187,GEN,
14188,GEN-EWS,2040
14189,OBC-NCL,3447
14190,GEN,
14191,GEN,
14192,GEN-EWS,2041
14193,GEN,
14194,GEN,
14195,OBC-NCL,3448
14196,GEN,
14196,GEN,
14198,SC,437
14199,GEN,
14200,GEN,
14201,GEN-EWS,2042
14202,OBC-NCL,3449
14203,OBC-NCL,3450
14204,GEN-EWS,2043
14205,OBC-NCL,3451
14206,GEN,
14207,GEN-EWS,2044
14208,OBC-NCL,3452
14209,OBC-NCL,3453
14210,GEN,
14211,ST,135
14212,OBC-NCL,3454
14213,OBC-NCL,3455
14214,OBC-NCL,3456
14215,OBC-NCL,3457
14216,GEN,
14217,OBC-NCL,3458
14218,GEN,
14219,GEN,
14220,OBC-NCL,3459
14221,OBC-NCL,3460
14222,GEN,
14223,GEN,
14224,OBC-NCL,3461
14225,OBC-NCL,3462
14226,GEN-EWS,2045
14227,GEN,
14228,OBC-NCL,3463
14229,OBC-NCL,3464
14230,OBC-NCL,3465
14231,GEN-EWS,2046
14232,GEN-EWS,2047
14233,GEN,
14234,GEN,
14235,GEN,
14236,GEN-EWS,2048
14237,GEN,
14238,GEN-EWS,2049
14239,OBC-NCL,3466
14240,GEN,
14241,SC,438
14242,GEN,
14243,OBC-NCL,3467
14244,GEN,
14245,GEN,
14246,GEN,
14247,GEN,
14248,GEN,
14249,GEN-EWS,2050
14250,OBC-NCL,3468
14251,GEN,
14252,GEN-EWS,2051
14253,GEN,
14254,GEN,
14255,OBC-NCL,3469
14256,OBC-NCL,3470
14257,OBC-NCL,3471
14258,GEN,
14259,GEN,
14260,GEN-EWS,2052
14261,GEN-EWS,2053
14262,GEN-EWS,2054
14263,SC,439
14264,GEN-EWS,2055
14265,GEN-EWS,2056
14266,OBC-NCL,3472
14267,SC,440
14268,GEN,
14269,GEN,
14270,OBC-NCL,3473
14271,GEN-EWS,2057
14272,OBC-NCL,3474
14273,GEN-EWS,2058
14274,GEN-EWS,2059
14275,GEN,
14276,GEN,
14277,OBC-NCL,3475
14278,GEN,
14279,GEN,
14280,GEN,
14281,GEN,
14282,OBC-NCL,3476
14283,OBC-NCL,3477
14284,GEN,
14285,GEN,
14286,GEN,
14287,GEN,
14288,GEN,
14289,GEN,
14290,GEN,
14291,GEN,
14292,GEN,
14293,GEN,
14293,ST,136
14295,GEN,
14296,GEN,
14297,SC,441
14298,GEN,
14299,GEN,
14300,OBC-NCL,3478
14301,GEN,
14302,OBC-NCL,3479
14303,GEN,
14304,GEN,
14305,SC,442
14306,GEN,
14307,GEN,
14308,GEN,
14309,GEN-EWS,2060
14310,OBC-NCL,3480
14311,GEN,
14312,GEN,
14313,GEN,
14314,GEN-EWS,2061
14315,GEN-EWS,2062
14316,GEN-EWS,2063
14317,GEN,
14318,GEN-EWS,2064
14319,OBC-NCL,3481
14320,GEN-EWS,2065
14321,GEN,
14322,GEN,
14323,GEN-EWS,2066
14324,OBC-NCL,3482
14325,OBC-NCL,3483
14326,GEN,
14327,GEN,
14328,SC,443
14329,OBC-NCL,3484
14330,GEN,
14331,GEN,
14332,GEN,
14333,GEN,
14334,OBC-NCL,3485
14335,GEN,
14336,OBC-NCL,3486
14337,SC,444
14338,SC,445
14339,OBC-NCL,3487
14340,GEN,
14341,GEN-EWS,2067
14342,OBC-NCL,3488
14343,ST,137
14344,GEN-EWS,2068
14345,GEN-EWS,2069
14346,ST,138
14347,SC,446
14348,GEN-EWS,2070
14349,OBC-NCL,3489
14350,GEN,
14351,GEN,
14352,GEN,
14352,GEN-EWS,2071
14354,GEN-EWS,2072
14355,GEN,
14356,GEN,
14357,GEN-EWS,2073
14358,GEN,
14359,OBC-NCL,3490
14360,GEN,
14361,GEN-EWS,2074
14362,GEN-EWS,2075
14363,GEN,
14364,GEN,
14365,OBC-NCL,3491
14366,GEN,
14367,GEN,
14368,GEN-EWS,2076
14369,GEN,
14370,OBC-NCL,3492
14371,GEN-EWS,2077
14372,GEN,
14373,GEN,
14374,GEN-EWS,2078
14375,GEN,
14376,GEN-EWS,2079
14377,GEN,
14378,GEN-EWS,2080
14379,GEN,
14380,OBC-NCL,3493
14381,OBC-NCL,3494
14382,GEN,
14383,GEN,
14384,GEN,
14385,OBC-NCL,3495
14386,GEN-EWS,2081
14387,GEN,
14388,GEN-EWS,2082
14389,OBC-NCL,3496
14390,OBC-NCL,3497
14391,GEN,
14392,OBC-NCL,3498
14393,GEN,
14394,GEN-EWS,2083
14395,OBC-NCL,3499
14396,GEN-EWS,2084
14397,GEN,
14398,GEN-EWS,2085
14399,OBC-NCL,3501
14400,GEN-EWS,2086
14401,GEN,
14402,GEN,
14403,GEN-EWS,2087
14404,GEN,
14405,OBC-NCL,3502
14406,GEN,
14407,GEN,
14408,GEN,
14409,GEN,
14410,OBC-NCL,3503
14411,OBC-NCL,3504
14412,OBC-NCL,3505
14413,GEN,
14414,GEN,
14415,GEN-EWS,2088
14416,OBC-NCL,3506
14417,OBC-NCL,3507
14418,GEN,
14419,GEN,
14420,GEN,
14421,GEN,
14422,OBC-NCL,3508
14423,GEN,
14424,GEN,
14425,GEN-EWS,2089
14426,GEN-EWS,2090
14427,OBC-NCL,3509
14428,GEN,
14429,GEN,
14430,GEN,
14431,GEN-EWS,2091
14432,GEN,
14433,OBC-NCL,3510
14434,GEN,
14435,GEN,
14436,OBC-NCL,3511
14437,GEN,
14438,GEN,
14439,GEN,
14440,OBC-NCL,3512
14441,GEN,
14442,GEN-EWS,2092
14443,GEN,
14444,GEN-EWS,2093
14445,GEN,
14446,GEN-EWS,2094
14447,GEN,
14448,OBC-NCL,3513
14449,GEN,
14450,GEN,
14450,GEN-EWS,2095
14452,GEN,
14453,GEN-EWS,2096
14454,GEN,
14455,SC,447
14456,GEN,
14457,OBC-NCL,3514
14458,GEN-EWS,2097
14459,GEN-EWS,2098
14460,GEN,
14461,OBC-NCL,3515
14462,GEN,
14463,GEN,
14464,OBC-NCL,3516
14465,GEN-EWS,2099
14466,OBC-NCL,3517
14467,OBC-NCL,3518
14468,OBC-NCL,3519
14469,GEN,
14470,OBC-NCL,3520
14471,GEN,
14472,GEN,
14473,OBC-NCL,3521
14474,GEN,
14475,GEN,
14476,GEN,
14477,OBC-NCL,3522
14478,OBC-NCL,3523
14479,GEN,
14480,OBC-NCL,3524
14481,OBC-NCL,3525
14482,GEN-EWS,2100
14483,GEN,
14484,GEN,
14485,GEN,
14486,GEN-EWS,2101
14487,OBC-NCL,3527
14488,GEN,
14489,SC,448
14490,OBC-NCL,3528
14491,OBC-NCL,3529
14492,GEN,
14493,OBC-NCL,3530
14494,OBC-NCL,3531
14495,GEN,
14496,GEN-EWS,2102
14497,GEN,
14498,GEN,
14499,GEN,
14500,GEN,
14501,GEN,
14502,GEN,
14503,ST,139
14504,GEN-EWS,2103
14505,GEN-EWS,2104
14506,GEN,
14507,GEN-EWS,2105
14508,GEN,
14509,OBC-NCL,3532
14510,GEN,
14511,GEN,
14512,GEN,
14513,GEN,
14514,OBC-NCL,3533
14515,OBC-NCL,3534
14516,GEN,
14517,GEN,
14518,GEN,
14519,OBC-NCL,3535
14520,OBC-NCL,3536
14521,GEN,
14522,GEN,
14523,GEN,
14524,GEN,
14525,SC,449
14526,GEN-EWS,2106
14527,OBC-NCL,3537
14528,OBC-NCL,3538
14529,GEN,
14530,GEN,
14531,GEN,
14532,OBC-NCL,3539
14533,GEN,
14534,OBC-NCL,3540
14535,GEN,
14536,OBC-NCL,3541
14537,OBC-NCL,3542
14538,GEN,
14539,OBC-NCL,3543
14540,OBC-NCL,3544
14541,GEN,
14542,OBC-NCL,3545
14543,SC,450
14544,GEN-EWS,2107
14545,GEN,
14546,GEN-EWS,2108
14547,SC,451
14548,OBC-NCL,3546
14549,GEN,
14550,OBC-NCL,3547
14551,GEN,
14552,OBC-NCL,3548
14553,GEN,
14554,GEN,
14555,GEN,
14556,GEN-EWS,2109
14557,OBC-NCL,3549
14558,GEN,
14559,GEN,
14560,GEN,
14561,GEN,
14562,OBC-NCL,3550
14563,SC,452
14564,GEN,
14565,GEN,
14566,GEN-EWS,2110
14567,GEN,
14568,OBC-NCL,3551
14569,GEN,
14570,OBC-NCL,3552
14571,GEN,
14572,GEN,
14573,GEN-EWS,2111
14574,OBC-NCL,3553
14575,GEN,
14576,GEN,
14577,OBC-NCL,3554
14578,SC,453
14579,GEN,
14580,GEN,
14581,GEN-EWS,2112
14582,SC,454
14583,GEN,
14584,OBC-NCL,3555
14585,GEN,
14586,GEN,
14587,SC,455
14588,OBC-NCL,3556
14589,GEN,
14590,OBC-NCL,3557
14591,GEN,
14592,GEN-EWS,2113
14593,GEN,
14594,GEN,
14595,OBC-NCL,3558
14596,GEN,
14597,OBC-NCL,3559
14598,GEN,
14599,GEN,
14600,SC,456
14601,OBC-NCL,3560
14602,OBC-NCL,3561
14603,GEN-EWS,2115
14604,GEN,
14605,OBC-NCL,3562
14606,OBC-NCL,3563
14607,GEN,
14608,GEN,
14609,GEN-EWS,2116
14610,GEN-EWS,2117
14611,GEN,
14612,OBC-NCL,3564
14613,GEN,
14614,OBC-NCL,3565
14615,OBC-NCL,3566
14616,OBC-NCL,3567
14617,GEN-EWS,2118
14618,GEN,
14619,GEN-EWS,2119
14620,OBC-NCL,3568
14621,GEN,
14622,SC,457
14623,OBC-NCL,3569
14624,OBC-NCL,3570
14625,GEN,
14626,GEN,
14627,GEN,
14628,GEN,
14629,GEN,
14630,GEN,
14631,OBC-NCL,3571
14632,GEN,
14633,OBC-NCL,3572
14634,GEN-EWS,2120
14635,OBC-NCL,3573
14636,OBC-NCL,3574
14637,GEN,
14638,OBC-NCL,3575
14639,GEN-EWS,2121
14640,GEN,
14641,OBC-NCL,3576
14642,GEN,
14643,GEN,
14644,GEN,
14645,OBC-NCL,3577
14646,OBC-NCL,3578
14647,OBC-NCL,3579
14648,GEN-EWS,2122
14649,OBC-NCL,3580
14650,ST,140
14651,OBC-NCL,3581
14652,OBC-NCL,3582
14653,OBC-NCL,3583
14654,OBC-NCL,3584
14655,GEN,
14656,GEN,
14657,GEN,
14658,OBC-NCL,3585
14659,GEN,
14660,OBC-NCL,3586
14661,GEN,
14662,OBC-NCL,3587
14663,GEN,
14664,GEN,
14665,GEN,
14666,OBC-NCL,3588
14667,GEN,
14668,GEN,
14669,OBC-NCL,3589
14670,OBC-NCL,3590
14671,OBC-NCL,3591
14672,GEN,
14673,OBC-NCL,3592
14674,GEN,
14675,GEN,
14676,GEN,
14677,GEN,
14678,GEN-EWS,2123
14679,GEN,
14680,GEN,
14681,OBC-NCL,3593
14682,OBC-NCL,3594
14683,GEN,
14684,OBC-NCL,3595
14685,OBC-NCL,3596
14686,GEN-EWS,2124
14687,OBC-NCL,3597
14688,GEN,
14689,GEN,
14690,GEN,
14691,GEN,
14692,OBC-NCL,3598
14693,GEN-EWS,2125
14694,GEN-EWS,2126
14695,OBC-NCL,3599
14696,GEN,
14697,GEN,
14698,GEN,
14699,GEN-EWS,2127
14700,GEN,
14701,OBC-NCL,3601
14702,OBC-NCL,3602
14703,GEN,
14704,GEN,
14705,SC,458
14706,GEN,
14707,GEN,
14708,GEN,
14709,GEN,
14710,OBC-NCL,3603
14711,GEN,
14712,OBC-NCL,3604
14713,GEN,
14713,OBC-NCL,3605
14715,SC,459
14716,GEN,
14717,OBC-NCL,3606
14718,OBC-NCL,3607
14719,GEN,
14720,OBC-NCL,3608
14721,GEN,
14722,GEN,
14723,OBC-NCL,3609
14724,OBC-NCL,3610
14725,OBC-NCL,3611
14726,GEN,
14727,OBC-NCL,3612
14728,SC,460
14729,GEN,
14730,OBC-NCL,3613
14731,OBC-NCL,3614
14732,GEN,
14733,GEN,
14734,GEN,
14735,OBC-NCL,3615
14736,OBC-NCL,3616
14737,GEN,
14738,OBC-NCL,3617
14739,OBC-NCL,3618
14740,OBC-NCL,3619
14741,OBC-NCL,3620
14742,GEN,
14743,GEN,
14744,ST,141
14745,GEN-EWS,2128
14746,GEN,
14747,GEN,
14748,OBC-NCL,3621
14749,OBC-NCL,3622
14750,OBC-NCL,3623
14751,OBC-NCL,3624
14752,GEN-EWS,2129
14753,OBC-NCL,3625
14754,GEN,
14755,GEN,
14756,GEN-EWS,2130
14757,GEN,
14758,OBC-NCL,3626
14759,GEN-EWS,2131
14760,GEN,
14761,GEN,
14762,GEN,
14763,GEN-EWS,2132
14764,OBC-NCL,3627
14765,OBC-NCL,3628
14766,GEN-EWS,2133
14767,GEN,
14768,GEN,
14769,GEN,
14770,OBC-NCL,3629
14771,GEN,
14772,GEN,
14773,GEN,
14774,OBC-NCL,3630
14775,OBC-NCL,3631
14776,GEN-EWS,2134
14777,GEN,
14778,OBC-NCL,3632
14779,OBC-NCL,3633
14780,GEN,
14781,GEN,
14782,GEN,
14783,GEN-EWS,2135
14784,GEN,
14785,GEN,
14786,GEN,
14787,GEN,
14788,GEN,
14789,GEN,
14790,GEN,
14791,GEN,
14792,GEN,
14793,GEN,
14794,GEN,
14795,GEN-EWS,2136
14796,GEN,
14796,GEN,
14798,GEN,
14799,GEN,
14800,GEN,
14801,GEN-EWS,2137
14802,OBC-NCL,3634
14803,OBC-NCL,3635
14804,GEN,
14805,OBC-NCL,3636
14806,GEN,
14807,OBC-NCL,3637
14808,GEN,
14809,GEN-EWS,2138
14810,GEN-EWS,2139
14811,GEN,
14812,OBC-NCL,3638
14813,OBC-NCL,3639
14814,SC,461
14815,GEN-EWS,2140
14816,OBC-NCL,3640
14817,GEN,
14818,GEN,
14819,GEN,
14820,GEN,
14821,GEN,
14822,OBC-NCL,3641
14823,OBC-NCL,3642
14824,ST,142
14825,GEN-EWS,2141
14826,OBC-NCL,3643
14827,GEN,
14828,OBC-NCL,3644
14829,GEN,
14830,GEN,
14831,GEN,
14832,GEN,
14833,GEN-EWS,2142
14834,SC,462
14835,GEN,
14836,GEN,
14837,OBC-NCL,3645
14838,GEN-EWS,2143
14839,GEN,
14840,GEN,
14841,GEN-EWS,2144
14842,SC,463
14843,SC,464
14844,GEN,
14845,OBC-NCL,3646
14846,GEN,
14847,GEN,
14848,GEN,
14849,GEN,
14850,GEN,
14851,GEN,
14852,GEN,
14853,GEN-EWS,2145
14854,GEN,
14855,OBC-NCL,3647
14856,GEN,
14857,GEN,
14858,SC,465
14859,GEN-EWS,2146
14860,GEN,
14861,OBC-NCL,3648
14862,OBC-NCL,3649
14863,GEN-EWS,2147
14864,GEN,
14865,OBC-NCL,3650
14866,GEN,
14867,GEN-EWS,2148
14868,OBC-NCL,3651
14869,GEN,
14870,GEN,
14871,OBC-NCL,3652
14872,GEN,
14873,GEN,
14874,GEN,
14875,GEN,
14876,GEN-EWS,2149
14877,GEN,
14878,GEN,
14879,OBC-NCL,3653
14880,GEN-EWS,2150
14881,OBC-NCL,3654
14882,GEN-EWS,2151
14883,OBC-NCL,3655
14884,GEN,
14885,GEN,
14886,OBC-NCL,3656
14887,SC,466
14888,GEN,
14889,OBC-NCL,3657
14890,OBC-NCL,3658
14891,GEN-EWS,2152
14892,GEN,
14893,GEN,
14894,OBC-NCL,3659
14895,OBC-NCL,3660
14896,GEN,
14897,GEN,
14898,OBC-NCL,3661
14899,GEN,
14900,OBC-NCL,3662
14901,GEN,
14902,GEN,
14903,GEN-EWS,2153
14904,GEN-EWS,2154
14905,GEN-EWS,2155
14906,GEN,
14907,GEN-EWS,2156
14908,GEN,
14909,GEN-EWS,2157
14910,GEN-EWS,2158
14911,GEN,
14912,GEN-EWS,2159
14913,OBC-NCL,3663
14914,GEN,
14915,OBC-NCL,3664
14916,GEN,
14917,GEN,
14918,GEN,
14919,GEN-EWS,2160
14920,GEN,
14921,OBC-NCL,3665
14922,GEN,
14923,SC,467
14924,GEN,
14925,GEN,
14926,GEN-EWS,2161
14927,GEN,
14928,OBC-NCL,3667
14929,GEN,
14930,GEN-EWS,2162
14931,OBC-NCL,3668
14932,OBC-NCL,3669
14933,GEN,
14934,GEN,
14935,GEN,
14936,GEN,
14937,GEN,
14938,OBC-NCL,3670
14939,OBC-NCL,3671
14940,GEN,
14941,GEN,
14942,OBC-NCL,3672
14943,GEN,
14944,GEN-EWS,2163
14945,GEN-EWS,2164
14946,GEN-EWS,2165
14947,GEN,
14948,GEN-EWS,2166
14949,GEN,
14950,OBC-NCL,3673
14951,GEN,
14952,OBC-NCL,3674
14953,GEN-EWS,2167
14954,GEN,
14955,GEN,
14956,OBC-NCL,3675
14957,GEN-EWS,2168
14958,GEN,
14959,OBC-NCL,3676
14960,OBC-NCL,3677
14961,GEN,
14962,GEN,
14963,OBC-NCL,3678
14964,GEN-EWS,2169
14965,GEN,
14966,GEN-EWS,2170
14967,GEN,
14968,OBC-NCL,3679
14969,OBC-NCL,3680
14970,GEN,
14971,SC,468
14972,GEN-EWS,2171
14973,GEN,
14974,GEN,
14975,GEN,
14976,GEN,
14977,OBC-NCL,3681
14978,OBC-NCL,3682
14979,OBC-NCL,3683
14980,SC,469
14981,GEN,
14982,GEN-EWS,2172
14983,OBC-NCL,3684
14984,GEN,
14985,GEN,
14986,OBC-NCL,3685
14987,SC,470
14988,OBC-NCL,3686
14989,GEN-EWS,2173
14990,OBC-NCL,3687
14991,OBC-NCL,3688
14992,GEN,
14993,GEN,
14994,GEN,
14995,GEN,
14996,GEN,
14997,GEN,
14998,GEN,
14999,GEN,
15000,GEN,
15001,OBC-NCL,3689
15002,GEN,
15003,GEN-EWS,2175
15004,GEN,
15005,GEN,
15006,GEN,
15007,GEN,
15008,GEN-EWS,2176
15009,OBC-NCL,3690
15010,GEN-EWS,2177
15011,GEN-EWS,2178
15012,OBC-NCL,3691
15013,GEN,
15014,GEN,
15015,GEN,
15016,OBC-NCL,3692
15017,GEN-EWS,2179
15018,OBC-NCL,3693
15019,GEN,
15020,GEN-EWS,2180
15021,OBC-NCL,3694
15022,GEN,
15023,OBC-NCL,3695
15024,GEN,
15025,GEN,
15026,GEN,
15027,OBC-NCL,3696
15028,GEN-EWS,2181
15029,GEN,
15030,GEN,
15031,GEN,
15032,GEN,
15033,GEN,
15034,GEN,
15035,OBC-NCL,3697
15036,OBC-NCL,3698
15037,GEN,
15037,GEN-EWS,2182
15039,GEN,
15040,GEN,
15041,GEN-EWS,2184
15042,SC,471
15043,GEN,
15044,GEN,
15045,GEN,
15046,OBC-NCL,3699
15047,GEN,
15048,GEN,
15049,SC,472
15050,GEN,
15051,GEN,
15052,GEN-EWS,2185
15053,GEN,
15054,OBC-NCL,3700
15055,OBC-NCL,3701
15056,GEN,
15057,GEN,
15058,GEN,
15059,GEN-EWS,2186
15060,OBC-NCL,3702
15061,OBC-NCL,3703
15062,GEN,
15063,GEN,
15064,GEN-EWS,2187
15065,OBC-NCL,3704
15066,GEN-EWS,2188
15067,GEN-EWS,2189
15068,GEN,
15069,OBC-NCL,3705
15070,GEN,
15071,OBC-NCL,3706
15072,OBC-NCL,3707
15073,GEN,
15074,GEN,
15075,OBC-NCL,3708
15076,GEN-EWS,2190
15077,GEN,
15078,OBC-NCL,3709
15079,GEN-EWS,2191
15080,GEN,
15081,GEN,
15082,OBC-NCL,3710
15083,GEN,
15084,GEN,
15085,OBC-NCL,3711
15086,GEN,
15087,SC,473
15088,GEN,
15089,GEN,
15090,GEN,
15091,GEN,
15092,OBC-NCL,3712
15093,OBC-NCL,3713
15094,GEN-EWS,2192
15095,OBC-NCL,3714
15096,GEN,
15097,OBC-NCL,3715
15098,GEN,
15099,GEN-EWS,2193
15100,GEN,
15101,GEN,
15102,GEN,
15103,GEN,
15104,OBC-NCL,3716
15105,GEN-EWS,2194
15106,GEN,
15107,GEN-EWS,2195
15108,OBC-NCL,3717
15109,GEN-EWS,2196
15110,GEN,
15111,SC,474
15112,GEN,
15113,GEN-EWS,2197
15114,GEN,
15115,GEN,
15116,GEN,
15117,GEN,
15118,GEN,
15119,OBC-NCL,3718
15120,GEN,
15121,GEN,
15122,OBC-NCL,3719
15123,GEN,
15124,GEN-EWS,2198
15125,GEN,
15126,OBC-NCL,3720
15127,GEN,
15128,SC,475
15129,GEN,
15130,OBC-NCL,3721
15131,GEN-EWS,2199
15132,GEN,
15133,GEN,
15134,GEN,
15135,GEN,
15136,GEN,
15137,OBC-NCL,3722
15138,GEN,
15139,GEN-EWS,2200
15140,GEN,
15141,GEN,
15142,OBC-NCL,3723
15143,GEN,
15144,OBC-NCL,3724
15145,GEN,
15146,GEN,
15147,GEN,
15148,GEN,
15149,GEN,
15150,SC,476
15151,GEN,
15152,GEN-EWS,2201
15153,GEN,
15154,GEN,
15155,OBC-NCL,3725
15156,OBC-NCL,3726
15157,GEN-EWS,2202
15158,GEN,
15159,GEN-EWS,2203
15160,SC,477
15161,SC,478
15162,GEN,
15163,GEN,
15164,GEN,
15165,GEN-EWS,2204
15166,GEN,
15167,SC,479
15168,OBC-NCL,3727
15169,OBC-NCL,3728
15170,SC,480
15171,GEN,
15172,GEN-EWS,2205
15173,GEN,
15174,OBC-NCL,3729
15175,GEN,
15176,GEN,
15177,GEN-EWS,2206
15178,GEN,
15179,GEN,
15180,OBC-NCL,3730
15181,GEN,
15182,GEN,
15183,GEN,
15184,OBC-NCL,3731
15185,GEN-EWS,2207
15186,GEN-EWS,2208
15186,OBC-NCL,3732
15188,GEN,
15189,GEN-EWS,2209
15190,OBC-NCL,3733
15191,GEN-EWS,2210
15192,GEN-EWS,2211
15193,GEN,
15194,OBC-NCL,3734
15195,GEN,
15196,OBC-NCL,3735
15197,GEN,
15198,GEN,
15199,OBC-NCL,3736
15200,SC,482
15201,SC,483
15202,GEN,
15203,OBC-NCL,3737
15204,GEN,
15205,GEN-EWS,2212
15206,GEN,
15207,GEN,
15208,GEN-EWS,2213
15209,GEN,
15210,OBC-NCL,3738
15211,GEN,
15212,GEN,
15213,GEN,
15214,OBC-NCL,3739
15215,GEN,
15216,GEN,
15217,OBC-NCL,3740
15218,OBC-NCL,3741
15219,GEN-EWS,2214
15220,SC,484
15221,GEN,
15222,GEN,
15223,GEN,
15224,GEN,
15225,GEN,
15226,GEN,
15227,GEN-EWS,2215
15228,OBC-NCL,3742
15229,OBC-NCL,3743
15230,OBC-NCL,3744
15231,GEN,
15232,GEN,
15233,OBC-NCL,3745
15234,GEN-EWS,2216
15235,GEN-EWS,2217
15236,GEN,
15237,GEN,
15238,OBC-NCL,3746
15239,GEN,
15239,GEN,
15241,GEN,
15242,GEN-EWS,2218
15243,OBC-NCL,3747
15244,GEN,
15245,GEN,
15246,GEN,
15247,OBC-NCL,3748
15248,ST,143
15249,OBC-NCL,3749
15250,GEN,
15251,GEN,
15252,OBC-NCL,3750
15253,OBC-NCL,3751
15254,GEN,
15255,GEN-EWS,2219
15256,SC,485
15257,GEN,
15258,OBC-NCL,3752
15259,OBC-NCL,3753
15260,OBC-NCL,3754
15261,OBC-NCL,3755
15262,GEN,
15263,OBC-NCL,3756
15264,GEN,
15265,OBC-NCL,3757
15266,GEN,
15267,GEN,
15268,GEN,
15269,OBC-NCL,3758
15270,SC,486
15271,OBC-NCL,3759
15272,GEN,
15273,GEN,
15274,GEN-EWS,2220
15275,GEN,
15276,GEN,
15277,GEN-EWS,2221
15278,GEN-EWS,2222
15279,GEN,
15280,GEN,
15281,SC,487
15282,GEN-EWS,2223
15283,OBC-NCL,3760
15284,GEN-EWS,2224
15285,GEN,
15286,OBC-NCL,3761
15287,OBC-NCL,3762
15288,OBC-NCL,3763
15289,GEN,
15290,GEN,
15291,GEN,
15292,GEN,
15293,GEN,
15294,GEN,
15295,GEN,
15296,GEN,
15297,GEN,
15298,OBC-NCL,3764
15299,GEN,
15300,OBC-NCL,3765
15301,GEN,
15302,OBC-NCL,3766
15303,GEN,
15304,GEN-EWS,2225
15305,GEN-EWS,2226
15306,GEN-EWS,2227
15307,GEN,
15308,GEN-EWS,2228
15309,OBC-NCL,3767
15310,OBC-NCL,3768
15311,SC,488
15312,GEN,
15313,GEN,
15314,GEN,
15315,GEN,
15316,ST,144
15317,GEN,
15318,GEN,
15319,GEN,
15320,OBC-NCL,3769
15321,OBC-NCL,3770
15322,GEN-EWS,2229
15323,GEN,
15324,GEN,
15325,OBC-NCL,3771
15326,GEN,
15327,GEN,
15328,GEN-EWS,2230
15329,GEN,
15330,GEN-EWS,2231
15331,SC,490
15332,GEN-EWS,2232
15333,GEN,
15334,GEN,
15335,OBC-NCL,3772
15336,GEN,
15337,OBC-NCL,3773
15338,GEN-EWS,2233
15339,GEN-EWS,2234
15340,GEN,
15341,OBC-NCL,3774
15342,GEN,
15343,GEN,
15344,GEN-EWS,2235
15345,SC,491
15346,GEN,
15347,OBC-NCL,3775
15348,GEN,
15349,OBC-NCL,3776
15350,OBC-NCL,3777
15351,OBC-NCL,3778
15352,GEN,
15353,GEN,
15354,SC,492
15355,GEN,
15356,OBC-NCL,3779
15357,GEN,
15358,GEN,
15359,OBC-NCL,3780
15360,GEN-EWS,2236
15361,GEN,
15362,SC,493
15363,GEN,
15364,GEN-EWS,2237
15365,GEN-EWS,2238
15366,GEN,
15367,OBC-NCL,3781
15368,OBC-NCL,3782
15369,OBC-NCL,3783
15370,OBC-NCL,3784
15371,GEN,
15372,GEN,
15373,GEN-EWS,2239
15374,GEN-EWS,2240
15375,GEN,
15376,GEN,
15377,OBC-NCL,3785
15378,OBC-NCL,3786
15379,GEN,
15380,GEN,
15381,SC,494
15382,GEN,
15383,GEN,
15384,GEN,
15385,OBC-NCL,3787
15386,OBC-NCL,3788
15387,OBC-NCL,3789
15388,GEN,
15389,OBC-NCL,3790
15390,OBC-NCL,3791
15391,GEN-EWS,2241
15392,GEN,
15393,GEN,
15394,GEN,
15395,GEN,
15396,GEN,
15397,OBC-NCL,3792
15398,GEN,
15399,SC,495
15400,GEN,
15401,OBC-NCL,3793
15402,OBC-NCL,3794
15403,OBC-NCL,3795
15404,ST,145
15405,ST,146
15406,OBC-NCL,3796
15407,GEN-EWS,2242
15408,GEN-EWS,2243
15409,OBC-NCL,3797
15410,GEN-EWS,2244
15411,GEN,
15412,GEN,
15413,GEN,
15414,OBC-NCL,3798
15415,GEN-EWS,2245
15416,GEN-EWS,2246
15417,GEN,
15418,GEN,
15418,OBC-NCL,3799
15420,OBC-NCL,3800
15421,GEN,
15422,GEN,
15423,SC,496
15424,OBC-NCL,3801
15425,OBC-NCL,3802
15426,GEN,
15427,OBC-NCL,3803
15428,GEN,
15429,GEN,
15430,OBC-NCL,3804
15431,GEN,
15432,GEN,
15433,GEN,
15434,GEN-EWS,2247
15435,GEN,
15436,GEN,
15437,GEN,
15438,GEN-EWS,2248
15439,OBC-NCL,3805
15440,OBC-NCL,3806
15441,GEN,
15442,GEN,
15443,GEN,
15444,OBC-NCL,3807
15445,GEN,
15446,OBC-NCL,3808
15447,GEN-EWS,2249
15448,GEN-EWS,2250
15449,GEN,
15450,OBC-NCL,3809
15451,GEN,
15452,OBC-NCL,3810
15453,GEN-EWS,2251
15454,GEN,
15455,GEN,
15456,GEN,
15457,OBC-NCL,3811
15458,GEN,
15459,GEN,
15460,GEN-EWS,2252
15461,GEN,
15462,GEN,
15463,GEN-EWS,2253
15464,GEN,
15465,OBC-NCL,3812
15466,GEN-EWS,2254
15467,GEN,
15468,GEN-EWS,2255
15469,ST,147
15470,GEN-EWS,2256
15471,OBC-NCL,3813
15472,OBC-NCL,3814
15473,OBC-NCL,3815
15474,GEN-EWS,2257
15475,OBC-NCL,3816
15476,GEN,
15477,GEN,
15478,GEN-EWS,2258
15479,SC,498
15480,OBC-NCL,3817
15481,GEN,
15482,GEN-EWS,2259
15483,GEN,
15484,GEN,
15485,GEN-EWS,2260
15486,OBC-NCL,3818
15487,GEN,
15488,GEN,
15489,GEN,
15490,GEN-EWS,2261
15491,GEN,
15492,GEN,
15493,SC,499
15494,GEN,
15495,OBC-NCL,3819
15496,GEN,
15497,GEN,
15498,OBC-NCL,3820
15499,GEN,
15500,GEN,
15501,GEN,
15502,GEN,
15503,GEN,
15504,OBC-NCL,3821
15505,GEN,
15506,GEN-EWS,2262
15507,OBC-NCL,3822
15508,GEN,
15509,OBC-NCL,3823
15510,SC,500
15511,GEN,
15512,GEN-EWS,2263
15513,OBC-NCL,3824
15514,GEN,
15515,OBC-NCL,3825
15516,GEN,
15517,OBC-NCL,3826
15518,GEN,
15519,GEN,
15520,GEN,
15521,GEN,
15522,SC,501
15523,OBC-NCL,3827
15524,OBC-NCL,3828
15525,GEN,
15526,GEN,
15527,OBC-NCL,3829
15528,GEN,
15529,OBC-NCL,3830
15530,GEN,
15531,OBC-NCL,3831
15532,OBC-NCL,3832
15533,OBC-NCL,3833
15534,GEN-EWS,2264
15535,GEN,
15536,OBC-NCL,3834
15537,GEN,
15538,SC,502
15539,OBC-NCL,3835
15540,OBC-NCL,3836
15541,OBC-NCL,3837
15542,OBC-NCL,3838
15543,GEN-EWS,2265
15544,GEN,
15545,GEN,
15546,GEN-EWS,2266
15547,SC,503
15548,OBC-NCL,3839
15549,OBC-NCL,3840
15550,GEN-EWS,2267
15551,GEN-EWS,2268
15552,OBC-NCL,3841
15553,GEN,
15554,OBC-NCL,3842
15555,GEN,
15556,GEN-EWS,2269
15557,GEN-EWS,2270
15558,GEN,
15559,GEN,
15560,GEN-EWS,2271
15561,SC,504
15562,GEN,
15562,OBC-NCL,3843
15564,GEN,
15565,GEN,
15566,GEN,
15567,OBC-NCL,3844
15568,GEN,
15569,GEN-EWS,2272
15570,SC,505
15571,OBC-NCL,3845
15572,GEN,
15573,OBC-NCL,3846
15574,GEN-EWS,2273
15575,GEN,
15576,GEN,
15577,OBC-NCL,3847
15578,OBC-NCL,3848
15579,GEN-EWS,2274
15580,GEN-EWS,2275
15581,OBC-NCL,3849
15582,OBC-NCL,3850
15583,OBC-NCL,3851
15584,GEN,
15585,GEN,
15585,OBC-NCL,3852
15587,OBC-NCL,3853
15588,OBC-NCL,3854
15589,GEN,
15590,GEN-EWS,2276
15591,OBC-NCL,3855
15592,GEN,
15593,GEN,
15594,GEN,
15595,GEN-EWS,2277
15596,SC,506
15597,GEN,
15598,GEN,
15599,GEN-EWS,2278
15600,SC,507
15601,GEN,
15602,OBC-NCL,3856
15603,GEN,
15604,GEN,
15605,OBC-NCL,3857
15606,GEN,
15607,GEN,
15608,OBC-NCL,3858
15609,GEN-EWS,2279
15610,OBC-NCL,3859
15611,GEN-EWS,2280
15612,GEN-EWS,2281
15613,GEN,
15614,GEN-EWS,2282
15615,GEN,
15616,GEN-EWS,2283
15617,OBC-NCL,3860
15618,OBC-NCL,3861
15619,GEN,
15620,OBC-NCL,3862
15621,GEN,
15622,GEN-EWS,2284
15623,GEN-EWS,2285
15624,OBC-NCL,3863
15625,GEN-EWS,2286
15626,GEN,
15627,GEN,
15628,OBC-NCL,3864
15629,GEN,
15630,GEN-EWS,2287
15631,GEN,
15632,GEN-EWS,2288
15633,GEN,
15634,GEN-EWS,2289
15635,GEN,
15636,SC,508
15637,OBC-NCL,3865
15638,OBC-NCL,3866
15639,GEN-EWS,2290
15640,GEN,
15641,OBC-NCL,3867
15642,GEN-EWS,2291
15643,GEN,
15644,OBC-NCL,3868
15645,GEN,
15646,GEN,
15647,GEN,
15648,SC,509
15649,GEN,
15650,GEN,
15651,GEN,
15652,GEN-EWS,2292
15653,OBC-NCL,3869
15654,OBC-NCL,3870
15655,GEN,
15656,SC,510
15657,GEN-EWS,2293
15658,OBC-NCL,3871
15659,GEN-EWS,2294
15660,SC,511
15661,GEN-EWS,2295
15662,OBC-NCL,3872
15663,OBC-NCL,3873
15664,OBC-NCL,3874
15665,OBC-NCL,3875
15666,GEN,
15667,SC,512
15668,OBC-NCL,3876
15669,GEN,
15670,GEN,
15671,GEN,
15671,GEN-EWS,2296
15673,GEN,
15674,GEN,
15675,GEN,
15676,GEN,
15677,GEN,
15678,OBC-NCL,3877
15679,GEN,
15680,OBC-NCL,3878
15681,OBC-NCL,3879
15682,OBC-NCL,3880
15683,GEN,
15684,GEN-EWS,2297
15685,GEN,
15686,GEN,
15687,OBC-NCL,3881
15688,GEN,
15689,GEN-EWS,2298
15690,GEN-EWS,2299
15691,GEN,
15692,GEN,
15693,GEN,
15694,GEN,
15695,GEN-EWS,2300
15696,GEN,
15697,OBC-NCL,3882
15698,GEN,
15699,GEN,
15700,OBC-NCL,3883
15701,GEN,
15702,GEN,
15703,GEN,
15704,GEN,
15705,GEN-EWS,2301
15706,GEN-EWS,2302
15707,GEN-EWS,2303
15708,OBC-NCL,3884
15709,OBC-NCL,3885
15710,GEN,
15710,GEN-EWS,2304
15712,OBC-NCL,3886
15713,GEN,
15714,OBC-NCL,3887
15715,GEN,
15716,OBC-NCL,3888
15717,GEN-EWS,2305
15718,OBC-NCL,3889
15719,GEN-EWS,2306
15720,OBC-NCL,3890
15721,GEN,
15722,GEN,
15723,GEN,
15724,SC,513
15725,GEN,
15726,OBC-NCL,3891
15727,GEN-EWS,2307
15728,OBC-NCL,3892
15729,GEN,
15730,GEN-EWS,2308
15731,GEN,
15732,GEN-EWS,2309
15733,GEN,
15734,GEN,
15735,GEN-EWS,2310
15736,OBC-NCL,3893
15737,OBC-NCL,3894
15738,SC,514
15739,GEN,
15740,GEN,
15741,SC,515
15742,OBC-NCL,3895
15743,GEN-EWS,2311
15744,SC,516
15745,ST,148
15746,GEN,
15747,GEN,
15748,OBC-NCL,3896
15749,GEN-EWS,2312
15750,OBC-NCL,3897
15751,GEN,
15752,OBC-NCL,3898
15753,GEN,
15754,GEN,
15755,OBC-NCL,3899
15756,OBC-NCL,3900
15757,GEN,
15758,GEN-EWS,2313
15759,OBC-NCL,3901
15760,OBC-NCL,3902
15761,OBC-NCL,3903
15762,OBC-NCL,3904
15763,OBC-NCL,3905
15764,GEN,
15765,GEN,
15766,GEN,
15767,GEN,
15768,GEN,
15769,GEN,
15770,GEN,
15771,GEN-EWS,2314
15772,GEN,
15773,GEN,
15774,GEN,
15775,OBC-NCL,3906
15776,GEN,
15777,GEN,
15778,GEN,
15779,GEN,
15780,OBC-NCL,3907
15781,OBC-NCL,3908
15782,OBC-NCL,3909
15783,GEN,
15784,GEN,
15785,GEN,
15786,OBC-NCL,3910
15787,OBC-NCL,3911
15788,OBC-NCL,3912
15789,OBC-NCL,3913
15790,OBC-NCL,3914
15791,GEN,
15792,GEN,
15793,SC,517
15794,GEN,
15795,OBC-NCL,3915
15796,OBC-NCL,3916
15797,OBC-NCL,3917
15798,GEN-EWS,2315
15799,GEN-EWS,2316
15800,SC,518
15801,GEN,
15802,ST,149
15803,GEN,
15804,OBC-NCL,3918
15805,GEN-EWS,2317
15805,GEN-EWS,2317
15805,OBC-NCL,3919
15808,OBC-NCL,3920
15809,OBC-NCL,3921
15810,GEN-EWS,2319
15811,GEN,
15812,OBC-NCL,3922
15813,GEN-EWS,2320
15814,GEN,
15815,GEN,
15816,SC,519
15817,OBC-NCL,3923
15818,ST,150
15819,GEN,
15820,OBC-NCL,3924
15821,OBC-NCL,3925
15822,OBC-NCL,3926
15823,GEN,
15824,OBC-NCL,3927
15825,SC,520
15826,GEN,
15827,GEN,
15828,OBC-NCL,3928
15829,GEN,
15830,GEN,
15831,GEN,
15832,OBC-NCL,3929
15833,GEN,
15834,GEN-EWS,2321
15835,OBC-NCL,3930
15836,OBC-NCL,3931
15837,GEN,
15838,OBC-NCL,3932
15839,GEN,
15840,GEN-EWS,2322
15841,GEN,
15842,GEN-EWS,2323
15843,OBC-NCL,3933
15844,GEN,
15845,OBC-NCL,3934
15846,GEN,
15847,GEN-EWS,2324
15848,SC,521
15849,GEN-EWS,2325
15850,GEN,
15851,GEN,
15852,SC,522
15853,GEN,
15854,GEN,
15855,GEN,
15856,GEN-EWS,2326
15857,OBC-NCL,3935
15858,GEN,
15859,OBC-NCL,3936
15860,GEN,
15861,OBC-NCL,3937
15862,SC,523
15863,GEN,
15864,GEN,
15865,GEN,
15866,GEN,
15867,GEN-EWS,2327
15868,ST,151
15869,GEN-EWS,2328
15870,SC,524
15871,GEN,
15872,GEN,
15873,GEN,
15874,GEN,
15875,GEN,
15876,OBC-NCL,3938
15877,OBC-NCL,3939
15878,GEN-EWS,2329
15878,OBC-NCL,3940
15880,GEN,
15881,GEN-EWS,2330
15882,GEN,
15883,GEN,
15884,OBC-NCL,3941
15885,GEN,
15886,GEN-EWS,2331
15887,OBC-NCL,3942
15888,GEN,
15889,OBC-NCL,3943
15890,OBC-NCL,3944
15891,GEN,
15892,GEN,
15893,OBC-NCL,3946
15894,GEN,
15895,GEN,
15896,OBC-NCL,3947
15897,GEN-EWS,2332
15898,GEN,
15899,OBC-NCL,3948
15900,ST,152
15901,OBC-NCL,3949
15902,GEN-EWS,2333
15903,GEN,
15904,OBC-NCL,3950
15905,GEN,
15906,GEN,
15906,OBC-NCL,3951
15908,GEN,
15909,GEN,
15910,GEN,
15911,GEN,
15912,OBC-NCL,3952
15913,GEN-EWS,2334
15914,GEN,
15915,GEN,
15916,GEN,
15917,GEN,
15918,GEN,
15919,GEN,
15920,SC,525
15921,GEN,
15922,GEN,
15923,GEN-EWS,2335
15924,GEN-EWS,2336
15925,GEN-EWS,2337
15926,GEN,
15927,OBC-NCL,3953
15928,GEN,
15929,GEN,
15930,GEN,
15931,GEN,
15932,OBC-NCL,3954
15933,OBC-NCL,3955
15934,OBC-NCL,3956
15935,GEN-EWS,2338
15936,GEN,
15937,GEN-EWS,2339
15938,GEN,
15939,GEN,
15940,GEN,
15941,GEN-EWS,2340
15942,GEN-EWS,2341
15943,GEN,
15944,GEN,
15945,OBC-NCL,3957
15946,GEN-EWS,2342
15947,GEN-EWS,2343
15947,OBC-NCL,3958
15949,OBC-NCL,3959
15950,OBC-NCL,3960
15951,GEN,
15952,GEN,
15953,GEN-EWS,2344
15954,GEN,
15955,GEN,
15956,GEN,
15957,GEN-EWS,2345
15958,GEN,
15958,OBC-NCL,3961
15960,OBC-NCL,3962
15961,GEN,
15962,GEN,
15963,GEN,
15964,GEN,
15965,GEN,
15966,GEN-EWS,2346
15967,OBC-NCL,3963
15968,GEN,
15969,GEN,
15970,GEN,
15971,GEN-EWS,2347
15972,SC,526
15973,GEN-EWS,2348
15974,GEN,
15975,GEN-EWS,2349
15976,OBC-NCL,3964
15977,GEN,
15978,OBC-NCL,3965
15979,GEN-EWS,2350
15980,OBC-NCL,3966
15981,GEN,
15982,SC,527
15983,GEN,
15984,GEN,
15985,GEN,
15986,OBC-NCL,3967
15987,GEN,
15988,GEN-EWS,2351
15989,GEN,
15990,GEN,
15990,OBC-NCL,3968
15992,GEN,
15993,GEN-EWS,2352
15994,OBC-NCL,3969
15995,GEN,
15996,OBC-NCL,3970
15997,GEN,
15998,GEN,
15999,GEN,
16000,GEN,
16001,OBC-NCL,3971
16002,ST,153
16003,OBC-NCL,3972
16004,OBC-NCL,3973
16005,OBC-NCL,3974
16006,GEN,
16007,OBC-NCL,3975
16008,GEN-EWS,2353
16009,OBC-NCL,3976
16010,GEN,
16011,GEN,
16012,GEN,
16013,GEN,
16014,GEN,
16015,ST,154
16016,OBC-NCL,3977
16017,OBC-NCL,3978
16018,GEN,
16019,GEN,
16020,GEN,
16021,GEN,
16022,OBC-NCL,3979
16023,GEN,
16024,GEN,
16025,GEN,
16025,ST,155
16027,GEN-EWS,2354
16028,GEN,
16029,OBC-NCL,3980
16030,SC,528
16031,GEN,
16032,OBC-NCL,3981
16033,GEN,
16034,GEN,
16035,GEN,
16036,OBC-NCL,3982
16037,GEN-EWS,2355
16038,OBC-NCL,3983
16039,GEN,
16040,GEN,
16041,GEN-EWS,2356
16042,GEN,
16043,GEN,
16044,OBC-NCL,3984
16045,GEN,
16046,GEN,
16047,GEN,
16048,GEN,
16049,OBC-NCL,3985
16050,GEN,
16051,ST,156
16052,OBC-NCL,3986
16053,GEN,
16054,OBC-NCL,3987
16055,OBC-NCL,3988
16056,GEN-EWS,2358
16057,GEN,
16058,OBC-NCL,3989
16059,GEN-EWS,2359
16060,GEN,
16061,GEN,
16062,GEN-EWS,2360
16063,GEN,
16064,GEN-EWS,2361
16065,GEN,
16066,GEN,
16067,OBC-NCL,3990
16068,OBC-NCL,3991
16069,GEN,
16069,GEN,
16071,GEN-EWS,2362
16072,GEN,
16073,GEN,
16074,GEN-EWS,2363
16075,SC,529
16076,GEN,
16077,GEN,
16078,GEN-EWS,2364
16079,GEN-EWS,2365
16080,SC,530
16081,GEN,
16082,GEN,
16083,OBC-NCL,3992
16084,GEN,
16085,GEN,
16086,GEN,
16086,OBC-NCL,3993
16088,GEN,
16089,GEN,
16090,GEN,
16091,GEN,
16092,OBC-NCL,3994
16093,OBC-NCL,3995
16094,GEN,
16095,GEN,
16096,GEN-EWS,2366
16097,GEN-EWS,2367
16098,OBC-NCL,3996
16099,GEN,
16099,OBC-NCL,3997
16101,SC,531
16102,GEN,
16103,OBC-NCL,3998
16104,GEN,
16105,GEN,
16106,GEN,
16107,GEN-EWS,2368
16108,GEN,
16109,OBC-NCL,3999
16110,GEN,
16111,OBC-NCL,4000
16112,GEN,
16113,GEN,
16114,GEN,
16115,GEN,
16116,GEN-EWS,2369
16117,GEN,
16118,OBC-NCL,4001
16119,GEN,
16120,GEN-EWS,2370
16121,SC,532
16122,GEN-EWS,2371
16123,GEN-EWS,2372
16124,OBC-NCL,4002
16125,OBC-NCL,4003
16126,OBC-NCL,4004
16127,SC,533
16128,SC,534
16129,GEN,
16130,GEN,
16131,OBC-NCL,4005
16132,GEN,
16133,OBC-NCL,4006
16134,GEN,
16135,OBC-NCL,4007
16136,OBC-NCL,4008
16137,OBC-NCL,4009
16138,SC,535
16139,OBC-NCL,4010
16140,OBC-NCL,4011
16141,GEN,
16142,GEN-EWS,2373
16143,GEN,
16144,OBC-NCL,4012
16145,GEN,
16146,GEN,
16147,OBC-NCL,4013
16148,GEN-EWS,2374
16149,GEN,
16150,GEN,
16151,GEN,
16152,GEN,
16153,GEN,
16154,OBC-NCL,4014
16155,GEN,
16156,GEN,
16157,OBC-NCL,4015
16158,GEN,
16159,GEN-EWS,2375
16160,GEN,
16161,GEN,
16162,GEN-EWS,2376
16163,GEN-EWS,2377
16164,OBC-NCL,4016
16165,GEN,
16166,OBC-NCL,4017
16167,OBC-NCL,4018
16168,OBC-NCL,4019
16169,GEN-EWS,2378
16170,GEN-EWS,2379
16171,GEN,
16172,OBC-NCL,4020
16173,GEN-EWS,2380
16174,GEN,
16175,SC,536
16176,GEN-EWS,2381
16177,GEN,
16178,GEN-EWS,2382
16179,OBC-NCL,4021
16180,SC,537
16181,OBC-NCL,4022
16182,GEN,
16183,GEN,
16184,GEN,
16185,GEN,
16186,GEN,
16187,GEN-EWS,2383
16188,GEN,
16189,SC,538
16190,GEN,
16191,GEN,
16192,GEN,
16193,OBC-NCL,4024
16194,SC,539
16195,GEN-EWS,2384
16196,GEN,
16197,OBC-NCL,4025
16198,GEN,
16199,GEN,
16200,GEN,
16201,GEN,
16202,GEN,
16203,GEN-EWS,2385
16204,GEN,
16205,GEN,
16206,SC,540
16207,GEN-EWS,2386
16208,OBC-NCL,4026
16209,GEN-EWS,2387
16210,GEN,
16211,GEN,
16212,SC,541
16213,OBC-NCL,4027
16214,SC,542
16215,GEN-EWS,2388
16216,GEN,
16217,GEN-EWS,2389
16218,GEN-EWS,2390
16219,OBC-NCL,4028
16220,GEN-EWS,2391
16221,GEN,
16222,GEN,
16223,GEN,
16224,GEN,
16225,GEN,
16226,SC,543
16227,GEN,
16228,OBC-NCL,4029
16229,OBC-NCL,4030
16230,GEN-EWS,2392
16231,GEN,
16232,GEN-EWS,2393
16233,OBC-NCL,4031
16234,GEN-EWS,2394
16235,GEN,
16236,SC,544
16237,GEN,
16238,GEN,
16239,OBC-NCL,4032
16240,GEN-EWS,2395
16241,GEN-EWS,2396
16242,GEN-EWS,2397
16243,GEN,
16244,GEN,
16245,GEN-EWS,2398
16246,GEN,
16247,ST,157
16248,GEN-EWS,2399
16249,OBC-NCL,4033
16250,OBC-NCL,4034
16251,GEN,
16252,GEN-EWS,2400
16253,GEN,
16254,GEN,
16255,GEN,
16256,ST,158
16257,GEN,
16258,GEN-EWS,2402
16259,OBC-NCL,4035
16260,OBC-NCL,4036
16261,GEN,
16262,GEN-EWS,2403
16263,OBC-NCL,4037
16264,OBC-NCL,4038
16265,GEN,
16266,GEN,
16267,OBC-NCL,4039
16268,OBC-NCL,4040
16269,GEN,
16270,GEN,
16271,GEN,
16272,GEN,
16273,OBC-NCL,4041
16274,GEN,
16275,GEN,
16276,GEN,
16277,GEN-EWS,2404
16278,GEN,
16279,OBC-NCL,4042
16280,GEN,
16281,OBC-NCL,4043
16282,GEN,
16283,OBC-NCL,4044
16284,GEN-EWS,2405
16285,GEN,
16286,OBC-NCL,4045
16287,GEN-EWS,2406
16288,OBC-NCL,4046
16289,GEN,
16290,GEN-EWS,2407
16291,GEN,
16292,GEN,
16293,GEN,
16294,GEN-EWS,2408
16295,OBC-NCL,4047
16296,GEN-EWS,2409
16297,GEN,
16298,GEN,
16299,GEN,
16300,GEN-EWS,2410
16301,GEN,
16302,OBC-NCL,4048
16303,GEN,
16304,GEN,
16305,OBC-NCL,4049
16306,GEN,
16307,OBC-NCL,4050
16308,GEN,
16309,GEN,
16310,GEN,
16311,GEN,
16312,GEN,
16313,OBC-NCL,4051
16314,GEN,
16315,GEN-EWS,2411
16316,OBC-NCL,4052
16317,GEN,
16318,GEN-EWS,2412
16319,GEN,
16320,GEN,
16321,OBC-NCL,4053
16322,GEN,
16323,OBC-NCL,4054
16324,GEN,
16325,GEN,
16326,OBC-NCL,4055
16327,GEN-EWS,2413
16328,GEN,
16329,GEN,
16330,GEN-EWS,2414
16331,GEN-EWS,2415
16332,OBC-NCL,4056
16333,GEN-EWS,2416
16334,GEN-EWS,2417
16335,GEN,
16336,GEN,
16337,GEN,
16338,GEN,
16339,GEN,
16340,GEN,
16341,GEN,
16342,GEN-EWS,2418
16343,GEN-EWS,2419
16344,GEN,
16345,GEN,
16346,GEN,
16347,GEN,
16348,GEN,
16349,GEN,
16350,GEN-EWS,2420
16351,GEN,
16352,OBC-NCL,4057
16353,OBC-NCL,4058
16354,OBC-NCL,4059
16355,OBC-NCL,4060
16356,GEN,
16357,OBC-NCL,4061
16358,OBC-NCL,4062
16359,GEN-EWS,2421
16360,GEN,
16361,GEN,
16362,GEN,
16363,OBC-NCL,4063
16364,OBC-NCL,4064
16365,OBC-NCL,4065
16366,GEN,
16367,GEN-EWS,2422
16368,GEN-EWS,2423
16369,OBC-NCL,4066
16370,OBC-NCL,4067
16371,GEN-EWS,2424
16372,SC,545
16373,GEN,
16374,GEN,
16375,GEN-EWS,2425
16376,GEN,
16377,GEN,
16378,GEN,
16379,GEN,
16380,GEN,
16381,GEN,
16382,OBC-NCL,4068
16383,OBC-NCL,4069
16384,GEN,
16385,OBC-NCL,4070
16386,GEN,
16387,GEN,
16388,GEN-EWS,2426
16389,GEN,
16390,OBC-NCL,4071
16391,OBC-NCL,4072
16392,GEN-EWS,2427
16393,GEN,
16394,GEN-EWS,2428
16395,GEN-EWS,2429
16396,GEN,
16397,OBC-NCL,4073
16398,GEN,
16399,GEN,
16399,GEN,
16401,OBC-NCL,4074
16402,OBC-NCL,4075
16403,GEN,
16404,GEN,
16405,GEN,
16406,GEN,
16407,GEN,
16408,OBC-NCL,4076
16409,GEN,
16410,OBC-NCL,4077
16411,GEN,
16412,GEN-EWS,2430
16413,GEN,
16414,GEN,
16415,GEN,
16416,GEN,
16417,GEN,
16418,GEN,
16419,OBC-NCL,4078
16420,GEN-EWS,2431
16421,GEN,
16422,GEN,
16423,GEN,
16424,GEN,
16425,GEN,
16426,GEN,
16426,GEN-EWS,2432
16428,OBC-NCL,4079
16429,GEN,
16430,OBC-NCL,4080
16431,OBC-NCL,4081
16432,GEN-EWS,2433
16433,GEN,
16434,GEN,
16435,OBC-NCL,4082
16436,SC,547
16437,OBC-NCL,4083
16438,GEN,
16439,GEN,
16440,GEN-EWS,2434
16441,GEN,
16442,OBC-NCL,4084
16443,OBC-NCL,4085
16444,OBC-NCL,4086
16445,OBC-NCL,4087
16446,SC,548
16447,GEN,
16448,GEN,
16449,GEN-EWS,2435
16450,GEN,
16451,GEN,
16452,GEN-EWS,2436
16453,GEN,
16454,GEN,
16455,OBC-NCL,4088
16456,OBC-NCL,4089
16457,OBC-NCL,4090
16458,OBC-NCL,4091
16459,OBC-NCL,4092
16460,GEN,
16461,GEN,
16462,OBC-NCL,4093
16463,OBC-NCL,4094
16464,SC,549
16465,OBC-NCL,4095
16466,GEN,
16467,OBC-NCL,4096
16468,GEN-EWS,2437
16469,GEN,
16470,SC,550
16471,GEN,
16472,GEN,
16473,GEN-EWS,2438
16474,GEN,
16475,OBC-NCL,4097
16476,GEN,
16477,OBC-NCL,4098
16478,GEN,
16479,OBC-NCL,4099
16480,GEN-EWS,2439
16481,GEN,
16482,OBC-NCL,4100
16483,GEN,
16484,GEN-EWS,2440
16485,GEN-EWS,2441
16486,GEN,
16487,GEN,
16488,OBC-NCL,4101
16489,GEN,
16490,GEN,
16491,GEN-EWS,2442
16492,GEN,
16493,GEN,
16494,OBC-NCL,4102
16495,GEN,
16496,OBC-NCL,4103
16497,GEN,
16498,GEN,
16499,GEN,
16500,GEN,
16501,GEN,
16502,GEN-EWS,2443
16503,GEN-EWS,2444
16504,SC,551
16505,OBC-NCL,4104
16506,GEN,
16507,GEN,
16508,OBC-NCL,4105
16509,GEN-EWS,2445
16510,GEN,
16511,GEN,
16512,OBC-NCL,4106
16513,GEN-EWS,2446
16514,OBC-NCL,4107
16515,GEN,
16516,GEN-EWS,2447
16517,GEN,
16518,GEN-EWS,2448
16519,OBC-NCL,4108
16520,OBC-NCL,4109
16521,GEN,
16522,GEN,
16523,OBC-NCL,4110
16524,GEN-EWS,2449
16525,OBC-NCL,4111
16526,GEN,
16526,OBC-NCL,4112
16528,ST,159
16529,GEN,
16530,GEN,
16531,OBC-NCL,4113
16532,OBC-NCL,4114
16533,GEN,
16534,GEN,
16535,OBC-NCL,4115
16536,OBC-NCL,4116
16537,OBC-NCL,4117
16538,OBC-NCL,4118
16539,OBC-NCL,4119
16540,OBC-NCL,4120
16541,OBC-NCL,4121
16542,OBC-NCL,4122
16543,OBC-NCL,4123
16544,OBC-NCL,4124
16545,GEN-EWS,2450
16546,OBC-NCL,4125
16547,GEN-EWS,2451
16548,GEN,
16549,GEN-EWS,2452
16550,GEN,
16551,ST,160
16552,OBC-NCL,4126
16553,GEN,
16554,GEN,
16555,OBC-NCL,4127
16556,SC,552
16557,GEN-EWS,2453
16558,SC,553
16559,GEN,
16560,GEN-EWS,2454
16561,GEN,
16562,GEN,
16563,GEN,
16564,GEN,
16565,GEN,
16566,GEN,
16567,OBC-NCL,4128
16568,GEN,
16569,OBC-NCL,4129
16570,GEN-EWS,2455
16571,ST,161
16572,GEN-EWS,2456
16573,OBC-NCL,4130
16574,GEN,
16575,OBC-NCL,4131
16576,OBC-NCL,4132
16577,OBC-NCL,4133
16578,OBC-NCL,4134
16579,GEN-EWS,2457
16579,SC,554
16581,OBC-NCL,4135
16582,GEN,
16583,GEN,
16584,OBC-NCL,4136
16585,OBC-NCL,4137
16586,GEN-EWS,2458
16587,OBC-NCL,4138
16588,GEN,
16589,OBC-NCL,4139
16590,OBC-NCL,4140
16591,GEN,
16592,GEN,
16592,OBC-NCL,4142
16594,GEN,
16595,GEN-EWS,2459
16596,OBC-NCL,4143
16597,GEN,
16598,GEN,
16599,GEN,
16600,GEN,
16601,OBC-NCL,4144
16602,OBC-NCL,4145
16603,OBC-NCL,4146
16604,GEN,
16605,OBC-NCL,4147
16606,OBC-NCL,4148
16607,GEN,
16608,GEN,
16609,OBC-NCL,4149
16610,OBC-NCL,4150
16611,OBC-NCL,4151
16612,GEN,
16613,GEN,
16614,GEN-EWS,2460
16615,GEN-EWS,2461
16616,GEN-EWS,2462
16617,GEN,
16618,GEN,
16619,GEN,
16620,GEN,
16621,GEN,
16622,GEN,
16623,GEN-EWS,2463
16624,OBC-NCL,4152
16625,GEN,
16626,GEN,
16627,GEN,
16628,GEN,
16629,GEN,
16630,ST,162
16631,OBC-NCL,4153
16632,GEN,
16633,GEN,
16634,OBC-NCL,4154
16635,OBC-NCL,4155
16636,GEN,
16637,OBC-NCL,4156
16638,OBC-NCL,4157
16639,GEN,
16640,OBC-NCL,4158
16641,OBC-NCL,4159
16642,GEN-EWS,2464
16643,OBC-NCL,4160
16644,GEN,
16645,OBC-NCL,4161
16646,GEN-EWS,2465
16647,GEN-EWS,2466
16648,OBC-NCL,4162
16649,OBC-NCL,4163
16650,GEN-EWS,2467
16651,GEN-EWS,2468
16652,GEN,
16653,GEN,
16654,OBC-NCL,4164
16655,OBC-NCL,4165
16656,GEN,
16657,GEN,
16658,GEN,
16659,OBC-NCL,4166
16660,OBC-NCL,4167
16661,OBC-NCL,4168
16662,GEN-EWS,2469
16663,OBC-NCL,4169
16664,GEN,
16665,GEN,
16666,GEN,
16667,SC,555
16668,OBC-NCL,4170
16669,OBC-NCL,4171
16670,OBC-NCL,4172
16671,GEN,
16672,OBC-NCL,4173
16673,GEN-EWS,2470
16674,GEN,
16675,OBC-NCL,4174
16676,GEN,
16677,GEN,
16678,GEN-EWS,2471
16679,OBC-NCL,4175
16680,OBC-NCL,4176
16681,GEN-EWS,2472
16682,GEN,
16683,GEN-EWS,2473
16684,GEN,
16685,OBC-NCL,4177
16686,GEN-EWS,2474
16687,GEN,
16688,OBC-NCL,4178
16689,GEN,
16690,GEN-EWS,2475
16691,OBC-NCL,4179
16692,OBC-NCL,4180
16693,GEN,
16694,GEN,
16695,GEN,
16696,GEN,
16697,OBC-NCL,4181
16698,GEN-EWS,2476
16699,GEN,
16700,GEN-EWS,2477
16701,GEN,
16702,SC,556
16703,GEN,
16704,GEN-EWS,2478
16705,OBC-NCL,4182
16706,ST,163
16707,GEN,
16708,GEN,
16709,OBC-NCL,4183
16710,OBC-NCL,4184
16711,ST,164
16712,GEN,
16713,GEN,
16714,OBC-NCL,4185
16715,GEN,
16716,GEN,
16717,GEN,
16718,GEN,
16719,GEN,
16720,GEN,
16721,GEN,
16722,GEN,
16723,OBC-NCL,4186
16724,GEN,
16725,GEN,
16726,OBC-NCL,4187
16727,GEN,
16728,GEN-EWS,2479
16729,OBC-NCL,4188
16730,GEN,
16731,GEN,
16732,GEN,
16733,GEN,
16734,GEN-EWS,2480
16735,OBC-NCL,4189
16736,GEN-EWS,2481
16737,SC,557
16738,OBC-NCL,4190
16739,GEN,
16740,GEN,
16741,GEN-EWS,2483
16742,GEN,
16743,OBC-NCL,4191
16744,OBC-NCL,4192
16745,GEN,
16746,GEN-EWS,2484
16747,GEN,
16748,GEN,
16749,GEN,
16750,GEN,
16751,GEN,
16752,GEN,
16753,GEN,
16754,GEN,
16755,GEN-EWS,2485
16756,GEN,
16757,OBC-NCL,4193
16758,OBC-NCL,4194
16759,GEN,
16760,GEN,
16761,GEN,
16762,OBC-NCL,4195
16763,GEN,
16764,GEN-EWS,2486
16765,GEN,
16766,GEN-EWS,2487
16767,OBC-NCL,4196
16768,GEN,
16769,GEN,
16770,GEN,
16771,OBC-NCL,4197
16772,GEN,
16773,OBC-NCL,4198
16774,GEN-EWS,2488
16775,GEN,
16776,GEN,
16777,GEN,
16778,OBC-NCL,4199
16779,GEN,
16780,GEN,
16781,GEN,
16782,GEN,
16783,OBC-NCL,4200
16784,GEN,
16785,GEN,
16786,GEN,
16787,OBC-NCL,4201
16788,OBC-NCL,4202
16789,GEN,
16790,GEN,
16791,GEN,
16792,GEN-EWS,2489
16793,GEN,
16794,GEN,
16795,OBC-NCL,4203
16796,OBC-NCL,4204
16797,GEN,
16798,GEN,
16799,GEN,
16800,GEN-EWS,2490
16801,GEN,
16802,OBC-NCL,4205
16803,GEN,
16804,GEN,
16805,GEN,
16806,GEN,
16807,GEN,
16808,GEN-EWS,2491
16809,OBC-NCL,4206
16810,GEN,
16811,GEN-EWS,2492
16812,OBC-NCL,4207
16813,GEN,
16814,GEN,
16815,GEN-EWS,2493
16816,GEN,
16817,GEN-EWS,2494
16818,GEN,
16819,GEN,
16820,GEN,
16821,OBC-NCL,4208
16822,ST,165
16823,OBC-NCL,4209
16824,GEN,
16825,GEN,
16826,GEN-EWS,2495
16827,GEN,
16828,GEN,
16829,GEN,
16830,OBC-NCL,4210
16831,GEN,
16832,GEN,
16833,GEN,
16834,GEN,
16835,GEN-EWS,2496
16836,OBC-NCL,4211
16837,GEN,
16838,GEN,
16839,GEN,
16840,GEN,
16841,OBC-NCL,4212
16842,OBC-NCL,4213
16843,OBC-NCL,4214
16844,GEN,
16845,GEN,
16846,GEN,
16847,GEN-EWS,2497
16848,OBC-NCL,4215
16849,GEN,
16850,GEN,
16851,GEN-EWS,2498
16852,GEN,
16853,GEN,
16854,GEN,
16855,GEN,
16856,GEN,
16857,GEN,
16858,GEN,
16859,GEN,
16860,GEN,
16861,OBC-NCL,4216
16862,GEN,
16863,OBC-NCL,4217
16864,GEN-EWS,2499
16865,SC,558
16866,OBC-NCL,4218
16867,GEN,
16868,GEN-EWS,2500
16869,GEN,
16870,GEN,
16871,OBC-NCL,4219
16872,OBC-NCL,4220
16873,GEN-EWS,2501
16874,GEN,
16875,OBC-NCL,4221
16876,GEN,
16877,OBC-NCL,4222
16878,OBC-NCL,4223
16879,GEN,
16880,SC,559
16881,GEN,
16882,OBC-NCL,4224
16883,GEN,
16884,GEN-EWS,2502
16885,GEN,
16885,GEN,
16887,GEN,
16888,GEN,
16889,GEN,
16890,GEN,
16891,GEN,
16892,GEN,
16892,OBC-NCL,4225
16894,OBC-NCL,4226
16895,GEN,
16896,SC,560
16897,OBC-NCL,4227
16898,GEN,
16899,OBC-NCL,4228
16900,GEN,
16901,OBC-NCL,4229
16902,GEN,
16903,OBC-NCL,4230
16904,GEN,
16905,GEN,
16906,OBC-NCL,4231
16907,GEN,
16908,GEN,
16909,GEN-EWS,2503
16910,GEN,
16911,OBC-NCL,4232
16912,GEN,
16913,GEN,
16914,GEN,
16915,OBC-NCL,4233
16916,OBC-NCL,4234
16917,SC,561
16918,GEN,
16919,GEN,
16920,GEN-EWS,2504
16921,GEN-EWS,2505
16922,OBC-NCL,4235
16923,GEN,
16924,GEN,
16925,GEN,
16926,GEN,
16927,GEN-EWS,2506
16928,GEN,
16929,GEN,
16930,OBC-NCL,4236
16931,GEN,
16932,ST,166
16933,GEN,
16934,OBC-NCL,4237
16935,GEN,
16936,GEN,
16937,OBC-NCL,4238
16938,GEN,
16939,GEN-EWS,2507
16940,OBC-NCL,4239
16941,GEN,
16942,GEN,
16943,GEN,
16944,GEN-EWS,2508
16945,GEN,
16946,SC,562
16947,GEN-EWS,2509
16948,GEN,
16949,GEN-EWS,2510
16950,OBC-NCL,4240
16951,SC,563
16952,GEN-EWS,2511
16953,GEN,
16954,GEN-EWS,2512
16955,OBC-NCL,4241
16956,SC,564
16957,GEN,
16958,GEN,
16959,GEN-EWS,2513
16960,OBC-NCL,4242
16961,GEN,
16962,GEN,
16962,OBC-NCL,4243
16964,OBC-NCL,4244
16965,GEN,
16966,SC,565
16967,OBC-NCL,4245
16968,GEN-EWS,2514
16969,GEN,
16970,GEN-EWS,2515
16971,GEN,
16972,GEN-EWS,2516
16973,GEN,
16974,GEN-EWS,2517
16975,GEN,
16976,GEN,
16977,GEN,
16978,GEN,
16979,SC,566
16980,OBC-NCL,4246
16981,GEN-EWS,2518
16982,OBC-NCL,4247
16983,OBC-NCL,4248
16984,OBC-NCL,4249
16985,OBC-NCL,4250
16986,GEN-EWS,2519
16987,GEN,
16988,OBC-NCL,4251
16989,GEN,
16990,GEN,
16991,GEN-EWS,2520
16992,OBC-NCL,4252
16993,GEN,
16994,OBC-NCL,4253
16995,GEN-EWS,2521
16996,OBC-NCL,4254
16997,OBC-NCL,4255
16998,GEN,
16999,GEN,
17000,GEN,
17001,GEN-EWS,2522
17002,GEN,
17003,GEN-EWS,2523
17004,GEN,
17004,GEN-EWS,2524
17006,OBC-NCL,4256
17007,GEN-EWS,2525
17008,GEN,
17009,GEN-EWS,2526
17010,GEN,
17011,OBC-NCL,4257
17012,GEN-EWS,2527
17013,GEN,
17014,OBC-NCL,4258
17015,GEN,
17015,GEN-EWS,2528
17017,GEN-EWS,2529
17018,GEN-EWS,2530
17019,GEN,
17020,OBC-NCL,4259
17021,GEN,
17022,GEN-EWS,2531
17023,GEN,
17024,GEN-EWS,2532
17025,GEN,
17026,GEN-EWS,2533
17027,GEN,
17028,GEN,
17029,GEN,
17030,GEN,
17031,OBC-NCL,4260
17032,GEN,
17033,GEN,
17034,GEN,
17034,GEN,
17036,GEN-EWS,2534
17037,GEN,
17038,GEN-EWS,2535
17039,OBC-NCL,4261
17040,GEN-EWS,2536
17041,GEN,
17042,OBC-NCL,4262
17043,OBC-NCL,4263
17044,OBC-NCL,4264
17045,OBC-NCL,4265
17046,SC,568
17047,GEN-EWS,2537
17048,OBC-NCL,4266
17049,OBC-NCL,4267
17050,ST,167
17051,OBC-NCL,4268
17052,GEN-EWS,2538
17053,GEN,
17054,GEN,
17055,OBC-NCL,4269
17056,OBC-NCL,4270
17057,GEN,
17058,OBC-NCL,4271
17059,OBC-NCL,4272
17060,OBC-NCL,4273
17061,GEN-EWS,2539
17062,GEN,
17063,GEN-EWS,2540
17064,OBC-NCL,4274
17065,OBC-NCL,4275
17066,GEN,
17067,GEN,
17068,OBC-NCL,4276
17069,ST,168
17070,GEN,
17071,GEN,
17072,GEN,
17073,OBC-NCL,4277
17074,GEN,
17075,GEN-EWS,2541
17076,GEN,
17077,OBC-NCL,4278
17078,SC,569
17079,GEN,
17079,OBC-NCL,4279
17081,GEN,
17082,OBC-NCL,4280
17083,OBC-NCL,4281
17084,OBC-NCL,4282
17085,OBC-NCL,4283
17086,OBC-NCL,4284
17087,OBC-NCL,4285
17088,OBC-NCL,4286
17089,OBC-NCL,4287
17090,OBC-NCL,4288
17091,OBC-NCL,4289
17092,GEN,
17093,GEN-EWS,2542
17094,GEN,
17095,GEN,
17096,GEN,
17097,SC,570
17098,GEN,
17099,GEN,
17100,GEN,
17101,GEN,
17102,SC,571
17103,OBC-NCL,4290
17104,GEN,
17105,OBC-NCL,4291
17106,GEN,
17107,GEN,
17108,OBC-NCL,4292
17109,GEN,
17110,SC,572
17111,GEN,
17112,SC,573
17113,OBC-NCL,4293
17114,OBC-NCL,4294
17115,GEN,
17116,GEN,
17117,GEN,
17118,GEN,
17119,SC,574
17120,GEN,
17121,OBC-NCL,4295
17122,GEN-EWS,2543
17123,GEN,
17124,GEN,
17125,GEN,
17126,GEN,
17127,GEN,
17128,GEN,
17129,GEN,
17130,GEN,
17131,GEN,
17132,GEN-EWS,2544
17133,GEN,
17134,OBC-NCL,4296
17135,OBC-NCL,4297
17136,GEN,
17137,GEN,
17138,GEN,
17139,GEN,
17140,OBC-NCL,4298
17141,GEN,
17142,GEN,
17143,GEN,
17144,OBC-NCL,4299
17145,OBC-NCL,4300
17146,GEN,
17147,GEN-EWS,2545
17148,GEN-EWS,2546
17149,GEN,
17150,GEN,
17151,GEN,
17152,GEN-EWS,2547
17153,OBC-NCL,4301
17154,GEN,
17155,GEN,
17156,GEN,
17157,OBC-NCL,4302
17158,OBC-NCL,4303
17159,GEN,
17160,GEN,
17161,GEN,
17162,OBC-NCL,4304
17163,GEN,
17164,GEN,
17165,OBC-NCL,4305
17166,GEN-EWS,2548
17167,SC,575
17168,GEN-EWS,2549
17169,GEN,
17170,GEN-EWS,2550
17171,OBC-NCL,4306
17172,SC,576
17173,OBC-NCL,4307
17174,GEN,
17175,GEN,
17176,GEN,
17177,GEN-EWS,2551
17178,OBC-NCL,4308
17179,OBC-NCL,4309
17180,OBC-NCL,4310
17181,GEN,
17182,OBC-NCL,4311
17183,GEN,
17184,GEN,
17185,OBC-NCL,4312
17186,OBC-NCL,4313
17187,GEN,
17188,OBC-NCL,4314
17189,GEN,
17190,OBC-NCL,4315
17191,GEN-EWS,2552
17192,GEN,
17193,GEN,
17194,GEN,
17195,SC,577
17196,GEN,
17197,ST,169
17198,GEN,
17199,GEN,
17200,GEN,
17201,GEN,
17202,OBC-NCL,4316
17203,OBC-NCL,4317
17204,GEN-EWS,2553
17205,GEN,
17206,GEN,
17207,GEN,
17208,OBC-NCL,4318
17209,GEN-EWS,2554
17210,GEN-EWS,2555
17211,OBC-NCL,4319
17212,GEN,
17213,GEN,
17214,GEN,
17215,GEN,
17216,SC,578
17217,GEN-EWS,2556
17218,OBC-NCL,4320
17219,OBC-NCL,4321
17220,GEN,
17221,OBC-NCL,4322
17222,GEN,
17223,GEN-EWS,2557
17224,GEN,
17225,OBC-NCL,4323
17226,GEN-EWS,2558
17227,SC,579
17228,GEN,
17229,OBC-NCL,4324
17230,GEN,
17231,GEN,
17232,GEN,
17233,GEN,
17234,GEN,
17235,GEN,
17236,GEN,
17237,GEN,
17238,ST,170
17239,OBC-NCL,4325
17240,GEN,
17241,OBC-NCL,4326
17242,OBC-NCL,4327
17243,GEN,
17244,GEN,
17245,GEN,
17246,GEN,
17247,GEN,
17248,GEN-EWS,2559
17249,GEN,
17250,GEN,
17251,GEN,
17252,GEN,
17253,GEN,
17254,SC,580
17255,SC,581
17256,GEN-EWS,2560
17257,OBC-NCL,4328
17258,OBC-NCL,4329
17259,OBC-NCL,4330
17260,GEN,
17261,OBC-NCL,4331
17262,GEN,
17263,ST,171
17264,GEN,
17265,OBC-NCL,4332
17266,OBC-NCL,4333
17267,OBC-NCL,4334
17268,OBC-NCL,4335
17269,OBC-NCL,4336
17270,OBC-NCL,4337
17271,OBC-NCL,4338
17272,GEN-EWS,2561
17273,GEN,
17274,GEN,
17275,OBC-NCL,4339
17276,GEN-EWS,2562
17277,GEN,
17278,GEN,
17279,OBC-NCL,4340
17280,GEN,
17281,OBC-NCL,4341
17282,GEN-EWS,2563
17283,OBC-NCL,4342
17284,GEN,
17285,SC,582
17286,OBC-NCL,4343
17287,GEN,
17288,GEN,
17289,OBC-NCL,4344
17290,GEN,
17291,GEN-EWS,2564
17292,GEN-EWS,2565
17293,OBC-NCL,4345
17294,GEN-EWS,2566
17295,OBC-NCL,4346
17296,GEN,
17297,GEN,
17298,OBC-NCL,4347
17299,GEN-EWS,2567
17300,GEN-EWS,2568
17301,OBC-NCL,4348
17302,GEN,
17303,GEN,
17304,GEN-EWS,2569
17305,GEN,
17306,OBC-NCL,4349
17307,GEN,
17308,GEN,
17309,GEN-EWS,2570
17310,GEN-EWS,2571
17311,GEN-EWS,2572
17312,GEN,
17313,GEN,
17314,OBC-NCL,4350
17315,GEN,
17316,OBC-NCL,4351
17317,OBC-NCL,4352
17318,GEN-EWS,2573
17319,GEN-EWS,2574
17320,GEN,
17321,GEN,
17322,GEN-EWS,2575
17323,GEN,
17324,SC,583
17325,OBC-NCL,4353
17326,GEN,
17327,GEN,
17328,GEN-EWS,2576
17329,OBC-NCL,4354
17330,GEN,
17331,GEN,
17332,GEN,
17333,GEN,
17333,GEN,
17335,GEN,
17336,OBC-NCL,4355
17337,GEN-EWS,2577
17338,GEN-EWS,2578
17339,GEN,
17340,GEN,
17341,GEN,
17342,GEN,
17343,OBC-NCL,4356
17344,GEN,
17345,GEN,
17346,GEN-EWS,2579
17347,GEN,
17348,GEN-EWS,2580
17349,OBC-NCL,4357
17350,GEN,
17351,OBC-NCL,4358
17352,SC,584
17353,GEN,
17354,SC,585
17355,GEN,
17356,OBC-NCL,4359
17357,GEN,
17358,GEN,
17359,GEN,
17360,GEN,
17361,OBC-NCL,4360
17362,OBC-NCL,4361
17363,OBC-NCL,4362
17364,GEN,
17365,OBC-NCL,4363
17366,GEN,
17367,OBC-NCL,4364
17368,GEN-EWS,2581
17369,GEN,
17370,GEN,
17371,OBC-NCL,4365
17372,GEN,
17373,GEN-EWS,2582
17374,GEN,
17375,GEN,
17376,GEN-EWS,2583
17377,GEN-EWS,2584
17378,GEN-EWS,2585
17379,GEN,
17380,GEN,
17381,OBC-NCL,4366
17382,GEN,
17383,ST,172
17384,OBC-NCL,4367
17385,OBC-NCL,4368
17386,GEN-EWS,2586
17387,GEN-EWS,2587
17388,GEN-EWS,2588
17389,GEN,
17390,ST,173
17391,GEN,
17392,GEN,
17393,OBC-NCL,4369
17394,GEN-EWS,2589
17395,GEN-EWS,2590
17396,GEN-EWS,2591
17397,GEN,
17398,OBC-NCL,4370
17399,GEN,
17400,GEN,
17400,GEN-EWS,2592
17402,GEN,
17403,GEN,
17404,GEN,
17405,GEN,
17406,SC,586
17407,GEN-EWS,2593
17408,GEN,
17409,GEN,
17410,GEN-EWS,2594
17411,GEN,
17412,GEN,
17413,GEN,
17414,OBC-NCL,4371
17415,GEN-EWS,2595
17416,SC,587
17417,GEN,
17418,GEN-EWS,2596
17419,GEN,
17420,OBC-NCL,4372
17421,OBC-NCL,4373
17422,SC,588
17423,GEN-EWS,2597
17423,OBC-NCL,4374
17425,GEN-EWS,2598
17426,GEN,
17427,GEN,
17428,GEN,
17429,GEN,
17430,GEN,
17431,GEN-EWS,2599
17432,GEN,
17433,GEN,
17434,OBC-NCL,4375
17435,GEN,
17436,OBC-NCL,4376
17437,GEN-EWS,2600
17438,GEN-EWS,2601
17439,OBC-NCL,4377
17440,OBC-NCL,4378
17441,GEN,
17442,GEN-EWS,2602
17443,GEN,
17444,OBC-NCL,4379
17445,GEN-EWS,2603
17446,GEN,
17447,GEN,
17448,GEN,
17449,GEN,
17450,GEN,
17451,OBC-NCL,4380
17452,GEN-EWS,2604
17453,GEN,
17454,SC,589
17455,GEN,
17456,OBC-NCL,4381
17457,GEN,
17458,OBC-NCL,4382
17459,SC,590
17460,GEN,
17461,GEN,
17462,GEN,
17463,SC,591
17464,GEN,
17465,OBC-NCL,4383
17466,GEN,
17467,OBC-NCL,4384
17468,OBC-NCL,4385
17469,OBC-NCL,4386
17470,OBC-NCL,4387
17471,GEN,
17472,OBC-NCL,4388
17473,GEN,
17474,OBC-NCL,4389
17475,OBC-NCL,4390
17476,GEN,
17477,OBC-NCL,4391
17478,SC,592
17479,GEN,
17480,GEN-EWS,2605
17481,GEN,
17482,GEN-EWS,2606
17483,GEN,
17484,OBC-NCL,4392
17485,OBC-NCL,4393
17486,GEN,
17487,GEN,
17488,GEN-EWS,2607
17489,GEN,
17490,OBC-NCL,4394
17491,GEN,
17492,GEN,
17493,GEN,
17494,OBC-NCL,4395
17495,OBC-NCL,4396
17496,OBC-NCL,4397
17497,GEN,
17498,GEN-EWS,2608
17499,GEN,
17500,OBC-NCL,4398
17501,SC,593
17502,OBC-NCL,4399
17503,GEN-EWS,2609
17504,GEN,
17505,OBC-NCL,4400
17506,OBC-NCL,4401
17507,OBC-NCL,4402
17508,OBC-NCL,4403
17509,OBC-NCL,4404
17510,GEN-EWS,2610
17511,GEN-EWS,2611
17512,OBC-NCL,4405
17513,OBC-NCL,4406
17514,GEN,
17515,GEN,
17516,SC,594
17517,GEN-EWS,2612
17518,GEN,
17519,OBC-NCL,4407
17520,OBC-NCL,4408
17521,GEN,
17522,OBC-NCL,4409
17523,GEN,
17524,OBC-NCL,4410
17525,GEN,
17526,GEN,
17527,GEN,
17528,GEN-EWS,2613
17529,GEN,
17530,GEN-EWS,2614
17531,OBC-NCL,4411
17532,GEN,
17533,GEN-EWS,2615
17534,GEN,
17535,OBC-NCL,4412
17536,OBC-NCL,4413
17537,GEN,
17538,OBC-NCL,4414
17539,GEN-EWS,2616
17540,GEN-EWS,2617
17541,OBC-NCL,4415
17542,GEN-EWS,2618
17543,GEN,
17544,OBC-NCL,4416
17545,OBC-NCL,4417
17546,OBC-NCL,4418
17547,GEN,
17548,OBC-NCL,4419
17549,GEN,
17550,GEN,
17551,SC,595
17552,GEN-EWS,2619
17553,GEN,
17554,OBC-NCL,4420
17555,GEN,
17556,GEN-EWS,2620
17557,OBC-NCL,4421
17558,GEN,
17559,GEN,
17560,GEN,
17561,OBC-NCL,4422
17562,GEN-EWS,2621
17563,GEN-EWS,2622
17564,GEN,
17565,GEN-EWS,2623
17566,GEN,
17567,OBC-NCL,4423
17568,GEN-EWS,2624
17569,GEN,
17570,OBC-NCL,4424
17571,OBC-NCL,4425
17572,GEN,
17573,GEN-EWS,2625
17574,GEN-EWS,2626
17575,GEN-EWS,2627
17576,OBC-NCL,4426
17577,GEN,
17578,SC,596
17579,OBC-NCL,4427
17580,OBC-NCL,4428
17581,GEN,
17582,GEN,
17583,GEN,
17584,OBC-NCL,4429
17585,GEN,
17586,GEN-EWS,2628
17587,OBC-NCL,4430
17588,GEN,
17589,OBC-NCL,4431
17590,GEN-EWS,2629
17591,GEN,
17592,SC,597
17593,OBC-NCL,4432
17594,GEN-EWS,2630
17595,GEN-EWS,2631
17596,OBC-NCL,4433
17597,GEN-EWS,2632
17598,GEN,
17599,GEN-EWS,2633
17600,GEN,
17601,OBC-NCL,4434
17602,GEN,
17603,GEN-EWS,2634
17604,OBC-NCL,4435
17605,GEN-EWS,2635
17606,GEN-EWS,2636
17607,GEN,
17608,GEN,
17609,GEN,
17610,GEN-EWS,2637
17611,GEN,
17612,GEN,
17613,GEN,
17614,GEN,
17615,GEN-EWS,2638
17616,GEN-EWS,2639
17617,OBC-NCL,4436
17618,OBC-NCL,4437
17619,OBC-NCL,4438
17620,GEN-EWS,2640
17621,GEN-EWS,2641
17622,GEN,
17623,GEN,
17624,OBC-NCL,4439
17625,OBC-NCL,4440
17626,GEN,
17627,OBC-NCL,4441
17628,GEN-EWS,2642
17629,OBC-NCL,4442
17630,GEN,
17631,GEN-EWS,2643
17632,GEN,
17633,OBC-NCL,4443
17634,SC,598
17635,GEN,
17636,OBC-NCL,4444
17637,OBC-NCL,4445
17638,OBC-NCL,4446
17639,GEN,
17640,GEN,
17641,SC,599
17642,GEN,
17643,SC,600
17644,GEN,
17645,GEN,
17646,OBC-NCL,4447
17647,GEN-EWS,2644
17648,OBC-NCL,4448
17649,OBC-NCL,4449
17650,OBC-NCL,4450
17651,OBC-NCL,4451
17652,OBC-NCL,4452
17653,SC,601
17654,OBC-NCL,4453
17655,GEN,
17656,GEN,
17657,OBC-NCL,4454
17658,GEN-EWS,2645
17659,GEN,
17660,GEN,
17661,GEN,
17662,OBC-NCL,4455
17663,GEN,
17664,GEN,
17665,GEN,
17666,OBC-NCL,4456
17667,GEN,
17668,GEN,
17669,OBC-NCL,4457
17670,OBC-NCL,4458
17671,GEN,
17672,GEN,
17673,OBC-NCL,4459
17674,GEN-EWS,2646
17675,GEN,
17676,GEN,
17677,GEN,
17678,GEN,
17679,GEN,
17680,SC,603
17681,GEN,
17682,GEN,
17683,GEN,
17684,GEN,
17685,OBC-NCL,4460
17686,GEN,
17687,GEN,
17688,GEN-EWS,2647
17689,GEN,
17690,GEN,
17691,GEN,
17692,GEN,
17693,GEN,
17694,GEN,
17695,GEN-EWS,2648
17696,GEN,
17697,OBC-NCL,4461
17698,GEN,
17699,GEN,
17700,OBC-NCL,4462
17701,GEN,
17702,OBC-NCL,4463
17703,GEN,
17704,GEN,
17705,GEN,
17706,GEN,
17707,OBC-NCL,4464
17708,SC,604
17709,OBC-NCL,4465
17710,OBC-NCL,4466
17711,OBC-NCL,4467
17712,GEN,
17713,OBC-NCL,4468
17714,GEN,
17715,OBC-NCL,4469
17716,OBC-NCL,4470
17717,GEN,
17718,OBC-NCL,4471
17719,GEN-EWS,2649
17720,OBC-NCL,4472
17721,GEN,
17722,GEN,
17723,GEN-EWS,2650
17724,OBC-NCL,4473
17725,OBC-NCL,4474
17726,GEN,
17727,GEN,
17728,OBC-NCL,4476
17729,GEN,
17730,GEN,
17731,OBC-NCL,4477
17732,GEN,
17733,GEN-EWS,2651
17734,OBC-NCL,4478
17735,GEN,
17736,GEN,
17737,GEN,
17738,GEN,
17739,SC,605
17740,GEN,
17741,GEN,
17742,GEN,
17743,GEN,
17744,OBC-NCL,4479
17745,GEN-EWS,2652
17746,OBC-NCL,4480
17747,GEN,
17748,OBC-NCL,4481
17749,GEN-EWS,2653
17750,GEN,
17751,GEN,
17752,OBC-NCL,4482
17753,GEN,
17754,GEN-EWS,2654
17755,OBC-NCL,4483
17756,GEN,
17757,OBC-NCL,4484
17758,GEN-EWS,2655
17759,OBC-NCL,4485
17760,GEN-EWS,2656
17761,GEN,
17762,GEN-EWS,2657
17763,GEN,
17764,GEN,
17765,GEN,
17766,ST,174
17767,GEN,
17768,OBC-NCL,4486
17769,GEN,
17770,GEN,
17771,OBC-NCL,4487
17772,GEN,
17773,OBC-NCL,4488
17774,GEN-EWS,2658
17775,OBC-NCL,4489
17776,OBC-NCL,4490
17777,GEN-EWS,2659
17778,GEN,
17779,GEN-EWS,2660
17780,OBC-NCL,4491
17781,GEN,
17782,GEN,
17782,OBC-NCL,4492
17784,GEN-EWS,2661
17785,OBC-NCL,4493
17786,OBC-NCL,4494
17787,GEN-EWS,2662
17788,GEN,
17789,OBC-NCL,4495
17790,GEN-EWS,2663
17791,GEN-EWS,2664
17792,GEN,
17793,OBC-NCL,4496
17794,OBC-NCL,4497
17795,OBC-NCL,4498
17796,GEN,
17797,OBC-NCL,4499
17798,GEN,
17799,GEN,
17800,SC,606
17801,GEN-EWS,2665
17801,OBC-NCL,4500
17803,GEN-EWS,2666
17804,OBC-NCL,4501
17805,GEN-EWS,2667
17806,OBC-NCL,4502
17807,GEN-EWS,2668
17808,GEN,
17809,GEN,
17810,GEN,
17811,GEN,
17812,GEN,
17813,GEN,
17814,OBC-NCL,4503
17815,GEN,
17816,GEN,
17817,GEN-EWS,2669
17818,GEN-EWS,2670
17819,GEN,
17820,GEN,
17821,GEN,
17822,GEN,
17823,GEN,
17824,GEN,
17825,GEN,
17826,GEN,
17827,GEN,
17828,OBC-NCL,4504
17829,OBC-NCL,4505
17830,GEN,
17831,GEN,
17832,SC,607
17833,GEN,
17833,GEN-EWS,2671
17835,GEN,
17836,GEN,
17837,GEN-EWS,2672
17838,OBC-NCL,4506
17839,SC,608
17840,OBC-NCL,4507
17841,OBC-NCL,4508
17842,GEN,
17843,OBC-NCL,4509
17844,GEN-EWS,2673
17845,OBC-NCL,4510
17846,GEN,
17847,GEN,
17847,GEN-EWS,2674
17849,GEN,
17850,SC,609
17851,GEN,
17852,OBC-NCL,4511
17853,GEN,
17854,GEN,
17855,GEN,
17856,OBC-NCL,4512
17857,OBC-NCL,4513
17858,OBC-NCL,4514
17859,OBC-NCL,4515
17860,GEN,
17861,GEN,
17862,GEN,
17863,GEN,
17864,GEN,
17865,GEN,
17866,GEN,
17867,GEN-EWS,2675
17868,SC,610
17869,OBC-NCL,4516
17870,SC,611
17871,OBC-NCL,4517
17872,OBC-NCL,4518
17873,GEN,
17874,GEN-EWS,2676
17875,OBC-NCL,4519
17876,OBC-NCL,4520
17877,OBC-NCL,4521
17878,GEN-EWS,2677
17879,OBC-NCL,4522
17880,GEN-EWS,2678
17881,GEN,
17882,GEN-EWS,2679
17883,OBC-NCL,4523
17884,GEN-EWS,2680
17885,GEN,
17886,OBC-NCL,4524
17887,OBC-NCL,4525
17888,GEN,
17889,GEN-EWS,2681
17890,GEN,
17891,GEN-EWS,2682
17892,GEN,
17893,OBC-NCL,4526
17894,OBC-NCL,4527
17895,SC,612
17896,GEN-EWS,2683
17897,OBC-NCL,4528
17898,GEN,
17899,GEN,
17900,GEN,
17901,GEN,
17902,OBC-NCL,4529
17903,SC,613
17904,GEN,
17905,GEN,
17906,GEN-EWS,2684
17907,GEN,
17908,GEN-EWS,2685
17909,ST,175
17910,GEN,
17911,GEN,
17912,GEN,
17913,OBC-NCL,4530
17914,GEN-EWS,2686
17915,GEN,
17916,GEN,
17917,GEN-EWS,2687
17918,ST,176
17919,OBC-NCL,4531
17920,OBC-NCL,4532
17921,SC,614
17922,GEN,
17923,GEN,
17924,OBC-NCL,4533
17925,OBC-NCL,4534
17926,SC,615
17927,GEN,
17928,GEN,
17929,OBC-NCL,4535
17930,GEN-EWS,2688
17931,GEN-EWS,2689
17932,GEN,
17933,GEN,
17934,GEN,
17934,GEN,
17936,OBC-NCL,4536
17937,OBC-NCL,4537
17938,GEN,
17939,GEN,
17940,GEN,
17941,GEN-EWS,2690
17942,OBC-NCL,4538
17943,OBC-NCL,4539
17944,SC,616
17945,OBC-NCL,4540
17946,GEN,
17947,OBC-NCL,4541
17948,GEN-EWS,2691
17949,GEN-EWS,2692
17950,GEN,
17951,SC,617
17952,GEN,
17953,GEN-EWS,2693
17954,GEN,
17955,GEN,
17956,OBC-NCL,4542
17957,GEN,
17958,GEN-EWS,2694
17959,GEN-EWS,2695
17960,GEN-EWS,2696
17961,GEN,
17962,GEN,
17963,GEN,
17964,OBC-NCL,4543
17965,OBC-NCL,4544
17966,GEN,
17967,GEN-EWS,2697
17968,GEN,
17969,GEN,
17970,SC,618
17971,GEN,
17972,GEN,
17973,GEN-EWS,2698
17974,GEN,
17975,OBC-NCL,4545
17976,GEN,
17976,SC,619
17978,GEN,
17979,GEN,
17980,GEN-EWS,2699
17981,OBC-NCL,4546
17982,GEN,
17983,GEN,
17984,OBC-NCL,4547
17985,GEN-EWS,2700
17986,GEN-EWS,2701
17987,OBC-NCL,4548
17988,OBC-NCL,4549
17989,OBC-NCL,4550
17990,GEN-EWS,2702
17991,GEN-EWS,2703
17992,GEN-EWS,2704
17993,GEN,
17994,GEN,
17995,OBC-NCL,4551
17996,OBC-NCL,4552
17997,GEN-EWS,2705
17998,GEN,
17999,OBC-NCL,4553
18000,OBC-NCL,4554
18001,OBC-NCL,4555
18002,SC,620
18003,OBC-NCL,4556
18004,GEN,
18005,GEN,
18006,OBC-NCL,4557
18007,OBC-NCL,4558
18008,GEN,
18009,GEN,
18010,GEN,
18011,GEN-EWS,2706
18012,GEN,
18013,OBC-NCL,4559
18014,GEN,
18015,GEN-EWS,2707
18016,GEN,
18017,OBC-NCL,4560
18018,OBC-NCL,4561
18019,GEN,
18020,OBC-NCL,4562
18021,OBC-NCL,4563
18022,GEN-EWS,2708
18023,OBC-NCL,4564
18024,ST,177
18025,OBC-NCL,4565
18026,GEN,
18027,GEN,
18028,GEN,
18029,GEN-EWS,2709
18030,OBC-NCL,4566
18031,GEN,
18032,GEN,
18033,OBC-NCL,4567
18033,SC,621
18035,GEN,
18036,GEN,
18037,OBC-NCL,4568
18038,OBC-NCL,4569
18039,GEN-EWS,2710
18040,GEN,
18041,GEN,
18042,GEN-EWS,2711
18043,GEN,
18044,GEN-EWS,2712
18045,GEN-EWS,2713
18046,OBC-NCL,4570
18047,OBC-NCL,4571
18048,GEN-EWS,2714
18049,OBC-NCL,4572
18050,OBC-NCL,4573
18051,GEN,
18052,SC,622
18053,SC,623
18054,GEN,
18055,GEN-EWS,2715
18056,GEN-EWS,2716
18057,GEN-EWS,2717
18058,GEN-EWS,2718
18058,OBC-NCL,4574
18060,OBC-NCL,4575
18061,OBC-NCL,4576
18062,SC,624
18063,GEN,
18064,GEN-EWS,2719
18065,ST,178
18066,GEN-EWS,2720
18067,GEN-EWS,2721
18068,GEN,
18069,GEN,
18069,GEN-EWS,2722
18071,GEN-EWS,2723
18072,OBC-NCL,4577
18073,GEN,
18074,GEN,
18075,OBC-NCL,4579
18076,GEN,
18077,GEN,
18077,OBC-NCL,4580
18079,OBC-NCL,4581
18080,GEN,
18081,OBC-NCL,4582
18082,GEN,
18083,GEN-EWS,2724
18084,OBC-NCL,4583
18085,GEN,
18086,OBC-NCL,4584
18087,GEN-EWS,2725
18088,GEN,
18089,OBC-NCL,4585
18090,GEN,
18091,GEN,
18092,GEN,
18093,OBC-NCL,4586
18094,GEN,
18095,GEN,
18096,GEN-EWS,2726
18097,OBC-NCL,4587
18098,GEN,
18099,GEN-EWS,2727
18100,GEN,
18101,GEN,
18102,GEN,
18103,GEN,
18104,OBC-NCL,4588
18105,GEN-EWS,2728
18106,GEN,
18107,GEN,
18108,GEN-EWS,2729
18109,GEN,
18110,OBC-NCL,4589
18111,GEN,
18112,GEN,
18113,GEN,
18114,GEN,
18115,GEN,
18116,GEN,
18117,GEN,
18118,GEN,
18119,GEN,
18120,GEN,
18121,OBC-NCL,4590
18122,GEN,
18123,GEN,
18124,OBC-NCL,4591
18125,GEN,
18126,GEN,
18127,GEN,
18128,GEN-EWS,2730
18129,GEN,
18130,GEN,
18131,GEN-EWS,2731
18132,GEN,
18133,GEN,
18134,OBC-NCL,4592
18135,OBC-NCL,4593
18136,GEN-EWS,2732
18137,GEN,
18138,GEN,
18139,OBC-NCL,4594
18140,GEN,
18141,GEN,
18142,ST,179
18143,GEN,
18144,GEN,
18145,GEN,
18146,GEN,
18147,OBC-NCL,4595
18148,OBC-NCL,4596
18149,GEN,
18150,GEN,
18151,GEN,
18152,GEN,
18153,GEN-EWS,2733
18154,OBC-NCL,4597
18155,GEN,
18156,GEN,
18157,GEN,
18158,GEN,
18159,OBC-NCL,4598
18160,OBC-NCL,4599
18161,GEN,
18162,GEN,
18163,GEN-EWS,2734
18164,GEN,
18165,GEN,
18166,GEN-EWS,2735
18167,GEN,
18168,OBC-NCL,4600
18169,GEN,
18170,GEN-EWS,2736
18171,GEN,
18172,GEN,
18173,GEN,
18174,GEN,
18175,GEN,
18176,GEN,
18176,GEN,
18178,GEN,
18179,GEN,
18180,GEN,
18181,OBC-NCL,4601
18182,GEN,
18183,GEN,
18184,OBC-NCL,4602
18185,SC,625
18186,GEN-EWS,2737
18187,GEN,
18188,GEN,
18189,GEN,
18190,GEN,
18191,GEN-EWS,2738
18192,GEN,
18193,GEN,
18194,GEN-EWS,2739
18195,GEN-EWS,2740
18196,GEN,
18197,GEN,
18198,OBC-NCL,4603
18199,GEN-EWS,2741
18200,OBC-NCL,4604
18201,OBC-NCL,4605
18202,GEN,
18203,ST,180
18204,OBC-NCL,4606
18205,GEN,
18206,GEN-EWS,2742
18207,OBC-NCL,4607
18208,GEN,
18209,OBC-NCL,4608
18210,GEN,
18211,OBC-NCL,4609
18212,OBC-NCL,4610
18213,GEN,
18214,GEN,
18215,GEN,
18216,GEN,
18217,OBC-NCL,4611
18218,SC,626
18219,SC,627
18220,GEN,
18221,GEN-EWS,2743
18222,GEN-EWS,2744
18223,OBC-NCL,4612
18224,GEN,
18225,OBC-NCL,4613
18226,OBC-NCL,4614
18227,GEN,
18227,GEN-EWS,2745
18227,SC,628
18230,GEN-EWS,2746
18230,OBC-NCL,4615
18232,GEN,
18233,ST,181
18234,GEN-EWS,2747
18235,GEN,
18236,GEN-EWS,2748
18237,GEN,
18238,GEN,
18239,OBC-NCL,4616
18240,GEN-EWS,2749
18241,GEN,
18242,OBC-NCL,4617
18243,GEN-EWS,2750
18244,GEN,
18245,GEN,
18246,GEN,
18247,GEN-EWS,2751
18248,GEN,
18249,GEN,
18250,GEN,
18251,OBC-NCL,4618
18252,GEN,
18253,GEN,
18253,OBC-NCL,4619
18255,GEN-EWS,2752
18256,SC,629
18257,OBC-NCL,4620
18258,GEN,
18259,OBC-NCL,4621
18260,GEN-EWS,2753
18261,GEN,
18262,GEN-EWS,2754
18263,GEN,
18264,GEN,
18265,GEN-EWS,2755
18266,OBC-NCL,4622
18267,GEN-EWS,2756
18268,OBC-NCL,4623
18269,GEN,
18270,GEN-EWS,2757
18271,GEN,
18272,GEN-EWS,2758
18273,GEN,
18274,OBC-NCL,4624
18275,OBC-NCL,4625
18276,OBC-NCL,4626
18277,GEN,
18278,GEN-EWS,2759
18279,GEN,
18280,GEN-EWS,2760
18281,GEN,
18282,GEN-EWS,2761
18283,OBC-NCL,4627
18284,GEN,
18285,GEN,
18286,GEN-EWS,2762
18287,ST,182
18288,GEN,
18289,OBC-NCL,4628
18290,OBC-NCL,4629
18291,GEN,
18292,OBC-NCL,4630
18293,OBC-NCL,4631
18294,OBC-NCL,4632
18295,GEN,
18296,GEN,
18297,GEN,
18298,GEN-EWS,2763
18299,OBC-NCL,4633
18300,GEN,
18301,GEN,
18302,GEN,
18303,GEN,
18304,GEN-EWS,2764
18305,GEN,
18306,GEN-EWS,2765
18306,GEN-EWS,2765
18308,GEN,
18309,OBC-NCL,4634
18310,OBC-NCL,4635
18311,GEN,
18312,GEN,
18313,GEN-EWS,2767
18314,OBC-NCL,4636
18315,GEN,
18316,OBC-NCL,4637
18317,GEN,
18318,GEN,
18319,GEN,
18320,ST,183
18321,GEN,
18322,GEN,
18323,GEN,
18324,OBC-NCL,4638
18325,OBC-NCL,4639
18326,OBC-NCL,4640
18327,OBC-NCL,4641
18328,OBC-NCL,4642
18329,GEN,
18330,OBC-NCL,4643
18331,OBC-NCL,4644
18332,OBC-NCL,4645
18333,GEN-EWS,2768
18334,OBC-NCL,4646
18334,OBC-NCL,4646
18336,OBC-NCL,4648
18337,GEN,
18338,GEN-EWS,2769
18339,OBC-NCL,4649
18340,GEN,
18341,GEN,
18342,GEN,
18343,GEN,
18344,GEN,
18345,OBC-NCL,4650
18346,OBC-NCL,4651
18347,GEN,
18348,GEN-EWS,2770
18349,GEN,
18350,GEN-EWS,2771
18351,OBC-NCL,4652
18352,GEN,
18353,GEN,
18354,OBC-NCL,4653
18355,GEN,
18356,GEN,
18357,GEN,
18358,GEN,
18359,GEN,
18360,GEN,
18361,OBC-NCL,4654
18362,OBC-NCL,4655
18363,OBC-NCL,4656
18364,SC,630
18365,GEN,
18366,OBC-NCL,4657
18367,OBC-NCL,4658
18368,GEN,
18369,GEN,
18370,GEN,
18371,GEN-EWS,2773
18372,SC,631
18373,OBC-NCL,4659
18374,OBC-NCL,4660
18375,GEN,
18376,GEN,
18377,GEN,
18378,GEN-EWS,2774
18379,GEN,
18380,GEN,
18381,SC,632
18382,GEN,
18383,GEN-EWS,2775
18384,OBC-NCL,4661
18385,OBC-NCL,4662
18386,GEN,
18387,GEN,
18388,GEN,
18389,GEN,
18390,GEN,
18391,GEN,
18392,SC,633
18393,GEN,
18394,GEN,
18395,GEN-EWS,2776
18396,OBC-NCL,4663
18397,OBC-NCL,4664
18398,GEN,
18399,GEN,
18400,OBC-NCL,4665
18401,OBC-NCL,4666
18402,GEN,
18403,OBC-NCL,4667
18404,OBC-NCL,4668
18405,GEN-EWS,2777
18406,GEN,
18407,GEN,
18408,GEN-EWS,2778
18409,OBC-NCL,4669
18410,GEN-EWS,2779
18411,GEN,
18412,GEN,
18413,GEN,
18414,GEN,
18415,GEN,
18416,GEN-EWS,2780
18417,GEN-EWS,2781
18418,OBC-NCL,4670
18419,GEN,
18420,GEN,
18421,OBC-NCL,4671
18422,GEN,
18422,GEN,
18424,SC,634
18425,GEN-EWS,2783
18426,OBC-NCL,4672
18427,OBC-NCL,4673
18428,OBC-NCL,4674
18429,GEN-EWS,2784
18430,OBC-NCL,4675
18431,GEN,
18432,GEN-EWS,2785
18433,GEN,
18434,OBC-NCL,4676
18435,GEN,
18436,OBC-NCL,4677
18437,OBC-NCL,4678
18438,GEN,
18439,OBC-NCL,4679
18440,GEN-EWS,2786
18441,GEN,
18442,OBC-NCL,4680
18443,GEN,
18444,GEN,
18445,GEN,
18446,GEN,
18447,OBC-NCL,4681
18448,OBC-NCL,4682
18449,OBC-NCL,4683
18450,OBC-NCL,4684
18451,GEN,
18452,GEN,
18453,ST,184
18454,GEN,
18455,GEN-EWS,2787
18456,GEN,
18457,GEN,
18458,OBC-NCL,4685
18459,GEN,
18460,OBC-NCL,4686
18461,GEN,
18462,GEN,
18463,GEN,
18464,GEN-EWS,2788
18465,GEN,
18466,OBC-NCL,4687
18467,OBC-NCL,4688
18468,GEN,
18469,GEN,
18470,OBC-NCL,4689
18471,OBC-NCL,4690
18472,SC,635
18473,GEN,
18474,ST,185
18475,GEN-EWS,2789
18476,GEN,
18477,GEN,
18478,GEN,
18479,GEN,
18480,GEN,
18481,OBC-NCL,4691
18482,GEN,
18483,GEN,
18484,GEN,
18485,OBC-NCL,4692
18486,GEN,
18487,GEN-EWS,2790
18488,SC,636
18489,GEN,
18490,OBC-NCL,4693
18491,GEN,
18492,GEN,
18493,GEN,
18494,OBC-NCL,4694
18495,GEN,
18496,OBC-NCL,4695
18497,GEN,
18498,OBC-NCL,4696
18499,GEN,
18500,GEN-EWS,2791
18501,GEN-EWS,2792
18502,OBC-NCL,4697
18503,GEN,
18504,GEN,
18505,GEN-EWS,2793
18506,GEN-EWS,2794
18507,OBC-NCL,4698
18508,GEN-EWS,2795
18509,GEN,
18510,GEN,
18511,GEN-EWS,2796
18512,ST,186
18513,GEN,
18514,GEN,
18515,GEN,
18516,GEN,
18517,GEN,
18518,GEN-EWS,2797
18519,SC,637
18520,SC,638
18521,GEN,
18522,GEN,
18523,GEN,
18524,GEN,
18525,GEN,
18526,GEN,
18527,GEN,
18528,OBC-NCL,4699
18529,OBC-NCL,4700
18530,OBC-NCL,4701
18531,GEN,
18532,OBC-NCL,4702
18533,GEN,
18534,GEN,
18535,OBC-NCL,4703
18536,GEN,
18537,GEN,
18538,OBC-NCL,4704
18539,GEN,
18540,OBC-NCL,4705
18541,GEN,
18541,SC,639
18543,GEN,
18544,OBC-NCL,4706
18545,GEN,
18546,GEN,
18547,GEN,
18548,OBC-NCL,4707
18549,GEN,
18550,GEN,
18551,OBC-NCL,4708
18552,GEN,
18553,OBC-NCL,4709
18554,GEN,
18555,GEN,
18556,GEN,
18557,OBC-NCL,4710
18558,GEN,
18559,GEN,
18560,OBC-NCL,4711
18561,OBC-NCL,4712
18562,GEN-EWS,2798
18563,OBC-NCL,4713
18564,ST,187
18565,GEN,
18566,OBC-NCL,4714
18567,GEN,
18568,GEN,
18569,GEN,
18570,GEN-EWS,2799
18571,OBC-NCL,4715
18572,SC,640
18573,GEN-EWS,2800
18574,OBC-NCL,4716
18575,GEN,
18576,GEN-EWS,2801
18577,GEN-EWS,2802
18578,GEN-EWS,2803
18579,OBC-NCL,4717
18580,GEN,
18581,GEN,
18582,GEN-EWS,2804
18583,GEN,
18584,GEN,
18585,GEN,
18586,GEN-EWS,2805
18587,GEN,
18588,OBC-NCL,4718
18589,OBC-NCL,4719
18590,GEN,
18591,GEN,
18592,GEN-EWS,2806
18593,GEN-EWS,2807
18594,OBC-NCL,4721
18595,GEN,
18596,GEN,
18597,OBC-NCL,4722
18598,GEN,
18599,GEN,
18600,GEN,
18601,GEN,
18602,GEN,
18603,OBC-NCL,4723
18604,OBC-NCL,4724
18605,OBC-NCL,4725
18606,OBC-NCL,4726
18607,GEN,
18608,GEN,
18609,GEN,
18610,OBC-NCL,4727
18611,GEN-EWS,2808
18612,OBC-NCL,4728
18613,GEN-EWS,2809
18614,GEN,
18615,GEN-EWS,2810
18616,OBC-NCL,4729
18617,OBC-NCL,4730
18618,OBC-NCL,4731
18619,GEN,
18620,OBC-NCL,4732
18621,GEN,
18622,GEN,
18623,OBC-NCL,4733
18624,OBC-NCL,4734
18625,OBC-NCL,4735
18626,ST,188
18627,GEN,
18628,OBC-NCL,4736
18629,GEN,
18630,GEN-EWS,2811
18631,OBC-NCL,4737
18632,GEN,
18633,GEN,
18634,GEN,
18635,GEN,
18636,GEN,
18637,GEN,
18637,OBC-NCL,4738
18639,GEN,
18640,GEN-EWS,2812
18641,GEN,
18642,GEN-EWS,2813
18643,GEN,
18644,OBC-NCL,4739
18645,OBC-NCL,4740
18646,OBC-NCL,4741
18647,OBC-NCL,4742
18648,GEN-EWS,2814
18649,OBC-NCL,4744
18650,GEN,
18651,OBC-NCL,4745
18652,GEN,
18653,GEN,
18654,OBC-NCL,4746
18655,OBC-NCL,4747
18656,GEN,
18657,OBC-NCL,4748
18658,GEN-EWS,2815
18659,GEN-EWS,2816
18660,GEN-EWS,2817
18661,GEN,
18662,GEN,
18663,OBC-NCL,4749
18664,GEN,
18665,GEN,
18666,OBC-NCL,4750
18667,GEN,
18668,GEN-EWS,2818
18669,OBC-NCL,4751
18670,GEN,
18671,OBC-NCL,4752
18672,OBC-NCL,4753
18673,GEN,
18674,GEN,
18675,GEN,
18676,GEN,
18677,GEN-EWS,2819
18678,GEN,
18679,OBC-NCL,4754
18680,GEN,
18681,GEN,
18682,GEN,
18683,GEN-EWS,2820
18684,GEN,
18685,OBC-NCL,4755
18686,GEN,
18687,GEN,
18688,OBC-NCL,4756
18689,GEN-EWS,2821
18690,GEN,
18691,GEN,
18692,OBC-NCL,4757
18693,OBC-NCL,4758
18694,OBC-NCL,4759
18695,GEN,
18696,OBC-NCL,4760
18697,OBC-NCL,4761
18698,GEN,
18699,GEN,
18700,GEN,
18701,GEN,
18702,GEN,
18703,GEN,
18704,GEN-EWS,2822
18705,GEN,
18706,GEN-EWS,2823
18707,OBC-NCL,4762
18708,GEN,
18709,GEN-EWS,2824
18710,GEN,
18711,SC,641
18712,GEN,
18713,GEN,
18714,OBC-NCL,4763
18715,GEN-EWS,2825
18716,GEN,
18717,GEN,
18718,OBC-NCL,4764
18719,OBC-NCL,4765
18720,GEN,
18721,OBC-NCL,4766
18722,SC,642
18723,GEN-EWS,2826
18724,GEN,
18725,GEN,
18726,GEN,
18726,OBC-NCL,4768
18728,OBC-NCL,4769
18729,OBC-NCL,4770
18730,OBC-NCL,4771
18731,GEN,
18731,OBC-NCL,4772
18733,GEN-EWS,2827
18734,GEN-EWS,2828
18735,OBC-NCL,4773
18736,GEN-EWS,2829
18737,GEN,
18738,OBC-NCL,4774
18739,GEN-EWS,2830
18740,GEN,
18741,OBC-NCL,4775
18742,GEN,
18743,OBC-NCL,4776
18744,OBC-NCL,4777
18745,SC,643
18746,GEN,
18747,GEN,
18748,GEN,
18749,GEN,
18750,GEN,
18751,GEN,
18752,GEN,
18753,GEN,
18754,GEN,
18755,OBC-NCL,4778
18756,GEN,
18757,GEN,
18758,GEN,
18759,GEN,
18760,OBC-NCL,4779
18761,GEN,
18762,GEN-EWS,2831
18763,GEN-EWS,2832
18764,GEN-EWS,2833
18765,GEN-EWS,2834
18766,OBC-NCL,4780
18767,SC,644
18768,GEN-EWS,2835
18768,GEN-EWS,2835
18770,SC,645
18771,GEN-EWS,2837
18772,GEN,
18773,OBC-NCL,4781
18774,GEN,
18775,GEN,
18776,OBC-NCL,4782
18777,GEN,
18778,GEN-EWS,2838
18779,GEN,
18779,GEN,
18781,GEN,
18782,GEN,
18783,OBC-NCL,4783
18784,GEN-EWS,2839
18785,OBC-NCL,4784
18786,GEN-EWS,2840
18787,GEN,
18788,GEN-EWS,2841
18789,OBC-NCL,4785
18790,GEN-EWS,2842
18791,GEN,
18792,OBC-NCL,4786
18793,OBC-NCL,4787
18794,OBC-NCL,4788
18795,GEN,
18796,GEN,
18797,GEN,
18798,SC,646
18799,GEN-EWS,2843
18800,GEN,
18801,GEN,
18802,SC,647
18803,GEN,
18804,GEN-EWS,2844
18805,GEN,
18806,GEN-EWS,2845
18807,GEN,
18808,OBC-NCL,4790
18809,GEN,
18809,OBC-NCL,4791
18811,SC,648
18812,GEN-EWS,2846
18813,GEN,
18814,OBC-NCL,4792
18815,GEN-EWS,2847
18816,GEN,
18817,GEN,
18818,GEN,
18819,GEN,
18820,GEN-EWS,2848
18821,OBC-NCL,4794
18822,OBC-NCL,4795
18823,GEN,
18824,GEN-EWS,2849
18825,GEN,
18826,OBC-NCL,4796
18827,GEN,
18828,GEN,
18829,GEN,
18830,GEN,
18831,GEN,
18832,GEN,
18833,GEN,
18834,GEN,
18835,GEN,
18836,GEN,
18837,GEN,
18838,GEN,
18839,GEN,
18840,OBC-NCL,4797
18841,GEN,
18842,GEN,
18843,GEN-EWS,2850
18844,GEN,
18845,OBC-NCL,4798
18846,OBC-NCL,4799
18847,GEN-EWS,2851
18848,GEN,
18849,OBC-NCL,4800
18850,OBC-NCL,4801
18851,GEN-EWS,2852
18852,GEN,
18853,GEN-EWS,2853
18854,GEN,
18855,GEN,
18856,GEN,
18857,GEN-EWS,2854
18858,OBC-NCL,4802
18859,GEN,
18860,GEN,
18861,GEN,
18862,GEN-EWS,2855
18863,GEN,
18864,GEN,
18865,OBC-NCL,4803
18866,GEN,
18867,GEN-EWS,2856
18868,SC,649
18869,GEN,
18870,GEN-EWS,2857
18871,GEN,
18872,GEN,
18873,GEN,
18874,OBC-NCL,4804
18875,GEN,
18876,GEN-EWS,2858
18877,GEN,
18878,OBC-NCL,4805
18879,GEN,
18880,GEN,
18881,OBC-NCL,4806
18882,GEN,
18883,GEN-EWS,2859
18884,OBC-NCL,4807
18885,OBC-NCL,4808
18886,GEN,
18887,GEN,
18888,OBC-NCL,4809
18889,GEN,
18890,OBC-NCL,4810
18891,OBC-NCL,4811
18892,GEN,
18893,GEN,
18893,OBC-NCL,4812
18895,GEN,
18896,GEN,
18897,GEN,
18898,GEN,
18899,GEN,
18900,OBC-NCL,4813
18901,GEN,
18902,GEN-EWS,2860
18903,GEN,
18904,GEN-EWS,2861
18905,GEN-EWS,2862
18906,OBC-NCL,4814
18907,GEN,
18908,GEN-EWS,2863
18909,GEN,
18910,OBC-NCL,4815
18911,GEN-EWS,2864
18912,GEN,
18913,GEN,
18914,GEN,
18915,GEN,
18916,GEN-EWS,2865
18917,GEN,
18918,GEN,
18919,OBC-NCL,4816
18920,GEN-EWS,2866
18921,GEN-EWS,2867
18922,OBC-NCL,4817
18923,GEN,
18924,OBC-NCL,4818
18925,GEN,
18926,GEN,
18927,GEN,
18928,GEN,
18929,GEN,
18930,OBC-NCL,4819
18931,GEN,
18932,OBC-NCL,4820
18933,OBC-NCL,4821
18934,GEN,
18935,GEN,
18936,OBC-NCL,4822
18937,OBC-NCL,4823
18938,GEN,
18939,GEN-EWS,2868
18940,GEN-EWS,2869
18941,OBC-NCL,4824
18942,OBC-NCL,4825
18943,GEN-EWS,2870
18944,SC,650
18945,GEN-EWS,2871
18946,GEN,
18947,GEN-EWS,2872
18948,GEN,
18949,GEN,
18950,GEN,
18951,GEN-EWS,2873
18952,GEN-EWS,2874
18953,SC,651
18954,GEN,
18955,GEN,
18956,GEN,
18957,OBC-NCL,4826
18958,OBC-NCL,4827
18959,GEN-EWS,2875
18960,SC,652
18961,GEN,
18962,GEN,
18963,OBC-NCL,4828
18964,GEN,
18965,OBC-NCL,4829
18966,GEN,
18967,GEN,
18968,OBC-NCL,4830
18969,OBC-NCL,4831
18970,GEN-EWS,2876
18971,GEN,
18972,OBC-NCL,4832
18973,GEN,
18974,OBC-NCL,4833
18975,GEN,
18976,GEN,
18977,OBC-NCL,4834
18978,GEN,
18979,GEN,
18980,OBC-NCL,4835
18981,GEN,
18982,SC,653
18983,GEN,
18984,GEN,
18985,GEN,
18986,GEN,
18987,SC,654
18988,GEN,
18989,GEN-EWS,2877
18990,SC,655
18991,GEN-EWS,2878
18992,GEN,
18993,SC,656
18994,OBC-NCL,4836
18995,GEN,
18996,GEN,
18997,OBC-NCL,4837
18998,ST,189
18999,GEN,
19000,OBC-NCL,4838
19001,GEN,
19002,GEN,
19003,GEN,
19004,GEN,
19005,GEN,
19006,GEN-EWS,2879
19007,GEN,
19008,GEN,
19009,GEN-EWS,2880
19010,GEN,
19011,GEN,
19012,GEN-EWS,2881
19013,GEN,
19014,OBC-NCL,4839
19015,OBC-NCL,4840
19016,OBC-NCL,4841
19017,SC,657
19018,GEN-EWS,2882
19019,GEN,
19020,GEN,
19021,OBC-NCL,4842
19022,OBC-NCL,4843
19023,OBC-NCL,4844
19024,ST,190
19025,GEN,
19026,OBC-NCL,4845
19027,OBC-NCL,4846
19028,GEN,
19029,OBC-NCL,4847
19030,GEN-EWS,2883
19031,GEN,
19032,GEN-EWS,2884
19033,GEN-EWS,2885
19033,GEN-EWS,2885
19035,GEN,
19036,GEN,
19037,GEN-EWS,2887
19037,OBC-NCL,4848
19039,GEN,
19040,GEN-EWS,2888
19041,GEN-EWS,2889
19042,GEN,
19043,SC,658
19044,GEN,
19045,GEN-EWS,2890
19046,GEN,
19047,OBC-NCL,4849
19048,GEN,
19048,OBC-NCL,4850
19050,GEN-EWS,2891
19051,GEN,
19052,GEN,
19053,GEN-EWS,2892
19054,GEN,
19055,OBC-NCL,4851
19056,SC,659
19057,GEN,
19057,OBC-NCL,4852
19059,GEN-EWS,2893
19060,GEN,
19061,ST,191
19062,GEN-EWS,2894
19063,GEN,
19064,GEN-EWS,2895
19065,OBC-NCL,4854
19066,OBC-NCL,4855
19067,OBC-NCL,4856
19068,GEN-EWS,2896
19069,GEN,
19070,OBC-NCL,4857
19071,GEN-EWS,2897
19072,GEN,
19073,GEN,
19074,GEN,
19075,GEN,
19076,OBC-NCL,4858
19077,OBC-NCL,4859
19078,OBC-NCL,4860
19079,OBC-NCL,4861
19080,GEN,
19081,GEN,
19082,OBC-NCL,4862
19083,GEN-EWS,2898
19084,GEN,
19085,GEN-EWS,2899
19086,GEN-EWS,2900
19087,GEN,
19088,GEN,
19089,OBC-NCL,4863
19090,OBC-NCL,4864
19091,GEN,
19092,GEN,
19093,GEN,
19094,GEN-EWS,2901
19095,GEN,
19096,GEN,
19097,GEN-EWS,2902
19098,GEN,
19099,OBC-NCL,4865
19100,SC,660
19101,GEN-EWS,2903
19102,SC,661
19103,ST,192
19104,GEN,
19105,GEN,
19106,GEN-EWS,2904
19107,GEN-EWS,2905
19108,GEN,
19109,GEN,
19110,GEN-EWS,2906
19111,GEN-EWS,2907
19112,GEN,
19113,GEN,
19114,GEN,
19115,OBC-NCL,4866
19116,GEN,
19117,GEN,
19118,GEN,
19119,GEN,
19120,GEN,
19120,GEN-EWS,2908
19122,GEN,
19123,OBC-NCL,4867
19124,GEN,
19125,GEN,
19126,OBC-NCL,4868
19127,GEN,
19128,GEN,
19129,GEN,
19130,GEN,
19131,OBC-NCL,4869
19132,GEN,
19133,GEN,
19134,OBC-NCL,4870
19135,GEN,
19135,OBC-NCL,4871
19137,GEN,
19138,OBC-NCL,4872
19139,GEN,
19140,OBC-NCL,4873
19141,GEN,
19142,GEN,
19143,SC,662
19144,OBC-NCL,4874
19145,OBC-NCL,4875
19146,GEN,
19147,GEN-EWS,2909
19148,GEN,
19149,GEN,
19150,GEN,
19151,GEN,
19152,OBC-NCL,4876
19153,GEN-EWS,2910
19154,GEN-EWS,2911
19155,GEN,
19156,GEN,
19157,GEN-EWS,2912
19158,GEN,
19159,GEN-EWS,2913
19160,GEN,
19161,GEN,
19162,OBC-NCL,4877
19163,GEN-EWS,2914
19164,GEN-EWS,2915
19165,GEN,
19166,GEN,
19167,GEN-EWS,2916
19168,OBC-NCL,4878
19169,OBC-NCL,4879
19170,SC,663
19171,OBC-NCL,4880
19172,GEN,
19173,OBC-NCL,4881
19174,SC,664
19175,GEN-EWS,2917
19176,GEN-EWS,2918
19177,GEN,
19178,GEN-EWS,2919
19179,GEN,
19180,OBC-NCL,4882
19181,GEN-EWS,2920
19182,GEN,
19183,OBC-NCL,4883
19184,OBC-NCL,4885
19185,GEN,
19186,OBC-NCL,4886
19187,GEN,
19188,GEN,
19189,OBC-NCL,4887
19190,ST,193
19191,GEN,
19192,GEN,
19193,GEN,
19194,GEN,
19195,GEN,
19196,OBC-NCL,4888
19197,OBC-NCL,4889
19198,GEN,
19199,SC,665
19200,GEN,
19201,GEN,
19202,GEN,
19203,GEN,
19204,GEN,
19205,GEN,
19206,SC,666
19207,OBC-NCL,4890
19208,GEN-EWS,2921
19209,GEN-EWS,2922
19210,GEN,
19211,OBC-NCL,4891
19212,GEN,
19213,GEN,
19214,GEN,
19215,GEN,
19216,GEN,
19217,OBC-NCL,4892
19218,OBC-NCL,4893
19219,GEN-EWS,2923
19220,OBC-NCL,4895
19221,GEN,
19222,OBC-NCL,4896
19223,GEN-EWS,2924
19224,GEN,
19225,OBC-NCL,4897
19226,OBC-NCL,4898
19227,OBC-NCL,4899
19228,GEN-EWS,2925
19229,GEN,
19230,OBC-NCL,4900
19231,OBC-NCL,4901
19232,GEN-EWS,2926
19233,GEN,
19234,GEN-EWS,2927
19235,GEN,
19236,OBC-NCL,4902
19237,GEN,
19238,OBC-NCL,4903
19239,OBC-NCL,4904
19240,GEN,
19241,OBC-NCL,4905
19242,OBC-NCL,4906
19243,GEN,
19244,GEN,
19245,GEN,
19246,GEN,
19247,GEN,
19248,OBC-NCL,4907
19249,OBC-NCL,4908
19250,GEN-EWS,2928
19251,OBC-NCL,4909
19252,OBC-NCL,4910
19253,GEN,
19254,GEN-EWS,2929
19255,GEN-EWS,2930
19256,GEN,
19257,SC,667
19258,OBC-NCL,4911
19259,GEN-EWS,2931
19260,OBC-NCL,4912
19261,GEN,
19262,GEN-EWS,2932
19263,GEN,
19264,GEN,
19265,GEN,
19265,GEN,
19265,OBC-NCL,4913
19268,OBC-NCL,4914
19269,OBC-NCL,4915
19270,SC,668
19271,GEN,
19272,GEN,
19273,GEN,
19274,OBC-NCL,4916
19275,OBC-NCL,4917
19276,GEN,
19277,SC,669
19278,OBC-NCL,4918
19279,GEN,
19280,OBC-NCL,4919
19281,GEN,
19282,GEN,
19283,ST,194
19284,GEN,
19285,OBC-NCL,4920
19286,OBC-NCL,4921
19287,GEN-EWS,2933
19288,GEN,
19289,GEN-EWS,2934
19290,GEN,
19291,OBC-NCL,4922
19292,ST,195
19293,GEN,
19294,GEN,
19295,OBC-NCL,4923
19296,GEN,
19297,GEN,
19298,GEN-EWS,2935
19299,GEN-EWS,2936
19300,OBC-NCL,4924
19301,OBC-NCL,4925
19302,GEN-EWS,2937
19303,OBC-NCL,4926
19304,GEN-EWS,2938
19305,GEN-EWS,2939
19306,GEN,
19307,GEN,
19308,GEN-EWS,2940
19309,GEN,
19310,GEN,
19311,GEN,
19312,GEN,
19313,GEN-EWS,2941
19314,GEN,
19315,OBC-NCL,4927
19316,OBC-NCL,4928
19317,SC,670
19318,GEN-EWS,2942
19319,OBC-NCL,4929
19320,OBC-NCL,4930
19321,GEN,
19322,GEN,
19323,OBC-NCL,4931
19324,GEN-EWS,2943
19325,GEN-EWS,2944
19326,ST,196
19327,OBC-NCL,4932
19328,GEN-EWS,2945
19329,GEN,
19330,GEN,
19331,OBC-NCL,4933
19332,GEN,
19333,GEN,
19334,SC,671
19335,GEN,
19336,SC,672
19337,GEN,
19338,OBC-NCL,4934
19339,GEN-EWS,2946
19340,GEN-EWS,2947
19341,GEN,
19342,GEN,
19343,OBC-NCL,4935
19344,GEN,
19345,GEN-EWS,2948
19346,GEN,
19347,OBC-NCL,4936
19348,OBC-NCL,4937
19349,OBC-NCL,4938
19350,GEN,
19351,GEN-EWS,2949
19352,GEN,
19353,GEN,
19354,OBC-NCL,4939
19355,GEN,
19356,GEN,
19357,GEN,
19358,GEN-EWS,2950
19359,OBC-NCL,4940
19360,OBC-NCL,4941
19361,OBC-NCL,4942
19362,GEN,
19363,GEN,
19364,GEN,
19365,GEN,
19366,SC,673
19367,OBC-NCL,4943
19368,GEN,
19369,OBC-NCL,4944
19370,GEN-EWS,2951
19371,OBC-NCL,4945
19372,GEN,
19373,GEN,
19374,GEN,
19375,GEN,
19376,GEN,
19377,GEN,
19378,GEN,
19379,OBC-NCL,4946
19380,GEN,
19381,OBC-NCL,4947
19382,GEN,
19383,OBC-NCL,4948
19384,OBC-NCL,4949
19385,GEN,
19386,OBC-NCL,4950
19387,GEN-EWS,2952
19388,GEN-EWS,2953
19389,GEN,
19390,GEN-EWS,2954
19391,GEN,
19392,OBC-NCL,4951
19393,GEN-EWS,2955
19394,GEN-EWS,2956
19395,GEN,
19396,GEN,
19397,GEN,
19398,GEN,
19399,GEN,
19400,OBC-NCL,4952
19401,OBC-NCL,4953
19402,ST,197
19403,GEN,
19404,GEN,
19405,GEN-EWS,2957
19406,GEN-EWS,2958
19407,OBC-NCL,4954
19408,GEN,
19409,GEN-EWS,2959
19410,OBC-NCL,4955
19411,GEN-EWS,2960
19412,GEN,
19413,GEN,
19414,GEN,
19415,OBC-NCL,4956
19416,GEN,
19417,GEN,
19418,GEN,
19419,GEN,
19420,OBC-NCL,4957
19421,GEN-EWS,2961
19422,GEN,
19423,GEN,
19423,GEN,
19425,GEN,
19426,OBC-NCL,4958
19427,GEN-EWS,2962
19428,GEN,
19429,GEN,
19430,GEN,
19431,SC,674
19432,OBC-NCL,4959
19433,GEN,
19434,GEN,
19435,GEN-EWS,2963
19436,OBC-NCL,4960
19437,GEN,
19438,OBC-NCL,4961
19439,OBC-NCL,4962
19440,GEN-EWS,2964
19441,OBC-NCL,4963
19442,GEN-EWS,2965
19443,GEN-EWS,2966
19444,GEN,
19445,GEN,
19446,GEN,
19447,OBC-NCL,4964
19448,GEN,
19448,GEN-EWS,2967
19450,OBC-NCL,4965
19451,GEN,
19452,OBC-NCL,4966
19453,OBC-NCL,4967
19454,GEN,
19455,OBC-NCL,4968
19456,GEN-EWS,2968
19457,GEN-EWS,2970
19458,GEN,
19459,GEN-EWS,2971
19460,SC,675
19461,OBC-NCL,4969
19462,GEN-EWS,2972
19463,SC,676
19464,GEN,
19465,OBC-NCL,4970
19466,GEN,
19467,OBC-NCL,4971
19468,GEN,
19469,OBC-NCL,4972
19470,SC,677
19471,GEN-EWS,2973
19472,OBC-NCL,4973
19473,OBC-NCL,4974
19474,SC,678
19475,SC,679
19476,OBC-NCL,4975
19477,GEN-EWS,2974
19478,GEN-EWS,2975
19479,GEN,
19480,OBC-NCL,4976
19481,OBC-NCL,4977
19482,GEN-EWS,2976
19483,GEN,
19484,GEN-EWS,2977
19485,OBC-NCL,4978
19486,GEN-EWS,2978
19487,GEN-EWS,2979
19488,GEN-EWS,2980
19489,GEN-EWS,2981
19489,OBC-NCL,4979
19491,GEN,
19492,GEN-EWS,2982
19493,GEN-EWS,2983
19494,SC,680
19495,GEN,
19496,GEN-EWS,2984
19497,GEN,
19498,GEN,
19498,OBC-NCL,4980
19500,OBC-NCL,4981
19501,GEN-EWS,2985
19502,OBC-NCL,4982
19503,OBC-NCL,4983
19504,OBC-NCL,4984
19505,GEN,
19506,GEN,
19507,GEN-EWS,2986
19508,GEN,
19509,GEN,
19510,GEN,
19510,OBC-NCL,4985
19512,GEN,
19513,GEN,
19514,GEN,
19515,GEN-EWS,2987
19516,GEN,
19517,GEN-EWS,2988
19517,OBC-NCL,4986
19519,GEN-EWS,2989
19520,GEN,
19521,GEN-EWS,2990
19522,GEN,
19523,GEN,
19524,OBC-NCL,4987
19525,GEN,
19526,GEN,
19527,OBC-NCL,4988
19528,SC,681
19529,GEN,
19530,GEN,
19531,GEN,
19532,GEN,
19533,OBC-NCL,4989
19534,GEN,
19535,GEN,
19536,GEN-EWS,2991
19537,OBC-NCL,4990
19537,OBC-NCL,4990
19539,GEN,
19540,GEN,
19541,GEN,
19542,GEN,
19543,GEN-EWS,2992
19544,GEN,
19545,OBC-NCL,4992
19546,SC,683
19547,GEN,
19548,GEN,
19549,GEN,
19550,GEN-EWS,2993
19551,OBC-NCL,4993
19552,GEN,
19553,GEN,
19554,OBC-NCL,4994
19555,GEN,
19556,OBC-NCL,4995
19557,OBC-NCL,4996
19558,OBC-NCL,4997
19559,GEN-EWS,2994
19560,GEN,
19561,OBC-NCL,4998
19562,SC,684
19563,GEN,
19563,GEN-EWS,2995
19565,GEN-EWS,2996
19566,GEN,
19567,GEN,
19568,SC,685
19569,GEN,
19570,GEN,
19571,OBC-NCL,4999
19572,GEN,
19573,GEN,
19574,GEN,
19575,OBC-NCL,5000
19576,OBC-NCL,5001
19577,OBC-NCL,5002
19578,GEN,
19579,GEN,
19580,OBC-NCL,5003
19581,OBC-NCL,5004
19582,OBC-NCL,5005
19583,GEN,
19584,OBC-NCL,5006
19585,GEN-EWS,2997
19586,OBC-NCL,5007
19587,OBC-NCL,5008
19588,GEN,
19589,GEN,
19590,OBC-NCL,5009
19591,SC,686
19592,GEN-EWS,2998
19593,GEN,
19594,OBC-NCL,5010
19595,GEN,
19596,OBC-NCL,5011
19597,OBC-NCL,5012
19598,GEN,
19599,GEN-EWS,2999
19600,GEN,
19601,GEN,
19602,ST,198
19603,GEN,
19604,OBC-NCL,5013
19605,GEN,
19606,OBC-NCL,5014
19607,OBC-NCL,5015
19608,GEN,
19609,OBC-NCL,5016
19610,GEN,
19611,GEN,
19612,GEN-EWS,3000
19613,SC,687
19614,GEN-EWS,3001
19615,GEN-EWS,3002
19616,GEN,
19617,OBC-NCL,5017
19618,GEN,
19618,GEN,
19620,OBC-NCL,5018
19621,GEN,
19622,GEN-EWS,3003
19623,GEN,
19624,GEN,
19625,OBC-NCL,5019
19626,OBC-NCL,5020
19627,OBC-NCL,5021
19628,GEN-EWS,3004
19629,GEN-EWS,3005
19630,GEN-EWS,3006
19631,OBC-NCL,5022
19632,GEN,
19633,GEN-EWS,3007
19634,SC,688
19635,GEN,
19636,GEN,
19637,GEN,
19638,GEN-EWS,3008
19639,GEN,
19640,GEN,
19641,OBC-NCL,5023
19642,GEN,
19643,GEN,
19644,OBC-NCL,5024
19645,GEN,
19646,OBC-NCL,5025
19647,SC,689
19648,GEN,
19649,SC,690
19650,GEN,
19651,GEN-EWS,3009
19652,OBC-NCL,5026
19653,GEN,
19654,OBC-NCL,5027
19655,GEN-EWS,3010
19656,GEN,
19657,SC,691
19658,SC,692
19659,OBC-NCL,5028
19660,GEN,
19661,SC,693
19662,OBC-NCL,5029
19663,GEN,
19664,GEN,
19665,GEN,
19666,OBC-NCL,5030
19667,GEN,
19668,OBC-NCL,5031
19669,GEN,
19669,SC,694
19671,GEN,
19672,GEN-EWS,3011
19673,GEN-EWS,3012
19674,SC,695
19675,GEN,
19676,GEN,
19677,GEN-EWS,3013
19677,OBC-NCL,5032
19679,GEN,
19680,GEN,
19681,GEN,
19682,GEN,
19683,GEN,
19684,GEN-EWS,3014
19685,GEN,
19686,GEN,
19687,GEN,
19688,GEN-EWS,3015
19689,GEN,
19690,GEN,
19691,OBC-NCL,5033
19692,OBC-NCL,5034
19693,OBC-NCL,5035
19694,GEN,
19695,GEN,
19696,OBC-NCL,5036
19697,GEN-EWS,3016
19698,OBC-NCL,5037
19699,GEN,
19700,GEN-EWS,3017
19701,OBC-NCL,5038
19702,GEN-EWS,3018
19703,GEN,
19704,GEN,
19705,OBC-NCL,5039
19706,GEN-EWS,3019
19707,GEN-EWS,3020
19708,OBC-NCL,5040
19709,GEN,
19710,SC,696
19711,GEN-EWS,3021
19712,GEN,
19713,GEN,
19714,OBC-NCL,5041
19715,SC,697
19716,OBC-NCL,5042
19717,GEN,
19718,OBC-NCL,5043
19719,GEN,
19720,SC,698
19721,OBC-NCL,5044
19722,OBC-NCL,5045
19723,GEN,
19724,GEN,
19725,GEN,
19726,OBC-NCL,5046
19727,GEN-EWS,3022
19728,SC,699
19729,OBC-NCL,5047
19730,SC,700
19731,GEN,
19732,GEN-EWS,3023
19733,GEN,
19734,OBC-NCL,5050
19735,OBC-NCL,5051
19736,GEN,
19737,GEN-EWS,3024
19738,ST,199
19739,OBC-NCL,5052
19740,GEN,
19741,SC,701
19742,OBC-NCL,5053
19743,OBC-NCL,5054
19744,GEN,
19745,GEN,
19746,GEN,
19747,GEN-EWS,3025
19748,GEN,
19749,SC,702
19750,GEN,
19751,GEN,
19752,GEN,
19753,OBC-NCL,5055
19754,OBC-NCL,5056
19755,OBC-NCL,5057
19756,OBC-NCL,5058
19757,GEN,
19758,SC,703
19759,GEN,
19760,GEN,
19761,SC,704
19762,GEN-EWS,3026
19763,GEN,
19764,GEN,
19765,GEN,
19766,GEN,
19767,OBC-NCL,5059
19768,OBC-NCL,5060
19769,GEN,
19770,OBC-NCL,5061
19771,GEN,
19772,GEN-EWS,3027
19773,GEN,
19774,OBC-NCL,5062
19775,OBC-NCL,5063
19776,GEN,
19777,SC,705
19778,OBC-NCL,5064
19779,GEN,
19780,GEN,
19781,GEN,
19782,GEN-EWS,3028
19783,GEN,
19784,GEN,
19785,OBC-NCL,5065
19786,GEN,
19787,GEN-EWS,3029
19788,GEN-EWS,3030
19789,GEN,
19790,GEN,
19791,OBC-NCL,5066
19792,GEN,
19793,GEN,
19794,OBC-NCL,5067
19795,GEN-EWS,3032
19796,OBC-NCL,5068
19797,OBC-NCL,5069
19798,OBC-NCL,5070
19799,OBC-NCL,5071
19800,GEN,
19801,GEN,
19802,OBC-NCL,5072
19803,OBC-NCL,5073
19804,GEN,
19804,GEN-EWS,3033
19806,GEN,
19807,OBC-NCL,5074
19808,OBC-NCL,5075
19809,GEN,
19810,OBC-NCL,5076
19811,GEN-EWS,3034
19812,GEN,
19813,GEN-EWS,3035
19814,OBC-NCL,5077
19815,GEN,
19816,GEN,
19817,GEN-EWS,3036
19818,OBC-NCL,5078
19819,GEN,
19820,GEN,
19821,GEN-EWS,3037
19822,OBC-NCL,5079
19823,GEN,
19824,GEN-EWS,3038
19825,OBC-NCL,5080
19826,GEN-EWS,3039
19827,GEN,
19828,SC,706
19829,GEN,
19830,GEN,
19831,OBC-NCL,5081
19832,GEN,
19833,GEN,
19834,OBC-NCL,5082
19835,GEN-EWS,3040
19836,GEN,
19837,OBC-NCL,5083
19838,GEN,
19839,GEN-EWS,3041
19840,GEN-EWS,3042
19841,OBC-NCL,5084
19842,GEN,
19843,GEN,
19844,GEN-EWS,3043
19845,GEN-EWS,3044
19846,GEN,
19847,OBC-NCL,5085
19848,GEN,
19849,GEN-EWS,3045
19850,GEN-EWS,3046
19851,GEN,
19852,OBC-NCL,5086
19853,OBC-NCL,5087
19854,GEN-EWS,3047
19855,GEN,
19856,GEN,
19857,GEN,
19858,GEN,
19859,GEN,
19860,GEN,
19861,OBC-NCL,5089
19862,OBC-NCL,5090
19863,GEN,
19864,OBC-NCL,5091
19865,GEN,
19866,GEN,
19867,GEN-EWS,3048
19868,GEN,
19868,GEN-EWS,3049
19870,GEN-EWS,3050
19871,GEN-EWS,3051
19872,GEN,
19873,OBC-NCL,5092
19874,OBC-NCL,5093
19875,OBC-NCL,5094
19876,GEN-EWS,3052
19877,GEN,
19878,OBC-NCL,5095
19879,OBC-NCL,5096
19880,GEN-EWS,3053
19881,GEN,
19882,GEN,
19883,OBC-NCL,5097
19884,GEN,
19885,OBC-NCL,5098
19886,GEN,
19887,GEN,
19888,GEN,
19889,GEN,
19890,GEN,
19891,GEN-EWS,3055
19892,GEN,
19893,GEN-EWS,3056
19894,OBC-NCL,5099
19895,OBC-NCL,5100
19896,OBC-NCL,5101
19897,OBC-NCL,5102
19898,SC,707
19899,GEN,
19900,GEN,
19901,GEN,
19902,OBC-NCL,5103
19903,GEN,
19904,GEN,
19905,OBC-NCL,5104
19906,OBC-NCL,5105
19907,OBC-NCL,5106
19908,GEN-EWS,3057
19909,OBC-NCL,5107
19910,GEN,
19911,GEN,
19912,GEN-EWS,3058
19913,GEN,
19914,GEN-EWS,3059
19915,OBC-NCL,5108
19916,GEN,
19917,OBC-NCL,5109
19918,GEN,
19919,GEN,
19920,GEN-EWS,3060
19921,ST,200
19922,GEN-EWS,3061
19923,GEN-EWS,3062
19924,OBC-NCL,5110
19925,GEN-EWS,3063
19926,GEN-EWS,3064
19927,OBC-NCL,5111
19928,GEN,
19929,GEN-EWS,3065
19930,GEN-EWS,3066
19931,GEN-EWS,3067
19932,GEN,
19933,OBC-NCL,5112
19934,GEN,
19935,GEN-EWS,3068
19936,GEN-EWS,3069
19937,GEN,
19938,GEN,
19939,GEN-EWS,3070
19939,OBC-NCL,5113
19941,GEN-EWS,3071
19942,OBC-NCL,5114
19943,GEN,
19944,GEN,
19945,GEN,
19946,OBC-NCL,5115
19947,GEN,
19948,GEN,
19949,SC,708
19950,SC,709
19951,GEN,
19952,GEN,
19953,GEN,
19954,GEN,
19955,GEN-EWS,3072
19956,GEN,
19957,OBC-NCL,5116
19958,GEN,
19959,SC,710
19960,GEN,
19961,OBC-NCL,5117
19962,GEN,
19963,SC,711
19964,OBC-NCL,5118
19965,GEN,
19966,OBC-NCL,5119
19967,GEN-EWS,3073
19968,OBC-NCL,5120
19969,OBC-NCL,5121
19970,GEN,
19970,OBC-NCL,5122
19972,GEN,
19973,OBC-NCL,5123
19974,GEN,
19975,GEN,
19976,GEN,
19977,OBC-NCL,5124
19978,GEN-EWS,3074
19979,GEN,
19980,GEN,
19981,GEN,
19982,SC,712
19983,GEN-EWS,3075
19984,GEN,
19985,GEN-EWS,3076
19986,GEN,
19987,GEN,
19988,GEN-EWS,3077
19989,GEN,
19990,GEN,
19991,GEN,
19992,GEN,
19993,OBC-NCL,5125
19994,OBC-NCL,5126
19995,GEN-EWS,3078
19996,GEN,
19997,GEN,
19998,GEN-EWS,3079
19999,GEN-EWS,3080
20000,GEN,
20000,GEN,
20002,GEN,
20003,GEN,
20004,GEN,
20005,GEN-EWS,3081
20006,SC,713
20007,GEN-EWS,3082
20008,OBC-NCL,5127
20009,GEN,
20010,GEN,
20011,GEN,
20012,GEN,
20013,GEN,
20014,OBC-NCL,5128
20015,GEN,
20016,GEN,
20017,GEN-EWS,3083
20018,OBC-NCL,5129
20019,GEN,
20020,OBC-NCL,5130
20021,OBC-NCL,5131
20022,GEN-EWS,3084
20022,OBC-NCL,5132
20024,OBC-NCL,5133
20025,GEN,
20026,OBC-NCL,5134
20027,OBC-NCL,5135
20028,GEN,
20029,GEN,
20030,OBC-NCL,5136
20031,SC,714
20032,GEN,
20033,GEN,
20034,GEN,
20035,OBC-NCL,5137
20036,OBC-NCL,5138
20037,OBC-NCL,5139
20038,GEN-EWS,3085
20039,GEN-EWS,3086
20040,GEN,
20041,GEN,
20042,GEN,
20043,GEN,
20044,GEN,
20045,GEN,
20046,GEN,
20047,GEN-EWS,3087
20048,GEN-EWS,3088
20049,GEN,
20050,GEN,
20051,GEN-EWS,3089
20052,GEN-EWS,3090
20053,OBC-NCL,5140
20054,GEN-EWS,3091
20055,GEN,
20056,GEN-EWS,3092
20057,OBC-NCL,5141
20058,GEN,
20059,GEN,
20060,GEN,
20061,GEN,
20062,OBC-NCL,5142
20063,GEN,
20064,GEN,
20065,OBC-NCL,5143
20066,GEN,
20067,OBC-NCL,5144
20068,OBC-NCL,5145
20069,GEN,
20070,GEN,
20071,GEN-EWS,3093
20072,OBC-NCL,5146
20073,OBC-NCL,5147
20074,GEN,
20075,GEN,
20076,GEN,
20077,GEN,
20078,OBC-NCL,5148
20079,GEN-EWS,3094
20080,GEN,
20081,GEN,
20081,ST,201
20083,GEN,
20084,GEN,
20085,GEN,
20086,GEN,
20087,OBC-NCL,5149
20088,GEN,
20089,GEN,
20090,GEN,
20091,GEN,
20092,GEN,
20093,GEN-EWS,3095
20094,GEN-EWS,3096
20095,GEN-EWS,3097
20096,SC,715
20097,OBC-NCL,5150
20098,GEN,
20099,GEN,
20100,GEN,
20101,GEN,
20102,GEN,
20103,SC,716
20104,OBC-NCL,5151
20105,OBC-NCL,5152
20106,GEN-EWS,3098
20107,GEN,
20108,OBC-NCL,5154
20109,OBC-NCL,5155
20110,OBC-NCL,5156
20111,OBC-NCL,5157
20112,GEN,
20113,GEN,
20114,GEN,
20115,OBC-NCL,5158
20116,GEN,
20117,GEN,
20118,GEN,
20119,OBC-NCL,5159
20120,GEN,
20121,GEN,
20122,OBC-NCL,5160
20123,OBC-NCL,5161
20124,GEN,
20125,GEN,
20126,GEN,
20127,GEN,
20128,OBC-NCL,5162
20129,GEN,
20130,OBC-NCL,5163
20131,GEN,
20132,GEN,
20133,OBC-NCL,5164
20134,GEN,
20135,GEN-EWS,3099
20136,GEN,
20137,GEN,
20138,OBC-NCL,5165
20139,GEN,
20140,SC,717
20141,GEN-EWS,3100
20142,GEN-EWS,3101
20143,GEN,
20144,ST,202
20145,GEN,
20146,GEN,
20146,GEN,
20148,SC,718
20149,OBC-NCL,5167
20150,OBC-NCL,5168
20151,OBC-NCL,5169
20152,OBC-NCL,5170
20153,SC,719
20154,OBC-NCL,5171
20155,GEN,
20156,OBC-NCL,5172
20157,OBC-NCL,5173
20158,OBC-NCL,5174
20159,GEN,
20160,GEN-EWS,3102
20161,OBC-NCL,5175
20162,GEN,
20163,GEN,
20164,OBC-NCL,5176
20165,OBC-NCL,5177
20166,GEN-EWS,3103
20167,OBC-NCL,5178
20168,GEN,
20169,GEN-EWS,3104
20170,GEN,
20171,ST,203
20172,GEN,
20173,GEN,
20174,GEN,
20175,GEN,
20176,GEN,
20177,GEN-EWS,3105
20178,GEN,
20179,GEN,
20180,GEN,
20181,GEN,
20182,GEN-EWS,3106
20183,OBC-NCL,5179
20184,OBC-NCL,5180
20185,GEN-EWS,3107
20186,OBC-NCL,5181
20187,OBC-NCL,5182
20188,OBC-NCL,5183
20189,OBC-NCL,5184
20190,GEN,
20191,SC,721
20192,GEN,
20193,GEN,
20194,GEN,
20195,GEN,
20196,GEN-EWS,3108
20197,GEN-EWS,3109
20198,GEN,
20199,GEN,
20200,GEN,
20201,OBC-NCL,5185
20202,OBC-NCL,5186
20203,OBC-NCL,5187
20204,GEN,
20204,OBC-NCL,5188
20206,GEN,
20207,GEN,
20208,GEN,
20209,GEN,
20210,GEN,
20211,GEN-EWS,3110
20212,GEN,
20213,GEN,
20214,OBC-NCL,5189
20215,GEN-EWS,3111
20216,GEN,
20217,GEN,
20218,GEN,
20219,OBC-NCL,5190
20220,GEN,
20221,GEN-EWS,3112
20222,GEN,
20223,GEN-EWS,3113
20224,GEN,
20225,OBC-NCL,5191
20226,SC,722
20227,GEN-EWS,3114
20228,GEN,
20229,OBC-NCL,5192
20230,GEN-EWS,3115
20231,GEN-EWS,3116
20232,OBC-NCL,5193
20233,OBC-NCL,5194
20234,OBC-NCL,5195
20235,SC,724
20236,OBC-NCL,5196
20237,GEN,
20238,GEN,
20239,GEN,
20240,GEN,
20241,GEN,
20242,SC,725
20243,GEN,
20244,GEN-EWS,3117
20245,GEN,
20246,OBC-NCL,5197
20246,OBC-NCL,5197
20248,GEN,
20249,GEN-EWS,3118
20250,OBC-NCL,5199
20251,OBC-NCL,5200
20252,GEN,
20253,GEN,
20254,GEN-EWS,3119
20255,GEN,
20256,OBC-NCL,5201
20257,GEN,
20258,GEN,
20259,GEN,
20260,GEN-EWS,3120
20261,GEN-EWS,3121
20262,OBC-NCL,5202
20263,GEN-EWS,3122
20264,OBC-NCL,5203
20265,GEN-EWS,3123
20266,OBC-NCL,5204
20267,OBC-NCL,5205
20268,OBC-NCL,5206
20269,GEN-EWS,3124
20270,GEN,
20271,GEN,
20272,OBC-NCL,5208
20273,OBC-NCL,5209
20274,SC,726
20275,OBC-NCL,5210
20276,GEN,
20277,OBC-NCL,5211
20278,GEN-EWS,3125
20279,OBC-NCL,5212
20280,GEN,
20281,GEN,
20282,GEN,
20283,GEN-EWS,3126
20284,GEN-EWS,3127
20285,GEN,
20286,GEN-EWS,3128
20287,GEN-EWS,3129
20288,GEN-EWS,3130
20289,GEN,
20290,GEN,
20291,GEN,
20292,OBC-NCL,5213
20293,SC,727
20294,GEN,
20295,SC,728
20296,GEN,
20297,GEN,
20298,OBC-NCL,5214
20299,OBC-NCL,5215
20300,GEN-EWS,3131
20301,GEN,
20302,OBC-NCL,5216
20303,OBC-NCL,5217
20304,GEN,
20305,OBC-NCL,5218
20306,OBC-NCL,5219
20307,GEN-EWS,3132
20308,GEN,
20309,GEN,
20310,GEN,
20311,GEN,
20312,OBC-NCL,5220
20313,GEN,
20314,GEN-EWS,3133
20315,SC,729
20316,GEN-EWS,3134
20317,OBC-NCL,5221
20318,GEN-EWS,3135
20319,GEN,
20320,OBC-NCL,5222
20321,GEN,
20322,GEN-EWS,3136
20323,OBC-NCL,5223
20324,GEN,
20325,GEN,
20326,GEN,
20327,GEN,
20328,GEN,
20329,OBC-NCL,5224
20330,OBC-NCL,5225
20331,GEN,
20332,OBC-NCL,5226
20333,GEN,
20334,GEN-EWS,3137
20335,GEN,
20336,OBC-NCL,5227
20337,GEN-EWS,3138
20338,OBC-NCL,5228
20339,OBC-NCL,5229
20340,OBC-NCL,5230
20341,OBC-NCL,5231
20342,OBC-NCL,5232
20343,OBC-NCL,5233
20344,GEN,
20345,GEN-EWS,3139
20346,OBC-NCL,5234
20347,GEN,
20348,GEN,
20349,GEN,
20350,GEN-EWS,3140
20351,GEN-EWS,3141
20352,GEN,
20353,GEN,
20354,SC,730
20355,GEN,
20356,GEN,
20357,OBC-NCL,5235
20358,GEN,
20359,OBC-NCL,5236
20360,SC,731
20361,GEN,
20362,OBC-NCL,5237
20363,GEN,
20364,OBC-NCL,5238
20365,GEN,
20366,SC,732
20367,GEN-EWS,3142
20368,GEN-EWS,3143
20369,GEN,
20370,GEN,
20371,OBC-NCL,5239
20372,GEN,
20373,GEN,
20374,GEN,
20375,OBC-NCL,5240
20376,GEN-EWS,3144
20377,OBC-NCL,5241
20378,GEN,
20379,GEN,
20380,OBC-NCL,5242
20381,GEN,
20382,GEN,
20383,OBC-NCL,5243
20384,SC,733
20385,GEN,
20386,GEN,
20387,GEN-EWS,3145
20388,GEN-EWS,3146
20389,GEN,
20390,GEN,
20391,GEN,
20392,SC,734
20393,GEN,
20394,GEN-EWS,3147
20395,GEN,
20396,GEN-EWS,3148
20397,OBC-NCL,5244
20398,GEN-EWS,3149
20399,OBC-NCL,5245
20400,OBC-NCL,5246
20401,GEN,
20402,GEN,
20403,GEN,
20404,GEN,
20405,GEN,
20406,GEN,
20407,OBC-NCL,5247
20408,GEN,
20409,OBC-NCL,5248
20410,GEN,
20411,OBC-NCL,5249
20412,GEN,
20412,GEN,
20414,GEN-EWS,3150
20415,GEN,
20416,GEN-EWS,3151
20417,SC,735
20418,GEN-EWS,3152
20419,OBC-NCL,5251
20420,GEN,
20421,GEN-EWS,3153
20422,OBC-NCL,5252
20423,GEN-EWS,3154
20424,GEN-EWS,3155
20425,GEN,
20426,GEN,
20427,GEN-EWS,3156
20428,GEN,
20429,OBC-NCL,5253
20430,GEN-EWS,3157
20431,GEN,
20432,SC,736
20433,OBC-NCL,5254
20434,GEN,
20435,GEN,
20436,GEN-EWS,3158
20437,GEN,
20438,GEN,
20439,GEN-EWS,3159
20440,OBC-NCL,5255
20441,OBC-NCL,5256
20442,GEN,
20443,GEN,
20444,GEN,
20445,GEN,
20446,GEN,
20447,OBC-NCL,5257
20448,GEN,
20449,OBC-NCL,5258
20450,GEN,
20451,GEN,
20452,GEN-EWS,3160
20453,GEN-EWS,3161
20454,OBC-NCL,5259
20455,GEN-EWS,3162
20456,OBC-NCL,5260
20457,GEN,
20458,OBC-NCL,5261
20459,GEN-EWS,3163
20460,SC,737
20461,GEN-EWS,3164
20462,OBC-NCL,5262
20463,GEN,
20464,OBC-NCL,5263
20465,GEN-EWS,3165
20466,SC,738
20467,GEN,
20468,GEN,
20469,GEN,
20470,OBC-NCL,5264
20471,GEN,
20472,OBC-NCL,5265
20473,GEN,
20474,OBC-NCL,5266
20475,GEN,
20476,GEN,
20477,GEN,
20478,SC,739
20479,OBC-NCL,5268
20480,GEN,
20481,OBC-NCL,5269
20482,OBC-NCL,5270
20483,GEN,
20484,OBC-NCL,5271
20485,GEN,
20486,OBC-NCL,5272
20487,GEN,
20488,GEN,
20489,GEN-EWS,3166
20490,GEN,
20491,GEN,
20492,GEN,
20493,OBC-NCL,5273
20494,GEN,
20495,SC,740
20496,GEN,
20497,ST,204
20498,GEN,
20499,OBC-NCL,5274
20500,GEN,
20501,GEN,
20502,GEN,
20503,GEN,
20504,OBC-NCL,5275
20505,SC,741
20506,GEN,
20507,GEN,
20508,GEN,
20509,GEN,
20510,GEN-EWS,3167
20511,GEN,
20512,GEN,
20513,OBC-NCL,5276
20514,GEN,
20515,OBC-NCL,5277
20516,OBC-NCL,5278
20517,ST,205
20518,GEN,
20519,OBC-NCL,5279
20520,GEN,
20521,OBC-NCL,5280
20522,GEN,
20523,SC,742
20524,OBC-NCL,5281
20525,GEN-EWS,3168
20526,GEN,
20527,OBC-NCL,5282
20528,OBC-NCL,5283
20529,GEN,
20530,GEN,
20531,OBC-NCL,5284
20532,OBC-NCL,5285
20533,GEN,
20534,GEN-EWS,3169
20535,OBC-NCL,5286
20536,GEN,
20537,GEN,
20538,GEN-EWS,3170
20539,GEN,
20540,GEN,
20541,GEN,
20542,OBC-NCL,5287
20543,OBC-NCL,5288
20544,GEN,
20545,OBC-NCL,5289
20546,GEN,
20547,GEN,
20548,GEN-EWS,3171
20549,GEN-EWS,3172
20550,GEN,
20551,OBC-NCL,5290
20552,OBC-NCL,5291
20553,GEN,
20554,OBC-NCL,5292
20555,GEN,
20556,GEN-EWS,3173
20557,OBC-NCL,5293
20558,GEN,
20559,GEN,
20560,OBC-NCL,5294
20561,OBC-NCL,5295
20562,GEN-EWS,3174
20562,OBC-NCL,5296
20564,SC,743
20565,GEN,
20566,GEN,
20567,OBC-NCL,5297
20568,GEN-EWS,3175
20569,GEN,
20570,GEN,
20571,GEN,
20572,GEN,
20573,GEN,
20574,OBC-NCL,5298
20575,GEN,
20576,OBC-NCL,5299
20577,GEN-EWS,3176
20578,GEN,
20579,GEN,
20580,OBC-NCL,5300
20581,SC,744
20582,GEN,
20583,GEN,
20584,GEN,
20585,OBC-NCL,5301
20586,GEN-EWS,3177
20587,GEN,
20588,GEN,
20589,GEN,
20590,GEN,
20591,GEN-EWS,3178
20592,GEN-EWS,3179
20593,GEN,
20594,GEN,
20595,OBC-NCL,5302
20596,GEN,
20597,GEN-EWS,3180
20598,GEN,
20599,OBC-NCL,5303
20600,GEN,
20601,GEN,
20602,OBC-NCL,5304
20603,OBC-NCL,5305
20604,GEN,
20605,OBC-NCL,5306
20606,GEN,
20607,GEN-EWS,3181
20608,OBC-NCL,5307
20609,GEN,
20610,GEN,
20611,GEN,
20612,GEN,
20613,GEN-EWS,3182
20614,GEN,
20615,OBC-NCL,5308
20616,GEN,
20617,OBC-NCL,5309
20618,GEN,
20619,OBC-NCL,5310
20620,OBC-NCL,5311
20621,GEN,
20622,GEN,
20623,OBC-NCL,5312
20624,SC,745
20625,GEN-EWS,3183
20626,GEN,
20627,GEN,
20628,GEN,
20629,GEN,
20630,SC,746
20631,OBC-NCL,5313
20632,OBC-NCL,5314
20633,GEN,
20634,GEN-EWS,3184
20635,GEN-EWS,3185
20636,GEN,
20637,SC,747
20638,GEN-EWS,3186
20639,GEN,
20640,OBC-NCL,5315
20641,GEN,
20642,GEN,
20643,GEN,
20644,OBC-NCL,5316
20645,OBC-NCL,5317
20646,OBC-NCL,5318
20647,OBC-NCL,5319
20648,GEN,
20649,GEN,
20650,GEN-EWS,3187
20651,GEN,
20652,OBC-NCL,5320
20653,OBC-NCL,5321
20654,OBC-NCL,5322
20655,OBC-NCL,5323
20656,GEN-EWS,3188
20657,OBC-NCL,5324
20658,OBC-NCL,5325
20659,SC,748
20660,GEN,
20661,GEN,
20662,GEN-EWS,3189
20663,SC,749
20664,GEN,
20665,GEN,
20666,GEN,
20667,GEN,
20668,OBC-NCL,5326
20669,GEN,
20669,GEN,
20671,OBC-NCL,5327
20672,OBC-NCL,5328
20673,GEN,
20674,GEN,
20675,GEN-EWS,3190
20676,GEN,
20677,GEN-EWS,3191
20678,OBC-NCL,5329
20679,GEN-EWS,3192
20680,GEN,
20681,GEN-EWS,3193
20682,OBC-NCL,5330
20683,GEN-EWS,3194
20684,GEN,
20685,OBC-NCL,5331
20686,GEN,
20687,ST,206
20688,OBC-NCL,5332
20689,GEN,
20690,GEN,
20691,GEN,
20691,GEN,
20693,GEN-EWS,3195
20694,GEN-EWS,3196
20695,GEN,
20696,GEN,
20697,GEN-EWS,3197
20698,GEN,
20699,GEN,
20700,GEN-EWS,3198
20701,OBC-NCL,5333
20702,OBC-NCL,5334
20703,OBC-NCL,5335
20704,SC,750
20705,OBC-NCL,5336
20706,OBC-NCL,5337
20707,OBC-NCL,5338
20708,GEN-EWS,3199
20709,GEN,
20710,GEN,
20711,OBC-NCL,5339
20712,GEN-EWS,3200
20713,GEN,
20714,GEN,
20715,GEN,
20716,GEN-EWS,3201
20717,GEN,
20718,GEN,
20719,GEN,
20720,GEN,
20721,OBC-NCL,5340
20722,GEN,
20723,GEN,
20724,OBC-NCL,5341
20725,OBC-NCL,5342
20726,GEN,
20727,GEN,
20728,GEN-EWS,3202
20729,OBC-NCL,5343
20730,GEN,
20731,OBC-NCL,5344
20732,OBC-NCL,5345
20733,OBC-NCL,5346
20734,GEN-EWS,3203
20735,GEN,
20736,OBC-NCL,5347
20737,GEN,
20738,GEN,
20739,GEN-EWS,3204
20740,SC,751
20741,GEN,
20742,OBC-NCL,5348
20743,GEN,
20744,OBC-NCL,5349
20745,GEN,
20746,GEN,
20747,SC,752
20748,OBC-NCL,5350
20749,OBC-NCL,5351
20750,GEN,
20751,GEN,
20752,OBC-NCL,5352
20753,OBC-NCL,5353
20754,GEN-EWS,3205
20755,GEN,
20756,GEN,
20757,GEN,
20758,OBC-NCL,5354
20759,GEN,
20759,OBC-NCL,5355
20761,GEN,
20762,GEN-EWS,3206
20763,GEN,
20764,GEN,
20765,ST,207
20766,GEN,
20767,GEN,
20768,GEN,
20769,GEN,
20770,SC,753
20771,GEN,
20772,OBC-NCL,5356
20773,GEN,
20774,GEN-EWS,3207
20775,OBC-NCL,5357
20776,GEN-EWS,3208
20777,GEN,
20778,OBC-NCL,5358
20779,GEN-EWS,3209
20780,GEN-EWS,3210
20781,SC,755
20782,GEN,
20783,GEN-EWS,3211
20784,OBC-NCL,5359
20785,GEN-EWS,3212
20786,SC,756
20787,GEN-EWS,3213
20788,GEN,
20789,GEN,
20790,GEN,
20791,OBC-NCL,5360
20792,SC,757
20793,GEN,
20794,GEN,
20795,GEN-EWS,3214
20796,GEN,
20797,GEN-EWS,3215
20798,GEN,
20799,OBC-NCL,5361
20800,GEN,
20801,OBC-NCL,5362
20802,GEN-EWS,3216
20803,OBC-NCL,5363
20804,OBC-NCL,5364
20805,GEN,
20806,GEN-EWS,3217
20807,OBC-NCL,5365
20808,GEN,
20809,GEN,
20810,OBC-NCL,5366
20811,OBC-NCL,5367
20812,GEN,
20813,GEN-EWS,3218
20814,OBC-NCL,5368
20815,ST,208
20816,GEN,
20817,OBC-NCL,5369
20818,GEN,
20819,GEN,
20820,GEN,
20821,GEN,
20822,GEN,
20823,OBC-NCL,5370
20824,OBC-NCL,5371
20825,OBC-NCL,5372
20826,GEN,
20827,GEN-EWS,3219
20828,GEN,
20829,OBC-NCL,5373
20830,SC,758
20831,GEN,
20832,GEN-EWS,3220
20832,OBC-NCL,5374
20834,OBC-NCL,5375
20835,OBC-NCL,5376
20836,GEN-EWS,3221
20837,GEN,
20838,OBC-NCL,5377
20839,OBC-NCL,5378
20840,GEN,
20841,GEN,
20842,GEN,
20843,GEN-EWS,3222
20844,GEN-EWS,3223
20845,GEN,
20846,GEN-EWS,3224
20847,OBC-NCL,5379
20848,GEN,
20849,GEN,
20850,GEN,
20851,OBC-NCL,5380
20852,OBC-NCL,5381
20853,GEN-EWS,3225
20854,GEN,
20855,GEN-EWS,3226
20856,OBC-NCL,5382
20857,GEN,
20858,GEN,
20859,GEN-EWS,3227
20860,OBC-NCL,5383
20861,SC,759
20862,GEN,
20863,GEN,
20864,OBC-NCL,5384
20865,GEN,
20866,GEN-EWS,3228
20867,OBC-NCL,5385
20868,GEN,
20869,OBC-NCL,5386
20870,GEN,
20871,OBC-NCL,5387
20872,GEN,
20873,SC,760
20874,GEN,
20875,OBC-NCL,5388
20876,OBC-NCL,5389
20877,GEN-EWS,3229
20878,OBC-NCL,5390
20879,GEN-EWS,3230
20880,OBC-NCL,5391
20881,ST,209
20882,OBC-NCL,5392
20883,GEN,
20884,GEN,
20885,OBC-NCL,5393
20886,OBC-NCL,5394
20887,GEN,
20888,OBC-NCL,5396
20889,OBC-NCL,5397
20890,OBC-NCL,5398
20891,GEN-EWS,3232
20892,GEN,
20893,OBC-NCL,5399
20894,GEN-EWS,3233
20895,GEN,
20896,GEN,
20897,OBC-NCL,5400
20898,GEN,
20899,GEN-EWS,3234
20900,GEN,
20901,OBC-NCL,5401
20902,GEN,
20903,GEN,
20904,GEN-EWS,3235
20905,SC,761
20906,GEN-EWS,3236
20907,GEN,
20908,GEN,
20909,GEN-EWS,3237
20910,GEN-EWS,3238
20911,OBC-NCL,5402
20912,GEN-EWS,3239
20913,OBC-NCL,5403
20914,SC,762
20915,GEN,
20916,OBC-NCL,5404
20917,GEN,
20918,GEN,
20919,GEN,
20920,GEN,
20921,GEN,
20922,OBC-NCL,5405
20923,GEN,
20924,GEN,
20925,GEN,
20926,GEN-EWS,3240
20927,GEN,
20928,GEN,
20929,OBC-NCL,5406
20930,GEN,
20931,GEN-EWS,3241
20932,GEN,
20933,OBC-NCL,5407
20934,GEN-EWS,3242
20935,GEN,
20936,GEN,
20937,OBC-NCL,5408
20938,OBC-NCL,5409
20939,GEN,
20940,OBC-NCL,5410
20941,GEN,
20942,GEN,
20943,GEN-EWS,3243
20944,SC,763
20945,GEN-EWS,3244
20946,GEN,
20947,GEN,
20948,GEN,
20949,GEN,
20950,GEN,
20951,GEN,
20952,OBC-NCL,5411
20953,OBC-NCL,5412
20954,OBC-NCL,5413
20955,GEN,
20956,GEN,
20957,OBC-NCL,5414
20958,GEN,
20959,GEN-EWS,3245
20960,GEN-EWS,3246
20961,ST,210
20962,GEN,
20962,GEN,
20964,ST,211
20965,GEN,
20966,OBC-NCL,5415
20967,SC,764
20968,GEN,
20969,GEN,
20970,GEN,
20971,GEN-EWS,3247
20972,GEN,
20973,GEN-EWS,3248
20974,GEN,
20975,GEN-EWS,3249
20976,OBC-NCL,5416
20977,OBC-NCL,5417
20978,OBC-NCL,5418
20979,GEN-EWS,3250
20980,OBC-NCL,5419
20981,GEN-EWS,3251
20982,GEN-EWS,3252
20983,GEN,
20984,SC,765
20985,OBC-NCL,5420
20986,OBC-NCL,5421
20987,GEN,
20988,OBC-NCL,5422
20989,GEN-EWS,3253
20990,OBC-NCL,5423
20991,GEN,
20992,ST,212
20993,GEN-EWS,3254
20994,GEN-EWS,3255
20995,GEN,
20996,OBC-NCL,5424
20997,OBC-NCL,5425
20998,OBC-NCL,5426
20999,OBC-NCL,5427
21000,OBC-NCL,5428
21001,OBC-NCL,5429
21002,OBC-NCL,5430
21003,SC,766
21004,GEN,
21005,OBC-NCL,5431
21006,OBC-NCL,5432
21007,GEN,
21008,GEN,
21009,GEN-EWS,3256
21010,GEN,
21011,OBC-NCL,5433
21012,GEN-EWS,3257
21013,GEN-EWS,3258
21014,OBC-NCL,5434
21015,GEN-EWS,3259
21016,OBC-NCL,5435
21017,GEN,
21018,OBC-NCL,5436
21019,GEN-EWS,3260
21020,SC,767
21021,GEN,
21021,GEN,
21023,OBC-NCL,5437
21024,GEN,
21025,GEN,
21026,GEN,
21027,GEN,
21028,GEN,
21029,GEN,
21030,GEN,
21031,GEN-EWS,3261
21032,GEN-EWS,3262
21033,GEN,
21034,ST,213
21035,GEN,
21036,GEN,
21036,GEN,
21038,GEN,
21039,GEN,
21039,OBC-NCL,5438
21041,OBC-NCL,5439
21042,OBC-NCL,5440
21043,OBC-NCL,5441
21044,GEN,
21045,GEN,
21046,GEN,
21047,OBC-NCL,5442
21048,GEN-EWS,3263
21049,GEN,
21050,GEN,
21051,OBC-NCL,5443
21052,OBC-NCL,5444
21053,OBC-NCL,5445
21054,GEN-EWS,3264
21055,OBC-NCL,5446
21056,GEN-EWS,3265
21057,GEN,
21058,SC,768
21059,GEN,
21060,GEN,
21061,OBC-NCL,5447
21062,OBC-NCL,5448
21062,SC,769
21064,GEN-EWS,3266
21065,GEN,
21066,GEN,
21067,GEN,
21068,GEN-EWS,3267
21069,GEN,
21070,GEN,
21071,GEN,
21072,OBC-NCL,5449
21073,GEN,
21073,GEN,
21075,GEN,
21076,GEN,
21077,SC,770
21078,OBC-NCL,5450
21079,GEN-EWS,3268
21080,OBC-NCL,5451
21081,OBC-NCL,5452
21082,GEN,
21083,OBC-NCL,5453
21084,ST,214
21085,SC,771
21086,GEN-EWS,3269
21087,GEN-EWS,3270
21088,GEN,
21089,OBC-NCL,5454
21090,GEN,
21091,OBC-NCL,5455
21092,OBC-NCL,5456
21093,OBC-NCL,5457
21094,OBC-NCL,5458
21095,GEN,
21096,SC,772
21097,SC,773
21098,OBC-NCL,5459
21099,GEN-EWS,3271
21100,OBC-NCL,5460
21101,GEN-EWS,3272
21102,GEN,
21103,OBC-NCL,5461
21104,GEN,
21105,GEN,
21106,GEN,
21107,GEN,
21108,OBC-NCL,5462
21109,GEN,
21110,GEN-EWS,3273
21111,OBC-NCL,5463
21112,GEN,
21113,OBC-NCL,5464
21114,GEN,
21115,GEN-EWS,3274
21116,OBC-NCL,5465
21117,GEN-EWS,3275
21118,OBC-NCL,5466
21119,GEN,
21120,GEN,
21121,GEN-EWS,3277
21122,OBC-NCL,5467
21123,GEN,
21124,GEN,
21125,GEN,
21126,GEN,
21127,OBC-NCL,5468
21128,GEN,
21129,GEN,
21130,OBC-NCL,5469
21131,GEN-EWS,3278
21132,GEN,
21133,OBC-NCL,5470
21134,OBC-NCL,5471
21135,OBC-NCL,5472
21136,GEN,
21137,GEN,
21138,GEN,
21139,GEN-EWS,3279
21140,GEN,
21141,SC,774
21142,OBC-NCL,5473
21143,OBC-NCL,5474
21144,OBC-NCL,5475
21145,OBC-NCL,5476
21146,OBC-NCL,5477
21147,OBC-NCL,5478
21148,OBC-NCL,5479
21149,OBC-NCL,5480
21150,GEN-EWS,3280
21151,GEN,
21152,GEN-EWS,3281
21153,GEN-EWS,3282
21154,OBC-NCL,5481
21155,OBC-NCL,5482
21156,OBC-NCL,5483
21157,GEN,
21158,GEN,
21159,SC,775
21160,GEN,
21161,OBC-NCL,5484
21162,GEN,
21163,GEN,
21164,SC,776
21165,OBC-NCL,5485
21166,GEN,
21166,GEN-EWS,3283
21168,OBC-NCL,5486
21169,GEN,
21170,GEN,
21171,SC,777
21172,OBC-NCL,5487
21173,GEN,
21174,GEN,
21175,GEN,
21176,GEN,
21177,GEN,
21178,GEN,
21179,GEN,
21180,OBC-NCL,5488
21181,OBC-NCL,5489
21182,GEN,
21183,SC,778
21184,GEN,
21185,GEN-EWS,3284
21186,OBC-NCL,5490
21187,SC,779
21188,GEN,
21189,GEN,
21190,GEN,
21191,SC,780
21192,ST,215
21193,GEN,
21194,GEN,
21195,ST,216
21196,OBC-NCL,5491
21197,GEN,
21198,GEN,
21199,GEN-EWS,3285
21200,GEN,
21201,SC,781
21202,GEN,
21203,GEN-EWS,3286
21204,GEN,
21205,GEN,
21206,GEN-EWS,3287
21207,OBC-NCL,5492
21208,OBC-NCL,5493
21209,OBC-NCL,5494
21210,GEN,
21211,GEN,
21212,GEN,
21213,GEN,
21214,GEN-EWS,3289
21215,OBC-NCL,5496
21216,GEN,
21217,GEN,
21218,GEN,
21219,GEN,
21220,GEN,
21221,OBC-NCL,5497
21222,OBC-NCL,5498
21223,OBC-NCL,5500
21224,GEN,
21225,GEN-EWS,3290
21226,OBC-NCL,5501
21227,GEN,
21228,OBC-NCL,5502
21229,GEN,
21230,GEN,
21231,GEN,
21232,GEN,
21233,GEN,
21234,GEN,
21235,GEN,
21236,GEN,
21237,GEN,
21238,GEN,
21239,OBC-NCL,5503
21240,OBC-NCL,5504
21241,GEN,
21242,GEN,
21243,GEN,
21244,GEN-EWS,3291
21245,GEN,
21246,OBC-NCL,5505
21247,GEN,
21248,GEN,
21249,OBC-NCL,5506
21250,GEN,
21251,GEN,
21252,GEN,
21253,GEN,
21254,OBC-NCL,5507
21255,OBC-NCL,5508
21256,GEN,
21257,OBC-NCL,5509
21258,GEN-EWS,3292
21259,GEN,
21260,GEN-EWS,3293
21261,OBC-NCL,5510
21262,GEN,
21263,GEN-EWS,3294
21264,GEN,
21265,GEN,
21266,GEN,
21267,GEN,
21268,GEN,
21269,GEN-EWS,3295
21270,OBC-NCL,5511
21271,GEN,
21272,OBC-NCL,5512
21273,OBC-NCL,5513
21274,GEN,
21275,GEN-EWS,3296
21276,OBC-NCL,5514
21277,GEN-EWS,3297
21278,GEN,
21279,GEN,
21280,GEN-EWS,3298
21281,GEN,
21282,GEN,
21283,SC,782
21284,GEN-EWS,3299
21285,GEN,
21286,OBC-NCL,5515
21287,GEN,
21288,OBC-NCL,5516
21289,OBC-NCL,5517
21290,GEN,
21291,GEN,
21292,GEN-EWS,3300
21293,GEN,
21294,GEN-EWS,3301
21295,GEN,
21296,GEN,
21297,GEN-EWS,3302
21298,GEN-EWS,3303
21299,GEN,
21300,SC,783
21301,GEN,
21302,GEN,
21303,OBC-NCL,5518
21304,GEN,
21305,GEN,
21306,OBC-NCL,5519
21307,OBC-NCL,5520
21308,GEN,
21309,OBC-NCL,5521
21310,SC,784
21311,GEN-EWS,3304
21312,GEN,
21313,OBC-NCL,5522
21314,GEN,
21315,GEN,
21316,GEN,
21317,GEN-EWS,3305
21318,GEN,
21319,GEN,
21320,GEN-EWS,3306
21321,OBC-NCL,5523
21322,GEN,
21323,SC,785
21324,OBC-NCL,5524
21325,GEN,
21326,GEN,
21327,GEN,
21328,GEN-EWS,3307
21329,OBC-NCL,5525
21330,OBC-NCL,5526
21331,GEN,
21332,SC,786
21333,OBC-NCL,5527
21334,OBC-NCL,5528
21335,GEN,
21336,GEN-EWS,3308
21337,GEN,
21338,GEN,
21339,GEN,
21339,GEN,
21341,OBC-NCL,5529
21342,GEN,
21343,GEN,
21344,SC,787
21345,GEN,
21346,GEN-EWS,3309
21347,GEN,
21348,GEN,
21349,GEN,
21350,GEN,
21351,GEN,
21352,GEN,
21353,OBC-NCL,5530
21354,OBC-NCL,5531
21355,GEN,
21356,GEN,
21357,GEN,
21358,GEN,
21359,GEN-EWS,3310
21360,GEN-EWS,3311
21361,GEN,
21362,GEN,
21363,OBC-NCL,5532
21364,GEN,
21365,GEN,
21366,GEN,
21367,GEN,
21368,GEN-EWS,3312
21369,OBC-NCL,5533
21370,GEN-EWS,3313
21371,GEN,
21372,OBC-NCL,5534
21373,GEN,
21374,GEN,
21375,OBC-NCL,5535
21376,GEN,
21377,OBC-NCL,5536
21378,GEN,
21379,GEN,
21380,GEN-EWS,3314
21381,SC,788
21382,GEN-EWS,3315
21383,GEN,
21384,GEN,
21385,OBC-NCL,5537
21386,OBC-NCL,5538
21387,GEN,
21387,GEN,
21389,GEN,
21390,GEN-EWS,3316
21391,OBC-NCL,5539
21392,OBC-NCL,5540
21393,OBC-NCL,5541
21394,GEN-EWS,3317
21395,OBC-NCL,5542
21396,GEN,
21396,GEN,
21398,GEN,
21399,OBC-NCL,5543
21400,OBC-NCL,5544
21401,OBC-NCL,5545
21402,OBC-NCL,5546
21403,GEN,
21404,GEN,
21405,GEN,
21406,OBC-NCL,5547
21407,GEN,
21408,GEN,
21408,OBC-NCL,5548
21410,GEN,
21411,GEN,
21412,OBC-NCL,5549
21413,GEN,
21414,GEN,
21415,GEN,
21416,GEN,
21417,GEN-EWS,3318
21418,GEN,
21419,OBC-NCL,5550
21420,GEN-EWS,3319
21421,GEN-EWS,3320
21422,OBC-NCL,5551
21423,OBC-NCL,5552
21424,GEN,
21425,GEN-EWS,3321
21425,OBC-NCL,5553
21427,GEN-EWS,3322
21428,OBC-NCL,5554
21429,GEN,
21430,GEN,
21431,OBC-NCL,5555
21432,OBC-NCL,5556
21433,GEN,
21434,OBC-NCL,5557
21435,GEN,
21436,GEN,
21437,GEN,
21438,GEN-EWS,3323
21439,GEN,
21440,OBC-NCL,5558
21441,GEN,
21442,GEN-EWS,3324
21443,GEN,
21444,GEN,
21445,OBC-NCL,5559
21446,ST,217
21447,OBC-NCL,5560
21448,OBC-NCL,5561
21449,GEN-EWS,3325
21450,OBC-NCL,5562
21451,OBC-NCL,5563
21452,GEN-EWS,3326
21453,OBC-NCL,5564
21454,GEN,
21455,GEN-EWS,3327
21456,GEN,
21457,ST,218
21458,OBC-NCL,5565
21459,OBC-NCL,5566
21460,GEN,
21461,GEN,
21462,GEN,
21463,OBC-NCL,5567
21464,ST,219
21465,GEN,
21466,GEN,
21467,GEN,
21468,GEN-EWS,3328
21469,GEN,
21470,OBC-NCL,5568
21471,SC,790
21472,OBC-NCL,5569
21473,GEN,
21474,OBC-NCL,5570
21475,GEN-EWS,3329
21476,OBC-NCL,5571
21477,GEN,
21478,OBC-NCL,5572
21479,GEN-EWS,3330
21480,GEN-EWS,3331
21481,GEN,
21482,GEN,
21483,GEN,
21484,GEN,
21485,GEN-EWS,3332
21486,GEN,
21487,GEN,
21488,GEN-EWS,3333
21489,GEN,
21490,OBC-NCL,5573
21491,GEN,
21492,GEN,
21492,GEN,
21494,GEN-EWS,3334
21495,OBC-NCL,5574
21496,SC,791
21497,GEN,
21498,OBC-NCL,5575
21499,GEN,
21499,OBC-NCL,5576
21501,ST,220
21502,GEN,
21503,OBC-NCL,5577
21504,GEN-EWS,3335
21505,OBC-NCL,5578
21506,GEN-EWS,3336
21507,OBC-NCL,5579
21508,GEN-EWS,3337
21509,GEN,
21510,GEN,
21511,GEN,
21512,OBC-NCL,5581
21513,GEN,
21514,OBC-NCL,5582
21515,GEN,
21516,GEN-EWS,3338
21517,GEN-EWS,3339
21518,GEN-EWS,3340
21519,GEN,
21520,GEN,
21521,OBC-NCL,5583
21522,GEN,
21523,GEN,
21524,OBC-NCL,5584
21525,GEN,
21526,GEN,
21527,GEN,
21528,SC,792
21529,GEN,
21530,GEN-EWS,3341
21531,OBC-NCL,5585
21532,SC,793
21533,GEN,
21534,GEN-EWS,3342
21535,GEN,
21536,OBC-NCL,5586
21537,GEN,
21538,GEN-EWS,3343
21539,GEN,
21540,OBC-NCL,5587
21541,GEN,
21542,GEN-EWS,3344
21543,GEN-EWS,3345
21544,GEN-EWS,3346
21544,OBC-NCL,5588
21546,GEN-EWS,3347
21547,GEN-EWS,3348
21548,OBC-NCL,5589
21549,OBC-NCL,5590
21550,OBC-NCL,5591
21551,GEN-EWS,3349
21552,GEN,
21553,GEN,
21554,GEN,
21555,GEN,
21556,OBC-NCL,5592
21557,OBC-NCL,5593
21558,OBC-NCL,5594
21559,OBC-NCL,5595
21560,OBC-NCL,5596
21561,OBC-NCL,5597
21562,OBC-NCL,5598
21563,OBC-NCL,5599
21564,GEN,
21565,OBC-NCL,5600
21566,GEN,
21567,OBC-NCL,5601
21568,OBC-NCL,5602
21569,SC,794
21570,GEN,
21571,OBC-NCL,5603
21572,GEN,
21573,GEN,
21574,GEN,
21575,OBC-NCL,5604
21576,GEN-EWS,3350
21577,OBC-NCL,5605
21578,OBC-NCL,5606
21579,OBC-NCL,5607
21580,OBC-NCL,5608
21581,GEN,
21582,OBC-NCL,5609
21583,GEN-EWS,3351
21584,GEN,
21585,OBC-NCL,5610
21586,GEN,
21587,GEN,
21588,OBC-NCL,5611
21589,GEN-EWS,3352
21590,GEN-EWS,3353
21591,SC,795
21592,OBC-NCL,5612
21593,OBC-NCL,5613
21594,GEN,
21595,GEN,
21596,GEN-EWS,3354
21597,ST,222
21598,OBC-NCL,5614
21599,GEN,
21599,GEN,
21601,GEN,
21602,SC,796
21603,GEN-EWS,3355
21604,GEN,
21605,GEN,
21606,GEN,
21607,GEN,
21608,OBC-NCL,5615
21609,OBC-NCL,5616
21610,GEN,
21611,GEN,
21612,OBC-NCL,5617
21613,GEN,
21614,GEN,
21615,GEN,
21616,GEN,
21617,GEN,
21618,GEN,
21619,OBC-NCL,5618
21620,GEN,
21621,OBC-NCL,5619
21622,OBC-NCL,5621
21623,GEN-EWS,3356
21624,OBC-NCL,5622
21625,GEN,
21626,SC,797
21627,OBC-NCL,5623
21628,OBC-NCL,5624
21629,GEN,
21630,GEN,
21631,GEN,
21632,GEN,
21633,SC,798
21634,GEN,
21635,GEN,
21636,GEN-EWS,3357
21637,GEN-EWS,3358
21638,OBC-NCL,5625
21639,GEN,
21640,GEN-EWS,3359
21641,GEN,
21642,GEN,
21643,SC,799
21644,GEN,
21645,GEN,
21646,OBC-NCL,5626
21647,GEN,
21648,GEN,
21649,GEN,
21650,GEN,
21651,OBC-NCL,5627
21652,OBC-NCL,5628
21653,GEN-EWS,3360
21654,OBC-NCL,5629
21655,ST,223
21656,GEN,
21657,GEN,
21658,GEN-EWS,3361
21659,GEN,
21659,GEN-EWS,3362
21661,GEN-EWS,3363
21662,GEN-EWS,3364
21663,GEN-EWS,3365
21664,OBC-NCL,5630
21665,OBC-NCL,5631
21666,OBC-NCL,5632
21667,GEN,
21668,GEN,
21669,GEN,
21670,GEN,
21671,GEN,
21672,OBC-NCL,5633
21673,GEN-EWS,3366
21674,OBC-NCL,5634
21675,GEN-EWS,3367
21676,GEN,
21677,GEN-EWS,3369
21678,GEN,
21679,GEN,
21680,OBC-NCL,5635
21681,GEN,
21682,GEN,
21683,GEN,
21684,GEN-EWS,3370
21685,GEN,
21686,GEN-EWS,3371
21687,GEN,
21688,ST,224
21689,GEN-EWS,3372
21690,GEN-EWS,3373
21691,GEN,
21692,GEN,
21693,GEN,
21694,GEN,
21695,GEN,
21696,GEN,
21697,GEN-EWS,3374
21698,OBC-NCL,5637
21699,GEN-EWS,3375
21700,GEN,
21701,OBC-NCL,5638
21702,SC,800
21703,OBC-NCL,5639
21704,OBC-NCL,5640
21705,OBC-NCL,5641
21706,GEN,
21707,GEN,
21708,GEN,
21709,GEN,
21710,GEN,
21711,GEN,
21712,GEN,
21713,OBC-NCL,5642
21714,GEN,
21715,OBC-NCL,5643
21716,GEN-EWS,3376
21717,GEN,
21718,GEN,
21719,GEN,
21720,OBC-NCL,5644
21721,OBC-NCL,5645
21722,OBC-NCL,5646
21723,GEN,
21724,GEN,
21725,GEN-EWS,3378
21726,GEN,
21727,GEN,
21728,GEN,
21729,GEN-EWS,3379
21730,GEN-EWS,3380
21731,GEN-EWS,3381
21732,GEN-EWS,3382
21733,OBC-NCL,5647
21734,SC,801
21735,OBC-NCL,5648
21736,OBC-NCL,5649
21737,OBC-NCL,5650
21738,GEN,
21739,GEN-EWS,3383
21740,GEN-EWS,3384
21741,GEN-EWS,3385
21742,GEN-EWS,3386
21743,GEN,
21744,GEN,
21745,GEN,
21746,OBC-NCL,5651
21747,GEN-EWS,3387
21748,OBC-NCL,5652
21749,GEN,
21750,GEN,
21751,GEN-EWS,3388
21752,GEN,
21753,GEN,
21754,OBC-NCL,5653
21755,GEN,
21756,GEN,
21757,OBC-NCL,5654
21758,GEN-EWS,3389
21759,GEN,
21760,GEN,
21761,GEN,
21762,GEN-EWS,3390
21763,GEN-EWS,3391
21764,GEN,
21765,GEN,
21766,GEN-EWS,3392
21767,GEN,
21768,GEN-EWS,3393
21769,OBC-NCL,5655
21770,GEN-EWS,3394
21771,GEN,
21772,GEN,
21773,GEN,
21774,GEN,
21775,GEN,
21776,GEN-EWS,3395
21777,OBC-NCL,5656
21778,GEN-EWS,3396
21779,GEN-EWS,3397
21780,OBC-NCL,5657
21781,GEN,
21782,GEN,
21783,GEN,
21784,OBC-NCL,5658
21785,GEN,
21786,GEN,
21787,GEN,
21788,GEN-EWS,3398
21789,GEN-EWS,3399
21790,GEN,
21791,GEN,
21792,GEN,
21793,GEN,
21794,GEN-EWS,3400
21795,GEN-EWS,3401
21796,GEN,
21797,GEN-EWS,3402
21798,GEN-EWS,3403
21799,OBC-NCL,5659
21800,GEN-EWS,3404
21801,OBC-NCL,5660
21802,OBC-NCL,5661
21803,GEN,
21804,GEN,
21805,GEN,
21806,GEN,
21807,GEN-EWS,3405
21808,OBC-NCL,5662
21809,GEN-EWS,3406
21810,GEN,
21811,GEN,
21812,GEN,
21813,OBC-NCL,5663
21814,GEN,
21815,GEN,
21816,GEN,
21817,GEN,
21818,OBC-NCL,5664
21819,OBC-NCL,5665
21820,GEN,
21821,GEN,
21822,OBC-NCL,5666
21823,OBC-NCL,5667
21824,GEN,
21825,GEN,
21826,GEN-EWS,3407
21827,GEN-EWS,3408
21828,OBC-NCL,5668
21829,GEN,
21830,GEN,
21831,GEN,
21832,GEN,
21833,OBC-NCL,5669
21834,GEN,
21835,GEN,
21836,SC,802
21837,GEN-EWS,3409
21838,SC,803
21839,GEN,
21840,GEN,
21841,GEN,
21842,GEN,
21842,GEN,
21844,GEN-EWS,3410
21845,GEN-EWS,3411
21846,OBC-NCL,5670
21847,GEN-EWS,3412
21848,GEN,
21849,GEN,
21850,GEN,
21851,OBC-NCL,5671
21852,GEN-EWS,3413
21853,GEN,
21854,GEN,
21855,GEN-EWS,3414
21856,OBC-NCL,5672
21857,OBC-NCL,5673
21858,OBC-NCL,5674
21859,GEN,
21860,GEN-EWS,3415
21861,GEN-EWS,3416
21862,GEN-EWS,3417
21863,GEN,
21864,GEN,
21865,GEN,
21866,GEN,
21867,OBC-NCL,5676
21868,GEN-EWS,3418
21869,GEN,
21870,OBC-NCL,5677
21871,GEN-EWS,3419
21872,GEN-EWS,3420
21873,GEN,
21874,GEN,
21875,GEN,
21876,OBC-NCL,5678
21877,GEN,
21877,GEN,
21879,GEN,
21880,GEN-EWS,3421
21881,GEN,
21882,GEN-EWS,3422
21883,OBC-NCL,5679
21884,GEN,
21885,OBC-NCL,5680
21886,OBC-NCL,5681
21887,OBC-NCL,5682
21888,GEN,
21889,OBC-NCL,5683
21890,GEN-EWS,3423
21891,OBC-NCL,5684
21892,OBC-NCL,5686
21893,OBC-NCL,5687
21894,GEN-EWS,3424
21895,GEN,
21896,GEN-EWS,3425
21897,GEN,
21898,OBC-NCL,5688
21899,OBC-NCL,5689
21900,GEN,
21901,GEN-EWS,3426
21902,GEN,
21903,GEN,
21903,GEN,
21905,OBC-NCL,5690
21906,OBC-NCL,5691
21907,SC,804
21908,GEN-EWS,3427
21909,GEN,
21910,GEN-EWS,3428
21910,OBC-NCL,5692
21912,GEN,
21913,GEN-EWS,3429
21914,GEN-EWS,3430
21915,GEN,
21916,GEN,
21917,OBC-NCL,5693
21918,GEN,
21919,GEN,
21920,SC,805
21921,GEN,
21922,OBC-NCL,5694
21923,OBC-NCL,5695
21924,OBC-NCL,5696
21925,GEN,
21926,GEN,
21926,GEN,
21928,GEN,
21929,GEN,
21930,OBC-NCL,5697
21931,OBC-NCL,5698
21932,GEN,
21933,OBC-NCL,5699
21934,OBC-NCL,5700
21935,GEN,
21936,GEN,
21937,OBC-NCL,5701
21938,GEN,
21939,GEN-EWS,3431
21940,GEN,
21941,OBC-NCL,5702
21942,OBC-NCL,5703
21943,ST,225
21944,GEN,
21945,GEN,
21946,GEN,
21947,GEN,
21948,GEN-EWS,3432
21949,GEN,
21950,GEN-EWS,3433
21951,GEN-EWS,3434
21952,GEN,
21953,OBC-NCL,5704
21954,GEN,
21955,OBC-NCL,5705
21956,GEN,
21957,GEN,
21958,GEN-EWS,3435
21959,OBC-NCL,5706
21960,GEN,
21961,GEN-EWS,3436
21962,GEN-EWS,3437
21963,GEN,
21964,SC,806
21965,GEN,
21966,GEN,
21967,GEN,
21967,GEN,
21969,OBC-NCL,5707
21970,OBC-NCL,5708
21971,GEN,
21972,GEN,
21973,GEN-EWS,3438
21974,GEN-EWS,3439
21975,GEN,
21976,SC,807
21977,GEN,
21978,GEN,
21979,OBC-NCL,5709
21980,OBC-NCL,5710
21981,GEN-EWS,3440
21982,GEN,
21983,GEN,
21984,GEN,
21985,GEN,
21986,GEN,
21987,GEN,
21987,GEN-EWS,3441
21989,OBC-NCL,5711
21990,GEN,
21991,ST,226
21992,GEN,
21993,GEN,
21994,GEN-EWS,3442
21995,GEN,
21996,GEN-EWS,3443
21997,GEN,
21998,GEN,
21999,GEN-EWS,3444
22000,GEN,
22000,GEN-EWS,3445
22002,GEN,
22003,GEN,
22003,GEN-EWS,3446
22005,GEN-EWS,3447
22006,GEN-EWS,3448
22007,OBC-NCL,5712
22008,GEN-EWS,3449
22009,GEN,
22010,OBC-NCL,5713
22011,GEN-EWS,3450
22012,GEN,
22013,GEN,
22014,OBC-NCL,5714
22015,GEN-EWS,3451
22016,GEN-EWS,3452
22017,GEN,
22018,OBC-NCL,5715
22019,OBC-NCL,5716
22020,GEN,
22021,OBC-NCL,5717
22022,GEN-EWS,3453
22023,OBC-NCL,5718
22024,OBC-NCL,5719
22025,GEN,
22026,ST,227
22027,GEN,
22028,GEN,
22029,GEN-EWS,3454
22030,GEN-EWS,3455
22031,GEN,
22032,SC,808
22033,GEN,
22034,GEN,
22035,OBC-NCL,5720
22036,GEN,
22037,GEN,
22038,SC,809
22039,OBC-NCL,5721
22040,GEN,
22041,GEN,
22042,GEN,
22043,OBC-NCL,5722
22044,GEN-EWS,3456
22045,GEN,
22046,GEN,
22047,GEN,
22048,GEN,
22049,GEN,
22050,OBC-NCL,5723
22051,GEN,
22052,GEN-EWS,3457
22053,GEN,
22054,OBC-NCL,5724
22055,GEN,
22056,GEN,
22057,GEN,
22058,OBC-NCL,5725
22059,GEN,
22060,GEN,
22061,GEN,
22062,OBC-NCL,5726
22063,GEN-EWS,3458
22064,GEN,
22065,GEN-EWS,3459
22066,GEN,
22067,GEN,
22068,OBC-NCL,5727
22069,OBC-NCL,5728
22070,OBC-NCL,5729
22071,GEN,
22072,GEN,
22073,GEN,
22074,GEN,
22075,SC,811
22076,OBC-NCL,5730
22077,GEN,
22078,OBC-NCL,5731
22079,GEN,
22080,GEN,
22081,GEN,
22082,SC,812
22083,GEN-EWS,3460
22084,GEN,
22085,OBC-NCL,5732
22086,OBC-NCL,5733
22087,GEN,
22088,GEN-EWS,3461
22089,GEN-EWS,3462
22090,GEN-EWS,3463
22091,OBC-NCL,5734
22092,GEN,
22093,GEN,
22094,GEN,
22095,OBC-NCL,5735
22096,OBC-NCL,5736
22097,GEN,
22098,GEN-EWS,3464
22099,OBC-NCL,5737
22100,GEN,
22101,GEN-EWS,3465
22102,GEN,
22103,OBC-NCL,5738
22104,OBC-NCL,5739
22105,GEN-EWS,3466
22106,GEN,
22107,GEN,
22108,GEN,
22109,GEN-EWS,3467
22110,OBC-NCL,5740
22111,GEN-EWS,3468
22112,GEN-EWS,3469
22113,GEN,
22114,GEN,
22115,OBC-NCL,5741
22116,SC,813
22117,GEN,
22118,GEN,
22119,GEN-EWS,3470
22120,GEN,
22120,OBC-NCL,5742
22122,OBC-NCL,5743
22123,OBC-NCL,5744
22124,GEN,
22125,SC,814
22126,GEN,
22127,GEN-EWS,3471
22128,GEN,
22129,OBC-NCL,5746
22130,GEN,
22131,OBC-NCL,5747
22132,OBC-NCL,5748
22133,GEN,
22134,GEN,
22135,OBC-NCL,5749
22136,OBC-NCL,5750
22137,GEN,
22138,GEN,
22139,OBC-NCL,5751
22140,OBC-NCL,5752
22141,OBC-NCL,5753
22142,GEN,
22142,OBC-NCL,5754
22144,OBC-NCL,5755
22145,GEN,
22146,GEN,
22147,ST,228
22148,GEN,
22149,GEN,
22150,GEN,
22151,GEN,
22152,GEN-EWS,3472
22153,OBC-NCL,5756
22154,GEN,
22155,GEN,
22156,GEN,
22157,ST,229
22158,GEN,
22159,GEN,
22160,GEN,
22161,OBC-NCL,5757
22162,GEN,
22163,OBC-NCL,5758
22164,OBC-NCL,5759
22165,GEN-EWS,3473
22166,GEN,
22167,OBC-NCL,5760
22168,OBC-NCL,5761
22169,OBC-NCL,5762
22170,GEN,
22171,GEN,
22172,SC,816
22173,OBC-NCL,5763
22174,GEN,
22175,GEN,
22176,OBC-NCL,5764
22177,GEN,
22178,GEN-EWS,3474
22179,OBC-NCL,5765
22180,GEN,
22181,OBC-NCL,5766
22182,GEN,
22183,SC,817
22184,GEN,
22185,OBC-NCL,5767
22186,OBC-NCL,5768
22187,GEN,
22188,GEN,
22189,OBC-NCL,5769
22190,SC,818
22191,OBC-NCL,5770
22192,GEN,
22193,OBC-NCL,5771
22194,GEN-EWS,3475
22195,GEN,
22196,OBC-NCL,5772
22197,GEN-EWS,3476
22198,GEN-EWS,3477
22199,OBC-NCL,5773
22200,GEN,
22201,OBC-NCL,5774
22202,GEN,
22203,OBC-NCL,5775
22204,OBC-NCL,5776
22205,GEN,
22206,GEN,
22207,GEN,
22208,OBC-NCL,5777
22209,GEN-EWS,3478
22210,GEN,
22211,OBC-NCL,5778
22212,GEN,
22213,OBC-NCL,5779
22214,OBC-NCL,5780
22215,GEN-EWS,3479
22216,GEN,
22217,GEN,
22218,GEN,
22219,OBC-NCL,5781
22220,GEN,
22221,GEN,
22222,OBC-NCL,5782
22223,OBC-NCL,5783
22224,OBC-NCL,5784
22225,GEN,
22226,OBC-NCL,5785
22227,OBC-NCL,5786
22228,GEN,
22229,GEN,
22230,GEN,
22231,GEN,
22232,GEN,
22233,OBC-NCL,5787
22234,GEN,
22235,OBC-NCL,5788
22236,OBC-NCL,5789
22237,GEN,
22238,GEN-EWS,3480
22239,OBC-NCL,5790
22240,GEN,
22241,GEN,
22242,GEN,
22243,OBC-NCL,5791
22244,OBC-NCL,5792
22245,OBC-NCL,5793
22246,GEN,
22247,OBC-NCL,5794
22248,GEN,
22249,OBC-NCL,5795
22250,GEN,
22251,GEN,
22252,ST,230
22253,OBC-NCL,5796
22254,GEN,
22255,OBC-NCL,5797
22256,OBC-NCL,5798
22257,OBC-NCL,5799
22258,GEN,
22259,GEN-EWS,3481
22260,GEN-EWS,3482
22261,SC,820
22262,GEN,
22263,GEN,
22264,GEN,
22265,OBC-NCL,5800
22266,GEN,
22267,OBC-NCL,5801
22268,OBC-NCL,5802
22269,OBC-NCL,5803
22270,GEN,
22271,GEN-EWS,3483
22272,GEN,
22273,GEN,
22274,GEN-EWS,3484
22275,GEN-EWS,3485
22276,GEN,
22277,OBC-NCL,5804
22278,GEN,
22279,GEN,
22280,OBC-NCL,5805
22281,SC,821
22282,OBC-NCL,5806
22283,GEN,
22284,GEN-EWS,3486
22285,GEN-EWS,3487
22286,GEN,
22287,GEN,
22288,OBC-NCL,5807
22289,OBC-NCL,5808
22290,SC,822
22291,OBC-NCL,5809
22292,GEN,
22293,GEN,
22294,GEN,
22295,GEN-EWS,3488
22296,GEN,
22297,SC,823
22298,GEN-EWS,3489
22299,GEN,
22300,GEN,
22301,GEN,
22302,GEN,
22303,GEN,
22304,GEN,
22305,GEN,
22306,SC,824
22307,GEN-EWS,3490
22308,OBC-NCL,5810
22309,GEN-EWS,3491
22309,SC,825
22311,GEN,
22312,OBC-NCL,5811
22313,GEN-EWS,3492
22314,GEN,
22315,OBC-NCL,5812
22316,SC,826
22317,GEN,
22318,OBC-NCL,5813
22319,GEN-EWS,3493
22320,GEN,
22321,ST,232
22322,GEN-EWS,3494
22323,OBC-NCL,5814
22324,OBC-NCL,5815
22325,OBC-NCL,5816
22326,GEN,
22327,OBC-NCL,5817
22328,GEN-EWS,3495
22329,GEN-EWS,3496
22330,GEN-EWS,3497
22331,GEN-EWS,3498
22332,GEN-EWS,3499
22333,OBC-NCL,5818
22334,GEN-EWS,3500
22335,OBC-NCL,5819
22336,OBC-NCL,5820
22337,GEN,
22338,GEN-EWS,3501
22338,GEN-EWS,3501
22340,GEN,
22341,GEN,
22342,GEN-EWS,3503
22343,GEN-EWS,3504
22344,GEN,
22345,GEN-EWS,3505
22346,GEN,
22347,GEN,
22348,GEN,
22349,GEN,
22350,GEN,
22351,GEN,
22352,GEN,
22353,GEN,
22354,GEN,
22355,SC,827
22356,GEN,
22357,OBC-NCL,5821
22358,OBC-NCL,5822
22359,GEN,
22360,GEN,
22361,GEN,
22362,OBC-NCL,5823
22363,OBC-NCL,5824
22364,SC,828
22365,OBC-NCL,5825
22366,GEN,
22367,GEN,
22368,OBC-NCL,5826
22369,GEN,
22370,GEN,
22371,GEN,
22372,GEN,
22373,OBC-NCL,5827
22374,GEN,
22375,GEN-EWS,3506
22376,OBC-NCL,5828
22377,GEN,
22378,OBC-NCL,5829
22379,OBC-NCL,5830
22380,OBC-NCL,5831
22381,GEN,
22382,SC,829
22383,GEN-EWS,3507
22384,GEN,
22385,GEN,
22386,GEN-EWS,3508
22387,GEN,
22388,OBC-NCL,5832
22389,GEN,
22390,GEN,
22391,OBC-NCL,5833
22392,OBC-NCL,5834
22393,GEN,
22394,GEN,
22395,GEN,
22396,OBC-NCL,5835
22397,GEN,
22398,GEN,
22399,GEN-EWS,3509
22400,GEN,
22401,GEN,
22402,OBC-NCL,5836
22403,GEN,
22404,GEN,
22405,OBC-NCL,5837
22406,OBC-NCL,5838
22407,GEN,
22408,GEN,
22409,GEN,
22410,SC,830
22411,GEN,
22412,GEN,
22413,GEN,
22414,ST,233
22415,OBC-NCL,5839
22416,GEN-EWS,3510
22417,OBC-NCL,5840
22418,GEN,
22419,GEN,
22420,GEN-EWS,3511
22420,OBC-NCL,5841
22422,OBC-NCL,5842
22423,GEN,
22424,OBC-NCL,5843
22425,GEN,
22426,GEN,
22427,OBC-NCL,5844
22428,GEN,
22429,OBC-NCL,5845
22430,SC,831
22431,GEN,
22432,GEN,
22433,GEN,
22434,GEN,
22435,GEN,
22436,GEN,
22437,GEN,
22438,GEN,
22439,GEN-EWS,3512
22440,GEN,
22441,GEN,
22442,GEN,
22443,OBC-NCL,5846
22444,SC,832
22445,SC,833
22446,GEN,
22447,GEN,
22448,OBC-NCL,5847
22449,OBC-NCL,5848
22450,SC,834
22451,GEN,
22452,GEN,
22453,GEN-EWS,3513
22454,OBC-NCL,5849
22455,GEN,
22456,GEN,
22457,GEN,
22458,GEN,
22459,OBC-NCL,5850
22460,GEN-EWS,3514
22461,GEN,
22462,GEN-EWS,3515
22463,GEN,
22464,GEN-EWS,3516
22465,OBC-NCL,5851
22466,GEN,
22467,GEN,
22468,OBC-NCL,5852
22469,OBC-NCL,5853
22470,GEN,
22471,GEN,
22472,GEN,
22473,OBC-NCL,5854
22474,GEN,
22475,GEN,
22476,SC,835
22477,GEN,
22478,OBC-NCL,5855
22479,OBC-NCL,5856
22480,GEN,
22481,GEN,
22482,GEN,
22483,GEN-EWS,3517
22484,OBC-NCL,5857
22485,GEN-EWS,3518
22486,GEN-EWS,3519
22487,GEN,
22488,GEN-EWS,3520
22489,GEN,
22490,GEN,
22491,GEN,
22492,ST,234
22493,GEN,
22494,OBC-NCL,5858
22494,OBC-NCL,5858
22496,GEN,
22496,GEN-EWS,3521
22498,GEN,
22499,GEN-EWS,3522
22500,GEN-EWS,3523
22501,OBC-NCL,5860
22502,GEN,
22503,OBC-NCL,5861
22504,OBC-NCL,5862
22505,GEN-EWS,3524
22506,GEN,
22507,GEN,
22508,GEN,
22509,GEN-EWS,3525
22510,GEN,
22511,SC,836
22512,SC,837
22513,GEN-EWS,3526
22514,OBC-NCL,5863
22515,GEN,
22516,SC,838
22517,GEN,
22518,GEN-EWS,3527
22519,GEN,
22520,OBC-NCL,5864
22521,OBC-NCL,5865
22522,OBC-NCL,5866
22523,OBC-NCL,5867
22524,GEN,
22525,GEN-EWS,3528
22526,GEN,
22527,GEN,
22528,SC,839
22529,GEN,
22530,GEN-EWS,3529
22531,OBC-NCL,5868
22532,GEN,
22533,OBC-NCL,5869
22534,GEN-EWS,3530
22535,GEN-EWS,3531
22536,GEN-EWS,3532
22537,OBC-NCL,5870
22538,GEN,
22539,GEN,
22540,GEN,
22541,SC,840
22542,SC,841
22543,OBC-NCL,5871
22544,GEN-EWS,3533
22545,GEN,
22545,GEN,
22547,SC,842
22548,GEN-EWS,3534
22549,OBC-NCL,5872
22550,GEN-EWS,3535
22551,SC,843
22552,OBC-NCL,5873
22553,GEN,
22554,GEN,
22555,GEN,
22556,GEN,
22557,GEN,
22558,GEN,
22559,SC,844
22560,GEN,
22561,OBC-NCL,5874
22562,GEN,
22562,GEN-EWS,3536
22564,GEN,
22565,GEN,
22566,OBC-NCL,5876
22567,GEN,
22568,GEN,
22569,GEN-EWS,3537
22570,SC,846
22571,GEN-EWS,3538
22572,GEN,
22573,GEN-EWS,3539
22574,OBC-NCL,5877
22575,GEN-EWS,3540
22576,GEN-EWS,3541
22577,OBC-NCL,5878
22578,OBC-NCL,5879
22579,GEN-EWS,3542
22580,OBC-NCL,5880
22581,GEN,
22582,OBC-NCL,5881
22583,GEN,
22584,GEN,
22584,GEN-EWS,3543
22586,GEN,
22587,GEN,
22588,GEN,
22589,GEN,
22589,GEN-EWS,3544
22591,OBC-NCL,5882
22592,GEN,
22593,GEN-EWS,3545
22594,OBC-NCL,5883
22595,OBC-NCL,5884
22596,OBC-NCL,5885
22597,OBC-NCL,5886
22598,GEN,
22599,GEN-EWS,3546
22600,GEN-EWS,3547
22601,GEN,
22602,GEN,
22603,OBC-NCL,5887
22604,GEN-EWS,3548
22605,OBC-NCL,5888
22606,GEN,
22607,GEN-EWS,3549
22608,GEN-EWS,3550
22609,GEN,
22610,GEN-EWS,3551
22611,GEN,
22612,GEN,
22613,GEN,
22614,GEN,
22615,GEN,
22616,OBC-NCL,5890
22617,GEN,
22618,OBC-NCL,5891
22619,GEN,
22620,GEN,
22621,OBC-NCL,5892
22622,GEN-EWS,3552
22623,GEN,
22624,GEN-EWS,3553
22625,GEN-EWS,3554
22626,GEN-EWS,3555
22627,ST,235
22628,GEN-EWS,3556
22629,GEN,
22630,GEN-EWS,3557
22631,GEN,
22631,OBC-NCL,5893
22633,GEN-EWS,3558
22634,GEN,
22635,GEN,
22636,GEN-EWS,3559
22637,GEN,
22638,GEN,
22639,GEN-EWS,3560
22639,OBC-NCL,5894
22641,GEN,
22642,OBC-NCL,5895
22643,GEN-EWS,3561
22644,GEN-EWS,3562
22645,OBC-NCL,5896
22646,GEN,
22647,GEN,
22648,GEN,
22648,OBC-NCL,5897
22650,GEN,
22651,OBC-NCL,5898
22652,OBC-NCL,5899
22653,OBC-NCL,5900
22654,GEN,
22655,GEN,
22656,GEN,
22657,SC,847
22658,GEN-EWS,3563
22659,OBC-NCL,5901
22660,GEN,
22661,OBC-NCL,5902
22662,GEN,
22663,OBC-NCL,5903
22664,GEN,
22665,OBC-NCL,5904
22666,GEN,
22667,GEN,
22668,GEN-EWS,3564
22669,GEN,
22670,GEN,
22671,OBC-NCL,5905
22672,OBC-NCL,5906
22673,OBC-NCL,5907
22674,GEN,
22675,GEN,
22676,GEN,
22677,OBC-NCL,5908
22678,GEN-EWS,3565
22679,GEN,
22680,OBC-NCL,5909
22681,SC,848
22682,SC,849
22683,GEN,
22684,GEN,
22685,GEN,
22686,OBC-NCL,5910
22687,OBC-NCL,5911
22688,ST,236
22689,GEN,
22690,GEN,
22691,GEN,
22692,SC,850
22693,GEN,
22694,OBC-NCL,5912
22695,GEN,
22696,OBC-NCL,5913
22697,GEN,
22698,OBC-NCL,5914
22699,OBC-NCL,5915
22700,OBC-NCL,5916
22701,OBC-NCL,5917
22702,OBC-NCL,5918
22703,GEN,
22704,GEN,
22705,GEN-EWS,3566
22706,OBC-NCL,5919
22707,OBC-NCL,5920
22708,OBC-NCL,5921
22709,GEN,
22710,OBC-NCL,5922
22710,SC,851
22712,GEN-EWS,3567
22713,OBC-NCL,5923
22714,OBC-NCL,5924
22715,OBC-NCL,5925
22716,GEN,
22717,GEN,
22718,GEN,
22719,GEN,
22720,GEN,
22721,GEN,
22722,OBC-NCL,5926
22723,OBC-NCL,5927
22724,GEN,
22725,GEN,
22726,GEN,
22727,OBC-NCL,5928
22728,GEN,
22729,GEN-EWS,3568
22730,OBC-NCL,5929
22731,GEN,
22732,OBC-NCL,5930
22733,OBC-NCL,5931
22734,GEN,
22735,GEN-EWS,3569
22736,OBC-NCL,5932
22737,GEN-EWS,3570
22738,GEN,
22739,GEN-EWS,3571
22740,GEN,
22741,GEN,
22742,GEN,
22742,GEN-EWS,3572
22744,GEN,
22745,OBC-NCL,5933
22746,OBC-NCL,5934
22747,SC,853
22748,OBC-NCL,5935
22749,GEN,
22750,GEN,
22751,GEN,
22752,GEN,
22753,GEN,
22754,GEN,
22755,OBC-NCL,5936
22756,GEN,
22757,GEN,
22758,OBC-NCL,5937
22759,GEN,
22760,OBC-NCL,5938
22761,GEN,
22762,GEN,
22763,GEN-EWS,3573
22764,OBC-NCL,5939
22765,GEN,
22766,OBC-NCL,5940
22767,GEN,
22768,GEN,
22769,OBC-NCL,5941
22770,GEN,
22771,GEN,
22772,ST,237
22773,GEN-EWS,3574
22774,GEN,
22775,GEN,
22776,GEN,
22777,OBC-NCL,5942
22778,GEN,
22779,OBC-NCL,5943
22780,GEN,
22781,GEN-EWS,3575
22782,GEN,
22783,ST,238
22784,GEN,
22785,ST,239
22786,GEN,
22787,GEN,
22788,GEN,
22789,GEN,
22790,GEN,
22791,GEN,
22792,GEN-EWS,3576
22793,GEN,
22794,GEN-EWS,3577
22795,GEN,
22796,SC,854
22797,GEN,
22798,GEN-EWS,3578
22799,GEN,
22800,GEN,
22801,GEN,
22802,OBC-NCL,5944
22803,GEN-EWS,3579
22804,GEN,
22805,GEN,
22806,GEN-EWS,3580
22807,OBC-NCL,5945
22808,GEN-EWS,3581
22809,OBC-NCL,5946
22810,GEN-EWS,3582
22811,GEN,
22812,OBC-NCL,5947
22813,GEN-EWS,3583
22814,GEN-EWS,3584
22815,OBC-NCL,5948
22816,GEN-EWS,3585
22817,GEN-EWS,3586
22818,GEN,
22819,GEN-EWS,3587
22820,OBC-NCL,5951
22821,GEN-EWS,3588
22822,GEN-EWS,3589
22823,OBC-NCL,5952
22824,OBC-NCL,5953
22825,GEN,
22826,GEN,
22827,ST,240
22828,OBC-NCL,5954
22829,GEN,
22830,GEN-EWS,3590
22831,GEN-EWS,3591
22832,OBC-NCL,5955
22833,GEN,
22834,GEN,
22835,OBC-NCL,5956
22836,GEN,
22837,GEN-EWS,3592
22838,GEN,
22839,GEN,
22840,GEN-EWS,3594
22841,GEN,
22842,GEN,
22843,GEN,
22844,GEN-EWS,3595
22845,GEN,
22846,GEN,
22847,OBC-NCL,5957
22848,GEN,
22849,GEN,
22850,ST,241
22851,OBC-NCL,5958
22852,GEN-EWS,3596
22853,GEN,
22854,SC,856
22855,GEN,
22856,SC,857
22857,GEN,
22858,OBC-NCL,5959
22859,GEN,
22860,OBC-NCL,5960
22861,OBC-NCL,5961
22862,GEN,
22863,GEN,
22864,OBC-NCL,5962
22865,OBC-NCL,5963
22866,GEN,
22867,GEN,
22868,GEN,
22869,OBC-NCL,5964
22870,GEN-EWS,3597
22871,GEN,
22872,OBC-NCL,5965
22873,GEN-EWS,3598
22874,GEN-EWS,3599
22875,GEN-EWS,3600
22875,ST,242
22877,GEN,
22878,OBC-NCL,5966
22879,GEN,
22880,OBC-NCL,5967
22881,GEN,
22882,GEN-EWS,3601
22883,GEN,
22884,GEN,
22885,GEN,
22886,GEN,
22887,GEN,
22888,GEN,
22889,SC,858
22890,GEN,
22891,GEN-EWS,3602
22892,GEN,
22893,OBC-NCL,5968
22894,GEN,
22895,OBC-NCL,5969
22896,OBC-NCL,5970
22897,GEN-EWS,3603
22898,GEN,
22899,OBC-NCL,5971
22900,SC,859
22901,OBC-NCL,5972
22902,GEN-EWS,3604
22903,GEN,
22904,OBC-NCL,5973
22905,GEN,
22906,OBC-NCL,5974
22907,OBC-NCL,5975
22908,OBC-NCL,5976
22909,GEN,
22910,GEN,
22911,GEN-EWS,3605
22912,GEN,
22913,GEN,
22914,GEN,
22915,GEN,
22916,OBC-NCL,5977
22917,GEN,
22918,GEN-EWS,3606
22919,GEN,
22920,GEN,
22921,SC,860
22922,GEN,
22923,OBC-NCL,5978
22924,GEN,
22925,GEN-EWS,3607
22926,GEN,
22927,GEN-EWS,3608
22928,OBC-NCL,5979
22928,OBC-NCL,5979
22930,GEN-EWS,3609
22931,GEN,
22932,GEN-EWS,3610
22933,OBC-NCL,5981
22934,OBC-NCL,5982
22935,OBC-NCL,5983
22936,GEN-EWS,3611
22937,GEN,
22938,GEN,
22939,GEN,
22940,OBC-NCL,5984
22941,OBC-NCL,5985
22942,OBC-NCL,5986
22943,OBC-NCL,5987
22944,GEN,
22945,GEN,
22946,GEN,
22947,GEN,
22948,GEN-EWS,3612
22949,GEN,
22950,SC,861
22951,GEN-EWS,3613
22952,GEN,
22953,OBC-NCL,5988
22954,GEN,
22955,SC,862
22956,GEN-EWS,3614
22957,GEN,
22958,OBC-NCL,5989
22959,GEN,
22960,GEN-EWS,3615
22961,OBC-NCL,5990
22962,OBC-NCL,5991
22963,OBC-NCL,5992
22964,GEN-EWS,3616
22965,GEN-EWS,3617
22966,GEN-EWS,3618
22967,OBC-NCL,5993
22968,OBC-NCL,5994
22969,OBC-NCL,5995
22970,OBC-NCL,5996
22971,GEN,
22972,OBC-NCL,5997
22973,GEN,
22974,GEN-EWS,3619
22975,OBC-NCL,5998
22976,GEN,
22977,OBC-NCL,5999
22978,GEN-EWS,3620
22979,GEN,
22980,GEN,
22981,SC,863
22982,GEN,
22983,GEN,
22984,OBC-NCL,6000
22985,GEN,
22986,GEN,
22987,GEN,
22988,SC,864
22989,GEN,
22990,GEN,
22991,GEN,
22992,GEN,
22993,GEN-EWS,3621
22994,GEN,
22995,GEN-EWS,3622
22996,OBC-NCL,6001
22997,SC,865
22998,GEN-EWS,3623
22999,GEN,
23000,GEN,
23001,GEN,
23002,GEN,
23003,GEN,
23004,GEN-EWS,3624
23005,OBC-NCL,6002
23006,SC,866
23007,GEN,
23008,SC,867
23009,GEN-EWS,3625
23010,GEN,
23011,GEN-EWS,3626
23012,GEN-EWS,3627
23013,GEN-EWS,3628
23014,GEN,
23015,GEN,
23016,GEN-EWS,3629
23017,GEN-EWS,3630
23018,GEN-EWS,3631
23019,OBC-NCL,6003
23020,GEN,
23021,GEN,
23022,GEN,
23023,OBC-NCL,6004
23024,GEN,
23025,GEN,
23026,GEN,
23027,OBC-NCL,6005
23028,OBC-NCL,6006
23029,OBC-NCL,6007
23030,GEN,
23031,SC,868
23032,OBC-NCL,6009
23033,GEN-EWS,3632
23034,OBC-NCL,6010
23035,GEN,
23036,GEN,
23037,GEN-EWS,3633
23038,GEN,
23039,GEN,
23040,OBC-NCL,6011
23041,GEN,
23042,ST,243
23043,OBC-NCL,6012
23044,GEN,
23045,GEN,
23046,OBC-NCL,6013
23047,SC,869
23048,GEN,
23049,GEN,
23050,GEN,
23051,GEN,
23052,OBC-NCL,6014
23053,GEN,
23054,GEN,
23055,GEN,
23056,GEN,
23057,GEN,
23058,GEN,
23059,GEN,
23060,OBC-NCL,6015
23061,SC,870
23062,OBC-NCL,6016
23063,GEN,
23064,GEN,
23065,GEN,
23066,OBC-NCL,6017
23067,GEN,
23068,GEN,
23069,OBC-NCL,6018
23070,OBC-NCL,6019
23071,GEN-EWS,3634
23072,GEN-EWS,3635
23073,GEN,
23074,GEN,
23075,GEN,
23076,OBC-NCL,6020
23077,GEN-EWS,3636
23078,OBC-NCL,6021
23079,OBC-NCL,6022
23080,GEN-EWS,3637
23081,GEN,
23081,OBC-NCL,6023
23083,GEN-EWS,3638
23084,GEN,
23085,OBC-NCL,6024
23086,OBC-NCL,6025
23087,GEN,
23088,OBC-NCL,6026
23089,GEN,
23090,OBC-NCL,6027
23091,GEN-EWS,3639
23092,OBC-NCL,6028
23093,GEN-EWS,3640
23094,OBC-NCL,6029
23095,GEN,
23096,GEN,
23097,GEN,
23098,OBC-NCL,6030
23099,GEN,
23100,GEN-EWS,3641
23101,GEN,
23102,OBC-NCL,6031
23103,GEN,
23104,GEN,
23104,SC,871
23106,GEN-EWS,3642
23107,GEN-EWS,3643
23108,GEN-EWS,3644
23109,GEN,
23110,GEN-EWS,3645
23111,GEN,
23112,OBC-NCL,6032
23113,OBC-NCL,6033
23114,GEN,
23115,OBC-NCL,6034
23116,GEN,
23117,OBC-NCL,6035
23118,GEN,
23119,OBC-NCL,6036
23120,GEN,
23120,GEN,
23122,OBC-NCL,6037
23123,GEN-EWS,3646
23124,GEN,
23124,GEN,
23126,GEN,
23127,OBC-NCL,6038
23128,GEN,
23129,SC,872
23130,GEN-EWS,3647
23131,OBC-NCL,6039
23132,GEN,
23133,GEN-EWS,3648
23134,GEN,
23135,GEN,
23136,OBC-NCL,6040
23137,SC,873
23138,OBC-NCL,6041
23139,OBC-NCL,6042
23140,GEN,
23141,OBC-NCL,6043
23142,GEN,
23143,GEN-EWS,3649
23144,SC,874
23145,SC,875
23146,OBC-NCL,6044
23147,OBC-NCL,6045
23148,OBC-NCL,6046
23149,GEN,
23150,OBC-NCL,6047
23151,GEN,
23152,OBC-NCL,6048
23153,GEN,
23154,GEN,
23155,GEN,
23156,OBC-NCL,6049
23157,GEN-EWS,3650
23158,SC,876
23159,OBC-NCL,6050
23160,GEN,
23161,GEN,
23162,OBC-NCL,6051
23163,GEN-EWS,3651
23164,GEN,
23165,GEN,
23166,GEN,
23167,GEN,
23168,OBC-NCL,6052
23169,SC,877
23170,GEN-EWS,3652
23171,OBC-NCL,6053
23172,GEN,
23173,GEN,
23174,OBC-NCL,6054
23175,GEN,
23176,OBC-NCL,6055
23177,GEN,
23178,GEN-EWS,3653
23179,GEN,
23180,OBC-NCL,6056
23181,OBC-NCL,6057
23182,OBC-NCL,6058
23183,GEN-EWS,3654
23184,ST,244
23185,GEN,
23186,GEN-EWS,3656
23187,GEN-EWS,3657
23188,OBC-NCL,6059
23189,GEN,
23190,ST,245
23191,OBC-NCL,6060
23192,GEN,
23193,GEN-EWS,3658
23194,OBC-NCL,6061
23195,GEN-EWS,3659
23195,OBC-NCL,6062
23197,OBC-NCL,6063
23198,GEN,
23199,GEN,
23200,GEN,
23201,GEN,
23202,GEN-EWS,3660
23203,OBC-NCL,6064
23204,GEN,
23205,OBC-NCL,6065
23206,GEN,
23206,GEN-EWS,3661
23208,GEN,
23209,GEN,
23210,GEN-EWS,3662
23211,GEN-EWS,3663
23212,GEN,
23213,OBC-NCL,6066
23214,OBC-NCL,6067
23215,GEN-EWS,3664
23216,GEN,
23217,SC,878
23218,GEN,
23219,GEN,
23220,GEN-EWS,3665
23221,OBC-NCL,6068
23222,GEN,
23223,OBC-NCL,6069
23224,GEN,
23225,OBC-NCL,6070
23226,GEN-EWS,3666
23227,OBC-NCL,6071
23228,OBC-NCL,6072
23229,OBC-NCL,6073
23230,GEN,
23231,OBC-NCL,6074
23232,GEN,
23233,GEN,
23234,GEN,
23235,GEN,
23236,GEN-EWS,3667
23237,OBC-NCL,6075
23238,OBC-NCL,6076
23239,OBC-NCL,6077
23240,GEN,
23241,GEN,
23242,OBC-NCL,6078
23243,GEN,
23244,OBC-NCL,6079
23245,GEN,
23246,GEN,
23247,GEN,
23248,GEN,
23249,GEN,
23249,GEN,
23251,GEN-EWS,3668
23252,GEN,
23253,GEN,
23254,GEN-EWS,3669
23255,GEN,
23256,GEN,
23257,GEN,
23258,GEN-EWS,3670
23259,GEN,
23260,GEN,
23261,GEN,
23262,GEN-EWS,3671
23263,GEN,
23264,OBC-NCL,6080
23265,SC,879
23266,OBC-NCL,6081
23267,GEN,
23268,GEN-EWS,3672
23269,OBC-NCL,6082
23270,GEN-EWS,3673
23271,GEN,
23272,OBC-NCL,6083
23273,GEN,
23274,SC,880
23275,GEN,
23276,GEN-EWS,3674
23277,GEN,
23278,OBC-NCL,6084
23279,GEN-EWS,3675
23280,GEN-EWS,3676
23281,GEN,
23281,OBC-NCL,6085
23283,GEN,
23284,OBC-NCL,6086
23285,GEN,
23286,SC,881
23287,GEN,
23288,GEN-EWS,3677
23289,GEN,
23290,OBC-NCL,6087
23291,GEN,
23292,OBC-NCL,6088
23293,OBC-NCL,6090
23294,GEN,
23295,SC,882
23296,GEN-EWS,3678
23297,OBC-NCL,6091
23298,GEN,
23299,GEN,
23300,OBC-NCL,6092
23301,ST,246
23302,GEN,
23303,SC,883
23304,OBC-NCL,6093
23305,GEN,
23306,GEN,
23307,GEN,
23308,GEN,
23309,SC,884
23310,GEN,
23311,GEN,
23312,GEN,
23312,OBC-NCL,6094
23314,GEN-EWS,3679
23315,OBC-NCL,6095
23316,GEN,
23317,GEN,
23318,SC,885
23319,OBC-NCL,6096
23320,OBC-NCL,6097
23321,OBC-NCL,6098
23322,GEN,
23323,GEN,
23324,OBC-NCL,6099
23325,GEN,
23326,GEN-EWS,3680
23327,GEN,
23328,GEN-EWS,3681
23329,OBC-NCL,6100
23330,GEN,
23331,OBC-NCL,6101
23332,GEN-EWS,3682
23333,GEN,
23334,ST,247
23335,GEN,
23336,GEN-EWS,3683
23337,OBC-NCL,6102
23338,GEN,
23339,GEN,
23340,GEN-EWS,3684
23341,GEN,
23342,OBC-NCL,6103
23343,ST,248
23344,GEN-EWS,3685
23345,SC,887
23346,GEN-EWS,3686
23347,OBC-NCL,6104
23348,OBC-NCL,6105
23349,GEN,
23350,OBC-NCL,6106
23351,OBC-NCL,6107
23352,GEN,
23353,OBC-NCL,6108
23354,OBC-NCL,6109
23355,OBC-NCL,6110
23356,GEN,
23357,GEN-EWS,3687
23358,GEN,
23359,GEN,
23360,OBC-NCL,6111
23361,OBC-NCL,6112
23362,SC,888
23363,GEN,
23364,OBC-NCL,6113
23365,OBC-NCL,6114
23366,GEN-EWS,3688
23367,GEN-EWS,3689
23368,GEN,
23369,GEN,
23370,OBC-NCL,6115
23371,GEN,
23372,GEN,
23373,OBC-NCL,6116
23374,GEN,
23375,GEN,
23376,GEN,
23377,GEN-EWS,3690
23378,GEN,
23379,OBC-NCL,6117
23380,OBC-NCL,6118
23381,GEN,
23382,OBC-NCL,6119
23383,OBC-NCL,6120
23384,GEN,
23385,GEN,
23386,OBC-NCL,6121
23387,GEN,
23387,SC,890
23389,ST,249
23390,GEN,
23391,OBC-NCL,6122
23392,GEN,
23393,GEN,
23394,GEN,
23395,GEN,
23396,GEN-EWS,3691
23397,OBC-NCL,6123
23398,GEN,
23399,GEN,
23400,SC,891
23401,GEN,
23402,GEN-EWS,3692
23403,GEN,
23404,GEN,
23405,OBC-NCL,6124
23406,GEN-EWS,3693
23407,GEN,
23408,GEN,
23409,OBC-NCL,6125
23410,OBC-NCL,6126
23411,OBC-NCL,6127
23412,OBC-NCL,6128
23413,OBC-NCL,6129
23414,OBC-NCL,6130
23415,GEN,
23416,OBC-NCL,6131
23417,GEN,
23418,GEN,
23419,GEN,
23420,OBC-NCL,6132
23421,OBC-NCL,6133
23422,OBC-NCL,6134
23423,ST,250
23424,GEN,
23425,GEN,
23426,SC,892
23427,GEN,
23428,OBC-NCL,6135
23429,ST,251
23430,OBC-NCL,6136
23431,GEN,
23432,GEN,
23433,OBC-NCL,6137
23434,GEN,
23435,GEN,
23436,GEN,
23437,GEN,
23438,GEN,
23439,GEN,
23440,OBC-NCL,6138
23441,OBC-NCL,6139
23442,OBC-NCL,6140
23443,GEN-EWS,3694
23444,GEN,
23445,GEN-EWS,3695
23446,GEN,
23447,GEN,
23448,GEN-EWS,3696
23449,OBC-NCL,6141
23450,GEN,
23451,GEN,
23452,OBC-NCL,6142
23453,GEN,
23454,OBC-NCL,6143
23455,OBC-NCL,6144
23456,OBC-NCL,6145
23457,GEN,
23458,OBC-NCL,6146
23459,GEN-EWS,3697
23460,GEN-EWS,3698
23461,OBC-NCL,6147
23462,GEN,
23463,GEN,
23464,GEN,
23465,GEN,
23466,GEN-EWS,3699
23467,GEN-EWS,3700
23468,OBC-NCL,6148
23469,ST,252
23470,GEN,
23471,GEN,
23472,GEN,
23473,GEN-EWS,3701
23474,GEN,
23475,GEN,
23476,GEN-EWS,3702
23477,GEN-EWS,3703
23478,OBC-NCL,6149
23479,GEN,
23480,GEN,
23481,GEN,
23482,OBC-NCL,6150
23483,SC,894
23484,OBC-NCL,6151
23485,OBC-NCL,6152
23486,OBC-NCL,6153
23487,GEN,
23488,GEN,
23489,GEN,
23490,GEN-EWS,3704
23491,GEN,
23492,OBC-NCL,6154
23493,GEN,
23494,GEN,
23495,OBC-NCL,6155
23496,ST,253
23497,GEN,
23498,GEN,
23499,GEN,
23500,GEN-EWS,3705
23501,OBC-NCL,6156
23502,GEN,
23503,OBC-NCL,6157
23504,GEN-EWS,3706
23505,GEN,
23506,GEN-EWS,3707
23507,OBC-NCL,6158
23508,OBC-NCL,6159
23509,GEN,
23510,GEN,
23511,GEN,
23512,GEN,
23513,GEN,
23514,OBC-NCL,6160
23515,OBC-NCL,6161
23516,GEN,
23517,GEN-EWS,3708
23518,GEN,
23519,OBC-NCL,6162
23520,GEN,
23521,SC,895
23522,OBC-NCL,6163
23523,OBC-NCL,6164
23524,GEN,
23525,GEN,
23526,OBC-NCL,6165
23527,GEN,
23528,OBC-NCL,6166
23529,GEN,
23530,GEN,
23531,OBC-NCL,6167
23532,OBC-NCL,6168
23533,GEN,
23534,GEN,
23535,OBC-NCL,6169
23536,GEN,
23537,OBC-NCL,6170
23538,ST,254
23539,OBC-NCL,6171
23540,GEN-EWS,3709
23541,ST,255
23542,GEN-EWS,3710
23543,SC,896
23544,GEN,
23545,GEN,
23546,GEN,
23547,OBC-NCL,6172
23548,GEN-EWS,3711
23549,OBC-NCL,6173
23550,OBC-NCL,6174
23551,GEN,
23552,GEN-EWS,3712
23553,OBC-NCL,6175
23554,GEN,
23555,GEN,
23556,OBC-NCL,6176
23557,OBC-NCL,6177
23558,GEN-EWS,3713
23559,GEN,
23560,OBC-NCL,6178
23561,OBC-NCL,6179
23562,GEN,
23563,SC,897
23564,GEN,
23565,GEN,
23566,SC,898
23567,GEN,
23568,GEN-EWS,3714
23569,GEN,
23570,GEN,
23571,OBC-NCL,6180
23572,GEN,
23573,GEN-EWS,3715
23574,OBC-NCL,6181
23575,GEN,
23576,OBC-NCL,6182
23577,GEN,
23578,GEN,
23579,GEN-EWS,3716
23580,OBC-NCL,6183
23581,GEN,
23582,GEN-EWS,3717
23583,GEN,
23584,GEN,
23585,OBC-NCL,6184
23586,GEN,
23587,GEN,
23588,OBC-NCL,6186
23589,GEN,
23590,GEN-EWS,3718
23591,OBC-NCL,6187
23592,GEN,
23593,OBC-NCL,6188
23594,GEN,
23595,OBC-NCL,6189
23596,ST,256
23597,SC,899
23598,OBC-NCL,6190
23599,GEN-EWS,3719
23600,GEN,
23601,GEN-EWS,3720
23602,GEN,
23603,GEN,
23604,GEN,
23605,GEN-EWS,3721
23606,GEN,
23607,GEN-EWS,3722
23608,OBC-NCL,6191
23609,GEN,
23610,OBC-NCL,6192
23611,GEN,
23612,ST,257
23613,GEN-EWS,3723
23614,GEN,
23615,GEN-EWS,3724
23615,OBC-NCL,6193
23617,GEN,
23618,ST,258
23619,OBC-NCL,6194
23620,OBC-NCL,6195
23621,OBC-NCL,6196
23622,GEN,
23623,GEN,
23624,OBC-NCL,6197
23625,OBC-NCL,6198
23626,SC,900
23627,SC,901
23628,GEN,
23629,OBC-NCL,6199
23630,GEN,
23631,GEN-EWS,3726
23632,OBC-NCL,6200
23633,GEN-EWS,3727
23634,SC,902
23635,OBC-NCL,6201
23636,GEN,
23637,GEN,
23638,GEN,
23639,OBC-NCL,6202
23640,GEN-EWS,3728
23641,GEN,
23642,GEN,
23643,OBC-NCL,6203
23644,GEN,
23645,OBC-NCL,6204
23646,GEN,
23647,GEN,
23647,GEN,
23649,OBC-NCL,6205
23650,GEN,
23651,GEN,
23652,OBC-NCL,6206
23653,OBC-NCL,6207
23654,GEN-EWS,3729
23655,GEN,
23656,GEN,
23657,GEN-EWS,3730
23658,GEN,
23659,OBC-NCL,6208
23660,OBC-NCL,6209
23661,GEN,
23662,GEN,
23663,SC,903
23664,GEN,
23665,GEN,
23666,GEN,
23667,GEN,
23668,GEN,
23669,OBC-NCL,6210
23670,GEN,
23671,OBC-NCL,6211
23672,GEN,
23672,GEN,
23674,GEN,
23675,GEN,
23676,OBC-NCL,6212
23677,GEN,
23677,GEN,
23679,GEN-EWS,3731
23680,OBC-NCL,6213
23681,GEN-EWS,3732
23682,OBC-NCL,6214
23683,ST,259
23684,OBC-NCL,6215
23685,GEN,
23686,GEN,
23687,OBC-NCL,6216
23688,OBC-NCL,6217
23689,GEN,
23690,GEN,
23691,GEN,
23692,GEN,
23693,GEN-EWS,3733
23693,OBC-NCL,6218
23695,GEN-EWS,3734
23696,OBC-NCL,6219
23697,OBC-NCL,6220
23698,GEN,
23699,GEN,
23700,GEN,
23701,GEN,
23702,GEN-EWS,3735
23703,OBC-NCL,6221
23704,GEN,
23705,GEN,
23706,SC,904
23707,GEN-EWS,3736
23708,OBC-NCL,6222
23709,GEN,
23710,GEN,
23710,GEN,
23712,GEN,
23713,OBC-NCL,6223
23714,GEN,
23715,OBC-NCL,6224
23716,GEN,
23717,OBC-NCL,6225
23718,OBC-NCL,6226
23719,OBC-NCL,6227
23720,SC,905
23721,GEN-EWS,3737
23722,OBC-NCL,6228
23723,GEN,
23724,OBC-NCL,6229
23725,GEN,
23726,GEN-EWS,3738
23727,OBC-NCL,6230
23728,OBC-NCL,6231
23729,GEN,
23730,GEN,
23731,GEN,
23732,OBC-NCL,6232
23733,GEN-EWS,3739
23734,GEN,
23735,GEN,
23736,GEN,
23737,GEN,
23738,GEN,
23739,OBC-NCL,6233
23740,GEN-EWS,3740
23741,OBC-NCL,6234
23742,ST,260
23743,OBC-NCL,6235
23744,GEN-EWS,3741
23745,GEN,
23746,GEN,
23747,GEN,
23748,GEN-EWS,3742
23749,OBC-NCL,6236
23750,GEN-EWS,3743
23751,OBC-NCL,6237
23752,GEN,
23753,GEN,
23754,OBC-NCL,6238
23755,GEN,
23756,GEN,
23757,OBC-NCL,6239
23758,SC,906
23759,SC,907
23760,GEN,
23761,GEN-EWS,3744
23762,GEN,
23763,GEN,
23764,GEN,
23765,GEN,
23766,GEN,
23767,GEN,
23768,GEN,
23769,GEN,
23770,OBC-NCL,6240
23771,OBC-NCL,6241
23772,GEN,
23773,OBC-NCL,6242
23774,OBC-NCL,6243
23774,OBC-NCL,6243
23776,GEN,
23777,GEN-EWS,3745
23778,OBC-NCL,6245
23778,SC,908
23780,SC,909
23781,GEN-EWS,3746
23782,GEN,
23783,GEN,
23784,OBC-NCL,6246
23785,GEN-EWS,3747
23786,GEN-EWS,3748
23787,OBC-NCL,6247
23788,GEN,
23789,GEN,
23790,GEN,
23791,GEN,
23792,GEN-EWS,3749
23793,OBC-NCL,6248
23794,GEN,
23795,GEN,
23796,GEN,
23797,GEN,
23798,OBC-NCL,6249
23799,GEN-EWS,3750
23800,OBC-NCL,6250
23801,GEN,
23802,OBC-NCL,6251
23803,GEN,
23804,GEN,
23805,GEN-EWS,3751
23806,GEN,
23807,OBC-NCL,6252
23807,SC,911
23809,GEN,
23810,GEN,
23811,GEN-EWS,3752
23812,GEN-EWS,3753
23813,GEN,
23814,OBC-NCL,6253
23815,OBC-NCL,6254
23816,SC,912
23817,OBC-NCL,6255
23818,GEN-EWS,3754
23819,GEN,
23820,ST,261
23821,OBC-NCL,6256
23822,GEN-EWS,3755
23823,GEN,
23824,GEN,
23825,GEN,
23826,OBC-NCL,6257
23827,GEN,
23828,OBC-NCL,6258
23829,OBC-NCL,6259
23830,SC,913
23831,OBC-NCL,6260
23832,OBC-NCL,6261
23833,SC,914
23834,GEN,
23835,GEN,
23836,OBC-NCL,6262
23837,OBC-NCL,6263
23838,OBC-NCL,6264
23839,GEN,
23840,OBC-NCL,6265
23841,GEN,
23842,GEN-EWS,3756
23843,GEN,
23844,GEN,
23845,GEN,
23846,GEN,
23847,GEN,
23848,GEN-EWS,3757
23849,GEN,
23850,OBC-NCL,6266
23851,GEN,
23852,GEN-EWS,3758
23853,GEN-EWS,3759
23854,GEN-EWS,3760
23855,GEN,
23856,GEN,
23857,GEN-EWS,3761
23858,GEN,
23859,GEN,
23859,OBC-NCL,6267
23861,OBC-NCL,6268
23862,GEN,
23863,OBC-NCL,6269
23864,OBC-NCL,6270
23865,GEN,
23866,GEN-EWS,3762
23867,GEN,
23868,OBC-NCL,6271
23869,OBC-NCL,6272
23870,GEN-EWS,3763
23871,OBC-NCL,6273
23872,OBC-NCL,6274
23873,OBC-NCL,6275
23874,GEN,
23875,OBC-NCL,6276
23876,OBC-NCL,6277
23877,GEN,
23878,GEN,
23879,SC,915
23880,OBC-NCL,6278
23881,GEN,
23882,GEN,
23883,GEN,
23884,OBC-NCL,6279
23885,GEN,
23886,GEN-EWS,3764
23887,GEN-EWS,3765
23888,GEN,
23889,GEN,
23890,GEN,
23891,OBC-NCL,6280
23892,GEN,
23893,GEN-EWS,3766
23894,OBC-NCL,6281
23895,GEN,
23896,GEN,
23897,OBC-NCL,6282
23898,OBC-NCL,6283
23899,OBC-NCL,6284
23900,GEN,
23901,GEN-EWS,3767
23902,OBC-NCL,6285
23903,GEN,
23904,GEN-EWS,3768
23905,GEN,
23906,GEN-EWS,3769
23907,OBC-NCL,6286
23908,GEN,
23909,GEN-EWS,3770
23910,GEN-EWS,3771
23911,GEN,
23912,OBC-NCL,6287
23913,GEN,
23914,GEN-EWS,3772
23915,OBC-NCL,6288
23916,GEN-EWS,3773
23917,GEN,
23918,OBC-NCL,6289
23919,GEN,
23920,OBC-NCL,6290
23921,GEN,
23922,OBC-NCL,6291
23923,SC,916
23924,OBC-NCL,6292
23925,GEN,
23926,GEN,
23927,OBC-NCL,6293
23928,GEN-EWS,3774
23929,OBC-NCL,6294
23930,GEN,
23931,OBC-NCL,6295
23932,GEN,
23933,GEN,
23934,GEN-EWS,3775
23935,GEN-EWS,3776
23936,OBC-NCL,6296
23937,GEN,
23938,OBC-NCL,6297
23939,GEN-EWS,3777
23940,GEN-EWS,3778
23941,SC,917
23942,OBC-NCL,6298
23943,GEN,
23944,GEN,
23945,GEN,
23946,OBC-NCL,6300
23947,OBC-NCL,6301
23948,SC,918
23949,GEN,
23950,GEN,
23951,GEN,
23952,SC,919
23953,OBC-NCL,6302
23954,GEN,
23955,OBC-NCL,6303
23956,OBC-NCL,6304
23957,GEN,
23958,OBC-NCL,6305
23959,GEN,
23960,GEN,
23961,OBC-NCL,6306
23962,GEN-EWS,3779
23963,GEN,
23964,GEN,
23965,GEN-EWS,3780
23966,GEN-EWS,3781
23967,OBC-NCL,6307
23968,GEN-EWS,3782
23969,GEN,
23970,GEN,
23971,GEN-EWS,3783
23972,GEN-EWS,3784
23973,OBC-NCL,6308
23974,GEN,
23975,OBC-NCL,6309
23976,OBC-NCL,6310
23977,OBC-NCL,6311
23978,OBC-NCL,6312
23979,OBC-NCL,6313
23980,OBC-NCL,6314
23981,GEN,
23982,GEN,
23983,OBC-NCL,6315
23984,GEN-EWS,3785
23985,GEN,
23986,GEN-EWS,3786
23987,GEN,
23988,GEN,
23989,GEN,
23990,GEN,
23991,GEN-EWS,3787
23992,GEN,
23993,GEN-EWS,3788
23994,GEN,
23995,GEN,
23996,SC,920
23997,GEN,
23998,OBC-NCL,6316
23999,GEN,
24000,GEN,
24001,GEN,
24001,GEN-EWS,3789
24003,GEN,
24004,GEN,
24005,GEN,
24006,GEN,
24007,GEN,
24008,GEN,
24009,GEN-EWS,3790
24010,GEN,
24011,GEN,
24012,GEN,
24013,GEN,
24014,GEN,
24015,GEN,
24016,GEN,
24017,ST,262
24018,OBC-NCL,6317
24019,GEN,
24020,GEN,
24021,OBC-NCL,6318
24022,GEN,
24023,GEN-EWS,3791
24024,GEN,
24025,GEN,
24026,GEN,
24027,GEN,
24028,GEN,
24029,GEN-EWS,3792
24030,GEN,
24031,GEN-EWS,3793
24032,OBC-NCL,6319
24033,GEN,
24034,GEN,
24035,GEN-EWS,3794
24036,GEN-EWS,3795
24037,GEN,
24038,GEN,
24039,GEN,
24040,GEN,
24041,GEN,
24042,GEN-EWS,3796
24043,GEN,
24044,GEN-EWS,3797
24045,GEN,
24046,GEN,
24047,OBC-NCL,6320
24048,GEN,
24049,GEN-EWS,3798
24050,GEN,
24051,OBC-NCL,6321
24052,GEN,
24053,OBC-NCL,6322
24054,GEN-EWS,3799
24055,GEN,
24056,OBC-NCL,6323
24057,OBC-NCL,6324
24058,GEN-EWS,3800
24059,GEN,
24060,OBC-NCL,6325
24061,OBC-NCL,6326
24062,GEN,
24063,GEN,
24064,GEN,
24065,GEN,
24066,GEN,
24067,GEN,
24068,OBC-NCL,6327
24069,GEN,
24070,GEN,
24071,GEN,
24072,OBC-NCL,6328
24073,OBC-NCL,6329
24074,ST,263
24075,GEN,
24076,GEN,
24077,GEN,
24078,OBC-NCL,6330
24079,GEN,
24080,OBC-NCL,6331
24081,GEN,
24082,GEN,
24083,GEN,
24084,GEN,
24085,SC,921
24086,GEN,
24087,GEN,
24088,GEN,
24089,GEN,
24090,GEN-EWS,3801
24091,GEN-EWS,3802
24092,GEN,
24093,GEN-EWS,3803
24094,GEN,
24095,SC,922
24096,OBC-NCL,6332
24097,GEN-EWS,3804
24098,OBC-NCL,6333
24099,OBC-NCL,6334
24100,OBC-NCL,6335
24101,ST,264
24102,GEN,
24103,OBC-NCL,6336
24104,OBC-NCL,6337
24105,GEN-EWS,3805
24106,GEN,
24107,OBC-NCL,6338
24108,GEN-EWS,3806
24109,GEN,
24110,GEN,
24111,GEN,
24112,OBC-NCL,6339
24113,GEN,
24114,GEN,
24115,GEN,
24116,GEN,
24117,GEN-EWS,3807
24118,GEN,
24119,GEN-EWS,3808
24120,GEN,
24121,GEN-EWS,3809
24122,GEN,
24123,OBC-NCL,6341
24124,OBC-NCL,6342
24125,GEN-EWS,3810
24126,GEN,
24127,OBC-NCL,6343
24128,OBC-NCL,6344
24129,GEN,
24130,GEN,
24131,GEN,
24132,GEN,
24133,GEN-EWS,3811
24134,OBC-NCL,6345
24135,OBC-NCL,6346
24135,SC,923
24137,OBC-NCL,6347
24138,GEN,
24139,GEN,
24140,GEN-EWS,3812
24141,GEN,
24142,OBC-NCL,6348
24143,GEN,
24144,GEN-EWS,3813
24145,GEN,
24146,GEN,
24147,GEN,
24148,GEN,
24149,OBC-NCL,6349
24150,GEN-EWS,3814
24151,SC,925
24152,OBC-NCL,6350
24153,OBC-NCL,6351
24154,OBC-NCL,6352
24155,GEN,
24156,SC,926
24157,GEN,
24158,GEN,
24159,OBC-NCL,6353
24160,OBC-NCL,6354
24161,GEN,
24162,OBC-NCL,6355
24163,GEN,
24164,GEN-EWS,3815
24165,GEN,
24166,GEN,
24167,GEN,
24168,GEN-EWS,3816
24169,GEN,
24170,GEN,
24171,SC,927
24172,OBC-NCL,6356
24173,GEN-EWS,3817
24174,OBC-NCL,6358
24175,GEN-EWS,3818
24176,GEN,
24177,OBC-NCL,6359
24178,GEN,
24179,GEN,
24180,GEN,
24181,ST,265
24182,OBC-NCL,6360
24183,GEN,
24184,OBC-NCL,6361
24185,OBC-NCL,6362
24186,GEN-EWS,3819
24187,GEN,
24188,GEN,
24189,GEN,
24190,GEN,
24191,GEN,
24192,OBC-NCL,6363
24193,GEN-EWS,3820
24194,GEN,
24195,GEN-EWS,3821
24196,OBC-NCL,6364
24197,GEN,
24198,GEN,
24199,GEN,
24200,GEN,
24201,OBC-NCL,6365
24202,GEN-EWS,3822
24203,GEN-EWS,3823
24204,GEN-EWS,3824
24205,GEN,
24206,GEN,
24207,GEN,
24208,GEN,
24209,GEN,
24210,OBC-NCL,6366
24211,OBC-NCL,6367
24212,OBC-NCL,6368
24213,GEN,
24214,GEN,
24215,OBC-NCL,6369
24216,GEN-EWS,3825
24217,GEN,
24218,GEN-EWS,3826
24219,GEN,
24220,OBC-NCL,6370
24221,GEN,
24222,GEN,
24223,OBC-NCL,6371
24224,OBC-NCL,6372
24225,GEN,
24226,GEN,
24227,ST,266
24228,OBC-NCL,6373
24229,GEN-EWS,3827
24230,GEN,
24231,OBC-NCL,6374
24232,OBC-NCL,6375
24233,OBC-NCL,6376
24234,OBC-NCL,6377
24235,SC,929
24236,GEN-EWS,3828
24237,GEN,
24238,OBC-NCL,6378
24239,GEN,
24240,GEN,
24241,OBC-NCL,6379
24242,GEN,
24243,GEN-EWS,3829
24244,OBC-NCL,6380
24245,GEN,
24246,GEN,
24247,GEN-EWS,3830
24248,OBC-NCL,6381
24249,OBC-NCL,6382
24250,OBC-NCL,6383
24251,OBC-NCL,6384
24252,OBC-NCL,6385
24253,OBC-NCL,6386
24254,OBC-NCL,6387
24255,OBC-NCL,6388
24256,OBC-NCL,6389
24257,GEN-EWS,3831
24258,OBC-NCL,6390
24259,OBC-NCL,6391
24260,OBC-NCL,6392
24261,GEN,
24262,OBC-NCL,6393
24263,GEN,
24264,GEN,
24265,OBC-NCL,6394
24266,GEN-EWS,3832
24267,GEN,
24268,OBC-NCL,6395
24269,GEN-EWS,3833
24270,GEN,
24271,GEN-EWS,3834
24272,GEN,
24273,GEN,
24274,GEN-EWS,3835
24275,OBC-NCL,6396
24276,OBC-NCL,6397
24277,GEN,
24278,OBC-NCL,6398
24279,SC,930
24280,GEN,
24281,GEN-EWS,3836
24281,OBC-NCL,6399
24283,OBC-NCL,6400
24284,GEN,
24285,GEN,
24286,OBC-NCL,6401
24287,ST,267
24288,GEN,
24289,OBC-NCL,6402
24290,OBC-NCL,6403
24291,GEN-EWS,3837
24292,SC,931
24293,GEN,
24294,GEN,
24295,GEN,
24296,GEN,
24297,OBC-NCL,6404
24298,GEN,
24299,GEN,
24300,GEN,
24301,GEN-EWS,3838
24302,GEN-EWS,3839
24303,OBC-NCL,6405
24304,OBC-NCL,6406
24305,GEN,
24306,GEN-EWS,3840
24307,ST,268
24308,GEN,
24309,GEN,
24310,GEN-EWS,3841
24311,GEN,
24312,OBC-NCL,6407
24313,GEN,
24314,OBC-NCL,6408
24315,GEN,
24316,GEN,
24317,OBC-NCL,6409
24318,GEN,
24319,GEN,
24320,OBC-NCL,6410
24320,OBC-NCL,6410
24322,GEN-EWS,3842
24323,OBC-NCL,6412
24324,GEN,
24325,GEN,
24326,GEN,
24327,OBC-NCL,6413
24328,OBC-NCL,6414
24329,OBC-NCL,6415
24330,GEN,
24331,OBC-NCL,6416
24332,GEN,
24333,OBC-NCL,6417
24334,GEN-EWS,3843
24335,GEN-EWS,3844
24336,OBC-NCL,6419
24337,GEN,
24338,GEN-EWS,3845
24339,OBC-NCL,6420
24340,GEN,
24341,GEN-EWS,3846
24342,GEN-EWS,3847
24343,GEN,
24344,GEN-EWS,3848
24345,OBC-NCL,6421
24346,OBC-NCL,6423
24347,SC,932
24348,SC,933
24349,OBC-NCL,6424
24350,OBC-NCL,6425
24351,OBC-NCL,6426
24352,GEN,
24353,GEN,
24354,GEN,
24355,GEN,
24356,GEN,
24357,OBC-NCL,6427
24358,OBC-NCL,6428
24359,GEN,
24360,GEN,
24361,OBC-NCL,6429
24362,OBC-NCL,6430
24363,GEN,
24364,GEN-EWS,3849
24365,GEN,
24365,SC,934
24367,OBC-NCL,6431
24368,GEN,
24369,SC,935
24370,OBC-NCL,6432
24371,OBC-NCL,6433
24372,GEN,
24373,OBC-NCL,6434
24374,GEN-EWS,3850
24375,GEN-EWS,3851
24376,GEN,
24377,GEN,
24378,OBC-NCL,6435
24379,GEN-EWS,3852
24380,OBC-NCL,6436
24381,OBC-NCL,6437
24382,GEN-EWS,3853
24383,OBC-NCL,6438
24384,GEN,
24385,GEN,
24386,OBC-NCL,6439
24387,GEN-EWS,3854
24388,OBC-NCL,6440
24389,GEN,
24390,GEN,
24391,OBC-NCL,6441
24392,OBC-NCL,6442
24393,GEN-EWS,3855
24394,GEN-EWS,3856
24395,OBC-NCL,6443
24396,GEN,
24397,GEN,
24398,GEN,
24399,GEN,
24400,GEN,
24401,GEN,
24402,GEN,
24403,GEN,
24404,OBC-NCL,6444
24405,OBC-NCL,6445
24406,OBC-NCL,6446
24407,GEN,
24408,GEN-EWS,3857
24409,GEN,
24410,GEN,
24411,OBC-NCL,6447
24412,GEN,
24413,OBC-NCL,6448
24414,GEN-EWS,3858
24415,GEN-EWS,3859
24416,SC,937
24417,GEN,
24418,GEN,
24419,GEN,
24420,SC,938
24421,GEN,
24422,GEN,
24423,GEN-EWS,3860
24424,OBC-NCL,6449
24425,GEN,
24426,SC,939
24427,OBC-NCL,6450
24428,OBC-NCL,6451
24429,GEN,
24430,GEN,
24431,GEN,
24432,SC,940
24433,GEN-EWS,3861
24434,GEN,
24435,OBC-NCL,6452
24436,OBC-NCL,6453
24437,OBC-NCL,6454
24437,OBC-NCL,6454
24439,GEN,
24440,GEN,
24441,GEN-EWS,3862
24442,OBC-NCL,6456
24443,GEN,
24444,GEN-EWS,3863
24445,OBC-NCL,6457
24446,GEN-EWS,3864
24447,GEN-EWS,3865
24448,OBC-NCL,6458
24449,GEN,
24450,OBC-NCL,6459
24451,OBC-NCL,6460
24452,GEN,
24452,GEN,
24454,SC,941
24455,OBC-NCL,6461
24456,GEN,
24457,OBC-NCL,6462
24458,GEN-EWS,3866
24459,GEN,
24460,OBC-NCL,6463
24461,GEN,
24462,GEN,
24463,OBC-NCL,6464
24464,GEN,
24465,GEN,
24466,OBC-NCL,6465
24467,SC,942
24468,SC,943
24469,OBC-NCL,6466
24470,GEN,
24471,SC,944
24472,OBC-NCL,6467
24473,GEN-EWS,3867
24474,GEN-EWS,3868
24475,GEN,
24476,OBC-NCL,6468
24477,GEN-EWS,3869
24478,GEN,
24479,GEN,
24480,GEN,
24481,OBC-NCL,6469
24482,GEN-EWS,3870
24483,GEN-EWS,3871
24484,GEN-EWS,3872
24485,OBC-NCL,6470
24486,GEN,
24487,GEN,
24488,GEN-EWS,3873
24489,OBC-NCL,6471
24490,OBC-NCL,6472
24491,GEN,
24492,GEN,
24493,OBC-NCL,6473
24494,SC,945
24495,OBC-NCL,6474
24496,GEN,
24497,GEN-EWS,3874
24498,GEN,
24499,OBC-NCL,6475
24500,OBC-NCL,6476
24501,OBC-NCL,6477
24502,GEN,
24503,GEN-EWS,3875
24504,GEN,
24505,GEN-EWS,3876
24506,OBC-NCL,6478
24507,OBC-NCL,6479
24508,GEN,
24509,GEN,
24510,OBC-NCL,6480
24511,GEN-EWS,3877
24512,OBC-NCL,6481
24513,GEN-EWS,3878
24514,GEN,
24515,GEN-EWS,3879
24516,GEN,
24517,OBC-NCL,6482
24518,OBC-NCL,6483
24519,OBC-NCL,6484
24520,GEN,
24521,GEN,
24522,GEN,
24523,GEN,
24524,GEN,
24525,GEN,
24526,OBC-NCL,6485
24527,GEN,
24528,GEN,
24529,GEN,
24530,GEN,
24531,OBC-NCL,6486
24532,GEN,
24533,GEN,
24534,GEN-EWS,3880
24535,OBC-NCL,6487
24536,GEN,
24537,GEN,
24538,OBC-NCL,6488
24539,OBC-NCL,6489
24540,OBC-NCL,6490
24541,GEN,
24542,GEN,
24543,GEN-EWS,3881
24544,OBC-NCL,6491
24545,OBC-NCL,6492
24546,GEN,
24547,GEN,
24548,GEN-EWS,3882
24549,GEN,
24550,GEN,
24551,GEN,
24552,GEN,
24553,GEN,
24554,SC,946
24555,GEN,
24556,OBC-NCL,6493
24557,GEN-EWS,3883
24558,OBC-NCL,6494
24559,GEN-EWS,3884
24560,GEN,
24561,GEN,
24562,GEN,
24563,OBC-NCL,6495
24564,OBC-NCL,6496
24565,GEN,
24566,GEN-EWS,3885
24567,GEN,
24568,GEN,
24569,GEN,
24570,OBC-NCL,6497
24571,GEN-EWS,3886
24572,GEN,
24573,GEN-EWS,3887
24574,GEN,
24575,GEN-EWS,3888
24576,OBC-NCL,6498
24577,OBC-NCL,6499
24578,GEN-EWS,3889
24579,GEN-EWS,3890
24580,GEN,
24581,OBC-NCL,6500
24582,GEN,
24583,OBC-NCL,6501
24584,GEN,
24585,GEN,
24586,GEN,
24587,GEN,
24588,OBC-NCL,6502
24589,GEN,
24590,OBC-NCL,6503
24591,GEN,
24592,GEN,
24593,OBC-NCL,6504
24594,GEN,
24595,OBC-NCL,6505
24596,OBC-NCL,6506
24597,GEN,
24598,GEN,
24599,OBC-NCL,6507
24600,OBC-NCL,6508
24601,GEN-EWS,3891
24602,OBC-NCL,6509
24603,GEN,
24604,GEN-EWS,3892
24605,GEN,
24606,OBC-NCL,6510
24607,GEN,
24608,GEN,
24609,GEN,
24610,GEN-EWS,3893
24611,GEN-EWS,3894
24612,GEN,
24613,GEN,
24614,OBC-NCL,6511
24615,GEN-EWS,3895
24616,GEN,
24617,GEN,
24618,OBC-NCL,6513
24619,GEN-EWS,3896
24620,GEN,
24621,SC,948
24622,GEN,
24623,GEN-EWS,3897
24624,OBC-NCL,6514
24625,GEN,
24626,GEN,
24627,OBC-NCL,6515
24628,GEN,
24629,GEN,
24630,OBC-NCL,6516
24631,OBC-NCL,6517
24632,GEN-EWS,3898
24633,OBC-NCL,6518
24634,OBC-NCL,6519
24635,GEN,
24636,GEN,
24637,GEN-EWS,3899
24638,SC,949
24639,OBC-NCL,6520
24640,OBC-NCL,6521
24641,GEN,
24642,GEN-EWS,3902
24643,GEN-EWS,3903
24644,GEN,
24645,GEN,
24646,GEN,
24647,GEN,
24648,GEN,
24649,GEN,
24650,ST,269
24651,GEN,
24652,GEN,
24653,GEN,
24654,GEN,
24654,GEN-EWS,3904
24656,GEN,
24657,GEN,
24658,GEN-EWS,3905
24659,OBC-NCL,6522
24660,GEN-EWS,3906
24661,GEN-EWS,3907
24662,OBC-NCL,6523
24663,GEN,
24664,GEN,
24665,GEN,
24666,GEN,
24667,GEN,
24668,GEN,
24669,GEN,
24670,GEN,
24670,GEN,
24672,OBC-NCL,6524
24673,OBC-NCL,6525
24674,OBC-NCL,6526
24675,OBC-NCL,6527
24676,GEN,
24677,OBC-NCL,6528
24678,GEN,
24679,GEN,
24680,GEN,
24681,GEN-EWS,3908
24682,GEN,
24683,OBC-NCL,6529
24684,GEN-EWS,3909
24685,ST,270
24686,OBC-NCL,6530
24687,OBC-NCL,6531
24688,GEN,
24689,GEN,
24690,GEN,
24691,GEN-EWS,3910
24692,GEN,
24693,OBC-NCL,6532
24694,OBC-NCL,6533
24695,OBC-NCL,6534
24696,GEN,
24697,OBC-NCL,6535
24698,OBC-NCL,6536
24699,GEN,
24700,GEN,
24700,OBC-NCL,6537
24702,GEN,
24703,OBC-NCL,6538
24704,GEN,
24705,GEN,
24706,GEN,
24707,GEN,
24708,GEN,
24709,SC,951
24710,GEN,
24711,OBC-NCL,6539
24712,SC,952
24713,GEN-EWS,3912
24714,OBC-NCL,6540
24715,GEN-EWS,3913
24716,GEN,
24717,SC,953
24718,GEN,
24719,GEN,
24720,GEN-EWS,3914
24721,GEN-EWS,3915
24722,OBC-NCL,6541
24723,GEN-EWS,3916
24724,OBC-NCL,6542
24725,OBC-NCL,6543
24726,GEN,
24727,GEN,
24728,GEN-EWS,3917
24729,OBC-NCL,6544
24730,GEN,
24731,OBC-NCL,6545
24732,GEN-EWS,3918
24733,GEN,
24734,GEN-EWS,3919
24735,GEN,
24736,GEN,
24737,OBC-NCL,6546
24738,GEN,
24739,GEN-EWS,3920
24740,GEN,
24741,GEN-EWS,3921
24742,GEN-EWS,3922
24742,OBC-NCL,6547
24744,OBC-NCL,6548
24745,OBC-NCL,6549
24746,GEN,
24747,OBC-NCL,6550
24748,GEN,
24749,GEN,
24750,GEN,
24751,OBC-NCL,6551
24752,OBC-NCL,6552
24753,GEN,
24754,GEN,
24755,GEN,
24756,GEN,
24757,GEN,
24758,GEN,
24759,GEN,
24760,GEN,
24761,OBC-NCL,6553
24762,GEN,
24763,OBC-NCL,6554
24764,GEN-EWS,3924
24765,GEN-EWS,3925
24766,OBC-NCL,6555
24767,GEN,
24767,GEN-EWS,3926
24769,GEN,
24770,OBC-NCL,6556
24771,GEN-EWS,3927
24772,GEN-EWS,3928
24773,GEN,
24774,GEN,
24775,OBC-NCL,6557
24776,GEN,
24777,GEN,
24778,OBC-NCL,6558
24779,GEN,
24780,GEN,
24781,ST,271
24782,OBC-NCL,6559
24783,OBC-NCL,6560
24784,GEN-EWS,3929
24785,OBC-NCL,6561
24786,GEN,
24787,ST,272
24788,GEN,
24789,OBC-NCL,6562
24790,GEN,
24791,OBC-NCL,6563
24792,GEN,
24792,GEN-EWS,3930
24794,GEN,
24795,GEN,
24796,GEN,
24797,GEN,
24798,GEN,
24799,GEN,
24800,OBC-NCL,6564
24801,GEN,
24802,GEN,
24803,GEN,
24804,GEN,
24805,GEN-EWS,3931
24806,GEN,
24807,GEN-EWS,3932
24808,GEN,
24809,GEN,
24810,OBC-NCL,6565
24811,OBC-NCL,6566
24812,GEN,
24813,GEN,
24814,GEN,
24815,GEN,
24816,GEN,
24817,GEN,
24818,GEN,
24819,OBC-NCL,6567
24820,GEN,
24821,OBC-NCL,6568
24822,OBC-NCL,6569
24823,GEN,
24824,OBC-NCL,6570
24825,GEN,
24826,GEN,
24827,OBC-NCL,6571
24828,GEN,
24829,OBC-NCL,6572
24830,GEN,
24831,GEN,
24832,GEN,
24833,GEN,
24834,GEN-EWS,3933
24835,GEN-EWS,3934
24836,GEN,
24837,OBC-NCL,6573
24838,GEN-EWS,3935
24839,GEN-EWS,3936
24840,OBC-NCL,6574
24841,GEN,
24842,GEN,
24843,GEN,
24844,GEN,
24845,GEN,
24846,GEN,
24847,SC,955
24848,SC,956
24849,OBC-NCL,6575
24850,GEN,
24851,OBC-NCL,6576
24852,OBC-NCL,6577
24853,GEN,
24854,OBC-NCL,6578
24855,OBC-NCL,6579
24856,OBC-NCL,6580
24857,GEN-EWS,3937
24858,OBC-NCL,6581
24859,SC,957
24860,GEN-EWS,3938
24861,OBC-NCL,6582
24862,GEN,
24863,GEN,
24864,ST,273
24865,SC,958
24866,GEN,
24866,GEN,
24868,GEN-EWS,3939
24869,GEN-EWS,3940
24870,OBC-NCL,6583
24871,GEN,
24872,OBC-NCL,6584
24873,GEN-EWS,3941
24874,GEN-EWS,3942
24875,OBC-NCL,6585
24876,OBC-NCL,6586
24877,GEN,
24878,GEN,
24879,GEN-EWS,3943
24879,OBC-NCL,6587
24881,GEN,
24882,GEN,
24883,GEN-EWS,3944
24884,GEN,
24884,SC,959
24886,GEN-EWS,3945
24887,GEN-EWS,3946
24888,OBC-NCL,6588
24889,SC,960
24890,GEN,
24891,SC,961
24892,GEN,
24893,GEN,
24894,OBC-NCL,6589
24895,GEN,
24896,SC,962
24897,GEN,
24898,OBC-NCL,6590
24899,GEN,
24900,SC,963
24901,GEN,
24902,OBC-NCL,6591
24903,SC,964
24904,GEN-EWS,3947
24905,GEN,
24906,GEN-EWS,3948
24907,OBC-NCL,6592
24908,OBC-NCL,6593
24909,GEN-EWS,3949
24910,GEN,
24911,OBC-NCL,6594
24912,OBC-NCL,6595
24913,OBC-NCL,6596
24914,ST,274
24915,OBC-NCL,6597
24916,GEN-EWS,3950
24917,OBC-NCL,6598
24918,SC,965
24919,GEN-EWS,3951
24920,GEN,
24921,GEN,
24922,GEN-EWS,3952
24923,GEN-EWS,3953
24924,GEN,
24925,GEN,
24926,GEN,
24927,OBC-NCL,6599
24928,OBC-NCL,6600
24929,OBC-NCL,6601
24930,GEN,
24931,GEN,
24932,OBC-NCL,6602
24933,SC,966
24934,GEN-EWS,3954
24935,OBC-NCL,6603
24936,OBC-NCL,6604
24937,GEN-EWS,3955
24938,SC,967
24939,GEN,
24940,GEN,
24941,GEN,
24942,SC,968
24943,OBC-NCL,6605
24944,GEN-EWS,3956
24945,OBC-NCL,6606
24946,OBC-NCL,6607
24947,GEN,
24948,GEN,
24949,GEN,
24949,GEN-EWS,3957
24951,GEN,
24952,GEN,
24953,OBC-NCL,6608
24954,GEN,
24955,OBC-NCL,6609
24956,GEN,
24957,GEN,
24958,GEN,
24959,GEN,
24960,SC,969
24961,OBC-NCL,6610
24962,GEN-EWS,3958
24963,GEN,
24964,GEN,
24965,SC,970
24966,OBC-NCL,6611
24967,GEN,
24968,GEN,
24969,GEN-EWS,3959
24970,GEN,
24971,OBC-NCL,6612
24972,GEN,
24973,GEN,
24974,SC,971
24975,GEN-EWS,3960
24976,OBC-NCL,6613
24977,OBC-NCL,6614
24978,GEN,
24978,GEN-EWS,3961
24980,GEN-EWS,3962
24981,GEN,
24982,GEN,
24982,OBC-NCL,6615
24984,GEN,
24985,GEN,
24986,GEN,
24987,OBC-NCL,6616
24988,GEN,
24989,GEN-EWS,3963
24990,OBC-NCL,6617
24991,GEN,
24992,GEN,
24993,OBC-NCL,6618
24994,OBC-NCL,6619
24995,SC,972
24996,GEN,
24997,OBC-NCL,6620
24997,SC,973
24999,GEN,
25000,GEN,
25001,OBC-NCL,6621
25002,OBC-NCL,6622
25003,SC,974
25004,OBC-NCL,6623
25005,SC,975
25006,GEN,
25007,OBC-NCL,6624
25008,OBC-NCL,6625
25009,OBC-NCL,6626
25010,OBC-NCL,6627
25011,GEN,
25012,GEN-EWS,3964
25013,GEN,
25014,GEN,
25015,GEN,
25016,OBC-NCL,6628
25017,OBC-NCL,6629
25018,GEN,
25019,GEN,
25020,GEN,
25021,GEN,
25022,GEN-EWS,3965
25023,OBC-NCL,6630
25024,OBC-NCL,6631
25025,OBC-NCL,6632
25026,GEN,
25027,GEN,
25028,GEN-EWS,3967
25029,OBC-NCL,6635
25030,GEN,
25030,GEN-EWS,3968
25032,GEN,
25033,GEN-EWS,3969
25034,GEN,
25035,OBC-NCL,6636
25036,GEN,
25037,GEN-EWS,3970
25038,GEN,
25039,OBC-NCL,6637
25040,GEN,
25041,OBC-NCL,6638
25042,GEN,
25043,GEN,
25044,OBC-NCL,6639
25045,GEN,
25046,GEN,
25047,GEN,
25048,GEN-EWS,3971
25049,OBC-NCL,6640
25050,GEN-EWS,3972
25051,GEN,
25052,OBC-NCL,6641
25053,GEN,
25054,ST,275
25055,GEN-EWS,3973
25056,GEN,
25057,GEN-EWS,3974
25058,OBC-NCL,6642
25059,GEN,
25060,ST,276
25061,SC,977
25062,OBC-NCL,6643
25063,GEN,
25064,GEN,
25065,GEN-EWS,3975
25066,OBC-NCL,6644
25067,OBC-NCL,6645
25068,OBC-NCL,6646
25069,GEN,
25070,GEN,
25071,GEN-EWS,3976
25072,GEN,
25073,GEN,
25074,GEN,
25075,OBC-NCL,6647
25076,OBC-NCL,6648
25077,GEN-EWS,3977
25078,GEN,
25079,GEN-EWS,3978
25080,GEN,
25081,GEN-EWS,3979
25082,OBC-NCL,6649
25083,GEN,
25084,GEN,
25085,OBC-NCL,6650
25086,GEN-EWS,3980
25087,OBC-NCL,6651
25088,OBC-NCL,6652
25089,GEN,
25090,GEN,
25091,GEN,
25092,GEN-EWS,3981
25093,OBC-NCL,6654
25094,SC,978
25095,GEN,
25096,OBC-NCL,6655
25097,GEN,
25098,GEN,
25099,GEN-EWS,3982
25100,OBC-NCL,6656
25101,OBC-NCL,6657
25102,GEN-EWS,3983
25103,GEN-EWS,3984
25104,OBC-NCL,6659
25105,OBC-NCL,6660
25106,GEN,
25107,OBC-NCL,6661
25108,GEN,
25109,GEN-EWS,3985
25110,OBC-NCL,6662
25111,OBC-NCL,6663
25112,GEN-EWS,3986
25113,GEN,
25114,GEN,
25115,SC,979
25116,SC,980
25117,GEN,
25118,GEN,
25119,SC,981
25120,GEN-EWS,3987
25121,OBC-NCL,6664
25122,GEN-EWS,3988
25123,GEN,
25124,GEN,
25125,GEN-EWS,3989
25126,GEN-EWS,3990
25127,SC,982
25128,OBC-NCL,6665
25129,GEN,
25130,GEN-EWS,3991
25131,GEN-EWS,3992
25132,OBC-NCL,6666
25133,GEN,
25134,OBC-NCL,6667
25135,OBC-NCL,6668
25136,GEN,
25137,GEN,
25138,OBC-NCL,6669
25139,GEN-EWS,3993
25140,GEN-EWS,3994
25141,GEN-EWS,3995
25142,GEN,
25143,GEN,
25144,GEN,
25145,OBC-NCL,6670
25146,GEN,
25147,GEN-EWS,3996
25148,OBC-NCL,6671
25149,GEN,
25149,GEN-EWS,3997
25151,GEN,
25152,OBC-NCL,6672
25153,OBC-NCL,6673
25154,GEN,
25155,GEN,
25156,OBC-NCL,6674
25157,GEN,
25158,OBC-NCL,6675
25159,GEN-EWS,3998
25160,GEN,
25161,GEN,
25162,GEN,
25163,GEN,
25164,GEN,
25165,OBC-NCL,6676
25166,GEN-EWS,3999
25167,GEN-EWS,4000
25168,GEN,
25169,GEN-EWS,4001
25170,OBC-NCL,6677
25171,GEN,
25172,GEN,
25173,GEN-EWS,4002
25174,GEN,
25175,GEN,
25176,GEN,
25177,GEN,
25178,GEN,
25179,GEN,
25180,OBC-NCL,6678
25181,OBC-NCL,6679
25182,OBC-NCL,6680
25183,GEN,
25184,GEN,
25185,GEN-EWS,4003
25186,GEN,
25187,OBC-NCL,6681
25188,SC,983
25189,OBC-NCL,6682
25190,OBC-NCL,6683
25191,GEN,
25192,GEN-EWS,4004
25193,OBC-NCL,6684
25194,GEN-EWS,4005
25195,GEN-EWS,4006
25196,GEN,
25197,OBC-NCL,6685
25198,GEN,
25199,GEN,
25200,OBC-NCL,6686
25201,ST,277
25202,GEN-EWS,4007
25203,SC,984
25204,OBC-NCL,6687
25205,GEN,
25206,GEN,
25207,GEN,
25208,GEN-EWS,4008
25209,OBC-NCL,6688
25210,OBC-NCL,6689
25211,GEN,
25212,OBC-NCL,6690
25213,GEN,
25214,GEN,
25215,OBC-NCL,6691
25216,GEN,
25217,OBC-NCL,6692
25218,GEN,
25219,OBC-NCL,6693
25220,GEN,
25221,GEN,
25222,GEN,
25223,OBC-NCL,6694
25224,OBC-NCL,6695
25225,GEN,
25225,OBC-NCL,6696
25227,GEN,
25228,GEN,
25229,GEN,
25230,GEN,
25231,OBC-NCL,6697
25232,GEN-EWS,4009
25233,GEN,
25234,GEN,
25235,GEN,
25236,GEN-EWS,4010
25237,GEN,
25238,GEN,
25239,OBC-NCL,6698
25240,GEN-EWS,4011
25241,GEN,
25242,GEN,
25243,GEN,
25244,GEN,
25245,GEN,
25246,GEN,
25247,GEN-EWS,4012
25248,OBC-NCL,6699
25249,SC,985
25250,OBC-NCL,6700
25251,OBC-NCL,6701
25252,GEN,
25253,OBC-NCL,6702
25254,GEN-EWS,4013
25255,GEN,
25256,GEN-EWS,4014
25257,OBC-NCL,6703
25258,SC,986
25259,GEN-EWS,4015
25260,OBC-NCL,6704
25261,GEN,
25262,OBC-NCL,6705
25263,GEN,
25264,ST,278
25265,GEN,
25266,OBC-NCL,6706
25267,OBC-NCL,6707
25268,GEN-EWS,4016
25269,GEN,
25270,OBC-NCL,6708
25271,GEN,
25272,GEN,
25273,GEN,
25274,GEN-EWS,4017
25275,GEN,
25276,GEN,
25277,GEN,
25278,GEN,
25279,GEN,
25280,GEN-EWS,4018
25281,GEN,
25282,GEN-EWS,4019
25283,GEN,
25284,GEN-EWS,4020
25285,GEN,
25286,GEN,
25286,OBC-NCL,6709
25288,OBC-NCL,6710
25289,GEN,
25290,OBC-NCL,6711
25291,GEN,
25292,GEN-EWS,4021
25293,GEN,
25294,OBC-NCL,6712
25295,SC,987
25296,GEN,
25297,GEN,
25298,GEN,
25299,OBC-NCL,6713
25300,OBC-NCL,6714
25301,OBC-NCL,6715
25302,GEN,
25303,SC,988
25304,SC,989
25305,GEN,
25306,OBC-NCL,6716
25307,GEN,
25308,SC,990
25309,GEN,
25310,GEN-EWS,4022
25311,GEN,
25312,GEN,
25313,GEN,
25314,GEN,
25315,GEN,
25316,OBC-NCL,6717
25317,GEN,
25318,GEN,
25319,GEN,
25320,OBC-NCL,6718
25321,OBC-NCL,6719
25322,OBC-NCL,6720
25323,GEN,
25324,GEN,
25325,GEN,
25326,GEN,
25327,GEN-EWS,4023
25328,OBC-NCL,6721
25329,OBC-NCL,6722
25330,GEN,
25331,GEN,
25332,GEN-EWS,4024
25333,OBC-NCL,6723
25334,SC,991
25335,OBC-NCL,6724
25336,GEN,
25337,OBC-NCL,6725
25338,GEN-EWS,4025
25339,OBC-NCL,6726
25340,OBC-NCL,6727
25341,OBC-NCL,6728
25342,OBC-NCL,6729
25343,SC,992
25344,SC,993
25345,GEN,
25346,GEN-EWS,4026
25347,OBC-NCL,6730
25348,OBC-NCL,6731
25349,OBC-NCL,6732
25350,OBC-NCL,6733
25351,OBC-NCL,6734
25352,GEN-EWS,4027
25353,OBC-NCL,6735
25354,OBC-NCL,6736
25355,GEN,
25355,GEN,
25357,GEN-EWS,4028
25358,GEN-EWS,4029
25359,OBC-NCL,6737
25360,GEN-EWS,4030
25361,OBC-NCL,6738
25362,GEN,
25363,GEN-EWS,4031
25364,GEN,
25365,GEN,
25366,GEN,
25367,GEN,
25368,OBC-NCL,6739
25369,GEN-EWS,4032
25370,GEN,
25371,GEN,
25372,GEN,
25373,GEN,
25374,GEN,
25374,GEN,
25376,GEN,
25377,GEN-EWS,4033
25378,GEN,
25379,GEN-EWS,4034
25380,GEN,
25381,GEN,
25382,GEN,
25383,GEN,
25384,OBC-NCL,6740
25385,GEN,
25386,GEN-EWS,4035
25387,GEN,
25388,GEN,
25389,OBC-NCL,6741
25390,GEN-EWS,4036
25391,GEN,
25392,OBC-NCL,6742
25393,GEN,
25394,OBC-NCL,6743
25395,GEN,
25396,OBC-NCL,6744
25397,GEN,
25398,GEN,
25399,SC,994
25400,GEN,
25401,OBC-NCL,6745
25402,OBC-NCL,6746
25403,GEN,
25404,GEN,
25405,GEN,
25406,GEN,
25407,OBC-NCL,6747
25408,GEN,
25409,OBC-NCL,6748
25410,OBC-NCL,6749
25411,ST,279
25412,GEN,
25413,OBC-NCL,6750
25414,ST,280
25415,GEN-EWS,4037
25416,OBC-NCL,6751
25417,SC,995
25418,GEN,
25419,OBC-NCL,6752
25420,OBC-NCL,6753
25421,GEN,
25422,OBC-NCL,6754
25423,GEN,
25424,GEN,
25425,GEN,
25426,GEN,
25427,OBC-NCL,6755
25428,OBC-NCL,6756
25429,OBC-NCL,6757
25430,SC,996
25431,GEN-EWS,4038
25432,GEN,
25433,GEN,
25434,GEN,
25435,OBC-NCL,6758
25436,OBC-NCL,6759
25437,GEN,
25438,GEN-EWS,4039
25439,GEN,
25440,GEN,
25441,GEN-EWS,4040
25442,GEN-EWS,4041
25443,GEN,
25444,GEN-EWS,4042
25445,OBC-NCL,6760
25446,GEN,
25447,GEN,
25448,GEN-EWS,4043
25449,GEN-EWS,4044
25450,OBC-NCL,6761
25451,OBC-NCL,6762
25452,GEN-EWS,4045
25453,GEN-EWS,4046
25454,GEN-EWS,4047
25455,GEN,
25456,GEN,
25457,OBC-NCL,6763
25458,OBC-NCL,6764
25459,GEN,
25460,OBC-NCL,6765
25461,GEN,
25462,GEN,
25463,SC,997
25464,OBC-NCL,6766
25465,OBC-NCL,6767
25466,GEN,
25467,GEN-EWS,4048
25468,GEN,
25469,OBC-NCL,6768
25470,GEN-EWS,4049
25471,OBC-NCL,6769
25472,GEN,
25472,OBC-NCL,6770
25474,OBC-NCL,6771
25475,GEN-EWS,4050
25476,GEN,
25477,GEN,
25478,GEN,
25479,SC,998
25480,OBC-NCL,6772
25481,GEN,
25482,GEN-EWS,4051
25483,GEN,
25484,GEN,
25485,OBC-NCL,6773
25486,GEN-EWS,4052
25487,SC,999
25488,SC,1000
25489,GEN-EWS,4053
25490,OBC-NCL,6774
25491,GEN-EWS,4054
25492,OBC-NCL,6775
25493,GEN,
25494,GEN,
25495,OBC-NCL,6776
25496,OBC-NCL,6777
25497,GEN-EWS,4055
25498,GEN-EWS,4056
25499,GEN-EWS,4057
25500,GEN,
25501,ST,281
25502,GEN,
25503,GEN,
25504,GEN-EWS,4058
25505,OBC-NCL,6779
25506,OBC-NCL,6780
25507,GEN,
25508,GEN,
25509,GEN-EWS,4059
25510,GEN,
25510,GEN-EWS,4060
25512,GEN,
25513,OBC-NCL,6781
25514,GEN,
25515,GEN,
25516,GEN,
25517,OBC-NCL,6782
25518,GEN-EWS,4061
25519,GEN,
25520,GEN-EWS,4062
25521,GEN,
25522,SC,1001
25523,GEN,
25524,GEN-EWS,4063
25525,OBC-NCL,6783
25526,OBC-NCL,6784
25527,OBC-NCL,6785
25528,GEN,
25529,OBC-NCL,6786
25530,ST,282
25531,GEN,
25532,SC,1002
25533,GEN,
25534,OBC-NCL,6787
25535,GEN,
25536,OBC-NCL,6788
25537,GEN-EWS,4064
25538,OBC-NCL,6789
25539,GEN,
25540,GEN,
25541,GEN-EWS,4065
25542,GEN,
25543,GEN,
25544,GEN,
25545,OBC-NCL,6790
25546,GEN-EWS,4066
25547,GEN,
25548,GEN,
25549,ST,283
25550,OBC-NCL,6791
25551,GEN,
25552,OBC-NCL,6792
25553,GEN-EWS,4067
25554,GEN-EWS,4068
25555,GEN,
25556,GEN-EWS,4069
25557,SC,1003
25558,GEN,
25559,GEN,
25560,GEN,
25561,GEN,
25562,OBC-NCL,6793
25563,GEN-EWS,4070
25564,OBC-NCL,6794
25565,OBC-NCL,6795
25566,GEN,
25567,GEN,
25568,OBC-NCL,6796
25569,GEN-EWS,4071
25570,OBC-NCL,6797
25571,OBC-NCL,6798
25572,OBC-NCL,6799
25573,GEN,
25574,OBC-NCL,6800
25575,GEN,
25576,GEN-EWS,4072
25577,GEN-EWS,4073
25578,GEN-EWS,4074
25579,GEN-EWS,4075
25580,OBC-NCL,6802
25581,GEN,
25582,OBC-NCL,6803
25583,GEN-EWS,4076
25584,GEN-EWS,4077
25585,GEN,
25586,GEN-EWS,4078
25587,GEN,
25587,OBC-NCL,6804
25589,GEN-EWS,4079
25590,OBC-NCL,6805
25591,GEN,
25592,GEN,
25593,GEN-EWS,4080
25594,GEN,
25595,GEN,
25595,SC,1004
25597,GEN-EWS,4081
25598,GEN-EWS,4082
25599,OBC-NCL,6806
25600,SC,1005
25601,GEN-EWS,4083
25602,OBC-NCL,6807
25603,GEN,
25604,GEN-EWS,4084
25605,GEN-EWS,4085
25606,GEN-EWS,4086
25607,OBC-NCL,6808
25608,GEN-EWS,4087
25609,OBC-NCL,6809
25610,GEN,
25611,GEN,
25612,OBC-NCL,6810
25613,OBC-NCL,6811
25614,GEN-EWS,4088
25615,GEN,
25616,OBC-NCL,6812
25617,GEN,
25618,GEN-EWS,4089
25619,OBC-NCL,6813
25620,OBC-NCL,6814
25621,GEN,
25622,GEN,
25623,OBC-NCL,6815
25624,GEN-EWS,4090
25625,GEN-EWS,4091
25626,GEN-EWS,4092
25627,GEN-EWS,4093
25628,GEN-EWS,4094
25629,GEN,
25630,SC,1008
25631,GEN,
25632,GEN-EWS,4095
25633,SC,1009
25634,GEN,
25635,GEN-EWS,4096
25636,ST,284
25637,GEN,
25638,SC,1010
25639,GEN-EWS,4097
25640,GEN-EWS,4098
25641,OBC-NCL,6816
25642,GEN-EWS,4099
25643,OBC-NCL,6817
25644,GEN,
25645,GEN,
25646,GEN,
25647,GEN,
25648,GEN,
25649,ST,285
25650,OBC-NCL,6818
25651,OBC-NCL,6819
25652,GEN,
25653,GEN,
25654,OBC-NCL,6820
25655,OBC-NCL,6821
25656,GEN,
25657,GEN,
25658,OBC-NCL,6822
25659,OBC-NCL,6823
25660,OBC-NCL,6824
25661,GEN,
25662,SC,1011
25663,GEN-EWS,4100
25664,GEN-EWS,4101
25665,GEN-EWS,4102
25666,GEN-EWS,4103
25667,OBC-NCL,6825
25668,SC,1012
25669,GEN,
25670,GEN-EWS,4104
25671,GEN-EWS,4105
25672,OBC-NCL,6826
25673,GEN,
25674,GEN-EWS,4106
25675,SC,1013
25676,GEN,
25677,GEN,
25678,OBC-NCL,6827
25679,GEN,
25680,ST,286
25681,OBC-NCL,6828
25682,GEN,
25683,GEN,
25684,GEN,
25685,OBC-NCL,6829
25686,GEN-EWS,4107
25687,GEN,
25688,GEN,
25689,OBC-NCL,6830
25690,GEN,
25691,OBC-NCL,6831
25692,GEN,
25693,GEN,
25694,OBC-NCL,6832
25695,GEN-EWS,4108
25696,GEN,
25697,GEN,
25698,GEN,
25699,GEN,
25700,OBC-NCL,6833
25701,GEN,
25702,GEN,
25703,GEN,
25704,OBC-NCL,6834
25705,OBC-NCL,6835
25706,OBC-NCL,6836
25707,GEN,
25708,GEN,
25709,OBC-NCL,6837
25710,OBC-NCL,6838
25711,OBC-NCL,6839
25712,SC,1014
25713,OBC-NCL,6840
25714,SC,1015
25715,GEN,
25716,GEN,
25717,GEN,
25718,OBC-NCL,6841
25719,OBC-NCL,6842
25720,GEN-EWS,4110
25721,GEN,
25722,GEN,
25723,OBC-NCL,6843
25724,OBC-NCL,6844
25725,GEN,
25726,OBC-NCL,6845
25727,OBC-NCL,6846
25728,GEN-EWS,4111
25729,GEN,
25730,OBC-NCL,6847
25731,GEN,
25732,GEN,
25733,GEN-EWS,4112
25734,OBC-NCL,6848
25735,GEN,
25736,GEN,
25737,GEN-EWS,4113
25738,SC,1016
25739,OBC-NCL,6849
25740,GEN-EWS,4114
25741,GEN,
25742,ST,287
25743,GEN,
25744,GEN,
25745,GEN,
25746,OBC-NCL,6850
25747,OBC-NCL,6851
25748,GEN,
25749,OBC-NCL,6852
25750,ST,288
25751,GEN,
25752,GEN-EWS,4115
25753,SC,1017
25754,OBC-NCL,6853
25755,OBC-NCL,6854
25756,OBC-NCL,6855
25757,GEN-EWS,4116
25758,GEN,
25759,GEN-EWS,4117
25760,GEN-EWS,4118
25761,SC,1018
25762,GEN,
25763,GEN,
25764,GEN-EWS,4119
25765,GEN-EWS,4120
25766,GEN,
25767,OBC-NCL,6856
25768,GEN,
25769,GEN,
25770,OBC-NCL,6857
25771,OBC-NCL,6858
25772,GEN-EWS,4121
25773,GEN,
25774,GEN,
25775,GEN,
25776,GEN,
25777,OBC-NCL,6859
25778,OBC-NCL,6860
25779,GEN,
25780,GEN,
25781,GEN,
25782,GEN,
25783,GEN,
25784,OBC-NCL,6861
25785,OBC-NCL,6862
25786,GEN-EWS,4122
25787,OBC-NCL,6863
25788,GEN,
25789,GEN,
25790,GEN,
25791,OBC-NCL,6864
25792,GEN,
25793,OBC-NCL,6865
25794,GEN,
25795,GEN,
25796,GEN-EWS,4123
25797,GEN-EWS,4124
25798,OBC-NCL,6866
25799,OBC-NCL,6867
25800,GEN-EWS,4125
25801,GEN,
25802,GEN,
25803,OBC-NCL,6868
25804,GEN-EWS,4126
25805,GEN-EWS,4127
25806,GEN,
25807,GEN-EWS,4128
25807,OBC-NCL,6869
25809,GEN,
25810,GEN,
25811,GEN-EWS,4129
25812,GEN,
25813,GEN,
25814,GEN-EWS,4130
25815,OBC-NCL,6870
25816,GEN-EWS,4131
25817,OBC-NCL,6871
25818,GEN,
25819,OBC-NCL,6872
25820,GEN-EWS,4132
25821,OBC-NCL,6873
25822,GEN,
25823,SC,1019
25824,SC,1020
25825,OBC-NCL,6874
25826,GEN-EWS,4133
25827,ST,289
25828,OBC-NCL,6875
25829,GEN,
25830,GEN,
25831,GEN-EWS,4134
25832,GEN,
25833,GEN-EWS,4135
25834,OBC-NCL,6876
25835,GEN,
25836,OBC-NCL,6877
25837,GEN-EWS,4136
25838,GEN-EWS,4137
25839,GEN-EWS,4138
25840,GEN-EWS,4139
25841,GEN,
25842,GEN,
25843,GEN,
25844,OBC-NCL,6878
25845,GEN,
25846,GEN,
25847,OBC-NCL,6879
25848,GEN,
25849,GEN-EWS,4140
25850,OBC-NCL,6880
25851,GEN,
25852,GEN-EWS,4141
25853,GEN,
25854,OBC-NCL,6881
25855,GEN-EWS,4142
25856,GEN,
25857,GEN,
25858,OBC-NCL,6882
25859,OBC-NCL,6883
25860,GEN-EWS,4143
25861,GEN-EWS,4144
25862,GEN,
25863,GEN-EWS,4145
25864,OBC-NCL,6884
25865,GEN-EWS,4146
25866,SC,1021
25867,OBC-NCL,6885
25868,OBC-NCL,6886
25869,OBC-NCL,6887
25870,GEN-EWS,4147
25871,OBC-NCL,6888
25872,GEN,
25873,SC,1022
25874,SC,1023
25875,GEN,
25876,GEN,
25877,GEN,
25878,OBC-NCL,6889
25879,SC,1024
25880,GEN,
25880,GEN,
25882,SC,1025
25883,GEN,
25884,GEN,
25885,GEN,
25886,GEN-EWS,4148
25887,GEN,
25888,OBC-NCL,6890
25889,GEN,
25890,GEN,
25890,OBC-NCL,6891
25892,OBC-NCL,6892
25893,GEN,
25894,GEN-EWS,4149
25895,SC,1026
25896,OBC-NCL,6893
25897,OBC-NCL,6894
25898,GEN,
25899,OBC-NCL,6895
25900,OBC-NCL,6896
25901,GEN,
25902,OBC-NCL,6897
25903,OBC-NCL,6898
25904,GEN,
25905,SC,1027
25906,OBC-NCL,6899
25907,OBC-NCL,6900
25908,GEN,
25909,OBC-NCL,6901
25910,OBC-NCL,6902
25911,OBC-NCL,6903
25912,GEN-EWS,4150
25913,OBC-NCL,6904
25914,GEN,
25915,GEN,
25916,GEN,
25917,OBC-NCL,6905
25918,GEN,
25919,GEN,
25920,GEN,
25921,GEN-EWS,4151
25922,GEN-EWS,4152
25923,GEN-EWS,4153
25924,GEN,
25925,OBC-NCL,6906
25926,OBC-NCL,6907
25927,OBC-NCL,6908
25928,OBC-NCL,6909
25929,GEN,
25930,GEN,
25931,GEN-EWS,4154
25932,OBC-NCL,6910
25933,GEN,
25934,OBC-NCL,6911
25935,GEN-EWS,4155
25936,GEN,
25937,GEN,
25938,GEN,
25939,GEN-EWS,4156
25940,GEN-EWS,4157
25941,GEN-EWS,4158
25942,OBC-NCL,6912
25943,GEN,
25944,SC,1028
25945,GEN,
25946,OBC-NCL,6913
25947,GEN,
25948,GEN,
25949,GEN,
25950,GEN,
25951,OBC-NCL,6914
25952,GEN,
25953,GEN,
25954,GEN-EWS,4159
25955,GEN,
25956,GEN-EWS,4160
25957,GEN,
25958,OBC-NCL,6915
25959,GEN,
25960,OBC-NCL,6916
25961,GEN,
25962,GEN,
25963,OBC-NCL,6917
25964,GEN,
25965,OBC-NCL,6918
25966,OBC-NCL,6919
25967,OBC-NCL,6920
25968,GEN,
25969,GEN-EWS,4162
25970,GEN,
25971,GEN,
25971,GEN,
25973,GEN,
25974,GEN-EWS,4163
25975,GEN,
25976,GEN,
25977,OBC-NCL,6921
25978,SC,1029
25979,SC,1030
25980,GEN,
25981,OBC-NCL,6922
25982,GEN-EWS,4164
25983,GEN-EWS,4165
25984,OBC-NCL,6923
25985,GEN,
25986,GEN,
25987,GEN-EWS,4166
25988,GEN-EWS,4167
25989,GEN,
25990,GEN-EWS,4168
25991,SC,1031
25992,GEN,
25993,GEN,
25994,GEN,
25995,GEN,
25996,GEN,
25997,OBC-NCL,6924
25998,GEN,
25999,GEN,
26000,GEN-EWS,4169
26001,OBC-NCL,6925
26002,OBC-NCL,6926
26003,GEN-EWS,4170
26004,OBC-NCL,6927
26005,GEN,
26006,GEN,
26007,GEN,
26008,GEN-EWS,4171
26009,GEN,
26010,GEN,
26011,OBC-NCL,6928
26012,OBC-NCL,6929
26013,GEN-EWS,4172
26014,OBC-NCL,6930
26015,OBC-NCL,6932
26016,GEN,
26017,GEN,
26018,GEN-EWS,4173
26019,OBC-NCL,6933
26020,GEN,
26021,GEN,
26022,OBC-NCL,6934
26023,GEN,
26024,GEN,
26024,GEN-EWS,4174
26026,GEN,
26027,OBC-NCL,6935
26028,GEN,
26029,GEN-EWS,4175
26030,SC,1033
26031,OBC-NCL,6936
26032,GEN,
26033,GEN,
26034,GEN,
26035,GEN,
26036,OBC-NCL,6937
26037,GEN-EWS,4176
26038,GEN-EWS,4177
26039,OBC-NCL,6938
26040,GEN,
26041,GEN,
26042,OBC-NCL,6939
26043,GEN,
26044,OBC-NCL,6940
26045,GEN,
26046,ST,290
26047,GEN,
26048,GEN-EWS,4179
26049,GEN,
26050,GEN-EWS,4180
26051,GEN,
26052,OBC-NCL,6941
26053,ST,291
26054,SC,1034
26055,GEN,
26056,GEN,
26057,OBC-NCL,6942
26058,GEN,
26059,OBC-NCL,6943
26060,OBC-NCL,6944
26061,OBC-NCL,6945
26062,OBC-NCL,6946
26063,ST,292
26064,GEN,
26065,GEN,
26066,GEN,
26067,GEN,
26068,GEN,
26069,GEN-EWS,4181
26070,GEN-EWS,4182
26071,OBC-NCL,6947
26072,GEN,
26073,OBC-NCL,6948
26074,GEN-EWS,4183
26075,GEN-EWS,4184
26076,GEN-EWS,4185
26077,OBC-NCL,6949
26078,GEN,
26079,GEN,
26080,OBC-NCL,6950
26081,GEN,
26082,GEN-EWS,4186
26083,GEN,
26084,GEN,
26085,OBC-NCL,6951
26086,GEN-EWS,4187
26086,OBC-NCL,6952
26088,GEN-EWS,4188
26089,GEN,
26090,OBC-NCL,6953
26091,OBC-NCL,6954
26092,GEN,
26093,GEN,
26094,OBC-NCL,6955
26095,SC,1035
26096,GEN,
26097,OBC-NCL,6956
26098,OBC-NCL,6957
26099,GEN,
26100,GEN,
26101,OBC-NCL,6958
26102,GEN,
26103,GEN,
26104,OBC-NCL,6959
26105,GEN,
26106,OBC-NCL,6960
26107,GEN,
26108,GEN,
26109,SC,1036
26110,GEN,
26111,GEN,
26111,GEN,
26113,OBC-NCL,6961
26114,OBC-NCL,6962
26115,OBC-NCL,6963
26116,GEN,
26117,OBC-NCL,6964
26118,GEN-EWS,4189
26119,GEN,
26120,GEN,
26121,GEN,
26122,GEN,
26123,GEN,
26124,GEN,
26125,OBC-NCL,6965
26126,GEN,
26127,GEN-EWS,4190
26128,OBC-NCL,6966
26129,SC,1037
26130,GEN,
26131,GEN,
26132,OBC-NCL,6967
26133,GEN,
26134,GEN,
26134,GEN-EWS,4191
26136,GEN,
26137,SC,1038
26138,GEN,
26139,GEN,
26140,SC,1039
26141,GEN,
26142,OBC-NCL,6968
26143,GEN-EWS,4192
26144,GEN,
26145,GEN,
26146,GEN-EWS,4193
26147,GEN,
26148,GEN,
26149,GEN,
26150,SC,1040
26151,GEN-EWS,4194
26152,OBC-NCL,6969
26153,GEN,
26154,GEN,
26155,GEN,
26156,OBC-NCL,6970
26157,GEN-EWS,4195
26158,OBC-NCL,6971
26159,GEN,
26160,GEN-EWS,4196
26161,GEN,
26162,OBC-NCL,6972
26163,GEN-EWS,4197
26164,GEN,
26165,OBC-NCL,6973
26166,OBC-NCL,6974
26167,GEN,
26168,SC,1041
26169,GEN,
26170,GEN-EWS,4198
26171,OBC-NCL,6975
26172,GEN,
26173,OBC-NCL,6976
26174,GEN,
26175,OBC-NCL,6977
26176,OBC-NCL,6978
26177,GEN,
26178,OBC-NCL,6979
26179,GEN,
26179,GEN,
26181,GEN-EWS,4199
26182,OBC-NCL,6980
26183,GEN-EWS,4200
26184,OBC-NCL,6981
26185,ST,294
26186,GEN,
26187,OBC-NCL,6982
26188,OBC-NCL,6983
26189,GEN-EWS,4201
26190,GEN,
26191,GEN,
26192,OBC-NCL,6984
26193,GEN,
26194,OBC-NCL,6985
26195,GEN,
26196,GEN-EWS,4202
26197,GEN-EWS,4203
26198,OBC-NCL,6986
26199,GEN,
26200,OBC-NCL,6988
26201,OBC-NCL,6989
26202,OBC-NCL,6990
26203,GEN,
26204,OBC-NCL,6991
26205,GEN-EWS,4204
26206,OBC-NCL,6992
26207,OBC-NCL,6993
26208,OBC-NCL,6994
26209,SC,1042
26210,OBC-NCL,6995
26211,OBC-NCL,6996
26212,GEN,
26213,GEN,
26214,GEN,
26215,GEN-EWS,4205
26216,GEN,
26217,GEN,
26218,GEN,
26219,GEN,
26220,GEN,
26221,OBC-NCL,6997
26222,OBC-NCL,6998
26223,GEN,
26224,GEN,
26225,OBC-NCL,6999
26226,GEN-EWS,4206
26227,GEN,
26228,OBC-NCL,7000
26229,GEN,
26230,GEN-EWS,4207
26231,GEN,
26232,OBC-NCL,7001
26233,GEN-EWS,4208
26234,GEN,
26235,GEN,
26236,GEN-EWS,4209
26237,OBC-NCL,7002
26238,ST,295
26239,SC,1043
26240,GEN-EWS,4210
26241,OBC-NCL,7003
26242,SC,1044
26243,OBC-NCL,7004
26244,GEN,
26245,GEN,
26246,OBC-NCL,7005
26247,SC,1045
26248,GEN,
26249,GEN,
26250,OBC-NCL,7006
26251,OBC-NCL,7007
26252,SC,1046
26253,OBC-NCL,7008
26254,OBC-NCL,7009
26255,OBC-NCL,7010
26256,GEN,
26257,GEN,
26258,GEN,
26259,GEN-EWS,4211
26260,GEN-EWS,4212
26261,GEN,
26262,SC,1047
26263,OBC-NCL,7011
26264,GEN-EWS,4213
26264,OBC-NCL,7012
26266,OBC-NCL,7013
26267,SC,1048
26268,OBC-NCL,7014
26269,SC,1049
26270,OBC-NCL,7015
26271,GEN,
26272,GEN-EWS,4214
26273,GEN,
26274,OBC-NCL,7016
26275,OBC-NCL,7017
26276,OBC-NCL,7018
26277,GEN,
26278,GEN,
26279,GEN-EWS,4215
26280,SC,1050
26281,GEN-EWS,4216
26282,GEN,
26283,GEN,
26284,ST,296
26285,GEN-EWS,4217
26286,GEN,
26287,OBC-NCL,7019
26288,GEN-EWS,4218
26289,OBC-NCL,7021
26290,OBC-NCL,7022
26291,OBC-NCL,7023
26292,GEN,
26293,OBC-NCL,7024
26294,GEN,
26295,GEN-EWS,4219
26296,SC,1051
26297,GEN-EWS,4220
26298,GEN,
26299,GEN,
26300,GEN-EWS,4221
26301,OBC-NCL,7025
26302,GEN,
26303,OBC-NCL,7026
26304,OBC-NCL,7027
26305,GEN,
26306,OBC-NCL,7028
26307,OBC-NCL,7029
26308,GEN-EWS,4222
26309,GEN-EWS,4223
26310,GEN-EWS,4225
26311,OBC-NCL,7031
26312,GEN,
26313,OBC-NCL,7032
26314,OBC-NCL,7033
26315,GEN,
26316,OBC-NCL,7034
26317,ST,297
26318,GEN,
26319,OBC-NCL,7035
26320,GEN,
26321,OBC-NCL,7036
,GEN-EWS,1312
,GEN-EWS,1633
,GEN-EWS,1852
,GEN-EWS,2114
,GEN-EWS,2174
,GEN-EWS,2183
,GEN-EWS,2357
,GEN-EWS,2401
,GEN-EWS,2482
,GEN-EWS,2772
,GEN-EWS,2782
,GEN-EWS,2969
,GEN-EWS,3031
,GEN-EWS,3054
,GEN-EWS,3231
,GEN-EWS,3276
,GEN-EWS,3288
,GEN-EWS,3368
,GEN-EWS,3377
,GEN-EWS,3593
,GEN-EWS,3655
,GEN-EWS,3725
,GEN-EWS,3900
,GEN-EWS,3901
,GEN-EWS,3911
,GEN-EWS,3923
,GEN-EWS,3966
,GEN-EWS,4109
,GEN-EWS,4161
,GEN-EWS,4178
,GEN-EWS,4224
,GEN-EWS,4226
,GEN-EWS,4227
,GEN-EWS,4228
,GEN-EWS,4229
,GEN-EWS,4230
,GEN-EWS,4231
,GEN-EWS,4232
,GEN-EWS,4233
,GEN-EWS,4234
,GEN-EWS,4235
,GEN-EWS,4236
,GEN-EWS,4237
,GEN-EWS,4238
,GEN-EWS,4239
,GEN-EWS,4240
,GEN-EWS,4241
,GEN-EWS,4242
,GEN-EWS,4243
,GEN-EWS,4244
,GEN-EWS,4245
,GEN-EWS,4246
,GEN-EWS,4247
,GEN-EWS,4248
,GEN-EWS,4249
,GEN-EWS,4250
,GEN-EWS,4251
,GEN-EWS,4252
,GEN-EWS,4253
,GEN-EWS,4254
,GEN-EWS,4255
,GEN-EWS,4256
,GEN-EWS,4256
,GEN-EWS,4258
,GEN-EWS,4259
,GEN-EWS,4260
,GEN-EWS,4261
,GEN-EWS,4262
,GEN-EWS,4263
,GEN-EWS,4264
,GEN-EWS,4265
,GEN-EWS,4266
,GEN-EWS,4267
,GEN-EWS,4268
,GEN-EWS,4269
,GEN-EWS,4270
,GEN-EWS,4271
,GEN-EWS,4272
,GEN-EWS,4273
,GEN-EWS,4274
,GEN-EWS,4275
,GEN-EWS,4276
,GEN-EWS,4277
,GEN-EWS,4278
,GEN-EWS,4279
,GEN-EWS,4280
,GEN-EWS,4281
,GEN-EWS,4282
,GEN-EWS,4283
,GEN-EWS,4284
,GEN-EWS,4285
,GEN-EWS,4286
,GEN-EWS,4287
,GEN-EWS,4288
,GEN-EWS,4289
,GEN-EWS,4290
,GEN-EWS,4291
,GEN-EWS,4292
,GEN-EWS,4293
,GEN-EWS,4294
,GEN-EWS,4295
,GEN-EWS,4296
,GEN-EWS,4297
,GEN-EWS,4298
,GEN-EWS,4299
,GEN-EWS,4300
,GEN-EWS,4301
,GEN-EWS,4302
,GEN-EWS,4303
,GEN-EWS,4304
,GEN-EWS,4305
,GEN-EWS,4306
,GEN-EWS,4307
,GEN-EWS,4308
,GEN-EWS,4309
,GEN-EWS,4310
,GEN-EWS,4311
,GEN-EWS,4312
,GEN-EWS,4313
,GEN-EWS,4314
,GEN-EWS,4314
,GEN-EWS,4316
,GEN-EWS,4317
,GEN-EWS,4318
,GEN-EWS,4319
,GEN-EWS,4320
,GEN-EWS,4321
,GEN-EWS,4322
,GEN-EWS,4323
,GEN-EWS,4324
,GEN-EWS,4325
,GEN-EWS,4326
,GEN-EWS,4327
,GEN-EWS,4328
,GEN-EWS,4329
,GEN-EWS,4330
,GEN-EWS,4331
,GEN-EWS,4332
,GEN-EWS,4333
,GEN-EWS,4334
,GEN-EWS,4335
,GEN-EWS,4336
,GEN-EWS,4337
,GEN-EWS,4338
,GEN-EWS,4339
,GEN-EWS,4340
,GEN-EWS,4341
,GEN-EWS,4342
,GEN-EWS,4343
,GEN-EWS,4344
,GEN-EWS,4345
,GEN-EWS,4346
,GEN-EWS,4347
,GEN-EWS,4348
,GEN-EWS,4349
,GEN-EWS,4350
,GEN-EWS,4351
,GEN-EWS,4352
,GEN-EWS,4353
,GEN-EWS,4353
,GEN-EWS,4355
,GEN-EWS,4356
,GEN-EWS,4357
,GEN-EWS,4358
,GEN-EWS,4359
,GEN-EWS,4360
,GEN-EWS,4361
,GEN-EWS,4362
,GEN-EWS,4363
,GEN-EWS,4364
,GEN-EWS,4365
,GEN-EWS,4366
,GEN-EWS,4367
,GEN-EWS,4368
,GEN-EWS,4369
,GEN-EWS,4370
,GEN-EWS,4371
,GEN-EWS,4372
,GEN-EWS,4373
,GEN-EWS,4374
,GEN-EWS,4375
,GEN-EWS,4375
,GEN-EWS,4377
,GEN-EWS,4378
,GEN-EWS,4379
,GEN-EWS,4380
,GEN-EWS,4381
,GEN-EWS,4382
,GEN-EWS,4383
,GEN-EWS,4384
,GEN-EWS,4385
,GEN-EWS,4386
,GEN-EWS,4387
,GEN-EWS,4388
,GEN-EWS,4389
,GEN-EWS,4390
,GEN-EWS,4391
,GEN-EWS,4392
,GEN-EWS,4393
,GEN-EWS,4394
,GEN-EWS,4395
,GEN-EWS,4396
,GEN-EWS,4397
,GEN-EWS,4398
,GEN-EWS,4399
,GEN-EWS,4400
,GEN-EWS,4401
,GEN-EWS,4402
,GEN-EWS,4403
,GEN-EWS,4404
,GEN-EWS,4405
,GEN-EWS,4406
,GEN-EWS,4407
,GEN-EWS,4408
,GEN-EWS,4409
,GEN-EWS,4410
,GEN-EWS,4411
,GEN-EWS,4412
,GEN-EWS,4413
,GEN-EWS,4414
,GEN-EWS,4415
,GEN-EWS,4416
,GEN-EWS,4416
,GEN-EWS,4418
,GEN-EWS,4419
,GEN-EWS,4420
,GEN-EWS,4421
,GEN-EWS,4422
,GEN-EWS,4423
,GEN-EWS,4424
,GEN-EWS,4425
,GEN-EWS,4426
,GEN-EWS,4427
,GEN-EWS,4428
,GEN-EWS,4429
,GEN-EWS,4430
,GEN-EWS,4431
,GEN-EWS,4432
,GEN-EWS,4433
,GEN-EWS,4434
,GEN-EWS,4434
,GEN-EWS,4436
,GEN-EWS,4437
,GEN-EWS,4438
,GEN-EWS,4439
,GEN-EWS,4440
,GEN-EWS,4441
,GEN-EWS,4442
,GEN-EWS,4443
,GEN-EWS,4444
,GEN-EWS,4445
,GEN-EWS,4446
,GEN-EWS,4447
,GEN-EWS,4448
,GEN-EWS,4449
,GEN-EWS,4450
,GEN-EWS,4451
,GEN-EWS,4452
,GEN-EWS,4453
,GEN-EWS,4454
,GEN-EWS,4455
,GEN-EWS,4456
,GEN-EWS,4457
,GEN-EWS,4458
,GEN-EWS,4459
,GEN-EWS,4460
,GEN-EWS,4461
,GEN-EWS,4462
,GEN-EWS,4463
,GEN-EWS,4464
,GEN-EWS,4465
,GEN-EWS,4466
,GEN-EWS,4467
,GEN-EWS,4468
,GEN-EWS,4469
,GEN-EWS,4470
,GEN-EWS,4471
,GEN-EWS,4472
,GEN-EWS,4473
,GEN-EWS,4474
,GEN-EWS,4475
,GEN-EWS,4476
,GEN-EWS,4477
,GEN-EWS,4478
,GEN-EWS,4479
,GEN-EWS,4480
,GEN-EWS,4481
,GEN-EWS,4482
,GEN-EWS,4483
,GEN-EWS,4484
,GEN-EWS,4485
,GEN-EWS,4486
,GEN-EWS,4487
,GEN-EWS,4488
,GEN-EWS,4489
,GEN-EWS,4490
,GEN-EWS,4491
,GEN-EWS,4492
,GEN-EWS,4493
,GEN-EWS,4494
,GEN-EWS,4495
,GEN-EWS,4496
,GEN-EWS,4497
,GEN-EWS,4498
,GEN-EWS,4499
,GEN-EWS,4500
,GEN-EWS,4501
,GEN-EWS,4502
,GEN-EWS,4503
,GEN-EWS,4504
,GEN-EWS,4505
,GEN-EWS,4506
,GEN-EWS,4507
,GEN-EWS,4508
,GEN-EWS,4509
,GEN-EWS,4510
,GEN-EWS,4511
,GEN-EWS,4512
,GEN-EWS,4513
,GEN-EWS,4514
,GEN-EWS,4515
,GEN-EWS,4516
,GEN-EWS,4517
,GEN-EWS,4517
,GEN-EWS,4519
,GEN-EWS,4520
,GEN-EWS,4521
,GEN-EWS,4522
,GEN-EWS,4523
,GEN-EWS,4524
,GEN-EWS,4525
,GEN-EWS,4526
,GEN-EWS,4527
,GEN-EWS,4528
,GEN-EWS,4529
,GEN-EWS,4530
,GEN-EWS,4531
,GEN-EWS,4532
,GEN-EWS,4533
,GEN-EWS,4534
,GEN-EWS,4535
,GEN-EWS,4536
,GEN-EWS,4537
,GEN-EWS,4538
,GEN-EWS,4539
,GEN-EWS,4540
,GEN-EWS,4541
,GEN-EWS,4542
,GEN-EWS,4543
,GEN-EWS,4544
,GEN-EWS,4545
,GEN-EWS,4546
,GEN-EWS,4547
,GEN-EWS,4548
,GEN-EWS,4549
,GEN-EWS,4550
,GEN-EWS,4551
,GEN-EWS,4552
,GEN-EWS,4553
,GEN-EWS,4554
,GEN-EWS,4555
,GEN-EWS,4556
,GEN-EWS,4557
,GEN-EWS,4558
,GEN-EWS,4559
,GEN-EWS,4560
,GEN-EWS,4561
,GEN-EWS,4562
,GEN-EWS,4563
,GEN-EWS,4564
,GEN-EWS,4565
,GEN-EWS,4566
,GEN-EWS,4567
,GEN-EWS,4568
,GEN-EWS,4569
,GEN-EWS,4570
,GEN-EWS,4571
,GEN-EWS,4572
,GEN-EWS,4573
,GEN-EWS,4574
,GEN-EWS,4575
,GEN-EWS,4576
,GEN-EWS,4577
,GEN-EWS,4578
,GEN-EWS,4579
,GEN-EWS,4580
,GEN-EWS,4581
,GEN-EWS,4582
,GEN-EWS,4583
,GEN-EWS,4584
,GEN-EWS,4585
,GEN-EWS,4586
,GEN-EWS,4587
,GEN-EWS,4588
,GEN-EWS,4589
,GEN-EWS,4590
,GEN-EWS,4591
,GEN-EWS,4592
,GEN-EWS,4593
,GEN-EWS,4594
,GEN-EWS,4595
,GEN-EWS,4596
,GEN-EWS,4597
,GEN-EWS,4598
,GEN-EWS,4599
,GEN-EWS,4600
,GEN-EWS,4601
,GEN-EWS,4602
,GEN-EWS,4603
,GEN-EWS,4604
,GEN-EWS,4605
,GEN-EWS,4606
,GEN-EWS,4607
,GEN-EWS,4608
,GEN-EWS,4609
,GEN-EWS,4610
,GEN-EWS,4611
,GEN-EWS,4612
,GEN-EWS,4613
,GEN-EWS,4614
,GEN-EWS,4615
,GEN-EWS,4616
,GEN-EWS,4617
,GEN-EWS,4618
,GEN-EWS,4619
,GEN-EWS,4620
,GEN-EWS,4621
,GEN-EWS,4622
,GEN-EWS,4623
,GEN-EWS,4624
,GEN-EWS,4625
,GEN-EWS,4626
,GEN-EWS,4627
,GEN-EWS,4628
,GEN-EWS,4629
,GEN-EWS,4630
,GEN-EWS,4631
,GEN-EWS,4632
,GEN-EWS,4633
,GEN-EWS,4634
,GEN-EWS,4635
,GEN-EWS,4636
,GEN-EWS,4637
,GEN-EWS,4638
,GEN-EWS,4639
,GEN-EWS,4640
,GEN-EWS,4641
,GEN-EWS,4642
,GEN-EWS,4643
,GEN-EWS,4644
,GEN-EWS,4645
,GEN-EWS,4645
,GEN-EWS,4647
,GEN-EWS,4648
,GEN-EWS,4649
,GEN-EWS,4650
,GEN-EWS,4651
,GEN-EWS,4652
,GEN-EWS,4653
,GEN-EWS,4654
,GEN-EWS,4655
,GEN-EWS,4656
,GEN-EWS,4657
,GEN-EWS,4658
,GEN-EWS,4659
,GEN-EWS,4660
,GEN-EWS,4661
,GEN-EWS,4662
,GEN-EWS,4663
,GEN-EWS,4664
,GEN-EWS,4665
,GEN-EWS,4666
,GEN-EWS,4667
,GEN-EWS,4668
,GEN-EWS,4669
,GEN-EWS,4670
,GEN-EWS,4671
,GEN-EWS,4672
,GEN-EWS,4673
,GEN-EWS,4674
,GEN-EWS,4675
,GEN-EWS,4676
,GEN-EWS,4677
,GEN-EWS,4678
,GEN-EWS,4679
,GEN-EWS,4680
,GEN-EWS,4681
,GEN-EWS,4682
,GEN-EWS,4683
,GEN-EWS,4684
,GEN-EWS,4685
,GEN-EWS,4686
,GEN-EWS,4687
,GEN-EWS,4688
,GEN-EWS,4689
,GEN-EWS,4690
,GEN-EWS,4691
,GEN-EWS,4692
,GEN-EWS,4693
,GEN-EWS,4694
,GEN-EWS,4695
,GEN-EWS,4696
,GEN-EWS,4697
,GEN-EWS,4698
,GEN-EWS,4699
,GEN-EWS,4700
,GEN-EWS,4701
,GEN-EWS,4702
,GEN-EWS,4703
,GEN-EWS,4704
,GEN-EWS,4705
,GEN-EWS,4706
,GEN-EWS,4707
,GEN-EWS,4708
,GEN-EWS,4709
,GEN-EWS,4710
,GEN-EWS,4711
,GEN-EWS,4712
,GEN-EWS,4713
,GEN-EWS,4714
,GEN-EWS,4715
,GEN-EWS,4716
,GEN-EWS,4717
,GEN-EWS,4718
,GEN-EWS,4719
,GEN-EWS,4720
,GEN-EWS,4721
,GEN-EWS,4722
,GEN-EWS,4723
,GEN-EWS,4724
,GEN-EWS,4725
,GEN-EWS,4726
,GEN-EWS,4727
,GEN-EWS,4728
,GEN-EWS,4729
,GEN-EWS,4730
,GEN-EWS,4731
,GEN-EWS,4732
,GEN-EWS,4733
,GEN-EWS,4734
,GEN-EWS,4735
,GEN-EWS,4736
,GEN-EWS,4737
,GEN-EWS,4738
,GEN-EWS,4739
,GEN-EWS,4740
,GEN-EWS,4741
,GEN-EWS,4742
,GEN-EWS,4743
,GEN-EWS,4744
,GEN-EWS,4745
,GEN-EWS,4746
,GEN-EWS,4747
,GEN-EWS,4748
,GEN-EWS,4749
,GEN-EWS,4750
,GEN-EWS,4751
,GEN-EWS,4752
,GEN-EWS,4753
,GEN-EWS,4754
,GEN-EWS,4755
,GEN-EWS,4756
,GEN-EWS,4757
,GEN-EWS,4758
,GEN-EWS,4759
,GEN-EWS,4760
,GEN-EWS,4761
,GEN-EWS,4762
,GEN-EWS,4763
,GEN-EWS,4764
,GEN-EWS,4765
,GEN-EWS,4766
,GEN-EWS,4767
,GEN-EWS,4768
,GEN-EWS,4769
,GEN-EWS,4770
,GEN-EWS,4771
,GEN-EWS,4772
,GEN-EWS,4773
,GEN-EWS,4774
,GEN-EWS,4775
,GEN-EWS,4776
,GEN-EWS,4777
,GEN-EWS,4778
,GEN-EWS,4779
,GEN-EWS,4780
,GEN-EWS,4781
,GEN-EWS,4782
,GEN-EWS,4783
,GEN-EWS,4784
,GEN-EWS,4785
,GEN-EWS,4786
,GEN-EWS,4787
,GEN-EWS,4788
,GEN-EWS,4789
,GEN-EWS,4790
,GEN-EWS,4791
,GEN-EWS,4792
,GEN-EWS,4793
,GEN-EWS,4794
,GEN-EWS,4795
,GEN-EWS,4796
,GEN-EWS,4797
,GEN-EWS,4798
,GEN-EWS,4799
,GEN-EWS,4800
,GEN-EWS,4801
,GEN-EWS,4802
,GEN-EWS,4803
,GEN-EWS,4804
,GEN-EWS,4805
,GEN-EWS,4806
,GEN-EWS,4807
,GEN-EWS,4808
,GEN-EWS,4809
,GEN-EWS,4810
,GEN-EWS,4811
,GEN-EWS,4812
,GEN-EWS,4813
,GEN-EWS,4814
,GEN-EWS,4815
,GEN-EWS,4816
,GEN-EWS,4817
,GEN-EWS,4818
,GEN-EWS,4819
,GEN-EWS,4820
,GEN-EWS,4821
,GEN-EWS,4822
,GEN-EWS,4823
,GEN-EWS,4824
,GEN-EWS,4825
,GEN-EWS,4826
,GEN-EWS,4827
,GEN-EWS,4828
,GEN-EWS,4829
,GEN-EWS,4830
,GEN-EWS,4831
,GEN-EWS,4832
,GEN-EWS,4833
,GEN-EWS,4834
,GEN-EWS,4835
,GEN-EWS,4836
,GEN-EWS,4837
,GEN-EWS,4838
,GEN-EWS,4839
,GEN-EWS,4840
,GEN-EWS,4841
,GEN-EWS,4842
,GEN-EWS,4843
,GEN-EWS,4844
,GEN-EWS,4845
,GEN-EWS,4846
,GEN-EWS,4847
,GEN-EWS,4848
,GEN-EWS,4849
,GEN-EWS,4850
,GEN-EWS,4851
,GEN-EWS,4852
,GEN-EWS,4853
,GEN-EWS,4854
,GEN-EWS,4855
,GEN-EWS,4856
,GEN-EWS,4857
,GEN-EWS,4858
,GEN-EWS,4859
,GEN-EWS,4860
,GEN-EWS,4861
,GEN-EWS,4862
,GEN-EWS,4863
,GEN-EWS,4864
,GEN-EWS,4865
,GEN-EWS,4866
,GEN-EWS,4867
,GEN-EWS,4868
,GEN-EWS,4869
,GEN-EWS,4870
,GEN-EWS,4871
,GEN-EWS,4872
,GEN-EWS,4873
,GEN-EWS,4874
,GEN-EWS,4875
,GEN-EWS,4876
,GEN-EWS,4877
,GEN-EWS,4878
,GEN-EWS,4879
,GEN-EWS,4880
,GEN-EWS,4881
,GEN-EWS,4882
,GEN-EWS,4883
,GEN-EWS,4884
,GEN-EWS,4885
,GEN-EWS,4886
,GEN-EWS,4887
,GEN-EWS,4888
,GEN-EWS,4889
,GEN-EWS,4890
,GEN-EWS,4891
,GEN-EWS,4892
,GEN-EWS,4893
,GEN-EWS,4894
,GEN-EWS,4895
,GEN-EWS,4896
,GEN-EWS,4897
,GEN-EWS,4898
,GEN-EWS,4899
,GEN-EWS,4900
,GEN-EWS,4901
,GEN-EWS,4902
,GEN-EWS,4903
,GEN-EWS,4903
,GEN-EWS,4905
,GEN-EWS,4906
,GEN-EWS,4907
,GEN-EWS,4908
,GEN-EWS,4909
,GEN-EWS,4910
,GEN-EWS,4911
,GEN-EWS,4912
,GEN-EWS,4913
,GEN-EWS,4914
,GEN-EWS,4915
,GEN-EWS,4916
,GEN-EWS,4917
,GEN-EWS,4918
,GEN-EWS,4919
,GEN-EWS,4920
,GEN-EWS,4921
,GEN-EWS,4922
,GEN-EWS,4923
,GEN-EWS,4924
,GEN-EWS,4925
,GEN-EWS,4926
,GEN-EWS,4927
,GEN-EWS,4928
,GEN-EWS,4929
,GEN-EWS,4930
,GEN-EWS,4931
,GEN-EWS,4932
,GEN-EWS,4933
,GEN-EWS,4934
,GEN-EWS,4935
,GEN-EWS,4936
,GEN-EWS,4937
,GEN-EWS,4938
,GEN-EWS,4939
,GEN-EWS,4940
,GEN-EWS,4941
,GEN-EWS,4942
,GEN-EWS,4943
,GEN-EWS,4944
,GEN-EWS,4945
,GEN-EWS,4946
,GEN-EWS,4947
,GEN-EWS,4948
,GEN-EWS,4949
,GEN-EWS,4950
,GEN-EWS,4951
,GEN-EWS,4952
,GEN-EWS,4953
,GEN-EWS,4954
,GEN-EWS,4955
,GEN-EWS,4956
,GEN-EWS,4957
,GEN-EWS,4958
,GEN-EWS,4959
,GEN-EWS,4960
,GEN-EWS,4961
,GEN-EWS,4962
,GEN-EWS,4963
,GEN-EWS,4964
,GEN-EWS,4965
,GEN-EWS,4966
,GEN-EWS,4967
,GEN-EWS,4968
,GEN-EWS,4969
,GEN-EWS,4970
,GEN-EWS,4971
,GEN-EWS,4972
,GEN-EWS,4973
,GEN-EWS,4974
,GEN-EWS,4975
,GEN-EWS,4976
,GEN-EWS,4977
,GEN-EWS,4978
,GEN-EWS,4979
,GEN-EWS,4980
,GEN-EWS,4981
,GEN-EWS,4982
,GEN-EWS,4983
,GEN-EWS,4984
,GEN-EWS,4985
,GEN-EWS,4986
,GEN-EWS,4987
,GEN-EWS,4988
,GEN-EWS,4989
,GEN-EWS,4990
,GEN-EWS,4991
,GEN-EWS,4992
,GEN-EWS,4993
,GEN-EWS,4994
,GEN-EWS,4995
,GEN-EWS,4996
,GEN-EWS,4997
,GEN-EWS,4998
,GEN-EWS,4999
,GEN-EWS,5000
,GEN-EWS,5001
,GEN-EWS,5002
,GEN-EWS,5003
,GEN-EWS,5004
,GEN-EWS,5005
,GEN-EWS,5006
,GEN-EWS,5007
,GEN-EWS,5008
,GEN-EWS,5009
,GEN-EWS,5010
,GEN-EWS,5011
,GEN-EWS,5012
,GEN-EWS,5013
,GEN-EWS,5014
,GEN-EWS,5015
,GEN-EWS,5016
,GEN-EWS,5017
,GEN-EWS,5018
,GEN-EWS,5019
,GEN-EWS,5020
,GEN-EWS,5021
,GEN-EWS,5022
,GEN-EWS,5023
,GEN-EWS,5024
,GEN-EWS,5025
,GEN-EWS,5026
,GEN-EWS,5027
,GEN-EWS,5028
,GEN-EWS,5029
,GEN-EWS,5030
,GEN-EWS,5031
,GEN-EWS,5032
,GEN-EWS,5033
,GEN-EWS,5034
,GEN-EWS,5035
,GEN-EWS,5036
,GEN-EWS,5037
,GEN-EWS,5038
,GEN-EWS,5039
,GEN-EWS,5040
,GEN-EWS,5041
,GEN-EWS,5042
,GEN-EWS,5043
,GEN-EWS,5044
,GEN-EWS,5045
,GEN-EWS,5046
,GEN-EWS,5047
,GEN-EWS,5048
,GEN-EWS,5049
,GEN-EWS,5050
,GEN-EWS,5051
,GEN-EWS,5052
,GEN-EWS,5053
,GEN-EWS,5054
,GEN-EWS,5055
,GEN-EWS,5056
,GEN-EWS,5057
,GEN-EWS,5058
,GEN-EWS,5059
,GEN-EWS,5060
,GEN-EWS,5061
,GEN-EWS,5062
,GEN-EWS,5063
,GEN-EWS,5064
,GEN-EWS,5065
,GEN-EWS,5066
,GEN-EWS,5067
,GEN-EWS,5068
,GEN-EWS,5069
,GEN-EWS,5070
,GEN-EWS,5071
,GEN-EWS,5072
,GEN-EWS,5073
,GEN-EWS,5074
,GEN-EWS,5075
,GEN-EWS,5076
,GEN-EWS,5077
,GEN-EWS,5078
,GEN-EWS,5079
,GEN-EWS,5080
,GEN-EWS,5081
,GEN-EWS,5082
,GEN-EWS,5083
,GEN-EWS,5084
,GEN-EWS,5085
,GEN-EWS,5086
,GEN-EWS,5087
,GEN-EWS,5088
,GEN-EWS,5089
,GEN-EWS,5090
,GEN-EWS,5091
,GEN-EWS,5092
,GEN-EWS,5093
,GEN-EWS,5094
,GEN-EWS,5095
,GEN-EWS,5096
,GEN-EWS,5097
,GEN-EWS,5098
,GEN-EWS,5098
,GEN-EWS,5100
,GEN-EWS,5101
,GEN-EWS,5102
,GEN-EWS,5103
,GEN-EWS,5104
,GEN-EWS,5105
,GEN-EWS,5106
,GEN-EWS,5107
,GEN-EWS,5108
,GEN-EWS,5109
,GEN-EWS,5110
,GEN-EWS,5111
,GEN-EWS,5112
,GEN-EWS,5113
,GEN-EWS,5114
,GEN-EWS,5115
,GEN-EWS,5116
,GEN-EWS,5117
,GEN-EWS,5118
,GEN-EWS,5119
,GEN-EWS,5120
,GEN-EWS,5121
,GEN-EWS,5122
,GEN-EWS,5123
,GEN-EWS,5124
,GEN-EWS,5125
,GEN-EWS,5126
,GEN-EWS,5127
,GEN-EWS,5128
,GEN-EWS,5129
,GEN-EWS,5130
,GEN-EWS,5131
,GEN-EWS,5132
,GEN-EWS,5133
,GEN-EWS,5134
,GEN-EWS,5135
,GEN-EWS,5136
,GEN-EWS,5137
,GEN-EWS,5138
,GEN-EWS,5139
,GEN-EWS,5140
,GEN-EWS,5141
,GEN-EWS,5142
,GEN-EWS,5143
,GEN-EWS,5144
,GEN-EWS,5145
,GEN-EWS,5146
,GEN-EWS,5147
,GEN-EWS,5148
,GEN-EWS,5149
,GEN-EWS,5150
,GEN-EWS,5151
,GEN-EWS,5152
,GEN-EWS,5153
,GEN-EWS,5154
,GEN-EWS,5155
,GEN-EWS,5156
,GEN-EWS,5157
,GEN-EWS,5158
,GEN-EWS,5159
,GEN-EWS,5160
,GEN-EWS,5161
,GEN-EWS,5162
,GEN-EWS,5163
,GEN-EWS,5164
,GEN-EWS,5165
,GEN-EWS,5166
,GEN-EWS,5167
,GEN-EWS,5168
,GEN-EWS,5169
,GEN-EWS,5170
,GEN-EWS,5171
,GEN-EWS,5172
,GEN-EWS,5173
,GEN-EWS,5173
,GEN-EWS,5175
,GEN-EWS,5176
,GEN-EWS,5177
,GEN-EWS,5178
,GEN-EWS,5179
,GEN-EWS,5180
,GEN-EWS,5181
,GEN-EWS,5182
,GEN-EWS,5183
,GEN-EWS,5184
,GEN-EWS,5185
,GEN-EWS,5186
,GEN-EWS,5187
,GEN-EWS,5188
,GEN-EWS,5189
,GEN-EWS,5190
,GEN-EWS,5191
,GEN-EWS,5192
,GEN-EWS,5193
,GEN-EWS,5194
,GEN-EWS,5195
,GEN-EWS,5196
,GEN-EWS,5197
,GEN-EWS,5198
,GEN-EWS,5199
,GEN-EWS,5200
,GEN-EWS,5201
,GEN-EWS,5202
,GEN-EWS,5203
,GEN-EWS,5204
,GEN-EWS,5205
,GEN-EWS,5206
,GEN-EWS,5207
,GEN-EWS,5208
,GEN-EWS,5209
,GEN-EWS,5210
,GEN-EWS,5211
,GEN-EWS,5212
,GEN-EWS,5213
,GEN-EWS,5214
,GEN-EWS,5215
,GEN-EWS,5216
,GEN-EWS,5217
,GEN-EWS,5218
,GEN-EWS,5219
,GEN-EWS,5220
,GEN-EWS,5221
,GEN-EWS,5222
,GEN-EWS,5223
,GEN-EWS,5224
,GEN-EWS,5225
,GEN-EWS,5226
,GEN-EWS,5227
,GEN-EWS,5228
,GEN-EWS,5229
,GEN-EWS,5230
,GEN-EWS,5231
,GEN-EWS,5232
,GEN-EWS,5233
,GEN-EWS,5234
,GEN-EWS,5235
,GEN-EWS,5236
,GEN-EWS,5237
,GEN-EWS,5238
,GEN-EWS,5239
,GEN-EWS,5240
,GEN-EWS,5241
,GEN-EWS,5242
,GEN-EWS,5243
,GEN-EWS,5244
,GEN-EWS,5245
,GEN-EWS,5246
,GEN-EWS,5247
,GEN-EWS,5248
,GEN-EWS,5249
,GEN-EWS,5250
,GEN-EWS,5251
,GEN-EWS,5252
,GEN-EWS,5253
,GEN-EWS,5254
,GEN-EWS,5255
,GEN-EWS,5256
,GEN-EWS,5257
,GEN-EWS,5258
,GEN-EWS,5259
,GEN-EWS,5260
,GEN-EWS,5261
,GEN-EWS,5262
,GEN-EWS,5263
,GEN-EWS,5264
,GEN-EWS,5265
,GEN-EWS,5266
,GEN-EWS,5267
,GEN-EWS,5268
,GEN-EWS,5269
,GEN-EWS,5270
,GEN-EWS,5271
,GEN-EWS,5272
,GEN-EWS,5273
,GEN-EWS,5274
,GEN-EWS,5275
,GEN-EWS,5276
,GEN-EWS,5277
,GEN-EWS,5278
,GEN-EWS,5279
,GEN-EWS,5280
,GEN-EWS,5281
,GEN-EWS,5282
,GEN-EWS,5283
,GEN-EWS,5284
,GEN-EWS,5285
,GEN-EWS,5286
,GEN-EWS,5287
,GEN-EWS,5288
,GEN-EWS,5289
,GEN-EWS,5290
,GEN-EWS,5291
,GEN-EWS,5292
,GEN-EWS,5293
,GEN-EWS,5294
,GEN-EWS,5295
,GEN-EWS,5296
,GEN-EWS,5297
,GEN-EWS,5298
,GEN-EWS,5299
,GEN-EWS,5300
,GEN-EWS,5301
,GEN-EWS,5302
,GEN-EWS,5303
,GEN-EWS,5304
,GEN-EWS,5305
,GEN-EWS,5306
,GEN-EWS,5307
,GEN-EWS,5308
,GEN-EWS,5309
,GEN-EWS,5310
,GEN-EWS,5311
,GEN-EWS,5312
,GEN-EWS,5313
,GEN-EWS,5314
,GEN-EWS,5315
,GEN-EWS,5316
,GEN-EWS,5317
,GEN-EWS,5318
,GEN-EWS,5319
,GEN-EWS,5320
,GEN-EWS,5321
,GEN-EWS,5322
,GEN-EWS,5323
,GEN-EWS,5324
,GEN-EWS,5325
,GEN-EWS,5326
,GEN-EWS,5327
,GEN-EWS,5328
,GEN-EWS,5329
,GEN-EWS,5330
,GEN-EWS,5331
,GEN-EWS,5332
,GEN-EWS,5333
,GEN-EWS,5334
,GEN-EWS,5335
,GEN-EWS,5336
,GEN-EWS,5337
,GEN-EWS,5338
,GEN-EWS,5339
,GEN-EWS,5340
,GEN-EWS,5341
,GEN-EWS,5342
,GEN-EWS,5343
,GEN-EWS,5344
,GEN-EWS,5345
,GEN-EWS,5346
,GEN-EWS,5347
,GEN-EWS,5348
,GEN-EWS,5349
,GEN-EWS,5350
,GEN-EWS,5351
,GEN-EWS,5352
,GEN-EWS,5353
,GEN-EWS,5354
,GEN-EWS,5355
,GEN-EWS,5356
,GEN-EWS,5357
,GEN-EWS,5358
,GEN-EWS,5359
,GEN-EWS,5360
,GEN-EWS,5361
,GEN-EWS,5362
,GEN-EWS,5363
,GEN-EWS,5364
,GEN-EWS,5365
,GEN-EWS,5366
,GEN-EWS,5367
,GEN-EWS,5368
,GEN-EWS,5369
,GEN-EWS,5370
,GEN-EWS,5371
,OBC-NCL,1808
,OBC-NCL,1903
,OBC-NCL,2671
,OBC-NCL,2991
,OBC-NCL,3217
,OBC-NCL,3227
,OBC-NCL,3428
,OBC-NCL,3433
,OBC-NCL,3500
,OBC-NCL,3526
,OBC-NCL,3600
,OBC-NCL,3666
,OBC-NCL,3945
,OBC-NCL,4023
,OBC-NCL,4141
,OBC-NCL,4475
,OBC-NCL,4578
,OBC-NCL,4720
,OBC-NCL,4743
,OBC-NCL,4767
,OBC-NCL,4789
,OBC-NCL,4793
,OBC-NCL,4853
,OBC-NCL,4884
,OBC-NCL,4894
,OBC-NCL,5048
,OBC-NCL,5049
,OBC-NCL,5088
,OBC-NCL,5153
,OBC-NCL,5166
,OBC-NCL,5207
,OBC-NCL,5250
,OBC-NCL,5267
,OBC-NCL,5395
,OBC-NCL,5495
,OBC-NCL,5499
,OBC-NCL,5580
,OBC-NCL,5620
,OBC-NCL,5636
,OBC-NCL,5675
,OBC-NCL,5685
,OBC-NCL,5745
,OBC-NCL,5875
,OBC-NCL,5889
,OBC-NCL,5949
,OBC-NCL,5950
,OBC-NCL,6008
,OBC-NCL,6089
,OBC-NCL,6185
,OBC-NCL,6299
,OBC-NCL,6340
,OBC-NCL,6357
,OBC-NCL,6418
,OBC-NCL,6422
,OBC-NCL,6512
,OBC-NCL,6633
,OBC-NCL,6634
,OBC-NCL,6653
,OBC-NCL,6658
,OBC-NCL,6778
,OBC-NCL,6801
,OBC-NCL,6931
,OBC-NCL,6987
,OBC-NCL,7020
,OBC-NCL,7030
,OBC-NCL,7037
,OBC-NCL,7038
,OBC-NCL,7039
,OBC-NCL,7040
,OBC-NCL,7041
,OBC-NCL,7042
,OBC-NCL,7043
,OBC-NCL,7044
,OBC-NCL,7045
,OBC-NCL,7046
,OBC-NCL,7047
,OBC-NCL,7048
,OBC-NCL,7049
,OBC-NCL,7050
,OBC-NCL,7051
,OBC-NCL,7052
,OBC-NCL,7053
,OBC-NCL,7054
,OBC-NCL,7055
,OBC-NCL,7056
,OBC-NCL,7057
,OBC-NCL,7058
,OBC-NCL,7059
,OBC-NCL,7060
,OBC-NCL,7061
,OBC-NCL,7062
,OBC-NCL,7063
,OBC-NCL,7064
,OBC-NCL,7065
,OBC-NCL,7066
,OBC-NCL,7067
,OBC-NCL,7068
,OBC-NCL,7069
,OBC-NCL,7070
,OBC-NCL,7071
,OBC-NCL,7072
,OBC-NCL,7073
,OBC-NCL,7074
,OBC-NCL,7075
,OBC-NCL,7076
,OBC-NCL,7077
,OBC-NCL,7078
,OBC-NCL,7079
,OBC-NCL,7080
,OBC-NCL,7081
,OBC-NCL,7082
,OBC-NCL,7083
,OBC-NCL,7084
,OBC-NCL,7085
,OBC-NCL,7086
,OBC-NCL,7087
,OBC-NCL,7088
,OBC-NCL,7089
,OBC-NCL,7090
,OBC-NCL,7091
,OBC-NCL,7092
,OBC-NCL,7093
,OBC-NCL,7094
,OBC-NCL,7095
,OBC-NCL,7096
,OBC-NCL,7097
,OBC-NCL,7098
,OBC-NCL,7099
,OBC-NCL,7100
,OBC-NCL,7101
,OBC-NCL,7102
,OBC-NCL,7103
,OBC-NCL,7104
,OBC-NCL,7105
,OBC-NCL,7106
,OBC-NCL,7107
,OBC-NCL,7108
,OBC-NCL,7109
,OBC-NCL,7110
,OBC-NCL,7111
,OBC-NCL,7112
,OBC-NCL,7113
,OBC-NCL,7114
,OBC-NCL,7115
,OBC-NCL,7116
,OBC-NCL,7117
,OBC-NCL,7118
,OBC-NCL,7119
,OBC-NCL,7120
,OBC-NCL,7121
,OBC-NCL,7122
,OBC-NCL,7123
,OBC-NCL,7124
,OBC-NCL,7125
,OBC-NCL,7126
,OBC-NCL,7127
,OBC-NCL,7128
,OBC-NCL,7129
,OBC-NCL,7130
,OBC-NCL,7131
,OBC-NCL,7132
,OBC-NCL,7133
,OBC-NCL,7134
,OBC-NCL,7135
,OBC-NCL,7136
,OBC-NCL,7137
,OBC-NCL,7138
,OBC-NCL,7139
,OBC-NCL,7140
,OBC-NCL,7141
,OBC-NCL,7142
,OBC-NCL,7143
,OBC-NCL,7144
,OBC-NCL,7145
,OBC-NCL,7146
,OBC-NCL,7147
,OBC-NCL,7148
,OBC-NCL,7149
,OBC-NCL,7150
,OBC-NCL,7151
,OBC-NCL,7152
,OBC-NCL,7153
,OBC-NCL,7154
,OBC-NCL,7155
,OBC-NCL,7156
,OBC-NCL,7157
,OBC-NCL,7158
,OBC-NCL,7159
,OBC-NCL,7160
,OBC-NCL,7161
,OBC-NCL,7162
,OBC-NCL,7163
,OBC-NCL,7164
,OBC-NCL,7165
,OBC-NCL,7166
,OBC-NCL,7167
,OBC-NCL,7168
,OBC-NCL,7168
,OBC-NCL,7170
,OBC-NCL,7171
,OBC-NCL,7172
,OBC-NCL,7173
,OBC-NCL,7174
,OBC-NCL,7175
,OBC-NCL,7176
,OBC-NCL,7177
,OBC-NCL,7178
,OBC-NCL,7179
,OBC-NCL,7180
,OBC-NCL,7181
,OBC-NCL,7182
,OBC-NCL,7183
,OBC-NCL,7184
,OBC-NCL,7185
,OBC-NCL,7186
,OBC-NCL,7187
,OBC-NCL,7188
,OBC-NCL,7189
,OBC-NCL,7190
,OBC-NCL,7191
,OBC-NCL,7192
,OBC-NCL,7193
,OBC-NCL,7194
,OBC-NCL,7195
,OBC-NCL,7196
,OBC-NCL,7197
,OBC-NCL,7198
,OBC-NCL,7199
,OBC-NCL,7200
,OBC-NCL,7201
,OBC-NCL,7202
,OBC-NCL,7203
,OBC-NCL,7204
,OBC-NCL,7205
,OBC-NCL,7206
,OBC-NCL,7207
,OBC-NCL,7208
,OBC-NCL,7209
,OBC-NCL,7210
,OBC-NCL,7211
,OBC-NCL,7212
,OBC-NCL,7213
,OBC-NCL,7214
,OBC-NCL,7215
,OBC-NCL,7216
,OBC-NCL,7217
,OBC-NCL,7218
,OBC-NCL,7219
,OBC-NCL,7220
,OBC-NCL,7221
,OBC-NCL,7222
,OBC-NCL,7223
,OBC-NCL,7224
,OBC-NCL,7225
,OBC-NCL,7226
,OBC-NCL,7227
,OBC-NCL,7228
,OBC-NCL,7229
,OBC-NCL,7230
,OBC-NCL,7231
,OBC-NCL,7232
,OBC-NCL,7233
,OBC-NCL,7234
,OBC-NCL,7235
,OBC-NCL,7236
,OBC-NCL,7237
,OBC-NCL,7238
,OBC-NCL,7239
,OBC-NCL,7240
,OBC-NCL,7241
,OBC-NCL,7242
,OBC-NCL,7243
,OBC-NCL,7244
,OBC-NCL,7245
,OBC-NCL,7246
,OBC-NCL,7247
,OBC-NCL,7248
,OBC-NCL,7249
,OBC-NCL,7250
,OBC-NCL,7251
,OBC-NCL,7252
,OBC-NCL,7253
,OBC-NCL,7254
,OBC-NCL,7255
,OBC-NCL,7256
,OBC-NCL,7257
,OBC-NCL,7258
,OBC-NCL,7259
,OBC-NCL,7260
,OBC-NCL,7261
,OBC-NCL,7262
,OBC-NCL,7263
,OBC-NCL,7264
,OBC-NCL,7265
,OBC-NCL,7266
,OBC-NCL,7267
,OBC-NCL,7268
,OBC-NCL,7269
,OBC-NCL,7270
,OBC-NCL,7271
,OBC-NCL,7272
,OBC-NCL,7273
,OBC-NCL,7274
,OBC-NCL,7275
,OBC-NCL,7276
,OBC-NCL,7277
,OBC-NCL,7278
,OBC-NCL,7279
,OBC-NCL,7280
,OBC-NCL,7281
,OBC-NCL,7282
,OBC-NCL,7283
,OBC-NCL,7284
,OBC-NCL,7285
,OBC-NCL,7286
,OBC-NCL,7287
,OBC-NCL,7288
,OBC-NCL,7289
,OBC-NCL,7290
,OBC-NCL,7291
,OBC-NCL,7292
,OBC-NCL,7293
,OBC-NCL,7294
,OBC-NCL,7295
,OBC-NCL,7296
,OBC-NCL,7297
,OBC-NCL,7298
,OBC-NCL,7299
,OBC-NCL,7300
,OBC-NCL,7301
,OBC-NCL,7302
,OBC-NCL,7303
,OBC-NCL,7304
,OBC-NCL,7305
,OBC-NCL,7306
,OBC-NCL,7307
,OBC-NCL,7308
,OBC-NCL,7309
,OBC-NCL,7310
,OBC-NCL,7311
,OBC-NCL,7312
,OBC-NCL,7313
,OBC-NCL,7314
,OBC-NCL,7315
,OBC-NCL,7316
,OBC-NCL,7317
,OBC-NCL,7318
,OBC-NCL,7319
,OBC-NCL,7320
,OBC-NCL,7321
,OBC-NCL,7322
,OBC-NCL,7323
,OBC-NCL,7324
,OBC-NCL,7325
,OBC-NCL,7326
,OBC-NCL,7327
,OBC-NCL,7328
,OBC-NCL,7329
,OBC-NCL,7330
,OBC-NCL,7331
,OBC-NCL,7332
,OBC-NCL,7333
,OBC-NCL,7334
,OBC-NCL,7335
,OBC-NCL,7336
,OBC-NCL,7337
,OBC-NCL,7338
,OBC-NCL,7339
,OBC-NCL,7340
,OBC-NCL,7341
,OBC-NCL,7342
,OBC-NCL,7343
,OBC-NCL,7344
,OBC-NCL,7345
,OBC-NCL,7346
,OBC-NCL,7347
,OBC-NCL,7348
,OBC-NCL,7349
,OBC-NCL,7350
,OBC-NCL,7351
,OBC-NCL,7352
,OBC-NCL,7353
,OBC-NCL,7354
,OBC-NCL,7355
,OBC-NCL,7356
,OBC-NCL,7357
,OBC-NCL,7357
,OBC-NCL,7359
,OBC-NCL,7360
,OBC-NCL,7361
,OBC-NCL,7362
,OBC-NCL,7363
,OBC-NCL,7364
,OBC-NCL,7365
,OBC-NCL,7366
,OBC-NCL,7367
,OBC-NCL,7368
,OBC-NCL,7369
,OBC-NCL,7370
,OBC-NCL,7371
,OBC-NCL,7372
,OBC-NCL,7373
,OBC-NCL,7374
,OBC-NCL,7375
,OBC-NCL,7376
,OBC-NCL,7377
,OBC-NCL,7378
,OBC-NCL,7379
,OBC-NCL,7380
,OBC-NCL,7381
,OBC-NCL,7382
,OBC-NCL,7383
,OBC-NCL,7384
,OBC-NCL,7385
,OBC-NCL,7386
,OBC-NCL,7387
,OBC-NCL,7388
,OBC-NCL,7389
,OBC-NCL,7390
,OBC-NCL,7391
,OBC-NCL,7392
,OBC-NCL,7393
,OBC-NCL,7394
,OBC-NCL,7395
,OBC-NCL,7396
,OBC-NCL,7397
,OBC-NCL,7398
,OBC-NCL,7399
,OBC-NCL,7400
,OBC-NCL,7401
,OBC-NCL,7402
,OBC-NCL,7403
,OBC-NCL,7404
,OBC-NCL,7405
,OBC-NCL,7406
,OBC-NCL,7407
,OBC-NCL,7408
,OBC-NCL,7409
,OBC-NCL,7410
,OBC-NCL,7411
,OBC-NCL,7412
,OBC-NCL,7413
,OBC-NCL,7414
,OBC-NCL,7415
,OBC-NCL,7416
,OBC-NCL,7417
,OBC-NCL,7418
,OBC-NCL,7419
,OBC-NCL,7420
,OBC-NCL,7421
,OBC-NCL,7422
,OBC-NCL,7423
,OBC-NCL,7424
,OBC-NCL,7425
,OBC-NCL,7426
,OBC-NCL,7427
,OBC-NCL,7428
,OBC-NCL,7429
,OBC-NCL,7430
,OBC-NCL,7431
,OBC-NCL,7432
,OBC-NCL,7433
,OBC-NCL,7434
,OBC-NCL,7435
,OBC-NCL,7436
,OBC-NCL,7437
,OBC-NCL,7438
,OBC-NCL,7439
,OBC-NCL,7440
,OBC-NCL,7441
,OBC-NCL,7442
,OBC-NCL,7442
,OBC-NCL,7444
,OBC-NCL,7445
,OBC-NCL,7446
,OBC-NCL,7447
,OBC-NCL,7448
,OBC-NCL,7449
,OBC-NCL,7450
,OBC-NCL,7451
,OBC-NCL,7452
,OBC-NCL,7453
,OBC-NCL,7454
,OBC-NCL,7455
,OBC-NCL,7456
,OBC-NCL,7457
,OBC-NCL,7458
,OBC-NCL,7459
,OBC-NCL,7460
,OBC-NCL,7461
,OBC-NCL,7462
,OBC-NCL,7463
,OBC-NCL,7464
,OBC-NCL,7465
,OBC-NCL,7466
,OBC-NCL,7467
,OBC-NCL,7468
,OBC-NCL,7469
,OBC-NCL,7470
,OBC-NCL,7471
,OBC-NCL,7472
,OBC-NCL,7473
,OBC-NCL,7474
,OBC-NCL,7475
,OBC-NCL,7476
,OBC-NCL,7477
,OBC-NCL,7478
,OBC-NCL,7479
,OBC-NCL,7480
,OBC-NCL,7481
,OBC-NCL,7482
,OBC-NCL,7483
,OBC-NCL,7484
,OBC-NCL,7485
,OBC-NCL,7486
,OBC-NCL,7487
,OBC-NCL,7488
,OBC-NCL,7489
,OBC-NCL,7490
,OBC-NCL,7491
,OBC-NCL,7492
,OBC-NCL,7493
,OBC-NCL,7494
,OBC-NCL,7495
,OBC-NCL,7496
,OBC-NCL,7497
,OBC-NCL,7498
,OBC-NCL,7499
,OBC-NCL,7500
,OBC-NCL,7501
,OBC-NCL,7502
,OBC-NCL,7503
,OBC-NCL,7504
,OBC-NCL,7505
,OBC-NCL,7506
,OBC-NCL,7507
,OBC-NCL,7508
,OBC-NCL,7509
,OBC-NCL,7510
,OBC-NCL,7511
,OBC-NCL,7512
,OBC-NCL,7513
,OBC-NCL,7514
,OBC-NCL,7515
,OBC-NCL,7516
,OBC-NCL,7517
,OBC-NCL,7518
,OBC-NCL,7519
,OBC-NCL,7520
,OBC-NCL,7521
,OBC-NCL,7522
,OBC-NCL,7523
,OBC-NCL,7524
,OBC-NCL,7525
,OBC-NCL,7526
,OBC-NCL,7527
,OBC-NCL,7528
,OBC-NCL,7529
,OBC-NCL,7530
,OBC-NCL,7531
,OBC-NCL,7532
,OBC-NCL,7533
,OBC-NCL,7534
,OBC-NCL,7535
,OBC-NCL,7536
,OBC-NCL,7537
,OBC-NCL,7538
,OBC-NCL,7539
,OBC-NCL,7540
,OBC-NCL,7541
,OBC-NCL,7542
,OBC-NCL,7543
,OBC-NCL,7543
,OBC-NCL,7545
,OBC-NCL,7546
,OBC-NCL,7547
,OBC-NCL,7548
,OBC-NCL,7549
,OBC-NCL,7550
,OBC-NCL,7551
,OBC-NCL,7552
,OBC-NCL,7553
,OBC-NCL,7554
,OBC-NCL,7555
,OBC-NCL,7556
,OBC-NCL,7557
,OBC-NCL,7558
,OBC-NCL,7559
,OBC-NCL,7560
,OBC-NCL,7561
,OBC-NCL,7562
,OBC-NCL,7563
,OBC-NCL,7564
,OBC-NCL,7565
,OBC-NCL,7566
,OBC-NCL,7567
,OBC-NCL,7568
,OBC-NCL,7569
,OBC-NCL,7570
,OBC-NCL,7571
,OBC-NCL,7572
,OBC-NCL,7573
,OBC-NCL,7574
,OBC-NCL,7575
,OBC-NCL,7576
,OBC-NCL,7577
,OBC-NCL,7578
,OBC-NCL,7579
,OBC-NCL,7580
,OBC-NCL,7581
,OBC-NCL,7582
,OBC-NCL,7583
,OBC-NCL,7584
,OBC-NCL,7585
,OBC-NCL,7586
,OBC-NCL,7587
,OBC-NCL,7588
,OBC-NCL,7589
,OBC-NCL,7590
,OBC-NCL,7591
,OBC-NCL,7592
,OBC-NCL,7593
,OBC-NCL,7594
,OBC-NCL,7595
,OBC-NCL,7596
,OBC-NCL,7597
,OBC-NCL,7598
,OBC-NCL,7599
,OBC-NCL,7600
,OBC-NCL,7601
,OBC-NCL,7602
,OBC-NCL,7603
,OBC-NCL,7604
,OBC-NCL,7605
,OBC-NCL,7606
,OBC-NCL,7607
,OBC-NCL,7608
,OBC-NCL,7609
,OBC-NCL,7610
,OBC-NCL,7611
,OBC-NCL,7612
,OBC-NCL,7613
,OBC-NCL,7614
,OBC-NCL,7615
,OBC-NCL,7616
,OBC-NCL,7617
,OBC-NCL,7618
,OBC-NCL,7619
,OBC-NCL,7620
,OBC-NCL,7621
,OBC-NCL,7622
,OBC-NCL,7623
,OBC-NCL,7624
,OBC-NCL,7625
,OBC-NCL,7626
,OBC-NCL,7627
,OBC-NCL,7628
,OBC-NCL,7629
,OBC-NCL,7630
,OBC-NCL,7631
,OBC-NCL,7632
,OBC-NCL,7633
,OBC-NCL,7634
,OBC-NCL,7635
,OBC-NCL,7636
,OBC-NCL,7637
,OBC-NCL,7638
,OBC-NCL,7639
,OBC-NCL,7640
,OBC-NCL,7641
,OBC-NCL,7642
,OBC-NCL,7643
,OBC-NCL,7644
,OBC-NCL,7645
,OBC-NCL,7646
,OBC-NCL,7647
,OBC-NCL,7648
,OBC-NCL,7649
,OBC-NCL,7650
,OBC-NCL,7651
,OBC-NCL,7652
,OBC-NCL,7653
,OBC-NCL,7654
,OBC-NCL,7655
,OBC-NCL,7656
,OBC-NCL,7657
,OBC-NCL,7658
,OBC-NCL,7659
,OBC-NCL,7660
,OBC-NCL,7661
,OBC-NCL,7662
,OBC-NCL,7663
,OBC-NCL,7664
,OBC-NCL,7665
,OBC-NCL,7666
,OBC-NCL,7667
,OBC-NCL,7668
,OBC-NCL,7669
,OBC-NCL,7670
,OBC-NCL,7671
,OBC-NCL,7672
,OBC-NCL,7673
,OBC-NCL,7674
,OBC-NCL,7675
,OBC-NCL,7676
,OBC-NCL,7677
,OBC-NCL,7678
,OBC-NCL,7679
,OBC-NCL,7680
,OBC-NCL,7681
,OBC-NCL,7682
,OBC-NCL,7683
,OBC-NCL,7684
,OBC-NCL,7685
,OBC-NCL,7686
,OBC-NCL,7687
,OBC-NCL,7688
,OBC-NCL,7689
,OBC-NCL,7690
,OBC-NCL,7691
,OBC-NCL,7692
,OBC-NCL,7693
,OBC-NCL,7694
,OBC-NCL,7695
,OBC-NCL,7696
,OBC-NCL,7697
,OBC-NCL,7698
,OBC-NCL,7699
,OBC-NCL,7700
,OBC-NCL,7701
,OBC-NCL,7702
,OBC-NCL,7703
,OBC-NCL,7704
,OBC-NCL,7705
,OBC-NCL,7706
,OBC-NCL,7707
,OBC-NCL,7708
,OBC-NCL,7709
,OBC-NCL,7710
,OBC-NCL,7711
,OBC-NCL,7712
,OBC-NCL,7713
,OBC-NCL,7714
,OBC-NCL,7715
,OBC-NCL,7716
,OBC-NCL,7717
,OBC-NCL,7718
,OBC-NCL,7719
,OBC-NCL,7720
,OBC-NCL,7721
,OBC-NCL,7722
,OBC-NCL,7723
,OBC-NCL,7724
,OBC-NCL,7725
,OBC-NCL,7726
,OBC-NCL,7727
,OBC-NCL,7728
,OBC-NCL,7729
,OBC-NCL,7730
,OBC-NCL,7731
,OBC-NCL,7732
,OBC-NCL,7733
,OBC-NCL,7734
,OBC-NCL,7735
,OBC-NCL,7736
,OBC-NCL,7737
,OBC-NCL,7738
,OBC-NCL,7739
,OBC-NCL,7740
,OBC-NCL,7741
,OBC-NCL,7742
,OBC-NCL,7743
,OBC-NCL,7744
,OBC-NCL,7745
,OBC-NCL,7746
,OBC-NCL,7747
,OBC-NCL,7748
,OBC-NCL,7749
,OBC-NCL,7750
,OBC-NCL,7751
,OBC-NCL,7752
,OBC-NCL,7753
,OBC-NCL,7754
,OBC-NCL,7754
,OBC-NCL,7756
,OBC-NCL,7757
,OBC-NCL,7758
,OBC-NCL,7759
,OBC-NCL,7760
,OBC-NCL,7761
,OBC-NCL,7762
,OBC-NCL,7763
,OBC-NCL,7764
,OBC-NCL,7765
,OBC-NCL,7766
,OBC-NCL,7767
,OBC-NCL,7768
,OBC-NCL,7769
,OBC-NCL,7770
,OBC-NCL,7771
,OBC-NCL,7772
,OBC-NCL,7773
,OBC-NCL,7774
,OBC-NCL,7775
,OBC-NCL,7776
,OBC-NCL,7777
,OBC-NCL,7778
,OBC-NCL,7779
,OBC-NCL,7780
,OBC-NCL,7781
,OBC-NCL,7782
,OBC-NCL,7783
,OBC-NCL,7784
,OBC-NCL,7785
,OBC-NCL,7786
,OBC-NCL,7787
,OBC-NCL,7788
,OBC-NCL,7789
,OBC-NCL,7790
,OBC-NCL,7791
,OBC-NCL,7792
,OBC-NCL,7793
,OBC-NCL,7794
,OBC-NCL,7795
,OBC-NCL,7796
,OBC-NCL,7797
,OBC-NCL,7798
,OBC-NCL,7799
,OBC-NCL,7800
,OBC-NCL,7801
,OBC-NCL,7802
,OBC-NCL,7803
,OBC-NCL,7804
,OBC-NCL,7805
,OBC-NCL,7806
,OBC-NCL,7807
,OBC-NCL,7808
,OBC-NCL,7809
,OBC-NCL,7810
,OBC-NCL,7811
,OBC-NCL,7812
,OBC-NCL,7813
,OBC-NCL,7814
,OBC-NCL,7815
,OBC-NCL,7816
,OBC-NCL,7817
,OBC-NCL,7818
,OBC-NCL,7819
,OBC-NCL,7820
,OBC-NCL,7821
,OBC-NCL,7822
,OBC-NCL,7823
,OBC-NCL,7824
,OBC-NCL,7825
,OBC-NCL,7826
,OBC-NCL,7827
,OBC-NCL,7828
,OBC-NCL,7829
,OBC-NCL,7830
,OBC-NCL,7831
,OBC-NCL,7832
,OBC-NCL,7833
,OBC-NCL,7834
,OBC-NCL,7835
,OBC-NCL,7836
,OBC-NCL,7837
,OBC-NCL,7838
,OBC-NCL,7839
,OBC-NCL,7840
,OBC-NCL,7841
,OBC-NCL,7842
,OBC-NCL,7843
,OBC-NCL,7844
,OBC-NCL,7844
,OBC-NCL,7846
,OBC-NCL,7847
,OBC-NCL,7848
,OBC-NCL,7849
,OBC-NCL,7850
,OBC-NCL,7851
,OBC-NCL,7852
,OBC-NCL,7853
,OBC-NCL,7854
,OBC-NCL,7855
,OBC-NCL,7856
,OBC-NCL,7857
,OBC-NCL,7858
,OBC-NCL,7859
,OBC-NCL,7860
,OBC-NCL,7861
,OBC-NCL,7862
,OBC-NCL,7863
,OBC-NCL,7864
,OBC-NCL,7865
,OBC-NCL,7866
,OBC-NCL,7867
,OBC-NCL,7868
,OBC-NCL,7869
,OBC-NCL,7870
,OBC-NCL,7871
,OBC-NCL,7872
,OBC-NCL,7873
,OBC-NCL,7874
,OBC-NCL,7875
,OBC-NCL,7876
,OBC-NCL,7877
,OBC-NCL,7878
,OBC-NCL,7879
,OBC-NCL,7880
,OBC-NCL,7881
,OBC-NCL,7882
,OBC-NCL,7883
,OBC-NCL,7884
,OBC-NCL,7885
,OBC-NCL,7886
,OBC-NCL,7887
,OBC-NCL,7888
,OBC-NCL,7889
,OBC-NCL,7890
,OBC-NCL,7891
,OBC-NCL,7892
,OBC-NCL,7893
,OBC-NCL,7894
,OBC-NCL,7895
,OBC-NCL,7896
,OBC-NCL,7897
,OBC-NCL,7898
,OBC-NCL,7899
,OBC-NCL,7900
,OBC-NCL,7901
,OBC-NCL,7902
,OBC-NCL,7903
,OBC-NCL,7904
,OBC-NCL,7905
,OBC-NCL,7906
,OBC-NCL,7907
,OBC-NCL,7908
,OBC-NCL,7909
,OBC-NCL,7910
,OBC-NCL,7911
,OBC-NCL,7912
,OBC-NCL,7913
,OBC-NCL,7914
,OBC-NCL,7915
,OBC-NCL,7916
,OBC-NCL,7917
,OBC-NCL,7918
,OBC-NCL,7919
,OBC-NCL,7920
,OBC-NCL,7921
,OBC-NCL,7922
,OBC-NCL,7923
,OBC-NCL,7924
,OBC-NCL,7925
,OBC-NCL,7926
,OBC-NCL,7927
,OBC-NCL,7928
,OBC-NCL,7929
,OBC-NCL,7930
,OBC-NCL,7931
,OBC-NCL,7932
,OBC-NCL,7933
,OBC-NCL,7934
,OBC-NCL,7935
,OBC-NCL,7936
,OBC-NCL,7937
,OBC-NCL,7938
,OBC-NCL,7939
,OBC-NCL,7940
,OBC-NCL,7941
,OBC-NCL,7942
,OBC-NCL,7943
,OBC-NCL,7944
,OBC-NCL,7945
,OBC-NCL,7946
,OBC-NCL,7947
,OBC-NCL,7948
,OBC-NCL,7949
,OBC-NCL,7950
,OBC-NCL,7951
,OBC-NCL,7952
,OBC-NCL,7953
,OBC-NCL,7954
,OBC-NCL,7955
,OBC-NCL,7956
,OBC-NCL,7957
,OBC-NCL,7958
,OBC-NCL,7959
,OBC-NCL,7960
,OBC-NCL,7961
,OBC-NCL,7962
,OBC-NCL,7963
,OBC-NCL,7964
,OBC-NCL,7965
,OBC-NCL,7966
,OBC-NCL,7967
,OBC-NCL,7968
,OBC-NCL,7969
,OBC-NCL,7970
,OBC-NCL,7971
,OBC-NCL,7972
,OBC-NCL,7973
,OBC-NCL,7974
,OBC-NCL,7975
,OBC-NCL,7976
,OBC-NCL,7977
,OBC-NCL,7978
,OBC-NCL,7979
,OBC-NCL,7980
,OBC-NCL,7981
,OBC-NCL,7982
,OBC-NCL,7983
,OBC-NCL,7984
,OBC-NCL,7985
,OBC-NCL,7986
,OBC-NCL,7987
,OBC-NCL,7988
,OBC-NCL,7989
,OBC-NCL,7990
,OBC-NCL,7991
,OBC-NCL,7992
,OBC-NCL,7993
,OBC-NCL,7994
,OBC-NCL,7995
,OBC-NCL,7996
,OBC-NCL,7997
,OBC-NCL,7998
,OBC-NCL,7999
,OBC-NCL,8000
,OBC-NCL,8001
,OBC-NCL,8002
,OBC-NCL,8003
,OBC-NCL,8004
,OBC-NCL,8005
,OBC-NCL,8006
,OBC-NCL,8007
,OBC-NCL,8008
,OBC-NCL,8009
,OBC-NCL,8010
,OBC-NCL,8011
,OBC-NCL,8012
,OBC-NCL,8013
,OBC-NCL,8014
,OBC-NCL,8015
,OBC-NCL,8016
,OBC-NCL,8017
,OBC-NCL,8018
,OBC-NCL,8019
,OBC-NCL,8020
,OBC-NCL,8021
,OBC-NCL,8022
,OBC-NCL,8023
,OBC-NCL,8024
,OBC-NCL,8025
,OBC-NCL,8026
,OBC-NCL,8027
,OBC-NCL,8028
,OBC-NCL,8029
,OBC-NCL,8030
,OBC-NCL,8031
,OBC-NCL,8032
,OBC-NCL,8033
,OBC-NCL,8034
,OBC-NCL,8035
,OBC-NCL,8036
,OBC-NCL,8037
,OBC-NCL,8038
,OBC-NCL,8039
,OBC-NCL,8040
,OBC-NCL,8041
,OBC-NCL,8042
,OBC-NCL,8043
,OBC-NCL,8044
,OBC-NCL,8045
,OBC-NCL,8046
,OBC-NCL,8047
,OBC-NCL,8048
,OBC-NCL,8049
,OBC-NCL,8050
,OBC-NCL,8051
,OBC-NCL,8052
,OBC-NCL,8053
,OBC-NCL,8053
,OBC-NCL,8055
,OBC-NCL,8056
,OBC-NCL,8057
,OBC-NCL,8058
,OBC-NCL,8059
,OBC-NCL,8060
,OBC-NCL,8061
,OBC-NCL,8062
,OBC-NCL,8063
,OBC-NCL,8064
,OBC-NCL,8065
,OBC-NCL,8066
,OBC-NCL,8067
,OBC-NCL,8068
,OBC-NCL,8069
,OBC-NCL,8070
,OBC-NCL,8071
,OBC-NCL,8072
,OBC-NCL,8073
,OBC-NCL,8074
,OBC-NCL,8075
,OBC-NCL,8076
,OBC-NCL,8077
,OBC-NCL,8078
,OBC-NCL,8079
,OBC-NCL,8080
,OBC-NCL,8081
,OBC-NCL,8082
,OBC-NCL,8083
,OBC-NCL,8084
,OBC-NCL,8085
,OBC-NCL,8086
,OBC-NCL,8087
,OBC-NCL,8088
,OBC-NCL,8089
,OBC-NCL,8090
,OBC-NCL,8091
,OBC-NCL,8092
,OBC-NCL,8093
,OBC-NCL,8094
,OBC-NCL,8095
,OBC-NCL,8096
,OBC-NCL,8097
,OBC-NCL,8098
,OBC-NCL,8099
,OBC-NCL,8100
,OBC-NCL,8101
,OBC-NCL,8102
,OBC-NCL,8103
,OBC-NCL,8104
,OBC-NCL,8105
,OBC-NCL,8106
,OBC-NCL,8107
,OBC-NCL,8108
,OBC-NCL,8109
,OBC-NCL,8110
,OBC-NCL,8111
,OBC-NCL,8112
,OBC-NCL,8113
,OBC-NCL,8114
,OBC-NCL,8115
,OBC-NCL,8116
,OBC-NCL,8117
,OBC-NCL,8118
,OBC-NCL,8119
,OBC-NCL,8120
,OBC-NCL,8121
,OBC-NCL,8122
,OBC-NCL,8123
,OBC-NCL,8124
,OBC-NCL,8125
,OBC-NCL,8126
,OBC-NCL,8127
,OBC-NCL,8128
,OBC-NCL,8129
,OBC-NCL,8130
,OBC-NCL,8131
,OBC-NCL,8132
,OBC-NCL,8133
,OBC-NCL,8134
,OBC-NCL,8135
,OBC-NCL,8136
,OBC-NCL,8137
,OBC-NCL,8138
,OBC-NCL,8139
,OBC-NCL,8140
,OBC-NCL,8141
,OBC-NCL,8142
,OBC-NCL,8143
,OBC-NCL,8144
,OBC-NCL,8145
,OBC-NCL,8146
,OBC-NCL,8147
,OBC-NCL,8148
,OBC-NCL,8149
,OBC-NCL,8150
,OBC-NCL,8151
,OBC-NCL,8152
,OBC-NCL,8153
,OBC-NCL,8154
,OBC-NCL,8155
,OBC-NCL,8156
,OBC-NCL,8157
,OBC-NCL,8158
,OBC-NCL,8159
,OBC-NCL,8160
,OBC-NCL,8161
,OBC-NCL,8162
,OBC-NCL,8163
,OBC-NCL,8164
,OBC-NCL,8165
,OBC-NCL,8166
,OBC-NCL,8167
,OBC-NCL,8168
,OBC-NCL,8169
,OBC-NCL,8170
,OBC-NCL,8171
,OBC-NCL,8172
,OBC-NCL,8173
,OBC-NCL,8174
,OBC-NCL,8175
,OBC-NCL,8176
,OBC-NCL,8177
,OBC-NCL,8178
,OBC-NCL,8179
,OBC-NCL,8180
,OBC-NCL,8181
,OBC-NCL,8182
,OBC-NCL,8183
,OBC-NCL,8184
,OBC-NCL,8185
,OBC-NCL,8186
,OBC-NCL,8187
,OBC-NCL,8188
,OBC-NCL,8189
,OBC-NCL,8190
,OBC-NCL,8191
,OBC-NCL,8192
,OBC-NCL,8193
,OBC-NCL,8194
,OBC-NCL,8195
,OBC-NCL,8196
,OBC-NCL,8197
,OBC-NCL,8198
,OBC-NCL,8199
,OBC-NCL,8200
,OBC-NCL,8201
,OBC-NCL,8202
,OBC-NCL,8203
,OBC-NCL,8204
,OBC-NCL,8205
,OBC-NCL,8206
,OBC-NCL,8207
,OBC-NCL,8208
,OBC-NCL,8209
,OBC-NCL,8210
,OBC-NCL,8211
,OBC-NCL,8212
,OBC-NCL,8213
,OBC-NCL,8214
,OBC-NCL,8215
,OBC-NCL,8216
,OBC-NCL,8217
,OBC-NCL,8218
,OBC-NCL,8219
,OBC-NCL,8220
,OBC-NCL,8221
,OBC-NCL,8222
,OBC-NCL,8223
,OBC-NCL,8224
,OBC-NCL,8225
,OBC-NCL,8226
,OBC-NCL,8227
,OBC-NCL,8228
,OBC-NCL,8229
,OBC-NCL,8230
,OBC-NCL,8231
,OBC-NCL,8232
,OBC-NCL,8233
,OBC-NCL,8234
,OBC-NCL,8235
,OBC-NCL,8236
,OBC-NCL,8237
,OBC-NCL,8238
,OBC-NCL,8239
,OBC-NCL,8240
,OBC-NCL,8241
,OBC-NCL,8242
,OBC-NCL,8243
,OBC-NCL,8244
,OBC-NCL,8245
,OBC-NCL,8246
,OBC-NCL,8247
,OBC-NCL,8248
,OBC-NCL,8249
,OBC-NCL,8250
,OBC-NCL,8251
,OBC-NCL,8252
,OBC-NCL,8253
,OBC-NCL,8253
,OBC-NCL,8255
,OBC-NCL,8256
,OBC-NCL,8257
,OBC-NCL,8258
,OBC-NCL,8259
,OBC-NCL,8260
,OBC-NCL,8261
,OBC-NCL,8262
,OBC-NCL,8263
,OBC-NCL,8264
,OBC-NCL,8265
,OBC-NCL,8266
,OBC-NCL,8267
,OBC-NCL,8268
,OBC-NCL,8269
,OBC-NCL,8270
,OBC-NCL,8271
,OBC-NCL,8272
,OBC-NCL,8273
,OBC-NCL,8274
,OBC-NCL,8275
,OBC-NCL,8276
,OBC-NCL,8277
,OBC-NCL,8278
,OBC-NCL,8279
,OBC-NCL,8280
,OBC-NCL,8281
,OBC-NCL,8282
,OBC-NCL,8283
,OBC-NCL,8284
,OBC-NCL,8285
,OBC-NCL,8286
,OBC-NCL,8287
,OBC-NCL,8288
,OBC-NCL,8289
,OBC-NCL,8290
,OBC-NCL,8291
,OBC-NCL,8292
,OBC-NCL,8293
,OBC-NCL,8294
,OBC-NCL,8295
,OBC-NCL,8296
,OBC-NCL,8297
,OBC-NCL,8298
,OBC-NCL,8299
,OBC-NCL,8300
,OBC-NCL,8301
,OBC-NCL,8302
,OBC-NCL,8303
,OBC-NCL,8304
,OBC-NCL,8305
,OBC-NCL,8306
,OBC-NCL,8307
,OBC-NCL,8308
,OBC-NCL,8309
,OBC-NCL,8310
,OBC-NCL,8311
,OBC-NCL,8312
,OBC-NCL,8313
,OBC-NCL,8314
,OBC-NCL,8315
,OBC-NCL,8316
,OBC-NCL,8317
,OBC-NCL,8318
,OBC-NCL,8319
,OBC-NCL,8320
,OBC-NCL,8321
,OBC-NCL,8322
,OBC-NCL,8323
,OBC-NCL,8324
,OBC-NCL,8325
,OBC-NCL,8326
,OBC-NCL,8327
,OBC-NCL,8328
,OBC-NCL,8329
,OBC-NCL,8330
,OBC-NCL,8331
,OBC-NCL,8332
,OBC-NCL,8333
,OBC-NCL,8334
,OBC-NCL,8335
,OBC-NCL,8336
,OBC-NCL,8337
,OBC-NCL,8337
,OBC-NCL,8339
,OBC-NCL,8340
,OBC-NCL,8341
,OBC-NCL,8342
,OBC-NCL,8343
,OBC-NCL,8344
,OBC-NCL,8345
,OBC-NCL,8346
,OBC-NCL,8347
,OBC-NCL,8348
,OBC-NCL,8349
,OBC-NCL,8350
,OBC-NCL,8351
,OBC-NCL,8352
,OBC-NCL,8353
,OBC-NCL,8354
,OBC-NCL,8355
,OBC-NCL,8356
,OBC-NCL,8357
,OBC-NCL,8358
,OBC-NCL,8359
,OBC-NCL,8360
,OBC-NCL,8361
,OBC-NCL,8362
,OBC-NCL,8363
,OBC-NCL,8364
,OBC-NCL,8365
,OBC-NCL,8366
,OBC-NCL,8367
,OBC-NCL,8368
,OBC-NCL,8369
,OBC-NCL,8370
,OBC-NCL,8371
,OBC-NCL,8372
,OBC-NCL,8373
,OBC-NCL,8374
,OBC-NCL,8375
,OBC-NCL,8376
,OBC-NCL,8377
,OBC-NCL,8378
,OBC-NCL,8379
,OBC-NCL,8380
,OBC-NCL,8381
,OBC-NCL,8382
,OBC-NCL,8383
,OBC-NCL,8384
,OBC-NCL,8385
,OBC-NCL,8386
,OBC-NCL,8387
,OBC-NCL,8388
,OBC-NCL,8389
,OBC-NCL,8390
,OBC-NCL,8391
,OBC-NCL,8392
,OBC-NCL,8393
,OBC-NCL,8394
,OBC-NCL,8395
,OBC-NCL,8396
,OBC-NCL,8397
,OBC-NCL,8398
,OBC-NCL,8399
,OBC-NCL,8400
,OBC-NCL,8401
,OBC-NCL,8402
,OBC-NCL,8403
,OBC-NCL,8404
,OBC-NCL,8405
,OBC-NCL,8406
,OBC-NCL,8407
,OBC-NCL,8408
,OBC-NCL,8409
,OBC-NCL,8410
,OBC-NCL,8411
,OBC-NCL,8412
,OBC-NCL,8413
,OBC-NCL,8414
,OBC-NCL,8415
,OBC-NCL,8416
,OBC-NCL,8417
,OBC-NCL,8418
,OBC-NCL,8419
,OBC-NCL,8420
,OBC-NCL,8421
,OBC-NCL,8422
,OBC-NCL,8423
,OBC-NCL,8424
,OBC-NCL,8425
,OBC-NCL,8426
,OBC-NCL,8427
,OBC-NCL,8428
,OBC-NCL,8429
,OBC-NCL,8430
,OBC-NCL,8431
,OBC-NCL,8432
,OBC-NCL,8433
,OBC-NCL,8434
,OBC-NCL,8435
,OBC-NCL,8436
,OBC-NCL,8437
,OBC-NCL,8438
,OBC-NCL,8439
,OBC-NCL,8440
,OBC-NCL,8441
,OBC-NCL,8442
,OBC-NCL,8443
,OBC-NCL,8444
,OBC-NCL,8445
,OBC-NCL,8446
,OBC-NCL,8447
,OBC-NCL,8448
,OBC-NCL,8449
,OBC-NCL,8450
,OBC-NCL,8451
,OBC-NCL,8452
,OBC-NCL,8453
,OBC-NCL,8454
,OBC-NCL,8455
,OBC-NCL,8456
,OBC-NCL,8457
,OBC-NCL,8458
,OBC-NCL,8459
,OBC-NCL,8460
,OBC-NCL,8461
,OBC-NCL,8462
,OBC-NCL,8463
,OBC-NCL,8464
,OBC-NCL,8465
,OBC-NCL,8466
,OBC-NCL,8467
,OBC-NCL,8468
,OBC-NCL,8469
,OBC-NCL,8470
,OBC-NCL,8471
,OBC-NCL,8472
,OBC-NCL,8473
,OBC-NCL,8474
,OBC-NCL,8475
,OBC-NCL,8476
,OBC-NCL,8477
,OBC-NCL,8478
,OBC-NCL,8479
,OBC-NCL,8480
,OBC-NCL,8481
,OBC-NCL,8482
,OBC-NCL,8483
,OBC-NCL,8484
,OBC-NCL,8485
,OBC-NCL,8486
,OBC-NCL,8487
,OBC-NCL,8488
,OBC-NCL,8489
,OBC-NCL,8490
,OBC-NCL,8491
,OBC-NCL,8492
,OBC-NCL,8493
,OBC-NCL,8494
,OBC-NCL,8495
,OBC-NCL,8496
,OBC-NCL,8497
,OBC-NCL,8498
,OBC-NCL,8499
,OBC-NCL,8500
,OBC-NCL,8501
,OBC-NCL,8502
,OBC-NCL,8503
,OBC-NCL,8504
,OBC-NCL,8505
,OBC-NCL,8506
,OBC-NCL,8507
,OBC-NCL,8508
,OBC-NCL,8509
,OBC-NCL,8510
,OBC-NCL,8511
,OBC-NCL,8512
,OBC-NCL,8513
,OBC-NCL,8514
,OBC-NCL,8515
,OBC-NCL,8516
,OBC-NCL,8517
,OBC-NCL,8518
,OBC-NCL,8519
,OBC-NCL,8520
,OBC-NCL,8521
,OBC-NCL,8522
,OBC-NCL,8523
,OBC-NCL,8524
,OBC-NCL,8525
,OBC-NCL,8526
,OBC-NCL,8527
,OBC-NCL,8528
,OBC-NCL,8529
,OBC-NCL,8530
,OBC-NCL,8531
,OBC-NCL,8532
,OBC-NCL,8533
,OBC-NCL,8534
,OBC-NCL,8535
,OBC-NCL,8536
,OBC-NCL,8537
,OBC-NCL,8538
,OBC-NCL,8539
,OBC-NCL,8540
,OBC-NCL,8541
,OBC-NCL,8542
,OBC-NCL,8543
,OBC-NCL,8544
,OBC-NCL,8545
,OBC-NCL,8546
,OBC-NCL,8547
,OBC-NCL,8548
,OBC-NCL,8549
,OBC-NCL,8550
,OBC-NCL,8550
,OBC-NCL,8552
,OBC-NCL,8553
,OBC-NCL,8554
,OBC-NCL,8555
,OBC-NCL,8556
,OBC-NCL,8557
,OBC-NCL,8558
,OBC-NCL,8559
,OBC-NCL,8560
,OBC-NCL,8561
,OBC-NCL,8562
,OBC-NCL,8563
,OBC-NCL,8564
,OBC-NCL,8565
,OBC-NCL,8566
,OBC-NCL,8567
,OBC-NCL,8568
,OBC-NCL,8569
,OBC-NCL,8570
,OBC-NCL,8571
,OBC-NCL,8572
,OBC-NCL,8573
,OBC-NCL,8574
,OBC-NCL,8575
,OBC-NCL,8576
,OBC-NCL,8577
,OBC-NCL,8578
,OBC-NCL,8579
,OBC-NCL,8580
,OBC-NCL,8581
,OBC-NCL,8582
,OBC-NCL,8583
,OBC-NCL,8584
,OBC-NCL,8585
,OBC-NCL,8586
,OBC-NCL,8587
,OBC-NCL,8588
,OBC-NCL,8589
,OBC-NCL,8590
,OBC-NCL,8591
,OBC-NCL,8592
,OBC-NCL,8593
,OBC-NCL,8594
,OBC-NCL,8595
,OBC-NCL,8596
,OBC-NCL,8597
,OBC-NCL,8598
,OBC-NCL,8599
,OBC-NCL,8600
,OBC-NCL,8601
,OBC-NCL,8602
,OBC-NCL,8603
,OBC-NCL,8604
,OBC-NCL,8605
,OBC-NCL,8606
,OBC-NCL,8607
,OBC-NCL,8608
,OBC-NCL,8609
,OBC-NCL,8610
,OBC-NCL,8611
,OBC-NCL,8612
,OBC-NCL,8613
,OBC-NCL,8614
,OBC-NCL,8615
,OBC-NCL,8616
,OBC-NCL,8617
,OBC-NCL,8618
,OBC-NCL,8619
,OBC-NCL,8620
,OBC-NCL,8621
,OBC-NCL,8622
,OBC-NCL,8623
,OBC-NCL,8624
,OBC-NCL,8625
,OBC-NCL,8626
,OBC-NCL,8627
,OBC-NCL,8628
,OBC-NCL,8629
,OBC-NCL,8630
,OBC-NCL,8631
,OBC-NCL,8632
,OBC-NCL,8633
,OBC-NCL,8634
,OBC-NCL,8635
,OBC-NCL,8636
,OBC-NCL,8637
,OBC-NCL,8638
,OBC-NCL,8639
,OBC-NCL,8640
,OBC-NCL,8641
,OBC-NCL,8642
,OBC-NCL,8643
,OBC-NCL,8644
,OBC-NCL,8645
,OBC-NCL,8646
,OBC-NCL,8647
,OBC-NCL,8647
,OBC-NCL,8649
,OBC-NCL,8650
,OBC-NCL,8651
,OBC-NCL,8652
,OBC-NCL,8653
,OBC-NCL,8654
,OBC-NCL,8655
,OBC-NCL,8656
,OBC-NCL,8657
,OBC-NCL,8658
,OBC-NCL,8659
,OBC-NCL,8660
,OBC-NCL,8661
,OBC-NCL,8662
,OBC-NCL,8663
,OBC-NCL,8664
,OBC-NCL,8665
,OBC-NCL,8666
,OBC-NCL,8667
,OBC-NCL,8668
,OBC-NCL,8669
,OBC-NCL,8670
,OBC-NCL,8671
,OBC-NCL,8672
,OBC-NCL,8673
,OBC-NCL,8674
,OBC-NCL,8675
,OBC-NCL,8676
,OBC-NCL,8677
,OBC-NCL,8678
,OBC-NCL,8679
,OBC-NCL,8680
,OBC-NCL,8681
,OBC-NCL,8682
,OBC-NCL,8683
,OBC-NCL,8684
,OBC-NCL,8685
,OBC-NCL,8686
,OBC-NCL,8687
,OBC-NCL,8688
,OBC-NCL,8689
,OBC-NCL,8690
,OBC-NCL,8691
,OBC-NCL,8692
,OBC-NCL,8693
,OBC-NCL,8694
,OBC-NCL,8695
,OBC-NCL,8696
,OBC-NCL,8697
,OBC-NCL,8698
,OBC-NCL,8698
,OBC-NCL,8700
,OBC-NCL,8701
,OBC-NCL,8702
,OBC-NCL,8703
,OBC-NCL,8704
,OBC-NCL,8705
,OBC-NCL,8706
,OBC-NCL,8707
,OBC-NCL,8708
,OBC-NCL,8709
,OBC-NCL,8710
,OBC-NCL,8711
,OBC-NCL,8712
,OBC-NCL,8713
,OBC-NCL,8714
,OBC-NCL,8715
,OBC-NCL,8716
,OBC-NCL,8717
,OBC-NCL,8718
,OBC-NCL,8719
,OBC-NCL,8720
,OBC-NCL,8721
,OBC-NCL,8722
,OBC-NCL,8723
,OBC-NCL,8724
,OBC-NCL,8725
,OBC-NCL,8726
,OBC-NCL,8727
,OBC-NCL,8728
,OBC-NCL,8729
,OBC-NCL,8730
,OBC-NCL,8731
,OBC-NCL,8732
,OBC-NCL,8733
,OBC-NCL,8734
,OBC-NCL,8735
,OBC-NCL,8736
,OBC-NCL,8737
,OBC-NCL,8738
,OBC-NCL,8739
,OBC-NCL,8740
,OBC-NCL,8741
,OBC-NCL,8742
,OBC-NCL,8743
,OBC-NCL,8744
,OBC-NCL,8745
,OBC-NCL,8746
,OBC-NCL,8747
,OBC-NCL,8748
,OBC-NCL,8749
,OBC-NCL,8750
,OBC-NCL,8751
,OBC-NCL,8752
,OBC-NCL,8753
,OBC-NCL,8754
,OBC-NCL,8755
,OBC-NCL,8756
,OBC-NCL,8757
,OBC-NCL,8758
,OBC-NCL,8759
,OBC-NCL,8759
,OBC-NCL,8761
,OBC-NCL,8762
,OBC-NCL,8763
,OBC-NCL,8764
,OBC-NCL,8765
,OBC-NCL,8766
,OBC-NCL,8767
,OBC-NCL,8768
,OBC-NCL,8769
,OBC-NCL,8770
,OBC-NCL,8771
,OBC-NCL,8772
,OBC-NCL,8773
,OBC-NCL,8774
,OBC-NCL,8775
,OBC-NCL,8776
,OBC-NCL,8777
,OBC-NCL,8778
,OBC-NCL,8779
,OBC-NCL,8780
,OBC-NCL,8781
,OBC-NCL,8782
,OBC-NCL,8783
,OBC-NCL,8784
,OBC-NCL,8785
,OBC-NCL,8786
,OBC-NCL,8787
,OBC-NCL,8788
,OBC-NCL,8789
,OBC-NCL,8790
,OBC-NCL,8791
,OBC-NCL,8792
,OBC-NCL,8793
,OBC-NCL,8794
,OBC-NCL,8795
,OBC-NCL,8796
,OBC-NCL,8797
,OBC-NCL,8798
,OBC-NCL,8799
,OBC-NCL,8800
,OBC-NCL,8801
,OBC-NCL,8802
,OBC-NCL,8803
,OBC-NCL,8804
,OBC-NCL,8805
,OBC-NCL,8806
,OBC-NCL,8807
,OBC-NCL,8808
,OBC-NCL,8809
,OBC-NCL,8810
,OBC-NCL,8811
,OBC-NCL,8812
,OBC-NCL,8813
,OBC-NCL,8814
,OBC-NCL,8815
,OBC-NCL,8816
,OBC-NCL,8817
,OBC-NCL,8818
,OBC-NCL,8819
,OBC-NCL,8820
,OBC-NCL,8821
,OBC-NCL,8822
,OBC-NCL,8823
,OBC-NCL,8824
,OBC-NCL,8825
,OBC-NCL,8826
,OBC-NCL,8827
,OBC-NCL,8828
,OBC-NCL,8829
,OBC-NCL,8830
,OBC-NCL,8831
,OBC-NCL,8832
,OBC-NCL,8833
,OBC-NCL,8834
,OBC-NCL,8835
,OBC-NCL,8836
,OBC-NCL,8837
,OBC-NCL,8838
,OBC-NCL,8839
,OBC-NCL,8840
,OBC-NCL,8841
,OBC-NCL,8842
,OBC-NCL,8843
,OBC-NCL,8844
,OBC-NCL,8845
,OBC-NCL,8846
,OBC-NCL,8847
,OBC-NCL,8848
,OBC-NCL,8849
,OBC-NCL,8850
,OBC-NCL,8851
,OBC-NCL,8852
,OBC-NCL,8853
,OBC-NCL,8854
,OBC-NCL,8855
,OBC-NCL,8856
,OBC-NCL,8857
,OBC-NCL,8858
,OBC-NCL,8859
,OBC-NCL,8860
,OBC-NCL,8861
,OBC-NCL,8862
,OBC-NCL,8863
,OBC-NCL,8864
,OBC-NCL,8865
,OBC-NCL,8866
,OBC-NCL,8867
,OBC-NCL,8868
,OBC-NCL,8869
,OBC-NCL,8870
,OBC-NCL,8871
,OBC-NCL,8872
,OBC-NCL,8873
,OBC-NCL,8874
,OBC-NCL,8875
,OBC-NCL,8876
,OBC-NCL,8877
,OBC-NCL,8878
,OBC-NCL,8879
,OBC-NCL,8880
,OBC-NCL,8881
,OBC-NCL,8882
,OBC-NCL,8883
,OBC-NCL,8884
,OBC-NCL,8885
,OBC-NCL,8886
,OBC-NCL,8887
,OBC-NCL,8888
,OBC-NCL,8889
,OBC-NCL,8890
,OBC-NCL,8891
,OBC-NCL,8892
,OBC-NCL,8893
,OBC-NCL,8894
,OBC-NCL,8895
,OBC-NCL,8896
,OBC-NCL,8897
,OBC-NCL,8898
,OBC-NCL,8899
,OBC-NCL,8900
,OBC-NCL,8901
,OBC-NCL,8902
,OBC-NCL,8903
,OBC-NCL,8904
,OBC-NCL,8905
,OBC-NCL,8906
,OBC-NCL,8907
,OBC-NCL,8907
,OBC-NCL,8909
,OBC-NCL,8910
,OBC-NCL,8911
,OBC-NCL,8912
,OBC-NCL,8913
,OBC-NCL,8914
,OBC-NCL,8915
,OBC-NCL,8916
,OBC-NCL,8917
,OBC-NCL,8918
,OBC-NCL,8919
,OBC-NCL,8920
,OBC-NCL,8921
,OBC-NCL,8922
,OBC-NCL,8923
,OBC-NCL,8924
,OBC-NCL,8925
,OBC-NCL,8926
,OBC-NCL,8927
,OBC-NCL,8928
,OBC-NCL,8929
,OBC-NCL,8929
,OBC-NCL,8931
,OBC-NCL,8932
,OBC-NCL,8933
,OBC-NCL,8934
,OBC-NCL,8935
,OBC-NCL,8936
,OBC-NCL,8937
,OBC-NCL,8938
,OBC-NCL,8939
,OBC-NCL,8940
,OBC-NCL,8941
,OBC-NCL,8942
,OBC-NCL,8943
,OBC-NCL,8944
,OBC-NCL,8945
,OBC-NCL,8946
,OBC-NCL,8947
,OBC-NCL,8948
,OBC-NCL,8949
,OBC-NCL,8950
,OBC-NCL,8951
,OBC-NCL,8952
,OBC-NCL,8953
,OBC-NCL,8954
,OBC-NCL,8955
,OBC-NCL,8956
,OBC-NCL,8957
,OBC-NCL,8958
,OBC-NCL,8959
,OBC-NCL,8960
,OBC-NCL,8961
,OBC-NCL,8962
,OBC-NCL,8963
,OBC-NCL,8964
,OBC-NCL,8965
,OBC-NCL,8966
,OBC-NCL,8967
,OBC-NCL,8967
,OBC-NCL,8969
,OBC-NCL,8970
,OBC-NCL,8971
,OBC-NCL,8972
,OBC-NCL,8973
,OBC-NCL,8974
,OBC-NCL,8975
,OBC-NCL,8976
,OBC-NCL,8977
,OBC-NCL,8978
,OBC-NCL,8979
,OBC-NCL,8980
,OBC-NCL,8981
,OBC-NCL,8982
,OBC-NCL,8983
,OBC-NCL,8984
,OBC-NCL,8985
,OBC-NCL,8986
,OBC-NCL,8987
,OBC-NCL,8988
,OBC-NCL,8989
,OBC-NCL,8990
,OBC-NCL,8991
,OBC-NCL,8992
,OBC-NCL,8993
,OBC-NCL,8994
,OBC-NCL,8995
,OBC-NCL,8996
,OBC-NCL,8997
,OBC-NCL,8998
,OBC-NCL,8999
,OBC-NCL,9000
,OBC-NCL,9001
,OBC-NCL,9002
,OBC-NCL,9003
,OBC-NCL,9004
,OBC-NCL,9005
,OBC-NCL,9006
,OBC-NCL,9007
,OBC-NCL,9008
,OBC-NCL,9009
,OBC-NCL,9010
,OBC-NCL,9011
,OBC-NCL,9012
,OBC-NCL,9012
,OBC-NCL,9014
,OBC-NCL,9015
,OBC-NCL,9016
,OBC-NCL,9017
,OBC-NCL,9018
,OBC-NCL,9019
,OBC-NCL,9020
,OBC-NCL,9021
,OBC-NCL,9022
,OBC-NCL,9023
,OBC-NCL,9024
,OBC-NCL,9025
,OBC-NCL,9026
,OBC-NCL,9027
,OBC-NCL,9028
,OBC-NCL,9029
,OBC-NCL,9030
,OBC-NCL,9031
,OBC-NCL,9032
,OBC-NCL,9033
,OBC-NCL,9034
,OBC-NCL,9035
,OBC-NCL,9036
,OBC-NCL,9037
,OBC-NCL,9038
,OBC-NCL,9039
,OBC-NCL,9040
,OBC-NCL,9041
,OBC-NCL,9042
,OBC-NCL,9043
,OBC-NCL,9044
,OBC-NCL,9045
,OBC-NCL,9046
,OBC-NCL,9047
,OBC-NCL,9048
,OBC-NCL,9049
,OBC-NCL,9050
,SC,197
,SC,252
,SC,253
,SC,298
,SC,303
,SC,481
,SC,489
,SC,497
,SC,546
,SC,567
,SC,602
,SC,682
,SC,720
,SC,723
,SC,754
,SC,789
,SC,810
,SC,815
,SC,819
,SC,845
,SC,852
,SC,855
,SC,886
,SC,889
,SC,893
,SC,910
,SC,924
,SC,928
,SC,936
,SC,947
,SC,950
,SC,954
,SC,976
,SC,1006
,SC,1007
,SC,1032
,SC,1052
,SC,1053
,SC,1054
,SC,1055
,SC,1056
,SC,1057
,SC,1058
,SC,1059
,SC,1060
,SC,1061
,SC,1062
,SC,1063
,SC,1064
,SC,1065
,SC,1066
,SC,1067
,SC,1068
,SC,1069
,SC,1070
,SC,1071
,SC,1072
,SC,1073
,SC,1074
,SC,1075
,SC,1076
,SC,1077
,SC,1078
,SC,1079
,SC,1080
,SC,1081
,SC,1082
,SC,1083
,SC,1084
,SC,1085
,SC,1086
,SC,1087
,SC,1088
,SC,1089
,SC,1090
,SC,1091
,SC,1092
,SC,1093
,SC,1094
,SC,1095
,SC,1096
,SC,1097
,SC,1098
,SC,1099
,SC,1100
,SC,1101
,SC,1102
,SC,1103
,SC,1104
,SC,1105
,SC,1106
,SC,1107
,SC,1108
,SC,1109
,SC,1110
,SC,1111
,SC,1112
,SC,1113
,SC,1114
,SC,1115
,SC,1116
,SC,1117
,SC,1118
,SC,1119
,SC,1120
,SC,1121
,SC,1122
,SC,1123
,SC,1124
,SC,1125
,SC,1126
,SC,1127
,SC,1128
,SC,1129
,SC,1130
,SC,1131
,SC,1132
,SC,1133
,SC,1134
,SC,1135
,SC,1136
,SC,1137
,SC,1138
,SC,1139
,SC,1140
,SC,1141
,SC,1142
,SC,1143
,SC,1144
,SC,1145
,SC,1146
,SC,1147
,SC,1148
,SC,1149
,SC,1150
,SC,1151
,SC,1152
,SC,1153
,SC,1154
,SC,1155
,SC,1156
,SC,1157
,SC,1158
,SC,1159
,SC,1160
,SC,1161
,SC,1162
,SC,1163
,SC,1164
,SC,1165
,SC,1166
,SC,1167
,SC,1168
,SC,1169
,SC,1170
,SC,1171
,SC,1172
,SC,1173
,SC,1174
,SC,1175
,SC,1176
,SC,1177
,SC,1178
,SC,1179
,SC,1180
,SC,1181
,SC,1182
,SC,1183
,SC,1184
,SC,1185
,SC,1186
,SC,1187
,SC,1188
,SC,1189
,SC,1190
,SC,1191
,SC,1192
,SC,1193
,SC,1194
,SC,1195
,SC,1196
,SC,1197
,SC,1198
,SC,1199
,SC,1200
,SC,1201
,SC,1202
,SC,1203
,SC,1204
,SC,1205
,SC,1206
,SC,1207
,SC,1208
,SC,1209
,SC,1210
,SC,1211
,SC,1212
,SC,1213
,SC,1213
,SC,1215
,SC,1216
,SC,1217
,SC,1218
,SC,1219
,SC,1220
,SC,1221
,SC,1222
,SC,1223
,SC,1224
,SC,1225
,SC,1226
,SC,1227
,SC,1228
,SC,1229
,SC,1230
,SC,1231
,SC,1232
,SC,1233
,SC,1234
,SC,1235
,SC,1236
,SC,1237
,SC,1238
,SC,1239
,SC,1240
,SC,1241
,SC,1242
,SC,1243
,SC,1244
,SC,1245
,SC,1246
,SC,1247
,SC,1248
,SC,1249
,SC,1250
,SC,1251
,SC,1252
,SC,1253
,SC,1254
,SC,1255
,SC,1256
,SC,1257
,SC,1258
,SC,1259
,SC,1260
,SC,1261
,SC,1262
,SC,1263
,SC,1264
,SC,1265
,SC,1266
,SC,1267
,SC,1268
,SC,1269
,SC,1270
,SC,1271
,SC,1272
,SC,1273
,SC,1274
,SC,1275
,SC,1276
,SC,1277
,SC,1278
,SC,1279
,SC,1280
,SC,1281
,SC,1282
,SC,1283
,SC,1284
,SC,1285
,SC,1286
,SC,1287
,SC,1288
,SC,1289
,SC,1290
,SC,1291
,SC,1292
,SC,1293
,SC,1294
,SC,1295
,SC,1296
,SC,1297
,SC,1298
,SC,1299
,SC,1300
,SC,1301
,SC,1302
,SC,1303
,SC,1304
,SC,1305
,SC,1306
,SC,1307
,SC,1308
,SC,1309
,SC,1310
,SC,1311
,SC,1312
,SC,1313
,SC,1314
,SC,1315
,SC,1316
,SC,1317
,SC,1318
,SC,1319
,SC,1320
,SC,1321
,SC,1322
,SC,1323
,SC,1324
,SC,1325
,SC,1326
,SC,1327
,SC,1328
,SC,1329
,SC,1330
,SC,1331
,SC,1332
,SC,1333
,SC,1334
,SC,1335
,SC,1336
,SC,1337
,SC,1338
,SC,1339
,SC,1340
,SC,1341
,SC,1342
,SC,1343
,SC,1344
,SC,1345
,SC,1346
,SC,1347
,SC,1348
,SC,1349
,SC,1350
,SC,1351
,SC,1352
,SC,1353
,SC,1354
,SC,1355
,SC,1356
,SC,1357
,SC,1358
,SC,1359
,SC,1360
,SC,1361
,SC,1362
,SC,1363
,SC,1364
,SC,1365
,SC,1366
,SC,1367
,SC,1368
,SC,1369
,SC,1370
,SC,1371
,SC,1372
,SC,1373
,SC,1374
,SC,1375
,SC,1376
,SC,1377
,SC,1378
,SC,1379
,SC,1380
,SC,1381
,SC,1382
,SC,1383
,SC,1384
,SC,1385
,SC,1386
,SC,1387
,SC,1388
,SC,1389
,SC,1390
,SC,1391
,SC,1392
,SC,1393
,SC,1394
,SC,1395
,SC,1396
,SC,1397
,SC,1398
,SC,1399
,SC,1400
,SC,1401
,SC,1402
,SC,1403
,SC,1404
,SC,1405
,SC,1406
,SC,1407
,SC,1408
,SC,1409
,SC,1410
,SC,1411
,SC,1412
,SC,1413
,SC,1414
,SC,1415
,SC,1416
,SC,1417
,SC,1418
,SC,1419
,SC,1420
,SC,1421
,SC,1422
,SC,1423
,SC,1424
,SC,1425
,SC,1426
,SC,1427
,SC,1428
,SC,1429
,SC,1430
,SC,1431
,SC,1432
,SC,1433
,SC,1434
,SC,1435
,SC,1436
,SC,1437
,SC,1438
,SC,1439
,SC,1440
,SC,1441
,SC,1442
,SC,1443
,SC,1444
,SC,1445
,SC,1446
,SC,1447
,SC,1448
,SC,1449
,SC,1450
,SC,1451
,SC,1452
,SC,1453
,SC,1454
,SC,1455
,SC,1456
,SC,1457
,SC,1458
,SC,1459
,SC,1460
,SC,1461
,SC,1462
,SC,1463
,SC,1464
,SC,1465
,SC,1466
,SC,1467
,SC,1468
,SC,1469
,SC,1470
,SC,1471
,SC,1472
,SC,1473
,SC,1474
,SC,1475
,SC,1476
,SC,1477
,SC,1478
,SC,1479
,SC,1480
,SC,1481
,SC,1482
,SC,1483
,SC,1484
,SC,1485
,SC,1486
,SC,1487
,SC,1488
,SC,1489
,SC,1490
,SC,1491
,SC,1492
,SC,1493
,SC,1494
,SC,1495
,SC,1496
,SC,1497
,SC,1498
,SC,1499
,SC,1500
,SC,1501
,SC,1502
,SC,1503
,SC,1504
,SC,1505
,SC,1506
,SC,1507
,SC,1508
,SC,1509
,SC,1510
,SC,1511
,SC,1512
,SC,1513
,SC,1514
,SC,1515
,SC,1516
,SC,1517
,SC,1518
,SC,1519
,SC,1520
,SC,1521
,SC,1522
,SC,1523
,SC,1524
,SC,1525
,SC,1526
,SC,1527
,SC,1528
,SC,1529
,SC,1530
,SC,1531
,SC,1532
,SC,1533
,SC,1534
,SC,1535
,SC,1536
,SC,1537
,SC,1538
,SC,1539
,SC,1540
,SC,1541
,SC,1542
,SC,1543
,SC,1544
,SC,1545
,SC,1546
,SC,1547
,SC,1548
,SC,1549
,SC,1550
,SC,1551
,SC,1552
,SC,1553
,SC,1554
,SC,1555
,SC,1556
,SC,1557
,SC,1558
,SC,1559
,SC,1560
,SC,1561
,SC,1562
,SC,1563
,SC,1564
,SC,1565
,SC,1566
,SC,1567
,SC,1568
,SC,1569
,SC,1570
,SC,1571
,SC,1572
,SC,1573
,SC,1574
,SC,1575
,SC,1576
,SC,1577
,SC,1578
,SC,1579
,SC,1580
,SC,1581
,SC,1582
,SC,1583
,SC,1584
,SC,1585
,SC,1586
,SC,1587
,SC,1588
,SC,1589
,SC,1590
,SC,1591
,SC,1592
,SC,1593
,SC,1594
,SC,1595
,SC,1596
,SC,1597
,SC,1598
,SC,1599
,SC,1600
,SC,1601
,SC,1602
,SC,1603
,SC,1604
,SC,1605
,SC,1606
,SC,1607
,SC,1608
,SC,1609
,SC,1610
,SC,1611
,SC,1612
,SC,1613
,SC,1614
,SC,1615
,SC,1616
,SC,1617
,SC,1618
,SC,1619
,SC,1620
,SC,1621
,SC,1622
,SC,1623
,SC,1624
,SC,1625
,SC,1626
,SC,1627
,SC,1628
,SC,1629
,SC,1630
,SC,1631
,SC,1632
,SC,1633
,SC,1634
,SC,1635
,SC,1636
,SC,1637
,SC,1638
,SC,1639
,SC,1640
,SC,1641
,SC,1642
,SC,1643
,SC,1644
,SC,1645
,SC,1646
,SC,1647
,SC,1648
,SC,1649
,SC,1650
,SC,1651
,SC,1652
,SC,1653
,SC,1654
,SC,1655
,SC,1656
,SC,1657
,SC,1658
,SC,1659
,SC,1660
,SC,1661
,SC,1662
,SC,1663
,SC,1664
,SC,1665
,SC,1666
,SC,1667
,SC,1668
,SC,1669
,SC,1670
,SC,1671
,SC,1672
,SC,1673
,SC,1674
,SC,1675
,SC,1676
,SC,1677
,SC,1678
,SC,1679
,SC,1680
,SC,1681
,SC,1682
,SC,1683
,SC,1684
,SC,1685
,SC,1686
,SC,1687
,SC,1688
,SC,1689
,SC,1690
,SC,1691
,SC,1692
,SC,1693
,SC,1694
,SC,1695
,SC,1696
,SC,1697
,SC,1698
,SC,1699
,SC,1700
,SC,1701
,SC,1702
,SC,1703
,SC,1704
,SC,1705
,SC,1706
,SC,1707
,SC,1708
,SC,1709
,SC,1710
,SC,1711
,SC,1712
,SC,1713
,SC,1714
,SC,1715
,SC,1716
,SC,1717
,SC,1718
,SC,1719
,SC,1720
,SC,1721
,SC,1722
,SC,1723
,SC,1724
,SC,1725
,SC,1726
,SC,1727
,SC,1728
,SC,1728
,SC,1730
,SC,1731
,SC,1732
,SC,1733
,SC,1734
,SC,1735
,SC,1736
,SC,1737
,SC,1738
,SC,1739
,SC,1740
,SC,1741
,SC,1742
,SC,1743
,SC,1744
,SC,1745
,SC,1746
,SC,1747
,SC,1748
,SC,1749
,SC,1750
,SC,1751
,SC,1752
,SC,1753
,SC,1754
,SC,1755
,SC,1756
,SC,1757
,SC,1758
,SC,1759
,SC,1760
,SC,1761
,SC,1762
,SC,1763
,SC,1764
,SC,1765
,SC,1766
,SC,1767
,SC,1768
,SC,1769
,SC,1770
,SC,1771
,SC,1772
,SC,1773
,SC,1774
,SC,1775
,SC,1776
,SC,1777
,SC,1778
,SC,1779
,SC,1780
,SC,1781
,SC,1782
,SC,1783
,SC,1784
,SC,1785
,SC,1786
,SC,1787
,SC,1788
,SC,1789
,SC,1790
,SC,1791
,SC,1792
,SC,1793
,SC,1794
,SC,1795
,SC,1796
,SC,1797
,SC,1798
,SC,1799
,SC,1800
,SC,1801
,SC,1802
,SC,1803
,SC,1804
,SC,1805
,SC,1806
,SC,1807
,SC,1808
,SC,1809
,SC,1810
,SC,1811
,SC,1812
,SC,1813
,SC,1814
,SC,1815
,SC,1816
,SC,1817
,SC,1818
,SC,1819
,SC,1820
,SC,1821
,SC,1822
,SC,1823
,SC,1824
,SC,1825
,SC,1826
,SC,1827
,SC,1828
,SC,1829
,SC,1830
,SC,1831
,SC,1832
,SC,1833
,SC,1834
,SC,1835
,SC,1836
,SC,1837
,SC,1838
,SC,1839
,SC,1840
,SC,1841
,SC,1842
,SC,1843
,SC,1844
,SC,1845
,SC,1846
,SC,1847
,SC,1848
,SC,1849
,SC,1850
,SC,1851
,SC,1852
,SC,1853
,SC,1854
,SC,1855
,SC,1856
,SC,1857
,SC,1858
,SC,1859
,SC,1860
,SC,1861
,SC,1862
,SC,1863
,SC,1864
,SC,1865
,SC,1866
,SC,1867
,SC,1868
,SC,1869
,SC,1870
,SC,1870
,SC,1872
,SC,1873
,SC,1874
,SC,1875
,SC,1876
,SC,1877
,SC,1878
,SC,1879
,SC,1880
,SC,1881
,SC,1882
,SC,1883
,SC,1884
,SC,1885
,SC,1886
,SC,1887
,SC,1888
,SC,1889
,SC,1890
,SC,1891
,SC,1892
,SC,1893
,SC,1894
,SC,1895
,SC,1896
,SC,1897
,SC,1898
,SC,1899
,SC,1900
,SC,1901
,SC,1902
,SC,1903
,SC,1904
,SC,1905
,SC,1906
,SC,1907
,SC,1908
,SC,1909
,SC,1910
,SC,1911
,SC,1912
,SC,1913
,SC,1914
,SC,1915
,SC,1916
,SC,1917
,SC,1918
,SC,1919
,SC,1920
,SC,1921
,SC,1922
,SC,1923
,SC,1924
,SC,1925
,SC,1926
,SC,1927
,SC,1928
,SC,1929
,SC,1930
,SC,1931
,SC,1932
,SC,1933
,SC,1934
,SC,1935
,SC,1936
,SC,1937
,SC,1938
,SC,1939
,SC,1940
,SC,1941
,SC,1942
,SC,1943
,SC,1944
,SC,1945
,SC,1946
,SC,1947
,SC,1948
,SC,1949
,SC,1950
,SC,1951
,SC,1952
,SC,1953
,SC,1954
,SC,1955
,SC,1956
,SC,1957
,SC,1958
,SC,1959
,SC,1960
,SC,1961
,SC,1962
,SC,1963
,SC,1964
,SC,1965
,SC,1966
,SC,1967
,SC,1968
,SC,1969
,SC,1970
,SC,1971
,SC,1972
,SC,1973
,SC,1974
,SC,1975
,SC,1976
,SC,1977
,SC,1978
,SC,1979
,SC,1980
,SC,1981
,SC,1982
,SC,1983
,SC,1984
,SC,1985
,SC,1986
,SC,1987
,SC,1988
,SC,1989
,SC,1990
,SC,1991
,SC,1992
,SC,1993
,SC,1994
,SC,1995
,SC,1996
,SC,1997
,SC,1998
,SC,1999
,SC,2000
,SC,2001
,SC,2002
,SC,2003
,SC,2004
,SC,2005
,SC,2006
,SC,2007
,SC,2008
,SC,2009
,SC,2010
,SC,2011
,SC,2012
,SC,2013
,SC,2014
,SC,2015
,SC,2016
,SC,2017
,SC,2018
,SC,2019
,SC,2020
,SC,2021
,SC,2022
,SC,2023
,SC,2024
,SC,2025
,SC,2026
,SC,2027
,SC,2028
,SC,2029
,SC,2030
,SC,2031
,SC,2032
,SC,2033
,SC,2034
,SC,2035
,SC,2036
,SC,2037
,SC,2038
,SC,2039
,SC,2040
,SC,2041
,SC,2042
,SC,2043
,SC,2044
,SC,2045
,SC,2046
,SC,2047
,SC,2048
,SC,2049
,SC,2050
,SC,2051
,SC,2052
,SC,2053
,SC,2054
,SC,2055
,SC,2056
,SC,2057
,SC,2058
,SC,2059
,SC,2060
,SC,2061
,SC,2062
,SC,2063
,SC,2064
,SC,2065
,SC,2066
,SC,2067
,SC,2068
,SC,2069
,SC,2070
,SC,2071
,SC,2072
,SC,2073
,SC,2074
,SC,2075
,SC,2076
,SC,2077
,SC,2078
,SC,2079
,SC,2080
,SC,2081
,SC,2082
,SC,2083
,SC,2084
,SC,2085
,SC,2086
,SC,2087
,SC,2088
,SC,2089
,SC,2090
,SC,2091
,SC,2092
,SC,2093
,SC,2094
,SC,2095
,SC,2096
,SC,2097
,SC,2098
,SC,2099
,SC,2100
,SC,2101
,SC,2102
,SC,2103
,SC,2104
,SC,2105
,SC,2106
,SC,2107
,SC,2108
,SC,2109
,SC,2110
,SC,2111
,SC,2112
,SC,2113
,SC,2114
,SC,2115
,SC,2116
,SC,2117
,SC,2118
,SC,2119
,SC,2120
,SC,2121
,SC,2122
,SC,2123
,SC,2124
,SC,2125
,SC,2126
,SC,2127
,SC,2128
,SC,2129
,SC,2130
,SC,2131
,SC,2132
,SC,2133
,SC,2134
,SC,2135
,SC,2136
,SC,2137
,SC,2138
,SC,2139
,SC,2140
,SC,2141
,SC,2142
,SC,2143
,SC,2144
,SC,2145
,SC,2146
,SC,2147
,SC,2148
,SC,2149
,SC,2150
,SC,2151
,SC,2152
,SC,2153
,SC,2154
,SC,2155
,SC,2156
,SC,2157
,SC,2158
,SC,2159
,SC,2160
,SC,2161
,SC,2162
,SC,2163
,SC,2164
,SC,2165
,SC,2166
,SC,2167
,SC,2168
,SC,2169
,SC,2170
,SC,2171
,SC,2172
,SC,2173
,SC,2174
,SC,2175
,SC,2176
,SC,2177
,SC,2178
,SC,2179
,SC,2180
,SC,2181
,SC,2182
,SC,2183
,SC,2184
,SC,2185
,SC,2186
,SC,2187
,SC,2188
,SC,2189
,SC,2190
,SC,2191
,SC,2192
,SC,2193
,SC,2194
,SC,2195
,SC,2196
,SC,2197
,SC,2198
,SC,2199
,SC,2200
,SC,2201
,SC,2202
,SC,2203
,SC,2204
,SC,2205
,SC,2206
,SC,2207
,SC,2208
,SC,2209
,SC,2210
,SC,2211
,SC,2212
,SC,2213
,SC,2214
,SC,2215
,SC,2216
,SC,2217
,SC,2218
,SC,2219
,SC,2220
,SC,2221
,SC,2222
,SC,2223
,SC,2224
,SC,2225
,SC,2226
,SC,2227
,SC,2228
,SC,2229
,SC,2230
,SC,2231
,SC,2232
,SC,2233
,SC,2234
,SC,2235
,SC,2236
,SC,2237
,SC,2238
,SC,2239
,SC,2240
,SC,2241
,SC,2242
,SC,2243
,SC,2244
,SC,2245
,SC,2246
,SC,2247
,SC,2248
,SC,2249
,SC,2250
,SC,2251
,SC,2252
,SC,2253
,SC,2254
,SC,2255
,SC,2256
,SC,2257
,SC,2258
,SC,2259
,SC,2260
,SC,2261
,SC,2262
,SC,2263
,SC,2264
,SC,2265
,SC,2266
,SC,2267
,SC,2268
,SC,2269
,SC,2270
,SC,2271
,SC,2272
,SC,2273
,SC,2274
,SC,2275
,SC,2276
,SC,2277
,SC,2278
,SC,2279
,SC,2280
,SC,2281
,SC,2282
,SC,2283
,SC,2284
,SC,2285
,SC,2286
,SC,2287
,SC,2288
,SC,2289
,SC,2290
,SC,2291
,SC,2292
,SC,2293
,SC,2294
,SC,2295
,SC,2296
,SC,2297
,SC,2298
,SC,2299
,SC,2300
,SC,2301
,SC,2302
,SC,2303
,SC,2304
,SC,2305
,SC,2306
,SC,2307
,SC,2308
,SC,2309
,SC,2310
,SC,2311
,SC,2312
,SC,2313
,SC,2314
,SC,2315
,SC,2316
,SC,2317
,SC,2318
,SC,2319
,SC,2320
,SC,2321
,SC,2322
,SC,2323
,SC,2324
,SC,2325
,SC,2326
,SC,2327
,SC,2328
,SC,2329
,SC,2330
,SC,2331
,SC,2332
,SC,2333
,SC,2334
,SC,2335
,SC,2336
,SC,2337
,SC,2338
,SC,2339
,SC,2340
,SC,2341
,SC,2342
,SC,2343
,SC,2344
,SC,2345
,SC,2346
,SC,2347
,SC,2348
,SC,2349
,SC,2350
,SC,2351
,SC,2352
,SC,2353
,SC,2354
,SC,2355
,SC,2356
,SC,2357
,SC,2358
,SC,2359
,SC,2360
,SC,2361
,SC,2362
,SC,2363
,SC,2364
,SC,2365
,SC,2366
,SC,2367
,SC,2368
,SC,2369
,SC,2370
,SC,2371
,SC,2372
,SC,2373
,SC,2374
,SC,2375
,SC,2376
,SC,2377
,SC,2378
,SC,2379
,SC,2380
,SC,2381
,SC,2382
,SC,2383
,SC,2384
,SC,2385
,SC,2386
,SC,2387
,SC,2388
,SC,2389
,SC,2390
,SC,2391
,SC,2392
,SC,2393
,SC,2394
,SC,2395
,SC,2396
,SC,2397
,SC,2398
,SC,2399
,SC,2400
,SC,2401
,SC,2402
,SC,2403
,SC,2404
,SC,2405
,SC,2406
,SC,2407
,SC,2408
,SC,2409
,SC,2410
,SC,2411
,SC,2412
,SC,2413
,SC,2414
,SC,2415
,SC,2416
,SC,2417
,SC,2418
,SC,2419
,SC,2420
,SC,2421
,SC,2422
,SC,2423
,SC,2424
,SC,2425
,SC,2426
,SC,2427
,SC,2428
,SC,2429
,SC,2430
,SC,2431
,SC,2432
,SC,2433
,SC,2434
,SC,2435
,SC,2436
,SC,2437
,SC,2438
,SC,2439
,SC,2440
,SC,2441
,SC,2442
,SC,2443
,SC,2444
,SC,2445
,SC,2446
,SC,2447
,SC,2448
,SC,2449
,SC,2450
,SC,2451
,SC,2452
,SC,2453
,SC,2454
,SC,2455
,SC,2456
,SC,2457
,SC,2458
,SC,2459
,SC,2460
,SC,2461
,SC,2462
,SC,2463
,SC,2464
,SC,2465
,SC,2466
,SC,2467
,SC,2468
,SC,2469
,SC,2470
,SC,2471
,SC,2472
,SC,2473
,SC,2474
,SC,2475
,SC,2476
,SC,2477
,SC,2478
,SC,2479
,SC,2480
,SC,2481
,SC,2482
,SC,2483
,SC,2484
,SC,2485
,SC,2486
,SC,2487
,SC,2488
,SC,2489
,SC,2490
,SC,2491
,SC,2492
,SC,2493
,SC,2494
,SC,2495
,SC,2496
,SC,2497
,SC,2498
,SC,2499
,SC,2500
,SC,2501
,SC,2502
,SC,2503
,SC,2504
,SC,2505
,SC,2506
,SC,2507
,SC,2507
,SC,2509
,SC,2510
,SC,2511
,SC,2512
,SC,2513
,SC,2514
,SC,2515
,SC,2516
,SC,2517
,SC,2518
,SC,2519
,SC,2520
,SC,2521
,SC,2522
,SC,2523
,SC,2524
,SC,2525
,SC,2526
,SC,2527
,SC,2528
,SC,2529
,SC,2530
,SC,2531
,SC,2532
,SC,2533
,SC,2534
,SC,2535
,SC,2536
,SC,2537
,SC,2538
,SC,2539
,SC,2540
,SC,2541
,SC,2542
,SC,2543
,SC,2544
,SC,2545
,SC,2546
,SC,2547
,SC,2548
,SC,2549
,SC,2550
,SC,2551
,SC,2552
,SC,2553
,SC,2554
,SC,2555
,SC,2556
,SC,2557
,SC,2558
,SC,2559
,SC,2560
,SC,2561
,SC,2562
,SC,2563
,SC,2564
,SC,2565
,SC,2566
,SC,2567
,SC,2568
,SC,2569
,SC,2570
,SC,2571
,SC,2572
,SC,2573
,SC,2574
,SC,2575
,SC,2576
,SC,2577
,SC,2578
,SC,2579
,SC,2580
,SC,2581
,SC,2582
,SC,2583
,SC,2584
,SC,2585
,SC,2586
,SC,2587
,SC,2588
,SC,2589
,SC,2590
,SC,2591
,SC,2592
,SC,2593
,SC,2594
,SC,2595
,SC,2596
,SC,2597
,SC,2598
,SC,2599
,SC,2600
,SC,2601
,SC,2602
,SC,2603
,SC,2604
,SC,2605
,SC,2606
,SC,2607
,SC,2608
,SC,2609
,SC,2610
,SC,2611
,SC,2612
,SC,2613
,SC,2614
,SC,2615
,SC,2616
,SC,2617
,SC,2618
,SC,2619
,SC,2620
,SC,2621
,SC,2622
,SC,2623
,SC,2624
,SC,2625
,SC,2626
,SC,2627
,SC,2628
,SC,2628
,SC,2630
,SC,2631
,SC,2632
,SC,2633
,SC,2634
,SC,2635
,SC,2636
,SC,2637
,SC,2638
,SC,2639
,SC,2640
,SC,2641
,SC,2642
,SC,2643
,SC,2644
,SC,2645
,SC,2646
,SC,2647
,SC,2648
,SC,2649
,SC,2649
,SC,2651
,SC,2652
,SC,2653
,SC,2654
,SC,2655
,SC,2656
,SC,2657
,SC,2658
,SC,2659
,SC,2660
,SC,2661
,SC,2662
,SC,2663
,SC,2664
,SC,2665
,SC,2666
,SC,2667
,SC,2668
,SC,2669
,SC,2670
,SC,2671
,SC,2672
,SC,2673
,SC,2674
,SC,2675
,SC,2676
,SC,2677
,SC,2678
,SC,2679
,SC,2680
,SC,2681
,SC,2682
,SC,2683
,SC,2684
,SC,2685
,SC,2686
,SC,2687
,SC,2688
,SC,2689
,SC,2690
,SC,2691
,SC,2692
,SC,2693
,SC,2694
,SC,2695
,SC,2696
,SC,2697
,SC,2698
,SC,2699
,SC,2700
,SC,2701
,SC,2702
,SC,2703
,SC,2704
,SC,2705
,SC,2706
,SC,2707
,SC,2708
,SC,2709
,SC,2710
,SC,2711
,SC,2712
,SC,2713
,SC,2714
,SC,2715
,SC,2716
,SC,2717
,SC,2718
,SC,2719
,SC,2720
,SC,2721
,SC,2722
,SC,2723
,SC,2724
,SC,2725
,SC,2726
,SC,2727
,SC,2728
,SC,2729
,SC,2730
,SC,2731
,SC,2732
,SC,2733
,SC,2734
,SC,2735
,SC,2736
,SC,2737
,SC,2738
,SC,2739
,SC,2740
,SC,2741
,SC,2742
,SC,2743
,SC,2744
,SC,2745
,SC,2746
,SC,2747
,SC,2748
,SC,2749
,SC,2750
,SC,2751
,SC,2752
,SC,2753
,SC,2754
,SC,2755
,SC,2756
,SC,2757
,SC,2758
,SC,2759
,SC,2760
,SC,2761
,SC,2762
,SC,2763
,SC,2764
,SC,2765
,SC,2766
,SC,2767
,SC,2768
,SC,2769
,SC,2770
,SC,2771
,SC,2772
,SC,2773
,SC,2774
,SC,2775
,SC,2776
,SC,2777
,SC,2778
,SC,2779
,SC,2780
,SC,2781
,SC,2782
,SC,2783
,SC,2784
,SC,2785
,SC,2786
,SC,2787
,SC,2788
,SC,2789
,SC,2790
,SC,2791
,SC,2792
,SC,2793
,SC,2794
,SC,2795
,SC,2796
,SC,2797
,SC,2798
,SC,2799
,SC,2800
,SC,2801
,SC,2802
,SC,2803
,SC,2804
,SC,2805
,SC,2806
,SC,2807
,SC,2808
,SC,2809
,SC,2810
,SC,2811
,SC,2812
,SC,2813
,SC,2814
,SC,2815
,SC,2816
,SC,2817
,SC,2818
,SC,2819
,SC,2820
,SC,2821
,SC,2822
,SC,2823
,SC,2824
,SC,2825
,SC,2826
,SC,2827
,SC,2828
,SC,2829
,SC,2830
,SC,2831
,SC,2832
,SC,2833
,SC,2834
,SC,2835
,SC,2836
,SC,2837
,SC,2838
,SC,2839
,SC,2840
,SC,2841
,SC,2842
,SC,2843
,SC,2844
,SC,2845
,SC,2846
,SC,2847
,SC,2848
,SC,2849
,SC,2850
,SC,2851
,SC,2852
,SC,2853
,SC,2854
,SC,2855
,SC,2856
,SC,2857
,SC,2857
,SC,2859
,SC,2860
,SC,2861
,SC,2862
,SC,2863
,SC,2864
,SC,2865
,SC,2866
,SC,2867
,SC,2868
,SC,2869
,SC,2870
,SC,2871
,SC,2872
,SC,2873
,SC,2874
,SC,2875
,SC,2876
,SC,2877
,SC,2878
,SC,2879
,SC,2880
,SC,2881
,SC,2882
,SC,2883
,SC,2884
,SC,2885
,SC,2886
,SC,2887
,SC,2888
,SC,2889
,SC,2890
,SC,2891
,SC,2892
,SC,2893
,SC,2894
,SC,2895
,SC,2896
,SC,2897
,SC,2898
,SC,2899
,SC,2900
,SC,2901
,SC,2902
,SC,2903
,SC,2904
,SC,2905
,SC,2906
,SC,2907
,SC,2908
,SC,2909
,SC,2910
,SC,2911
,SC,2912
,SC,2913
,SC,2914
,SC,2915
,SC,2916
,SC,2917
,SC,2918
,SC,2919
,SC,2920
,SC,2921
,SC,2922
,SC,2923
,SC,2924
,SC,2925
,SC,2926
,SC,2927
,SC,2928
,SC,2929
,SC,2930
,SC,2931
,SC,2932
,SC,2933
,SC,2934
,SC,2935
,SC,2936
,SC,2937
,SC,2938
,SC,2939
,SC,2940
,SC,2941
,SC,2942
,SC,2943
,SC,2944
,SC,2945
,SC,2946
,SC,2947
,SC,2948
,SC,2949
,SC,2950
,SC,2951
,SC,2952
,SC,2953
,SC,2954
,SC,2955
,SC,2956
,SC,2957
,SC,2958
,SC,2959
,SC,2960
,SC,2961
,SC,2962
,SC,2963
,SC,2964
,SC,2965
,SC,2966
,SC,2967
,SC,2968
,SC,2969
,SC,2970
,SC,2971
,SC,2972
,SC,2973
,SC,2974
,SC,2975
,SC,2976
,SC,2977
,SC,2978
,SC,2979
,SC,2980
,SC,2981
,SC,2982
,SC,2983
,SC,2984
,SC,2985
,SC,2986
,SC,2987
,SC,2988
,SC,2989
,SC,2990
,SC,2991
,SC,2992
,SC,2993
,SC,2994
,SC,2995
,SC,2996
,SC,2997
,SC,2998
,SC,2999
,SC,3000
,SC,3001
,SC,3002
,SC,3003
,SC,3004
,SC,3005
,SC,3006
,SC,3007
,SC,3008
,SC,3009
,SC,3010
,SC,3011
,SC,3012
,SC,3013
,SC,3014
,SC,3015
,SC,3016
,SC,3017
,SC,3018
,SC,3019
,SC,3020
,SC,3021
,SC,3022
,SC,3023
,SC,3024
,SC,3025
,SC,3026
,SC,3027
,SC,3028
,SC,3029
,SC,3030
,SC,3031
,SC,3032
,SC,3033
,SC,3034
,SC,3035
,SC,3036
,SC,3037
,SC,3038
,SC,3039
,SC,3040
,SC,3041
,SC,3042
,SC,3043
,SC,3044
,SC,3045
,SC,3046
,SC,3047
,SC,3048
,SC,3049
,SC,3050
,SC,3051
,SC,3052
,SC,3053
,SC,3054
,SC,3055
,SC,3056
,SC,3057
,SC,3058
,SC,3059
,SC,3060
,SC,3061
,SC,3062
,SC,3063
,SC,3064
,SC,3065
,SC,3066
,SC,3067
,SC,3068
,SC,3069
,SC,3070
,SC,3071
,SC,3072
,SC,3073
,SC,3074
,SC,3075
,SC,3076
,SC,3077
,SC,3078
,SC,3079
,SC,3080
,SC,3081
,SC,3082
,SC,3083
,SC,3084
,SC,3085
,SC,3086
,SC,3087
,SC,3088
,SC,3089
,SC,3090
,SC,3091
,SC,3092
,SC,3093
,SC,3094
,SC,3095
,SC,3096
,SC,3097
,SC,3098
,SC,3099
,SC,3100
,SC,3101
,SC,3102
,SC,3103
,SC,3104
,SC,3105
,SC,3106
,SC,3107
,SC,3108
,SC,3109
,SC,3110
,SC,3111
,SC,3112
,SC,3113
,SC,3114
,SC,3115
,SC,3116
,SC,3117
,SC,3118
,SC,3119
,SC,3120
,SC,3121
,SC,3122
,SC,3123
,SC,3124
,SC,3125
,SC,3126
,SC,3127
,SC,3128
,SC,3129
,SC,3130
,SC,3131
,SC,3132
,SC,3133
,SC,3134
,SC,3135
,SC,3136
,SC,3137
,SC,3138
,SC,3139
,SC,3140
,SC,3141
,SC,3142
,SC,3143
,SC,3144
,SC,3145
,SC,3146
,SC,3147
,SC,3148
,SC,3149
,SC,3150
,SC,3151
,SC,3152
,SC,3153
,SC,3154
,SC,3155
,SC,3156
,SC,3157
,SC,3158
,SC,3159
,SC,3160
,SC,3161
,SC,3162
,SC,3163
,SC,3164
,SC,3165
,SC,3166
,SC,3167
,SC,3168
,SC,3169
,SC,3170
,SC,3171
,SC,3172
,SC,3173
,SC,3174
,SC,3175
,SC,3176
,SC,3177
,SC,3178
,SC,3179
,SC,3180
,SC,3181
,SC,3182
,SC,3183
,SC,3184
,SC,3185
,SC,3186
,SC,3187
,SC,3188
,SC,3189
,SC,3190
,SC,3191
,SC,3192
,SC,3193
,SC,3194
,SC,3195
,SC,3196
,SC,3197
,SC,3198
,SC,3199
,SC,3200
,SC,3201
,SC,3202
,SC,3203
,SC,3204
,SC,3205
,SC,3206
,SC,3207
,SC,3208
,SC,3209
,SC,3210
,SC,3211
,SC,3212
,SC,3213
,SC,3214
,SC,3215
,SC,3216
,SC,3217
,SC,3218
,SC,3219
,SC,3220
,SC,3221
,SC,3222
,SC,3223
,SC,3224
,SC,3225
,SC,3226
,SC,3227
,SC,3228
,SC,3229
,SC,3229
,SC,3231
,SC,3232
,SC,3233
,SC,3234
,SC,3235
,SC,3236
,SC,3237
,SC,3238
,SC,3239
,SC,3240
,SC,3241
,SC,3242
,SC,3243
,SC,3244
,SC,3245
,SC,3246
,SC,3247
,SC,3248
,SC,3249
,SC,3250
,SC,3251
,SC,3252
,SC,3253
,SC,3254
,SC,3255
,SC,3256
,SC,3257
,SC,3258
,SC,3259
,SC,3260
,SC,3261
,SC,3262
,SC,3263
,SC,3264
,SC,3265
,SC,3266
,SC,3267
,SC,3268
,SC,3269
,SC,3270
,SC,3271
,SC,3272
,SC,3273
,SC,3274
,SC,3275
,SC,3276
,SC,3277
,SC,3278
,SC,3279
,SC,3280
,SC,3281
,SC,3282
,SC,3283
,SC,3284
,SC,3285
,SC,3286
,SC,3287
,SC,3288
,SC,3288
,SC,3290
,SC,3291
,SC,3292
,SC,3293
,SC,3294
,SC,3295
,SC,3296
,SC,3297
,SC,3298
,SC,3299
,SC,3300
,SC,3301
,SC,3302
,SC,3303
,SC,3304
,SC,3305
,SC,3306
,SC,3307
,SC,3308
,SC,3309
,SC,3310
,SC,3311
,SC,3312
,SC,3313
,SC,3314
,SC,3315
,SC,3316
,SC,3317
,SC,3318
,SC,3319
,SC,3320
,SC,3321
,SC,3322
,SC,3323
,SC,3324
,SC,3325
,SC,3326
,SC,3327
,SC,3328
,SC,3329
,SC,3330
,SC,3331
,SC,3332
,SC,3333
,SC,3334
,SC,3335
,SC,3336
,SC,3337
,SC,3338
,SC,3339
,SC,3340
,SC,3341
,SC,3342
,SC,3343
,SC,3344
,SC,3345
,SC,3346
,SC,3347
,SC,3348
,SC,3349
,SC,3350
,SC,3351
,SC,3352
,SC,3353
,SC,3354
,SC,3355
,SC,3356
,SC,3357
,SC,3358
,SC,3359
,SC,3360
,SC,3361
,SC,3362
,SC,3363
,SC,3364
,SC,3365
,SC,3366
,SC,3367
,SC,3368
,SC,3369
,SC,3370
,SC,3371
,SC,3372
,SC,3373
,SC,3374
,SC,3375
,SC,3376
,SC,3377
,SC,3378
,SC,3379
,SC,3380
,SC,3381
,SC,3382
,SC,3383
,SC,3384
,SC,3385
,SC,3386
,SC,3387
,SC,3388
,SC,3389
,SC,3390
,SC,3391
,SC,3392
,SC,3393
,SC,3394
,SC,3395
,SC,3396
,SC,3397
,SC,3398
,SC,3399
,SC,3400
,SC,3401
,SC,3402
,SC,3403
,SC,3404
,SC,3405
,SC,3406
,SC,3407
,SC,3408
,SC,3409
,SC,3410
,SC,3411
,SC,3412
,SC,3413
,SC,3413
,SC,3415
,SC,3416
,SC,3416
,SC,3418
,SC,3419
,SC,3420
,SC,3421
,SC,3422
,SC,3423
,SC,3424
,SC,3425
,SC,3426
,SC,3427
,SC,3428
,SC,3429
,SC,3430
,SC,3431
,SC,3432
,SC,3433
,SC,3434
,SC,3435
,SC,3436
,SC,3437
,SC,3438
,SC,3439
,SC,3440
,SC,3441
,SC,3442
,SC,3443
,SC,3444
,SC,3445
,SC,3446
,SC,3447
,SC,3448
,SC,3449
,SC,3450
,SC,3451
,SC,3452
,SC,3453
,SC,3454
,SC,3455
,SC,3456
,SC,3457
,SC,3458
,SC,3459
,SC,3460
,SC,3461
,SC,3462
,SC,3463
,SC,3464
,SC,3465
,SC,3466
,SC,3467
,SC,3468
,SC,3469
,SC,3470
,SC,3471
,SC,3472
,SC,3473
,SC,3474
,SC,3475
,SC,3476
,SC,3477
,SC,3478
,SC,3479
,SC,3480
,SC,3481
,SC,3482
,SC,3483
,SC,3484
,SC,3485
,SC,3486
,SC,3487
,SC,3488
,SC,3489
,SC,3490
,SC,3491
,SC,3492
,SC,3493
,SC,3494
,SC,3495
,SC,3496
,SC,3497
,SC,3498
,SC,3499
,SC,3500
,SC,3501
,SC,3502
,SC,3503
,SC,3504
,SC,3505
,SC,3506
,SC,3507
,SC,3508
,SC,3509
,SC,3510
,SC,3511
,SC,3512
,SC,3513
,SC,3514
,SC,3515
,SC,3516
,SC,3517
,SC,3518
,SC,3519
,SC,3520
,SC,3521
,SC,3522
,SC,3523
,SC,3524
,SC,3525
,SC,3526
,SC,3527
,SC,3528
,SC,3529
,SC,3530
,SC,3531
,SC,3532
,SC,3533
,SC,3534
,SC,3535
,SC,3536
,SC,3537
,SC,3538
,SC,3539
,SC,3540
,SC,3541
,SC,3542
,SC,3543
,SC,3544
,SC,3545
,SC,3546
,SC,3547
,SC,3548
,SC,3549
,SC,3550
,SC,3551
,SC,3552
,SC,3553
,SC,3554
,SC,3555
,SC,3556
,SC,3557
,SC,3558
,SC,3559
,SC,3560
,SC,3561
,SC,3562
,SC,3563
,SC,3564
,SC,3565
,SC,3566
,SC,3567
,SC,3568
,SC,3569
,SC,3570
,SC,3571
,SC,3572
,SC,3573
,SC,3574
,SC,3575
,SC,3576
,SC,3577
,SC,3578
,SC,3579
,SC,3580
,SC,3581
,SC,3582
,SC,3583
,SC,3584
,SC,3585
,SC,3586
,SC,3587
,SC,3588
,SC,3589
,SC,3590
,SC,3591
,SC,3592
,SC,3593
,SC,3594
,SC,3595
,SC,3596
,SC,3597
,SC,3598
,SC,3599
,SC,3600
,SC,3601
,SC,3602
,SC,3603
,SC,3604
,SC,3605
,SC,3606
,SC,3607
,SC,3608
,SC,3609
,SC,3610
,SC,3611
,SC,3612
,SC,3613
,SC,3614
,SC,3615
,SC,3616
,SC,3617
,SC,3618
,SC,3619
,SC,3620
,SC,3621
,SC,3622
,SC,3623
,SC,3624
,SC,3625
,SC,3626
,SC,3627
,SC,3628
,SC,3629
,SC,3630
,SC,3631
,SC,3632
,SC,3633
,SC,3634
,SC,3635
,SC,3636
,SC,3637
,SC,3638
,SC,3639
,SC,3640
,SC,3641
,SC,3642
,SC,3643
,SC,3644
,SC,3645
,SC,3646
,SC,3647
,SC,3648
,SC,3649
,SC,3650
,SC,3651
,SC,3652
,SC,3653
,SC,3654
,SC,3655
,SC,3656
,SC,3657
,SC,3658
,SC,3659
,SC,3660
,SC,3661
,SC,3662
,SC,3663
,SC,3664
,SC,3665
,SC,3666
,SC,3667
,SC,3668
,SC,3669
,SC,3670
,SC,3671
,SC,3672
,SC,3673
,SC,3674
,SC,3675
,SC,3676
,SC,3677
,SC,3678
,SC,3679
,SC,3680
,SC,3681
,SC,3682
,SC,3682
,SC,3684
,SC,3685
,SC,3686
,SC,3687
,SC,3688
,SC,3689
,SC,3690
,SC,3691
,SC,3692
,SC,3693
,SC,3694
,SC,3695
,SC,3696
,SC,3697
,SC,3698
,SC,3699
,SC,3700
,SC,3701
,SC,3702
,SC,3703
,SC,3704
,SC,3705
,SC,3706
,SC,3707
,SC,3708
,SC,3709
,SC,3710
,SC,3711
,SC,3712
,SC,3713
,SC,3714
,SC,3715
,SC,3716
,SC,3717
,SC,3718
,SC,3719
,SC,3720
,SC,3721
,SC,3722
,SC,3723
,SC,3724
,SC,3725
,SC,3726
,SC,3727
,SC,3728
,SC,3729
,SC,3730
,SC,3731
,SC,3732
,SC,3733
,SC,3734
,SC,3735
,SC,3736
,SC,3737
,SC,3738
,SC,3739
,SC,3740
,SC,3741
,SC,3742
,SC,3743
,SC,3744
,SC,3745
,SC,3746
,SC,3747
,SC,3748
,SC,3749
,SC,3750
,SC,3751
,SC,3752
,SC,3753
,SC,3754
,SC,3755
,SC,3756
,SC,3757
,SC,3758
,SC,3759
,SC,3760
,SC,3761
,SC,3762
,SC,3763
,SC,3764
,SC,3765
,SC,3766
,SC,3767
,SC,3768
,SC,3769
,SC,3770
,SC,3771
,SC,3772
,SC,3773
,SC,3774
,SC,3775
,SC,3776
,SC,3777
,SC,3778
,SC,3779
,SC,3780
,SC,3781
,SC,3782
,SC,3783
,SC,3784
,SC,3785
,SC,3786
,SC,3787
,SC,3788
,SC,3789
,SC,3790
,SC,3791
,SC,3792
,SC,3793
,SC,3794
,SC,3795
,SC,3796
,SC,3797
,SC,3798
,SC,3799
,SC,3800
,SC,3801
,SC,3802
,SC,3803
,SC,3804
,SC,3805
,SC,3806
,SC,3807
,SC,3808
,SC,3809
,SC,3810
,SC,3811
,SC,3812
,SC,3813
,SC,3814
,SC,3815
,SC,3816
,SC,3817
,SC,3818
,SC,3819
,SC,3820
,SC,3821
,SC,3822
,SC,3823
,SC,3824
,SC,3825
,SC,3826
,SC,3826
,SC,3828
,SC,3829
,SC,3830
,SC,3831
,SC,3832
,SC,3833
,SC,3834
,SC,3835
,SC,3836
,SC,3837
,SC,3838
,SC,3839
,SC,3840
,SC,3841
,SC,3842
,SC,3843
,SC,3844
,SC,3845
,SC,3846
,SC,3847
,SC,3848
,SC,3849
,SC,3850
,SC,3851
,SC,3852
,SC,3853
,SC,3854
,SC,3855
,SC,3856
,SC,3857
,SC,3858
,SC,3859
,SC,3860
,SC,3861
,SC,3862
,SC,3863
,SC,3864
,SC,3865
,SC,3866
,SC,3867
,SC,3868
,SC,3869
,SC,3870
,SC,3871
,SC,3871
,SC,3873
,SC,3874
,SC,3875
,SC,3876
,SC,3877
,SC,3878
,SC,3879
,SC,3880
,SC,3881
,SC,3882
,SC,3883
,SC,3884
,SC,3885
,SC,3886
,SC,3887
,SC,3888
,SC,3889
,SC,3890
,SC,3891
,SC,3892
,SC,3893
,SC,3894
,SC,3895
,SC,3896
,SC,3897
,SC,3898
,SC,3899
,SC,3900
,SC,3901
,SC,3902
,SC,3903
,SC,3904
,SC,3905
,SC,3905
,SC,3907
,SC,3908
,SC,3909
,SC,3910
,SC,3911
,SC,3912
,SC,3913
,SC,3914
,SC,3915
,SC,3916
,SC,3917
,SC,3918
,SC,3919
,SC,3920
,SC,3921
,SC,3922
,SC,3923
,SC,3924
,SC,3925
,SC,3926
,SC,3927
,SC,3928
,SC,3929
,SC,3930
,SC,3931
,SC,3932
,SC,3933
,SC,3934
,SC,3935
,SC,3936
,SC,3937
,SC,3938
,SC,3939
,SC,3940
,SC,3941
,SC,3942
,SC,3943
,SC,3944
,SC,3945
,SC,3946
,SC,3947
,SC,3948
,SC,3949
,SC,3950
,SC,3951
,SC,3952
,SC,3953
,SC,3954
,SC,3955
,SC,3956
,SC,3957
,SC,3958
,SC,3959
,SC,3960
,SC,3961
,SC,3962
,SC,3963
,SC,3964
,SC,3965
,SC,3966
,SC,3967
,SC,3968
,SC,3969
,SC,3970
,SC,3971
,SC,3972
,SC,3973
,SC,3974
,SC,3975
,SC,3976
,SC,3977
,SC,3978
,SC,3979
,SC,3980
,SC,3981
,SC,3982
,SC,3983
,SC,3984
,SC,3985
,SC,3986
,SC,3987
,SC,3988
,SC,3989
,SC,3990
,SC,3991
,SC,3992
,SC,3993
,SC,3994
,SC,3995
,SC,3996
,SC,3997
,SC,3998
,SC,3999
,SC,4000
,SC,4001
,SC,4002
,SC,4003
,SC,4004
,SC,4005
,SC,4006
,SC,4007
,SC,4008
,SC,4009
,SC,4010
,SC,4011
,SC,4012
,SC,4013
,SC,4014
,SC,4015
,SC,4016
,SC,4017
,SC,4018
,SC,4019
,SC,4020
,SC,4021
,SC,4022
,SC,4023
,SC,4024
,SC,4025
,SC,4026
,SC,4027
,SC,4028
,SC,4029
,SC,4030
,SC,4031
,SC,4032
,SC,4033
,SC,4034
,SC,4035
,SC,4036
,SC,4037
,SC,4038
,SC,4039
,SC,4040
,SC,4041
,SC,4042
,SC,4043
,SC,4044
,SC,4045
,SC,4046
,SC,4047
,SC,4048
,SC,4049
,SC,4050
,SC,4051
,SC,4052
,SC,4053
,SC,4054
,SC,4055
,SC,4056
,SC,4057
,SC,4058
,SC,4059
,SC,4060
,SC,4061
,SC,4062
,SC,4063
,SC,4064
,SC,4065
,SC,4066
,SC,4067
,SC,4068
,SC,4069
,SC,4070
,SC,4071
,SC,4072
,SC,4073
,SC,4074
,SC,4075
,SC,4076
,SC,4077
,SC,4078
,SC,4079
,SC,4080
,SC,4081
,SC,4082
,SC,4083
,SC,4084
,SC,4085
,SC,4086
,SC,4087
,SC,4088
,SC,4089
,SC,4090
,SC,4091
,SC,4092
,SC,4093
,SC,4094
,SC,4095
,SC,4096
,SC,4097
,SC,4098
,SC,4099
,SC,4100
,SC,4101
,SC,4102
,SC,4103
,SC,4104
,SC,4105
,SC,4106
,SC,4107
,SC,4108
,SC,4109
,SC,4110
,SC,4111
,SC,4111
,SC,4113
,SC,4114
,SC,4115
,SC,4116
,SC,4117
,SC,4118
,SC,4119
,SC,4120
,SC,4121
,SC,4122
,SC,4123
,SC,4124
,SC,4125
,SC,4126
,SC,4127
,SC,4128
,SC,4129
,SC,4130
,SC,4131
,SC,4132
,SC,4133
,SC,4134
,SC,4135
,SC,4136
,SC,4137
,SC,4138
,SC,4139
,SC,4140
,SC,4141
,SC,4142
,SC,4143
,SC,4144
,SC,4145
,SC,4146
,SC,4147
,SC,4148
,SC,4149
,SC,4150
,SC,4151
,SC,4152
,SC,4153
,SC,4154
,SC,4155
,SC,4156
,SC,4157
,SC,4158
,SC,4159
,SC,4160
,SC,4161
,SC,4162
,SC,4163
,SC,4164
,SC,4165
,SC,4166
,SC,4167
,SC,4168
,SC,4169
,SC,4170
,SC,4171
,SC,4172
,SC,4173
,SC,4174
,SC,4175
,SC,4176
,SC,4177
,SC,4178
,SC,4179
,SC,4180
,SC,4181
,SC,4182
,SC,4183
,SC,4184
,SC,4185
,SC,4186
,SC,4187
,SC,4188
,SC,4189
,SC,4190
,SC,4191
,SC,4192
,SC,4193
,SC,4194
,SC,4195
,SC,4196
,SC,4197
,SC,4198
,SC,4199
,SC,4200
,SC,4201
,SC,4202
,SC,4203
,SC,4204
,SC,4205
,SC,4206
,SC,4207
,SC,4208
,SC,4209
,SC,4210
,SC,4211
,SC,4212
,SC,4213
,SC,4214
,SC,4215
,SC,4216
,SC,4217
,SC,4218
,SC,4219
,SC,4220
,SC,4221
,SC,4222
,SC,4223
,SC,4224
,SC,4225
,SC,4226
,SC,4227
,SC,4228
,SC,4229
,SC,4230
,SC,4231
,SC,4232
,SC,4233
,SC,4234
,SC,4235
,SC,4236
,SC,4237
,SC,4238
,SC,4239
,SC,4240
,SC,4241
,SC,4242
,SC,4243
,SC,4244
,SC,4245
,SC,4246
,SC,4247
,SC,4248
,SC,4249
,SC,4250
,SC,4251
,SC,4252
,SC,4253
,SC,4254
,SC,4255
,SC,4256
,SC,4257
,SC,4258
,SC,4259
,SC,4260
,SC,4261
,SC,4262
,SC,4263
,SC,4264
,SC,4265
,SC,4266
,SC,4266
,SC,4268
,SC,4269
,SC,4270
,SC,4271
,SC,4272
,SC,4273
,SC,4274
,SC,4275
,SC,4276
,SC,4277
,SC,4278
,SC,4279
,SC,4280
,SC,4281
,SC,4282
,SC,4283
,SC,4284
,SC,4285
,SC,4286
,SC,4287
,SC,4288
,SC,4289
,SC,4290
,SC,4291
,SC,4292
,SC,4293
,SC,4294
,SC,4295
,SC,4296
,SC,4297
,SC,4298
,SC,4299
,SC,4300
,SC,4301
,SC,4302
,SC,4303
,SC,4304
,SC,4305
,SC,4306
,SC,4306
,SC,4308
,SC,4308
,SC,4310
,SC,4311
,SC,4312
,SC,4313
,SC,4314
,SC,4315
,SC,4316
,SC,4317
,SC,4318
,SC,4319
,SC,4320
,SC,4321
,SC,4322
,SC,4323
,SC,4324
,SC,4325
,SC,4326
,SC,4327
,SC,4328
,SC,4329
,SC,4330
,SC,4331
,SC,4332
,SC,4333
,SC,4334
,SC,4335
,SC,4336
,SC,4337
,SC,4338
,SC,4339
,SC,4340
,SC,4341
,SC,4342
,SC,4343
,SC,4344
,SC,4345
,SC,4346
,SC,4347
,SC,4348
,SC,4349
,SC,4350
,SC,4351
,SC,4352
,SC,4353
,SC,4354
,SC,4355
,SC,4356
,SC,4357
,SC,4358
,SC,4359
,SC,4360
,SC,4361
,SC,4362
,SC,4363
,SC,4364
,SC,4365
,SC,4366
,SC,4367
,SC,4368
,SC,4369
,SC,4370
,SC,4371
,SC,4372
,SC,4373
,SC,4374
,SC,4375
,SC,4376
,SC,4377
,SC,4378
,SC,4379
,SC,4380
,SC,4381
,SC,4382
,SC,4383
,SC,4384
,SC,4385
,SC,4386
,SC,4387
,SC,4388
,SC,4389
,SC,4390
,SC,4391
,SC,4392
,SC,4393
,SC,4394
,SC,4395
,SC,4396
,SC,4397
,SC,4398
,SC,4399
,SC,4400
,SC,4401
,SC,4402
,SC,4403
,SC,4404
,SC,4405
,SC,4406
,SC,4407
,SC,4408
,SC,4409
,SC,4410
,SC,4411
,SC,4412
,SC,4413
,SC,4414
,SC,4415
,SC,4416
,SC,4417
,SC,4418
,SC,4419
,SC,4420
,SC,4421
,SC,4422
,SC,4423
,SC,4424
,SC,4425
,SC,4426
,SC,4427
,SC,4428
,SC,4429
,SC,4430
,SC,4431
,SC,4432
,SC,4433
,SC,4434
,SC,4435
,SC,4436
,SC,4437
,SC,4438
,SC,4439
,SC,4440
,SC,4441
,SC,4442
,SC,4443
,SC,4444
,SC,4445
,SC,4446
,SC,4447
,SC,4448
,SC,4449
,SC,4450
,SC,4451
,SC,4452
,SC,4453
,SC,4454
,SC,4455
,SC,4456
,SC,4457
,SC,4458
,SC,4459
,SC,4460
,SC,4461
,SC,4462
,SC,4463
,SC,4464
,SC,4465
,SC,4466
,SC,4467
,SC,4468
,SC,4469
,SC,4470
,SC,4471
,SC,4472
,SC,4473
,SC,4474
,SC,4475
,SC,4476
,SC,4477
,SC,4478
,SC,4479
,SC,4480
,SC,4481
,SC,4482
,SC,4483
,SC,4484
,SC,4485
,SC,4486
,SC,4487
,SC,4488
,SC,4489
,SC,4490
,SC,4491
,SC,4492
,SC,4493
,SC,4494
,SC,4495
,SC,4496
,SC,4497
,SC,4498
,SC,4499
,SC,4500
,SC,4501
,SC,4502
,SC,4503
,SC,4504
,SC,4505
,SC,4506
,SC,4507
,SC,4508
,SC,4509
,SC,4510
,SC,4511
,SC,4512
,SC,4513
,SC,4514
,SC,4515
,SC,4516
,SC,4517
,SC,4518
,SC,4519
,SC,4520
,SC,4521
,SC,4522
,SC,4523
,SC,4524
,SC,4525
,SC,4526
,SC,4527
,SC,4528
,SC,4529
,SC,4530
,SC,4531
,SC,4532
,SC,4533
,SC,4534
,SC,4535
,SC,4536
,SC,4537
,SC,4538
,SC,4539
,SC,4540
,SC,4541
,SC,4542
,SC,4543
,SC,4544
,SC,4545
,SC,4546
,SC,4547
,SC,4548
,SC,4549
,SC,4550
,SC,4551
,SC,4552
,SC,4553
,SC,4554
,SC,4555
,SC,4556
,SC,4557
,SC,4558
,SC,4559
,SC,4560
,SC,4561
,SC,4562
,SC,4563
,SC,4564
,SC,4565
,SC,4566
,SC,4567
,SC,4568
,SC,4569
,SC,4570
,SC,4571
,SC,4572
,SC,4573
,SC,4574
,SC,4575
,SC,4576
,SC,4577
,SC,4578
,SC,4579
,SC,4580
,SC,4581
,SC,4582
,SC,4583
,SC,4584
,SC,4585
,SC,4586
,SC,4587
,SC,4588
,SC,4589
,SC,4590
,SC,4591
,SC,4592
,SC,4593
,SC,4594
,SC,4595
,SC,4596
,SC,4597
,SC,4598
,SC,4599
,SC,4600
,SC,4601
,SC,4602
,SC,4603
,SC,4604
,SC,4604
,SC,4606
,SC,4607
,SC,4608
,SC,4609
,SC,4610
,SC,4611
,SC,4612
,SC,4613
,SC,4614
,SC,4615
,SC,4616
,SC,4617
,SC,4618
,SC,4619
,SC,4620
,SC,4621
,SC,4622
,SC,4623
,SC,4624
,SC,4625
,SC,4626
,SC,4627
,SC,4628
,SC,4629
,SC,4630
,SC,4631
,SC,4632
,SC,4633
,SC,4634
,SC,4635
,SC,4636
,SC,4637
,SC,4638
,SC,4639
,SC,4640
,SC,4641
,SC,4642
,SC,4643
,SC,4644
,SC,4645
,SC,4646
,SC,4647
,SC,4648
,SC,4649
,SC,4650
,SC,4651
,SC,4652
,SC,4653
,SC,4654
,SC,4655
,SC,4656
,SC,4657
,SC,4658
,SC,4659
,SC,4660
,SC,4661
,SC,4662
,SC,4663
,SC,4664
,SC,4665
,SC,4666
,SC,4667
,SC,4668
,SC,4669
,SC,4670
,SC,4671
,SC,4672
,SC,4673
,SC,4674
,SC,4675
,SC,4676
,SC,4677
,SC,4678
,SC,4679
,SC,4680
,SC,4681
,SC,4682
,SC,4683
,SC,4684
,SC,4685
,SC,4686
,SC,4687
,SC,4688
,SC,4689
,SC,4690
,SC,4691
,SC,4692
,SC,4693
,SC,4694
,SC,4695
,SC,4696
,SC,4697
,SC,4698
,SC,4699
,SC,4700
,SC,4701
,SC,4702
,SC,4703
,SC,4704
,SC,4705
,SC,4706
,SC,4707
,SC,4708
,SC,4709
,SC,4710
,SC,4711
,SC,4712
,SC,4713
,SC,4714
,SC,4715
,SC,4716
,SC,4717
,SC,4718
,SC,4719
,SC,4720
,SC,4721
,SC,4722
,SC,4723
,SC,4724
,SC,4725
,SC,4726
,SC,4727
,SC,4728
,SC,4729
,SC,4730
,SC,4731
,SC,4732
,SC,4733
,SC,4734
,SC,4735
,SC,4736
,SC,4737
,SC,4738
,SC,4739
,SC,4740
,SC,4741
,SC,4742
,SC,4743
,SC,4744
,SC,4745
,SC,4746
,SC,4747
,SC,4748
,SC,4749
,SC,4750
,SC,4751
,SC,4752
,SC,4753
,SC,4754
,SC,4755
,SC,4756
,SC,4757
,SC,4758
,SC,4759
,SC,4760
,SC,4761
,SC,4762
,SC,4763
,SC,4764
,SC,4765
,SC,4766
,SC,4767
,SC,4768
,SC,4769
,SC,4770
,SC,4771
,SC,4772
,SC,4773
,SC,4774
,SC,4775
,SC,4776
,SC,4777
,SC,4778
,SC,4779
,SC,4780
,SC,4781
,SC,4782
,SC,4783
,SC,4784
,SC,4785
,SC,4786
,SC,4787
,SC,4788
,SC,4789
,SC,4790
,SC,4791
,SC,4792
,SC,4793
,SC,4794
,SC,4795
,SC,4796
,SC,4797
,SC,4798
,SC,4799
,SC,4800
,SC,4801
,SC,4802
,SC,4803
,SC,4804
,SC,4805
,SC,4806
,SC,4807
,SC,4808
,SC,4809
,SC,4810
,SC,4811
,SC,4812
,SC,4813
,SC,4814
,SC,4815
,SC,4816
,SC,4817
,SC,4818
,SC,4819
,SC,4820
,SC,4821
,SC,4822
,SC,4823
,SC,4824
,SC,4825
,SC,4826
,SC,4827
,SC,4828
,SC,4829
,SC,4830
,SC,4831
,SC,4832
,SC,4833
,SC,4834
,SC,4835
,SC,4836
,SC,4837
,SC,4838
,SC,4839
,SC,4840
,SC,4841
,SC,4842
,SC,4843
,SC,4844
,SC,4845
,SC,4846
,SC,4847
,SC,4848
,SC,4849
,SC,4850
,SC,4851
,SC,4852
,SC,4853
,SC,4854
,SC,4855
,SC,4856
,SC,4857
,SC,4858
,SC,4859
,SC,4860
,SC,4861
,SC,4862
,SC,4863
,SC,4864
,SC,4865
,SC,4866
,SC,4867
,SC,4868
,SC,4869
,SC,4870
,SC,4871
,SC,4872
,SC,4873
,SC,4874
,SC,4875
,SC,4876
,SC,4877
,SC,4878
,SC,4879
,SC,4880
,SC,4881
,SC,4882
,SC,4883
,SC,4884
,SC,4885
,SC,4886
,SC,4887
,SC,4888
,SC,4889
,SC,4890
,SC,4891
,SC,4892
,SC,4893
,SC,4894
,SC,4895
,SC,4896
,SC,4896
,SC,4898
,SC,4899
,SC,4900
,SC,4901
,SC,4902
,SC,4903
,SC,4904
,SC,4905
,SC,4906
,SC,4907
,SC,4908
,SC,4909
,SC,4910
,SC,4911
,SC,4912
,SC,4913
,SC,4914
,SC,4915
,SC,4916
,SC,4917
,SC,4918
,SC,4919
,SC,4920
,SC,4921
,SC,4922
,SC,4923
,SC,4924
,SC,4925
,SC,4926
,SC,4927
,SC,4928
,SC,4929
,SC,4930
,SC,4931
,SC,4932
,SC,4933
,SC,4934
,SC,4935
,SC,4936
,SC,4937
,SC,4938
,SC,4939
,SC,4940
,SC,4941
,SC,4942
,SC,4943
,SC,4944
,SC,4945
,SC,4946
,SC,4947
,SC,4948
,SC,4949
,SC,4950
,SC,4951
,SC,4952
,SC,4953
,SC,4954
,SC,4955
,SC,4956
,SC,4957
,SC,4957
,SC,4959
,SC,4960
,SC,4961
,SC,4962
,SC,4963
,SC,4964
,SC,4965
,SC,4966
,SC,4967
,SC,4968
,SC,4969
,SC,4970
,SC,4971
,SC,4972
,SC,4973
,SC,4974
,SC,4975
,SC,4976
,SC,4977
,SC,4978
,SC,4979
,SC,4980
,SC,4981
,SC,4982
,SC,4983
,SC,4984
,SC,4985
,SC,4986
,SC,4987
,SC,4988
,SC,4989
,SC,4990
,SC,4991
,SC,4992
,SC,4993
,SC,4994
,SC,4995
,SC,4996
,SC,4997
,SC,4998
,SC,4999
,SC,5000
,SC,5001
,SC,5002
,SC,5003
,SC,5004
,ST,69
,ST,221
,ST,231
,ST,293
,ST,298
,ST,299
,ST,300
,ST,301
,ST,302
,ST,303
,ST,304
,ST,305
,ST,306
,ST,307
,ST,308
,ST,309
,ST,310
,ST,311
,ST,312
,ST,313
,ST,314
,ST,315
,ST,316
,ST,317
,ST,318
,ST,319
,ST,320
,ST,321
,ST,322
,ST,323
,ST,324
,ST,325
,ST,326
,ST,327
,ST,328
,ST,329
,ST,330
,ST,331
,ST,332
,ST,333
,ST,334
,ST,335
,ST,336
,ST,337
,ST,338
,ST,339
,ST,340
,ST,341
,ST,342
,ST,343
,ST,344
,ST,345
,ST,346
,ST,347
,ST,348
,ST,349
,ST,350
,ST,351
,ST,352
,ST,353
,ST,354
,ST,355
,ST,356
,ST,357
,ST,358
,ST,359
,ST,360
,ST,361
,ST,362
,ST,363
,ST,364
,ST,365
,ST,366
,ST,367
,ST,368
,ST,369
,ST,370
,ST,371
,ST,372
,ST,373
,ST,374
,ST,375
,ST,376
,ST,377
,ST,378
,ST,379
,ST,380
,ST,381
,ST,382
,ST,383
,ST,384
,ST,385
,ST,386
,ST,387
,ST,388
,ST,389
,ST,390
,ST,391
,ST,392
,ST,393
,ST,394
,ST,395
,ST,396
,ST,397
,ST,398
,ST,399
,ST,400
,ST,401
,ST,402
,ST,403
,ST,404
,ST,405
,ST,406
,ST,407
,ST,408
,ST,409
,ST,410
,ST,411
,ST,412
,ST,413
,ST,414
,ST,415
,ST,416
,ST,417
,ST,418
,ST,419
,ST,420
,ST,421
,ST,422
,ST,423
,ST,424
,ST,425
,ST,426
,ST,427
,ST,428
,ST,429
,ST,430
,ST,431
,ST,432
,ST,433
,ST,434
,ST,435
,ST,436
,ST,437
,ST,438
,ST,439
,ST,440
,ST,441
,ST,442
,ST,443
,ST,444
,ST,445
,ST,446
,ST,447
,ST,448
,ST,449
,ST,450
,ST,451
,ST,452
,ST,453
,ST,454
,ST,455
,ST,456
,ST,457
,ST,458
,ST,459
,ST,460
,ST,461
,ST,462
,ST,463
,ST,464
,ST,465
,ST,466
,ST,467
,ST,468
,ST,469
,ST,470
,ST,471
,ST,472
,ST,473
,ST,474
,ST,475
,ST,476
,ST,477
,ST,478
,ST,479
,ST,480
,ST,481
,ST,482
,ST,483
,ST,484
,ST,485
,ST,486
,ST,487
,ST,488
,ST,489
,ST,490
,ST,491
,ST,492
,ST,493
,ST,494
,ST,495
,ST,496
,ST,497
,ST,498
,ST,499
,ST,500
,ST,501
,ST,502
,ST,503
,ST,504
,ST,505
,ST,506
,ST,507
,ST,508
,ST,509
,ST,510
,ST,511
,ST,512
,ST,513
,ST,514
,ST,515
,ST,516
,ST,517
,ST,518
,ST,519
,ST,520
,ST,521
,ST,522
,ST,523
,ST,524
,ST,525
,ST,526
,ST,527
,ST,528
,ST,529
,ST,530
,ST,531
,ST,532
,ST,533
,ST,534
,ST,535
,ST,536
,ST,537
,ST,538
,ST,539
,ST,540
,ST,541
,ST,542
,ST,543
,ST,544
,ST,545
,ST,546
,ST,547
,ST,548
,ST,549
,ST,550
,ST,551
,ST,552
,ST,553
,ST,554
,ST,555
,ST,556
,ST,557
,ST,558
,ST,559
,ST,560
,ST,561
,ST,562
,ST,563
,ST,564
,ST,565
,ST,566
,ST,567
,ST,568
,ST,569
,ST,570
,ST,571
,ST,572
,ST,573
,ST,574
,ST,575
,ST,576
,ST,577
,ST,578
,ST,579
,ST,580
,ST,581
,ST,582
,ST,583
,ST,584
,ST,585
,ST,586
,ST,587
,ST,588
,ST,589
,ST,590
,ST,591
,ST,592
,ST,593
,ST,594
,ST,595
,ST,596
,ST,597
,ST,598
,ST,599
,ST,600
,ST,601
,ST,602
,ST,603
,ST,604
,ST,605
,ST,606
,ST,607
,ST,608
,ST,609
,ST,610
,ST,611
,ST,612
,ST,613
,ST,614
,ST,615
,ST,616
,ST,617
,ST,618
,ST,619
,ST,620
,ST,621
,ST,622
,ST,623
,ST,624
,ST,625
,ST,626
,ST,627
,ST,628
,ST,629
,ST,630
,ST,631
,ST,632
,ST,633
,ST,634
,ST,635
,ST,636
,ST,637
,ST,638
,ST,639
,ST,640
,ST,641
,ST,642
,ST,643
,ST,644
,ST,645
,ST,646
,ST,647
,ST,648
,ST,649
,ST,650
,ST,651
,ST,652
,ST,653
,ST,654
,ST,655
,ST,656
,ST,657
,ST,658
,ST,659
,ST,660
,ST,661
,ST,662
,ST,663
,ST,664
,ST,665
,ST,666
,ST,667
,ST,668
,ST,669
,ST,670
,ST,670
,ST,672
,ST,673
,ST,674
,ST,675
,ST,676
,ST,677
,ST,678
,ST,679
,ST,680
,ST,681
,ST,682
,ST,683
,ST,684
,ST,685
,ST,686
,ST,687
,ST,688
,ST,689
,ST,690
,ST,691
,ST,692
,ST,693
,ST,694
,ST,695
,ST,696
,ST,697
,ST,698
,ST,699
,ST,700
,ST,701
,ST,702
,ST,703
,ST,704
,ST,705
,ST,706
,ST,707
,ST,708
,ST,709
,ST,710
,ST,711
,ST,712
,ST,713
,ST,714
,ST,715
,ST,716
,ST,717
,ST,718
,ST,719
,ST,720
,ST,721
,ST,722
,ST,723
,ST,724
,ST,725
,ST,726
,ST,727
,ST,728
,ST,729
,ST,730
,ST,731
,ST,732
,ST,733
,ST,734
,ST,735
,ST,736
,ST,737
,ST,738
,ST,739
,ST,739
,ST,741
,ST,742
,ST,743
,ST,744
,ST,745
,ST,746
,ST,747
,ST,748
,ST,749
,ST,750
,ST,751
,ST,752
,ST,753
,ST,754
,ST,755
,ST,756
,ST,757
,ST,758
,ST,759
,ST,760
,ST,761
,ST,762
,ST,763
,ST,764
,ST,765
,ST,766
,ST,767
,ST,768
,ST,769
,ST,770
,ST,771
,ST,772
,ST,773
,ST,774
,ST,775
,ST,776
,ST,777
,ST,778
,ST,779
,ST,780
,ST,781
,ST,782
,ST,783
,ST,784
,ST,785
,ST,786
,ST,787
,ST,788
,ST,789
,ST,790
,ST,791
,ST,792
,ST,793
,ST,794
,ST,795
,ST,796
,ST,797
,ST,798
,ST,799
,ST,800
,ST,801
,ST,802
,ST,803
,ST,804
,ST,805
,ST,806
,ST,807
,ST,808
,ST,809
,ST,810
,ST,811
,ST,812
,ST,813
,ST,814
,ST,815
,ST,816
,ST,817
,ST,818
,ST,819
,ST,820
,ST,821
,ST,822
,ST,823
,ST,824
,ST,825
,ST,826
,ST,827
,ST,828
,ST,829
,ST,830
,ST,831
,ST,832
,ST,833
,ST,834
,ST,835
,ST,836
,ST,837
,ST,838
,ST,839
,ST,840
,ST,841
,ST,842
,ST,843
,ST,844
,ST,845
,ST,846
,ST,847
,ST,848
,ST,849
,ST,850
,ST,851
,ST,852
,ST,853
,ST,854
,ST,855
,ST,856
,ST,857
,ST,858
,ST,859
,ST,860
,ST,861
,ST,862
,ST,863
,ST,864
,ST,865
,ST,866
,ST,867
,ST,868
,ST,869
,ST,870
,ST,871
,ST,872
,ST,873
,ST,874
,ST,875
,ST,876
,ST,877
,ST,878
,ST,879
,ST,880
,ST,881
,ST,882
,ST,883
,ST,884
,ST,885
,ST,886
,ST,887
,ST,888
,ST,889
,ST,890
,ST,891
,ST,892
,ST,893
,ST,894
,ST,895
,ST,896
,ST,897
,ST,898
,ST,899
,ST,900
,ST,901
,ST,902
,ST,903
,ST,904
,ST,905
,ST,906
,ST,907
,ST,908
,ST,909
,ST,910
,ST,911
,ST,912
,ST,913
,ST,914
,ST,915
,ST,916
,ST,917
,ST,918
,ST,919
,ST,920
,ST,921
,ST,922
,ST,923
,ST,924
,ST,925
,ST,926
,ST,927
,ST,928
,ST,929
,ST,930
,ST,931
,ST,932
,ST,933
,ST,934
,ST,935
,ST,936
,ST,937
,ST,938
,ST,939
,ST,940
,ST,941
,ST,942
,ST,943
,ST,944
,ST,945
,ST,946
,ST,947
,ST,948
,ST,949
,ST,950
,ST,951
,ST,952
,ST,953
,ST,954
,ST,955
,ST,956
,ST,957
,ST,958
,ST,959
,ST,960
,ST,961
,ST,962
,ST,963
,ST,964
,ST,965
,ST,966
,ST,967
,ST,968
,ST,969
,ST,970
,ST,971
,ST,972
,ST,973
,ST,974
,ST,975
,ST,976
,ST,977
,ST,978
,ST,979
,ST,980
,ST,981
,ST,982
,ST,983
,ST,984
,ST,985
,ST,986
,ST,987
,ST,988
,ST,989
,ST,990
,ST,991
,ST,992
,ST,993
,ST,994
,ST,995
,ST,996
,ST,997
,ST,998
,ST,999
,ST,1000
,ST,1001
,ST,1002
,ST,1003
,ST,1004
,ST,1005
,ST,1006
,ST,1007
,ST,1008
,ST,1009
,ST,1010
,ST,1011
,ST,1012
,ST,1013
,ST,1014
,ST,1015
,ST,1016
,ST,1017
,ST,1018
,ST,1019
,ST,1020
,ST,1021
,ST,1022
,ST,1023
,ST,1024
,ST,1025
,ST,1026
,ST,1027
,ST,1028
,ST,1029
,ST,1030
,ST,1031
,ST,1032
,ST,1033
,ST,1034
,ST,1035
,ST,1036
,ST,1037
,ST,1038
,ST,1039
,ST,1040
,ST,1041
,ST,1042
,ST,1043
,ST,1044
,ST,1045
,ST,1046
,ST,1047
,ST,1048
,ST,1049
,ST,1050
,ST,1051
,ST,1052
,ST,1053
,ST,1054
,ST,1055
,ST,1056
,ST,1057
,ST,1058
,ST,1059
,ST,1060
,ST,1061
,ST,1062
,ST,1063
,ST,1064
,ST,1065
,ST,1066
,ST,1067
,ST,1068
,ST,1069
,ST,1070
,ST,1071
,ST,1072
,ST,1073
,ST,1074
,ST,1075
,ST,1076
,ST,1077
,ST,1078
,ST,1079
,ST,1080
,ST,1081
,ST,1082
,ST,1083
,ST,1084
,ST,1085
,ST,1086
,ST,1087
,ST,1088
,ST,1089
,ST,1090
,ST,1091
,ST,1092
,ST,1093
,ST,1094
,ST,1095
,ST,1096
,ST,1097
,ST,1098
,ST,1099
,ST,1100
,ST,1101
,ST,1102
,ST,1103
,ST,1104
,ST,1105
,ST,1106
,ST,1107
,ST,1108
,ST,1109
,ST,1110
,ST,1111
,ST,1112
,ST,1113
,ST,1114
,ST,1115
,ST,1116
,ST,1117
,ST,1118
,ST,1119
,ST,1120
,ST,1121
,ST,1122
,ST,1123
,ST,1124
,ST,1125
,ST,1126
,ST,1127
,ST,1128
,ST,1129
,ST,1130
,ST,1131
,ST,1132
,ST,1133
,ST,1134
,ST,1135
,ST,1136
,ST,1137
,ST,1138
,ST,1139
,ST,1140
,ST,1141
,ST,1142
,ST,1143
,ST,1144
,ST,1145
,ST,1146
,ST,1147
,ST,1148
,ST,1149
,ST,1150
,ST,1151
,ST,1152
,ST,1153
,ST,1154
,ST,1155
,ST,1156
,ST,1157
,ST,1158
,ST,1159
,ST,1160
,ST,1161
,ST,1162
,ST,1163
,ST,1164
,ST,1165
,ST,1166
,ST,1167
,ST,1168
,ST,1169
,ST,1170
,ST,1171
,ST,1172
,ST,1173
,ST,1174
,ST,1175
,ST,1176
,ST,1177
,ST,1178
,ST,1179
,ST,1180
,ST,1181
,ST,1182
,ST,1183
,ST,1184
,ST,1185
,ST,1186
,ST,1187
,ST,1188
,ST,1189
,ST,1190
,ST,1191
,ST,1192
,ST,1193
,ST,1194
,ST,1195
,ST,1196
,ST,1197
,ST,1198
,ST,1199
,ST,1200
,ST,1201
,ST,1202
,ST,1203
,ST,1204
,ST,1205
,ST,1206
,ST,1207
,ST,1208
,ST,1209
,ST,1210
,ST,1211
,ST,1212
,ST,1213
,ST,1214
,ST,1215
,ST,1216
,ST,1217
,ST,1218
,ST,1219
,ST,1220
,ST,1221
,ST,1222
,ST,1223
,ST,1224
,ST,1225
,ST,1226
,ST,1227
,ST,1228
,ST,1229
,ST,1230
,ST,1231
,ST,1232
,ST,1233
,ST,1234
,ST,1235
,ST,1236
,ST,1237
,ST,1238
,ST,1239
,ST,1240
,ST,1241
,ST,1242
,ST,1243
,ST,1244
,ST,1245
,ST,1246
,ST,1247
,ST,1248
,ST,1249
,ST,1250
,ST,1251
,ST,1252
,ST,1253
,ST,1254
,ST,1255
,ST,1256
,ST,1257
,ST,1258
,ST,1259
,ST,1260
,ST,1261
,ST,1262
,ST,1263
,ST,1264
,ST,1265
,ST,1266
,ST,1267
,ST,1268
,ST,1269
,ST,1270
,ST,1271
,ST,1272
,ST,1273
,ST,1274
,ST,1275
,ST,1276
,ST,1277
,ST,1278
,ST,1279
,ST,1280
,ST,1281
,ST,1282
,ST,1283
,ST,1284
,ST,1285
,ST,1286
,ST,1287
,ST,1288
,ST,1289
,ST,1290
,ST,1291
,ST,1292
,ST,1293
,ST,1294
,ST,1295
,ST,1296
,ST,1297
,ST,1298
,ST,1299
,ST,1300
,ST,1301
,ST,1302
,ST,1303
,ST,1304
,ST,1305
,ST,1306
,ST,1307
,ST,1308
,ST,1309
,ST,1310
,ST,1311
,ST,1312
,ST,1313
,ST,1314
,ST,1315
,ST,1316
,ST,1317
,ST,1318
,ST,1319
,ST,1320
,ST,1321
,ST,1322
,ST,1323
,ST,1324
,ST,1325
,ST,1326
,ST,1327
,ST,1328
,ST,1329
,ST,1330
,ST,1331
,ST,1332
,ST,1333
,ST,1334
,ST,1335
,ST,1336
,ST,1337
,ST,1338
,ST,1339
,ST,1340
,ST,1341
,ST,1342
,ST,1343
,ST,1344
,ST,1345
,ST,1346
,ST,1347
,ST,1348
,ST,1349
,ST,1350
,ST,1351
,ST,1352
,ST,1353
,ST,1354
,ST,1355
,ST,1356
,ST,1357
,ST,1358
,ST,1359
,ST,1360
,ST,1361
,ST,1362
,ST,1363
,ST,1364
,ST,1365
,ST,1366
,ST,1367
,ST,1368
,ST,1369
,ST,1370
,ST,1371
,ST,1372
,ST,1372
,ST,1374
,ST,1375
,ST,1376
,ST,1377
,ST,1378
,ST,1379
,ST,1380
,ST,1381
,ST,1382
,ST,1383
,ST,1384
,ST,1385
,ST,1386
,ST,1387
,ST,1388
,ST,1389
,ST,1390
,ST,1391
,ST,1392
,ST,1393
,ST,1394
,ST,1395
,ST,1396
,ST,1397
,ST,1398
,ST,1399
,ST,1400
,ST,1401
,ST,1402
,ST,1403
,ST,1404
,ST,1405
,ST,1406
,ST,1407
,ST,1408
,ST,1409
,ST,1410
,ST,1411
,ST,1412
,ST,1413
,ST,1414
,ST,1415
,ST,1416
,ST,1417
,ST,1418
,ST,1419
,ST,1420
,ST,1421
,ST,1422
,ST,1423
,ST,1424
,ST,1425
,ST,1426
,ST,1427
,ST,1428
,ST,1429
,ST,1430
,ST,1431
,ST,1432
,ST,1433
,ST,1433
,ST,1435
,ST,1436
,ST,1437
,ST,1438
,ST,1439
,ST,1440
,ST,1441
,ST,1442
,ST,1443
,ST,1444
,ST,1445
,ST,1446
,ST,1447
,ST,1448
,ST,1449
,ST,1450
,ST,1451
,ST,1452
,ST,1453
,ST,1454
,ST,1455
,ST,1456
,ST,1457
,ST,1458
,ST,1459
,ST,1460
,ST,1461
,ST,1462
,ST,1463
,ST,1464
,ST,1465
,ST,1466
,ST,1467
,ST,1468
,ST,1469
,ST,1470
,ST,1471
,ST,1472
,ST,1473
,ST,1474
,ST,1475
,ST,1476
,ST,1477
,ST,1478
,ST,1479
,ST,1480
,ST,1481
,ST,1482
,ST,1483
,ST,1484
,ST,1485
,ST,1486
,ST,1487
,ST,1488
,ST,1489
,ST,1490
,ST,1491
,ST,1492
,ST,1493
,ST,1494
,ST,1495
,ST,1496
,ST,1497
,ST,1498
,ST,1499
,ST,1500
,ST,1501
,ST,1502
,ST,1503
,ST,1504
,ST,1505
,ST,1506
,ST,1507
,ST,1508
,ST,1509
,ST,1510
,ST,1511
,ST,1512
,ST,1513
,ST,1514
,ST,1515
,ST,1516
,ST,1517
,ST,1518
,ST,1519
,ST,1520
,ST,1521
,ST,1522
,ST,1523
,ST,1524
,ST,1525
,ST,1526
,ST,1527
,ST,1528
,ST,1529
,ST,1530
,ST,1531
,ST,1532
,ST,1533
,ST,1534
,ST,1535
,ST,1536
,ST,1537
,ST,1538
,ST,1539
,ST,1540
,ST,1541
,ST,1542
,ST,1543
,ST,1544
,ST,1545
,ST,1546
,ST,1547
,ST,1548
,ST,1549
,ST,1550
,ST,1551
,ST,1552
,ST,1553
,ST,1554
,ST,1555
,ST,1556
,ST,1557
,ST,1558
,ST,1559
,ST,1560
,ST,1561
,ST,1562
,ST,1563
,ST,1564
,ST,1565
,ST,1566
,ST,1567
,ST,1568
,ST,1569
,ST,1570
,ST,1571
,ST,1572
,ST,1573
,ST,1574
,ST,1575
,ST,1576
,ST,1577
,ST,1578
,ST,1579
,ST,1580
,ST,1581
,ST,1582
,ST,1583
,ST,1584
,ST,1585
,ST,1586
,ST,1587
,ST,1588
,ST,1589
,ST,1590
,ST,1591
,ST,1592
,ST,1593
,ST,1594
,ST,1595
,ST,1596
,ST,1597
,ST,1598
,ST,1599
,ST,1600
,ST,1601
,ST,1602
,ST,1603
,ST,1604
,ST,1605
,ST,1606
,ST,1607
,ST,1608
,ST,1609
,ST,1610
,ST,1611
,ST,1612
,ST,1613
,ST,1614
,ST,1615
,ST,1616
,ST,1617
,ST,1618
,ST,1619
,ST,1620
,ST,1621
,ST,1622
,ST,1623
,ST,1624
,ST,1625
,ST,1626
,ST,1627
,ST,1628
,ST,1629
,ST,1630
,ST,1631
,ST,1632
,ST,1633
,ST,1634
,ST,1635
,ST,1636
,ST,1637
,ST,1638
,ST,1639
,ST,1640
,ST,1641
,ST,1642
,ST,1643
,ST,1644
,ST,1645
